step,vehicle_id,x,y,speed,accel,angle,edge_id,n_neighbors,min_rsu_dist,mean_rsu_dist,is_sybil,attacker_id
0,legit_0,787.7,601.6,0.0,0.0,270.0,E3D3,0,37.73,474.54,0,-1
1,legit_0,785.97,601.6,1.7275,1.7275,270.0,E3D3,0,36.01,474.0,0,-1
2,legit_0,782.74,601.6,3.2319,1.5044,270.0,E3D3,0,32.78,473.0,0,-1
3,legit_0,776.92,601.6,5.8221,2.5902,270.0,E3D3,0,26.97,471.22,0,-1
3,sybil_8,750.0,200.0,2.158,0.0,90.0,E0F0,0,80.0,581.19,1,2
4,legit_0,768.7,601.6,8.2186,2.3965,270.0,E3D3,0,18.77,468.78,0,-1
4,sybil_0,830.0,840.0,0.0,0.0,270.0,E4D4,0,80.0,529.96,1,0
4,sybil_8,750.0,200.0,2.8813,0.7234,90.0,E0F0,0,80.0,581.19,1,2
5,legit_0,758.19,601.6,10.5081,2.2895,270.0,E3D3,0,8.35,465.77,0,-1
5,sybil_0,830.0,840.0,16.8319,16.8319,270.0,E4D4,0,80.0,529.96,1,0
5,sybil_8,750.0,200.0,10.2501,7.3688,90.0,E0F0,0,80.0,581.19,1,2
6,legit_0,745.27,601.6,12.9264,2.4183,270.0,E3D3,0,5.0,462.72,0,-1
6,legit_1,-1.6,787.7,0.0,0.0,180.0,A4A3,0,160.37,728.86,0,-1
6,sybil_0,830.0,840.0,10.2078,-6.6241,270.0,E4D4,0,80.0,529.96,1,0
6,sybil_8,750.0,200.0,0.0,-10.2501,90.0,E0F0,1,80.0,581.19,1,2
6,sybil_9,830.0,120.0,0.0,0.0,90.0,E0F0,1,80.0,650.36,1,3
7,legit_0,731.93,601.6,13.3319,0.4055,270.0,E3D3,0,18.14,460.61,0,-1
7,legit_1,-1.6,786.34,1.3556,1.3556,180.0,A4A3,0,160.82,728.56,0,-1
7,sybil_0,830.0,840.0,12.414,2.2062,270.0,E4D4,0,80.0,529.96,1,0
7,sybil_1,670.0,840.0,8.9422,0.0,270.0,E4D4,0,80.0,495.78,1,0
7,sybil_8,750.0,200.0,0.0,0.0,90.0,E0F0,1,80.0,581.19,1,2
7,sybil_9,830.0,120.0,1.9268,1.9268,90.0,E0F0,1,80.0,650.36,1,3
8,legit_0,718.68,601.6,13.2522,-0.0797,270.0,E3D3,0,31.36,458.72,0,-1
8,legit_1,-1.6,783.48,2.8619,1.5063,180.0,A4A3,0,161.79,727.93,0,-1
8,sybil_0,830.0,840.0,27.094,14.68,270.0,E4D4,0,80.0,529.96,1,0
8,sybil_1,670.0,840.0,4.9993,-3.9429,270.0,E4D4,0,80.0,495.78,1,0
8,sybil_10,670.0,120.0,6.8442,0.0,90.0,E0F0,1,80.0,619.36,1,3
8,sybil_8,750.0,200.0,22.5143,22.5143,90.0,E0F0,2,80.0,581.19,1,2
8,sybil_9,830.0,120.0,0.0,-1.9268,90.0,E0F0,1,80.0,650.36,1,3
9,legit_0,705.36,601.6,13.325,0.0728,270.0,E3D3,0,44.67,457.03,0,-1
9,legit_1,-1.6,779.16,4.3199,1.4581,180.0,A4A3,0,163.35,727.0,0,-1
9,sybil_0,830.0,840.0,8.7956,-18.2984,270.0,E4D4,0,80.0,529.96,1,0
9,sybil_1,670.0,840.0,6.7915,1.7922,270.0,E4D4,0,80.0,495.78,1,0
9,sybil_10,670.0,120.0,7.2365,0.3923,90.0,E0F0,1,80.0,619.36,1,3
9,sybil_8,750.0,200.0,23.3279,0.8135,90.0,E0F0,2,80.0,581.19,1,2
9,sybil_9,830.0,120.0,13.1049,13.1049,90.0,E0F0,1,80.0,650.36,1,3
10,legit_0,692.21,601.6,13.1439,-0.181,270.0,E3D3,0,57.81,455.56,0,-1
10,legit_1,-1.6,772.29,6.871,2.551,180.0,A4A3,0,166.03,725.56,0,-1
10,sybil_0,830.0,840.0,5.5161,-3.2794,270.0,E4D4,1,80.0,529.96,1,0
10,sybil_1,670.0,840.0,5.0052,-1.7863,270.0,E4D4,1,80.0,495.78,1,0
10,sybil_10,670.0,120.0,3.3711,-3.8654,90.0,E0F0,1,80.0,619.36,1,3
10,sybil_2,750.0,920.0,3.0689,0.0,270.0,E4D4,2,80.0,540.23,1,0
10,sybil_8,750.0,200.0,15.897,-7.4309,90.0,E0F0,2,80.0,581.19,1,2
10,sybil_9,830.0,120.0,18.0498,4.9449,90.0,E0F0,1,80.0,650.36,1,3
11,legit_0,678.95,601.6,13.2613,0.1174,270.0,E3D3,0,71.07,454.28,0,-1
11,legit_1,-1.6,763.36,8.9284,2.0574,180.0,A4A3,0,169.87,723.78,0,-1
11,sybil_0,830.0,840.0,0.0249,-5.4913,270.0,E4D4,1,80.0,529.96,1,0
11,sybil_1,670.0,840.0,12.8313,7.8261,270.0,E4D4,1,80.0,495.78,1,0
11,sybil_10,670.0,120.0,17.2381,13.8669,90.0,E0F0,1,80.0,619.36,1,3
11,sybil_2,750.0,920.0,8.5624,5.4935,270.0,E4D4,2,80.0,540.23,1,0
11,sybil_8,750.0,200.0,25.7911,9.8942,90.0,E0F0,2,80.0,581.19,1,2
11,sybil_9,830.0,120.0,8.482,-9.5678,90.0,E0F0,1,80.0,650.36,1,3
12,legit_0,665.88,601.6,13.0717,-0.1896,270.0,E3D3,0,84.14,453.21,0,-1
12,legit_1,-1.6,752.02,11.3438,2.4154,180.0,A4A3,0,175.28,721.65,0,-1
12,legit_2,412.3,798.4,0.0,0.0,90.0,C4D4,0,56.14,503.55,0,-1
12,sybil_0,830.0,840.0,10.5714,10.5465,270.0,E4D4,1,80.0,529.96,1,0
12,sybil_1,670.0,840.0,0.0,-12.8313,270.0,E4D4,1,80.0,495.78,1,0
12,sybil_10,670.0,120.0,13.2495,-3.9886,90.0,E0F0,2,80.0,619.36,1,3
12,sybil_11,750.0,200.0,4.9976,0.0,90.0,E0F0,3,80.0,581.19,1,3
12,sybil_2,750.0,920.0,16.0356,7.4732,270.0,E4D4,2,80.0,540.23,1,0
12,sybil_8,750.0,200.0,19.143,-6.6482,90.0,E0F0,3,80.0,581.19,1,2
12,sybil_9,830.0,120.0,8.3454,-0.1366,90.0,E0F0,2,80.0,650.36,1,3
13,legit_0,652.26,601.6,13.6165,0.5448,270.0,E3D3,0,97.75,452.31,0,-1
13,legit_1,-1.6,739.05,12.965,1.6213,180.0,A4A3,0,182.13,719.39,0,-1
13,legit_2,413.74,798.4,1.4417,1.4417,90.0,C4D4,0,55.18,503.13,0,-1
13,sybil_0,830.0,840.0,10.1454,-0.426,270.0,E4D4,2,80.0,529.96,1,0
13,sybil_1,670.0,840.0,0.0,0.0,270.0,E4D4,1,80.0,495.78,1,0
13,sybil_10,670.0,120.0,12.5958,-0.6536,90.0,E0F0,2,80.0,619.36,1,3
13,sybil_11,750.0,200.0,0.0,-4.9976,90.0,E0F0,3,80.0,581.19,1,3
13,sybil_2,750.0,920.0,4.6939,-11.3416,270.0,E4D4,3,80.0,540.23,1,0
13,sybil_3,830.0,840.0,2.514,0.0,270.0,E4D4,2,80.0,529.96,1,1
13,sybil_8,750.0,200.0,11.4902,-7.6528,90.0,E0F0,3,80.0,581.19,1,2
13,sybil_9,830.0,120.0,25.3036,16.9582,90.0,E0F0,2,80.0,650.36,1,3
14,legit_0,639.0,601.6,13.2642,-0.3523,270.0,E3D3,0,111.01,451.63,0,-1
14,legit_1,-1.6,726.15,12.9038,-0.0612,180.0,A4A3,0,189.59,717.34,0,-1
14,legit_2,416.86,798.4,3.1154,1.6738,90.0,C4D4,0,53.19,502.23,0,-1
14,sybil_0,830.0,840.0,0.0,-10.1454,270.0,E4D4,2,80.0,529.96,1,0
14,sybil_1,670.0,840.0,13.4738,13.4738,270.0,E4D4,1,80.0,495.78,1,0
14,sybil_10,670.0,120.0,0.0,-12.5958,90.0,E0F0,1,80.0,619.36,1,3
14,sybil_11,750.0,200.0,0.0,0.0,90.0,E0F0,3,80.0,581.19,1,3
14,sybil_12,830.0,120.0,0.0,0.0,90.0,E0F0,2,80.0,650.36,1,4
14,sybil_2,750.0,920.0,0.0,-4.6939,270.0,E4D4,3,80.0,540.23,1,0
14,sybil_3,830.0,840.0,3.8273,1.3132,270.0,E4D4,2,80.0,529.96,1,1
14,sybil_8,1050.0,200.0,13.4099,1.9197,90.0,E0F0,0,80.0,700.12,1,2
14,sybil_9,830.0,120.0,5.2068,-20.0968,90.0,E0F0,2,80.0,650.36,1,3
15,legit_0,625.42,601.6,13.5763,0.3121,270.0,E3D3,0,124.59,451.14,0,-1
15,legit_1,-1.6,714.17,11.9792,-0.9247,180.0,A4A3,0,189.78,715.61,0,-1
15,legit_2,422.51,798.4,5.6563,2.5409,90.0,C4D4,0,49.86,500.65,0,-1
15,sybil_0,830.0,840.0,13.217,13.217,270.0,E4D4,2,80.0,529.96,1,0
15,sybil_1,670.0,840.0,12.1344,-1.3394,270.0,E4D4,1,80.0,495.78,1,0
15,sybil_10,670.0,120.0,9.6807,9.6807,90.0,E0F0,1,80.0,619.36,1,3
15,sybil_11,750.0,200.0,6.6887,6.6887,90.0,E0F0,3,80.0,581.19,1,3
15,sybil_12,830.0,120.0,0.0,0.0,90.0,E0F0,2,80.0,650.36,1,4
15,sybil_2,750.0,920.0,28.6666,28.6666,270.0,E4D4,3,80.0,540.23,1,0
15,sybil_3,830.0,840.0,20.9038,17.0765,270.0,E4D4,2,80.0,529.96,1,1
15,sybil_8,1050.0,200.0,28.3327,14.9228,90.0,E0F0,0,80.0,700.12,1,2
15,sybil_9,830.0,120.0,23.9098,18.703,90.0,E0F0,2,80.0,650.36,1,3
16,legit_0,615.08,601.6,10.3442,-3.2321,270.0,E3D3,0,134.93,450.9,0,-1
16,legit_1,-1.6,701.64,12.5337,0.5546,180.0,A4A3,0,182.52,713.98,0,-1
16,legit_2,430.13,798.4,7.6174,1.9611,90.0,C4D4,0,46.1,498.61,0,-1
16,sybil_0,830.0,840.0,4.0638,-9.1532,270.0,E4D4,2,80.0,529.96,1,0
16,sybil_1,670.0,840.0,22.2717,10.1373,270.0,E4D4,2,80.0,495.78,1,0
16,sybil_10,670.0,120.0,16.2012,6.5206,90.0,E0F0,1,80.0,619.36,1,3
16,sybil_11,750.0,200.0,7.5938,0.9052,90.0,E0F0,3,80.0,581.19,1,3
16,sybil_12,830.0,120.0,1.4898,1.4898,90.0,E0F0,2,80.0,650.36,1,4
16,sybil_2,750.0,920.0,11.013,-17.6536,270.0,E4D4,4,80.0,540.23,1,0
16,sybil_3,830.0,840.0,8.6786,-12.2252,270.0,E4D4,2,80.0,529.96,1,1
16,sybil_4,670.0,840.0,9.8522,0.0,270.0,E4D4,2,80.0,495.78,1,1
16,sybil_8,1050.0,200.0,0.0,-28.3327,90.0,E0F0,0,80.0,700.12,1,2
16,sybil_9,830.0,120.0,24.7716,0.8617,90.0,E0F0,2,80.0,650.36,1,3
17,legit_0,609.23,601.6,5.8442,-4.5,270.0,E3D3,0,140.78,450.82,0,-1
17,legit_1,-1.6,688.99,12.6463,0.1126,180.0,A4A3,0,175.79,712.51,0,-1
17,legit_2,439.58,798.4,9.4505,1.8331,90.0,C4D4,0,42.88,496.24,0,-1
17,sybil_0,830.0,840.0,5.562,1.4982,270.0,E4D4,2,80.0,529.96,1,0
17,sybil_1,670.0,840.0,9.4839,-12.7878,270.0,E4D4,2,80.0,495.78,1,0
17,sybil_10,670.0,120.0,11.4553,-4.7459,90.0,E0F0,2,80.0,619.36,1,3
17,sybil_11,750.0,200.0,0.0,-7.5938,90.0,E0F0,4,80.0,581.19,1,3
17,sybil_12,830.0,120.0,8.9006,7.4108,90.0,E0F0,2,80.0,650.36,1,4
17,sybil_13,670.0,120.0,0.0699,0.0,90.0,E0F0,2,80.0,619.36,1,4
17,sybil_2,750.0,920.0,11.9706,0.9576,270.0,E4D4,4,80.0,540.23,1,0
17,sybil_3,830.0,840.0,11.2089,2.5303,270.0,E4D4,2,80.0,529.96,1,1
17,sybil_4,670.0,840.0,2.4244,-7.4278,270.0,E4D4,2,80.0,495.78,1,1
17,sybil_8,1050.0,200.0,16.3739,16.3739,90.0,E0F0,0,80.0,700.12,1,2
17,sybil_9,830.0,120.0,11.9217,-12.8499,90.0,E0F0,2,80.0,650.36,1,3
18,legit_0,602.93,603.11,6.6792,0.835,288.11,:D3_4,0,147.1,450.78,0,-1
18,legit_1,-1.6,675.95,13.0374,0.391,180.0,A4A3,0,169.56,711.2,0,-1
18,legit_2,451.58,798.4,11.9938,2.5433,90.0,C4D4,0,41.63,493.53,0,-1
18,legit_3,1001.6,812.3,0.0,0.0,0.0,F4F5,0,55.77,596.87,0,-1
18,sybil_0,830.0,840.0,3.9355,-1.6265,270.0,E4D4,2,80.0,529.96,1,0
18,sybil_1,670.0,840.0,18.0189,8.5351,270.0,E4D4,2,80.0,495.78,1,0
18,sybil_10,670.0,120.0,16.3946,4.9393,90.0,E0F0,2,80.0,619.36,1,3
18,sybil_11,750.0,200.0,9.7246,9.7246,90.0,E0F0,4,80.0,581.19,1,3
18,sybil_12,830.0,120.0,8.1036,-0.797,90.0,E0F0,2,80.0,650.36,1,4
18,sybil_13,670.0,120.0,15.5732,15.5033,90.0,E0F0,2,80.0,619.36,1,4
18,sybil_2,750.0,920.0,16.8512,4.8806,270.0,E4D4,4,80.0,540.23,1,0
18,sybil_3,830.0,840.0,12.3327,1.1238,270.0,E4D4,2,80.0,529.96,1,1
18,sybil_4,670.0,840.0,24.2857,21.8613,270.0,E4D4,2,80.0,495.78,1,1
18,sybil_8,1050.0,200.0,15.2029,-1.171,90.0,E0F0,0,80.0,700.12,1,2
18,sybil_9,830.0,120.0,14.0831,2.1614,90.0,E0F0,2,80.0,650.36,1,3
19,legit_0,601.6,608.87,6.0545,-0.6247,350.75,D3D4,0,148.66,450.84,0,-1
19,legit_1,-1.6,663.71,12.2446,-0.7928,180.0,A4A3,0,164.44,710.15,0,-1
19,legit_2,463.61,798.4,12.0379,0.0441,90.0,C4D4,0,43.77,491.14,0,-1
19,legit_3,1001.6,813.85,1.5497,1.5497,0.0,F4F5,0,55.01,597.29,0,-1
19,sybil_0,830.0,840.0,20.5733,16.6377,270.0,E4D4,3,80.0,529.96,1,0
19,sybil_1,670.0,840.0,0.0,-18.0189,270.0,E4D4,3,80.0,495.78,1,0
19,sybil_10,970.0,120.0,29.2059,12.8113,90.0,E0F0,3,80.0,703.87,1,3
19,sybil_11,1050.0,200.0,10.2098,0.4852,90.0,E0F0,3,80.0,700.12,1,3
19,sybil_12,830.0,120.0,0.0,-8.1036,90.0,E0F0,1,80.0,650.36,1,4
19,sybil_13,670.0,120.0,0.0,-15.5732,90.0,E0F0,0,80.0,619.36,1,4
19,sybil_2,750.0,920.0,14.1773,-2.6739,270.0,E4D4,5,80.0,540.23,1,0
19,sybil_3,830.0,840.0,13.8,1.4673,270.0,E4D4,3,80.0,529.96,1,1
19,sybil_4,670.0,840.0,2.6834,-21.6023,270.0,E4D4,3,80.0,495.78,1,1
19,sybil_5,750.0,920.0,0.0,0.0,270.0,E4D4,5,80.0,540.23,1,1
19,sybil_8,1050.0,200.0,8.3268,-6.8761,90.0,E0F0,3,80.0,700.12,1,2
19,sybil_9,1130.0,120.0,12.4191,-1.664,90.0,E0F0,2,80.0,793.2,1,3
20,legit_0,601.6,616.3,7.4321,1.3775,0.0,D3D4,0,149.29,450.98,0,-1
20,legit_1,-1.6,650.96,12.7483,0.5037,180.0,A4A3,0,159.94,709.25,0,-1
20,legit_2,476.3,798.4,12.6824,0.6445,90.0,C4D4,0,49.21,488.96,0,-1
20,legit_3,1001.6,817.04,3.1938,1.6441,0.0,F4F5,0,53.57,598.17,0,-1
20,sybil_0,830.0,840.0,20.3723,-0.201,270.0,E4D4,3,80.0,529.96,1,0
20,sybil_1,670.0,840.0,16.4206,16.4206,270.0,E4D4,3,80.0,495.78,1,0
20,sybil_10,970.0,120.0,22.9225,-6.2834,90.0,E0F0,3,80.0,703.87,1,3
20,sybil_11,1050.0,200.0,15.1285,4.9187,90.0,E0F0,3,80.0,700.12,1,3
20,sybil_12,830.0,120.0,11.7023,11.7023,90.0,E0F0,2,80.0,650.36,1,4
20,sybil_13,670.0,120.0,8.3344,8.3344,90.0,E0F0,1,80.0,619.36,1,4
20,sybil_14,750.0,200.0,2.6945,0.0,90.0,E0F0,2,80.0,581.19,1,4
20,sybil_2,750.0,920.0,20.3496,6.1724,270.0,E4D4,5,80.0,540.23,1,0
20,sybil_3,830.0,840.0,6.4695,-7.3305,270.0,E4D4,3,80.0,529.96,1,1
20,sybil_4,670.0,840.0,1.2999,-1.3835,270.0,E4D4,3,80.0,495.78,1,1
20,sybil_5,750.0,920.0,0.0,0.0,270.0,E4D4,5,80.0,540.23,1,1
20,sybil_8,1050.0,200.0,22.7115,14.3847,90.0,E0F0,3,80.0,700.12,1,2
20,sybil_9,1130.0,120.0,30.1842,17.7652,90.0,E0F0,2,80.0,793.2,1,3
21,legit_0,601.6,626.25,9.9508,2.5187,0.0,D3D4,0,150.7,451.31,0,-1
21,legit_1,-1.6,638.41,12.556,-0.1922,180.0,A4A3,0,156.39,708.55,0,-1
21,legit_2,488.59,798.4,12.2953,-0.3871,90.0,C4D4,0,56.74,487.13,0,-1
21,legit_3,1001.6,822.11,5.0633,1.8695,0.0,F4F5,0,51.6,599.6,0,-1
21,sybil_0,830.0,840.0,4.3261,-16.0461,270.0,E4D4,3,80.0,529.96,1,0
21,sybil_1,670.0,840.0,18.14,1.7194,270.0,E4D4,3,80.0,495.78,1,0
21,sybil_10,970.0,120.0,1.3035,-21.6191,90.0,E0F0,3,80.0,703.87,1,3
21,sybil_11,1050.0,200.0,13.5445,-1.584,90.0,E0F0,3,80.0,700.12,1,3
21,sybil_12,830.0,120.0,11.0754,-0.6269,90.0,E0F0,2,80.0,650.36,1,4
21,sybil_13,670.0,120.0,2.9787,-5.3557,90.0,E0F0,1,80.0,619.36,1,4
21,sybil_14,750.0,200.0,5.359,2.6645,90.0,E0F0,2,80.0,581.19,1,4
21,sybil_2,750.0,920.0,5.8446,-14.505,270.0,E4D4,5,80.0,540.23,1,0
21,sybil_3,830.0,840.0,12.5675,6.098,270.0,E4D4,3,80.0,529.96,1,1
21,sybil_4,670.0,840.0,24.9597,23.6598,270.0,E4D4,3,80.0,495.78,1,1
21,sybil_5,750.0,920.0,14.9952,14.9952,270.0,E4D4,5,80.0,540.23,1,1
21,sybil_8,1050.0,200.0,0.0,-22.7115,90.0,E0F0,3,80.0,700.12,1,2
21,sybil_9,1130.0,120.0,5.2183,-24.9659,90.0,E0F0,2,80.0,793.2,1,3
22,legit_0,601.6,638.55,12.2996,2.3488,0.0,D3D4,0,153.33,451.93,0,-1
22,legit_1,-1.6,626.5,11.9091,-0.647,180.0,A4A3,0,153.9,708.07,0,-1
22,legit_2,500.63,798.4,12.0355,-0.2598,90.0,C4D4,0,65.53,485.58,0,-1
22,legit_3,1001.6,828.68,6.5768,1.5135,0.0,F4F5,0,49.71,601.53,0,-1
22,sybil_0,830.0,840.0,27.088,22.7618,270.0,E4D4,5,80.0,529.96,1,0
22,sybil_1,670.0,840.0,14.0367,-4.1033,270.0,E4D4,4,80.0,495.78,1,0
22,sybil_10,970.0,120.0,0.0,-1.3035,90.0,E0F0,2,80.0,703.87,1,3
22,sybil_11,1050.0,200.0,13.7867,0.2422,90.0,E0F0,2,80.0,700.12,1,3
22,sybil_12,830.0,120.0,0.0,-11.0754,90.0,E0F0,2,80.0,650.36,1,4
22,sybil_13,670.0,120.0,0.0,-2.9787,90.0,E0F0,1,80.0,619.36,1,4
22,sybil_14,750.0,200.0,4.9109,-0.4481,90.0,E0F0,2,80.0,581.19,1,4
22,sybil_2,750.0,920.0,15.3446,9.5,270.0,E4D4,7,80.0,540.23,1,0
22,sybil_3,830.0,840.0,3.8338,-8.7336,270.0,E4D4,5,80.0,529.96,1,1
22,sybil_4,670.0,840.0,2.8418,-22.1179,270.0,E4D4,4,80.0,495.78,1,1
22,sybil_5,750.0,920.0,5.1195,-9.8757,270.0,E4D4,7,80.0,540.23,1,1
22,sybil_6,830.0,840.0,5.2885,0.0,270.0,E4D4,5,80.0,529.96,1,2
22,sybil_8,750.0,920.0,0.0,0.0,70.97,:F0_1,7,80.0,540.23,1,2
22,sybil_9,1130.0,120.0,9.4138,4.1954,90.0,E0F0,1,80.0,793.2,1,3
23,legit_0,601.6,652.05,13.5017,1.2021,0.0,D3D4,0,157.26,452.88,0,-1
23,legit_1,-1.6,614.34,12.1608,0.2517,180.0,A4A3,0,152.28,707.76,0,-1
23,legit_2,513.62,798.4,12.9963,0.9608,90.0,C4D4,0,76.02,484.14,0,-1
23,legit_3,1001.6,837.31,8.6249,2.0481,0.0,F4F5,0,48.47,604.17,0,-1
23,sybil_0,830.0,840.0,0.0,-27.088,270.0,E4D4,5,80.0,529.96,1,0
23,sybil_1,670.0,840.0,10.1268,-3.9099,270.0,E4D4,4,80.0,495.78,1,0
23,sybil_10,970.0,120.0,7.152,7.152,90.0,E0F0,3,80.0,703.87,1,3
23,sybil_11,1050.0,200.0,23.8613,10.0746,90.0,E0F0,2,80.0,700.12,1,3
23,sybil_12,830.0,120.0,16.1866,16.1866,90.0,E0F0,3,80.0,650.36,1,4
23,sybil_13,670.0,120.0,16.5177,16.5177,90.0,E0F0,1,80.0,619.36,1,4
23,sybil_14,750.0,200.0,11.5769,6.666,90.0,E0F0,3,80.0,581.19,1,4
23,sybil_15,830.0,120.0,0.4995,0.0,90.0,E0F0,3,80.0,650.36,1,5
23,sybil_2,750.0,920.0,11.111,-4.2335,270.0,E4D4,7,80.0,540.23,1,0
23,sybil_3,830.0,840.0,21.935,18.1011,270.0,E4D4,5,80.0,529.96,1,1
23,sybil_4,670.0,840.0,6.7706,3.9288,270.0,E4D4,4,80.0,495.78,1,1
23,sybil_5,750.0,920.0,0.0,-5.1195,270.0,E4D4,7,80.0,540.23,1,1
23,sybil_6,830.0,840.0,0.0,-5.2885,270.0,E4D4,5,80.0,529.96,1,2
23,sybil_8,750.0,920.0,7.1964,7.1964,7.81,F0F1,7,80.0,540.23,1,2
23,sybil_9,1130.0,120.0,8.4228,-0.991,90.0,E0F0,1,80.0,793.2,1,3
24,legit_0,601.6,664.71,12.6575,-0.8442,0.0,D3D4,0,161.9,454.02,0,-1
24,legit_1,-1.6,601.52,12.8109,0.6502,180.0,:A3_0,0,151.61,707.63,0,-1
24,legit_2,525.75,798.4,12.1293,-0.8671,90.0,C4D4,0,86.42,483.0,0,-1
24,legit_3,1001.6,848.05,10.7395,2.1147,0.0,F4F5,0,49.06,607.67,0,-1
24,legit_4,598.4,987.7,0.0,0.0,180.0,D5D4,0,174.76,560.51,0,-1
24,sybil_0,830.0,840.0,1.5351,1.5351,270.0,E4D4,5,80.0,529.96,1,0
24,sybil_1,670.0,840.0,0.0,-10.1268,270.0,E4D4,4,80.0,495.78,1,0
24,sybil_10,970.0,120.0,4.3034,-2.8487,90.0,E0F0,3,80.0,703.87,1,3
24,sybil_11,1050.0,200.0,1.5513,-22.31,90.0,E0F0,2,80.0,700.12,1,3
24,sybil_12,830.0,120.0,10.4621,-5.7245,90.0,E0F0,3,80.0,650.36,1,4
24,sybil_13,670.0,120.0,17.719,1.2014,90.0,E0F0,1,80.0,619.36,1,4
24,sybil_14,750.0,200.0,10.2565,-1.3205,90.0,E0F0,3,80.0,581.19,1,4
24,sybil_15,830.0,120.0,0.9571,0.4576,90.0,E0F0,3,80.0,650.36,1,5
24,sybil_2,750.0,920.0,2.3855,-8.7256,270.0,E4D4,7,80.0,540.23,1,0
24,sybil_3,830.0,840.0,12.0089,-9.926,270.0,E4D4,5,80.0,529.96,1,1
24,sybil_4,670.0,840.0,16.7456,9.975,270.0,E4D4,4,80.0,495.78,1,1
24,sybil_5,750.0,920.0,8.2935,8.2935,270.0,E4D4,7,80.0,540.23,1,1
24,sybil_6,830.0,840.0,2.3836,2.3836,270.0,E4D4,5,80.0,529.96,1,2
24,sybil_8,750.0,920.0,4.6575,-2.539,0.0,F0F1,7,80.0,540.23,1,2
24,sybil_9,1130.0,120.0,0.0,-8.4228,90.0,E0F0,1,80.0,793.2,1,3
25,legit_0,601.6,678.34,13.6238,0.9663,0.0,D3D4,1,167.81,455.5,0,-1
25,legit_1,-1.6,588.66,12.865,0.0541,180.0,A3A2,0,152.02,707.71,0,-1
25,legit_2,538.15,798.4,12.3981,0.2689,90.0,C4D4,4,97.47,482.02,0,-1
25,legit_3,1001.6,860.18,12.1324,1.3929,0.0,F4F5,0,52.44,611.88,0,-1
25,legit_4,598.4,985.48,2.2156,2.2156,180.0,D5D4,0,175.94,559.28,0,-1
25,sybil_0,830.0,840.0,5.0854,3.5502,261.87,:D4_7,5,80.0,529.96,1,0
25,sybil_1,670.0,840.0,5.3674,5.3674,270.0,E4D4,6,80.0,495.78,1,0
25,sybil_10,970.0,120.0,8.1563,3.853,90.0,E0F0,4,80.0,703.87,1,3
25,sybil_11,1050.0,200.0,13.5409,11.9896,90.0,E0F0,5,80.0,700.12,1,3
25,sybil_12,1130.0,120.0,5.7115,-4.7506,90.0,E0F0,3,80.0,793.2,1,4
25,sybil_13,970.0,120.0,0.0,-17.719,90.0,E0F0,4,80.0,703.87,1,4
25,sybil_14,1050.0,200.0,22.3317,12.0752,90.0,E0F0,5,80.0,700.12,1,4
25,sybil_15,830.0,120.0,4.8807,3.9236,90.0,E0F0,2,80.0,650.36,1,5
25,sybil_2,750.0,920.0,6.4408,4.0554,270.0,E4D4,8,80.0,540.23,1,0
25,sybil_3,830.0,840.0,14.6137,2.6048,270.0,E4D4,5,80.0,529.96,1,1
25,sybil_4,670.0,840.0,13.1523,-3.5933,270.0,E4D4,6,80.0,495.78,1,1
25,sybil_5,750.0,920.0,11.9684,3.6749,270.0,E4D4,8,80.0,540.23,1,1
25,sybil_6,830.0,840.0,3.5272,1.1436,270.0,E4D4,5,80.0,529.96,1,2
25,sybil_7,670.0,840.0,3.1614,0.0,270.0,E4D4,6,80.0,495.78,1,2
25,sybil_8,750.0,920.0,0.0,-4.6575,0.0,F0F1,8,80.0,540.23,1,2
25,sybil_9,1130.0,120.0,12.6712,12.6712,73.25,:F0_1,3,80.0,793.2,1,3
26,legit_0,601.6,691.33,12.9906,-0.6332,0.0,D3D4,1,174.25,457.16,0,-1
26,legit_1,-1.6,575.98,12.6775,-0.1875,180.0,A3A2,0,153.49,707.99,0,-1
26,legit_2,550.57,798.4,12.4164,0.0183,90.0,C4D4,4,108.83,481.23,0,-1
26,legit_3,1001.6,873.51,13.3301,1.1977,0.0,F4F5,0,58.87,616.8,0,-1
26,legit_4,598.4,980.75,4.73,2.5144,180.0,D5D4,0,178.53,556.69,0,-1
26,sybil_0,830.0,840.0,0.0,-5.0854,212.83,:D4_7,5,80.0,529.96,1,0
26,sybil_1,670.0,840.0,0.0,-5.3674,270.0,E4D4,6,80.0,495.78,1,0
26,sybil_10,970.0,120.0,0.0,-8.1563,90.0,E0F0,4,80.0,703.87,1,3
26,sybil_11,1050.0,200.0,2.1924,-11.3485,90.0,E0F0,5,80.0,700.12,1,3
26,sybil_12,1130.0,120.0,7.6077,1.8962,90.0,E0F0,3,80.0,793.2,1,4
26,sybil_13,970.0,120.0,20.9711,20.9711,90.0,E0F0,4,80.0,703.87,1,4
26,sybil_14,1050.0,200.0,16.3805,-5.9511,90.0,E0F0,5,80.0,700.12,1,4
26,sybil_15,830.0,120.0,13.3988,8.518,90.0,E0F0,2,80.0,650.36,1,5
26,sybil_2,750.0,920.0,4.9704,-1.4705,270.0,E4D4,8,80.0,540.23,1,0
26,sybil_3,830.0,840.0,12.2083,-2.4054,270.0,E4D4,5,80.0,529.96,1,1
26,sybil_4,670.0,840.0,8.9239,-4.2284,270.0,E4D4,6,80.0,495.78,1,1
26,sybil_5,750.0,920.0,2.9628,-9.0056,270.0,E4D4,8,80.0,540.23,1,1
26,sybil_6,830.0,840.0,8.3144,4.7872,270.0,E4D4,5,80.0,529.96,1,2
26,sybil_7,670.0,840.0,2.8573,-0.3041,270.0,E4D4,6,80.0,495.78,1,2
26,sybil_8,750.0,920.0,3.6915,3.6915,0.0,F0F1,8,80.0,540.23,1,2
26,sybil_9,1130.0,120.0,0.0,-12.6712,13.58,F0F1,3,80.0,793.2,1,3
27,legit_0,601.6,704.62,13.2916,0.3009,0.0,D3D4,1,181.57,459.11,0,-1
27,legit_1,-1.6,563.49,12.4894,-0.1881,180.0,A3A2,0,155.93,708.46,0,-1
27,legit_2,562.83,798.4,12.268,-0.1484,90.0,C4D4,4,120.26,480.63,0,-1
27,legit_3,1001.6,887.03,13.5221,0.192,0.0,F4F5,0,67.49,622.06,0,-1
27,legit_4,598.4,973.68,7.0696,2.3396,180.0,D5D4,0,182.55,552.88,0,-1
27,sybil_0,830.0,840.0,3.1672,3.1672,139.75,D4E4,5,80.0,529.96,1,0
27,sybil_1,670.0,840.0,0.0,0.0,270.0,E4D4,6,80.0,495.78,1,0
27,sybil_10,970.0,120.0,0.0,0.0,90.0,E0F0,4,80.0,703.87,1,3
27,sybil_11,1050.0,200.0,1.7442,-0.4482,90.0,E0F0,5,80.0,700.12,1,3
27,sybil_12,1130.0,120.0,18.6306,11.0229,90.0,E0F0,3,80.0,793.2,1,4
27,sybil_13,970.0,120.0,7.2774,-13.6937,90.0,E0F0,4,80.0,703.87,1,4
27,sybil_14,1050.0,200.0,10.41,-5.9705,90.0,E0F0,5,80.0,700.12,1,4
27,sybil_15,830.0,120.0,5.6071,-7.7917,90.0,E0F0,2,80.0,650.36,1,5
27,sybil_2,750.0,920.0,0.0,-4.9704,270.0,E4D4,8,80.0,540.23,1,0
27,sybil_3,830.0,840.0,0.0,-12.2083,270.0,E4D4,5,80.0,529.96,1,1
27,sybil_4,670.0,840.0,0.0,-8.9239,270.0,E4D4,6,80.0,495.78,1,1
27,sybil_5,750.0,920.0,9.4088,6.446,270.0,E4D4,8,80.0,540.23,1,1
27,sybil_6,830.0,840.0,19.7111,11.3967,270.0,E4D4,5,80.0,529.96,1,2
27,sybil_7,670.0,840.0,0.0,-2.8573,270.0,E4D4,6,80.0,495.78,1,2
27,sybil_8,750.0,920.0,21.7863,18.0948,0.0,F0F1,8,80.0,540.23,1,2
27,sybil_9,1130.0,120.0,10.225,10.225,0.0,F0F1,3,80.0,793.2,1,3
28,legit_0,601.6,717.66,13.0387,-0.2529,0.0,D3D4,4,189.38,461.26,0,-1
28,legit_1,-1.6,550.43,13.065,0.5755,180.0,A3A2,0,159.5,709.16,0,-1
28,legit_2,575.49,798.4,12.6603,0.3923,90.0,C4D4,4,132.21,480.19,0,-1
28,legit_3,1001.6,899.68,12.649,-0.8731,0.0,F4F5,0,76.84,627.19,0,-1
28,legit_4,598.4,964.33,9.3561,2.2865,180.0,D5D4,3,188.16,547.92,0,-1
28,sybil_0,830.0,840.0,13.3641,10.1969,90.0,D4E4,5,80.0,529.96,1,0
28,sybil_1,670.0,840.0,3.0705,3.0705,270.0,E4D4,8,80.0,495.78,1,0
28,sybil_10,970.0,120.0,0.6581,0.6581,61.11,:F0_1,4,80.0,703.87,1,3
28,sybil_11,1050.0,200.0,5.6939,3.9497,90.0,E0F0,5,80.0,700.12,1,3
28,sybil_12,1130.0,120.0,14.8602,-3.7704,90.0,E0F0,3,80.0,793.2,1,4
28,sybil_13,970.0,120.0,18.0417,10.7643,90.0,E0F0,4,80.0,703.87,1,4
28,sybil_14,1050.0,200.0,21.216,10.806,90.0,E0F0,5,80.0,700.12,1,4
28,sybil_15,830.0,120.0,13.5459,7.9388,90.0,E0F0,2,80.0,650.36,1,5
28,sybil_2,750.0,920.0,0.0,0.0,270.0,E4D4,8,80.0,540.23,1,0
28,sybil_3,830.0,840.0,4.0092,4.0092,270.0,E4D4,5,80.0,529.96,1,1
28,sybil_4,670.0,840.0,16.0777,16.0777,270.0,E4D4,8,80.0,495.78,1,1
28,sybil_5,750.0,920.0,14.1749,4.7661,270.0,E4D4,8,80.0,540.23,1,1
28,sybil_6,830.0,840.0,29.4708,9.7597,270.0,E4D4,5,80.0,529.96,1,2
28,sybil_7,670.0,840.0,0.0,0.0,270.0,E4D4,8,80.0,495.78,1,2
28,sybil_8,750.0,920.0,14.081,-7.7053,0.0,F0F1,8,80.0,540.23,1,2
28,sybil_9,1130.0,120.0,7.6266,-2.5985,0.0,F0F1,3,80.0,793.2,1,3
29,legit_0,601.6,731.49,13.834,0.7953,0.0,D3D4,4,183.84,463.79,0,-1
29,legit_1,-1.6,537.78,12.6521,-0.4129,180.0,A3A2,0,163.87,710.03,0,-1
29,legit_2,585.65,798.4,10.1564,-2.5039,90.0,C4D4,4,141.89,479.96,0,-1
29,legit_3,1001.6,913.45,13.7697,1.1208,0.0,F4F5,0,87.96,632.98,0,-1
29,legit_4,598.4,952.64,11.6881,2.332,180.0,D5D4,3,186.31,541.88,0,-1
29,sybil_0,830.0,840.0,10.8756,-2.4886,90.0,D4E4,5,80.0,529.96,1,0
29,sybil_1,670.0,840.0,9.4019,6.3314,268.14,:D4_7,8,80.0,495.78,1,0
29,sybil_10,970.0,120.0,5.7381,5.08,4.22,F0F1,4,80.0,703.87,1,3
29,sybil_11,1050.0,200.0,0.0,-5.6939,90.0,E0F0,5,80.0,700.12,1,3
29,sybil_12,1130.0,120.0,15.4925,0.6323,90.0,E0F0,3,80.0,793.2,1,4
29,sybil_13,970.0,120.0,2.1397,-15.9021,90.0,E0F0,4,80.0,703.87,1,4
29,sybil_14,1050.0,200.0,3.983,-17.233,90.0,E0F0,5,80.0,700.12,1,4
29,sybil_15,830.0,120.0,21.4761,7.9302,90.0,E0F0,2,80.0,650.36,1,5
29,sybil_2,750.0,920.0,0.0,0.0,270.0,E4D4,8,80.0,540.23,1,0
29,sybil_3,830.0,840.0,1.2691,-2.7401,270.0,E4D4,5,80.0,529.96,1,1
29,sybil_4,670.0,840.0,0.0695,-16.0082,270.0,E4D4,8,80.0,495.78,1,1
29,sybil_5,750.0,920.0,3.9582,-10.2167,270.0,E4D4,8,80.0,540.23,1,1
29,sybil_6,830.0,840.0,9.6877,-19.7831,270.0,E4D4,5,80.0,529.96,1,2
29,sybil_7,670.0,840.0,22.9666,22.9666,270.0,E4D4,8,80.0,495.78,1,2
29,sybil_8,750.0,920.0,3.5076,-10.5734,0.0,F0F1,8,80.0,540.23,1,2
29,sybil_9,1130.0,120.0,0.0,-7.6266,0.0,F0F1,3,80.0,793.2,1,3
30,legit_0,601.6,744.99,13.4958,-0.3382,0.0,D3D4,4,176.21,466.52,0,-1
30,legit_1,-1.6,525.36,12.413,-0.2391,180.0,A3A2,0,168.98,711.08,0,-1
30,legit_2,591.31,798.4,5.6564,-4.5,90.0,C4D4,5,147.3,479.89,0,-1
30,legit_3,1001.6,926.92,13.4706,-0.2992,0.0,F4F5,0,99.49,638.84,0,-1
30,legit_4,598.4,939.54,13.1048,1.4167,180.0,D5D4,4,178.69,535.32,0,-1
30,legit_5,398.4,987.7,0.0,0.0,180.0,C5C4,0,105.74,587.14,0,-1
30,sybil_0,830.0,840.0,19.0181,8.1425,90.0,D4E4,5,80.0,529.96,1,0
30,sybil_1,670.0,840.0,0.0,-9.4019,216.05,:D4_7,8,80.0,495.78,1,0
30,sybil_10,970.0,120.0,13.5226,7.7844,0.0,F0F1,4,80.0,703.87,1,3
30,sybil_11,1050.0,200.0,16.7256,16.7256,89.59,:F0_1,5,80.0,700.12,1,3
30,sybil_12,1130.0,120.0,12.7217,-2.7708,90.0,E0F0,3,80.0,793.2,1,4
30,sybil_13,970.0,120.0,20.063,17.9233,90.0,E0F0,4,80.0,703.87,1,4
30,sybil_14,1050.0,200.0,8.7839,4.8008,90.0,E0F0,5,80.0,700.12,1,4
30,sybil_15,830.0,120.0,21.1524,-0.3238,90.0,E0F0,2,80.0,650.36,1,5
30,sybil_2,750.0,920.0,0.0,0.0,270.0,E4D4,8,80.0,540.23,1,0
30,sybil_3,830.0,840.0,7.58,6.3109,270.0,E4D4,5,80.0,529.96,1,1
30,sybil_4,670.0,840.0,12.2259,12.1565,270.0,E4D4,8,80.0,495.78,1,1
30,sybil_5,750.0,920.0,2.5899,-1.3682,270.0,E4D4,8,80.0,540.23,1,1
30,sybil_6,830.0,840.0,30.5427,20.855,270.0,E4D4,5,80.0,529.96,1,2
30,sybil_7,670.0,840.0,4.158,-18.8086,270.0,E4D4,8,80.0,495.78,1,2
30,sybil_8,750.0,920.0,3.0947,-0.4129,0.0,F0F1,8,80.0,540.23,1,2
30,sybil_9,1130.0,120.0,16.8777,16.8777,0.0,F0F1,3,80.0,793.2,1,3
31,legit_0,601.6,758.18,13.1906,-0.3052,0.0,D3D4,4,169.46,469.43,0,-1
31,legit_1,-1.6,512.59,12.7766,0.3636,180.0,A3A2,0,175.0,712.34,0,-1
31,legit_2,596.72,797.17,5.6763,0.0199,104.57,:D4_12,5,152.84,479.5,0,-1
31,legit_3,1001.6,940.63,13.7098,0.2393,0.0,F4F5,0,111.67,644.99,0,-1
31,legit_4,598.4,926.89,12.6493,-0.4555,180.0,D5D4,4,171.96,529.2,0,-1
31,legit_5,398.4,985.95,1.7507,1.7507,180.0,C5C4,0,107.28,586.2,0,-1
31,sybil_0,830.0,840.0,4.8557,-14.1624,90.0,D4E4,5,80.0,529.96,1,0
31,sybil_1,670.0,840.0,8.7886,8.7886,111.37,D4E4,8,80.0,495.78,1,0
31,sybil_10,970.0,120.0,16.4669,2.9444,0.0,F0F1,4,80.0,703.87,1,3
31,sybil_11,1050.0,200.0,9.035,-7.6906,59.87,:F0_1,5,80.0,700.12,1,3
31,sybil_12,1130.0,120.0,7.8666,-4.8551,90.0,E0F0,3,80.0,793.2,1,4
31,sybil_13,970.0,120.0,5.0018,-15.0612,90.0,E0F0,4,80.0,703.87,1,4
31,sybil_14,1050.0,200.0,12.4744,3.6906,90.0,E0F0,5,80.0,700.12,1,4
31,sybil_15,830.0,120.0,9.7589,-11.3935,90.0,E0F0,2,80.0,650.36,1,5
31,sybil_2,750.0,920.0,6.2391,6.2391,270.0,E4D4,8,80.0,540.23,1,0
31,sybil_3,830.0,840.0,7.9522,0.3722,270.0,E4D4,5,80.0,529.96,1,1
31,sybil_4,670.0,840.0,5.587,-6.639,270.0,E4D4,8,80.0,495.78,1,1
31,sybil_5,750.0,920.0,14.8927,12.3028,270.0,E4D4,8,80.0,540.23,1,1
31,sybil_6,830.0,840.0,6.8621,-23.6806,270.0,E4D4,5,80.0,529.96,1,2
31,sybil_7,670.0,840.0,9.8122,5.6542,270.0,E4D4,8,80.0,495.78,1,2
31,sybil_8,750.0,920.0,12.5357,9.441,0.0,F0F1,8,80.0,540.23,1,2
31,sybil_9,1130.0,120.0,5.476,-11.4017,0.0,F0F1,3,80.0,793.2,1,3
32,legit_0,601.6,771.18,13.0055,-0.1851,0.0,D3D4,5,163.58,472.55,0,-1
32,legit_1,-1.6,500.58,12.0028,-0.7738,180.0,A3A2,0,181.29,713.71,0,-1
32,legit_2,598.4,792.28,5.3652,-0.3111,163.58,D4D3,5,155.88,478.11,0,-1
32,legit_3,1001.6,953.94,13.3117,-0.3981,0.0,F4F5,0,123.8,651.13,0,-1
32,legit_4,598.4,913.85,13.0329,0.3836,180.0,D5D4,5,165.76,523.11,0,-1
32,legit_5,398.4,982.29,3.6568,1.9062,180.0,C5C4,0,110.5,584.25,0,-1
32,sybil_0,830.0,840.0,6.0544,1.1986,90.0,D4E4,5,80.0,529.96,1,0
32,sybil_1,670.0,840.0,1.2035,-7.5851,90.0,D4E4,8,80.0,495.78,1,0
32,sybil_10,970.0,120.0,14.1817,-2.2852,0.0,F0F1,4,80.0,703.87,1,3
32,sybil_11,1050.0,200.0,4.0272,-5.0078,3.35,F0F1,5,80.0,700.12,1,3
32,sybil_12,1130.0,120.0,9.5114,1.6448,90.0,E0F0,3,80.0,793.2,1,4
32,sybil_13,970.0,120.0,19.4142,14.4125,90.0,E0F0,4,80.0,703.87,1,4
32,sybil_14,1050.0,200.0,7.7497,-4.7247,90.0,E0F0,5,80.0,700.12,1,4
32,sybil_15,830.0,120.0,5.4885,-4.2703,90.0,E0F0,2,80.0,650.36,1,5
32,sybil_2,750.0,920.0,0.0,-6.2391,270.0,E4D4,8,80.0,540.23,1,0
32,sybil_3,830.0,840.0,5.3715,-2.5806,270.0,E4D4,5,80.0,529.96,1,1
32,sybil_4,670.0,840.0,5.8653,0.2783,270.0,E4D4,8,80.0,495.78,1,1
32,sybil_5,750.0,920.0,11.8711,-3.0216,270.0,E4D4,8,80.0,540.23,1,1
32,sybil_6,830.0,840.0,3.0549,-3.8072,270.0,E4D4,5,80.0,529.96,1,2
32,sybil_7,670.0,840.0,10.4693,0.6571,270.0,E4D4,8,80.0,495.78,1,2
32,sybil_8,750.0,920.0,22.2081,9.6724,0.0,F0F1,8,80.0,540.23,1,2
32,sybil_9,1130.0,120.0,20.1782,14.7022,0.0,F0F1,3,80.0,793.2,1,3
33,legit_0,601.6,784.82,13.6336,0.628,0.0,D3D4,5,158.33,476.07,0,-1
33,legit_1,-1.6,488.35,12.237,0.2343,180.0,A3A2,0,188.28,715.27,0,-1
33,legit_2,598.4,785.25,7.0305,1.6654,180.0,D4D3,5,158.18,476.19,0,-1
33,legit_3,1001.6,967.24,13.2983,-0.0134,0.0,F4F5,0,122.71,657.44,0,-1
33,legit_4,598.4,901.19,12.6643,-0.3685,180.0,D5D4,5,160.52,517.42,0,-1
33,legit_5,398.4,976.55,5.7466,2.0897,180.0,C5C4,0,115.61,581.23,0,-1
33,sybil_0,830.0,840.0,4.2927,-1.7617,90.0,D4E4,5,80.0,529.96,1,0
33,sybil_1,670.0,840.0,0.0,-1.2035,90.0,D4E4,8,80.0,495.78,1,0
33,sybil_10,970.0,120.0,12.2638,-1.9179,0.0,F0F1,4,80.0,703.87,1,3
33,sybil_11,1050.0,200.0,8.3715,4.3444,0.0,F0F1,5,80.0,700.12,1,3
33,sybil_12,1130.0,120.0,7.6143,-1.8971,90.0,E0F0,3,80.0,793.2,1,4
33,sybil_13,970.0,120.0,5.9541,-13.4601,90.0,E0F0,4,80.0,703.87,1,4
33,sybil_14,1050.0,200.0,2.3216,-5.4281,90.0,E0F0,5,80.0,700.12,1,4
33,sybil_15,830.0,120.0,11.863,6.3745,90.0,E0F0,2,80.0,650.36,1,5
33,sybil_2,750.0,920.0,0.0,0.0,255.29,:D4_7,8,80.0,540.23,1,0
33,sybil_3,830.0,840.0,10.2183,4.8467,270.0,E4D4,5,80.0,529.96,1,1
33,sybil_4,670.0,840.0,0.0,-5.8653,270.0,E4D4,8,80.0,495.78,1,1
33,sybil_5,750.0,920.0,7.6193,-4.2518,270.0,E4D4,8,80.0,540.23,1,1
33,sybil_6,830.0,840.0,31.523,28.4681,270.0,E4D4,5,80.0,529.96,1,2
33,sybil_7,670.0,840.0,21.3082,10.8389,270.0,E4D4,8,80.0,495.78,1,2
33,sybil_8,750.0,920.0,16.2158,-5.9923,0.0,F0F1,8,80.0,540.23,1,2
33,sybil_9,1130.0,120.0,17.1239,-3.0544,0.0,F0F1,3,80.0,793.2,1,3
34,legit_0,601.6,798.3,13.4797,-0.1538,0.0,:D4_9,5,154.15,479.82,0,-1
34,legit_1,-1.6,475.78,12.5627,0.3257,180.0,A3A2,0,190.76,717.05,0,-1
34,legit_2,598.4,775.86,9.3949,2.3644,180.0,D4D3,5,161.67,473.72,0,-1
34,legit_3,1001.6,979.92,12.6755,-0.6227,0.0,F4F5,0,111.17,663.6,0,-1
34,legit_4,598.4,887.76,13.4255,0.7611,180.0,D5D4,5,155.9,511.62,0,-1
34,legit_5,398.4,969.22,7.3298,1.5832,180.0,C5C4,0,122.21,577.41,0,-1
34,sybil_0,830.0,840.0,14.4219,10.1293,90.0,D4E4,5,80.0,529.96,1,0
34,sybil_1,670.0,840.0,1.8615,1.8615,90.0,D4E4,8,80.0,495.78,1,0
34,sybil_10,970.0,120.0,3.1025,-9.1612,0.0,F0F1,3,80.0,703.87,1,3
34,sybil_11,1050.0,200.0,2.3446,-6.0269,0.0,F0F1,6,80.0,700.12,1,3
34,sybil_12,1130.0,120.0,6.4348,-1.1794,90.0,E0F0,4,80.0,793.2,1,4
34,sybil_13,970.0,120.0,0.3884,-5.5657,90.0,E0F0,3,80.0,703.87,1,4
34,sybil_14,1050.0,200.0,9.5201,7.1985,90.0,E0F0,6,80.0,700.12,1,4
34,sybil_15,1130.0,120.0,6.3087,-5.5543,90.0,E0F0,4,80.0,793.2,1,5
34,sybil_2,750.0,920.0,8.7665,8.7665,169.09,D4E4,8,80.0,540.23,1,0
34,sybil_3,830.0,840.0,0.0,-10.2183,270.0,E4D4,5,80.0,529.96,1,1
34,sybil_32,150.0,680.0,1.8113,0.0,0.0,B3B4,0,80.0,600.51,1,10
34,sybil_4,670.0,840.0,10.5283,10.5283,270.0,E4D4,8,80.0,495.78,1,1
34,sybil_5,750.0,920.0,14.4816,6.8623,270.0,E4D4,8,80.0,540.23,1,1
34,sybil_6,830.0,840.0,9.4081,-22.1149,270.0,E4D4,5,80.0,529.96,1,2
34,sybil_7,670.0,840.0,25.3859,4.0776,270.0,E4D4,8,80.0,495.78,1,2
34,sybil_8,750.0,920.0,25.0917,8.876,0.0,F0F1,8,80.0,540.23,1,2
34,sybil_9,1130.0,120.0,9.0895,-8.0344,0.0,F0F1,4,80.0,793.2,1,3
35,legit_0,601.6,812.11,13.8124,0.3326,0.0,D4D5,5,151.0,483.94,0,-1
35,legit_1,-1.6,462.72,13.0652,0.5026,180.0,A3A2,0,183.12,719.1,0,-1
35,legit_2,598.4,763.88,11.9735,2.5786,180.0,D4D3,5,166.78,470.77,0,-1
35,legit_3,1001.6,991.44,11.5272,-1.1483,0.0,F4F5,0,100.92,669.34,0,-1
35,legit_4,598.4,874.23,13.5334,0.1079,180.0,D5D4,5,152.3,506.04,0,-1
35,legit_5,398.4,960.29,8.9225,1.5928,180.0,C5C4,0,130.35,572.84,0,-1
35,sybil_0,830.0,840.0,7.2867,-7.1352,90.0,D4E4,5,80.0,529.96,1,0
35,sybil_1,670.0,840.0,19.8995,18.038,90.0,D4E4,8,80.0,495.78,1,0
35,sybil_10,970.0,120.0,12.1945,9.0919,0.0,F0F1,3,80.0,703.87,1,3
35,sybil_11,1050.0,200.0,4.3497,2.0052,0.0,F0F1,6,80.0,700.12,1,3
35,sybil_12,1130.0,120.0,4.5492,-1.8856,79.63,:F0_1,4,80.0,793.2,1,4
35,sybil_13,970.0,120.0,3.5054,3.117,90.0,E0F0,3,80.0,703.87,1,4
35,sybil_14,1050.0,200.0,22.2366,12.7165,90.0,E0F0,6,80.0,700.12,1,4
35,sybil_15,1130.0,120.0,10.8072,4.4986,90.0,E0F0,4,80.0,793.2,1,5
35,sybil_2,750.0,920.0,6.3188,-2.4477,90.0,D4E4,8,80.0,540.23,1,0
35,sybil_3,830.0,840.0,0.0,0.0,270.0,E4D4,5,80.0,529.96,1,1
35,sybil_32,150.0,680.0,6.8377,5.0264,0.0,B3B4,0,80.0,600.51,1,10
35,sybil_4,670.0,840.0,0.0,-10.5283,270.0,E4D4,8,80.0,495.78,1,1
35,sybil_5,750.0,920.0,10.0732,-4.4084,270.0,E4D4,8,80.0,540.23,1,1
35,sybil_6,830.0,840.0,15.5327,6.1246,270.0,E4D4,5,80.0,529.96,1,2
35,sybil_7,670.0,840.0,10.9004,-14.4854,270.0,E4D4,8,80.0,495.78,1,2
35,sybil_8,750.0,920.0,0.0,-25.0917,0.0,F0F1,8,80.0,540.23,1,2
35,sybil_9,1130.0,120.0,15.0278,5.9384,0.0,F0F1,4,80.0,793.2,1,3
36,legit_0,601.6,824.94,12.837,-0.9753,0.0,D4D5,5,149.16,488.03,0,-1
36,legit_1,-1.6,450.88,11.8398,-1.2254,180.0,A3A2,0,176.75,721.13,0,-1
36,legit_2,598.4,751.05,12.835,0.8615,180.0,D4D3,5,173.02,467.83,0,-1
36,legit_3,1001.36,998.45,7.0272,-4.5,357.28,:F5_0,0,94.95,672.77,0,-1
36,legit_4,598.4,860.8,13.4318,-0.1016,180.0,D5D4,6,149.85,500.77,0,-1
36,legit_5,398.4,949.28,11.0102,2.0877,180.0,C5C4,0,120.85,567.32,0,-1
36,legit_6,587.7,1001.6,0.0,0.0,270.0,D5C5,1,158.45,568.4,0,-1
36,sybil_0,830.0,840.0,20.9252,13.6384,90.0,D4E4,5,80.0,529.96,1,0
36,sybil_1,670.0,840.0,15.1498,-4.7497,90.0,D4E4,8,80.0,495.78,1,0
36,sybil_10,970.0,120.0,7.1718,-5.0227,0.0,F0F1,4,80.0,703.87,1,3
36,sybil_11,1050.0,200.0,13.5501,9.2004,0.0,F0F1,7,80.0,700.12,1,3
36,sybil_12,1130.0,120.0,17.3146,12.7654,35.31,:F0_1,4,80.0,793.2,1,4
36,sybil_13,970.0,120.0,8.9514,5.4461,90.0,E0F0,4,80.0,703.87,1,4
36,sybil_14,1050.0,200.0,17.0529,-5.1837,90.0,E0F0,7,80.0,700.12,1,4
36,sybil_15,1130.0,120.0,4.036,-6.7713,90.0,E0F0,4,80.0,793.2,1,5
36,sybil_16,970.0,120.0,0.0,0.0,0.0,E3E4,4,80.0,703.87,1,5
36,sybil_2,750.0,920.0,15.0645,8.7457,90.0,D4E4,8,80.0,540.23,1,0
36,sybil_3,830.0,840.0,0.8063,0.8063,265.68,:D4_7,5,80.0,529.96,1,1
36,sybil_32,150.0,680.0,0.0,-6.8377,0.0,B3B4,1,80.0,600.51,1,10
36,sybil_33,230.0,600.0,2.7844,0.0,0.0,B3B4,1,80.0,549.81,1,11
36,sybil_4,670.0,840.0,4.2028,4.2028,270.0,E4D4,8,80.0,495.78,1,1
36,sybil_5,750.0,920.0,2.7063,-7.3669,270.0,E4D4,8,80.0,540.23,1,1
36,sybil_6,830.0,840.0,19.4961,3.9634,270.0,E4D4,5,80.0,529.96,1,2
36,sybil_7,670.0,840.0,12.8198,1.9194,270.0,E4D4,8,80.0,495.78,1,2
36,sybil_8,750.0,920.0,14.4585,14.4585,0.0,F0F1,8,80.0,540.23,1,2
36,sybil_9,1130.0,120.0,7.0853,-7.9426,0.0,F0F1,4,80.0,793.2,1,3
37,legit_0,601.6,837.99,13.0482,0.2111,0.0,D4D5,5,148.41,492.44,0,-1
37,legit_1,-1.6,438.7,12.1822,0.3424,180.0,A3A2,0,170.81,723.38,0,-1
37,legit_2,598.4,738.18,12.8646,0.0296,180.0,D4D3,5,179.97,465.12,0,-1
37,legit_3,996.41,1001.6,6.4622,-0.565,292.73,F5E5,0,94.97,671.86,0,-1
37,legit_4,598.4,847.44,13.3538,-0.078,180.0,D5D4,5,148.59,495.8,0,-1
37,legit_5,398.4,936.53,12.7508,1.7406,180.0,C5C4,0,109.46,561.08,0,-1
37,legit_6,586.07,1001.6,1.6284,1.6284,270.0,D5C5,0,157.04,568.42,0,-1
37,sybil_0,830.0,840.0,7.9347,-12.9904,90.0,D4E4,5,80.0,529.96,1,0
37,sybil_1,670.0,840.0,13.4854,-1.6645,90.0,D4E4,8,80.0,495.78,1,0
37,sybil_10,970.0,120.0,9.5924,2.4205,0.0,F0F1,4,80.0,703.87,1,3
37,sybil_11,1050.0,200.0,32.3346,18.7844,0.0,F0F1,7,80.0,700.12,1,3
37,sybil_12,1130.0,120.0,6.1862,-11.1284,2.95,F0F1,4,80.0,793.2,1,4
37,sybil_13,970.0,120.0,1.523,-7.4284,90.0,E0F0,4,80.0,703.87,1,4
37,sybil_14,1050.0,200.0,16.4624,-0.5905,90.0,E0F0,7,80.0,700.12,1,4
37,sybil_15,1130.0,120.0,9.6838,5.6478,90.0,E0F0,4,80.0,793.2,1,5
37,sybil_16,970.0,120.0,7.507,7.507,0.0,E3E4,4,80.0,703.87,1,5
37,sybil_2,750.0,920.0,14.2216,-0.843,90.0,D4E4,8,80.0,540.23,1,0
37,sybil_3,830.0,840.0,8.1484,7.3421,213.11,:D4_7,5,80.0,529.96,1,1
37,sybil_32,150.0,680.0,4.4905,4.4905,0.0,B3B4,1,80.0,600.51,1,10
37,sybil_33,230.0,600.0,2.3325,-0.4518,0.0,B3B4,1,80.0,549.81,1,11
37,sybil_4,670.0,840.0,0.0,-4.2028,270.0,E4D4,8,80.0,495.78,1,1
37,sybil_5,750.0,920.0,16.2724,13.5661,270.0,E4D4,8,80.0,540.23,1,1
37,sybil_6,830.0,840.0,3.0681,-16.428,270.0,E4D4,5,80.0,529.96,1,2
37,sybil_7,670.0,840.0,14.7724,1.9526,270.0,E4D4,8,80.0,495.78,1,2
37,sybil_8,750.0,920.0,10.0034,-4.4551,0.0,F0F1,8,80.0,540.23,1,2
37,sybil_9,1130.0,120.0,5.9869,-1.0984,0.0,F0F1,4,80.0,793.2,1,3
38,legit_0,601.6,851.87,13.8768,0.8287,0.0,D4D5,5,148.87,497.42,0,-1
38,legit_1,-1.6,426.64,12.0513,-0.131,180.0,A3A2,0,165.6,725.78,0,-1
38,legit_2,598.4,726.38,11.7993,-1.0653,180.0,D4D3,5,186.9,462.83,0,-1
38,legit_3,987.73,1001.6,8.678,2.2158,270.0,F5E5,0,100.12,667.53,0,-1
38,legit_4,598.4,834.41,13.0329,-0.3209,180.0,D5D4,5,148.51,491.2,0,-1
38,legit_5,398.4,923.16,13.3762,0.6254,180.0,C5C4,0,97.87,554.72,0,-1
38,legit_6,582.89,1001.6,3.1782,1.5498,270.0,D5C5,0,154.3,568.48,0,-1
38,sybil_0,830.0,840.0,0.0,-7.9347,90.0,D4E4,5,80.0,529.96,1,0
38,sybil_1,670.0,840.0,11.9216,-1.5638,90.0,D4E4,8,80.0,495.78,1,0
38,sybil_10,970.0,120.0,12.8523,3.2599,0.0,F0F1,5,80.0,703.87,1,3
38,sybil_11,1050.0,200.0,11.278,-21.0566,0.0,F0F1,8,80.0,700.12,1,3
38,sybil_12,1130.0,120.0,13.9685,7.7823,0.0,F0F1,5,80.0,793.2,1,4
38,sybil_13,970.0,120.0,0.0,-1.523,86.78,:F0_1,5,80.0,703.87,1,4
38,sybil_14,1050.0,200.0,13.2428,-3.2196,90.0,E0F0,8,80.0,700.12,1,4
38,sybil_15,1130.0,120.0,12.676,2.9922,90.0,E0F0,5,80.0,793.2,1,5
38,sybil_16,970.0,120.0,4.8081,-2.6988,0.0,E3E4,5,80.0,703.87,1,5
38,sybil_17,1050.0,200.0,0.0,0.0,0.0,E3E4,8,80.0,700.12,1,5
38,sybil_2,750.0,920.0,0.0,-14.2216,90.0,D4E4,8,80.0,540.23,1,0
38,sybil_3,830.0,840.0,0.0,-8.1484,119.72,D4E4,5,80.0,529.96,1,1
38,sybil_32,150.0,680.0,8.3192,3.8286,0.0,B3B4,1,80.0,600.51,1,10
38,sybil_33,230.0,600.0,0.0,-2.3325,0.0,B3B4,1,80.0,549.81,1,11
38,sybil_4,670.0,840.0,0.0,0.0,270.0,E4D4,8,80.0,495.78,1,1
38,sybil_5,750.0,920.0,2.3099,-13.9625,270.0,E4D4,8,80.0,540.23,1,1
38,sybil_6,830.0,840.0,5.4426,2.3745,270.0,E4D4,5,80.0,529.96,1,2
38,sybil_7,670.0,840.0,8.5208,-6.2516,270.0,E4D4,8,80.0,495.78,1,2
38,sybil_8,750.0,920.0,3.7352,-6.2682,0.0,F0F1,8,80.0,540.23,1,2
38,sybil_9,1130.0,120.0,2.7303,-3.2565,0.0,F0F1,5,80.0,793.2,1,3
39,legit_0,601.6,865.34,13.4695,-0.4073,0.0,D4D5,5,150.55,502.52,0,-1
39,legit_1,-1.6,414.77,11.8766,-0.1746,180.0,A3A2,0,161.19,728.31,0,-1
39,legit_2,598.4,713.64,12.7481,0.9488,180.0,D4D3,4,186.91,460.57,0,-1
39,legit_3,977.37,1001.6,10.3585,1.6805,270.0,F5E5,0,106.87,662.49,0,-1
39,legit_4,598.4,821.34,13.0713,0.0384,180.0,D5D4,5,149.57,486.85,0,-1
39,legit_5,398.4,909.7,13.4538,0.0776,180.0,C5C4,0,86.72,548.53,0,-1
39,legit_6,577.19,1001.6,5.7054,2.5272,270.0,D5C5,1,149.41,568.6,0,-1
39,sybil_0,830.0,840.0,20.1038,20.1038,90.0,D4E4,5,80.0,529.96,1,0
39,sybil_1,670.0,840.0,25.4547,13.5331,90.0,D4E4,8,80.0,495.78,1,0
39,sybil_10,970.0,120.0,26.59,13.7377,0.0,F0F1,5,80.0,703.87,1,3
39,sybil_11,1050.0,200.0,18.5431,7.2651,0.0,F0F1,8,80.0,700.12,1,3
39,sybil_12,1130.0,120.0,0.0,-13.9685,0.0,F0F1,5,80.0,793.2,1,4
39,sybil_13,970.0,120.0,10.2948,10.2948,31.28,:F0_1,5,80.0,703.87,1,4
39,sybil_14,1050.0,200.0,1.879,-11.3639,90.0,E0F0,8,80.0,700.12,1,4
39,sybil_15,1130.0,120.0,0.0,-12.676,90.0,E0F0,5,80.0,793.2,1,5
39,sybil_16,970.0,120.0,0.0,-4.8081,0.0,E3E4,5,80.0,703.87,1,5
39,sybil_17,1050.0,200.0,0.0,0.0,0.0,E3E4,8,80.0,700.12,1,5
39,sybil_2,750.0,920.0,9.4232,9.4232,90.0,D4E4,8,80.0,540.23,1,0
39,sybil_3,830.0,840.0,14.2759,14.2759,90.0,D4E4,5,80.0,529.96,1,1
39,sybil_32,150.0,680.0,16.7243,8.4052,0.0,B3B4,1,80.0,600.51,1,10
39,sybil_33,230.0,600.0,13.9821,13.9821,0.0,B3B4,1,80.0,549.81,1,11
39,sybil_4,670.0,840.0,5.2109,5.2109,270.0,E4D4,8,80.0,495.78,1,1
39,sybil_5,750.0,920.0,11.0579,8.748,270.0,E4D4,8,80.0,540.23,1,1
39,sybil_6,830.0,840.0,5.9072,0.4646,270.0,E4D4,5,80.0,529.96,1,2
39,sybil_7,670.0,840.0,17.0814,8.5606,270.0,E4D4,8,80.0,495.78,1,2
39,sybil_8,750.0,920.0,13.8673,10.1321,0.0,F0F1,8,80.0,540.23,1,2
39,sybil_9,1130.0,120.0,21.9214,19.1911,0.0,F0F1,5,80.0,793.2,1,3
40,legit_0,601.6,878.68,13.3448,-0.1247,0.0,D4D5,5,153.36,507.85,0,-1
40,legit_1,-1.6,402.39,12.3802,0.5035,180.0,:A2_0,0,157.41,731.13,0,-1
40,legit_2,598.4,700.71,12.9253,0.1772,180.0,D4D3,1,179.35,458.51,0,-1
40,legit_3,964.95,1001.6,12.416,2.0575,270.0,F5E5,0,115.67,656.61,0,-1
40,legit_4,598.4,808.42,12.9174,-0.1538,180.0,D5D4,5,151.72,482.81,0,-1
40,legit_5,398.4,896.45,13.2572,-0.1966,180.0,C5C4,0,76.48,542.64,0,-1
40,legit_6,569.87,1001.6,7.317,1.6116,270.0,D5C5,1,143.23,568.82,0,-1
40,sybil_0,830.0,840.0,19.3953,-0.7084,90.0,D4E4,5,80.0,529.96,1,0
40,sybil_1,670.0,840.0,0.0,-25.4547,90.0,D4E4,7,80.0,495.78,1,0
40,sybil_10,970.0,120.0,10.6136,-15.9765,0.0,F0F1,5,80.0,703.87,1,3
40,sybil_11,1050.0,200.0,18.4442,-0.0989,0.0,F0F1,8,80.0,700.12,1,3
40,sybil_12,1130.0,120.0,0.0,0.0,0.0,F0F1,5,80.0,793.2,1,4
40,sybil_13,970.0,120.0,0.0,-10.2948,0.07,F0F1,5,80.0,703.87,1,4
40,sybil_14,1050.0,200.0,0.0,-1.879,90.0,E0F0,8,80.0,700.12,1,4
40,sybil_15,1130.0,120.0,8.8906,8.8906,90.0,E0F0,5,80.0,793.2,1,5
40,sybil_16,970.0,120.0,0.0,0.0,0.0,E3E4,5,80.0,703.87,1,5
40,sybil_17,1050.0,200.0,0.0,0.0,0.0,E3E4,8,80.0,700.12,1,5
40,sybil_2,750.0,920.0,18.9917,9.5685,90.0,D4E4,8,80.0,540.23,1,0
40,sybil_3,830.0,840.0,12.0685,-2.2074,90.0,D4E4,5,80.0,529.96,1,1
40,sybil_32,150.0,680.0,11.7207,-5.0036,0.0,B3B4,2,80.0,600.51,1,10
40,sybil_33,230.0,600.0,1.0492,-12.9329,0.0,B3B4,1,80.0,549.81,1,11
40,sybil_34,70.0,600.0,0.0,0.0,0.0,B3B4,1,80.0,651.49,1,11
40,sybil_4,670.0,840.0,0.6968,-4.5142,241.18,:D4_7,7,80.0,495.78,1,1
40,sybil_5,750.0,920.0,5.1863,-5.8716,270.0,E4D4,8,80.0,540.23,1,1
40,sybil_6,830.0,840.0,14.1677,8.2606,270.0,E4D4,5,80.0,529.96,1,2
40,sybil_7,670.0,840.0,22.0152,4.9338,270.0,E4D4,7,80.0,495.78,1,2
40,sybil_8,750.0,920.0,7.6302,-6.2371,356.36,:F1_4,8,80.0,540.23,1,2
40,sybil_9,1130.0,120.0,5.0061,-16.9153,0.0,F0F1,5,80.0,793.2,1,3
41,legit_0,601.6,892.37,13.6889,0.3441,0.0,D4D5,5,157.37,513.58,0,-1
41,legit_1,-1.6,389.9,12.4908,0.1106,180.0,A2A1,0,154.52,734.16,0,-1
41,legit_2,598.4,688.26,12.4545,-0.4708,180.0,D4D3,1,172.66,456.75,0,-1
41,legit_3,951.87,1001.6,13.0797,0.6637,270.0,F5E5,1,125.6,650.6,0,-1
41,legit_4,598.4,794.57,13.8513,0.9338,180.0,:D4_1,5,155.2,478.76,0,-1
41,legit_5,398.4,883.23,13.2138,-0.0434,180.0,C5C4,0,67.32,536.99,0,-1
41,legit_6,560.67,1001.6,9.196,1.879,270.0,D5C5,1,135.63,569.17,0,-1
41,sybil_0,830.0,840.0,20.2973,0.9019,90.0,D4E4,5,80.0,529.96,1,0
41,sybil_1,670.0,840.0,7.8635,7.8635,90.0,D4E4,7,80.0,495.78,1,0
41,sybil_10,970.0,120.0,13.4398,2.8262,0.0,F0F1,5,80.0,703.87,1,3
41,sybil_11,1050.0,200.0,8.0068,-10.4373,0.0,F0F1,8,80.0,700.12,1,3
41,sybil_12,1130.0,120.0,19.4083,19.4083,0.0,F0F1,5,80.0,793.2,1,4
41,sybil_13,970.0,120.0,4.4247,4.4247,0.0,F0F1,5,80.0,703.87,1,4
41,sybil_14,1050.0,200.0,7.2346,7.2346,81.36,:F0_1,8,80.0,700.12,1,4
41,sybil_15,1130.0,120.0,9.0674,0.1768,90.0,E0F0,5,80.0,793.2,1,5
41,sybil_16,970.0,120.0,10.6731,10.6731,0.0,E3E4,5,80.0,703.87,1,5
41,sybil_17,1050.0,200.0,3.2879,3.2879,0.0,E3E4,8,80.0,700.12,1,5
41,sybil_2,750.0,920.0,16.0363,-2.9554,90.0,D4E4,8,80.0,540.23,1,0
41,sybil_24,830.0,1080.0,0.0,0.0,193.14,E5E4,1,80.0,650.36,1,8
41,sybil_3,830.0,840.0,8.3321,-3.7364,90.0,D4E4,5,80.0,529.96,1,1
41,sybil_32,150.0,680.0,19.7756,8.0549,0.0,B3B4,2,80.0,600.51,1,10
41,sybil_33,230.0,600.0,13.3043,12.2551,0.0,B3B4,1,80.0,549.81,1,11
41,sybil_34,70.0,600.0,0.0,0.0,0.0,B3B4,1,80.0,651.49,1,11
41,sybil_4,670.0,840.0,15.3313,14.6345,140.2,D4E4,7,80.0,495.78,1,1
41,sybil_5,750.0,920.0,0.0,-5.1863,270.0,E4D4,8,80.0,540.23,1,1
41,sybil_6,830.0,840.0,0.0,-14.1677,270.0,E4D4,5,80.0,529.96,1,2
41,sybil_7,670.0,840.0,11.6184,-10.3968,270.0,E4D4,7,80.0,495.78,1,2
41,sybil_8,750.0,920.0,0.4394,-7.1908,318.95,:F1_10,8,80.0,540.23,1,2
41,sybil_9,1130.0,120.0,13.1748,8.1687,0.0,F0F1,5,80.0,793.2,1,3
42,legit_0,601.6,905.58,13.2075,-0.4813,0.0,D4D5,8,162.24,519.37,0,-1
42,legit_1,-1.6,377.23,12.6683,0.1776,180.0,A2A1,0,152.58,737.42,0,-1
42,legit_2,598.4,675.54,12.7152,0.2607,180.0,D4D3,1,166.52,455.17,0,-1
42,legit_3,939.12,1001.6,12.7554,-0.3243,270.0,F5E5,1,135.8,644.92,0,-1
42,legit_4,598.4,781.57,13.0047,-0.8466,180.0,D4D3,5,159.49,475.21,0,-1
42,legit_5,398.4,869.96,13.2722,0.0584,180.0,C5C4,1,59.67,531.56,0,-1
42,legit_6,549.61,1001.6,11.0631,1.8671,270.0,D5C5,1,126.76,569.72,0,-1
42,legit_7,398.4,787.7,0.0,0.0,180.0,C4C3,1,73.47,504.96,0,-1
42,sybil_0,830.0,840.0,7.4496,-12.8476,90.0,D4E4,5,80.0,529.96,1,0
42,sybil_1,670.0,840.0,1.8198,-6.0437,90.0,D4E4,7,80.0,495.78,1,0
42,sybil_10,970.0,120.0,17.2195,3.7797,0.0,F0F1,5,80.0,703.87,1,3
42,sybil_11,1050.0,200.0,12.7558,4.7489,0.0,F0F1,8,80.0,700.12,1,3
42,sybil_12,1130.0,120.0,7.2566,-12.1516,0.0,F0F1,5,80.0,793.2,1,4
42,sybil_13,970.0,120.0,17.6949,13.2702,0.0,F0F1,5,80.0,703.87,1,4
42,sybil_14,1050.0,200.0,11.5266,4.292,23.12,F0F1,8,80.0,700.12,1,4
42,sybil_15,1130.0,120.0,0.0,-9.0674,90.0,E0F0,5,80.0,793.2,1,5
42,sybil_16,970.0,120.0,14.1246,3.4515,0.0,E3E4,5,80.0,703.87,1,5
42,sybil_17,1050.0,200.0,1.523,-1.7649,0.0,E3E4,8,80.0,700.12,1,5
42,sybil_18,830.0,600.0,0.4501,0.0,0.0,E3E4,0,80.0,488.83,1,6
42,sybil_2,750.0,920.0,7.0522,-8.9842,90.0,D4E4,9,80.0,540.23,1,0
42,sybil_24,830.0,1080.0,0.0,0.0,185.34,E5E4,1,80.0,650.36,1,8
42,sybil_3,830.0,840.0,12.33,3.9978,90.0,D4E4,5,80.0,529.96,1,1
42,sybil_32,150.0,680.0,21.1647,1.3891,0.0,B3B4,3,80.0,600.51,1,10
42,sybil_33,230.0,600.0,11.1385,-2.1658,0.0,B3B4,2,80.0,549.81,1,11
42,sybil_34,70.0,600.0,9.3636,9.3636,0.0,B3B4,2,80.0,651.49,1,11
42,sybil_35,150.0,680.0,0.0,0.0,0.0,B3B4,3,80.0,600.51,1,11
42,sybil_4,670.0,840.0,16.5982,1.2669,90.0,D4E4,7,80.0,495.78,1,1
42,sybil_5,750.0,920.0,5.3021,5.3021,270.0,E4D4,9,80.0,540.23,1,1
42,sybil_6,830.0,840.0,2.9917,2.9917,270.0,E4D4,5,80.0,529.96,1,2
42,sybil_7,670.0,840.0,8.8607,-2.7578,270.0,E4D4,7,80.0,495.78,1,2
42,sybil_8,750.0,920.0,11.0543,10.6148,277.46,F1E1,9,80.0,540.23,1,2
42,sybil_9,1130.0,120.0,24.6454,11.4705,0.0,F0F1,5,80.0,793.2,1,3
43,legit_0,601.6,918.57,12.9877,-0.2198,0.0,D4D5,7,167.92,525.29,0,-1
43,legit_1,-1.6,365.3,11.9267,-0.7416,180.0,A2A1,0,151.69,740.67,0,-1
43,legit_2,598.4,662.67,12.8738,0.1586,180.0,D4D3,1,161.09,453.82,0,-1
43,legit_3,926.05,1001.6,13.0653,0.31,270.0,F5E5,1,146.66,639.28,0,-1
43,legit_4,598.4,767.98,13.5841,0.5794,180.0,D4D3,4,164.95,471.76,0,-1
43,legit_5,398.4,857.26,12.6957,-0.5764,180.0,C5C4,1,54.41,526.64,0,-1
43,legit_6,536.01,1001.6,13.6046,2.5415,270.0,D5C5,1,116.38,570.6,0,-1
43,legit_7,398.4,785.74,1.9557,1.9557,180.0,C4C3,1,74.87,504.46,0,-1
43,sybil_0,830.0,840.0,18.9316,11.4819,90.0,D4E4,5,80.0,529.96,1,0
43,sybil_1,670.0,840.0,6.6502,4.8304,90.0,D4E4,7,80.0,495.78,1,0
43,sybil_10,970.0,120.0,0.0,-17.2195,0.0,F0F1,5,80.0,703.87,1,3
43,sybil_11,1050.0,200.0,15.4367,2.681,0.0,F0F1,8,80.0,700.12,1,3
43,sybil_12,1130.0,120.0,7.0008,-0.2558,0.0,F0F1,5,80.0,793.2,1,4
43,sybil_13,970.0,120.0,17.4503,-0.2446,0.0,F0F1,5,80.0,703.87,1,4
43,sybil_14,1050.0,200.0,8.6806,-2.846,0.0,F0F1,8,80.0,700.12,1,4
43,sybil_15,1130.0,120.0,0.0,0.0,90.0,E0F0,5,80.0,793.2,1,5
43,sybil_16,970.0,120.0,21.7081,7.5835,0.0,E3E4,5,80.0,703.87,1,5
43,sybil_17,1050.0,200.0,0.0924,-1.4306,0.0,E3E4,8,80.0,700.12,1,5
43,sybil_18,830.0,600.0,8.1884,7.7383,0.0,E3E4,0,80.0,488.83,1,6
43,sybil_2,750.0,920.0,0.0,-7.0522,90.0,D4E4,9,80.0,540.23,1,0
43,sybil_24,830.0,1080.0,5.1702,5.1702,180.0,E5E4,1,80.0,650.36,1,8
43,sybil_3,830.0,840.0,23.722,11.392,90.0,D4E4,5,80.0,529.96,1,1
43,sybil_32,150.0,680.0,8.828,-12.3366,0.0,B3B4,3,80.0,600.51,1,10
43,sybil_33,230.0,600.0,10.406,-0.7326,0.0,B3B4,2,80.0,549.81,1,11
43,sybil_34,70.0,600.0,7.562,-1.8016,0.0,B3B4,2,80.0,651.49,1,11
43,sybil_35,150.0,680.0,8.0616,8.0616,0.0,B3B4,3,80.0,600.51,1,11
43,sybil_4,670.0,840.0,7.8441,-8.7541,90.0,D4E4,7,80.0,495.78,1,1
43,sybil_5,750.0,920.0,2.0152,-3.2868,267.53,:D4_7,9,80.0,540.23,1,1
43,sybil_6,830.0,840.0,22.9617,19.97,270.0,E4D4,5,80.0,529.96,1,2
43,sybil_7,670.0,840.0,0.0,-8.8607,270.0,E4D4,7,80.0,495.78,1,2
43,sybil_8,750.0,920.0,0.0,-11.0543,270.0,F1E1,9,80.0,540.23,1,2
43,sybil_9,1130.0,120.0,10.7183,-13.9271,354.3,:F1_4,5,80.0,793.2,1,3
44,legit_0,601.6,931.25,12.6853,-0.3025,0.0,D4D5,7,174.21,531.29,0,-1
44,legit_1,-1.6,353.41,11.8929,-0.0339,180.0,A2A1,0,151.74,744.08,0,-1
44,legit_2,598.4,650.63,12.0333,-0.8405,180.0,D4D3,1,156.8,452.77,0,-1
44,legit_3,913.07,1001.6,12.9797,-0.0857,270.0,F5E5,1,157.78,633.86,0,-1
44,legit_4,598.4,754.21,13.7728,0.1887,180.0,D4D3,4,171.41,468.53,0,-1
44,legit_5,398.4,844.65,12.6188,-0.077,180.0,C5C4,1,51.81,522.04,0,-1
44,legit_6,522.36,1001.6,13.6514,0.0468,270.0,D5C5,1,106.69,571.72,0,-1
44,legit_7,398.4,781.95,3.7963,1.8405,180.0,C4C3,1,77.67,503.51,0,-1
44,sybil_0,830.0,840.0,9.9627,-8.9689,90.0,D4E4,5,80.0,529.96,1,0
44,sybil_1,670.0,840.0,14.7755,8.1253,90.0,D4E4,7,80.0,495.78,1,0
44,sybil_10,970.0,120.0,20.1213,20.1213,0.0,F0F1,5,80.0,703.87,1,3
44,sybil_11,1050.0,200.0,15.3003,-0.1364,0.0,F0F1,8,80.0,700.12,1,3
44,sybil_12,1130.0,120.0,12.5231,5.5222,0.0,F0F1,5,80.0,793.2,1,4
44,sybil_13,970.0,120.0,22.3923,4.942,0.0,F0F1,5,80.0,703.87,1,4
44,sybil_14,1050.0,200.0,8.2657,-0.4149,0.0,F0F1,8,80.0,700.12,1,4
44,sybil_15,1130.0,120.0,5.9485,5.9485,68.92,:F0_1,5,80.0,793.2,1,5
44,sybil_16,970.0,120.0,5.9909,-15.7172,0.0,E3E4,5,80.0,703.87,1,5
44,sybil_17,1050.0,200.0,14.6069,14.5145,0.0,E3E4,8,80.0,700.12,1,5
44,sybil_18,830.0,600.0,12.417,4.2285,0.0,E3E4,0,80.0,488.83,1,6
44,sybil_2,750.0,920.0,11.3774,11.3774,90.0,D4E4,9,80.0,540.23,1,0
44,sybil_24,830.0,1080.0,14.2246,9.0543,180.0,E5E4,1,80.0,650.36,1,8
44,sybil_25,670.0,1080.0,0.0,0.0,185.53,E5E4,0,80.0,619.36,1,8
44,sybil_3,830.0,840.0,18.7914,-4.9306,90.0,D4E4,5,80.0,529.96,1,1
44,sybil_32,150.0,680.0,4.5482,-4.2799,0.0,B3B4,3,80.0,600.51,1,10
44,sybil_33,230.0,600.0,29.2783,18.8724,0.0,B3B4,2,80.0,549.81,1,11
44,sybil_34,70.0,600.0,11.1447,3.5827,0.0,B3B4,2,80.0,651.49,1,11
44,sybil_35,150.0,680.0,0.0,-8.0616,0.0,B3B4,3,80.0,600.51,1,11
44,sybil_4,670.0,840.0,0.0,-7.8441,90.0,D4E4,7,80.0,495.78,1,1
44,sybil_5,750.0,920.0,1.5026,-0.5127,239.74,:D4_7,9,80.0,540.23,1,1
44,sybil_6,830.0,840.0,3.0654,-19.8962,270.0,E4D4,5,80.0,529.96,1,2
44,sybil_7,670.0,840.0,6.1637,6.1637,270.0,E4D4,7,80.0,495.78,1,2
44,sybil_8,750.0,920.0,8.0189,8.0189,270.0,F1E1,9,80.0,540.23,1,2
44,sybil_9,1130.0,120.0,17.5735,6.8552,311.07,:F1_10,5,80.0,793.2,1,3
45,legit_0,601.6,944.55,13.2944,0.6091,0.0,D4D5,4,181.53,537.8,0,-1
45,legit_1,-1.6,340.36,13.0472,1.1543,180.0,A2A1,0,152.87,748.01,0,-1
45,legit_2,598.4,637.95,12.6863,0.653,180.0,D4D3,1,153.17,451.9,0,-1
45,legit_3,899.3,1001.6,13.7772,0.7975,270.0,F5E5,1,168.63,628.28,0,-1
45,legit_4,598.4,740.61,13.6026,-0.1702,180.0,D4D3,4,178.61,465.61,0,-1
45,legit_5,398.4,831.48,13.1618,0.543,180.0,C5C4,1,52.3,517.57,0,-1
45,legit_6,509.32,1001.6,13.0401,-0.6113,270.0,D5C5,1,98.31,573.01,0,-1
45,legit_7,398.4,776.21,5.7387,1.9425,180.0,C4C3,1,82.05,502.12,0,-1
45,sybil_0,830.0,840.0,15.2322,5.2696,90.0,D4E4,5,80.0,529.96,1,0
45,sybil_1,670.0,840.0,9.4964,-5.2791,90.0,D4E4,7,80.0,495.78,1,0
45,sybil_10,970.0,120.0,14.2303,-5.891,0.0,F0F1,5,80.0,703.87,1,3
45,sybil_11,1050.0,200.0,12.1847,-3.1156,0.0,F0F1,8,80.0,700.12,1,3
45,sybil_12,1130.0,120.0,20.0556,7.5325,0.0,F0F1,5,80.0,793.2,1,4
45,sybil_13,970.0,120.0,15.1344,-7.2578,0.0,F0F1,5,80.0,703.87,1,4
45,sybil_14,1050.0,200.0,4.1299,-4.1358,0.0,F0F1,8,80.0,700.12,1,4
45,sybil_15,1130.0,120.0,11.7724,5.824,11.32,F0F1,5,80.0,793.2,1,5
45,sybil_16,970.0,120.0,20.3776,14.3867,0.0,E3E4,5,80.0,703.87,1,5
45,sybil_17,1050.0,200.0,0.3106,-14.2963,0.0,E3E4,8,80.0,700.12,1,5
45,sybil_18,830.0,600.0,18.3262,5.9093,0.0,E3E4,0,80.0,488.83,1,6
45,sybil_2,750.0,920.0,21.4917,10.1143,90.0,D4E4,8,80.0,540.23,1,0
45,sybil_24,830.0,1080.0,10.7479,-3.4767,180.0,E5E4,1,80.0,650.36,1,8
45,sybil_25,670.0,1080.0,0.0,0.0,182.93,E5E4,0,80.0,619.36,1,8
45,sybil_3,830.0,840.0,20.1132,1.3218,90.0,D4E4,5,80.0,529.96,1,1
45,sybil_32,150.0,680.0,18.2412,13.693,0.0,B3B4,3,80.0,600.51,1,10
45,sybil_33,230.0,600.0,24.9148,-4.3636,0.0,B3B4,2,80.0,549.81,1,11
45,sybil_34,70.0,600.0,0.0,-11.1447,0.0,B3B4,2,80.0,651.49,1,11
45,sybil_35,150.0,680.0,0.0,0.0,0.0,B3B4,3,80.0,600.51,1,11
45,sybil_4,670.0,840.0,13.1855,13.1855,90.0,D4E4,7,80.0,495.78,1,1
45,sybil_5,750.0,920.0,0.0,-1.5026,140.07,D4E4,8,80.0,540.23,1,1
45,sybil_6,830.0,840.0,1.2677,-1.7977,270.0,E4D4,5,80.0,529.96,1,2
45,sybil_7,670.0,840.0,0.0,-6.1637,270.0,E4D4,7,80.0,495.78,1,2
45,sybil_8,750.0,920.0,11.7014,3.6824,270.0,F1E1,8,80.0,540.23,1,2
45,sybil_9,1130.0,120.0,1.6191,-15.9544,272.87,F1E1,5,80.0,793.2,1,3
46,legit_0,601.6,957.48,12.9311,-0.3633,0.0,D4D5,5,189.27,544.36,0,-1
46,legit_1,-1.6,327.36,12.9994,-0.0478,180.0,A2A1,0,155.07,752.14,0,-1
46,legit_2,598.4,625.86,12.0909,-0.5954,180.0,D4D3,2,150.64,451.3,0,-1
46,legit_3,885.42,1001.6,13.8753,0.0981,270.0,F5E5,1,156.48,622.87,0,-1
46,legit_4,598.4,727.58,13.027,-0.5756,180.0,D4D3,5,186.17,463.05,0,-1
46,legit_5,398.4,818.87,12.6173,-0.5445,180.0,C5C4,1,55.76,513.61,0,-1
46,legit_6,495.85,1001.6,13.4634,0.4232,270.0,D5C5,1,90.82,574.58,0,-1
46,legit_7,398.4,768.02,8.1924,2.4536,180.0,C4C3,1,88.57,500.2,0,-1
46,sybil_0,830.0,840.0,1.0742,-14.158,99.16,:E4_12,5,80.0,529.96,1,0
46,sybil_1,670.0,840.0,5.9315,-3.5649,90.0,D4E4,7,80.0,495.78,1,0
46,sybil_10,970.0,120.0,11.2462,-2.9841,355.0,:F1_4,5,80.0,703.87,1,3
46,sybil_11,1050.0,200.0,9.3428,-2.842,0.0,F0F1,8,80.0,700.12,1,3
46,sybil_12,1130.0,120.0,6.1205,-13.9351,0.0,F0F1,5,80.0,793.2,1,4
46,sybil_13,970.0,120.0,4.4197,-10.7147,0.0,F0F1,5,80.0,703.87,1,4
46,sybil_14,1050.0,200.0,9.6005,5.4706,0.0,F0F1,8,80.0,700.12,1,4
46,sybil_15,1130.0,120.0,2.0113,-9.7611,0.0,F0F1,5,80.0,793.2,1,5
46,sybil_16,970.0,120.0,14.0507,-6.3269,0.0,E3E4,5,80.0,703.87,1,5
46,sybil_17,1050.0,200.0,5.2809,4.9703,0.0,E3E4,8,80.0,700.12,1,5
46,sybil_18,830.0,600.0,0.0,-18.3262,0.0,E3E4,0,80.0,488.83,1,6
46,sybil_19,670.0,600.0,0.0,0.0,0.0,E3E4,2,80.0,453.52,1,6
46,sybil_2,750.0,920.0,5.7773,-15.7143,90.0,D4E4,8,80.0,540.23,1,0
46,sybil_24,830.0,1080.0,0.0,-10.7479,180.0,E5E4,1,80.0,650.36,1,8
46,sybil_25,670.0,1080.0,0.0,0.0,180.0,E5E4,1,80.0,619.36,1,8
46,sybil_3,830.0,840.0,14.1313,-5.9819,90.0,D4E4,5,80.0,529.96,1,1
46,sybil_32,150.0,920.0,21.0478,2.8066,0.0,B3B4,0,80.0,663.14,1,10
46,sybil_33,230.0,600.0,6.5103,-18.4045,0.0,B3B4,2,80.0,549.81,1,11
46,sybil_34,70.0,600.0,16.8994,16.8994,0.0,B3B4,1,80.0,651.49,1,11
46,sybil_35,150.0,680.0,7.7778,7.7778,0.0,B3B4,3,80.0,600.51,1,11
46,sybil_36,230.0,600.0,0.0,0.0,0.0,B3B4,2,80.0,549.81,1,12
46,sybil_4,670.0,840.0,12.0788,-1.1067,90.0,D4E4,7,80.0,495.78,1,1
46,sybil_5,750.0,920.0,14.0295,14.0295,90.0,D4E4,8,80.0,540.23,1,1
46,sybil_6,830.0,840.0,9.408,8.1403,270.0,E4D4,5,80.0,529.96,1,2
46,sybil_7,670.0,840.0,10.6107,10.6107,270.0,E4D4,7,80.0,495.78,1,2
46,sybil_8,750.0,920.0,29.0796,17.3783,270.0,F1E1,8,80.0,540.23,1,2
46,sybil_9,1130.0,120.0,13.8446,12.2255,270.0,F1E1,5,80.0,793.2,1,3
47,legit_0,601.6,970.53,13.0554,0.1243,0.0,D4D5,5,184.41,551.19,0,-1
47,legit_1,-1.6,315.45,11.9144,-1.085,180.0,A2A1,0,158.01,756.09,0,-1
47,legit_2,598.4,613.04,12.8146,0.7237,180.0,D4D3,2,148.97,450.91,0,-1
47,legit_3,871.54,1001.6,13.8858,0.0104,270.0,F5E5,4,144.63,617.65,0,-1
47,legit_4,598.4,714.31,13.269,0.242,180.0,D4D3,6,187.32,460.68,0,-1
47,legit_5,398.4,805.68,13.1887,0.5715,180.0,:C4_1,1,61.97,509.76,0,-1
47,legit_6,482.81,1001.6,13.0399,-0.4235,270.0,D5C5,1,84.99,576.37,0,-1
47,legit_7,398.4,758.51,9.5034,1.311,180.0,C4C3,1,96.45,498.08,0,-1
47,sybil_0,830.0,840.0,9.715,8.6408,150.57,:E4_12,7,80.0,529.96,1,0
47,sybil_1,670.0,840.0,11.8261,5.8946,90.0,D4E4,9,80.0,495.78,1,0
47,sybil_10,970.0,120.0,9.893,-1.3532,321.91,:F1_10,5,80.0,703.87,1,3
47,sybil_11,1050.0,200.0,19.3665,10.0237,0.0,F0F1,8,80.0,700.12,1,3
47,sybil_12,1130.0,120.0,11.5,5.3795,0.0,F0F1,5,80.0,793.2,1,4
47,sybil_13,970.0,120.0,14.9451,10.5254,0.0,F0F1,5,80.0,703.87,1,4
47,sybil_14,1050.0,200.0,13.9725,4.372,0.0,F0F1,8,80.0,700.12,1,4
47,sybil_15,1130.0,120.0,5.8797,3.8684,0.0,F0F1,5,80.0,793.2,1,5
47,sybil_16,970.0,120.0,16.7459,2.6952,0.0,E3E4,5,80.0,703.87,1,5
47,sybil_17,1050.0,200.0,12.6332,7.3523,0.0,E3E4,8,80.0,700.12,1,5
47,sybil_18,830.0,600.0,28.043,28.043,0.0,E3E4,0,80.0,488.83,1,6
47,sybil_19,670.0,600.0,0.0,0.0,0.0,E3E4,2,80.0,453.52,1,6
47,sybil_2,750.0,920.0,24.2909,18.5136,90.0,D4E4,12,80.0,540.23,1,0
47,sybil_24,830.0,840.0,3.791,3.791,180.0,E5E4,7,80.0,529.96,1,8
47,sybil_25,670.0,840.0,0.0,0.0,180.0,E5E4,9,80.0,495.78,1,8
47,sybil_26,750.0,920.0,0.0,0.0,188.21,E5E4,12,80.0,540.23,1,8
47,sybil_3,830.0,840.0,16.32,2.1887,90.0,D4E4,7,80.0,529.96,1,1
47,sybil_32,150.0,920.0,10.3545,-10.6933,0.0,B3B4,0,80.0,663.14,1,10
47,sybil_33,230.0,600.0,7.8357,1.3255,0.0,B3B4,2,80.0,549.81,1,11
47,sybil_34,70.0,600.0,14.2236,-2.6759,0.0,B3B4,1,80.0,651.49,1,11
47,sybil_35,150.0,680.0,9.7263,1.9485,0.0,B3B4,3,80.0,600.51,1,11
47,sybil_36,230.0,600.0,10.5153,10.5153,0.0,B3B4,2,80.0,549.81,1,12
47,sybil_4,670.0,840.0,14.2744,2.1956,90.0,D4E4,9,80.0,495.78,1,1
47,sybil_5,750.0,920.0,14.5066,0.4771,90.0,D4E4,12,80.0,540.23,1,1
47,sybil_6,830.0,840.0,6.9407,-2.4672,269.36,:D4_7,7,80.0,529.96,1,2
47,sybil_7,670.0,840.0,0.0,-10.6107,270.0,E4D4,9,80.0,495.78,1,2
47,sybil_8,750.0,920.0,10.1088,-18.9708,270.0,F1E1,12,80.0,540.23,1,2
47,sybil_9,1130.0,120.0,6.597,-7.2476,270.0,F1E1,5,80.0,793.2,1,3
48,legit_0,601.6,981.37,10.8386,-2.2168,0.0,D4D5,1,178.18,557.03,0,-1
48,legit_1,-1.6,303.32,12.1303,0.2159,180.0,A2A1,0,161.85,760.28,0,-1
48,legit_2,598.4,600.45,12.5938,-0.2208,180.0,:D3_1,2,148.4,450.77,0,-1
48,legit_3,858.16,1001.6,13.3744,-0.5113,270.0,F5E5,4,133.59,612.82,0,-1
48,legit_4,598.4,700.84,13.4733,0.2043,180.0,D4D3,2,179.42,458.53,0,-1
48,legit_5,398.4,791.93,13.7467,0.558,180.0,C4C3,1,70.52,506.04,0,-1
48,legit_6,469.66,1001.6,13.1503,0.1104,270.0,D5C5,1,80.83,578.43,0,-1
48,legit_7,398.4,747.27,11.2401,1.7367,180.0,C4C3,1,106.12,495.71,0,-1
48,legit_8,998.4,787.7,0.0,0.0,180.0,F4F3,0,73.47,588.94,0,-1
48,sybil_0,830.0,840.0,0.0,-9.715,178.75,E4E3,7,80.0,529.96,1,0
48,sybil_1,670.0,840.0,0.3864,-11.4397,90.0,D4E4,7,80.0,495.78,1,0
48,sybil_10,970.0,120.0,16.423,6.53,275.02,F1E1,5,80.0,703.87,1,3
48,sybil_11,1050.0,200.0,16.5444,-2.8221,0.0,F0F1,8,80.0,700.12,1,3
48,sybil_12,1130.0,120.0,12.9685,1.4685,0.0,F0F1,5,80.0,793.2,1,4
48,sybil_13,970.0,120.0,20.7292,5.7841,0.0,F0F1,5,80.0,703.87,1,4
48,sybil_14,1050.0,200.0,29.4378,15.4653,0.0,F0F1,8,80.0,700.12,1,4
48,sybil_15,1130.0,120.0,1.4326,-4.4471,0.0,F0F1,5,80.0,793.2,1,5
48,sybil_16,970.0,120.0,9.3148,-7.4311,0.0,E3E4,5,80.0,703.87,1,5
48,sybil_17,1050.0,200.0,14.5317,1.8985,0.0,E3E4,8,80.0,700.12,1,5
48,sybil_18,830.0,600.0,14.8142,-13.2288,0.0,E3E4,1,80.0,488.83,1,6
48,sybil_19,670.0,600.0,8.8407,8.8407,0.0,E3E4,3,80.0,453.52,1,6
48,sybil_2,750.0,920.0,18.3704,-5.9205,90.0,D4E4,12,80.0,540.23,1,0
48,sybil_20,750.0,680.0,7.591,0.0,0.0,E3E4,2,80.0,470.85,1,6
48,sybil_24,830.0,840.0,27.2625,23.4714,180.0,E5E4,7,80.0,529.96,1,8
48,sybil_25,670.0,840.0,4.3032,4.3032,180.0,E5E4,7,80.0,495.78,1,8
48,sybil_26,750.0,920.0,9.4782,9.4782,184.46,E5E4,12,80.0,540.23,1,8
48,sybil_3,830.0,840.0,7.3022,-9.0178,90.0,D4E4,7,80.0,529.96,1,1
48,sybil_32,150.0,920.0,18.0029,7.6484,0.0,B3B4,0,80.0,663.14,1,10
48,sybil_33,230.0,600.0,16.6597,8.824,0.0,B3B4,2,80.0,549.81,1,11
48,sybil_34,70.0,600.0,22.0694,7.8459,0.0,B3B4,2,80.0,651.49,1,11
48,sybil_35,150.0,680.0,15.4695,5.7432,0.0,B3B4,4,80.0,600.51,1,11
48,sybil_36,230.0,600.0,0.0,-10.5153,0.0,B3B4,2,80.0,549.81,1,12
48,sybil_37,70.0,600.0,1.5534,0.0,0.0,B3B4,2,80.0,651.49,1,12
48,sybil_4,670.0,840.0,27.4554,13.181,90.0,D4E4,7,80.0,495.78,1,1
48,sybil_5,750.0,920.0,21.5813,7.0747,90.0,D4E4,12,80.0,540.23,1,1
48,sybil_6,830.0,840.0,5.34,-1.6008,240.37,:D4_7,7,80.0,529.96,1,2
48,sybil_7,670.0,840.0,0.0,0.0,270.0,E4D4,7,80.0,495.78,1,2
48,sybil_8,750.0,920.0,14.7765,4.6678,270.0,F1E1,12,80.0,540.23,1,2
48,sybil_9,1130.0,120.0,16.4689,9.8719,270.0,F1E1,5,80.0,793.2,1,3
49,legit_0,601.6,988.64,7.2628,-3.5758,0.0,D4D5,1,174.27,561.02,0,-1
49,legit_1,-1.6,290.65,12.6727,0.5424,180.0,A2A1,0,166.71,764.84,0,-1
49,legit_2,598.4,587.84,12.6098,0.016,180.0,D3D2,2,148.9,450.89,0,-1
49,legit_3,845.54,1001.6,12.6192,-0.7552,270.0,F5E5,4,123.59,608.44,0,-1
49,legit_4,598.4,688.07,12.7647,-0.7086,180.0,D4D3,2,172.57,456.72,0,-1
49,legit_5,398.4,778.21,13.7218,-0.0249,180.0,C4C3,1,80.5,502.6,0,-1
49,legit_6,456.79,1001.6,12.8703,-0.2799,270.0,D5C5,1,78.69,580.74,0,-1
49,legit_7,398.4,735.07,12.2047,0.9646,180.0,C4C3,1,116.93,493.3,0,-1
49,legit_8,998.4,786.38,1.3189,1.3189,180.0,F4F3,0,74.41,588.62,0,-1
49,sybil_0,830.0,840.0,5.8883,5.8883,180.0,E4E3,7,80.0,529.96,1,0
49,sybil_1,670.0,840.0,0.7802,0.3938,104.95,:E4_12,7,80.0,495.78,1,0
49,sybil_10,970.0,120.0,19.7055,3.2826,270.0,F1E1,5,80.0,703.87,1,3
49,sybil_11,1050.0,200.0,17.4673,0.9229,356.07,:F1_4,8,80.0,700.12,1,3
49,sybil_12,1130.0,120.0,14.206,1.2374,0.0,F0F1,5,80.0,793.2,1,4
49,sybil_13,970.0,120.0,15.8579,-4.8713,0.0,F0F1,5,80.0,703.87,1,4
49,sybil_14,1050.0,200.0,11.2354,-18.2024,0.0,F0F1,8,80.0,700.12,1,4
49,sybil_15,1130.0,120.0,13.6613,12.2287,0.0,F0F1,5,80.0,793.2,1,5
49,sybil_16,970.0,120.0,11.6746,2.3598,0.0,E3E4,5,80.0,703.87,1,5
49,sybil_17,1050.0,200.0,16.5692,2.0375,0.0,E3E4,8,80.0,700.12,1,5
49,sybil_18,830.0,600.0,10.2969,-4.5173,0.0,E3E4,1,80.0,488.83,1,6
49,sybil_19,670.0,600.0,1.3456,-7.4951,0.0,E3E4,3,80.0,453.52,1,6
49,sybil_2,750.0,920.0,13.5079,-4.8625,90.0,D4E4,12,80.0,540.23,1,0
49,sybil_20,750.0,680.0,0.0,-7.591,0.0,E3E4,2,80.0,470.85,1,6
49,sybil_24,830.0,840.0,2.8424,-24.42,180.0,E5E4,7,80.0,529.96,1,8
49,sybil_25,670.0,840.0,12.1758,7.8726,180.0,E5E4,7,80.0,495.78,1,8
49,sybil_26,750.0,920.0,9.4085,-0.0696,180.0,E5E4,12,80.0,540.23,1,8
49,sybil_3,830.0,840.0,0.0,-7.3022,90.0,D4E4,7,80.0,529.96,1,1
49,sybil_32,150.0,920.0,13.9654,-4.0375,0.0,B3B4,3,80.0,663.14,1,10
49,sybil_33,230.0,840.0,0.6147,-16.045,0.0,B3B4,2,80.0,589.02,1,11
49,sybil_34,70.0,840.0,11.8576,-10.2118,0.0,B3B4,2,80.0,687.62,1,11
49,sybil_35,150.0,920.0,15.7338,0.2643,0.0,B3B4,3,80.0,663.14,1,11
49,sybil_36,230.0,600.0,0.0,0.0,0.0,B3B4,0,80.0,549.81,1,12
49,sybil_37,70.0,600.0,4.8391,3.2857,0.0,B3B4,0,80.0,651.49,1,12
49,sybil_4,670.0,840.0,7.3804,-20.075,90.0,D4E4,7,80.0,495.78,1,1
49,sybil_5,750.0,920.0,11.4597,-10.1216,90.0,D4E4,12,80.0,540.23,1,1
49,sybil_6,830.0,840.0,0.0,-5.34,143.19,D4E4,7,80.0,529.96,1,2
49,sybil_7,670.0,840.0,3.1922,3.1922,270.0,E4D4,7,80.0,495.78,1,2
49,sybil_8,750.0,920.0,15.1775,0.401,270.0,F1E1,12,80.0,540.23,1,2
49,sybil_9,1130.0,120.0,15.6038,-0.8651,270.0,F1E1,5,80.0,793.2,1,3
50,legit_0,601.6,992.32,3.686,-3.5768,0.0,D4D5,0,172.37,563.08,0,-1
50,legit_1,-1.6,278.42,12.2234,-0.4492,180.0,A2A1,0,172.16,769.4,0,-1
50,legit_2,598.4,575.13,12.7072,0.0974,180.0,D3D2,2,150.47,451.26,0,-1
50,legit_3,832.33,1001.6,13.2162,0.597,270.0,F5E5,5,113.68,604.05,0,-1
50,legit_4,598.4,674.62,13.4548,0.6902,180.0,D4D3,2,166.1,455.07,0,-1
50,legit_5,398.4,764.69,13.5196,-0.2022,180.0,C4C3,1,91.29,499.45,0,-1
50,legit_6,443.46,1001.6,13.337,0.4666,270.0,D5C5,0,78.67,583.43,0,-1
50,legit_7,398.4,722.79,12.2787,0.074,180.0,C4C3,1,128.07,491.05,0,-1
50,legit_8,998.4,782.56,3.819,2.5001,180.0,F4F3,0,77.21,587.73,0,-1
50,sybil_0,830.0,840.0,3.719,-2.1693,180.0,E4E3,7,80.0,529.96,1,0
50,sybil_1,670.0,840.0,0.0,-0.7802,174.25,E4E3,7,80.0,495.78,1,0
50,sybil_10,970.0,120.0,12.9446,-6.7609,270.0,F1E1,5,80.0,703.87,1,3
50,sybil_11,1050.0,200.0,6.0612,-11.4061,316.84,:F1_10,8,80.0,700.12,1,3
50,sybil_12,1130.0,120.0,14.5973,0.3913,0.0,F0F1,5,80.0,793.2,1,4
50,sybil_13,970.0,120.0,1.5346,-14.3234,0.0,F0F1,5,80.0,703.87,1,4
50,sybil_14,1050.0,200.0,15.3613,4.1259,0.0,F0F1,8,80.0,700.12,1,4
50,sybil_15,1130.0,120.0,0.6817,-12.9796,0.0,F0F1,5,80.0,793.2,1,5
50,sybil_16,970.0,120.0,10.7933,-0.8812,0.0,E3E4,5,80.0,703.87,1,5
50,sybil_17,1050.0,200.0,20.6863,4.1171,0.0,E3E4,8,80.0,700.12,1,5
50,sybil_18,830.0,600.0,6.6038,-3.6931,0.0,E3E4,1,80.0,488.83,1,6
50,sybil_19,670.0,600.0,3.4356,2.09,0.0,E3E4,3,80.0,453.52,1,6
50,sybil_2,750.0,920.0,6.3505,-7.1574,90.0,D4E4,12,80.0,540.23,1,0
50,sybil_20,750.0,680.0,0.0,0.0,0.0,E3E4,2,80.0,470.85,1,6
50,sybil_24,830.0,840.0,16.1309,13.2885,180.0,E5E4,7,80.0,529.96,1,8
50,sybil_25,670.0,840.0,9.9114,-2.2643,180.0,E5E4,7,80.0,495.78,1,8
50,sybil_26,750.0,920.0,1.4179,-7.9906,180.0,E5E4,12,80.0,540.23,1,8
50,sybil_27,830.0,1080.0,0.0,0.0,185.86,E5E4,1,80.0,650.36,1,9
50,sybil_3,830.0,840.0,13.8817,13.8817,90.0,D4E4,7,80.0,529.96,1,1
50,sybil_32,150.0,920.0,16.2915,2.3261,0.0,B3B4,3,80.0,663.14,1,10
50,sybil_33,230.0,840.0,8.5787,7.964,0.0,B3B4,2,80.0,589.02,1,11
50,sybil_34,70.0,840.0,4.6146,-7.243,0.0,B3B4,2,80.0,687.62,1,11
50,sybil_35,150.0,920.0,8.6451,-7.0887,0.0,B3B4,3,80.0,663.14,1,11
50,sybil_36,230.0,600.0,6.3593,6.3593,0.0,B3B4,0,80.0,549.81,1,12
50,sybil_37,70.0,600.0,1.604,-3.2351,0.0,B3B4,0,80.0,651.49,1,12
50,sybil_4,670.0,840.0,13.7304,6.35,90.0,D4E4,7,80.0,495.78,1,1
50,sybil_5,750.0,920.0,6.4611,-4.9986,90.0,D4E4,12,80.0,540.23,1,1
50,sybil_6,830.0,840.0,0.0,0.0,90.0,D4E4,7,80.0,529.96,1,2
50,sybil_7,670.0,840.0,9.8322,6.64,270.0,E4D4,7,80.0,495.78,1,2
50,sybil_8,750.0,920.0,22.2324,7.0549,270.0,F1E1,12,80.0,540.23,1,2
50,sybil_9,1130.0,120.0,8.9448,-6.659,270.0,F1E1,5,80.0,793.2,1,3
51,legit_0,600.18,994.31,2.6096,-1.0764,342.05,:D5_5,0,172.59,564.19,0,-1
51,legit_1,-1.6,266.48,11.9399,-0.2835,180.0,A2A1,0,178.12,774.02,0,-1
51,legit_2,598.4,563.19,11.9365,-0.7706,180.0,D3D2,2,152.9,451.83,0,-1
51,legit_3,819.13,1001.6,13.1943,-0.0218,270.0,F5E5,5,104.53,599.88,0,-1
51,legit_4,598.4,661.59,13.0243,-0.4305,180.0,D4D3,2,160.67,453.72,0,-1
51,legit_5,398.4,750.98,13.7097,0.1901,180.0,C4C3,1,102.89,496.48,0,-1
51,legit_6,430.42,1001.6,13.0311,-0.3058,270.0,D5C5,0,80.81,586.35,0,-1
51,legit_7,398.4,710.57,12.2231,-0.0556,180.0,C4C3,1,122.01,488.99,0,-1
51,legit_8,998.4,776.48,6.0859,2.2669,180.0,F4F3,0,81.84,586.35,0,-1
51,sybil_0,830.0,840.0,5.6888,1.9698,180.0,E4E3,7,80.0,529.96,1,0
51,sybil_1,670.0,840.0,7.467,7.467,180.0,E4E3,7,80.0,495.78,1,0
51,sybil_10,970.0,120.0,15.4468,2.5022,270.0,F1E1,5,80.0,703.87,1,3
51,sybil_11,1050.0,200.0,11.8584,5.7973,273.85,F1E1,8,80.0,700.12,1,3
51,sybil_12,1130.0,120.0,11.6761,-2.9212,0.0,F0F1,5,80.0,793.2,1,4
51,sybil_13,970.0,120.0,9.4359,7.9014,0.0,F0F1,5,80.0,703.87,1,4
51,sybil_14,1050.0,200.0,14.8573,-0.504,0.0,F0F1,8,80.0,700.12,1,4
51,sybil_15,1130.0,120.0,6.2093,5.5276,0.0,F0F1,5,80.0,793.2,1,5
51,sybil_16,970.0,120.0,13.6687,2.8754,0.0,E3E4,5,80.0,703.87,1,5
51,sybil_17,1050.0,200.0,4.7872,-15.8991,0.0,E3E4,8,80.0,700.12,1,5
51,sybil_18,830.0,600.0,19.8605,13.2567,0.0,E3E4,1,80.0,488.83,1,6
51,sybil_19,670.0,600.0,6.0534,2.6178,0.0,E3E4,3,80.0,453.52,1,6
51,sybil_2,750.0,920.0,8.7627,2.4122,90.0,D4E4,12,80.0,540.23,1,0
51,sybil_20,750.0,680.0,12.0621,12.0621,0.0,E3E4,2,80.0,470.85,1,6
51,sybil_24,830.0,840.0,7.5818,-8.5491,180.0,E5E4,7,80.0,529.96,1,8
51,sybil_25,670.0,840.0,10.6444,0.733,180.0,E5E4,7,80.0,495.78,1,8
51,sybil_26,750.0,920.0,0.0,-1.4179,180.0,E5E4,12,80.0,540.23,1,8
51,sybil_27,830.0,1080.0,0.0,0.0,182.98,E5E4,1,80.0,650.36,1,9
51,sybil_3,830.0,840.0,35.3492,21.4675,90.0,D4E4,7,80.0,529.96,1,1
51,sybil_32,150.0,920.0,13.3892,-2.9023,0.0,B3B4,3,80.0,663.14,1,10
51,sybil_33,230.0,840.0,5.641,-2.9377,0.0,B3B4,2,80.0,589.02,1,11
51,sybil_34,70.0,840.0,19.6586,15.044,0.0,B3B4,2,80.0,687.62,1,11
51,sybil_35,150.0,920.0,21.2204,12.5753,0.0,B3B4,3,80.0,663.14,1,11
51,sybil_36,230.0,600.0,5.0229,-1.3364,0.0,B3B4,0,80.0,549.81,1,12
51,sybil_37,70.0,600.0,17.0376,15.4336,0.0,B3B4,0,80.0,651.49,1,12
51,sybil_4,670.0,840.0,8.8083,-4.9221,90.0,D4E4,7,80.0,495.78,1,1
51,sybil_5,750.0,920.0,23.8256,17.3644,90.0,D4E4,12,80.0,540.23,1,1
51,sybil_6,830.0,840.0,0.0,0.0,90.0,D4E4,7,80.0,529.96,1,2
51,sybil_7,670.0,840.0,0.0,-9.8322,267.98,:D4_7,7,80.0,495.78,1,2
51,sybil_8,750.0,920.0,11.5727,-10.6597,270.0,F1E1,12,80.0,540.23,1,2
51,sybil_9,1130.0,120.0,3.112,-5.8328,270.0,F1E1,5,80.0,793.2,1,3
52,legit_0,598.4,992.07,3.2646,0.655,250.49,D5D4,0,172.49,562.94,0,-1
52,legit_1,-1.6,253.72,12.7652,0.8253,180.0,A2A1,0,185.15,779.12,0,-1
52,legit_2,598.4,550.3,12.8946,0.9581,180.0,D3D2,2,156.5,452.7,0,-1
52,legit_3,805.97,1001.6,13.1636,-0.0307,270.0,:E5_0,5,96.33,595.94,0,-1
52,legit_4,598.4,648.05,13.5427,0.5183,180.0,D4D3,2,155.99,452.57,0,-1
52,legit_5,398.4,737.67,13.31,-0.3997,180.0,C4C3,1,114.6,493.8,0,-1
52,legit_6,417.63,1001.6,12.79,-0.2411,270.0,D5C5,0,84.82,589.48,0,-1
52,legit_7,398.4,698.43,12.1371,-0.0859,180.0,C4C3,1,111.14,487.1,0,-1
52,legit_8,998.4,768.6,7.8763,1.7904,180.0,F4F3,0,88.09,584.63,0,-1
52,sybil_0,830.0,840.0,0.0,-5.6888,180.0,E4E3,7,80.0,529.96,1,0
52,sybil_1,670.0,840.0,21.9237,14.4567,180.0,E4E3,7,80.0,495.78,1,0
52,sybil_10,970.0,120.0,18.5199,3.0731,270.0,F1E1,5,80.0,703.87,1,3
52,sybil_11,1050.0,200.0,5.1346,-6.7239,270.0,F1E1,8,80.0,700.12,1,3
52,sybil_12,1130.0,120.0,13.2912,1.6151,0.0,F0F1,5,80.0,793.2,1,4
52,sybil_13,970.0,120.0,22.2032,12.7673,0.0,F0F1,5,80.0,703.87,1,4
52,sybil_14,1050.0,200.0,19.8809,5.0236,0.0,F0F1,8,80.0,700.12,1,4
52,sybil_15,1130.0,120.0,10.4147,4.2054,0.0,F0F1,5,80.0,793.2,1,5
52,sybil_16,970.0,120.0,13.0609,-0.6078,0.0,E3E4,5,80.0,703.87,1,5
52,sybil_17,1050.0,200.0,13.9936,9.2064,0.0,E3E4,8,80.0,700.12,1,5
52,sybil_18,830.0,600.0,15.3324,-4.5281,0.0,E3E4,2,80.0,488.83,1,6
52,sybil_19,670.0,600.0,11.0461,4.9927,0.0,E3E4,3,80.0,453.52,1,6
52,sybil_2,750.0,920.0,11.0072,2.2445,105.22,:E4_12,12,80.0,540.23,1,0
52,sybil_20,750.0,680.0,4.9156,-7.1465,0.0,E3E4,3,80.0,470.85,1,6
52,sybil_21,830.0,600.0,1.6255,0.0,0.0,E3E4,2,80.0,488.83,1,7
52,sybil_24,830.0,840.0,23.5767,15.9949,180.0,E5E4,7,80.0,529.96,1,8
52,sybil_25,670.0,840.0,13.719,3.0745,180.0,E5E4,7,80.0,495.78,1,8
52,sybil_26,750.0,920.0,21.9676,21.9676,180.0,E5E4,12,80.0,540.23,1,8
52,sybil_27,830.0,1080.0,0.0,0.0,180.0,E5E4,1,80.0,650.36,1,9
52,sybil_3,830.0,840.0,26.3394,-9.0099,90.0,D4E4,7,80.0,529.96,1,1
52,sybil_32,150.0,920.0,27.5284,14.1392,0.0,:B4_9,3,80.0,663.14,1,10
52,sybil_33,230.0,840.0,21.3523,15.7114,0.0,B3B4,2,80.0,589.02,1,11
52,sybil_34,70.0,840.0,0.0,-19.6586,0.0,B3B4,2,80.0,687.62,1,11
52,sybil_35,150.0,920.0,3.7961,-17.4243,0.0,B3B4,3,80.0,663.14,1,11
52,sybil_36,230.0,600.0,17.8659,12.843,0.0,B3B4,1,80.0,549.81,1,12
52,sybil_37,70.0,600.0,0.0,-17.0376,0.0,B3B4,1,80.0,651.49,1,12
52,sybil_38,150.0,680.0,0.0,0.0,0.0,B3B4,2,80.0,600.51,1,12
52,sybil_4,670.0,840.0,19.9023,11.094,90.0,D4E4,7,80.0,495.78,1,1
52,sybil_5,750.0,920.0,10.9788,-12.8468,90.0,D4E4,12,80.0,540.23,1,1
52,sybil_6,830.0,840.0,19.1819,19.1819,90.0,D4E4,7,80.0,529.96,1,2
52,sybil_7,670.0,840.0,3.622,3.622,248.45,:D4_7,7,80.0,495.78,1,2
52,sybil_8,750.0,920.0,12.0573,0.4846,270.0,F1E1,12,80.0,540.23,1,2
52,sybil_9,1130.0,120.0,9.6775,6.5654,270.0,F1E1,5,80.0,793.2,1,3
53,legit_0,598.4,986.64,5.4384,2.1738,180.0,D5D4,1,175.33,559.92,0,-1
53,legit_1,-1.6,240.77,12.9494,0.1842,180.0,A2A1,0,192.87,784.48,0,-1
53,legit_2,598.4,537.95,12.3507,-0.5439,180.0,D3D2,2,160.85,453.76,0,-1
53,legit_3,792.56,1001.6,13.4098,0.2462,270.0,E5D5,6,89.21,592.17,0,-1
53,legit_4,598.4,634.54,13.5091,-0.0336,180.0,D4D3,2,152.37,451.71,0,-1
53,legit_5,398.4,725.0,12.6709,-0.6391,180.0,C4C3,1,126.05,491.45,0,-1
53,legit_6,404.01,1001.6,13.6228,0.8328,270.0,:C5_0,0,90.89,593.11,0,-1
53,legit_7,398.4,686.0,12.4311,0.2939,180.0,C4C3,1,100.29,485.35,0,-1
53,legit_8,998.4,758.48,10.115,2.2387,180.0,F4F3,0,96.47,582.53,0,-1
53,sybil_0,830.0,840.0,13.3774,13.3774,180.0,E4E3,7,80.0,529.96,1,0
53,sybil_1,670.0,840.0,8.24,-13.6836,180.0,E4E3,7,80.0,495.78,1,0
53,sybil_10,970.0,120.0,8.1424,-10.3774,270.0,F1E1,5,80.0,703.87,1,3
53,sybil_11,1050.0,200.0,0.0,-5.1346,270.0,F1E1,8,80.0,700.12,1,3
53,sybil_12,1130.0,120.0,16.8761,3.585,0.0,F0F1,5,80.0,793.2,1,4
53,sybil_13,970.0,120.0,8.6525,-13.5506,0.0,F0F1,5,80.0,703.87,1,4
53,sybil_14,1050.0,200.0,7.4674,-12.4135,0.0,F0F1,8,80.0,700.12,1,4
53,sybil_15,1130.0,120.0,12.8194,2.4047,0.0,F0F1,5,80.0,793.2,1,5
53,sybil_16,970.0,120.0,3.2043,-9.8567,0.0,E3E4,5,80.0,703.87,1,5
53,sybil_17,1050.0,200.0,0.0,-13.9936,0.0,E3E4,8,80.0,700.12,1,5
53,sybil_18,830.0,600.0,14.7077,-0.6246,0.0,E3E4,2,80.0,488.83,1,6
53,sybil_19,670.0,600.0,13.0577,2.0116,0.0,E3E4,3,80.0,453.52,1,6
53,sybil_2,750.0,920.0,24.0149,13.0077,167.0,E4E3,12,80.0,540.23,1,0
53,sybil_20,750.0,680.0,28.0192,23.1037,0.0,E3E4,3,80.0,470.85,1,6
53,sybil_21,830.0,600.0,13.9109,12.2854,0.0,E3E4,2,80.0,488.83,1,7
53,sybil_24,830.0,840.0,6.0739,-17.5029,180.0,E5E4,7,80.0,529.96,1,8
53,sybil_25,670.0,840.0,14.126,0.4071,180.0,E5E4,7,80.0,495.78,1,8
53,sybil_26,750.0,920.0,3.9236,-18.044,180.0,E5E4,12,80.0,540.23,1,8
53,sybil_27,830.0,1080.0,0.0,0.0,180.0,E5E4,1,80.0,650.36,1,9
53,sybil_28,670.0,1080.0,0.0,0.0,187.6,E5E4,2,80.0,619.36,1,9
53,sybil_3,830.0,840.0,2.6934,-23.6459,90.0,D4E4,7,80.0,529.96,1,1
53,sybil_32,150.0,920.0,16.0144,-11.514,0.0,B4B5,3,80.0,663.14,1,10
53,sybil_33,230.0,840.0,9.5179,-11.8344,0.0,B3B4,2,80.0,589.02,1,11
53,sybil_34,70.0,840.0,19.4317,19.4317,0.0,B3B4,2,80.0,687.62,1,11
53,sybil_35,150.0,920.0,6.2561,2.4599,0.0,B3B4,3,80.0,663.14,1,11
53,sybil_36,230.0,600.0,8.519,-9.3468,0.0,B3B4,1,80.0,549.81,1,12
53,sybil_37,70.0,600.0,11.8659,11.8659,0.0,B3B4,1,80.0,651.49,1,12
53,sybil_38,150.0,680.0,6.2096,6.2096,0.0,B3B4,2,80.0,600.51,1,12
53,sybil_4,670.0,840.0,15.8536,-4.0487,90.0,D4E4,7,80.0,495.78,1,1
53,sybil_5,750.0,920.0,16.2616,5.2828,90.0,D4E4,12,80.0,540.23,1,1
53,sybil_6,830.0,840.0,0.0,-19.1819,90.0,D4E4,7,80.0,529.96,1,2
53,sybil_7,670.0,840.0,9.0001,5.3781,167.35,D4E4,7,80.0,495.78,1,2
53,sybil_8,750.0,920.0,3.1287,-8.9286,270.0,F1E1,12,80.0,540.23,1,2
53,sybil_9,1130.0,120.0,20.6461,10.9686,270.0,F1E1,5,80.0,793.2,1,3
54,legit_0,598.4,979.75,6.8869,1.4485,180.0,D5D4,1,179.09,556.15,0,-1
54,legit_1,-1.6,227.85,12.9177,-0.0317,180.0,A2A1,0,186.05,789.99,0,-1
54,legit_2,598.4,526.03,11.9211,-0.4296,180.0,D3D2,2,165.81,455.0,0,-1
54,legit_3,779.95,1001.6,12.6075,-0.8023,270.0,E5D5,7,83.93,588.87,0,-1
54,legit_4,598.4,621.12,13.4231,-0.086,180.0,D4D3,2,149.9,451.12,0,-1
54,legit_5,398.4,712.14,12.8634,0.1925,180.0,C4C3,2,123.44,489.24,0,-1
54,legit_6,390.6,1001.6,13.4155,-0.2073,270.0,C5B5,0,98.36,596.94,0,-1
54,legit_7,398.4,674.23,11.7725,-0.6586,180.0,C4C3,2,90.4,483.86,0,-1
54,legit_8,998.4,746.32,12.1678,2.0528,180.0,F4F3,0,106.95,580.14,0,-1
54,legit_9,401.6,812.3,0.0,0.0,0.0,C4C5,2,55.77,510.65,0,-1
54,sybil_0,830.0,840.0,1.1969,-12.1804,180.0,E4E3,9,80.0,529.96,1,0
54,sybil_1,670.0,840.0,10.6315,2.3915,180.0,E4E3,9,80.0,495.78,1,0
54,sybil_10,970.0,120.0,17.0917,8.9493,270.0,F1E1,5,80.0,703.87,1,3
54,sybil_11,1050.0,200.0,10.8451,10.8451,270.0,F1E1,8,80.0,700.12,1,3
54,sybil_12,1130.0,120.0,7.6417,-9.2345,0.0,F0F1,5,80.0,793.2,1,4
54,sybil_13,970.0,120.0,5.4034,-3.2491,0.0,F0F1,5,80.0,703.87,1,4
54,sybil_14,1050.0,200.0,6.8653,-0.6021,0.0,F0F1,8,80.0,700.12,1,4
54,sybil_15,1130.0,120.0,22.991,10.1715,0.0,F0F1,5,80.0,793.2,1,5
54,sybil_16,970.0,120.0,6.5998,3.3955,354.26,:E4_10,5,80.0,703.87,1,5
54,sybil_17,1050.0,200.0,13.4444,13.4444,0.0,E3E4,8,80.0,700.12,1,5
54,sybil_18,830.0,840.0,7.2542,-7.4536,0.0,E3E4,9,80.0,529.96,1,6
54,sybil_19,670.0,840.0,30.4602,17.4025,0.0,E3E4,9,80.0,495.78,1,6
54,sybil_2,750.0,920.0,10.8606,-13.1543,180.0,E4E3,15,80.0,540.23,1,0
54,sybil_20,750.0,920.0,19.7596,-8.2597,0.0,E3E4,15,80.0,540.23,1,6
54,sybil_21,830.0,600.0,4.6387,-9.2722,0.0,E3E4,0,80.0,488.83,1,7
54,sybil_22,670.0,600.0,4.2889,0.0,0.0,E3E4,2,80.0,453.52,1,7
54,sybil_24,830.0,840.0,7.377,1.3032,180.0,E5E4,9,80.0,529.96,1,8
54,sybil_25,670.0,840.0,0.0,-14.126,180.0,E5E4,9,80.0,495.78,1,8
54,sybil_26,750.0,920.0,5.2501,1.3265,180.0,E5E4,15,80.0,540.23,1,8
54,sybil_27,830.0,1080.0,0.0,0.0,180.0,E5E4,1,80.0,650.36,1,9
54,sybil_28,670.0,1080.0,0.0,0.0,183.27,E5E4,2,80.0,619.36,1,9
54,sybil_3,830.0,840.0,22.9908,20.2974,90.0,D4E4,9,80.0,529.96,1,1
54,sybil_32,150.0,920.0,9.5783,-6.4361,0.0,B4B5,3,80.0,663.14,1,10
54,sybil_33,230.0,840.0,16.65,7.1321,0.0,B3B4,2,80.0,589.02,1,11
54,sybil_34,70.0,840.0,7.1029,-12.3289,0.0,B3B4,2,80.0,687.62,1,11
54,sybil_35,150.0,920.0,8.1084,1.8524,0.0,B3B4,3,80.0,663.14,1,11
54,sybil_36,230.0,600.0,16.6611,8.1421,0.0,B3B4,2,80.0,549.81,1,12
54,sybil_37,70.0,600.0,3.6356,-8.2303,0.0,B3B4,1,80.0,651.49,1,12
54,sybil_38,150.0,680.0,11.8001,5.5904,0.0,B3B4,3,80.0,600.51,1,12
54,sybil_39,230.0,600.0,0.0,0.0,0.0,B3B4,2,80.0,549.81,1,13
54,sybil_4,670.0,840.0,18.3783,2.5248,90.0,D4E4,9,80.0,495.78,1,1
54,sybil_5,750.0,920.0,11.6097,-4.6518,90.0,D4E4,15,80.0,540.23,1,1
54,sybil_6,830.0,840.0,12.5371,12.5371,90.0,D4E4,9,80.0,529.96,1,2
54,sybil_7,670.0,840.0,15.092,6.0919,91.84,D4E4,9,80.0,495.78,1,2
54,sybil_8,750.0,920.0,13.4005,10.2718,270.0,F1E1,15,80.0,540.23,1,2
54,sybil_9,1130.0,120.0,23.4031,2.757,270.0,F1E1,5,80.0,793.2,1,3
55,legit_0,598.4,970.29,9.4538,2.5669,180.0,D5D4,6,184.55,551.07,0,-1
55,legit_1,-1.6,215.5,12.353,-0.5647,180.0,A2A1,0,179.17,795.43,0,-1
55,legit_2,598.4,513.55,12.4762,0.5551,180.0,D3D2,2,171.74,456.51,0,-1
55,legit_3,766.78,1001.6,13.1715,0.5641,270.0,E5D5,7,80.18,585.69,0,-1
55,legit_4,598.4,607.46,13.6646,0.2415,180.0,D4D3,2,148.59,450.82,0,-1
55,legit_5,398.4,698.65,13.4843,0.6209,180.0,C4C3,2,111.33,487.13,0,-1
55,legit_6,376.71,1001.6,13.8864,0.4708,270.0,C5B5,0,107.32,601.17,0,-1
55,legit_7,398.4,662.78,11.4496,-0.3229,180.0,C4C3,1,81.26,482.57,0,-1
55,legit_8,998.4,734.42,11.8989,-0.2689,180.0,F4F3,0,117.52,577.96,0,-1
55,legit_9,401.6,814.55,2.248,2.248,0.0,C4C5,1,54.68,511.31,0,-1
55,sybil_0,830.0,840.0,11.0259,9.8289,180.0,E4E3,9,80.0,529.96,1,0
55,sybil_1,670.0,840.0,23.2358,12.6043,180.0,E4E3,10,80.0,495.78,1,0
55,sybil_10,970.0,120.0,17.8845,0.7927,270.0,F1E1,5,80.0,703.87,1,3
55,sybil_11,1050.0,200.0,0.0,-10.8451,270.0,F1E1,8,80.0,700.12,1,3
55,sybil_12,1130.0,120.0,7.6138,-0.0279,0.0,F0F1,5,80.0,793.2,1,4
55,sybil_13,970.0,120.0,6.2316,0.8281,0.0,F0F1,5,80.0,703.87,1,4
55,sybil_14,1050.0,200.0,11.7581,4.8928,0.0,F0F1,8,80.0,700.12,1,4
55,sybil_15,1130.0,120.0,30.7421,7.7512,0.0,F0F1,5,80.0,793.2,1,5
55,sybil_16,970.0,120.0,4.0299,-2.5699,313.25,:E4_18,5,80.0,703.87,1,5
55,sybil_17,1050.0,200.0,9.101,-4.3434,0.0,E3E4,8,80.0,700.12,1,5
55,sybil_18,830.0,840.0,9.9204,2.6662,0.0,E3E4,9,80.0,529.96,1,6
55,sybil_19,670.0,840.0,7.4904,-22.9698,0.0,E3E4,10,80.0,495.78,1,6
55,sybil_2,750.0,920.0,9.6451,-1.2155,180.0,E4E3,15,80.0,540.23,1,0
55,sybil_20,750.0,920.0,10.7069,-9.0527,0.0,E3E4,15,80.0,540.23,1,6
55,sybil_21,830.0,600.0,9.6762,5.0375,0.0,E3E4,0,80.0,488.83,1,7
55,sybil_22,670.0,600.0,0.0,-4.2889,0.0,E3E4,2,80.0,453.52,1,7
55,sybil_24,830.0,840.0,31.8556,24.4785,180.0,E5E4,9,80.0,529.96,1,8
55,sybil_25,670.0,840.0,11.1519,11.1519,180.0,E5E4,10,80.0,495.78,1,8
55,sybil_26,750.0,920.0,11.0767,5.8266,180.0,E5E4,15,80.0,540.23,1,8
55,sybil_27,830.0,1080.0,24.6421,24.6421,180.0,E5E4,1,80.0,650.36,1,9
55,sybil_28,670.0,1080.0,0.0,0.0,180.0,E5E4,2,80.0,619.36,1,9
55,sybil_3,830.0,840.0,17.6248,-5.3661,94.73,:E4_12,9,80.0,529.96,1,1
55,sybil_32,150.0,920.0,2.3295,-7.2488,0.0,B4B5,3,80.0,663.14,1,10
55,sybil_33,230.0,840.0,17.353,0.7029,0.0,B3B4,2,80.0,589.02,1,11
55,sybil_34,70.0,840.0,13.1963,6.0935,0.0,B3B4,2,80.0,687.62,1,11
55,sybil_35,150.0,920.0,10.5455,2.4371,0.0,B3B4,3,80.0,663.14,1,11
55,sybil_36,230.0,600.0,0.0,-16.6611,0.0,B3B4,2,80.0,549.81,1,12
55,sybil_37,70.0,600.0,10.8669,7.2313,0.0,B3B4,1,80.0,651.49,1,12
55,sybil_38,150.0,680.0,23.2614,11.4613,0.0,B3B4,3,80.0,600.51,1,12
55,sybil_39,230.0,600.0,0.0,0.0,0.0,B3B4,2,80.0,549.81,1,13
55,sybil_4,670.0,840.0,3.0884,-15.29,90.0,D4E4,10,80.0,495.78,1,1
55,sybil_5,750.0,920.0,4.7644,-6.8454,90.0,D4E4,15,80.0,540.23,1,1
55,sybil_6,830.0,840.0,18.2884,5.7513,90.0,D4E4,9,80.0,529.96,1,2
55,sybil_7,670.0,840.0,0.0,-15.092,90.0,D4E4,10,80.0,495.78,1,2
55,sybil_8,750.0,920.0,26.379,12.9785,270.0,F1E1,15,80.0,540.23,1,2
55,sybil_9,1130.0,120.0,16.488,-6.9151,270.0,F1E1,5,80.0,793.2,1,3
56,legit_0,598.4,958.91,11.3809,1.9271,180.0,D5D4,5,190.17,545.1,0,-1
56,legit_1,-1.6,207.4,8.1008,-4.2521,180.0,A2A1,0,174.99,799.08,0,-1
56,legit_2,598.4,500.8,12.7507,0.2745,180.0,D3D2,3,178.5,458.29,0,-1
56,legit_3,753.47,1001.6,13.3137,0.1421,270.0,E5D5,5,78.48,582.78,0,-1
56,legit_4,598.4,593.66,13.7978,0.1332,180.0,:D3_1,3,148.54,450.81,0,-1
56,legit_5,398.4,684.77,13.8767,0.3924,180.0,C4C3,2,99.24,485.19,0,-1
56,legit_6,363.22,1001.6,13.4852,-0.4012,270.0,C5B5,0,116.95,605.5,0,-1
56,legit_7,398.4,651.22,11.5556,0.106,180.0,C4C3,1,72.71,481.45,0,-1
56,legit_8,998.4,722.75,11.6709,-0.228,180.0,F4F3,0,128.1,575.97,0,-1
56,legit_9,401.6,819.27,4.7239,2.4758,0.0,C4C5,1,52.65,512.72,0,-1
56,sybil_0,830.0,600.0,15.8868,4.861,180.0,E4E3,2,80.0,488.83,1,0
56,sybil_1,670.0,600.0,4.6315,-18.6043,180.0,E4E3,4,80.0,453.52,1,0
56,sybil_10,670.0,120.0,11.6443,-6.2402,270.0,F1E1,1,80.0,619.36,1,3
56,sybil_11,750.0,200.0,11.28,11.28,270.0,F1E1,2,80.0,581.19,1,3
56,sybil_12,1130.0,120.0,12.4579,4.8441,357.04,:F1_4,3,80.0,793.2,1,4
56,sybil_13,970.0,120.0,4.6747,-1.5568,0.0,F0F1,4,80.0,703.87,1,4
56,sybil_14,1050.0,200.0,15.0518,3.2938,0.0,F0F1,5,80.0,700.12,1,4
56,sybil_15,1130.0,120.0,18.92,-11.8221,0.0,F0F1,3,80.0,793.2,1,5
56,sybil_16,970.0,120.0,8.1018,4.0718,271.28,E4D4,4,80.0,703.87,1,5
56,sybil_17,1050.0,200.0,17.4465,8.3455,0.0,E3E4,5,80.0,700.12,1,5
56,sybil_18,830.0,840.0,2.1528,-7.7676,0.0,E3E4,9,80.0,529.96,1,6
56,sybil_19,670.0,840.0,18.2567,10.7663,0.0,E3E4,10,80.0,495.78,1,6
56,sybil_2,750.0,680.0,13.45,3.8049,180.0,E4E3,4,80.0,470.85,1,0
56,sybil_20,750.0,920.0,10.3772,-0.3297,0.0,E3E4,15,80.0,540.23,1,6
56,sybil_21,830.0,600.0,0.0,-9.6762,0.0,E3E4,2,80.0,488.83,1,7
56,sybil_22,670.0,600.0,0.0,0.0,0.0,E3E4,4,80.0,453.52,1,7
56,sybil_24,830.0,840.0,8.5082,-23.3474,180.0,E5E4,9,80.0,529.96,1,8
56,sybil_25,670.0,840.0,19.1757,8.0239,180.0,E5E4,10,80.0,495.78,1,8
56,sybil_26,750.0,920.0,20.4409,9.3642,180.0,E5E4,15,80.0,540.23,1,8
56,sybil_27,830.0,840.0,16.1981,-8.444,180.0,E5E4,9,80.0,529.96,1,9
56,sybil_28,670.0,840.0,13.7415,13.7415,180.0,E5E4,10,80.0,495.78,1,9
56,sybil_29,750.0,920.0,8.4352,0.0,192.52,E5E4,15,80.0,540.23,1,9
56,sybil_3,830.0,840.0,24.7628,7.138,149.59,:E4_12,9,80.0,529.96,1,1
56,sybil_32,150.0,920.0,16.0019,13.6724,0.0,B4B5,3,80.0,663.14,1,10
56,sybil_33,230.0,840.0,8.6389,-8.7141,0.0,:B4_9,2,80.0,589.02,1,11
56,sybil_34,70.0,840.0,7.1671,-6.0292,0.0,B3B4,2,80.0,687.62,1,11
56,sybil_35,150.0,920.0,5.5141,-5.0315,0.0,B3B4,3,80.0,663.14,1,11
56,sybil_36,230.0,600.0,10.9042,10.9042,0.0,B3B4,2,80.0,549.81,1,12
56,sybil_37,70.0,600.0,0.0,-10.8669,0.0,B3B4,1,80.0,651.49,1,12
56,sybil_38,150.0,680.0,13.2365,-10.0249,0.0,B3B4,3,80.0,600.51,1,12
56,sybil_39,230.0,600.0,9.0527,9.0527,0.0,B3B4,2,80.0,549.81,1,13
56,sybil_4,670.0,840.0,0.9998,-2.0886,90.0,D4E4,10,80.0,495.78,1,1
56,sybil_5,750.0,920.0,10.8038,6.0394,90.0,D4E4,15,80.0,540.23,1,1
56,sybil_6,830.0,840.0,2.0626,-16.2258,90.0,D4E4,9,80.0,529.96,1,2
56,sybil_7,670.0,840.0,28.2848,28.2848,90.0,D4E4,10,80.0,495.78,1,2
56,sybil_8,750.0,920.0,16.9738,-9.4052,270.0,F1E1,15,80.0,540.23,1,2
56,sybil_9,830.0,120.0,22.8603,6.3723,270.0,F1E1,3,80.0,650.36,1,3
57,legit_0,598.4,945.58,13.3354,1.9545,180.0,D5D4,5,182.12,538.32,0,-1
57,legit_1,0.26,201.17,6.6385,-1.4623,160.22,:A1_9,0,170.32,800.56,0,-1
57,legit_2,598.4,488.93,11.8741,-0.8766,180.0,D3D2,3,185.36,460.14,0,-1
57,legit_3,740.5,1001.6,12.9687,-0.345,270.0,E5D5,5,78.97,580.23,0,-1
57,legit_4,598.4,580.07,13.592,-0.2058,180.0,D3D2,3,149.73,451.09,0,-1
57,legit_5,398.4,671.97,12.8045,-1.0722,180.0,C4C3,1,88.56,483.59,0,-1
57,legit_6,350.25,1001.6,12.9726,-0.5126,270.0,C5B5,0,126.87,609.88,0,-1
57,legit_7,398.4,639.88,11.3387,-0.2169,180.0,C4C3,1,65.22,480.53,0,-1
57,legit_8,998.4,711.55,11.1932,-0.4776,180.0,F4F3,0,122.91,574.19,0,-1
57,legit_9,401.6,825.33,6.0594,1.3355,0.0,C4C5,0,50.57,514.59,0,-1
57,sybil_0,830.0,600.0,20.9395,5.0526,180.0,E4E3,3,80.0,488.83,1,0
57,sybil_1,670.0,600.0,0.0,-4.6315,180.0,E4E3,5,80.0,453.52,1,0
57,sybil_10,670.0,120.0,13.2705,1.6262,270.0,F1E1,1,80.0,619.36,1,3
57,sybil_11,750.0,200.0,14.9621,3.6821,270.0,F1E1,2,80.0,581.19,1,3
57,sybil_12,1130.0,120.0,18.7204,6.2625,335.28,:F1_10,3,80.0,793.2,1,4
57,sybil_13,970.0,120.0,9.8966,5.2219,0.0,F0F1,4,80.0,703.87,1,4
57,sybil_14,1050.0,200.0,6.8227,-8.2292,0.0,F0F1,5,80.0,700.12,1,4
57,sybil_15,1130.0,120.0,8.757,-10.163,0.0,F0F1,3,80.0,793.2,1,5
57,sybil_16,970.0,120.0,24.963,16.8612,270.0,E4D4,4,80.0,703.87,1,5
57,sybil_17,1050.0,200.0,0.0,-17.4465,359.32,:E4_10,5,80.0,700.12,1,5
57,sybil_18,830.0,840.0,14.9966,12.8438,0.0,E3E4,9,80.0,529.96,1,6
57,sybil_19,670.0,840.0,1.847,-16.4097,0.0,E3E4,10,80.0,495.78,1,6
57,sybil_2,750.0,680.0,7.109,-6.341,180.0,E4E3,5,80.0,470.85,1,0
57,sybil_20,750.0,920.0,36.46,26.0828,0.0,E3E4,15,80.0,540.23,1,6
57,sybil_21,830.0,600.0,11.474,11.474,0.0,E3E4,3,80.0,488.83,1,7
57,sybil_22,670.0,600.0,4.8432,4.8432,0.0,E3E4,5,80.0,453.52,1,7
57,sybil_23,750.0,680.0,0.1029,0.0,0.0,E3E4,5,80.0,470.85,1,7
57,sybil_24,830.0,840.0,4.6165,-3.8917,180.0,E5E4,9,80.0,529.96,1,8
57,sybil_25,670.0,840.0,8.8375,-10.3382,180.0,E5E4,10,80.0,495.78,1,8
57,sybil_26,750.0,920.0,6.4241,-14.0168,180.0,E5E4,15,80.0,540.23,1,8
57,sybil_27,830.0,840.0,20.6845,4.4864,180.0,E5E4,9,80.0,529.96,1,9
57,sybil_28,670.0,840.0,17.745,4.0036,180.0,E5E4,10,80.0,495.78,1,9
57,sybil_29,750.0,920.0,7.6221,-0.8131,185.41,E5E4,15,80.0,540.23,1,9
57,sybil_3,830.0,840.0,0.6993,-24.0635,180.0,E4E3,9,80.0,529.96,1,1
57,sybil_32,150.0,920.0,24.6228,8.6209,0.0,B4B5,3,80.0,663.14,1,10
57,sybil_33,230.0,840.0,10.4468,1.8079,0.0,B4B5,2,80.0,589.02,1,11
57,sybil_34,70.0,840.0,17.2268,10.0597,0.0,B3B4,2,80.0,687.62,1,11
57,sybil_35,150.0,920.0,26.7339,21.2198,0.0,B3B4,3,80.0,663.14,1,11
57,sybil_36,230.0,600.0,12.0804,1.1762,0.0,B3B4,2,80.0,549.81,1,12
57,sybil_37,70.0,600.0,6.7702,6.7702,0.0,B3B4,1,80.0,651.49,1,12
57,sybil_38,150.0,680.0,4.6024,-8.6341,0.0,B3B4,3,80.0,600.51,1,12
57,sybil_39,230.0,600.0,12.7213,3.6686,0.0,B3B4,2,80.0,549.81,1,13
57,sybil_4,670.0,840.0,16.6893,15.6895,90.0,D4E4,10,80.0,495.78,1,1
57,sybil_5,750.0,920.0,0.3452,-10.4586,90.0,D4E4,15,80.0,540.23,1,1
57,sybil_6,830.0,840.0,18.0907,16.0281,90.0,D4E4,9,80.0,529.96,1,2
57,sybil_7,670.0,840.0,20.8268,-7.458,90.0,D4E4,10,80.0,495.78,1,2
57,sybil_8,750.0,920.0,10.4978,-6.476,270.0,F1E1,15,80.0,540.23,1,2
57,sybil_9,830.0,120.0,22.6198,-0.2405,270.0,F1E1,3,80.0,650.36,1,3
58,legit_0,598.4,932.12,13.4544,0.119,180.0,D5D4,6,174.67,531.71,0,-1
58,legit_1,5.82,198.6,6.3649,-0.2736,109.56,:A1_9,0,164.21,797.64,0,-1
58,legit_2,598.4,476.41,12.5201,0.6459,180.0,D3D2,3,188.61,462.31,0,-1
58,legit_3,726.92,1001.6,13.5796,0.6109,270.0,E5D5,6,81.73,577.87,0,-1
58,legit_4,598.4,566.64,13.423,-0.169,180.0,D3D2,3,152.1,451.64,0,-1
58,legit_5,398.4,658.62,13.3519,0.5474,180.0,C4C3,1,78.09,482.15,0,-1
58,legit_6,337.22,1001.6,13.0355,0.0629,270.0,C5B5,0,137.36,614.47,0,-1
58,legit_7,398.4,628.45,11.4297,0.0911,180.0,C4C3,1,58.92,479.81,0,-1
58,legit_8,998.4,700.58,10.9724,-0.2208,180.0,F4F3,0,113.05,572.58,0,-1
58,legit_9,401.6,832.81,7.4821,1.4227,0.0,C4C5,0,48.93,516.99,0,-1
58,sybil_0,830.0,600.0,13.5363,-7.4031,180.0,E4E3,3,80.0,488.83,1,0
58,sybil_1,670.0,600.0,5.5758,5.5758,180.0,E4E3,5,80.0,453.52,1,0
58,sybil_10,670.0,120.0,17.9331,4.6625,270.0,F1E1,1,80.0,619.36,1,3
58,sybil_11,750.0,200.0,19.8219,4.8598,270.0,F1E1,2,80.0,581.19,1,3
58,sybil_12,1130.0,120.0,8.9512,-9.7692,284.93,:F1_10,3,80.0,793.2,1,4
58,sybil_13,970.0,120.0,9.7689,-0.1277,0.0,F0F1,4,80.0,703.87,1,4
58,sybil_14,1050.0,200.0,10.5461,3.7235,0.0,F0F1,5,80.0,700.12,1,4
58,sybil_15,1130.0,120.0,12.2426,3.4856,0.0,F0F1,3,80.0,793.2,1,5
58,sybil_16,970.0,120.0,5.0803,-19.8827,270.0,E4D4,4,80.0,703.87,1,5
58,sybil_17,1050.0,200.0,12.3367,12.3367,324.03,:E4_18,5,80.0,700.12,1,5
58,sybil_18,830.0,840.0,4.3689,-10.6277,0.0,E3E4,9,80.0,529.96,1,6
58,sybil_19,670.0,840.0,17.2019,15.3548,0.0,E3E4,10,80.0,495.78,1,6
58,sybil_2,750.0,680.0,13.2062,6.0972,180.0,E4E3,5,80.0,470.85,1,0
58,sybil_20,750.0,920.0,8.9028,-27.5572,0.0,E3E4,15,80.0,540.23,1,6
58,sybil_21,830.0,600.0,10.4735,-1.0006,0.0,E3E4,3,80.0,488.83,1,7
58,sybil_22,670.0,600.0,5.1969,0.3538,0.0,E3E4,5,80.0,453.52,1,7
58,sybil_23,750.0,680.0,0.0,-0.1029,0.0,E3E4,5,80.0,470.85,1,7
58,sybil_24,830.0,840.0,1.0783,-3.5383,180.0,E5E4,9,80.0,529.96,1,8
58,sybil_25,670.0,840.0,24.9939,16.1563,180.0,E5E4,10,80.0,495.78,1,8
58,sybil_26,750.0,920.0,12.7713,6.3472,180.0,E5E4,15,80.0,540.23,1,8
58,sybil_27,830.0,840.0,21.7258,1.0413,180.0,E5E4,9,80.0,529.96,1,9
58,sybil_28,670.0,840.0,19.57,1.825,180.0,E5E4,10,80.0,495.78,1,9
58,sybil_29,750.0,920.0,11.5472,3.9251,180.73,E5E4,15,80.0,540.23,1,9
58,sybil_3,830.0,840.0,1.1874,0.4882,180.0,E4E3,9,80.0,529.96,1,1
58,sybil_32,150.0,920.0,10.9111,-13.7117,0.0,B4B5,6,80.0,663.14,1,10
58,sybil_33,230.0,840.0,5.7423,-4.7045,0.0,B4B5,4,80.0,589.02,1,11
58,sybil_34,70.0,840.0,1.6752,-15.5515,0.0,B3B4,4,80.0,687.62,1,11
58,sybil_35,150.0,920.0,24.1765,-2.5574,0.0,B3B4,6,80.0,663.14,1,11
58,sybil_36,230.0,840.0,0.0,-12.0804,0.0,B3B4,4,80.0,589.02,1,12
58,sybil_37,70.0,840.0,4.2421,-2.5281,0.0,B3B4,4,80.0,687.62,1,12
58,sybil_38,150.0,920.0,3.126,-1.4765,0.0,B3B4,6,80.0,663.14,1,12
58,sybil_39,230.0,600.0,7.6279,-5.0935,0.0,B3B4,0,80.0,549.81,1,13
58,sybil_4,670.0,840.0,4.9597,-11.7296,90.0,D4E4,10,80.0,495.78,1,1
58,sybil_5,750.0,920.0,19.789,19.4438,90.0,D4E4,15,80.0,540.23,1,1
58,sybil_6,830.0,840.0,20.052,1.9613,90.0,D4E4,9,80.0,529.96,1,2
58,sybil_7,670.0,840.0,16.6937,-4.1331,90.0,D4E4,10,80.0,495.78,1,2
58,sybil_8,750.0,920.0,0.0,-10.4978,270.0,F1E1,15,80.0,540.23,1,2
58,sybil_9,830.0,120.0,7.9185,-14.7013,270.0,F1E1,3,80.0,650.36,1,3
59,legit_0,598.4,919.5,12.6192,-0.8352,180.0,D5D4,6,168.36,525.72,0,-1
59,legit_1,13.34,198.4,7.5306,1.1656,90.0,A1B1,0,157.55,792.21,0,-1
59,legit_2,598.4,463.83,12.5796,0.0595,180.0,D3D2,1,181.11,464.71,0,-1
59,legit_3,713.46,1001.6,13.4604,-0.1192,270.0,E5D5,7,86.5,575.83,0,-1
59,legit_4,598.4,553.62,13.0202,-0.4028,180.0,D3D2,3,155.48,452.45,0,-1
59,legit_5,398.4,644.98,13.6397,0.2878,180.0,C4C3,1,68.45,480.92,0,-1
59,legit_6,324.21,1001.6,13.0025,-0.033,270.0,C5B5,0,148.22,619.23,0,-1
59,legit_7,398.4,616.09,12.3578,0.9281,180.0,C4C3,1,54.05,479.27,0,-1
59,legit_8,998.4,689.2,11.3839,0.4114,180.0,F4F3,0,103.05,571.04,0,-1
59,legit_9,401.6,841.83,9.0123,1.5302,0.0,C4C5,0,48.43,520.04,0,-1
59,sybil_0,830.0,600.0,16.8052,3.2688,180.0,E4E3,3,80.0,488.83,1,0
59,sybil_1,670.0,600.0,13.0563,7.4805,180.0,E4E3,4,80.0,453.52,1,0
59,sybil_10,670.0,120.0,12.2483,-5.6848,270.0,F1E1,1,80.0,619.36,1,3
59,sybil_11,750.0,200.0,26.8088,6.9869,270.0,F1E1,2,80.0,581.19,1,3
59,sybil_12,1130.0,120.0,1.8813,-7.0699,270.0,F1E1,3,80.0,793.2,1,4
59,sybil_13,970.0,120.0,11.5976,1.8287,355.97,:F1_4,4,80.0,703.87,1,4
59,sybil_14,1050.0,200.0,19.4793,8.9331,0.0,F0F1,5,80.0,700.12,1,4
59,sybil_15,1130.0,120.0,1.6414,-10.6013,0.0,F0F1,3,80.0,793.2,1,5
59,sybil_16,970.0,120.0,7.0293,1.949,270.0,E4D4,4,80.0,703.87,1,5
59,sybil_17,1050.0,200.0,22.4605,10.1237,275.98,E4D4,5,80.0,700.12,1,5
59,sybil_18,830.0,840.0,25.9124,21.5435,0.0,E3E4,9,80.0,529.96,1,6
59,sybil_19,670.0,840.0,0.1642,-17.0377,0.0,E3E4,10,80.0,495.78,1,6
59,sybil_2,750.0,680.0,16.5114,3.3053,180.0,E4E3,5,80.0,470.85,1,0
59,sybil_20,750.0,920.0,21.7528,12.85,0.0,E3E4,15,80.0,540.23,1,6
59,sybil_21,830.0,600.0,18.1348,7.6613,0.0,E3E4,3,80.0,488.83,1,7
59,sybil_22,670.0,600.0,11.9364,6.7395,0.0,E3E4,4,80.0,453.52,1,7
59,sybil_23,750.0,680.0,6.6398,6.6398,0.0,E3E4,5,80.0,470.85,1,7
59,sybil_24,830.0,840.0,7.4163,6.3381,180.0,E5E4,9,80.0,529.96,1,8
59,sybil_25,670.0,840.0,3.2789,-21.715,180.0,E5E4,10,80.0,495.78,1,8
59,sybil_26,750.0,920.0,10.4271,-2.3443,180.0,E5E4,15,80.0,540.23,1,8
59,sybil_27,830.0,840.0,12.62,-9.1058,180.0,E5E4,9,80.0,529.96,1,9
59,sybil_28,670.0,840.0,17.5455,-2.0246,180.0,E5E4,10,80.0,495.78,1,9
59,sybil_29,750.0,920.0,0.0,-11.5472,180.0,E5E4,15,80.0,540.23,1,9
59,sybil_3,830.0,840.0,18.0049,16.8175,180.0,E4E3,9,80.0,529.96,1,1
59,sybil_30,830.0,1080.0,0.5522,0.0,190.67,E5E4,2,80.0,650.36,1,10
59,sybil_32,750.0,1160.0,7.2172,-3.6939,0.0,B4B5,1,80.0,687.46,1,10
59,sybil_33,230.0,840.0,7.3875,1.6452,0.0,B4B5,3,80.0,589.02,1,11
59,sybil_34,70.0,840.0,6.2238,4.5485,0.0,B3B4,3,80.0,687.62,1,11
59,sybil_35,150.0,920.0,13.4945,-10.682,0.0,B3B4,5,80.0,663.14,1,11
59,sybil_36,230.0,840.0,12.9848,12.9848,0.0,B3B4,3,80.0,589.02,1,12
59,sybil_37,70.0,840.0,6.6494,2.4073,0.0,B3B4,3,80.0,687.62,1,12
59,sybil_38,150.0,920.0,19.5896,16.4636,0.0,B3B4,5,80.0,663.14,1,12
59,sybil_39,230.0,600.0,4.4714,-3.1565,0.0,B3B4,0,80.0,549.81,1,13
59,sybil_4,670.0,840.0,9.1067,4.147,113.83,:E4_12,10,80.0,495.78,1,1
59,sybil_5,750.0,920.0,10.2987,-9.4904,90.0,D4E4,15,80.0,540.23,1,1
59,sybil_6,830.0,840.0,14.9893,-5.0627,90.0,D4E4,9,80.0,529.96,1,2
59,sybil_7,670.0,840.0,24.9989,8.3052,90.0,D4E4,10,80.0,495.78,1,2
59,sybil_8,750.0,920.0,4.0338,4.0338,260.53,:E1_7,15,80.0,540.23,1,2
59,sybil_9,830.0,120.0,11.2168,3.2982,270.0,F1E1,3,80.0,650.36,1,3
60,legit_0,598.4,906.18,13.3259,0.7067,180.0,D5D4,6,162.49,519.63,0,-1
60,legit_1,22.21,198.4,8.8719,1.3413,90.0,A1B1,0,149.92,785.75,0,-1
60,legit_10,387.7,601.6,0.0,0.0,270.0,C3B3,2,62.32,482.61,0,-1
60,legit_2,598.4,451.46,12.3686,-0.211,180.0,D3D2,1,174.32,467.28,0,-1
60,legit_3,699.68,1001.6,13.7732,0.3128,270.0,E5D5,6,93.16,574.03,0,-1
60,legit_4,598.4,540.17,13.4486,0.4284,180.0,D3D2,3,160.01,453.55,0,-1
60,legit_5,398.4,631.8,13.1756,-0.4641,180.0,C4C3,2,60.61,480.0,0,-1
60,legit_6,311.55,1001.6,12.6589,-0.3436,270.0,C5B5,0,159.1,624.03,0,-1
60,legit_7,398.4,604.01,12.0843,-0.2735,180.0,:C3_1,2,51.76,479.03,0,-1
60,legit_8,998.4,677.75,11.4463,0.0625,180.0,F4F3,0,93.32,569.63,0,-1
60,legit_9,401.6,852.2,10.3776,1.3653,0.0,C4C5,0,49.91,523.75,0,-1
60,sybil_0,830.0,600.0,0.5418,-16.2634,180.0,E4E3,3,80.0,488.83,1,0
60,sybil_1,670.0,600.0,21.6273,8.571,180.0,E4E3,4,80.0,453.52,1,0
60,sybil_10,670.0,120.0,9.1866,-3.0617,270.0,F1E1,1,80.0,619.36,1,3
60,sybil_11,750.0,200.0,1.0231,-25.7857,270.0,F1E1,2,80.0,581.19,1,3
60,sybil_12,1130.0,120.0,0.0,-1.8813,270.0,F1E1,3,80.0,793.2,1,4
60,sybil_13,970.0,120.0,5.4721,-6.1255,326.09,:F1_10,4,80.0,703.87,1,4
60,sybil_14,1050.0,200.0,2.7434,-16.7359,0.0,F0F1,5,80.0,700.12,1,4
60,sybil_15,1130.0,120.0,15.4489,13.8075,0.0,F0F1,3,80.0,793.2,1,5
60,sybil_16,970.0,120.0,11.1952,4.1659,270.0,E4D4,4,80.0,703.87,1,5
60,sybil_17,1050.0,200.0,20.0206,-2.4399,270.0,E4D4,5,80.0,700.12,1,5
60,sybil_18,830.0,840.0,16.9049,-9.0074,0.0,E3E4,9,80.0,529.96,1,6
60,sybil_19,670.0,840.0,8.0404,7.8762,0.0,E3E4,10,80.0,495.78,1,6
60,sybil_2,750.0,680.0,18.619,2.1076,180.0,E4E3,5,80.0,470.85,1,0
60,sybil_20,750.0,920.0,10.3211,-11.4317,0.0,E3E4,15,80.0,540.23,1,6
60,sybil_21,830.0,600.0,4.8006,-13.3342,0.0,E3E4,3,80.0,488.83,1,7
60,sybil_22,670.0,600.0,9.8379,-2.0985,0.0,E3E4,4,80.0,453.52,1,7
60,sybil_23,750.0,680.0,10.7089,4.0691,0.0,E3E4,5,80.0,470.85,1,7
60,sybil_24,830.0,840.0,1.5587,-5.8576,180.0,E5E4,9,80.0,529.96,1,8
60,sybil_25,670.0,840.0,5.67,2.3911,180.0,E5E4,10,80.0,495.78,1,8
60,sybil_26,750.0,920.0,11.5756,1.1485,180.0,E5E4,15,80.0,540.23,1,8
60,sybil_27,830.0,840.0,31.0929,18.4729,180.0,E5E4,9,80.0,529.96,1,9
60,sybil_28,670.0,840.0,13.3849,-4.1605,180.0,E5E4,10,80.0,495.78,1,9
60,sybil_29,750.0,920.0,3.8385,3.8385,180.0,E5E4,15,80.0,540.23,1,9
60,sybil_3,830.0,840.0,18.3905,0.3856,180.0,E4E3,9,80.0,529.96,1,1
60,sybil_30,830.0,1080.0,4.3317,3.7796,185.07,E5E4,1,80.0,650.36,1,10
60,sybil_32,750.0,1160.0,10.9707,3.7535,0.0,B4B5,1,80.0,687.46,1,10
60,sybil_33,230.0,840.0,13.1633,5.7758,0.0,B4B5,3,80.0,589.02,1,11
60,sybil_34,70.0,840.0,13.0086,6.7849,0.0,:B4_9,3,80.0,687.62,1,11
60,sybil_35,150.0,920.0,6.6047,-6.8899,0.0,B3B4,5,80.0,663.14,1,11
60,sybil_36,230.0,840.0,7.489,-5.4958,0.0,B3B4,3,80.0,589.02,1,12
60,sybil_37,70.0,840.0,22.7817,16.1323,0.0,B3B4,3,80.0,687.62,1,12
60,sybil_38,150.0,920.0,41.736,22.1464,0.0,B3B4,5,80.0,663.14,1,12
60,sybil_39,230.0,600.0,15.4225,10.9511,0.0,B3B4,0,80.0,549.81,1,13
60,sybil_4,670.0,840.0,0.0,-9.1067,175.83,E4E3,10,80.0,495.78,1,1
60,sybil_5,750.0,920.0,7.4661,-2.8326,90.0,D4E4,15,80.0,540.23,1,1
60,sybil_6,830.0,840.0,9.2218,-5.7674,90.0,D4E4,9,80.0,529.96,1,2
60,sybil_7,670.0,840.0,7.8018,-17.1972,90.0,D4E4,10,80.0,495.78,1,2
60,sybil_8,750.0,920.0,0.0,-4.0338,192.86,:E1_7,15,80.0,540.23,1,2
60,sybil_9,830.0,120.0,0.0,-11.2168,270.0,F1E1,3,80.0,650.36,1,3
61,legit_0,598.4,893.24,12.9432,-0.3828,180.0,D5D4,6,157.66,513.95,0,-1
61,legit_1,33.14,198.4,10.9309,2.059,90.0,A1B1,0,140.72,777.86,0,-1
61,legit_10,385.3,601.6,2.3968,2.3968,270.0,C3B3,2,64.72,483.43,0,-1
61,legit_2,598.4,439.66,11.7981,-0.5704,180.0,D3D2,1,168.43,469.94,0,-1
61,legit_3,686.67,1001.6,13.0152,-0.758,270.0,E5D5,6,100.78,572.58,0,-1
61,legit_4,598.4,526.48,13.6983,0.2497,180.0,D3D2,3,165.62,454.95,0,-1
61,legit_5,398.4,619.87,11.9336,-1.242,180.0,C4C3,2,55.29,479.41,0,-1
61,legit_6,298.68,1001.6,12.8789,0.22,270.0,C5B5,0,168.08,629.09,0,-1
61,legit_7,398.4,591.89,12.1163,0.032,180.0,C3C2,2,52.23,479.08,0,-1
61,legit_8,998.4,666.76,10.9899,-0.4564,180.0,F4F3,0,84.38,568.42,0,-1
61,legit_9,401.6,863.65,11.4455,1.0679,0.0,C4C5,0,53.87,528.08,0,-1
61,sybil_0,830.0,600.0,16.832,16.2902,180.0,E4E3,3,80.0,488.83,1,0
61,sybil_1,670.0,600.0,9.2195,-12.4078,180.0,E4E3,4,80.0,453.52,1,0
61,sybil_10,670.0,120.0,12.6068,3.4203,270.0,F1E1,1,80.0,619.36,1,3
61,sybil_11,750.0,200.0,13.4957,12.4727,270.0,F1E1,2,80.0,581.19,1,3
61,sybil_12,1130.0,120.0,14.0814,14.0814,270.0,F1E1,3,80.0,793.2,1,4
61,sybil_13,970.0,120.0,2.7951,-2.677,274.97,F1E1,4,80.0,703.87,1,4
61,sybil_14,1050.0,200.0,0.7134,-2.03,0.0,F0F1,5,80.0,700.12,1,4
61,sybil_15,1130.0,120.0,6.3111,-9.1378,0.0,F0F1,3,80.0,793.2,1,5
61,sybil_16,970.0,120.0,3.58,-7.6151,270.0,E4D4,4,80.0,703.87,1,5
61,sybil_17,1050.0,200.0,7.2113,-12.8093,270.0,E4D4,5,80.0,700.12,1,5
61,sybil_18,830.0,840.0,1.3349,-15.5701,354.71,:E4_10,9,80.0,529.96,1,6
61,sybil_19,670.0,840.0,3.4807,-4.5597,0.0,E3E4,10,80.0,495.78,1,6
61,sybil_2,750.0,680.0,10.1257,-8.4933,180.0,E4E3,5,80.0,470.85,1,0
61,sybil_20,750.0,920.0,0.0,-10.3211,0.0,E3E4,15,80.0,540.23,1,6
61,sybil_21,830.0,600.0,0.0,-4.8006,0.0,E3E4,3,80.0,488.83,1,7
61,sybil_22,670.0,600.0,9.1974,-0.6405,0.0,E3E4,4,80.0,453.52,1,7
61,sybil_23,750.0,680.0,0.0,-10.7089,0.0,E3E4,5,80.0,470.85,1,7
61,sybil_24,830.0,840.0,0.0,-1.5587,155.78,:E4_17,9,80.0,529.96,1,8
61,sybil_25,670.0,840.0,2.3078,-3.3622,180.0,E5E4,10,80.0,495.78,1,8
61,sybil_26,750.0,920.0,22.1211,10.5456,180.0,E5E4,15,80.0,540.23,1,8
61,sybil_27,830.0,840.0,17.4281,-13.6648,180.0,E5E4,9,80.0,529.96,1,9
61,sybil_28,670.0,840.0,14.3588,0.9738,180.0,E5E4,10,80.0,495.78,1,9
61,sybil_29,750.0,920.0,9.0009,5.1624,180.0,E5E4,15,80.0,540.23,1,9
61,sybil_3,830.0,840.0,34.7796,16.3891,180.0,E4E3,9,80.0,529.96,1,1
61,sybil_30,830.0,1080.0,17.0929,12.7612,180.11,E5E4,1,80.0,650.36,1,10
61,sybil_32,750.0,1160.0,11.3219,0.3512,0.0,B4B5,1,80.0,687.46,1,10
61,sybil_33,230.0,840.0,3.2328,-9.9305,0.0,B4B5,3,80.0,589.02,1,11
61,sybil_34,70.0,840.0,7.4496,-5.559,0.0,B4B5,3,80.0,687.62,1,11
61,sybil_35,150.0,920.0,14.1016,7.4969,0.0,B3B4,5,80.0,663.14,1,11
61,sybil_36,230.0,840.0,1.9614,-5.5276,0.0,B3B4,3,80.0,589.02,1,12
61,sybil_37,70.0,840.0,10.9404,-11.8413,0.0,B3B4,3,80.0,687.62,1,12
61,sybil_38,150.0,920.0,16.1768,-25.5592,0.0,B3B4,5,80.0,663.14,1,12
61,sybil_39,230.0,600.0,12.974,-2.4485,0.0,B3B4,0,80.0,549.81,1,13
61,sybil_4,670.0,840.0,7.4824,7.4824,180.0,E4E3,10,80.0,495.78,1,1
61,sybil_5,750.0,920.0,14.2686,6.8025,90.0,D4E4,15,80.0,540.23,1,1
61,sybil_6,830.0,840.0,27.7633,18.5415,90.0,D4E4,9,80.0,529.96,1,2
61,sybil_7,670.0,840.0,0.0,-7.8018,90.0,D4E4,10,80.0,495.78,1,2
61,sybil_8,750.0,920.0,17.6237,17.6237,104.79,E1F1,15,80.0,540.23,1,2
61,sybil_9,830.0,120.0,8.3389,8.3389,270.0,F1E1,3,80.0,650.36,1,3
62,legit_0,598.4,880.5,12.7354,-0.2078,180.0,D5D4,6,153.83,508.6,0,-1
62,legit_1,45.21,198.4,12.0718,1.1409,90.0,A1B1,0,130.87,769.26,0,-1
62,legit_10,381.22,601.6,4.0827,1.6859,270.0,C3B3,2,68.8,484.85,0,-1
62,legit_2,598.4,426.89,12.7677,0.9696,180.0,D3D2,1,162.78,473.03,0,-1
62,legit_3,673.19,1001.6,13.4759,0.4607,270.0,E5D5,7,109.75,571.33,0,-1
62,legit_4,598.4,512.72,13.7545,0.0562,180.0,D3D2,3,172.16,456.62,0,-1
62,legit_5,398.4,609.43,10.4432,-1.4904,180.0,C4C3,2,52.45,479.1,0,-1
62,legit_6,285.66,1001.6,13.0109,0.132,270.0,C5B5,0,156.69,634.38,0,-1
62,legit_7,398.4,579.61,12.2835,0.1673,180.0,C3C2,2,55.48,479.43,0,-1
62,legit_8,998.4,654.83,11.9305,0.9406,180.0,F4F3,0,75.29,567.27,0,-1
62,legit_9,401.6,874.68,11.0357,-0.4098,0.0,C4C5,0,59.54,532.48,0,-1
62,sybil_0,830.0,600.0,11.9898,-4.8421,180.0,E4E3,3,80.0,488.83,1,0
62,sybil_1,670.0,600.0,21.1662,11.9466,180.0,E4E3,4,80.0,453.52,1,0
62,sybil_10,670.0,120.0,8.6218,-3.9851,270.0,F1E1,1,80.0,619.36,1,3
62,sybil_11,750.0,200.0,4.5869,-8.9088,270.0,F1E1,2,80.0,581.19,1,3
62,sybil_12,1130.0,120.0,9.0563,-5.025,270.0,F1E1,3,80.0,793.2,1,4
62,sybil_13,970.0,120.0,0.0,-2.7951,270.0,F1E1,4,80.0,703.87,1,4
62,sybil_14,1050.0,200.0,4.7168,4.0034,339.61,:F1_10,5,80.0,700.12,1,4
62,sybil_15,1130.0,120.0,12.5463,6.2353,0.0,F0F1,3,80.0,793.2,1,5
62,sybil_16,970.0,120.0,24.8391,21.259,270.0,E4D4,4,80.0,703.87,1,5
62,sybil_17,1050.0,200.0,10.6506,3.4393,270.0,E4D4,5,80.0,700.12,1,5
62,sybil_18,830.0,840.0,6.0625,4.7276,319.12,:E4_18,9,80.0,529.96,1,6
62,sybil_19,670.0,840.0,12.0806,8.5999,0.0,E3E4,10,80.0,495.78,1,6
62,sybil_2,750.0,680.0,1.3391,-8.7866,180.0,E4E3,5,80.0,470.85,1,0
62,sybil_20,750.0,920.0,17.0005,17.0005,0.0,E3E4,15,80.0,540.23,1,6
62,sybil_21,830.0,600.0,14.5011,14.5011,0.0,E3E4,3,80.0,488.83,1,7
62,sybil_22,670.0,600.0,10.3106,1.1132,0.0,E3E4,4,80.0,453.52,1,7
62,sybil_23,750.0,680.0,12.665,12.665,0.0,E3E4,5,80.0,470.85,1,7
62,sybil_24,830.0,840.0,0.0,0.0,86.11,E4E5,9,80.0,529.96,1,8
62,sybil_25,670.0,840.0,0.0,-2.3078,180.0,E5E4,10,80.0,495.78,1,8
62,sybil_26,750.0,920.0,2.8211,-19.3001,180.0,E5E4,15,80.0,540.23,1,8
62,sybil_27,830.0,840.0,5.3764,-12.0516,180.0,E5E4,9,80.0,529.96,1,9
62,sybil_28,670.0,840.0,15.2583,0.8995,180.0,E5E4,10,80.0,495.78,1,9
62,sybil_29,750.0,920.0,7.2678,-1.7332,180.0,E5E4,15,80.0,540.23,1,9
62,sybil_3,830.0,840.0,11.6426,-23.137,180.0,E4E3,9,80.0,529.96,1,1
62,sybil_30,830.0,1080.0,14.9799,-2.113,180.0,E5E4,1,80.0,650.36,1,10
62,sybil_31,670.0,1080.0,8.3684,0.0,185.69,E5E4,2,80.0,619.36,1,10
62,sybil_32,750.0,1160.0,9.0222,-2.2997,0.0,B4B5,2,80.0,687.46,1,10
62,sybil_33,230.0,840.0,20.4255,17.1927,0.0,B4B5,3,80.0,589.02,1,11
62,sybil_34,70.0,840.0,8.7403,1.2907,0.0,B4B5,3,80.0,687.62,1,11
62,sybil_35,150.0,920.0,23.6455,9.5438,0.0,:B4_9,5,80.0,663.14,1,11
62,sybil_36,230.0,840.0,14.63,12.6686,0.0,B3B4,3,80.0,589.02,1,12
62,sybil_37,70.0,840.0,13.9184,2.978,0.0,B3B4,3,80.0,687.62,1,12
62,sybil_38,150.0,920.0,13.0473,-3.1295,0.0,B3B4,5,80.0,663.14,1,12
62,sybil_39,230.0,600.0,22.5823,9.6083,0.0,B3B4,0,80.0,549.81,1,13
62,sybil_4,670.0,840.0,1.2275,-6.255,180.0,E4E3,10,80.0,495.78,1,1
62,sybil_5,750.0,920.0,0.0,-14.2686,98.04,:E4_12,15,80.0,540.23,1,1
62,sybil_6,830.0,840.0,15.2879,-12.4754,90.0,D4E4,9,80.0,529.96,1,2
62,sybil_7,670.0,840.0,18.0315,18.0315,90.0,D4E4,10,80.0,495.78,1,2
62,sybil_8,750.0,920.0,12.9214,-4.7023,90.0,E1F1,15,80.0,540.23,1,2
62,sybil_9,830.0,120.0,0.0,-8.3389,268.58,:E1_7,3,80.0,650.36,1,3
63,legit_0,598.4,867.11,13.3891,0.6537,180.0,D5D4,5,150.86,503.22,0,-1
63,legit_1,57.55,198.4,12.3362,0.2644,90.0,A1B1,0,121.22,760.59,0,-1
63,legit_10,375.4,601.6,5.8214,1.7386,270.0,C3B3,3,74.62,486.9,0,-1
63,legit_2,598.4,414.8,12.0962,-0.6715,180.0,D3D2,1,158.19,476.17,0,-1
63,legit_3,659.61,1001.6,13.5792,0.1032,270.0,E5D5,6,119.65,570.3,0,-1
63,legit_4,598.4,499.68,13.0398,-0.7147,180.0,D3D2,4,179.13,458.45,0,-1
63,legit_5,397.41,603.68,5.9432,-4.5,191.65,:C3_0,2,52.72,479.35,0,-1
63,legit_6,272.36,1001.6,13.3043,0.2934,270.0,C5B5,2,145.32,639.96,0,-1
63,legit_7,398.4,567.81,11.7984,-0.4852,180.0,C3C2,2,60.82,480.02,0,-1
63,legit_8,998.4,643.48,11.3561,-0.5744,180.0,F4F3,0,67.47,566.34,0,-1
63,legit_9,401.6,885.94,11.2563,0.2206,0.0,C4C5,0,66.73,537.16,0,-1
63,sybil_0,830.0,600.0,0.0,-11.9898,180.0,E4E3,5,80.0,488.83,1,0
63,sybil_1,670.0,600.0,9.5633,-11.6028,180.0,E4E3,6,80.0,453.52,1,0
63,sybil_10,670.0,120.0,2.7418,-5.88,270.0,F1E1,1,80.0,619.36,1,3
63,sybil_11,750.0,200.0,6.7636,2.1768,270.0,F1E1,2,80.0,581.19,1,3
63,sybil_12,1130.0,120.0,13.3663,4.31,270.0,F1E1,3,80.0,793.2,1,4
63,sybil_13,970.0,120.0,7.9962,7.9962,270.0,F1E1,4,80.0,703.87,1,4
63,sybil_14,1050.0,200.0,13.9532,9.2364,290.14,:F1_10,5,80.0,700.12,1,4
63,sybil_15,1130.0,120.0,17.5361,4.9898,0.0,F0F1,3,80.0,793.2,1,5
63,sybil_16,970.0,120.0,23.3699,-1.4692,270.0,E4D4,4,80.0,703.87,1,5
63,sybil_17,1050.0,200.0,3.8346,-6.816,270.0,E4D4,5,80.0,700.12,1,5
63,sybil_18,830.0,840.0,8.8955,2.833,273.58,E4D4,7,80.0,529.96,1,6
63,sybil_19,670.0,840.0,0.7548,-11.3258,0.0,E3E4,8,80.0,495.78,1,6
63,sybil_2,750.0,680.0,0.9082,-0.4309,180.0,E4E3,8,80.0,470.85,1,0
63,sybil_20,750.0,920.0,21.9226,4.9221,0.0,E3E4,12,80.0,540.23,1,6
63,sybil_21,830.0,600.0,9.2242,-5.2769,0.0,E3E4,5,80.0,488.83,1,7
63,sybil_22,670.0,600.0,15.8232,5.5125,0.0,E3E4,6,80.0,453.52,1,7
63,sybil_23,750.0,680.0,10.8012,-1.8638,0.0,E3E4,8,80.0,470.85,1,7
63,sybil_24,830.0,840.0,8.6732,8.6732,0.0,E4E5,7,80.0,529.96,1,8
63,sybil_25,670.0,840.0,0.2456,0.2456,180.0,E5E4,8,80.0,495.78,1,8
63,sybil_26,750.0,920.0,15.3964,12.5753,180.0,E5E4,12,80.0,540.23,1,8
63,sybil_27,830.0,840.0,10.8482,5.4717,180.0,E5E4,7,80.0,529.96,1,9
63,sybil_28,670.0,840.0,16.9353,1.6771,180.0,E5E4,8,80.0,495.78,1,9
63,sybil_29,750.0,920.0,15.9037,8.636,180.0,E5E4,12,80.0,540.23,1,9
63,sybil_3,830.0,600.0,12.443,0.8003,180.0,E4E3,5,80.0,488.83,1,1
63,sybil_30,830.0,1080.0,0.0,-14.9799,180.0,E5E4,1,80.0,650.36,1,10
63,sybil_31,670.0,1080.0,15.7735,7.4051,184.79,E5E4,2,80.0,619.36,1,10
63,sybil_32,750.0,1160.0,4.2579,-4.7643,0.0,B4B5,2,80.0,687.46,1,10
63,sybil_33,230.0,840.0,8.4697,-11.9558,0.0,B4B5,3,80.0,589.02,1,11
63,sybil_34,70.0,840.0,7.0537,-1.6866,0.0,B4B5,3,80.0,687.62,1,11
63,sybil_35,150.0,920.0,0.0,-23.6455,0.0,B4B5,6,80.0,663.14,1,11
63,sybil_36,230.0,840.0,9.2303,-5.3996,0.0,B3B4,3,80.0,589.02,1,12
63,sybil_37,70.0,840.0,22.0465,8.1281,0.0,B3B4,3,80.0,687.62,1,12
63,sybil_38,150.0,920.0,9.8318,-3.2155,0.0,B3B4,6,80.0,663.14,1,12
63,sybil_39,230.0,600.0,13.3707,-9.2116,0.0,B3B4,1,80.0,549.81,1,13
63,sybil_4,670.0,600.0,7.462,6.2345,180.0,E4E3,6,80.0,453.52,1,1
63,sybil_5,750.0,680.0,6.5276,6.5276,151.11,:E4_12,8,80.0,470.85,1,1
63,sybil_6,830.0,840.0,0.0,-15.2879,90.0,D4E4,7,80.0,529.96,1,2
63,sybil_7,670.0,840.0,12.8465,-5.185,90.0,D4E4,8,80.0,495.78,1,2
63,sybil_8,750.0,920.0,7.5748,-5.3466,90.0,E1F1,12,80.0,540.23,1,2
63,sybil_9,830.0,120.0,0.0,0.0,238.54,:E1_7,3,80.0,650.36,1,3
64,legit_0,598.4,854.11,12.9982,-0.3909,180.0,D5D4,5,149.07,498.25,0,-1
64,legit_1,70.56,198.4,13.0077,0.6715,90.0,A1B1,0,111.61,751.6,0,-1
64,legit_10,367.58,601.6,7.8161,1.9948,270.0,C3B3,3,82.43,489.71,0,-1
64,legit_2,598.4,402.43,12.3636,0.2674,180.0,:D2_1,1,154.35,479.61,0,-1
64,legit_3,645.83,1001.6,13.7822,0.203,270.0,E5D5,6,130.38,569.48,0,-1
64,legit_4,598.4,485.93,13.7485,0.7087,180.0,D3D2,3,187.17,460.64,0,-1
64,legit_5,391.54,601.6,6.5733,0.6301,258.21,C3B3,2,58.48,481.3,0,-1
64,legit_6,258.85,1001.6,13.5154,0.2111,270.0,C5B5,2,134.14,645.82,0,-1
64,legit_7,398.4,555.83,11.9805,0.1821,180.0,C3C2,2,67.92,480.86,0,-1
64,legit_8,998.4,631.6,11.8724,0.5162,180.0,F4F3,0,60.51,565.56,0,-1
64,legit_9,401.6,897.17,11.2318,-0.0246,0.0,C4C5,0,74.91,542.0,0,-1
64,sybil_0,830.0,600.0,6.7068,6.7068,180.0,E4E3,3,80.0,488.83,1,0
64,sybil_1,670.0,600.0,14.4608,4.8975,180.0,E4E3,4,80.0,453.52,1,0
64,sybil_10,670.0,120.0,0.0,-2.7418,270.0,F1E1,1,80.0,619.36,1,3
64,sybil_11,750.0,200.0,1.2646,-5.4991,270.0,F1E1,2,80.0,581.19,1,3
64,sybil_12,1130.0,120.0,7.6237,-5.7426,270.0,F1E1,3,80.0,793.2,1,4
64,sybil_13,970.0,120.0,7.1037,-0.8925,270.0,F1E1,4,80.0,703.87,1,4
64,sybil_14,1050.0,200.0,11.3443,-2.6089,270.0,F1E1,5,80.0,700.12,1,4
64,sybil_15,1130.0,120.0,5.4093,-12.1268,356.97,:F1_4,3,80.0,793.2,1,5
64,sybil_16,970.0,120.0,9.9364,-13.4335,270.0,E4D4,4,80.0,703.87,1,5
64,sybil_17,1050.0,200.0,16.0088,12.1742,270.0,E4D4,5,80.0,700.12,1,5
64,sybil_18,830.0,840.0,15.8119,6.9164,270.0,E4D4,9,80.0,529.96,1,6
64,sybil_19,670.0,840.0,8.3442,7.5894,355.13,:E4_10,10,80.0,495.78,1,6
64,sybil_2,750.0,680.0,17.8781,16.9699,180.0,E4E3,5,80.0,470.85,1,0
64,sybil_20,750.0,920.0,21.0055,-0.9171,0.0,E3E4,15,80.0,540.23,1,6
64,sybil_21,830.0,840.0,24.0815,14.8573,0.0,E3E4,9,80.0,529.96,1,7
64,sybil_22,670.0,840.0,11.807,-4.0162,0.0,E3E4,10,80.0,495.78,1,7
64,sybil_23,750.0,920.0,14.944,4.1428,0.0,E3E4,15,80.0,540.23,1,7
64,sybil_24,830.0,840.0,12.0363,3.3631,0.0,E4E5,9,80.0,529.96,1,8
64,sybil_25,670.0,840.0,19.2162,18.9706,180.0,E5E4,10,80.0,495.78,1,8
64,sybil_26,750.0,920.0,6.1647,-9.2317,180.0,E5E4,15,80.0,540.23,1,8
64,sybil_27,830.0,840.0,1.4588,-9.3894,180.0,E5E4,9,80.0,529.96,1,9
64,sybil_28,670.0,840.0,14.238,-2.6974,180.0,E5E4,10,80.0,495.78,1,9
64,sybil_29,750.0,920.0,25.3363,9.4326,180.0,E5E4,15,80.0,540.23,1,9
64,sybil_3,830.0,600.0,10.3015,-2.1415,180.0,E4E3,3,80.0,488.83,1,1
64,sybil_30,830.0,1080.0,1.4431,1.4431,180.0,E5E4,1,80.0,650.36,1,10
64,sybil_31,670.0,1080.0,0.0,-15.7735,180.0,E5E4,2,80.0,619.36,1,10
64,sybil_32,750.0,1160.0,7.162,2.9041,0.0,B4B5,2,80.0,687.46,1,10
64,sybil_33,230.0,840.0,18.3889,9.9193,0.0,B4B5,3,80.0,589.02,1,11
64,sybil_34,70.0,840.0,0.0026,-7.0511,0.0,B4B5,3,80.0,687.62,1,11
64,sybil_35,150.0,920.0,16.0769,16.0769,0.0,B4B5,6,80.0,663.14,1,11
64,sybil_36,230.0,840.0,10.5037,1.2734,0.0,:B4_9,3,80.0,589.02,1,12
64,sybil_37,70.0,840.0,10.6195,-11.4269,0.0,B3B4,3,80.0,687.62,1,12
64,sybil_38,150.0,920.0,17.4354,7.6036,0.0,B3B4,6,80.0,663.14,1,12
64,sybil_39,230.0,600.0,0.9889,-12.3819,0.0,B3B4,1,80.0,549.81,1,13
64,sybil_4,670.0,600.0,0.0,-7.462,180.0,E4E3,4,80.0,453.52,1,1
64,sybil_5,750.0,680.0,0.1364,-6.3911,179.92,E4E3,5,80.0,470.85,1,1
64,sybil_6,830.0,840.0,5.2124,5.2124,90.0,D4E4,9,80.0,529.96,1,2
64,sybil_7,670.0,840.0,13.232,0.3855,90.0,D4E4,10,80.0,495.78,1,2
64,sybil_8,750.0,920.0,11.2207,3.6459,90.0,E1F1,15,80.0,540.23,1,2
64,sybil_9,830.0,120.0,9.2523,9.2523,156.21,E1F1,3,80.0,650.36,1,3
65,legit_0,598.4,840.28,13.8328,0.8346,180.0,D5D4,6,148.4,493.24,0,-1
65,legit_1,82.79,198.4,12.2343,-0.7734,90.0,A1B1,0,103.26,743.29,0,-1
65,legit_10,357.92,601.6,9.6643,1.8481,270.0,C3B3,3,92.1,493.28,0,-1
65,legit_2,598.4,389.66,12.7776,0.4139,180.0,D2D1,1,151.33,483.4,0,-1
65,legit_3,631.97,1001.6,13.864,0.0818,270.0,E5D5,6,141.7,568.88,0,-1
65,legit_4,598.4,473.23,12.6998,-1.0487,180.0,D3D2,3,186.67,462.9,0,-1
65,legit_5,383.54,601.6,7.9952,1.4219,270.0,C3B3,2,66.48,484.04,0,-1
65,legit_6,245.56,1001.6,13.2853,-0.23,270.0,C5B5,2,123.61,651.77,0,-1
65,legit_7,398.4,544.42,11.4141,-0.5664,180.0,C3C2,2,75.84,481.85,0,-1
65,legit_8,998.4,620.45,11.1496,-0.7227,180.0,F4F3,0,55.51,565.04,0,-1
65,legit_9,401.6,908.01,10.8352,-0.3966,0.0,C4C5,0,83.47,546.82,0,-1
65,sybil_0,830.0,600.0,1.1599,-5.5469,180.0,E4E3,3,80.0,488.83,1,0
65,sybil_1,670.0,600.0,7.0942,-7.3666,180.0,E4E3,4,80.0,453.52,1,0
65,sybil_10,670.0,120.0,0.0,0.0,270.0,F1E1,1,80.0,619.36,1,3
65,sybil_11,750.0,200.0,13.5272,12.2627,270.0,F1E1,2,80.0,581.19,1,3
65,sybil_12,1130.0,120.0,16.3507,8.727,270.0,F1E1,3,80.0,793.2,1,4
65,sybil_13,970.0,120.0,0.0,-7.1037,270.0,F1E1,4,80.0,703.87,1,4
65,sybil_14,1050.0,200.0,15.0153,3.671,270.0,F1E1,5,80.0,700.12,1,4
65,sybil_15,1130.0,120.0,5.298,-0.1113,330.94,:F1_10,3,80.0,793.2,1,5
65,sybil_16,970.0,120.0,18.2023,8.2659,270.0,E4D4,4,80.0,703.87,1,5
65,sybil_17,1050.0,200.0,8.5106,-7.4982,270.0,E4D4,5,80.0,700.12,1,5
65,sybil_18,830.0,840.0,9.3592,-6.4527,270.0,E4D4,11,80.0,529.96,1,6
65,sybil_19,670.0,840.0,7.2276,-1.1166,313.83,:E4_18,12,80.0,495.78,1,6
65,sybil_2,750.0,680.0,6.0141,-11.8641,180.0,E4E3,5,80.0,470.85,1,0
65,sybil_20,750.0,920.0,0.0,-21.0055,0.0,E3E4,18,80.0,540.23,1,6
65,sybil_21,830.0,840.0,11.143,-12.9385,0.0,E3E4,11,80.0,529.96,1,7
65,sybil_22,670.0,840.0,0.0,-11.807,0.0,E3E4,12,80.0,495.78,1,7
65,sybil_23,750.0,920.0,15.3331,0.3891,0.0,E3E4,18,80.0,540.23,1,7
65,sybil_24,830.0,840.0,12.0733,0.037,0.0,E4E5,11,80.0,529.96,1,8
65,sybil_25,670.0,840.0,0.0,-19.2162,146.38,:E4_17,12,80.0,495.78,1,8
65,sybil_26,750.0,920.0,0.8023,-5.3625,180.0,E5E4,18,80.0,540.23,1,8
65,sybil_27,830.0,840.0,8.6491,7.1903,180.0,E5E4,11,80.0,529.96,1,9
65,sybil_28,670.0,840.0,20.5722,6.3342,180.0,E5E4,12,80.0,495.78,1,9
65,sybil_29,750.0,920.0,3.7248,-21.6115,180.0,E5E4,18,80.0,540.23,1,9
65,sybil_3,830.0,600.0,21.5047,11.2032,180.0,E4E3,3,80.0,488.83,1,1
65,sybil_30,830.0,840.0,3.9744,2.5313,180.0,E5E4,11,80.0,529.96,1,10
65,sybil_31,670.0,840.0,6.1704,6.1704,180.0,E5E4,12,80.0,495.78,1,10
65,sybil_32,750.0,920.0,13.3078,6.1458,0.0,B4B5,18,80.0,540.23,1,10
65,sybil_33,230.0,840.0,14.0678,-4.3211,0.0,B4B5,3,80.0,589.02,1,11
65,sybil_34,70.0,840.0,6.2761,6.2735,0.0,B4B5,3,80.0,687.62,1,11
65,sybil_35,150.0,920.0,8.2207,-7.8562,0.0,B4B5,6,80.0,663.14,1,11
65,sybil_36,230.0,840.0,8.2652,-2.2385,0.0,B4B5,3,80.0,589.02,1,12
65,sybil_37,70.0,840.0,15.3334,4.7139,0.0,B3B4,3,80.0,687.62,1,12
65,sybil_38,150.0,920.0,0.3635,-17.0719,0.0,B3B4,6,80.0,663.14,1,12
65,sybil_39,230.0,600.0,0.3722,-0.6167,0.0,B3B4,1,80.0,549.81,1,13
65,sybil_4,670.0,600.0,4.9389,4.9389,180.0,E4E3,4,80.0,453.52,1,1
65,sybil_5,750.0,680.0,2.626,2.4896,180.0,E4E3,5,80.0,470.85,1,1
65,sybil_6,830.0,840.0,12.1046,6.8921,90.0,D4E4,11,80.0,529.96,1,2
65,sybil_7,670.0,840.0,19.1188,5.8869,90.0,D4E4,12,80.0,495.78,1,2
65,sybil_8,750.0,920.0,6.5267,-4.694,90.0,E1F1,18,80.0,540.23,1,2
65,sybil_9,830.0,120.0,0.0,-9.2523,90.0,E1F1,3,80.0,650.36,1,3
66,legit_0,598.4,826.45,13.8267,-0.0061,180.0,D5D4,6,149.02,488.52,0,-1
66,legit_1,95.04,198.4,12.2477,0.0134,90.0,A1B1,1,95.75,735.13,0,-1
66,legit_10,347.3,601.6,10.6218,0.9575,270.0,C3B3,2,102.72,497.32,0,-1
66,legit_11,-1.6,187.7,0.0,0.0,180.0,A1A0,1,166.03,808.25,0,-1
66,legit_2,598.4,377.38,12.2774,-0.5001,180.0,D2D1,1,149.41,487.27,0,-1
66,legit_3,618.95,1001.6,13.0182,-0.8458,270.0,E5D5,0,152.71,568.51,0,-1
66,legit_4,598.4,460.32,12.909,0.2092,180.0,D3D2,1,179.13,465.42,0,-1
66,legit_5,373.23,601.6,10.3103,2.3151,270.0,C3B3,2,76.78,487.67,0,-1
66,legit_6,232.56,1001.6,13.0021,-0.2832,270.0,C5B5,2,113.85,657.77,0,-1
66,legit_7,398.4,532.92,11.4996,0.0856,180.0,C3C2,2,84.63,483.04,0,-1
66,legit_8,998.4,610.51,9.9464,-1.2032,180.0,F4F3,0,52.66,564.75,0,-1
66,legit_9,401.6,919.07,11.0635,0.2283,0.0,C4C5,0,92.71,551.89,0,-1
66,sybil_0,830.0,600.0,0.0,-1.1599,176.01,:E3_2,3,80.0,488.83,1,0
66,sybil_1,670.0,600.0,4.7387,-2.3555,180.0,E4E3,3,80.0,453.52,1,0
66,sybil_10,670.0,120.0,0.0,0.0,260.74,:E1_7,1,80.0,619.36,1,3
66,sybil_11,750.0,200.0,10.0719,-3.4554,270.0,F1E1,2,80.0,581.19,1,3
66,sybil_12,1130.0,120.0,15.3716,-0.9791,270.0,F1E1,3,80.0,793.2,1,4
66,sybil_13,970.0,120.0,7.7704,7.7704,270.0,F1E1,4,80.0,703.87,1,4
66,sybil_14,1050.0,200.0,9.3776,-5.6376,270.0,F1E1,5,80.0,700.12,1,4
66,sybil_15,1130.0,120.0,0.0,-5.298,277.95,F1E1,3,80.0,793.2,1,5
66,sybil_16,970.0,120.0,15.4229,-2.7794,270.0,E4D4,4,80.0,703.87,1,5
66,sybil_17,1050.0,200.0,12.9556,4.4451,270.0,E4D4,5,80.0,700.12,1,5
66,sybil_18,830.0,840.0,10.0431,0.6839,270.0,E4D4,11,80.0,529.96,1,6
66,sybil_19,670.0,840.0,17.0867,9.8591,273.21,E4D4,12,80.0,495.78,1,6
66,sybil_2,750.0,680.0,17.1046,11.0906,180.0,E4E3,5,80.0,470.85,1,0
66,sybil_20,750.0,920.0,3.8823,3.8823,0.0,E3E4,17,80.0,540.23,1,6
66,sybil_21,830.0,840.0,21.9977,10.8547,0.0,E3E4,11,80.0,529.96,1,7
66,sybil_22,670.0,840.0,24.7938,24.7938,0.0,E3E4,12,80.0,495.78,1,7
66,sybil_23,750.0,920.0,12.6604,-2.6727,0.0,E3E4,17,80.0,540.23,1,7
66,sybil_24,830.0,840.0,12.3366,0.2632,0.0,E4E5,11,80.0,529.96,1,8
66,sybil_25,670.0,840.0,0.0,0.0,49.03,E4E5,12,80.0,495.78,1,8
66,sybil_26,750.0,920.0,6.4882,5.6859,180.0,E5E4,17,80.0,540.23,1,8
66,sybil_27,830.0,840.0,4.2058,-4.4433,180.0,E5E4,11,80.0,529.96,1,9
66,sybil_28,670.0,840.0,1.446,-19.1262,180.0,E5E4,12,80.0,495.78,1,9
66,sybil_29,750.0,920.0,23.7094,19.9846,180.0,E5E4,17,80.0,540.23,1,9
66,sybil_3,830.0,600.0,7.5321,-13.9726,180.0,E4E3,3,80.0,488.83,1,1
66,sybil_30,830.0,840.0,6.2305,2.2561,180.0,E5E4,11,80.0,529.96,1,10
66,sybil_31,670.0,840.0,0.0,-6.1704,180.0,E5E4,12,80.0,495.78,1,10
66,sybil_32,750.0,920.0,12.7,-0.6078,0.0,B4B5,17,80.0,540.23,1,10
66,sybil_33,230.0,840.0,6.6995,-7.3683,0.0,B4B5,4,80.0,589.02,1,11
66,sybil_34,70.0,840.0,22.4975,16.2214,0.0,B4B5,3,80.0,687.62,1,11
66,sybil_35,150.0,920.0,16.7123,8.4916,0.0,B4B5,7,80.0,663.14,1,11
66,sybil_36,230.0,840.0,2.6964,-5.5688,0.0,B4B5,4,80.0,589.02,1,12
66,sybil_37,70.0,840.0,11.1085,-4.2249,0.0,:B4_9,3,80.0,687.62,1,12
66,sybil_38,150.0,920.0,15.9082,15.5447,0.0,B3B4,7,80.0,663.14,1,12
66,sybil_39,230.0,840.0,7.9138,7.5416,0.0,B3B4,4,80.0,589.02,1,13
66,sybil_4,670.0,600.0,8.6843,3.7454,180.0,E4E3,3,80.0,453.52,1,1
66,sybil_5,750.0,680.0,10.0816,7.4556,180.0,E4E3,5,80.0,470.85,1,1
66,sybil_6,830.0,840.0,0.0,-12.1046,90.0,D4E4,11,80.0,529.96,1,2
66,sybil_7,670.0,840.0,5.2385,-13.8803,90.0,D4E4,12,80.0,495.78,1,2
66,sybil_8,750.0,920.0,16.326,9.7993,90.0,E1F1,17,80.0,540.23,1,2
66,sybil_9,830.0,120.0,19.1834,19.1834,90.0,E1F1,3,80.0,650.36,1,3
67,legit_0,598.4,813.8,12.6563,-1.1704,180.0,D5D4,6,150.7,484.46,0,-1
67,legit_1,107.97,198.4,12.9285,0.6808,90.0,A1B1,1,88.96,726.71,0,-1
67,legit_10,335.83,601.6,11.4696,0.8478,270.0,C3B3,2,114.18,501.82,0,-1
67,legit_11,-1.6,185.71,1.9873,1.9873,180.0,A1A0,1,165.23,809.19,0,-1
67,legit_2,598.4,365.02,12.3608,0.0834,180.0,D2D1,1,148.48,491.4,0,-1
67,legit_3,605.88,1001.6,13.0724,0.0541,270.0,:D5_0,0,164.07,568.33,0,-1
67,legit_4,598.4,447.2,13.1215,0.2125,180.0,D3D2,1,172.12,468.22,0,-1
67,legit_5,360.68,601.6,12.5577,2.2474,270.0,C3B3,2,89.34,492.25,0,-1
67,legit_6,219.12,1001.6,13.4396,0.4375,270.0,C5B5,2,104.52,664.18,0,-1
67,legit_7,398.4,521.24,11.6755,0.1759,180.0,C3C2,2,94.16,484.41,0,-1
67,legit_8,998.07,604.88,5.6544,-4.292,183.82,:F3_0,0,52.16,564.48,0,-1
67,legit_9,401.6,929.81,10.7409,-0.3226,0.0,C4C5,0,102.02,556.94,0,-1
67,sybil_0,830.0,600.0,5.7725,5.7725,145.57,:E3_16,3,80.0,488.83,1,0
67,sybil_1,670.0,600.0,8.7527,4.014,180.0,E4E3,3,80.0,453.52,1,0
67,sybil_10,670.0,120.0,0.0,0.0,186.1,:E1_7,1,80.0,619.36,1,3
67,sybil_11,750.0,200.0,17.8929,7.8211,270.0,F1E1,2,80.0,581.19,1,3
67,sybil_12,1130.0,120.0,12.1764,-3.1952,270.0,F1E1,3,80.0,793.2,1,4
67,sybil_13,970.0,120.0,2.4078,-5.3625,270.0,F1E1,4,80.0,703.87,1,4
67,sybil_14,1050.0,200.0,10.6555,1.2779,270.0,F1E1,5,80.0,700.12,1,4
67,sybil_15,1130.0,120.0,4.1733,4.1733,270.0,F1E1,3,80.0,793.2,1,5
67,sybil_16,970.0,120.0,14.1726,-1.2503,270.0,E4D4,4,80.0,703.87,1,5
67,sybil_17,1050.0,200.0,17.9771,5.0214,270.0,E4D4,5,80.0,700.12,1,5
67,sybil_18,830.0,840.0,11.293,1.2499,270.0,E4D4,11,80.0,529.96,1,6
67,sybil_19,670.0,840.0,0.0,-17.0867,270.0,E4D4,12,80.0,495.78,1,6
67,sybil_2,750.0,680.0,8.6603,-8.4444,180.0,E4E3,5,80.0,470.85,1,0
67,sybil_20,750.0,920.0,0.0,-3.8823,354.37,:E4_10,17,80.0,540.23,1,6
67,sybil_21,830.0,840.0,10.1779,-11.8198,0.0,E3E4,11,80.0,529.96,1,7
67,sybil_22,670.0,840.0,24.9272,0.1334,0.0,E3E4,12,80.0,495.78,1,7
67,sybil_23,750.0,920.0,13.0767,0.4163,0.0,E3E4,17,80.0,540.23,1,7
67,sybil_24,830.0,840.0,7.519,-4.8176,0.0,E4E5,11,80.0,529.96,1,8
67,sybil_25,670.0,840.0,0.0,0.0,0.0,E4E5,12,80.0,495.78,1,8
67,sybil_26,750.0,920.0,6.3513,-0.1369,180.0,E5E4,17,80.0,540.23,1,8
67,sybil_27,830.0,840.0,4.6979,0.4921,180.0,E5E4,11,80.0,529.96,1,9
67,sybil_28,670.0,840.0,0.0,-1.446,180.0,E5E4,12,80.0,495.78,1,9
67,sybil_29,750.0,920.0,12.9948,-10.7147,180.0,E5E4,17,80.0,540.23,1,9
67,sybil_3,830.0,600.0,15.1017,7.5696,180.0,E4E3,3,80.0,488.83,1,1
67,sybil_30,830.0,840.0,16.4567,10.2262,180.0,E5E4,11,80.0,529.96,1,10
67,sybil_31,670.0,840.0,11.4838,11.4838,180.0,E5E4,12,80.0,495.78,1,10
67,sybil_32,750.0,920.0,10.7353,-1.9647,0.0,B4B5,17,80.0,540.23,1,10
67,sybil_33,230.0,840.0,9.2908,2.5913,0.0,B4B5,4,80.0,589.02,1,11
67,sybil_34,70.0,840.0,9.3062,-13.1912,0.0,B4B5,3,80.0,687.62,1,11
67,sybil_35,150.0,920.0,20.5385,3.8262,0.0,B4B5,7,80.0,663.14,1,11
67,sybil_36,230.0,840.0,0.0,-2.6964,0.0,B4B5,4,80.0,589.02,1,12
67,sybil_37,70.0,840.0,12.1983,1.0898,0.0,:B4_9,3,80.0,687.62,1,12
67,sybil_38,150.0,920.0,10.6975,-5.2107,0.0,B3B4,7,80.0,663.14,1,12
67,sybil_39,230.0,840.0,8.3738,0.46,0.0,B3B4,4,80.0,589.02,1,13
67,sybil_4,670.0,600.0,9.4505,0.7663,180.0,E4E3,3,80.0,453.52,1,1
67,sybil_5,750.0,680.0,21.2476,11.1659,180.0,E4E3,5,80.0,470.85,1,1
67,sybil_6,830.0,840.0,0.0,0.0,100.55,:E4_12,11,80.0,529.96,1,2
67,sybil_7,670.0,840.0,23.2513,18.0128,90.0,D4E4,12,80.0,495.78,1,2
67,sybil_8,750.0,920.0,5.9186,-10.4074,90.0,E1F1,17,80.0,540.23,1,2
67,sybil_9,830.0,120.0,8.9646,-10.2189,90.0,E1F1,3,80.0,650.36,1,3
68,legit_1,120.53,198.4,12.5634,-0.3651,90.0,A1B1,1,83.76,718.74,0,-1
68,legit_10,323.97,601.6,11.8624,0.3928,270.0,C3B3,2,126.05,506.62,0,-1
68,legit_11,-1.6,182.23,3.4807,1.4935,180.0,A1A0,1,163.88,810.86,0,-1
68,legit_2,598.4,352.64,12.3777,0.0169,180.0,D2D1,1,148.58,495.77,0,-1
68,legit_3,592.08,1001.6,13.7966,0.7243,270.0,D5C5,0,162.27,568.35,0,-1
68,legit_4,598.4,433.44,13.7635,0.6419,180.0,D3D2,1,165.58,471.41,0,-1
68,legit_5,347.73,601.6,12.9461,0.3884,270.0,C3B3,2,102.28,497.15,0,-1
68,legit_6,210.18,1001.6,8.9396,-4.5,270.0,C5B5,2,98.83,668.57,0,-1
68,legit_7,398.4,509.91,11.3282,-0.3473,180.0,C3C2,2,103.82,485.9,0,-1
68,legit_8,994.37,601.82,5.095,-0.5594,231.24,:F3_0,0,55.66,562.49,0,-1
68,legit_9,401.6,941.41,11.6006,0.8598,0.0,C4C5,0,112.37,562.53,0,-1
68,sybil_0,830.0,600.0,7.0741,1.3016,103.66,:E3_16,3,80.0,488.83,1,0
68,sybil_1,670.0,600.0,6.6466,-2.1061,180.0,E4E3,3,80.0,453.52,1,0
68,sybil_10,670.0,120.0,0.0,0.0,103.01,E1F1,3,80.0,619.36,1,3
68,sybil_11,750.0,200.0,0.0,-17.8929,270.0,F1E1,5,80.0,581.19,1,3
68,sybil_12,830.0,120.0,1.3036,-10.8728,270.0,F1E1,4,80.0,650.36,1,4
68,sybil_13,670.0,120.0,9.5264,7.1186,270.0,F1E1,3,80.0,619.36,1,4
68,sybil_14,750.0,200.0,19.2119,8.5564,270.0,F1E1,5,80.0,581.19,1,4
68,sybil_15,1130.0,120.0,9.5119,5.3387,270.0,F1E1,1,80.0,793.2,1,5
68,sybil_16,970.0,120.0,0.0,-14.1726,270.0,E4D4,3,80.0,703.87,1,5
68,sybil_17,1050.0,200.0,8.8169,-9.1602,270.0,E4D4,2,80.0,700.12,1,5
68,sybil_18,830.0,840.0,0.0,-11.293,270.0,E4D4,11,80.0,529.96,1,6
68,sybil_19,670.0,840.0,8.0365,8.0365,270.0,E4D4,11,80.0,495.78,1,6
68,sybil_2,750.0,680.0,2.7777,-5.8826,180.0,E4E3,5,80.0,470.85,1,0
68,sybil_20,750.0,920.0,14.583,14.583,315.98,:E4_18,17,80.0,540.23,1,6
68,sybil_21,830.0,840.0,1.6232,-8.5547,0.0,E3E4,11,80.0,529.96,1,7
68,sybil_22,670.0,840.0,10.0616,-14.8656,0.0,E3E4,11,80.0,495.78,1,7
68,sybil_23,750.0,920.0,8.7797,-4.297,0.0,E3E4,17,80.0,540.23,1,7
68,sybil_24,830.0,840.0,13.0504,5.5315,0.0,E4E5,11,80.0,529.96,1,8
68,sybil_25,670.0,840.0,10.8603,10.8603,0.0,E4E5,11,80.0,495.78,1,8
68,sybil_26,750.0,920.0,0.0,-6.3513,173.71,:E4_3,17,80.0,540.23,1,8
68,sybil_27,830.0,840.0,9.6024,4.9045,180.0,E5E4,11,80.0,529.96,1,9
68,sybil_28,670.0,840.0,7.6499,7.6499,180.0,E5E4,11,80.0,495.78,1,9
68,sybil_29,750.0,920.0,21.7459,8.7512,180.0,E5E4,17,80.0,540.23,1,9
68,sybil_3,830.0,600.0,25.2094,10.1077,180.0,E4E3,3,80.0,488.83,1,1
68,sybil_30,830.0,840.0,20.5786,4.1218,180.0,E5E4,11,80.0,529.96,1,10
68,sybil_31,670.0,840.0,13.2056,1.7219,180.0,E5E4,11,80.0,495.78,1,10
68,sybil_32,750.0,920.0,0.0,-10.7353,0.0,B4B5,17,80.0,540.23,1,10
68,sybil_33,230.0,840.0,6.0014,-3.2894,0.0,B4B5,4,80.0,589.02,1,11
68,sybil_34,70.0,840.0,10.0176,0.7114,0.0,B4B5,3,80.0,687.62,1,11
68,sybil_35,150.0,920.0,16.5772,-3.9613,0.0,B4B5,7,80.0,663.14,1,11
68,sybil_36,230.0,840.0,8.3709,8.3709,0.0,B4B5,4,80.0,589.02,1,12
68,sybil_37,70.0,840.0,2.0883,-10.11,0.0,B4B5,3,80.0,687.62,1,12
68,sybil_38,150.0,920.0,15.5272,4.8297,0.0,B3B4,7,80.0,663.14,1,12
68,sybil_39,230.0,840.0,11.6277,3.2539,0.0,B3B4,4,80.0,589.02,1,13
68,sybil_4,670.0,600.0,15.6689,6.2184,180.0,E4E3,3,80.0,453.52,1,1
68,sybil_5,750.0,680.0,24.5351,3.2876,180.0,E4E3,5,80.0,470.85,1,1
68,sybil_6,830.0,840.0,0.0,0.0,158.53,E4E3,11,80.0,529.96,1,2
68,sybil_7,670.0,840.0,35.047,11.7957,90.0,D4E4,11,80.0,495.78,1,2
68,sybil_8,750.0,920.0,19.024,13.1054,90.0,E1F1,17,80.0,540.23,1,2
68,sybil_9,830.0,120.0,14.1413,5.1767,90.0,E1F1,4,80.0,650.36,1,3
69,legit_1,132.42,198.4,11.8868,-0.6767,90.0,A1B1,1,80.35,711.39,0,-1
69,legit_10,312.6,601.6,11.3669,-0.4955,270.0,C3B3,2,137.41,511.36,0,-1
69,legit_11,-1.6,176.74,5.4903,2.0096,180.0,A1A0,1,161.87,813.52,0,-1
69,legit_2,598.4,340.9,11.7415,-0.6362,180.0,D2D1,1,149.62,500.12,0,-1
69,legit_3,578.2,1001.6,13.8789,0.0822,270.0,D5C5,0,150.27,568.58,0,-1
69,legit_4,598.4,420.62,12.8201,-0.9433,180.0,D3D2,1,160.3,474.63,0,-1
69,legit_5,335.49,601.6,12.2392,-0.7069,270.0,C3B3,2,114.52,501.95,0,-1
69,legit_6,204.6,1001.23,5.6045,-3.3351,265.73,:B5_1,2,95.85,671.16,0,-1
69,legit_7,398.4,498.3,11.6146,0.2864,180.0,C3C2,2,114.04,487.59,0,-1
69,legit_8,989.82,601.6,4.5706,-0.5243,266.72,F3E3,0,60.2,560.08,0,-1
69,legit_9,401.6,952.98,11.5703,-0.0304,0.0,C4C5,0,122.91,568.25,0,-1
69,sybil_0,830.0,600.0,17.0,9.9259,90.0,E3F3,3,80.0,488.83,1,0
69,sybil_1,670.0,600.0,6.1589,-0.4878,173.99,:E3_2,3,80.0,453.52,1,0
69,sybil_10,670.0,120.0,6.171,6.171,90.0,E1F1,3,80.0,619.36,1,3
69,sybil_11,750.0,200.0,7.045,7.045,269.36,:E1_7,5,80.0,581.19,1,3
69,sybil_12,830.0,120.0,0.0,-1.3036,270.0,F1E1,4,80.0,650.36,1,4
69,sybil_13,670.0,120.0,15.0119,5.4855,270.0,F1E1,3,80.0,619.36,1,4
69,sybil_14,750.0,200.0,0.0,-19.2119,270.0,F1E1,5,80.0,581.19,1,4
69,sybil_15,1130.0,120.0,26.633,17.1211,270.0,F1E1,1,80.0,793.2,1,5
69,sybil_16,970.0,120.0,0.0,0.0,270.0,E4D4,3,80.0,703.87,1,5
69,sybil_17,1050.0,200.0,7.949,-0.8679,270.0,E4D4,2,80.0,700.12,1,5
69,sybil_18,830.0,840.0,20.428,20.428,270.0,E4D4,11,80.0,529.96,1,6
69,sybil_19,670.0,840.0,18.9216,10.885,270.0,E4D4,11,80.0,495.78,1,6
69,sybil_2,750.0,680.0,9.025,6.2473,180.0,E4E3,5,80.0,470.85,1,0
69,sybil_20,750.0,920.0,0.0,-14.583,273.98,E4D4,17,80.0,540.23,1,6
69,sybil_21,830.0,840.0,14.3022,12.679,0.0,E3E4,11,80.0,529.96,1,7
69,sybil_22,670.0,840.0,9.478,-0.5836,0.0,E3E4,11,80.0,495.78,1,7
69,sybil_23,750.0,920.0,13.329,4.5493,0.0,E3E4,17,80.0,540.23,1,7
69,sybil_24,830.0,840.0,23.0879,10.0375,0.0,E4E5,11,80.0,529.96,1,8
69,sybil_25,670.0,840.0,15.6624,4.8021,0.0,E4E5,11,80.0,495.78,1,8
69,sybil_26,750.0,920.0,0.0,0.0,127.0,:E4_17,17,80.0,540.23,1,8
69,sybil_27,830.0,840.0,3.6581,-5.9443,180.0,E5E4,11,80.0,529.96,1,9
69,sybil_28,670.0,840.0,15.3034,7.6536,180.0,E5E4,11,80.0,495.78,1,9
69,sybil_29,750.0,920.0,6.4372,-15.3088,180.0,E5E4,17,80.0,540.23,1,9
69,sybil_3,830.0,600.0,0.0,-25.2094,180.0,E4E3,3,80.0,488.83,1,1
69,sybil_30,830.0,840.0,12.0767,-8.5019,180.0,E5E4,11,80.0,529.96,1,10
69,sybil_31,670.0,840.0,6.6677,-6.5379,180.0,E5E4,11,80.0,495.78,1,10
69,sybil_32,750.0,920.0,0.0,0.0,0.0,B4B5,17,80.0,540.23,1,10
69,sybil_33,230.0,840.0,1.3216,-4.6798,0.0,B4B5,4,80.0,589.02,1,11
69,sybil_34,70.0,840.0,7.8016,-2.216,0.0,B4B5,3,80.0,687.62,1,11
69,sybil_35,150.0,920.0,16.0466,-0.5306,0.0,B4B5,7,80.0,663.14,1,11
69,sybil_36,230.0,840.0,2.4672,-5.9038,0.0,B4B5,4,80.0,589.02,1,12
69,sybil_37,70.0,840.0,7.2205,5.1321,0.0,B4B5,3,80.0,687.62,1,12
69,sybil_38,150.0,920.0,24.1421,8.6149,0.0,:B4_9,7,80.0,663.14,1,12
69,sybil_39,230.0,840.0,8.8831,-2.7446,0.0,B3B4,4,80.0,589.02,1,13
69,sybil_4,670.0,600.0,24.3373,8.6683,180.0,E4E3,3,80.0,453.52,1,1
69,sybil_5,750.0,680.0,22.9308,-1.6043,180.0,E4E3,5,80.0,470.85,1,1
69,sybil_6,830.0,840.0,0.1954,0.1954,180.0,E4E3,11,80.0,529.96,1,2
69,sybil_7,670.0,840.0,22.3382,-12.7088,90.0,D4E4,11,80.0,495.78,1,2
69,sybil_8,750.0,920.0,0.0,-19.024,90.0,E1F1,17,80.0,540.23,1,2
69,sybil_9,830.0,120.0,11.6499,-2.4913,90.0,E1F1,4,80.0,650.36,1,3
70,legit_1,145.21,198.4,12.79,0.9032,90.0,A1B1,1,78.55,703.72,0,-1
70,legit_10,301.64,601.6,10.963,-0.4039,270.0,C3B3,1,148.37,516.06,0,-1
70,legit_11,-1.6,169.77,6.9731,1.4828,180.0,A1A0,1,159.56,816.94,0,-1
70,legit_2,598.4,328.29,12.6097,0.8681,180.0,D2D1,1,151.75,505.03,0,-1
70,legit_3,565.06,1001.6,13.1359,-0.743,270.0,D5C5,0,139.24,568.99,0,-1
70,legit_4,598.4,407.14,13.4793,0.6592,180.0,:D2_1,1,155.71,478.27,0,-1
70,legit_5,323.78,601.6,11.7136,-0.5257,270.0,C3B3,2,126.23,506.7,0,-1
70,legit_6,198.89,996.23,8.1121,2.5076,216.62,:B5_9,2,97.0,671.5,0,-1
70,legit_7,398.4,486.96,11.3428,-0.2718,180.0,C3C2,1,124.26,489.39,0,-1
70,legit_8,983.48,601.6,6.3368,1.7662,270.0,F3E3,0,66.54,556.75,0,-1
70,legit_9,401.6,963.84,10.8608,-0.7095,0.0,C4C5,0,125.84,573.75,0,-1
70,sybil_0,830.0,600.0,3.4279,-13.5721,90.0,E3F3,3,80.0,488.83,1,0
70,sybil_1,670.0,600.0,3.856,-2.3029,136.14,:E3_16,3,80.0,453.52,1,0
70,sybil_10,670.0,120.0,9.7634,3.5924,90.0,E1F1,3,80.0,619.36,1,3
70,sybil_11,750.0,200.0,0.0,-7.045,237.44,:E1_7,5,80.0,581.19,1,3
70,sybil_12,830.0,120.0,15.9989,15.9989,270.0,F1E1,4,80.0,650.36,1,4
70,sybil_13,670.0,120.0,20.6623,5.6504,270.0,F1E1,3,80.0,619.36,1,4
70,sybil_14,750.0,200.0,3.1882,3.1882,270.0,F1E1,5,80.0,581.19,1,4
70,sybil_15,1130.0,120.0,3.6565,-22.9766,270.0,F1E1,1,80.0,793.2,1,5
70,sybil_16,970.0,120.0,10.8268,10.8268,270.0,E4D4,3,80.0,703.87,1,5
70,sybil_17,1050.0,200.0,24.3815,16.4325,270.0,E4D4,2,80.0,700.12,1,5
70,sybil_18,830.0,840.0,9.7972,-10.6309,270.0,E4D4,11,80.0,529.96,1,6
70,sybil_19,670.0,840.0,27.4314,8.5098,270.0,E4D4,11,80.0,495.78,1,6
70,sybil_2,750.0,680.0,4.2493,-4.7757,180.0,E4E3,5,80.0,470.85,1,0
70,sybil_20,750.0,920.0,7.2847,7.2847,270.0,E4D4,17,80.0,540.23,1,6
70,sybil_21,830.0,840.0,13.5759,-0.7263,357.21,:E4_10,11,80.0,529.96,1,7
70,sybil_22,670.0,840.0,4.6344,-4.8435,0.0,E3E4,11,80.0,495.78,1,7
70,sybil_23,750.0,920.0,8.7032,-4.6259,0.0,E3E4,17,80.0,540.23,1,7
70,sybil_24,830.0,840.0,10.29,-12.7979,0.0,E4E5,11,80.0,529.96,1,8
70,sybil_25,670.0,840.0,4.3216,-11.3408,0.0,E4E5,11,80.0,495.78,1,8
70,sybil_26,750.0,920.0,4.771,4.771,41.31,E4E5,17,80.0,540.23,1,8
70,sybil_27,830.0,840.0,2.9234,-0.7348,180.0,E5E4,11,80.0,529.96,1,9
70,sybil_28,670.0,840.0,5.4361,-9.8673,180.0,E5E4,11,80.0,495.78,1,9
70,sybil_29,750.0,920.0,10.6854,4.2482,180.0,E5E4,17,80.0,540.23,1,9
70,sybil_3,830.0,600.0,12.0468,12.0468,180.0,E4E3,3,80.0,488.83,1,1
70,sybil_30,830.0,840.0,12.3214,0.2447,180.0,E5E4,11,80.0,529.96,1,10
70,sybil_31,670.0,840.0,4.3005,-2.3672,180.0,E5E4,11,80.0,495.78,1,10
70,sybil_32,750.0,920.0,5.0651,5.0651,0.0,B4B5,17,80.0,540.23,1,10
70,sybil_33,230.0,1080.0,3.1108,1.7892,0.0,B4B5,2,80.0,703.87,1,11
70,sybil_34,70.0,1080.0,0.329,-7.4726,0.0,B4B5,1,80.0,793.2,1,11
70,sybil_35,150.0,1160.0,15.7673,-0.2792,0.0,B4B5,2,80.0,796.31,1,11
70,sybil_36,230.0,840.0,19.6961,17.2289,0.0,B4B5,2,80.0,589.02,1,12
70,sybil_37,70.0,840.0,13.9055,6.6851,0.0,B4B5,1,80.0,687.62,1,12
70,sybil_38,150.0,920.0,20.0507,-4.0914,0.0,B4B5,4,80.0,663.14,1,12
70,sybil_39,230.0,840.0,4.4608,-4.4223,0.0,B3B4,2,80.0,589.02,1,13
70,sybil_4,670.0,600.0,0.0,-24.3373,180.0,E4E3,3,80.0,453.52,1,1
70,sybil_5,750.0,680.0,21.7922,-1.1386,180.0,E4E3,5,80.0,470.85,1,1
70,sybil_6,830.0,840.0,7.0101,6.8147,180.0,E4E3,11,80.0,529.96,1,2
70,sybil_7,670.0,840.0,1.6143,-20.7239,90.0,D4E4,11,80.0,495.78,1,2
70,sybil_8,750.0,920.0,16.4057,16.4057,90.0,E1F1,17,80.0,540.23,1,2
70,sybil_9,830.0,120.0,7.2737,-4.3762,90.0,E1F1,4,80.0,650.36,1,3
71,legit_1,157.79,198.4,12.5829,-0.207,90.0,A1B1,0,78.79,696.42,0,-1
71,legit_10,290.45,601.6,11.1895,0.2265,270.0,C3B3,1,140.45,520.98,0,-1
71,legit_11,-1.6,161.39,8.3737,1.4005,180.0,A1A0,0,157.15,821.11,0,-1
71,legit_2,598.4,316.44,11.8457,-0.7639,180.0,D2D1,1,154.66,509.86,0,-1
71,legit_3,552.07,1001.6,12.9915,-0.1444,270.0,D5C5,0,128.71,569.59,0,-1
71,legit_4,598.4,394.51,12.6294,-0.8499,180.0,:D2_1,1,152.36,481.93,0,-1
71,legit_5,311.76,601.6,12.0162,0.3026,270.0,C3B3,1,138.25,511.71,0,-1
71,legit_6,198.4,988.04,8.2201,0.108,180.39,B5B4,2,103.92,667.63,0,-1
71,legit_7,398.4,475.09,11.8646,0.5218,180.0,C3C2,0,126.13,491.43,0,-1
71,legit_8,974.81,601.6,8.6699,2.333,270.0,F3E3,2,75.21,552.27,0,-1
71,legit_9,401.6,975.41,11.5625,0.7018,0.0,C4C5,0,115.25,579.73,0,-1
71,sybil_0,830.0,600.0,0.6366,-2.7913,90.0,E3F3,4,80.0,488.83,1,0
71,sybil_1,670.0,600.0,0.0,-3.856,94.03,E3F3,3,80.0,453.52,1,0
71,sybil_10,670.0,120.0,11.1203,1.3569,90.0,E1F1,3,80.0,619.36,1,3
71,sybil_11,750.0,200.0,2.6044,2.6044,129.32,E1F1,5,80.0,581.19,1,3
71,sybil_12,830.0,120.0,7.8863,-8.1126,270.0,F1E1,4,80.0,650.36,1,4
71,sybil_13,670.0,120.0,13.2779,-7.3844,270.0,F1E1,3,80.0,619.36,1,4
71,sybil_14,750.0,200.0,1.6239,-1.5643,270.0,F1E1,5,80.0,581.19,1,4
71,sybil_15,1130.0,120.0,14.9864,11.3299,270.0,F1E1,1,80.0,793.2,1,5
71,sybil_16,970.0,120.0,1.8686,-8.9581,270.0,E4D4,3,80.0,703.87,1,5
71,sybil_17,1050.0,200.0,23.8635,-0.518,270.0,E4D4,2,80.0,700.12,1,5
71,sybil_18,830.0,840.0,17.2156,7.4185,270.0,E4D4,11,80.0,529.96,1,6
71,sybil_19,670.0,840.0,3.6691,-23.7623,270.0,E4D4,11,80.0,495.78,1,6
71,sybil_2,750.0,680.0,7.5246,3.2752,177.88,:E3_2,5,80.0,470.85,1,0
71,sybil_20,750.0,920.0,16.5031,9.2184,270.0,E4D4,17,80.0,540.23,1,6
71,sybil_21,830.0,840.0,2.1946,-11.3812,325.24,:E4_18,11,80.0,529.96,1,7
71,sybil_22,670.0,840.0,9.35,4.7156,0.0,E3E4,11,80.0,495.78,1,7
71,sybil_23,750.0,920.0,5.2209,-3.4823,0.0,E3E4,17,80.0,540.23,1,7
71,sybil_24,830.0,840.0,7.998,-2.292,0.0,E4E5,11,80.0,529.96,1,8
71,sybil_25,670.0,840.0,12.9292,8.6077,0.0,E4E5,11,80.0,495.78,1,8
71,sybil_26,750.0,920.0,1.6344,-3.1366,0.0,E4E5,17,80.0,540.23,1,8
71,sybil_27,830.0,840.0,0.0,-2.9234,180.0,E5E4,11,80.0,529.96,1,9
71,sybil_28,670.0,840.0,10.4265,4.9904,180.0,E5E4,11,80.0,495.78,1,9
71,sybil_29,750.0,920.0,13.3039,2.6185,180.0,E5E4,17,80.0,540.23,1,9
71,sybil_3,830.0,600.0,3.3764,-8.6704,180.0,E4E3,4,80.0,488.83,1,1
71,sybil_30,830.0,840.0,20.4195,8.0981,180.0,E5E4,11,80.0,529.96,1,10
71,sybil_31,670.0,840.0,18.6028,14.3023,180.0,E5E4,11,80.0,495.78,1,10
71,sybil_32,750.0,920.0,5.6001,0.535,358.06,:B5_4,17,80.0,540.23,1,10
71,sybil_33,230.0,1080.0,3.6902,0.5794,0.0,B4B5,2,80.0,703.87,1,11
71,sybil_34,70.0,1080.0,3.6315,3.3025,0.0,B4B5,1,80.0,793.2,1,11
71,sybil_35,150.0,1160.0,6.9439,-8.8234,0.0,B4B5,2,80.0,796.31,1,11
71,sybil_36,230.0,840.0,10.7927,-8.9033,0.0,B4B5,2,80.0,589.02,1,12
71,sybil_37,70.0,840.0,20.7635,6.8579,0.0,B4B5,1,80.0,687.62,1,12
71,sybil_38,150.0,920.0,6.3023,-13.7484,0.0,B4B5,4,80.0,663.14,1,12
71,sybil_39,230.0,840.0,15.8066,11.3457,0.0,B3B4,2,80.0,589.02,1,13
71,sybil_4,670.0,600.0,11.7242,11.7242,180.0,E4E3,3,80.0,453.52,1,1
71,sybil_5,750.0,680.0,21.9938,0.2016,180.0,E4E3,5,80.0,470.85,1,1
71,sybil_6,830.0,840.0,11.6861,4.6759,180.0,E4E3,11,80.0,529.96,1,2
71,sybil_7,670.0,840.0,24.3615,22.7472,90.0,D4E4,11,80.0,495.78,1,2
71,sybil_8,750.0,920.0,18.6652,2.2595,90.0,E1F1,17,80.0,540.23,1,2
71,sybil_9,830.0,120.0,8.23,0.9564,90.0,E1F1,4,80.0,650.36,1,3
72,legit_1,170.44,198.4,12.6461,0.0632,90.0,A1B1,0,81.02,689.33,0,-1
72,legit_10,278.84,601.6,11.6093,0.4198,270.0,C3B3,1,128.85,526.23,0,-1
72,legit_11,-1.6,151.16,10.23,1.8563,180.0,A1A0,0,154.77,826.31,0,-1
72,legit_12,412.3,798.4,0.0,0.0,90.0,C4D4,0,56.14,503.55,0,-1
72,legit_2,598.4,304.25,12.1879,0.3421,180.0,D2D1,1,158.52,515.04,0,-1
72,legit_3,539.34,1001.6,12.7308,-0.2607,270.0,D5C5,1,118.86,570.37,0,-1
72,legit_4,598.4,381.9,12.6061,-0.0233,180.0,D2D1,1,150.01,485.82,0,-1
72,legit_5,300.91,601.6,10.8529,-1.1633,270.0,C3B3,1,149.1,516.38,0,-1
72,legit_6,198.4,978.03,10.0093,1.7892,180.0,B5B4,4,112.87,662.68,0,-1
72,legit_7,398.4,462.92,12.1722,0.3076,180.0,C3C2,0,115.13,493.69,0,-1
72,legit_8,963.57,601.6,11.2437,2.5739,270.0,F3E3,2,86.45,546.57,0,-1
72,legit_9,401.6,984.78,9.3752,-2.1873,0.0,C4C5,1,106.81,584.67,0,-1
72,sybil_0,830.0,600.0,12.6216,11.985,90.0,E3F3,4,80.0,488.83,1,0
72,sybil_1,670.0,600.0,4.3449,4.3449,90.0,E3F3,3,80.0,453.52,1,0
72,sybil_10,670.0,120.0,0.0,-11.1203,90.0,E1F1,3,80.0,619.36,1,3
72,sybil_11,750.0,200.0,16.3425,13.738,90.0,E1F1,5,80.0,581.19,1,3
72,sybil_12,830.0,120.0,14.5967,6.7104,270.0,F1E1,4,80.0,650.36,1,4
72,sybil_13,670.0,120.0,0.0,-13.2779,270.0,F1E1,3,80.0,619.36,1,4
72,sybil_14,750.0,200.0,10.1169,8.493,270.0,F1E1,5,80.0,581.19,1,4
72,sybil_15,1130.0,120.0,10.8804,-4.1059,270.0,F1E1,1,80.0,793.2,1,5
72,sybil_16,970.0,120.0,0.0,-1.8686,249.58,:D4_7,3,80.0,703.87,1,5
72,sybil_17,1050.0,200.0,7.3826,-16.4809,270.0,E4D4,2,80.0,700.12,1,5
72,sybil_18,830.0,840.0,10.7136,-6.5021,270.0,E4D4,11,80.0,529.96,1,6
72,sybil_19,670.0,840.0,17.1342,13.465,270.0,E4D4,11,80.0,495.78,1,6
72,sybil_2,750.0,680.0,16.7545,9.2299,144.43,:E3_16,5,80.0,470.85,1,0
72,sybil_20,750.0,920.0,9.822,-6.6811,270.0,E4D4,17,80.0,540.23,1,6
72,sybil_21,830.0,840.0,9.4938,7.2992,279.31,E4D4,11,80.0,529.96,1,7
72,sybil_22,670.0,840.0,0.0,-9.35,0.0,E3E4,11,80.0,495.78,1,7
72,sybil_23,750.0,920.0,17.6577,12.4368,0.0,E3E4,17,80.0,540.23,1,7
72,sybil_24,830.0,840.0,4.2888,-3.7092,0.0,E4E5,11,80.0,529.96,1,8
72,sybil_25,670.0,840.0,14.9818,2.0526,0.0,E4E5,11,80.0,495.78,1,8
72,sybil_26,750.0,920.0,5.8452,4.2108,0.0,E4E5,17,80.0,540.23,1,8
72,sybil_27,830.0,840.0,0.0,0.0,169.4,:E4_17,11,80.0,529.96,1,9
72,sybil_28,670.0,840.0,10.8135,0.387,180.0,E5E4,11,80.0,495.78,1,9
72,sybil_29,750.0,920.0,14.8745,1.5705,180.0,E5E4,17,80.0,540.23,1,9
72,sybil_3,830.0,600.0,2.2051,-1.1713,180.0,E4E3,4,80.0,488.83,1,1
72,sybil_30,830.0,840.0,14.0129,-6.4066,180.0,E5E4,11,80.0,529.96,1,10
72,sybil_31,670.0,840.0,13.2964,-5.3064,180.0,E5E4,11,80.0,495.78,1,10
72,sybil_32,750.0,920.0,2.325,-3.2751,348.48,:B5_4,17,80.0,540.23,1,10
72,sybil_33,230.0,1080.0,0.0,-3.6902,0.0,B4B5,2,80.0,703.87,1,11
72,sybil_34,70.0,1080.0,5.5782,1.9467,0.0,B4B5,1,80.0,793.2,1,11
72,sybil_35,150.0,1160.0,6.5429,-0.401,0.0,B4B5,2,80.0,796.31,1,11
72,sybil_36,230.0,840.0,18.7059,7.9131,0.0,B4B5,3,80.0,589.02,1,12
72,sybil_37,70.0,840.0,2.8885,-17.875,0.0,B4B5,1,80.0,687.62,1,12
72,sybil_38,150.0,920.0,28.6807,22.3784,0.0,B4B5,4,80.0,663.14,1,12
72,sybil_39,230.0,840.0,3.8769,-11.9297,0.0,:B4_9,3,80.0,589.02,1,13
72,sybil_4,670.0,600.0,8.536,-3.1881,180.0,E4E3,3,80.0,453.52,1,1
72,sybil_5,750.0,680.0,11.2944,-10.6994,180.0,E4E3,5,80.0,470.85,1,1
72,sybil_6,830.0,840.0,10.6598,-1.0263,180.0,E4E3,11,80.0,529.96,1,2
72,sybil_7,670.0,840.0,0.5365,-23.825,98.07,:E4_12,11,80.0,495.78,1,2
72,sybil_8,750.0,920.0,13.3497,-5.3155,90.0,E1F1,17,80.0,540.23,1,2
72,sybil_9,830.0,120.0,14.7064,6.4764,90.0,E1F1,4,80.0,650.36,1,3
73,legit_1,181.68,198.4,11.2388,-1.4073,90.0,A1B1,0,84.56,683.24,0,-1
73,legit_10,267.36,601.6,11.4801,-0.1292,270.0,C3B3,1,117.37,531.56,0,-1
73,legit_11,-1.6,138.68,12.4878,2.2578,180.0,A1A0,0,152.75,832.81,0,-1
73,legit_12,413.83,798.4,1.5284,1.5284,90.0,C4D4,0,55.13,503.1,0,-1
73,legit_2,598.4,292.08,12.1785,-0.0094,180.0,D2D1,1,163.21,520.42,0,-1
73,legit_3,525.69,1001.6,13.651,0.9202,270.0,D5C5,1,108.98,571.42,0,-1
73,legit_4,598.4,368.81,13.0924,0.4863,180.0,D2D1,1,148.66,490.11,0,-1
73,legit_5,289.18,601.6,11.724,0.8711,270.0,C3B3,1,139.19,521.55,0,-1
73,legit_6,198.4,965.92,12.1157,2.1064,180.0,B5B4,4,123.93,656.8,0,-1
73,legit_7,398.4,451.14,11.7777,-0.3945,180.0,C3C2,0,104.74,496.04,0,-1
73,legit_8,952.16,601.6,11.4021,0.1583,270.0,F3E3,2,97.85,540.92,0,-1
73,legit_9,401.6,989.84,5.0553,-4.3199,0.0,C4C5,1,102.33,587.38,0,-1
73,sybil_0,830.0,600.0,25.2826,12.661,90.0,E3F3,4,80.0,488.83,1,0
73,sybil_1,670.0,600.0,12.6547,8.3098,90.0,E3F3,3,80.0,453.52,1,0
73,sybil_10,670.0,120.0,12.6491,12.6491,90.0,E1F1,3,80.0,619.36,1,3
73,sybil_11,750.0,200.0,6.258,-10.0845,90.0,E1F1,5,80.0,581.19,1,3
73,sybil_12,830.0,120.0,4.3908,-10.2059,270.0,F1E1,4,80.0,650.36,1,4
73,sybil_13,670.0,120.0,11.7997,11.7997,270.0,F1E1,3,80.0,619.36,1,4
73,sybil_14,750.0,200.0,11.3561,1.2392,270.0,F1E1,5,80.0,581.19,1,4
73,sybil_15,1130.0,120.0,16.9118,6.0313,270.0,F1E1,1,80.0,793.2,1,5
73,sybil_16,970.0,120.0,3.1034,3.1034,163.85,D4E4,3,80.0,703.87,1,5
73,sybil_17,1050.0,200.0,12.3017,4.9191,270.0,E4D4,2,80.0,700.12,1,5
73,sybil_18,830.0,840.0,7.5334,-3.1802,270.0,E4D4,11,80.0,529.96,1,6
73,sybil_19,670.0,840.0,24.855,7.7208,270.0,E4D4,11,80.0,495.78,1,6
73,sybil_2,750.0,680.0,2.6959,-14.0586,94.84,E3F3,5,80.0,470.85,1,0
73,sybil_20,750.0,920.0,7.8888,-1.9332,270.0,E4D4,17,80.0,540.23,1,6
73,sybil_21,830.0,840.0,0.0,-9.4938,270.0,E4D4,11,80.0,529.96,1,7
73,sybil_22,670.0,840.0,3.5321,3.5321,356.27,:E4_10,11,80.0,495.78,1,7
73,sybil_23,750.0,920.0,0.0,-17.6577,0.0,E3E4,17,80.0,540.23,1,7
73,sybil_24,830.0,840.0,13.8355,9.5468,0.0,E4E5,11,80.0,529.96,1,8
73,sybil_25,670.0,840.0,4.4026,-10.5792,0.0,E4E5,11,80.0,495.78,1,8
73,sybil_26,750.0,920.0,9.7385,3.8932,0.0,E4E5,17,80.0,540.23,1,8
73,sybil_27,830.0,840.0,3.1373,3.1373,71.57,E4E5,11,80.0,529.96,1,9
73,sybil_28,670.0,840.0,0.5893,-10.2241,180.0,E5E4,11,80.0,495.78,1,9
73,sybil_29,750.0,920.0,4.1487,-10.7258,180.0,E5E4,17,80.0,540.23,1,9
73,sybil_3,830.0,600.0,18.5409,16.3357,180.0,E4E3,4,80.0,488.83,1,1
73,sybil_30,830.0,840.0,2.9805,-11.0324,180.0,E5E4,11,80.0,529.96,1,10
73,sybil_31,670.0,840.0,26.2513,12.9549,180.0,E5E4,11,80.0,495.78,1,10
73,sybil_32,750.0,920.0,1.814,-0.5109,312.02,:B5_4,17,80.0,540.23,1,10
73,sybil_33,230.0,1080.0,18.7606,18.7606,0.0,B4B5,2,80.0,703.87,1,11
73,sybil_34,70.0,1080.0,4.9801,-0.598,0.0,B4B5,1,80.0,793.2,1,11
73,sybil_35,150.0,1160.0,14.974,8.4311,0.0,B4B5,2,80.0,796.31,1,11
73,sybil_36,230.0,840.0,7.1034,-11.6024,0.0,B4B5,3,80.0,589.02,1,12
73,sybil_37,70.0,840.0,3.6246,0.7362,0.0,B4B5,1,80.0,687.62,1,12
73,sybil_38,150.0,920.0,17.519,-11.1617,0.0,B4B5,4,80.0,663.14,1,12
73,sybil_39,230.0,840.0,9.9788,6.1019,0.0,B4B5,3,80.0,589.02,1,13
73,sybil_4,670.0,600.0,11.6845,3.1485,180.0,E4E3,3,80.0,453.52,1,1
73,sybil_5,750.0,680.0,5.94,-5.3544,180.0,E4E3,5,80.0,470.85,1,1
73,sybil_6,830.0,840.0,29.6625,19.0028,180.0,E4E3,11,80.0,529.96,1,2
73,sybil_7,670.0,840.0,5.5262,4.9897,143.32,:E4_12,11,80.0,495.78,1,2
73,sybil_8,750.0,920.0,18.7495,5.3998,90.0,E1F1,17,80.0,540.23,1,2
73,sybil_9,830.0,120.0,21.7485,7.0421,90.0,E1F1,4,80.0,650.36,1,3
74,legit_1,188.89,198.4,7.2187,-4.0201,90.0,A1B1,0,87.52,679.42,0,-1
74,legit_10,256.1,601.6,11.2569,-0.2232,270.0,C3B3,1,106.11,536.91,0,-1
74,legit_11,-1.6,125.11,13.5677,1.0799,180.0,A1A0,0,151.69,840.05,0,-1
74,legit_12,416.8,798.4,2.9745,1.4461,90.0,C4D4,0,53.22,502.25,0,-1
74,legit_2,598.4,279.69,12.3834,0.205,180.0,D2D1,1,168.74,526.1,0,-1
74,legit_3,512.68,1001.6,13.0115,-0.6395,270.0,D5C5,1,100.38,572.65,0,-1
74,legit_4,598.4,355.03,13.778,0.6856,180.0,D2D1,1,148.48,494.9,0,-1
74,legit_5,276.88,601.6,12.2993,0.5753,270.0,C3B3,1,126.89,527.13,0,-1
74,legit_6,198.4,953.2,12.7157,0.6,180.0,B5B4,4,123.11,650.79,0,-1
74,legit_7,398.4,438.78,12.3591,0.5814,180.0,C3C2,0,94.18,498.67,0,-1
74,legit_8,940.38,601.6,11.7807,0.3787,270.0,F3E3,2,109.63,535.22,0,-1
74,legit_9,401.91,994.98,5.1689,0.1136,3.59,:C5_3,1,97.67,590.08,0,-1
74,sybil_0,830.0,600.0,10.4798,-14.8028,90.0,E3F3,4,80.0,488.83,1,0
74,sybil_1,670.0,600.0,4.8228,-7.832,90.0,E3F3,3,80.0,453.52,1,0
74,sybil_10,670.0,120.0,10.3037,-2.3453,90.0,E1F1,5,80.0,619.36,1,3
74,sybil_11,750.0,200.0,1.3458,-4.9122,90.0,E1F1,8,80.0,581.19,1,3
74,sybil_12,830.0,120.0,23.1838,18.793,270.0,F1E1,5,80.0,650.36,1,4
74,sybil_13,670.0,120.0,5.0432,-6.7565,270.0,F1E1,5,80.0,619.36,1,4
74,sybil_14,750.0,200.0,10.2444,-1.1117,270.0,F1E1,8,80.0,581.19,1,4
74,sybil_15,830.0,120.0,9.7739,-7.1379,270.0,F1E1,5,80.0,650.36,1,5
74,sybil_16,670.0,120.0,8.5388,5.4354,90.0,D4E4,5,80.0,619.36,1,5
74,sybil_17,750.0,200.0,0.0,-12.3017,270.0,E4D4,8,80.0,581.19,1,5
74,sybil_18,830.0,840.0,19.5807,12.0473,270.0,E4D4,11,80.0,529.96,1,6
74,sybil_19,670.0,840.0,8.6971,-16.1579,270.0,E4D4,11,80.0,495.78,1,6
74,sybil_2,750.0,680.0,7.8641,5.1682,90.0,E3F3,5,80.0,470.85,1,0
74,sybil_20,750.0,920.0,23.3836,15.4947,270.0,E4D4,17,80.0,540.23,1,6
74,sybil_21,830.0,840.0,0.0,0.0,270.0,E4D4,11,80.0,529.96,1,7
74,sybil_22,670.0,840.0,4.2233,0.6912,321.36,:E4_18,11,80.0,495.78,1,7
74,sybil_23,750.0,920.0,16.7174,16.7174,0.0,E3E4,17,80.0,540.23,1,7
74,sybil_24,830.0,840.0,15.4794,1.6439,0.0,E4E5,11,80.0,529.96,1,8
74,sybil_25,670.0,840.0,4.3243,-0.0783,0.0,E4E5,11,80.0,495.78,1,8
74,sybil_26,750.0,920.0,8.5315,-1.207,0.0,E4E5,17,80.0,540.23,1,8
74,sybil_27,830.0,840.0,10.1192,6.9818,0.0,E4E5,11,80.0,529.96,1,9
74,sybil_28,670.0,840.0,6.0338,5.4444,180.0,E5E4,11,80.0,495.78,1,9
74,sybil_29,750.0,920.0,2.7824,-1.3663,180.0,E5E4,17,80.0,540.23,1,9
74,sybil_3,830.0,600.0,0.0,-18.5409,174.21,:E3_2,4,80.0,488.83,1,1
74,sybil_30,830.0,840.0,18.0404,15.0599,180.0,E5E4,11,80.0,529.96,1,10
74,sybil_31,670.0,840.0,25.436,-0.8153,180.0,E5E4,11,80.0,495.78,1,10
74,sybil_32,750.0,920.0,2.7309,0.9168,273.71,B5A5,17,80.0,540.23,1,10
74,sybil_33,230.0,1080.0,8.7434,-10.0173,0.0,B4B5,2,80.0,703.87,1,11
74,sybil_34,70.0,1080.0,24.8665,19.8863,0.0,B4B5,1,80.0,793.2,1,11
74,sybil_35,150.0,1160.0,16.0978,1.1238,0.0,B4B5,2,80.0,796.31,1,11
74,sybil_36,230.0,840.0,6.6906,-0.4129,0.0,B4B5,3,80.0,589.02,1,12
74,sybil_37,70.0,840.0,6.3606,2.7359,0.0,B4B5,1,80.0,687.62,1,12
74,sybil_38,150.0,920.0,9.0725,-8.4465,0.0,B4B5,4,80.0,663.14,1,12
74,sybil_39,230.0,840.0,21.4229,11.4441,0.0,B4B5,3,80.0,589.02,1,13
74,sybil_4,670.0,600.0,13.9901,2.3056,180.0,E4E3,3,80.0,453.52,1,1
74,sybil_5,750.0,680.0,1.5845,-4.3555,180.0,E4E3,5,80.0,470.85,1,1
74,sybil_6,830.0,840.0,25.9397,-3.7228,180.0,E4E3,11,80.0,529.96,1,2
74,sybil_7,670.0,840.0,13.8058,8.2796,177.95,E4E3,11,80.0,495.78,1,2
74,sybil_8,750.0,920.0,6.5057,-12.2438,90.0,E1F1,17,80.0,540.23,1,2
74,sybil_9,830.0,120.0,22.1258,0.3772,90.0,E1F1,5,80.0,650.36,1,3
75,legit_1,197.85,198.4,8.9566,1.7379,90.0,:B1_13,0,91.85,674.78,0,-1
75,legit_10,245.49,601.6,10.6102,-0.6467,270.0,C3B3,1,95.5,542.07,0,-1
75,legit_11,-1.6,111.64,13.4676,-0.1001,180.0,A1A0,0,151.83,847.42,0,-1
75,legit_12,421.67,798.4,4.8669,1.8924,90.0,C4D4,0,50.33,500.88,0,-1
75,legit_2,598.4,267.24,12.45,0.0666,180.0,D2D1,1,175.0,532.01,0,-1
75,legit_3,499.29,1001.6,13.3916,0.3801,270.0,D5C5,1,92.61,574.16,0,-1
75,legit_4,598.4,341.56,13.4737,-0.3042,180.0,D2D1,1,149.54,499.87,0,-1
75,legit_5,265.75,601.6,11.1325,-1.1668,270.0,C3B3,1,115.76,532.31,0,-1
75,legit_6,198.4,939.61,13.59,0.8743,180.0,B5B4,4,110.75,644.52,0,-1
75,legit_7,398.4,426.72,12.0677,-0.2914,180.0,C3C2,0,84.34,501.43,0,-1
75,legit_8,929.13,601.6,11.2492,-0.5315,270.0,F3E3,3,120.88,529.91,0,-1
75,legit_9,405.09,998.1,4.6928,-0.4761,43.29,:C5_3,1,93.41,590.89,0,-1
75,sybil_0,830.0,600.0,7.281,-3.1988,90.0,E3F3,6,80.0,488.83,1,0
75,sybil_1,670.0,600.0,15.9363,11.1135,90.0,E3F3,5,80.0,453.52,1,0
75,sybil_10,670.0,120.0,10.0837,-0.22,90.0,E1F1,5,80.0,619.36,1,3
75,sybil_11,750.0,200.0,7.3954,6.0496,90.0,E1F1,8,80.0,581.19,1,3
75,sybil_12,830.0,120.0,0.0,-23.1838,270.0,F1E1,5,80.0,650.36,1,4
75,sybil_13,670.0,120.0,5.0088,-0.0344,270.0,F1E1,5,80.0,619.36,1,4
75,sybil_14,750.0,200.0,16.5994,6.355,270.0,F1E1,8,80.0,581.19,1,4
75,sybil_15,830.0,120.0,19.9933,10.2194,270.0,F1E1,5,80.0,650.36,1,5
75,sybil_16,670.0,120.0,0.0,-8.5388,90.0,D4E4,5,80.0,619.36,1,5
75,sybil_17,750.0,200.0,9.2434,9.2434,270.0,E4D4,8,80.0,581.19,1,5
75,sybil_18,830.0,840.0,9.6279,-9.9528,270.0,E4D4,9,80.0,529.96,1,6
75,sybil_19,670.0,840.0,16.1951,7.4981,270.0,E4D4,9,80.0,495.78,1,6
75,sybil_2,750.0,680.0,13.9699,6.1058,90.0,E3F3,8,80.0,470.85,1,0
75,sybil_20,750.0,920.0,17.6229,-5.7607,270.0,E4D4,14,80.0,540.23,1,6
75,sybil_21,830.0,840.0,18.0554,18.0554,270.0,E4D4,9,80.0,529.96,1,7
75,sybil_22,670.0,840.0,0.0,-4.2233,272.67,E4D4,9,80.0,495.78,1,7
75,sybil_23,750.0,920.0,4.961,-11.7564,0.0,E3E4,14,80.0,540.23,1,7
75,sybil_24,830.0,840.0,7.4162,-8.0633,0.0,E4E5,9,80.0,529.96,1,8
75,sybil_25,670.0,840.0,14.8471,10.5228,0.0,E4E5,9,80.0,495.78,1,8
75,sybil_26,750.0,920.0,20.6882,12.1567,0.0,E4E5,14,80.0,540.23,1,8
75,sybil_27,830.0,840.0,12.1131,1.994,0.0,E4E5,9,80.0,529.96,1,9
75,sybil_28,670.0,840.0,4.0175,-2.0162,174.71,:E4_3,9,80.0,495.78,1,9
75,sybil_29,750.0,920.0,6.4862,3.7038,180.0,E5E4,14,80.0,540.23,1,9
75,sybil_3,830.0,600.0,22.837,22.837,133.18,:E3_16,6,80.0,488.83,1,1
75,sybil_30,830.0,840.0,12.706,-5.3344,180.0,E5E4,9,80.0,529.96,1,10
75,sybil_31,670.0,840.0,17.0536,-8.3824,180.0,E5E4,9,80.0,495.78,1,10
75,sybil_32,750.0,920.0,19.3506,16.6197,270.0,B5A5,14,80.0,540.23,1,10
75,sybil_33,230.0,1080.0,8.1222,-0.6211,343.74,:B5_4,2,80.0,703.87,1,11
75,sybil_34,70.0,1080.0,12.2332,-12.6333,0.0,B4B5,1,80.0,793.2,1,11
75,sybil_35,150.0,1160.0,4.4554,-11.6425,0.0,B4B5,2,80.0,796.31,1,11
75,sybil_36,230.0,840.0,0.5659,-6.1247,0.0,B4B5,3,80.0,589.02,1,12
75,sybil_37,70.0,840.0,24.995,18.6345,0.0,B4B5,1,80.0,687.62,1,12
75,sybil_38,150.0,920.0,15.1586,6.0861,0.0,B4B5,4,80.0,663.14,1,12
75,sybil_39,230.0,840.0,13.0496,-8.3733,0.0,B4B5,3,80.0,589.02,1,13
75,sybil_4,670.0,600.0,0.0,-13.9901,180.0,E4E3,5,80.0,453.52,1,1
75,sybil_5,750.0,680.0,0.2597,-1.3249,180.0,E4E3,8,80.0,470.85,1,1
75,sybil_6,830.0,600.0,9.4848,-16.4549,180.0,E4E3,6,80.0,488.83,1,2
75,sybil_7,670.0,600.0,14.2913,0.4856,180.0,E4E3,5,80.0,453.52,1,2
75,sybil_8,750.0,680.0,9.9272,3.4215,90.0,E1F1,8,80.0,470.85,1,2
75,sybil_9,830.0,120.0,4.4588,-17.667,90.0,E1F1,5,80.0,650.36,1,3
76,legit_1,208.13,198.4,10.2828,1.3263,90.0,B1C1,0,97.6,669.58,0,-1
76,legit_10,234.14,601.6,11.3442,0.734,270.0,C3B3,1,84.16,547.72,0,-1
76,legit_11,-1.6,97.92,13.7223,0.2548,180.0,A1A0,0,153.2,855.11,0,-1
76,legit_12,428.83,798.4,7.1591,2.2923,90.0,C4D4,0,46.68,498.95,0,-1
76,legit_2,598.4,254.32,12.9275,0.4774,180.0,D2D1,1,182.19,538.37,0,-1
76,legit_3,485.8,1001.6,13.489,0.0975,270.0,D5C5,1,86.19,575.93,0,-1
76,legit_4,598.4,327.83,13.7259,0.2521,180.0,D2D1,1,151.85,505.22,0,-1
76,legit_5,255.21,601.6,10.5417,-0.5907,270.0,C3B3,1,105.22,537.34,0,-1
76,legit_6,198.4,926.88,12.7347,-0.8553,180.0,B5B4,3,99.45,638.82,0,-1
76,legit_7,398.4,415.41,11.3008,-0.7669,180.0,C3C2,0,75.72,504.17,0,-1
76,legit_8,918.18,601.6,10.9575,-0.2917,270.0,F3E3,3,131.83,524.87,0,-1
76,legit_9,410.06,998.4,4.9964,0.3036,86.53,C5D5,1,90.85,589.71,0,-1
76,sybil_0,830.0,600.0,20.671,13.39,90.0,E3F3,6,80.0,488.83,1,0
76,sybil_1,670.0,600.0,13.8373,-2.099,90.0,E3F3,5,80.0,453.52,1,0
76,sybil_10,670.0,120.0,2.956,-7.1278,90.0,E1F1,5,80.0,619.36,1,3
76,sybil_11,750.0,200.0,3.7488,-3.6466,90.0,E1F1,8,80.0,581.19,1,3
76,sybil_12,830.0,120.0,4.2485,4.2485,270.0,F1E1,5,80.0,650.36,1,4
76,sybil_13,670.0,120.0,3.4674,-1.5414,270.0,F1E1,5,80.0,619.36,1,4
76,sybil_14,750.0,200.0,16.426,-0.1734,270.0,F1E1,8,80.0,581.19,1,4
76,sybil_15,830.0,120.0,12.3326,-7.6607,270.0,F1E1,5,80.0,650.36,1,5
76,sybil_16,670.0,120.0,11.0706,11.0706,90.0,D4E4,5,80.0,619.36,1,5
76,sybil_17,750.0,200.0,11.3219,2.0785,262.54,:D4_7,8,80.0,581.19,1,5
76,sybil_18,830.0,840.0,13.9281,4.3002,270.0,E4D4,7,80.0,529.96,1,6
76,sybil_19,670.0,840.0,5.0086,-11.1865,270.0,E4D4,7,80.0,495.78,1,6
76,sybil_2,750.0,680.0,24.3305,10.3605,90.0,E3F3,8,80.0,470.85,1,0
76,sybil_20,750.0,920.0,24.0851,6.4622,270.0,E4D4,11,80.0,540.23,1,6
76,sybil_21,830.0,840.0,3.4697,-14.5857,270.0,E4D4,7,80.0,529.96,1,7
76,sybil_22,670.0,840.0,4.6863,4.6863,270.0,E4D4,7,80.0,495.78,1,7
76,sybil_23,750.0,920.0,2.3182,-2.6428,354.35,:E4_10,11,80.0,540.23,1,7
76,sybil_24,830.0,1080.0,18.0948,10.6787,0.0,E4E5,1,80.0,650.36,1,8
76,sybil_25,670.0,1080.0,24.7069,9.8598,0.0,E4E5,1,80.0,619.36,1,8
76,sybil_26,750.0,1160.0,19.1461,-1.5421,0.0,E4E5,2,80.0,687.46,1,8
76,sybil_27,830.0,840.0,7.8064,-4.3067,0.0,E4E5,7,80.0,529.96,1,9
76,sybil_28,670.0,840.0,0.0,-4.0175,107.24,:E4_17,7,80.0,495.78,1,9
76,sybil_29,750.0,920.0,0.0,-6.4862,180.0,E5E4,11,80.0,540.23,1,9
76,sybil_3,830.0,600.0,4.3271,-18.51,92.1,E3F3,6,80.0,488.83,1,1
76,sybil_30,830.0,840.0,10.8297,-1.8763,180.0,E5E4,7,80.0,529.96,1,10
76,sybil_31,670.0,840.0,15.6534,-1.4002,180.0,E5E4,7,80.0,495.78,1,10
76,sybil_32,750.0,920.0,1.4936,-17.857,270.0,B5A5,11,80.0,540.23,1,10
76,sybil_33,230.0,1080.0,9.1237,1.0015,292.43,:B5_4,1,80.0,703.87,1,11
76,sybil_34,70.0,1080.0,3.1476,-9.0856,0.0,B4B5,1,80.0,793.2,1,11
76,sybil_35,150.0,1160.0,24.8792,20.4238,0.0,B4B5,2,80.0,796.31,1,11
76,sybil_36,230.0,840.0,0.0,-0.5659,0.0,B4B5,3,80.0,589.02,1,12
76,sybil_37,70.0,840.0,8.4366,-16.5584,0.0,B4B5,1,80.0,687.62,1,12
76,sybil_38,150.0,920.0,20.9592,5.8006,0.0,B4B5,4,80.0,663.14,1,12
76,sybil_39,230.0,840.0,20.9328,7.8833,0.0,B4B5,3,80.0,589.02,1,13
76,sybil_4,670.0,600.0,10.6798,10.6798,180.0,E4E3,5,80.0,453.52,1,1
76,sybil_5,750.0,680.0,18.4763,18.2166,180.0,E4E3,8,80.0,470.85,1,1
76,sybil_6,830.0,600.0,20.5024,11.0175,180.0,E4E3,6,80.0,488.83,1,2
76,sybil_7,670.0,600.0,0.164,-14.1273,180.0,E4E3,5,80.0,453.52,1,2
76,sybil_8,750.0,680.0,29.9197,19.9925,90.0,E1F1,8,80.0,470.85,1,2
76,sybil_9,830.0,120.0,18.5923,14.1335,90.0,E1F1,5,80.0,650.36,1,3
77,legit_1,220.05,198.4,11.9124,1.6295,90.0,B1C1,0,105.13,663.73,0,-1
77,legit_10,223.43,601.6,10.7131,-0.6312,270.0,C3B3,1,73.45,553.17,0,-1
77,legit_11,-1.6,84.97,12.9476,-0.7747,180.0,A1A0,0,155.59,862.55,0,-1
77,legit_12,438.55,798.4,9.717,2.5579,90.0,C4D4,0,43.15,496.49,0,-1
77,legit_2,598.4,242.41,11.9095,-1.018,180.0,D2D1,3,189.34,544.42,0,-1
77,legit_3,472.37,1001.6,13.4308,-0.0582,270.0,D5C5,1,81.53,577.99,0,-1
77,legit_4,598.4,313.95,13.884,0.1581,180.0,D2D1,1,155.38,510.9,0,-1
77,legit_5,243.62,601.6,11.5881,1.0463,270.0,C3B3,1,93.64,542.99,0,-1
77,legit_6,198.4,913.57,13.3021,0.5674,180.0,B5B4,4,88.07,633.03,0,-1
77,legit_7,398.4,404.16,11.2501,-0.0508,180.0,:C2_1,0,67.92,507.07,0,-1
77,legit_8,906.0,601.6,12.1804,1.2229,270.0,F3E3,3,144.01,519.4,0,-1
77,legit_9,417.4,998.4,7.3364,2.34,90.0,C5D5,1,87.87,587.79,0,-1
77,sybil_0,830.0,600.0,4.1831,-16.4878,90.0,E3F3,6,80.0,488.83,1,0
77,sybil_1,670.0,600.0,16.7794,2.9421,90.0,E3F3,5,80.0,453.52,1,0
77,sybil_10,970.0,120.0,8.356,5.4,90.0,E1F1,3,80.0,703.87,1,3
77,sybil_11,1050.0,200.0,5.0744,1.3256,90.0,E1F1,2,80.0,700.12,1,3
77,sybil_12,830.0,120.0,3.2499,-0.9986,270.0,F1E1,4,80.0,650.36,1,4
77,sybil_13,670.0,120.0,12.4304,8.963,270.0,F1E1,4,80.0,619.36,1,4
77,sybil_14,750.0,200.0,15.1357,-1.2903,270.0,F1E1,5,80.0,581.19,1,4
77,sybil_15,830.0,120.0,0.0,-12.3326,270.0,F1E1,4,80.0,650.36,1,5
77,sybil_16,670.0,120.0,0.1017,-10.9689,90.0,D4E4,4,80.0,619.36,1,5
77,sybil_17,750.0,200.0,7.2029,-4.119,204.25,:D4_7,5,80.0,581.19,1,5
77,sybil_18,830.0,840.0,11.3516,-2.5765,270.0,E4D4,7,80.0,529.96,1,6
77,sybil_19,670.0,840.0,8.0353,3.0267,270.0,E4D4,7,80.0,495.78,1,6
77,sybil_2,750.0,680.0,7.4524,-16.8781,90.0,E3F3,8,80.0,470.85,1,0
77,sybil_20,750.0,920.0,12.293,-11.7921,270.0,E4D4,11,80.0,540.23,1,6
77,sybil_21,830.0,840.0,21.6299,18.1602,270.0,E4D4,7,80.0,529.96,1,7
77,sybil_22,670.0,840.0,5.7206,1.0343,270.0,E4D4,7,80.0,495.78,1,7
77,sybil_23,750.0,920.0,19.1894,16.8712,309.43,:E4_18,11,80.0,540.23,1,7
77,sybil_24,830.0,1080.0,20.3112,2.2164,0.0,E4E5,1,80.0,650.36,1,8
77,sybil_25,670.0,1080.0,14.5753,-10.1316,0.0,E4E5,1,80.0,619.36,1,8
77,sybil_26,750.0,1160.0,1.3437,-17.8024,0.0,E4E5,2,80.0,687.46,1,8
77,sybil_27,830.0,840.0,21.1899,13.3835,0.0,E4E5,7,80.0,529.96,1,9
77,sybil_28,670.0,840.0,0.0,0.0,13.75,E4E5,7,80.0,495.78,1,9
77,sybil_29,750.0,920.0,9.3616,9.3616,180.0,E5E4,11,80.0,540.23,1,9
77,sybil_3,830.0,600.0,18.9476,14.6205,90.0,E3F3,6,80.0,488.83,1,1
77,sybil_30,830.0,840.0,5.2752,-5.5544,180.0,E5E4,7,80.0,529.96,1,10
77,sybil_31,670.0,840.0,7.8058,-7.8475,180.0,E5E4,7,80.0,495.78,1,10
77,sybil_32,750.0,920.0,4.7581,3.2646,270.0,B5A5,11,80.0,540.23,1,10
77,sybil_33,230.0,1080.0,17.1969,8.0731,270.49,B5A5,1,80.0,703.87,1,11
77,sybil_34,70.0,1080.0,21.4215,18.2739,0.0,B4B5,1,80.0,793.2,1,11
77,sybil_35,150.0,1160.0,12.8492,-12.03,0.0,B4B5,2,80.0,796.31,1,11
77,sybil_36,230.0,840.0,1.1046,1.1046,0.0,B4B5,3,80.0,589.02,1,12
77,sybil_37,70.0,840.0,6.3445,-2.0921,0.0,B4B5,2,80.0,687.62,1,12
77,sybil_38,150.0,920.0,10.4176,-10.5416,0.0,B4B5,4,80.0,663.14,1,12
77,sybil_39,230.0,840.0,10.7928,-10.14,0.0,B4B5,3,80.0,589.02,1,13
77,sybil_4,670.0,600.0,3.9132,-6.7665,174.41,:E3_2,5,80.0,453.52,1,1
77,sybil_5,750.0,680.0,11.9839,-6.4924,180.0,E4E3,8,80.0,470.85,1,1
77,sybil_6,830.0,600.0,7.0611,-13.4412,180.0,E4E3,6,80.0,488.83,1,2
77,sybil_7,670.0,600.0,12.624,12.46,180.0,E4E3,5,80.0,453.52,1,2
77,sybil_8,750.0,680.0,9.3653,-20.5544,90.0,E1F1,8,80.0,470.85,1,2
77,sybil_9,1130.0,120.0,5.427,-13.1652,90.0,E1F1,1,80.0,793.2,1,3
78,legit_1,232.16,198.4,12.1147,0.2024,90.0,B1C1,0,113.56,657.96,0,-1
78,legit_10,214.44,601.6,8.9914,-1.7216,270.0,C3B3,1,64.46,557.84,0,-1
78,legit_11,-1.6,71.31,13.6586,0.7109,180.0,A1A0,0,159.23,870.56,0,-1
78,legit_12,449.87,798.4,11.3232,1.6061,90.0,C4D4,0,41.6,493.89,0,-1
78,legit_13,998.4,587.7,0.0,0.0,180.0,F3F2,4,53.05,564.78,0,-1
78,legit_2,598.4,229.44,12.9664,1.057,180.0,D2D1,3,184.39,551.21,0,-1
78,legit_3,459.07,1001.6,13.2984,-0.1324,270.0,D5C5,1,78.92,580.31,0,-1
78,legit_4,598.4,300.59,13.3608,-0.5231,180.0,D2D1,1,159.85,516.63,0,-1
78,legit_5,232.89,601.6,10.7344,-0.8537,270.0,C3B3,1,82.9,548.35,0,-1
78,legit_6,198.4,899.8,13.7776,0.4754,180.0,B5B4,4,76.93,627.23,0,-1
78,legit_7,398.4,392.81,11.3591,0.109,180.0,:C2_1,0,61.15,510.19,0,-1
78,legit_8,894.75,601.6,11.2437,-0.9367,270.0,F3E3,4,144.76,514.5,0,-1
78,legit_9,426.18,998.4,8.7779,1.4415,90.0,C5D5,1,85.01,585.61,0,-1
78,sybil_0,1130.0,600.0,6.7981,2.6149,90.0,E3F3,2,80.0,651.49,1,0
78,sybil_1,970.0,600.0,0.0,-16.7794,90.0,E3F3,5,80.0,549.81,1,0
78,sybil_10,970.0,120.0,14.3449,5.9889,90.0,E1F1,3,80.0,703.87,1,3
78,sybil_11,1050.0,200.0,1.6384,-3.436,90.0,E1F1,2,80.0,700.12,1,3
78,sybil_12,830.0,120.0,5.4635,2.2136,259.83,:E1_7,4,80.0,650.36,1,4
78,sybil_13,670.0,120.0,0.0,-12.4304,270.0,F1E1,4,80.0,619.36,1,4
78,sybil_14,750.0,200.0,0.0,-15.1357,270.0,F1E1,5,80.0,581.19,1,4
78,sybil_15,830.0,120.0,15.0562,15.0562,270.0,F1E1,4,80.0,650.36,1,5
78,sybil_16,670.0,120.0,8.2498,8.1481,90.0,D4E4,4,80.0,619.36,1,5
78,sybil_17,750.0,200.0,11.9215,4.7186,116.31,D4E4,5,80.0,581.19,1,5
78,sybil_18,830.0,840.0,7.9902,-3.3614,270.0,E4D4,7,80.0,529.96,1,6
78,sybil_19,670.0,840.0,12.0509,4.0156,270.0,E4D4,7,80.0,495.78,1,6
78,sybil_2,1050.0,680.0,19.8991,12.4467,90.0,E3F3,3,80.0,600.51,1,0
78,sybil_20,750.0,920.0,18.5709,6.2779,270.0,E4D4,11,80.0,540.23,1,6
78,sybil_21,830.0,840.0,13.8861,-7.7438,270.0,E4D4,7,80.0,529.96,1,7
78,sybil_22,670.0,840.0,28.819,23.0984,270.0,E4D4,7,80.0,495.78,1,7
78,sybil_23,750.0,920.0,4.5158,-14.6736,271.39,E4D4,11,80.0,540.23,1,7
78,sybil_24,830.0,1080.0,12.4796,-7.8316,0.0,E4E5,1,80.0,650.36,1,8
78,sybil_25,670.0,1080.0,1.629,-12.9463,0.0,E4E5,1,80.0,619.36,1,8
78,sybil_26,750.0,1160.0,0.0,-1.3437,0.0,E4E5,2,80.0,687.46,1,8
78,sybil_27,830.0,840.0,6.5105,-14.6793,0.0,E4E5,7,80.0,529.96,1,9
78,sybil_28,670.0,840.0,3.4075,3.4075,0.0,E4E5,7,80.0,495.78,1,9
78,sybil_29,750.0,920.0,1.4317,-7.93,180.0,E5E4,11,80.0,540.23,1,9
78,sybil_3,830.0,600.0,16.3967,-2.5508,90.0,E3F3,5,80.0,488.83,1,1
78,sybil_30,830.0,840.0,0.0,-5.2752,180.0,E5E4,7,80.0,529.96,1,10
78,sybil_31,670.0,840.0,21.7243,13.9185,180.0,E5E4,7,80.0,495.78,1,10
78,sybil_32,750.0,920.0,27.2743,22.5162,270.0,B5A5,11,80.0,540.23,1,10
78,sybil_33,230.0,1080.0,16.2881,-0.9088,270.0,B5A5,1,80.0,703.87,1,11
78,sybil_34,70.0,1080.0,10.3902,-11.0313,0.0,B4B5,1,80.0,793.2,1,11
78,sybil_35,150.0,1160.0,0.0,-12.8492,0.0,B4B5,2,80.0,796.31,1,11
78,sybil_36,230.0,840.0,21.6687,20.5641,0.0,B4B5,3,80.0,589.02,1,12
78,sybil_37,70.0,840.0,15.9278,9.5832,0.0,B4B5,2,80.0,687.62,1,12
78,sybil_38,150.0,920.0,6.5867,-3.831,0.0,B4B5,4,80.0,663.14,1,12
78,sybil_39,230.0,840.0,8.856,-1.9369,0.0,B4B5,3,80.0,589.02,1,13
78,sybil_4,670.0,600.0,4.9931,1.0799,136.93,:E3_16,3,80.0,453.52,1,1
78,sybil_5,750.0,680.0,17.4697,5.4858,180.0,E4E3,5,80.0,470.85,1,1
78,sybil_6,830.0,600.0,14.8771,7.816,180.0,E4E3,5,80.0,488.83,1,2
78,sybil_7,670.0,600.0,10.6228,-2.0012,180.0,E4E3,3,80.0,453.52,1,2
78,sybil_8,750.0,680.0,9.5929,0.2276,90.0,E1F1,5,80.0,470.85,1,2
78,sybil_9,1130.0,120.0,2.7876,-2.6394,90.0,E1F1,1,80.0,793.2,1,3
79,legit_1,244.37,198.4,12.2053,0.0906,90.0,B1C1,0,122.68,652.31,0,-1
79,legit_10,209.52,601.6,4.9166,-4.0748,270.0,C3B3,1,59.55,560.42,0,-1
79,legit_11,-1.6,58.65,12.6684,-0.9902,180.0,A1A0,0,163.55,878.15,0,-1
79,legit_12,463.55,798.4,13.6832,2.36,90.0,C4D4,0,43.75,491.15,0,-1
79,legit_13,998.4,586.17,1.5291,1.5291,180.0,F3F2,4,53.42,564.82,0,-1
79,legit_2,598.4,216.73,12.7072,-0.2592,180.0,D2D1,3,177.14,558.07,0,-1
79,legit_3,445.59,1001.6,13.4756,0.1771,270.0,D5C5,1,78.52,582.97,0,-1
79,legit_4,598.4,287.98,12.6075,-0.7533,180.0,D2D1,1,164.95,522.27,0,-1
79,legit_5,223.48,601.6,9.4059,-1.3284,270.0,C3B3,1,73.5,553.15,0,-1
79,legit_6,198.4,886.42,13.3735,-0.404,180.0,B5B4,1,67.06,621.81,0,-1
79,legit_7,398.4,380.66,12.1474,0.7883,180.0,C2C1,0,55.58,513.75,0,-1
79,legit_8,883.19,601.6,11.5643,0.3207,270.0,F3E3,4,133.2,509.59,0,-1
79,legit_9,437.41,998.4,11.2295,2.4516,90.0,C5D5,1,82.57,582.99,0,-1
79,sybil_0,1130.0,600.0,20.8041,14.006,90.0,E3F3,2,80.0,651.49,1,0
79,sybil_1,970.0,600.0,3.6849,3.6849,90.0,E3F3,5,80.0,549.81,1,0
79,sybil_10,970.0,120.0,9.6206,-4.7243,90.0,E1F1,3,80.0,703.87,1,3
79,sybil_11,1050.0,200.0,11.533,9.8946,90.0,E1F1,2,80.0,700.12,1,3
79,sybil_12,830.0,120.0,7.464,2.0005,229.63,:E1_7,4,80.0,650.36,1,4
79,sybil_13,670.0,120.0,12.6774,12.6774,270.0,F1E1,4,80.0,619.36,1,4
79,sybil_14,750.0,200.0,25.5202,25.5202,270.0,F1E1,5,80.0,581.19,1,4
79,sybil_15,830.0,120.0,10.2188,-4.8374,270.0,F1E1,4,80.0,650.36,1,5
79,sybil_16,670.0,120.0,22.0847,13.8349,90.0,D4E4,4,80.0,619.36,1,5
79,sybil_17,750.0,200.0,14.6921,2.7707,90.0,D4E4,5,80.0,581.19,1,5
79,sybil_18,830.0,840.0,16.0188,8.0286,270.0,E4D4,7,80.0,529.96,1,6
79,sybil_19,670.0,840.0,2.7523,-9.2986,270.0,E4D4,7,80.0,495.78,1,6
79,sybil_2,1050.0,680.0,12.8202,-7.0789,90.0,E3F3,3,80.0,600.51,1,0
79,sybil_20,750.0,920.0,13.3925,-5.1784,270.0,E4D4,11,80.0,540.23,1,6
79,sybil_21,830.0,840.0,8.1456,-5.7406,270.0,E4D4,7,80.0,529.96,1,7
79,sybil_22,670.0,840.0,0.1127,-28.7063,270.0,E4D4,7,80.0,495.78,1,7
79,sybil_23,750.0,920.0,13.922,9.4062,270.0,E4D4,11,80.0,540.23,1,7
79,sybil_24,830.0,1080.0,10.9747,-1.5049,0.0,E4E5,1,80.0,650.36,1,8
79,sybil_25,670.0,1080.0,8.4605,6.8315,0.0,E4E5,1,80.0,619.36,1,8
79,sybil_26,750.0,1160.0,10.0949,10.0949,0.0,E4E5,2,80.0,687.46,1,8
79,sybil_27,830.0,840.0,0.0,-6.5105,0.0,E4E5,7,80.0,529.96,1,9
79,sybil_28,670.0,840.0,9.026,5.6185,0.0,E4E5,7,80.0,495.78,1,9
79,sybil_29,750.0,920.0,0.0,-1.4317,150.19,:E4_17,11,80.0,540.23,1,9
79,sybil_3,830.0,600.0,1.8663,-14.5304,90.0,E3F3,5,80.0,488.83,1,1
79,sybil_30,830.0,840.0,15.358,15.358,180.0,E5E4,7,80.0,529.96,1,10
79,sybil_31,670.0,840.0,4.2907,-17.4336,180.0,E5E4,7,80.0,495.78,1,10
79,sybil_32,750.0,920.0,8.2856,-18.9887,270.0,B5A5,11,80.0,540.23,1,10
79,sybil_33,230.0,1080.0,13.9819,-2.3061,270.0,B5A5,3,80.0,703.87,1,11
79,sybil_34,70.0,1080.0,0.0,-10.3902,350.48,:B5_4,3,80.0,793.2,1,11
79,sybil_35,150.0,1160.0,1.1942,1.1942,0.0,B4B5,5,80.0,796.31,1,11
79,sybil_36,230.0,1080.0,5.9277,-15.741,0.0,B4B5,3,80.0,703.87,1,12
79,sybil_37,70.0,1080.0,0.0,-15.9278,0.0,B4B5,3,80.0,793.2,1,12
79,sybil_38,150.0,1160.0,1.9107,-4.676,0.0,B4B5,5,80.0,796.31,1,12
79,sybil_39,230.0,840.0,18.7443,9.8883,0.0,B4B5,1,80.0,589.02,1,13
79,sybil_4,670.0,600.0,0.0,-4.9931,93.18,E3F3,3,80.0,453.52,1,1
79,sybil_5,750.0,680.0,10.0392,-7.4304,180.0,E4E3,5,80.0,470.85,1,1
79,sybil_6,830.0,600.0,24.7477,9.8706,180.0,E4E3,5,80.0,488.83,1,2
79,sybil_7,670.0,600.0,26.8611,16.2383,180.0,E4E3,3,80.0,453.52,1,2
79,sybil_8,750.0,680.0,0.0,-9.5929,70.09,:F1_7,5,80.0,470.85,1,2
79,sybil_9,1130.0,120.0,18.4999,15.7123,90.0,E1F1,1,80.0,793.2,1,3
80,legit_1,256.61,198.4,12.2458,0.0405,90.0,B1C1,0,132.33,646.81,0,-1
80,legit_10,207.12,601.54,2.4239,-2.4928,269.36,:B3_7,1,57.14,561.7,0,-1
80,legit_11,-1.6,45.31,13.333,0.6647,180.0,A1A0,0,169.0,886.28,0,-1
80,legit_12,476.2,798.4,12.6464,-1.0367,90.0,C4D4,0,49.16,488.97,0,-1
80,legit_13,998.4,582.05,4.1232,2.5941,180.0,F3F2,4,54.63,564.95,0,-1
80,legit_2,598.4,203.89,12.8437,0.1365,180.0,:D1_1,3,170.47,565.2,0,-1
80,legit_3,432.54,1001.6,13.0584,-0.4172,270.0,D5C5,1,80.32,585.85,0,-1
80,legit_4,598.4,274.52,13.4609,0.8534,180.0,D2D1,1,171.26,528.53,0,-1
80,legit_5,218.26,601.6,5.2239,-4.182,270.0,C3B3,1,68.28,555.85,0,-1
80,legit_6,198.4,873.59,12.8303,-0.5432,180.0,B5B4,1,58.92,616.83,0,-1
80,legit_7,398.4,368.65,12.0057,-0.1417,180.0,C2C1,0,52.32,517.53,0,-1
80,legit_8,871.42,601.6,11.7732,0.2088,270.0,F3E3,6,121.43,504.73,0,-1
80,legit_9,448.48,998.4,11.0724,-0.1571,90.0,C5D5,1,81.61,580.62,0,-1
80,sybil_0,1130.0,600.0,17.4562,-3.3478,90.0,E3F3,2,80.0,651.49,1,0
80,sybil_1,970.0,600.0,6.6861,3.0012,90.0,E3F3,5,80.0,549.81,1,0
80,sybil_10,970.0,120.0,14.7226,5.102,90.0,E1F1,3,80.0,703.87,1,3
80,sybil_11,1050.0,200.0,13.7539,2.2209,90.0,E1F1,2,80.0,700.12,1,3
80,sybil_12,830.0,120.0,0.0,-7.464,138.4,E1F1,4,80.0,650.36,1,4
80,sybil_13,670.0,120.0,7.1078,-5.5695,270.0,F1E1,4,80.0,619.36,1,4
80,sybil_14,750.0,200.0,0.0,-25.5202,270.0,F1E1,5,80.0,581.19,1,4
80,sybil_15,830.0,120.0,9.4402,-0.7786,270.0,F1E1,4,80.0,650.36,1,5
80,sybil_16,670.0,120.0,14.4289,-7.6557,90.0,D4E4,4,80.0,619.36,1,5
80,sybil_17,750.0,200.0,0.0,-14.6921,90.0,D4E4,5,80.0,581.19,1,5
80,sybil_18,830.0,840.0,6.4399,-9.5789,256.83,:D4_7,7,80.0,529.96,1,6
80,sybil_19,670.0,840.0,10.3105,7.5582,270.0,E4D4,7,80.0,495.78,1,6
80,sybil_2,1050.0,680.0,22.4072,9.587,90.0,E3F3,3,80.0,600.51,1,0
80,sybil_20,750.0,920.0,23.8675,10.475,270.0,E4D4,11,80.0,540.23,1,6
80,sybil_21,830.0,840.0,10.3517,2.2062,270.0,E4D4,7,80.0,529.96,1,7
80,sybil_22,670.0,840.0,14.4282,14.3155,270.0,E4D4,7,80.0,495.78,1,7
80,sybil_23,750.0,920.0,0.3727,-13.5493,270.0,E4D4,11,80.0,540.23,1,7
80,sybil_24,830.0,1080.0,7.993,-2.9817,351.4,:E5_4,1,80.0,650.36,1,8
80,sybil_25,670.0,1080.0,18.1533,9.6928,0.0,E4E5,1,80.0,619.36,1,8
80,sybil_26,750.0,1160.0,13.1311,3.0363,0.0,E4E5,2,80.0,687.46,1,8
80,sybil_27,830.0,840.0,11.3918,11.3918,0.0,E4E5,7,80.0,529.96,1,9
80,sybil_28,670.0,840.0,0.0,-9.026,0.0,E4E5,7,80.0,495.78,1,9
80,sybil_29,750.0,920.0,8.564,8.564,36.03,E4E5,11,80.0,540.23,1,9
80,sybil_3,830.0,600.0,22.7917,20.9254,90.0,E3F3,5,80.0,488.83,1,1
80,sybil_30,830.0,840.0,0.0,-15.358,180.0,E5E4,7,80.0,529.96,1,10
80,sybil_31,670.0,840.0,10.2841,5.9934,180.0,E5E4,7,80.0,495.78,1,10
80,sybil_32,750.0,920.0,0.0,-8.2856,270.0,B5A5,11,80.0,540.23,1,10
80,sybil_33,230.0,1080.0,18.2267,4.2448,270.0,B5A5,3,80.0,703.87,1,11
80,sybil_34,70.0,1080.0,0.0,0.0,306.68,:B5_4,3,80.0,793.2,1,11
80,sybil_35,150.0,1160.0,3.7937,2.5995,0.0,B4B5,5,80.0,796.31,1,11
80,sybil_36,230.0,1080.0,0.0,-5.9277,0.0,B4B5,3,80.0,703.87,1,12
80,sybil_37,70.0,1080.0,28.4122,28.4122,0.0,B4B5,3,80.0,793.2,1,12
80,sybil_38,150.0,1160.0,15.191,13.2803,0.0,B4B5,5,80.0,796.31,1,12
80,sybil_39,230.0,840.0,0.0,-18.7443,0.0,B4B5,1,80.0,589.02,1,13
80,sybil_4,670.0,600.0,6.3478,6.3478,90.0,E3F3,3,80.0,453.52,1,1
80,sybil_5,750.0,680.0,0.0,-10.0392,178.86,:E3_2,6,80.0,470.85,1,1
80,sybil_6,830.0,600.0,13.4817,-11.266,180.0,E4E3,5,80.0,488.83,1,2
80,sybil_7,670.0,600.0,19.4485,-7.4126,180.0,E4E3,3,80.0,453.52,1,2
80,sybil_8,750.0,680.0,8.796,8.796,16.23,:F1_7,6,80.0,470.85,1,2
80,sybil_9,1130.0,120.0,3.4264,-15.0735,90.0,E1F1,1,80.0,793.2,1,3
81,legit_1,269.07,198.4,12.4539,0.2081,90.0,B1C1,0,142.56,641.37,0,-1
81,legit_10,205.75,599.71,2.5637,0.1399,243.44,:B3_7,1,55.75,562.42,0,-1
81,legit_11,-1.6,31.57,13.7392,0.4061,180.0,A1A0,0,175.5,894.82,0,-1
81,legit_12,490.05,798.4,13.8512,1.2048,90.0,C4D4,0,57.75,486.93,0,-1
81,legit_13,998.4,576.37,5.68,1.5568,180.0,F3F2,4,56.75,565.17,0,-1
81,legit_2,598.4,190.89,12.9985,0.1548,180.0,D1D0,3,164.46,572.64,0,-1
81,legit_3,419.01,1001.6,13.5302,0.4718,270.0,D5C5,1,84.3,589.13,0,-1
81,legit_4,598.4,261.43,13.0893,-0.3716,180.0,D2D1,1,178.15,534.85,0,-1
81,legit_5,214.74,601.6,3.5204,-1.7035,270.0,C3B3,1,64.76,557.68,0,-1
81,legit_6,198.4,859.72,13.8774,1.0471,180.0,B5B4,1,52.26,611.72,0,-1
81,legit_7,398.4,357.13,11.5223,-0.4834,180.0,C2C1,0,51.68,521.42,0,-1
81,legit_8,859.56,601.6,11.8581,0.0849,270.0,F3E3,6,109.57,499.99,0,-1
81,legit_9,459.99,998.4,11.5136,0.4412,90.0,C5D5,1,82.21,578.38,0,-1
81,sybil_0,1130.0,600.0,17.512,0.0558,90.0,E3F3,2,80.0,651.49,1,0
81,sybil_1,970.0,600.0,8.6313,1.9452,90.0,E3F3,5,80.0,549.81,1,0
81,sybil_10,970.0,120.0,16.6285,1.9059,90.0,E1F1,3,80.0,703.87,1,3
81,sybil_11,1050.0,200.0,10.9627,-2.7911,90.0,E1F1,2,80.0,700.12,1,3
81,sybil_12,830.0,120.0,8.945,8.945,90.0,E1F1,4,80.0,650.36,1,4
81,sybil_13,670.0,120.0,12.2783,5.1704,270.0,F1E1,4,80.0,619.36,1,4
81,sybil_14,750.0,200.0,0.0,0.0,270.0,F1E1,5,80.0,581.19,1,4
81,sybil_15,830.0,120.0,2.345,-7.0953,270.0,F1E1,4,80.0,650.36,1,5
81,sybil_16,670.0,120.0,10.9642,-3.4648,90.0,D4E4,4,80.0,619.36,1,5
81,sybil_17,750.0,200.0,12.958,12.958,90.0,D4E4,5,80.0,581.19,1,5
81,sybil_18,830.0,840.0,4.3054,-2.1345,165.0,D4E4,7,80.0,529.96,1,6
81,sybil_19,670.0,840.0,0.4463,-9.8641,270.0,E4D4,7,80.0,495.78,1,6
81,sybil_2,1050.0,680.0,13.666,-8.7412,90.0,E3F3,3,80.0,600.51,1,0
81,sybil_20,750.0,920.0,18.7585,-5.109,270.0,E4D4,11,80.0,540.23,1,6
81,sybil_21,830.0,840.0,16.2703,5.9186,270.0,E4D4,7,80.0,529.96,1,7
81,sybil_22,670.0,840.0,22.6019,8.1737,270.0,E4D4,7,80.0,495.78,1,7
81,sybil_23,750.0,920.0,12.9043,12.5316,270.0,E4D4,11,80.0,540.23,1,7
81,sybil_24,830.0,1080.0,0.0,-7.993,307.02,:E5_4,1,80.0,650.36,1,8
81,sybil_25,670.0,1080.0,10.2943,-7.859,0.0,E4E5,1,80.0,619.36,1,8
81,sybil_26,750.0,1160.0,0.0,-13.1311,0.0,E4E5,2,80.0,687.46,1,8
81,sybil_27,830.0,840.0,6.0059,-5.3859,0.0,E4E5,7,80.0,529.96,1,9
81,sybil_28,670.0,840.0,16.2575,16.2575,0.0,E4E5,7,80.0,495.78,1,9
81,sybil_29,750.0,920.0,0.0,-8.564,0.0,E4E5,11,80.0,540.23,1,9
81,sybil_3,830.0,600.0,12.6989,-10.0928,90.0,E3F3,5,80.0,488.83,1,1
81,sybil_30,830.0,840.0,0.0,0.0,180.0,E5E4,7,80.0,529.96,1,10
81,sybil_31,670.0,840.0,6.6376,-3.6465,180.0,E5E4,7,80.0,495.78,1,10
81,sybil_32,750.0,920.0,10.1735,10.1735,270.0,B5A5,11,80.0,540.23,1,10
81,sybil_33,230.0,1080.0,3.631,-14.5957,270.0,B5A5,3,80.0,703.87,1,11
81,sybil_34,70.0,1080.0,2.4924,2.4924,275.02,B5A5,3,80.0,793.2,1,11
81,sybil_35,150.0,1160.0,8.3236,4.5299,0.0,B4B5,5,80.0,796.31,1,11
81,sybil_36,230.0,1080.0,0.5785,0.5785,0.0,B4B5,3,80.0,703.87,1,12
81,sybil_37,70.0,1080.0,1.1885,-27.2237,0.0,B4B5,3,80.0,793.2,1,12
81,sybil_38,150.0,1160.0,10.0503,-5.1406,0.0,B4B5,5,80.0,796.31,1,12
81,sybil_39,230.0,840.0,24.8133,24.8133,0.0,B4B5,1,80.0,589.02,1,13
81,sybil_4,670.0,600.0,16.873,10.5252,90.0,E3F3,3,80.0,453.52,1,1
81,sybil_5,750.0,680.0,1.731,1.731,150.47,:E3_16,6,80.0,470.85,1,1
81,sybil_6,830.0,600.0,23.565,10.0833,180.0,E4E3,5,80.0,488.83,1,2
81,sybil_7,670.0,600.0,0.0,-19.4485,180.0,E4E3,3,80.0,453.52,1,2
81,sybil_8,750.0,680.0,0.0,-8.796,0.0,F1F2,6,80.0,470.85,1,2
81,sybil_9,1130.0,120.0,1.8667,-1.5596,90.0,E1F1,1,80.0,793.2,1,3
82,legit_1,281.53,198.4,12.4683,0.0145,90.0,B1C1,0,153.13,636.09,0,-1
82,legit_10,208.14,598.4,2.9439,0.3802,153.24,B3C3,1,58.16,561.16,0,-1
82,legit_11,-1.6,18.96,12.6123,-1.1269,180.0,A1A0,0,182.19,902.8,0,-1
82,legit_12,503.05,798.4,12.9994,-0.8518,90.0,C4D4,0,67.42,485.3,0,-1
82,legit_13,998.4,569.3,7.0696,1.3896,180.0,F3F2,3,60.04,565.51,0,-1
82,legit_2,598.4,178.05,12.836,-0.1626,180.0,D1D0,3,159.35,580.19,0,-1
82,legit_3,406.15,1001.6,12.8533,-0.6769,270.0,:C5_0,1,89.83,592.52,0,-1
82,legit_4,598.4,247.64,13.7905,0.7012,180.0,D2D1,3,186.14,541.74,0,-1
82,legit_5,212.21,601.6,2.5296,-0.9908,270.0,C3B3,1,62.23,559.01,0,-1
82,legit_6,198.4,846.46,13.2585,-0.6189,180.0,B5B4,1,48.83,607.14,0,-1
82,legit_7,398.4,344.87,12.2573,0.735,180.0,C2C1,0,53.77,525.84,0,-1
82,legit_8,848.05,601.6,11.5068,-0.3513,270.0,F3E3,5,98.06,495.53,0,-1
82,legit_9,471.3,998.4,11.3099,-0.2036,90.0,C5D5,1,84.34,576.4,0,-1
82,sybil_0,1130.0,600.0,12.3113,-5.2007,90.0,E3F3,2,80.0,651.49,1,0
82,sybil_1,970.0,600.0,14.792,6.1607,90.0,E3F3,5,80.0,549.81,1,0
82,sybil_10,970.0,120.0,12.8048,-3.8237,90.0,E1F1,3,80.0,703.87,1,3
82,sybil_11,1050.0,200.0,15.6366,4.6739,90.0,E1F1,2,80.0,700.12,1,3
82,sybil_12,830.0,120.0,0.0,-8.945,90.0,E1F1,4,80.0,650.36,1,4
82,sybil_13,670.0,120.0,10.6644,-1.6138,266.02,:E1_7,5,80.0,619.36,1,4
82,sybil_14,750.0,200.0,5.4311,5.4311,270.0,F1E1,5,80.0,581.19,1,4
82,sybil_15,830.0,120.0,0.0,-2.345,270.0,F1E1,4,80.0,650.36,1,5
82,sybil_16,670.0,120.0,21.618,10.6538,90.0,D4E4,5,80.0,619.36,1,5
82,sybil_17,750.0,200.0,16.9634,4.0054,90.0,D4E4,5,80.0,581.19,1,5
82,sybil_18,830.0,840.0,0.0,-4.3054,90.0,D4E4,7,80.0,529.96,1,6
82,sybil_19,670.0,840.0,0.694,0.2477,270.0,E4D4,7,80.0,495.78,1,6
82,sybil_2,1050.0,680.0,14.9364,1.2704,90.0,E3F3,3,80.0,600.51,1,0
82,sybil_20,750.0,920.0,0.0,-18.7585,270.0,E4D4,11,80.0,540.23,1,6
82,sybil_21,830.0,840.0,2.8802,-13.3901,270.0,E4D4,7,80.0,529.96,1,7
82,sybil_22,670.0,840.0,16.1892,-6.4127,270.0,E4D4,7,80.0,495.78,1,7
82,sybil_23,750.0,920.0,11.6001,-1.3042,270.0,E4D4,11,80.0,540.23,1,7
82,sybil_24,830.0,1080.0,10.0066,10.0066,273.84,E5D5,1,80.0,650.36,1,8
82,sybil_25,670.0,1080.0,6.9133,-3.381,0.0,E4E5,1,80.0,619.36,1,8
82,sybil_26,750.0,1160.0,15.6956,15.6956,0.0,E4E5,2,80.0,687.46,1,8
82,sybil_27,830.0,840.0,0.0,-6.0059,0.0,E4E5,7,80.0,529.96,1,9
82,sybil_28,670.0,840.0,14.3441,-1.9134,0.0,E4E5,7,80.0,495.78,1,9
82,sybil_29,750.0,920.0,4.207,4.207,0.0,E4E5,11,80.0,540.23,1,9
82,sybil_3,830.0,600.0,15.4802,2.7813,90.0,E3F3,5,80.0,488.83,1,1
82,sybil_30,830.0,840.0,1.6781,1.6781,169.29,:E4_17,7,80.0,529.96,1,10
82,sybil_31,670.0,840.0,0.0,-6.6376,180.0,E5E4,7,80.0,495.78,1,10
82,sybil_32,750.0,920.0,4.2413,-5.9322,270.0,B5A5,11,80.0,540.23,1,10
82,sybil_33,230.0,1080.0,27.3671,23.7362,270.0,B5A5,3,80.0,703.87,1,11
82,sybil_34,70.0,1080.0,17.1464,14.654,270.0,B5A5,3,80.0,793.2,1,11
82,sybil_35,150.0,1160.0,0.0,-8.3236,346.06,:B5_4,5,80.0,796.31,1,11
82,sybil_36,230.0,1080.0,7.8909,7.3124,0.0,B4B5,3,80.0,703.87,1,12
82,sybil_37,70.0,1080.0,9.2608,8.0723,0.0,B4B5,3,80.0,793.2,1,12
82,sybil_38,150.0,1160.0,0.0,-10.0503,0.0,B4B5,5,80.0,796.31,1,12
82,sybil_39,230.0,840.0,0.0,-24.8133,0.0,B4B5,1,80.0,589.02,1,13
82,sybil_4,670.0,600.0,10.3329,-6.54,90.0,E3F3,3,80.0,453.52,1,1
82,sybil_5,750.0,680.0,2.6542,0.9232,100.31,E3F3,6,80.0,470.85,1,1
82,sybil_6,830.0,600.0,7.8375,-15.7275,180.0,E4E3,5,80.0,488.83,1,2
82,sybil_7,670.0,600.0,7.0362,7.0362,180.0,E4E3,3,80.0,453.52,1,2
82,sybil_8,750.0,680.0,0.0,0.0,0.0,F1F2,6,80.0,470.85,1,2
82,sybil_9,1130.0,120.0,17.0817,15.215,78.52,:F1_7,1,80.0,793.2,1,3
83,legit_1,293.76,198.4,12.2222,-0.2462,90.0,B1C1,0,163.74,631.07,0,-1
83,legit_10,212.96,598.4,4.8238,1.8799,90.0,B3C3,1,62.98,558.61,0,-1
83,legit_11,-1.6,8.47,10.4944,-2.1179,180.0,A1A0,0,188.21,909.52,0,-1
83,legit_12,516.51,798.4,13.4593,0.4599,90.0,C4D4,0,78.45,483.85,0,-1
83,legit_13,998.4,560.33,8.9707,1.9011,180.0,F3F2,3,65.09,566.07,0,-1
83,legit_2,598.4,165.82,12.2303,-0.6057,180.0,D1D0,3,155.31,587.59,0,-1
83,legit_3,392.3,1001.6,13.8479,0.9946,270.0,C5B5,1,97.34,596.44,0,-1
83,legit_4,598.4,234.58,13.0618,-0.7287,180.0,D2D1,3,187.49,548.49,0,-1
83,legit_5,208.64,601.6,3.5722,1.0426,270.0,C3B3,1,58.66,560.89,0,-1
83,legit_6,198.4,833.19,13.2714,0.0129,180.0,B5B4,1,48.88,602.89,0,-1
83,legit_7,398.4,332.7,12.1717,-0.0856,180.0,C2C1,0,58.38,530.51,0,-1
83,legit_8,836.64,601.6,11.4142,-0.0926,270.0,F3E3,5,86.65,491.26,0,-1
83,legit_9,481.95,998.4,10.6479,-0.662,90.0,C5D5,1,87.63,574.72,0,-1
83,sybil_0,1130.0,600.0,1.4096,-10.9017,90.0,E3F3,2,80.0,651.49,1,0
83,sybil_1,970.0,600.0,11.8153,-2.9767,90.0,E3F3,5,80.0,549.81,1,0
83,sybil_10,970.0,120.0,9.8446,-2.9602,90.0,E1F1,3,80.0,703.87,1,3
83,sybil_11,1050.0,200.0,16.6237,0.9871,90.0,E1F1,2,80.0,700.12,1,3
83,sybil_12,830.0,120.0,0.0,0.0,90.0,E1F1,4,80.0,650.36,1,4
83,sybil_13,670.0,120.0,10.9017,0.2372,200.49,:E1_7,5,80.0,619.36,1,4
83,sybil_14,750.0,200.0,4.0155,-1.4156,270.0,F1E1,5,80.0,581.19,1,4
83,sybil_15,830.0,120.0,0.0,0.0,270.0,F1E1,4,80.0,650.36,1,5
83,sybil_16,670.0,120.0,6.8692,-14.7488,90.0,D4E4,5,80.0,619.36,1,5
83,sybil_17,750.0,200.0,30.7979,13.8345,90.0,D4E4,5,80.0,581.19,1,5
83,sybil_18,830.0,840.0,5.2984,5.2984,90.0,D4E4,7,80.0,529.96,1,6
83,sybil_19,670.0,840.0,2.8896,2.1956,270.0,E4D4,7,80.0,495.78,1,6
83,sybil_2,1050.0,680.0,11.0251,-3.9113,90.0,E3F3,3,80.0,600.51,1,0
83,sybil_20,750.0,920.0,16.2848,16.2848,270.0,E4D4,11,80.0,540.23,1,6
83,sybil_21,830.0,840.0,16.2166,13.3364,270.0,E4D4,7,80.0,529.96,1,7
83,sybil_22,670.0,840.0,17.1639,0.9747,270.0,E4D4,7,80.0,495.78,1,7
83,sybil_23,750.0,920.0,22.1441,10.544,270.0,E4D4,11,80.0,540.23,1,7
83,sybil_24,830.0,1080.0,6.9524,-3.0542,270.0,E5D5,1,80.0,650.36,1,8
83,sybil_25,670.0,1080.0,0.0,-6.9133,347.0,:E5_4,1,80.0,619.36,1,8
83,sybil_26,750.0,1160.0,12.1905,-3.5051,0.0,E4E5,2,80.0,687.46,1,8
83,sybil_27,830.0,840.0,25.6521,25.6521,0.0,E4E5,7,80.0,529.96,1,9
83,sybil_28,670.0,840.0,0.0,-14.3441,0.0,E4E5,7,80.0,495.78,1,9
83,sybil_29,750.0,920.0,15.154,10.947,0.0,E4E5,11,80.0,540.23,1,9
83,sybil_3,830.0,600.0,5.2643,-10.2159,90.0,E3F3,5,80.0,488.83,1,1
83,sybil_30,830.0,840.0,4.9813,3.3032,84.25,E4E5,7,80.0,529.96,1,10
83,sybil_31,670.0,840.0,9.3181,9.3181,180.0,E5E4,7,80.0,495.78,1,10
83,sybil_32,750.0,920.0,11.8131,7.5718,270.0,B5A5,11,80.0,540.23,1,10
83,sybil_33,230.0,1080.0,31.3193,3.9522,270.0,B5A5,3,80.0,703.87,1,11
83,sybil_34,70.0,1080.0,12.3617,-4.7847,270.0,B5A5,3,80.0,793.2,1,11
83,sybil_35,150.0,1160.0,0.0,0.0,296.59,:B5_4,5,80.0,796.31,1,11
83,sybil_36,230.0,1080.0,0.0,-7.8909,0.0,B4B5,3,80.0,703.87,1,12
83,sybil_37,70.0,1080.0,6.6105,-2.6503,0.0,B4B5,3,80.0,793.2,1,12
83,sybil_38,150.0,1160.0,19.6944,19.6944,0.0,B4B5,5,80.0,796.31,1,12
83,sybil_39,230.0,840.0,0.3207,0.3207,0.0,B4B5,1,80.0,589.02,1,13
83,sybil_4,670.0,600.0,3.3976,-6.9353,90.0,E3F3,3,80.0,453.52,1,1
83,sybil_5,750.0,680.0,19.9699,17.3157,90.0,E3F3,6,80.0,470.85,1,1
83,sybil_6,830.0,600.0,18.8603,11.0228,180.0,E4E3,5,80.0,488.83,1,2
83,sybil_7,670.0,600.0,20.8784,13.8422,180.0,E4E3,3,80.0,453.52,1,2
83,sybil_8,750.0,680.0,18.8196,18.8196,0.0,F1F2,6,80.0,470.85,1,2
83,sybil_9,1130.0,120.0,0.0,-17.0817,22.35,:F1_7,1,80.0,793.2,1,3
84,legit_1,305.56,198.4,11.8017,-0.4205,90.0,B1C1,1,164.35,626.37,0,-1
84,legit_10,219.73,598.4,6.7651,1.9413,90.0,B3C3,1,69.74,555.09,0,-1
84,legit_11,-1.34,1.4,7.0843,-3.41,177.04,:A0_0,0,192.28,913.93,0,-1
84,legit_12,530.23,798.4,13.7218,0.2625,90.0,C4D4,4,90.37,482.63,0,-1
84,legit_13,998.4,549.99,10.3342,1.3635,180.0,F3F2,6,71.86,566.85,0,-1
84,legit_14,201.6,212.3,0.0,0.0,0.0,B1B2,1,105.74,665.82,0,-1
84,legit_2,598.4,153.31,12.5143,0.2841,180.0,D1D0,3,152.09,595.36,0,-1
84,legit_3,378.62,1001.6,13.6836,-0.1642,270.0,C5B5,1,106.03,600.57,0,-1
84,legit_4,598.4,221.57,13.0079,-0.0539,180.0,D2D1,3,179.83,555.43,0,-1
84,legit_5,203.05,600.87,5.6765,2.1043,261.53,:B3_6,1,53.06,563.86,0,-1
84,legit_6,198.4,820.04,13.1416,-0.1298,180.0,B5B4,1,52.35,599.01,0,-1
84,legit_7,398.4,320.97,11.7353,-0.4364,180.0,C2C1,0,64.7,535.24,0,-1
84,legit_8,824.58,601.6,12.0553,0.6411,270.0,F3E3,4,74.6,486.89,0,-1
84,legit_9,492.93,998.4,10.9759,0.328,90.0,C5D5,1,92.2,573.18,0,-1
84,sybil_0,1130.0,600.0,4.8662,3.4566,90.0,E3F3,4,80.0,651.49,1,0
84,sybil_1,970.0,600.0,11.553,-0.2623,90.0,E3F3,6,80.0,549.81,1,0
84,sybil_10,970.0,120.0,2.4146,-7.43,90.0,E1F1,3,80.0,703.87,1,3
84,sybil_11,1050.0,200.0,14.7418,-1.8819,90.0,E1F1,2,80.0,700.12,1,3
84,sybil_12,830.0,120.0,0.0,0.0,90.0,E1F1,4,80.0,650.36,1,4
84,sybil_13,670.0,120.0,0.0,-10.9017,105.0,E1F1,5,80.0,619.36,1,4
84,sybil_14,750.0,200.0,0.4723,-3.5432,270.0,F1E1,5,80.0,581.19,1,4
84,sybil_15,830.0,120.0,8.0929,8.0929,270.0,F1E1,4,80.0,650.36,1,5
84,sybil_16,670.0,120.0,9.025,2.1558,90.0,D4E4,5,80.0,619.36,1,5
84,sybil_17,750.0,200.0,25.2569,-5.5409,90.0,D4E4,5,80.0,581.19,1,5
84,sybil_18,830.0,840.0,20.4533,15.1548,90.0,D4E4,7,80.0,529.96,1,6
84,sybil_19,670.0,840.0,3.3417,0.452,230.81,:D4_7,8,80.0,495.78,1,6
84,sybil_2,1050.0,680.0,15.4709,4.4458,90.0,E3F3,6,80.0,600.51,1,0
84,sybil_20,750.0,920.0,10.1188,-6.166,270.0,E4D4,11,80.0,540.23,1,6
84,sybil_21,830.0,840.0,10.8909,-5.3257,270.0,E4D4,7,80.0,529.96,1,7
84,sybil_22,670.0,840.0,11.5962,-5.5677,270.0,E4D4,8,80.0,495.78,1,7
84,sybil_23,750.0,920.0,16.5779,-5.5662,270.0,E4D4,11,80.0,540.23,1,7
84,sybil_24,830.0,1080.0,12.589,5.6366,270.0,E5D5,1,80.0,650.36,1,8
84,sybil_25,670.0,1080.0,16.0358,16.0358,288.43,:E5_4,1,80.0,619.36,1,8
84,sybil_26,750.0,1160.0,11.3611,-0.8294,0.0,E4E5,2,80.0,687.46,1,8
84,sybil_27,830.0,840.0,22.1925,-3.4596,0.0,E4E5,7,80.0,529.96,1,9
84,sybil_28,670.0,840.0,14.6132,14.6132,0.0,E4E5,8,80.0,495.78,1,9
84,sybil_29,750.0,920.0,8.8392,-6.3148,0.0,E4E5,11,80.0,540.23,1,9
84,sybil_3,1130.0,600.0,14.1301,8.8659,90.0,E3F3,4,80.0,651.49,1,1
84,sybil_30,830.0,840.0,0.2049,-4.7763,0.0,E4E5,7,80.0,529.96,1,10
84,sybil_31,670.0,840.0,1.1181,-8.2,180.0,E5E4,8,80.0,495.78,1,10
84,sybil_32,750.0,920.0,24.9645,13.1514,270.0,B5A5,11,80.0,540.23,1,10
84,sybil_33,230.0,1080.0,12.8788,-18.4406,270.0,B5A5,3,80.0,703.87,1,11
84,sybil_34,70.0,1080.0,10.3762,-1.9855,270.0,B5A5,3,80.0,793.2,1,11
84,sybil_35,150.0,1160.0,0.0,0.0,271.48,B5A5,5,80.0,796.31,1,11
84,sybil_36,230.0,1080.0,19.9987,19.9987,356.12,:B5_4,3,80.0,703.87,1,12
84,sybil_37,70.0,1080.0,13.241,6.6304,0.0,B4B5,3,80.0,793.2,1,12
84,sybil_38,150.0,1160.0,0.0,-19.6944,0.0,B4B5,5,80.0,796.31,1,12
84,sybil_39,230.0,840.0,7.6469,7.3262,0.0,B4B5,1,80.0,589.02,1,13
84,sybil_4,970.0,600.0,12.0803,8.6826,90.0,E3F3,6,80.0,549.81,1,1
84,sybil_5,1050.0,680.0,3.2421,-16.7279,90.0,E3F3,6,80.0,600.51,1,1
84,sybil_6,830.0,600.0,8.7621,-10.0982,180.0,E4E3,4,80.0,488.83,1,2
84,sybil_7,670.0,600.0,6.8223,-14.0561,180.0,E4E3,1,80.0,453.52,1,2
84,sybil_8,750.0,680.0,5.0626,-13.7571,0.0,F1F2,3,80.0,470.85,1,2
84,sybil_9,1130.0,120.0,7.4705,7.4705,0.0,F1F2,1,80.0,793.2,1,3
85,legit_1,318.38,198.4,12.8194,1.0177,90.0,B1C1,2,153.2,621.42,0,-1
85,legit_10,228.92,598.4,9.1923,2.4273,90.0,B3C3,1,78.94,550.37,0,-1
85,legit_11,3.85,-1.6,6.5721,-0.5123,109.71,A0B0,0,190.12,912.49,0,-1
85,legit_12,543.96,798.4,13.727,0.0052,90.0,C4D4,4,102.75,481.63,0,-1
85,legit_13,998.4,538.01,11.9878,1.6535,180.0,F3F2,4,80.66,567.94,0,-1
85,legit_14,201.6,214.88,2.5824,2.5824,0.0,B1B2,1,108.01,664.53,0,-1
85,legit_2,598.4,140.43,12.8752,0.3609,180.0,D1D0,3,149.8,603.56,0,-1
85,legit_3,365.18,1001.6,13.4373,-0.2463,270.0,C5B5,1,115.5,604.86,0,-1
85,legit_4,598.4,210.5,11.0681,-1.9398,180.0,D2D1,3,173.82,561.5,0,-1
85,legit_5,198.75,595.25,7.474,1.7975,206.6,:B3_6,1,48.98,566.19,0,-1
85,legit_6,198.4,806.24,13.808,0.6664,180.0,:B4_1,1,59.01,595.26,0,-1
85,legit_7,398.4,308.56,12.4015,0.6662,180.0,C2C1,1,72.86,540.47,0,-1
85,legit_8,814.96,601.6,9.6227,-2.4326,270.0,F3E3,3,64.98,483.52,0,-1
85,legit_9,503.61,998.4,10.6866,-0.2893,90.0,C5D5,1,97.64,571.85,0,-1
85,sybil_0,1130.0,600.0,21.5078,16.6416,90.0,E3F3,4,80.0,651.49,1,0
85,sybil_1,970.0,600.0,9.2055,-2.3475,90.0,E3F3,5,80.0,549.81,1,0
85,sybil_10,970.0,120.0,2.4025,-0.012,83.24,:F1_7,3,80.0,703.87,1,3
85,sybil_11,1050.0,200.0,16.2944,1.5526,90.0,E1F1,2,80.0,700.12,1,3
85,sybil_12,830.0,120.0,2.7025,2.7025,90.0,E1F1,4,80.0,650.36,1,4
85,sybil_13,670.0,120.0,0.0126,0.0126,90.0,E1F1,5,80.0,619.36,1,4
85,sybil_14,750.0,200.0,2.8731,2.4008,270.0,F1E1,5,80.0,581.19,1,4
85,sybil_15,830.0,120.0,9.4967,1.4038,270.0,F1E1,4,80.0,650.36,1,5
85,sybil_16,670.0,120.0,13.8009,4.7759,90.0,D4E4,5,80.0,619.36,1,5
85,sybil_17,750.0,200.0,5.7013,-19.5556,90.0,D4E4,5,80.0,581.19,1,5
85,sybil_18,830.0,840.0,0.0,-20.4533,90.0,D4E4,7,80.0,529.96,1,6
85,sybil_19,670.0,840.0,0.0,-3.3417,153.08,D4E4,8,80.0,495.78,1,6
85,sybil_2,1050.0,680.0,16.6459,1.175,90.0,E3F3,5,80.0,600.51,1,0
85,sybil_20,750.0,920.0,9.2344,-0.8844,270.0,E4D4,11,80.0,540.23,1,6
85,sybil_21,830.0,840.0,2.4,-8.4909,270.0,E4D4,7,80.0,529.96,1,7
85,sybil_22,670.0,840.0,14.9844,3.3882,270.0,E4D4,8,80.0,495.78,1,7
85,sybil_23,750.0,920.0,9.1881,-7.3898,270.0,E4D4,11,80.0,540.23,1,7
85,sybil_24,830.0,1080.0,15.1913,2.6024,270.0,E5D5,1,80.0,650.36,1,8
85,sybil_25,670.0,1080.0,0.0,-16.0358,270.0,E5D5,1,80.0,619.36,1,8
85,sybil_26,750.0,1160.0,9.0285,-2.3326,0.0,E4E5,2,80.0,687.46,1,8
85,sybil_27,830.0,840.0,15.2259,-6.9666,0.0,E4E5,7,80.0,529.96,1,9
85,sybil_28,670.0,840.0,12.9905,-1.6227,0.0,E4E5,8,80.0,495.78,1,9
85,sybil_29,750.0,920.0,0.0,-8.8392,0.0,E4E5,11,80.0,540.23,1,9
85,sybil_3,1130.0,600.0,25.1899,11.0598,90.0,E3F3,4,80.0,651.49,1,1
85,sybil_30,830.0,840.0,12.7594,12.5544,0.0,E4E5,7,80.0,529.96,1,10
85,sybil_31,670.0,840.0,0.0,-1.1181,180.0,E5E4,8,80.0,495.78,1,10
85,sybil_32,750.0,920.0,10.1141,-14.8504,270.0,B5A5,11,80.0,540.23,1,10
85,sybil_33,230.0,1080.0,11.4439,-1.4349,270.0,B5A5,3,80.0,703.87,1,11
85,sybil_34,70.0,1080.0,0.2045,-10.1717,270.0,B5A5,3,80.0,793.2,1,11
85,sybil_35,150.0,1160.0,23.0516,23.0516,270.0,B5A5,5,80.0,796.31,1,11
85,sybil_36,230.0,1080.0,29.1315,9.1328,319.61,:B5_4,3,80.0,703.87,1,12
85,sybil_37,70.0,1080.0,2.9631,-10.2778,0.0,B4B5,3,80.0,793.2,1,12
85,sybil_38,150.0,1160.0,0.0,0.0,0.0,B4B5,5,80.0,796.31,1,12
85,sybil_39,230.0,840.0,14.4672,6.8204,0.0,B4B5,1,80.0,589.02,1,13
85,sybil_4,970.0,600.0,12.8741,0.7939,90.0,E3F3,5,80.0,549.81,1,1
85,sybil_5,1050.0,680.0,13.4509,10.2088,90.0,E3F3,5,80.0,600.51,1,1
85,sybil_6,830.0,600.0,11.0779,2.3158,176.97,:E3_2,4,80.0,488.83,1,2
85,sybil_7,670.0,600.0,18.2864,11.4641,180.0,E4E3,2,80.0,453.52,1,2
85,sybil_8,750.0,680.0,14.7755,9.713,0.0,F1F2,3,80.0,470.85,1,2
85,sybil_9,1130.0,120.0,15.3058,7.8352,0.0,F1F2,1,80.0,793.2,1,3
86,legit_1,331.28,198.4,12.9029,0.0835,90.0,B1C1,2,142.27,616.62,0,-1
86,legit_10,239.9,598.4,10.9797,1.7874,90.0,B3C3,1,89.91,544.84,0,-1
86,legit_11,12.93,-1.6,9.0795,2.5074,90.0,A0B0,0,183.23,906.59,0,-1
86,legit_12,556.59,798.4,12.6361,-1.0909,90.0,C4D4,4,114.42,480.91,0,-1
86,legit_13,998.4,525.31,12.6921,0.7044,180.0,F3F2,2,90.78,569.28,0,-1
86,legit_14,201.6,219.55,4.6725,2.0901,0.0,B1B2,1,112.13,662.21,0,-1
86,legit_2,598.4,127.52,12.9118,0.0366,180.0,D1D0,3,148.59,612.01,0,-1
86,legit_3,352.03,1001.6,13.1548,-0.2825,270.0,C5B5,3,125.48,609.27,0,-1
86,legit_4,597.64,204.07,6.5681,-4.5,188.85,:D1_0,3,169.9,565.1,0,-1
86,legit_5,198.4,587.94,7.3304,-0.1436,180.23,B3B2,1,49.88,566.5,0,-1
86,legit_6,198.4,792.93,13.3021,-0.506,180.0,:B4_1,0,67.51,591.92,0,-1
86,legit_7,398.4,297.23,11.3353,-1.0662,180.0,C2C1,1,81.26,545.42,0,-1
86,legit_8,809.71,601.6,5.2502,-4.3725,270.0,F3E3,3,59.73,481.73,0,-1
86,legit_9,514.31,998.4,10.6974,0.0108,90.0,C5D5,0,103.9,570.69,0,-1
86,sybil_0,1130.0,600.0,7.4452,-14.0627,90.0,E3F3,3,80.0,651.49,1,0
86,sybil_1,970.0,600.0,7.4639,-1.7416,90.0,E3F3,5,80.0,549.81,1,0
86,sybil_10,970.0,120.0,5.2197,2.8171,29.18,:F1_7,3,80.0,703.87,1,3
86,sybil_11,1050.0,200.0,16.1872,-0.1072,90.0,E1F1,2,80.0,700.12,1,3
86,sybil_12,830.0,120.0,8.8777,6.1752,90.0,E1F1,4,80.0,650.36,1,4
86,sybil_13,670.0,120.0,0.0,-0.0126,90.0,E1F1,5,80.0,619.36,1,4
86,sybil_14,750.0,200.0,0.0,-2.8731,234.95,:E1_7,5,80.0,581.19,1,4
86,sybil_15,830.0,120.0,10.2019,0.7052,270.0,F1E1,4,80.0,650.36,1,5
86,sybil_16,670.0,120.0,19.748,5.9471,90.0,D4E4,5,80.0,619.36,1,5
86,sybil_17,750.0,200.0,7.3812,1.6799,90.0,D4E4,5,80.0,581.19,1,5
86,sybil_18,830.0,840.0,16.0069,16.0069,90.0,D4E4,7,80.0,529.96,1,6
86,sybil_19,670.0,840.0,2.1199,2.1199,90.0,D4E4,8,80.0,495.78,1,6
86,sybil_2,1050.0,680.0,4.9501,-11.6958,90.0,E3F3,5,80.0,600.51,1,0
86,sybil_20,750.0,920.0,16.7847,7.5503,270.0,E4D4,11,80.0,540.23,1,6
86,sybil_21,830.0,840.0,0.6932,-1.7068,270.0,E4D4,7,80.0,529.96,1,7
86,sybil_22,670.0,840.0,17.9101,2.9257,270.0,E4D4,8,80.0,495.78,1,7
86,sybil_23,750.0,920.0,18.7407,9.5526,270.0,E4D4,11,80.0,540.23,1,7
86,sybil_24,830.0,1080.0,28.6459,13.4546,270.0,E5D5,1,80.0,650.36,1,8
86,sybil_25,670.0,1080.0,10.9819,10.9819,270.0,E5D5,1,80.0,619.36,1,8
86,sybil_26,750.0,1160.0,14.4617,5.4332,0.0,E4E5,2,80.0,687.46,1,8
86,sybil_27,830.0,840.0,19.4884,4.2624,0.0,E4E5,7,80.0,529.96,1,9
86,sybil_28,670.0,840.0,18.28,5.2895,0.0,E4E5,8,80.0,495.78,1,9
86,sybil_29,750.0,920.0,14.9266,14.9266,0.0,E4E5,11,80.0,540.23,1,9
86,sybil_3,1130.0,600.0,2.5355,-22.6544,90.0,E3F3,3,80.0,651.49,1,1
86,sybil_30,830.0,840.0,12.8936,0.1343,0.0,E4E5,7,80.0,529.96,1,10
86,sybil_31,670.0,840.0,0.0,0.0,134.93,:E4_17,8,80.0,495.78,1,10
86,sybil_32,750.0,920.0,10.7495,0.6354,270.0,B5A5,11,80.0,540.23,1,10
86,sybil_33,230.0,1080.0,4.7716,-6.6723,270.0,B5A5,5,80.0,703.87,1,11
86,sybil_34,70.0,1080.0,23.9023,23.6978,270.0,B5A5,3,80.0,793.2,1,11
86,sybil_35,150.0,1160.0,8.886,-14.1656,270.0,B5A5,6,80.0,796.31,1,11
86,sybil_36,230.0,1080.0,3.7552,-25.3763,278.06,B5A5,5,80.0,703.87,1,12
86,sybil_37,70.0,1080.0,4.3137,1.3506,0.0,B4B5,3,80.0,793.2,1,12
86,sybil_38,150.0,1160.0,0.0,0.0,0.0,B4B5,6,80.0,796.31,1,12
86,sybil_39,230.0,1080.0,19.4717,5.0044,0.0,B4B5,5,80.0,703.87,1,13
86,sybil_4,970.0,600.0,6.6396,-6.2345,90.0,E3F3,5,80.0,549.81,1,1
86,sybil_5,1050.0,680.0,13.6279,0.177,90.0,E3F3,5,80.0,600.51,1,1
86,sybil_6,830.0,600.0,4.1073,-6.9706,145.87,:E3_16,4,80.0,488.83,1,2
86,sybil_7,670.0,600.0,11.7495,-6.5369,180.0,E4E3,2,80.0,453.52,1,2
86,sybil_8,750.0,680.0,22.2574,7.4819,0.0,F1F2,3,80.0,470.85,1,2
86,sybil_9,1130.0,120.0,5.2949,-10.0108,0.0,F1F2,1,80.0,793.2,1,3
87,legit_1,343.1,198.4,11.8242,-1.0787,90.0,B1C1,2,132.56,612.37,0,-1
87,legit_10,250.99,598.4,11.0877,0.1079,90.0,B3C3,1,101.0,539.38,0,-1
87,legit_11,24.16,-1.6,11.2311,2.1516,90.0,A0B0,0,174.99,899.38,0,-1
87,legit_12,570.14,798.4,13.5467,0.9106,90.0,C4D4,3,127.14,480.35,0,-1
87,legit_13,998.4,512.09,13.22,0.5278,180.0,F3F2,2,101.93,570.87,0,-1
87,legit_14,201.6,226.02,6.4661,1.7935,0.0,B1B2,1,117.91,659.04,0,-1
87,legit_2,598.4,115.39,12.1305,-0.7813,180.0,D1D0,3,148.47,620.14,0,-1
87,legit_3,338.3,1001.6,13.732,0.5772,270.0,C5B5,3,136.47,614.08,0,-1
87,legit_4,592.89,201.61,5.6718,-0.8963,246.86,:D1_0,3,164.56,566.52,0,-1
87,legit_5,198.4,579.29,8.6544,1.324,180.0,B3B2,1,52.64,566.78,0,-1
87,legit_6,198.4,780.13,12.8054,-0.4967,180.0,B4B3,0,76.99,588.92,0,-1
87,legit_7,398.4,285.13,12.0959,0.7607,180.0,C2C1,1,90.93,550.88,0,-1
87,legit_8,807.94,601.6,1.7673,-3.4829,270.0,F3E3,3,57.96,481.13,0,-1
87,legit_9,525.08,998.4,10.7663,0.0689,90.0,C5D5,0,110.88,569.68,0,-1
87,sybil_0,1130.0,600.0,0.0,-7.4452,101.69,:F3_6,3,80.0,651.49,1,0
87,sybil_1,970.0,600.0,3.7732,-3.6907,90.0,E3F3,5,80.0,549.81,1,0
87,sybil_10,970.0,120.0,15.3521,10.1324,0.0,F1F2,3,80.0,703.87,1,3
87,sybil_11,1050.0,200.0,21.1799,4.9927,90.0,E1F1,2,80.0,700.12,1,3
87,sybil_12,830.0,120.0,5.5252,-3.3525,90.0,E1F1,4,80.0,650.36,1,4
87,sybil_13,670.0,120.0,19.3177,19.3177,90.0,E1F1,5,80.0,619.36,1,4
87,sybil_14,750.0,200.0,0.0,0.0,165.67,E1F1,5,80.0,581.19,1,4
87,sybil_15,830.0,120.0,0.0,-10.2019,270.0,F1E1,4,80.0,650.36,1,5
87,sybil_16,670.0,120.0,15.3301,-4.4179,90.0,D4E4,5,80.0,619.36,1,5
87,sybil_17,750.0,200.0,2.9577,-4.4234,90.0,D4E4,5,80.0,581.19,1,5
87,sybil_18,830.0,840.0,11.6738,-4.3331,90.0,D4E4,5,80.0,529.96,1,6
87,sybil_19,670.0,840.0,14.0438,11.924,90.0,D4E4,6,80.0,495.78,1,6
87,sybil_2,1050.0,680.0,6.4962,1.546,90.0,E3F3,5,80.0,600.51,1,0
87,sybil_20,750.0,920.0,16.1745,-0.6102,270.0,E4D4,8,80.0,540.23,1,6
87,sybil_21,830.0,840.0,4.7601,4.0669,270.0,E4D4,5,80.0,529.96,1,7
87,sybil_22,670.0,840.0,0.0,-17.9101,270.0,E4D4,6,80.0,495.78,1,7
87,sybil_23,750.0,920.0,12.9248,-5.8159,270.0,E4D4,8,80.0,540.23,1,7
87,sybil_24,830.0,1080.0,10.4454,-18.2006,270.0,E5D5,3,80.0,650.36,1,8
87,sybil_25,670.0,1080.0,11.5099,0.5281,270.0,E5D5,3,80.0,619.36,1,8
87,sybil_26,750.0,1160.0,15.1459,0.6842,0.0,E4E5,5,80.0,687.46,1,8
87,sybil_27,830.0,1080.0,19.0731,-0.4153,0.0,E4E5,3,80.0,650.36,1,9
87,sybil_28,670.0,1080.0,22.1663,3.8863,0.0,E4E5,3,80.0,619.36,1,9
87,sybil_29,750.0,1160.0,21.527,6.6004,0.0,E4E5,5,80.0,687.46,1,9
87,sybil_3,1130.0,600.0,5.3854,2.85,90.0,E3F3,3,80.0,651.49,1,1
87,sybil_30,830.0,840.0,1.3594,-11.5342,0.0,E4E5,5,80.0,529.96,1,10
87,sybil_31,670.0,840.0,12.0922,12.0922,37.15,E4E5,6,80.0,495.78,1,10
87,sybil_32,750.0,920.0,21.1981,10.4486,270.0,B5A5,8,80.0,540.23,1,10
87,sybil_33,230.0,1080.0,7.6061,2.8345,270.0,B5A5,5,80.0,703.87,1,11
87,sybil_34,70.0,1080.0,7.8213,-16.081,270.0,B5A5,3,80.0,793.2,1,11
87,sybil_35,150.0,1160.0,17.268,8.3821,270.0,B5A5,6,80.0,796.31,1,11
87,sybil_36,230.0,1080.0,5.599,1.8438,270.0,B5A5,5,80.0,703.87,1,12
87,sybil_37,70.0,1080.0,0.0,-4.3137,340.68,:B5_4,3,80.0,793.2,1,12
87,sybil_38,150.0,1160.0,1.8946,1.8946,0.0,B4B5,6,80.0,796.31,1,12
87,sybil_39,230.0,1080.0,0.0,-19.4717,0.0,B4B5,5,80.0,703.87,1,13
87,sybil_4,970.0,600.0,27.1552,20.5156,90.0,E3F3,5,80.0,549.81,1,1
87,sybil_5,1050.0,680.0,16.5207,2.8928,90.0,E3F3,5,80.0,600.51,1,1
87,sybil_6,830.0,600.0,8.3484,4.2411,99.77,E3F3,4,80.0,488.83,1,2
87,sybil_7,670.0,600.0,4.506,-7.2435,180.0,E4E3,2,80.0,453.52,1,2
87,sybil_8,750.0,680.0,15.9179,-6.3395,0.0,F1F2,3,80.0,470.85,1,2
87,sybil_9,1130.0,120.0,10.9731,5.6781,0.0,F1F2,1,80.0,793.2,1,3
88,legit_1,355.59,198.4,12.4869,0.6628,90.0,B1C1,1,122.72,608.05,0,-1
88,legit_10,262.16,598.4,11.1713,0.0836,90.0,B3C3,1,112.17,534.01,0,-1
88,legit_11,36.77,-1.6,12.6079,1.3768,90.0,A0B0,0,166.16,891.4,0,-1
88,legit_12,581.87,798.4,11.7295,-1.8172,90.0,C4D4,3,138.28,480.03,0,-1
88,legit_13,998.4,498.48,13.6179,0.3979,180.0,F3F2,2,113.89,572.71,0,-1
88,legit_14,201.6,233.88,7.8627,1.3967,0.0,B1B2,0,125.03,655.23,0,-1
88,legit_2,598.4,102.52,12.8749,0.7444,180.0,D1D0,3,149.43,628.98,0,-1
88,legit_3,324.9,1001.6,13.393,-0.3389,270.0,C5B5,3,147.63,618.97,0,-1
88,legit_4,587.48,201.6,5.4093,-0.2625,270.0,D1C1,3,159.88,566.58,0,-1
88,legit_5,198.4,568.38,10.9123,2.2579,180.0,B3B2,1,57.81,567.31,0,-1
88,legit_6,198.4,766.79,13.3351,0.5297,180.0,B4B3,0,87.76,586.0,0,-1
88,legit_7,398.4,273.4,11.73,-0.366,180.0,C2C1,1,100.8,556.34,0,-1
88,legit_8,807.48,601.6,0.4607,-1.3065,270.0,F3E3,3,57.5,480.97,0,-1
88,legit_9,536.69,998.4,11.6158,0.8495,90.0,C5D5,0,119.06,568.75,0,-1
88,sybil_0,1130.0,600.0,5.3024,5.3024,147.47,:F3_6,3,80.0,651.49,1,0
88,sybil_1,970.0,600.0,0.3827,-3.3905,90.0,E3F3,5,80.0,549.81,1,0
88,sybil_10,970.0,120.0,10.9739,-4.3782,0.0,F1F2,3,80.0,703.87,1,3
88,sybil_11,1050.0,200.0,8.2456,-12.9343,76.29,:F1_7,2,80.0,700.12,1,3
88,sybil_12,830.0,120.0,14.5415,9.0163,90.0,E1F1,4,80.0,650.36,1,4
88,sybil_13,670.0,120.0,8.5348,-10.7829,90.0,E1F1,5,80.0,619.36,1,4
88,sybil_14,750.0,200.0,0.0,0.0,95.04,E1F1,5,80.0,581.19,1,4
88,sybil_15,830.0,120.0,0.0,0.0,270.0,F1E1,4,80.0,650.36,1,5
88,sybil_16,670.0,120.0,11.4798,-3.8504,90.0,D4E4,5,80.0,619.36,1,5
88,sybil_17,750.0,200.0,12.1215,9.1638,90.0,D4E4,5,80.0,581.19,1,5
88,sybil_18,830.0,840.0,14.2354,2.5616,90.0,D4E4,5,80.0,529.96,1,6
88,sybil_19,670.0,840.0,1.6165,-12.4273,90.0,D4E4,6,80.0,495.78,1,6
88,sybil_2,1050.0,680.0,9.228,2.7318,90.0,E3F3,5,80.0,600.51,1,0
88,sybil_20,750.0,920.0,0.0,-16.1745,270.0,E4D4,8,80.0,540.23,1,6
88,sybil_21,830.0,840.0,5.7873,1.0272,270.0,E4D4,5,80.0,529.96,1,7
88,sybil_22,670.0,840.0,4.1639,4.1639,270.0,E4D4,6,80.0,495.78,1,7
88,sybil_23,750.0,920.0,23.9399,11.0151,270.0,E4D4,8,80.0,540.23,1,7
88,sybil_24,830.0,1080.0,17.4878,7.0425,270.0,E5D5,3,80.0,650.36,1,8
88,sybil_25,670.0,1080.0,24.2376,12.7277,270.0,E5D5,3,80.0,619.36,1,8
88,sybil_26,750.0,1160.0,12.6985,-2.4474,350.97,:E5_4,5,80.0,687.46,1,8
88,sybil_27,830.0,1080.0,6.5239,-12.5492,0.0,E4E5,3,80.0,650.36,1,9
88,sybil_28,670.0,1080.0,19.7503,-2.416,0.0,E4E5,3,80.0,619.36,1,9
88,sybil_29,750.0,1160.0,0.2198,-21.3072,0.0,E4E5,5,80.0,687.46,1,9
88,sybil_3,1130.0,600.0,8.7002,3.3147,90.0,E3F3,3,80.0,651.49,1,1
88,sybil_30,830.0,840.0,1.7625,0.403,0.0,E4E5,5,80.0,529.96,1,10
88,sybil_31,670.0,840.0,19.2781,7.1859,0.0,E4E5,6,80.0,495.78,1,10
88,sybil_32,750.0,920.0,19.2185,-1.9796,270.0,B5A5,8,80.0,540.23,1,10
88,sybil_33,230.0,1080.0,23.0292,15.4232,270.0,B5A5,5,80.0,703.87,1,11
88,sybil_34,70.0,1080.0,13.5516,5.7303,270.0,B5A5,3,80.0,793.2,1,11
88,sybil_35,150.0,1160.0,27.8872,10.6191,270.0,B5A5,6,80.0,796.31,1,11
88,sybil_36,230.0,1080.0,24.2436,18.6445,270.0,B5A5,5,80.0,703.87,1,12
88,sybil_37,70.0,1080.0,11.367,11.367,285.2,:B5_4,3,80.0,793.2,1,12
88,sybil_38,150.0,1160.0,13.5772,11.6826,0.0,B4B5,6,80.0,796.31,1,12
88,sybil_39,230.0,1080.0,10.4232,10.4232,0.0,B4B5,5,80.0,703.87,1,13
88,sybil_4,970.0,600.0,6.2726,-20.8826,90.0,E3F3,5,80.0,549.81,1,1
88,sybil_5,1050.0,680.0,24.8255,8.3048,90.0,E3F3,5,80.0,600.51,1,1
88,sybil_6,830.0,600.0,18.1348,9.7864,90.0,E3F3,4,80.0,488.83,1,2
88,sybil_7,670.0,600.0,7.0733,2.5673,180.0,E4E3,2,80.0,453.52,1,2
88,sybil_8,750.0,680.0,10.65,-5.2679,0.0,F1F2,3,80.0,470.85,1,2
88,sybil_9,1130.0,120.0,18.9497,7.9767,0.0,F1F2,1,80.0,793.2,1,3
89,legit_1,368.2,198.4,12.6139,0.127,90.0,B1C1,1,113.3,603.88,0,-1
89,legit_10,273.93,598.4,11.7748,0.6035,90.0,B3C3,1,123.94,528.49,0,-1
89,legit_11,50.44,-1.6,13.6734,1.0655,90.0,A0B0,0,157.16,882.88,0,-1
89,legit_12,589.32,798.4,7.4463,-4.2832,90.0,C4D4,3,145.39,479.91,0,-1
89,legit_13,998.4,485.57,12.9097,-0.7082,180.0,F3F2,2,125.53,574.63,0,-1
89,legit_14,201.6,244.2,10.3156,2.4529,0.0,B1B2,0,126.78,650.33,0,-1
89,legit_2,598.4,90.26,12.2602,-0.6147,180.0,D1D0,3,151.35,637.58,0,-1
89,legit_3,312.1,1001.6,12.8035,-0.5896,270.0,C5B5,3,158.63,623.82,0,-1
89,legit_4,579.48,201.6,8.0014,2.5921,270.0,D1C1,3,153.05,566.73,0,-1
89,legit_5,198.4,555.76,12.6214,1.7091,180.0,B3B2,1,65.57,568.16,0,-1
89,legit_6,198.4,753.64,13.1552,-0.1799,180.0,B4B3,0,99.0,583.32,0,-1
89,legit_7,398.4,261.17,12.2352,0.5052,180.0,C2C1,1,111.49,562.19,0,-1
89,legit_8,807.37,601.6,0.1139,-0.3468,270.0,F3E3,3,57.39,480.94,0,-1
89,legit_9,548.06,998.4,11.3667,-0.2491,90.0,C5D5,2,127.57,568.0,0,-1
89,sybil_0,1130.0,600.0,0.9822,-4.3202,177.35,F3F2,3,80.0,651.49,1,0
89,sybil_1,970.0,600.0,2.1591,1.7765,90.0,E3F3,5,80.0,549.81,1,0
89,sybil_10,970.0,120.0,20.6674,9.6936,0.0,F1F2,3,80.0,703.87,1,3
89,sybil_11,1050.0,200.0,17.6526,9.407,17.34,:F1_7,2,80.0,700.12,1,3
89,sybil_12,830.0,120.0,10.3177,-4.2238,90.0,E1F1,4,80.0,650.36,1,4
89,sybil_13,670.0,120.0,7.6304,-0.9045,90.0,E1F1,5,80.0,619.36,1,4
89,sybil_14,750.0,200.0,1.5469,1.5469,90.0,E1F1,5,80.0,581.19,1,4
89,sybil_15,830.0,120.0,0.479,0.479,267.8,:E1_7,4,80.0,650.36,1,5
89,sybil_16,670.0,120.0,11.6578,0.178,90.0,D4E4,5,80.0,619.36,1,5
89,sybil_17,750.0,200.0,4.4743,-7.6472,90.0,D4E4,5,80.0,581.19,1,5
89,sybil_18,830.0,840.0,6.5443,-7.6911,90.0,D4E4,5,80.0,529.96,1,6
89,sybil_19,670.0,840.0,2.0744,0.4578,90.0,D4E4,6,80.0,495.78,1,6
89,sybil_2,1050.0,680.0,0.0,-9.228,90.0,E3F3,5,80.0,600.51,1,0
89,sybil_20,750.0,920.0,4.8363,4.8363,270.0,E4D4,8,80.0,540.23,1,6
89,sybil_21,830.0,840.0,0.0,-5.7873,270.0,E4D4,5,80.0,529.96,1,7
89,sybil_22,670.0,840.0,0.0,-4.1639,270.0,E4D4,6,80.0,495.78,1,7
89,sybil_23,750.0,920.0,8.4966,-15.4433,270.0,E4D4,8,80.0,540.23,1,7
89,sybil_24,830.0,1080.0,7.0748,-10.413,270.0,E5D5,3,80.0,650.36,1,8
89,sybil_25,670.0,1080.0,17.3964,-6.8412,270.0,E5D5,4,80.0,619.36,1,8
89,sybil_26,750.0,1160.0,0.0,-12.6985,302.29,:E5_4,5,80.0,687.46,1,8
89,sybil_27,830.0,1080.0,8.497,1.973,0.0,E4E5,3,80.0,650.36,1,9
89,sybil_28,670.0,1080.0,23.6013,3.851,0.0,E4E5,4,80.0,619.36,1,9
89,sybil_29,750.0,1160.0,16.8114,16.5916,0.0,E4E5,5,80.0,687.46,1,9
89,sybil_3,1130.0,600.0,4.4516,-4.2485,90.0,E3F3,3,80.0,651.49,1,1
89,sybil_30,830.0,840.0,0.0,-1.7625,0.0,E4E5,5,80.0,529.96,1,10
89,sybil_31,670.0,840.0,11.1914,-8.0867,0.0,E4E5,6,80.0,495.78,1,10
89,sybil_32,750.0,920.0,3.8762,-15.3423,270.0,B5A5,8,80.0,540.23,1,10
89,sybil_33,230.0,1080.0,19.4013,-3.628,270.0,B5A5,5,80.0,703.87,1,11
89,sybil_34,70.0,1080.0,3.6761,-9.8755,270.0,B5A5,3,80.0,793.2,1,11
89,sybil_35,150.0,1160.0,4.2428,-23.6444,270.0,B5A5,6,80.0,796.31,1,11
89,sybil_36,230.0,1080.0,5.864,-18.3796,270.0,B5A5,5,80.0,703.87,1,12
89,sybil_37,70.0,1080.0,2.3236,-9.0434,270.0,B5A5,3,80.0,793.2,1,12
89,sybil_38,150.0,1160.0,3.5803,-9.9969,348.08,:B5_4,6,80.0,796.31,1,12
89,sybil_39,230.0,1080.0,5.982,-4.4412,0.0,B4B5,5,80.0,703.87,1,13
89,sybil_4,970.0,600.0,1.0745,-5.1981,90.0,E3F3,5,80.0,549.81,1,1
89,sybil_5,1050.0,680.0,9.4941,-15.3314,90.0,E3F3,5,80.0,600.51,1,1
89,sybil_6,830.0,600.0,14.3711,-3.7637,90.0,E3F3,4,80.0,488.83,1,2
89,sybil_7,670.0,600.0,7.2916,0.2184,180.0,E4E3,2,80.0,453.52,1,2
89,sybil_8,750.0,680.0,16.3792,5.7291,0.0,F1F2,3,80.0,470.85,1,2
89,sybil_9,1130.0,120.0,19.9919,1.0422,0.0,F1F2,1,80.0,793.2,1,3
90,legit_1,380.07,198.4,11.8634,-0.7505,90.0,B1C1,1,105.06,600.12,0,-1
90,legit_10,284.52,598.4,10.5904,-1.1844,90.0,B3C3,1,134.53,523.64,0,-1
90,legit_11,63.28,-1.6,12.8353,-0.8381,90.0,A0B0,0,149.36,875.03,0,-1
90,legit_12,598.62,798.4,9.3032,1.8569,90.0,:D4_13,3,154.33,479.85,0,-1
90,legit_13,998.4,472.65,12.9176,0.0079,180.0,F3F2,4,123.9,576.74,0,-1
90,legit_14,201.6,256.8,12.5962,2.2806,0.0,B1B2,0,115.39,644.48,0,-1
90,legit_15,12.3,798.4,0.0,0.0,90.0,A4B4,0,143.85,720.37,0,-1
90,legit_2,598.4,77.41,12.8434,0.5832,180.0,D1D0,2,154.39,646.79,0,-1
90,legit_3,299.46,1001.6,12.6371,-0.1664,270.0,C5B5,3,168.78,628.78,0,-1
90,legit_4,570.0,201.6,9.4857,1.4843,270.0,D1C1,2,145.11,566.99,0,-1
90,legit_5,198.4,541.99,13.7632,1.1418,180.0,B3B2,1,75.55,569.33,0,-1
90,legit_6,198.4,740.24,13.402,0.2468,180.0,B4B3,0,110.88,580.78,0,-1
90,legit_7,398.4,249.49,11.6802,-0.555,180.0,C2C1,1,121.97,567.93,0,-1
90,legit_8,807.31,601.6,0.0592,-0.0547,270.0,F3E3,3,57.33,480.92,0,-1
90,legit_9,559.3,998.4,11.2437,-0.123,90.0,C5D5,2,136.4,567.42,0,-1
90,sybil_0,1130.0,600.0,8.0832,7.1011,180.0,F3F2,3,80.0,651.49,1,0
90,sybil_1,970.0,600.0,20.717,18.5579,96.53,:F3_6,5,80.0,549.81,1,0
90,sybil_10,970.0,360.0,16.655,-4.0124,0.0,F1F2,2,80.0,589.02,1,3
90,sybil_11,1050.0,440.0,19.3986,1.746,0.0,F1F2,3,80.0,613.13,1,3
90,sybil_12,1130.0,120.0,19.9431,9.6254,90.0,E1F1,1,80.0,793.2,1,4
90,sybil_13,970.0,120.0,15.5373,7.9069,90.0,E1F1,2,80.0,703.87,1,4
90,sybil_14,1050.0,200.0,0.0416,-1.5053,90.0,E1F1,2,80.0,700.12,1,4
90,sybil_15,830.0,120.0,11.2457,10.7667,233.92,:E1_7,2,80.0,650.36,1,5
90,sybil_16,670.0,120.0,0.0,-11.6578,90.0,D4E4,3,80.0,619.36,1,5
90,sybil_17,750.0,200.0,16.783,12.3087,90.0,D4E4,2,80.0,581.19,1,5
90,sybil_18,830.0,840.0,2.2078,-4.3365,90.0,D4E4,5,80.0,529.96,1,6
90,sybil_19,670.0,840.0,8.6452,6.5709,90.0,D4E4,6,80.0,495.78,1,6
90,sybil_2,1050.0,680.0,3.9143,3.9143,90.0,E3F3,5,80.0,600.51,1,0
90,sybil_20,750.0,920.0,0.0,-4.8363,270.0,E4D4,8,80.0,540.23,1,6
90,sybil_21,830.0,840.0,13.5712,13.5712,270.0,E4D4,5,80.0,529.96,1,7
90,sybil_22,670.0,840.0,10.025,10.025,270.0,E4D4,6,80.0,495.78,1,7
90,sybil_23,750.0,920.0,0.8852,-7.6114,270.0,E4D4,8,80.0,540.23,1,7
90,sybil_24,830.0,1080.0,34.4043,27.3295,270.0,E5D5,3,80.0,650.36,1,8
90,sybil_25,670.0,1080.0,0.0,-17.3964,270.0,E5D5,4,80.0,619.36,1,8
90,sybil_26,750.0,1160.0,0.0,0.0,272.52,E5D5,5,80.0,687.46,1,8
90,sybil_27,830.0,1080.0,0.0,-8.497,0.0,E4E5,3,80.0,650.36,1,9
90,sybil_28,670.0,1080.0,9.2273,-14.374,0.0,E4E5,4,80.0,619.36,1,9
90,sybil_29,750.0,1160.0,18.2663,1.4549,0.0,E4E5,5,80.0,687.46,1,9
90,sybil_3,1130.0,600.0,3.3959,-1.0557,90.0,E3F3,3,80.0,651.49,1,1
90,sybil_30,830.0,840.0,6.2848,6.2848,0.0,E4E5,5,80.0,529.96,1,10
90,sybil_31,670.0,840.0,10.6369,-0.5545,0.0,E4E5,6,80.0,495.78,1,10
90,sybil_32,750.0,920.0,0.0,-3.8762,268.48,:A5_0,8,80.0,540.23,1,10
90,sybil_33,230.0,1080.0,14.7709,-4.6304,270.0,B5A5,5,80.0,703.87,1,11
90,sybil_34,70.0,1080.0,3.3983,-0.2778,270.0,B5A5,3,80.0,793.2,1,11
90,sybil_35,150.0,1160.0,3.5371,-0.7057,270.0,B5A5,6,80.0,796.31,1,11
90,sybil_36,230.0,1080.0,10.4109,4.5469,270.0,B5A5,5,80.0,703.87,1,12
90,sybil_37,70.0,1080.0,20.4314,18.1078,270.0,B5A5,3,80.0,793.2,1,12
90,sybil_38,150.0,1160.0,6.1543,2.5739,296.32,:B5_4,6,80.0,796.31,1,12
90,sybil_39,230.0,1080.0,13.5828,7.6008,0.0,B4B5,5,80.0,703.87,1,13
90,sybil_4,970.0,600.0,5.9513,4.8768,90.0,E3F3,5,80.0,549.81,1,1
90,sybil_5,1050.0,680.0,3.3403,-6.1538,90.0,E3F3,5,80.0,600.51,1,1
90,sybil_6,830.0,600.0,0.0,-14.3711,90.0,E3F3,4,80.0,488.83,1,2
90,sybil_7,670.0,600.0,11.9983,4.7067,180.0,E4E3,2,80.0,453.52,1,2
90,sybil_8,750.0,680.0,12.1808,-4.1983,0.0,F1F2,3,80.0,470.85,1,2
90,sybil_9,1130.0,360.0,10.5891,-9.4028,0.0,F1F2,1,80.0,687.62,1,3
91,legit_1,387.49,198.4,7.4248,-4.4386,90.0,B1C1,1,100.27,597.86,0,-1
91,legit_10,295.92,598.4,11.3982,0.8078,90.0,B3C3,1,145.93,518.56,0,-1
91,legit_11,76.36,-1.6,13.0868,0.2515,90.0,A0B0,0,142.16,867.17,0,-1
91,legit_12,609.61,798.4,10.9929,1.6897,90.0,D4E4,3,146.42,479.9,0,-1
91,legit_13,998.4,459.72,12.9299,0.0123,180.0,F3F2,4,112.28,579.02,0,-1
91,legit_14,201.6,270.47,13.675,1.0789,0.0,B1B2,0,103.33,638.31,0,-1
91,legit_15,14.13,798.4,1.8317,1.8317,90.0,A4B4,0,142.09,718.94,0,-1
91,legit_2,598.4,64.8,12.6099,-0.2335,180.0,D1D0,2,158.33,656.02,0,-1
91,legit_3,285.68,1001.6,13.7851,1.148,270.0,C5B5,3,156.7,634.37,0,-1
91,legit_4,558.91,201.6,11.0868,1.601,270.0,D1C1,2,136.09,567.43,0,-1
91,legit_5,198.4,529.28,12.7116,-1.0516,180.0,B3B2,1,85.69,570.62,0,-1
91,legit_6,198.4,726.36,13.8766,0.4747,180.0,B4B3,0,123.52,578.35,0,-1
91,legit_7,398.4,237.45,12.0413,0.3612,180.0,C2C1,1,128.28,573.99,0,-1
91,legit_8,807.3,601.6,0.0059,-0.0533,270.0,F3E3,3,57.32,480.91,0,-1
91,legit_9,570.29,998.4,10.9861,-0.2576,90.0,C5D5,2,145.36,566.98,0,-1
91,sybil_0,1130.0,600.0,0.0,-8.0832,180.0,F3F2,3,80.0,651.49,1,0
91,sybil_1,970.0,600.0,8.4671,-12.2499,161.44,F3F2,5,80.0,549.81,1,0
91,sybil_10,970.0,360.0,8.0421,-8.613,0.0,F1F2,2,80.0,589.02,1,3
91,sybil_11,1050.0,440.0,0.0,-19.3986,0.0,F1F2,3,80.0,613.13,1,3
91,sybil_12,1130.0,120.0,11.2062,-8.7369,90.0,E1F1,1,80.0,793.2,1,4
91,sybil_13,970.0,120.0,7.4523,-8.085,90.0,E1F1,2,80.0,703.87,1,4
91,sybil_14,1050.0,200.0,12.9147,12.8732,90.0,E1F1,2,80.0,700.12,1,4
91,sybil_15,830.0,120.0,6.9607,-4.285,132.86,E1F1,2,80.0,650.36,1,5
91,sybil_16,670.0,120.0,0.0,0.0,106.56,:E4_12,3,80.0,619.36,1,5
91,sybil_17,750.0,200.0,12.9336,-3.8494,90.0,D4E4,2,80.0,581.19,1,5
91,sybil_18,830.0,840.0,8.6671,6.4592,90.0,D4E4,5,80.0,529.96,1,6
91,sybil_19,670.0,840.0,6.0136,-2.6316,90.0,D4E4,6,80.0,495.78,1,6
91,sybil_2,1050.0,680.0,2.959,-0.9553,90.0,E3F3,5,80.0,600.51,1,0
91,sybil_20,750.0,920.0,2.8614,2.8614,270.0,E4D4,8,80.0,540.23,1,6
91,sybil_21,830.0,840.0,17.6509,4.0798,270.0,E4D4,5,80.0,529.96,1,7
91,sybil_22,670.0,840.0,3.8056,-6.2194,270.0,E4D4,6,80.0,495.78,1,7
91,sybil_23,750.0,920.0,0.338,-0.5472,270.0,E4D4,8,80.0,540.23,1,7
91,sybil_24,830.0,1080.0,15.5745,-18.8298,270.0,E5D5,3,80.0,650.36,1,8
91,sybil_25,670.0,1080.0,5.7976,5.7976,270.0,E5D5,4,80.0,619.36,1,8
91,sybil_26,750.0,1160.0,12.2226,12.2226,270.0,E5D5,5,80.0,687.46,1,8
91,sybil_27,830.0,1080.0,0.0,0.0,342.33,:E5_4,3,80.0,650.36,1,9
91,sybil_28,670.0,1080.0,14.8138,5.5864,0.0,E4E5,4,80.0,619.36,1,9
91,sybil_29,750.0,1160.0,11.1452,-7.121,0.0,E4E5,5,80.0,687.46,1,9
91,sybil_3,1130.0,600.0,1.7838,-1.6121,90.0,E3F3,3,80.0,651.49,1,1
91,sybil_30,830.0,840.0,19.074,12.7892,0.0,E4E5,5,80.0,529.96,1,10
91,sybil_31,670.0,840.0,15.5982,4.9614,0.0,E4E5,6,80.0,495.78,1,10
91,sybil_32,750.0,920.0,0.0,0.0,236.07,:A5_0,8,80.0,540.23,1,10
91,sybil_33,230.0,1080.0,15.5611,0.7903,270.0,B5A5,5,80.0,703.87,1,11
91,sybil_34,70.0,1080.0,19.9157,16.5174,270.0,B5A5,3,80.0,793.2,1,11
91,sybil_35,150.0,1160.0,12.1394,8.6023,270.0,B5A5,6,80.0,796.31,1,11
91,sybil_36,230.0,1080.0,24.2577,13.8468,270.0,B5A5,5,80.0,703.87,1,12
91,sybil_37,70.0,1080.0,6.7029,-13.7285,270.0,B5A5,3,80.0,793.2,1,12
91,sybil_38,150.0,1160.0,14.0455,7.8913,270.0,B5A5,6,80.0,796.31,1,12
91,sybil_39,230.0,1080.0,14.5356,0.9528,355.12,:B5_4,5,80.0,703.87,1,13
91,sybil_4,970.0,600.0,13.99,8.0387,90.0,E3F3,5,80.0,549.81,1,1
91,sybil_5,1050.0,680.0,24.9534,21.6132,90.0,E3F3,5,80.0,600.51,1,1
91,sybil_6,830.0,600.0,6.0613,6.0613,90.0,E3F3,4,80.0,488.83,1,2
91,sybil_7,670.0,600.0,11.2112,-0.7871,176.36,:E3_2,2,80.0,453.52,1,2
91,sybil_8,750.0,680.0,10.8644,-1.3164,0.0,F1F2,3,80.0,470.85,1,2
91,sybil_9,1130.0,360.0,19.2505,8.6614,0.0,F1F2,1,80.0,687.62,1,3
92,legit_1,392.3,198.4,4.8066,-2.6183,90.0,B1C1,1,97.34,596.44,0,-1
92,legit_10,306.99,598.4,11.0705,-0.3278,90.0,B3C3,1,143.02,513.75,0,-1
92,legit_11,89.65,-1.6,13.2883,0.2015,90.0,A0B0,0,135.75,859.35,0,-1
92,legit_12,622.62,798.4,13.005,2.0121,90.0,D4E4,3,134.0,480.14,0,-1
92,legit_13,998.4,445.99,13.7254,0.7956,180.0,F3F2,2,100.29,581.63,0,-1
92,legit_14,201.6,283.68,13.2054,-0.4696,0.0,B1B2,0,92.13,632.53,0,-1
92,legit_15,18.19,798.4,4.0554,2.2237,90.0,A4B4,0,138.22,715.77,0,-1
92,legit_2,598.4,52.07,12.7379,0.1281,180.0,D1D0,1,163.21,665.51,0,-1
92,legit_3,272.74,1001.6,12.9345,-0.8505,270.0,C5B5,3,145.65,639.8,0,-1
92,legit_4,546.09,201.6,12.8199,1.7331,270.0,D1C1,2,126.06,568.12,0,-1
92,legit_5,198.4,516.6,12.6863,-0.0253,180.0,B3B2,1,96.43,572.09,0,-1
92,legit_6,198.4,713.08,13.2842,-0.5924,180.0,B4B3,0,123.0,576.21,0,-1
92,legit_7,398.4,224.94,12.5063,0.4649,180.0,C2C1,2,116.94,580.45,0,-1
92,legit_8,807.3,601.6,0.0,-0.0059,270.0,F3E3,3,57.32,480.91,0,-1
92,legit_9,582.06,998.4,11.7671,0.781,90.0,C5D5,2,155.23,566.67,0,-1
92,sybil_0,1130.0,600.0,26.0044,26.0044,180.0,F3F2,3,80.0,651.49,1,0
92,sybil_1,970.0,600.0,10.9398,2.4727,180.0,F3F2,4,80.0,549.81,1,0
92,sybil_10,970.0,360.0,13.7469,5.7048,0.0,F1F2,2,80.0,589.02,1,3
92,sybil_11,1050.0,440.0,20.2058,20.2058,0.0,F1F2,3,80.0,613.13,1,3
92,sybil_12,1130.0,120.0,7.3018,-3.9044,90.0,E1F1,1,80.0,793.2,1,4
92,sybil_13,970.0,120.0,10.897,3.4447,90.0,E1F1,2,80.0,703.87,1,4
92,sybil_14,1050.0,200.0,16.3735,3.4588,90.0,E1F1,2,80.0,700.12,1,4
92,sybil_15,830.0,120.0,0.0,-6.9607,90.0,E1F1,2,80.0,650.36,1,5
92,sybil_16,670.0,120.0,0.0,0.0,173.66,E4E3,3,80.0,619.36,1,5
92,sybil_17,750.0,200.0,15.5326,2.599,90.0,D4E4,2,80.0,581.19,1,5
92,sybil_18,830.0,840.0,8.0945,-0.5726,90.0,D4E4,5,80.0,529.96,1,6
92,sybil_19,670.0,840.0,11.1214,5.1078,90.0,D4E4,6,80.0,495.78,1,6
92,sybil_2,1050.0,680.0,0.0,-2.959,90.0,E3F3,5,80.0,600.51,1,0
92,sybil_20,750.0,920.0,0.0,-2.8614,270.0,E4D4,8,80.0,540.23,1,6
92,sybil_21,830.0,840.0,0.0,-17.6509,270.0,E4D4,5,80.0,529.96,1,7
92,sybil_22,670.0,840.0,0.0,-3.8056,270.0,E4D4,6,80.0,495.78,1,7
92,sybil_23,750.0,920.0,14.5602,14.2222,270.0,E4D4,8,80.0,540.23,1,7
92,sybil_24,830.0,1080.0,17.9525,2.378,270.0,E5D5,3,80.0,650.36,1,8
92,sybil_25,670.0,1080.0,16.0255,10.2279,270.0,E5D5,4,80.0,619.36,1,8
92,sybil_26,750.0,1160.0,6.6933,-5.5293,270.0,E5D5,5,80.0,687.46,1,8
92,sybil_27,830.0,1080.0,9.8725,9.8725,283.83,:E5_4,3,80.0,650.36,1,9
92,sybil_28,670.0,1080.0,30.2373,15.4235,0.0,E4E5,4,80.0,619.36,1,9
92,sybil_29,750.0,1160.0,7.0939,-4.0513,0.0,E4E5,5,80.0,687.46,1,9
92,sybil_3,1130.0,600.0,0.0,-1.7838,90.0,E3F3,3,80.0,651.49,1,1
92,sybil_30,830.0,840.0,24.1691,5.0951,0.0,E4E5,5,80.0,529.96,1,10
92,sybil_31,670.0,840.0,22.4105,6.8123,0.0,E4E5,6,80.0,495.78,1,10
92,sybil_32,750.0,920.0,10.3155,10.3155,184.15,A5A4,8,80.0,540.23,1,10
92,sybil_33,230.0,1080.0,7.5395,-8.0216,270.0,B5A5,5,80.0,703.87,1,11
92,sybil_34,70.0,1080.0,17.2929,-2.6228,270.0,B5A5,3,80.0,793.2,1,11
92,sybil_35,150.0,1160.0,12.8021,0.6627,270.0,B5A5,6,80.0,796.31,1,11
92,sybil_36,230.0,1080.0,4.7167,-19.541,270.0,B5A5,5,80.0,703.87,1,12
92,sybil_37,70.0,1080.0,4.4827,-2.2202,270.0,B5A5,3,80.0,793.2,1,12
92,sybil_38,150.0,1160.0,7.1941,-6.8514,270.0,B5A5,6,80.0,796.31,1,12
92,sybil_39,230.0,1080.0,21.3949,6.8593,315.17,:B5_4,5,80.0,703.87,1,13
92,sybil_4,970.0,600.0,0.0,-13.99,90.0,E3F3,4,80.0,549.81,1,1
92,sybil_5,1050.0,680.0,11.4333,-13.5202,90.0,E3F3,5,80.0,600.51,1,1
92,sybil_6,830.0,600.0,15.1675,9.1063,90.0,E3F3,4,80.0,488.83,1,2
92,sybil_7,670.0,600.0,9.328,-1.8833,138.9,:E3_16,2,80.0,453.52,1,2
92,sybil_8,750.0,680.0,4.0361,-6.8283,0.0,F1F2,3,80.0,470.85,1,2
92,sybil_9,1130.0,360.0,17.4005,-1.8499,0.0,F1F2,1,80.0,687.62,1,3
93,legit_1,397.01,196.99,5.0309,0.2244,106.81,:C1_12,2,93.46,595.86,0,-1
93,legit_10,318.48,598.4,11.4845,0.4141,90.0,B3C3,0,131.53,508.89,0,-1
93,legit_11,102.83,-1.6,13.1744,-0.1139,90.0,A0B0,0,130.43,851.77,0,-1
93,legit_12,635.83,798.4,13.2143,0.2093,90.0,D4E4,3,121.51,480.57,0,-1
93,legit_13,998.4,432.56,13.4328,-0.2926,180.0,F3F2,2,89.04,584.39,0,-1
93,legit_14,201.6,296.99,13.3128,0.1074,0.0,B1B2,0,81.44,626.88,0,-1
93,legit_15,24.6,798.4,6.4093,2.3539,90.0,A4B4,0,132.12,710.79,0,-1
93,legit_2,598.4,39.89,12.1706,-0.5673,180.0,D1D0,1,168.64,674.74,0,-1
93,legit_3,259.96,1001.6,12.7869,-0.1477,270.0,C5B5,3,135.04,645.33,0,-1
93,legit_4,532.99,201.6,13.1036,0.2837,270.0,D1C1,2,116.38,569.03,0,-1
93,legit_5,198.4,503.34,13.2577,0.5715,180.0,B3B2,0,108.1,573.81,0,-1
93,legit_6,198.4,700.37,12.7061,-0.5781,180.0,B4B3,0,111.43,574.33,0,-1
93,legit_7,398.4,215.03,9.915,-2.5912,180.0,C2C1,2,108.13,585.68,0,-1
93,legit_8,805.26,601.6,2.0407,2.0407,270.0,:E3_5,3,55.28,480.23,0,-1
93,legit_9,592.88,998.4,10.8182,-0.9488,90.0,:D5_7,2,164.54,566.52,0,-1
93,sybil_0,1130.0,600.0,10.2991,-15.7053,180.0,F3F2,3,80.0,651.49,1,0
93,sybil_1,970.0,600.0,2.2397,-8.7001,180.0,F3F2,4,80.0,549.81,1,0
93,sybil_10,970.0,360.0,18.8153,5.0684,0.0,F1F2,2,80.0,589.02,1,3
93,sybil_11,1050.0,440.0,13.3726,-6.8332,0.0,F1F2,3,80.0,613.13,1,3
93,sybil_12,1130.0,120.0,3.7707,-3.531,90.0,E1F1,1,80.0,793.2,1,4
93,sybil_13,970.0,120.0,8.9558,-1.9412,90.0,E1F1,2,80.0,703.87,1,4
93,sybil_14,1050.0,200.0,3.0318,-13.3417,90.0,E1F1,2,80.0,700.12,1,4
93,sybil_15,830.0,120.0,20.7971,20.7971,90.0,E1F1,2,80.0,650.36,1,5
93,sybil_16,670.0,120.0,0.0,0.0,180.0,E4E3,2,80.0,619.36,1,5
93,sybil_17,750.0,200.0,0.0,-15.5326,90.0,D4E4,2,80.0,581.19,1,5
93,sybil_18,830.0,840.0,17.3092,9.2147,90.0,D4E4,5,80.0,529.96,1,6
93,sybil_19,670.0,840.0,9.7644,-1.3571,90.0,D4E4,6,80.0,495.78,1,6
93,sybil_2,1050.0,680.0,5.4295,5.4295,107.16,:F3_6,5,80.0,600.51,1,0
93,sybil_20,750.0,920.0,0.0,0.0,253.07,:D4_7,8,80.0,540.23,1,6
93,sybil_21,830.0,840.0,0.0,0.0,270.0,E4D4,5,80.0,529.96,1,7
93,sybil_22,670.0,840.0,0.0,0.0,270.0,E4D4,6,80.0,495.78,1,7
93,sybil_23,750.0,920.0,6.3121,-8.2481,270.0,E4D4,8,80.0,540.23,1,7
93,sybil_24,830.0,1080.0,5.8828,-12.0697,270.0,E5D5,3,80.0,650.36,1,8
93,sybil_25,670.0,1080.0,18.9617,2.9361,270.0,E5D5,4,80.0,619.36,1,8
93,sybil_26,750.0,1160.0,17.146,10.4527,270.0,E5D5,5,80.0,687.46,1,8
93,sybil_27,830.0,1080.0,7.9457,-1.9268,270.0,E5D5,3,80.0,650.36,1,9
93,sybil_28,670.0,1080.0,5.1185,-25.1188,0.0,E4E5,4,80.0,619.36,1,9
93,sybil_29,750.0,1160.0,20.8641,13.7702,0.0,E4E5,5,80.0,687.46,1,9
93,sybil_3,1130.0,600.0,5.9583,5.9583,90.0,E3F3,3,80.0,651.49,1,1
93,sybil_30,830.0,840.0,18.0286,-6.1406,0.0,E4E5,5,80.0,529.96,1,10
93,sybil_31,670.0,840.0,6.8921,-15.5183,0.0,E4E5,6,80.0,495.78,1,10
93,sybil_32,750.0,920.0,7.2532,-3.0623,180.0,A5A4,8,80.0,540.23,1,10
93,sybil_33,230.0,1080.0,6.2454,-1.2942,270.0,B5A5,5,80.0,703.87,1,11
93,sybil_34,70.0,1080.0,11.3712,-5.9218,270.0,B5A5,3,80.0,793.2,1,11
93,sybil_35,150.0,1160.0,13.1488,0.3467,270.0,B5A5,6,80.0,796.31,1,11
93,sybil_36,230.0,1080.0,17.5782,12.8615,270.0,B5A5,5,80.0,703.87,1,12
93,sybil_37,70.0,1080.0,27.6582,23.1755,270.0,B5A5,3,80.0,793.2,1,12
93,sybil_38,150.0,1160.0,6.276,-0.9181,270.0,B5A5,6,80.0,796.31,1,12
93,sybil_39,230.0,1080.0,4.1065,-17.2884,273.89,B5A5,5,80.0,703.87,1,13
93,sybil_4,970.0,600.0,1.9633,1.9633,90.0,E3F3,4,80.0,549.81,1,1
93,sybil_5,1050.0,680.0,18.0743,6.6411,90.0,E3F3,5,80.0,600.51,1,1
93,sybil_6,830.0,600.0,8.9697,-6.1978,90.0,E3F3,4,80.0,488.83,1,2
93,sybil_7,670.0,600.0,0.0,-9.328,96.87,E3F3,2,80.0,453.52,1,2
93,sybil_8,750.0,680.0,0.0,-4.0361,0.0,F1F2,3,80.0,470.85,1,2
93,sybil_9,1130.0,360.0,12.1557,-5.2448,0.0,F1F2,1,80.0,687.62,1,3
94,legit_1,398.4,191.96,5.3406,0.3097,165.59,C1C0,2,88.55,598.25,0,-1
94,legit_10,329.92,598.4,11.4422,-0.0423,90.0,B3C3,0,120.09,504.19,0,-1
94,legit_11,116.35,-1.6,13.5244,0.3499,90.0,A0B0,0,126.17,844.17,0,-1
94,legit_12,649.07,798.4,13.2421,0.0278,90.0,D4E4,3,109.16,481.21,0,-1
94,legit_13,998.4,420.68,11.8791,-1.5537,180.0,F3F2,3,79.65,586.99,0,-1
94,legit_14,201.6,309.75,12.7575,-0.5553,0.0,B1B2,0,72.03,621.66,0,-1
94,legit_15,32.71,798.4,8.1127,1.7035,90.0,A4B4,0,124.45,704.53,0,-1
94,legit_2,598.4,27.16,12.7383,0.5677,180.0,D1D0,1,175.05,684.54,0,-1
94,legit_3,246.91,1001.6,13.0432,0.2564,270.0,C5B5,3,124.65,651.15,0,-1
94,legit_4,520.08,201.6,12.9077,-0.1959,270.0,D1C1,2,107.56,570.13,0,-1
94,legit_5,198.4,490.38,12.9559,-0.3018,180.0,B3B2,0,119.83,575.68,0,-1
94,legit_6,198.4,686.55,13.8229,1.1168,180.0,B4B3,0,99.16,572.48,0,-1
94,legit_7,398.4,208.02,7.0024,-2.9126,180.0,C2C1,2,102.03,589.44,0,-1
94,legit_8,801.72,601.6,3.5398,1.4991,270.0,:E3_5,3,51.75,479.05,0,-1
94,legit_9,604.12,998.4,11.2413,0.4231,90.0,:D5_7,2,167.15,566.5,0,-1
94,sybil_0,1130.0,600.0,2.6191,-7.68,180.0,F3F2,3,80.0,651.49,1,0
94,sybil_1,970.0,600.0,5.0559,2.8162,180.0,F3F2,4,80.0,549.81,1,0
94,sybil_10,970.0,360.0,37.9066,19.0913,0.0,F1F2,2,80.0,589.02,1,3
94,sybil_11,1050.0,440.0,22.451,9.0783,0.0,F1F2,3,80.0,613.13,1,3
94,sybil_12,1130.0,120.0,13.0277,9.2569,90.0,E1F1,1,80.0,793.2,1,4
94,sybil_13,970.0,120.0,0.0,-8.9558,90.0,E1F1,2,80.0,703.87,1,4
94,sybil_14,1050.0,200.0,0.0,-3.0318,90.0,E1F1,2,80.0,700.12,1,4
94,sybil_15,830.0,120.0,5.5343,-15.2628,90.0,E1F1,2,80.0,650.36,1,5
94,sybil_16,670.0,120.0,13.4559,13.4559,180.0,E4E3,2,80.0,619.36,1,5
94,sybil_17,750.0,200.0,0.0,0.0,90.0,D4E4,2,80.0,581.19,1,5
94,sybil_18,830.0,840.0,24.2852,6.976,90.0,D4E4,5,80.0,529.96,1,6
94,sybil_19,670.0,840.0,19.6243,9.8599,90.0,D4E4,6,80.0,495.78,1,6
94,sybil_2,1050.0,680.0,5.8773,0.4478,173.72,F3F2,5,80.0,600.51,1,0
94,sybil_20,750.0,920.0,8.6072,8.6072,186.88,:D4_7,8,80.0,540.23,1,6
94,sybil_21,830.0,840.0,0.0,0.0,270.0,E4D4,5,80.0,529.96,1,7
94,sybil_22,670.0,840.0,0.0,0.0,270.0,E4D4,6,80.0,495.78,1,7
94,sybil_23,750.0,920.0,0.0,-6.3121,270.0,E4D4,8,80.0,540.23,1,7
94,sybil_24,830.0,1080.0,19.4648,13.5821,270.0,E5D5,3,80.0,650.36,1,8
94,sybil_25,670.0,1080.0,0.7432,-18.2184,270.0,E5D5,4,80.0,619.36,1,8
94,sybil_26,750.0,1160.0,20.4347,3.2887,270.0,E5D5,5,80.0,687.46,1,8
94,sybil_27,830.0,1080.0,20.9041,12.9584,270.0,E5D5,3,80.0,650.36,1,9
94,sybil_28,670.0,1080.0,9.3651,4.2466,344.47,:E5_4,4,80.0,619.36,1,9
94,sybil_29,750.0,1160.0,3.9336,-16.9305,0.0,E4E5,5,80.0,687.46,1,9
94,sybil_3,1130.0,600.0,4.8957,-1.0626,90.0,E3F3,3,80.0,651.49,1,1
94,sybil_30,830.0,840.0,18.4603,0.4318,0.0,E4E5,5,80.0,529.96,1,10
94,sybil_31,670.0,840.0,13.5918,6.6997,0.0,E4E5,6,80.0,495.78,1,10
94,sybil_32,750.0,920.0,9.9717,2.7185,180.0,A5A4,8,80.0,540.23,1,10
94,sybil_33,230.0,1080.0,0.0,-6.2454,268.77,:A5_0,5,80.0,703.87,1,11
94,sybil_34,70.0,1080.0,5.2776,-6.0936,270.0,B5A5,3,80.0,793.2,1,11
94,sybil_35,150.0,1160.0,21.3739,8.2251,270.0,B5A5,6,80.0,796.31,1,11
94,sybil_36,230.0,1080.0,11.3322,-6.2461,270.0,B5A5,5,80.0,703.87,1,12
94,sybil_37,70.0,1080.0,7.694,-19.9642,270.0,B5A5,3,80.0,793.2,1,12
94,sybil_38,150.0,1160.0,0.0,-6.276,270.0,B5A5,6,80.0,796.31,1,12
94,sybil_39,230.0,1080.0,17.9124,13.8059,270.0,B5A5,5,80.0,703.87,1,13
94,sybil_4,970.0,600.0,8.4036,6.4403,90.0,E3F3,4,80.0,549.81,1,1
94,sybil_5,1050.0,680.0,12.1103,-5.964,90.0,E3F3,5,80.0,600.51,1,1
94,sybil_6,830.0,600.0,0.0,-8.9697,90.0,E3F3,4,80.0,488.83,1,2
94,sybil_7,670.0,600.0,5.4439,5.4439,90.0,E3F3,2,80.0,453.52,1,2
94,sybil_8,750.0,680.0,30.6546,30.6546,0.0,F1F2,3,80.0,470.85,1,2
94,sybil_9,1130.0,360.0,0.0,-12.1557,0.0,F1F2,2,80.0,687.62,1,3
95,legit_1,398.4,184.57,7.3881,2.0475,180.0,C1C0,2,82.66,602.39,0,-1
95,legit_10,341.22,598.4,11.2983,-0.144,90.0,B3C3,0,108.8,499.69,0,-1
95,legit_11,130.17,-1.6,13.8171,0.2928,90.0,A0B0,0,123.21,836.6,0,-1
95,legit_12,662.94,798.4,13.8697,0.6275,90.0,D4E4,7,96.49,482.1,0,-1
95,legit_13,998.4,412.64,8.0428,-3.8363,180.0,F3F2,3,73.71,588.86,0,-1
95,legit_14,201.6,322.83,13.0821,0.3246,0.0,B1B2,0,63.59,616.52,0,-1
95,legit_15,42.13,798.4,9.4237,1.3109,90.0,A4B4,0,115.61,697.32,0,-1
95,legit_2,598.4,14.68,12.4721,-0.2662,180.0,D1D0,1,181.97,694.28,0,-1
95,legit_3,234.26,1001.6,12.6503,-0.393,270.0,C5B5,3,115.1,656.97,0,-1
95,legit_4,506.24,201.6,13.8349,0.9273,270.0,D1C1,2,99.11,571.55,0,-1
95,legit_5,198.4,476.67,13.7166,0.7607,180.0,B3B2,0,126.31,577.85,0,-1
95,legit_6,198.4,673.43,13.1143,-0.7086,180.0,B4B3,0,87.95,570.92,0,-1
95,legit_7,397.38,203.63,4.6011,-2.4013,192.03,:C1_0,2,98.81,592.11,0,-1
95,legit_8,795.88,601.6,5.8393,2.2995,270.0,:E3_5,3,45.91,477.15,0,-1
95,legit_9,614.8,998.4,10.6847,-0.5566,90.0,D5E5,2,157.91,566.62,0,-1
95,sybil_0,1130.0,600.0,13.2702,10.6511,180.0,F3F2,3,80.0,651.49,1,0
95,sybil_1,970.0,600.0,18.0307,12.9748,180.0,F3F2,4,80.0,549.81,1,0
95,sybil_10,970.0,360.0,14.3893,-23.5173,0.0,F1F2,2,80.0,589.02,1,3
95,sybil_11,1050.0,440.0,17.0707,-5.3802,0.0,F1F2,3,80.0,613.13,1,3
95,sybil_12,1130.0,120.0,4.2666,-8.7611,90.0,E1F1,1,80.0,793.2,1,4
95,sybil_13,970.0,120.0,0.0,0.0,90.0,E1F1,2,80.0,703.87,1,4
95,sybil_14,1050.0,200.0,11.7405,11.7405,90.0,E1F1,2,80.0,700.12,1,4
95,sybil_15,830.0,120.0,5.2865,-0.2478,90.0,E1F1,2,80.0,650.36,1,5
95,sybil_16,670.0,120.0,11.2934,-2.1625,180.0,E4E3,2,80.0,619.36,1,5
95,sybil_17,750.0,200.0,10.247,10.247,98.05,:E4_12,2,80.0,581.19,1,5
95,sybil_18,830.0,840.0,6.7044,-17.5808,90.0,D4E4,5,80.0,529.96,1,6
95,sybil_19,670.0,840.0,35.348,15.7237,90.0,D4E4,6,80.0,495.78,1,6
95,sybil_2,1050.0,680.0,10.763,4.8857,180.0,F3F2,5,80.0,600.51,1,0
95,sybil_20,750.0,920.0,0.0,-8.6072,110.11,D4E4,9,80.0,540.23,1,6
95,sybil_21,830.0,840.0,10.4427,10.4427,270.0,E4D4,5,80.0,529.96,1,7
95,sybil_22,670.0,840.0,10.1254,10.1254,270.0,E4D4,6,80.0,495.78,1,7
95,sybil_23,750.0,920.0,11.6163,11.6163,270.0,E4D4,9,80.0,540.23,1,7
95,sybil_24,830.0,1080.0,5.7989,-13.6659,270.0,E5D5,3,80.0,650.36,1,8
95,sybil_25,670.0,1080.0,0.0,-0.7432,270.0,E5D5,4,80.0,619.36,1,8
95,sybil_26,750.0,1160.0,30.9918,10.5571,270.0,E5D5,5,80.0,687.46,1,8
95,sybil_27,830.0,1080.0,11.6782,-9.2259,270.0,E5D5,3,80.0,650.36,1,9
95,sybil_28,670.0,1080.0,0.907,-8.4582,289.79,:E5_4,4,80.0,619.36,1,9
95,sybil_29,750.0,1160.0,0.8385,-3.0951,0.0,E4E5,5,80.0,687.46,1,9
95,sybil_3,1130.0,600.0,4.5028,-0.3928,90.0,E3F3,3,80.0,651.49,1,1
95,sybil_30,830.0,840.0,26.9314,8.4711,0.0,E4E5,5,80.0,529.96,1,10
95,sybil_31,670.0,840.0,23.1882,9.5964,0.0,E4E5,6,80.0,495.78,1,10
95,sybil_32,750.0,920.0,8.3878,-1.5839,180.0,A5A4,9,80.0,540.23,1,10
95,sybil_33,230.0,1080.0,0.0,0.0,240.04,:A5_0,5,80.0,703.87,1,11
95,sybil_34,70.0,1080.0,21.8705,16.5929,270.0,B5A5,3,80.0,793.2,1,11
95,sybil_35,150.0,1160.0,6.029,-15.3448,270.0,B5A5,6,80.0,796.31,1,11
95,sybil_36,230.0,1080.0,0.0,-11.3322,270.0,B5A5,5,80.0,703.87,1,12
95,sybil_37,70.0,1080.0,26.3546,18.6607,270.0,B5A5,3,80.0,793.2,1,12
95,sybil_38,150.0,1160.0,12.2696,12.2696,270.0,B5A5,6,80.0,796.31,1,12
95,sybil_39,230.0,1080.0,11.3977,-6.5147,270.0,B5A5,5,80.0,703.87,1,13
95,sybil_4,970.0,600.0,1.8672,-6.5364,90.0,E3F3,4,80.0,549.81,1,1
95,sybil_5,1050.0,680.0,0.0,-12.1103,90.0,E3F3,5,80.0,600.51,1,1
95,sybil_6,830.0,600.0,7.7446,7.7446,90.0,E3F3,4,80.0,488.83,1,2
95,sybil_7,670.0,600.0,6.6887,1.2448,90.0,E3F3,2,80.0,453.52,1,2
95,sybil_8,750.0,680.0,29.8247,-0.8299,0.0,F1F2,4,80.0,470.85,1,2
95,sybil_9,1130.0,360.0,13.1907,13.1907,0.0,F1F2,2,80.0,687.62,1,3
96,legit_1,398.4,175.39,9.1777,1.7895,180.0,C1C0,2,75.7,607.63,0,-1
96,legit_10,352.99,598.4,11.7734,0.4751,90.0,B3C3,0,97.02,495.14,0,-1
96,legit_11,143.97,-1.6,13.8024,-0.0147,90.0,A0B0,0,121.75,829.26,0,-1
96,legit_12,676.59,798.4,13.6513,-0.2184,90.0,D4E4,6,84.37,483.21,0,-1
96,legit_13,998.4,407.72,4.9229,-3.1199,180.0,F3F2,3,70.28,590.03,0,-1
96,legit_14,201.6,336.66,13.8357,0.7536,0.0,B1B2,1,56.63,611.35,0,-1
96,legit_15,54.01,798.4,11.8752,2.4515,90.0,A4B4,1,104.62,688.34,0,-1
96,legit_16,-1.6,787.7,0.0,0.0,180.0,A4A3,1,160.37,728.86,0,-1
96,legit_3,221.29,1001.6,12.9735,0.3232,270.0,C5B5,3,105.97,663.13,0,-1
96,legit_4,492.7,201.6,13.5463,-0.2886,270.0,D1C1,2,92.1,573.21,0,-1
96,legit_5,198.4,463.81,12.8582,-0.8584,180.0,B3B2,1,114.54,580.05,0,-1
96,legit_6,198.4,660.46,12.9745,-0.1398,180.0,B4B3,0,77.44,569.56,0,-1
96,legit_7,393.23,201.66,4.8214,0.2203,243.42,:C1_0,2,99.46,594.38,0,-1
96,legit_8,788.02,601.6,7.8607,2.0214,270.0,E3D3,0,38.05,474.64,0,-1
96,legit_9,625.8,998.4,11.0009,0.3162,90.0,D5E5,5,148.6,566.86,0,-1
96,sybil_0,1130.0,600.0,18.377,5.1068,180.0,F3F2,4,80.0,651.49,1,0
96,sybil_1,970.0,600.0,7.6918,-10.3389,180.0,F3F2,4,80.0,549.81,1,0
96,sybil_10,970.0,360.0,13.3434,-1.046,0.0,F1F2,2,80.0,589.02,1,3
96,sybil_11,1050.0,440.0,7.452,-9.6188,0.0,F1F2,3,80.0,613.13,1,3
96,sybil_12,1130.0,120.0,1.8458,-2.4208,90.0,E1F1,1,80.0,793.2,1,4
96,sybil_13,970.0,120.0,8.0912,8.0912,90.0,E1F1,2,80.0,703.87,1,4
96,sybil_14,1050.0,200.0,10.3119,-1.4287,90.0,E1F1,2,80.0,700.12,1,4
96,sybil_15,830.0,120.0,5.849,0.5625,90.0,E1F1,2,80.0,650.36,1,5
96,sybil_16,670.0,120.0,19.3411,8.0476,180.0,E4E3,1,80.0,619.36,1,5
96,sybil_17,750.0,200.0,10.4145,0.1675,152.55,:E4_12,2,80.0,581.19,1,5
96,sybil_18,830.0,840.0,18.183,11.4786,90.0,D4E4,5,80.0,529.96,1,6
96,sybil_19,670.0,840.0,18.8417,-16.5063,90.0,D4E4,6,80.0,495.78,1,6
96,sybil_2,1050.0,680.0,17.5483,6.7853,180.0,F3F2,7,80.0,600.51,1,0
96,sybil_20,750.0,920.0,7.3078,7.3078,90.0,D4E4,10,80.0,540.23,1,6
96,sybil_21,830.0,840.0,1.7124,-8.7303,270.0,E4D4,5,80.0,529.96,1,7
96,sybil_22,670.0,840.0,2.4454,-7.68,270.0,E4D4,6,80.0,495.78,1,7
96,sybil_23,750.0,920.0,13.2705,1.6542,270.0,E4D4,10,80.0,540.23,1,7
96,sybil_24,830.0,1080.0,18.3948,12.5958,270.0,E5D5,3,80.0,650.36,1,8
96,sybil_25,670.0,1080.0,19.5298,19.5298,270.0,E5D5,4,80.0,619.36,1,8
96,sybil_26,750.0,1160.0,23.991,-7.0007,270.0,E5D5,5,80.0,687.46,1,8
96,sybil_27,830.0,1080.0,24.1697,12.4915,270.0,E5D5,3,80.0,650.36,1,9
96,sybil_28,670.0,1080.0,16.6567,15.7497,270.0,E5D5,4,80.0,619.36,1,9
96,sybil_29,750.0,1160.0,15.7413,14.9028,0.0,E4E5,5,80.0,687.46,1,9
96,sybil_3,1130.0,600.0,9.9149,5.4121,120.71,:F3_6,4,80.0,651.49,1,1
96,sybil_30,830.0,840.0,31.401,4.4695,0.0,E4E5,5,80.0,529.96,1,10
96,sybil_31,670.0,840.0,12.4131,-10.7751,0.0,E4E5,6,80.0,495.78,1,10
96,sybil_32,750.0,920.0,15.779,7.3912,180.0,A5A4,10,80.0,540.23,1,10
96,sybil_33,230.0,1080.0,2.542,2.542,185.07,A5A4,5,80.0,703.87,1,11
96,sybil_34,70.0,1080.0,14.4442,-7.4262,270.0,B5A5,3,80.0,793.2,1,11
96,sybil_35,150.0,1160.0,19.2388,13.2098,270.0,B5A5,6,80.0,796.31,1,11
96,sybil_36,230.0,1080.0,17.9161,17.9161,270.0,B5A5,5,80.0,703.87,1,12
96,sybil_37,70.0,1080.0,16.5947,-9.7599,270.0,B5A5,3,80.0,793.2,1,12
96,sybil_38,150.0,1160.0,24.8148,12.5452,270.0,B5A5,6,80.0,796.31,1,12
96,sybil_39,230.0,1080.0,22.8016,11.4039,270.0,B5A5,5,80.0,703.87,1,13
96,sybil_4,970.0,600.0,6.2027,4.3355,90.0,E3F3,4,80.0,549.81,1,1
96,sybil_5,1050.0,680.0,12.4189,12.4189,90.0,E3F3,7,80.0,600.51,1,1
96,sybil_6,1130.0,600.0,15.8284,8.0838,90.0,E3F3,4,80.0,651.49,1,2
96,sybil_7,970.0,600.0,3.7894,-2.8993,90.0,E3F3,4,80.0,549.81,1,2
96,sybil_9,1130.0,360.0,15.1081,1.9174,0.0,F1F2,2,80.0,687.62,1,3
97,legit_1,398.4,164.9,10.494,1.3163,180.0,C1C0,2,68.4,613.74,0,-1
97,legit_10,363.91,598.4,10.9156,-0.8577,90.0,B3C3,0,86.11,491.06,0,-1
97,legit_11,156.94,-1.6,12.9669,-0.8355,90.0,A0B0,0,121.8,822.56,0,-1
97,legit_12,689.91,798.4,13.3156,-0.3356,90.0,D4E4,6,73.08,484.51,0,-1
97,legit_13,1000.23,405.71,3.106,-1.8169,154.84,:F2_9,3,67.58,591.51,0,-1
97,legit_14,201.6,349.95,13.2845,-0.5512,0.0,B1B2,1,52.57,606.68,0,-1
97,legit_15,67.07,798.4,13.0648,1.1897,90.0,A4B4,1,92.78,678.58,0,-1
97,legit_16,-1.6,786.09,1.6096,1.6096,180.0,A4A3,1,160.9,728.5,0,-1
97,legit_3,208.21,1001.6,13.0803,0.1069,270.0,C5B5,3,97.65,669.55,0,-1
97,legit_4,479.49,201.6,13.211,-0.3353,270.0,D1C1,2,86.76,575.09,0,-1
97,legit_5,198.4,450.16,13.6513,0.7931,180.0,B3B2,1,102.33,582.59,0,-1
97,legit_6,198.4,646.61,13.8484,0.8739,180.0,B4B3,0,67.19,568.34,0,-1
97,legit_7,387.88,201.6,5.3536,0.5322,269.88,C1B1,2,102.56,595.99,0,-1
97,legit_8,778.79,601.6,9.2293,1.3686,270.0,E3D3,0,28.84,471.79,0,-1
97,legit_9,636.99,998.4,11.1834,0.1825,90.0,D5E5,5,139.39,567.26,0,-1
97,sybil_0,1130.0,600.0,0.0,-18.377,180.0,F3F2,4,80.0,651.49,1,0
97,sybil_1,970.0,600.0,13.8423,6.1505,180.0,F3F2,4,80.0,549.81,1,0
97,sybil_10,970.0,360.0,18.5728,5.2294,0.0,F1F2,2,80.0,589.02,1,3
97,sybil_11,1050.0,440.0,12.8553,5.4033,0.0,F1F2,3,80.0,613.13,1,3
97,sybil_12,1130.0,120.0,0.0,-1.8458,90.0,E1F1,1,80.0,793.2,1,4
97,sybil_13,970.0,120.0,18.115,10.0239,90.0,E1F1,2,80.0,703.87,1,4
97,sybil_14,1050.0,200.0,9.5458,-0.766,90.0,E1F1,2,80.0,700.12,1,4
97,sybil_15,830.0,120.0,17.0055,11.1565,90.0,E1F1,2,80.0,650.36,1,5
97,sybil_16,670.0,120.0,2.1782,-17.1628,180.0,E4E3,1,80.0,619.36,1,5
97,sybil_17,750.0,200.0,3.6889,-6.7256,180.0,E4E3,2,80.0,581.19,1,5
97,sybil_18,830.0,840.0,0.8827,-17.3003,90.0,D4E4,4,80.0,529.96,1,6
97,sybil_19,670.0,840.0,0.0,-18.8417,90.0,D4E4,4,80.0,495.78,1,6
97,sybil_2,1050.0,680.0,8.6327,-8.9156,180.0,F3F2,7,80.0,600.51,1,0
97,sybil_20,750.0,920.0,0.0,-7.3078,90.0,D4E4,7,80.0,540.23,1,6
97,sybil_21,830.0,840.0,0.0,-1.7124,252.85,:D4_7,4,80.0,529.96,1,7
97,sybil_22,670.0,840.0,0.6268,-1.8186,270.0,E4D4,4,80.0,495.78,1,7
97,sybil_23,750.0,920.0,0.0,-13.2705,270.0,E4D4,7,80.0,540.23,1,7
97,sybil_24,830.0,1080.0,23.7059,5.3112,270.0,E5D5,5,80.0,650.36,1,8
97,sybil_25,670.0,1080.0,7.4182,-12.1116,270.0,E5D5,6,80.0,619.36,1,8
97,sybil_26,750.0,1160.0,14.3057,-9.6853,270.0,E5D5,8,80.0,687.46,1,8
97,sybil_27,830.0,1080.0,18.6878,-5.4819,270.0,E5D5,5,80.0,650.36,1,9
97,sybil_28,670.0,1080.0,0.0,-16.6567,270.0,E5D5,6,80.0,619.36,1,9
97,sybil_29,750.0,1160.0,20.5473,4.806,344.88,:E5_4,8,80.0,687.46,1,9
97,sybil_3,1130.0,600.0,14.4103,4.4954,176.93,F3F2,4,80.0,651.49,1,1
97,sybil_30,830.0,1080.0,6.2292,-25.1718,0.0,E4E5,5,80.0,650.36,1,10
97,sybil_31,670.0,1080.0,22.6408,10.2276,0.0,E4E5,6,80.0,619.36,1,10
97,sybil_32,750.0,1160.0,14.4023,-1.3767,180.0,A5A4,8,80.0,687.46,1,10
97,sybil_33,230.0,1080.0,15.5077,12.9657,180.0,A5A4,5,80.0,703.87,1,11
97,sybil_34,70.0,1080.0,14.8662,0.422,270.0,B5A5,3,80.0,793.2,1,11
97,sybil_35,150.0,1160.0,4.6653,-14.5736,270.0,B5A5,6,80.0,796.31,1,11
97,sybil_36,230.0,1080.0,11.0075,-6.9086,270.0,B5A5,5,80.0,703.87,1,12
97,sybil_37,70.0,1080.0,7.1605,-9.4342,270.0,B5A5,3,80.0,793.2,1,12
97,sybil_38,150.0,1160.0,19.2241,-5.5907,270.0,B5A5,6,80.0,796.31,1,12
97,sybil_39,230.0,1080.0,13.0933,-9.7084,270.0,B5A5,5,80.0,703.87,1,13
97,sybil_4,970.0,600.0,1.6535,-4.5492,90.0,E3F3,4,80.0,549.81,1,1
97,sybil_5,1050.0,680.0,0.0,-12.4189,90.0,E3F3,7,80.0,600.51,1,1
97,sybil_6,1130.0,600.0,4.884,-10.9444,90.0,E3F3,4,80.0,651.49,1,2
97,sybil_7,970.0,600.0,0.0,-3.7894,90.0,E3F3,4,80.0,549.81,1,2
97,sybil_9,1130.0,360.0,18.1965,3.0884,0.0,F1F2,2,80.0,687.62,1,3
98,legit_1,398.4,151.9,12.9985,2.5045,180.0,C1C0,2,60.66,621.5,0,-1
98,legit_10,375.26,598.4,11.3519,0.4362,90.0,B3C3,0,74.76,486.95,0,-1
98,legit_11,170.23,-1.6,13.2923,0.3254,90.0,A0B0,0,123.27,815.9,0,-1
98,legit_12,703.08,798.4,13.1683,-0.1473,90.0,D4E4,6,62.71,486.04,0,-1
98,legit_13,1001.6,408.11,2.9871,-0.1189,64.24,F2F3,2,68.24,591.67,0,-1
98,legit_14,201.6,363.15,13.2026,-0.0819,0.0,B1B2,1,51.7,602.36,0,-1
98,legit_15,80.82,798.4,13.7434,0.6786,90.0,A4B4,1,80.73,668.49,0,-1
98,legit_16,-1.6,782.58,3.509,1.8994,180.0,A4A3,1,162.11,727.73,0,-1
98,legit_3,194.52,1001.6,13.6925,0.6121,270.0,:B5_0,5,90.16,676.49,0,-1
98,legit_4,465.87,201.6,13.6172,0.4062,270.0,D1C1,2,83.13,577.32,0,-1
98,legit_5,198.4,437.36,12.7968,-0.8544,180.0,B3B2,1,91.25,585.14,0,-1
98,legit_6,198.4,633.74,12.8714,-0.9769,180.0,B4B3,0,59.0,567.43,0,-1
98,legit_7,380.43,201.6,7.4432,2.0896,270.0,C1B1,2,107.23,598.25,0,-1
98,legit_8,767.39,601.6,11.3963,2.1671,270.0,E3D3,0,17.47,468.4,0,-1
98,legit_9,647.92,998.4,10.936,-0.2474,90.0,D5E5,5,130.68,567.78,0,-1
98,sybil_0,1130.0,600.0,17.4229,17.4229,180.0,F3F2,4,80.0,651.49,1,0
98,sybil_1,970.0,600.0,13.7637,-0.0785,180.0,F3F2,4,80.0,549.81,1,0
98,sybil_10,970.0,360.0,4.4088,-14.164,0.0,F1F2,2,80.0,589.02,1,3
98,sybil_11,1050.0,440.0,21.4128,8.5575,0.0,F1F2,2,80.0,613.13,1,3
98,sybil_12,1130.0,120.0,10.4583,10.4583,90.0,E1F1,1,80.0,793.2,1,4
98,sybil_13,970.0,120.0,16.2668,-1.8483,90.0,E1F1,2,80.0,703.87,1,4
98,sybil_14,1050.0,200.0,0.9272,-8.6186,90.0,E1F1,2,80.0,700.12,1,4
98,sybil_15,830.0,120.0,0.3611,-16.6444,90.0,E1F1,2,80.0,650.36,1,5
98,sybil_16,670.0,120.0,1.2905,-0.8877,180.0,E4E3,1,80.0,619.36,1,5
98,sybil_17,750.0,200.0,17.6838,13.9949,180.0,E4E3,2,80.0,581.19,1,5
98,sybil_18,830.0,840.0,0.0,-0.8827,93.87,:E4_12,4,80.0,529.96,1,6
98,sybil_19,670.0,840.0,14.1514,14.1514,90.0,D4E4,4,80.0,495.78,1,6
98,sybil_2,1050.0,680.0,13.8716,5.239,180.0,F3F2,7,80.0,600.51,1,0
98,sybil_20,750.0,920.0,1.2719,1.2719,90.0,D4E4,7,80.0,540.23,1,6
98,sybil_21,830.0,840.0,0.0,0.0,182.69,D4E4,4,80.0,529.96,1,7
98,sybil_22,670.0,840.0,2.0003,1.3735,270.0,E4D4,4,80.0,495.78,1,7
98,sybil_23,750.0,920.0,1.9156,1.9156,270.0,E4D4,7,80.0,540.23,1,7
98,sybil_24,830.0,1080.0,8.2066,-15.4994,270.0,E5D5,5,80.0,650.36,1,8
98,sybil_25,670.0,1080.0,8.6175,1.1993,270.0,E5D5,6,80.0,619.36,1,8
98,sybil_26,750.0,1160.0,16.1063,1.8006,270.0,E5D5,8,80.0,687.46,1,8
98,sybil_27,830.0,1080.0,0.2976,-18.3902,270.0,E5D5,5,80.0,650.36,1,9
98,sybil_28,670.0,1080.0,0.0,0.0,270.0,E5D5,6,80.0,619.36,1,9
98,sybil_29,750.0,1160.0,8.7005,-11.8468,286.47,:E5_4,8,80.0,687.46,1,9
98,sybil_3,1130.0,600.0,6.886,-7.5243,180.0,F3F2,4,80.0,651.49,1,1
98,sybil_30,830.0,1080.0,22.4177,16.1886,0.0,E4E5,5,80.0,650.36,1,10
98,sybil_31,670.0,1080.0,6.2728,-16.368,0.0,E4E5,6,80.0,619.36,1,10
98,sybil_32,750.0,1160.0,3.8891,-10.5132,180.0,A5A4,8,80.0,687.46,1,10
98,sybil_33,230.0,1080.0,6.8005,-8.7072,180.0,A5A4,5,80.0,703.87,1,11
98,sybil_34,70.0,1080.0,3.1633,-11.7029,270.0,B5A5,4,80.0,793.2,1,11
98,sybil_35,150.0,1160.0,0.0,-4.6653,270.0,B5A5,6,80.0,796.31,1,11
98,sybil_36,230.0,1080.0,25.3416,14.3341,270.0,B5A5,5,80.0,703.87,1,12
98,sybil_37,70.0,1080.0,5.0883,-2.0722,270.0,B5A5,4,80.0,793.2,1,12
98,sybil_38,150.0,1160.0,10.5156,-8.7085,270.0,B5A5,6,80.0,796.31,1,12
98,sybil_39,230.0,1080.0,8.5402,-4.5531,270.0,B5A5,5,80.0,703.87,1,13
98,sybil_4,970.0,600.0,11.614,9.9605,93.85,:F3_6,4,80.0,549.81,1,1
98,sybil_5,1050.0,680.0,15.2265,15.2265,90.0,E3F3,7,80.0,600.51,1,1
98,sybil_6,1130.0,600.0,10.1991,5.3151,90.0,E3F3,4,80.0,651.49,1,2
98,sybil_7,970.0,600.0,6.0628,6.0628,90.0,E3F3,4,80.0,549.81,1,2
99,legit_1,398.4,140.02,11.8842,-1.1142,180.0,C1C0,2,55.35,628.82,0,-1
99,legit_10,384.29,598.4,9.0299,-2.322,90.0,B3C3,0,65.73,483.78,0,-1
99,legit_11,182.85,-1.6,12.6196,-0.6727,90.0,A0B0,0,125.96,809.76,0,-1
99,legit_12,716.11,798.4,13.0298,-0.1385,90.0,D4E4,6,53.66,487.8,0,-1
99,legit_13,1001.6,412.53,4.4215,1.4344,0.0,F2F3,2,71.43,590.61,0,-1
99,legit_14,201.6,376.16,13.0058,-0.1968,0.0,B1B2,1,54.07,598.42,0,-1
99,legit_15,93.38,798.4,12.5674,-1.1761,90.0,A4B4,1,70.26,659.42,0,-1
99,legit_16,-1.6,777.77,4.8121,1.3031,180.0,A4A3,1,163.88,726.7,0,-1
99,legit_3,180.84,1001.6,13.6754,-0.0171,270.0,B5A5,5,84.25,683.68,0,-1
99,legit_4,452.27,201.6,13.5988,-0.0184,270.0,D1C1,2,81.63,579.86,0,-1
99,legit_5,198.4,424.66,12.6964,-0.1004,180.0,B3B2,1,80.77,587.85,0,-1
99,legit_6,198.4,620.58,13.1595,0.288,180.0,B4B3,0,52.59,566.77,0,-1
99,legit_7,370.84,201.6,9.5936,2.1505,270.0,C1B1,2,113.69,601.27,0,-1
99,legit_8,755.38,601.6,12.0185,0.6222,270.0,E3D3,0,5.61,464.99,0,-1
99,legit_9,659.03,998.4,11.1044,0.1684,90.0,D5E5,5,122.21,568.45,0,-1
99,sybil_0,1130.0,600.0,24.9254,7.5025,180.0,F3F2,4,80.0,651.49,1,0
99,sybil_1,970.0,600.0,21.9371,8.1734,180.0,F3F2,4,80.0,549.81,1,0
99,sybil_10,970.0,360.0,0.0,-4.4088,0.0,F1F2,2,80.0,589.02,1,3
99,sybil_11,1050.0,440.0,19.0477,-2.3651,0.0,F1F2,2,80.0,613.13,1,3
99,sybil_12,1130.0,120.0,9.1439,-1.3143,90.0,E1F1,1,80.0,793.2,1,4
99,sybil_13,970.0,120.0,7.2969,-8.9699,90.0,E1F1,2,80.0,703.87,1,4
99,sybil_14,1050.0,200.0,9.0479,8.1206,90.0,E1F1,2,80.0,700.12,1,4
99,sybil_15,830.0,120.0,13.6585,13.2974,90.0,E1F1,2,80.0,650.36,1,5
99,sybil_16,670.0,120.0,17.1197,15.8292,180.0,E4E3,1,80.0,619.36,1,5
99,sybil_17,750.0,200.0,11.897,-5.7868,180.0,E4E3,2,80.0,581.19,1,5
99,sybil_18,830.0,840.0,0.0,0.0,157.51,:E4_12,4,80.0,529.96,1,6
99,sybil_19,670.0,840.0,6.6604,-7.491,90.0,D4E4,4,80.0,495.78,1,6
99,sybil_2,1050.0,680.0,1.1077,-12.7639,180.0,F3F2,7,80.0,600.51,1,0
99,sybil_20,750.0,920.0,23.8244,22.5525,90.0,D4E4,7,80.0,540.23,1,6
99,sybil_21,830.0,840.0,7.9857,7.9857,95.31,D4E4,4,80.0,529.96,1,7
99,sybil_22,670.0,840.0,7.8864,5.8861,270.0,E4D4,4,80.0,495.78,1,7
99,sybil_23,750.0,920.0,0.0,-1.9156,270.0,E4D4,7,80.0,540.23,1,7
99,sybil_24,830.0,1080.0,0.8661,-7.3404,267.37,:D5_1,5,80.0,650.36,1,8
99,sybil_25,670.0,1080.0,0.0,-8.6175,270.0,E5D5,6,80.0,619.36,1,8
99,sybil_26,750.0,1160.0,18.412,2.3057,270.0,E5D5,8,80.0,687.46,1,8
99,sybil_27,830.0,1080.0,2.8194,2.5218,270.0,E5D5,5,80.0,650.36,1,9
99,sybil_28,670.0,1080.0,5.4567,5.4567,270.0,E5D5,6,80.0,619.36,1,9
99,sybil_29,750.0,1160.0,1.4669,-7.2336,270.0,E5D5,8,80.0,687.46,1,9
99,sybil_3,1130.0,600.0,11.281,4.3951,180.0,F3F2,4,80.0,651.49,1,1
99,sybil_30,830.0,1080.0,15.1581,-7.2596,0.0,E4E5,5,80.0,650.36,1,10
99,sybil_31,670.0,1080.0,7.8083,1.5355,0.0,E4E5,6,80.0,619.36,1,10
99,sybil_32,750.0,1160.0,15.4081,11.519,180.0,A5A4,8,80.0,687.46,1,10
99,sybil_33,230.0,1080.0,21.0446,14.2441,180.0,A5A4,5,80.0,703.87,1,11
99,sybil_34,70.0,1080.0,9.721,6.5577,270.0,B5A5,4,80.0,793.2,1,11
99,sybil_35,150.0,1160.0,12.7563,12.7563,270.0,B5A5,6,80.0,796.31,1,11
99,sybil_36,230.0,1080.0,0.0,-25.3416,270.0,B5A5,5,80.0,703.87,1,12
99,sybil_37,70.0,1080.0,9.7319,4.6436,270.0,B5A5,4,80.0,793.2,1,12
99,sybil_38,150.0,1160.0,7.4353,-3.0803,270.0,B5A5,6,80.0,796.31,1,12
99,sybil_39,230.0,1080.0,8.3378,-0.2024,270.0,B5A5,5,80.0,703.87,1,13
99,sybil_4,970.0,600.0,4.4231,-7.1909,154.2,:F3_6,4,80.0,549.81,1,1
99,sybil_5,1050.0,680.0,25.3241,10.0975,90.0,E3F3,7,80.0,600.51,1,1
99,sybil_6,1130.0,600.0,18.8122,8.6131,90.0,E3F3,4,80.0,651.49,1,2
99,sybil_7,970.0,600.0,27.2085,21.1458,90.0,E3F3,4,80.0,549.81,1,2
100,legit_1,398.4,128.23,11.7879,-0.0964,180.0,C1C0,2,52.25,636.3,0,-1
100,legit_10,390.55,598.4,6.2615,-2.7683,90.0,B3C3,0,59.47,481.64,0,-1
100,legit_11,196.09,-1.6,13.2397,0.6201,90.0,:B0_6,0,130.04,803.51,0,-1
100,legit_12,729.73,798.4,13.6168,0.587,90.0,D4E4,6,46.28,489.95,0,-1
100,legit_13,1001.6,419.41,6.8809,2.4594,0.0,F2F3,5,76.63,589.02,0,-1
100,legit_14,201.6,386.45,10.289,-2.7168,0.0,B1B2,1,57.98,595.52,0,-1
100,legit_15,106.91,798.4,13.5272,0.9599,90.0,A4B4,4,59.89,649.85,0,-1
100,legit_16,-1.6,770.95,6.8208,2.0087,180.0,A4A3,2,166.59,725.29,0,-1
100,legit_3,168.12,1001.6,12.7237,-0.9517,270.0,B5A5,4,80.47,690.61,0,-1
100,legit_4,439.21,201.6,13.0623,-0.5365,270.0,D1C1,2,82.31,582.59,0,-1
100,legit_5,198.4,411.52,13.147,0.4506,180.0,B3B2,1,70.69,590.85,0,-1
100,legit_6,198.4,608.76,11.8167,-1.3428,180.0,B4B3,0,49.19,566.44,0,-1
100,legit_7,359.42,201.6,11.4151,1.8215,270.0,C1B1,2,121.91,605.01,0,-1
100,legit_8,743.49,601.6,11.888,-0.1305,270.0,E3D3,0,6.71,462.43,0,-1
100,legit_9,670.42,998.4,11.3923,0.2879,90.0,D5E5,4,113.98,569.3,0,-1
100,sybil_0,1130.0,360.0,15.5394,-9.386,180.0,F3F2,3,80.0,687.62,1,0
100,sybil_1,970.0,360.0,6.6987,-15.2384,180.0,F3F2,4,80.0,589.02,1,0
100,sybil_10,970.0,360.0,4.6616,4.6616,0.0,F1F2,4,80.0,589.02,1,3
100,sybil_11,1050.0,440.0,10.8565,-8.1913,0.0,F1F2,5,80.0,613.13,1,3
100,sybil_12,1130.0,120.0,14.9069,5.763,78.72,:F1_7,3,80.0,793.2,1,4
100,sybil_13,970.0,120.0,0.9633,-6.3336,90.0,E1F1,3,80.0,703.87,1,4
100,sybil_14,1050.0,200.0,6.1935,-2.8544,90.0,E1F1,5,80.0,700.12,1,4
100,sybil_15,1130.0,120.0,13.2217,-0.4368,90.0,E1F1,3,80.0,793.2,1,5
100,sybil_16,970.0,120.0,7.9445,-9.1751,180.0,E4E3,3,80.0,703.87,1,5
100,sybil_17,1050.0,200.0,9.7555,-2.1415,180.0,E4E3,5,80.0,700.12,1,5
100,sybil_18,830.0,840.0,7.6868,7.6868,180.0,E4E3,4,80.0,529.96,1,6
100,sybil_19,670.0,840.0,15.8386,9.1782,90.0,D4E4,4,80.0,495.78,1,6
100,sybil_2,1050.0,440.0,12.5334,11.4257,180.0,F3F2,5,80.0,613.13,1,0
100,sybil_20,750.0,920.0,17.6579,-6.1666,90.0,D4E4,7,80.0,540.23,1,6
100,sybil_21,830.0,840.0,18.9837,10.9981,90.0,D4E4,4,80.0,529.96,1,7
100,sybil_22,670.0,840.0,5.4792,-2.4072,268.13,:D4_7,4,80.0,495.78,1,7
100,sybil_23,750.0,920.0,8.8889,8.8889,270.0,E4D4,7,80.0,540.23,1,7
100,sybil_24,530.0,1080.0,0.0,-0.8661,234.01,:D5_9,3,80.0,619.36,1,8
100,sybil_25,370.0,1080.0,0.2851,0.2851,270.0,E5D5,3,80.0,650.36,1,8
100,sybil_26,450.0,1160.0,16.7196,-1.6924,270.0,E5D5,2,80.0,687.46,1,8
100,sybil_27,830.0,1080.0,19.5959,16.7765,270.0,E5D5,3,80.0,650.36,1,9
100,sybil_28,670.0,1080.0,9.5066,4.0499,270.0,E5D5,5,80.0,619.36,1,9
100,sybil_29,750.0,1160.0,8.0978,6.631,270.0,E5D5,5,80.0,687.46,1,9
100,sybil_3,1130.0,600.0,4.343,-6.938,180.0,F3F2,2,80.0,651.49,1,1
100,sybil_30,830.0,1080.0,19.6654,4.5073,350.7,:E5_4,3,80.0,650.36,1,10
100,sybil_31,670.0,1080.0,31.0357,23.2274,0.0,E4E5,5,80.0,619.36,1,10
100,sybil_32,750.0,1160.0,5.3748,-10.0332,180.0,A5A4,5,80.0,687.46,1,10
100,sybil_33,230.0,840.0,3.9852,-17.0594,180.0,A5A4,2,80.0,589.02,1,11
100,sybil_34,70.0,840.0,1.9551,-7.7659,257.42,:A5_0,3,80.0,687.62,1,11
100,sybil_35,150.0,920.0,11.1845,-1.5718,270.0,B5A5,4,80.0,663.14,1,11
100,sybil_36,230.0,1080.0,4.37,4.37,270.0,B5A5,4,80.0,703.87,1,12
100,sybil_37,70.0,1080.0,11.4366,1.7047,270.0,B5A5,2,80.0,793.2,1,12
100,sybil_38,150.0,1160.0,28.92,21.4847,270.0,B5A5,3,80.0,796.31,1,12
100,sybil_39,230.0,1080.0,25.4793,17.1415,270.0,B5A5,4,80.0,703.87,1,13
100,sybil_4,970.0,600.0,9.787,5.3639,180.0,F3F2,2,80.0,549.81,1,1
100,sybil_5,1050.0,680.0,0.0,-25.3241,90.0,E3F3,4,80.0,600.51,1,1
100,sybil_6,1130.0,600.0,12.2238,-6.5884,90.0,E3F3,2,80.0,651.49,1,2
100,sybil_7,970.0,600.0,2.8752,-24.3334,90.0,E3F3,2,80.0,549.81,1,2
101,legit_1,398.4,115.64,12.5889,0.801,180.0,C1C0,2,51.78,644.55,0,-1
101,legit_10,398.16,598.4,7.6142,1.3526,90.0,:C3_13,0,51.86,479.09,0,-1
101,legit_11,209.36,-1.6,13.2683,0.0286,90.0,B0C0,0,135.31,797.45,0,-1
101,legit_12,743.38,798.4,13.6569,0.0401,90.0,D4E4,6,42.12,492.49,0,-1
101,legit_13,1001.6,427.89,8.4752,1.5943,0.0,F2F3,4,83.37,587.14,0,-1
101,legit_14,201.6,392.3,5.8555,-4.4334,0.0,B1B2,1,60.88,593.94,0,-1
101,legit_15,119.59,798.4,12.678,-0.8492,90.0,A4B4,4,51.53,641.1,0,-1
101,legit_16,-1.6,761.74,9.2134,2.3927,180.0,A4A3,2,170.61,723.46,0,-1
101,legit_3,155.23,1001.6,12.8881,0.1643,270.0,B5A5,4,78.57,697.89,0,-1
101,legit_4,425.83,201.6,13.376,0.3137,270.0,D1C1,2,85.1,585.69,0,-1
101,legit_5,198.4,397.77,13.7492,0.6022,180.0,:B2_1,1,61.39,594.23,0,-1
101,legit_6,195.94,602.36,7.3167,-4.5,209.95,:B3_0,0,46.0,567.7,0,-1
101,legit_7,346.94,201.6,12.48,1.0648,270.0,C1B1,2,131.45,609.27,0,-1
101,legit_8,732.39,601.6,11.0956,-0.7924,270.0,E3D3,0,17.68,460.68,0,-1
101,legit_9,682.08,998.4,11.6579,0.2656,90.0,D5E5,4,106.17,570.33,0,-1
101,sybil_0,1130.0,360.0,3.0566,-12.4827,180.0,F3F2,3,80.0,687.62,1,0
101,sybil_1,970.0,360.0,8.7928,2.0941,180.0,F3F2,3,80.0,589.02,1,0
101,sybil_11,1050.0,440.0,9.0826,-1.7739,0.0,F1F2,4,80.0,613.13,1,3
101,sybil_12,1130.0,120.0,0.0,-14.9069,36.09,:F1_7,3,80.0,793.2,1,4
101,sybil_13,970.0,120.0,6.0507,5.0875,90.0,E1F1,3,80.0,703.87,1,4
101,sybil_14,1050.0,200.0,16.3176,10.1241,90.0,E1F1,5,80.0,700.12,1,4
101,sybil_15,1130.0,120.0,8.1203,-5.1014,90.0,E1F1,3,80.0,793.2,1,5
101,sybil_16,970.0,120.0,21.6439,13.6994,180.0,E4E3,3,80.0,703.87,1,5
101,sybil_17,1050.0,200.0,14.2636,4.5081,180.0,E4E3,5,80.0,700.12,1,5
101,sybil_18,830.0,840.0,9.7923,2.1055,180.0,E4E3,4,80.0,529.96,1,6
101,sybil_19,670.0,840.0,15.5456,-0.2931,90.0,D4E4,4,80.0,495.78,1,6
101,sybil_2,1050.0,440.0,5.1913,-7.3421,180.0,F3F2,4,80.0,613.13,1,0
101,sybil_20,750.0,920.0,23.7965,6.1386,90.0,D4E4,7,80.0,540.23,1,6
101,sybil_21,830.0,840.0,3.7744,-15.2094,90.0,D4E4,4,80.0,529.96,1,7
101,sybil_22,670.0,840.0,8.9218,3.4426,198.45,:D4_7,4,80.0,495.78,1,7
101,sybil_23,750.0,920.0,5.8957,-2.9932,270.0,E4D4,7,80.0,540.23,1,7
101,sybil_24,530.0,1080.0,11.3264,11.3264,186.65,D5D4,3,80.0,619.36,1,8
101,sybil_25,370.0,1080.0,0.0,-0.2851,270.0,E5D5,3,80.0,650.36,1,8
101,sybil_26,450.0,1160.0,20.6061,3.8865,270.0,E5D5,2,80.0,687.46,1,8
101,sybil_27,830.0,1080.0,17.041,-2.5549,270.0,E5D5,3,80.0,650.36,1,9
101,sybil_28,670.0,1080.0,8.5941,-0.9126,270.0,E5D5,5,80.0,619.36,1,9
101,sybil_29,750.0,1160.0,0.0,-8.0978,270.0,E5D5,5,80.0,687.46,1,9
101,sybil_3,1130.0,600.0,7.8741,3.531,180.0,F3F2,2,80.0,651.49,1,1
101,sybil_30,830.0,1080.0,0.0,-19.6654,289.55,:E5_4,3,80.0,650.36,1,10
101,sybil_31,670.0,1080.0,10.1185,-20.9172,0.0,E4E5,5,80.0,619.36,1,10
101,sybil_32,750.0,1160.0,17.8821,12.5073,180.0,A5A4,5,80.0,687.46,1,10
101,sybil_33,230.0,840.0,10.278,6.2928,180.0,A5A4,2,80.0,589.02,1,11
101,sybil_34,70.0,840.0,0.0,-1.9551,200.65,A5A4,3,80.0,687.62,1,11
101,sybil_35,150.0,920.0,7.9725,-3.212,270.0,B5A5,4,80.0,663.14,1,11
101,sybil_36,230.0,1080.0,0.0,-4.37,270.0,B5A5,4,80.0,703.87,1,12
101,sybil_37,70.0,1080.0,9.1553,-2.2813,270.0,B5A5,2,80.0,793.2,1,12
101,sybil_38,150.0,1160.0,7.5506,-21.3694,270.0,B5A5,3,80.0,796.31,1,12
101,sybil_39,230.0,1080.0,12.9842,-12.4951,270.0,B5A5,4,80.0,703.87,1,13
101,sybil_4,970.0,600.0,8.5152,-1.2718,180.0,F3F2,2,80.0,549.81,1,1
101,sybil_5,1050.0,680.0,0.0,0.0,100.96,:F3_6,4,80.0,600.51,1,1
101,sybil_6,1130.0,600.0,7.2617,-4.9621,90.0,E3F3,2,80.0,651.49,1,2
101,sybil_7,970.0,600.0,12.104,9.2288,90.0,E3F3,2,80.0,549.81,1,2
102,legit_1,398.4,103.19,12.4484,-0.1405,180.0,C1C0,2,54.27,652.98,0,-1
102,legit_10,408.22,598.4,10.0546,2.4405,90.0,C3D3,0,41.81,475.83,0,-1
102,legit_11,221.99,-1.6,12.6312,-0.6371,90.0,B0C0,0,141.31,791.86,0,-1
102,legit_12,756.87,798.4,13.4859,-0.1709,90.0,D4E4,6,42.16,495.41,0,-1
102,legit_13,1001.6,438.3,10.4142,1.939,0.0,F2F3,3,92.05,584.94,0,-1
102,legit_14,203.71,397.43,5.8439,-0.0117,25.71,:B2_8,1,65.47,591.48,0,-1
102,legit_15,133.0,798.4,13.4071,0.7291,90.0,A4B4,4,44.94,632.11,0,-1
102,legit_16,-1.6,750.83,10.9037,1.6902,180.0,A4A3,2,175.88,721.43,0,-1
102,legit_17,8.3,-1.6,0.0,0.0,90.0,A0B0,0,186.72,909.59,0,-1
102,legit_3,142.02,1001.6,13.2092,0.3211,270.0,B5A5,4,78.8,705.61,0,-1
102,legit_4,415.82,201.6,10.0154,-3.3606,270.0,D1C1,2,88.47,588.2,0,-1
102,legit_5,198.4,385.04,12.7293,-1.0199,180.0,B2B1,1,54.49,597.6,0,-1
102,legit_6,188.89,601.6,7.1886,-0.1281,268.24,B3A3,0,38.92,571.54,0,-1
102,legit_7,334.63,201.6,12.3129,-0.167,270.0,C1B1,2,141.31,613.65,0,-1
102,legit_8,721.47,601.6,10.9226,-0.1729,270.0,E3D3,0,28.57,459.1,0,-1
102,legit_9,692.87,998.4,10.7936,-0.8643,90.0,D5E5,4,99.61,571.45,0,-1
102,sybil_0,1130.0,360.0,10.0699,7.0132,180.0,F3F2,2,80.0,687.62,1,0
102,sybil_1,970.0,360.0,7.5867,-1.2061,180.0,F3F2,3,80.0,589.02,1,0
102,sybil_11,1050.0,440.0,14.6929,5.6103,0.0,F1F2,4,80.0,613.13,1,3
102,sybil_12,1130.0,120.0,4.8715,4.8715,3.45,F1F2,3,80.0,793.2,1,4
102,sybil_13,970.0,120.0,6.0948,0.0441,86.6,:F1_7,3,80.0,703.87,1,4
102,sybil_14,1050.0,200.0,0.9891,-15.3285,90.0,E1F1,5,80.0,700.12,1,4
102,sybil_15,1130.0,120.0,0.4665,-7.6539,90.0,E1F1,3,80.0,793.2,1,5
102,sybil_16,970.0,120.0,14.3698,-7.2742,180.0,E4E3,3,80.0,703.87,1,5
102,sybil_17,1050.0,200.0,22.692,8.4284,180.0,E4E3,5,80.0,700.12,1,5
102,sybil_18,830.0,840.0,22.7509,12.9586,180.0,E4E3,4,80.0,529.96,1,6
102,sybil_19,670.0,840.0,0.0,-15.5456,92.7,:E4_12,4,80.0,495.78,1,6
102,sybil_2,1050.0,440.0,4.072,-1.1194,180.0,F3F2,4,80.0,613.13,1,0
102,sybil_20,750.0,920.0,23.9401,0.1437,90.0,D4E4,7,80.0,540.23,1,6
102,sybil_21,830.0,840.0,4.4535,0.6792,90.0,D4E4,4,80.0,529.96,1,7
102,sybil_22,670.0,840.0,0.0,-8.9218,98.08,D4E4,4,80.0,495.78,1,7
102,sybil_23,750.0,920.0,2.3368,-3.5589,270.0,E4D4,7,80.0,540.23,1,7
102,sybil_24,530.0,1080.0,6.9479,-4.3785,180.0,D5D4,3,80.0,619.36,1,8
102,sybil_25,370.0,1080.0,17.2503,17.2503,266.09,:D5_1,3,80.0,650.36,1,8
102,sybil_26,450.0,1160.0,0.8188,-19.7873,270.0,E5D5,2,80.0,687.46,1,8
102,sybil_27,830.0,1080.0,6.1805,-10.8605,270.0,E5D5,3,80.0,650.36,1,9
102,sybil_28,670.0,1080.0,11.3976,2.8035,270.0,E5D5,5,80.0,619.36,1,9
102,sybil_29,750.0,1160.0,3.4259,3.4259,270.0,E5D5,5,80.0,687.46,1,9
102,sybil_3,1130.0,600.0,9.4154,1.5413,180.0,F3F2,2,80.0,651.49,1,1
102,sybil_30,830.0,1080.0,1.7416,1.7416,270.0,E5D5,3,80.0,650.36,1,10
102,sybil_31,670.0,1080.0,3.8301,-6.2883,0.0,E4E5,5,80.0,619.36,1,10
102,sybil_32,750.0,1160.0,6.8969,-10.9853,180.0,A5A4,5,80.0,687.46,1,10
102,sybil_33,230.0,840.0,15.1071,4.8291,180.0,A5A4,2,80.0,589.02,1,11
102,sybil_34,70.0,840.0,5.4602,5.4602,180.0,A5A4,3,80.0,687.62,1,11
102,sybil_35,150.0,920.0,4.5658,-3.4066,269.49,:A5_0,4,80.0,663.14,1,11
102,sybil_36,230.0,1080.0,11.8068,11.8068,270.0,B5A5,4,80.0,703.87,1,12
102,sybil_37,70.0,1080.0,0.4873,-8.668,270.0,B5A5,2,80.0,793.2,1,12
102,sybil_38,150.0,1160.0,7.1411,-0.4095,270.0,B5A5,3,80.0,796.31,1,12
102,sybil_39,230.0,1080.0,21.88,8.8958,270.0,B5A5,4,80.0,703.87,1,13
102,sybil_4,970.0,600.0,27.2586,18.7434,180.0,F3F2,2,80.0,549.81,1,1
102,sybil_5,1050.0,680.0,4.9246,4.9246,163.46,F3F2,4,80.0,600.51,1,1
102,sybil_6,1130.0,600.0,5.0852,-2.1765,90.0,E3F3,2,80.0,651.49,1,2
102,sybil_7,970.0,600.0,10.0976,-2.0064,90.0,E3F3,2,80.0,549.81,1,2
103,legit_1,398.4,90.29,12.9032,0.4548,180.0,C1C0,2,59.54,661.98,0,-1
103,legit_10,419.94,598.4,11.723,1.6684,90.0,C3D3,0,30.1,472.17,0,-1
103,legit_11,235.07,-1.6,13.077,0.4458,90.0,B0C0,0,148.4,786.25,0,-1
103,legit_12,770.69,798.4,13.8215,0.3356,90.0,D4E4,6,46.46,498.82,0,-1
103,legit_13,1001.6,451.01,12.7147,2.3005,0.0,F2F3,3,103.08,582.42,0,-1
103,legit_14,208.87,398.4,5.3577,-0.4861,80.77,B2C2,1,70.29,588.51,0,-1
103,legit_15,146.32,798.4,13.3259,-0.0813,90.0,A4B4,3,41.76,623.51,0,-1
103,legit_16,-1.6,739.48,11.3483,0.4447,180.0,A4A3,1,181.9,719.46,0,-1
103,legit_17,10.31,-1.6,2.0051,2.0051,90.0,A0B0,0,185.21,908.29,0,-1
103,legit_3,128.84,1001.6,13.1792,-0.03,270.0,B5A5,4,81.2,713.58,0,-1
103,legit_4,409.33,201.6,6.4885,-3.5269,270.0,D1C1,2,91.17,589.91,0,-1
103,legit_5,198.4,371.71,13.3247,0.5954,180.0,B2B1,1,49.8,601.41,0,-1
103,legit_6,179.84,601.6,9.0512,1.8626,270.0,B3A3,0,29.88,576.55,0,-1
103,legit_7,323.0,201.6,11.6326,-0.6804,270.0,C1B1,2,150.96,617.94,0,-1
103,legit_8,709.6,601.6,11.8737,0.9511,270.0,E3D3,0,40.44,457.54,0,-1
103,legit_9,704.66,998.4,11.7935,1.0,90.0,D5E5,6,93.35,572.87,0,-1
103,sybil_0,1130.0,360.0,21.7054,11.6355,180.0,F3F2,2,80.0,687.62,1,0
103,sybil_1,970.0,360.0,16.0412,8.4545,180.0,F3F2,3,80.0,589.02,1,0
103,sybil_11,1050.0,440.0,21.7602,7.0673,0.0,F1F2,4,80.0,613.13,1,3
103,sybil_12,1130.0,120.0,2.423,-2.4485,0.0,F1F2,3,80.0,793.2,1,4
103,sybil_13,970.0,120.0,0.0,-6.0948,54.69,:F1_7,3,80.0,703.87,1,4
103,sybil_14,1050.0,200.0,17.1842,16.1951,90.0,E1F1,5,80.0,700.12,1,4
103,sybil_15,1130.0,120.0,0.0,-0.4665,90.0,E1F1,3,80.0,793.2,1,5
103,sybil_16,970.0,120.0,16.2917,1.9219,180.0,E4E3,3,80.0,703.87,1,5
103,sybil_17,1050.0,200.0,8.439,-14.253,180.0,E4E3,5,80.0,700.12,1,5
103,sybil_18,830.0,840.0,15.7627,-6.9882,180.0,E4E3,4,80.0,529.96,1,6
103,sybil_19,670.0,840.0,4.066,4.066,148.2,:E4_12,4,80.0,495.78,1,6
103,sybil_2,1050.0,440.0,17.8025,13.7305,180.0,F3F2,4,80.0,613.13,1,0
103,sybil_20,750.0,920.0,19.558,-4.3821,90.0,D4E4,7,80.0,540.23,1,6
103,sybil_21,830.0,840.0,15.3994,10.9458,90.0,D4E4,4,80.0,529.96,1,7
103,sybil_22,670.0,840.0,0.0,0.0,90.0,D4E4,4,80.0,495.78,1,7
103,sybil_23,750.0,920.0,16.768,14.4312,270.0,E4D4,7,80.0,540.23,1,7
103,sybil_24,530.0,1080.0,17.9123,10.9644,180.0,D5D4,3,80.0,619.36,1,8
103,sybil_25,370.0,1080.0,19.3355,2.0852,236.89,:D5_9,3,80.0,650.36,1,8
103,sybil_26,450.0,1160.0,11.5789,10.7601,270.0,E5D5,2,80.0,687.46,1,8
103,sybil_27,830.0,1080.0,6.7658,0.5853,270.0,E5D5,4,80.0,650.36,1,9
103,sybil_28,670.0,1080.0,0.3968,-11.0008,270.0,E5D5,5,80.0,619.36,1,9
103,sybil_29,750.0,1160.0,26.9755,23.5497,270.0,E5D5,5,80.0,687.46,1,9
103,sybil_3,1130.0,600.0,3.8106,-5.6048,180.0,F3F2,2,80.0,651.49,1,1
103,sybil_30,830.0,1080.0,3.5958,1.8542,270.0,E5D5,4,80.0,650.36,1,10
103,sybil_31,670.0,1080.0,1.7313,-2.0988,0.0,E4E5,5,80.0,619.36,1,10
103,sybil_32,750.0,1160.0,18.2552,11.3584,180.0,A5A4,5,80.0,687.46,1,10
103,sybil_33,230.0,840.0,21.7867,6.6795,180.0,A5A4,2,80.0,589.02,1,11
103,sybil_34,70.0,840.0,17.1336,11.6734,180.0,A5A4,3,80.0,687.62,1,11
103,sybil_35,150.0,920.0,0.022,-4.5438,236.35,:A5_0,4,80.0,663.14,1,11
103,sybil_36,230.0,1080.0,10.3173,-1.4895,270.0,B5A5,4,80.0,703.87,1,12
103,sybil_37,70.0,1080.0,0.0,-0.4873,270.0,B5A5,2,80.0,793.2,1,12
103,sybil_38,150.0,1160.0,13.9673,6.8263,270.0,B5A5,3,80.0,796.31,1,12
103,sybil_39,230.0,1080.0,12.1541,-9.7259,270.0,B5A5,4,80.0,703.87,1,13
103,sybil_4,970.0,600.0,22.7435,-4.5151,180.0,F3F2,2,80.0,549.81,1,1
103,sybil_5,1050.0,680.0,7.8892,2.9646,180.0,F3F2,4,80.0,600.51,1,1
103,sybil_6,1130.0,600.0,12.7942,7.709,90.0,E3F3,2,80.0,651.49,1,2
103,sybil_7,970.0,600.0,12.2411,2.1435,90.0,E3F3,2,80.0,549.81,1,2
104,legit_1,398.4,78.22,12.0693,-0.8339,180.0,C1C0,1,66.39,670.61,0,-1
104,legit_10,431.12,598.4,11.178,-0.545,90.0,C3D3,0,18.95,468.83,0,-1
104,legit_11,248.45,-1.6,13.3844,0.3074,90.0,B0C0,0,156.46,780.7,0,-1
104,legit_12,781.39,798.4,10.7011,-3.1204,90.0,D4E4,6,52.11,501.74,0,-1
104,legit_13,1001.6,464.02,13.0081,0.2934,0.0,F2F3,4,114.73,580.02,0,-1
104,legit_14,216.36,398.4,7.4916,2.1339,90.0,B2C2,1,76.67,584.62,0,-1
104,legit_15,159.25,798.4,12.9309,-0.3949,90.0,A4B4,3,42.62,615.53,0,-1
104,legit_16,-1.6,728.04,11.4406,0.0923,180.0,A4A3,1,188.46,717.63,0,-1
104,legit_17,13.93,-1.6,3.6263,1.6212,90.0,A0B0,0,182.49,905.95,0,-1
104,legit_3,115.19,1001.6,13.6493,0.4701,270.0,B5A5,4,85.78,722.1,0,-1
104,legit_4,403.8,202.52,5.7114,-0.7771,280.82,:C1_4,2,94.57,590.91,0,-1
104,legit_5,198.4,358.49,13.2201,-0.1046,180.0,B2B1,1,48.42,605.51,0,-1
104,legit_6,168.83,601.6,11.0021,1.9509,270.0,B3A3,0,18.9,582.75,0,-1
104,legit_7,311.21,201.6,11.7882,0.1556,270.0,C1B1,1,161.0,622.43,0,-1
104,legit_8,698.4,601.6,11.1927,-0.681,270.0,E3D3,0,51.62,456.23,0,-1
104,legit_9,716.08,998.4,11.4178,-0.3758,90.0,D5E5,6,88.37,574.43,0,-1
104,sybil_0,1130.0,360.0,6.7802,-14.9252,180.0,F3F2,1,80.0,687.62,1,0
104,sybil_1,970.0,360.0,13.1321,-2.909,180.0,F3F2,2,80.0,589.02,1,0
104,sybil_12,1130.0,120.0,5.4262,3.0032,0.0,F1F2,3,80.0,793.2,1,4
104,sybil_13,970.0,120.0,10.7846,10.7846,5.2,F1F2,3,80.0,703.87,1,4
104,sybil_14,1050.0,200.0,25.866,8.6818,90.0,E1F1,5,80.0,700.12,1,4
104,sybil_15,1130.0,120.0,17.6404,17.6404,90.0,E1F1,3,80.0,793.2,1,5
104,sybil_16,970.0,120.0,11.3743,-4.9174,180.0,E4E3,3,80.0,703.87,1,5
104,sybil_17,1050.0,200.0,12.0407,3.6016,180.0,E4E3,5,80.0,700.12,1,5
104,sybil_18,830.0,840.0,4.6484,-11.1143,180.0,E4E3,4,80.0,529.96,1,6
104,sybil_19,670.0,840.0,8.6325,4.5665,179.44,E4E3,4,80.0,495.78,1,6
104,sybil_2,1050.0,440.0,5.4545,-12.348,180.0,F3F2,3,80.0,613.13,1,0
104,sybil_20,750.0,920.0,17.7247,-1.8332,90.0,D4E4,7,80.0,540.23,1,6
104,sybil_21,830.0,840.0,22.9566,7.5572,90.0,D4E4,4,80.0,529.96,1,7
104,sybil_22,670.0,840.0,21.2483,21.2483,90.0,D4E4,4,80.0,495.78,1,7
104,sybil_23,750.0,920.0,13.4528,-3.3152,237.73,:D4_7,7,80.0,540.23,1,7
104,sybil_24,530.0,1080.0,11.7035,-6.2088,180.0,D5D4,3,80.0,619.36,1,8
104,sybil_25,370.0,1080.0,5.6068,-13.7287,184.63,D5D4,3,80.0,650.36,1,8
104,sybil_26,450.0,1160.0,20.8604,9.2815,270.0,E5D5,2,80.0,687.46,1,8
104,sybil_27,830.0,1080.0,20.6004,13.8346,270.0,E5D5,4,80.0,650.36,1,9
104,sybil_28,670.0,1080.0,20.9391,20.5423,270.0,E5D5,5,80.0,619.36,1,9
104,sybil_29,750.0,1160.0,21.9931,-4.9824,270.0,E5D5,5,80.0,687.46,1,9
104,sybil_3,1130.0,600.0,11.5149,7.7043,180.0,F3F2,2,80.0,651.49,1,1
104,sybil_30,830.0,1080.0,21.1571,17.5613,270.0,E5D5,4,80.0,650.36,1,10
104,sybil_31,670.0,1080.0,0.0,-1.7313,341.12,:E5_4,5,80.0,619.36,1,10
104,sybil_32,750.0,1160.0,0.0,-18.2552,180.0,A5A4,5,80.0,687.46,1,10
104,sybil_33,230.0,840.0,8.5123,-13.2743,180.0,A5A4,2,80.0,589.02,1,11
104,sybil_34,70.0,840.0,11.7181,-5.4155,180.0,A5A4,3,80.0,687.62,1,11
104,sybil_35,150.0,920.0,0.0,-0.022,185.58,A5A4,4,80.0,663.14,1,11
104,sybil_36,230.0,1080.0,6.0458,-4.2715,270.0,B5A5,4,80.0,703.87,1,12
104,sybil_37,70.0,1080.0,14.9154,14.9154,270.0,B5A5,2,80.0,793.2,1,12
104,sybil_38,150.0,1160.0,7.7558,-6.2116,270.0,B5A5,3,80.0,796.31,1,12
104,sybil_39,230.0,1080.0,0.0,-12.1541,270.0,B5A5,4,80.0,703.87,1,13
104,sybil_4,970.0,600.0,26.9418,4.1983,180.0,F3F2,3,80.0,549.81,1,1
104,sybil_5,1050.0,680.0,3.4688,-4.4204,180.0,F3F2,4,80.0,600.51,1,1
104,sybil_6,1130.0,600.0,0.0,-12.7942,93.6,:F3_6,2,80.0,651.49,1,2
104,sybil_7,970.0,600.0,2.0847,-10.1564,90.0,E3F3,3,80.0,549.81,1,2
105,legit_1,398.4,66.19,12.0263,-0.043,180.0,C1C0,1,74.55,679.39,0,-1
105,legit_10,442.26,598.4,11.1377,-0.0402,90.0,C3D3,0,7.91,465.65,0,-1
105,legit_11,261.25,-1.6,12.8036,-0.5808,90.0,B0C0,0,164.82,775.56,0,-1
105,legit_12,788.27,798.4,6.8758,-3.8253,90.0,D4E4,6,56.52,503.71,0,-1
105,legit_13,1001.6,476.73,12.7105,-0.2976,0.0,F2F3,4,126.37,577.84,0,-1
105,legit_14,225.78,398.4,9.4184,1.9268,90.0,B2C2,1,84.96,579.81,0,-1
105,legit_15,172.25,798.4,13.0007,0.0698,90.0,A4B4,3,47.18,607.84,0,-1
105,legit_16,-1.6,715.97,12.0679,0.6273,180.0,A4A3,1,190.87,715.86,0,-1
105,legit_17,19.89,-1.6,5.9621,2.3358,90.0,A0B0,0,178.09,902.11,0,-1
105,legit_3,102.45,1001.6,12.7457,-0.9036,270.0,B5A5,4,91.69,730.28,0,-1
105,legit_4,401.6,207.79,6.039,0.3276,344.03,C1C2,2,100.25,588.66,0,-1
105,legit_5,198.4,344.81,13.6843,0.4642,180.0,B2B1,1,50.73,610.12,0,-1
105,legit_6,156.28,601.6,12.552,1.55,270.0,B3A3,0,6.48,589.97,0,-1
105,legit_7,299.12,201.6,12.0884,0.3002,270.0,C1B1,1,169.99,627.18,0,-1
105,legit_8,687.18,601.6,11.2257,0.0329,270.0,E3D3,0,62.84,455.05,0,-1
105,legit_9,726.65,998.4,10.564,-0.8538,90.0,D5E5,6,84.88,576.06,0,-1
105,sybil_0,1130.0,360.0,7.367,0.5868,180.0,F3F2,1,80.0,687.62,1,0
105,sybil_1,970.0,360.0,17.8255,4.6934,180.0,F3F2,2,80.0,589.02,1,0
105,sybil_12,1130.0,120.0,6.0166,0.5905,0.0,F1F2,3,80.0,793.2,1,4
105,sybil_13,970.0,120.0,15.7636,4.9791,0.0,F1F2,3,80.0,703.87,1,4
105,sybil_14,1050.0,200.0,4.7639,-21.1021,90.0,E1F1,5,80.0,700.12,1,4
105,sybil_15,1130.0,120.0,12.512,-5.1283,90.0,E1F1,3,80.0,793.2,1,5
105,sybil_16,970.0,120.0,0.0,-11.3743,180.0,E4E3,3,80.0,703.87,1,5
105,sybil_17,1050.0,200.0,14.0334,1.9928,180.0,E4E3,5,80.0,700.12,1,5
105,sybil_18,830.0,840.0,17.3626,12.7143,180.0,E4E3,4,80.0,529.96,1,6
105,sybil_19,670.0,840.0,11.5425,2.9099,180.0,E4E3,5,80.0,495.78,1,6
105,sybil_2,1050.0,440.0,9.9928,4.5383,180.0,F3F2,3,80.0,613.13,1,0
105,sybil_20,750.0,920.0,15.2611,-2.4637,90.0,D4E4,7,80.0,540.23,1,6
105,sybil_21,830.0,840.0,23.2478,0.2912,90.0,D4E4,4,80.0,529.96,1,7
105,sybil_22,670.0,840.0,5.0485,-16.1998,90.0,D4E4,5,80.0,495.78,1,7
105,sybil_23,750.0,920.0,0.0,-13.4528,119.48,D4E4,7,80.0,540.23,1,7
105,sybil_24,530.0,840.0,11.6129,-0.0905,180.0,D5D4,3,80.0,495.78,1,8
105,sybil_25,370.0,840.0,0.0,-5.6068,180.0,D5D4,2,80.0,529.96,1,8
105,sybil_26,450.0,920.0,4.4167,-16.4438,270.0,E5D5,2,80.0,540.23,1,8
105,sybil_27,830.0,1080.0,16.0663,-4.5341,270.0,E5D5,4,80.0,650.36,1,9
105,sybil_28,670.0,1080.0,12.6336,-8.3055,270.0,E5D5,4,80.0,619.36,1,9
105,sybil_29,750.0,1160.0,24.1376,2.1445,270.0,E5D5,5,80.0,687.46,1,9
105,sybil_3,1130.0,600.0,13.6428,2.1279,180.0,F3F2,2,80.0,651.49,1,1
105,sybil_30,830.0,1080.0,21.374,0.2169,270.0,E5D5,4,80.0,650.36,1,10
105,sybil_31,670.0,1080.0,10.2044,10.2044,286.77,:E5_4,4,80.0,619.36,1,10
105,sybil_32,750.0,1160.0,0.0,0.0,180.0,A5A4,5,80.0,687.46,1,10
105,sybil_33,230.0,840.0,13.074,4.5617,180.0,A5A4,3,80.0,589.02,1,11
105,sybil_34,70.0,840.0,1.9998,-9.7183,180.0,A5A4,3,80.0,687.62,1,11
105,sybil_35,150.0,920.0,17.5425,17.5425,180.0,A5A4,4,80.0,663.14,1,11
105,sybil_36,230.0,1080.0,12.5185,6.4727,268.53,:A5_0,3,80.0,703.87,1,12
105,sybil_37,70.0,1080.0,10.3867,-4.5287,270.0,B5A5,2,80.0,793.2,1,12
105,sybil_38,150.0,1160.0,14.3629,6.6072,270.0,B5A5,3,80.0,796.31,1,12
105,sybil_39,230.0,1080.0,16.8884,16.8884,270.0,B5A5,3,80.0,703.87,1,13
105,sybil_4,970.0,600.0,28.9384,1.9966,180.0,F3F2,3,80.0,549.81,1,1
105,sybil_5,1050.0,680.0,22.1583,18.6895,180.0,F3F2,4,80.0,600.51,1,1
105,sybil_6,1130.0,600.0,0.0,0.0,135.99,:F3_6,2,80.0,651.49,1,2
105,sybil_7,970.0,600.0,6.3562,4.2715,90.0,E3F3,3,80.0,549.81,1,2
106,legit_1,398.4,54.31,11.8779,-0.1484,180.0,C1C0,1,83.53,688.2,0,-1
106,legit_10,453.76,598.4,11.5032,0.3655,90.0,C3D3,0,4.09,462.89,0,-1
106,legit_11,275.1,-1.6,13.8453,1.0418,90.0,B0C0,1,174.46,770.2,0,-1
106,legit_12,791.55,798.4,3.2803,-3.5955,90.0,D4E4,4,58.79,504.68,0,-1
106,legit_13,1001.6,489.71,12.9719,0.2614,0.0,F2F3,7,120.45,575.78,0,-1
106,legit_14,237.51,398.4,11.7273,2.3089,90.0,B2C2,1,95.56,573.97,0,-1
106,legit_15,182.53,798.4,10.2722,-2.7285,90.0,A4B4,3,52.81,601.99,0,-1
106,legit_16,-1.6,703.98,11.9927,-0.0751,180.0,A4A3,0,183.83,714.27,0,-1
106,legit_17,27.82,-1.6,7.9231,1.961,90.0,A0B0,0,172.38,897.06,0,-1
106,legit_3,89.37,1001.6,13.0814,0.3358,270.0,B5A5,2,99.11,738.89,0,-1
106,legit_4,401.6,216.38,8.589,2.5499,0.0,C1C2,1,107.85,584.06,0,-1
106,legit_5,198.4,331.49,13.3209,-0.3634,180.0,B2B1,1,56.17,614.92,0,-1
106,legit_6,143.59,601.6,12.6886,0.1366,270.0,B3A3,0,6.6,598.06,0,-1
106,legit_7,287.11,201.6,12.0092,-0.0792,270.0,C1B1,1,159.56,632.06,0,-1
106,legit_8,675.54,601.6,11.6347,0.409,270.0,E3D3,2,74.47,453.98,0,-1
106,legit_9,737.71,998.4,11.0638,0.4998,90.0,D5E5,5,82.52,577.96,0,-1
106,sybil_1,970.0,360.0,28.7503,10.9248,180.0,F3F2,6,80.0,589.02,1,0
106,sybil_12,1130.0,360.0,7.165,1.1483,0.0,F1F2,4,80.0,687.62,1,4
106,sybil_13,970.0,360.0,17.1721,1.4084,0.0,F1F2,6,80.0,589.02,1,4
106,sybil_14,1050.0,440.0,11.6007,6.8368,78.56,:F1_7,8,80.0,613.13,1,4
106,sybil_15,1130.0,120.0,15.6353,3.1233,90.0,E1F1,1,80.0,793.2,1,5
106,sybil_16,970.0,120.0,11.2093,11.2093,180.0,E4E3,1,80.0,703.87,1,5
106,sybil_17,1050.0,200.0,13.1704,-0.863,180.0,E4E3,2,80.0,700.12,1,5
106,sybil_18,830.0,600.0,10.0169,-7.3457,180.0,E4E3,2,80.0,488.83,1,6
106,sybil_19,670.0,600.0,17.5802,6.0377,180.0,E4E3,2,80.0,453.52,1,6
106,sybil_2,1050.0,440.0,9.5242,-0.4686,180.0,F3F2,8,80.0,613.13,1,0
106,sybil_20,750.0,680.0,12.5957,-2.6654,90.0,D4E4,4,80.0,470.85,1,6
106,sybil_21,830.0,840.0,14.8028,-8.4451,90.0,D4E4,2,80.0,529.96,1,7
106,sybil_22,670.0,840.0,20.7156,15.6671,90.0,D4E4,3,80.0,495.78,1,7
106,sybil_23,750.0,920.0,6.2467,6.2467,90.0,D4E4,4,80.0,540.23,1,7
106,sybil_24,530.0,840.0,13.5616,1.9487,180.0,D5D4,2,80.0,495.78,1,8
106,sybil_25,370.0,840.0,12.7628,12.7628,180.0,D5D4,2,80.0,529.96,1,8
106,sybil_26,450.0,920.0,11.7279,7.3112,267.08,:D5_1,2,80.0,540.23,1,8
106,sybil_27,830.0,1080.0,17.3926,1.3263,270.0,E5D5,4,80.0,650.36,1,9
106,sybil_28,670.0,1080.0,0.0,-12.6336,270.0,E5D5,4,80.0,619.36,1,9
106,sybil_29,750.0,1160.0,21.4875,-2.6501,270.0,E5D5,5,80.0,687.46,1,9
106,sybil_3,1130.0,360.0,8.3044,-5.3383,180.0,F3F2,4,80.0,687.62,1,1
106,sybil_30,830.0,1080.0,11.3526,-10.0214,270.0,E5D5,4,80.0,650.36,1,10
106,sybil_31,670.0,1080.0,0.0,-10.2044,270.0,E5D5,4,80.0,619.36,1,10
106,sybil_32,750.0,1160.0,20.993,20.993,180.0,A5A4,5,80.0,687.46,1,10
106,sybil_33,230.0,840.0,17.1296,4.0555,180.0,A5A4,3,80.0,589.02,1,11
106,sybil_34,70.0,840.0,10.4485,8.4487,180.0,A5A4,2,80.0,687.62,1,11
106,sybil_35,150.0,920.0,15.7497,-1.7927,180.0,A5A4,4,80.0,663.14,1,11
106,sybil_36,230.0,1080.0,0.0425,-12.4759,238.12,:A5_0,2,80.0,703.87,1,12
106,sybil_37,70.0,1080.0,0.0,-10.3867,270.0,B5A5,2,80.0,793.2,1,12
106,sybil_38,150.0,1160.0,0.1678,-14.1951,270.0,B5A5,3,80.0,796.31,1,12
106,sybil_39,230.0,1080.0,19.8328,2.9444,270.0,B5A5,2,80.0,703.87,1,13
106,sybil_4,970.0,360.0,2.9736,-25.9648,180.0,F3F2,6,80.0,589.02,1,1
106,sybil_5,1050.0,440.0,28.8655,6.7073,180.0,F3F2,8,80.0,613.13,1,1
106,sybil_6,1130.0,600.0,11.2349,11.2349,178.26,F3F2,0,80.0,651.49,1,2
106,sybil_7,970.0,600.0,15.5707,9.2145,90.0,E3F3,2,80.0,549.81,1,2
107,legit_1,398.4,42.4,11.9153,0.0374,180.0,C1C0,1,93.19,697.17,0,-1
107,legit_10,464.63,598.4,10.8706,-0.6326,90.0,C3D3,0,14.72,461.13,0,-1
107,legit_11,287.7,-1.6,12.5985,-1.2468,90.0,B0C0,1,183.7,765.48,0,-1
107,legit_12,794.11,799.41,2.931,-0.3493,77.67,:E4_15,4,59.94,505.72,0,-1
107,legit_13,1001.6,502.68,12.9707,-0.0012,0.0,F2F3,7,108.69,573.91,0,-1
107,legit_14,251.25,398.4,13.7363,2.009,90.0,B2C2,1,108.28,567.32,0,-1
107,legit_15,189.75,798.4,7.2197,-3.0526,90.0,A4B4,3,57.53,597.97,0,-1
107,legit_16,-1.6,692.0,11.9868,-0.006,180.0,A4A3,0,177.33,712.84,0,-1
107,legit_17,37.11,-1.6,9.2978,1.3747,90.0,A0B0,0,165.92,891.18,0,-1
107,legit_3,75.79,1001.6,13.5744,0.4929,270.0,B5A5,2,107.95,748.03,0,-1
107,legit_4,401.6,227.18,10.7979,2.2089,0.0,C1C2,1,117.6,578.38,0,-1
107,legit_5,198.4,318.38,13.104,-0.2169,180.0,B2B1,2,63.83,619.92,0,-1
107,legit_6,130.9,601.6,12.6922,0.0035,270.0,B3A3,0,19.17,606.92,0,-1
107,legit_7,274.78,201.6,12.3322,0.323,270.0,C1B1,2,149.09,637.21,0,-1
107,legit_8,664.55,601.6,10.9902,-0.6445,270.0,E3D3,2,85.46,453.11,0,-1
107,legit_9,749.2,998.4,11.4858,0.4221,90.0,D5E5,5,81.6,580.15,0,-1
107,sybil_1,970.0,360.0,26.8539,-1.8964,180.0,F3F2,6,80.0,589.02,1,0
107,sybil_12,1130.0,360.0,17.0621,9.8971,0.0,F1F2,4,80.0,687.62,1,4
107,sybil_13,970.0,360.0,3.8695,-13.3026,0.0,F1F2,6,80.0,589.02,1,4
107,sybil_14,1050.0,440.0,4.4054,-7.1953,34.98,:F1_7,8,80.0,613.13,1,4
107,sybil_15,1130.0,120.0,3.4249,-12.2104,90.0,E1F1,1,80.0,793.2,1,5
107,sybil_16,970.0,120.0,11.0369,-0.1724,180.0,E4E3,1,80.0,703.87,1,5
107,sybil_17,1050.0,200.0,12.3017,-0.8688,180.0,E4E3,2,80.0,700.12,1,5
107,sybil_18,830.0,600.0,17.6802,7.6633,180.0,E4E3,2,80.0,488.83,1,6
107,sybil_19,670.0,600.0,0.0,-17.5802,180.0,E4E3,2,80.0,453.52,1,6
107,sybil_2,1050.0,440.0,16.5027,6.9785,180.0,F3F2,8,80.0,613.13,1,0
107,sybil_20,750.0,680.0,16.6041,4.0084,90.0,D4E4,4,80.0,470.85,1,6
107,sybil_21,830.0,840.0,29.8681,15.0654,90.0,D4E4,2,80.0,529.96,1,7
107,sybil_22,670.0,840.0,26.0091,5.2935,90.0,D4E4,3,80.0,495.78,1,7
107,sybil_23,750.0,920.0,13.7962,7.5495,90.0,D4E4,4,80.0,540.23,1,7
107,sybil_24,530.0,840.0,11.2419,-2.3197,180.0,D5D4,2,80.0,495.78,1,8
107,sybil_25,370.0,840.0,18.1355,5.3727,180.0,D5D4,2,80.0,529.96,1,8
107,sybil_26,450.0,920.0,10.8607,-0.8672,235.58,:D5_9,2,80.0,540.23,1,8
107,sybil_27,830.0,1080.0,0.0,-17.3926,270.0,E5D5,4,80.0,650.36,1,9
107,sybil_28,670.0,1080.0,6.5041,6.5041,270.0,E5D5,4,80.0,619.36,1,9
107,sybil_29,750.0,1160.0,23.7608,2.2733,270.0,E5D5,5,80.0,687.46,1,9
107,sybil_3,1130.0,360.0,11.9278,3.6233,180.0,F3F2,4,80.0,687.62,1,1
107,sybil_30,830.0,1080.0,12.0207,0.6681,270.0,E5D5,4,80.0,650.36,1,10
107,sybil_31,670.0,1080.0,7.0957,7.0957,270.0,E5D5,4,80.0,619.36,1,10
107,sybil_32,750.0,1160.0,16.6461,-4.3469,180.0,A5A4,5,80.0,687.46,1,10
107,sybil_33,230.0,840.0,23.5045,6.3749,180.0,A5A4,3,80.0,589.02,1,11
107,sybil_34,70.0,840.0,29.8856,19.4371,180.0,A5A4,2,80.0,687.62,1,11
107,sybil_35,150.0,920.0,4.8654,-10.8843,180.0,A5A4,4,80.0,663.14,1,11
107,sybil_36,230.0,1080.0,1.332,1.2894,185.26,A5A4,2,80.0,703.87,1,12
107,sybil_37,70.0,1080.0,7.031,7.031,270.0,B5A5,2,80.0,793.2,1,12
107,sybil_38,150.0,1160.0,4.9052,4.7374,270.0,B5A5,3,80.0,796.31,1,12
107,sybil_39,230.0,1080.0,4.4961,-15.3367,270.0,B5A5,2,80.0,703.87,1,13
107,sybil_4,970.0,360.0,22.1461,19.1725,180.0,F3F2,6,80.0,589.02,1,1
107,sybil_5,1050.0,440.0,5.1291,-23.7364,180.0,F3F2,8,80.0,613.13,1,1
107,sybil_6,1130.0,600.0,3.2666,-7.9683,180.0,F3F2,0,80.0,651.49,1,2
107,sybil_7,970.0,600.0,10.0715,-5.4993,90.0,E3F3,2,80.0,549.81,1,2
108,legit_1,398.4,30.06,12.3344,0.4191,180.0,C1C0,1,103.69,706.58,0,-1
108,legit_10,475.95,598.4,11.3191,0.4485,90.0,C3D3,0,26.0,459.46,0,-1
108,legit_11,301.45,-1.6,13.7507,1.1522,90.0,B0C0,1,191.97,760.52,0,-1
108,legit_12,792.15,801.6,3.6466,0.7156,342.99,E4D4,4,57.02,505.72,0,-1
108,legit_13,1001.6,516.42,13.7484,0.7777,0.0,F2F3,4,96.58,572.11,0,-1
108,legit_14,265.0,398.4,13.7564,0.0201,90.0,B2C2,1,121.24,560.85,0,-1
108,legit_15,195.45,797.93,5.7622,-1.4575,95.43,:B4_12,4,61.93,594.74,0,-1
108,legit_16,-1.6,679.99,12.0013,0.0145,180.0,A4A3,1,171.41,711.58,0,-1
108,legit_17,47.95,-1.6,10.8381,1.5404,90.0,A0B0,0,158.75,884.42,0,-1
108,legit_18,212.3,798.4,0.0,0.0,90.0,B4C4,4,74.91,585.9,0,-1
108,legit_3,62.76,1001.6,13.0267,-0.5477,270.0,B5A5,2,117.29,756.97,0,-1
108,legit_4,401.6,240.39,13.2131,2.4152,0.0,C1C2,1,129.03,571.59,0,-1
108,legit_5,198.4,305.77,12.6092,-0.4948,180.0,B2B1,2,72.68,624.95,0,-1
108,legit_6,117.49,601.6,13.4139,0.7218,270.0,B3A3,1,32.55,616.46,0,-1
108,legit_7,262.77,201.6,12.0087,-0.3235,270.0,C1B1,2,139.2,642.39,0,-1
108,legit_8,653.36,601.6,11.198,0.2078,270.0,E3D3,2,96.66,452.37,0,-1
108,legit_9,760.89,998.4,11.6973,0.2114,90.0,D5E5,5,82.32,582.62,0,-1
108,sybil_12,1130.0,360.0,0.0,-17.0621,0.0,F1F2,4,80.0,687.62,1,4
108,sybil_13,970.0,360.0,14.5677,10.6982,0.0,F1F2,4,80.0,589.02,1,4
108,sybil_14,1050.0,440.0,0.0,-4.4054,3.37,F1F2,7,80.0,613.13,1,4
108,sybil_15,1130.0,120.0,0.0,-3.4249,90.0,E1F1,1,80.0,793.2,1,5
108,sybil_16,970.0,120.0,20.9808,9.9439,173.93,:E3_2,1,80.0,703.87,1,5
108,sybil_17,1050.0,200.0,7.6538,-4.6478,180.0,E4E3,2,80.0,700.12,1,5
108,sybil_18,830.0,600.0,11.8331,-5.8472,180.0,E4E3,2,80.0,488.83,1,6
108,sybil_19,670.0,600.0,3.6804,3.6804,180.0,E4E3,2,80.0,453.52,1,6
108,sybil_2,1050.0,440.0,12.5917,-3.911,180.0,F3F2,7,80.0,613.13,1,0
108,sybil_20,750.0,680.0,16.4027,-0.2014,90.0,D4E4,4,80.0,470.85,1,6
108,sybil_21,830.0,840.0,2.8836,-26.9845,90.0,D4E4,2,80.0,529.96,1,7
108,sybil_22,670.0,840.0,14.7377,-11.2714,90.0,D4E4,3,80.0,495.78,1,7
108,sybil_23,750.0,920.0,2.6734,-11.1228,90.0,D4E4,4,80.0,540.23,1,7
108,sybil_24,530.0,840.0,18.1103,6.8684,180.0,D5D4,2,80.0,495.78,1,8
108,sybil_25,370.0,840.0,22.4802,4.3447,180.0,D5D4,2,80.0,529.96,1,8
108,sybil_26,450.0,920.0,20.6623,9.8016,186.08,D5D4,2,80.0,540.23,1,8
108,sybil_27,830.0,1080.0,0.0,0.0,270.0,E5D5,4,80.0,650.36,1,9
108,sybil_28,670.0,1080.0,16.9146,10.4105,270.0,E5D5,4,80.0,619.36,1,9
108,sybil_29,750.0,1160.0,15.5438,-8.217,270.0,E5D5,5,80.0,687.46,1,9
108,sybil_3,1130.0,360.0,22.8855,10.9577,180.0,F3F2,4,80.0,687.62,1,1
108,sybil_30,830.0,1080.0,7.6242,-4.3965,270.0,E5D5,4,80.0,650.36,1,10
108,sybil_31,670.0,1080.0,0.0,-7.0957,270.0,E5D5,4,80.0,619.36,1,10
108,sybil_32,750.0,1160.0,0.0,-16.6461,178.32,:A4_1,5,80.0,687.46,1,10
108,sybil_33,230.0,840.0,4.8657,-18.6388,180.0,A5A4,4,80.0,589.02,1,11
108,sybil_34,70.0,840.0,11.8883,-17.9973,180.0,A5A4,3,80.0,687.62,1,11
108,sybil_35,150.0,920.0,0.0,-4.8654,180.0,A5A4,5,80.0,663.14,1,11
108,sybil_36,230.0,1080.0,10.1622,8.8302,180.0,A5A4,2,80.0,703.87,1,12
108,sybil_37,70.0,1080.0,0.0,-7.031,266.55,:A5_0,2,80.0,793.2,1,12
108,sybil_38,150.0,1160.0,8.7645,3.8593,270.0,B5A5,3,80.0,796.31,1,12
108,sybil_39,230.0,1080.0,7.8776,3.3815,270.0,B5A5,2,80.0,703.87,1,13
108,sybil_4,970.0,360.0,9.8486,-12.2975,180.0,F3F2,4,80.0,589.02,1,1
108,sybil_5,1050.0,440.0,19.6486,14.5196,180.0,F3F2,7,80.0,613.13,1,1
108,sybil_6,1130.0,600.0,6.9777,3.7111,180.0,F3F2,0,80.0,651.49,1,2
108,sybil_7,970.0,600.0,7.3578,-2.7137,90.0,E3F3,2,80.0,549.81,1,2
109,legit_1,398.4,18.1,11.9618,-0.3726,180.0,C1C0,1,114.22,715.82,0,-1
109,legit_10,487.63,598.4,11.6816,0.3625,90.0,C3D3,0,37.66,457.89,0,-1
109,legit_11,314.63,-1.6,13.1808,-0.5699,90.0,B0C0,1,181.97,755.95,0,-1
109,legit_12,786.4,801.6,5.7425,2.096,270.0,E4D4,4,52.91,504.02,0,-1
109,legit_13,1001.6,529.93,13.5097,-0.2387,0.0,F2F3,5,85.16,570.55,0,-1
109,legit_14,278.54,398.4,13.5321,-0.2243,90.0,B2C2,1,134.15,554.68,0,-1
109,legit_15,198.4,792.7,6.4205,0.6583,158.94,B4B3,4,67.67,591.86,0,-1
109,legit_16,-1.6,668.54,11.451,-0.5503,180.0,A4A3,1,166.38,710.54,0,-1
109,legit_17,60.65,-1.6,12.6981,1.86,90.0,A0B0,0,150.9,876.63,0,-1
109,legit_18,214.4,798.4,2.0957,2.0957,90.0,B4C4,3,76.66,584.81,0,-1
109,legit_3,50.08,1001.6,12.6793,-0.3474,270.0,B5A5,2,127.0,765.82,0,-1
109,legit_4,401.6,253.84,13.4441,0.231,0.0,C1C2,0,116.68,564.86,0,-1
109,legit_5,198.4,292.62,13.1512,0.5419,180.0,B2B1,2,82.96,630.4,0,-1
109,legit_6,104.56,601.6,12.9258,-0.4882,270.0,B3A3,1,45.47,625.8,0,-1
109,legit_7,250.76,201.6,12.0099,0.0012,270.0,C1B1,1,129.66,647.72,0,-1
109,legit_8,642.37,601.6,10.9812,-0.2168,270.0,E3D3,2,107.64,451.78,0,-1
109,legit_9,772.29,998.4,11.3952,-0.3021,90.0,D5E5,5,84.59,585.24,0,-1
109,sybil_12,1130.0,360.0,13.0101,13.0101,0.0,F1F2,4,80.0,687.62,1,4
109,sybil_13,970.0,360.0,1.6733,-12.8944,0.0,F1F2,4,80.0,589.02,1,4
109,sybil_14,1050.0,440.0,11.703,11.703,0.0,F1F2,7,80.0,613.13,1,4
109,sybil_15,1130.0,120.0,7.7422,7.7422,84.49,:F1_7,1,80.0,793.2,1,5
109,sybil_16,970.0,120.0,9.2977,-11.683,132.4,:E3_16,1,80.0,703.87,1,5
109,sybil_17,1050.0,200.0,13.1046,5.4507,180.0,E4E3,2,80.0,700.12,1,5
109,sybil_18,830.0,600.0,13.517,1.684,180.0,E4E3,2,80.0,488.83,1,6
109,sybil_19,670.0,600.0,8.9348,5.2544,180.0,E4E3,2,80.0,453.52,1,6
109,sybil_2,1050.0,440.0,8.5237,-4.068,180.0,F3F2,7,80.0,613.13,1,0
109,sybil_20,750.0,680.0,22.5657,6.163,90.0,D4E4,4,80.0,470.85,1,6
109,sybil_21,830.0,840.0,22.4042,19.5205,90.0,D4E4,2,80.0,529.96,1,7
109,sybil_22,670.0,840.0,21.4321,6.6943,90.0,D4E4,3,80.0,495.78,1,7
109,sybil_23,750.0,920.0,10.5543,7.8808,90.0,D4E4,4,80.0,540.23,1,7
109,sybil_24,530.0,840.0,4.7695,-13.3408,180.0,D5D4,2,80.0,495.78,1,8
109,sybil_25,370.0,840.0,18.5337,-3.9465,180.0,D5D4,2,80.0,529.96,1,8
109,sybil_26,450.0,920.0,12.0328,-8.6295,180.0,D5D4,2,80.0,540.23,1,8
109,sybil_27,830.0,1080.0,0.2969,0.2969,265.43,:D5_1,4,80.0,650.36,1,9
109,sybil_28,670.0,1080.0,5.0337,-11.8809,270.0,E5D5,4,80.0,619.36,1,9
109,sybil_29,750.0,1160.0,20.9563,5.4125,270.0,E5D5,5,80.0,687.46,1,9
109,sybil_3,1130.0,360.0,16.5821,-6.3034,180.0,F3F2,4,80.0,687.62,1,1
109,sybil_30,830.0,1080.0,22.8757,15.2516,270.0,E5D5,4,80.0,650.36,1,10
109,sybil_31,670.0,1080.0,13.9376,13.9376,270.0,E5D5,4,80.0,619.36,1,10
109,sybil_32,750.0,1160.0,5.927,5.927,152.5,:A4_9,5,80.0,687.46,1,10
109,sybil_33,230.0,840.0,13.5575,8.6918,180.0,A5A4,4,80.0,589.02,1,11
109,sybil_34,70.0,840.0,3.805,-8.0833,180.0,A5A4,2,80.0,687.62,1,11
109,sybil_35,150.0,920.0,4.5914,4.5914,180.0,A5A4,5,80.0,663.14,1,11
109,sybil_36,230.0,1080.0,14.1768,4.0146,180.0,A5A4,2,80.0,703.87,1,12
109,sybil_37,70.0,1080.0,9.4443,9.4443,216.03,:A5_0,2,80.0,793.2,1,12
109,sybil_38,150.0,1160.0,18.7658,10.0013,270.0,B5A5,3,80.0,796.31,1,12
109,sybil_39,230.0,1080.0,2.1175,-5.7601,270.0,B5A5,2,80.0,703.87,1,13
109,sybil_4,970.0,360.0,6.2597,-3.5889,180.0,F3F2,4,80.0,589.02,1,1
109,sybil_5,1050.0,440.0,15.7361,-3.9125,180.0,F3F2,7,80.0,613.13,1,1
109,sybil_6,1130.0,600.0,10.1393,3.1616,180.0,F3F2,1,80.0,651.49,1,2
109,sybil_7,970.0,600.0,1.9425,-5.4153,90.0,E3F3,2,80.0,549.81,1,2
110,legit_10,498.43,598.4,10.7999,-0.8817,90.0,C3D3,1,48.46,456.58,0,-1
110,legit_11,327.64,-1.6,13.009,-0.1718,90.0,B0C0,0,172.51,751.61,0,-1
110,legit_12,778.1,801.6,8.3019,2.5594,270.0,E4D4,4,47.58,501.66,0,-1
110,legit_13,1001.6,543.43,13.4999,-0.0099,0.0,F2F3,4,74.45,569.19,0,-1
110,legit_14,292.04,398.4,13.4999,-0.0321,90.0,B2C2,0,147.13,548.72,0,-1
110,legit_15,198.4,784.91,7.7962,1.3757,180.0,B4B3,4,73.33,590.01,0,-1
110,legit_16,-1.6,656.47,12.0721,0.6211,180.0,A4A3,1,161.78,709.61,0,-1
110,legit_17,73.94,-1.6,13.2928,0.5946,90.0,A0B0,0,143.43,868.61,0,-1
110,legit_18,218.76,798.4,4.3659,2.2701,90.0,B4C4,3,80.37,582.55,0,-1
110,legit_3,40.44,1001.6,9.6454,-3.0339,270.0,B5A5,2,134.72,772.65,0,-1
110,legit_4,401.6,267.05,13.2107,-0.2334,0.0,C1C2,0,104.8,558.44,0,-1
110,legit_5,198.4,279.23,13.3919,0.2407,180.0,B2B1,1,94.16,636.14,0,-1
110,legit_6,91.96,601.6,12.6025,-0.3233,270.0,B3A3,1,58.06,635.05,0,-1
110,legit_7,239.03,201.6,11.7355,-0.2744,270.0,C1B1,1,120.77,653.08,0,-1
110,legit_8,630.68,601.6,11.6891,0.7079,270.0,E3D3,3,119.33,451.3,0,-1
110,legit_9,783.74,998.4,11.4519,0.0568,90.0,D5E5,5,88.3,588.08,0,-1
110,sybil_12,1130.0,360.0,16.3819,3.3719,0.0,F1F2,3,80.0,687.62,1,4
110,sybil_13,970.0,360.0,17.6013,15.928,0.0,F1F2,3,80.0,589.02,1,4
110,sybil_14,1050.0,440.0,22.9459,11.2429,0.0,F1F2,6,80.0,613.13,1,4
110,sybil_15,1130.0,120.0,0.0,-7.7422,41.95,:F1_7,1,80.0,793.2,1,5
110,sybil_16,970.0,120.0,9.4849,0.1872,90.92,E3F3,1,80.0,703.87,1,5
110,sybil_17,1050.0,200.0,6.2742,-6.8304,180.0,E4E3,2,80.0,700.12,1,5
110,sybil_18,830.0,600.0,17.7288,4.2118,180.0,E4E3,2,80.0,488.83,1,6
110,sybil_19,670.0,600.0,32.6926,23.7577,180.0,E4E3,2,80.0,453.52,1,6
110,sybil_20,750.0,680.0,8.0861,-14.4796,90.0,D4E4,4,80.0,470.85,1,6
110,sybil_21,830.0,840.0,31.1182,8.714,90.0,D4E4,2,80.0,529.96,1,7
110,sybil_22,670.0,840.0,15.4163,-6.0158,90.0,D4E4,3,80.0,495.78,1,7
110,sybil_23,750.0,920.0,13.4079,2.8537,90.0,D4E4,4,80.0,540.23,1,7
110,sybil_24,530.0,840.0,9.0036,4.2341,180.0,D5D4,2,80.0,495.78,1,8
110,sybil_25,370.0,840.0,3.5292,-15.0046,180.0,D5D4,2,80.0,529.96,1,8
110,sybil_26,450.0,920.0,1.7982,-10.2346,180.0,D5D4,2,80.0,540.23,1,8
110,sybil_27,830.0,1080.0,16.0786,15.7816,239.16,:D5_9,4,80.0,650.36,1,9
110,sybil_28,670.0,1080.0,6.36,1.3263,270.0,E5D5,4,80.0,619.36,1,9
110,sybil_29,750.0,1160.0,15.0152,-5.9411,270.0,E5D5,5,80.0,687.46,1,9
110,sybil_3,1130.0,360.0,14.9724,-1.6097,180.0,F3F2,3,80.0,687.62,1,1
110,sybil_30,830.0,1080.0,16.1696,-6.7061,270.0,E5D5,4,80.0,650.36,1,10
110,sybil_31,670.0,1080.0,0.0,-13.9376,270.0,E5D5,4,80.0,619.36,1,10
110,sybil_32,750.0,1160.0,7.7516,1.8246,96.94,A4B4,5,80.0,687.46,1,10
110,sybil_33,230.0,840.0,10.1065,-3.451,180.0,A5A4,4,80.0,589.02,1,11
110,sybil_34,70.0,840.0,9.6638,5.8588,180.0,A5A4,2,80.0,687.62,1,11
110,sybil_35,150.0,920.0,27.3588,22.7673,180.0,A5A4,5,80.0,663.14,1,11
110,sybil_36,230.0,1080.0,8.9746,-5.2022,180.0,A5A4,2,80.0,703.87,1,12
110,sybil_37,70.0,1080.0,5.4279,-4.0165,181.68,A5A4,2,80.0,793.2,1,12
110,sybil_38,150.0,1160.0,0.0,-18.7658,270.0,B5A5,3,80.0,796.31,1,12
110,sybil_39,230.0,1080.0,19.977,17.8595,270.0,B5A5,2,80.0,703.87,1,13
110,sybil_4,970.0,360.0,6.6831,0.4234,180.0,F3F2,3,80.0,589.02,1,1
110,sybil_5,1050.0,440.0,11.8094,-3.9267,180.0,F3F2,6,80.0,613.13,1,1
110,sybil_6,1130.0,600.0,15.6468,5.5075,180.0,F3F2,1,80.0,651.49,1,2
110,sybil_7,970.0,600.0,15.0146,13.0722,90.0,E3F3,2,80.0,549.81,1,2
111,legit_10,509.7,598.4,11.2736,0.4737,90.0,C3D3,1,59.73,455.36,0,-1
111,legit_11,341.1,-1.6,13.4659,0.4569,90.0,B0C0,0,163.23,747.31,0,-1
111,legit_12,767.68,801.6,10.4165,2.1145,270.0,E4D4,4,42.28,498.88,0,-1
111,legit_13,1001.6,556.3,12.8704,-0.6295,0.0,F2F3,4,65.21,568.11,0,-1
111,legit_14,304.84,398.4,12.8084,-0.6916,90.0,B2C2,0,150.15,543.24,0,-1
111,legit_15,198.4,774.88,10.0244,2.2282,180.0,B4B3,5,81.14,587.75,0,-1
111,legit_16,-1.6,644.02,12.4517,0.3795,180.0,A4A3,1,157.86,708.84,0,-1
111,legit_17,86.58,-1.6,12.638,-0.6548,90.0,A0B0,0,137.14,861.14,0,-1
111,legit_18,225.51,798.4,6.7519,2.3861,90.0,B4C4,5,86.21,579.11,0,-1
111,legit_3,31.45,1001.6,8.9872,-0.6582,270.0,B5A5,2,142.13,779.07,0,-1
111,legit_4,401.6,280.15,13.0984,-0.1123,0.0,C1C2,0,93.38,552.25,0,-1
111,legit_5,198.4,265.57,13.6614,0.2695,180.0,B2B1,1,106.11,642.18,0,-1
111,legit_6,78.3,601.6,13.6609,1.0584,270.0,B3A3,1,71.72,645.23,0,-1
111,legit_7,226.76,201.6,12.2659,0.5304,270.0,C1B1,1,112.03,658.84,0,-1
111,legit_8,619.11,601.6,11.5762,-0.1129,270.0,E3D3,2,130.9,450.98,0,-1
111,legit_9,792.17,998.4,8.4291,-3.0228,90.0,D5E5,3,91.85,590.31,0,-1
111,sybil_12,1130.0,360.0,4.1416,-12.2403,0.0,F1F2,3,80.0,687.62,1,4
111,sybil_13,970.0,360.0,0.0,-17.6013,0.0,F1F2,3,80.0,589.02,1,4
111,sybil_14,1050.0,440.0,19.795,-3.151,0.0,F1F2,6,80.0,613.13,1,4
111,sybil_15,1130.0,120.0,8.5158,8.5158,2.58,F1F2,1,80.0,793.2,1,5
111,sybil_16,970.0,120.0,5.0594,-4.4255,90.0,E3F3,1,80.0,703.87,1,5
111,sybil_17,1050.0,200.0,16.229,9.9548,180.0,E4E3,2,80.0,700.12,1,5
111,sybil_18,830.0,600.0,4.4657,-13.2631,180.0,E4E3,2,80.0,488.83,1,6
111,sybil_19,670.0,600.0,18.2303,-14.4623,180.0,E4E3,2,80.0,453.52,1,6
111,sybil_20,750.0,680.0,0.0,-8.0861,90.0,D4E4,3,80.0,470.85,1,6
111,sybil_21,830.0,840.0,10.6886,-20.4296,90.0,D4E4,2,80.0,529.96,1,7
111,sybil_22,670.0,840.0,15.1779,-0.2384,90.0,D4E4,3,80.0,495.78,1,7
111,sybil_23,750.0,920.0,13.4043,-0.0037,90.0,D4E4,4,80.0,540.23,1,7
111,sybil_24,530.0,840.0,4.8525,-4.1512,180.0,D5D4,2,80.0,495.78,1,8
111,sybil_25,370.0,840.0,9.1048,5.5757,180.0,D5D4,3,80.0,529.96,1,8
111,sybil_26,450.0,920.0,20.4407,18.6425,180.0,D5D4,2,80.0,540.23,1,8
111,sybil_27,530.0,1080.0,0.0,-16.0786,188.47,D5D4,2,80.0,619.36,1,9
111,sybil_28,370.0,1080.0,11.8133,5.4533,270.0,E5D5,2,80.0,650.36,1,9
111,sybil_29,450.0,1160.0,20.6835,5.6683,270.0,E5D5,2,80.0,687.46,1,9
111,sybil_3,1130.0,360.0,22.9848,8.0125,180.0,F3F2,3,80.0,687.62,1,1
111,sybil_30,830.0,1080.0,23.228,7.0584,270.0,E5D5,2,80.0,650.36,1,10
111,sybil_31,670.0,1080.0,17.7384,17.7384,270.0,E5D5,3,80.0,619.36,1,10
111,sybil_32,750.0,1160.0,22.3705,14.6189,90.0,A4B4,2,80.0,687.46,1,10
111,sybil_33,230.0,840.0,8.595,-1.5115,180.0,A5A4,6,80.0,589.02,1,11
111,sybil_34,70.0,840.0,7.6277,-2.0361,180.0,A5A4,4,80.0,687.62,1,11
111,sybil_35,150.0,920.0,19.5198,-7.839,180.0,A5A4,7,80.0,663.14,1,11
111,sybil_36,230.0,840.0,33.839,24.8644,180.0,A5A4,6,80.0,589.02,1,12
111,sybil_37,70.0,840.0,13.0622,7.6343,180.0,A5A4,4,80.0,687.62,1,12
111,sybil_38,150.0,920.0,0.0,0.0,257.88,:A5_0,7,80.0,663.14,1,12
111,sybil_39,230.0,1080.0,12.4895,-7.4876,270.0,B5A5,1,80.0,703.87,1,13
111,sybil_4,970.0,360.0,25.4926,18.8095,180.0,F3F2,3,80.0,589.02,1,1
111,sybil_5,1050.0,440.0,28.8378,17.0283,180.0,F3F2,6,80.0,613.13,1,1
111,sybil_6,1130.0,600.0,10.2899,-5.3569,180.0,F3F2,1,80.0,651.49,1,2
111,sybil_7,970.0,600.0,5.2224,-9.7922,102.59,:F3_6,2,80.0,549.81,1,2
112,legit_10,521.19,598.4,11.482,0.2084,90.0,C3D3,2,71.2,454.26,0,-1
112,legit_11,354.4,-1.6,13.2908,-0.1751,90.0,B0C0,0,154.68,743.26,0,-1
112,legit_12,754.82,801.6,12.863,2.4465,270.0,E4D4,4,38.7,495.76,0,-1
112,legit_13,1001.6,569.32,13.0193,0.1489,0.0,F2F3,4,57.3,567.26,0,-1
112,legit_14,317.65,398.4,12.8029,-0.0054,90.0,B2C2,1,137.81,537.93,0,-1
112,legit_15,198.4,763.32,11.5586,1.5341,180.0,B4B3,5,90.68,585.28,0,-1
112,legit_16,-1.6,632.63,11.3933,-1.0584,180.0,A4A3,1,155.07,708.29,0,-1
112,legit_17,100.25,-1.6,13.6684,1.0304,90.0,A0B0,0,131.38,853.24,0,-1
112,legit_18,234.7,798.4,9.1816,2.4297,90.0,B4C4,6,94.36,574.51,0,-1
112,legit_3,24.17,1001.6,7.2825,-1.7047,270.0,B5A5,2,148.26,784.33,0,-1
112,legit_4,401.6,293.21,13.0625,-0.0359,0.0,C1C2,1,82.48,546.27,0,-1
112,legit_5,198.4,252.6,12.9718,-0.6896,180.0,B2B1,1,117.8,648.09,0,-1
112,legit_6,64.63,601.6,13.664,0.0031,270.0,B3A3,1,85.38,655.57,0,-1
112,legit_7,215.94,201.6,10.8183,-1.4475,270.0,C1B1,1,104.91,664.07,0,-1
112,legit_8,610.99,601.6,8.1148,-3.4615,270.0,E3D3,2,139.02,450.84,0,-1
112,legit_9,796.72,997.17,4.8227,-3.6065,104.62,:E5_6,2,95.1,590.88,0,-1
112,sybil_12,1130.0,360.0,11.0726,6.931,0.0,F1F2,2,80.0,687.62,1,4
112,sybil_13,970.0,360.0,27.3792,27.3792,0.0,F1F2,3,80.0,589.02,1,4
112,sybil_14,1050.0,440.0,0.0,-19.795,0.0,F1F2,5,80.0,613.13,1,4
112,sybil_15,1130.0,120.0,10.7089,2.1931,0.0,F1F2,1,80.0,793.2,1,5
112,sybil_16,970.0,120.0,17.2366,12.1772,90.0,E3F3,1,80.0,703.87,1,5
112,sybil_17,1050.0,200.0,12.1949,-4.034,179.25,:E3_2,2,80.0,700.12,1,5
112,sybil_18,830.0,600.0,21.22,16.7543,180.0,E4E3,2,80.0,488.83,1,6
112,sybil_19,670.0,600.0,19.2594,1.0291,180.0,E4E3,3,80.0,453.52,1,6
112,sybil_20,750.0,680.0,0.0,0.0,93.86,:E4_12,3,80.0,470.85,1,6
112,sybil_21,830.0,840.0,0.2119,-10.4767,90.0,D4E4,2,80.0,529.96,1,7
112,sybil_22,670.0,840.0,10.8998,-4.2781,90.0,D4E4,3,80.0,495.78,1,7
112,sybil_23,750.0,920.0,17.4875,4.0832,90.0,D4E4,4,80.0,540.23,1,7
112,sybil_24,530.0,840.0,27.4199,22.5675,180.0,D5D4,2,80.0,495.78,1,8
112,sybil_25,370.0,840.0,6.466,-2.6388,180.0,D5D4,4,80.0,529.96,1,8
112,sybil_26,450.0,920.0,16.2173,-4.2234,180.0,D5D4,2,80.0,540.23,1,8
112,sybil_27,530.0,1080.0,2.5558,2.5558,180.0,D5D4,2,80.0,619.36,1,9
112,sybil_28,370.0,1080.0,5.1096,-6.7037,267.61,:D5_1,2,80.0,650.36,1,9
112,sybil_29,450.0,1160.0,0.0,-20.6835,270.0,E5D5,2,80.0,687.46,1,9
112,sybil_30,830.0,1080.0,4.2879,-18.9401,270.0,E5D5,2,80.0,650.36,1,10
112,sybil_31,670.0,1080.0,6.341,-11.3974,270.0,E5D5,2,80.0,619.36,1,10
112,sybil_32,750.0,1160.0,5.7497,-16.6208,90.0,A4B4,2,80.0,687.46,1,10
112,sybil_33,230.0,840.0,6.0064,-2.5886,180.0,A5A4,6,80.0,589.02,1,11
112,sybil_34,70.0,840.0,0.0,-7.6277,180.0,A5A4,4,80.0,687.62,1,11
112,sybil_35,150.0,920.0,13.4956,-6.0241,180.0,A5A4,7,80.0,663.14,1,11
112,sybil_36,230.0,840.0,6.1357,-27.7033,180.0,A5A4,6,80.0,589.02,1,12
112,sybil_37,70.0,840.0,1.5044,-11.5578,180.0,A5A4,4,80.0,687.62,1,12
112,sybil_38,150.0,920.0,3.6774,3.6774,191.85,A5A4,7,80.0,663.14,1,12
112,sybil_39,230.0,1080.0,3.2203,-9.2691,270.0,B5A5,1,80.0,703.87,1,13
112,sybil_4,970.0,360.0,16.4576,-9.0351,180.0,F3F2,3,80.0,589.02,1,1
112,sybil_5,1050.0,440.0,29.6595,0.8217,180.0,F3F2,5,80.0,613.13,1,1
112,sybil_6,1130.0,600.0,17.7685,7.4787,180.0,F3F2,1,80.0,651.49,1,2
112,sybil_7,970.0,600.0,16.1573,10.9349,162.81,F3F2,2,80.0,549.81,1,2
113,legit_10,532.2,598.4,11.0089,-0.4731,90.0,C3D3,2,82.21,453.36,0,-1
113,legit_11,367.12,-1.6,12.7276,-0.5632,90.0,B0C0,0,147.16,739.56,0,-1
113,legit_12,741.1,801.6,13.7207,0.8577,270.0,E4D4,4,39.42,492.86,0,-1
113,legit_13,1001.6,583.01,13.6891,0.6698,0.0,F2F3,2,51.29,566.64,0,-1
113,legit_14,330.89,398.4,13.2454,0.4425,90.0,B2C2,1,125.15,532.62,0,-1
113,legit_15,198.4,750.67,12.6533,1.0947,180.0,B4B3,3,101.6,582.74,0,-1
113,legit_16,-1.6,621.36,11.2683,-0.125,180.0,A4A3,1,153.1,707.91,0,-1
113,legit_17,113.19,-1.6,12.9402,-0.7282,90.0,A0B0,0,127.05,845.93,0,-1
113,legit_18,245.32,798.4,10.6235,1.4418,90.0,B4C4,4,104.0,569.31,0,-1
113,legit_3,18.98,1001.6,5.1921,-2.0904,270.0,B5A5,0,152.69,788.1,0,-1
113,legit_4,401.6,306.01,12.8013,-0.2612,0.0,C1C2,1,72.51,540.61,0,-1
113,legit_5,198.4,239.7,12.8929,-0.0789,180.0,B2B1,1,129.12,654.12,0,-1
113,legit_6,51.59,601.6,13.0429,-0.6211,270.0,B3A3,1,98.42,665.57,0,-1
113,legit_7,209.46,201.6,6.4781,-4.3403,270.0,C1B1,1,100.97,667.27,0,-1
113,legit_8,600.96,601.6,10.0299,1.9151,270.0,:D3_5,2,149.04,450.78,0,-1
113,legit_9,798.4,992.41,5.2311,0.4085,162.32,E5E4,2,100.08,588.77,0,-1
113,sybil_12,1130.0,360.0,16.9832,5.9105,0.0,F1F2,2,80.0,687.62,1,4
113,sybil_13,970.0,360.0,20.4593,-6.9198,0.0,F1F2,3,80.0,589.02,1,4
113,sybil_14,1050.0,440.0,0.0,0.0,0.0,F1F2,4,80.0,613.13,1,4
113,sybil_15,1130.0,120.0,20.0254,9.3164,0.0,F1F2,1,80.0,793.2,1,5
113,sybil_16,970.0,120.0,0.0,-17.2366,90.0,E3F3,1,80.0,703.87,1,5
113,sybil_17,1050.0,200.0,9.4318,-2.7632,155.96,:E3_16,2,80.0,700.12,1,5
113,sybil_18,830.0,600.0,8.5011,-12.7189,180.0,E4E3,2,80.0,488.83,1,6
113,sybil_19,670.0,600.0,8.0885,-11.1708,180.0,E4E3,3,80.0,453.52,1,6
113,sybil_20,750.0,680.0,10.7542,10.7542,157.32,:E4_12,3,80.0,470.85,1,6
113,sybil_21,830.0,840.0,15.8616,15.6497,90.0,D4E4,2,80.0,529.96,1,7
113,sybil_22,670.0,840.0,23.8849,12.9851,90.0,D4E4,3,80.0,495.78,1,7
113,sybil_23,750.0,920.0,3.9885,-13.499,90.0,D4E4,4,80.0,540.23,1,7
113,sybil_24,530.0,840.0,20.3165,-7.1034,180.0,D5D4,2,80.0,495.78,1,8
113,sybil_25,370.0,840.0,14.7044,8.2384,180.0,D5D4,4,80.0,529.96,1,8
113,sybil_26,450.0,920.0,22.8711,6.6539,180.0,D5D4,2,80.0,540.23,1,8
113,sybil_27,530.0,1080.0,14.0436,11.4878,180.0,D5D4,2,80.0,619.36,1,9
113,sybil_28,370.0,1080.0,7.3079,2.1983,238.08,:D5_9,2,80.0,650.36,1,9
113,sybil_29,450.0,1160.0,12.0266,12.0266,270.0,E5D5,2,80.0,687.46,1,9
113,sybil_30,830.0,1080.0,17.7225,13.4346,270.0,E5D5,2,80.0,650.36,1,10
113,sybil_31,670.0,1080.0,14.2538,7.9128,270.0,E5D5,2,80.0,619.36,1,10
113,sybil_32,750.0,1160.0,6.9986,1.2489,90.0,A4B4,2,80.0,687.46,1,10
113,sybil_33,230.0,840.0,6.3879,0.3815,180.0,A5A4,6,80.0,589.02,1,11
113,sybil_34,70.0,840.0,24.8404,24.8404,180.0,A5A4,3,80.0,687.62,1,11
113,sybil_35,150.0,920.0,15.7266,2.2309,180.0,A5A4,5,80.0,663.14,1,11
113,sybil_36,230.0,840.0,31.8535,25.7178,180.0,A5A4,6,80.0,589.02,1,12
113,sybil_37,70.0,840.0,3.8852,2.3808,180.0,A5A4,3,80.0,687.62,1,12
113,sybil_38,150.0,920.0,9.3756,5.6982,180.0,A5A4,5,80.0,663.14,1,12
113,sybil_39,230.0,1080.0,10.2896,7.0693,269.85,:A5_0,1,80.0,703.87,1,13
113,sybil_4,970.0,360.0,8.9594,-7.4981,180.0,F3F2,3,80.0,589.02,1,1
113,sybil_5,1050.0,440.0,16.2467,-13.4128,180.0,F3F2,4,80.0,613.13,1,1
113,sybil_6,1130.0,600.0,6.2146,-11.5539,180.0,F3F2,1,80.0,651.49,1,2
113,sybil_7,970.0,600.0,0.211,-15.9463,180.0,F3F2,2,80.0,549.81,1,2
114,legit_10,542.94,598.4,10.7469,-0.2619,90.0,C3D3,2,92.96,452.6,0,-1
114,legit_11,380.98,-1.6,13.8606,1.133,90.0,B0C0,0,139.82,735.74,0,-1
114,legit_12,728.15,801.6,12.9551,-0.7656,270.0,E4D4,4,44.18,490.53,0,-1
114,legit_13,1001.6,596.74,13.7322,0.0431,0.0,:F3_3,2,48.51,566.37,0,-1
114,legit_14,343.89,398.4,12.9966,-0.2487,90.0,B2C2,1,112.85,527.6,0,-1
114,legit_15,198.4,737.42,13.2447,0.5914,180.0,B4B3,3,113.42,580.27,0,-1
114,legit_16,-1.6,612.99,8.3702,-2.8981,180.0,A4A3,1,152.16,707.73,0,-1
114,legit_17,126.91,-1.6,13.7245,0.7843,90.0,A0B0,0,123.77,838.37,0,-1
114,legit_18,257.36,798.4,12.0386,1.4151,90.0,B4C4,5,115.14,563.56,0,-1
114,legit_19,601.6,212.3,0.0,0.0,0.0,D1D2,0,174.76,560.51,0,-1
114,legit_3,13.13,1001.6,5.8484,0.6563,270.0,B5A5,0,157.73,792.37,0,-1
114,legit_4,401.6,319.44,13.4356,0.6343,0.0,C1C2,1,63.15,534.9,0,-1
114,legit_5,198.4,226.47,13.2312,0.3383,180.0,B2B1,1,116.96,660.48,0,-1
114,legit_6,37.88,601.6,13.7095,0.6666,270.0,B3A3,1,112.13,676.22,0,-1
114,legit_7,200.86,201.6,8.601,2.123,270.0,:B1_5,1,96.15,671.6,0,-1
114,legit_8,588.88,601.6,12.079,2.0491,270.0,D3C3,2,138.89,450.84,0,-1
114,legit_9,798.4,984.95,7.4561,2.225,180.0,E5E4,3,106.66,584.77,0,-1
114,sybil_12,1130.0,360.0,0.0,-16.9832,0.0,F1F2,4,80.0,687.62,1,4
114,sybil_13,970.0,360.0,15.8768,-4.5826,0.0,F1F2,4,80.0,589.02,1,4
114,sybil_14,1050.0,440.0,2.4517,2.4517,0.0,F1F2,6,80.0,613.13,1,4
114,sybil_15,1130.0,360.0,0.0,-20.0254,0.0,F1F2,4,80.0,687.62,1,5
114,sybil_16,970.0,360.0,6.1653,6.1653,90.0,E3F3,4,80.0,589.02,1,5
114,sybil_17,1050.0,440.0,0.9547,-8.4771,103.3,:E3_16,6,80.0,613.13,1,5
114,sybil_18,830.0,600.0,7.2303,-1.2708,180.0,E4E3,2,80.0,488.83,1,6
114,sybil_19,670.0,600.0,10.4727,2.3841,180.0,E4E3,3,80.0,453.52,1,6
114,sybil_20,750.0,680.0,17.1175,6.3633,180.0,E4E3,3,80.0,470.85,1,6
114,sybil_21,830.0,840.0,8.8375,-7.0241,90.0,D4E4,3,80.0,529.96,1,7
114,sybil_22,670.0,840.0,15.7279,-8.1569,90.0,D4E4,4,80.0,495.78,1,7
114,sybil_23,750.0,920.0,22.7171,18.7286,90.0,D4E4,4,80.0,540.23,1,7
114,sybil_24,530.0,840.0,2.9219,-17.3946,180.0,D5D4,4,80.0,495.78,1,8
114,sybil_25,370.0,840.0,11.4158,-3.2887,180.0,D5D4,6,80.0,529.96,1,8
114,sybil_26,450.0,920.0,23.0,0.1289,180.0,D5D4,5,80.0,540.23,1,8
114,sybil_27,530.0,840.0,11.0539,-2.9897,180.0,D5D4,4,80.0,495.78,1,9
114,sybil_28,370.0,840.0,9.116,1.8081,185.22,D5D4,6,80.0,529.96,1,9
114,sybil_29,450.0,920.0,9.2057,-2.8209,270.0,E5D5,5,80.0,540.23,1,9
114,sybil_30,830.0,1080.0,20.4664,2.7439,270.0,E5D5,2,80.0,650.36,1,10
114,sybil_31,670.0,1080.0,13.4624,-0.7914,270.0,E5D5,1,80.0,619.36,1,10
114,sybil_32,750.0,1160.0,15.4546,8.456,90.0,A4B4,2,80.0,687.46,1,10
114,sybil_33,230.0,840.0,7.3297,0.9418,173.32,:A4_1,7,80.0,589.02,1,11
114,sybil_34,70.0,840.0,0.0,-24.8404,180.0,A5A4,3,80.0,687.62,1,11
114,sybil_35,150.0,920.0,21.9835,6.257,180.0,A5A4,5,80.0,663.14,1,11
114,sybil_36,230.0,840.0,0.0,-31.8535,180.0,A5A4,7,80.0,589.02,1,12
114,sybil_37,70.0,840.0,28.0504,24.1652,180.0,A5A4,3,80.0,687.62,1,12
114,sybil_38,150.0,920.0,18.1112,8.7356,180.0,A5A4,5,80.0,663.14,1,12
114,sybil_39,230.0,1080.0,7.3504,-2.9392,243.95,:A5_0,0,80.0,703.87,1,13
114,sybil_5,1050.0,440.0,8.5805,-7.6662,180.0,F3F2,6,80.0,613.13,1,1
114,sybil_6,1130.0,600.0,4.1639,-2.0507,180.0,F3F2,1,80.0,651.49,1,2
114,sybil_7,970.0,600.0,4.1436,3.9326,180.0,F3F2,2,80.0,549.81,1,2
115,legit_10,554.27,598.4,11.3316,0.5847,90.0,C3D3,2,104.29,451.95,0,-1
115,legit_11,394.26,-1.6,13.2762,-0.5844,90.0,:C0_6,0,133.77,732.29,0,-1
115,legit_12,714.62,801.6,13.529,0.5739,270.0,E4D4,4,52.22,488.45,0,-1
115,legit_13,1001.6,609.57,12.8238,-0.9085,0.0,F3F4,2,49.34,566.45,0,-1
115,legit_14,357.77,398.4,13.8802,0.8835,90.0,B2C2,1,99.91,522.44,0,-1
115,legit_15,198.4,724.69,12.7368,-0.5079,180.0,B4B3,3,125.06,578.07,0,-1
115,legit_16,-1.6,608.48,4.5039,-3.8663,180.0,A4A3,1,151.84,707.67,0,-1
115,legit_17,140.06,-1.6,13.1469,-0.5776,90.0,A0B0,0,122.01,831.32,0,-1
115,legit_18,270.48,798.4,13.1183,1.0797,90.0,B4C4,5,127.46,557.46,0,-1
115,legit_19,601.6,213.74,1.4432,1.4432,0.0,D1D2,0,175.53,559.71,0,-1
115,legit_3,7.25,1001.6,5.8743,0.0259,270.0,B5A5,0,162.86,796.68,0,-1
115,legit_4,401.6,332.6,13.1578,-0.2777,0.0,C1C2,1,55.62,529.55,0,-1
115,legit_5,198.4,213.61,12.8599,-0.3713,180.0,B2B1,1,105.39,666.81,0,-1
115,legit_6,25.16,601.6,12.7201,-0.9894,270.0,B3A3,1,124.85,686.23,0,-1
115,legit_7,190.83,201.6,10.0329,1.4319,270.0,B1A1,1,91.25,676.78,0,-1
115,legit_8,577.35,601.6,11.5399,-0.5391,270.0,D3C3,2,127.36,451.06,0,-1
115,legit_9,798.4,975.21,9.7418,2.2857,180.0,E5E4,3,115.43,579.62,0,-1
115,sybil_12,1130.0,360.0,21.2977,21.2977,0.0,F1F2,4,80.0,687.62,1,4
115,sybil_13,970.0,360.0,4.3226,-11.5542,0.0,F1F2,4,80.0,589.02,1,4
115,sybil_14,1050.0,440.0,12.1964,9.7446,0.0,F1F2,6,80.0,613.13,1,4
115,sybil_15,1130.0,360.0,13.5588,13.5588,0.0,F1F2,4,80.0,687.62,1,5
115,sybil_16,970.0,360.0,13.7406,7.5753,90.0,E3F3,4,80.0,589.02,1,5
115,sybil_17,1050.0,440.0,7.1946,6.24,90.0,E3F3,6,80.0,613.13,1,5
115,sybil_18,830.0,600.0,7.2241,-0.0061,180.0,E4E3,2,80.0,488.83,1,6
115,sybil_19,670.0,600.0,0.0,-10.4727,180.0,E4E3,3,80.0,453.52,1,6
115,sybil_20,750.0,680.0,0.0,-17.1175,180.0,E4E3,3,80.0,470.85,1,6
115,sybil_21,830.0,840.0,12.4781,3.6406,90.0,D4E4,3,80.0,529.96,1,7
115,sybil_22,670.0,840.0,14.3542,-1.3737,90.0,D4E4,4,80.0,495.78,1,7
115,sybil_23,750.0,920.0,17.667,-5.0501,90.0,D4E4,4,80.0,540.23,1,7
115,sybil_24,530.0,840.0,7.9416,5.0196,180.0,D5D4,4,80.0,495.78,1,8
115,sybil_25,370.0,840.0,8.176,-3.2398,180.0,D5D4,6,80.0,529.96,1,8
115,sybil_26,450.0,920.0,18.994,-4.006,180.0,D5D4,5,80.0,540.23,1,8
115,sybil_27,530.0,840.0,1.7926,-9.2613,180.0,D5D4,4,80.0,495.78,1,9
115,sybil_28,370.0,840.0,5.6711,-3.4449,180.0,D5D4,6,80.0,529.96,1,9
115,sybil_29,450.0,920.0,21.9121,12.7064,265.7,:D5_1,5,80.0,540.23,1,9
115,sybil_30,830.0,1080.0,6.1242,-14.3422,270.0,E5D5,2,80.0,650.36,1,10
115,sybil_31,670.0,1080.0,6.2143,-7.2481,270.0,E5D5,1,80.0,619.36,1,10
115,sybil_32,750.0,1160.0,8.3678,-7.0868,90.0,A4B4,2,80.0,687.46,1,10
115,sybil_33,230.0,840.0,2.6743,-4.6554,132.18,:A4_9,7,80.0,589.02,1,11
115,sybil_34,70.0,840.0,7.9302,7.9302,180.0,A5A4,3,80.0,687.62,1,11
115,sybil_35,150.0,920.0,12.6032,-9.3803,180.0,A5A4,5,80.0,663.14,1,11
115,sybil_36,230.0,840.0,13.7851,13.7851,180.0,A5A4,7,80.0,589.02,1,12
115,sybil_37,70.0,840.0,22.5065,-5.5439,180.0,A5A4,3,80.0,687.62,1,12
115,sybil_38,150.0,920.0,19.5348,1.4236,180.0,A5A4,5,80.0,663.14,1,12
115,sybil_39,230.0,1080.0,11.5738,4.2233,190.5,A5A4,0,80.0,703.87,1,13
115,sybil_5,1050.0,440.0,22.9352,14.3547,180.0,F3F2,6,80.0,613.13,1,1
115,sybil_6,1130.0,600.0,11.5553,7.3914,180.0,F3F2,1,80.0,651.49,1,2
115,sybil_7,970.0,600.0,19.7825,15.6389,180.0,F3F2,2,80.0,549.81,1,2
116,legit_10,565.27,598.4,10.9915,-0.3401,90.0,C3D3,2,115.28,451.45,0,-1
116,legit_11,407.25,-1.6,12.9945,-0.2817,90.0,C0D0,0,128.89,729.12,0,-1
116,legit_12,701.26,801.6,13.3611,-0.1679,270.0,E4D4,4,62.05,486.69,0,-1
116,legit_13,1001.6,623.18,13.6142,0.7904,0.0,F3F4,0,53.67,566.88,0,-1
116,legit_14,370.78,398.4,13.0134,-0.8668,90.0,B2C2,1,88.03,517.8,0,-1
116,legit_15,198.4,711.41,13.2748,0.538,180.0,B4B3,3,121.47,575.95,0,-1
116,legit_16,-0.7,605.95,2.8315,-1.6724,169.2,:A3_10,1,150.82,706.93,0,-1
116,legit_17,152.95,-1.6,12.8874,-0.2596,90.0,A0B0,0,121.64,824.6,0,-1
116,legit_18,284.33,798.4,13.8519,0.7336,90.0,B4C4,5,140.62,551.22,0,-1
116,legit_19,601.6,216.67,2.9283,1.4852,0.0,D1D2,0,177.11,558.1,0,-1
116,legit_3,3.25,1001.6,4.0091,-1.8652,270.0,B5A5,0,166.38,799.63,0,-1
116,legit_4,401.6,345.79,13.1892,0.0314,0.0,C1C2,1,50.44,524.49,0,-1
116,legit_6,11.53,601.6,13.6271,0.907,270.0,B3A3,1,138.48,697.07,0,-1
116,legit_7,178.46,201.6,12.3759,2.343,270.0,B1A1,0,86.42,683.35,0,-1
116,legit_8,565.28,601.6,12.0649,0.5251,270.0,D3C3,2,115.29,451.45,0,-1
116,legit_9,798.4,963.58,11.6243,1.8825,180.0,E5E4,3,126.08,573.61,0,-1
116,sybil_12,1130.0,360.0,4.8435,-16.4542,0.0,F1F2,5,80.0,687.62,1,4
116,sybil_13,970.0,360.0,15.2094,10.8868,0.0,F1F2,5,80.0,589.02,1,4
116,sybil_14,1050.0,440.0,21.9191,9.7227,0.0,F1F2,8,80.0,613.13,1,4
116,sybil_15,1130.0,360.0,15.4724,1.9136,0.0,F1F2,5,80.0,687.62,1,5
116,sybil_16,970.0,360.0,7.5422,-6.1984,90.0,E3F3,5,80.0,589.02,1,5
116,sybil_17,1050.0,440.0,6.7745,-0.4202,90.0,E3F3,8,80.0,613.13,1,5
116,sybil_18,830.0,600.0,8.4108,1.1866,140.84,:E3_16,1,80.0,488.83,1,6
116,sybil_19,670.0,600.0,17.8428,17.8428,180.0,E4E3,3,80.0,453.52,1,6
116,sybil_20,750.0,680.0,9.9956,9.9956,180.0,E4E3,3,80.0,470.85,1,6
116,sybil_21,830.0,840.0,33.9948,21.5167,106.57,:E4_12,3,80.0,529.96,1,7
116,sybil_22,670.0,840.0,8.9643,-5.3899,90.0,D4E4,4,80.0,495.78,1,7
116,sybil_23,750.0,920.0,21.7934,4.1264,90.0,D4E4,4,80.0,540.23,1,7
116,sybil_24,530.0,840.0,7.948,0.0065,180.0,D5D4,4,80.0,495.78,1,8
116,sybil_25,370.0,840.0,0.0,-8.176,180.0,D5D4,6,80.0,529.96,1,8
116,sybil_26,450.0,920.0,19.3674,0.3734,180.0,D5D4,5,80.0,540.23,1,8
116,sybil_27,530.0,840.0,5.8795,4.0869,180.0,D5D4,4,80.0,495.78,1,9
116,sybil_28,370.0,840.0,18.8537,13.1826,180.0,D5D4,6,80.0,529.96,1,9
116,sybil_29,450.0,920.0,0.0,-21.9121,222.57,:D5_9,5,80.0,540.23,1,9
116,sybil_30,830.0,1080.0,9.299,3.1748,270.0,E5D5,2,80.0,650.36,1,10
116,sybil_31,670.0,1080.0,23.5147,17.3004,270.0,E5D5,1,80.0,619.36,1,10
116,sybil_32,750.0,1160.0,9.4793,1.1115,90.0,A4B4,2,80.0,687.46,1,10
116,sybil_33,230.0,840.0,14.6142,11.9399,94.62,A4B4,7,80.0,589.02,1,11
116,sybil_34,70.0,840.0,17.8102,9.88,180.0,A5A4,3,80.0,687.62,1,11
116,sybil_35,150.0,920.0,15.0401,2.4369,180.0,A5A4,5,80.0,663.14,1,11
116,sybil_36,230.0,840.0,11.7295,-2.0556,180.0,A5A4,7,80.0,589.02,1,12
116,sybil_37,70.0,840.0,0.7372,-21.7693,180.0,A5A4,3,80.0,687.62,1,12
116,sybil_38,150.0,920.0,0.0,-19.5348,180.0,A5A4,5,80.0,663.14,1,12
116,sybil_39,230.0,1080.0,4.311,-7.2628,180.0,A5A4,0,80.0,703.87,1,13
116,sybil_5,1050.0,440.0,9.071,-13.8642,180.0,F3F2,8,80.0,613.13,1,1
116,sybil_6,1130.0,360.0,16.833,5.2777,180.0,F3F2,5,80.0,687.62,1,2
116,sybil_7,970.0,360.0,5.9474,-13.8351,180.0,F3F2,5,80.0,589.02,1,2
117,legit_10,576.45,598.4,11.1808,0.1893,90.0,C3D3,2,126.46,451.09,0,-1
117,legit_11,421.09,-1.6,13.8386,0.8442,90.0,C0D0,0,124.99,725.98,0,-1
117,legit_12,688.34,801.6,12.9139,-0.4472,270.0,E4D4,4,72.64,485.24,0,-1
117,legit_13,1001.6,636.01,12.8312,-0.783,0.0,F3F4,0,60.33,567.58,0,-1
117,legit_14,382.53,398.4,11.7431,-1.2703,90.0,B2C2,1,77.64,513.78,0,-1
117,legit_15,198.4,698.6,12.8126,-0.4622,180.0,B4B3,3,109.84,574.08,0,-1
117,legit_16,1.25,606.68,2.4942,-0.3373,117.43,:A3_10,0,148.9,705.35,0,-1
117,legit_17,166.67,-1.6,13.7207,0.8334,90.0,A0B0,0,122.74,817.66,0,-1
117,legit_18,297.13,798.4,12.8073,-1.0446,90.0,B4C4,5,152.9,545.63,0,-1
117,legit_19,601.6,221.71,5.0368,2.1084,0.0,D1D2,0,179.91,555.36,0,-1
117,legit_3,-1.35,998.55,6.02,2.0109,230.9,:A5_0,0,171.88,801.62,0,-1
117,legit_4,401.6,359.02,13.2279,0.0387,0.0,C1C2,1,48.41,519.74,0,-1
117,legit_7,166.71,201.6,11.7441,-0.6318,270.0,B1A1,0,83.29,689.8,0,-1
117,legit_8,554.32,601.6,10.9625,-1.1024,270.0,D3C3,2,104.33,451.94,0,-1
117,legit_9,798.4,952.47,11.1142,-0.5101,180.0,E5E4,3,122.44,568.0,0,-1
117,sybil_12,1130.0,360.0,3.4779,-1.3656,0.0,F1F2,4,80.0,687.62,1,4
117,sybil_13,970.0,360.0,13.2325,-1.9769,0.0,F1F2,4,80.0,589.02,1,4
117,sybil_14,1050.0,440.0,19.6476,-2.2714,0.0,F1F2,7,80.0,613.13,1,4
117,sybil_15,1130.0,360.0,32.0431,16.5708,0.0,F1F2,4,80.0,687.62,1,5
117,sybil_16,970.0,360.0,13.8449,6.3028,90.0,E3F3,4,80.0,589.02,1,5
117,sybil_17,1050.0,440.0,24.7852,18.0107,90.0,E3F3,7,80.0,613.13,1,5
117,sybil_18,830.0,600.0,5.8566,-2.5542,92.19,E3F3,1,80.0,488.83,1,6
117,sybil_19,670.0,600.0,24.4182,6.5753,180.0,E4E3,3,80.0,453.52,1,6
117,sybil_20,750.0,680.0,5.5357,-4.4599,180.0,E4E3,3,80.0,470.85,1,6
117,sybil_21,830.0,840.0,2.0754,-31.9194,168.63,E4E3,3,80.0,529.96,1,7
117,sybil_22,670.0,840.0,18.0664,9.1021,90.0,D4E4,4,80.0,495.78,1,7
117,sybil_23,750.0,920.0,11.7932,-10.0003,90.0,D4E4,4,80.0,540.23,1,7
117,sybil_24,530.0,840.0,0.2441,-7.7039,180.0,D5D4,4,80.0,495.78,1,8
117,sybil_25,370.0,840.0,6.9143,6.9143,180.0,D5D4,6,80.0,529.96,1,8
117,sybil_26,450.0,920.0,20.2251,0.8576,180.0,D5D4,5,80.0,540.23,1,8
117,sybil_27,530.0,840.0,0.0,-5.8795,180.0,D5D4,4,80.0,495.78,1,9
117,sybil_28,370.0,840.0,0.6297,-18.224,180.0,D5D4,6,80.0,529.96,1,9
117,sybil_29,450.0,920.0,0.0,0.0,183.24,D5D4,5,80.0,540.23,1,9
117,sybil_30,830.0,1080.0,12.7069,3.4079,270.0,E5D5,2,80.0,650.36,1,10
117,sybil_31,670.0,1080.0,11.55,-11.9646,270.0,E5D5,1,80.0,619.36,1,10
117,sybil_32,750.0,1160.0,13.4812,4.0019,90.0,A4B4,2,80.0,687.46,1,10
117,sybil_33,230.0,840.0,0.0,-14.6142,90.0,A4B4,7,80.0,589.02,1,11
117,sybil_34,70.0,840.0,12.7584,-5.0518,180.0,A5A4,3,80.0,687.62,1,11
117,sybil_35,150.0,920.0,10.4853,-4.5547,180.0,A5A4,5,80.0,663.14,1,11
117,sybil_36,230.0,840.0,15.8968,4.1673,180.0,A5A4,7,80.0,589.02,1,12
117,sybil_37,70.0,840.0,15.0516,14.3144,180.0,A5A4,3,80.0,687.62,1,12
117,sybil_38,150.0,920.0,20.6414,20.6414,180.0,A5A4,5,80.0,663.14,1,12
117,sybil_39,230.0,1080.0,16.6398,12.3288,180.0,A5A4,0,80.0,703.87,1,13
117,sybil_6,1130.0,360.0,28.2393,11.4062,180.0,F3F2,4,80.0,687.62,1,2
117,sybil_7,970.0,360.0,0.0,-5.9474,180.0,F3F2,4,80.0,589.02,1,2
118,legit_10,585.93,598.4,9.4877,-1.6931,90.0,C3D3,2,135.94,450.89,0,-1
118,legit_11,433.8,-1.6,12.7062,-1.1324,90.0,C0D0,0,122.67,723.31,0,-1
118,legit_12,674.46,801.6,13.8851,0.9712,270.0,E4D4,5,84.74,483.93,0,-1
118,legit_13,1001.6,648.7,12.6828,-0.1483,0.0,F3F4,0,68.66,568.51,0,-1
118,legit_14,389.77,398.4,7.2431,-4.5,90.0,B2C2,1,71.43,511.39,0,-1
118,legit_15,198.4,685.48,13.1248,0.3122,180.0,B4B3,0,98.23,572.35,0,-1
118,legit_16,1.6,608.57,1.997,-0.4972,49.55,A3A4,0,148.65,705.09,0,-1
118,legit_17,179.66,-1.6,12.992,-0.7288,90.0,A0B0,0,125.17,811.29,0,-1
118,legit_18,309.76,798.4,12.6225,-0.1848,90.0,B4C4,4,146.28,540.29,0,-1
118,legit_19,601.6,229.04,7.3312,2.2944,0.0,D1D2,0,184.15,551.42,0,-1
118,legit_3,-1.6,992.29,6.271,0.251,180.8,A5A4,0,175.14,798.94,0,-1
118,legit_4,401.6,371.65,12.6275,-0.6004,0.0,C1C2,1,49.78,515.54,0,-1
118,legit_7,154.21,201.6,12.5049,0.7608,270.0,B1A1,0,81.71,696.89,0,-1
118,legit_8,542.35,601.6,11.9648,1.0023,270.0,D3C3,2,92.37,452.64,0,-1
118,legit_9,798.4,940.76,11.7096,0.5954,180.0,E5E4,3,111.78,562.21,0,-1
118,sybil_12,1130.0,360.0,7.2364,3.7584,0.0,F1F2,4,80.0,687.62,1,4
118,sybil_13,970.0,360.0,19.5659,6.3333,0.0,F1F2,4,80.0,589.02,1,4
118,sybil_14,1050.0,440.0,19.4156,-0.232,0.0,F1F2,7,80.0,613.13,1,4
118,sybil_15,1130.0,360.0,18.2281,-13.815,0.0,F1F2,4,80.0,687.62,1,5
118,sybil_16,970.0,360.0,3.8435,-10.0015,90.0,E3F3,4,80.0,589.02,1,5
118,sybil_17,1050.0,440.0,19.0886,-5.6966,90.0,E3F3,7,80.0,613.13,1,5
118,sybil_18,830.0,600.0,4.3108,-1.5458,90.0,E3F3,1,80.0,488.83,1,6
118,sybil_19,670.0,600.0,19.9845,-4.4337,180.0,E4E3,3,80.0,453.52,1,6
118,sybil_20,750.0,680.0,5.3399,-0.1958,180.0,E4E3,3,80.0,470.85,1,6
118,sybil_21,830.0,840.0,3.0999,1.0245,180.0,E4E3,2,80.0,529.96,1,7
118,sybil_22,670.0,840.0,0.0,-18.0664,90.0,D4E4,4,80.0,495.78,1,7
118,sybil_23,750.0,920.0,24.1754,12.3822,90.0,D4E4,4,80.0,540.23,1,7
118,sybil_24,530.0,840.0,14.0294,13.7853,203.95,:D4_0,5,80.0,495.78,1,8
118,sybil_25,370.0,840.0,32.1066,25.1923,180.0,D5D4,6,80.0,529.96,1,8
118,sybil_26,450.0,920.0,15.7155,-4.5095,180.0,D5D4,5,80.0,540.23,1,8
118,sybil_27,530.0,840.0,4.7763,4.7763,180.0,D5D4,5,80.0,495.78,1,9
118,sybil_28,370.0,840.0,5.6323,5.0026,180.0,D5D4,6,80.0,529.96,1,9
118,sybil_29,450.0,920.0,7.8808,7.8808,180.0,D5D4,5,80.0,540.23,1,9
118,sybil_30,830.0,1080.0,0.0,-12.7069,263.65,:D5_1,2,80.0,650.36,1,10
118,sybil_31,670.0,1080.0,14.5758,3.0257,270.0,E5D5,1,80.0,619.36,1,10
118,sybil_32,750.0,1160.0,6.3755,-7.1057,90.0,A4B4,2,80.0,687.46,1,10
118,sybil_33,230.0,840.0,22.247,22.247,90.0,A4B4,6,80.0,589.02,1,11
118,sybil_34,70.0,840.0,19.8679,7.1096,180.0,A5A4,3,80.0,687.62,1,11
118,sybil_35,150.0,920.0,7.3136,-3.1718,180.0,A5A4,5,80.0,663.14,1,11
118,sybil_36,230.0,840.0,9.9018,-5.995,180.0,A5A4,6,80.0,589.02,1,12
118,sybil_37,70.0,840.0,11.2619,-3.7897,180.0,A5A4,3,80.0,687.62,1,12
118,sybil_38,150.0,920.0,15.1438,-5.4977,180.0,A5A4,5,80.0,663.14,1,12
118,sybil_39,230.0,1080.0,6.0396,-10.6002,180.0,A5A4,0,80.0,703.87,1,13
118,sybil_6,1130.0,360.0,0.0,-28.2393,180.0,F3F2,4,80.0,687.62,1,2
118,sybil_7,970.0,360.0,10.8014,10.8014,180.0,F3F2,4,80.0,589.02,1,2
119,legit_10,591.33,598.4,5.4006,-4.0871,90.0,C3D3,2,141.34,450.82,0,-1
119,legit_11,446.74,-1.6,12.9363,0.2301,90.0,C0D0,0,121.64,720.81,0,-1
119,legit_12,661.17,801.6,13.2889,-0.5961,270.0,E4D4,4,96.78,482.89,0,-1
119,legit_13,1001.6,662.43,13.7353,1.0525,0.0,F3F4,0,79.0,569.75,0,-1
119,legit_14,399.11,398.4,9.3431,2.1,90.0,:C2_13,1,63.75,508.41,0,-1
119,legit_15,198.4,672.71,12.7675,-0.3573,180.0,B4B3,0,87.34,570.84,0,-1
119,legit_16,1.6,611.93,3.3608,1.3638,1.73,A3A4,0,148.88,705.14,0,-1
119,legit_17,192.55,-1.6,12.8885,-0.1034,90.0,A0B0,0,128.83,805.16,0,-1
119,legit_18,322.96,798.4,13.2052,0.5827,90.0,B4C4,5,133.68,534.89,0,-1
119,legit_19,601.6,238.73,9.6927,2.3615,0.0,D1D2,0,190.05,546.32,0,-1
119,legit_3,-1.6,984.51,7.7891,1.5181,180.0,A5A4,0,179.17,795.43,0,-1
119,legit_4,401.6,384.86,13.2132,0.5856,0.0,C1C2,1,54.41,511.48,0,-1
119,legit_7,142.11,201.6,12.0997,-0.4052,270.0,B1A1,0,81.98,703.98,0,-1
119,legit_8,531.33,601.6,11.0218,-0.9429,270.0,D3C3,2,81.35,453.42,0,-1
119,legit_9,798.4,929.2,11.5602,-0.1494,180.0,E5E4,2,101.49,556.65,0,-1
119,sybil_12,1130.0,360.0,10.1021,2.8657,0.0,F1F2,4,80.0,687.62,1,4
119,sybil_13,970.0,360.0,20.8587,1.2929,0.0,F1F2,4,80.0,589.02,1,4
119,sybil_14,1050.0,440.0,8.9029,-10.5127,0.0,F1F2,7,80.0,613.13,1,4
119,sybil_15,1130.0,360.0,11.9127,-6.3154,0.0,F1F2,4,80.0,687.62,1,5
119,sybil_16,970.0,360.0,3.3663,-0.4772,90.0,E3F3,4,80.0,589.02,1,5
119,sybil_17,1050.0,440.0,8.3435,-10.7451,90.0,E3F3,7,80.0,613.13,1,5
119,sybil_18,830.0,600.0,0.0,-4.3108,90.0,E3F3,1,80.0,488.83,1,6
119,sybil_19,670.0,600.0,12.065,-7.9195,180.0,E4E3,3,80.0,453.52,1,6
119,sybil_20,750.0,680.0,14.126,8.786,180.0,E4E3,2,80.0,470.85,1,6
119,sybil_21,830.0,840.0,5.3834,2.2835,180.0,E4E3,2,80.0,529.96,1,7
119,sybil_22,670.0,840.0,8.4646,8.4646,102.44,:E4_12,4,80.0,495.78,1,7
119,sybil_23,750.0,920.0,14.0103,-10.1651,90.0,D4E4,4,80.0,540.23,1,7
119,sybil_24,530.0,840.0,0.0,-14.0294,259.17,D4C4,5,80.0,495.78,1,8
119,sybil_25,370.0,840.0,9.2748,-22.8318,180.0,D5D4,7,80.0,529.96,1,8
119,sybil_26,450.0,920.0,22.5775,6.862,180.0,D5D4,5,80.0,540.23,1,8
119,sybil_27,530.0,840.0,31.2848,26.5085,180.0,D5D4,5,80.0,495.78,1,9
119,sybil_28,370.0,840.0,8.9196,3.2873,180.0,D5D4,7,80.0,529.96,1,9
119,sybil_29,450.0,920.0,8.638,0.7572,180.0,D5D4,5,80.0,540.23,1,9
119,sybil_30,530.0,1080.0,8.451,8.451,219.67,:D5_9,1,80.0,619.36,1,10
119,sybil_31,370.0,1080.0,20.1389,5.5631,270.0,E5D5,1,80.0,650.36,1,10
119,sybil_32,450.0,1160.0,14.2863,7.9108,90.0,A4B4,2,80.0,687.46,1,10
119,sybil_33,230.0,840.0,18.6557,-3.5913,90.0,A4B4,7,80.0,589.02,1,11
119,sybil_34,70.0,840.0,14.9841,-4.8839,180.0,A5A4,3,80.0,687.62,1,11
119,sybil_35,150.0,920.0,11.3535,4.04,180.0,A5A4,6,80.0,663.14,1,11
119,sybil_36,230.0,840.0,16.1198,6.218,180.0,A5A4,7,80.0,589.02,1,12
119,sybil_37,70.0,840.0,5.9137,-5.3482,180.0,A5A4,3,80.0,687.62,1,12
119,sybil_38,150.0,920.0,14.4936,-0.6502,180.0,A5A4,6,80.0,663.14,1,12
119,sybil_39,230.0,840.0,2.5879,-3.4517,180.0,A5A4,7,80.0,589.02,1,13
119,sybil_6,1130.0,360.0,19.3018,19.3018,180.0,F3F2,4,80.0,687.62,1,2
119,sybil_7,970.0,360.0,4.4425,-6.3589,180.0,F3F2,4,80.0,589.02,1,2
120,legit_10,599.25,598.4,7.9164,2.5158,90.0,:D3_13,2,149.26,450.77,0,-1
120,legit_11,460.2,-1.6,13.4652,0.5288,90.0,C0D0,0,122.03,718.44,0,-1
120,legit_12,648.5,801.6,12.6726,-0.6163,270.0,E4D4,3,108.53,482.1,0,-1
120,legit_13,1001.6,675.24,12.8051,-0.9302,0.0,F3F4,0,89.46,571.12,0,-1
120,legit_14,410.29,398.4,11.1808,1.8377,90.0,C2D2,0,55.24,505.0,0,-1
120,legit_15,198.4,659.91,12.8029,0.0354,180.0,B4B3,0,77.01,569.51,0,-1
120,legit_16,1.6,617.02,5.0862,1.7254,0.0,A3A4,0,149.37,705.23,0,-1
120,legit_17,205.38,-1.6,12.8327,-0.0558,90.0,:B0_6,0,133.62,799.25,0,-1
120,legit_18,336.36,798.4,13.3942,0.189,90.0,B4C4,5,121.02,529.6,0,-1
120,legit_19,601.6,249.76,11.0289,1.3362,0.0,D1D2,0,184.87,540.66,0,-1
120,legit_20,187.7,1001.6,0.0,0.0,270.0,B5A5,2,86.99,680.04,0,-1
120,legit_3,-1.6,974.26,10.2429,2.4538,180.0,A5A4,0,184.83,790.91,0,-1
120,legit_7,130.6,201.6,11.5049,-0.5947,270.0,B1A1,0,83.87,710.93,0,-1
120,legit_8,520.35,601.6,10.9858,-0.0361,270.0,D3C3,2,70.36,454.34,0,-1
120,legit_9,798.4,918.53,10.6719,-0.8883,180.0,E5E4,2,92.25,551.64,0,-1
120,sybil_13,970.0,360.0,8.7319,-12.1268,0.0,F1F2,4,80.0,589.02,1,4
120,sybil_14,1050.0,440.0,2.6021,-6.3008,0.0,F1F2,6,80.0,613.13,1,4
120,sybil_15,1130.0,360.0,4.9242,-6.9885,0.0,F1F2,3,80.0,687.62,1,5
120,sybil_16,970.0,360.0,6.6609,3.2946,90.0,E3F3,4,80.0,589.02,1,5
120,sybil_17,1050.0,440.0,7.1758,-1.1677,90.0,E3F3,6,80.0,613.13,1,5
120,sybil_18,830.0,600.0,11.2144,11.2144,90.0,E3F3,1,80.0,488.83,1,6
120,sybil_19,670.0,600.0,8.5778,-3.4872,159.68,:E3_16,3,80.0,453.52,1,6
120,sybil_20,750.0,680.0,15.626,1.5,180.0,E4E3,2,80.0,470.85,1,6
120,sybil_21,830.0,840.0,10.0841,4.7007,180.0,E4E3,2,80.0,529.96,1,7
120,sybil_22,670.0,840.0,5.295,-3.1695,173.51,E4E3,4,80.0,495.78,1,7
120,sybil_23,750.0,920.0,26.6203,12.61,90.0,D4E4,3,80.0,540.23,1,7
120,sybil_24,530.0,840.0,0.0,0.0,270.0,D4C4,5,80.0,495.78,1,8
120,sybil_25,370.0,840.0,6.4093,-2.8655,182.8,:D4_0,7,80.0,529.96,1,8
120,sybil_26,450.0,920.0,17.032,-5.5455,180.0,D5D4,5,80.0,540.23,1,8
120,sybil_27,530.0,840.0,12.4858,-18.799,180.0,D5D4,5,80.0,495.78,1,9
120,sybil_28,370.0,840.0,7.6064,-1.3132,180.0,D5D4,7,80.0,529.96,1,9
120,sybil_29,450.0,920.0,0.0,-8.638,180.0,D5D4,5,80.0,540.23,1,9
120,sybil_30,530.0,1080.0,20.2391,11.7881,180.22,D5D4,1,80.0,619.36,1,10
120,sybil_31,370.0,1080.0,0.0,-20.1389,270.0,E5D5,1,80.0,650.36,1,10
120,sybil_32,450.0,1160.0,20.4155,6.1292,90.0,A4B4,2,80.0,687.46,1,10
120,sybil_33,230.0,840.0,14.917,-3.7387,90.0,A4B4,7,80.0,589.02,1,11
120,sybil_34,70.0,840.0,0.0,-14.9841,176.47,:A4_1,3,80.0,687.62,1,11
120,sybil_35,150.0,920.0,1.2445,-10.109,180.0,A5A4,7,80.0,663.14,1,11
120,sybil_36,230.0,840.0,5.4698,-10.65,180.0,A5A4,7,80.0,589.02,1,12
120,sybil_37,70.0,840.0,19.6293,13.7156,180.0,A5A4,3,80.0,687.62,1,12
120,sybil_38,150.0,920.0,7.3423,-7.1513,180.0,A5A4,7,80.0,663.14,1,12
120,sybil_39,230.0,840.0,14.4798,11.8919,180.0,A5A4,7,80.0,589.02,1,13
120,sybil_6,1130.0,360.0,4.4501,-14.8517,180.0,F3F2,3,80.0,687.62,1,2
120,sybil_7,970.0,360.0,7.1876,2.7451,180.0,F3F2,4,80.0,589.02,1,2
121,legit_10,608.52,598.4,9.2712,1.3549,90.0,D3E3,2,141.49,450.82,0,-1
121,legit_11,473.66,-1.6,13.4624,-0.0028,90.0,C0D0,0,123.88,716.31,0,-1
121,legit_12,635.52,801.6,12.9797,0.3071,270.0,E4D4,3,120.75,481.49,0,-1
121,legit_13,1001.6,688.82,13.5826,0.7775,0.0,F3F4,0,101.15,572.77,0,-1
121,legit_14,423.02,398.4,12.7266,1.5457,90.0,C2D2,0,46.93,501.35,0,-1
121,legit_15,198.4,646.43,13.4743,0.6714,180.0,B4B3,0,67.07,568.33,0,-1
121,legit_16,1.6,624.15,7.129,2.0428,0.0,A3A4,0,150.35,705.41,0,-1
121,legit_17,218.36,-1.6,12.9795,0.1468,90.0,B0C0,0,139.5,793.45,0,-1
121,legit_18,349.94,798.4,13.586,0.1919,90.0,B4C4,5,108.36,524.43,0,-1
121,legit_19,601.6,262.25,12.4892,1.4603,0.0,D1D2,0,177.7,534.44,0,-1
121,legit_20,185.93,1001.6,1.7673,1.7673,270.0,B5A5,2,86.24,680.97,0,-1
121,legit_3,-1.6,962.68,11.587,1.3442,180.0,A5A4,2,191.7,785.93,0,-1
121,legit_7,119.07,201.6,11.527,0.0221,270.0,B1A1,0,87.26,718.09,0,-1
121,legit_8,508.7,601.6,11.6485,0.6627,270.0,D3C3,1,58.72,455.46,0,-1
121,legit_9,798.4,907.7,10.8253,0.1534,180.0,E5E4,3,83.22,546.69,0,-1
121,sybil_14,1050.0,440.0,5.6321,3.0301,0.0,F1F2,5,80.0,613.13,1,4
121,sybil_15,1130.0,360.0,15.5068,10.5827,0.0,F1F2,3,80.0,687.62,1,5
121,sybil_16,970.0,360.0,5.3273,-1.3336,90.0,E3F3,3,80.0,589.02,1,5
121,sybil_17,1050.0,440.0,3.559,-3.6168,90.0,E3F3,5,80.0,613.13,1,5
121,sybil_18,830.0,600.0,26.791,15.5765,90.0,E3F3,1,80.0,488.83,1,6
121,sybil_19,670.0,600.0,3.6265,-4.9513,103.8,:E3_16,2,80.0,453.52,1,6
121,sybil_20,750.0,680.0,20.1188,4.4928,180.0,E4E3,2,80.0,470.85,1,6
121,sybil_21,830.0,840.0,14.8969,4.8128,180.0,E4E3,2,80.0,529.96,1,7
121,sybil_22,670.0,840.0,13.7329,8.4378,180.0,E4E3,5,80.0,495.78,1,7
121,sybil_23,750.0,920.0,0.0,-26.6203,90.0,D4E4,3,80.0,540.23,1,7
121,sybil_24,530.0,840.0,21.2916,21.2916,270.0,D4C4,5,80.0,495.78,1,8
121,sybil_25,370.0,840.0,0.8554,-5.5539,230.64,:D4_0,7,80.0,529.96,1,8
121,sybil_26,450.0,920.0,12.0094,-5.0226,180.0,D5D4,5,80.0,540.23,1,8
121,sybil_27,530.0,840.0,18.9421,6.4563,180.0,D5D4,5,80.0,495.78,1,9
121,sybil_28,370.0,840.0,16.7981,9.1918,180.0,D5D4,7,80.0,529.96,1,9
121,sybil_29,450.0,920.0,5.1558,5.1558,180.0,D5D4,5,80.0,540.23,1,9
121,sybil_30,530.0,1080.0,17.7552,-2.4838,180.0,D5D4,1,80.0,619.36,1,10
121,sybil_31,370.0,1080.0,10.966,10.966,266.65,:D5_1,1,80.0,650.36,1,10
121,sybil_32,450.0,1160.0,14.5227,-5.8928,90.0,A4B4,2,80.0,687.46,1,10
121,sybil_33,230.0,840.0,7.2418,-7.6752,90.0,A4B4,7,80.0,589.02,1,11
121,sybil_34,70.0,840.0,3.9648,3.9648,142.83,:A4_9,4,80.0,687.62,1,11
121,sybil_35,150.0,920.0,2.1038,0.8593,180.0,A5A4,7,80.0,663.14,1,11
121,sybil_36,230.0,840.0,20.3865,14.9168,180.0,A5A4,7,80.0,589.02,1,12
121,sybil_37,70.0,840.0,14.7666,-4.8627,180.0,A5A4,4,80.0,687.62,1,12
121,sybil_38,150.0,920.0,11.7918,4.4496,180.0,A5A4,7,80.0,663.14,1,12
121,sybil_39,230.0,840.0,14.1169,-0.3629,180.0,A5A4,7,80.0,589.02,1,13
121,sybil_6,1130.0,360.0,5.9194,1.4693,180.0,F3F2,3,80.0,687.62,1,2
121,sybil_7,970.0,360.0,15.1008,7.9132,180.0,F3F2,3,80.0,589.02,1,2
122,legit_10,620.11,598.4,11.5927,2.3215,90.0,D3E3,2,129.9,451.0,0,-1
122,legit_11,486.89,-1.6,13.2286,-0.2338,90.0,C0D0,0,127.07,714.45,0,-1
122,legit_12,622.4,801.6,13.1185,0.1388,270.0,E4D4,3,133.26,481.06,0,-1
122,legit_13,1001.6,702.46,13.6403,0.0577,0.0,F3F4,1,113.32,574.63,0,-1
122,legit_14,435.76,398.4,12.7377,0.0112,90.0,C2D2,0,40.96,498.01,0,-1
122,legit_15,198.4,632.86,13.5681,0.0938,180.0,B4B3,0,58.5,567.38,0,-1
122,legit_16,1.6,632.7,8.5544,1.4254,0.0,A3A4,0,151.96,705.72,0,-1
122,legit_17,231.62,-1.6,13.2529,0.2734,90.0,B0C0,0,146.45,787.71,0,-1
122,legit_18,363.47,798.4,13.5265,-0.0595,90.0,B4C4,7,96.01,519.49,0,-1
122,legit_19,601.6,275.05,12.8046,0.3154,0.0,D1D2,0,170.99,528.28,0,-1
122,legit_20,182.24,1001.6,3.6909,1.9236,270.0,B5A5,2,84.77,682.93,0,-1
122,legit_3,-1.6,949.29,13.3906,1.8036,180.0,A5A4,2,186.88,780.35,0,-1
122,legit_7,107.46,201.6,11.6153,0.0883,270.0,B1A1,0,92.02,725.48,0,-1
122,legit_8,497.57,601.6,11.1303,-0.5183,270.0,D3C3,1,47.59,456.68,0,-1
122,legit_9,798.4,896.16,11.5469,0.7216,180.0,E5E4,3,74.14,541.56,0,-1
122,sybil_14,1050.0,440.0,21.1342,15.502,0.0,F1F2,3,80.0,613.13,1,4
122,sybil_15,1130.0,360.0,23.982,8.4752,0.0,F1F2,2,80.0,687.62,1,5
122,sybil_16,970.0,360.0,25.9336,20.6063,90.0,E3F3,2,80.0,589.02,1,5
122,sybil_17,1050.0,440.0,15.6864,12.1274,90.0,E3F3,3,80.0,613.13,1,5
122,sybil_18,830.0,600.0,32.1261,5.3351,90.0,E3F3,2,80.0,488.83,1,6
122,sybil_19,670.0,600.0,0.0,-3.6265,90.0,E3F3,2,80.0,453.52,1,6
122,sybil_20,750.0,680.0,8.3648,-11.7541,180.0,E4E3,2,80.0,470.85,1,6
122,sybil_21,830.0,840.0,5.5656,-9.3313,180.0,E4E3,2,80.0,529.96,1,7
122,sybil_22,670.0,840.0,7.3624,-6.3705,180.0,E4E3,5,80.0,495.78,1,7
122,sybil_23,750.0,920.0,0.0,0.0,106.38,:E4_12,3,80.0,540.23,1,7
122,sybil_24,530.0,840.0,5.0367,-16.2548,270.0,D4C4,5,80.0,495.78,1,8
122,sybil_25,370.0,840.0,0.0,-0.8554,268.62,D4C4,7,80.0,529.96,1,8
122,sybil_26,450.0,920.0,13.4409,1.4314,180.0,D5D4,6,80.0,540.23,1,8
122,sybil_27,530.0,840.0,8.3143,-10.6278,180.0,D5D4,5,80.0,495.78,1,9
122,sybil_28,370.0,840.0,7.9673,-8.8308,180.0,D5D4,7,80.0,529.96,1,9
122,sybil_29,450.0,920.0,29.8521,24.6963,180.0,D5D4,6,80.0,540.23,1,9
122,sybil_30,530.0,1080.0,14.8544,-2.9008,180.0,D5D4,1,80.0,619.36,1,10
122,sybil_31,370.0,1080.0,4.6292,-6.3368,223.68,:D5_9,1,80.0,650.36,1,10
122,sybil_32,450.0,1160.0,12.8803,-1.6424,90.0,A4B4,2,80.0,687.46,1,10
122,sybil_33,230.0,840.0,12.9315,5.6897,90.0,A4B4,7,80.0,589.02,1,11
122,sybil_34,70.0,840.0,7.9577,3.9929,100.54,A4B4,4,80.0,687.62,1,11
122,sybil_35,150.0,920.0,2.9108,0.8071,180.0,A5A4,7,80.0,663.14,1,11
122,sybil_36,230.0,840.0,23.6766,3.2901,180.0,A5A4,7,80.0,589.02,1,12
122,sybil_37,70.0,840.0,12.7299,-2.0368,180.0,A5A4,4,80.0,687.62,1,12
122,sybil_38,150.0,920.0,13.8514,2.0596,180.0,A5A4,7,80.0,663.14,1,12
122,sybil_39,230.0,840.0,29.2801,15.1632,180.0,A5A4,7,80.0,589.02,1,13
122,sybil_7,970.0,600.0,13.9029,-1.1979,180.0,F3F2,2,80.0,549.81,1,2
123,legit_10,631.85,598.4,11.738,0.1453,90.0,D3E3,3,118.16,451.34,0,-1
123,legit_11,500.43,-1.6,13.541,0.3124,90.0,C0D0,0,131.64,712.78,0,-1
123,legit_12,608.83,801.6,13.5624,0.4439,270.0,E4D4,4,146.29,480.82,0,-1
123,legit_13,1001.6,716.34,13.8753,0.235,0.0,F3F4,0,126.0,576.72,0,-1
123,legit_14,448.44,398.4,12.687,-0.0507,90.0,C2D2,0,38.43,495.03,0,-1
123,legit_15,198.4,619.22,13.646,0.0779,180.0,B4B3,0,52.08,566.72,0,-1
123,legit_16,1.6,643.05,10.3541,1.7997,0.0,A3A4,0,154.52,706.21,0,-1
123,legit_17,245.46,-1.6,13.8437,0.5909,90.0,B0C0,0,154.59,781.92,0,-1
123,legit_18,376.72,798.4,13.2461,-0.2804,90.0,B4C4,6,84.27,514.86,0,-1
123,legit_19,601.6,288.47,13.4185,0.6138,0.0,D1D2,0,164.74,522.05,0,-1
123,legit_20,177.09,1001.6,5.154,1.4631,270.0,B5A5,2,82.95,685.7,0,-1
123,legit_3,-1.6,935.97,13.3193,-0.0712,180.0,A5A4,2,179.42,774.98,0,-1
123,legit_7,95.3,201.6,12.1631,0.5479,270.0,B1A1,0,98.24,733.41,0,-1
123,legit_8,485.39,601.6,12.1753,1.045,270.0,D3C3,1,35.43,458.18,0,-1
123,legit_9,798.4,884.85,11.3024,-0.2444,180.0,E5E4,3,65.99,536.7,0,-1
123,sybil_14,1050.0,440.0,11.6176,-9.5166,0.0,F1F2,4,80.0,613.13,1,4
123,sybil_15,1130.0,360.0,3.4435,-20.5385,0.0,F1F2,2,80.0,687.62,1,5
123,sybil_16,970.0,360.0,33.478,7.5444,90.0,E3F3,3,80.0,589.02,1,5
123,sybil_17,1050.0,440.0,3.8287,-11.8577,90.0,E3F3,4,80.0,613.13,1,5
123,sybil_18,830.0,600.0,8.7816,-23.3445,90.0,E3F3,1,80.0,488.83,1,6
123,sybil_19,670.0,600.0,0.0,0.0,90.0,E3F3,2,80.0,453.52,1,6
123,sybil_20,750.0,680.0,13.3276,4.9629,180.0,E4E3,3,80.0,470.85,1,6
123,sybil_21,830.0,840.0,10.444,4.8783,180.0,E4E3,2,80.0,529.96,1,7
123,sybil_22,670.0,840.0,10.4652,3.1028,180.0,E4E3,6,80.0,495.78,1,7
123,sybil_23,750.0,920.0,14.396,14.396,173.47,E4E3,3,80.0,540.23,1,7
123,sybil_24,530.0,840.0,27.1844,22.1476,270.0,D4C4,7,80.0,495.78,1,8
123,sybil_25,370.0,840.0,7.9585,7.9585,270.0,D4C4,9,80.0,529.96,1,8
123,sybil_26,450.0,920.0,4.8034,-8.6375,180.0,D5D4,9,80.0,540.23,1,8
123,sybil_27,530.0,840.0,22.7528,14.4384,180.0,D5D4,7,80.0,495.78,1,9
123,sybil_28,370.0,840.0,1.0607,-6.9067,180.0,D5D4,9,80.0,529.96,1,9
123,sybil_29,450.0,920.0,10.7563,-19.0957,180.0,D5D4,9,80.0,540.23,1,9
123,sybil_30,530.0,840.0,22.4347,7.5803,180.0,D5D4,7,80.0,495.78,1,10
123,sybil_31,370.0,840.0,7.4019,2.7727,182.98,D5D4,9,80.0,529.96,1,10
123,sybil_32,450.0,920.0,13.9998,1.1195,90.0,A4B4,9,80.0,540.23,1,10
123,sybil_33,230.0,840.0,5.0652,-7.8663,90.0,A4B4,7,80.0,589.02,1,11
123,sybil_34,70.0,840.0,2.697,-5.2607,90.0,A4B4,4,80.0,687.62,1,11
123,sybil_35,150.0,920.0,16.9954,14.0846,176.21,:A4_1,7,80.0,663.14,1,11
123,sybil_36,230.0,840.0,0.0,-23.6766,180.0,A5A4,7,80.0,589.02,1,12
123,sybil_37,70.0,840.0,15.7597,3.0299,180.0,A5A4,4,80.0,687.62,1,12
123,sybil_38,150.0,920.0,18.9408,5.0894,180.0,A5A4,7,80.0,663.14,1,12
123,sybil_39,230.0,840.0,11.1667,-18.1134,180.0,A5A4,7,80.0,589.02,1,13
123,sybil_7,970.0,360.0,1.8727,-12.0302,180.0,F3F2,3,80.0,589.02,1,2
124,legit_10,642.85,598.4,11.0015,-0.7365,90.0,D3E3,2,107.16,451.8,0,-1
124,legit_11,513.45,-1.6,13.0188,-0.5222,90.0,C0D0,0,137.16,711.39,0,-1
124,legit_13,1001.6,729.94,13.6027,-0.2726,0.0,F3F4,2,120.23,578.96,0,-1
124,legit_14,462.0,398.4,13.5566,0.8695,90.0,C2D2,0,40.23,492.27,0,-1
124,legit_15,198.4,606.1,13.1157,-0.5303,180.0,:B3_1,0,48.78,566.4,0,-1
124,legit_16,1.6,655.46,12.4025,2.0484,0.0,A3A4,0,158.42,706.97,0,-1
124,legit_17,258.22,-1.6,12.7584,-1.0854,90.0,B0C0,0,162.78,776.76,0,-1
124,legit_18,385.82,798.4,9.1049,-4.1412,90.0,B4C4,6,76.48,511.8,0,-1
124,legit_19,601.6,301.36,12.8913,-0.5272,0.0,D1D2,0,159.56,516.29,0,-1
124,legit_20,170.05,1001.6,7.0377,1.8837,270.0,B5A5,2,80.92,689.55,0,-1
124,legit_3,-1.6,923.3,12.6624,-0.6569,180.0,A5A4,2,172.98,770.06,0,-1
124,legit_7,84.02,201.6,11.2747,-0.8885,270.0,B1A1,0,104.94,740.92,0,-1
124,legit_8,473.77,601.6,11.6235,-0.5518,270.0,D3C3,0,23.82,459.77,0,-1
124,legit_9,798.4,873.32,11.5343,0.2318,180.0,E5E4,0,58.76,531.93,0,-1
124,sybil_14,1050.0,440.0,20.1385,8.5209,0.0,F1F2,3,80.0,613.13,1,4
124,sybil_15,1130.0,360.0,7.8169,4.3734,0.0,F1F2,2,80.0,687.62,1,5
124,sybil_17,1050.0,440.0,15.5778,11.7491,90.0,E3F3,3,80.0,613.13,1,5
124,sybil_18,1130.0,600.0,20.0623,11.2807,90.0,E3F3,1,80.0,651.49,1,6
124,sybil_19,970.0,600.0,20.8223,20.8223,90.0,E3F3,3,80.0,549.81,1,6
124,sybil_20,1050.0,680.0,12.2021,-1.1255,180.0,E4E3,3,80.0,600.51,1,6
124,sybil_21,830.0,600.0,11.3529,0.909,180.0,E4E3,2,80.0,488.83,1,7
124,sybil_22,670.0,600.0,17.2916,6.8265,180.0,E4E3,2,80.0,453.52,1,7
124,sybil_23,750.0,680.0,0.0,-14.396,180.0,E4E3,3,80.0,470.85,1,7
124,sybil_24,530.0,840.0,15.7689,-11.4154,270.0,D4C4,5,80.0,495.78,1,8
124,sybil_25,370.0,840.0,0.9322,-7.0262,270.0,D4C4,9,80.0,529.96,1,8
124,sybil_26,450.0,920.0,11.9091,7.1057,193.24,:D4_0,9,80.0,540.23,1,8
124,sybil_27,530.0,840.0,15.6065,-7.1463,180.0,D5D4,5,80.0,495.78,1,9
124,sybil_28,370.0,840.0,20.7956,19.7349,180.0,D5D4,9,80.0,529.96,1,9
124,sybil_29,450.0,920.0,3.1633,-7.593,180.0,D5D4,9,80.0,540.23,1,9
124,sybil_30,530.0,840.0,29.1517,6.717,180.0,D5D4,5,80.0,495.78,1,10
124,sybil_31,370.0,840.0,9.6072,2.2053,180.0,D5D4,9,80.0,529.96,1,10
124,sybil_32,450.0,920.0,5.9922,-8.0076,90.0,A4B4,9,80.0,540.23,1,10
124,sybil_33,230.0,840.0,16.8846,11.8194,90.0,A4B4,7,80.0,589.02,1,11
124,sybil_34,70.0,840.0,17.721,15.024,90.0,A4B4,4,80.0,687.62,1,11
124,sybil_35,150.0,920.0,0.0,-16.9954,148.12,:A4_9,7,80.0,663.14,1,11
124,sybil_36,230.0,840.0,14.7326,14.7326,180.0,A5A4,7,80.0,589.02,1,12
124,sybil_37,70.0,840.0,0.0,-15.7597,180.0,A5A4,4,80.0,687.62,1,12
124,sybil_38,150.0,920.0,8.364,-10.5768,180.0,A5A4,7,80.0,663.14,1,12
124,sybil_39,230.0,840.0,16.0087,4.842,180.0,A5A4,7,80.0,589.02,1,13
124,sybil_7,970.0,360.0,14.4067,12.5339,180.0,F3F2,2,80.0,589.02,1,2
125,legit_10,653.92,598.4,11.0676,0.0661,90.0,D3E3,2,96.09,452.4,0,-1
125,legit_11,526.59,-1.6,13.1339,0.115,90.0,C0D0,0,143.71,710.2,0,-1
125,legit_13,1001.6,743.49,13.5553,-0.0474,0.0,F3F4,2,107.96,581.38,0,-1
125,legit_14,475.83,398.4,13.8313,0.2747,90.0,C2D2,0,46.28,489.88,0,-1
125,legit_15,198.4,592.65,13.4513,0.3356,180.0,B3B2,0,48.95,566.41,0,-1
125,legit_16,1.6,666.95,11.4961,-0.9064,0.0,A3A4,0,162.8,707.84,0,-1
125,legit_17,272.03,-1.6,13.808,1.0496,90.0,B0C0,0,172.27,771.37,0,-1
125,legit_18,391.12,798.4,5.2959,-3.809,90.0,B4C4,8,72.1,510.08,0,-1
125,legit_19,601.6,314.13,12.7617,-0.1295,0.0,D1D2,0,155.33,510.83,0,-1
125,legit_20,160.54,1001.6,9.5127,2.475,270.0,B5A5,2,79.1,694.86,0,-1
125,legit_3,-1.6,910.57,12.7377,0.0753,180.0,A5A4,2,167.22,765.28,0,-1
125,legit_7,72.23,201.6,11.7953,0.5207,270.0,B1A1,0,112.73,748.92,0,-1
125,legit_8,462.78,601.6,10.9889,-0.6345,270.0,D3C3,0,12.88,461.42,0,-1
125,legit_9,798.4,861.88,11.4374,-0.0969,180.0,E5E4,0,53.12,527.4,0,-1
125,sybil_15,1130.0,360.0,16.852,9.0351,0.0,F1F2,1,80.0,687.62,1,5
125,sybil_17,1050.0,440.0,21.6235,6.0457,90.0,E3F3,2,80.0,613.13,1,5
125,sybil_18,1130.0,600.0,22.8608,2.7986,90.0,E3F3,1,80.0,651.49,1,6
125,sybil_19,970.0,600.0,11.8031,-9.0192,90.0,E3F3,3,80.0,549.81,1,6
125,sybil_20,1050.0,680.0,11.1706,-1.0315,180.0,E4E3,3,80.0,600.51,1,6
125,sybil_21,830.0,600.0,5.8112,-5.5418,180.0,E4E3,2,80.0,488.83,1,7
125,sybil_22,670.0,600.0,12.7845,-4.5071,180.0,E4E3,2,80.0,453.52,1,7
125,sybil_23,750.0,680.0,16.1383,16.1383,180.0,E4E3,3,80.0,470.85,1,7
125,sybil_24,530.0,840.0,1.7307,-14.0383,270.0,D4C4,5,80.0,495.78,1,8
125,sybil_25,370.0,840.0,11.5149,10.5827,270.0,D4C4,8,80.0,529.96,1,8
125,sybil_26,450.0,920.0,17.1506,5.2415,254.24,D4C4,8,80.0,540.23,1,8
125,sybil_27,530.0,840.0,1.5976,-14.0089,180.0,D5D4,5,80.0,495.78,1,9
125,sybil_28,370.0,840.0,9.5916,-11.204,180.0,D5D4,8,80.0,529.96,1,9
125,sybil_29,450.0,920.0,24.574,21.4106,180.0,D5D4,8,80.0,540.23,1,9
125,sybil_30,530.0,840.0,5.7591,-23.3927,180.0,D5D4,5,80.0,495.78,1,10
125,sybil_31,370.0,840.0,9.6737,0.0664,180.0,D5D4,8,80.0,529.96,1,10
125,sybil_33,230.0,840.0,15.7877,-1.0969,90.0,A4B4,7,80.0,589.02,1,11
125,sybil_34,70.0,840.0,28.9834,11.2625,90.0,A4B4,4,80.0,687.62,1,11
125,sybil_35,150.0,920.0,4.5863,4.5863,104.49,:A4_9,7,80.0,663.14,1,11
125,sybil_36,230.0,840.0,16.4537,1.7211,180.0,A5A4,7,80.0,589.02,1,12
125,sybil_37,70.0,840.0,13.7593,13.7593,180.0,A5A4,4,80.0,687.62,1,12
125,sybil_38,150.0,920.0,24.2332,15.8692,180.0,A5A4,7,80.0,663.14,1,12
125,sybil_39,230.0,840.0,0.0,-16.0087,180.0,A5A4,7,80.0,589.02,1,13
125,sybil_7,970.0,360.0,8.5655,-5.8412,180.0,F3F2,1,80.0,589.02,1,2
126,legit_10,664.88,598.4,10.9618,-0.1058,90.0,D3E3,2,85.13,453.14,0,-1
126,legit_11,539.99,-1.6,13.4077,0.2738,90.0,C0D0,0,151.28,709.19,0,-1
126,legit_13,1001.6,756.43,12.9403,-0.615,0.0,F3F4,1,96.57,583.88,0,-1
126,legit_14,488.97,398.4,13.1415,-0.6898,90.0,C2D2,1,54.71,487.95,0,-1
126,legit_15,198.4,579.21,13.4432,-0.0081,180.0,B3B2,0,52.68,566.78,0,-1
126,legit_16,1.6,678.62,11.6628,0.1668,0.0,A3A4,0,167.94,708.88,0,-1
126,legit_17,285.31,-1.6,13.286,-0.522,90.0,B0C0,0,181.92,766.36,0,-1
126,legit_18,398.84,798.4,7.729,2.4331,90.0,:C4_13,8,65.93,507.62,0,-1
126,legit_19,601.6,327.52,13.3953,0.6336,0.0,D1D2,1,151.91,505.34,0,-1
126,legit_20,148.72,1001.6,11.8163,2.3036,270.0,B5A5,2,78.41,701.66,0,-1
126,legit_21,587.7,1001.6,0.0,0.0,270.0,D5C5,0,158.45,568.4,0,-1
126,legit_3,-1.6,897.27,13.3002,0.5625,180.0,A5A4,2,162.06,760.48,0,-1
126,legit_7,60.24,201.6,11.983,0.1876,270.0,B1A1,0,121.3,757.18,0,-1
126,legit_8,451.45,601.6,11.3239,0.3349,270.0,D3C3,0,2.16,463.29,0,-1
126,legit_9,798.4,850.31,11.5749,0.1375,180.0,E5E4,0,49.49,523.05,0,-1
126,sybil_15,1130.0,360.0,12.2667,-4.5853,0.0,F1F2,1,80.0,687.62,1,5
126,sybil_17,1050.0,440.0,9.3137,-12.3098,90.0,E3F3,2,80.0,613.13,1,5
126,sybil_18,1130.0,600.0,11.9691,-10.8918,90.0,E3F3,1,80.0,651.49,1,6
126,sybil_19,970.0,600.0,15.0061,3.2031,90.0,E3F3,2,80.0,549.81,1,6
126,sybil_20,1050.0,680.0,2.0014,-9.1692,180.0,E4E3,3,80.0,600.51,1,6
126,sybil_21,830.0,600.0,23.2399,17.4287,180.0,E4E3,2,80.0,488.83,1,7
126,sybil_22,670.0,600.0,20.758,7.9735,180.0,E4E3,2,80.0,453.52,1,7
126,sybil_23,750.0,680.0,19.5357,3.3974,180.0,E4E3,3,80.0,470.85,1,7
126,sybil_24,530.0,840.0,9.4475,7.7168,270.0,D4C4,5,80.0,495.78,1,8
126,sybil_25,370.0,840.0,8.3342,-3.1807,270.0,D4C4,8,80.0,529.96,1,8
126,sybil_26,450.0,920.0,2.0284,-15.1222,270.0,D4C4,8,80.0,540.23,1,8
126,sybil_27,530.0,840.0,0.2718,-1.3258,180.0,D5D4,5,80.0,495.78,1,9
126,sybil_28,370.0,840.0,14.665,5.0734,180.0,D5D4,8,80.0,529.96,1,9
126,sybil_29,450.0,920.0,14.5198,-10.0542,180.0,D5D4,8,80.0,540.23,1,9
126,sybil_30,530.0,840.0,2.8084,-2.9506,180.0,D5D4,5,80.0,495.78,1,10
126,sybil_31,370.0,840.0,7.3059,-2.3677,180.0,D5D4,8,80.0,529.96,1,10
126,sybil_33,230.0,840.0,1.7935,-13.9942,90.0,A4B4,7,80.0,589.02,1,11
126,sybil_34,70.0,840.0,12.4525,-16.5309,90.0,A4B4,4,80.0,687.62,1,11
126,sybil_35,150.0,920.0,3.6993,-0.887,90.0,A4B4,7,80.0,663.14,1,11
126,sybil_36,230.0,840.0,5.8642,-10.5895,175.33,:A4_1,7,80.0,589.02,1,12
126,sybil_37,70.0,840.0,16.3583,2.599,180.0,A5A4,4,80.0,687.62,1,12
126,sybil_38,150.0,920.0,11.7368,-12.4965,180.0,A5A4,7,80.0,663.14,1,12
126,sybil_39,230.0,840.0,10.4549,10.4549,180.0,A5A4,7,80.0,589.02,1,13
126,sybil_7,970.0,360.0,13.3906,4.8251,180.0,F3F2,1,80.0,589.02,1,2
127,legit_10,676.43,598.4,11.543,0.5812,90.0,D3E3,2,73.59,454.06,0,-1
127,legit_11,552.7,-1.6,12.7077,-0.7,90.0,C0D0,0,159.17,708.43,0,-1
127,legit_13,1001.6,770.3,13.863,0.9227,0.0,F3F4,2,84.86,586.75,0,-1
127,legit_14,501.78,398.4,12.8049,-0.3367,90.0,C2D2,1,64.46,486.33,0,-1
127,legit_15,198.4,565.72,13.4906,0.0474,180.0,B3B2,0,59.31,567.47,0,-1
127,legit_16,1.6,690.82,12.2042,0.5414,0.0,A3A4,0,173.98,710.15,0,-1
127,legit_17,298.88,-1.6,13.566,0.2801,90.0,B0C0,0,192.23,761.44,0,-1
127,legit_18,408.24,798.4,9.395,1.666,90.0,C4D4,8,58.94,504.75,0,-1
127,legit_19,601.6,339.92,12.4018,-0.9934,0.0,D1D2,1,149.75,500.5,0,-1
127,legit_20,135.69,1001.6,13.0318,1.2155,270.0,B5A5,2,79.7,709.4,0,-1
127,legit_21,585.43,1001.6,2.2655,2.2655,270.0,D5C5,0,156.49,568.43,0,-1
127,legit_3,-1.6,884.46,12.8088,-0.4914,180.0,A5A4,2,157.98,756.06,0,-1
127,legit_7,47.96,201.6,12.2815,0.2986,270.0,B1A1,0,130.65,765.79,0,-1
127,legit_8,439.29,601.6,12.1675,0.8436,270.0,D3C3,0,10.83,466.48,0,-1
127,legit_9,798.4,838.52,11.7836,0.2087,180.0,E5E4,0,48.42,518.9,0,-1
127,sybil_17,1050.0,680.0,20.382,11.0683,90.0,E3F3,4,80.0,600.51,1,5
127,sybil_18,1130.0,600.0,22.4507,10.4816,90.0,E3F3,2,80.0,651.49,1,6
127,sybil_19,970.0,600.0,5.0869,-9.9192,90.0,E3F3,3,80.0,549.81,1,6
127,sybil_20,1050.0,680.0,24.7305,22.729,180.0,E4E3,4,80.0,600.51,1,6
127,sybil_21,830.0,600.0,0.0,-23.2399,180.0,E4E3,2,80.0,488.83,1,7
127,sybil_22,670.0,600.0,23.8806,3.1227,180.0,E4E3,2,80.0,453.52,1,7
127,sybil_23,750.0,680.0,15.5018,-4.0339,180.0,E4E3,3,80.0,470.85,1,7
127,sybil_24,530.0,840.0,4.6956,-4.7519,270.0,D4C4,5,80.0,495.78,1,8
127,sybil_25,370.0,840.0,4.9714,-3.3628,270.0,D4C4,8,80.0,529.96,1,8
127,sybil_26,450.0,920.0,0.0,-2.0284,270.0,D4C4,8,80.0,540.23,1,8
127,sybil_27,530.0,840.0,7.0774,6.8056,192.49,:D4_0,5,80.0,495.78,1,9
127,sybil_28,370.0,840.0,2.6207,-12.0442,180.0,D5D4,8,80.0,529.96,1,9
127,sybil_29,450.0,920.0,16.187,1.6673,180.0,D5D4,8,80.0,540.23,1,9
127,sybil_30,530.0,840.0,7.588,4.7796,180.0,D5D4,5,80.0,495.78,1,10
127,sybil_31,370.0,840.0,18.0482,10.7423,180.0,D5D4,8,80.0,529.96,1,10
127,sybil_33,230.0,840.0,11.5385,9.745,90.0,A4B4,7,80.0,589.02,1,11
127,sybil_34,70.0,840.0,25.058,12.6054,90.0,A4B4,4,80.0,687.62,1,11
127,sybil_35,150.0,920.0,8.9111,5.2118,90.0,A4B4,7,80.0,663.14,1,11
127,sybil_36,230.0,840.0,6.1643,0.3001,136.44,:A4_9,7,80.0,589.02,1,12
127,sybil_37,70.0,840.0,0.0,-16.3583,180.0,A5A4,4,80.0,687.62,1,12
127,sybil_38,150.0,920.0,0.0,-11.7368,180.0,A5A4,7,80.0,663.14,1,12
127,sybil_39,230.0,840.0,10.0572,-0.3978,180.0,A5A4,7,80.0,589.02,1,13
127,sybil_7,970.0,360.0,26.701,13.3104,180.0,F3F2,0,80.0,589.02,1,2
128,legit_10,687.18,598.4,10.7579,-0.785,90.0,D3E3,3,62.84,455.05,0,-1
128,legit_11,566.14,-1.6,13.4419,0.7342,90.0,C0D0,0,168.15,707.83,0,-1
128,legit_13,1001.6,784.01,13.7134,-0.1497,0.0,F3F4,2,74.01,589.81,0,-1
128,legit_14,515.16,398.4,13.3775,0.5726,90.0,C2D2,1,75.63,484.89,0,-1
128,legit_15,198.4,552.74,12.9742,-0.5164,180.0,B3B2,0,67.65,568.39,0,-1
128,legit_16,1.6,702.85,12.0264,-0.1778,0.0,A3A4,0,180.55,711.56,0,-1
128,legit_17,312.62,-1.6,13.7458,0.1797,90.0,B0C0,0,183.46,756.63,0,-1
128,legit_18,419.92,798.4,11.6811,2.2862,90.0,C4D4,8,51.34,501.37,0,-1
128,legit_19,601.6,352.8,12.8724,0.4706,0.0,D1D2,1,148.57,495.71,0,-1
128,legit_20,121.9,1001.6,13.7891,0.7573,270.0,B5A5,2,83.28,717.88,0,-1
128,legit_21,581.42,1001.6,4.0115,1.746,270.0,D5C5,0,153.03,568.5,0,-1
128,legit_3,-1.6,871.72,12.7397,-0.0691,180.0,A5A4,2,154.88,751.84,0,-1
128,legit_7,35.97,201.6,11.989,-0.2925,270.0,B1A1,0,140.22,774.32,0,-1
128,legit_8,427.7,601.6,11.586,-0.5815,270.0,D3C3,0,22.36,469.84,0,-1
128,legit_9,798.4,827.03,11.4915,-0.292,180.0,E5E4,0,50.11,515.12,0,-1
128,sybil_17,1050.0,680.0,9.0566,-11.3255,90.0,E3F3,4,80.0,600.51,1,5
128,sybil_18,1130.0,600.0,16.6284,-5.8223,90.0,E3F3,2,80.0,651.49,1,6
128,sybil_19,970.0,600.0,9.2585,4.1715,90.0,E3F3,3,80.0,549.81,1,6
128,sybil_20,1050.0,680.0,9.1184,-15.612,180.0,E4E3,4,80.0,600.51,1,6
128,sybil_21,830.0,600.0,13.2342,13.2342,180.0,E4E3,3,80.0,488.83,1,7
128,sybil_22,670.0,600.0,0.0,-23.8806,180.0,E4E3,2,80.0,453.52,1,7
128,sybil_23,750.0,680.0,0.0,-15.5018,180.0,E4E3,3,80.0,470.85,1,7
128,sybil_24,530.0,840.0,8.7957,4.1001,270.0,D4C4,5,80.0,495.78,1,8
128,sybil_25,370.0,840.0,8.554,3.5825,270.0,D4C4,8,80.0,529.96,1,8
128,sybil_26,450.0,920.0,9.8786,9.8786,270.0,D4C4,8,80.0,540.23,1,8
128,sybil_27,530.0,840.0,12.6117,5.5343,257.57,D4C4,5,80.0,495.78,1,9
128,sybil_28,370.0,840.0,16.9288,14.308,180.0,D5D4,8,80.0,529.96,1,9
128,sybil_29,450.0,920.0,21.6382,5.4511,180.0,D5D4,8,80.0,540.23,1,9
128,sybil_30,530.0,840.0,11.4425,3.8544,180.0,D5D4,5,80.0,495.78,1,10
128,sybil_31,370.0,840.0,10.3312,-7.717,180.0,D5D4,8,80.0,529.96,1,10
128,sybil_33,230.0,840.0,28.7381,17.1996,90.0,A4B4,7,80.0,589.02,1,11
128,sybil_34,70.0,840.0,0.2699,-24.7881,90.0,A4B4,4,80.0,687.62,1,11
128,sybil_35,150.0,920.0,6.8898,-2.0213,90.0,A4B4,7,80.0,663.14,1,11
128,sybil_36,230.0,840.0,6.0726,-0.0916,95.99,A4B4,7,80.0,589.02,1,12
128,sybil_37,70.0,840.0,6.2188,6.2188,180.0,A5A4,4,80.0,687.62,1,12
128,sybil_38,150.0,920.0,6.9303,6.9303,180.0,A5A4,7,80.0,663.14,1,12
128,sybil_39,230.0,840.0,14.9434,4.8862,180.0,A5A4,7,80.0,589.02,1,13
128,sybil_7,970.0,360.0,26.2393,-0.4617,180.0,F3F2,0,80.0,589.02,1,2
129,legit_10,698.67,598.4,11.4902,0.7322,90.0,D3E3,3,51.35,456.26,0,-1
129,legit_11,579.91,-1.6,13.7633,0.3214,90.0,C0D0,0,177.94,707.42,0,-1
129,legit_13,1001.6,797.18,13.1712,-0.5422,0.0,:F4_3,1,64.62,592.96,0,-1
129,legit_14,528.12,398.4,12.9659,-0.4117,90.0,C2D2,1,87.05,483.71,0,-1
129,legit_15,198.4,539.24,13.5061,0.5319,180.0,B3B2,0,77.68,569.59,0,-1
129,legit_16,1.6,715.27,12.4215,0.3951,0.0,A3A4,3,187.91,713.2,0,-1
129,legit_17,326.31,-1.6,13.6893,-0.0565,90.0,B0C0,0,173.45,752.05,0,-1
129,legit_18,432.76,798.4,12.8348,1.1536,90.0,C4D4,8,45.03,497.93,0,-1
129,legit_19,601.6,365.93,13.1375,0.265,0.0,D1D2,1,148.52,491.08,0,-1
129,legit_20,108.52,1001.6,13.3751,-0.414,270.0,B5A5,2,88.69,726.35,0,-1
129,legit_21,575.15,1001.6,6.2696,2.2581,270.0,D5C5,2,147.68,568.65,0,-1
129,legit_3,-1.6,858.96,12.7621,0.0224,180.0,A5A4,3,152.78,747.8,0,-1
129,legit_7,23.63,201.6,12.343,0.354,270.0,B1A1,0,150.43,783.21,0,-1
129,legit_8,416.51,601.6,11.1899,-0.3961,270.0,D3C3,0,33.53,473.23,0,-1
129,legit_9,798.4,815.8,11.2289,-0.2627,180.0,E5E4,1,54.11,511.68,0,-1
129,sybil_18,1130.0,600.0,4.9397,-11.6888,90.0,E3F3,1,80.0,651.49,1,6
129,sybil_19,970.0,600.0,16.0702,6.8117,90.0,E3F3,2,80.0,549.81,1,6
129,sybil_20,1050.0,680.0,1.4493,-7.6691,180.0,E4E3,3,80.0,600.51,1,6
129,sybil_21,830.0,600.0,1.147,-12.0872,180.0,E4E3,3,80.0,488.83,1,7
129,sybil_22,670.0,600.0,12.0422,12.0422,180.0,E4E3,2,80.0,453.52,1,7
129,sybil_23,750.0,680.0,0.0,0.0,180.0,E4E3,4,80.0,470.85,1,7
129,sybil_24,530.0,840.0,18.2643,9.4687,270.0,D4C4,5,80.0,495.78,1,8
129,sybil_25,370.0,840.0,9.6606,1.1066,270.0,D4C4,8,80.0,529.96,1,8
129,sybil_26,450.0,920.0,12.2747,2.3961,270.0,D4C4,9,80.0,540.23,1,8
129,sybil_27,530.0,840.0,0.0,-12.6117,270.0,D4C4,5,80.0,495.78,1,9
129,sybil_28,370.0,840.0,1.1385,-15.7902,180.0,D5D4,8,80.0,529.96,1,9
129,sybil_29,450.0,920.0,20.5766,-1.0616,180.0,D5D4,9,80.0,540.23,1,9
129,sybil_30,530.0,840.0,19.106,7.6636,180.0,D5D4,5,80.0,495.78,1,10
129,sybil_31,370.0,840.0,16.185,5.8538,180.0,D5D4,8,80.0,529.96,1,10
129,sybil_33,230.0,840.0,15.1226,-13.6154,90.0,A4B4,7,80.0,589.02,1,11
129,sybil_34,70.0,840.0,0.0,-0.2699,90.0,A4B4,5,80.0,687.62,1,11
129,sybil_35,150.0,920.0,18.2016,11.3117,90.0,A4B4,7,80.0,663.14,1,11
129,sybil_36,230.0,840.0,6.5694,0.4967,90.0,A4B4,7,80.0,589.02,1,12
129,sybil_37,70.0,840.0,9.7896,3.5707,175.45,:A4_1,5,80.0,687.62,1,12
129,sybil_38,150.0,920.0,10.0525,3.1221,180.0,A5A4,7,80.0,663.14,1,12
129,sybil_39,230.0,840.0,13.8695,-1.0739,180.0,A5A4,7,80.0,589.02,1,13
130,legit_10,709.44,598.4,10.7611,-0.7291,90.0,D3E3,3,40.6,457.52,0,-1
130,legit_11,593.55,-1.6,13.6491,-0.1142,90.0,:D0_6,0,188.13,707.22,0,-1
130,legit_13,1001.6,810.36,13.1785,0.0073,0.0,F4F5,1,56.75,596.35,0,-1
130,legit_14,541.66,398.4,13.5384,0.5725,90.0,C2D2,1,99.38,482.7,0,-1
130,legit_15,198.4,526.61,12.6288,-0.8773,180.0,B3B2,0,87.92,570.91,0,-1
130,legit_16,1.6,727.34,12.0774,-0.3441,0.0,A3A4,3,186.32,714.97,0,-1
130,legit_17,339.65,-1.6,13.3387,-0.3506,90.0,B0C0,0,164.21,747.77,0,-1
130,legit_18,446.53,798.4,13.7743,0.9395,90.0,C4D4,8,41.74,494.63,0,-1
130,legit_19,601.6,379.28,13.3416,0.2041,0.0,D1D2,1,149.65,486.66,0,-1
130,legit_20,95.88,1001.6,12.6491,-0.726,270.0,B5A5,2,95.27,734.58,0,-1
130,legit_21,566.64,1001.6,8.5175,2.2479,270.0,D5C5,2,140.54,568.93,0,-1
130,legit_3,-1.6,849.0,9.9505,-2.8116,180.0,A5A4,3,151.87,744.79,0,-1
130,legit_7,14.14,201.6,9.4874,-2.8556,270.0,B1A1,0,158.48,790.13,0,-1
130,legit_8,409.78,601.6,6.7345,-4.4555,270.0,D3C3,0,40.25,475.34,0,-1
130,legit_9,798.4,804.76,11.0404,-0.1885,180.0,:E4_1,1,59.87,508.5,0,-1
130,sybil_18,1130.0,600.0,22.158,17.2183,90.0,E3F3,1,80.0,651.49,1,6
130,sybil_19,970.0,600.0,20.5877,4.5175,90.0,E3F3,2,80.0,549.81,1,6
130,sybil_20,1050.0,680.0,0.0,-1.4493,155.06,:E3_16,3,80.0,600.51,1,6
130,sybil_21,830.0,600.0,19.5882,18.4412,180.0,E4E3,3,80.0,488.83,1,7
130,sybil_22,670.0,600.0,14.5601,2.5179,180.0,E4E3,2,80.0,453.52,1,7
130,sybil_23,750.0,680.0,11.3373,11.3373,180.0,E4E3,4,80.0,470.85,1,7
130,sybil_24,530.0,840.0,15.3922,-2.8722,270.0,D4C4,5,80.0,495.78,1,8
130,sybil_25,370.0,840.0,16.5454,6.8849,270.0,D4C4,8,80.0,529.96,1,8
130,sybil_26,450.0,920.0,0.0,-12.2747,270.0,D4C4,9,80.0,540.23,1,8
130,sybil_27,530.0,840.0,12.0507,12.0507,270.0,D4C4,5,80.0,495.78,1,9
130,sybil_28,370.0,840.0,0.0,-1.1385,208.98,:D4_0,8,80.0,529.96,1,9
130,sybil_29,450.0,920.0,8.0753,-12.5012,180.0,D5D4,9,80.0,540.23,1,9
130,sybil_30,530.0,840.0,19.8064,0.7003,180.0,D5D4,5,80.0,495.78,1,10
130,sybil_31,370.0,840.0,23.8436,7.6586,180.0,D5D4,8,80.0,529.96,1,10
130,sybil_33,230.0,840.0,7.7966,-7.326,90.0,A4B4,7,80.0,589.02,1,11
130,sybil_34,70.0,840.0,13.7218,13.7218,90.0,A4B4,5,80.0,687.62,1,11
130,sybil_35,150.0,920.0,16.3648,-1.8368,90.0,A4B4,7,80.0,663.14,1,11
130,sybil_36,230.0,840.0,19.8944,13.3251,90.0,A4B4,7,80.0,589.02,1,12
130,sybil_37,70.0,840.0,5.7239,-4.0657,139.83,:A4_9,5,80.0,687.62,1,12
130,sybil_38,150.0,920.0,14.5363,4.4839,180.0,A5A4,7,80.0,663.14,1,12
130,sybil_39,230.0,840.0,15.3515,1.482,180.0,A5A4,7,80.0,589.02,1,13
131,legit_10,720.91,598.4,11.47,0.7089,90.0,D3E3,3,29.14,459.02,0,-1
131,legit_11,606.24,-1.6,12.6897,-0.9595,90.0,:D0_6,0,188.29,707.22,0,-1
131,legit_13,1001.6,823.54,13.1802,0.0017,0.0,F4F5,0,51.12,600.01,0,-1
131,legit_14,555.47,398.4,13.8092,0.2709,90.0,C2D2,1,112.24,481.89,0,-1
131,legit_15,198.4,513.06,13.5438,0.915,180.0,B3B2,0,99.5,572.53,0,-1
131,legit_16,1.6,739.06,11.7173,-0.3602,0.0,A3A4,3,179.47,716.84,0,-1
131,legit_17,352.49,-1.6,12.8435,-0.4952,90.0,B0C0,0,155.87,743.83,0,-1
131,legit_18,459.55,798.4,13.0214,-0.7528,90.0,C4D4,8,42.68,491.91,0,-1
131,legit_19,601.6,388.65,9.3771,-3.9645,0.0,D1D2,1,151.14,483.71,0,-1
131,legit_20,82.29,1001.6,13.5892,0.9401,270.0,B5A5,2,103.59,743.63,0,-1
131,legit_21,556.05,1001.6,10.5894,2.0718,270.0,D5C5,2,131.88,569.38,0,-1
131,legit_3,-1.6,840.66,8.3443,-1.6061,180.0,A5A4,3,151.6,742.36,0,-1
131,legit_7,8.82,201.6,5.3258,-4.1615,270.0,B1A1,0,163.07,794.04,0,-1
131,legit_8,404.94,601.92,4.8638,-1.8707,273.72,:C3_4,0,45.11,476.88,0,-1
131,legit_9,798.4,793.66,11.101,0.0606,180.0,:E4_1,1,67.01,505.51,0,-1
131,sybil_18,1130.0,600.0,15.843,-6.315,90.0,E3F3,1,80.0,651.49,1,6
131,sybil_19,970.0,600.0,10.4237,-10.164,90.0,E3F3,2,80.0,549.81,1,6
131,sybil_20,1050.0,680.0,0.0,0.0,101.22,E3F3,2,80.0,600.51,1,6
131,sybil_21,830.0,600.0,5.6884,-13.8998,180.0,E4E3,3,80.0,488.83,1,7
131,sybil_22,670.0,600.0,15.6452,1.085,180.0,E4E3,2,80.0,453.52,1,7
131,sybil_23,750.0,680.0,14.3245,2.9872,180.0,E4E3,4,80.0,470.85,1,7
131,sybil_24,530.0,840.0,13.4067,-1.9855,270.0,D4C4,5,80.0,495.78,1,8
131,sybil_25,370.0,840.0,13.0384,-3.5071,270.0,D4C4,8,80.0,529.96,1,8
131,sybil_26,450.0,920.0,12.5954,12.5954,270.0,D4C4,9,80.0,540.23,1,8
131,sybil_27,530.0,840.0,14.5404,2.4897,270.0,D4C4,5,80.0,495.78,1,9
131,sybil_28,370.0,840.0,12.6395,12.6395,265.64,D4C4,8,80.0,529.96,1,9
131,sybil_29,450.0,920.0,4.8553,-3.22,180.0,D5D4,9,80.0,540.23,1,9
131,sybil_30,530.0,840.0,12.1756,-7.6307,180.0,D5D4,5,80.0,495.78,1,10
131,sybil_31,370.0,840.0,9.5238,-14.3198,180.0,D5D4,8,80.0,529.96,1,10
131,sybil_33,230.0,840.0,26.2771,18.4805,90.0,A4B4,7,80.0,589.02,1,11
131,sybil_34,70.0,840.0,15.8374,2.1157,90.0,A4B4,5,80.0,687.62,1,11
131,sybil_35,150.0,920.0,10.6568,-5.708,90.0,A4B4,7,80.0,663.14,1,11
131,sybil_36,230.0,840.0,3.8219,-16.0725,90.0,A4B4,7,80.0,589.02,1,12
131,sybil_37,70.0,840.0,18.0147,12.2908,95.86,A4B4,5,80.0,687.62,1,12
131,sybil_38,150.0,920.0,6.6384,-7.8979,179.25,:A4_1,7,80.0,663.14,1,12
131,sybil_39,230.0,840.0,0.0,-15.3515,180.0,A5A4,7,80.0,589.02,1,13
132,legit_10,732.69,598.4,11.7837,0.3137,90.0,D3E3,4,17.38,460.72,0,-1
132,legit_11,619.58,-1.6,13.3347,0.645,90.0,D0E0,0,178.31,707.41,0,-1
132,legit_13,1001.6,836.71,13.1729,-0.0073,0.0,F4F5,0,48.51,603.99,0,-1
132,legit_14,568.12,398.4,12.6498,-1.1594,90.0,C2D2,1,124.2,481.35,0,-1
132,legit_15,198.4,499.48,13.5804,0.0366,180.0,B3B2,0,111.56,574.35,0,-1
132,legit_16,1.6,750.58,11.5168,-0.2005,0.0,A3A4,3,173.26,718.84,0,-1
132,legit_17,365.73,-1.6,13.2383,0.3948,90.0,B0C0,0,147.94,739.95,0,-1
132,legit_18,472.51,798.4,12.9598,-0.0617,90.0,C4D4,8,47.3,489.58,0,-1
132,legit_19,601.4,394.22,5.5856,-3.7915,357.67,:D2_10,1,152.49,482.02,0,-1
132,legit_20,68.48,1001.6,13.8051,0.2158,270.0,B5A5,2,113.1,753.02,0,-1
132,legit_21,543.42,1001.6,12.6278,2.0384,270.0,D5C5,2,121.96,570.1,0,-1
132,legit_22,612.3,598.4,0.0,0.0,90.0,D3E3,2,137.71,450.86,0,-1
132,legit_3,-1.6,834.11,6.5485,-1.7958,180.0,A5A4,3,151.71,740.51,0,-1
132,legit_7,6.64,201.23,2.2902,-3.0356,265.62,:A1_5,0,164.77,795.82,0,-1
132,legit_8,401.88,605.27,4.7971,-0.0667,316.01,:C3_4,0,48.41,477.9,0,-1
132,legit_9,798.4,782.6,11.0652,-0.0358,180.0,E4E3,1,75.08,502.69,0,-1
132,sybil_19,970.0,600.0,22.2574,11.8337,90.0,E3F3,2,80.0,549.81,1,6
132,sybil_20,1050.0,680.0,14.2207,14.2207,90.0,E3F3,1,80.0,600.51,1,6
132,sybil_21,830.0,600.0,22.8013,17.1129,180.0,E4E3,3,80.0,488.83,1,7
132,sybil_22,670.0,600.0,14.9387,-0.7065,180.0,E4E3,3,80.0,453.52,1,7
132,sybil_23,750.0,680.0,8.2736,-6.0509,180.0,E4E3,4,80.0,470.85,1,7
132,sybil_24,530.0,840.0,13.4835,0.0769,270.0,D4C4,5,80.0,495.78,1,8
132,sybil_25,370.0,840.0,10.7687,-2.2697,270.0,D4C4,8,80.0,529.96,1,8
132,sybil_26,450.0,920.0,21.5772,8.9818,270.0,D4C4,9,80.0,540.23,1,8
132,sybil_27,530.0,840.0,25.135,10.5946,270.0,D4C4,5,80.0,495.78,1,9
132,sybil_28,370.0,840.0,0.0,-12.6395,270.0,D4C4,8,80.0,529.96,1,9
132,sybil_29,450.0,920.0,22.8836,18.0283,180.0,D5D4,9,80.0,540.23,1,9
132,sybil_30,530.0,840.0,14.1323,1.9567,180.0,D5D4,5,80.0,495.78,1,10
132,sybil_31,370.0,840.0,8.8452,-0.6785,180.0,D5D4,8,80.0,529.96,1,10
132,sybil_33,230.0,840.0,18.1879,-8.0893,90.0,A4B4,7,80.0,589.02,1,11
132,sybil_34,70.0,840.0,14.569,-1.2684,90.0,A4B4,5,80.0,687.62,1,11
132,sybil_35,150.0,920.0,8.3107,-2.346,90.0,A4B4,7,80.0,663.14,1,11
132,sybil_36,230.0,840.0,14.7608,10.9389,90.0,A4B4,7,80.0,589.02,1,12
132,sybil_37,70.0,840.0,8.7575,-9.2572,90.0,A4B4,5,80.0,687.62,1,12
132,sybil_38,150.0,920.0,9.6902,3.0518,153.09,:A4_9,7,80.0,663.14,1,12
132,sybil_39,230.0,840.0,16.003,16.003,180.0,A5A4,7,80.0,589.02,1,13
133,legit_10,743.76,598.4,11.0712,-0.7125,90.0,D3E3,4,6.44,462.47,0,-1
133,legit_11,632.7,-1.6,13.1229,-0.2117,90.0,D0E0,0,168.95,707.78,0,-1
133,legit_13,1001.6,850.04,13.3273,0.1544,0.0,F4F5,0,49.43,608.34,0,-1
133,legit_14,580.27,398.4,12.1548,-0.495,90.0,C2D2,1,135.81,481.0,0,-1
133,legit_15,198.4,486.84,12.6413,-0.9391,180.0,B3B2,0,123.07,576.22,0,-1
133,legit_16,1.6,761.92,11.3448,-0.172,0.0,A3A4,3,167.69,720.96,0,-1
133,legit_17,378.37,-1.6,12.6355,-0.6028,90.0,B0C0,0,141.13,736.44,0,-1
133,legit_18,485.63,798.4,13.1149,0.1551,90.0,C4D4,8,54.77,487.55,0,-1
133,legit_19,598.7,399.82,6.4861,0.9005,328.92,:D2_18,1,153.94,480.36,0,-1
133,legit_20,54.67,1001.6,13.807,0.0019,270.0,B5A5,2,123.42,762.6,0,-1
133,legit_21,530.54,1001.6,12.8757,0.248,270.0,D5C5,2,112.4,571.02,0,-1
133,legit_22,613.87,598.4,1.572,1.572,90.0,D3E3,2,136.14,450.88,0,-1
133,legit_3,-1.6,825.43,8.6806,2.1321,180.0,A5A4,3,152.3,738.13,0,-1
133,legit_7,5.76,199.67,2.0284,-0.2618,242.68,:A1_5,0,164.78,797.18,0,-1
133,legit_8,401.6,610.44,5.1904,0.3932,357.15,C3C4,0,49.51,478.08,0,-1
133,legit_9,798.4,771.5,11.1002,0.035,180.0,E4E3,1,83.88,500.03,0,-1
133,sybil_19,970.0,600.0,12.5604,-9.697,90.0,E3F3,2,80.0,549.81,1,6
133,sybil_20,1050.0,680.0,26.711,12.4903,90.0,E3F3,1,80.0,600.51,1,6
133,sybil_21,830.0,600.0,7.6291,-15.1722,176.23,:E3_2,3,80.0,488.83,1,7
133,sybil_22,670.0,600.0,7.5279,-7.4108,180.0,E4E3,3,80.0,453.52,1,7
133,sybil_23,750.0,680.0,9.0053,0.7317,180.0,E4E3,4,80.0,470.85,1,7
133,sybil_24,530.0,840.0,10.1385,-3.345,270.0,D4C4,5,80.0,495.78,1,8
133,sybil_25,370.0,840.0,19.4332,8.6645,270.0,D4C4,7,80.0,529.96,1,8
133,sybil_26,450.0,920.0,9.0875,-12.4896,270.0,D4C4,9,80.0,540.23,1,8
133,sybil_27,530.0,840.0,11.7797,-13.3553,270.0,D4C4,5,80.0,495.78,1,9
133,sybil_28,370.0,840.0,19.0285,19.0285,270.0,D4C4,7,80.0,529.96,1,9
133,sybil_29,450.0,920.0,16.3036,-6.58,212.95,:D4_0,9,80.0,540.23,1,9
133,sybil_30,530.0,840.0,0.4517,-13.6806,180.0,D5D4,5,80.0,495.78,1,10
133,sybil_31,370.0,840.0,13.6458,4.8005,180.0,D5D4,7,80.0,529.96,1,10
133,sybil_34,70.0,840.0,14.204,-0.365,90.0,A4B4,5,80.0,687.62,1,11
133,sybil_35,150.0,920.0,6.6627,-1.648,90.0,A4B4,6,80.0,663.14,1,11
133,sybil_36,230.0,840.0,7.7499,-7.011,90.0,A4B4,6,80.0,589.02,1,12
133,sybil_37,70.0,840.0,5.4742,-3.2833,90.0,A4B4,5,80.0,687.62,1,12
133,sybil_38,150.0,920.0,0.0,-9.6902,95.41,A4B4,6,80.0,663.14,1,12
133,sybil_39,230.0,840.0,3.4053,-12.5977,180.0,A5A4,6,80.0,589.02,1,13
134,legit_10,754.5,598.4,10.7351,-0.3362,90.0,D3E3,4,4.77,464.75,0,-1
134,legit_11,646.33,-1.6,13.6296,0.5066,90.0,D0E0,0,159.79,708.38,0,-1
134,legit_13,1001.6,862.98,12.9395,-0.3878,0.0,F4F5,0,53.58,612.89,0,-1
134,legit_14,588.62,398.4,8.3474,-3.8074,90.0,C2D2,1,143.84,480.85,0,-1
134,legit_15,198.4,473.88,12.9643,0.323,180.0,B3B2,0,123.74,578.31,0,-1
134,legit_16,1.6,773.65,11.723,0.3782,0.0,A3A4,3,162.56,723.3,0,-1
134,legit_17,391.24,-1.6,12.8759,0.2404,90.0,B0C0,0,135.05,733.05,0,-1
134,legit_18,498.62,798.4,12.9909,-0.124,90.0,C4D4,8,63.99,485.83,0,-1
134,legit_19,592.4,401.6,6.6784,0.1923,280.66,D2C2,1,148.35,479.88,0,-1
134,legit_20,40.85,1001.6,13.8275,0.0205,270.0,B5A5,2,134.39,772.36,0,-1
134,legit_21,517.04,1001.6,13.5025,0.6268,270.0,D5C5,2,103.16,572.21,0,-1
134,legit_22,617.96,598.4,4.0898,2.5178,90.0,D3E3,2,132.05,450.96,0,-1
134,legit_3,-1.6,818.47,6.9582,-1.7225,180.0,A5A4,3,153.12,736.29,0,-1
134,legit_7,7.64,198.4,2.4038,0.3753,170.53,A1B1,0,162.52,796.4,0,-1
134,legit_8,401.6,616.96,6.5183,1.3279,0.0,C3C4,0,51.29,478.26,0,-1
134,legit_9,798.4,760.44,11.0565,-0.0437,180.0,E4E3,1,93.12,497.53,0,-1
134,sybil_19,970.0,600.0,2.819,-9.7414,90.0,E3F3,2,80.0,549.81,1,6
134,sybil_20,1050.0,680.0,19.9178,-6.7932,90.0,E3F3,1,80.0,600.51,1,6
134,sybil_21,830.0,600.0,0.0,-7.6291,136.18,:E3_16,3,80.0,488.83,1,7
134,sybil_22,670.0,600.0,21.73,14.2021,180.0,E4E3,3,80.0,453.52,1,7
134,sybil_23,750.0,680.0,21.2975,12.2922,180.0,E4E3,4,80.0,470.85,1,7
134,sybil_24,530.0,840.0,11.6477,1.5092,270.0,D4C4,5,80.0,495.78,1,8
134,sybil_25,370.0,840.0,0.0,-19.4332,270.0,D4C4,7,80.0,529.96,1,8
134,sybil_26,450.0,920.0,21.2003,12.1128,270.0,D4C4,9,80.0,540.23,1,8
134,sybil_27,530.0,840.0,9.2544,-2.5253,270.0,D4C4,5,80.0,495.78,1,9
134,sybil_28,370.0,840.0,6.6655,-12.363,270.0,D4C4,7,80.0,529.96,1,9
134,sybil_29,450.0,920.0,7.9545,-8.3491,266.86,D4C4,9,80.0,540.23,1,9
134,sybil_30,530.0,840.0,14.1042,13.6525,180.0,D5D4,5,80.0,495.78,1,10
134,sybil_31,370.0,840.0,2.3633,-11.2824,180.0,D5D4,7,80.0,529.96,1,10
134,sybil_34,70.0,840.0,13.3171,-0.8869,90.0,A4B4,5,80.0,687.62,1,11
134,sybil_35,150.0,920.0,27.8899,21.2273,90.0,A4B4,6,80.0,663.14,1,11
134,sybil_36,230.0,840.0,0.0,-7.7499,90.0,A4B4,6,80.0,589.02,1,12
134,sybil_37,70.0,840.0,14.566,9.0918,90.0,A4B4,5,80.0,687.62,1,12
134,sybil_38,150.0,920.0,5.4464,5.4464,90.0,A4B4,6,80.0,663.14,1,12
134,sybil_39,230.0,840.0,3.7086,0.3033,175.48,:A4_1,6,80.0,589.02,1,13
135,legit_10,765.51,598.4,11.0118,0.2768,90.0,D3E3,4,15.59,467.85,0,-1
135,legit_11,660.14,-1.6,13.808,0.1784,90.0,D0E0,0,151.2,709.2,0,-1
135,legit_13,1001.6,876.0,13.0195,0.08,0.0,F4F5,0,60.32,617.75,0,-1
135,legit_14,598.61,398.4,9.9899,1.6425,90.0,:D2_13,1,153.49,480.78,0,-1
135,legit_15,198.4,461.2,12.6809,-0.2834,180.0,B3B2,0,112.18,580.52,0,-1
135,legit_16,1.6,785.24,11.5923,-0.1307,0.0,A3A4,3,158.18,725.78,0,-1
135,legit_17,404.11,-1.6,12.8631,-0.0128,90.0,:C0_6,0,129.97,729.87,0,-1
135,legit_18,511.29,798.4,12.6744,-0.3165,90.0,C4D4,8,74.08,484.38,0,-1
135,legit_19,584.08,401.6,8.3198,1.6414,270.0,D2C2,1,140.38,479.99,0,-1
135,legit_20,27.98,1001.6,12.8715,-0.956,270.0,B5A5,2,145.04,781.58,0,-1
135,legit_21,503.42,1001.6,13.6172,0.1147,270.0,D5C5,2,94.87,573.66,0,-1
135,legit_22,624.61,598.4,6.6488,2.5589,90.0,D3E3,3,125.4,451.11,0,-1
135,legit_3,-1.6,812.94,5.5366,-1.4216,180.0,A5A4,3,154.0,734.87,0,-1
135,legit_7,12.63,198.4,4.9923,2.5886,90.0,A1B1,0,158.17,792.73,0,-1
135,legit_8,401.6,625.99,9.0306,2.5123,0.0,C3C4,0,54.94,478.65,0,-1
135,legit_9,798.4,748.64,11.8016,0.745,180.0,E4E3,1,103.39,495.02,0,-1
135,sybil_19,970.0,600.0,11.0701,8.2511,90.0,E3F3,2,80.0,549.81,1,6
135,sybil_20,1050.0,680.0,0.0,-19.9178,90.0,E3F3,1,80.0,600.51,1,6
135,sybil_21,830.0,600.0,8.1541,8.1541,95.14,E3F3,3,80.0,488.83,1,7
135,sybil_22,670.0,600.0,8.3105,-13.4195,180.0,E4E3,3,80.0,453.52,1,7
135,sybil_23,750.0,680.0,0.0,-21.2975,180.0,E4E3,5,80.0,470.85,1,7
135,sybil_24,530.0,840.0,4.9037,-6.7441,270.0,D4C4,5,80.0,495.78,1,8
135,sybil_25,370.0,840.0,14.6725,14.6725,270.0,D4C4,7,80.0,529.96,1,8
135,sybil_26,450.0,920.0,4.5789,-16.6214,270.0,D4C4,9,80.0,540.23,1,8
135,sybil_27,530.0,840.0,15.8067,6.5523,270.0,D4C4,5,80.0,495.78,1,9
135,sybil_28,370.0,840.0,7.7869,1.1215,270.0,D4C4,7,80.0,529.96,1,9
135,sybil_29,450.0,920.0,17.8864,9.9319,270.0,D4C4,9,80.0,540.23,1,9
135,sybil_30,530.0,840.0,0.0,-14.1042,181.87,:D4_0,5,80.0,495.78,1,10
135,sybil_31,370.0,840.0,15.6194,13.256,180.0,D5D4,7,80.0,529.96,1,10
135,sybil_34,70.0,840.0,10.6686,-2.6486,90.0,A4B4,5,80.0,687.62,1,11
135,sybil_35,150.0,920.0,19.3717,-8.5183,90.0,A4B4,6,80.0,663.14,1,11
135,sybil_36,230.0,840.0,14.4932,14.4932,90.0,A4B4,6,80.0,589.02,1,12
135,sybil_37,70.0,840.0,17.2685,2.7025,90.0,A4B4,5,80.0,687.62,1,12
135,sybil_38,150.0,920.0,5.5807,0.1343,90.0,A4B4,6,80.0,663.14,1,12
135,sybil_39,230.0,840.0,1.9539,-1.7547,174.51,:A4_1,6,80.0,589.02,1,13
136,legit_10,776.55,598.4,11.0466,0.0348,90.0,D3E3,5,26.6,471.11,0,-1
136,legit_11,673.11,-1.6,12.9753,-0.8327,90.0,D0E0,0,143.87,710.18,0,-1
136,legit_13,1001.6,889.08,13.0786,0.0591,0.0,F4F5,0,68.93,622.87,0,-1
136,legit_14,610.07,398.4,11.4606,1.4707,90.0,D2E2,1,145.1,480.83,0,-1
136,legit_15,198.4,448.46,12.7395,0.0585,180.0,B3B2,0,100.83,582.91,0,-1
136,legit_16,1.6,797.35,12.1119,0.5196,0.0,:A4_7,3,154.41,728.54,0,-1
136,legit_17,417.73,-1.6,13.6201,0.757,90.0,C0D0,0,125.81,726.72,0,-1
136,legit_18,523.93,798.4,12.6421,-0.0324,90.0,C4D4,4,84.83,483.16,0,-1
136,legit_19,573.61,401.6,10.4677,2.148,270.0,D2C2,1,130.42,480.24,0,-1
136,legit_20,15.02,1001.6,12.9568,0.0853,270.0,B5A5,0,156.1,790.98,0,-1
136,legit_21,490.15,1001.6,13.2766,-0.3406,270.0,D5C5,2,88.08,575.33,0,-1
136,legit_22,632.8,598.4,8.1875,1.5387,90.0,D3E3,3,117.21,451.38,0,-1
136,legit_3,-1.6,811.9,1.0366,-4.5,180.0,A5A4,3,154.18,734.61,0,-1
136,legit_7,19.16,198.4,6.534,1.5417,90.0,A1B1,0,152.53,787.96,0,-1
136,legit_8,401.6,637.09,11.1014,2.0708,0.0,C3C4,0,60.98,479.32,0,-1
136,legit_9,798.4,737.41,11.2319,-0.5697,180.0,E4E3,3,113.44,492.79,0,-1
136,sybil_19,970.0,600.0,20.2519,9.1817,90.0,E3F3,2,80.0,549.81,1,6
136,sybil_20,1050.0,680.0,24.9843,24.9843,90.0,E3F3,1,80.0,600.51,1,6
136,sybil_21,830.0,600.0,9.7314,1.5773,90.0,E3F3,4,80.0,488.83,1,7
136,sybil_22,670.0,600.0,18.1642,9.8537,174.74,:E3_2,3,80.0,453.52,1,7
136,sybil_23,750.0,680.0,11.4603,11.4603,180.0,E4E3,5,80.0,470.85,1,7
136,sybil_25,370.0,840.0,0.0,-14.6725,270.0,D4C4,6,80.0,529.96,1,8
136,sybil_26,450.0,920.0,12.2293,7.6504,270.0,D4C4,8,80.0,540.23,1,8
136,sybil_27,530.0,840.0,21.6172,5.8105,270.0,D4C4,4,80.0,495.78,1,9
136,sybil_28,370.0,840.0,5.4557,-2.3312,270.0,D4C4,6,80.0,529.96,1,9
136,sybil_29,450.0,920.0,7.6799,-10.2065,270.0,D4C4,8,80.0,540.23,1,9
136,sybil_30,530.0,840.0,1.2739,1.2739,229.59,:D4_0,4,80.0,495.78,1,10
136,sybil_31,370.0,840.0,1.3616,-14.2577,180.0,D5D4,6,80.0,529.96,1,10
136,sybil_34,70.0,840.0,17.1773,6.5087,90.0,A4B4,5,80.0,687.62,1,11
136,sybil_35,150.0,920.0,3.724,-15.6477,90.0,A4B4,5,80.0,663.14,1,11
136,sybil_36,230.0,840.0,8.5434,-5.9498,90.0,A4B4,6,80.0,589.02,1,12
136,sybil_37,70.0,840.0,6.3105,-10.9581,90.0,A4B4,5,80.0,687.62,1,12
136,sybil_38,150.0,920.0,12.6488,7.068,90.0,A4B4,5,80.0,663.14,1,12
136,sybil_39,230.0,840.0,5.0189,3.065,173.99,:A4_1,6,80.0,589.02,1,13
137,legit_10,785.79,598.4,9.2411,-1.8055,90.0,D3E3,6,35.83,473.94,0,-1
137,legit_11,686.75,-1.6,13.6378,0.6625,90.0,D0E0,0,137.06,711.41,0,-1
137,legit_13,1001.6,902.45,13.3759,0.2973,0.0,F4F5,0,79.01,628.34,0,-1
137,legit_14,622.95,398.4,12.8815,1.421,90.0,D2E2,1,132.72,481.07,0,-1
137,legit_15,198.4,435.46,12.9935,0.2541,180.0,B3B2,0,89.65,585.53,0,-1
137,legit_16,1.6,808.62,11.2697,-0.8423,0.0,A4A5,3,151.68,731.26,0,-1
137,legit_17,430.95,-1.6,13.2243,-0.3958,90.0,C0D0,0,123.08,723.89,0,-1
137,legit_18,537.42,798.4,13.4899,0.8478,90.0,C4D4,4,96.82,482.08,0,-1
137,legit_19,560.76,401.6,12.8489,2.3812,270.0,D2C2,1,118.32,480.72,0,-1
137,legit_20,4.58,1001.6,10.4427,-2.514,270.0,B5A5,0,165.21,798.65,0,-1
137,legit_21,477.18,1001.6,12.9638,-0.3128,270.0,D5C5,2,82.98,577.22,0,-1
137,legit_22,642.29,598.4,9.4928,1.3053,90.0,D3E3,4,107.72,451.78,0,-1
137,legit_3,-1.6,811.07,0.8317,-0.2049,180.0,A5A4,3,154.34,734.4,0,-1
137,legit_7,27.81,198.4,8.6518,2.1178,90.0,A1B1,0,145.18,781.69,0,-1
137,legit_8,401.6,648.19,11.0926,-0.0088,0.0,C3C4,0,68.3,480.18,0,-1
137,legit_9,798.4,726.17,11.2383,0.0064,180.0,E4E3,4,123.69,490.69,0,-1
137,sybil_20,750.0,680.0,3.8256,-21.1587,90.0,E3F3,6,80.0,470.85,1,6
137,sybil_21,830.0,600.0,4.0914,-5.6401,90.0,E3F3,4,80.0,488.83,1,7
137,sybil_22,670.0,600.0,11.496,-6.6682,135.51,:E3_16,4,80.0,453.52,1,7
137,sybil_23,750.0,680.0,19.8183,8.358,180.0,E4E3,6,80.0,470.85,1,7
137,sybil_25,370.0,840.0,19.1978,19.1978,270.0,D4C4,6,80.0,529.96,1,8
137,sybil_26,450.0,920.0,14.774,2.5447,270.0,D4C4,8,80.0,540.23,1,8
137,sybil_27,530.0,840.0,0.6176,-20.9996,270.0,D4C4,4,80.0,495.78,1,9
137,sybil_28,370.0,840.0,21.3087,15.853,270.0,D4C4,6,80.0,529.96,1,9
137,sybil_29,450.0,920.0,0.0,-7.6799,270.0,D4C4,8,80.0,540.23,1,9
137,sybil_30,530.0,840.0,0.0,-1.2739,268.65,D4C4,4,80.0,495.78,1,10
137,sybil_31,370.0,840.0,18.7112,17.3495,180.0,D5D4,6,80.0,529.96,1,10
137,sybil_34,70.0,840.0,0.3163,-16.861,90.0,A4B4,5,80.0,687.62,1,11
137,sybil_35,150.0,920.0,11.8974,8.1734,90.0,A4B4,5,80.0,663.14,1,11
137,sybil_36,230.0,840.0,22.0776,13.5342,90.0,A4B4,6,80.0,589.02,1,12
137,sybil_37,70.0,840.0,13.4846,7.1741,90.0,A4B4,5,80.0,687.62,1,12
137,sybil_38,150.0,920.0,2.6606,-9.9881,90.0,A4B4,5,80.0,663.14,1,12
137,sybil_39,230.0,840.0,15.7927,10.7738,173.77,:A4_1,6,80.0,589.02,1,13
138,legit_10,791.48,598.4,5.6893,-3.5517,90.0,D3E3,6,41.52,475.74,0,-1
138,legit_11,699.76,-1.6,13.0087,-0.6292,90.0,D0E0,0,131.57,712.81,0,-1
138,legit_13,1001.6,916.13,13.6782,0.3023,0.0,F4F5,0,90.21,634.13,0,-1
138,legit_14,635.74,398.4,12.7842,-0.0973,90.0,D2E2,1,120.54,481.49,0,-1
138,legit_15,198.4,422.63,12.8285,-0.1651,180.0,B3B2,0,79.16,588.3,0,-1
138,legit_16,1.6,820.07,11.4504,0.1807,0.0,A4A5,3,149.73,734.19,0,-1
138,legit_17,444.44,-1.6,13.4902,0.2659,90.0,C0D0,0,121.73,721.24,0,-1
138,legit_18,550.67,798.4,13.2497,-0.2402,90.0,C4D4,2,108.93,481.23,0,-1
138,legit_19,548.18,401.6,12.578,-0.271,270.0,D2C2,1,106.63,481.37,0,-1
138,legit_20,-0.76,999.8,5.9427,-4.5,247.74,:A5_0,0,170.76,801.76,0,-1
138,legit_21,463.89,1001.6,13.2884,0.3246,270.0,D5C5,2,79.62,579.43,0,-1
138,legit_22,653.58,598.4,11.2867,1.7939,90.0,D3E3,4,96.44,452.38,0,-1
138,legit_23,991.7,1.6,0.0,0.0,270.0,F0E0,0,131.98,795.55,0,-1
138,legit_3,-1.6,810.93,0.1414,-0.6902,180.0,A5A4,3,154.36,734.37,0,-1
138,legit_7,39.04,198.4,11.2232,2.5714,90.0,A1B1,0,135.87,773.64,0,-1
138,legit_8,401.6,659.63,11.4402,0.3476,0.0,C3C4,0,76.8,481.25,0,-1
138,legit_9,798.4,714.57,11.5956,0.3573,180.0,E4E3,4,124.38,488.68,0,-1
138,sybil_20,750.0,680.0,0.0,-3.8256,90.0,E3F3,6,80.0,470.85,1,6
138,sybil_21,830.0,600.0,0.0,-4.0914,90.0,E3F3,4,80.0,488.83,1,7
138,sybil_22,670.0,600.0,0.0,-11.496,92.79,E3F3,4,80.0,453.52,1,7
138,sybil_23,750.0,680.0,20.8011,0.9827,180.0,E4E3,6,80.0,470.85,1,7
138,sybil_26,450.0,920.0,10.9782,-3.7958,270.0,D4C4,6,80.0,540.23,1,8
138,sybil_27,530.0,840.0,13.3992,12.7816,270.0,D4C4,4,80.0,495.78,1,9
138,sybil_28,370.0,840.0,10.6774,-10.6313,270.0,D4C4,5,80.0,529.96,1,9
138,sybil_29,450.0,920.0,16.0981,16.0981,270.0,D4C4,6,80.0,540.23,1,9
138,sybil_30,530.0,840.0,23.7205,23.7205,270.0,D4C4,4,80.0,495.78,1,10
138,sybil_31,370.0,840.0,20.7508,2.0396,180.0,D5D4,5,80.0,529.96,1,10
138,sybil_34,70.0,840.0,17.3355,17.0192,90.0,A4B4,5,80.0,687.62,1,11
138,sybil_35,150.0,920.0,20.0518,8.1544,90.0,A4B4,5,80.0,663.14,1,11
138,sybil_36,230.0,840.0,22.7734,0.6958,90.0,A4B4,5,80.0,589.02,1,12
138,sybil_37,70.0,840.0,23.2006,9.7161,90.0,A4B4,5,80.0,687.62,1,12
138,sybil_38,150.0,920.0,4.8626,2.202,90.0,A4B4,5,80.0,663.14,1,12
138,sybil_39,230.0,840.0,14.0189,-1.7738,163.81,:A4_9,5,80.0,589.02,1,13
139,legit_10,792.67,598.4,1.1893,-4.5,90.0,D3E3,5,42.7,476.12,0,-1
139,legit_11,712.68,-1.6,12.9157,-0.093,90.0,D0E0,0,127.2,714.4,0,-1
139,legit_13,1001.6,929.11,12.9765,-0.7017,0.0,F4F5,0,101.4,639.81,0,-1
139,legit_14,649.44,398.4,13.699,0.9148,90.0,D2E2,1,107.65,482.15,0,-1
139,legit_15,198.4,409.95,12.684,-0.1444,180.0,B3B2,0,69.55,591.22,0,-1
139,legit_16,1.6,832.16,12.0906,0.6402,0.0,A4A5,3,148.61,737.45,0,-1
139,legit_17,458.07,-1.6,13.631,0.1408,90.0,C0D0,0,121.87,718.8,0,-1
139,legit_18,563.81,798.4,13.1359,-0.1137,90.0,C4D4,2,121.17,480.59,0,-1
139,legit_19,535.91,401.6,12.2716,-0.3064,270.0,D2C2,1,95.45,482.19,0,-1
139,legit_20,-1.6,994.19,5.7812,-0.1615,185.08,A5A4,0,174.2,799.81,0,-1
139,legit_21,450.11,1001.6,13.7799,0.4915,270.0,D5C5,2,78.4,582.05,0,-1
139,legit_22,666.61,598.4,13.029,1.7423,90.0,D3E3,3,83.41,453.26,0,-1
139,legit_23,989.81,1.6,1.8921,1.8921,270.0,F0E0,0,132.82,794.69,0,-1
139,legit_3,-1.6,808.51,2.4159,2.2744,180.0,A5A4,3,154.84,733.76,0,-1
139,legit_7,50.55,198.4,11.5124,0.2892,90.0,A1B1,0,126.64,765.49,0,-1
139,legit_8,401.6,670.96,11.3291,-0.1111,0.0,C3C4,0,85.89,482.49,0,-1
139,legit_9,798.4,703.62,10.9504,-0.6452,180.0,E4E3,3,114.37,486.92,0,-1
139,sybil_20,1050.0,680.0,0.0,0.0,90.0,E3F3,0,80.0,600.51,1,6
139,sybil_21,830.0,600.0,11.8389,11.8389,90.0,E3F3,3,80.0,488.83,1,7
139,sybil_22,670.0,600.0,8.3816,8.3816,90.0,E3F3,3,80.0,453.52,1,7
139,sybil_23,750.0,680.0,9.1545,-11.6466,176.74,:E3_2,5,80.0,470.85,1,7
139,sybil_26,450.0,920.0,20.6669,9.6887,270.0,D4C4,6,80.0,540.23,1,8
139,sybil_27,530.0,840.0,24.6053,11.2061,270.0,D4C4,4,80.0,495.78,1,9
139,sybil_28,370.0,840.0,23.8441,13.1667,270.0,D4C4,5,80.0,529.96,1,9
139,sybil_29,450.0,920.0,2.3314,-13.7666,270.0,D4C4,6,80.0,540.23,1,9
139,sybil_30,530.0,840.0,6.5212,-17.1993,270.0,D4C4,4,80.0,495.78,1,10
139,sybil_31,370.0,840.0,6.1772,-14.5736,212.31,:D4_0,5,80.0,529.96,1,10
139,sybil_34,70.0,840.0,11.3367,-5.9988,90.0,A4B4,5,80.0,687.62,1,11
139,sybil_35,150.0,920.0,6.286,-13.7659,90.0,A4B4,5,80.0,663.14,1,11
139,sybil_36,230.0,840.0,10.2947,-12.4787,90.0,A4B4,5,80.0,589.02,1,12
139,sybil_37,70.0,840.0,17.2549,-5.9458,90.0,A4B4,5,80.0,687.62,1,12
139,sybil_38,150.0,920.0,19.422,14.5593,90.0,A4B4,5,80.0,663.14,1,12
139,sybil_39,230.0,840.0,0.0,-14.0189,134.63,:A4_9,5,80.0,589.02,1,13
140,legit_10,792.69,598.4,0.0157,-1.1737,90.0,D3E3,5,42.72,476.12,0,-1
140,legit_11,726.44,-1.6,13.7629,0.8472,90.0,D0E0,0,123.86,716.33,0,-1
140,legit_13,1001.6,942.28,13.1736,0.1972,0.0,F4F5,0,113.16,645.74,0,-1
140,legit_14,662.52,398.4,13.0843,-0.6147,90.0,D2E2,1,95.54,482.99,0,-1
140,legit_15,198.4,397.04,12.9072,0.2231,180.0,:B2_1,0,60.95,594.41,0,-1
140,legit_16,1.6,843.44,11.2768,-0.8138,0.0,A4A5,3,148.44,740.65,0,-1
140,legit_17,471.83,-1.6,13.7621,0.1311,90.0,C0D0,0,123.54,716.59,0,-1
140,legit_18,577.48,798.4,13.6711,0.5352,90.0,C4D4,2,134.1,480.13,0,-1
140,legit_19,522.54,401.6,13.3761,1.1045,270.0,D2C2,1,83.62,483.29,0,-1
140,legit_20,-1.6,985.92,8.2743,2.4931,180.0,A5A4,1,178.42,796.06,0,-1
140,legit_21,436.35,1001.6,13.7608,-0.0191,270.0,D5C5,2,79.58,584.98,0,-1
140,legit_22,680.17,598.4,13.5675,0.5385,90.0,D3E3,4,69.84,454.39,0,-1
140,legit_23,985.87,1.6,3.9425,2.0504,270.0,F0E0,0,134.65,792.93,0,-1
140,legit_3,0.11,805.65,3.7659,1.35,157.34,:A4_10,2,153.78,731.71,0,-1
140,legit_7,62.12,198.4,11.566,0.0536,90.0,A1B1,0,117.77,757.42,0,-1
140,legit_8,401.6,682.59,11.6305,0.3014,0.0,C3C4,0,95.72,483.92,0,-1
140,legit_9,798.4,692.12,11.5046,0.5542,180.0,E4E3,3,104.06,485.21,0,-1
140,sybil_20,1050.0,680.0,13.2009,13.2009,90.0,E3F3,0,80.0,600.51,1,6
140,sybil_21,830.0,600.0,9.4996,-2.3393,90.0,E3F3,4,80.0,488.83,1,7
140,sybil_22,670.0,600.0,9.2924,0.9109,90.0,E3F3,3,80.0,453.52,1,7
140,sybil_23,750.0,680.0,2.5357,-6.6188,147.64,:E3_16,5,80.0,470.85,1,7
140,sybil_26,450.0,920.0,16.5504,-4.1166,270.0,D4C4,6,80.0,540.23,1,8
140,sybil_27,530.0,840.0,7.1308,-17.4745,270.0,D4C4,4,80.0,495.78,1,9
140,sybil_28,370.0,840.0,12.8606,-10.9835,270.0,D4C4,5,80.0,529.96,1,9
140,sybil_29,450.0,920.0,13.2119,10.8804,270.0,D4C4,6,80.0,540.23,1,9
140,sybil_30,530.0,840.0,7.8737,1.3525,270.0,D4C4,4,80.0,495.78,1,10
140,sybil_31,370.0,840.0,7.2796,1.1025,267.46,D4C4,5,80.0,529.96,1,10
140,sybil_35,150.0,920.0,3.693,-2.593,90.0,A4B4,4,80.0,663.14,1,11
140,sybil_36,230.0,840.0,8.0114,-2.2834,90.0,A4B4,5,80.0,589.02,1,12
140,sybil_37,70.0,840.0,0.6216,-16.6333,90.0,A4B4,4,80.0,687.62,1,12
140,sybil_38,150.0,920.0,8.3744,-11.0476,90.0,A4B4,4,80.0,663.14,1,12
140,sybil_39,230.0,840.0,22.6749,22.6749,95.55,A4B4,5,80.0,589.02,1,13
141,legit_10,792.69,598.4,0.0055,-0.0102,90.0,D3E3,5,42.72,476.12,0,-1
141,legit_11,739.33,-1.6,12.8888,-0.8741,90.0,D0E0,0,122.07,718.36,0,-1
141,legit_13,1001.6,956.09,13.8091,0.6355,0.0,F4F5,0,125.78,652.14,0,-1
141,legit_14,675.64,398.4,13.1211,0.0368,90.0,D2E2,0,83.69,484.03,0,-1
141,legit_15,198.4,384.32,12.7201,-0.1871,180.0,B2B1,0,54.17,597.79,0,-1
141,legit_16,1.6,854.95,11.5112,0.2344,0.0,A4A5,3,149.15,744.08,0,-1
141,legit_17,484.75,-1.6,12.9198,-0.8423,90.0,C0D0,0,126.47,714.74,0,-1
141,legit_18,586.65,798.4,9.1711,-4.5,90.0,C4D4,2,142.84,479.95,0,-1
141,legit_19,509.14,401.6,13.3995,0.0234,270.0,D2C2,0,72.3,484.61,0,-1
141,legit_20,-1.6,975.47,10.4499,2.1756,180.0,A5A4,1,184.15,791.44,0,-1
141,legit_21,423.39,1001.6,12.9648,-0.796,270.0,D5C5,1,82.79,588.04,0,-1
141,legit_22,692.96,598.4,12.7854,-0.782,90.0,D3E3,5,57.06,455.64,0,-1
141,legit_23,980.12,1.6,5.7474,1.8049,270.0,F0E0,0,137.48,790.39,0,-1
141,legit_3,1.6,808.43,3.4407,-0.3252,53.88,A4A5,2,151.72,731.22,0,-1
141,legit_7,73.61,198.4,11.4985,-0.0675,90.0,A1B1,0,109.46,749.51,0,-1
141,legit_8,401.6,694.05,11.4632,-0.1673,0.0,C3C4,2,105.77,485.49,0,-1
141,legit_9,798.4,680.92,11.1972,-0.3074,180.0,E4E3,4,94.29,483.71,0,-1
141,sybil_20,1050.0,680.0,15.3456,2.1447,90.0,E3F3,0,80.0,600.51,1,6
141,sybil_21,830.0,600.0,4.637,-4.8626,90.0,E3F3,4,80.0,488.83,1,7
141,sybil_22,670.0,600.0,24.5198,15.2274,90.0,E3F3,3,80.0,453.52,1,7
141,sybil_23,750.0,680.0,5.5332,2.9975,94.09,E3F3,5,80.0,470.85,1,7
141,sybil_27,530.0,840.0,13.0114,5.8806,270.0,D4C4,3,80.0,495.78,1,9
141,sybil_28,370.0,840.0,14.5264,1.6658,270.0,D4C4,5,80.0,529.96,1,9
141,sybil_29,450.0,920.0,19.008,5.7962,270.0,D4C4,5,80.0,540.23,1,9
141,sybil_30,530.0,840.0,0.0,-7.8737,270.0,D4C4,3,80.0,495.78,1,10
141,sybil_31,370.0,840.0,14.6369,7.3573,270.0,D4C4,5,80.0,529.96,1,10
141,sybil_35,150.0,920.0,10.3409,6.6479,90.0,A4B4,4,80.0,663.14,1,11
141,sybil_36,230.0,840.0,17.8776,9.8663,90.0,A4B4,5,80.0,589.02,1,12
141,sybil_37,70.0,840.0,19.4436,18.822,90.0,A4B4,4,80.0,687.62,1,12
141,sybil_38,150.0,920.0,14.7248,6.3504,90.0,A4B4,4,80.0,663.14,1,12
141,sybil_39,230.0,840.0,5.4801,-17.1948,90.0,A4B4,5,80.0,589.02,1,13
142,legit_10,792.7,598.4,0.0036,-0.0019,90.0,D3E3,5,42.73,476.12,0,-1
142,legit_11,753.19,-1.6,13.8584,0.9696,90.0,D0E0,0,121.64,720.8,0,-1
142,legit_13,1001.6,969.3,13.2104,-0.5987,0.0,F4F5,0,120.82,658.43,0,-1
142,legit_14,689.45,398.4,13.8048,0.6837,90.0,D2E2,0,71.7,485.36,0,-1
142,legit_15,198.4,370.7,13.6199,0.8998,180.0,B2B1,0,49.57,601.71,0,-1
142,legit_16,1.6,866.33,11.385,-0.1262,0.0,A4A5,3,150.72,747.62,0,-1
142,legit_17,497.55,-1.6,12.7979,-0.1219,90.0,C0D0,0,130.57,713.12,0,-1
142,legit_18,591.69,798.4,5.0355,-4.1356,90.0,C4D4,2,147.67,479.89,0,-1
142,legit_19,496.01,401.6,13.1287,-0.2708,270.0,D2C2,0,62.03,486.15,0,-1
142,legit_20,-1.6,962.45,13.0224,2.5724,180.0,A5A4,3,191.84,785.83,0,-1
142,legit_21,409.8,1001.6,13.5919,0.6271,270.0,D5C5,1,88.11,591.54,0,-1
142,legit_22,706.02,598.4,13.0566,0.2712,90.0,D3E3,5,44.01,457.11,0,-1
142,legit_23,972.06,1.6,8.0537,2.3063,270.0,F0E0,0,141.75,786.89,0,-1
142,legit_3,1.6,814.05,5.6203,2.1796,0.0,A4A5,3,150.65,732.63,0,-1
142,legit_7,85.15,198.4,11.5354,0.0369,90.0,A1B1,0,101.75,741.71,0,-1
142,legit_8,401.6,705.49,11.4415,-0.0217,0.0,C3C4,2,116.07,487.21,0,-1
142,legit_9,798.4,669.6,11.3211,0.124,180.0,E4E3,5,84.77,482.33,0,-1
142,sybil_20,1050.0,680.0,22.26,6.9145,90.0,E3F3,0,80.0,600.51,1,6
142,sybil_21,830.0,600.0,9.2478,4.6109,90.0,E3F3,4,80.0,488.83,1,7
142,sybil_22,670.0,600.0,9.1323,-15.3875,90.0,E3F3,4,80.0,453.52,1,7
142,sybil_23,750.0,680.0,6.5745,1.0413,90.0,E3F3,5,80.0,470.85,1,7
142,sybil_27,530.0,840.0,6.7998,-6.2116,270.0,D4C4,3,80.0,495.78,1,9
142,sybil_28,370.0,840.0,22.6438,8.1174,270.0,D4C4,5,80.0,529.96,1,9
142,sybil_29,450.0,920.0,9.6887,-9.3194,270.0,D4C4,5,80.0,540.23,1,9
142,sybil_30,530.0,840.0,5.1709,5.1709,270.0,D4C4,3,80.0,495.78,1,10
142,sybil_31,370.0,840.0,13.3736,-1.2633,270.0,D4C4,5,80.0,529.96,1,10
142,sybil_35,150.0,920.0,13.4593,3.1185,90.0,A4B4,4,80.0,663.14,1,11
142,sybil_36,230.0,840.0,8.9675,-8.9102,90.0,A4B4,5,80.0,589.02,1,12
142,sybil_37,70.0,840.0,19.4909,0.0473,90.0,A4B4,5,80.0,687.62,1,12
142,sybil_38,150.0,920.0,13.4875,-1.2373,90.0,A4B4,4,80.0,663.14,1,12
142,sybil_39,230.0,840.0,7.2671,1.787,90.0,A4B4,5,80.0,589.02,1,13
143,legit_10,794.02,598.4,1.3217,1.3181,90.0,:E3_13,2,44.05,476.55,0,-1
143,legit_11,765.83,-1.6,12.6437,-1.2146,90.0,D0E0,0,122.63,723.24,0,-1
143,legit_13,1001.6,982.6,13.2962,0.0858,0.0,F4F5,0,108.76,664.93,0,-1
143,legit_14,702.56,398.4,13.1134,-0.6913,90.0,D2E2,0,61.03,486.85,0,-1
143,legit_15,198.4,356.87,13.831,0.2111,180.0,B2B1,0,48.5,606.04,0,-1
143,legit_16,1.6,878.81,12.4785,1.0935,0.0,A4A5,3,153.39,751.68,0,-1
143,legit_17,510.27,-1.6,12.7159,-0.082,90.0,C0D0,0,135.72,711.71,0,-1
143,legit_18,598.49,798.4,6.8014,1.7659,90.0,:D4_13,1,154.21,479.85,0,-1
143,legit_19,482.88,401.6,13.1255,-0.0032,270.0,D2C2,0,53.03,487.95,0,-1
143,legit_20,-1.6,949.71,12.7327,-0.2896,180.0,A5A4,3,187.13,780.52,0,-1
143,legit_21,396.34,1001.6,13.4588,-0.1331,270.0,:C5_0,1,95.01,595.27,0,-1
143,legit_22,719.8,598.4,13.7823,0.7257,90.0,D3E3,2,30.24,458.87,0,-1
143,legit_23,961.54,1.6,10.5262,2.4725,270.0,F0E0,0,147.8,782.43,0,-1
143,legit_3,1.6,821.12,7.0729,1.4526,0.0,A4A5,3,149.6,734.46,0,-1
143,legit_7,97.49,198.4,12.3359,0.8005,90.0,A1B1,0,94.36,733.52,0,-1
143,legit_8,401.6,716.41,10.9141,-0.5274,0.0,C3C4,2,126.07,488.99,0,-1
143,legit_9,798.4,659.07,10.5284,-0.7928,180.0,E4E3,2,76.37,481.2,0,-1
143,sybil_20,1050.0,680.0,23.0672,0.8072,90.0,E3F3,3,80.0,600.51,1,6
143,sybil_21,1130.0,600.0,20.3592,11.1114,90.0,E3F3,2,80.0,651.49,1,7
143,sybil_22,970.0,600.0,18.942,9.8096,90.0,E3F3,2,80.0,549.81,1,7
143,sybil_23,1050.0,680.0,15.5979,9.0235,90.0,E3F3,3,80.0,600.51,1,7
143,sybil_28,370.0,840.0,5.6855,-16.9583,270.0,D4C4,5,80.0,529.96,1,9
143,sybil_29,450.0,920.0,10.4435,0.7548,270.0,D4C4,4,80.0,540.23,1,9
143,sybil_30,530.0,840.0,7.3898,2.219,270.0,D4C4,2,80.0,495.78,1,10
143,sybil_31,370.0,840.0,8.9662,-4.4074,270.0,D4C4,5,80.0,529.96,1,10
143,sybil_36,230.0,840.0,12.2084,3.2409,90.0,A4B4,4,80.0,589.02,1,12
143,sybil_37,70.0,840.0,9.2923,-10.1986,90.0,A4B4,4,80.0,687.62,1,12
143,sybil_38,150.0,920.0,14.7481,1.2606,90.0,A4B4,3,80.0,663.14,1,12
143,sybil_39,230.0,840.0,21.4593,14.1922,90.0,A4B4,4,80.0,589.02,1,13
144,legit_10,797.3,598.4,3.2822,1.9605,90.0,:E3_13,2,47.33,477.61,0,-1
144,legit_11,778.48,-1.6,12.6486,0.0048,90.0,D0E0,0,124.89,725.89,0,-1
144,legit_13,1001.6,995.96,13.3584,0.0622,0.0,F4F5,0,96.98,671.62,0,-1
144,legit_14,715.92,398.4,13.3612,0.2477,90.0,D2E2,0,51.34,488.64,0,-1
144,legit_15,198.4,344.2,12.6741,-1.1569,180.0,B2B1,0,50.91,610.33,0,-1
144,legit_16,1.6,890.68,11.8641,-0.6145,0.0,A4A5,3,156.81,755.71,0,-1
144,legit_17,523.01,-1.6,12.7446,0.0287,90.0,C0D0,0,141.84,710.5,0,-1
144,legit_18,607.29,798.4,8.8019,2.0006,90.0,D4E4,1,148.65,479.88,0,-1
144,legit_19,470.03,401.6,12.8564,-0.2691,270.0,D2C2,0,46.17,490.0,0,-1
144,legit_20,-1.6,936.23,13.4784,0.7456,180.0,A5A4,3,179.57,775.09,0,-1
144,legit_21,382.49,1001.6,13.8519,0.3931,270.0,C5B5,1,103.46,599.38,0,-1
144,legit_22,733.0,598.4,13.2025,-0.5798,90.0,D3E3,2,17.07,460.77,0,-1
144,legit_23,949.02,1.6,12.5222,1.996,270.0,F0E0,0,155.62,777.26,0,-1
144,legit_24,201.6,812.3,0.0,0.0,0.0,B4B5,3,58.56,595.18,0,-1
144,legit_3,1.6,830.11,8.9902,1.9173,0.0,A4A5,3,148.73,736.88,0,-1
144,legit_7,109.45,198.4,11.9675,-0.3684,90.0,A1B1,0,88.26,725.76,0,-1
144,legit_8,401.6,727.89,11.4796,0.5655,0.0,C3C4,2,122.12,491.0,0,-1
144,legit_9,798.4,647.49,11.5858,1.0575,180.0,E4E3,2,67.8,480.12,0,-1
144,sybil_20,1050.0,680.0,26.3698,3.3026,90.0,E3F3,3,80.0,600.51,1,6
144,sybil_21,1130.0,600.0,7.574,-12.7852,90.0,E3F3,2,80.0,651.49,1,7
144,sybil_22,970.0,600.0,15.3398,-3.6022,90.0,E3F3,2,80.0,549.81,1,7
144,sybil_23,1050.0,680.0,27.1466,11.5487,90.0,E3F3,3,80.0,600.51,1,7
144,sybil_28,370.0,840.0,6.6092,0.9238,270.0,D4C4,4,80.0,529.96,1,9
144,sybil_29,450.0,920.0,32.9871,22.5436,270.0,D4C4,4,80.0,540.23,1,9
144,sybil_30,530.0,840.0,20.0753,12.6855,270.0,D4C4,2,80.0,495.78,1,10
144,sybil_31,370.0,840.0,19.9947,11.0285,270.0,D4C4,4,80.0,529.96,1,10
144,sybil_37,70.0,840.0,10.4407,1.1484,90.0,A4B4,5,80.0,687.62,1,12
144,sybil_38,150.0,920.0,13.3535,-1.3947,90.0,A4B4,3,80.0,663.14,1,12
144,sybil_39,230.0,840.0,0.0,-21.4593,90.0,A4B4,4,80.0,589.02,1,13
145,legit_10,802.37,598.4,5.0707,1.7884,90.0,:E3_13,2,52.4,479.27,0,-1
145,legit_11,788.07,-1.6,9.5947,-3.0539,90.0,D0E0,1,127.42,728.03,0,-1
145,legit_14,729.11,398.4,13.1942,-0.167,90.0,D2E2,0,43.71,490.69,0,-1
145,legit_15,198.4,331.21,12.9883,0.3142,180.0,B2B1,0,56.32,615.03,0,-1
145,legit_16,1.6,902.04,11.367,-0.4971,0.0,A4A5,4,160.85,759.72,0,-1
145,legit_17,536.86,-1.6,13.8448,1.1001,90.0,C0D0,0,149.44,709.41,0,-1
145,legit_18,617.66,798.4,10.3678,1.5659,90.0,D4E4,1,138.73,480.02,0,-1
145,legit_19,457.45,401.6,12.576,-0.2803,270.0,D2C2,0,42.26,492.32,0,-1
145,legit_20,-1.6,922.41,13.8228,0.3445,180.0,A5A4,3,172.55,769.72,0,-1
145,legit_21,369.38,1001.6,13.1047,-0.7472,270.0,C5B5,1,112.45,603.5,0,-1
145,legit_22,746.19,598.4,13.1881,-0.0144,90.0,D3E3,2,4.13,462.88,0,-1
145,legit_23,936.04,1.6,12.9761,0.454,270.0,F0E0,1,164.33,772.08,0,-1
145,legit_24,201.6,813.87,1.5723,1.5723,0.0,B4B5,3,57.84,595.6,0,-1
145,legit_3,1.6,841.55,11.4372,2.4469,0.0,A4A5,3,148.41,740.1,0,-1
145,legit_7,120.92,198.4,11.469,-0.4985,90.0,A1B1,0,83.62,718.49,0,-1
145,legit_8,401.6,739.83,11.9398,0.4602,0.0,C3C4,2,111.25,493.26,0,-1
145,legit_9,798.4,636.15,11.3352,-0.2506,180.0,E4E3,2,60.41,479.25,0,-1
145,sybil_20,1050.0,680.0,16.9733,-9.3965,90.0,E3F3,3,80.0,600.51,1,6
145,sybil_21,1130.0,600.0,11.0559,3.4819,90.0,E3F3,2,80.0,651.49,1,7
145,sybil_22,970.0,600.0,0.0,-15.3398,90.0,E3F3,2,80.0,549.81,1,7
145,sybil_23,1050.0,680.0,13.789,-13.3576,90.0,E3F3,3,80.0,600.51,1,7
145,sybil_28,370.0,840.0,15.8326,9.2233,270.0,D4C4,4,80.0,529.96,1,9
145,sybil_29,450.0,920.0,13.4094,-19.5777,270.0,D4C4,4,80.0,540.23,1,9
145,sybil_30,530.0,840.0,5.0779,-14.9974,270.0,D4C4,2,80.0,495.78,1,10
145,sybil_31,370.0,840.0,8.7216,-11.2731,270.0,D4C4,4,80.0,529.96,1,10
145,sybil_37,70.0,840.0,18.9712,8.5305,90.0,A4B4,5,80.0,687.62,1,12
145,sybil_38,150.0,920.0,24.3797,11.0262,90.0,A4B4,4,80.0,663.14,1,12
145,sybil_39,230.0,840.0,9.4463,9.4463,90.0,A4B4,4,80.0,589.02,1,13
146,legit_10,809.99,598.4,7.6167,2.546,90.0,E3F3,2,60.01,481.82,0,-1
146,legit_11,794.08,-1.42,6.0209,-3.5738,87.9,:E0_7,1,129.17,729.29,0,-1
146,legit_14,741.81,398.4,12.6995,-0.4947,90.0,D2E2,0,39.26,493.0,0,-1
146,legit_15,198.4,318.56,12.6475,-0.3408,180.0,B2B1,1,63.72,619.85,0,-1
146,legit_16,1.6,913.45,11.4013,0.0343,0.0,A4A5,3,165.58,763.89,0,-1
146,legit_17,549.78,-1.6,12.9188,-0.926,90.0,C0D0,0,157.3,708.59,0,-1
146,legit_18,629.58,798.4,11.9266,1.5588,90.0,D4E4,1,127.4,480.34,0,-1
146,legit_19,444.44,401.6,13.0061,0.4301,270.0,D2C2,0,41.97,495.1,0,-1
146,legit_20,-1.6,909.14,13.2691,-0.5537,180.0,A5A4,2,166.62,764.76,0,-1
146,legit_21,356.15,1001.6,13.2355,0.1308,270.0,C5B5,1,122.29,607.87,0,-1
146,legit_22,759.01,598.4,12.8177,-0.3704,90.0,D3E3,2,9.15,466.0,0,-1
146,legit_23,922.83,1.6,13.2129,0.2367,270.0,F0E0,1,173.76,766.98,0,-1
146,legit_24,201.6,817.87,4.0006,2.4283,0.0,B4B5,2,56.14,596.72,0,-1
146,legit_3,1.6,854.4,12.8508,1.4136,0.0,A4A5,2,149.1,743.91,0,-1
146,legit_7,132.79,198.4,11.8689,0.3999,90.0,A1B1,1,80.27,711.16,0,-1
146,legit_8,401.6,750.87,11.049,-0.8907,0.0,C3C4,1,101.42,495.49,0,-1
146,legit_9,798.4,624.82,11.3342,-0.001,180.0,E4E3,2,54.39,478.59,0,-1
146,sybil_21,1130.0,600.0,4.1914,-6.8645,90.0,E3F3,1,80.0,651.49,1,7
146,sybil_22,970.0,600.0,5.2995,5.2995,90.0,E3F3,1,80.0,549.81,1,7
146,sybil_23,1050.0,680.0,2.0577,-11.7313,90.0,E3F3,2,80.0,600.51,1,7
146,sybil_29,450.0,920.0,0.0,-13.4094,270.0,D4C4,3,80.0,540.23,1,9
146,sybil_30,530.0,840.0,16.03,10.952,270.0,D4C4,2,80.0,495.78,1,10
146,sybil_31,370.0,840.0,7.1204,-1.6012,270.0,D4C4,3,80.0,529.96,1,10
146,sybil_38,150.0,920.0,14.9438,-9.4359,90.0,A4B4,3,80.0,663.14,1,12
146,sybil_39,230.0,840.0,8.9188,-0.5275,90.0,A4B4,3,80.0,589.02,1,13
147,legit_10,819.83,598.4,9.8423,2.2256,90.0,E3F3,2,69.85,485.21,0,-1
147,legit_11,800.62,2.64,8.1851,2.1641,45.7,:E0_10,1,127.81,727.67,0,-1
147,legit_14,754.83,398.4,13.0118,0.3123,90.0,D2E2,0,38.7,495.76,0,-1
147,legit_15,198.4,305.41,13.1507,0.5032,180.0,B2B1,1,72.95,625.1,0,-1
147,legit_16,1.6,925.39,11.9482,0.5469,0.0,A4A5,3,171.22,768.42,0,-1
147,legit_17,562.69,-1.6,12.9159,-0.0029,90.0,C0D0,0,165.79,707.96,0,-1
147,legit_18,642.54,798.4,12.9541,1.0275,90.0,D4E4,1,115.23,480.87,0,-1
147,legit_19,431.91,401.6,12.5316,-0.4745,270.0,D2C2,0,45.36,498.15,0,-1
147,legit_20,-1.6,895.93,13.2082,-0.061,180.0,A5A4,2,161.59,760.02,0,-1
147,legit_21,343.23,1001.6,12.9206,-0.3149,270.0,C5B5,1,132.47,612.33,0,-1
147,legit_22,772.27,598.4,13.2618,0.4441,90.0,D3E3,2,22.33,469.83,0,-1
147,legit_23,909.49,1.6,13.3409,0.128,270.0,F0E0,1,183.75,762.02,0,-1
147,legit_24,201.6,823.93,6.0621,2.0615,0.0,B4B5,2,54.04,598.45,0,-1
147,legit_3,1.6,867.77,13.3715,0.5208,0.0,A4A5,2,150.98,748.08,0,-1
147,legit_7,144.57,198.4,11.7813,-0.0876,90.0,A1B1,1,78.59,704.1,0,-1
147,legit_8,401.6,761.86,10.9839,-0.0652,0.0,C3C4,1,91.92,497.84,0,-1
147,legit_9,798.4,613.27,11.5497,0.2155,180.0,E4E3,2,50.19,478.14,0,-1
147,sybil_21,1130.0,600.0,1.8526,-2.3388,90.0,E3F3,1,80.0,651.49,1,7
147,sybil_22,970.0,600.0,7.221,1.9215,90.0,E3F3,1,80.0,549.81,1,7
147,sybil_23,1050.0,680.0,3.023,0.9652,90.0,E3F3,2,80.0,600.51,1,7
147,sybil_29,450.0,920.0,8.6794,8.6794,270.0,D4C4,3,80.0,540.23,1,9
147,sybil_30,530.0,840.0,18.5473,2.5173,270.0,D4C4,2,80.0,495.78,1,10
147,sybil_31,370.0,840.0,0.0,-7.1204,270.0,D4C4,3,80.0,529.96,1,10
147,sybil_38,150.0,920.0,3.1534,-11.7904,90.0,A4B4,3,80.0,663.14,1,12
147,sybil_39,230.0,840.0,20.7518,11.8331,90.0,A4B4,3,80.0,589.02,1,13
148,legit_10,831.19,598.4,11.3588,1.5165,90.0,E3F3,3,81.21,489.26,0,-1
148,legit_11,801.6,10.89,8.405,0.22,2.13,E0E1,1,120.7,721.44,0,-1
148,legit_14,768.0,398.4,13.1718,0.16,90.0,D2E2,0,42.41,498.96,0,-1
148,legit_15,198.4,291.78,13.6363,0.4856,180.0,B2B1,1,83.65,630.75,0,-1
148,legit_16,1.6,936.84,11.4477,-0.5006,0.0,A4A5,2,177.2,772.9,0,-1
148,legit_17,576.29,-1.6,13.5948,0.6789,90.0,C0D0,0,175.31,707.5,0,-1
148,legit_18,655.56,798.4,13.0254,0.0714,90.0,D4E4,1,103.19,481.6,0,-1
148,legit_19,420.35,401.6,11.5612,-0.9704,270.0,D2C2,0,51.08,501.25,0,-1
148,legit_20,-1.6,882.75,13.1819,-0.0262,180.0,A5A4,2,157.51,755.48,0,-1
148,legit_21,329.53,1001.6,13.6947,0.7741,270.0,C5B5,1,143.73,617.26,0,-1
148,legit_22,782.8,598.4,10.5354,-2.7264,90.0,D3E3,2,32.84,473.01,0,-1
148,legit_23,896.95,1.6,12.535,-0.8059,270.0,F0E0,1,188.71,757.51,0,-1
148,legit_24,201.6,831.49,7.5565,1.4944,0.0,B4B5,1,52.3,600.7,0,-1
148,legit_3,1.6,880.43,12.664,-0.7076,0.0,A4A5,2,153.81,752.22,0,-1
148,legit_7,156.03,198.4,11.4628,-0.3186,90.0,A1B1,1,78.63,697.42,0,-1
148,legit_8,401.6,773.64,11.7816,0.7977,0.0,C3C4,2,82.14,500.53,0,-1
148,legit_9,798.4,601.95,11.3124,-0.2373,180.0,:E3_1,2,48.44,477.97,0,-1
148,sybil_21,1130.0,600.0,3.9068,2.0543,90.0,E3F3,1,80.0,651.49,1,7
148,sybil_22,970.0,600.0,14.1749,6.9539,90.0,E3F3,2,80.0,549.81,1,7
148,sybil_23,1050.0,680.0,13.3489,10.326,90.0,E3F3,2,80.0,600.51,1,7
148,sybil_29,450.0,920.0,13.7874,5.108,270.0,D4C4,3,80.0,540.23,1,9
148,sybil_30,530.0,840.0,24.7521,6.2048,270.0,D4C4,3,80.0,495.78,1,10
148,sybil_31,370.0,840.0,10.2284,10.2284,270.0,D4C4,3,80.0,529.96,1,10
148,sybil_39,230.0,840.0,20.4154,-0.3365,90.0,A4B4,2,80.0,589.02,1,13
149,legit_10,843.01,598.4,11.8148,0.456,90.0,E3F3,3,93.02,493.63,0,-1
149,legit_11,801.6,20.79,9.9069,1.5019,0.0,E0E1,1,111.82,713.73,0,-1
149,legit_14,779.53,398.4,11.5346,-1.6372,90.0,D2E2,0,48.44,502.06,0,-1
149,legit_15,198.4,278.41,13.3624,-0.2739,180.0,B2B1,1,94.86,636.49,0,-1
149,legit_16,1.6,949.32,12.4788,1.0312,0.0,A4A5,2,184.32,777.94,0,-1
149,legit_17,589.09,-1.6,12.8009,-0.7939,90.0,C0D0,0,184.75,707.26,0,-1
149,legit_18,668.2,798.4,12.6343,-0.3912,90.0,D4E4,1,91.77,482.5,0,-1
149,legit_19,412.24,401.6,8.1118,-3.4495,270.0,D2C2,0,56.18,503.56,0,-1
149,legit_20,-1.6,869.48,13.2686,0.0867,180.0,A5A4,2,154.44,751.12,0,-1
149,legit_21,316.3,1001.6,13.2306,-0.4641,270.0,C5B5,0,154.99,622.21,0,-1
149,legit_22,789.52,598.4,6.719,-3.8164,90.0,D3E3,2,39.56,475.11,0,-1
149,legit_23,883.38,1.6,13.5758,1.0408,270.0,F0E0,1,178.35,752.82,0,-1
149,legit_24,201.6,841.34,9.8522,2.2957,0.0,B4B5,1,51.62,603.8,0,-1
149,legit_3,1.6,894.07,13.6401,0.9761,0.0,A4A5,2,157.94,756.89,0,-1
149,legit_7,167.88,198.4,11.8486,0.3858,90.0,A1B1,1,80.41,690.74,0,-1
149,legit_8,401.6,784.59,10.9509,-0.8307,0.0,C3C4,2,73.57,503.19,0,-1
149,legit_9,798.4,591.16,10.7942,-0.5182,180.0,E3E2,2,49.2,478.04,0,-1
149,sybil_21,1130.0,600.0,0.0,-3.9068,90.0,E3F3,1,80.0,651.49,1,7
149,sybil_22,970.0,600.0,14.9249,0.75,90.0,E3F3,2,80.0,549.81,1,7
149,sybil_23,1050.0,680.0,11.3952,-1.9537,90.0,E3F3,2,80.0,600.51,1,7
149,sybil_30,530.0,840.0,15.2104,-9.5417,270.0,D4C4,2,80.0,495.78,1,10
149,sybil_31,370.0,840.0,11.5331,1.3047,270.0,D4C4,2,80.0,529.96,1,10
149,sybil_39,230.0,840.0,0.681,-19.7344,90.0,A4B4,2,80.0,589.02,1,13
150,legit_10,854.39,598.4,11.3851,-0.4298,90.0,E3F3,3,104.4,497.97,0,-1
150,legit_11,801.6,32.13,11.3331,1.4261,0.0,E0E1,1,101.9,705.0,0,-1
150,legit_14,787.39,398.4,7.8612,-3.6734,90.0,D2E2,0,53.6,504.31,0,-1
150,legit_15,198.4,265.11,13.3057,-0.0567,180.0,B2B1,1,106.52,642.39,0,-1
150,legit_16,1.6,961.53,12.2073,-0.2715,0.0,A4A5,2,189.89,783.04,0,-1
150,legit_17,601.96,-1.6,12.8715,0.0706,90.0,:D0_6,0,191.58,707.2,0,-1
150,legit_18,681.52,798.4,13.3177,0.6834,90.0,D4E4,0,80.13,483.66,0,-1
150,legit_19,408.63,401.6,3.6118,-4.5,270.0,D2C2,0,58.67,504.63,0,-1
150,legit_20,-1.6,856.01,13.4779,0.2093,180.0,A5A4,2,152.44,746.9,0,-1
150,legit_21,303.22,1001.6,13.0808,-0.1498,270.0,C5B5,0,166.41,627.29,0,-1
150,legit_22,798.01,598.4,8.4871,1.7681,90.0,:E3_13,2,48.04,477.84,0,-1
150,legit_23,870.29,1.6,13.0837,-0.4921,270.0,F0E0,1,168.79,748.48,0,-1
150,legit_24,201.6,853.21,11.8652,2.013,0.0,B4B5,1,53.26,607.77,0,-1
150,legit_25,991.7,1001.6,0.0,0.0,270.0,F5E5,0,97.7,669.5,0,-1
150,legit_3,1.6,906.9,12.8281,-0.812,0.0,A4A5,2,162.78,761.48,0,-1
150,legit_7,179.77,198.4,11.886,0.0374,90.0,A1B1,1,83.86,684.26,0,-1
150,legit_8,401.6,796.75,12.157,1.2061,0.0,:C4_9,2,64.91,506.32,0,-1
150,legit_9,798.4,580.56,10.6025,-0.1917,180.0,E3E2,2,52.16,478.35,0,-1
150,sybil_22,970.0,600.0,8.8121,-6.1128,90.0,E3F3,2,80.0,549.81,1,7
150,sybil_23,1050.0,680.0,23.1736,11.7784,90.0,E3F3,1,80.0,600.51,1,7
150,sybil_30,530.0,840.0,15.3633,0.1529,270.0,D4C4,1,80.0,495.78,1,10
150,sybil_31,370.0,840.0,23.4115,11.8784,270.0,D4C4,2,80.0,529.96,1,10
150,sybil_39,230.0,840.0,14.1173,13.4364,90.0,A4B4,2,80.0,589.02,1,13
151,legit_10,865.71,598.4,11.3209,-0.0642,90.0,E3F3,3,115.72,502.43,0,-1
151,legit_11,801.6,44.82,12.691,1.3579,0.0,E0E1,1,91.19,695.34,0,-1
151,legit_14,791.13,398.4,3.7348,-4.1264,90.0,D2E2,0,56.27,505.42,0,-1
151,legit_15,198.4,251.81,13.3021,-0.0036,180.0,B2B1,1,118.53,648.46,0,-1
151,legit_16,1.6,973.18,11.6499,-0.5574,0.0,A4A5,2,182.85,788.04,0,-1
151,legit_17,615.65,-1.6,13.6912,0.8197,90.0,D0E0,0,181.21,707.33,0,-1
151,legit_18,694.5,798.4,12.9886,-0.3291,90.0,D4E4,0,69.36,485.02,0,-1
151,legit_19,402.69,401.6,5.9345,2.3228,270.0,:C2_5,0,63.0,506.43,0,-1
151,legit_20,-1.6,842.5,13.5021,0.0242,180.0,A5A4,2,151.62,742.89,0,-1
151,legit_21,289.75,1001.6,13.4661,0.3853,270.0,C5B5,0,160.24,632.7,0,-1
151,legit_22,808.9,598.4,10.8896,2.4026,90.0,E3F3,2,58.92,481.45,0,-1
151,legit_23,857.64,1.6,12.6511,-0.4326,270.0,F0E0,1,160.02,744.45,0,-1
151,legit_24,201.6,865.08,11.8709,0.0057,0.0,B4B5,1,57.37,611.99,0,-1
151,legit_25,990.04,1001.6,1.6619,1.6619,270.0,F5E5,0,98.7,668.68,0,-1
151,legit_3,1.6,920.79,13.8878,1.0597,0.0,A4A5,2,168.97,766.65,0,-1
151,legit_7,192.2,198.4,12.4306,0.5446,90.0,A1B1,1,89.04,677.69,0,-1
151,legit_8,401.6,808.01,11.2619,-0.8951,0.0,C4C5,2,58.02,509.42,0,-1
151,legit_9,798.4,568.93,11.6302,1.0277,180.0,E3E2,2,57.52,478.93,0,-1
151,sybil_22,970.0,600.0,4.1036,-4.7085,90.0,E3F3,2,80.0,549.81,1,7
151,sybil_23,1050.0,680.0,0.0,-23.1736,90.0,E3F3,1,80.0,600.51,1,7
151,sybil_30,530.0,840.0,4.9754,-10.3879,270.0,D4C4,1,80.0,495.78,1,10
151,sybil_31,370.0,840.0,7.4416,-15.9698,270.0,D4C4,2,80.0,529.96,1,10
151,sybil_39,230.0,840.0,4.008,-10.1093,90.0,A4B4,2,80.0,589.02,1,13
152,legit_10,876.98,598.4,11.271,-0.0499,90.0,E3F3,3,126.99,507.01,0,-1
152,legit_11,801.6,57.88,13.062,0.371,0.0,E0E1,1,80.76,685.54,0,-1
152,legit_14,796.4,397.36,5.4833,1.7485,102.24,:E2_12,0,59.57,507.3,0,-1
152,legit_15,198.4,238.51,13.2908,-0.0114,180.0,B2B1,0,128.02,654.69,0,-1
152,legit_16,1.6,984.78,11.5998,-0.0502,0.0,A4A5,1,176.32,793.17,0,-1
152,legit_17,628.87,-1.6,13.2222,-0.469,90.0,D0E0,0,171.63,707.65,0,-1
152,legit_18,707.83,798.4,13.3264,0.3378,90.0,D4E4,0,59.24,486.65,0,-1
152,legit_19,394.99,401.6,7.6987,1.7642,270.0,:C2_5,0,68.97,508.83,0,-1
152,legit_20,-1.6,829.22,13.285,-0.217,180.0,A5A4,1,151.98,739.16,0,-1
152,legit_21,276.57,1001.6,13.1833,-0.2828,270.0,C5B5,1,148.88,638.17,0,-1
152,legit_22,821.3,598.4,12.3965,1.5068,90.0,E3F3,3,71.31,485.73,0,-1
152,legit_23,844.75,1.6,12.8925,0.2414,270.0,F0E0,1,151.64,740.52,0,-1
152,legit_24,201.6,876.92,11.8365,-0.0344,0.0,B4B5,2,63.45,616.43,0,-1
152,legit_25,986.05,1001.6,3.985,2.323,270.0,F5E5,0,101.17,666.71,0,-1
152,legit_3,1.6,934.45,13.6571,-0.2306,0.0,A4A5,2,175.9,771.95,0,-1
152,legit_8,401.6,818.91,10.8995,-0.3624,0.0,C4C5,1,52.8,512.61,0,-1
152,legit_9,798.4,557.48,11.4481,-0.1821,180.0,E3E2,2,64.42,479.72,0,-1
152,sybil_22,970.0,600.0,24.328,20.2244,90.0,E3F3,3,80.0,549.81,1,7
152,sybil_23,1050.0,680.0,18.9406,18.9406,90.0,E3F3,1,80.0,600.51,1,7
152,sybil_31,370.0,840.0,15.3573,7.9157,270.0,D4C4,2,80.0,529.96,1,10
152,sybil_39,230.0,840.0,12.2692,8.2612,90.0,A4B4,2,80.0,589.02,1,13
153,legit_10,888.37,598.4,11.3877,0.1167,90.0,E3F3,2,138.38,511.77,0,-1
153,legit_11,801.6,71.39,13.5096,0.4477,0.0,E0E1,1,70.89,675.58,0,-1
153,legit_14,798.4,392.27,5.7509,0.2675,163.66,E2E1,0,58.17,509.34,0,-1
153,legit_15,198.4,225.95,12.5678,-0.723,180.0,B2B1,0,116.48,660.73,0,-1
153,legit_16,1.6,992.84,8.0638,-3.5359,0.0,A4A5,1,172.1,796.81,0,-1
153,legit_17,641.84,-1.6,12.9629,-0.2593,90.0,D0E0,0,162.75,708.16,0,-1
153,legit_18,721.63,798.4,13.8021,0.4757,90.0,D4E4,0,50.35,488.63,0,-1
153,legit_19,385.17,401.6,9.8217,2.123,270.0,C2B2,0,77.03,512.02,0,-1
153,legit_20,-1.6,816.03,13.1923,-0.0927,180.0,A5A4,1,153.48,735.66,0,-1
153,legit_21,263.4,1001.6,13.1718,-0.0115,270.0,C5B5,1,137.86,643.82,0,-1
153,legit_22,834.25,598.4,12.9579,0.5614,90.0,E3F3,2,84.27,490.38,0,-1
153,legit_23,831.37,1.6,13.3816,0.4891,270.0,F0E0,1,143.66,736.63,0,-1
153,legit_24,201.6,888.92,12.0002,0.1637,0.0,B4B5,2,71.1,621.13,0,-1
153,legit_25,980.22,1001.6,5.8345,1.8496,270.0,F5E5,0,104.96,663.86,0,-1
153,legit_3,1.6,947.67,13.2287,-0.4284,0.0,A4A5,2,183.35,777.27,0,-1
153,legit_8,401.6,831.02,12.1144,1.2148,0.0,C4C5,1,49.23,516.41,0,-1
153,legit_9,798.4,545.93,11.5528,0.1047,180.0,E3E2,2,72.57,480.71,0,-1
153,sybil_23,1050.0,680.0,9.2534,-9.6872,90.0,E3F3,0,80.0,600.51,1,7
153,sybil_31,370.0,840.0,18.7814,3.4241,270.0,D4C4,2,80.0,529.96,1,10
153,sybil_39,230.0,840.0,3.813,-8.4562,90.0,A4B4,2,80.0,589.02,1,13
154,legit_10,900.02,598.4,11.6529,0.2652,90.0,E3F3,2,149.99,516.78,0,-1
154,legit_11,801.6,84.66,13.2732,-0.2365,0.0,E0E1,1,62.54,665.98,0,-1
154,legit_14,798.4,384.48,7.7877,2.0369,180.0,E2E1,1,54.24,511.59,0,-1
154,legit_15,198.4,214.76,11.1862,-1.3816,180.0,B2B1,0,106.41,666.24,0,-1
154,legit_16,1.6,996.41,3.5638,-4.5,0.0,A4A5,1,170.33,798.45,0,-1
154,legit_17,655.41,-1.6,13.5725,0.6096,90.0,D0E0,0,154.06,708.9,0,-1
154,legit_18,735.21,798.4,13.5756,-0.2265,90.0,D4E4,0,44.15,490.92,0,-1
154,legit_19,372.87,401.6,12.3044,2.4827,270.0,C2B2,0,87.64,516.18,0,-1
154,legit_20,-1.6,802.37,13.6538,0.4616,180.0,:A4_0,0,156.2,732.26,0,-1
154,legit_21,250.65,1001.6,12.7475,-0.4243,270.0,C5B5,1,127.58,649.46,0,-1
154,legit_22,847.45,598.4,13.2004,0.2426,90.0,E3F3,2,97.47,495.31,0,-1
154,legit_23,818.76,1.6,12.6112,-0.7704,270.0,F0E0,1,136.92,733.16,0,-1
154,legit_24,201.6,900.78,11.8591,-0.1412,0.0,B4B5,2,79.73,625.95,0,-1
154,legit_25,972.49,1001.6,7.73,1.8955,270.0,F5E5,0,110.25,660.16,0,-1
154,legit_3,1.6,961.51,13.8324,0.6037,0.0,A4A5,1,189.9,783.03,0,-1
154,legit_8,401.6,842.61,11.5821,-0.5322,0.0,C4C5,1,48.47,520.31,0,-1
154,legit_9,798.4,534.43,11.4963,-0.0565,180.0,E3E2,3,81.5,481.88,0,-1
154,sybil_23,1050.0,680.0,14.0433,4.7899,90.0,E3F3,0,80.0,600.51,1,7
154,sybil_31,370.0,840.0,9.3263,-9.4551,270.0,D4C4,2,80.0,529.96,1,10
154,sybil_39,230.0,840.0,14.1982,10.3853,90.0,A4B4,2,80.0,589.02,1,13
155,legit_10,911.03,598.4,11.0038,-0.6492,90.0,E3F3,2,138.98,521.64,0,-1
155,legit_11,801.6,97.8,13.1404,-0.1327,0.0,E0E1,1,56.17,656.71,0,-1
155,legit_14,798.4,375.01,9.4683,1.6806,180.0,E2E1,1,50.67,514.48,0,-1
155,legit_15,198.4,207.25,7.511,-3.6752,180.0,B2B1,0,99.78,670.0,0,-1
155,legit_16,3.31,998.4,3.0867,-0.4772,23.65,A5B5,1,167.86,798.1,0,-1
155,legit_17,668.55,-1.6,13.1404,-0.4321,90.0,D0E0,1,146.36,709.81,0,-1
155,legit_18,748.82,798.4,13.6144,0.0388,90.0,D4E4,0,41.62,493.61,0,-1
155,legit_19,360.1,401.6,12.7688,0.4643,270.0,C2B2,0,99.06,520.7,0,-1
155,legit_20,-1.6,789.45,12.9186,-0.7352,180.0,A4A3,0,159.8,729.25,0,-1
155,legit_21,237.63,1001.6,13.018,0.2705,270.0,C5B5,1,117.58,655.41,0,-1
155,legit_22,861.06,598.4,13.603,0.4026,90.0,E3F3,2,111.07,500.58,0,-1
155,legit_23,806.22,1.6,12.5364,-0.0749,270.0,:E0_4,2,131.07,729.89,0,-1
155,legit_24,201.6,912.64,11.8617,0.0027,0.0,B4B5,2,89.1,630.94,0,-1
155,legit_25,963.37,1001.6,9.1173,1.3873,270.0,F5E5,0,116.84,655.87,0,-1
155,legit_3,1.6,974.91,13.4016,-0.4309,0.0,A4A5,1,181.84,788.8,0,-1
155,legit_8,401.6,853.67,11.0612,-0.5209,0.0,C4C5,0,50.29,524.29,0,-1
155,legit_9,798.4,522.7,11.7327,0.2364,180.0,E3E2,3,91.2,483.25,0,-1
155,sybil_23,1050.0,680.0,15.9496,1.9063,90.0,E3F3,0,80.0,600.51,1,7
155,sybil_39,230.0,840.0,16.1875,1.9892,90.0,A4B4,1,80.0,589.02,1,13
156,legit_10,922.88,598.4,11.8518,0.848,90.0,E3F3,1,127.13,527.02,0,-1
156,legit_11,801.6,111.12,13.3178,0.1774,0.0,E0E1,1,52.36,647.58,0,-1
156,legit_14,798.4,364.2,10.8124,1.3441,180.0,E2E1,1,48.58,517.98,0,-1
156,legit_15,196.41,202.65,5.2499,-2.2611,204.23,:B1_0,0,94.79,673.35,0,-1
156,legit_16,8.42,998.4,5.1126,2.0259,90.0,A5B5,1,163.41,794.33,0,-1
156,legit_17,681.48,-1.6,12.9266,-0.2138,90.0,D0E0,1,139.58,710.91,0,-1
156,legit_18,762.25,798.4,13.4247,-0.1897,90.0,D4E4,0,43.37,496.69,0,-1
156,legit_19,346.64,401.6,13.4601,0.6913,270.0,C2B2,0,111.42,525.67,0,-1
156,legit_20,-1.6,775.93,13.5245,0.6058,180.0,A4A3,0,164.58,726.32,0,-1
156,legit_21,224.36,1001.6,13.2772,0.2592,270.0,C5B5,1,108.05,661.66,0,-1
156,legit_22,874.58,598.4,13.521,-0.082,90.0,E3F3,2,124.59,506.02,0,-1
156,legit_23,793.55,1.6,12.6716,0.1352,270.0,:E0_4,2,126.15,726.78,0,-1
156,legit_24,201.6,924.37,11.7324,-0.1293,0.0,B4B5,1,98.9,636.03,0,-1
156,legit_25,952.73,1001.6,10.6428,1.5255,270.0,F5E5,0,124.93,650.99,0,-1
156,legit_26,201.6,12.3,0.0,0.0,0.0,B0B1,0,119.42,790.7,0,-1
156,legit_3,1.6,983.81,8.9016,-4.5,0.0,A4A5,1,176.85,792.73,0,-1
156,legit_8,401.6,864.88,11.211,0.1498,0.0,C4C5,0,54.42,528.56,0,-1
156,legit_9,798.4,510.97,11.7266,-0.0061,180.0,E3E2,2,101.33,484.78,0,-1
157,legit_10,934.63,598.4,11.75,-0.1018,90.0,E3F3,1,115.38,532.49,0,-1
157,legit_11,801.6,123.85,12.7293,-0.5884,0.0,E0E1,1,51.74,639.13,0,-1
157,legit_14,798.4,351.99,12.2089,1.3965,180.0,E2E1,1,49.06,522.22,0,-1
157,legit_15,190.34,201.6,6.2868,1.0369,265.56,B1A1,0,91.03,677.03,0,-1
157,legit_16,15.83,998.4,7.4081,2.2955,90.0,A5B5,1,157.03,788.89,0,-1
157,legit_17,694.18,-1.6,12.7039,-0.2227,90.0,D0E0,1,133.8,712.18,0,-1
157,legit_18,775.7,798.4,13.4551,0.0304,90.0,D4E4,0,48.9,500.16,0,-1
157,legit_19,333.26,401.6,13.3785,-0.0815,270.0,C2B2,0,123.93,530.8,0,-1
157,legit_20,-1.6,762.16,13.773,0.2485,180.0,A4A3,0,170.42,723.55,0,-1
157,legit_21,213.96,1001.6,10.3931,-2.8841,270.0,C5B5,1,101.18,666.7,0,-1
157,legit_22,888.18,598.4,13.6035,0.0825,90.0,E3F3,2,138.19,511.69,0,-1
157,legit_23,780.23,1.6,13.3168,0.6452,270.0,E0D0,2,122.2,723.73,0,-1
157,legit_24,201.6,937.01,12.6415,0.9091,0.0,B4B5,1,109.88,641.66,0,-1
157,legit_25,941.36,1001.6,11.3707,0.7279,270.0,F5E5,0,133.98,645.91,0,-1
157,legit_26,201.6,13.64,1.3427,1.3427,0.0,B0B1,0,118.21,789.72,0,-1
157,legit_3,1.6,992.43,8.6196,-0.282,0.0,A4A5,1,172.31,796.63,0,-1
157,legit_8,401.6,876.23,11.3564,0.1455,0.0,C4C5,0,60.46,533.11,0,-1
157,legit_9,798.4,499.25,11.7239,-0.0027,180.0,E3E2,2,111.78,486.48,0,-1
158,legit_10,946.22,598.4,11.5873,-0.1626,90.0,E3F3,1,103.8,538.03,0,-1
158,legit_11,801.6,136.52,12.6763,-0.053,0.0,E0E1,1,54.18,631.01,0,-1
158,legit_14,798.4,338.51,13.483,1.274,180.0,E2E1,1,52.96,527.25,0,-1
158,legit_15,182.47,201.6,7.8714,1.5845,270.0,B1A1,0,87.82,681.2,0,-1
158,legit_16,25.38,998.4,9.5521,2.1441,90.0,A5B5,1,148.95,781.94,0,-1
158,legit_17,707.96,-1.6,13.7807,1.0768,90.0,D0E0,1,128.66,713.79,0,-1
158,legit_18,784.74,798.4,9.0351,-4.42,90.0,D4E4,0,54.2,502.69,0,-1
158,legit_19,320.77,401.6,12.4926,-0.8859,270.0,C2B2,0,135.76,535.77,0,-1
158,legit_20,-1.6,748.44,13.7205,-0.0524,180.0,A4A3,0,177.11,721.0,0,-1
158,legit_21,206.95,1001.56,7.0122,-3.3809,269.6,:B5_1,1,96.93,670.16,0,-1
158,legit_22,901.75,598.4,13.5689,-0.0346,90.0,E3F3,1,148.26,517.54,0,-1
158,legit_23,767.62,1.6,12.6096,-0.7072,270.0,E0D0,2,119.7,721.05,0,-1
158,legit_24,201.6,949.98,12.967,0.3255,0.0,B4B5,1,121.48,647.61,0,-1
158,legit_25,930.35,1001.6,11.0109,-0.3598,270.0,F5E5,0,143.05,641.12,0,-1
158,legit_26,201.6,16.74,3.1005,1.7578,0.0,B0B1,0,115.43,787.45,0,-1
158,legit_3,1.6,996.78,4.3498,-4.2697,0.0,A4A5,1,170.14,798.62,0,-1
158,legit_8,401.6,887.59,11.3558,-0.0007,0.0,C4C5,0,67.88,537.86,0,-1
158,legit_9,798.4,487.9,11.3506,-0.3733,180.0,E3E2,1,122.11,488.27,0,-1
159,legit_10,957.49,598.4,11.2757,-0.3116,90.0,E3F3,1,92.52,543.54,0,-1
159,legit_11,801.6,149.54,13.011,0.3347,0.0,E0E1,0,59.46,622.94,0,-1
159,legit_14,798.4,325.82,12.6869,-0.7961,180.0,E2E1,0,59.25,532.27,0,-1
159,legit_15,172.4,201.6,10.0743,2.2029,270.0,B1A1,0,84.62,686.65,0,-1
159,legit_16,37.49,998.4,12.1076,2.5555,90.0,A5B5,1,138.98,773.23,0,-1
159,legit_17,720.83,-1.6,12.8684,-0.9123,90.0,D0E0,1,125.05,715.51,0,-1
159,legit_18,790.48,798.4,5.7401,-3.2949,90.0,D4E4,0,58.04,504.37,0,-1
159,legit_19,307.74,401.6,13.0321,0.5396,270.0,C2B2,0,148.22,541.14,0,-1
159,legit_20,-1.6,735.3,13.1382,-0.5823,180.0,A4A3,0,184.24,718.78,0,-1
159,legit_21,199.79,998.06,8.4176,1.4053,231.34,:B5_9,1,95.89,671.97,0,-1
159,legit_22,915.06,598.4,13.3138,-0.2551,90.0,E3F3,1,134.95,523.46,0,-1
159,legit_23,753.92,1.6,13.6996,1.09,270.0,E0D0,1,118.46,718.38,0,-1
159,legit_24,201.6,962.11,12.1291,-0.8379,0.0,B4B5,1,128.69,653.32,0,-1
159,legit_25,919.29,1001.6,11.052,0.041,270.0,F5E5,0,152.42,636.44,0,-1
159,legit_26,201.6,21.43,4.6899,1.5894,0.0,B0B1,0,111.26,784.02,0,-1
159,legit_3,4.36,998.4,3.7589,-0.5909,43.94,A5B5,1,166.94,797.32,0,-1
159,legit_8,401.6,899.0,11.408,0.0523,0.0,C4C5,0,76.31,542.8,0,-1
159,legit_9,798.4,476.45,11.4478,0.0973,180.0,E3E2,0,126.11,490.22,0,-1
160,legit_10,968.11,598.4,10.6219,-0.6538,90.0,E3F3,1,81.9,548.86,0,-1
160,legit_11,801.6,162.75,13.2116,0.2005,0.0,E0E1,0,67.01,615.01,0,-1
160,legit_14,798.4,312.72,13.1013,0.4144,180.0,E2E1,0,67.66,537.73,0,-1
160,legit_15,160.75,201.6,11.6477,1.5734,270.0,B1A1,0,82.31,693.15,0,-1
160,legit_16,49.46,998.4,11.9717,-0.1359,90.0,A5B5,2,129.48,764.73,0,-1
160,legit_17,733.52,-1.6,12.6952,-0.1732,90.0,D0E0,1,122.71,717.42,0,-1
160,legit_18,796.71,797.17,6.5021,0.7619,104.54,:E4_12,0,63.37,505.92,0,-1
160,legit_19,294.93,401.6,12.8031,-0.229,270.0,C2B2,0,150.78,546.58,0,-1
160,legit_20,-1.6,721.63,13.67,0.5317,180.0,A4A3,0,192.34,716.67,0,-1
160,legit_21,198.4,989.39,8.9414,0.5238,182.58,B5B4,2,102.73,668.31,0,-1
160,legit_22,928.54,598.4,13.4724,0.1587,90.0,E3F3,1,121.47,529.64,0,-1
160,legit_23,740.37,1.6,13.5544,-0.1452,270.0,E0D0,1,118.79,715.98,0,-1
160,legit_24,201.6,974.86,12.7483,0.6192,0.0,B4B5,1,117.12,659.47,0,-1
160,legit_25,908.07,1001.6,11.229,0.1771,270.0,F5E5,0,162.15,631.81,0,-1
160,legit_26,201.6,27.61,6.1766,1.4867,0.0,B0B1,0,105.82,779.54,0,-1
160,legit_3,10.67,998.4,6.3121,2.5532,90.0,A5B5,1,161.47,792.68,0,-1
160,legit_8,401.6,910.38,11.3802,-0.0278,0.0,C4C5,0,85.41,547.9,0,-1
160,legit_9,798.4,464.66,11.7843,0.3365,180.0,E3E2,0,115.31,492.39,0,-1
161,legit_10,979.25,598.4,11.1323,0.5104,90.0,E3F3,1,70.77,554.55,0,-1
161,legit_11,801.6,176.33,13.5813,0.3697,0.0,E0E1,1,76.39,607.09,0,-1
161,legit_14,798.4,300.13,12.5933,-0.5079,180.0,E2E1,1,76.99,543.19,0,-1
161,legit_15,147.2,201.6,13.5462,1.8986,270.0,B1A1,0,81.65,700.97,0,-1
161,legit_16,61.38,998.4,11.9165,-0.0552,90.0,A5B5,3,120.47,756.39,0,-1
161,legit_17,746.78,-1.6,13.2557,0.5605,90.0,D0E0,1,121.64,719.64,0,-1
161,legit_18,798.4,791.91,5.7435,-0.7586,165.92,E4E3,0,68.23,505.05,0,-1
161,legit_19,282.23,401.6,12.6978,-0.1053,270.0,C2B2,0,138.62,552.15,0,-1
161,legit_20,-1.6,708.3,13.332,-0.338,180.0,A4A3,0,186.31,714.82,0,-1
161,legit_21,198.4,978.29,11.1041,2.1626,180.0,B5B4,2,112.64,662.8,0,-1
161,legit_22,941.68,598.4,13.148,-0.3245,90.0,E3F3,1,108.33,535.85,0,-1
161,legit_23,727.78,1.6,12.5876,-0.9668,270.0,E0D0,1,120.47,713.97,0,-1
161,legit_24,201.6,984.19,9.3383,-3.41,0.0,B4B5,2,108.82,664.07,0,-1
161,legit_25,896.46,1001.6,11.6022,0.3731,270.0,F5E5,0,166.13,627.16,0,-1
161,legit_26,201.6,36.12,8.5125,2.3359,0.0,B0B1,0,98.48,773.4,0,-1
161,legit_3,18.85,998.4,8.1825,1.8704,90.0,A5B5,1,154.46,786.69,0,-1
161,legit_8,401.6,922.28,11.9034,0.5232,0.0,C4C5,0,95.46,553.38,0,-1
161,legit_9,798.4,453.17,11.4952,-0.2891,180.0,E3E2,0,104.99,494.65,0,-1
162,legit_10,987.11,598.4,7.8621,-3.2702,90.0,E3F3,1,62.91,558.65,0,-1
162,legit_11,801.6,189.68,13.3522,-0.229,0.0,E0E1,1,86.71,599.52,0,-1
162,legit_14,798.4,286.26,13.8609,1.2676,180.0,E2E1,1,88.2,549.43,0,-1
162,legit_15,134.66,201.6,12.5465,-0.9998,270.0,B1A1,0,83.03,708.46,0,-1
162,legit_16,73.49,998.4,12.1075,0.1911,90.0,A5B5,3,111.86,748.05,0,-1
162,legit_17,760.18,-1.6,13.3959,0.1403,90.0,D0E0,1,122.02,722.12,0,-1
162,legit_18,798.4,784.65,7.261,1.5175,180.0,E4E3,0,73.53,503.2,0,-1
162,legit_19,268.95,401.6,13.2838,0.586,270.0,C2B2,0,126.02,558.16,0,-1
162,legit_20,-1.6,695.22,13.0755,-0.2565,180.0,A4A3,1,179.02,713.21,0,-1
162,legit_21,198.4,965.71,12.5748,1.4708,180.0,B5B4,2,124.11,656.71,0,-1
162,legit_22,955.17,598.4,13.4855,0.3375,90.0,E3F3,1,94.84,542.4,0,-1
162,legit_23,714.29,1.6,13.4933,0.9057,270.0,E0D0,1,123.67,712.05,0,-1
162,legit_24,201.6,989.89,5.6987,-3.6396,0.0,B4B5,2,103.84,666.92,0,-1
162,legit_25,884.88,1001.6,11.5826,-0.0196,270.0,F5E5,0,156.01,622.66,0,-1
162,legit_26,201.6,46.92,10.7946,2.2821,0.0,B0B1,0,89.46,765.71,0,-1
162,legit_27,-1.6,587.7,0.0,0.0,180.0,A3A2,1,152.1,707.72,0,-1
162,legit_3,29.39,998.4,10.5407,2.3581,90.0,A5B5,1,145.62,779.05,0,-1
162,legit_8,401.6,933.27,10.9912,-0.9121,0.0,C4C5,0,105.08,558.59,0,-1
162,legit_9,798.4,441.74,11.4261,-0.0692,180.0,E3E2,0,95.0,497.06,0,-1
163,legit_10,991.57,598.4,4.4603,-3.4018,90.0,E3F3,1,58.45,561.0,0,-1
163,legit_11,801.6,202.67,12.9913,-0.3609,0.0,:E1_9,1,97.45,592.34,0,-1
163,legit_14,798.4,273.66,12.6091,-1.2518,180.0,E2E1,1,98.98,555.29,0,-1
163,legit_15,120.91,201.6,13.7441,1.1976,270.0,B1A1,0,86.63,716.93,0,-1
163,legit_16,85.47,998.4,11.9856,-0.122,90.0,A5B5,3,104.03,739.94,0,-1
163,legit_17,773.19,-1.6,13.017,-0.3789,90.0,D0E0,1,123.79,724.75,0,-1
163,legit_18,798.4,775.06,9.5832,2.3223,180.0,E4E3,0,80.99,500.87,0,-1
163,legit_19,256.58,401.6,12.3721,-0.9116,270.0,C2B2,0,114.41,563.92,0,-1
163,legit_20,-1.6,681.9,13.3253,0.2498,180.0,A4A3,1,172.31,711.77,0,-1
163,legit_21,198.4,952.41,13.3052,0.7304,180.0,B5B4,2,122.38,650.42,0,-1
163,legit_22,968.31,598.4,13.1417,-0.3438,90.0,E3F3,1,81.7,548.96,0,-1
163,legit_23,701.6,1.6,12.6816,-0.8117,270.0,E0D0,1,127.91,710.46,0,-1
163,legit_24,202.15,995.58,5.7638,0.065,6.34,:B5_3,2,99.23,669.51,0,-1
163,legit_25,873.8,1001.6,11.0792,-0.5035,270.0,F5E5,0,146.54,618.49,0,-1
163,legit_26,201.6,58.69,11.7688,0.9742,0.0,B0B1,0,80.14,757.42,0,-1
163,legit_27,-1.6,585.75,1.9489,1.9489,180.0,A3A2,1,152.27,707.76,0,-1
163,legit_3,42.16,998.4,12.7714,2.2307,90.0,A5B5,1,135.23,769.9,0,-1
163,legit_8,401.6,944.43,11.1548,0.1636,0.0,C4C5,0,115.1,564.01,0,-1
163,legit_9,798.4,430.42,11.3208,-0.1052,180.0,E3E2,0,85.45,499.59,0,-1
164,legit_10,996.23,597.46,4.8442,0.3838,101.0,:F3_6,1,53.83,563.48,0,-1
164,legit_11,801.6,215.58,12.9031,-0.0883,0.0,E1E2,1,108.62,585.39,0,-1
164,legit_14,798.4,260.72,12.9315,0.3224,180.0,E2E1,1,110.45,561.49,0,-1
164,legit_15,108.21,201.6,12.7063,-1.0378,270.0,B1A1,0,91.68,725.0,0,-1
164,legit_16,97.67,998.4,12.192,0.2064,90.0,A5B5,3,96.94,731.85,0,-1
164,legit_17,785.54,-1.6,12.3506,-0.6664,90.0,D0E0,1,126.69,727.46,0,-1
164,legit_18,798.4,764.07,10.9914,1.4081,180.0,E4E3,0,90.04,498.34,0,-1
164,legit_19,244.17,401.6,12.4128,0.0407,270.0,C2B2,0,102.95,569.87,0,-1
164,legit_20,-1.6,668.43,13.4629,0.1376,180.0,A4A3,1,166.33,710.53,0,-1
164,legit_21,198.4,939.39,13.0138,-0.2914,180.0,B5B4,2,110.55,644.43,0,-1
164,legit_22,976.95,598.4,8.6417,-4.5,90.0,E3F3,1,73.06,553.37,0,-1
164,legit_23,688.26,1.6,13.3469,0.6653,270.0,E0D0,1,133.53,709.0,0,-1
164,legit_24,206.1,998.24,5.0603,-0.7035,56.31,:B5_3,2,99.15,668.88,0,-1
164,legit_25,862.31,1001.6,11.4953,0.4162,270.0,F5E5,0,136.96,614.29,0,-1
164,legit_26,201.6,70.27,11.5796,-0.1892,0.0,B0B1,0,71.67,749.39,0,-1
164,legit_27,-1.6,581.24,4.5137,2.5648,180.0,A3A2,1,152.76,707.85,0,-1
164,legit_3,55.71,998.4,13.5493,0.7779,90.0,A5B5,1,124.69,760.34,0,-1
164,legit_8,401.6,956.16,11.7355,0.5807,0.0,C4C5,0,125.84,569.85,0,-1
164,legit_9,798.4,419.13,11.2955,-0.0253,180.0,E3E2,0,76.41,502.27,0,-1
165,legit_10,998.27,593.69,4.519,-0.3251,148.56,:F3_6,1,52.11,564.61,0,-1
165,legit_11,801.6,228.95,13.3715,0.4685,0.0,E1E2,1,120.55,578.36,0,-1
165,legit_14,798.4,247.44,13.2805,0.349,180.0,E2E1,1,122.52,568.04,0,-1
165,legit_15,95.58,201.6,12.6241,-0.0822,270.0,B1A1,0,98.08,733.22,0,-1
165,legit_16,109.6,998.4,11.9381,-0.2539,90.0,A5B5,3,91.05,724.11,0,-1
165,legit_17,793.39,-1.52,7.8506,-4.5,89.04,:E0_7,1,129.03,729.21,0,-1
165,legit_18,798.4,751.59,12.4785,1.4871,180.0,E4E3,0,100.79,495.64,0,-1
165,legit_19,230.88,401.6,13.2836,0.8708,270.0,C2B2,0,90.95,576.41,0,-1
165,legit_20,-1.6,655.55,12.8814,-0.5816,180.0,A4A3,1,161.46,709.55,0,-1
165,legit_21,198.4,926.37,13.0203,0.0065,180.0,B5B4,3,99.01,638.6,0,-1
165,legit_22,984.7,598.4,7.7507,-0.8911,90.0,E3F3,1,65.32,557.39,0,-1
165,legit_23,675.34,1.6,12.9135,-0.4333,270.0,E0D0,1,139.97,707.8,0,-1
165,legit_24,211.76,998.4,5.6746,0.6143,89.29,B5C5,3,102.34,666.13,0,-1
165,legit_25,851.31,1001.6,10.9936,-0.5017,270.0,F5E5,0,128.1,610.42,0,-1
165,legit_26,201.6,82.78,12.5197,0.9401,0.0,B0B1,0,63.62,740.87,0,-1
165,legit_27,-1.6,575.14,6.0999,1.5862,180.0,A3A2,1,153.63,708.02,0,-1
165,legit_3,68.74,998.4,13.0237,-0.5255,90.0,A5B5,3,115.16,751.31,0,-1
165,legit_8,401.6,968.12,11.9574,0.2219,0.0,C4C5,0,121.9,575.94,0,-1
165,legit_9,798.4,408.13,10.9982,-0.2973,180.0,E3E2,0,68.26,505.04,0,-1
166,legit_10,998.4,588.72,4.9791,0.4601,178.51,F3F2,1,52.82,564.76,0,-1
166,legit_11,801.6,242.82,13.8682,0.4967,0.0,E1E2,1,128.04,571.27,0,-1
166,legit_14,798.4,234.01,13.4341,0.1535,180.0,E2E1,1,123.86,574.85,0,-1
166,legit_15,82.72,201.6,12.8673,0.2432,270.0,B1A1,0,105.76,741.8,0,-1
166,legit_16,121.04,998.4,11.4327,-0.5054,90.0,A5B5,3,86.59,716.86,0,-1
166,legit_17,800.18,1.89,8.0182,0.1676,51.9,:E0_10,1,128.32,728.15,0,-1
166,legit_18,798.4,737.99,13.5994,1.121,180.0,E4E3,0,112.91,492.9,0,-1
166,legit_19,219.78,401.6,11.1052,-2.1784,270.0,C2B2,0,81.24,582.03,0,-1
166,legit_20,-1.6,642.12,13.4349,0.5536,180.0,A4A3,1,157.34,708.73,0,-1
166,legit_21,198.4,912.83,13.539,0.5187,180.0,B5B4,3,87.45,632.71,0,-1
166,legit_22,990.22,598.4,5.5142,-2.2364,90.0,E3F3,1,59.8,560.29,0,-1
166,legit_23,661.77,1.6,13.5746,0.661,270.0,E0D0,1,147.66,706.76,0,-1
166,legit_24,219.81,998.4,8.0513,2.3767,90.0,B5C5,3,107.39,662.18,0,-1
166,legit_25,839.77,1001.6,11.5444,0.5508,270.0,F5E5,0,119.18,606.5,0,-1
166,legit_26,201.6,94.64,11.8559,-0.6638,0.0,B0B1,0,57.49,732.98,0,-1
166,legit_27,-1.6,567.19,7.9484,1.8485,180.0,A3A2,1,155.11,708.3,0,-1
166,legit_3,81.75,998.4,13.0165,-0.0072,90.0,A5B5,3,106.38,742.44,0,-1
166,legit_8,401.6,979.8,11.6791,-0.2783,0.0,C4C5,0,111.28,582.03,0,-1
166,legit_9,798.4,397.05,11.0754,0.0772,180.0,:E2_1,0,60.95,508.0,0,-1
167,legit_10,998.4,581.52,7.2001,2.221,180.0,F3F2,1,54.81,564.96,0,-1
167,legit_11,801.6,255.47,12.6529,-1.2153,0.0,E1E2,2,116.57,564.97,0,-1
167,legit_14,798.4,220.31,13.6961,0.2621,180.0,E2E1,1,111.38,581.97,0,-1
167,legit_15,70.04,201.6,12.6782,-0.1891,270.0,B1A1,0,114.25,750.42,0,-1
167,legit_16,132.64,998.4,11.6009,0.1683,90.0,A5B5,3,83.43,709.69,0,-1
167,legit_17,801.6,9.75,8.1383,0.12,3.98,E0E1,0,121.73,722.33,0,-1
167,legit_18,798.4,724.89,13.1055,-0.4939,180.0,E4E3,0,124.87,490.46,0,-1
167,legit_19,211.84,401.6,7.938,-3.1672,270.0,C2B2,0,74.53,586.14,0,-1
167,legit_20,-1.6,628.97,13.1504,-0.2845,180.0,A4A3,1,154.34,708.15,0,-1
167,legit_21,198.4,899.12,13.7108,0.1718,180.0,B5B4,3,76.41,626.96,0,-1
167,legit_22,995.99,597.6,5.9233,0.4091,99.32,:F3_6,1,54.06,563.36,0,-1
167,legit_23,648.99,1.6,12.7816,-0.793,270.0,E0D0,0,155.63,705.97,0,-1
167,legit_24,229.39,998.4,9.5819,1.5306,90.0,B5C5,3,113.85,657.59,0,-1
167,legit_25,827.7,1001.6,12.0647,0.5203,270.0,F5E5,0,110.38,602.56,0,-1
167,legit_26,201.6,107.14,12.5018,0.6458,0.0,B0B1,0,53.18,724.87,0,-1
167,legit_27,-1.6,557.33,9.8605,1.9121,180.0,A3A2,1,157.49,708.76,0,-1
167,legit_3,94.75,998.4,12.9917,-0.0249,90.0,A5B5,3,98.55,733.78,0,-1
167,legit_8,401.6,988.31,8.5085,-3.1706,0.0,C4C5,0,103.68,586.56,0,-1
167,legit_9,798.4,385.75,11.3026,0.2272,180.0,E2E1,1,54.82,511.22,0,-1
168,legit_10,998.4,572.73,8.7918,1.5917,180.0,F3F2,1,58.36,565.34,0,-1
168,legit_11,801.6,268.96,13.4875,0.8345,0.0,E1E2,2,104.65,558.45,0,-1
168,legit_14,798.4,206.82,13.4962,-0.1999,180.0,:E1_1,1,99.4,589.19,0,-1
168,legit_15,57.42,201.6,12.6188,-0.0594,270.0,B1A1,0,123.41,759.15,0,-1
168,legit_16,144.82,998.4,12.1816,0.5806,90.0,A5B5,3,81.76,702.37,0,-1
168,legit_17,801.6,20.05,10.299,2.1607,0.0,E0E1,0,112.48,714.31,0,-1
168,legit_18,798.4,711.91,12.977,-0.1286,180.0,E4E3,1,121.93,488.24,0,-1
168,legit_19,207.36,401.6,4.4799,-3.4581,270.0,C2B2,0,70.86,588.49,0,-1
168,legit_20,-1.6,615.71,13.2521,0.1017,180.0,A4A3,1,152.41,707.78,0,-1
168,legit_21,198.4,885.45,13.6684,-0.0425,180.0,B5B4,3,66.4,621.43,0,-1
168,legit_22,998.36,593.07,5.4187,-0.5046,155.07,:F3_6,1,52.1,564.67,0,-1
168,legit_23,636.17,1.6,12.8174,0.0358,270.0,E0D0,0,164.24,705.36,0,-1
168,legit_24,241.47,998.4,12.0742,2.4923,90.0,B5C5,3,122.58,651.95,0,-1
168,legit_25,816.65,1001.6,11.0557,-1.009,270.0,F5E5,0,102.9,599.12,0,-1
168,legit_26,201.6,119.13,11.989,-0.5127,0.0,B0B1,0,51.61,717.33,0,-1
168,legit_27,-1.6,545.15,12.1824,2.3219,180.0,A3A2,1,161.22,709.5,0,-1
168,legit_28,801.6,612.3,0.0,0.0,0.0,E3E4,1,53.05,479.16,0,-1
168,legit_3,107.73,998.4,12.9864,-0.0053,90.0,A5B5,3,91.9,725.31,0,-1
168,legit_8,401.6,992.42,4.1155,-4.393,0.0,C4C5,0,100.06,588.78,0,-1
168,legit_9,798.4,374.96,10.7921,-0.5105,180.0,E2E1,1,50.66,514.49,0,-1
169,legit_10,998.4,562.44,10.2852,1.4934,180.0,F3F2,1,63.82,565.93,0,-1
169,legit_11,801.6,282.51,13.5593,0.0718,0.0,E1E2,2,93.09,552.09,0,-1
169,legit_14,798.4,193.05,13.7709,0.2747,180.0,:E1_1,1,87.63,596.74,0,-1
169,legit_15,43.97,201.6,13.4474,0.8286,270.0,B1A1,0,133.79,768.62,0,-1
169,legit_16,156.77,998.4,11.9505,-0.2311,90.0,A5B5,3,81.88,695.42,0,-1
169,legit_17,801.6,31.74,11.6875,1.3885,0.0,E0E1,0,102.24,705.3,0,-1
169,legit_18,798.4,698.1,13.8079,0.831,180.0,E4E3,1,109.39,486.08,0,-1
169,legit_19,200.52,401.6,6.8389,2.359,270.0,:B2_5,0,65.44,592.12,0,-1
169,legit_20,-1.6,602.05,13.6663,0.4143,180.0,:A3_0,1,151.61,707.63,0,-1
169,legit_21,198.4,872.04,13.4116,-0.2568,180.0,B5B4,3,58.05,616.25,0,-1
169,legit_22,998.4,587.64,5.4272,0.0086,180.0,F3F2,1,53.06,564.79,0,-1
169,legit_23,623.7,1.6,12.4712,-0.3462,270.0,E0D0,0,173.12,704.95,0,-1
169,legit_24,254.27,998.4,12.7991,0.7249,90.0,B5C5,4,132.4,646.15,0,-1
169,legit_25,805.67,1001.6,10.9769,-0.0788,270.0,:E5_0,0,96.16,595.85,0,-1
169,legit_26,201.6,131.12,11.9851,-0.0039,0.0,B0B1,0,52.78,710.03,0,-1
169,legit_27,-1.6,532.46,12.6862,0.5038,180.0,A3A2,1,165.96,710.46,0,-1
169,legit_28,801.6,614.28,1.979,1.979,0.0,E3E4,1,53.54,479.22,0,-1
169,legit_3,121.37,998.4,13.6371,0.6508,90.0,A5B5,3,86.48,716.65,0,-1
169,legit_8,400.64,994.08,1.9934,-2.1222,348.39,:C5_5,1,99.09,589.94,0,-1
169,legit_9,798.4,363.42,11.5414,0.7493,180.0,E2E1,1,48.52,518.24,0,-1
170,legit_10,998.4,551.64,10.8054,0.5202,180.0,F3F2,1,70.72,566.72,0,-1
170,legit_11,801.6,295.45,12.9358,-0.6235,0.0,E1E2,2,82.64,546.21,0,-1
170,legit_14,798.4,179.31,13.7405,-0.0304,180.0,E1E0,2,76.55,604.48,0,-1
170,legit_15,30.98,201.6,12.986,-0.4614,270.0,B1A1,0,144.3,777.9,0,-1
170,legit_16,168.59,998.4,11.8238,-0.1267,90.0,A5B5,3,83.69,688.75,0,-1
170,legit_17,801.6,45.24,13.5075,1.82,0.0,E0E1,1,90.84,695.02,0,-1
170,legit_18,798.4,685.1,13.0076,-0.8004,180.0,E4E3,1,97.9,484.25,0,-1
170,legit_19,191.69,401.6,8.8325,1.9936,270.0,B2A2,0,58.89,596.91,0,-1
170,legit_20,-1.6,588.45,13.5973,-0.0691,180.0,A3A2,1,152.04,707.71,0,-1
170,legit_21,198.4,859.04,12.9997,-0.412,180.0,B5B4,1,52.01,611.48,0,-1
170,legit_22,998.4,579.65,7.9947,2.5675,180.0,F3F2,1,55.47,565.03,0,-1
170,legit_23,611.11,1.6,12.5943,0.1231,270.0,E0D0,0,182.51,704.71,0,-1
170,legit_24,266.26,998.4,11.9927,-0.8064,90.0,B5C5,3,142.04,640.87,0,-1
170,legit_25,793.43,1001.6,12.237,1.2601,270.0,:E5_0,0,89.63,592.41,0,-1
170,legit_26,201.6,143.17,12.0518,0.0667,0.0,B0B1,0,56.56,702.94,0,-1
170,legit_27,-1.6,520.27,12.1877,-0.4984,180.0,A3A2,1,171.29,711.56,0,-1
170,legit_28,801.6,618.67,4.3877,2.4086,0.0,E3E4,1,54.87,479.36,0,-1
170,legit_3,135.04,998.4,13.6702,0.033,90.0,A5B5,2,82.96,708.23,0,-1
170,legit_8,398.94,993.61,2.079,0.0856,308.49,:C5_5,1,100.35,590.17,0,-1
170,legit_9,798.4,352.21,11.2078,-0.3337,180.0,E2E1,1,49.02,522.14,0,-1
171,legit_10,998.4,540.81,10.8233,0.0179,180.0,F3F2,1,78.52,567.67,0,-1
171,legit_11,801.6,308.77,13.3239,0.3882,0.0,E1E2,2,72.71,540.38,0,-1
171,legit_14,798.4,166.35,12.9555,-0.785,180.0,E1E0,2,67.01,611.97,0,-1
171,legit_15,17.94,201.6,13.0471,0.0611,270.0,B1A1,0,155.24,787.36,0,-1
171,legit_16,180.99,998.4,12.4016,0.5778,90.0,A5B5,2,87.29,681.99,0,-1
171,legit_17,801.6,58.67,13.4261,-0.0815,0.0,E0E1,1,80.15,684.95,0,-1
171,legit_18,798.4,671.53,13.5611,0.5535,180.0,E4E3,1,86.37,482.56,0,-1
171,legit_19,181.35,401.6,10.3422,1.5097,270.0,B2A2,0,52.09,602.65,0,-1
171,legit_20,-1.6,575.67,12.7775,-0.8198,180.0,A3A2,1,153.54,708.0,0,-1
171,legit_21,198.4,845.91,13.1369,0.1373,180.0,B5B4,0,48.76,606.96,0,-1
171,legit_22,998.4,569.07,10.5785,2.5838,180.0,F3F2,1,60.16,565.53,0,-1
171,legit_23,597.9,1.6,13.2082,0.614,270.0,:D0_4,0,189.45,704.64,0,-1
171,legit_24,278.97,998.4,12.7117,0.7191,90.0,B5C5,3,152.62,635.44,0,-1
171,legit_25,781.33,1001.6,12.1078,-0.1292,270.0,E5D5,0,84.43,589.22,0,-1
171,legit_26,201.6,154.87,11.706,-0.3458,0.0,B0B1,0,62.28,696.25,0,-1
171,legit_27,-1.6,507.92,12.3488,0.1611,180.0,A3A2,1,177.37,712.85,0,-1
171,legit_28,801.6,625.22,6.5552,2.1676,0.0,E3E4,1,57.43,479.64,0,-1
171,legit_3,147.79,998.4,12.746,-0.9242,90.0,A5B5,2,81.63,700.63,0,-1
171,legit_8,398.4,991.39,2.3799,0.3009,228.51,C5C4,1,102.54,589.12,0,-1
171,legit_9,798.4,341.46,10.7516,-0.4561,180.0,E2E1,1,51.83,526.12,0,-1
172,legit_10,998.4,529.37,11.4385,0.6151,180.0,F3F2,1,87.47,568.83,0,-1
172,legit_11,801.6,321.62,12.8464,-0.4776,0.0,E1E2,1,64.31,534.97,0,-1
172,legit_14,798.4,153.03,13.3204,0.3649,180.0,E1E0,1,58.6,619.9,0,-1
172,legit_16,192.65,998.4,11.6552,-0.7464,90.0,A5B5,2,92.07,675.83,0,-1
172,legit_17,801.6,71.5,12.8321,-0.5939,0.0,E0E1,1,70.81,675.49,0,-1
172,legit_18,798.4,658.3,13.2336,-0.3274,180.0,E4E3,1,75.77,481.12,0,-1
172,legit_19,168.75,401.6,12.5955,2.2532,270.0,B2A2,0,45.63,609.88,0,-1
172,legit_20,-1.6,561.9,13.7734,0.9959,180.0,A3A2,1,156.31,708.53,0,-1
172,legit_21,198.4,832.33,13.5733,0.4363,180.0,B5B4,0,49.0,602.63,0,-1
172,legit_22,998.4,556.11,12.9602,2.3816,180.0,F3F2,1,67.74,566.37,0,-1
172,legit_23,585.47,1.6,12.4221,-0.7861,270.0,D0C0,0,179.92,704.76,0,-1
172,legit_24,290.85,998.4,11.8751,-0.8366,90.0,B5C5,3,162.78,630.52,0,-1
172,legit_25,769.13,1001.6,12.1916,0.0838,270.0,E5D5,0,80.7,586.24,0,-1
172,legit_26,201.6,166.66,11.7816,0.0757,0.0,B0B1,0,69.57,689.71,0,-1
172,legit_27,-1.6,496.08,11.845,-0.5038,180.0,A3A2,1,183.8,714.26,0,-1
172,legit_28,801.6,633.6,8.374,1.8188,0.0,E3E4,1,61.57,480.11,0,-1
172,legit_3,161.65,998.4,13.8599,1.1139,90.0,A5B5,2,82.43,692.64,0,-1
172,legit_8,398.4,986.42,4.9765,2.5966,180.0,C5C4,1,106.87,586.45,0,-1
172,legit_9,798.4,330.88,10.5823,-0.1694,180.0,E2E1,1,56.49,530.24,0,-1
173,legit_10,998.4,517.79,11.5842,0.1458,180.0,F3F2,1,97.06,570.16,0,-1
173,legit_11,801.6,334.41,12.7867,-0.0597,0.0,E1E2,1,57.6,529.84,0,-1
173,legit_14,798.4,139.99,13.0404,-0.28,180.0,E1E0,1,52.37,627.9,0,-1
173,legit_16,203.92,998.4,11.2738,-0.3813,90.0,:B5_7,2,97.81,670.05,0,-1
173,legit_17,801.6,85.1,13.5952,0.7631,0.0,E0E1,1,62.3,665.67,0,-1
173,legit_18,798.4,645.54,12.7643,-0.4694,180.0,E4E3,1,66.45,479.96,0,-1
173,legit_19,155.83,401.6,12.9163,0.3208,270.0,B2A2,0,42.01,617.6,0,-1
173,legit_20,-1.6,548.33,13.5716,-0.2018,180.0,A3A2,1,160.16,709.29,0,-1
173,legit_21,198.4,819.52,12.8129,-0.7603,180.0,B5B4,0,52.55,598.87,0,-1
173,legit_22,998.4,542.69,13.419,0.4589,180.0,F3F2,1,77.12,567.49,0,-1
173,legit_23,572.87,1.6,12.6069,0.1848,270.0,D0C0,0,170.63,705.05,0,-1
173,legit_24,303.86,998.4,13.0152,1.1401,90.0,B5C5,3,167.38,625.3,0,-1
173,legit_25,757.31,1001.6,11.8215,-0.3701,270.0,E5D5,0,78.74,583.59,0,-1
173,legit_26,201.6,178.68,12.0223,0.2407,0.0,B0B1,0,78.14,683.2,0,-1
173,legit_27,-1.6,484.33,11.7462,-0.0988,180.0,A3A2,1,190.69,715.82,0,-1
173,legit_28,801.6,643.6,9.9992,1.6252,0.0,E3E4,1,67.55,480.81,0,-1
173,legit_3,175.36,998.4,13.7153,-0.1446,90.0,A5B5,2,85.45,685.03,0,-1
173,legit_8,398.4,979.41,7.0084,2.032,180.0,C5C4,1,113.05,582.73,0,-1
173,legit_9,798.4,319.51,11.362,0.7797,180.0,E2E1,1,63.1,534.87,0,-1
174,legit_10,998.4,505.95,11.8457,0.2614,180.0,F3F2,1,107.28,571.68,0,-1
174,legit_11,801.6,347.54,13.1291,0.3424,0.0,E1E2,1,53.08,524.86,0,-1
174,legit_14,798.4,126.31,13.6813,0.6409,180.0,E1E0,1,48.81,636.6,0,-1
174,legit_16,215.86,998.4,11.9391,0.6653,90.0,B5C5,2,104.86,664.11,0,-1
174,legit_17,801.6,98.75,13.6546,0.0594,0.0,E0E1,1,55.8,656.05,0,-1
174,legit_18,798.4,631.84,13.6962,0.932,180.0,E4E3,1,57.93,478.97,0,-1
174,legit_19,143.18,401.6,12.6558,-0.2605,270.0,B2A2,0,42.16,625.51,0,-1
174,legit_20,-1.6,535.74,12.5919,-0.9797,180.0,A3A2,1,164.66,710.19,0,-1
174,legit_21,198.4,806.38,13.1377,0.3248,180.0,:B4_1,0,58.93,595.3,0,-1
174,legit_22,998.4,529.56,13.1331,-0.286,180.0,F3F2,1,87.32,568.81,0,-1
174,legit_23,560.07,1.6,12.8028,0.1959,270.0,D0C0,0,161.66,705.52,0,-1
174,legit_24,316.79,998.4,12.9301,-0.0851,90.0,B5C5,3,156.21,620.28,0,-1
174,legit_25,745.29,1001.6,12.0228,0.2014,270.0,E5D5,0,78.54,581.14,0,-1
174,legit_26,201.6,191.22,12.5395,0.5172,0.0,B0B1,0,87.95,676.59,0,-1
174,legit_27,-1.6,472.89,11.4397,-0.3065,180.0,A3A2,1,189.02,717.49,0,-1
174,legit_28,801.6,655.58,11.9898,1.9906,0.0,E3E4,1,75.84,481.85,0,-1
174,legit_29,412.3,198.4,0.0,0.0,90.0,C1D1,0,86.99,590.87,0,-1
174,legit_3,188.13,998.4,12.7734,-0.9419,90.0,A5B5,2,90.07,678.19,0,-1
174,legit_8,398.4,969.87,9.5436,2.5351,180.0,C5C4,1,121.62,577.75,0,-1
174,legit_9,798.4,308.17,11.3403,-0.0217,180.0,E2E1,1,70.91,539.67,0,-1
175,legit_10,998.4,494.93,11.0108,-0.8348,180.0,F3F2,1,117.05,573.22,0,-1
175,legit_11,801.6,361.05,13.5091,0.3799,0.0,E1E2,1,51.61,520.07,0,-1
175,legit_14,798.4,113.68,12.6237,-1.0575,180.0,E1E0,1,48.81,644.93,0,-1
175,legit_16,228.21,998.4,12.3504,0.4113,90.0,B5C5,1,113.03,658.15,0,-1
175,legit_17,801.6,112.14,13.3885,-0.2661,0.0,E0E1,1,52.2,646.89,0,-1
175,legit_18,798.4,618.98,12.8634,-0.8329,180.0,E4E3,1,51.99,478.33,0,-1
175,legit_19,130.53,401.6,12.6523,-0.0035,270.0,B2A2,1,45.93,633.74,0,-1
175,legit_20,-1.6,522.78,12.9547,0.3628,180.0,A3A2,1,170.13,711.32,0,-1
175,legit_21,198.4,792.77,13.6138,0.4761,180.0,B4B3,0,67.63,591.88,0,-1
175,legit_22,998.4,516.82,12.7336,-0.3995,180.0,F3F2,1,97.88,570.28,0,-1
175,legit_23,546.82,1.6,13.2478,0.4449,270.0,D0C0,0,152.94,706.2,0,-1
175,legit_24,328.92,998.4,12.1305,-0.7997,90.0,B5C5,2,146.01,615.73,0,-1
175,legit_25,733.79,1001.6,11.5024,-0.5205,270.0,E5D5,0,80.06,579.03,0,-1
175,legit_26,201.6,202.82,11.6031,-0.9364,0.0,:B1_9,0,97.58,670.61,0,-1
175,legit_27,-1.6,461.33,11.5619,0.1223,180.0,A3A2,2,182.35,719.33,0,-1
175,legit_28,801.6,669.08,13.4995,1.5097,0.0,E3E4,1,86.23,483.26,0,-1
175,legit_29,414.46,198.4,2.1609,2.1609,90.0,C1D1,0,86.08,590.3,0,-1
175,legit_8,398.4,958.12,11.7414,2.1978,180.0,C5C4,1,128.9,571.74,0,-1
175,legit_9,798.4,296.41,11.7628,0.4225,180.0,E2E1,1,79.91,544.84,0,-1
176,legit_10,998.4,483.99,10.9465,-0.0643,180.0,F3F2,1,126.97,574.88,0,-1
176,legit_11,801.6,373.79,12.7407,-0.7684,0.0,E1E2,1,53.41,515.88,0,-1
176,legit_14,798.4,100.15,13.5388,0.9151,180.0,E1E0,1,52.31,654.17,0,-1
176,legit_16,240.29,998.4,12.0787,-0.2717,90.0,B5C5,1,121.7,652.49,0,-1
176,legit_17,801.6,125.54,13.3956,0.0071,0.0,E0E1,1,51.9,638.04,0,-1
176,legit_18,798.4,608.23,10.7418,-2.1216,180.0,E4E3,1,49.1,478.03,0,-1
176,legit_19,117.41,401.6,13.1112,0.4588,270.0,B2A2,1,52.84,642.58,0,-1
176,legit_20,-1.6,510.17,12.612,-0.3427,180.0,A3A2,1,176.22,712.6,0,-1
176,legit_21,198.4,779.39,13.3826,-0.2312,180.0,B4B3,0,77.57,588.75,0,-1
176,legit_22,998.4,504.93,11.8915,-0.8421,180.0,F3F2,1,108.17,571.81,0,-1
176,legit_23,534.11,1.6,12.7109,-0.5368,270.0,D0C0,0,145.23,707.05,0,-1
176,legit_24,341.78,998.4,12.8607,0.7302,90.0,B5C5,2,135.53,611.09,0,-1
176,legit_25,722.57,1001.6,11.2216,-0.2808,270.0,E5D5,0,83.06,577.18,0,-1
176,legit_26,201.6,214.41,11.5851,-0.018,0.0,B1B2,0,107.59,664.76,0,-1
176,legit_27,-1.6,449.03,12.2969,0.7349,180.0,A3A2,2,175.81,721.46,0,-1
176,legit_28,801.6,682.55,13.465,-0.0345,0.0,E3E4,1,97.35,484.89,0,-1
176,legit_29,418.11,198.4,3.6521,1.4912,90.0,C1D1,0,84.64,589.36,0,-1
176,legit_8,398.4,946.95,11.1779,-0.5635,180.0,C5C4,1,118.74,566.16,0,-1
176,legit_9,798.4,285.29,11.1182,-0.6446,180.0,E2E1,1,89.02,549.87,0,-1
177,legit_10,998.4,473.19,10.7947,-0.1518,180.0,F3F2,1,124.4,576.64,0,-1
177,legit_11,801.6,387.34,13.5503,0.8096,0.0,E1E2,1,58.39,511.76,0,-1
177,legit_14,798.4,87.54,12.6063,-0.9325,180.0,E1E0,1,58.28,663.04,0,-1
177,legit_16,252.66,998.4,12.3721,0.2933,90.0,B5C5,1,131.14,646.87,0,-1
177,legit_17,801.6,138.96,13.4224,0.0268,0.0,E0E1,2,54.97,629.48,0,-1
177,legit_18,796.41,602.64,6.2418,-4.5,204.3,:E3_0,1,46.48,477.32,0,-1
177,legit_19,104.37,401.6,13.0488,-0.0624,270.0,B2A2,2,61.75,651.63,0,-1
177,legit_20,-1.6,496.69,13.4803,0.8683,180.0,A3A2,2,183.46,714.18,0,-1
177,legit_21,198.4,765.79,13.5978,0.2152,180.0,B4B3,0,88.6,585.79,0,-1
177,legit_22,998.4,494.01,10.9245,-0.967,180.0,F3F2,1,117.89,573.36,0,-1
177,legit_23,520.92,1.6,13.1897,0.4788,270.0,D0C0,0,138.01,708.13,0,-1
177,legit_24,354.19,998.4,12.4028,-0.458,90.0,B5C5,2,125.85,606.78,0,-1
177,legit_25,710.77,1001.6,11.7935,0.5719,270.0,E5D5,0,87.67,575.46,0,-1
177,legit_26,201.6,226.63,12.2194,0.6343,0.0,B1B2,0,118.45,658.74,0,-1
177,legit_27,-1.6,436.78,12.2494,-0.0474,180.0,A3A2,2,169.94,723.75,0,-1
177,legit_28,801.6,695.47,12.9181,-0.5469,0.0,E3E4,1,108.52,486.67,0,-1
177,legit_29,423.28,198.4,5.1712,1.5191,90.0,C1D1,0,82.83,588.07,0,-1
177,legit_8,398.4,935.12,11.8253,0.6474,180.0,C5C4,1,108.22,560.4,0,-1
177,legit_9,798.4,274.09,11.2001,0.082,180.0,E2E1,2,98.6,555.09,0,-1
178,legit_10,998.4,461.72,11.4717,0.6769,180.0,F3F2,1,114.06,578.65,0,-1
178,legit_11,801.6,400.82,13.4842,-0.0662,0.0,:E2_9,1,65.79,507.97,0,-1
178,legit_14,798.4,74.61,12.926,0.3197,180.0,E1E0,1,66.35,672.36,0,-1
178,legit_16,264.12,998.4,11.4579,-0.9142,90.0,B5C5,1,140.29,641.8,0,-1
178,legit_17,801.6,151.97,13.0137,-0.4088,0.0,E0E1,2,60.7,621.46,0,-1
178,legit_18,790.16,601.6,6.4615,0.2197,266.16,E3D3,1,40.19,475.32,0,-1
178,legit_19,91.12,401.6,13.2499,0.2011,270.0,B2A2,2,72.1,661.04,0,-1
178,legit_20,-1.6,483.29,13.3983,-0.082,180.0,A3A2,2,191.32,715.96,0,-1
178,legit_21,198.4,752.3,13.4856,-0.1122,180.0,B4B3,0,100.17,583.06,0,-1
178,legit_22,998.4,482.93,11.079,0.1545,180.0,F3F2,1,127.94,575.05,0,-1
178,legit_23,507.43,1.6,13.4832,0.2935,270.0,D0C0,0,131.59,709.45,0,-1
178,legit_24,366.58,998.4,12.396,-0.0068,90.0,B5C5,2,116.69,602.65,0,-1
178,legit_25,699.68,1001.6,11.0928,-0.7007,270.0,E5D5,0,93.16,574.03,0,-1
178,legit_26,201.6,238.84,12.2131,-0.0063,0.0,B1B2,0,129.56,652.87,0,-1
178,legit_27,-1.6,424.17,12.6182,0.3688,180.0,A3A2,2,164.62,726.3,0,-1
178,legit_28,801.6,708.79,13.3267,0.4086,0.0,E3E4,1,120.41,488.7,0,-1
178,legit_29,430.66,198.4,7.3738,2.2026,90.0,C1D1,0,80.75,586.29,0,-1
178,legit_8,398.4,924.17,10.9497,-0.8756,180.0,C5C4,1,98.73,555.2,0,-1
178,legit_9,798.4,262.97,11.1243,-0.0759,180.0,E2E1,2,108.43,560.4,0,-1
179,legit_10,998.4,450.7,11.0259,-0.4458,180.0,F3F2,1,104.35,580.71,0,-1
179,legit_11,801.6,413.78,12.9612,-0.523,0.0,E2E3,0,74.53,504.58,0,-1
179,legit_14,798.4,61.83,12.7812,-0.1448,180.0,E1E0,1,75.67,681.75,0,-1
179,legit_16,275.36,998.4,11.2345,-0.2234,90.0,B5C5,1,149.58,636.97,0,-1
179,legit_17,801.6,164.86,12.8881,-0.1256,0.0,E0E1,2,68.37,613.76,0,-1
179,legit_18,781.88,601.6,8.2829,1.8213,270.0,E3D3,1,31.92,472.73,0,-1
179,legit_19,78.76,401.6,12.3574,-0.8924,270.0,B2A2,2,82.5,669.99,0,-1
179,legit_20,-1.6,469.93,13.3586,-0.0397,180.0,A3A2,2,187.26,717.94,0,-1
179,legit_21,198.4,739.12,13.1836,-0.3019,180.0,B4B3,0,111.89,580.58,0,-1
179,legit_22,998.4,471.59,11.343,0.264,180.0,F3F2,1,122.94,576.92,0,-1
179,legit_23,494.86,1.6,12.5735,-0.9097,270.0,D0C0,0,126.61,710.88,0,-1
179,legit_24,379.53,998.4,12.9451,0.5491,90.0,B5C5,2,107.82,598.53,0,-1
179,legit_25,687.92,1001.6,11.764,0.6712,270.0,E5D5,0,100.0,572.71,0,-1
179,legit_26,201.6,250.82,11.9828,-0.2303,0.0,B1B2,0,120.76,647.24,0,-1
179,legit_27,-1.6,413.91,10.2574,-2.3608,180.0,A3A2,2,160.9,728.5,0,-1
179,legit_28,801.6,722.57,13.7716,0.4449,0.0,E3E4,1,128.27,491.01,0,-1
179,legit_29,439.93,198.4,9.2696,1.8958,90.0,C1D1,0,79.04,584.19,0,-1
179,legit_8,398.4,912.18,11.995,1.0454,180.0,C5C4,1,88.72,549.65,0,-1
179,legit_9,798.4,251.97,10.9945,-0.1298,180.0,E2E1,1,118.37,565.78,0,-1
180,legit_10,998.4,439.14,11.5589,0.533,180.0,F3F2,1,94.47,583.01,0,-1
180,legit_11,801.6,427.64,13.8534,0.8922,0.0,E2E3,0,85.07,501.21,0,-1
180,legit_14,798.4,48.02,13.8142,1.033,180.0,E1E0,1,86.74,692.09,0,-1
180,legit_16,287.37,998.4,12.0165,0.7821,90.0,B5C5,2,159.78,631.95,0,-1
180,legit_17,801.6,177.49,12.6285,-0.2595,0.0,E0E1,2,77.25,606.43,0,-1
180,legit_18,771.86,601.6,10.0203,1.7374,270.0,E3D3,1,21.92,469.71,0,-1
180,legit_19,66.35,401.6,12.407,0.0496,270.0,B2A2,2,93.42,679.12,0,-1
180,legit_20,-1.6,456.29,13.6428,0.2842,180.0,A3A2,2,179.59,720.18,0,-1
180,legit_21,198.4,725.25,13.8644,0.6808,180.0,B4B3,0,124.54,578.17,0,-1
180,legit_22,998.4,460.27,11.3154,-0.0276,180.0,F3F2,1,112.77,578.92,0,-1
180,legit_23,482.27,1.6,12.5861,0.0126,270.0,D0C0,0,122.72,712.51,0,-1
180,legit_24,388.88,998.4,9.3506,-3.5945,90.0,B5C5,2,101.95,595.7,0,-1
180,legit_25,675.76,1001.6,12.1568,0.3927,270.0,E5D5,0,107.97,571.55,0,-1
180,legit_26,201.6,263.24,12.416,0.4332,0.0,B1B2,0,109.66,641.55,0,-1
180,legit_27,-1.6,407.72,6.1938,-4.0636,180.0,A3A2,2,158.93,729.9,0,-1
180,legit_28,801.6,735.52,12.9545,-0.8171,0.0,E3E4,1,116.53,493.39,0,-1
180,legit_29,451.21,198.4,11.2802,2.0106,90.0,C1D1,0,78.41,581.83,0,-1
180,legit_30,1001.6,8.3,0.0,0.0,0.0,F0F1,0,121.74,795.12,0,-1
180,legit_8,398.4,900.75,11.4225,-0.5726,180.0,C5C4,2,79.71,544.53,0,-1
180,legit_9,798.4,240.29,11.6866,0.6921,180.0,E2E1,1,129.13,571.64,0,-1
181,legit_10,998.4,427.6,11.5389,-0.02,180.0,F3F2,1,85.04,585.46,0,-1
181,legit_11,801.6,441.01,13.3719,-0.4815,0.0,E2E3,0,96.05,498.19,0,-1
181,legit_14,798.4,34.71,13.3114,-0.5029,180.0,E1E0,0,98.07,702.21,0,-1
181,legit_16,299.23,998.4,11.8542,-0.1623,90.0,B5C5,2,170.08,627.14,0,-1
181,legit_17,801.6,190.56,13.0744,0.4459,0.0,E0E1,1,87.42,599.03,0,-1
181,legit_18,759.84,601.6,12.0192,1.9989,270.0,E3D3,0,9.97,466.23,0,-1
181,legit_19,54.14,401.6,12.2072,-0.1998,270.0,B2A2,2,104.49,688.23,0,-1
181,legit_20,-1.6,443.03,13.2596,-0.3831,180.0,A3A2,2,172.85,722.56,0,-1
181,legit_21,198.4,711.5,13.7515,-0.1129,180.0,B4B3,0,121.55,575.97,0,-1
181,legit_22,998.4,449.13,11.138,-0.1774,180.0,F3F2,1,102.99,581.01,0,-1
181,legit_23,469.61,1.6,12.6671,0.081,270.0,D0C0,0,120.01,714.37,0,-1
181,legit_24,394.78,998.12,5.9245,-3.4261,93.26,:C5_6,2,98.76,593.81,0,-1
181,legit_25,664.77,1001.6,10.9876,-1.1692,270.0,E5D5,0,115.8,570.66,0,-1
181,legit_26,201.6,274.99,11.755,-0.6609,0.0,B1B2,0,99.44,636.31,0,-1
181,legit_27,-0.31,405.75,2.5046,-3.6893,163.84,:A2_10,2,157.12,729.32,0,-1
181,legit_28,801.6,748.68,13.161,0.2065,0.0,E3E4,0,104.89,496.0,0,-1
181,legit_29,464.86,198.4,13.6481,2.3679,90.0,C1D1,0,79.8,579.26,0,-1
181,legit_30,1001.6,9.84,1.5379,1.5379,0.0,F0F1,0,120.33,793.99,0,-1
181,legit_8,398.4,888.66,12.0919,0.6694,180.0,C5C4,2,70.93,539.28,0,-1
181,legit_9,798.4,228.69,11.5971,-0.0895,180.0,E2E1,1,118.98,577.59,0,-1
182,legit_10,998.4,416.91,10.6827,-0.8562,180.0,F3F2,1,76.82,587.86,0,-1
182,legit_11,801.6,453.82,12.8119,-0.56,0.0,E2E3,0,107.07,495.49,0,-1
182,legit_14,798.4,21.62,13.0841,-0.2273,180.0,E1E0,0,109.64,712.29,0,-1
182,legit_16,310.44,998.4,11.2158,-0.6384,90.0,B5C5,2,161.66,622.72,0,-1
182,legit_17,801.6,203.82,13.2599,0.1855,0.0,:E1_9,1,98.43,591.71,0,-1
182,legit_18,746.7,601.6,13.1359,1.1168,270.0,E3D3,0,3.66,462.97,0,-1
182,legit_19,41.46,401.6,12.6817,0.4745,270.0,B2A2,2,116.24,697.83,0,-1
182,legit_20,-1.6,429.62,13.4103,0.1507,180.0,A3A2,2,166.82,725.17,0,-1
182,legit_21,198.4,698.16,13.3394,-0.4121,180.0,B4B3,0,109.45,574.02,0,-1
182,legit_22,998.4,436.92,12.2081,1.0701,180.0,F3F2,1,92.63,583.47,0,-1
182,legit_23,456.31,1.6,13.295,0.6279,270.0,D0C0,0,118.57,716.54,0,-1
182,legit_24,398.26,993.75,6.0679,0.1433,147.92,:C5_6,2,100.58,590.43,0,-1
182,legit_25,653.68,1001.6,11.0916,0.104,270.0,E5D5,0,124.19,569.92,0,-1
182,legit_26,201.6,287.26,12.2715,0.5165,0.0,B1B2,0,89.18,630.99,0,-1
182,legit_27,1.6,407.2,2.6829,0.1784,95.8,A2A3,2,155.73,727.48,0,-1
182,legit_28,801.6,762.29,13.6046,0.4436,0.0,E3E4,0,93.28,498.91,0,-1
182,legit_29,478.27,198.4,13.4105,-0.2376,90.0,C1D1,0,83.34,577.05,0,-1
182,legit_30,1001.6,13.17,3.3359,1.7981,0.0,F0F1,0,117.28,791.54,0,-1
182,legit_8,398.4,877.37,11.2966,-0.7953,180.0,C5C4,2,63.71,534.56,0,-1
182,legit_9,798.4,216.96,11.7255,0.1284,180.0,E2E1,1,108.37,583.75,0,-1
183,legit_10,998.4,405.09,11.8264,1.1437,180.0,:F2_1,1,68.52,590.68,0,-1
183,legit_11,801.6,466.54,12.7185,-0.0934,0.0,E2E3,0,118.38,493.0,0,-1
183,legit_14,798.4,13.04,8.5841,-4.5,180.0,E1E0,0,117.4,718.97,0,-1
183,legit_16,322.46,998.4,12.0214,0.8056,90.0,B5C5,1,151.41,618.14,0,-1
183,legit_17,801.6,217.07,13.2475,-0.0124,0.0,E1E2,1,109.93,584.59,0,-1
183,legit_18,733.64,601.6,13.059,-0.077,270.0,E3D3,0,16.43,460.87,0,-1
183,legit_19,28.57,401.6,12.8886,0.2069,270.0,B2A2,2,128.35,707.72,0,-1
183,legit_20,-1.6,419.87,9.7496,-3.6607,180.0,A3A2,2,162.99,727.21,0,-1
183,legit_21,198.4,684.48,13.6827,0.3433,180.0,B4B3,0,97.36,572.22,0,-1
183,legit_22,998.4,426.47,10.4496,-1.7585,180.0,F3F2,1,84.15,585.7,0,-1
183,legit_23,442.85,1.6,13.466,0.171,270.0,D0C0,0,118.62,718.98,0,-1
183,legit_24,398.4,988.02,5.7415,-0.3263,179.65,C5C4,2,105.47,587.31,0,-1
183,legit_25,642.02,1001.6,11.658,0.5664,270.0,E5D5,0,133.44,569.29,0,-1
183,legit_26,201.6,299.1,11.8311,-0.4405,0.0,B1B2,0,79.82,626.01,0,-1
183,legit_27,1.6,411.47,4.2696,1.5867,4.73,A2A3,2,157.07,726.51,0,-1
183,legit_28,801.6,775.12,12.83,-0.7746,0.0,E3E4,0,82.9,501.86,0,-1
183,legit_29,491.15,198.4,12.8854,-0.5251,90.0,C1D1,0,88.54,575.2,0,-1
183,legit_30,1001.6,17.96,4.7859,1.45,0.0,F0F1,0,112.94,788.04,0,-1
183,legit_8,398.4,865.25,12.1116,0.815,180.0,C5C4,1,57.45,529.71,0,-1
183,legit_9,798.4,207.89,9.0741,-2.6514,180.0,E2E1,1,100.34,588.61,0,-1
184,legit_10,998.4,394.02,11.0671,-0.7593,180.0,:F2_1,1,61.81,593.49,0,-1
184,legit_11,801.6,480.32,13.7788,1.0603,0.0,E2E3,1,130.33,490.51,0,-1
184,legit_14,798.4,7.94,5.0988,-3.4853,180.0,E1E0,0,122.07,722.96,0,-1
184,legit_16,334.56,998.4,12.0976,0.0762,90.0,B5C5,1,141.37,613.67,0,-1
184,legit_17,801.6,230.76,13.6864,0.4389,0.0,E1E2,1,122.19,577.43,0,-1
184,legit_18,719.92,601.6,13.7267,0.6677,270.0,E3D3,1,30.13,458.89,0,-1
184,legit_19,15.56,401.6,13.0102,0.1216,270.0,B2A2,2,140.73,717.82,0,-1
184,legit_20,-1.6,408.34,11.5252,1.7755,180.0,A3A2,2,159.12,729.75,0,-1
184,legit_21,198.4,670.99,13.4869,-0.1958,180.0,B4B3,0,85.92,570.65,0,-1
184,legit_22,998.4,415.23,11.2411,0.7915,180.0,F3F2,1,75.59,588.25,0,-1
184,legit_23,429.49,1.6,13.3586,-0.1074,270.0,D0C0,0,120.16,721.64,0,-1
184,legit_24,398.4,980.17,7.8519,2.1104,180.0,C5C4,2,112.38,583.13,0,-1
184,legit_25,629.82,1001.6,12.1974,0.5393,270.0,E5D5,0,143.49,568.81,0,-1
184,legit_26,201.6,311.33,12.2307,0.3996,0.0,B1B2,0,70.93,621.03,0,-1
184,legit_27,1.6,418.03,6.5625,2.2929,0.0,A2A3,2,159.34,725.06,0,-1
184,legit_28,801.6,786.04,10.9288,-1.9012,0.0,E3E4,0,74.66,504.54,0,-1
184,legit_29,504.41,198.4,13.2553,0.3699,90.0,C1D1,0,95.43,573.55,0,-1
184,legit_30,1001.6,25.13,7.1666,2.3807,0.0,F0F1,0,106.51,782.83,0,-1
184,legit_8,398.4,853.82,11.4318,-0.6798,180.0,C5C4,1,53.42,525.36,0,-1
184,legit_9,797.14,203.23,4.9339,-4.1402,194.94,:E1_0,1,95.65,590.78,0,-1
185,legit_10,998.4,382.33,11.6928,0.6258,180.0,F2F1,1,56.22,596.66,0,-1
185,legit_11,801.6,493.37,13.0545,-0.7243,0.0,E2E3,1,118.46,488.36,0,-1
185,legit_14,799.82,5.69,2.8703,-2.2285,162.06,:E0_2,0,124.69,725.07,0,-1
185,legit_16,346.88,998.4,12.3203,0.2227,90.0,B5C5,1,131.5,609.29,0,-1
185,legit_17,801.6,244.13,13.3709,-0.3155,0.0,E1E2,1,126.84,570.61,0,-1
185,legit_18,707.25,601.6,12.6661,-1.0605,270.0,E3D3,1,42.78,457.26,0,-1
185,legit_20,-1.6,394.71,13.6322,2.1071,180.0,:A2_0,1,155.52,732.97,0,-1
185,legit_21,198.4,658.32,12.6786,-0.8083,180.0,B4B3,0,75.78,569.36,0,-1
185,legit_22,998.4,404.33,10.9072,-0.3339,180.0,:F2_1,1,68.02,590.87,0,-1
185,legit_23,417.02,1.6,12.4628,-0.8958,270.0,D0C0,0,122.91,724.34,0,-1
185,legit_24,398.4,970.14,10.0257,2.1738,180.0,C5C4,2,121.37,577.89,0,-1
185,legit_25,618.51,1001.6,11.3147,-0.8827,270.0,E5D5,0,153.09,568.5,0,-1
185,legit_26,201.6,323.89,12.5612,0.3305,0.0,B1B2,0,62.98,616.12,0,-1
185,legit_27,1.6,426.34,8.3016,1.739,0.0,A2A3,1,162.55,723.31,0,-1
185,legit_28,801.6,792.8,6.7556,-4.1731,0.0,:E4_8,0,69.93,506.27,0,-1
185,legit_29,518.17,198.4,13.7619,0.5066,90.0,C1D1,0,103.89,572.11,0,-1
185,legit_30,1001.6,34.06,8.9358,1.7691,0.0,F0F1,0,98.63,776.38,0,-1
185,legit_8,398.4,842.92,10.9039,-0.5279,180.0,C5C4,1,51.68,521.44,0,-1
185,legit_9,792.67,201.6,4.9115,-0.0224,249.26,E1D1,1,92.09,590.45,0,-1
186,legit_10,998.4,371.55,10.7757,-0.9172,180.0,F2F1,1,52.88,599.78,0,-1
186,legit_11,801.6,506.38,13.0076,-0.0469,0.0,E2E3,1,106.9,486.4,0,-1
186,legit_14,801.6,7.27,2.607,-0.2633,93.48,E0E1,0,123.98,724.28,0,-1
186,legit_16,359.16,998.4,12.2794,-0.0409,90.0,B5C5,1,122.11,605.1,0,-1
186,legit_17,801.6,257.68,13.555,0.1841,0.0,E1E2,1,114.59,563.89,0,-1
186,legit_18,694.65,601.6,12.6025,-0.0636,270.0,E3D3,1,55.37,455.82,0,-1
186,legit_20,-1.6,381.28,13.4295,-0.2028,180.0,A2A1,1,153.09,736.36,0,-1
186,legit_21,198.4,645.47,12.8426,0.164,180.0,B4B3,0,66.41,568.25,0,-1
186,legit_22,998.4,392.53,11.7965,0.8893,180.0,F2F1,1,61.0,593.88,0,-1
186,legit_23,408.0,1.6,9.0208,-3.442,270.0,D0C0,0,125.63,726.41,0,-1
186,legit_24,398.4,957.89,12.2465,2.2208,180.0,C5C4,2,128.69,571.63,0,-1
186,legit_25,606.7,1001.6,11.8106,0.4959,270.0,:D5_0,0,163.34,568.34,0,-1
186,legit_26,201.6,336.15,12.2612,-0.3,0.0,B1B2,0,56.85,611.54,0,-1
186,legit_27,1.6,436.01,9.6758,1.3743,0.0,A2A3,1,166.73,721.36,0,-1
186,legit_28,804.77,798.05,6.5779,-0.1777,38.63,:E4_8,0,68.99,508.66,0,-1
186,legit_29,531.04,198.4,12.8731,-0.8888,90.0,C1D1,0,112.76,570.98,0,-1
186,legit_30,1001.6,44.97,10.9127,1.9769,0.0,F0F1,0,89.28,768.58,0,-1
186,legit_31,587.7,1.6,0.0,0.0,270.0,D0C0,0,181.6,704.72,0,-1
186,legit_8,398.4,831.07,11.8507,0.9469,180.0,C5C4,1,52.37,517.44,0,-1
186,legit_9,785.77,201.6,6.9023,1.9908,270.0,E1D1,1,89.1,588.61,0,-1
187,legit_10,998.4,360.22,11.331,0.5554,180.0,F2F1,1,51.6,603.29,0,-1
187,legit_11,801.6,519.62,13.2455,0.2379,0.0,E2E3,1,95.51,484.62,0,-1
187,legit_14,801.6,11.88,4.6126,2.0056,2.05,E0E1,0,119.8,720.67,0,-1
187,legit_16,371.42,998.4,12.255,-0.0244,90.0,B5C5,1,113.29,601.09,0,-1
187,legit_17,801.6,270.39,12.7046,-0.8504,0.0,E1E2,1,103.41,557.77,0,-1
187,legit_18,680.95,601.6,13.6974,1.0949,270.0,E3D3,1,69.07,454.46,0,-1
187,legit_20,-1.6,368.68,12.6059,-0.8236,180.0,A2A1,1,151.85,739.73,0,-1
187,legit_21,198.4,632.38,13.0908,0.2482,180.0,B4B3,0,58.23,567.35,0,-1
187,legit_22,998.4,380.98,11.5516,-0.2449,180.0,F2F1,1,55.7,597.04,0,-1
187,legit_23,402.62,3.63,6.0568,-2.964,294.77,:C0_3,0,125.64,726.1,0,-1
187,legit_24,398.4,945.28,12.6096,0.3631,180.0,C5C4,2,117.25,565.34,0,-1
187,legit_25,594.53,1001.6,12.1666,0.356,270.0,:D5_0,0,164.43,568.33,0,-1
187,legit_26,201.6,348.22,12.0699,-0.1913,0.0,B1B2,0,52.93,607.28,0,-1
187,legit_27,1.6,447.26,11.2516,1.5758,0.0,A2A3,1,172.16,719.23,0,-1
187,legit_28,810.31,798.4,5.5641,-1.0138,86.93,E4F4,0,73.27,510.54,0,-1
187,legit_29,544.71,198.4,13.6693,0.7962,90.0,C1D1,0,122.95,570.02,0,-1
187,legit_30,1001.6,57.32,12.3425,1.4299,0.0,F0F1,0,79.19,759.88,0,-1
187,legit_31,585.51,1.6,2.1895,2.1895,270.0,D0C0,0,179.95,704.76,0,-1
187,legit_8,398.4,819.47,11.5974,-0.2534,180.0,C5C4,1,55.53,513.79,0,-1
187,legit_9,776.68,201.6,9.0938,2.1915,270.0,E1D1,1,85.85,586.3,0,-1
188,legit_10,998.4,348.68,11.5417,0.2107,180.0,F2F1,1,52.83,607.12,0,-1
188,legit_11,801.6,533.1,13.476,0.2305,0.0,E2E3,0,84.49,483.02,0,-1
188,legit_14,801.6,17.97,6.0898,1.4772,0.0,E0E1,0,114.34,715.92,0,-1
188,legit_16,383.21,998.4,11.7933,-0.4617,90.0,B5C5,1,105.45,597.4,0,-1
188,legit_17,801.6,283.51,13.1202,0.4156,0.0,E1E2,1,92.27,551.63,0,-1
188,legit_18,667.84,601.6,13.1156,-0.5818,270.0,E3D3,0,82.18,453.36,0,-1
188,legit_20,-1.6,355.74,12.9328,0.3269,180.0,A2A1,1,151.66,743.4,0,-1
188,legit_21,198.4,618.87,13.5078,0.4169,180.0,B4B3,0,51.95,566.71,0,-1
188,legit_22,998.4,369.93,11.0512,-0.5004,180.0,F2F1,1,52.55,600.27,0,-1
188,legit_23,401.6,9.3,5.8744,-0.1824,353.38,C0C1,0,120.82,721.89,0,-1
188,legit_24,398.4,932.74,12.5457,-0.0639,180.0,C5C4,2,106.13,559.26,0,-1
188,legit_25,582.95,1001.6,11.5871,-0.5795,270.0,D5C5,0,154.34,568.48,0,-1
188,legit_26,201.6,360.8,12.5841,0.5142,0.0,B1B2,0,51.61,603.11,0,-1
188,legit_27,1.6,458.73,11.4636,0.2119,0.0,A2A3,1,178.24,717.22,0,-1
188,legit_28,818.02,798.4,7.7032,2.1391,90.0,E4F4,0,79.73,513.08,0,-1
188,legit_29,558.26,198.4,13.5445,-0.1248,90.0,C1D1,0,133.66,569.28,0,-1
188,legit_30,1001.6,71.0,13.6874,1.3449,0.0,F0F1,0,68.87,750.38,0,-1
188,legit_31,581.8,1.6,3.7089,1.5194,270.0,D0C0,0,177.17,704.82,0,-1
188,legit_8,398.4,807.71,11.7571,0.1598,180.0,C5C4,1,60.87,510.33,0,-1
188,legit_9,765.09,201.6,11.5854,2.4916,270.0,E1D1,1,82.98,583.56,0,-1
189,legit_10,998.4,337.25,11.4298,-0.112,180.0,F2F1,1,56.39,611.14,0,-1
189,legit_11,801.6,545.97,12.8655,-0.6105,0.0,E2E3,0,74.71,481.71,0,-1
189,legit_14,801.6,25.51,7.5365,1.4468,0.0,E0E1,0,107.66,710.09,0,-1
189,legit_17,801.6,296.98,13.4708,0.3506,0.0,E1E2,1,81.45,545.53,0,-1
189,legit_18,654.5,601.6,13.3396,0.224,270.0,E3D3,0,95.52,452.44,0,-1
189,legit_20,-1.6,342.19,13.5535,0.6208,180.0,A2A1,1,152.64,747.45,0,-1
189,legit_21,198.4,607.69,11.1879,-2.3199,180.0,B4B3,0,49.01,566.42,0,-1
189,legit_22,998.4,358.69,11.2322,0.181,180.0,F2F1,1,51.62,603.78,0,-1
189,legit_23,401.6,16.89,7.5944,1.72,0.0,C0C1,0,113.9,715.96,0,-1
189,legit_24,398.4,920.67,12.0661,-0.4796,180.0,C5C4,0,95.76,553.56,0,-1
189,legit_25,571.36,1001.6,11.5847,-0.0024,270.0,D5C5,0,144.48,568.77,0,-1
189,legit_26,201.6,372.14,11.333,-1.2511,0.0,B1B2,0,53.01,599.61,0,-1
189,legit_27,1.6,470.43,11.7018,0.2382,0.0,A2A3,1,184.98,715.31,0,-1
189,legit_28,827.51,798.4,9.4972,1.7941,90.0,E4F4,0,87.97,516.32,0,-1
189,legit_29,571.1,198.4,12.8426,-0.7019,90.0,C1D1,0,144.26,568.78,0,-1
189,legit_30,1001.6,84.03,13.0285,-0.6589,0.0,F0F1,0,60.3,741.53,0,-1
189,legit_31,575.81,1.6,5.9881,2.2792,270.0,D0C0,0,172.76,704.96,0,-1
189,legit_9,753.42,201.6,11.6763,0.091,270.0,E1D1,1,81.67,581.01,0,-1
190,legit_10,998.4,326.05,11.2034,-0.2264,180.0,F2F1,1,61.77,615.3,0,-1
190,legit_11,801.6,559.13,13.1615,0.296,0.0,E2E3,0,65.83,480.6,0,-1
190,legit_14,801.6,35.19,9.6832,2.1467,0.0,E0E1,0,99.27,702.66,0,-1
190,legit_17,801.6,310.82,13.8463,0.3755,0.0,E1E2,1,71.28,539.5,0,-1
190,legit_18,640.67,601.6,13.8249,0.4853,270.0,E3D3,0,109.34,451.7,0,-1
190,legit_20,-1.6,329.46,12.7319,-0.8216,180.0,A2A1,0,154.65,751.46,0,-1
190,legit_21,195.55,602.13,6.6879,-4.5,214.61,:B3_0,0,45.6,567.91,0,-1
190,legit_22,998.4,346.66,12.0315,0.7993,180.0,F2F1,1,53.3,607.81,0,-1
190,legit_23,401.6,26.37,9.4785,1.8841,0.0,C0C1,0,105.4,708.61,0,-1
190,legit_24,398.4,908.49,12.1864,0.1203,180.0,C5C4,0,85.75,547.98,0,-1
190,legit_25,559.37,1001.6,11.9892,0.4045,270.0,D5C5,0,134.57,569.23,0,-1
190,legit_26,201.6,384.52,12.3812,1.0482,0.0,B1B2,0,57.13,596.05,0,-1
190,legit_27,1.6,481.87,11.4456,-0.2562,0.0,A2A3,0,189.67,713.61,0,-1
190,legit_28,839.55,798.4,12.0421,2.5448,90.0,E4F4,0,98.75,520.58,0,-1
190,legit_29,582.47,198.4,11.3706,-1.472,90.0,C1D1,0,153.93,568.48,0,-1
190,legit_30,1001.6,97.09,13.0584,0.0299,0.0,F0F1,0,53.55,732.86,0,-1
190,legit_31,568.11,1.6,7.7006,1.7124,270.0,D0C0,0,167.24,705.2,0,-1
190,legit_9,741.88,201.6,11.5405,-0.1358,270.0,E1D1,1,82.0,578.73,0,-1
191,legit_10,998.4,314.27,11.7807,0.5774,180.0,F2F1,1,68.95,619.86,0,-1
191,legit_11,801.6,572.88,13.7518,0.5903,0.0,E2E3,0,58.29,479.73,0,-1
191,legit_14,801.6,46.59,11.3971,1.7139,0.0,E0E1,0,89.73,694.0,0,-1
191,legit_17,801.6,323.94,13.117,-0.7294,0.0,E1E2,1,62.95,534.02,0,-1
191,legit_18,627.0,601.6,13.6754,-0.1495,270.0,E3D3,0,123.01,451.18,0,-1
191,legit_20,-1.6,316.4,13.0577,0.3258,180.0,A2A1,0,157.74,755.77,0,-1
191,legit_21,189.5,601.6,6.1235,-0.5643,267.23,B3A3,0,39.54,571.2,0,-1
191,legit_22,998.4,336.08,10.5813,-1.4502,180.0,F2F1,1,56.87,611.57,0,-1
191,legit_23,401.6,37.27,10.901,1.4225,0.0,C0C1,0,95.85,700.25,0,-1
191,legit_24,398.4,896.3,12.182,-0.0044,180.0,C5C4,0,76.37,542.57,0,-1
191,legit_25,547.53,1001.6,11.8449,-0.1443,270.0,D5C5,0,125.13,569.84,0,-1
191,legit_26,201.6,396.43,11.9168,-0.4643,0.0,:B2_9,0,63.17,592.86,0,-1
191,legit_27,1.6,493.82,11.9433,0.4977,0.0,A2A3,0,182.48,711.99,0,-1
191,legit_28,852.21,798.4,12.66,0.6179,90.0,E4F4,0,110.36,525.24,0,-1
191,legit_29,589.34,198.4,6.8706,-4.5,90.0,C1D1,1,159.88,568.38,0,-1
191,legit_30,1001.6,110.06,12.9667,-0.0917,0.0,F0F1,0,49.41,724.51,0,-1
191,legit_31,559.1,1.6,9.0101,1.3095,270.0,D0C0,0,161.0,705.56,0,-1
191,legit_9,730.98,201.6,10.8959,-0.6446,270.0,E1D1,2,83.79,576.78,0,-1
192,legit_10,998.4,302.55,11.7144,-0.0663,180.0,F2F1,1,77.22,624.58,0,-1
192,legit_11,801.6,585.77,12.8886,-0.8632,0.0,E2E3,0,53.53,479.22,0,-1
192,legit_14,801.6,60.33,13.738,2.3409,0.0,E0E1,0,78.89,683.72,0,-1
192,legit_17,801.6,337.75,13.8121,0.6951,0.0,E1E2,0,56.19,528.54,0,-1
192,legit_18,614.34,601.6,12.6577,-1.0178,270.0,E3D3,0,135.67,450.89,0,-1
192,legit_20,-1.6,303.18,13.2207,0.163,180.0,A2A1,0,161.9,760.33,0,-1
192,legit_21,180.92,601.6,8.5838,2.4603,270.0,B3A3,0,30.96,575.95,0,-1
192,legit_22,998.4,323.87,12.2139,1.6326,180.0,F2F1,1,62.99,616.13,0,-1
192,legit_23,401.6,50.27,12.9966,2.0956,0.0,C0C1,0,84.88,690.4,0,-1
192,legit_24,398.4,883.39,12.9123,0.7303,180.0,C5C4,0,67.42,537.05,0,-1
192,legit_25,536.09,1001.6,11.439,-0.4058,270.0,D5C5,0,116.44,570.6,0,-1
192,legit_26,201.6,408.19,11.7598,-0.1571,0.0,B2B3,0,70.61,589.92,0,-1
192,legit_27,1.6,506.2,12.3826,0.4393,0.0,A2A3,0,175.56,710.48,0,-1
192,legit_28,865.11,798.4,12.8905,0.2305,90.0,E4F4,0,122.39,530.16,0,-1
192,legit_29,592.88,198.46,3.5602,-3.3105,89.36,:D1_15,1,163.01,568.31,0,-1
192,legit_30,1001.6,122.68,12.6216,-0.3451,0.0,F0F1,0,48.47,716.65,0,-1
192,legit_31,547.55,1.6,11.5498,2.5397,270.0,D0C0,0,153.41,706.16,0,-1
192,legit_32,387.7,201.6,0.0,0.0,270.0,C1B1,0,102.66,596.05,0,-1
192,legit_9,719.33,201.6,11.6516,0.7556,270.0,E1D1,1,87.17,574.91,0,-1
193,legit_10,998.4,290.75,11.799,0.0846,180.0,F2F1,1,86.36,629.5,0,-1
193,legit_11,801.6,599.01,13.2371,0.3485,0.0,:E3_9,0,51.61,479.01,0,-1
193,legit_14,801.6,73.99,13.6667,-0.0713,0.0,E0E1,0,69.13,673.68,0,-1
193,legit_17,801.6,350.35,12.591,-1.2211,0.0,E1E2,0,52.5,523.83,0,-1
193,legit_20,-1.6,290.32,12.8623,-0.3584,180.0,A2A1,0,166.85,764.96,0,-1
193,legit_21,170.29,601.6,10.6323,2.0485,270.0,B3A3,0,20.35,581.92,0,-1
193,legit_22,998.4,312.1,11.7722,-0.4417,180.0,F2F1,1,70.41,620.72,0,-1
193,legit_23,401.6,63.88,13.6119,0.6153,0.0,C0C1,2,74.11,680.24,0,-1
193,legit_24,398.4,871.57,11.82,-1.0923,180.0,C5C4,0,60.49,532.21,0,-1
193,legit_25,524.73,1001.6,11.3606,-0.0784,270.0,D5C5,0,108.31,571.51,0,-1
193,legit_26,201.6,420.32,12.1225,0.3627,0.0,B2B3,0,79.38,587.08,0,-1
193,legit_27,1.6,518.09,11.8901,-0.4926,0.0,A2A3,0,169.5,709.21,0,-1
193,legit_28,878.13,798.4,13.0298,0.1393,90.0,E4F4,0,134.72,535.33,0,-1
193,legit_29,593.74,200.98,3.4453,-0.1148,42.87,:D1_15,1,164.98,566.87,0,-1
193,legit_30,1001.6,136.3,13.6175,0.9959,0.0,F0F1,0,51.07,708.48,0,-1
193,legit_31,534.37,1.6,13.1874,1.6376,270.0,D0C0,1,145.38,707.03,0,-1
193,legit_32,385.86,201.6,1.8375,1.8375,270.0,C1B1,1,103.79,596.6,0,-1
193,legit_9,708.76,201.6,10.5725,-1.0791,270.0,E1D1,1,91.43,573.4,0,-1
194,legit_10,998.4,279.83,10.9265,-0.8725,180.0,F2F1,2,95.34,634.19,0,-1
194,legit_11,801.6,612.06,13.0527,-0.1844,0.0,E3E4,0,52.99,479.16,0,-1
194,legit_14,801.6,86.77,12.7774,-0.8893,0.0,E0E1,0,61.37,664.48,0,-1
194,legit_17,801.6,363.49,13.1457,0.5547,0.0,E1E2,0,51.72,519.24,0,-1
194,legit_20,-1.6,277.2,13.1153,0.253,180.0,A2A1,0,172.74,769.86,0,-1
194,legit_21,157.29,601.6,13.0035,2.3713,270.0,B3A3,0,7.46,589.39,0,-1
194,legit_22,998.4,300.69,11.4008,-0.3714,180.0,F2F1,1,78.61,625.35,0,-1
194,legit_23,401.6,76.69,12.8063,-0.8056,0.0,C0C1,2,64.95,670.85,0,-1
194,legit_24,398.4,858.58,12.9926,1.1726,180.0,C5C4,0,54.84,527.14,0,-1
194,legit_25,513.53,1001.6,11.1977,-0.163,270.0,D5C5,0,100.91,572.56,0,-1
194,legit_26,201.6,431.98,11.667,-0.4555,0.0,B2B3,0,88.57,584.51,0,-1
194,legit_27,1.6,530.45,12.3611,0.4711,0.0,A2A3,0,163.89,708.05,0,-1
194,legit_28,891.13,798.4,12.993,-0.0368,90.0,E4F4,0,147.13,540.66,0,-1
194,legit_29,591.45,201.6,2.4716,-0.9738,320.23,D1C1,1,163.3,566.54,0,-1
194,legit_30,1001.6,150.09,13.7886,0.1712,0.0,F0F1,1,56.99,700.51,0,-1
194,legit_31,521.18,1.6,13.19,0.0026,270.0,D0C0,1,138.15,708.11,0,-1
194,legit_32,382.53,201.6,3.3374,1.4998,270.0,C1B1,1,105.88,597.61,0,-1
194,legit_9,697.0,201.6,11.7534,1.1809,270.0,E1D1,1,97.3,571.93,0,-1
195,legit_10,998.4,268.59,11.2343,0.3078,180.0,F2F1,2,104.97,639.15,0,-1
195,legit_11,801.6,625.9,13.847,0.7942,0.0,E3E4,0,57.74,479.67,0,-1
195,legit_14,801.6,99.93,13.1574,0.38,0.0,E0E1,0,55.37,655.23,0,-1
195,legit_17,801.6,376.42,12.9296,-0.2161,0.0,E1E2,0,54.15,515.05,0,-1
195,legit_20,-1.6,263.98,13.2269,0.1116,180.0,A2A1,0,179.45,775.0,0,-1
195,legit_21,144.43,601.6,12.8557,-0.1478,270.0,B3A3,0,5.8,597.48,0,-1
195,legit_22,998.4,290.17,10.5277,-0.8731,180.0,F2F1,2,86.83,629.75,0,-1
195,legit_23,401.6,89.11,12.4258,-0.3805,0.0,C0C1,2,57.42,661.92,0,-1
195,legit_24,398.4,846.48,12.0966,-0.8959,180.0,C5C4,0,52.01,522.69,0,-1
195,legit_25,502.07,1001.6,11.4584,0.2607,270.0,D5C5,0,94.12,573.82,0,-1
195,legit_26,201.6,443.89,11.9078,0.2408,0.0,B2B3,0,98.49,582.05,0,-1
195,legit_27,1.6,542.82,12.3651,0.004,0.0,A2A3,0,159.04,707.09,0,-1
195,legit_28,904.21,798.4,13.0842,0.0912,90.0,E4F4,0,151.61,546.21,0,-1
195,legit_29,587.44,201.6,4.0158,1.5442,270.0,D1C1,1,159.84,566.58,0,-1
195,legit_30,1001.6,163.61,13.5233,-0.2653,0.0,F0F1,2,65.15,692.96,0,-1
195,legit_31,508.03,1.6,13.1482,-0.0418,270.0,D0C0,1,131.86,709.38,0,-1
195,legit_32,376.86,201.6,5.6682,2.3308,270.0,C1B1,1,109.58,599.37,0,-1
195,legit_9,686.0,201.6,11.0031,-0.7502,270.0,E1D1,1,103.7,570.72,0,-1
196,legit_10,998.4,257.08,11.5149,0.2806,180.0,F2F1,2,115.13,644.35,0,-1
196,legit_11,801.6,638.7,12.7961,-1.0509,0.0,E3E4,0,64.5,480.45,0,-1
196,legit_14,801.6,112.81,12.8876,-0.2698,0.0,E0E1,0,52.1,646.44,0,-1
196,legit_17,801.6,390.09,13.6741,0.7445,0.0,E1E2,0,59.73,510.96,0,-1
196,legit_20,-1.6,250.15,13.8211,0.5943,180.0,A2A1,0,187.21,780.58,0,-1
196,legit_21,131.14,601.6,13.2914,0.4357,270.0,B3A3,1,18.93,606.76,0,-1
196,legit_22,998.4,278.32,11.8447,1.317,180.0,F2F1,2,96.61,634.85,0,-1
196,legit_23,401.6,102.65,13.537,1.1112,0.0,C0C1,2,51.42,652.44,0,-1
196,legit_24,398.4,833.94,12.5381,0.4415,180.0,C5C4,0,51.95,518.38,0,-1
196,legit_25,491.1,1001.6,10.9711,-0.4872,270.0,D5C5,0,88.52,575.2,0,-1
196,legit_26,201.6,455.3,11.4068,-0.501,0.0,B2B3,0,108.37,579.84,0,-1
196,legit_27,1.6,554.8,11.9872,-0.3779,0.0,A2A3,1,155.13,706.32,0,-1
196,legit_28,917.43,798.4,13.2131,0.1289,90.0,E4F4,0,138.95,552.0,0,-1
196,legit_29,581.06,201.6,6.3753,2.3596,270.0,D1C1,1,154.39,566.69,0,-1
196,legit_30,1001.6,177.47,13.8646,0.3413,0.0,F0F1,2,75.14,685.45,0,-1
196,legit_31,495.7,1.6,12.3279,-0.8202,270.0,D0C0,1,126.91,710.78,0,-1
196,legit_32,369.26,201.6,7.5939,1.9257,270.0,C1B1,1,114.79,601.78,0,-1
196,legit_9,675.3,201.6,10.7003,-0.3028,270.0,E1D1,1,110.63,569.71,0,-1
197,legit_10,998.4,245.22,11.8549,0.3401,180.0,F2F1,2,125.84,649.85,0,-1
197,legit_11,801.6,652.3,13.6033,0.8072,0.0,E3E4,0,73.47,481.55,0,-1
197,legit_14,801.6,126.47,13.6557,0.7682,0.0,E0E1,0,52.0,637.43,0,-1
197,legit_17,801.6,403.74,13.6494,-0.0247,0.0,:E2_9,0,67.65,507.18,0,-1
197,legit_20,-1.6,236.88,13.2778,-0.5434,180.0,A2A1,0,191.42,786.12,0,-1
197,legit_21,118.04,601.6,13.0943,-0.1972,270.0,B3A3,1,32.0,616.06,0,-1
197,legit_22,998.4,266.19,12.1309,0.2862,180.0,F2F1,2,107.06,640.22,0,-1
197,legit_23,401.6,115.96,13.3083,-0.2288,0.0,C0C1,2,48.57,643.41,0,-1
197,legit_24,398.4,822.13,11.8177,-0.7205,180.0,C5C4,0,54.61,514.6,0,-1
197,legit_25,479.61,1001.6,11.4866,0.5155,270.0,D5C5,0,83.81,576.84,0,-1
197,legit_26,201.6,466.87,11.57,0.1632,0.0,B2B3,0,118.67,577.73,0,-1
197,legit_27,1.6,567.1,12.2952,0.308,0.0,A2A3,1,152.0,705.72,0,-1
197,legit_28,930.8,798.4,13.3709,0.1578,90.0,E4F4,0,126.25,558.04,0,-1
197,legit_29,572.64,201.6,8.4219,2.0465,270.0,D1C1,1,147.31,566.91,0,-1
197,legit_30,1001.6,191.28,13.8035,-0.0611,0.0,F0F1,2,86.16,678.17,0,-1
197,legit_31,483.08,1.6,12.6201,0.2922,270.0,D0C0,1,122.93,712.4,0,-1
197,legit_32,360.31,201.6,8.949,1.3551,270.0,C1B1,1,121.25,604.71,0,-1
197,legit_9,664.09,201.6,11.2094,0.5091,270.0,E1D1,1,118.49,568.81,0,-1
198,legit_10,998.4,234.32,10.907,-0.9479,180.0,F2F1,2,125.42,655.03,0,-1
198,legit_11,801.6,665.91,13.6073,0.004,0.0,E3E4,0,83.71,482.91,0,-1
198,legit_14,801.6,139.93,13.4578,-0.198,0.0,E0E1,0,55.31,628.87,0,-1
198,legit_17,801.6,416.63,12.886,-0.7634,0.0,E2E3,0,76.61,503.87,0,-1
198,legit_20,-1.6,223.76,13.1119,-0.1659,180.0,A2A1,0,183.71,791.77,0,-1
198,legit_21,104.64,601.6,13.4055,0.3112,270.0,B3A3,1,45.39,625.75,0,-1
198,legit_22,998.4,254.25,11.9444,-0.1865,180.0,F2F1,2,117.67,645.65,0,-1
198,legit_23,401.6,128.96,13.0029,-0.3053,0.0,C0C1,2,49.22,634.89,0,-1
198,legit_24,398.4,809.22,12.9022,1.0845,180.0,C5C4,0,60.08,510.77,0,-1
198,legit_25,468.18,1001.6,11.437,-0.0496,270.0,D5C5,0,80.48,578.69,0,-1
198,legit_26,201.6,478.98,12.1123,0.5423,0.0,B2B3,0,129.69,575.68,0,-1
198,legit_27,1.6,578.78,11.6778,-0.6175,0.0,A2A3,1,149.91,705.33,0,-1
198,legit_28,943.58,798.4,12.7833,-0.5876,90.0,E4F4,0,114.26,564.0,0,-1
198,legit_29,561.89,201.6,10.7523,2.3304,270.0,D1C1,1,138.48,567.3,0,-1
198,legit_30,1001.6,204.64,13.3626,-0.4409,0.0,:F1_3,2,97.5,671.32,0,-1
198,legit_31,470.52,1.6,12.5594,-0.0607,270.0,D0C0,1,120.17,714.23,0,-1
198,legit_32,349.9,201.6,10.4185,1.4695,270.0,C1B1,1,129.15,608.25,0,-1
198,legit_9,653.44,201.6,10.6513,-0.5581,270.0,E1D1,1,126.42,568.09,0,-1
199,legit_10,998.4,222.74,11.5734,0.6664,180.0,F2F1,2,114.97,660.64,0,-1
199,legit_11,801.6,679.7,13.7915,0.1842,0.0,E3E4,0,94.95,484.53,0,-1
199,legit_14,801.6,152.66,12.7353,-0.7224,0.0,E0E1,0,61.07,621.04,0,-1
199,legit_17,801.6,429.6,12.9659,0.08,0.0,E2E3,1,86.64,500.75,0,-1
199,legit_20,-1.6,210.9,12.86,-0.2519,180.0,A2A1,0,176.77,797.49,0,-1
199,legit_21,91.32,601.6,13.3166,-0.0889,270.0,B3A3,1,58.7,635.52,0,-1
199,legit_22,998.4,243.83,10.415,-1.5294,180.0,F2F1,2,127.11,650.5,0,-1
199,legit_23,401.6,142.02,13.0629,0.06,0.0,C0C1,1,53.18,626.64,0,-1
199,legit_24,398.4,796.39,12.8307,-0.0715,180.0,:C4_1,0,67.56,507.22,0,-1
199,legit_25,457.18,1001.6,10.9935,-0.4435,270.0,D5C5,0,78.73,580.66,0,-1
199,legit_26,201.6,490.44,11.4578,-0.6546,0.0,B2B3,0,121.11,573.89,0,-1
199,legit_27,1.6,591.31,12.5291,0.8514,0.0,A2A3,1,148.65,705.09,0,-1
199,legit_28,956.2,798.4,12.6162,-0.1672,90.0,E4F4,0,102.61,570.04,0,-1
199,legit_29,549.21,201.6,12.6768,1.9245,270.0,D1C1,1,128.46,567.94,0,-1
199,legit_30,1001.6,218.36,13.7214,0.3588,0.0,F1F2,2,109.62,664.45,0,-1
199,legit_31,457.88,1.6,12.6369,0.0775,270.0,D0C0,0,118.66,716.27,0,-1
199,legit_32,337.85,201.6,12.043,1.6244,270.0,C1B1,1,138.69,612.49,0,-1
199,legit_33,801.6,412.3,0.0,0.0,0.0,E2E3,1,73.47,504.96,0,-1
199,legit_9,642.93,201.6,10.5129,-0.1384,270.0,E1D1,1,134.62,567.52,0,-1
200,legit_10,998.4,213.35,9.3931,-2.1803,180.0,F2F1,2,106.66,665.29,0,-1
200,legit_11,801.6,692.73,13.0233,-0.7682,0.0,E3E4,0,106.12,486.27,0,-1
200,legit_14,801.6,165.83,13.1688,0.4335,0.0,E0E1,0,69.02,613.19,0,-1
200,legit_17,801.6,443.1,13.507,0.5411,0.0,E2E3,1,97.82,497.73,0,-1
200,legit_20,-1.6,198.03,12.8786,0.0186,180.0,:A1_0,0,170.5,803.39,0,-1
200,legit_21,77.61,601.6,13.7105,0.3939,270.0,B3A3,1,72.41,645.75,0,-1
200,legit_22,998.4,232.37,11.462,1.047,180.0,F2F1,2,123.65,655.96,0,-1
200,legit_23,401.6,154.98,12.9591,-0.1038,0.0,C0C1,2,59.72,618.72,0,-1
200,legit_24,398.4,784.16,12.2322,-0.5984,180.0,C4C3,0,76.03,504.06,0,-1
200,legit_25,445.04,1001.6,12.1456,1.1521,270.0,D5C5,0,78.56,583.09,0,-1
200,legit_26,201.6,502.86,12.4196,0.9618,0.0,B2B3,0,110.0,572.1,0,-1
200,legit_27,1.6,603.06,11.7491,-0.78,0.0,:A3_7,1,148.43,705.05,0,-1
200,legit_28,969.54,798.4,13.3425,0.7263,90.0,E4F4,0,90.58,576.62,0,-1
200,legit_29,536.28,201.6,12.9299,0.2532,270.0,D1C1,2,118.76,568.78,0,-1
200,legit_30,1001.6,231.67,13.3047,-0.4168,0.0,F1F2,2,121.7,657.96,0,-1
200,legit_31,445.64,1.6,12.2457,-0.3912,270.0,D0C0,0,118.48,718.46,0,-1
200,legit_32,325.4,201.6,12.4507,0.4077,270.0,C1B1,1,148.94,617.04,0,-1
200,legit_33,801.6,414.37,2.0663,2.0663,0.0,E2E3,1,74.95,504.43,0,-1
200,legit_9,631.94,201.6,10.989,0.476,270.0,E1D1,1,143.52,567.06,0,-1
201,legit_10,998.4,207.77,5.578,-3.815,180.0,F2F1,2,101.82,668.09,0,-1
201,legit_11,801.6,706.16,13.4332,0.4099,0.0,E3E4,0,118.04,488.28,0,-1
201,legit_14,801.6,178.67,12.8426,-0.3262,0.0,E0E1,0,78.14,605.75,0,-1
201,legit_17,801.6,456.47,13.3712,-0.1358,0.0,E2E3,1,109.41,494.95,0,-1
201,legit_20,-1.6,185.13,12.8972,0.0186,180.0,A1A0,0,165.0,809.47,0,-1
201,legit_21,64.82,601.6,12.7914,-0.9191,270.0,B3A3,1,85.2,655.43,0,-1
201,legit_22,998.4,222.36,10.0079,-1.4541,180.0,F2F1,2,114.63,660.83,0,-1
201,legit_23,401.6,167.54,12.5567,-0.4024,0.0,C0C1,2,67.84,611.28,0,-1
201,legit_24,398.4,772.25,11.9071,-0.3252,180.0,C4C3,0,85.16,501.18,0,-1
201,legit_25,433.71,1001.6,11.323,-0.8226,270.0,D5C5,0,80.07,585.58,0,-1
201,legit_26,201.6,514.62,11.7681,-0.6515,0.0,B2B3,0,99.76,570.55,0,-1
201,legit_27,1.6,615.26,12.2009,0.4518,0.0,A3A4,1,149.18,705.19,0,-1
201,legit_28,980.99,798.4,11.4544,-1.888,90.0,E4F4,0,80.58,582.43,0,-1
201,legit_29,523.17,201.6,13.1154,0.1854,270.0,D1C1,2,109.6,569.85,0,-1
201,legit_30,1001.6,245.49,13.8257,0.521,0.0,F1F2,2,124.32,651.4,0,-1
201,legit_31,432.96,1.6,12.676,0.4303,270.0,D0C0,0,119.62,720.93,0,-1
201,legit_32,313.17,201.6,12.2361,-0.2146,270.0,C1B1,1,159.32,621.67,0,-1
201,legit_33,801.6,418.92,4.5511,2.4848,0.0,E2E3,1,78.32,503.3,0,-1
201,legit_9,620.17,201.6,11.7694,0.7805,270.0,E1D1,1,153.35,566.72,0,-1
202,legit_10,997.33,203.55,4.4487,-1.1293,192.65,:F1_0,2,98.76,669.69,0,-1
202,legit_11,801.6,720.03,13.8718,0.4386,0.0,E3E4,0,130.6,490.57,0,-1
202,legit_14,801.6,192.46,13.7869,0.9443,0.0,E0E1,0,88.96,597.97,0,-1
202,legit_17,801.6,469.92,13.4441,0.0729,0.0,E2E3,1,121.43,492.37,0,-1
202,legit_20,-1.6,172.02,13.1132,0.216,180.0,A1A0,0,160.28,815.83,0,-1
202,legit_21,51.4,601.6,13.4209,0.6295,270.0,B3A3,1,98.61,665.72,0,-1
202,legit_22,998.4,216.3,6.0637,-3.9442,180.0,F2F1,2,109.25,663.82,0,-1
202,legit_23,401.6,180.81,13.2733,0.7166,0.0,C0C1,2,77.72,603.62,0,-1
202,legit_24,398.4,759.67,12.5823,0.6752,180.0,C4C3,0,95.47,498.33,0,-1
202,legit_25,421.5,1001.6,12.2097,0.8867,270.0,D5C5,0,83.42,588.51,0,-1
202,legit_26,201.6,527.04,12.4164,0.6483,0.0,B2B3,0,89.36,569.09,0,-1
202,legit_27,1.6,627.21,11.9517,-0.2492,0.0,A3A4,1,150.87,705.51,0,-1
202,legit_28,988.9,798.4,7.9051,-3.5493,90.0,E4F4,0,73.92,586.52,0,-1
202,legit_29,509.72,201.6,13.4493,0.3339,270.0,D1C1,2,101.12,571.17,0,-1
202,legit_30,1001.6,258.24,12.7487,-1.077,0.0,F1F2,2,112.68,645.5,0,-1
202,legit_31,420.24,1.6,12.7175,0.0415,270.0,D0C0,0,122.08,723.62,0,-1
202,legit_32,301.4,201.6,11.7669,-0.4692,270.0,C1B1,1,169.53,626.27,0,-1
202,legit_33,801.6,425.49,6.5777,2.0266,0.0,E2E3,1,83.38,501.71,0,-1
202,legit_9,608.52,201.6,11.6502,-0.1192,270.0,E1D1,1,163.33,566.54,0,-1
203,legit_10,992.85,201.61,5.103,0.6543,247.3,:F1_0,2,99.63,668.42,0,-1
203,legit_11,801.6,733.46,13.427,-0.4447,0.0,E3E4,0,118.38,493.0,0,-1
203,legit_17,801.6,482.6,12.6837,-0.7604,0.0,E2E3,1,128.24,490.12,0,-1
203,legit_20,-1.6,158.15,13.8653,0.7521,180.0,A1A0,0,156.33,822.75,0,-1
203,legit_21,37.67,601.6,13.725,0.3041,270.0,B3A3,1,112.34,676.39,0,-1
203,legit_22,998.4,211.36,4.9428,-1.1209,180.0,F2F1,2,104.92,666.29,0,-1
203,legit_23,401.6,194.25,13.4343,0.161,0.0,:C1_9,2,88.63,596.07,0,-1
203,legit_24,398.4,746.96,12.7087,0.1264,180.0,C4C3,0,106.39,495.65,0,-1
203,legit_25,409.36,1001.6,12.1401,-0.0696,270.0,D5C5,0,88.31,591.65,0,-1
203,legit_26,201.6,538.35,11.3091,-1.1072,0.0,B2B3,0,80.39,567.91,0,-1
203,legit_27,1.6,638.8,11.5913,-0.3604,0.0,A3A4,1,153.39,705.99,0,-1
203,legit_28,995.12,798.07,6.2494,-1.6558,93.82,:F4_6,0,69.06,589.72,0,-1
203,legit_29,496.23,201.6,13.4826,0.0333,270.0,D1C1,1,93.79,572.75,0,-1
203,legit_30,1001.6,271.96,13.7216,0.9729,0.0,F1F2,2,100.46,639.33,0,-1
203,legit_31,409.63,1.6,10.615,-2.1025,270.0,D0C0,0,125.09,726.03,0,-1
203,legit_32,289.52,201.6,11.875,0.1081,270.0,C1B1,1,161.63,631.07,0,-1
203,legit_33,801.6,433.59,8.0957,1.518,0.0,E2E3,1,89.88,499.84,0,-1
204,legit_10,987.33,201.6,5.5207,0.4177,270.0,F1E1,2,102.89,665.68,0,-1
204,legit_11,801.6,746.53,13.0723,-0.3548,0.0,E3E4,0,106.77,495.56,0,-1
204,legit_17,801.6,495.19,12.5927,-0.091,0.0,E2E3,1,116.82,488.07,0,-1
204,legit_20,-1.6,145.05,13.1026,-0.7627,180.0,A1A0,0,153.66,829.47,0,-1
204,legit_21,24.05,601.6,13.6281,-0.0969,270.0,B3A3,1,125.96,687.11,0,-1
204,legit_22,998.4,206.44,4.9123,-0.0304,180.0,:F1_1,2,100.67,668.77,0,-1
204,legit_23,401.6,207.34,13.0955,-0.3388,0.0,C1C2,2,99.86,588.9,0,-1
204,legit_24,398.4,735.08,11.8839,-0.8248,180.0,C4C3,0,116.92,493.31,0,-1
204,legit_25,397.85,1001.6,11.5189,-0.6211,270.0,:C5_0,0,94.16,594.84,0,-1
204,legit_26,201.6,550.03,11.683,0.3739,0.0,B2B3,0,71.83,566.85,0,-1
204,legit_27,1.6,650.37,11.5726,-0.0187,0.0,A3A4,1,156.72,706.63,0,-1
204,legit_28,998.23,793.97,5.5029,-0.7465,145.61,:F4_6,0,69.27,590.36,0,-1
204,legit_29,482.46,201.6,13.7766,0.294,270.0,D1C1,1,87.82,574.65,0,-1
204,legit_30,1001.6,284.77,12.81,-0.9116,0.0,F1F2,2,89.45,633.74,0,-1
204,legit_31,403.71,2.57,6.115,-4.5,281.46,:C0_3,0,126.22,726.67,0,-1
204,legit_32,276.78,201.6,12.7444,0.8693,270.0,C1B1,1,150.77,636.37,0,-1
204,legit_33,801.6,444.2,10.6112,2.5155,0.0,E2E3,1,98.75,497.49,0,-1
204,legit_34,198.4,387.7,0.0,0.0,180.0,B2B1,0,55.77,596.87,0,-1
205,legit_10,979.58,201.6,7.7442,2.2235,270.0,F1E1,2,107.78,661.89,0,-1
205,legit_11,801.6,759.89,13.3614,0.2892,0.0,E3E4,0,95.29,498.38,0,-1
205,legit_17,801.6,507.88,12.6863,0.0936,0.0,E2E3,1,105.59,486.19,0,-1
205,legit_20,-1.6,131.54,13.5093,0.4067,180.0,A1A0,0,152.04,836.59,0,-1
205,legit_21,10.3,601.6,13.7416,0.1135,270.0,B3A3,1,139.7,698.05,0,-1
205,legit_22,998.4,200.14,6.306,1.3937,180.0,:F1_1,2,95.31,671.98,0,-1
205,legit_23,401.6,220.3,12.961,-0.1345,0.0,C1C2,2,111.37,581.98,0,-1
205,legit_24,398.4,723.24,11.8402,-0.0437,180.0,C4C3,0,127.65,491.13,0,-1
205,legit_25,385.66,1001.6,12.1888,0.6699,270.0,C5B5,0,101.42,598.42,0,-1
205,legit_26,201.6,561.57,11.5351,-0.1479,0.0,B2B3,0,64.34,565.99,0,-1
205,legit_27,1.6,662.4,12.0251,0.4525,0.0,A3A4,1,160.98,707.47,0,-1
205,legit_28,998.4,788.38,5.6013,0.0984,179.06,F4F3,0,72.99,589.1,0,-1
205,legit_29,468.77,201.6,13.6893,-0.0873,270.0,D1C1,1,83.73,576.82,0,-1
205,legit_30,1001.6,298.14,13.3639,0.5539,0.0,F1F2,2,78.55,628.09,0,-1
205,legit_31,401.6,7.67,5.8098,-0.3051,343.15,C0C1,0,122.32,723.17,0,-1
205,legit_32,264.15,201.6,12.6262,-0.1181,270.0,C1B1,1,140.32,641.79,0,-1
205,legit_33,801.6,456.75,12.5473,1.9361,0.0,E2E3,1,109.65,494.9,0,-1
205,legit_34,198.4,386.12,1.5803,1.5803,180.0,B2B1,0,55.0,597.3,0,-1
206,legit_10,969.53,201.6,10.0544,2.3102,270.0,F1E1,2,114.6,657.08,0,-1
206,legit_11,801.6,773.69,13.7941,0.4327,0.0,E3E4,0,84.02,501.52,0,-1
206,legit_17,801.6,521.18,13.3016,0.6153,0.0,E2E3,1,94.21,484.42,0,-1
206,legit_20,-1.6,118.09,13.4529,-0.0564,180.0,A1A0,0,151.61,843.87,0,-1
206,legit_22,998.4,192.09,8.0503,1.7443,180.0,F1F0,2,88.65,676.13,0,-1
206,legit_23,401.6,232.93,12.6234,-0.3376,0.0,C1C2,1,122.86,575.4,0,-1
206,legit_24,398.4,710.82,12.4215,0.5812,180.0,C4C3,0,122.24,489.03,0,-1
206,legit_25,373.5,1001.6,12.1612,-0.0277,270.0,C5B5,0,109.54,602.18,0,-1
206,legit_26,201.6,573.31,11.739,0.2039,0.0,B2B3,0,58.1,565.31,0,-1
206,legit_27,1.6,675.1,12.7023,0.6772,0.0,A3A4,0,166.32,708.55,0,-1
206,legit_28,998.4,780.81,7.5728,1.9715,180.0,F4F3,0,78.53,587.33,0,-1
206,legit_29,455.77,201.6,12.9944,-0.6949,270.0,D1C1,1,81.8,579.18,0,-1
206,legit_30,1001.6,311.63,13.4889,0.125,0.0,F1F2,2,68.43,622.59,0,-1
206,legit_31,401.6,15.67,8.0073,2.1974,0.0,C0C1,0,115.01,716.91,0,-1
206,legit_32,251.5,201.6,12.658,0.0318,270.0,C1B1,0,130.23,647.39,0,-1
206,legit_33,801.6,470.45,13.7028,1.1555,0.0,E2E3,1,121.91,492.27,0,-1
206,legit_34,198.4,382.06,4.0607,2.4804,180.0,B2B1,0,53.19,598.42,0,-1
207,legit_10,958.17,201.6,11.3628,1.3084,270.0,F1E1,2,122.85,651.78,0,-1
207,legit_11,801.6,784.9,11.2171,-2.5771,0.0,E3E4,0,75.49,504.25,0,-1
207,legit_17,801.6,534.69,13.5058,0.2042,0.0,E2E3,1,83.24,482.84,0,-1
207,legit_20,-1.6,104.82,13.2656,-0.1873,180.0,A1A0,0,152.36,851.22,0,-1
207,legit_22,998.4,181.44,10.6447,2.5944,180.0,F1F0,2,80.24,681.73,0,-1
207,legit_23,401.6,246.09,13.1636,0.5402,0.0,C1C2,1,123.77,568.72,0,-1
207,legit_24,398.4,698.07,12.75,0.3285,180.0,C4C3,0,110.81,487.05,0,-1
207,legit_25,361.6,1001.6,11.8945,-0.2667,270.0,C5B5,0,118.16,606.04,0,-1
207,legit_26,201.6,585.85,12.5421,0.803,0.0,B2B3,0,53.51,564.83,0,-1
207,legit_27,1.6,687.58,12.476,-0.2263,0.0,A3A4,0,172.31,709.79,0,-1
207,legit_28,998.4,770.71,10.0952,2.5224,180.0,F4F3,0,86.39,585.09,0,-1
207,legit_29,442.3,201.6,13.4722,0.4778,270.0,D1C1,1,81.96,581.92,0,-1
207,legit_30,1001.6,324.62,12.9983,-0.4906,0.0,F1F2,2,59.95,617.51,0,-1
207,legit_31,401.6,25.61,9.9419,1.9347,0.0,C0C1,0,106.07,709.2,0,-1
207,legit_32,239.71,201.6,11.7832,-0.8748,270.0,C1B1,0,121.27,652.76,0,-1
207,legit_33,801.6,483.98,13.5232,-0.1797,0.0,E2E3,1,126.98,489.89,0,-1
207,legit_34,198.4,375.69,6.3672,2.3065,180.0,B2B1,0,50.88,600.24,0,-1
208,legit_10,947.51,201.6,10.653,-0.7099,270.0,F1E1,2,131.0,646.95,0,-1
208,legit_11,801.6,791.74,6.8336,-4.3835,0.0,E3E4,0,70.65,505.99,0,-1
208,legit_17,801.6,548.27,13.579,0.0732,0.0,E2E3,1,73.07,481.5,0,-1
208,legit_20,-1.6,91.05,13.7691,0.5035,180.0,A1A0,0,154.34,859.04,0,-1
208,legit_22,998.4,168.81,12.6288,1.9842,180.0,F1F0,1,71.03,688.53,0,-1
208,legit_23,401.6,259.16,13.0675,-0.0961,0.0,C1C2,1,111.86,562.25,0,-1
208,legit_24,398.4,685.49,12.5747,-0.1753,180.0,C4C3,0,99.86,485.28,0,-1
208,legit_25,349.99,1001.6,11.6156,-0.2789,270.0,C5B5,0,127.08,609.97,0,-1
208,legit_26,201.6,598.14,12.2945,-0.2476,0.0,:B3_9,0,51.63,564.64,0,-1
208,legit_27,1.6,700.03,12.4518,-0.0242,0.0,A3A4,0,178.96,711.22,0,-1
208,legit_28,998.4,758.13,12.5806,2.4854,180.0,F4F3,0,96.77,582.45,0,-1
208,legit_29,428.85,201.6,13.45,-0.0222,270.0,D1C1,1,84.3,584.97,0,-1
208,legit_30,1001.6,338.16,13.5347,0.5364,0.0,F1F2,1,53.1,612.48,0,-1
208,legit_31,401.6,37.97,12.3531,2.4112,0.0,C0C1,0,95.25,699.72,0,-1
208,legit_32,227.23,201.6,12.4787,0.6955,270.0,C1B1,0,112.35,658.62,0,-1
208,legit_33,801.6,497.82,13.8414,0.3182,0.0,E2E3,1,114.47,487.67,0,-1
208,legit_34,198.4,367.48,8.2082,1.841,180.0,B2B1,0,48.98,602.68,0,-1
209,legit_10,936.76,201.6,10.7553,0.1023,270.0,F1E1,1,139.58,642.19,0,-1
209,legit_11,804.21,797.73,6.9873,0.1537,31.71,:E4_8,0,68.74,508.4,0,-1
209,legit_17,801.6,561.6,13.3298,-0.2491,0.0,E2E3,1,64.32,480.43,0,-1
209,legit_20,-1.6,77.57,13.479,-0.2901,180.0,A1A0,0,157.43,866.87,0,-1
209,legit_22,998.4,155.11,13.7047,1.0759,180.0,F1F0,1,62.41,696.12,0,-1
209,legit_23,401.6,271.63,12.4686,-0.5989,0.0,C1C2,1,100.76,556.26,0,-1
209,legit_24,398.4,673.31,12.1835,-0.3912,180.0,C4C3,0,89.65,483.75,0,-1
209,legit_25,337.93,1001.6,12.0545,0.4389,270.0,C5B5,0,136.77,614.21,0,-1
209,legit_26,201.6,610.23,12.0871,-0.2074,0.0,B3B4,0,52.6,564.74,0,-1
209,legit_27,1.6,711.96,11.9327,-0.5191,0.0,A3A4,0,185.9,712.75,0,-1
209,legit_28,998.4,745.28,12.8454,0.2647,180.0,F4F3,0,107.86,579.95,0,-1
209,legit_29,417.68,201.6,11.1724,-2.2775,270.0,D1C1,1,87.77,587.72,0,-1
209,legit_30,1001.6,351.27,13.1095,-0.4251,0.0,F1F2,0,49.18,607.9,0,-1
209,legit_31,401.6,50.81,12.8428,0.4897,0.0,C0C1,0,84.44,689.99,0,-1
209,legit_32,216.12,201.6,11.1138,-1.3648,270.0,C1B1,0,105.03,663.99,0,-1
209,legit_33,801.6,510.42,12.6014,-1.2399,0.0,E2E3,1,103.38,485.83,0,-1
209,legit_34,198.4,357.2,10.2882,2.0799,180.0,B2B1,0,48.48,605.94,0,-1
210,legit_10,926.01,201.6,10.7456,-0.0097,270.0,F1E1,1,148.43,637.55,0,-1
210,legit_11,811.65,798.4,7.5518,0.5645,89.1,E4F4,0,74.37,510.97,0,-1
210,legit_17,801.6,574.33,12.7289,-0.6009,0.0,E2E3,1,57.63,479.66,0,-1
210,legit_20,-1.6,64.61,12.9604,-0.5186,180.0,A1A0,0,161.4,874.56,0,-1
210,legit_22,998.4,141.75,13.3608,-0.3439,180.0,F1F0,1,56.0,703.76,0,-1
210,legit_23,401.6,284.81,13.1796,0.711,0.0,C1C2,1,89.42,550.1,0,-1
210,legit_24,398.4,661.12,12.1902,0.0067,180.0,C4C3,0,79.99,482.4,0,-1
210,legit_25,326.74,1001.6,11.1924,-0.8621,270.0,C5B5,0,146.08,618.29,0,-1
210,legit_26,201.6,622.66,12.4308,0.3437,0.0,B3B4,0,56.36,565.12,0,-1
210,legit_27,1.6,724.55,12.5894,0.6566,0.0,A3A4,0,188.02,714.55,0,-1
210,legit_28,998.4,732.29,12.9928,0.1474,180.0,F4F3,0,119.43,577.59,0,-1
210,legit_29,411.01,201.6,6.6724,-4.5,270.0,D1C1,2,90.44,589.46,0,-1
210,legit_30,1001.6,364.09,12.8213,-0.2882,0.0,F1F2,0,48.57,603.73,0,-1
210,legit_31,401.6,63.36,12.5508,-0.2921,0.0,C0C1,1,74.5,680.62,0,-1
210,legit_32,209.51,201.6,6.6138,-4.5,270.0,C1B1,1,100.99,667.25,0,-1
210,legit_33,801.6,524.08,13.6669,1.0655,0.0,E2E3,2,91.79,484.06,0,-1
210,legit_34,198.4,344.84,12.3577,2.0696,180.0,B2B1,1,50.72,610.11,0,-1
210,legit_35,798.4,387.7,0.0,0.0,180.0,E2E1,1,55.77,510.65,0,-1
211,legit_10,914.64,201.6,11.3738,0.6282,270.0,F1E1,1,158.05,632.78,0,-1
211,legit_11,820.88,798.4,9.2328,1.6809,90.0,E4F4,0,82.18,514.04,0,-1
211,legit_17,801.6,587.09,12.7632,0.0342,0.0,E2E3,1,53.19,479.18,0,-1
211,legit_20,-1.6,51.32,13.2934,0.3329,180.0,A1A0,0,166.43,882.6,0,-1
211,legit_22,998.4,129.08,12.6676,-0.6932,180.0,F1F0,1,52.39,711.26,0,-1
211,legit_23,401.6,298.39,13.5797,0.4001,0.0,C1C2,1,78.35,543.96,0,-1
211,legit_24,398.4,648.15,12.9658,0.7755,180.0,C4C3,0,70.58,481.18,0,-1
211,legit_25,315.16,1001.6,11.5739,0.3816,270.0,C5B5,0,155.97,622.64,0,-1
211,legit_26,201.6,635.2,12.5331,0.1023,0.0,B3B4,0,62.46,565.78,0,-1
211,legit_27,1.6,736.76,12.2068,-0.3826,0.0,A3A4,0,180.78,716.46,0,-1
211,legit_28,998.4,718.7,13.5962,0.6034,180.0,F4F3,0,129.43,575.31,0,-1
211,legit_29,402.7,201.6,8.3114,1.639,270.0,:C1_5,2,94.32,591.72,0,-1
211,legit_30,1001.6,377.91,13.8205,0.9991,0.0,F1F2,0,51.61,599.6,0,-1
211,legit_31,401.6,75.8,12.44,-0.1107,0.0,C0C1,1,65.54,671.49,0,-1
211,legit_32,204.61,202.03,4.9387,-1.6751,274.98,:B1_4,1,98.55,669.48,0,-1
211,legit_33,801.6,537.08,12.9933,-0.6736,0.0,E2E3,1,81.37,482.59,0,-1
211,legit_34,198.4,332.63,12.2042,-0.1535,180.0,B2B1,1,55.6,614.5,0,-1
211,legit_35,798.4,385.65,2.0548,2.0548,180.0,E2E1,0,54.77,511.25,0,-1
212,legit_10,903.54,201.6,11.1026,-0.2712,270.0,F1E1,1,167.66,628.25,0,-1
212,legit_11,831.83,798.4,10.9514,1.7186,90.0,E4F4,0,91.8,517.82,0,-1
212,legit_17,801.6,600.29,13.1977,0.4346,0.0,:E3_9,1,51.6,479.01,0,-1
212,legit_20,-1.6,38.64,12.677,-0.6164,180.0,A1A0,0,172.05,890.41,0,-1
212,legit_22,998.4,116.43,12.647,-0.0206,180.0,F1F0,1,51.72,719.01,0,-1
212,legit_23,401.6,310.86,12.4772,-1.1025,0.0,C1C2,1,68.97,538.52,0,-1
212,legit_24,398.4,636.41,11.7435,-1.2222,180.0,C4C3,0,63.15,480.29,0,-1
212,legit_25,303.16,1001.6,12.0007,0.4267,270.0,C5B5,0,166.46,627.31,0,-1
212,legit_26,201.6,647.41,12.217,-0.3161,0.0,B3B4,0,70.07,566.64,0,-1
212,legit_27,1.6,748.64,11.8845,-0.3223,0.0,A3A4,0,174.27,718.49,0,-1
212,legit_28,998.4,705.56,13.139,-0.4572,180.0,F4F3,0,117.49,573.29,0,-1
212,legit_29,392.65,201.6,10.0487,1.7372,270.0,C1B1,2,99.74,594.58,0,-1
212,legit_30,1001.6,391.39,13.478,-0.3425,0.0,F1F2,0,57.69,595.89,0,-1
212,legit_31,401.6,88.52,12.7217,0.2817,0.0,C0C1,1,57.74,662.34,0,-1
212,legit_32,201.77,205.98,5.1683,0.2296,325.11,:B1_4,1,100.37,668.91,0,-1
212,legit_33,801.6,550.86,13.7851,0.7918,0.0,E2E3,1,71.25,481.27,0,-1
212,legit_34,198.4,320.48,12.1515,-0.0527,180.0,B2B1,1,62.48,619.11,0,-1
212,legit_35,798.4,381.18,4.4659,2.4111,180.0,E2E1,0,52.83,512.58,0,-1
213,legit_10,892.13,201.6,11.4035,0.3009,270.0,F1E1,1,163.89,623.73,0,-1
213,legit_11,844.27,798.4,12.4438,1.4924,90.0,E4F4,0,103.04,522.29,0,-1
213,legit_17,801.6,613.37,13.0791,-0.1187,0.0,E3E4,1,53.3,479.19,0,-1
213,legit_20,-1.6,25.0,13.6372,0.9603,180.0,A1A0,0,178.9,898.96,0,-1
213,legit_22,998.4,102.61,13.8203,1.1733,180.0,F1F0,1,54.45,727.78,0,-1
213,legit_23,401.6,323.29,12.4299,-0.0473,0.0,C1C2,1,60.75,533.31,0,-1
213,legit_24,398.4,624.59,11.8217,0.0782,180.0,C4C3,0,57.16,479.61,0,-1
213,legit_25,291.88,1001.6,11.2838,-0.7169,270.0,C5B5,0,162.1,631.83,0,-1
213,legit_26,201.6,659.16,11.7482,-0.4689,0.0,B3B4,0,78.5,567.67,0,-1
213,legit_27,1.6,760.36,11.7241,-0.1603,0.0,A3A4,0,168.42,720.66,0,-1
213,legit_28,998.4,691.97,13.5856,0.4466,180.0,F4F3,0,105.46,571.4,0,-1
213,legit_29,380.55,201.6,12.0983,2.0496,270.0,C1B1,2,107.15,598.22,0,-1
213,legit_30,1001.6,404.06,12.6707,-0.8073,0.0,:F2_3,0,65.45,592.65,0,-1
213,legit_31,401.6,101.65,13.127,0.4053,0.0,C0C1,1,51.76,653.13,0,-1
213,legit_32,201.6,211.12,5.149,-0.0194,358.25,B1B2,1,104.72,666.41,0,-1
213,legit_33,801.6,564.33,13.4693,-0.3158,0.0,E2E3,1,62.73,480.24,0,-1
213,legit_34,198.4,308.32,12.1633,0.0119,180.0,B2B1,1,70.81,623.92,0,-1
213,legit_35,798.4,374.82,6.3581,1.8922,180.0,E2E1,0,50.62,514.54,0,-1
214,legit_10,880.33,201.6,11.8039,0.4004,270.0,F1E1,0,153.77,619.19,0,-1
214,legit_11,857.66,798.4,13.3834,0.9396,90.0,E4F4,0,115.41,527.29,0,-1
214,legit_17,801.6,626.88,13.5111,0.432,0.0,E3E4,1,58.18,479.72,0,-1
214,legit_20,-1.6,12.21,12.7958,-0.8414,180.0,A1A0,0,186.02,907.12,0,-1
214,legit_22,998.4,88.97,13.6477,-0.1726,180.0,F1F0,0,60.21,736.74,0,-1
214,legit_23,401.6,336.58,13.2875,0.8576,0.0,C1C2,1,53.77,527.99,0,-1
214,legit_24,398.4,611.73,12.8603,1.0386,180.0,C4C3,0,52.92,479.15,0,-1
214,legit_25,280.28,1001.6,11.6003,0.3165,270.0,C5B5,0,152.05,636.61,0,-1
214,legit_26,201.6,670.6,11.4429,-0.3053,0.0,B3B4,0,87.45,568.83,0,-1
214,legit_27,1.6,772.51,12.1422,0.4181,0.0,A3A4,0,163.03,723.07,0,-1
214,legit_28,998.4,678.33,13.6441,0.0585,180.0,F4F3,0,93.8,569.7,0,-1
214,legit_29,367.36,201.6,13.1923,1.0941,270.0,C1B1,2,116.14,602.4,0,-1
214,legit_30,1001.6,417.92,13.8606,1.1899,0.0,F2F3,0,75.48,589.36,0,-1
214,legit_31,401.6,114.92,13.2714,0.1444,0.0,C0C1,1,48.67,644.1,0,-1
214,legit_32,201.6,218.36,7.2409,2.0919,0.0,B1B2,1,111.07,662.8,0,-1
214,legit_33,801.6,577.76,13.4228,-0.0465,0.0,E2E3,1,56.19,479.5,0,-1
214,legit_34,198.4,295.68,12.6343,0.471,180.0,B2B1,1,80.49,629.11,0,-1
214,legit_35,798.4,366.15,8.6684,2.3102,180.0,E2E1,0,48.79,517.33,0,-1
215,legit_10,869.0,201.6,11.326,-0.478,270.0,F1E1,0,144.29,614.97,0,-1
215,legit_11,871.19,798.4,13.5305,0.1471,90.0,E4F4,0,128.13,532.55,0,-1
215,legit_17,801.6,640.3,13.4254,-0.0857,0.0,E3E4,1,65.47,480.56,0,-1
215,legit_20,-1.6,3.91,8.2958,-4.5,180.0,A1A0,0,190.94,912.47,0,-1
215,legit_22,998.4,75.68,13.2895,-0.3582,180.0,F1F0,0,68.02,745.69,0,-1
215,legit_23,401.6,350.08,13.5017,0.2141,0.0,C1C2,0,49.41,522.91,0,-1
215,legit_24,398.4,599.43,12.2933,-0.567,180.0,:C3_1,0,51.6,479.01,0,-1
215,legit_25,269.09,1001.6,11.1867,-0.4136,270.0,C5B5,0,142.58,641.36,0,-1
215,legit_26,201.6,682.73,12.1256,0.6827,0.0,B3B4,0,97.5,570.22,0,-1
215,legit_27,1.6,784.37,11.8642,-0.278,0.0,A3A4,0,158.48,725.59,0,-1
215,legit_28,998.4,664.67,13.6607,0.0166,180.0,F4F3,0,82.73,568.21,0,-1
215,legit_29,354.0,201.6,13.3582,0.1658,270.0,C1B1,1,126.0,606.84,0,-1
215,legit_30,1001.6,431.08,13.1572,-0.7034,0.0,F2F3,0,85.99,586.46,0,-1
215,legit_31,401.6,127.86,12.9387,-0.3327,0.0,C0C1,1,49.03,635.6,0,-1
215,legit_32,201.6,227.83,9.4704,2.2295,0.0,B1B2,1,119.54,658.16,0,-1
215,legit_33,801.6,590.4,12.6403,-0.7825,0.0,E2E3,1,52.49,479.11,0,-1
215,legit_34,198.4,282.51,13.1758,0.5415,180.0,B2B1,1,91.36,634.72,0,-1
215,legit_35,798.4,355.4,10.7545,2.0861,180.0,E2E1,0,48.62,521.01,0,-1
216,legit_10,858.4,201.6,10.6008,-0.7252,270.0,F1E1,0,135.68,611.15,0,-1
216,legit_11,884.87,798.4,13.6781,0.1476,90.0,E4F4,0,141.14,538.07,0,-1
216,legit_17,801.6,654.11,13.8043,0.3789,0.0,E3E4,1,74.77,481.71,0,-1
216,legit_20,0.94,-1.2,6.1394,-2.1564,148.11,:A0_0,0,192.12,914.13,0,-1
216,legit_22,998.4,62.29,13.3893,0.0998,180.0,F1F0,0,77.42,754.91,0,-1
216,legit_23,401.6,362.54,12.4549,-1.0468,0.0,C1C2,0,48.47,518.54,0,-1
216,legit_24,398.4,586.57,12.8672,0.5739,180.0,C3C2,0,53.32,479.19,0,-1
216,legit_25,256.89,1001.6,12.2023,1.0157,270.0,C5B5,0,132.56,646.68,0,-1
216,legit_26,201.6,694.26,11.5271,-0.5984,0.0,B3B4,0,107.46,571.7,0,-1
216,legit_27,1.6,796.8,12.4327,0.5685,0.0,:A4_7,0,154.56,728.41,0,-1
216,legit_28,998.4,651.68,12.991,-0.6697,180.0,F4F3,0,73.03,566.99,0,-1
216,legit_29,340.87,201.6,13.1257,-0.2325,270.0,C1B1,2,136.26,611.41,0,-1
216,legit_30,1001.6,444.18,13.1076,-0.0496,0.0,F2F3,1,97.11,583.75,0,-1
216,legit_31,401.6,140.21,12.3495,-0.5891,0.0,C0C1,1,52.45,627.76,0,-1
216,legit_32,201.6,239.32,11.4847,2.0143,0.0,B1B2,2,130.0,652.64,0,-1
216,legit_33,801.6,603.33,12.9304,0.2901,0.0,:E3_9,1,51.71,479.02,0,-1
216,legit_34,198.4,269.36,13.1533,-0.0225,180.0,B2B1,1,102.76,640.49,0,-1
216,legit_35,798.4,342.63,12.7657,2.0112,180.0,E2E1,0,51.42,525.67,0,-1
216,legit_36,1001.6,412.3,0.0,0.0,0.0,F2F3,1,71.26,590.67,0,-1
217,legit_10,847.75,201.6,10.6497,0.0489,270.0,F1E1,1,127.33,607.44,0,-1
217,legit_11,898.02,798.4,13.1526,-0.5255,90.0,E4F4,0,153.75,543.56,0,-1
217,legit_17,801.6,666.88,12.7772,-1.0271,0.0,E3E4,1,84.47,483.02,0,-1
217,legit_20,6.76,-1.6,5.8705,-0.2689,92.34,A0B0,0,187.9,910.59,0,-1
217,legit_22,998.4,48.73,13.5535,0.1641,180.0,F1F0,0,87.99,764.42,0,-1
217,legit_23,401.6,375.13,12.589,0.1341,0.0,C1C2,0,50.71,514.44,0,-1
217,legit_24,398.4,573.58,12.9903,0.1232,180.0,C3C2,0,57.97,479.7,0,-1
217,legit_25,245.2,1001.6,11.6867,-0.5156,270.0,C5B5,0,123.33,651.93,0,-1
217,legit_26,201.6,706.07,11.8094,0.2823,0.0,B3B4,0,117.95,573.37,0,-1
217,legit_27,1.6,808.91,12.1084,-0.3243,0.0,A4A5,0,151.62,731.34,0,-1
217,legit_28,998.4,637.79,13.8816,0.8906,180.0,F4F3,0,63.96,565.94,0,-1
217,legit_29,327.83,201.6,13.0437,-0.0819,270.0,C1B1,3,146.92,616.14,0,-1
217,legit_30,1001.6,457.28,13.0955,-0.0121,0.0,F2F3,1,108.65,581.24,0,-1
217,legit_31,401.6,153.63,13.4196,1.0701,0.0,C0C1,1,58.94,619.54,0,-1
217,legit_32,201.6,251.81,12.4911,1.0064,0.0,B1B2,2,119.87,646.78,0,-1
217,legit_33,801.6,616.72,13.3937,0.4632,0.0,E3E4,1,54.24,479.29,0,-1
217,legit_34,198.4,256.28,13.0718,-0.0815,180.0,B2B1,2,114.45,646.4,0,-1
217,legit_35,798.4,329.63,13.0048,0.2391,180.0,E2E1,1,57.14,530.74,0,-1
217,legit_36,1001.6,414.86,2.5553,2.5553,0.0,F2F3,1,73.16,590.07,0,-1
218,legit_10,835.92,201.6,11.8302,1.1805,270.0,F1E1,1,118.5,603.47,0,-1
218,legit_11,911.23,798.4,13.2143,0.0618,90.0,E4F4,0,144.87,549.27,0,-1
218,legit_17,801.6,679.99,13.1032,0.326,0.0,E3E4,1,95.19,484.57,0,-1
218,legit_20,14.22,-1.6,7.4584,1.5879,90.0,A0B0,0,182.27,905.76,0,-1
218,legit_22,998.4,35.26,13.4767,-0.0767,180.0,F1F0,0,99.22,774.03,0,-1
218,legit_23,401.6,388.81,13.6802,1.0912,0.0,C1C2,0,56.32,510.33,0,-1
218,legit_24,398.4,561.38,12.1935,-0.7968,180.0,C3C2,0,64.45,480.44,0,-1
218,legit_25,234.03,1001.6,11.1778,-0.5089,270.0,C5B5,0,114.92,657.08,0,-1
218,legit_26,201.6,717.74,11.6791,-0.1303,0.0,B3B4,0,128.55,575.16,0,-1
218,legit_27,1.6,820.43,11.5138,-0.5946,0.0,A4A5,0,149.69,734.28,0,-1
218,legit_28,998.4,623.94,13.8563,-0.0253,180.0,F4F3,0,56.88,565.18,0,-1
218,legit_29,314.76,201.6,13.0716,0.0279,270.0,C1B1,3,157.95,621.06,0,-1
218,legit_30,1001.6,470.65,13.3752,0.2796,0.0,F2F3,1,120.78,578.86,0,-1
218,legit_31,401.6,166.54,12.9088,-0.5108,0.0,C0C1,1,67.14,611.86,0,-1
218,legit_32,201.6,264.28,12.4735,-0.0176,0.0,B1B2,2,108.74,641.08,0,-1
218,legit_33,801.6,630.33,13.614,0.2204,0.0,E3E4,1,59.86,479.91,0,-1
218,legit_34,198.4,243.37,12.9163,-0.1555,180.0,B2B1,2,126.28,652.4,0,-1
218,legit_35,798.4,317.16,12.4689,-0.536,180.0,E2E1,1,64.64,535.85,0,-1
218,legit_36,1001.6,419.09,4.2356,1.6804,0.0,F2F3,1,76.38,589.1,0,-1
219,legit_10,824.24,201.6,11.6862,-0.144,270.0,F1E1,1,110.32,599.71,0,-1
219,legit_11,924.14,798.4,12.9078,-0.3065,90.0,E4F4,0,132.56,555.01,0,-1
219,legit_17,801.6,693.55,13.5594,0.4562,0.0,E3E4,1,106.83,486.39,0,-1
219,legit_20,23.92,-1.6,9.7077,2.2493,90.0,A0B0,0,175.16,899.53,0,-1
219,legit_22,998.4,22.08,13.1794,-0.2973,180.0,F1F0,0,110.69,783.55,0,-1
219,legit_23,401.6,402.43,13.6235,-0.0567,0.0,:C2_9,1,64.36,506.54,0,-1
219,legit_24,398.4,548.62,12.7677,0.5742,180.0,C3C2,1,72.82,481.47,0,-1
219,legit_25,222.94,1001.6,11.0832,-0.0945,270.0,C5B5,0,107.09,662.34,0,-1
219,legit_26,201.6,729.85,12.1045,0.4254,0.0,B3B4,0,121.64,577.16,0,-1
219,legit_27,1.6,832.53,12.1071,0.5933,0.0,A4A5,0,148.59,737.55,0,-1
219,legit_28,998.4,611.24,12.702,-1.1543,180.0,F4F3,1,52.81,564.76,0,-1
219,legit_29,301.39,201.6,13.3658,0.2942,270.0,C1B1,3,169.54,626.28,0,-1
219,legit_30,1001.6,484.2,13.548,0.1728,0.0,F2F3,2,125.51,576.63,0,-1
219,legit_31,401.6,179.94,13.4032,0.4943,0.0,C0C1,1,77.04,604.12,0,-1
219,legit_32,201.6,276.96,12.6777,0.2042,0.0,B1B2,2,97.77,635.44,0,-1
219,legit_33,801.6,643.1,12.7613,-0.8528,0.0,E3E4,1,67.23,480.77,0,-1
219,legit_34,198.4,230.87,12.5011,-0.4153,180.0,B2B1,2,120.97,658.35,0,-1
219,legit_35,798.4,303.67,13.4865,1.0177,180.0,E2E1,1,74.27,541.63,0,-1
219,legit_36,1001.6,425.49,6.3992,2.1636,0.0,F2F3,1,81.43,587.67,0,-1
220,legit_10,812.68,201.6,11.555,-0.1312,270.0,F1E1,1,102.9,596.16,0,-1
220,legit_11,936.78,798.4,12.6421,-0.2657,90.0,E4F4,0,120.62,560.81,0,-1
220,legit_17,801.6,706.77,13.2259,-0.3335,0.0,E3E4,1,118.59,488.38,0,-1
220,legit_20,36.16,-1.6,12.2392,2.5315,90.0,A0B0,0,166.57,891.78,0,-1
220,legit_22,998.4,8.81,13.2671,0.0877,180.0,F1F0,0,122.58,793.27,0,-1
220,legit_23,401.6,415.36,12.9299,-0.6936,0.0,C2C3,1,73.53,503.2,0,-1
220,legit_24,398.4,536.17,12.4418,-0.3259,180.0,C3C2,1,82.08,482.68,0,-1
220,legit_25,211.76,1001.6,11.1818,0.0986,270.0,C5B5,0,99.8,667.78,0,-1
220,legit_26,201.6,741.63,11.7819,-0.3226,0.0,B3B4,0,111.08,579.26,0,-1
220,legit_27,1.6,844.14,11.6044,-0.5027,0.0,A4A5,0,148.46,740.85,0,-1
220,legit_28,998.4,598.38,12.8578,0.1558,180.0,:F3_1,1,51.63,564.64,0,-1
220,legit_29,288.15,201.6,13.2388,-0.127,270.0,C1B1,2,160.45,631.63,0,-1
220,legit_30,1001.6,498.04,13.8334,0.2855,0.0,F2F3,2,112.87,574.56,0,-1
220,legit_32,201.6,289.37,12.4112,-0.2665,0.0,B1B2,2,87.47,630.09,0,-1
220,legit_33,801.6,656.2,13.1053,0.344,0.0,E3E4,1,76.3,481.91,0,-1
220,legit_34,198.4,218.06,12.8029,0.3018,180.0,B2B1,2,109.36,664.6,0,-1
220,legit_35,798.4,291.12,12.5527,-0.9338,180.0,E2E1,1,84.18,547.22,0,-1
220,legit_36,1001.6,433.68,8.1851,1.7859,0.0,F2F3,1,88.15,585.91,0,-1
221,legit_11,950.63,798.4,13.8459,1.2038,90.0,E4F4,0,107.73,567.35,0,-1
221,legit_17,801.6,719.47,12.7008,-0.5251,0.0,E3E4,1,130.14,490.48,0,-1
221,legit_20,49.14,-1.6,12.975,0.7359,90.0,A0B0,0,157.99,883.69,0,-1
221,legit_23,401.6,427.97,12.6065,-0.3234,0.0,C2C3,1,83.44,500.16,0,-1
221,legit_24,398.4,523.36,12.8144,0.3725,180.0,C3C2,1,92.39,484.15,0,-1
221,legit_25,200.58,1001.6,11.1852,0.0034,270.0,:B5_0,0,93.3,673.39,0,-1
221,legit_26,201.6,754.07,12.4421,0.6603,0.0,B3B4,0,100.23,581.64,0,-1
221,legit_27,1.6,856.25,12.1097,0.5053,0.0,A4A5,0,149.29,744.47,0,-1
221,legit_28,998.4,585.78,12.5986,-0.2592,180.0,F3F2,2,53.52,564.83,0,-1
221,legit_29,274.41,201.6,13.7377,0.4989,270.0,C1B1,2,148.79,637.37,0,-1
221,legit_30,1001.6,511.8,13.7602,-0.0732,0.0,F2F3,2,100.61,572.69,0,-1
221,legit_32,201.6,301.16,11.7925,-0.6186,0.0,B1B2,2,78.26,625.15,0,-1
221,legit_33,801.6,669.35,13.1455,0.0402,0.0,E3E4,1,86.44,483.29,0,-1
221,legit_34,198.4,208.82,9.2469,-3.5561,180.0,B2B1,2,101.15,669.21,0,-1
221,legit_35,798.4,277.5,13.6158,1.0631,180.0,E2E1,0,95.65,553.49,0,-1
221,legit_36,1001.6,443.31,9.6309,1.4458,0.0,F2F3,2,96.35,583.93,0,-1
222,legit_11,963.4,798.4,12.774,-1.0719,90.0,E4F4,0,96.07,573.57,0,-1
222,legit_17,801.6,732.44,12.9717,0.271,0.0,E3E4,1,119.29,492.81,0,-1
222,legit_20,61.87,-1.6,12.7296,-0.2454,90.0,A0B0,0,150.18,875.89,0,-1
222,legit_23,401.6,440.87,12.8989,0.2924,0.0,C2C3,1,94.24,497.25,0,-1
222,legit_24,398.4,510.8,12.5589,-0.2555,180.0,C3C2,1,103.05,485.78,0,-1
222,legit_25,188.51,1001.6,12.0616,0.8764,270.0,B5A5,0,87.35,679.61,0,-1
222,legit_26,201.6,765.8,11.7236,-0.7185,0.0,B3B4,0,90.38,584.04,0,-1
222,legit_27,1.6,868.51,12.2632,0.1535,0.0,A4A5,0,151.11,748.31,0,-1
222,legit_28,998.4,572.05,13.7255,1.1269,180.0,F3F2,2,58.68,565.37,0,-1
222,legit_29,261.23,201.6,13.1822,-0.5555,270.0,C1B1,2,137.95,643.07,0,-1
222,legit_30,1001.6,525.18,13.3842,-0.376,0.0,F2F3,2,89.11,571.07,0,-1
222,legit_32,201.6,313.42,12.2608,0.4683,0.0,B1B2,2,69.51,620.2,0,-1
222,legit_33,801.6,682.14,12.7938,-0.3517,0.0,E3E4,1,97.0,484.84,0,-1
222,legit_34,198.84,204.11,4.7469,-4.5,174.91,:B1_2,2,97.26,671.36,0,-1
222,legit_35,798.4,264.85,12.6538,-0.9619,180.0,E2E1,0,106.75,559.49,0,-1
222,legit_36,1001.6,455.39,12.0872,2.4563,0.0,F2F3,2,106.97,581.59,0,-1
222,legit_37,998.4,187.7,0.0,0.0,180.0,F1F0,0,85.12,678.43,0,-1
223,legit_11,977.09,798.4,13.6849,0.9109,90.0,E4F4,0,83.95,580.43,0,-1
223,legit_17,801.6,745.09,12.6414,-0.3304,0.0,E3E4,1,108.03,495.27,0,-1
223,legit_20,75.27,-1.6,13.3975,0.6679,90.0,A0B0,0,142.73,867.82,0,-1
223,legit_23,401.6,453.42,12.5577,-0.3412,0.0,C2C3,1,105.22,494.6,0,-1
223,legit_24,398.4,499.02,11.7764,-0.7824,180.0,C3C2,1,113.4,487.48,0,-1
223,legit_25,177.24,1001.6,11.2716,-0.79,270.0,B5A5,0,83.0,685.62,0,-1
223,legit_26,201.6,777.8,12.0084,0.2847,0.0,B3B4,0,80.81,586.65,0,-1
223,legit_27,1.6,880.2,11.6889,-0.5742,0.0,A4A5,0,153.75,752.14,0,-1
223,legit_28,998.4,558.96,13.095,-0.6305,180.0,F3F2,2,65.93,566.17,0,-1
223,legit_29,247.79,201.6,13.4409,0.2588,270.0,C1B1,2,127.36,649.06,0,-1
223,legit_30,1001.6,539.02,13.8423,0.4582,0.0,F2F3,2,77.85,569.61,0,-1
223,legit_32,201.6,325.79,12.3621,0.1013,0.0,B1B2,2,61.91,615.39,0,-1
223,legit_33,801.6,696.0,13.8585,1.0646,0.0,E3E4,1,108.99,486.74,0,-1
223,legit_34,202.53,199.44,6.2214,1.4746,136.44,:B1_16,2,95.24,671.86,0,-1
223,legit_35,798.4,251.5,13.3545,0.7006,180.0,E2E1,0,118.81,566.02,0,-1
223,legit_36,1001.6,469.06,13.6679,1.5808,0.0,F2F3,2,119.32,579.13,0,-1
223,legit_37,998.4,186.13,1.5724,1.5724,180.0,F1F0,0,83.88,679.25,0,-1
224,legit_11,989.81,798.4,12.7195,-0.9655,90.0,E4F4,0,73.17,587.0,0,-1
224,legit_17,801.6,758.02,12.9349,0.2936,0.0,E3E4,1,96.87,497.97,0,-1
224,legit_20,88.7,-1.6,13.4324,0.0349,90.0,A0B0,0,136.18,859.91,0,-1
224,legit_23,401.6,467.13,13.7029,1.1452,0.0,C2C3,1,117.55,491.92,0,-1
224,legit_24,398.4,486.9,12.12,0.3435,180.0,C3C2,1,124.31,489.4,0,-1
224,legit_25,165.91,1001.6,11.3285,0.0569,270.0,B5A5,0,80.0,691.84,0,-1
224,legit_26,201.6,787.79,9.9803,-2.0281,0.0,B3B4,0,73.41,588.96,0,-1
224,legit_27,1.6,892.41,12.2114,0.5225,0.0,A4A5,0,157.38,756.31,0,-1
224,legit_28,998.4,546.0,12.9596,-0.1355,180.0,F3F2,2,74.69,567.2,0,-1
224,legit_29,234.66,201.6,13.1328,-0.3082,270.0,C1B1,2,117.58,655.11,0,-1
224,legit_30,1001.6,551.96,12.9339,-0.9084,0.0,F2F3,2,68.2,568.45,0,-1
224,legit_32,201.6,338.37,12.5889,0.2268,0.0,B1B2,2,55.95,610.74,0,-1
224,legit_33,801.6,709.52,13.5259,-0.3326,0.0,E3E4,1,121.07,488.82,0,-1
224,legit_34,209.62,198.4,7.2651,1.0436,94.2,B1C1,2,98.49,668.85,0,-1
224,legit_35,798.4,238.84,12.6508,-0.7037,180.0,E2E1,0,128.32,572.37,0,-1
224,legit_36,1001.6,482.18,13.123,-0.545,0.0,F2F3,2,127.37,576.95,0,-1
224,legit_37,998.4,182.37,3.7531,2.1807,180.0,F1F0,0,80.95,681.24,0,-1
225,legit_17,801.6,771.45,13.4299,0.495,0.0,E3E4,1,85.8,501.0,0,-1
225,legit_20,101.53,-1.6,12.8344,-0.5981,90.0,A0B0,0,130.9,852.5,0,-1
225,legit_23,401.6,480.49,13.3666,-0.3364,0.0,C2C3,1,128.94,489.52,0,-1
225,legit_24,398.4,474.64,12.2606,0.1407,180.0,C3C2,1,125.72,491.51,0,-1
225,legit_25,154.27,1001.6,11.6466,0.3181,270.0,B5A5,0,78.52,698.44,0,-1
225,legit_26,201.67,793.26,5.4803,-4.5,0.75,:B4_8,0,69.67,590.24,0,-1
225,legit_27,1.6,903.89,11.4835,-0.7279,0.0,A4A5,0,161.57,760.39,0,-1
225,legit_28,998.4,533.38,12.6147,-0.3449,180.0,F3F2,2,84.26,568.41,0,-1
225,legit_29,222.19,201.6,12.4726,-0.6601,270.0,C1B1,1,108.95,661.04,0,-1
225,legit_30,1001.6,564.75,12.7894,-0.1445,0.0,F2F3,2,59.88,567.53,0,-1
225,legit_32,201.6,351.0,12.6268,0.0379,0.0,B1B2,0,52.38,606.33,0,-1
225,legit_33,801.6,723.21,13.682,0.1561,0.0,E3E4,1,127.68,491.13,0,-1
225,legit_34,218.77,198.4,9.1492,1.8841,90.0,B1C1,1,104.29,664.35,0,-1
225,legit_35,798.4,225.4,13.4478,0.7969,180.0,E2E1,0,115.98,579.31,0,-1
225,legit_36,1001.6,495.46,13.2737,0.1508,0.0,F2F3,2,115.2,574.93,0,-1
225,legit_37,998.4,177.16,5.2188,1.4657,180.0,F1F0,0,77.0,684.02,0,-1
226,legit_17,801.6,785.03,13.5837,0.1538,0.0,E3E4,1,75.39,504.28,0,-1
226,legit_20,114.44,-1.6,12.9114,0.0771,90.0,A0B0,0,126.69,845.23,0,-1
226,legit_23,401.6,493.8,13.307,-0.0595,0.0,C2C3,1,116.71,487.32,0,-1
226,legit_24,398.4,461.99,12.6554,0.3948,180.0,C3C2,1,114.3,493.87,0,-1
226,legit_25,142.65,1001.6,11.6166,-0.03,270.0,B5A5,0,78.74,705.23,0,-1
226,legit_26,204.22,797.73,5.4711,-0.0091,31.84,:B4_8,0,68.75,589.98,0,-1
226,legit_27,1.6,915.85,11.9512,0.4677,0.0,A4A5,0,166.66,764.79,0,-1
226,legit_28,998.4,520.16,13.2214,0.6067,180.0,F3F2,2,95.06,569.88,0,-1
226,legit_29,213.09,201.6,9.0915,-3.3811,270.0,C1B1,1,103.15,665.47,0,-1
226,legit_30,1001.6,577.4,12.6547,-0.1347,0.0,F2F3,2,53.42,566.86,0,-1
226,legit_32,201.6,363.81,12.8052,0.1784,0.0,B1B2,0,51.74,602.16,0,-1
226,legit_33,801.6,736.42,13.2175,-0.4646,0.0,E3E4,1,115.72,493.56,0,-1
226,legit_34,230.4,198.4,11.6348,2.4856,90.0,B1C1,1,112.3,658.79,0,-1
226,legit_35,798.4,214.67,10.7317,-2.7161,180.0,E2E1,0,106.32,584.97,0,-1
226,legit_36,1001.6,508.38,12.9204,-0.3533,0.0,F2F3,2,103.62,573.14,0,-1
226,legit_37,998.4,170.58,6.5736,1.3548,180.0,F1F0,0,72.26,687.57,0,-1
227,legit_17,801.6,798.33,13.2952,-0.2885,0.0,:E4_9,1,66.32,507.74,0,-1
227,legit_20,127.53,-1.6,13.0909,0.1795,90.0,A0B0,0,123.66,838.03,0,-1
227,legit_23,401.6,507.2,13.4054,0.0983,0.0,C2C3,1,104.66,485.31,0,-1
227,legit_24,398.4,449.11,12.8795,0.2241,180.0,C3C2,1,102.97,496.46,0,-1
227,legit_25,131.52,1001.6,11.1348,-0.4818,270.0,B5A5,1,80.55,711.94,0,-1
227,legit_26,209.68,798.4,5.5774,0.1063,85.73,B4C4,0,72.75,587.26,0,-1
227,legit_27,1.6,927.63,11.7863,-0.1649,0.0,A4A5,1,172.34,769.28,0,-1
227,legit_28,998.4,507.46,12.7071,-0.5143,180.0,F3F2,2,105.96,571.47,0,-1
227,legit_29,208.5,201.6,4.5915,-4.5,270.0,C1B1,1,100.4,667.75,0,-1
227,legit_30,1001.6,590.94,13.5359,0.8812,0.0,F2F3,2,49.24,566.44,0,-1
227,legit_32,201.6,376.04,12.2383,-0.5669,0.0,B1B2,0,54.04,598.46,0,-1
227,legit_33,801.6,749.45,13.0289,-0.1885,0.0,E3E4,1,104.22,496.16,0,-1
227,legit_34,243.52,198.4,13.1213,1.4865,90.0,B1C1,1,122.04,652.69,0,-1
227,legit_35,798.43,207.01,7.6532,-3.0785,179.7,:E1_2,0,99.58,589.09,0,-1
227,legit_36,1001.6,521.79,13.4109,0.4905,0.0,F2F3,2,91.98,571.46,0,-1
227,legit_37,998.4,161.92,8.6609,2.0873,180.0,F1F0,0,66.48,692.32,0,-1
228,legit_17,801.6,811.93,13.5972,0.302,0.0,E4E5,1,58.74,511.55,0,-1
228,legit_20,141.18,-1.6,13.6469,0.556,90.0,A0B0,0,121.92,830.73,0,-1
228,legit_23,401.6,520.71,13.5045,0.0992,0.0,C2C3,2,92.9,483.5,0,-1
228,legit_24,398.4,437.22,11.8919,-0.9876,180.0,C3C2,1,92.87,499.02,0,-1
228,legit_25,120.49,1001.6,11.0219,-0.1128,270.0,B5A5,1,83.77,718.76,0,-1
228,legit_26,217.26,798.4,7.5742,1.9969,90.0,B4C4,0,79.08,583.33,0,-1
228,legit_27,1.6,939.67,12.0391,0.2528,0.0,A4A5,1,178.76,774.03,0,-1
228,legit_28,998.4,494.64,12.8146,0.1076,180.0,F3F2,2,117.32,573.26,0,-1
228,legit_29,202.88,203.19,6.0426,1.4511,289.19,:B1_4,1,98.58,669.76,0,-1
228,legit_30,1001.6,604.34,13.4073,-0.1286,0.0,:F3_3,2,48.59,566.38,0,-1
228,legit_32,201.6,389.01,12.9688,0.7305,0.0,B1B2,0,59.2,594.82,0,-1
228,legit_33,801.6,762.99,13.5367,0.5078,0.0,E3E4,1,92.7,499.07,0,-1
228,legit_34,256.08,198.4,12.5612,-0.56,90.0,B1C1,1,131.91,647.04,0,-1
228,legit_35,800.45,200.85,6.6275,-1.0257,158.5,:E1_16,0,95.3,593.01,0,-1
228,legit_36,1001.6,535.63,13.8379,0.427,0.0,F2F3,2,80.54,569.95,0,-1
228,legit_37,998.4,151.56,10.3627,1.7018,180.0,F1F0,0,60.49,698.13,0,-1
228,legit_38,387.7,601.6,0.0,0.0,270.0,C3B3,1,62.32,482.61,0,-1
229,legit_17,801.6,825.22,13.2883,-0.3088,0.0,E4E5,1,53.68,515.57,0,-1
229,legit_20,154.2,-1.6,13.0148,-0.6321,90.0,A0B0,0,121.67,823.96,0,-1
229,legit_23,401.6,533.23,12.5192,-0.9854,0.0,C2C3,2,82.47,482.01,0,-1
229,legit_24,398.4,425.3,11.9197,0.0278,180.0,C3C2,1,83.22,501.76,0,-1
229,legit_25,108.68,1001.6,11.8098,0.7878,270.0,B5A5,1,88.62,726.25,0,-1
229,legit_26,226.99,798.4,9.7369,2.1626,90.0,B4C4,0,87.51,578.36,0,-1
229,legit_27,1.6,951.17,11.503,-0.5361,0.0,A4A5,1,185.42,778.7,0,-1
229,legit_28,998.4,481.26,13.379,0.5644,180.0,F3F2,2,129.47,575.32,0,-1
229,legit_29,201.6,209.45,6.5371,0.4945,354.29,B1B2,1,103.26,667.25,0,-1
229,legit_30,1001.6,617.69,13.3506,-0.0567,0.0,F3F4,2,51.53,566.67,0,-1
229,legit_32,201.6,401.09,12.0779,-0.8909,0.0,:B2_9,0,65.96,591.67,0,-1
229,legit_33,801.6,775.97,12.985,-0.5517,0.0,E3E4,1,82.23,502.06,0,-1
229,legit_34,268.15,198.4,12.0646,-0.4967,90.0,B1C1,1,141.79,641.76,0,-1
229,legit_35,806.88,198.45,7.0636,0.4361,104.61,:E1_16,0,96.9,596.18,0,-1
229,legit_36,1001.6,549.16,13.5291,-0.3088,0.0,F2F3,2,70.2,568.69,0,-1
229,legit_37,998.4,139.11,12.4531,2.0904,180.0,F1F0,0,55.02,705.3,0,-1
229,legit_38,386.16,601.6,1.5405,1.5405,270.0,C3B3,1,63.86,483.14,0,-1
230,legit_17,801.6,838.93,13.7127,0.4244,0.0,E4E5,1,51.61,520.06,0,-1
230,legit_20,167.31,-1.6,13.117,0.1022,90.0,A0B0,0,122.83,817.34,0,-1
230,legit_23,401.6,546.9,13.6678,1.1486,0.0,C2C3,2,71.85,480.62,0,-1
230,legit_24,398.4,413.13,12.1623,0.2426,180.0,C3C2,1,74.07,504.74,0,-1
230,legit_25,97.37,1001.6,11.3132,-0.4965,270.0,B5A5,1,94.43,733.6,0,-1
230,legit_26,239.22,798.4,12.2237,2.4868,90.0,B4C4,0,98.44,572.28,0,-1
230,legit_27,1.6,963.64,12.4663,0.9633,0.0,A4A5,1,188.58,783.93,0,-1
230,legit_28,998.4,468.03,13.2342,-0.1448,180.0,F3F2,1,119.72,577.53,0,-1
230,legit_29,201.6,218.26,8.8131,2.276,0.0,B1B2,1,110.98,662.85,0,-1
230,legit_30,1001.6,631.26,13.567,0.2164,0.0,F3F4,1,57.62,567.29,0,-1
230,legit_32,201.6,413.96,12.8715,0.7937,0.0,B2B3,0,74.66,588.54,0,-1
230,legit_33,801.6,789.03,13.0581,0.0732,0.0,E3E4,1,72.53,505.3,0,-1
230,legit_34,280.67,198.4,12.5262,0.4617,90.0,B1C1,1,152.39,636.45,0,-1
230,legit_35,814.48,198.4,7.5978,0.5342,90.0,E1F1,0,101.51,598.46,0,-1
230,legit_36,1001.6,562.34,13.1835,-0.3457,0.0,F2F3,2,61.33,567.69,0,-1
230,legit_37,998.4,125.84,13.2617,0.8086,180.0,F1F0,0,51.93,713.21,0,-1
230,legit_38,382.88,601.6,3.2798,1.7393,270.0,C3B3,1,67.14,484.27,0,-1
231,legit_17,801.6,851.69,12.7604,-0.9523,0.0,E4E5,1,52.91,524.57,0,-1
231,legit_20,180.82,-1.6,13.5101,0.393,90.0,A0B0,0,125.45,810.73,0,-1
231,legit_23,401.6,559.82,12.9283,-0.7395,0.0,C2C3,1,62.9,479.54,0,-1
231,legit_24,398.4,400.47,12.6656,0.5033,180.0,:C2_1,0,65.58,508.06,0,-1
231,legit_25,85.73,1001.6,11.6454,0.3322,270.0,B5A5,1,101.38,741.32,0,-1
231,legit_26,250.75,798.4,11.5356,-0.6881,90.0,B4C4,0,109.0,566.69,0,-1
231,legit_27,1.6,975.09,11.4478,-1.0185,0.0,A4A5,1,181.74,788.88,0,-1
231,legit_28,998.4,454.53,13.4951,0.2609,180.0,F3F2,1,107.7,579.98,0,-1
231,legit_29,201.6,229.32,11.0568,2.2437,0.0,B1B2,1,120.88,657.44,0,-1
231,legit_30,1001.6,644.06,12.803,-0.764,0.0,F3F4,1,65.45,568.14,0,-1
231,legit_32,201.6,426.76,12.7944,-0.0771,0.0,B2B3,0,84.37,585.64,0,-1
231,legit_33,801.6,802.28,13.2514,0.1933,0.0,:E4_9,1,63.91,508.82,0,-1
231,legit_34,293.68,198.4,13.0072,0.481,90.0,B1C1,1,163.68,631.1,0,-1
231,legit_35,824.51,198.4,10.038,2.4402,90.0,E1F1,0,108.16,601.55,0,-1
231,legit_36,1001.6,575.17,12.8282,-0.3552,0.0,F2F3,2,54.4,566.96,0,-1
231,legit_37,998.4,113.04,12.8082,-0.4536,180.0,F1F0,0,52.07,721.13,0,-1
231,legit_38,377.03,601.6,5.8521,2.5724,270.0,C3B3,1,72.99,486.32,0,-1
232,legit_17,801.6,864.76,13.074,0.3136,0.0,E4E5,1,57.23,529.52,0,-1
232,legit_20,193.82,-1.6,12.999,-0.511,90.0,:B0_6,0,129.26,804.57,0,-1
232,legit_23,401.6,573.2,13.3735,0.4452,0.0,C2C3,1,55.33,478.69,0,-1
232,legit_24,398.4,388.23,12.244,-0.4216,180.0,C2C1,0,58.82,511.5,0,-1
232,legit_25,74.24,1001.6,11.4899,-0.1555,270.0,B5A5,1,109.03,749.08,0,-1
232,legit_26,263.16,798.4,12.4091,0.8735,90.0,B4C4,0,120.57,560.84,0,-1
232,legit_27,1.6,987.25,12.1633,0.7156,0.0,A4A5,1,175.0,794.28,0,-1
232,legit_28,998.4,441.21,13.3246,-0.1705,180.0,F3F2,1,96.21,582.59,0,-1
232,legit_29,201.6,242.35,13.038,1.9812,0.0,B1B2,1,128.46,651.2,0,-1
232,legit_30,1001.6,657.56,13.4926,0.6896,0.0,F3F4,1,75.2,569.28,0,-1
232,legit_32,201.6,438.92,12.1603,-0.6341,0.0,B2B3,0,94.29,583.06,0,-1
232,legit_33,801.6,815.53,13.2441,-0.0073,0.0,E4E5,1,57.11,512.6,0,-1
232,legit_34,306.77,198.4,13.0929,0.0856,90.0,B1C1,1,163.28,625.89,0,-1
232,legit_35,836.78,198.4,12.2686,2.2306,90.0,E1F1,0,116.95,605.51,0,-1
232,legit_36,1001.6,586.41,11.2446,-1.5836,0.0,F2F3,2,50.27,566.54,0,-1
232,legit_37,998.4,99.43,13.603,0.7949,180.0,F1F0,0,55.55,729.84,0,-1
232,legit_38,368.77,601.6,8.2536,2.4015,270.0,C3B3,1,81.24,489.28,0,-1
233,legit_17,801.6,877.77,13.0069,-0.0671,0.0,E4E5,1,63.95,534.72,0,-1
233,legit_20,206.52,-1.6,12.7003,-0.2987,90.0,:B0_6,0,134.09,798.73,0,-1
233,legit_23,401.6,586.22,13.0237,-0.3498,0.0,C2C3,1,50.32,478.16,0,-1
233,legit_24,398.4,375.82,12.4057,0.1617,180.0,C2C1,0,53.97,515.24,0,-1
233,legit_25,62.3,1001.6,11.9338,0.4439,270.0,B5A5,1,117.63,757.29,0,-1
233,legit_26,275.42,798.4,12.2542,-0.1548,90.0,B4C4,0,132.14,555.21,0,-1
233,legit_27,1.6,994.91,7.6633,-4.5,0.0,A4A5,1,171.06,797.76,0,-1
233,legit_28,998.4,428.18,13.0243,-0.3003,180.0,F3F2,0,85.51,585.33,0,-1
233,legit_29,201.6,255.55,13.1968,0.1588,0.0,B1B2,1,116.5,645.05,0,-1
233,legit_30,1001.6,671.24,13.6809,0.1883,0.0,F3F4,1,86.12,570.67,0,-1
233,legit_32,201.6,451.78,12.8601,0.6998,0.0,B2B3,0,105.29,580.5,0,-1
233,legit_33,801.6,828.14,12.6141,-0.63,0.0,E4E5,1,52.95,516.49,0,-1
233,legit_34,319.85,198.4,13.0705,-0.0223,90.0,B1C1,1,151.94,620.87,0,-1
233,legit_35,850.08,198.4,13.3011,1.0325,90.0,E1F1,0,127.14,609.99,0,-1
233,legit_36,1001.55,593.15,6.7446,-4.5,359.42,:F3_4,1,48.93,566.38,0,-1
233,legit_37,998.4,85.88,13.5543,-0.0488,180.0,F1F0,0,61.86,738.8,0,-1
233,legit_38,358.02,601.6,10.7516,2.4979,270.0,C3B3,1,91.99,493.24,0,-1
234,legit_17,801.6,890.45,12.6777,-0.3292,0.0,E4E5,1,72.16,540.04,0,-1
234,legit_20,219.15,-1.6,12.6262,-0.0741,90.0,B0C0,0,139.89,793.1,0,-1
234,legit_23,401.6,599.56,13.3371,0.3134,0.0,:C3_9,1,48.4,477.96,0,-1
234,legit_24,398.4,363.51,12.3064,-0.0993,180.0,C2C1,0,51.72,519.23,0,-1
234,legit_25,51.16,1001.6,11.1437,-0.7901,270.0,B5A5,1,126.16,765.06,0,-1
234,legit_26,287.26,798.4,11.8375,-0.4167,90.0,B4C4,0,143.42,549.93,0,-1
234,legit_27,2.3,998.18,3.5246,-4.1388,8.39,:A5_1,1,168.85,798.75,0,-1
234,legit_28,998.4,415.65,12.5383,-0.486,180.0,F3F2,0,75.89,588.15,0,-1
234,legit_29,201.6,268.52,12.9727,-0.224,0.0,B1B2,1,105.03,639.18,0,-1
234,legit_30,1001.6,683.94,12.7073,-0.9736,0.0,F3F4,1,96.9,572.16,0,-1
234,legit_32,201.6,464.59,12.8111,-0.049,0.0,B2B3,0,116.62,578.14,0,-1
234,legit_33,801.6,841.25,13.1045,0.4904,0.0,E4E5,1,51.62,520.86,0,-1
234,legit_34,332.16,198.4,12.3137,-0.7568,90.0,B1C1,1,141.54,616.3,0,-1
234,legit_35,862.86,198.4,12.7793,-0.5219,90.0,E1F1,0,137.42,614.49,0,-1
234,legit_36,999.11,599.57,7.0787,0.3341,333.86,:F3_10,1,50.89,565.02,0,-1
234,legit_37,998.4,72.9,12.9763,-0.578,180.0,F1F0,0,69.86,747.59,0,-1
234,legit_38,345.71,601.6,12.3132,1.5616,270.0,C3B3,1,104.3,497.93,0,-1
234,legit_39,587.7,401.6,0.0,0.0,270.0,D2C2,0,143.85,479.93,0,-1
235,legit_17,801.6,903.15,12.7052,0.0275,0.0,E4E5,1,81.55,545.59,0,-1
235,legit_20,232.5,-1.6,13.3531,0.7269,90.0,B0C0,0,146.95,787.34,0,-1
235,legit_23,401.6,612.76,13.2014,-0.1356,0.0,C3C4,1,50.05,478.13,0,-1
235,legit_24,398.4,350.65,12.8656,0.5592,180.0,C2C1,0,52.44,523.72,0,-1
235,legit_25,39.03,1001.6,12.1319,0.9882,270.0,B5A5,1,135.87,773.65,0,-1
235,legit_26,299.0,798.4,11.748,-0.0895,90.0,B4C4,0,154.7,544.83,0,-1
235,legit_27,4.98,998.4,2.7199,-0.8047,56.44,A5B5,1,166.4,796.87,0,-1
235,legit_28,998.4,407.61,8.0383,-4.5,180.0,F3F2,0,70.21,590.06,0,-1
235,legit_29,201.6,281.34,12.8166,-0.1561,0.0,B1B2,0,94.07,633.53,0,-1
235,legit_30,1001.6,696.78,12.8389,0.1316,0.0,F3F4,1,108.21,573.83,0,-1
235,legit_32,201.6,476.67,12.0792,-0.7319,0.0,B2B3,0,127.57,576.06,0,-1
235,legit_33,801.6,854.71,13.4589,0.3545,0.0,E4E5,1,53.65,525.69,0,-1
235,legit_34,344.62,198.4,12.4662,0.1524,90.0,B1C1,0,131.34,611.84,0,-1
235,legit_35,875.59,198.4,12.7236,-0.0557,90.0,E1F1,0,148.05,619.15,0,-1
235,legit_36,991.38,601.6,8.1799,1.1012,275.83,F3E3,1,58.64,560.9,0,-1
235,legit_37,998.4,59.84,13.0637,0.0874,180.0,F1F0,0,79.26,756.62,0,-1
235,legit_38,332.71,601.6,12.9964,0.6832,270.0,C3B3,1,117.3,503.06,0,-1
235,legit_39,586.36,401.6,1.3407,1.3407,270.0,D2C2,0,142.56,479.95,0,-1
236,legit_17,801.6,916.96,13.8122,1.107,0.0,E4E5,1,92.66,551.85,0,-1
236,legit_20,245.72,-1.6,13.2214,-0.1318,90.0,B0C0,0,154.76,781.82,0,-1
236,legit_23,401.6,625.44,12.6812,-0.5202,0.0,C3C4,1,54.68,478.62,0,-1
236,legit_24,398.4,338.84,11.8044,-1.0611,180.0,C2C1,1,55.77,528.12,0,-1
236,legit_25,26.9,1001.6,12.1225,-0.0095,270.0,B5A5,1,145.94,782.35,0,-1
236,legit_26,311.08,798.4,12.0784,0.3304,90.0,B4C4,0,145.01,539.74,0,-1
236,legit_27,9.22,998.4,4.2427,1.5228,90.0,A5B5,1,162.72,793.74,0,-1
236,legit_28,995.74,402.24,6.3932,-1.6451,212.36,:F2_0,0,68.77,589.96,0,-1
236,legit_29,201.6,294.76,13.4221,0.6054,0.0,B1B2,0,83.18,627.81,0,-1
236,legit_30,1001.6,710.14,13.3549,0.516,0.0,F3F4,1,120.3,575.76,0,-1
236,legit_32,201.6,488.59,11.9237,-0.1555,0.0,B2B3,0,122.78,574.17,0,-1
236,legit_33,801.6,868.28,13.5699,0.111,0.0,E4E5,1,58.84,530.9,0,-1
236,legit_34,356.88,198.4,12.2599,-0.2062,90.0,B1C1,1,121.73,607.62,0,-1
236,legit_35,888.2,198.4,12.6084,-0.1152,90.0,E1F1,0,158.89,623.94,0,-1
236,legit_36,980.7,601.6,10.6856,2.5057,270.0,F3E3,1,69.32,555.31,0,-1
236,legit_37,998.4,46.9,12.9376,-0.1261,180.0,F1F0,0,89.48,765.72,0,-1
236,legit_38,319.75,601.6,12.9622,-0.0342,270.0,C3B3,1,130.26,508.36,0,-1
236,legit_39,583.47,401.6,2.8884,1.5477,270.0,D2C2,0,139.8,480.0,0,-1
237,legit_17,801.6,929.7,12.7307,-1.0815,0.0,E4E5,1,103.48,557.81,0,-1
237,legit_20,259.05,-1.6,13.33,0.1086,90.0,B0C0,0,163.34,776.43,0,-1
237,legit_23,401.6,638.29,12.8485,0.1673,0.0,C3C4,1,61.71,479.4,0,-1
237,legit_24,398.4,326.5,12.3459,0.5415,180.0,C2C1,1,61.52,532.99,0,-1
237,legit_25,15.18,1001.6,11.7237,-0.3988,270.0,B5A5,1,155.96,790.87,0,-1
237,legit_26,322.57,798.4,11.4906,-0.5878,90.0,B4C4,0,134.05,535.05,0,-1
237,legit_27,15.99,998.4,6.764,2.5213,90.0,A5B5,1,156.9,788.78,0,-1
237,legit_28,989.23,401.6,6.6108,0.2176,267.67,F2E2,0,73.64,586.7,0,-1
237,legit_29,201.6,308.63,13.8634,0.4413,0.0,B1B2,0,72.81,622.11,0,-1
237,legit_30,1001.6,723.24,13.1003,-0.2546,0.0,F3F4,1,126.4,577.83,0,-1
237,legit_32,201.6,501.06,12.4665,0.5427,0.0,B2B3,1,111.59,572.35,0,-1
237,legit_33,801.6,881.42,13.148,-0.4219,0.0,E4E5,1,66.17,536.23,0,-1
237,legit_34,369.98,198.4,13.0956,0.8357,90.0,B1C1,1,112.03,603.3,0,-1
237,legit_35,900.98,198.4,12.7797,0.1714,90.0,E1F1,0,168.39,628.95,0,-1
237,legit_36,967.72,601.6,12.9817,2.2961,270.0,F3E3,1,82.3,548.66,0,-1
237,legit_37,998.4,33.92,12.9846,0.047,180.0,F1F0,0,100.36,774.99,0,-1
237,legit_38,306.41,601.6,13.3381,0.3759,270.0,C3B3,2,143.6,514.0,0,-1
237,legit_39,578.16,401.6,5.3158,2.4274,270.0,D2C2,0,134.74,480.12,0,-1
238,legit_17,801.6,942.9,13.2061,0.4754,0.0,E4E5,1,115.11,564.18,0,-1
238,legit_20,272.1,-1.6,13.0483,-0.2817,90.0,B0C0,0,172.32,771.34,0,-1
238,legit_23,401.6,651.65,13.3586,0.5101,0.0,C3C4,1,70.78,480.49,0,-1
238,legit_24,398.4,314.06,12.4394,0.0935,180.0,C2C1,1,69.09,538.13,0,-1
238,legit_25,6.55,1001.6,8.6317,-3.092,270.0,B5A5,1,163.48,797.2,0,-1
238,legit_26,335.03,798.4,12.4544,0.9638,90.0,B4C4,0,122.27,530.11,0,-1
238,legit_27,24.86,998.4,8.8698,2.1058,90.0,A5B5,1,149.4,782.33,0,-1
238,legit_28,980.87,401.6,8.3594,1.7486,270.0,F2E2,0,80.68,582.37,0,-1
238,legit_29,201.6,322.44,13.8126,-0.0508,0.0,B1B2,0,63.82,616.67,0,-1
238,legit_30,1001.6,736.35,13.1093,0.009,0.0,F3F4,1,114.4,580.08,0,-1
238,legit_32,201.6,513.57,12.5166,0.0502,0.0,B2B3,1,100.66,570.68,0,-1
238,legit_33,801.6,895.01,13.5824,0.4344,0.0,E4E5,1,75.42,542.01,0,-1
238,legit_34,382.01,198.4,12.0258,-1.0697,90.0,B1C1,1,103.78,599.53,0,-1
238,legit_35,914.48,198.4,13.508,0.7282,90.0,E1F1,0,156.56,634.44,0,-1
238,legit_36,954.03,601.6,13.6908,0.709,270.0,F3E3,1,95.99,541.83,0,-1
238,legit_37,998.4,21.48,12.4337,-0.5508,180.0,F1F0,0,111.21,783.99,0,-1
238,legit_38,293.62,601.6,12.7893,-0.5488,270.0,C3B3,2,143.63,519.57,0,-1
238,legit_39,571.37,401.6,6.7841,1.4683,270.0,D2C2,0,128.3,480.31,0,-1
239,legit_17,801.6,956.25,13.3471,0.141,0.0,E4E5,1,127.19,570.8,0,-1
239,legit_20,285.61,-1.6,13.5075,0.4593,90.0,B0C0,0,182.14,766.25,0,-1
239,legit_23,401.6,664.28,12.6301,-0.7285,0.0,C3C4,2,80.46,481.74,0,-1
239,legit_24,398.4,301.77,12.2879,-0.1515,180.0,C2C1,1,77.8,543.42,0,-1
239,legit_25,2.36,1001.48,4.1987,-4.433,268.62,:A5_0,1,167.22,800.23,0,-1
239,legit_26,347.31,798.4,12.2814,-0.1729,90.0,B4C4,1,110.8,525.41,0,-1
239,legit_27,35.77,998.4,10.9157,2.0459,90.0,A5B5,1,140.38,774.46,0,-1
239,legit_28,969.95,401.6,10.9257,2.5663,270.0,F2E2,0,90.22,576.83,0,-1
239,legit_29,201.6,336.25,13.8073,-0.0053,0.0,B1B2,0,56.8,611.51,0,-1
239,legit_30,1001.6,749.75,13.4061,0.2968,0.0,F3F4,0,102.41,582.57,0,-1
239,legit_32,201.6,525.39,11.8172,-0.6994,0.0,B2B3,1,90.71,569.27,0,-1
239,legit_33,801.6,908.4,13.3974,-0.185,0.0,E4E5,1,85.68,547.94,0,-1
239,legit_34,389.53,198.4,7.5258,-4.5,90.0,B1C1,1,99.01,597.26,0,-1
239,legit_35,927.69,198.4,13.2051,-0.3029,90.0,E1F1,0,145.28,639.98,0,-1
239,legit_36,941.03,601.6,12.9954,-0.6954,270.0,F3E3,0,108.98,535.53,0,-1
239,legit_37,998.4,10.57,10.9152,-1.5185,180.0,F1F0,0,120.99,791.97,0,-1
239,legit_38,280.61,601.6,13.0094,0.2201,270.0,C3B3,2,130.62,525.42,0,-1
239,legit_39,562.75,401.6,8.6242,1.8401,270.0,D2C2,0,120.18,480.63,0,-1
240,legit_17,801.6,969.26,13.0119,-0.3352,0.0,E4E5,1,122.17,577.43,0,-1
240,legit_20,298.37,-1.6,12.7636,-0.744,90.0,B0C0,0,191.84,761.62,0,-1
240,legit_23,401.6,677.73,13.4532,0.8231,0.0,C3C4,1,91.57,483.3,0,-1
240,legit_24,398.4,289.12,12.6453,0.3573,180.0,C2C1,1,87.67,549.06,0,-1
240,legit_25,-1.33,998.72,4.9474,0.7487,233.51,:A5_0,1,171.77,801.68,0,-1
240,legit_26,359.9,798.4,12.5882,0.3068,90.0,B4C4,1,99.24,520.77,0,-1
240,legit_27,48.08,998.4,12.3096,1.394,90.0,A5B5,1,130.56,765.71,0,-1
240,legit_28,957.58,401.6,12.3684,1.4427,270.0,F2E2,0,101.35,570.72,0,-1
240,legit_29,201.6,349.18,12.9305,-0.8768,0.0,B1B2,1,52.72,606.95,0,-1
240,legit_30,1001.6,763.1,13.3472,-0.0589,0.0,F3F4,0,90.86,585.23,0,-1
240,legit_32,201.6,537.58,12.1833,0.3661,0.0,B2B3,1,80.99,567.98,0,-1
240,legit_33,801.6,921.21,12.8078,-0.5896,0.0,E4E5,1,96.22,553.81,0,-1
240,legit_34,399.33,198.4,9.8011,2.2753,90.0,:C1_13,1,93.35,594.42,0,-1
240,legit_35,940.71,198.4,13.0256,-0.1795,90.0,E1F1,0,134.5,645.62,0,-1
240,legit_36,927.38,601.6,13.6497,0.6543,270.0,F3E3,0,122.63,529.1,0,-1
240,legit_37,998.4,3.28,7.2914,-3.6238,180.0,F1F0,0,127.62,797.35,0,-1
240,legit_38,267.4,601.6,13.2183,0.2089,270.0,C3B3,1,117.41,531.54,0,-1
240,legit_39,551.71,401.6,11.0389,2.4147,270.0,D2C2,0,109.89,481.17,0,-1
240,legit_40,187.7,201.6,0.0,0.0,270.0,B1A1,1,89.89,678.42,0,-1
241,legit_17,801.6,981.51,12.25,-0.762,0.0,E4E5,1,111.19,583.84,0,-1
241,legit_20,311.07,-1.6,12.7025,-0.0611,90.0,B0C0,0,184.63,757.17,0,-1
241,legit_23,401.6,690.32,12.5913,-0.8619,0.0,C3C4,1,102.47,484.96,0,-1
241,legit_24,398.4,276.87,12.259,-0.3863,180.0,C2C1,1,97.85,554.71,0,-1
241,legit_25,-1.6,994.04,4.7023,-0.2451,184.17,A5A4,1,174.27,799.74,0,-1
241,legit_26,371.34,798.4,11.4479,-1.1403,90.0,B4C4,1,88.98,516.71,0,-1
241,legit_27,60.19,998.4,12.1064,-0.2032,90.0,A5B5,1,121.35,757.22,0,-1
241,legit_28,943.82,401.6,13.7597,1.3913,270.0,F2E2,0,114.04,564.11,0,-1
241,legit_29,201.6,362.03,12.8554,-0.0751,0.0,B1B2,0,51.64,602.72,0,-1
241,legit_30,1001.6,776.42,13.3153,-0.0319,0.0,F3F4,0,79.91,588.09,0,-1
241,legit_32,201.6,549.41,11.8396,-0.3437,0.0,B2B3,1,72.26,566.9,0,-1
241,legit_33,801.6,934.37,13.1637,0.3559,0.0,E4E5,1,107.56,560.04,0,-1
241,legit_34,411.73,198.4,12.3971,2.596,90.0,C1D1,1,87.24,591.02,0,-1
241,legit_35,954.11,198.4,13.398,0.3725,90.0,E1F1,0,123.86,651.62,0,-1
241,legit_36,914.09,601.6,13.2863,-0.3633,270.0,F3E3,0,135.91,523.02,0,-1
241,legit_37,996.64,1.6,2.8166,-4.4749,204.53,F0E0,0,129.87,797.79,0,-1
241,legit_38,253.53,601.6,13.8666,0.6483,270.0,C3B3,1,103.54,538.15,0,-1
241,legit_39,538.72,401.6,12.9869,1.948,270.0,D2C2,0,97.99,481.98,0,-1
241,legit_40,186.36,201.6,1.3449,1.3449,270.0,B1A1,0,89.33,679.13,0,-1
242,legit_17,801.6,989.26,7.75,-4.5,0.0,E4E5,1,104.39,587.97,0,-1
242,legit_20,324.85,-1.6,13.7744,1.072,90.0,B0C0,0,174.5,752.53,0,-1
242,legit_23,401.6,703.1,12.7783,0.187,0.0,C3C4,1,113.9,486.84,0,-1
242,legit_24,398.4,264.72,12.1466,-0.1124,180.0,C2C1,1,108.36,560.48,0,-1
242,legit_25,-1.6,987.16,6.8838,2.1816,180.0,A5A4,1,177.77,796.62,0,-1
242,legit_26,381.84,798.4,10.4964,-0.9515,90.0,B4C4,1,79.85,513.13,0,-1
242,legit_27,72.64,998.4,12.4519,0.3455,90.0,A5B5,1,112.44,748.63,0,-1
242,legit_28,930.0,401.6,13.8174,0.0576,270.0,F2E2,0,127.0,557.68,0,-1
242,legit_29,201.6,375.87,13.8355,0.9802,0.0,B1B2,0,53.98,598.51,0,-1
242,legit_30,1001.6,786.81,10.3965,-2.9188,0.0,F3F4,0,71.91,590.46,0,-1
242,legit_32,201.6,561.65,12.2339,0.3943,0.0,B2B3,1,64.29,565.98,0,-1
242,legit_33,801.6,947.43,13.0593,-0.1044,0.0,E4E5,1,119.18,566.4,0,-1
242,legit_34,423.77,198.4,12.0393,-0.3578,90.0,C1D1,1,82.67,587.95,0,-1
242,legit_35,966.86,198.4,12.7525,-0.6455,90.0,E1F1,0,114.27,657.5,0,-1
242,legit_36,900.91,601.6,13.1887,-0.0976,270.0,F3E3,0,149.1,517.17,0,-1
242,legit_37,991.74,1.6,4.8989,2.0824,270.0,F0E0,0,131.96,795.56,0,-1
242,legit_38,240.93,601.6,12.5999,-1.2667,270.0,C3B3,1,90.94,544.33,0,-1
242,legit_39,525.86,401.6,12.8629,-0.124,270.0,D2C2,0,86.52,482.99,0,-1
242,legit_40,183.07,201.6,3.2839,1.939,270.0,B1A1,0,88.05,680.87,0,-1
243,legit_17,801.54,992.88,3.6397,-4.1102,359.36,:E5_5,1,101.22,589.91,0,-1
243,legit_20,338.28,-1.6,13.4356,-0.3388,90.0,B0C0,0,165.13,748.2,0,-1
243,legit_23,401.6,716.47,13.3686,0.5903,0.0,C3C4,1,126.13,489.0,0,-1
243,legit_24,398.4,251.96,12.7582,0.6116,180.0,C2C1,1,119.73,566.7,0,-1
243,legit_25,-1.6,978.28,8.872,1.9882,180.0,A5A4,1,182.56,792.67,0,-1
243,legit_26,388.34,798.4,6.5001,-3.9963,90.0,B4C4,1,74.38,510.98,0,-1
243,legit_27,85.25,998.4,12.6131,0.1612,90.0,A5B5,1,104.17,740.09,0,-1
243,legit_28,916.93,401.6,13.069,-0.7484,270.0,F2E2,0,139.42,551.78,0,-1
243,legit_29,201.6,385.31,9.4458,-4.3897,0.0,B1B2,0,57.47,595.83,0,-1
243,legit_30,1001.58,792.95,6.1369,-4.2596,359.76,:F4_4,0,67.52,591.91,0,-1
243,legit_32,201.6,574.53,12.8822,0.6483,0.0,B2B3,1,57.54,565.25,0,-1
243,legit_33,801.6,960.22,12.7863,-0.273,0.0,E4E5,1,130.42,572.81,0,-1
243,legit_34,436.76,198.4,12.9904,0.9511,90.0,C1D1,1,79.51,584.89,0,-1
243,legit_35,978.93,198.4,12.0681,-0.6844,90.0,E1F1,0,105.82,663.24,0,-1
243,legit_36,887.36,601.6,13.5445,0.3558,270.0,F3E3,0,137.37,511.34,0,-1
243,legit_37,985.4,1.6,6.3406,1.4416,270.0,F0E0,0,134.88,792.72,0,-1
243,legit_38,228.19,601.6,12.7414,0.1416,270.0,C3B3,1,78.2,550.74,0,-1
243,legit_39,512.42,401.6,13.4367,0.5738,270.0,D2C2,0,75.01,484.27,0,-1
243,legit_40,178.4,201.6,4.6746,1.3907,270.0,B1A1,0,86.4,683.38,0,-1
244,legit_17,799.07,993.81,3.3594,-0.2803,315.23,:E5_5,1,99.18,589.71,0,-1
244,legit_20,351.59,-1.6,13.3023,-0.1333,90.0,B0C0,0,156.43,744.1,0,-1
244,legit_23,401.6,729.85,13.3767,0.0081,0.0,C3C4,1,120.32,491.36,0,-1
244,legit_24,398.4,239.32,12.6449,-0.1133,180.0,C2C1,1,130.0,573.04,0,-1
244,legit_25,-1.6,967.36,10.9287,2.0567,180.0,A5A4,1,188.87,787.92,0,-1
244,legit_26,396.21,798.4,7.8662,1.3661,90.0,:C4_13,1,68.0,508.45,0,-1
244,legit_27,96.91,998.4,11.6558,-0.9573,90.0,A5B5,1,97.35,732.35,0,-1
244,legit_28,903.45,401.6,13.4847,0.4158,270.0,F2E2,0,152.34,545.89,0,-1
244,legit_29,201.6,391.04,5.7302,-3.7156,0.0,B1B2,0,60.22,594.28,0,-1
244,legit_30,999.36,799.42,6.9945,0.8576,336.76,:F4_10,0,64.89,592.32,0,-1
244,legit_32,201.6,587.14,12.6085,-0.2736,0.0,B2B3,1,53.18,564.8,0,-1
244,legit_33,801.6,972.04,11.8152,-0.9711,0.0,E4E5,1,119.66,578.87,0,-1
244,legit_34,448.82,198.4,12.0564,-0.934,90.0,C1D1,1,78.41,582.31,0,-1
244,legit_35,987.78,198.4,8.8496,-3.2185,90.0,E1F1,0,100.09,667.56,0,-1
244,legit_36,873.97,601.6,13.3938,-0.1507,270.0,F3E3,0,123.98,505.77,0,-1
244,legit_37,977.42,1.6,7.9791,1.6385,270.0,F0E0,0,138.88,789.21,0,-1
244,legit_38,217.03,601.6,11.1597,-1.5818,270.0,C3B3,1,67.05,556.49,0,-1
244,legit_39,498.86,401.6,13.5583,0.1216,270.0,D2C2,0,64.17,485.8,0,-1
244,legit_40,171.97,201.6,6.4293,1.7547,270.0,B1A1,0,84.51,686.89,0,-1
245,legit_17,798.4,990.3,3.7093,0.3498,203.49,E5E4,1,101.92,587.63,0,-1
245,legit_20,365.22,-1.6,13.6344,0.3321,90.0,B0C0,0,148.24,740.1,0,-1
245,legit_23,401.6,743.06,13.2107,-0.1659,0.0,C3C4,1,108.35,493.89,0,-1
245,legit_24,398.4,227.43,11.8819,-0.763,180.0,C2C1,1,119.18,579.15,0,-1
245,legit_25,-1.6,956.11,11.2461,0.3174,180.0,A5A4,1,190.96,783.17,0,-1
245,legit_26,405.57,798.4,9.3621,1.4959,90.0,:C4_13,1,60.87,505.55,0,-1
245,legit_27,108.58,998.4,11.6678,0.012,90.0,A5B5,1,91.51,724.77,0,-1
245,legit_28,890.03,401.6,13.4207,-0.064,270.0,F2E2,0,146.08,540.21,0,-1
245,legit_29,200.71,394.04,3.2964,-2.4338,349.29,:B2_19,0,61.08,593.96,0,-1
245,legit_30,992.56,801.6,7.2974,0.303,281.64,F4E4,0,69.1,589.26,0,-1
245,legit_32,201.6,599.89,12.7515,0.143,0.0,:B3_9,1,51.6,564.64,0,-1
245,legit_33,801.6,981.07,9.0331,-2.7821,0.0,E4E5,1,111.58,583.61,0,-1
245,legit_34,461.46,198.4,12.6455,0.5891,90.0,C1D1,1,79.23,579.87,0,-1
245,legit_35,992.13,198.4,4.3496,-4.5,90.0,E1F1,0,97.44,669.72,0,-1
245,legit_36,860.68,601.6,13.2862,-0.1076,270.0,F3E3,0,110.69,500.43,0,-1
245,legit_37,967.39,1.6,10.03,2.051,270.0,F0E0,0,144.37,784.9,0,-1
245,legit_38,210.13,601.6,6.8993,-4.2604,270.0,C3B3,1,60.15,560.1,0,-1
245,legit_39,485.43,401.6,13.4301,-0.1283,270.0,D2C2,0,54.64,487.58,0,-1
245,legit_40,163.66,201.6,8.3088,1.8795,270.0,B1A1,0,82.74,691.51,0,-1
246,legit_17,798.4,984.47,5.8338,2.1246,180.0,E5E4,1,107.09,584.51,0,-1
246,legit_20,378.44,-1.6,13.2146,-0.4198,90.0,B0C0,0,141.1,736.42,0,-1
246,legit_23,401.6,755.58,12.524,-0.6867,0.0,C3C4,1,97.31,496.48,0,-1
246,legit_24,398.4,215.21,12.2192,0.3373,180.0,C2C1,1,108.3,585.58,0,-1
246,legit_25,-1.6,943.97,12.1353,0.8893,180.0,A5A4,1,183.83,778.18,0,-1
246,legit_26,417.02,798.4,11.4474,2.0853,90.0,C4D4,1,53.09,502.19,0,-1
246,legit_27,120.34,998.4,11.765,0.0972,90.0,A5B5,1,86.82,717.29,0,-1
246,legit_28,876.67,401.6,13.354,-0.0668,270.0,F2E2,0,133.33,534.74,0,-1
246,legit_29,198.41,392.81,3.1145,-0.1819,276.41,:B2_19,0,58.48,595.51,0,-1
246,legit_30,983.87,801.6,8.6892,1.3918,270.0,F4E4,0,76.47,584.74,0,-1
246,legit_32,201.6,612.02,12.1271,-0.6245,0.0,B3B4,1,52.98,564.78,0,-1
246,legit_33,801.6,988.96,7.8949,-1.1382,0.0,E4E5,1,104.64,587.81,0,-1
246,legit_34,474.61,198.4,13.149,0.5035,90.0,C1D1,1,82.17,577.62,0,-1
246,legit_35,997.61,195.98,6.3669,2.0173,119.36,:F1_6,0,92.3,673.71,0,-1
246,legit_36,846.86,601.6,13.8177,0.5315,270.0,F3E3,0,96.88,495.08,0,-1
246,legit_37,955.28,1.6,12.1094,2.0794,270.0,F0E0,0,151.63,779.83,0,-1
246,legit_38,207.12,601.54,3.0289,-3.8704,269.36,:B3_7,1,57.14,561.7,0,-1
246,legit_39,472.31,401.6,13.1239,-0.3062,270.0,D2C2,0,47.2,489.61,0,-1
246,legit_40,152.92,201.6,10.7358,2.427,270.0,B1A1,0,81.65,697.63,0,-1
246,legit_41,998.4,587.7,0.0,0.0,180.0,F3F2,0,53.05,564.78,0,-1
247,legit_17,798.4,976.6,7.8712,2.0374,180.0,E5E4,1,114.17,580.35,0,-1
247,legit_20,387.15,-1.6,8.7146,-4.5,90.0,B0C0,0,136.88,734.11,0,-1
247,legit_23,401.6,768.85,13.272,0.748,0.0,C3C4,1,86.05,499.42,0,-1
247,legit_24,398.4,202.51,12.7017,0.4825,180.0,:C1_1,1,97.32,592.43,0,-1
247,legit_25,-1.6,932.21,11.7697,-0.3657,180.0,A5A4,1,177.44,773.5,0,-1
247,legit_26,428.41,798.4,11.3892,-0.0581,90.0,C4D4,1,46.87,499.06,0,-1
247,legit_27,132.71,998.4,12.3709,0.6059,90.0,A5B5,1,83.41,709.64,0,-1
247,legit_28,863.77,401.6,12.9062,-0.4478,270.0,F2E2,0,121.14,529.64,0,-1
247,legit_29,198.4,390.22,2.5996,-0.5149,201.95,B2B1,0,57.06,596.2,0,-1
247,legit_30,973.17,801.6,10.6978,2.0086,270.0,F4E4,0,85.89,579.29,0,-1
247,legit_32,201.6,625.0,12.9796,0.8525,0.0,B3B4,1,57.34,565.23,0,-1
247,legit_33,801.11,996.23,7.2978,-0.5971,354.37,:E5_4,1,98.13,591.6,0,-1
247,legit_34,487.42,198.4,12.8124,-0.3366,90.0,C1D1,1,86.87,575.7,0,-1
247,legit_35,998.4,190.22,5.9072,-0.4597,176.06,F1F0,0,87.14,677.11,0,-1
247,legit_36,834.08,601.6,12.7806,-1.0371,270.0,F3E3,0,84.1,490.32,0,-1
247,legit_37,942.54,1.6,12.7367,0.6273,270.0,F0E0,0,159.89,774.66,0,-1
247,legit_38,206.15,599.1,3.3041,0.2752,226.7,:B3_7,1,56.15,562.21,0,-1
247,legit_39,459.33,401.6,12.9749,-0.1489,270.0,D2C2,0,42.63,491.95,0,-1
247,legit_40,140.79,201.6,12.1325,1.3968,270.0,B1A1,0,82.12,704.77,0,-1
247,legit_41,998.4,585.49,2.2052,2.2052,180.0,F3F2,0,53.6,564.84,0,-1
248,legit_17,798.4,967.05,9.5494,1.6782,180.0,E5E4,1,122.89,575.39,0,-1
248,legit_20,392.12,-1.6,4.9701,-3.7445,90.0,B0C0,0,134.67,732.83,0,-1
248,legit_23,401.6,781.62,12.7621,-0.5099,0.0,C3C4,1,75.84,502.45,0,-1
248,legit_24,398.4,189.83,12.6811,-0.0206,180.0,C1C0,1,86.83,599.44,0,-1
248,legit_25,-1.6,921.14,11.0659,-0.7038,180.0,A5A4,0,171.95,769.23,0,-1
248,legit_26,440.91,798.4,12.5087,1.1195,90.0,C4D4,1,42.58,495.93,0,-1
248,legit_27,144.57,998.4,11.8557,-0.5152,90.0,A5B5,0,81.78,702.52,0,-1
248,legit_28,850.88,401.6,12.8925,-0.0137,270.0,F2E2,0,109.12,524.73,0,-1
248,legit_29,198.4,385.09,5.123,2.5234,180.0,B2B1,0,54.52,597.58,0,-1
248,legit_30,960.55,801.6,12.6198,1.9219,270.0,F4E4,0,97.34,573.02,0,-1
248,legit_32,201.6,637.26,12.2659,-0.7138,0.0,B3B4,1,63.65,565.91,0,-1
248,legit_33,795.63,1001.2,7.8738,0.576,300.45,:E5_4,1,91.06,592.79,0,-1
248,legit_34,500.36,198.4,12.9372,0.1248,90.0,C1D1,1,93.18,574.03,0,-1
248,legit_35,998.4,182.69,7.5349,1.6277,180.0,F1F0,0,81.19,681.07,0,-1
248,legit_36,820.67,601.6,13.4177,0.6371,270.0,F3E3,0,70.68,485.51,0,-1
248,legit_37,928.99,1.6,13.5509,0.8142,270.0,F0E0,0,169.3,769.34,0,-1
248,legit_38,208.88,598.4,2.9451,-0.359,131.17,B3C3,1,58.9,560.76,0,-1
248,legit_39,445.75,401.6,13.5858,0.6109,270.0,D2C2,0,41.82,494.81,0,-1
248,legit_40,127.5,201.6,13.2952,1.1626,270.0,B1A1,0,84.65,712.84,0,-1
248,legit_41,998.4,581.44,4.0584,1.8532,180.0,F3F2,0,54.84,564.97,0,-1
249,legit_17,798.4,955.14,11.9091,2.3597,180.0,E5E4,1,124.9,569.33,0,-1
249,legit_20,394.18,0.44,3.502,-1.4681,60.2,:C0_11,0,131.95,730.7,0,-1
249,legit_23,401.6,795.19,13.5746,0.8125,0.0,:C4_9,1,65.96,505.91,0,-1
249,legit_24,398.4,178.07,11.7648,-0.9164,180.0,C1C0,1,77.68,606.09,0,-1
249,legit_25,-1.6,909.32,11.815,0.7491,180.0,A5A4,0,166.7,764.82,0,-1
249,legit_26,453.28,798.4,12.3631,-0.1456,90.0,C4D4,1,41.73,493.17,0,-1
249,legit_27,156.64,998.4,12.0766,0.2209,90.0,A5B5,0,81.87,695.49,0,-1
249,legit_28,838.13,401.6,12.7492,-0.1433,270.0,F2E2,0,97.45,520.06,0,-1
249,legit_29,198.4,377.61,7.4875,2.3645,180.0,B2B1,0,51.5,599.68,0,-1
249,legit_30,946.93,801.6,13.6214,1.0016,270.0,F4E4,0,109.99,566.45,0,-1
249,legit_32,201.6,649.73,12.4713,0.2055,0.0,B3B4,1,71.67,566.83,0,-1
249,legit_33,787.22,1001.6,8.4363,0.5625,270.0,E5D5,1,86.79,590.74,0,-1
249,legit_34,513.25,198.4,12.89,-0.0472,90.0,C1D1,1,100.73,572.59,0,-1
249,legit_35,998.4,173.44,9.2451,1.7103,180.0,F1F0,0,74.29,686.02,0,-1
249,legit_36,811.75,601.6,8.9177,-4.5,270.0,F3E3,0,61.77,482.42,0,-1
249,legit_37,916.26,1.6,12.7297,-0.8212,270.0,F0E0,0,178.62,764.52,0,-1
249,legit_38,213.81,598.4,4.9347,1.9896,90.0,B3C3,1,63.83,558.17,0,-1
249,legit_39,432.15,401.6,13.5986,0.0128,270.0,D2C2,0,45.27,498.09,0,-1
249,legit_40,114.68,201.6,12.8156,-0.4796,270.0,B1A1,0,88.92,720.87,0,-1
249,legit_41,998.4,575.27,6.1707,2.1123,180.0,F3F2,0,57.22,565.21,0,-1
250,legit_17,798.4,942.43,12.7122,0.8031,180.0,E5E4,1,113.29,563.03,0,-1
250,legit_20,391.21,1.6,3.44,-0.062,313.36,C0B0,0,132.19,730.55,0,-1
250,legit_23,401.6,807.62,12.4256,-1.149,0.0,C4C5,1,58.23,509.3,0,-1
250,legit_24,398.4,165.31,12.7621,0.9974,180.0,C1C0,1,68.67,613.5,0,-1
250,legit_25,-1.6,898.33,10.9986,-0.8164,180.0,A5A4,0,162.43,760.86,0,-1
250,legit_26,464.58,798.4,11.3058,-1.0573,90.0,C4D4,1,44.08,490.96,0,-1
250,legit_27,168.31,998.4,11.6625,-0.4141,90.0,A5B5,0,83.63,688.91,0,-1
250,legit_28,824.31,401.6,13.8159,1.0667,270.0,F2E2,0,85.16,515.21,0,-1
250,legit_29,198.4,368.03,9.5724,2.085,180.0,B2B1,0,49.06,602.52,0,-1
250,legit_30,933.57,801.6,13.357,-0.2643,270.0,F4E4,0,122.6,560.19,0,-1
250,legit_32,201.6,662.41,12.6717,0.2004,0.0,B3B4,1,80.98,567.98,0,-1
250,legit_33,776.2,1001.6,11.0143,2.578,270.0,E5D5,1,82.66,587.94,0,-1
250,legit_34,526.47,198.4,13.2198,0.3298,90.0,C1D1,1,109.52,571.36,0,-1
250,legit_35,998.4,161.71,11.7345,2.4894,180.0,F1F0,0,66.35,692.44,0,-1
250,legit_36,807.33,601.6,4.4177,-4.5,270.0,F3E3,0,57.35,480.92,0,-1
250,legit_37,902.89,1.6,13.3781,0.6484,270.0,F0E0,0,188.84,759.63,0,-1
250,legit_38,220.46,598.4,6.6416,1.707,90.0,B3C3,1,70.47,554.71,0,-1
250,legit_39,419.69,401.6,12.4588,-1.1399,270.0,D2C2,0,51.47,501.43,0,-1
250,legit_40,101.39,201.6,13.2945,0.4789,270.0,B1A1,0,94.98,729.42,0,-1
250,legit_41,998.4,566.76,8.501,2.3302,180.0,F3F2,0,61.38,565.66,0,-1
251,legit_17,798.4,929.09,13.334,0.6218,180.0,E5E4,1,101.39,556.6,0,-1
251,legit_20,385.33,1.6,5.8767,2.4367,270.0,C0B0,0,134.91,732.07,0,-1
251,legit_23,401.6,820.75,13.1382,0.7126,0.0,C4C5,1,52.09,513.17,0,-1
251,legit_24,398.4,153.27,12.0374,-0.7247,180.0,C1C0,1,61.39,620.68,0,-1
251,legit_25,-1.6,886.88,11.4485,0.4499,180.0,A5A4,0,158.68,756.88,0,-1
251,legit_26,476.77,798.4,12.1877,0.8819,90.0,C4D4,1,49.47,488.88,0,-1
251,legit_27,180.26,998.4,11.9532,0.2907,90.0,A5B5,0,87.03,682.38,0,-1
251,legit_28,811.58,401.6,12.7286,-1.0873,270.0,F2E2,0,74.32,510.95,0,-1
251,legit_29,198.4,356.44,11.5922,2.0198,180.0,B2B1,0,48.53,606.18,0,-1
251,legit_30,919.9,801.6,13.6756,0.3185,270.0,F4E4,0,135.65,553.98,0,-1
251,legit_32,201.6,675.19,12.7803,0.1085,0.0,B3B4,1,91.19,569.34,0,-1
251,legit_33,763.48,1001.6,12.7201,1.7058,270.0,E5D5,1,79.55,584.94,0,-1
251,legit_34,538.87,198.4,12.4016,-0.8182,90.0,C1D1,1,118.51,570.4,0,-1
251,legit_35,998.4,148.78,12.9274,1.1929,180.0,F1F0,0,59.08,699.71,0,-1
251,legit_36,800.32,601.6,7.0071,2.5894,270.0,:E3_5,0,50.35,478.59,0,-1
251,legit_37,890.08,1.6,12.8068,-0.5712,270.0,F0E0,0,183.41,755.11,0,-1
251,legit_38,229.55,598.4,9.0974,2.4558,90.0,B3C3,1,79.57,550.04,0,-1
251,legit_39,411.73,401.6,7.9588,-4.5,270.0,D2C2,0,56.52,503.71,0,-1
251,legit_40,87.9,201.6,13.4827,0.1882,270.0,B1A1,0,102.54,738.32,0,-1
251,legit_41,998.4,556.9,9.8646,1.3637,180.0,F3F2,0,67.23,566.31,0,-1
252,legit_17,798.4,916.06,13.0342,-0.2997,180.0,E5E4,1,90.15,550.49,0,-1
252,legit_20,377.82,1.6,7.5081,1.6314,270.0,C0B0,1,138.67,734.08,0,-1
252,legit_23,401.6,833.41,12.6565,-0.4817,0.0,C4C5,1,48.85,517.19,0,-1
252,legit_24,398.4,140.42,12.844,0.8066,180.0,C1C0,1,55.49,628.56,0,-1
252,legit_25,-1.6,874.94,11.9402,0.4917,180.0,A5A4,0,155.57,752.89,0,-1
252,legit_26,488.93,798.4,12.155,-0.0327,90.0,C4D4,1,56.97,487.09,0,-1
252,legit_27,188.09,998.4,7.8283,-4.1249,90.0,A5B5,0,90.05,678.22,0,-1
252,legit_29,198.4,343.27,13.167,1.5748,180.0,B2B1,0,51.21,610.66,0,-1
252,legit_30,906.65,801.6,13.2429,-0.4327,270.0,F4E4,0,148.4,548.15,0,-1
252,legit_32,201.6,687.18,11.9934,-0.7868,0.0,B3B4,1,101.31,570.78,0,-1
252,legit_33,750.79,1001.6,12.6981,-0.022,270.0,E5D5,1,78.4,582.23,0,-1
252,legit_34,551.34,198.4,12.4721,0.0705,90.0,C1D1,0,128.13,569.63,0,-1
252,legit_35,998.4,135.25,13.5317,0.6043,180.0,F1F0,0,53.81,707.57,0,-1
252,legit_36,791.73,601.6,8.5883,1.5812,270.0,E3D3,0,41.77,475.82,0,-1
252,legit_37,877.66,1.6,12.4154,-0.3914,270.0,F0E0,0,174.12,750.9,0,-1
252,legit_38,240.29,598.4,10.7338,1.6364,90.0,B3C3,1,90.3,544.65,0,-1
252,legit_39,408.07,401.6,3.6637,-4.295,270.0,D2C2,1,59.07,504.8,0,-1
252,legit_40,74.14,201.6,13.7653,0.2827,270.0,B1A1,0,111.42,747.61,0,-1
252,legit_41,998.4,544.95,11.9509,2.0863,180.0,F3F2,0,75.45,567.29,0,-1
252,legit_42,401.6,412.3,0.0,0.0,0.0,C2C3,1,71.26,503.97,0,-1
253,legit_17,798.4,902.36,13.698,0.6638,180.0,E5E4,2,78.94,544.29,0,-1
253,legit_20,368.11,1.6,9.7114,2.2034,270.0,C0B0,1,143.96,736.78,0,-1
253,legit_23,401.6,846.14,12.7313,0.0748,0.0,C4C5,1,48.79,521.55,0,-1
253,legit_24,398.4,127.76,12.6624,-0.1816,180.0,C1C0,1,52.18,636.6,0,-1
253,legit_25,-1.6,863.35,11.5873,-0.3529,180.0,A5A4,0,153.39,749.17,0,-1
253,legit_26,501.41,798.4,12.4839,0.3289,90.0,C4D4,1,66.13,485.49,0,-1
253,legit_27,192.57,998.4,4.4787,-3.3496,90.0,A5B5,0,92.04,675.87,0,-1
253,legit_29,198.4,330.66,12.6144,-0.5526,180.0,B2B1,0,56.6,615.23,0,-1
253,legit_30,893.34,801.6,13.3115,0.0686,270.0,F4E4,1,148.4,542.48,0,-1
253,legit_32,201.6,699.37,12.1907,0.1972,0.0,B3B4,1,111.97,572.41,0,-1
253,legit_33,737.02,1001.6,13.7668,1.0688,270.0,E5D5,1,79.47,579.6,0,-1
253,legit_34,564.59,198.4,13.2461,0.774,90.0,C1D1,0,138.84,569.01,0,-1
253,legit_35,998.4,122.0,13.2492,-0.2825,180.0,F1F0,0,51.64,715.56,0,-1
253,legit_36,781.08,601.6,10.6581,2.0699,270.0,E3D3,0,31.12,472.48,0,-1
253,legit_37,864.79,1.6,12.8716,0.4562,270.0,F0E0,0,164.91,746.7,0,-1
253,legit_38,252.32,598.4,12.0367,1.3029,90.0,B3C3,1,102.34,538.73,0,-1
253,legit_39,405.83,400.46,2.6865,-0.9772,255.97,:C2_7,1,59.9,505.78,0,-1
253,legit_40,60.27,201.6,13.8626,0.0973,270.0,B1A1,0,121.28,757.16,0,-1
253,legit_41,998.4,531.33,13.6238,1.6729,180.0,F3F2,0,85.9,568.62,0,-1
253,legit_42,401.6,414.86,2.5644,2.5644,0.0,C2C3,1,73.16,503.32,0,-1
254,legit_17,798.4,888.75,13.6115,-0.0866,180.0,E5E4,2,68.69,538.35,0,-1
254,legit_20,356.12,1.6,11.987,2.2756,270.0,C0B0,1,151.1,740.26,0,-1
254,legit_23,401.6,859.18,13.0333,0.302,0.0,C4C5,1,52.06,526.36,0,-1
254,legit_24,398.4,115.54,12.2252,-0.4372,180.0,C1C0,1,51.79,644.62,0,-1
254,legit_25,-1.6,852.12,11.2303,-0.357,180.0,A5A4,0,152.08,745.72,0,-1
254,legit_26,513.27,798.4,11.8585,-0.6255,90.0,C4D4,1,75.72,484.18,0,-1
254,legit_27,194.35,999.9,2.4556,-2.0231,70.89,:B5_11,0,91.56,675.71,0,-1
254,legit_29,198.4,317.08,13.5834,0.9689,180.0,B2B1,0,64.69,620.43,0,-1
254,legit_30,880.05,801.6,13.2913,-0.0202,270.0,F4E4,1,135.6,536.99,0,-1
254,legit_32,201.6,711.66,12.2877,0.0971,0.0,B3B4,1,123.0,574.21,0,-1
254,legit_33,723.66,1001.6,13.359,-0.4078,270.0,E5D5,1,82.71,577.35,0,-1
254,legit_34,577.23,198.4,12.6385,-0.6076,90.0,C1D1,0,149.44,568.6,0,-1
254,legit_35,998.4,109.5,12.496,-0.7532,180.0,F1F0,0,52.66,723.37,0,-1
254,legit_36,768.85,601.6,12.2241,1.566,270.0,E3D3,0,18.92,468.82,0,-1
254,legit_37,852.12,1.6,12.6761,-0.1956,270.0,F0E0,0,156.35,742.74,0,-1
254,legit_38,265.94,598.4,13.6214,1.5847,90.0,B3C3,1,115.96,532.22,0,-1
254,legit_39,407.89,398.4,3.5404,0.8539,161.8,C2D2,1,56.99,505.71,0,-1
254,legit_40,47.08,201.6,13.1964,-0.6662,270.0,B1A1,0,131.34,766.42,0,-1
254,legit_41,998.4,518.14,13.1891,-0.4347,180.0,F3F2,0,96.77,570.12,0,-1
254,legit_42,401.6,419.86,4.991,2.4266,0.0,C2C3,1,76.98,502.09,0,-1
255,legit_17,798.4,875.32,13.4315,-0.18,180.0,E5E4,1,59.92,532.74,0,-1
255,legit_20,342.35,1.6,13.771,1.784,270.0,C0B0,1,160.02,744.45,0,-1
255,legit_23,401.6,872.65,13.4774,0.4441,0.0,C4C5,1,58.38,531.66,0,-1
255,legit_24,398.4,102.87,12.6673,0.4422,180.0,C1C0,1,54.37,653.2,0,-1
255,legit_25,-1.6,840.49,11.6305,0.4002,180.0,A5A4,0,151.6,742.31,0,-1
255,legit_26,525.59,798.4,12.3264,0.468,90.0,C4D4,1,86.29,483.01,0,-1
255,legit_27,192.54,1001.6,2.7084,0.2529,356.59,B5A5,0,89.2,677.51,0,-1
255,legit_29,198.4,303.87,13.2095,-0.3739,180.0,B2B1,0,74.12,625.73,0,-1
255,legit_30,867.23,801.6,12.8252,-0.4661,270.0,F4E4,1,123.36,531.88,0,-1
255,legit_32,201.6,724.72,13.0566,0.7689,0.0,B3B4,1,126.31,576.29,0,-1
255,legit_33,710.6,1001.6,13.0582,-0.3008,270.0,E5D5,0,87.74,575.43,0,-1
255,legit_34,586.43,198.4,9.1973,-3.4412,90.0,C1D1,0,157.35,568.42,0,-1
255,legit_35,998.4,96.2,13.3008,0.8048,180.0,F1F0,0,56.82,731.95,0,-1
255,legit_36,756.11,601.6,12.7469,0.5228,270.0,E3D3,0,6.31,465.19,0,-1
255,legit_37,839.33,1.6,12.788,0.1119,270.0,F0E0,0,148.32,738.92,0,-1
255,legit_38,279.63,598.4,13.6806,0.0591,90.0,B3C3,1,129.64,525.87,0,-1
255,legit_39,413.48,398.4,5.5958,2.0554,90.0,C2D2,1,52.99,504.06,0,-1
255,legit_40,33.58,201.6,13.5015,0.3052,270.0,B1A1,0,142.17,776.04,0,-1
255,legit_41,998.4,504.89,13.2487,0.0597,180.0,F3F2,0,108.21,571.82,0,-1
255,legit_42,401.6,426.63,6.7704,1.7794,0.0,C2C3,1,82.35,500.47,0,-1
256,legit_17,798.4,861.61,13.7097,0.2782,180.0,E5E4,1,53.0,527.29,0,-1
256,legit_20,328.78,1.6,13.5686,-0.2024,270.0,C0B0,1,169.45,748.78,0,-1
256,legit_23,401.6,886.27,13.6166,0.1392,0.0,C4C5,0,66.96,537.3,0,-1
256,legit_24,398.4,90.89,11.9816,-0.6858,180.0,C1C0,1,59.25,661.56,0,-1
256,legit_25,-1.6,829.1,11.3906,-0.2399,180.0,A5A4,0,151.99,739.12,0,-1
256,legit_26,537.96,798.4,12.3609,0.0345,90.0,C4D4,0,97.3,482.04,0,-1
256,legit_27,188.29,1001.6,4.2478,1.5394,273.18,B5A5,0,87.25,679.73,0,-1
256,legit_29,198.4,290.67,13.1978,-0.0117,180.0,B2B1,0,84.55,631.22,0,-1
256,legit_30,853.53,801.6,13.699,0.8738,270.0,F4E4,1,110.42,526.62,0,-1
256,legit_32,201.6,737.04,12.327,-0.7296,0.0,B3B4,0,115.16,578.43,0,-1
256,legit_33,697.12,1001.6,13.4833,0.4251,270.0,E5D5,0,94.57,573.73,0,-1
256,legit_34,591.73,198.4,5.3003,-3.897,90.0,C1D1,0,161.97,568.35,0,-1
256,legit_35,998.4,83.38,12.8273,-0.4735,180.0,F1F0,0,63.28,740.48,0,-1
256,legit_36,742.99,601.6,13.119,0.3722,270.0,E3D3,0,7.19,462.34,0,-1
256,legit_37,826.94,1.6,12.3833,-0.4047,270.0,F0E0,0,141.21,735.39,0,-1
256,legit_38,292.37,598.4,12.7404,-0.9402,90.0,B3C3,0,142.37,520.13,0,-1
256,legit_39,421.22,398.4,7.7382,2.1424,90.0,C2D2,1,47.99,501.85,0,-1
256,legit_40,20.42,201.6,13.1541,-0.3474,270.0,B1A1,0,153.13,785.55,0,-1
256,legit_41,998.4,491.28,13.6032,0.3545,180.0,F3F2,0,120.34,573.76,0,-1
256,legit_42,401.6,435.77,9.1465,2.3761,0.0,C2C3,1,89.91,498.37,0,-1
257,legit_17,798.4,848.86,12.7464,-0.9633,180.0,E5E4,1,49.2,522.53,0,-1
257,legit_20,315.73,1.6,13.0534,-0.5152,270.0,C0B0,1,179.02,753.12,0,-1
257,legit_23,401.6,899.07,12.801,-0.8155,0.0,C4C5,0,76.37,542.83,0,-1
257,legit_24,398.4,78.5,12.3835,0.402,180.0,C1C0,1,66.22,670.41,0,-1
257,legit_25,-1.6,817.43,11.6714,0.2808,180.0,A5A4,0,153.27,736.02,0,-1
257,legit_26,550.49,798.4,12.5349,0.174,90.0,C4D4,0,108.76,481.24,0,-1
257,legit_27,181.9,1001.6,6.3942,2.1464,270.0,B5A5,0,84.64,683.12,0,-1
257,legit_29,198.4,277.79,12.8757,-0.3221,180.0,B2B1,0,95.4,636.77,0,-1
257,legit_30,840.05,801.6,13.4821,-0.2169,270.0,F4E4,1,97.89,521.64,0,-1
257,legit_32,201.6,749.41,12.3637,0.0366,0.0,B3B4,0,104.26,580.73,0,-1
257,legit_33,683.74,1001.6,13.3806,-0.1027,270.0,E5D5,0,102.65,572.29,0,-1
257,legit_34,599.26,198.4,7.536,2.2356,90.0,:D1_13,0,168.6,568.32,0,-1
257,legit_35,998.4,70.98,12.3957,-0.4316,180.0,F1F0,0,71.17,748.9,0,-1
257,legit_36,729.51,601.6,13.4756,0.3566,270.0,E3D3,0,20.55,460.25,0,-1
257,legit_37,816.08,1.6,10.8621,-1.5212,270.0,F0E0,0,135.59,732.45,0,-1
257,legit_38,305.31,598.4,12.9443,0.204,90.0,B3C3,0,144.7,514.47,0,-1
257,legit_39,431.37,398.4,10.1475,2.4094,90.0,C2D2,1,42.68,499.12,0,-1
257,legit_40,11.77,201.6,8.6541,-4.5,270.0,B1A1,0,160.52,791.87,0,-1
257,legit_41,998.4,478.04,13.2477,-0.3555,180.0,F3F2,0,128.82,575.84,0,-1
257,legit_42,401.6,446.25,10.4823,1.3358,0.0,C2C3,1,98.91,496.09,0,-1
258,legit_17,798.4,835.15,13.7132,0.9668,180.0,E5E4,1,48.64,517.76,0,-1
258,legit_20,302.93,1.6,12.8026,-0.2509,270.0,C0B0,1,188.81,757.56,0,-1
258,legit_23,401.6,911.9,12.8325,0.0314,0.0,C4C5,0,86.67,548.59,0,-1
258,legit_24,398.4,66.39,12.1121,-0.2714,180.0,C1C0,1,74.41,679.24,0,-1
258,legit_25,-1.6,805.29,12.1337,0.4623,180.0,:A4_0,0,155.52,732.97,0,-1
258,legit_26,562.98,798.4,12.4918,-0.0431,90.0,C4D4,0,120.4,480.62,0,-1
258,legit_27,173.55,1001.6,8.3449,1.9507,270.0,B5A5,0,81.86,687.62,0,-1
258,legit_29,198.4,264.39,13.4015,0.5258,180.0,B2B1,0,107.16,642.71,0,-1
258,legit_30,827.07,801.6,12.9744,-0.5076,270.0,F4E4,1,86.11,517.05,0,-1
258,legit_32,201.6,761.51,12.1059,-0.2578,0.0,B3B4,0,93.93,583.14,0,-1
258,legit_33,671.0,1001.6,12.7345,-0.6461,270.0,E5D5,0,111.3,571.15,0,-1
258,legit_34,608.75,198.4,9.4883,1.9523,90.0,D1E1,0,161.55,568.36,0,-1
258,legit_35,998.4,57.41,13.5712,1.1755,180.0,F1F0,0,81.12,758.31,0,-1
258,legit_36,715.65,601.6,13.865,0.3894,270.0,E3D3,0,34.39,458.32,0,-1
258,legit_37,808.36,1.6,7.7224,-3.1397,270.0,F0E0,0,132.0,730.43,0,-1
258,legit_38,318.43,598.4,13.1205,0.1761,90.0,B3C3,0,131.58,508.91,0,-1
258,legit_39,443.05,398.4,11.6782,1.5306,90.0,C2D2,1,39.02,496.25,0,-1
258,legit_40,7.61,201.6,4.1541,-4.5,270.0,B1A1,0,164.11,794.92,0,-1
258,legit_41,998.4,464.59,13.45,0.2024,180.0,F3F2,0,116.62,578.14,0,-1
258,legit_42,401.6,458.88,12.6218,2.1395,0.0,C2C3,1,110.09,493.51,0,-1
258,legit_43,991.7,1001.6,0.0,0.0,270.0,F5E5,0,97.7,669.5,0,-1
259,legit_17,798.4,822.42,12.7299,-0.9833,180.0,E5E4,1,51.49,513.68,0,-1
259,legit_20,289.42,1.6,13.5058,0.7032,270.0,C0B0,1,182.91,762.42,0,-1
259,legit_23,401.6,925.13,13.2263,0.3938,0.0,C4C5,0,97.93,554.72,0,-1
259,legit_24,398.4,53.56,12.8306,0.7185,180.0,C1C0,1,84.12,688.76,0,-1
259,legit_25,-1.6,793.94,11.3509,-0.7828,180.0,:A4_0,0,158.44,730.28,0,-1
259,legit_26,574.64,798.4,11.6573,-0.8344,90.0,C4D4,0,131.4,480.21,0,-1
259,legit_27,162.77,1001.6,10.7785,2.4336,270.0,B5A5,0,79.43,693.6,0,-1
259,legit_29,198.4,251.34,13.0561,-0.3455,180.0,B2B1,0,118.96,648.68,0,-1
259,legit_30,816.89,801.6,10.1783,-2.7962,270.0,F4E4,1,77.13,513.59,0,-1
259,legit_32,201.6,774.4,12.8859,0.7801,0.0,B3B4,0,83.46,585.89,0,-1
259,legit_33,658.09,1001.6,12.9165,0.182,270.0,E5D5,0,120.81,570.2,0,-1
259,legit_34,620.39,198.4,11.6366,2.1484,90.0,D1E1,0,151.48,568.54,0,-1
259,legit_35,998.4,44.93,12.4752,-1.0959,180.0,F1F0,0,91.09,767.11,0,-1
259,legit_36,702.74,601.6,12.9018,-0.9632,270.0,E3D3,0,47.28,456.72,0,-1
259,legit_37,803.49,2.71,5.1079,-2.6145,283.09,:E0_3,0,128.91,728.33,0,-1
259,legit_38,331.79,598.4,13.3627,0.2422,90.0,B3C3,1,118.22,503.43,0,-1
259,legit_39,456.88,398.4,13.8358,2.1576,90.0,C2D2,1,39.01,493.26,0,-1
259,legit_40,2.14,204.43,6.6008,2.4466,304.45,:A1_3,0,170.27,797.66,0,-1
259,legit_41,998.4,451.85,12.7411,-0.7089,180.0,F3F2,0,105.35,580.49,0,-1
259,legit_42,401.6,471.91,13.0344,0.4127,0.0,C2C3,2,121.93,491.04,0,-1
259,legit_43,990.04,1001.6,1.6608,1.6608,270.0,F5E5,0,98.7,668.68,0,-1
260,legit_17,798.4,809.62,12.8019,0.072,180.0,E5E4,1,57.15,509.87,0,-1
260,legit_20,276.51,1.6,12.9113,-0.5945,270.0,C0B0,1,173.27,767.24,0,-1
260,legit_23,401.6,937.99,12.8568,-0.3695,0.0,C4C5,0,109.29,560.86,0,-1
260,legit_24,398.4,40.93,12.6289,-0.2017,180.0,C1C0,1,94.42,698.28,0,-1
260,legit_25,-1.6,782.67,11.2684,-0.0825,180.0,A4A3,0,162.08,727.75,0,-1
260,legit_26,584.7,798.4,10.0624,-1.5949,90.0,C4D4,0,140.98,479.98,0,-1
260,legit_27,150.7,1001.6,12.0717,1.2932,270.0,B5A5,0,78.4,700.5,0,-1
260,legit_29,198.4,237.98,13.3597,0.3037,180.0,B2B1,0,127.52,654.95,0,-1
260,legit_30,811.08,801.6,5.8146,-4.3636,270.0,F4E4,1,72.15,511.67,0,-1
260,legit_32,201.6,786.25,11.8511,-1.0349,0.0,B3B4,0,74.51,588.59,0,-1
260,legit_33,645.38,1001.6,12.7111,-0.2053,270.0,E5D5,0,130.74,569.46,0,-1
260,legit_34,633.39,198.4,13.0053,1.3687,90.0,D1E1,0,140.51,568.93,0,-1
260,legit_35,998.4,32.43,12.5006,0.0254,180.0,F1F0,0,101.64,776.06,0,-1
260,legit_36,689.81,601.6,12.9377,0.0358,270.0,E3D3,0,60.21,455.31,0,-1
260,legit_37,801.6,8.3,6.1786,1.0708,347.19,E0E1,0,123.05,723.47,0,-1
260,legit_38,345.12,598.4,13.322,-0.0407,90.0,B3C3,1,104.9,498.16,0,-1
260,legit_39,470.28,398.4,13.4006,-0.4351,90.0,C2D2,1,43.43,490.79,0,-1
260,legit_40,1.6,210.49,6.1315,-0.4693,357.22,A1A2,0,173.81,795.3,0,-1
260,legit_41,998.4,438.42,13.4273,0.6861,180.0,F3F2,0,93.87,583.16,0,-1
260,legit_42,401.6,484.75,12.8432,-0.1912,0.0,C2C3,2,125.0,488.79,0,-1
260,legit_43,986.36,1001.6,3.6836,2.0227,270.0,F5E5,0,100.98,666.86,0,-1
261,legit_20,263.18,1.6,13.3357,0.4245,270.0,C0B0,1,163.79,772.39,0,-1
261,legit_23,401.6,951.03,13.0428,0.186,0.0,C4C5,0,121.12,567.28,0,-1
261,legit_24,398.4,29.01,11.9215,-0.7073,180.0,C1C0,1,104.6,707.39,0,-1
261,legit_25,-1.6,771.05,11.6208,0.3524,180.0,A4A3,0,166.54,725.31,0,-1
261,legit_26,590.57,798.4,5.8715,-4.1909,90.0,C4D4,0,146.6,479.9,0,-1
261,legit_27,138.94,1001.6,11.7613,-0.3104,270.0,B5A5,0,79.18,707.45,0,-1
261,legit_29,198.4,224.61,13.366,0.0062,180.0,B2B1,0,115.26,661.38,0,-1
261,legit_30,803.63,801.6,7.4448,1.6302,270.0,:E4_5,0,65.96,509.27,0,-1
261,legit_32,201.6,798.87,12.6255,0.7744,0.0,:B4_9,0,65.98,591.66,0,-1
261,legit_33,632.32,1001.6,13.0537,0.3425,270.0,E5D5,0,141.4,568.89,0,-1
261,legit_34,646.46,198.4,13.0699,0.0646,90.0,D1E1,0,129.87,569.51,0,-1
261,legit_35,998.4,19.11,13.3245,0.8238,180.0,F1F0,0,113.32,785.72,0,-1
261,legit_36,676.82,601.6,12.9865,0.0488,270.0,E3D3,0,73.2,454.09,0,-1
261,legit_37,801.6,16.76,8.4584,2.2797,0.0,E0E1,0,115.42,716.87,0,-1
261,legit_38,358.27,598.4,13.1559,-0.1661,90.0,B3C3,1,91.74,493.15,0,-1
261,legit_39,483.09,398.4,12.8013,-0.5993,90.0,C2D2,1,50.69,488.78,0,-1
261,legit_40,1.6,218.14,7.6487,1.5172,0.0,A1A2,0,177.91,791.87,0,-1
261,legit_41,998.4,424.97,13.4516,0.0244,180.0,F3F2,0,82.97,586.03,0,-1
261,legit_42,401.6,497.83,13.0712,0.228,0.0,C2C3,2,113.06,486.69,0,-1
261,legit_43,980.52,1001.6,5.8332,2.1497,270.0,F5E5,0,104.76,664.01,0,-1
262,legit_20,249.61,1.6,13.5626,0.2269,270.0,C0B0,1,154.73,777.82,0,-1
262,legit_23,401.6,964.26,13.2339,0.1911,0.0,C4C5,0,125.45,573.96,0,-1
262,legit_24,398.4,17.54,11.4702,-0.4513,180.0,C1C0,1,114.72,716.26,0,-1
262,legit_25,-1.6,759.68,11.3706,-0.2502,180.0,A4A3,0,171.56,723.07,0,-1
262,legit_26,598.77,798.4,8.1954,2.3239,90.0,:D4_13,0,154.48,479.85,0,-1
262,legit_27,127.36,1001.6,11.5849,-0.1764,270.0,B5A5,0,81.6,714.49,0,-1
262,legit_29,198.4,211.16,13.4468,0.0808,180.0,B2B1,0,103.21,668.03,0,-1
262,legit_30,793.79,801.6,9.8383,2.3935,270.0,:E4_5,0,58.25,506.22,0,-1
262,legit_32,201.6,810.8,11.9296,-0.6959,0.0,B4B5,0,59.29,594.77,0,-1
262,legit_33,619.03,1001.6,13.2924,0.2387,270.0,E5D5,0,152.64,568.51,0,-1
262,legit_34,659.71,198.4,13.2488,0.1789,90.0,D1E1,0,119.58,570.3,0,-1
262,legit_35,998.4,9.52,9.5906,-3.7338,180.0,F1F0,0,121.94,792.75,0,-1
262,legit_36,662.97,601.6,13.8491,0.8626,270.0,E3D3,0,87.04,453.0,0,-1
262,legit_37,801.6,27.48,10.7245,2.2661,0.0,E0E1,0,105.94,708.57,0,-1
262,legit_38,371.79,598.4,13.5166,0.3607,90.0,B3C3,1,78.23,488.19,0,-1
262,legit_39,496.66,398.4,13.5706,0.7693,90.0,C2D2,1,60.43,486.95,0,-1
262,legit_40,1.6,227.27,9.1318,1.4831,0.0,A1A2,0,183.11,787.85,0,-1
262,legit_41,998.4,414.58,10.3853,-3.0663,180.0,F3F2,0,75.11,588.4,0,-1
262,legit_42,401.6,510.76,12.9378,-0.1334,0.0,C2C3,2,101.52,484.81,0,-1
262,legit_43,972.17,1001.6,8.3525,2.5193,270.0,F5E5,0,110.47,660.0,0,-1
263,legit_20,236.87,1.6,12.7419,-0.8207,270.0,C0B0,0,146.85,783.09,0,-1
263,legit_23,401.6,977.69,13.4243,0.1904,0.0,C4C5,0,113.18,580.92,0,-1
263,legit_24,398.4,10.57,6.9702,-4.5,180.0,C1C0,0,120.99,721.69,0,-1
263,legit_25,-1.6,748.16,11.5275,0.1569,180.0,A4A3,0,177.25,720.96,0,-1
263,legit_26,609.3,798.4,10.5271,2.3317,90.0,D4E4,0,146.72,479.9,0,-1
263,legit_27,115.87,1001.6,11.4818,-0.1031,270.0,B5A5,0,85.5,721.67,0,-1
263,legit_30,782.36,801.6,11.4387,1.6004,270.0,E4D4,0,50.21,502.86,0,-1
263,legit_32,201.6,823.14,12.3341,0.4045,0.0,B4B5,0,54.29,598.22,0,-1
263,legit_33,605.37,1001.6,13.6562,0.3638,270.0,:D5_0,0,164.51,568.33,0,-1
263,legit_34,671.99,198.4,12.2785,-0.9703,90.0,D1E1,0,110.6,571.23,0,-1
263,legit_35,998.4,4.41,5.1074,-4.4833,180.0,F1F0,0,126.58,796.51,0,-1
263,legit_36,649.86,601.6,13.1077,-0.7415,270.0,E3D3,0,100.15,452.17,0,-1
263,legit_37,801.6,40.52,13.0377,2.3132,0.0,E0E1,0,94.76,698.6,0,-1
263,legit_38,382.76,598.4,10.9771,-2.5395,90.0,B3C3,1,67.25,484.31,0,-1
263,legit_39,509.38,398.4,12.719,-0.8516,90.0,C2D2,0,70.71,485.48,0,-1
263,legit_40,1.6,237.73,10.4663,1.3345,0.0,A1A2,0,189.43,783.35,0,-1
263,legit_41,998.4,407.54,7.0392,-3.3462,180.0,F3F2,0,70.16,590.08,0,-1
263,legit_42,401.6,524.6,13.8326,0.8947,0.0,C2C3,1,89.6,483.02,0,-1
263,legit_43,961.97,1001.6,10.2013,1.8488,270.0,F5E5,0,117.88,655.22,0,-1
264,legit_20,223.84,1.6,13.0336,0.2917,270.0,C0B0,0,139.54,788.67,0,-1
264,legit_23,401.6,987.04,9.3557,-4.0686,0.0,C4C5,0,104.8,585.88,0,-1
264,legit_24,398.4,7.43,3.1445,-3.8257,180.0,C1C0,0,123.84,724.15,0,-1
264,legit_25,-1.6,736.76,11.3918,-0.1357,180.0,A4A3,0,183.41,719.02,0,-1
264,legit_26,621.46,798.4,12.1657,1.6386,90.0,D4E4,1,135.1,480.11,0,-1
264,legit_27,104.11,1001.6,11.7631,0.2813,270.0,B5A5,0,90.84,729.2,0,-1
264,legit_30,768.56,801.6,13.7998,2.3611,270.0,E4D4,1,42.65,499.1,0,-1
264,legit_32,201.6,834.97,11.8341,-0.5,0.0,B4B5,0,51.84,601.77,0,-1
264,legit_33,591.72,1001.6,13.6518,-0.0044,270.0,D5C5,0,161.96,568.35,0,-1
264,legit_34,684.88,198.4,12.8937,0.6152,90.0,D1E1,0,101.92,572.4,0,-1
264,legit_35,996.81,1.6,3.7829,-1.3245,201.56,:F0_0,0,129.8,797.87,0,-1
264,legit_36,636.0,601.6,13.8603,0.7526,270.0,E3D3,0,114.01,451.5,0,-1
264,legit_37,801.6,53.88,13.3643,0.3266,0.0,E0E1,0,83.87,688.52,0,-1
264,legit_38,389.42,598.4,6.6507,-4.3264,90.0,B3C3,1,60.61,482.02,0,-1
264,legit_39,523.2,398.4,13.8239,1.1049,90.0,C2D2,0,82.66,484.13,0,-1
264,legit_40,1.6,249.92,12.1873,1.721,0.0,A1A2,1,184.77,778.25,0,-1
264,legit_41,996.2,402.52,5.7845,-1.2547,206.71,:F2_0,0,68.57,590.14,0,-1
264,legit_42,401.6,538.45,13.8494,0.0168,0.0,C2C3,1,78.3,481.45,0,-1
264,legit_43,950.35,1001.6,11.6233,1.422,270.0,F5E5,0,126.8,649.91,0,-1
264,legit_44,-1.6,387.7,0.0,0.0,180.0,A2A1,1,154.11,734.71,0,-1
265,legit_20,210.21,1.6,13.6254,0.5919,270.0,C0B0,0,132.83,794.69,0,-1
265,legit_23,401.6,991.9,4.8557,-4.5,0.0,C4C5,0,100.52,588.49,0,-1
265,legit_24,400.39,5.79,2.9939,-0.1506,151.35,:C0_2,0,124.52,724.94,0,-1
265,legit_25,-1.6,725.14,11.6265,0.2347,180.0,A4A3,0,190.2,717.19,0,-1
265,legit_26,633.45,798.4,11.9847,-0.181,90.0,D4E4,1,123.76,480.48,0,-1
265,legit_27,92.42,1001.6,11.688,-0.0751,270.0,B5A5,0,97.27,736.86,0,-1
265,legit_30,755.04,801.6,13.5161,-0.2837,270.0,E4D4,1,38.73,495.81,0,-1
265,legit_32,201.6,847.23,12.2555,0.4214,0.0,B4B5,0,52.1,605.73,0,-1
265,legit_33,578.84,1001.6,12.8814,-0.7704,270.0,D5C5,0,150.82,568.56,0,-1
265,legit_34,696.99,198.4,12.1085,-0.7852,90.0,D1E1,0,94.64,573.71,0,-1
265,legit_35,993.96,1.6,2.8487,-0.9342,254.87,F0E0,0,130.99,796.57,0,-1
265,legit_36,622.29,601.6,13.7175,-0.1428,270.0,E3D3,0,127.72,451.05,0,-1
265,legit_37,801.6,66.36,12.4761,-0.8882,0.0,E0E1,0,74.43,679.27,0,-1
265,legit_38,395.42,597.95,6.062,-0.5888,95.25,:C3_12,1,54.61,480.0,0,-1
265,legit_39,536.69,398.4,13.4952,-0.3286,90.0,C2D2,0,94.82,483.04,0,-1
265,legit_40,1.6,262.86,12.9347,0.7475,0.0,A1A2,1,177.37,773.02,0,-1
265,legit_41,991.03,401.6,5.3541,-0.4304,261.35,F2E2,0,72.16,587.64,0,-1
265,legit_42,401.6,551.66,13.2172,-0.6323,0.0,C2C3,1,68.4,480.19,0,-1
265,legit_43,936.94,1001.6,13.4003,1.7769,270.0,F5E5,0,137.58,643.97,0,-1
265,legit_44,-1.6,386.22,1.4813,1.4813,180.0,A2A1,1,153.85,735.09,0,-1
266,legit_23,400.1,998.23,6.6298,1.7742,343.51,:C5_4,0,95.79,592.35,0,-1
266,legit_24,401.6,7.54,2.2408,-0.7531,83.81,C0C1,0,122.43,723.27,0,-1
266,legit_25,-1.6,713.31,11.8232,0.1967,180.0,A4A3,0,189.27,715.49,0,-1
266,legit_26,645.34,798.4,11.8937,-0.091,90.0,D4E4,1,112.62,481.01,0,-1
266,legit_27,79.81,1001.6,12.6118,0.9238,270.0,B5A5,0,105.23,745.3,0,-1
266,legit_30,741.8,801.6,13.2356,-0.2805,270.0,E4D4,1,39.26,493.0,0,-1
266,legit_32,201.6,859.6,12.377,0.1215,0.0,B4B5,0,55.2,610.01,0,-1
266,legit_33,565.99,1001.6,12.8515,-0.0298,270.0,D5C5,0,140.0,568.95,0,-1
266,legit_34,709.78,198.4,12.7854,0.6769,90.0,D1E1,0,88.12,575.32,0,-1
266,legit_35,988.99,1.6,4.9743,2.1256,270.0,F0E0,0,133.2,794.33,0,-1
266,legit_36,612.96,601.6,9.3274,-4.3901,270.0,E3D3,0,137.05,450.87,0,-1
266,legit_37,801.6,79.04,12.6805,0.2045,0.0,E0E1,0,65.88,670.02,0,-1
266,legit_38,398.4,592.81,6.3393,0.2773,157.67,:C3_12,1,52.1,479.06,0,-1
266,legit_39,550.32,398.4,13.6252,0.13,90.0,C2D2,0,107.42,482.17,0,-1
266,legit_40,1.6,276.35,13.4882,0.5535,0.0,A1A2,1,170.35,767.75,0,-1
266,legit_41,983.46,401.6,7.578,2.2239,270.0,F2E2,0,78.48,583.7,0,-1
266,legit_42,401.6,564.75,13.0862,-0.1309,0.0,C2C3,1,59.88,479.19,0,-1
266,legit_43,924.81,1001.6,12.138,-1.2623,270.0,F5E5,0,147.72,638.76,0,-1
266,legit_44,-1.6,382.64,3.5777,2.0964,180.0,A2A1,1,153.28,736.0,0,-1
267,legit_23,393.76,1001.46,7.4927,0.8628,287.61,:C5_4,0,96.6,595.94,0,-1
267,legit_24,401.6,12.15,4.6118,2.371,0.31,C0C1,0,118.21,719.66,0,-1
267,legit_25,-1.6,701.17,12.1448,0.3216,180.0,A4A3,0,182.26,713.92,0,-1
267,legit_26,657.29,798.4,11.9505,0.0569,90.0,D4E4,1,101.62,481.71,0,-1
267,legit_27,67.42,1001.6,12.3892,-0.2226,270.0,B5A5,0,113.87,753.75,0,-1
267,legit_30,728.74,801.6,13.0678,-0.1678,270.0,E4D4,1,43.89,490.63,0,-1
267,legit_32,201.6,871.93,12.3287,-0.0484,0.0,B4B5,0,60.68,614.53,0,-1
267,legit_33,552.66,1001.6,13.3282,0.4766,270.0,D5C5,0,129.17,569.56,0,-1
267,legit_34,722.99,198.4,13.209,0.4235,90.0,D1E1,1,82.92,577.24,0,-1
267,legit_35,981.42,1.6,7.5626,2.5883,270.0,F0E0,0,136.83,790.97,0,-1
267,legit_36,608.13,601.6,4.8274,-4.5,270.0,E3D3,0,141.88,450.81,0,-1
267,legit_37,801.6,92.24,13.2008,0.5203,0.0,E0E1,1,58.59,660.61,0,-1
267,legit_38,398.4,587.55,5.2665,-1.0728,180.0,C3C2,1,53.08,479.17,0,-1
267,legit_39,563.69,398.4,13.3706,-0.2546,90.0,C2D2,0,120.0,481.52,0,-1
267,legit_40,1.6,289.92,13.5766,0.0883,0.0,A1A2,1,164.11,762.65,0,-1
267,legit_41,973.31,401.6,10.1428,2.5648,270.0,F2E2,0,87.24,578.52,0,-1
267,legit_42,401.6,578.13,13.3837,0.2975,0.0,C2C3,1,53.11,478.45,0,-1
267,legit_43,912.4,1001.6,12.4057,0.2677,270.0,F5E5,0,158.37,633.58,0,-1
267,legit_44,-1.6,376.97,5.6678,2.0902,180.0,A2A1,1,152.55,737.49,0,-1
268,legit_23,386.83,1001.6,6.9422,-0.5505,270.0,C5B5,0,100.68,598.06,0,-1
268,legit_24,401.6,19.23,7.0752,2.4634,0.0,C0C1,0,111.79,714.15,0,-1
268,legit_25,-1.6,689.67,11.5013,-0.6435,180.0,A4A3,0,176.13,712.58,0,-1
268,legit_26,669.88,798.4,12.5904,0.6399,90.0,D4E4,1,90.28,482.64,0,-1
268,legit_27,55.72,1001.6,11.703,-0.6861,270.0,B5A5,0,122.62,761.87,0,-1
268,legit_30,716.11,801.6,12.629,-0.4388,270.0,E4D4,1,51.22,488.66,0,-1
268,legit_32,201.6,883.93,11.9923,-0.3363,0.0,B4B5,0,67.76,619.15,0,-1
268,legit_33,539.56,1001.6,13.1011,-0.2271,270.0,D5C5,0,119.03,570.35,0,-1
268,legit_34,735.77,198.4,12.7851,-0.4239,90.0,D1E1,1,79.68,579.37,0,-1
268,legit_35,971.29,1.6,10.1345,2.5719,270.0,F0E0,0,142.18,786.56,0,-1
268,legit_36,600.84,601.6,7.2891,2.4617,270.0,:D3_5,0,149.17,450.77,0,-1
268,legit_37,801.6,105.69,13.4551,0.2543,0.0,E0E1,1,53.55,651.26,0,-1
268,legit_38,398.4,580.16,7.3873,2.1208,180.0,C3C2,1,55.28,479.4,0,-1
268,legit_39,576.48,398.4,12.7889,-0.5817,90.0,C2D2,0,132.18,481.09,0,-1
268,legit_40,1.6,303.61,13.6884,0.1118,0.0,A1A2,1,158.75,757.71,0,-1
268,legit_41,961.77,401.6,11.5436,1.4008,270.0,F2E2,0,97.55,572.77,0,-1
268,legit_42,401.6,588.41,10.282,-3.1017,0.0,C2C3,1,49.77,478.1,0,-1
268,legit_43,900.25,1001.6,12.1468,-0.2589,270.0,F5E5,0,169.03,628.66,0,-1
268,legit_44,-1.6,369.78,7.196,1.5281,180.0,A2A1,1,151.91,739.43,0,-1
269,legit_23,377.65,1001.6,9.1737,2.2315,270.0,C5B5,1,106.68,600.87,0,-1
269,legit_24,401.6,28.69,9.4593,2.3841,0.0,C0C1,0,103.35,706.83,0,-1
269,legit_25,-1.6,678.38,11.2844,-0.2169,180.0,A4A3,0,170.66,711.43,0,-1
269,legit_26,681.4,798.4,11.5166,-1.0738,90.0,D4E4,1,80.23,483.65,0,-1
269,legit_27,44.05,1001.6,11.6653,-0.0378,270.0,B5A5,0,131.8,770.08,0,-1
269,legit_30,703.5,801.6,12.6082,-0.0208,270.0,E4D4,1,60.31,486.97,0,-1
269,legit_32,201.6,896.88,12.9576,0.9653,0.0,B4B5,0,76.8,624.35,0,-1
269,legit_33,525.85,1001.6,13.7118,0.6107,270.0,D5C5,1,109.08,571.41,0,-1
269,legit_34,748.1,198.4,12.3263,-0.4589,90.0,D1E1,1,78.42,581.69,0,-1
269,legit_35,959.65,1.6,11.6393,1.5048,270.0,F0E0,0,148.94,781.64,0,-1
269,legit_36,591.06,601.6,9.7839,2.4949,270.0,D3C3,0,141.07,450.82,0,-1
269,legit_37,801.6,119.25,13.5585,0.1033,0.0,E0E1,1,51.61,642.15,0,-1
269,legit_38,398.4,571.03,9.1324,1.7451,180.0,C3C2,1,59.18,479.83,0,-1
269,legit_39,585.43,398.4,8.9553,-3.8336,90.0,C2D2,0,140.77,480.9,0,-1
269,legit_40,1.6,316.42,12.8136,-0.8748,0.0,A1A2,1,154.67,753.28,0,-1
269,legit_41,948.53,401.6,13.2386,1.695,270.0,F2E2,0,109.67,566.35,0,-1
269,legit_42,401.84,594.47,6.0708,-4.2112,2.74,:C3_8,1,48.48,477.92,0,-1
269,legit_43,887.15,1001.6,13.104,0.9572,270.0,F5E5,0,157.98,623.53,0,-1
269,legit_44,-1.6,360.08,9.6954,2.4994,180.0,A2A1,1,151.6,742.15,0,-1
270,legit_23,366.72,1001.6,10.9321,1.7584,270.0,C5B5,1,114.38,604.36,0,-1
270,legit_24,401.6,40.38,11.6909,2.2316,0.0,C0C1,0,93.18,697.88,0,-1
270,legit_25,-1.6,667.21,11.1714,-0.113,180.0,A4A3,0,165.83,710.43,0,-1
270,legit_26,692.9,798.4,11.5027,-0.0139,90.0,D4E4,1,70.65,484.84,0,-1
270,legit_27,31.56,1001.6,12.4911,0.8258,270.0,B5A5,0,142.03,778.99,0,-1
270,legit_30,690.73,801.6,12.7675,0.1593,270.0,E4D4,1,70.62,485.49,0,-1
270,legit_32,201.6,909.67,12.7826,-0.1751,0.0,B4B5,0,86.69,629.68,0,-1
270,legit_33,512.47,1001.6,13.3803,-0.3315,270.0,D5C5,1,100.24,572.67,0,-1
270,legit_34,760.87,198.4,12.7699,0.4437,90.0,D1E1,1,79.15,584.36,0,-1
270,legit_35,945.99,1.6,13.6582,2.0189,270.0,F0E0,0,157.6,776.04,0,-1
270,legit_36,578.93,601.6,12.126,2.3421,270.0,D3C3,0,128.94,451.02,0,-1
270,legit_37,801.6,132.27,13.0172,-0.5413,0.0,E0E1,1,53.04,633.71,0,-1
270,legit_38,398.4,559.72,11.3099,2.1775,180.0,C3C2,1,65.46,480.56,0,-1
270,legit_39,590.13,398.4,4.6975,-4.2578,90.0,C2D2,0,145.3,480.83,0,-1
270,legit_40,1.6,329.62,13.1968,0.3833,0.0,A1A2,1,151.48,748.92,0,-1
270,legit_41,934.81,401.6,13.7192,0.4807,270.0,F2E2,0,122.47,559.9,0,-1
270,legit_42,405.61,598.17,5.7374,-0.3334,50.95,:C3_8,1,44.43,476.67,0,-1
270,legit_43,874.29,1001.6,12.8641,-0.2399,270.0,F5E5,0,146.95,618.67,0,-1
270,legit_44,-1.6,348.13,11.9515,2.2561,180.0,A2A1,1,152.06,745.65,0,-1
270,legit_45,198.4,387.7,0.0,0.0,180.0,B2B1,0,55.77,596.87,0,-1
271,legit_23,353.34,1001.6,13.378,2.4459,270.0,C5B5,1,124.45,608.82,0,-1
271,legit_24,401.6,52.6,12.224,0.5331,0.0,C0C1,0,82.98,688.64,0,-1
271,legit_25,-1.6,654.97,12.2409,1.0694,180.0,A4A3,0,161.26,709.51,0,-1
271,legit_26,704.75,798.4,11.8475,0.3447,90.0,D4E4,1,61.47,486.25,0,-1
271,legit_27,19.54,1001.6,12.0251,-0.4659,270.0,B5A5,0,152.21,787.69,0,-1
271,legit_30,677.24,801.6,13.4926,0.7251,270.0,E4D4,1,82.27,484.17,0,-1
271,legit_32,201.6,921.66,11.999,-0.7836,0.0,B4B5,0,96.6,634.84,0,-1
271,legit_33,498.93,1001.6,13.5346,0.1543,270.0,D5C5,1,92.42,574.2,0,-1
271,legit_34,773.61,198.4,12.7428,-0.0272,90.0,D1E1,1,81.88,587.31,0,-1
271,legit_35,933.15,1.6,12.8388,-0.8193,270.0,F0E0,0,166.35,770.95,0,-1
271,legit_36,565.82,601.6,13.1097,0.9837,270.0,D3C3,0,115.83,451.43,0,-1
271,legit_37,801.6,144.74,12.4686,-0.5485,0.0,E0E1,1,57.22,625.89,0,-1
271,legit_38,398.4,547.08,12.6419,1.332,180.0,C3C2,1,73.92,481.61,0,-1
271,legit_39,597.38,398.4,7.2478,2.5503,90.0,:D2_13,0,152.3,480.78,0,-1
271,legit_40,1.6,342.31,12.6855,-0.5113,0.0,A1A2,1,149.45,744.92,0,-1
271,legit_41,922.17,401.6,12.6412,-1.078,270.0,F2E2,0,134.43,554.13,0,-1
271,legit_42,411.68,598.4,6.0875,0.35,89.16,C3D3,1,38.35,474.73,0,-1
271,legit_43,861.47,1001.6,12.8194,-0.0447,270.0,F5E5,0,136.28,613.99,0,-1
271,legit_44,-1.6,334.36,13.7656,1.8141,180.0,A2A1,1,153.75,749.89,0,-1
271,legit_45,198.4,385.93,1.7694,1.7694,180.0,B2B1,0,54.91,597.35,0,-1
272,legit_23,340.26,1001.6,13.0856,-0.2924,270.0,C5B5,1,134.87,613.38,0,-1
272,legit_24,401.6,64.85,12.2485,0.0245,0.0,C0C1,0,73.38,679.52,0,-1
272,legit_25,-1.6,643.58,11.3898,-0.8511,180.0,A4A3,0,157.74,708.81,0,-1
272,legit_26,717.21,798.4,12.4578,0.6103,90.0,D4E4,1,52.97,487.96,0,-1
272,legit_27,7.13,1001.6,12.4087,0.3835,270.0,B5A5,0,162.97,796.77,0,-1
272,legit_30,664.3,801.6,12.9434,-0.5492,270.0,E4D4,1,93.91,483.12,0,-1
272,legit_32,201.6,934.05,12.3809,0.3819,0.0,B4B5,0,107.27,640.33,0,-1
272,legit_33,485.74,1001.6,13.1916,-0.343,270.0,D5C5,1,86.16,575.94,0,-1
272,legit_34,783.55,198.4,9.9438,-2.799,90.0,D1E1,1,85.28,589.79,0,-1
272,legit_35,919.78,1.6,13.3689,0.53,270.0,F0E0,0,176.0,765.83,0,-1
272,legit_36,552.23,601.6,13.5923,0.4826,270.0,D3C3,1,102.24,452.05,0,-1
272,legit_37,801.6,158.37,13.6353,1.1667,0.0,E0E1,1,64.3,617.61,0,-1
272,legit_38,398.4,533.27,13.8049,1.163,180.0,C3C2,1,84.35,483.0,0,-1
272,legit_39,607.01,398.4,9.633,2.3852,90.0,:D2_13,0,148.05,480.8,0,-1
272,legit_40,1.6,355.67,13.3656,0.6801,0.0,A1A2,1,148.46,740.91,0,-1
272,legit_41,909.28,401.6,12.8855,0.2443,270.0,F2E2,0,146.74,548.41,0,-1
272,legit_42,419.7,598.4,8.0221,1.9346,90.0,C3D3,2,30.34,472.25,0,-1
272,legit_43,848.94,1001.6,12.5278,-0.2916,270.0,F5E5,0,126.24,609.6,0,-1
272,legit_44,-1.6,320.74,13.6261,-0.1395,180.0,A2A1,1,156.6,754.31,0,-1
272,legit_45,198.4,381.67,4.259,2.4897,180.0,B2B1,0,53.03,598.53,0,-1
273,legit_23,327.26,1001.6,12.9954,-0.0902,270.0,C5B5,2,145.64,618.09,0,-1
273,legit_24,401.6,77.1,12.2526,0.0042,0.0,C0C1,0,64.68,670.55,0,-1
273,legit_25,-1.6,631.41,12.1679,0.7781,180.0,A4A3,0,154.82,708.25,0,-1
273,legit_26,728.55,798.4,11.3486,-1.1092,90.0,D4E4,1,46.8,489.75,0,-1
273,legit_30,651.44,801.6,12.8599,-0.0834,270.0,E4D4,1,105.78,482.27,0,-1
273,legit_32,201.6,947.02,12.9726,0.5917,0.0,B4B5,1,118.81,646.24,0,-1
273,legit_33,472.22,1001.6,13.5193,0.3276,270.0,D5C5,1,81.49,578.01,0,-1
273,legit_34,790.09,198.4,6.54,-3.4039,90.0,D1E1,1,88.06,591.51,0,-1
273,legit_35,906.55,1.6,13.2316,-0.1373,270.0,F0E0,0,186.0,760.95,0,-1
273,legit_36,538.45,601.6,13.7837,0.1914,270.0,D3C3,1,88.46,452.9,0,-1
273,legit_37,801.6,171.08,12.7073,-0.928,0.0,E0E1,1,72.61,610.12,0,-1
273,legit_38,398.4,519.4,13.8703,0.0654,180.0,C3C2,1,95.7,484.64,0,-1
273,legit_39,618.28,398.4,11.2639,1.6309,90.0,D2E2,0,137.21,480.96,0,-1
273,legit_40,1.6,368.62,12.9523,-0.4133,0.0,A1A2,1,148.65,737.23,0,-1
273,legit_41,895.93,401.6,13.3531,0.4676,270.0,F2E2,0,151.75,542.68,0,-1
273,legit_42,430.1,598.4,10.3969,2.3748,90.0,C3D3,2,19.97,469.13,0,-1
273,legit_43,835.97,1001.6,12.9647,0.4369,270.0,F5E5,0,116.35,605.24,0,-1
273,legit_44,-1.6,307.84,12.901,-0.7251,180.0,A2A1,1,160.32,758.7,0,-1
273,legit_45,198.4,375.36,6.3137,2.0547,180.0,B2B1,0,50.78,600.33,0,-1
274,legit_23,314.21,1001.6,13.0512,0.0558,270.0,C5B5,2,156.8,623.01,0,-1
274,legit_24,401.6,89.98,12.8781,0.6255,0.0,C0C1,0,56.95,661.31,0,-1
274,legit_25,-1.6,620.44,10.9753,-1.1926,180.0,A4A3,0,152.97,707.89,0,-1
274,legit_26,740.91,798.4,12.3602,1.0116,90.0,D4E4,1,42.58,492.0,0,-1
274,legit_30,638.6,801.6,12.8365,-0.0234,270.0,E4D4,1,117.83,481.61,0,-1
274,legit_32,201.6,959.72,12.6987,-0.2739,0.0,B4B5,1,130.36,652.18,0,-1
274,legit_33,458.42,1001.6,13.7984,0.2791,270.0,D5C5,1,78.85,580.43,0,-1
274,legit_34,792.13,198.4,2.04,-4.5,90.0,D1E1,1,89.0,592.05,0,-1
274,legit_35,894.17,1.6,12.382,-0.8495,270.0,F0E0,0,186.56,756.54,0,-1
274,legit_36,525.65,601.6,12.797,-0.9867,270.0,D3C3,1,75.67,453.88,0,-1
274,legit_37,801.6,183.42,12.3395,-0.3678,0.0,E0E1,1,81.76,603.04,0,-1
274,legit_38,398.4,505.82,13.5795,-0.2908,180.0,C3C2,1,107.39,486.48,0,-1
274,legit_39,631.15,398.4,12.8778,1.6139,90.0,D2E2,0,124.9,481.32,0,-1
274,legit_40,1.6,382.04,13.421,0.4687,0.0,A1A2,1,150.03,733.64,0,-1
274,legit_41,882.39,401.6,13.5418,0.1887,270.0,F2E2,0,138.77,537.06,0,-1
274,legit_42,442.89,598.4,12.7956,2.3988,90.0,C3D3,2,7.28,465.47,0,-1
274,legit_43,823.67,1001.6,12.2995,-0.6652,270.0,F5E5,0,107.59,601.29,0,-1
274,legit_44,-1.6,294.82,13.015,0.114,180.0,A2A1,1,165.02,763.31,0,-1
274,legit_45,198.4,366.62,8.7341,2.4204,180.0,B2B1,0,48.85,602.95,0,-1
275,legit_23,301.06,1001.6,13.1564,0.1052,270.0,C5B5,2,168.32,628.14,0,-1
275,legit_24,401.6,102.07,12.0876,-0.7905,0.0,C0C1,0,51.62,652.84,0,-1
275,legit_25,-1.6,608.67,11.7632,0.788,180.0,A4A3,0,151.85,707.68,0,-1
275,legit_26,753.28,798.4,12.3699,0.0097,90.0,D4E4,1,41.73,494.59,0,-1
275,legit_30,625.96,801.6,12.6362,-0.2003,270.0,E4D4,1,129.84,481.16,0,-1
275,legit_32,201.6,971.5,11.7802,-0.9185,0.0,B4B5,1,120.15,657.83,0,-1
275,legit_33,445.38,1001.6,13.0459,-0.7525,270.0,D5C5,1,78.54,583.02,0,-1
275,legit_34,792.48,198.4,0.3468,-1.6932,90.0,D1E1,1,89.17,592.15,0,-1
275,legit_35,881.04,1.6,13.1298,0.7477,270.0,F0E0,0,176.61,752.03,0,-1
275,legit_36,512.89,601.6,12.7583,-0.0387,270.0,D3C3,1,62.91,455.04,0,-1
275,legit_37,801.6,195.81,12.3937,0.0542,0.0,:E1_9,1,91.71,596.11,0,-1
275,legit_38,398.4,492.62,13.1962,-0.3833,180.0,C3C2,1,119.13,488.47,0,-1
275,legit_39,644.19,398.4,13.0397,0.1619,90.0,D2E2,0,112.56,481.88,0,-1
275,legit_40,1.6,395.54,13.4964,0.0754,0.0,:A2_7,1,152.6,730.24,0,-1
275,legit_41,869.71,401.6,12.6765,-0.8653,270.0,F2E2,0,126.74,531.97,0,-1
275,legit_42,456.71,598.4,13.8116,1.016,90.0,C3D3,2,6.89,462.4,0,-1
275,legit_43,813.38,1001.6,10.296,-2.0035,270.0,F5E5,0,100.81,598.13,0,-1
275,legit_44,-1.6,282.1,12.721,-0.294,180.0,A2A1,1,170.44,768.01,0,-1
275,legit_45,198.4,355.79,10.837,2.1029,180.0,B2B1,0,48.58,606.4,0,-1
276,legit_23,288.09,1001.6,12.9681,-0.1884,270.0,C5B5,2,158.79,633.38,0,-1
276,legit_24,401.6,113.93,11.867,-0.2206,0.0,C0C1,0,48.78,644.76,0,-1
276,legit_25,-1.6,596.98,11.6994,-0.0638,180.0,:A3_0,0,151.63,707.64,0,-1
276,legit_26,765.77,798.4,12.4905,0.1206,90.0,D4E4,0,44.49,497.56,0,-1
276,legit_30,615.27,801.6,10.6896,-1.9466,270.0,E4D4,0,140.09,480.91,0,-1
276,legit_32,201.6,981.9,10.3994,-1.3808,0.0,B4B5,1,110.85,662.93,0,-1
276,legit_33,431.75,1001.6,13.6243,0.5784,270.0,D5C5,1,80.5,586.03,0,-1
276,legit_34,795.13,198.4,2.6489,2.3021,90.0,:E1_13,1,90.46,592.87,0,-1
276,legit_35,868.49,1.6,12.5478,-0.5819,270.0,F0E0,1,167.51,747.89,0,-1
276,legit_36,500.28,601.6,12.6129,-0.1454,270.0,D3C3,1,50.3,456.37,0,-1
276,legit_37,801.6,208.45,12.631,0.2373,0.0,E1E2,1,102.4,589.21,0,-1
276,legit_38,398.4,479.13,13.4964,0.3002,180.0,C3C2,1,129.82,490.72,0,-1
276,legit_39,657.47,398.4,13.2732,0.2335,90.0,D2E2,0,100.18,482.64,0,-1
276,legit_40,1.6,408.98,13.438,-0.0584,0.0,A2A3,1,156.27,727.08,0,-1
276,legit_41,856.57,401.6,13.1401,0.4636,270.0,F2E2,0,114.4,526.88,0,-1
276,legit_42,470.56,598.4,13.8521,0.0405,90.0,C3D3,2,20.62,460.24,0,-1
276,legit_43,807.58,1001.6,5.796,-4.5,270.0,F5E5,0,97.27,596.41,0,-1
276,legit_44,-1.6,268.31,13.7879,1.0669,180.0,A2A1,1,177.17,773.3,0,-1
276,legit_45,198.4,342.51,13.2744,2.4375,180.0,B2B1,0,51.46,610.93,0,-1
276,legit_46,1001.6,8.3,0.0,0.0,0.0,F0F1,1,121.74,795.12,0,-1
277,legit_23,274.89,1001.6,13.2018,0.2338,270.0,C5B5,2,147.45,638.89,0,-1
277,legit_24,401.6,125.76,11.8216,-0.0454,0.0,C0C1,0,48.74,636.96,0,-1
277,legit_25,-1.6,584.84,12.1386,0.4392,180.0,A3A2,0,152.36,707.77,0,-1
277,legit_26,777.3,798.4,11.5231,-0.9674,90.0,D4E4,0,49.76,500.6,0,-1
277,legit_30,609.08,801.6,6.1896,-4.5,270.0,E4D4,0,146.05,480.82,0,-1
277,legit_32,201.6,989.41,7.5127,-2.8867,0.0,B4B5,1,104.26,666.67,0,-1
277,legit_33,419.12,1001.6,12.6356,-0.9887,270.0,D5C5,1,84.26,589.11,0,-1
277,legit_34,799.75,198.4,4.6232,1.9743,90.0,:E1_13,1,92.85,594.16,0,-1
277,legit_35,855.93,1.6,12.5652,0.0174,270.0,F0E0,1,158.87,743.91,0,-1
277,legit_36,487.35,601.6,12.9279,0.315,270.0,D3C3,1,37.38,457.93,0,-1
277,legit_37,801.6,221.58,13.1354,0.5044,0.0,E1E2,1,113.94,582.21,0,-1
277,legit_38,398.4,465.34,13.7872,0.2907,180.0,C3C2,0,117.3,493.23,0,-1
277,legit_39,670.81,398.4,13.3409,0.0676,90.0,D2E2,0,88.01,483.62,0,-1
277,legit_40,1.6,422.15,13.1679,-0.2701,0.0,A2A3,0,160.89,724.18,0,-1
277,legit_41,843.27,401.6,13.3015,0.1615,270.0,F2E2,0,102.13,521.93,0,-1
277,legit_42,484.34,598.4,13.7791,-0.073,90.0,C3D3,1,34.37,458.32,0,-1
277,legit_43,805.66,1000.11,2.5893,-3.2067,251.09,:E5_10,0,97.36,595.03,0,-1
277,legit_44,-1.6,255.24,13.0714,-0.7165,180.0,A2A1,0,184.27,778.5,0,-1
277,legit_45,198.4,329.2,13.3137,0.0393,180.0,B2B1,0,57.37,615.78,0,-1
277,legit_46,1001.6,10.82,2.5248,2.5248,0.0,F0F1,1,119.42,793.27,0,-1
278,legit_23,262.01,1001.6,12.8729,-0.3289,270.0,C5B5,2,136.72,644.43,0,-1
278,legit_24,401.6,138.08,12.3214,0.4998,0.0,C0C1,0,51.67,629.1,0,-1
278,legit_25,-1.6,573.63,11.2023,-0.9363,180.0,A3A2,1,153.88,708.06,0,-1
278,legit_26,789.8,798.4,12.5047,0.9816,90.0,D4E4,0,57.57,504.17,0,-1
278,legit_30,600.54,801.6,8.5484,2.3587,270.0,:D4_5,0,154.32,480.78,0,-1
278,legit_32,201.09,996.34,6.9669,-0.5458,354.18,:B5_4,1,98.03,670.44,0,-1
278,legit_33,405.41,1001.6,13.7072,1.0715,270.0,:C5_0,1,90.19,592.72,0,-1
278,legit_34,805.99,198.4,6.2405,1.6174,90.0,:E1_13,1,96.34,595.94,0,-1
278,legit_35,842.84,1.6,13.0856,0.5205,270.0,F0E0,0,150.46,739.95,0,-1
278,legit_36,474.72,601.6,12.6334,-0.2944,270.0,D3C3,1,24.77,459.64,0,-1
278,legit_37,801.6,234.18,12.6043,-0.5312,0.0,E1E2,1,125.3,575.66,0,-1
278,legit_38,398.4,451.47,13.874,0.0868,180.0,C3C2,0,105.02,495.97,0,-1
278,legit_39,683.54,398.4,12.7363,-0.6045,90.0,D2E2,1,76.75,484.76,0,-1
278,legit_40,1.6,435.97,13.8208,0.6529,0.0,A2A3,1,166.71,721.37,0,-1
278,legit_41,829.65,401.6,13.6226,0.3211,270.0,F2E2,1,89.86,517.06,0,-1
278,legit_42,498.2,598.4,13.8599,0.0808,90.0,C3D3,1,48.22,456.61,0,-1
278,legit_43,808.12,998.4,3.3824,0.793,153.87,E5F5,0,100.18,594.81,0,-1
278,legit_44,-1.6,241.39,13.8504,0.779,180.0,A2A1,0,192.48,784.21,0,-1
278,legit_45,198.4,316.6,12.5991,-0.7146,180.0,B2B1,0,65.01,620.62,0,-1
278,legit_46,1001.6,14.72,3.897,1.3722,0.0,F0F1,0,115.87,790.41,0,-1
279,legit_23,249.49,1001.6,12.5209,-0.352,270.0,C5B5,2,126.67,649.99,0,-1
279,legit_24,401.6,149.81,11.7329,-0.5884,0.0,C0C1,0,56.84,621.85,0,-1
279,legit_25,-1.6,562.52,11.116,-0.0863,180.0,A3A2,1,156.16,708.51,0,-1
279,legit_30,590.65,801.6,9.8865,1.3381,270.0,D4C4,0,145.8,480.83,0,-1
279,legit_32,195.9,1001.16,7.487,0.5201,303.22,:B5_4,1,91.23,675.55,0,-1
279,legit_33,391.84,1001.6,13.5671,-0.14,270.0,C5B5,1,97.61,596.58,0,-1
279,legit_34,813.66,198.4,7.6646,1.4241,90.0,E1F1,1,100.99,598.21,0,-1
279,legit_35,829.4,1.6,13.4407,0.3551,270.0,F0E0,0,142.56,736.08,0,-1
279,legit_36,461.22,601.6,13.4933,0.8599,270.0,D3C3,1,11.34,461.67,0,-1
279,legit_37,801.6,246.61,12.4272,-0.1771,0.0,E1E2,1,124.58,569.36,0,-1
279,legit_38,398.4,438.02,13.4502,-0.4238,180.0,C3C2,0,93.54,498.84,0,-1
279,legit_39,696.33,398.4,12.7856,0.0493,90.0,D2E2,1,65.99,486.11,0,-1
279,legit_40,1.6,448.61,12.6436,-1.1772,0.0,A2A3,1,172.84,718.99,0,-1
279,legit_41,817.74,401.6,11.9121,-1.7105,270.0,F2E2,1,79.49,512.99,0,-1
279,legit_42,511.99,598.4,13.7966,-0.0634,90.0,C3D3,1,62.01,455.13,0,-1
279,legit_43,812.84,998.4,4.7262,1.3438,90.0,E5F5,0,103.0,596.21,0,-1
279,legit_44,-1.6,227.8,13.5944,-0.256,180.0,A2A1,0,186.02,790.01,0,-1
279,legit_45,198.4,303.4,13.1994,0.6003,180.0,B2B1,0,74.47,625.92,0,-1
279,legit_46,1001.6,20.98,6.2609,2.3639,0.0,F0F1,0,110.21,785.84,0,-1
280,legit_23,236.28,1001.6,13.2066,0.6857,270.0,C5B5,2,116.58,656.03,0,-1
280,legit_24,401.6,161.77,11.9554,0.2225,0.0,C0C1,0,63.93,614.67,0,-1
280,legit_25,-1.6,551.25,11.2725,0.1566,180.0,A3A2,1,159.25,709.11,0,-1
280,legit_30,578.68,801.6,11.9681,2.0817,270.0,D4C4,0,134.29,481.03,0,-1
280,legit_32,188.81,1001.6,7.1152,-0.3718,271.64,B5A5,1,87.48,679.46,0,-1
280,legit_33,378.41,1001.6,13.4334,-0.1337,270.0,C5B5,1,106.17,600.64,0,-1
280,legit_34,822.98,198.4,9.323,1.6584,90.0,E1F1,1,107.11,601.07,0,-1
280,legit_35,816.92,1.6,12.4787,-0.962,270.0,F0E0,0,136.0,732.67,0,-1
280,legit_36,447.79,601.6,13.432,-0.0613,270.0,D3C3,1,2.73,464.13,0,-1
280,legit_37,801.6,258.96,12.3465,-0.0807,0.0,E1E2,2,113.45,563.27,0,-1
280,legit_38,398.4,425.12,12.8954,-0.5548,180.0,C3C2,0,83.09,501.8,0,-1
280,legit_39,709.3,398.4,12.9682,0.1826,90.0,D2E2,1,55.96,487.72,0,-1
280,legit_40,1.6,462.09,13.4835,0.8399,0.0,A2A3,1,180.13,716.65,0,-1
280,legit_41,810.27,401.6,7.4661,-4.446,270.0,F2E2,2,73.23,510.52,0,-1
280,legit_42,525.73,598.4,13.7376,-0.0589,90.0,C3D3,1,75.75,453.87,0,-1
280,legit_43,819.18,998.4,6.3311,1.605,90.0,E5F5,0,106.98,598.13,0,-1
280,legit_44,-1.6,216.73,11.0695,-2.5249,180.0,A2A1,0,179.83,794.88,0,-1
280,legit_45,198.4,290.2,13.2025,0.0031,180.0,B2B1,0,84.94,631.42,0,-1
280,legit_46,1001.6,29.6,8.618,2.3571,0.0,F0F1,0,102.54,779.59,0,-1
281,legit_23,223.84,1001.6,12.4438,-0.7628,270.0,C5B5,2,107.7,661.91,0,-1
281,legit_24,401.6,173.83,12.0634,0.108,0.0,C0C1,0,72.39,607.62,0,-1
281,legit_25,-1.6,539.88,11.3616,0.0891,180.0,A3A2,1,163.08,709.87,0,-1
281,legit_30,565.96,801.6,12.7192,0.751,270.0,D4C4,0,122.15,481.43,0,-1
281,legit_32,179.14,1001.6,9.6744,2.5592,270.0,B5A5,1,83.64,684.6,0,-1
281,legit_33,365.6,1001.6,12.8121,-0.6213,270.0,C5B5,1,115.2,604.72,0,-1
281,legit_34,834.54,198.4,11.5579,2.2348,90.0,E1F1,1,115.3,604.77,0,-1
281,legit_36,434.13,601.6,13.6591,0.2271,270.0,D3C3,1,15.95,467.95,0,-1
281,legit_37,801.6,271.46,12.4991,0.1526,0.0,E1E2,3,102.48,557.26,0,-1
281,legit_38,398.4,411.51,13.6082,0.7128,180.0,C3C2,0,72.91,505.16,0,-1
281,legit_39,722.35,398.4,13.0563,0.0881,90.0,D2E2,2,47.32,489.6,0,-1
281,legit_40,1.6,475.35,13.254,-0.2295,0.0,A2A3,1,187.96,714.56,0,-1
281,legit_41,801.16,401.6,9.1089,1.6428,270.0,:E2_5,2,65.94,507.62,0,-1
281,legit_42,539.43,598.4,13.6944,-0.0432,90.0,C3D3,1,89.44,452.83,0,-1
281,legit_43,827.45,998.4,8.2728,1.9416,90.0,E5F5,0,112.5,600.72,0,-1
281,legit_44,-1.6,210.16,6.5695,-4.5,180.0,A2A1,0,176.38,797.83,0,-1
281,legit_45,198.4,277.74,12.4598,-0.7427,180.0,B2B1,0,95.44,636.79,0,-1
281,legit_46,1001.6,40.46,10.8638,2.2458,0.0,F0F1,0,93.1,771.79,0,-1
282,legit_23,210.84,1001.6,13.005,0.5612,270.0,C5B5,2,99.23,668.24,0,-1
282,legit_24,401.6,186.57,12.7455,0.6821,0.0,C0C1,0,82.31,600.36,0,-1
282,legit_25,-1.6,528.76,11.1205,-0.2411,180.0,A3A2,1,167.5,710.77,0,-1
282,legit_30,552.13,801.6,13.8269,1.1077,270.0,D4C4,0,109.12,482.07,0,-1
282,legit_32,166.9,1001.6,12.236,2.5617,270.0,B5A5,1,80.2,691.29,0,-1
282,legit_33,352.02,1001.6,13.5812,0.7691,270.0,C5B5,1,125.49,609.27,0,-1
282,legit_34,846.9,198.4,12.3628,0.8049,90.0,E1F1,1,124.65,608.9,0,-1
282,legit_36,421.64,601.6,12.4905,-1.1686,270.0,D3C3,1,28.4,471.65,0,-1
282,legit_37,801.6,284.01,12.5546,0.0555,0.0,E1E2,3,91.85,551.4,0,-1
282,legit_38,398.4,398.49,13.0233,-0.5848,180.0,:C2_1,0,64.37,508.6,0,-1
282,legit_39,736.17,398.4,13.818,0.7616,90.0,D2E2,2,40.81,491.93,0,-1
282,legit_40,1.6,489.13,13.7784,0.5244,0.0,A2A3,1,185.24,712.6,0,-1
282,legit_41,789.95,401.6,11.2132,2.1042,270.0,E2D2,2,57.68,504.21,0,-1
282,legit_42,553.2,598.4,13.777,0.0826,90.0,C3D3,1,103.22,452.0,0,-1
282,legit_43,837.82,998.4,10.371,2.0982,90.0,E5F5,0,119.88,604.09,0,-1
282,legit_44,-0.92,206.17,4.1894,-2.38,171.88,:A1_2,0,173.79,799.13,0,-1
282,legit_45,198.4,264.37,13.3668,0.907,180.0,B2B1,0,107.18,642.72,0,-1
282,legit_46,1001.6,53.79,13.3234,2.4596,0.0,F0F1,0,82.02,762.35,0,-1
282,legit_47,8.3,998.4,0.0,0.0,90.0,A5B5,0,163.52,794.42,0,-1
283,legit_23,197.78,1001.6,13.0544,0.0494,270.0,:B5_0,2,91.81,674.81,0,-1
283,legit_25,-1.6,517.68,11.0868,-0.0337,180.0,A3A2,1,172.51,711.81,0,-1
283,legit_30,539.29,801.6,12.8465,-0.9804,270.0,D4C4,0,97.2,482.86,0,-1
283,legit_32,154.14,1001.6,12.7588,0.5228,270.0,B5A5,2,78.51,698.51,0,-1
283,legit_33,339.01,1001.6,13.012,-0.5693,270.0,C5B5,1,135.89,613.82,0,-1
283,legit_34,859.61,198.4,12.7109,0.3481,90.0,E1F1,1,134.76,613.33,0,-1
283,legit_36,413.52,601.6,8.1243,-4.3662,270.0,D3C3,0,36.52,474.16,0,-1
283,legit_37,801.6,296.79,12.7821,0.2274,0.0,E1E2,3,81.59,545.62,0,-1
283,legit_38,398.4,384.74,13.7494,0.726,180.0,C2C1,0,57.22,512.53,0,-1
283,legit_39,749.15,398.4,12.9724,-0.8456,90.0,D2E2,2,38.41,494.5,0,-1
283,legit_40,1.6,501.98,12.8514,-0.927,0.0,A2A3,1,177.85,710.98,0,-1
283,legit_41,776.54,401.6,13.4039,2.1907,270.0,E2D2,2,49.35,500.39,0,-1
283,legit_42,566.55,598.4,13.3424,-0.4347,90.0,C3D3,0,116.56,451.4,0,-1
283,legit_43,850.33,998.4,12.5092,2.1383,90.0,E5F5,0,129.32,608.33,0,-1
283,legit_44,1.43,206.95,3.1372,-1.0522,106.24,:A1_10,0,172.14,797.03,0,-1
283,legit_45,198.4,251.18,13.1875,-0.1793,180.0,B2B1,0,119.09,648.75,0,-1
283,legit_46,1001.6,66.65,12.8637,-0.4597,0.0,F0F1,0,72.03,753.38,0,-1
283,legit_47,10.14,998.4,1.8376,1.8376,90.0,A5B5,1,161.93,793.07,0,-1
284,legit_23,184.39,1001.6,13.3924,0.338,270.0,B5A5,2,85.61,681.79,0,-1
284,legit_25,-1.6,505.77,11.9066,0.8198,180.0,A3A2,1,178.5,713.1,0,-1
284,legit_30,526.32,801.6,12.9676,0.1211,270.0,D4C4,0,85.44,483.86,0,-1
284,legit_32,142.18,1001.6,11.9632,-0.7956,270.0,B5A5,2,78.79,705.51,0,-1
284,legit_33,326.35,1001.6,12.658,-0.354,270.0,C5B5,1,146.41,618.43,0,-1
284,legit_34,871.85,198.4,12.2357,-0.4752,90.0,E1F1,1,144.89,617.76,0,-1
284,legit_36,408.85,601.6,4.6625,-3.4619,270.0,D3C3,0,41.18,475.63,0,-1
284,legit_37,801.6,309.48,12.6811,-0.101,0.0,E1E2,3,72.22,540.08,0,-1
284,legit_38,398.4,370.93,13.8126,0.0632,180.0,C2C1,0,52.74,516.79,0,-1
284,legit_39,762.94,398.4,13.7986,0.8262,90.0,D2E2,2,40.52,497.68,0,-1
284,legit_40,1.6,515.46,13.4823,0.6309,0.0,A2A3,1,170.79,709.47,0,-1
284,legit_41,763.58,401.6,12.961,-0.4429,270.0,E2D2,2,43.76,497.02,0,-1
284,legit_42,579.48,598.4,12.9385,-0.4039,90.0,C3D3,0,129.49,451.01,0,-1
284,legit_43,862.71,998.4,12.3803,-0.129,90.0,E5F5,0,139.15,612.69,0,-1
284,legit_44,1.6,210.71,3.8124,0.6752,10.1,A1A2,0,173.93,795.2,0,-1
284,legit_45,198.4,238.44,12.7422,-0.4453,180.0,B2B1,0,127.95,654.72,0,-1
284,legit_46,1001.6,79.37,12.7213,-0.1424,0.0,F0F1,0,63.19,744.68,0,-1
284,legit_47,14.42,998.4,4.2791,2.4416,90.0,A5B5,1,158.24,789.93,0,-1
285,legit_23,171.47,1001.6,12.9205,-0.4719,270.0,B5A5,2,81.29,688.76,0,-1
285,legit_25,-1.6,494.79,10.9828,-0.9238,180.0,A3A2,1,184.53,714.42,0,-1
285,legit_30,512.91,801.6,13.4137,0.4461,270.0,D4C4,0,73.7,485.11,0,-1
285,legit_32,130.19,1001.6,11.9924,0.0292,270.0,B5A5,2,80.86,712.75,0,-1
285,legit_33,313.4,1001.6,12.9479,0.29,270.0,C5B5,1,157.5,623.32,0,-1
285,legit_34,884.8,198.4,12.9508,0.7152,90.0,E1F1,1,155.94,622.63,0,-1
285,legit_36,401.79,601.6,7.0639,2.4015,270.0,:C3_5,0,48.24,477.9,0,-1
285,legit_37,801.6,322.79,13.3098,0.6287,0.0,E1E2,3,63.62,534.5,0,-1
285,legit_38,398.4,358.0,12.9317,-0.8809,180.0,C2C1,0,51.64,521.12,0,-1
285,legit_39,775.82,398.4,12.8743,-0.9243,90.0,D2E2,2,46.27,501.03,0,-1
285,legit_40,1.6,528.97,13.5137,0.0314,0.0,A2A3,1,164.52,708.18,0,-1
285,legit_41,750.59,401.6,12.9897,0.0287,270.0,E2D2,2,41.6,494.0,0,-1
285,legit_42,587.92,598.4,8.4385,-4.5,90.0,C3D3,0,137.93,450.86,0,-1
285,legit_43,875.2,998.4,12.4868,0.1065,90.0,E5F5,0,149.44,617.26,0,-1
285,legit_44,1.6,216.18,5.4658,1.6534,0.0,A1A2,0,176.84,792.74,0,-1
285,legit_45,198.4,224.93,13.5124,0.7702,180.0,B2B1,0,115.55,661.23,0,-1
285,legit_46,1001.6,92.67,13.2945,0.5732,0.0,F0F1,0,55.58,735.77,0,-1
285,legit_47,20.8,998.4,6.3816,2.1024,90.0,A5B5,1,152.81,785.27,0,-1
286,legit_23,158.81,1001.6,12.6618,-0.2587,270.0,B5A5,3,78.89,695.84,0,-1
286,legit_25,-1.6,482.58,12.2067,1.2239,180.0,A3A2,1,191.75,716.06,0,-1
286,legit_30,499.78,801.6,13.1274,-0.2864,270.0,D4C4,0,62.87,486.57,0,-1
286,legit_32,118.2,1001.6,11.9849,-0.0076,270.0,B5A5,2,84.6,720.2,0,-1
286,legit_33,299.99,1001.6,13.4143,0.4663,270.0,C5B5,1,169.24,628.57,0,-1
286,legit_34,897.19,198.4,12.3944,-0.5565,90.0,E1F1,1,166.77,627.45,0,-1
286,legit_36,393.22,601.6,8.57,1.5061,270.0,:C3_5,0,56.8,480.74,0,-1
286,legit_37,801.6,335.73,12.9408,-0.369,0.0,E1E2,2,57.02,529.33,0,-1
286,legit_38,398.4,344.99,13.0054,0.0737,180.0,C2C1,0,53.74,525.8,0,-1
286,legit_39,788.47,398.4,12.6548,-0.2196,90.0,D2E2,2,54.36,504.63,0,-1
286,legit_40,1.6,541.85,12.8722,-0.6416,0.0,A2A3,1,159.39,707.16,0,-1
286,legit_41,737.02,401.6,13.5713,0.5816,270.0,E2D2,2,43.58,491.26,0,-1
286,legit_42,592.23,598.4,4.3109,-4.1276,90.0,C3D3,0,142.24,450.81,0,-1
286,legit_43,888.22,998.4,13.0208,0.5341,90.0,E5F5,0,160.51,622.2,0,-1
286,legit_44,1.6,224.15,7.9779,2.5121,0.0,A1A2,0,181.3,789.21,0,-1
286,legit_45,198.4,214.03,10.898,-2.6144,180.0,B2B1,0,105.76,666.6,0,-1
286,legit_46,1001.6,105.83,13.1576,-0.1369,0.0,F0F1,1,50.43,727.21,0,-1
286,legit_47,29.61,998.4,8.8131,2.4316,90.0,A5B5,2,145.44,778.89,0,-1
287,legit_23,145.4,1001.6,13.4076,0.7458,270.0,B5A5,3,78.53,703.61,0,-1
287,legit_25,-1.6,471.35,11.23,-0.9767,180.0,A3A2,1,188.1,717.72,0,-1
287,legit_30,486.02,801.6,13.764,0.6366,270.0,D4C4,0,52.65,488.36,0,-1
287,legit_32,105.64,1001.6,12.5599,0.575,270.0,B5A5,2,90.08,728.21,0,-1
287,legit_33,286.26,1001.6,13.7212,0.307,270.0,C5B5,1,157.21,634.13,0,-1
287,legit_34,909.84,198.4,12.6422,0.2478,90.0,E1F1,1,160.6,632.53,0,-1
287,legit_36,383.08,601.6,10.1444,1.5744,270.0,C3B3,0,66.94,484.2,0,-1
287,legit_37,801.6,349.36,13.6358,0.695,0.0,E1E2,1,52.69,524.19,0,-1
287,legit_38,398.4,332.03,12.965,-0.0404,180.0,C2C1,0,58.7,530.78,0,-1
287,legit_40,1.6,555.38,13.5372,0.665,0.0,A2A3,1,154.96,706.29,0,-1
287,legit_41,723.97,401.6,13.0575,-0.5138,270.0,E2D2,1,49.08,489.0,0,-1
287,legit_42,598.91,598.4,6.6753,2.3644,90.0,:D3_13,0,148.92,450.78,0,-1
287,legit_43,901.0,998.4,12.7854,-0.2354,90.0,E5F5,0,169.88,627.23,0,-1
287,legit_44,1.6,234.06,9.9082,1.9302,0.0,A1A2,0,187.17,784.91,0,-1
287,legit_45,198.4,207.62,6.4083,-4.4898,180.0,B2B1,0,100.1,669.81,0,-1
287,legit_46,1001.6,118.46,12.6378,-0.5198,0.0,F0F1,1,48.42,719.24,0,-1
287,legit_47,40.2,998.4,10.5889,1.7758,90.0,A5B5,2,136.8,771.3,0,-1
288,legit_23,132.08,1001.6,13.3186,-0.0889,270.0,B5A5,3,80.42,711.59,0,-1
288,legit_25,-1.6,460.37,10.9821,-0.2479,180.0,A3A2,1,181.81,719.49,0,-1
288,legit_30,472.82,801.6,13.1934,-0.5705,270.0,D4C4,0,44.67,490.37,0,-1
288,legit_32,93.79,1001.6,11.8522,-0.7076,270.0,B5A5,2,96.47,735.96,0,-1
288,legit_33,272.61,1001.6,13.6526,-0.0686,270.0,C5B5,1,145.53,639.85,0,-1
288,legit_34,922.77,198.4,12.9312,0.289,90.0,E1F1,1,149.45,637.89,0,-1
288,legit_36,371.27,601.6,11.8045,1.6601,270.0,C3B3,0,78.74,488.37,0,-1
288,legit_37,801.6,362.98,13.62,-0.0158,0.0,E1E2,1,51.69,519.41,0,-1
288,legit_38,398.4,318.36,13.6636,0.6986,180.0,C2C1,0,66.3,536.32,0,-1
288,legit_40,1.6,568.3,12.9155,-0.6216,0.0,A2A3,1,151.75,705.68,0,-1
288,legit_41,711.21,401.6,12.758,-0.2995,270.0,E2D2,1,56.88,487.11,0,-1
288,legit_42,607.11,598.4,8.1975,1.5222,90.0,:D3_13,0,142.9,450.8,0,-1
288,legit_43,914.13,998.4,13.1249,0.3395,90.0,E5F5,0,158.49,632.57,0,-1
288,legit_44,1.6,246.27,12.2085,2.3003,0.0,A1A2,0,186.97,779.76,0,-1
288,legit_45,200.57,200.65,7.463,1.0547,157.46,:B1_16,0,95.2,672.24,0,-1
288,legit_46,1001.6,132.33,13.8673,1.2294,0.0,F0F1,1,49.95,710.82,0,-1
288,legit_47,52.39,998.4,12.1938,1.6048,90.0,A5B5,2,127.22,762.67,0,-1
288,legit_48,201.6,412.3,0.0,0.0,0.0,B2B3,0,73.47,588.94,0,-1
289,legit_23,118.64,1001.6,13.444,0.1253,270.0,B5A5,3,84.44,719.92,0,-1
289,legit_25,-1.6,449.08,11.2917,0.3096,180.0,A3A2,1,175.83,721.45,0,-1
289,legit_30,459.99,801.6,12.8324,-0.361,270.0,D4C4,0,39.68,492.65,0,-1
289,legit_32,80.93,1001.6,12.8551,1.0029,270.0,B5A5,2,104.48,744.54,0,-1
289,legit_33,259.3,1001.6,13.3102,-0.3424,270.0,C5B5,1,134.51,645.62,0,-1
289,legit_34,935.55,198.4,12.7829,-0.1483,90.0,E1F1,1,138.73,643.37,0,-1
289,legit_36,358.51,601.6,12.7577,0.9532,270.0,C3B3,0,91.5,493.06,0,-1
289,legit_37,801.6,376.27,13.2892,-0.3308,0.0,E1E2,1,54.1,515.1,0,-1
289,legit_38,398.4,305.55,12.8079,-0.8558,180.0,C2C1,0,75.01,541.77,0,-1
289,legit_40,1.6,581.41,13.1116,0.196,0.0,A2A3,1,149.56,705.26,0,-1
289,legit_41,698.15,401.6,13.0554,0.2975,270.0,E2D2,1,66.47,485.44,0,-1
289,legit_42,617.47,598.4,10.3613,2.1639,90.0,D3E3,0,132.54,450.95,0,-1
289,legit_43,927.34,998.4,13.2132,0.0883,90.0,E5F5,0,147.32,638.12,0,-1
289,legit_44,1.6,259.17,12.9031,0.6945,0.0,A1A2,0,179.41,774.49,0,-1
289,legit_45,207.47,198.4,7.4341,-0.0289,101.45,B1C1,0,97.21,669.91,0,-1
289,legit_46,1001.6,145.77,13.4437,-0.4235,0.0,F0F1,1,54.83,702.97,0,-1
289,legit_47,65.74,998.4,13.3428,1.149,90.0,A5B5,2,117.3,753.38,0,-1
289,legit_48,201.6,414.17,1.8749,1.8749,0.0,B2B3,0,74.82,588.49,0,-1
290,legit_23,105.35,1001.6,13.2849,-0.1591,270.0,B5A5,3,90.22,728.4,0,-1
290,legit_25,-1.6,436.91,12.1685,0.8767,180.0,A3A2,0,169.99,723.73,0,-1
290,legit_30,446.32,801.6,13.6682,0.8358,270.0,D4C4,0,38.58,495.5,0,-1
290,legit_32,68.85,1001.6,12.0807,-0.7744,270.0,B5A5,2,112.83,752.77,0,-1
290,legit_33,245.83,1001.6,13.4677,0.1575,270.0,C5B5,1,123.82,651.64,0,-1
290,legit_34,948.49,198.4,12.9363,0.1534,90.0,E1F1,1,128.26,649.08,0,-1
290,legit_36,344.71,601.6,13.8031,1.0454,270.0,C3B3,0,105.3,498.32,0,-1
290,legit_37,801.6,389.49,13.2141,-0.0751,0.0,E1E2,1,59.43,511.14,0,-1
290,legit_38,398.4,292.86,12.6949,-0.1129,180.0,C2C1,0,84.68,547.37,0,-1
290,legit_40,1.6,594.39,12.9804,-0.1312,0.0,:A3_7,0,148.51,705.07,0,-1
290,legit_41,685.38,401.6,12.775,-0.2804,270.0,E2D2,1,76.85,484.04,0,-1
290,legit_42,629.56,598.4,12.0922,1.7309,90.0,D3E3,0,120.45,451.26,0,-1
290,legit_43,940.71,998.4,13.3709,0.1577,90.0,E5F5,0,136.39,643.92,0,-1
290,legit_44,1.6,272.22,13.0417,0.1387,0.0,A1A2,0,172.42,769.34,0,-1
290,legit_45,216.73,198.4,9.2511,1.817,90.0,B1C1,0,102.95,665.35,0,-1
290,legit_46,1001.6,158.9,13.1259,-0.3179,0.0,F0F1,1,62.09,695.56,0,-1
290,legit_47,79.26,998.4,13.5187,0.1759,90.0,A5B5,2,108.0,744.13,0,-1
290,legit_48,201.6,417.63,3.4535,1.5786,0.0,B2B3,0,77.35,587.69,0,-1
291,legit_23,92.19,1001.6,13.1603,-0.1246,270.0,B5A5,3,97.41,737.01,0,-1
291,legit_25,-1.6,424.81,12.1027,-0.0658,180.0,A3A2,1,164.87,726.16,0,-1
291,legit_30,433.15,801.6,13.1733,-0.495,270.0,D4C4,0,41.93,498.66,0,-1
291,legit_32,55.85,1001.6,13.0029,0.9222,270.0,B5A5,2,122.52,761.78,0,-1
291,legit_33,232.07,1001.6,13.7637,0.296,270.0,C5B5,2,113.5,658.0,0,-1
291,legit_34,961.67,198.4,13.18,0.2437,90.0,E1F1,1,118.11,655.08,0,-1
291,legit_36,332.08,601.6,12.6268,-1.1763,270.0,C3B3,0,117.93,503.32,0,-1
291,legit_37,801.6,401.88,12.3983,-0.8158,0.0,:E2_9,1,66.46,507.68,0,-1
291,legit_38,398.4,280.18,12.6835,-0.0115,180.0,C2C1,0,95.05,553.17,0,-1
291,legit_40,1.6,608.2,13.8101,0.8297,0.0,A3A4,0,148.63,705.09,0,-1
291,legit_41,672.33,401.6,13.0442,0.2692,270.0,E2D2,1,88.11,482.84,0,-1
291,legit_42,643.1,598.4,13.542,1.4498,90.0,D3E3,0,106.91,451.82,0,-1
291,legit_43,954.11,998.4,13.3974,0.0266,90.0,E5F5,0,125.91,649.92,0,-1
291,legit_44,1.6,285.9,13.6863,0.6446,0.0,A1A2,1,165.87,764.13,0,-1
291,legit_45,228.04,198.4,11.3149,2.0638,90.0,B1C1,0,110.62,659.9,0,-1
291,legit_46,1001.6,172.22,13.3165,0.1906,0.0,F0F1,1,71.2,688.27,0,-1
291,legit_47,92.45,998.4,13.1981,-0.3206,90.0,A5B5,3,99.85,735.29,0,-1
291,legit_48,201.6,422.85,5.2223,1.7688,0.0,B2B3,0,81.32,586.5,0,-1
292,legit_23,79.31,1001.6,12.884,-0.2763,270.0,B5A5,3,105.57,745.64,0,-1
292,legit_25,-1.6,413.36,11.4492,-0.6535,180.0,A3A2,1,160.72,728.63,0,-1
292,legit_30,420.54,801.6,12.6045,-0.5688,270.0,D4C4,0,48.4,502.04,0,-1
292,legit_32,43.29,1001.6,12.557,-0.4459,270.0,B5A5,2,132.41,770.62,0,-1
292,legit_33,219.33,1001.6,12.7352,-1.0285,270.0,C5B5,2,104.66,664.08,0,-1
292,legit_34,973.66,198.4,11.9936,-1.1864,90.0,E1F1,1,109.43,660.71,0,-1
292,legit_36,318.43,601.6,13.6579,1.0311,270.0,C3B3,0,131.58,508.91,0,-1
292,legit_37,801.6,415.12,13.2383,0.8399,0.0,E2E3,1,75.5,504.24,0,-1
292,legit_38,398.4,267.14,13.0329,0.3495,180.0,C2C1,0,106.23,559.31,0,-1
292,legit_40,1.6,621.54,13.3373,-0.4727,0.0,A3A4,0,149.95,705.34,0,-1
292,legit_41,659.2,401.6,13.135,0.0908,270.0,E2D2,1,99.88,481.84,0,-1
292,legit_42,656.49,598.4,13.3913,-0.1507,90.0,D3E3,0,93.52,452.56,0,-1
292,legit_43,966.4,998.4,12.2894,-1.108,90.0,E5F5,0,116.82,655.61,0,-1
292,legit_44,1.6,299.78,13.8796,0.1932,0.0,A1A2,1,160.15,759.07,0,-1
292,legit_45,241.11,198.4,13.0659,1.751,90.0,B1C1,0,120.2,653.8,0,-1
292,legit_46,1001.6,185.98,13.7657,0.4492,0.0,F0F1,1,81.83,680.94,0,-1
292,legit_47,106.32,998.4,13.8684,0.6704,90.0,A5B5,3,92.55,726.22,0,-1
292,legit_48,201.6,429.37,6.5238,1.3015,0.0,B2B3,0,86.46,585.07,0,-1
293,legit_23,65.71,1001.6,13.5971,0.7131,270.0,B5A5,2,115.11,754.93,0,-1
293,legit_25,-1.6,402.04,11.317,-0.1321,180.0,:A2_0,1,157.32,731.21,0,-1
293,legit_30,407.58,801.6,12.9618,0.3573,270.0,D4C4,0,57.22,505.81,0,-1
293,legit_32,30.6,1001.6,12.6966,0.1396,270.0,B5A5,2,142.84,779.69,0,-1
293,legit_34,983.73,198.4,10.0669,-1.9267,90.0,E1F1,1,102.66,665.57,0,-1
293,legit_36,305.64,601.6,12.7887,-0.8692,270.0,C3B3,0,144.37,514.33,0,-1
293,legit_37,801.6,427.7,12.5823,-0.656,0.0,E2E3,0,85.13,501.19,0,-1
293,legit_38,398.4,253.3,13.838,0.8051,180.0,C2C1,0,118.52,566.04,0,-1
293,legit_40,1.6,635.03,13.4912,0.1538,0.0,A3A4,0,152.48,705.81,0,-1
293,legit_41,646.62,401.6,12.5813,-0.5537,270.0,E2D2,0,111.44,481.08,0,-1
293,legit_42,669.74,598.4,13.2445,-0.1468,90.0,D3E3,0,80.28,453.5,0,-1
293,legit_43,979.16,998.4,12.7581,0.4686,90.0,E5F5,0,108.06,661.69,0,-1
293,legit_44,1.6,312.59,12.8091,-1.0704,0.0,A1A2,1,155.79,754.58,0,-1
293,legit_45,253.43,198.4,12.3284,-0.7375,90.0,B1C1,0,129.79,648.22,0,-1
293,legit_46,1001.6,198.63,12.644,-1.1217,0.0,:F1_3,1,92.33,674.38,0,-1
293,legit_47,119.71,998.4,13.3883,-0.4802,90.0,A5B5,2,87.04,717.69,0,-1
293,legit_48,201.6,437.48,8.1082,1.5844,0.0,B2B3,0,93.09,583.35,0,-1
294,legit_23,52.6,1001.6,13.1059,-0.4912,270.0,B5A5,2,125.03,764.05,0,-1
294,legit_25,-1.6,390.45,11.5872,0.2702,180.0,A2A1,1,154.63,734.02,0,-1
294,legit_32,18.33,1001.6,12.264,-0.4326,270.0,B5A5,2,153.24,788.57,0,-1
294,legit_34,989.78,198.4,6.0555,-4.0113,90.0,E1F1,1,98.86,668.55,0,-1
294,legit_36,292.3,601.6,13.3397,0.5509,270.0,C3B3,0,142.31,520.16,0,-1
294,legit_37,801.6,441.15,13.4497,0.8674,0.0,E2E3,0,96.17,498.15,0,-1
294,legit_38,398.4,240.33,12.9738,-0.8642,180.0,C2C1,1,130.32,572.53,0,-1
294,legit_40,1.6,648.15,13.1152,-0.376,0.0,A3A4,0,156.01,706.5,0,-1
294,legit_41,633.64,401.6,12.9761,0.3948,270.0,E2D2,0,123.57,480.49,0,-1
294,legit_42,683.31,598.4,13.5729,0.3284,90.0,D3E3,0,66.71,454.68,0,-1
294,legit_43,990.02,998.4,10.8603,-1.8977,90.0,E5F5,0,101.27,667.01,0,-1
294,legit_44,1.6,325.73,13.1416,0.3324,0.0,A1A2,1,152.31,750.18,0,-1
294,legit_45,266.7,198.4,13.268,0.9397,90.0,B1C1,1,140.59,642.39,0,-1
294,legit_46,1001.6,211.52,12.8946,0.2506,0.0,F1F2,1,103.53,667.85,0,-1
294,legit_47,132.53,998.4,12.8222,-0.5661,90.0,A5B5,2,83.45,709.75,0,-1
294,legit_48,201.6,447.29,9.8083,1.7001,0.0,B2B3,0,101.4,581.37,0,-1
294,legit_49,801.6,212.3,0.0,0.0,0.0,E1E2,0,105.74,587.14,0,-1
295,legit_23,39.01,1001.6,13.5974,0.4915,270.0,B5A5,2,135.89,773.67,0,-1
295,legit_25,-1.6,378.49,11.9574,0.3702,180.0,A2A1,1,152.72,737.09,0,-1
295,legit_32,6.44,1001.6,11.897,-0.367,270.0,B5A5,2,163.58,797.28,0,-1
295,legit_34,995.66,197.8,5.9735,-0.082,96.94,:F1_6,1,94.9,671.79,0,-1
295,legit_36,278.93,601.6,13.3661,0.0265,270.0,C3B3,0,128.94,526.19,0,-1
295,legit_37,801.6,454.23,13.0733,-0.3764,0.0,E2E3,0,107.43,495.41,0,-1
295,legit_38,398.4,227.2,13.1336,0.1598,180.0,C2C1,1,118.97,579.27,0,-1
295,legit_40,1.6,660.96,12.8163,-0.2989,0.0,A3A4,0,160.43,707.36,0,-1
295,legit_41,620.49,401.6,13.1481,0.172,270.0,E2D2,0,136.02,480.08,0,-1
295,legit_42,695.91,598.4,12.6014,-0.9715,90.0,D3E3,0,54.11,455.95,0,-1
295,legit_43,996.38,998.4,6.3603,-4.5,90.0,E5F5,0,97.64,670.2,0,-1
295,legit_44,1.6,338.32,12.5928,-0.5488,0.0,A1A2,1,149.97,746.15,0,-1
295,legit_45,280.04,198.4,13.3387,0.0706,90.0,B1C1,1,151.85,636.71,0,-1
295,legit_46,1001.6,224.94,13.4179,0.5233,0.0,F1F2,1,115.56,661.22,0,-1
295,legit_47,145.88,998.4,13.3445,0.5224,90.0,A5B5,2,81.7,701.75,0,-1
295,legit_48,201.6,459.14,11.8519,2.0437,0.0,B2B3,0,111.77,579.12,0,-1
295,legit_49,801.6,214.32,2.0224,2.0224,0.0,E1E2,0,107.51,586.05,0,-1
296,legit_23,25.98,1001.6,13.0305,-0.5669,270.0,B5A5,1,146.73,783.02,0,-1
296,legit_25,-1.6,367.26,11.2329,-0.7245,180.0,A2A1,1,151.77,740.12,0,-1
296,legit_34,998.32,193.37,5.4966,-0.4769,151.89,:F1_6,1,89.75,675.42,0,-1
296,legit_36,266.14,601.6,12.7954,-0.5707,270.0,C3B3,1,116.15,532.13,0,-1
296,legit_37,801.6,467.12,12.8898,-0.1835,0.0,E2E3,0,118.9,492.89,0,-1
296,legit_38,398.4,214.25,12.9425,-0.1912,180.0,C2C1,1,107.45,586.09,0,-1
296,legit_40,1.6,674.45,13.4845,0.6682,0.0,A3A4,0,166.03,708.49,0,-1
296,legit_41,611.84,401.6,8.6481,-4.5,270.0,E2D2,0,144.28,479.93,0,-1
296,legit_42,708.56,598.4,12.6487,0.0473,90.0,D3E3,0,41.47,457.42,0,-1
296,legit_43,998.4,996.24,3.5681,-2.7922,122.07,F5F4,0,98.38,670.12,0,-1
296,legit_44,1.6,351.18,12.852,0.2592,0.0,A1A2,1,148.66,742.23,0,-1
296,legit_45,293.17,198.4,13.1329,-0.2058,90.0,B1C1,1,163.23,631.31,0,-1
296,legit_46,1001.6,238.54,13.6062,0.1883,0.0,F1F2,1,128.04,654.68,0,-1
296,legit_47,159.52,998.4,13.646,0.3014,90.0,A5B5,1,82.15,693.85,0,-1
296,legit_48,201.6,472.11,12.9671,1.1152,0.0,B2B3,1,123.41,576.83,0,-1
296,legit_49,801.6,218.81,4.4896,2.4672,0.0,E1E2,0,111.47,583.67,0,-1
297,legit_23,12.66,1001.6,13.312,0.2815,270.0,B5A5,0,158.14,792.71,0,-1
297,legit_25,-1.6,355.76,11.4974,0.2645,180.0,A2A1,1,151.66,743.39,0,-1
297,legit_34,998.4,188.15,5.2246,-0.272,179.43,F1F0,1,85.48,678.19,0,-1
297,legit_36,252.89,601.6,13.2443,0.4488,270.0,C3B3,1,102.9,538.46,0,-1
297,legit_37,801.6,479.49,12.3774,-0.5124,0.0,E2E3,1,130.16,490.65,0,-1
297,legit_38,398.4,201.12,13.1306,0.1881,180.0,:C1_1,1,96.14,593.19,0,-1
297,legit_40,1.6,687.73,13.2846,-0.2,0.0,A3A4,0,172.39,709.81,0,-1
297,legit_41,607.7,401.6,4.1481,-4.5,270.0,E2D2,0,148.26,479.88,0,-1
297,legit_42,721.28,598.4,12.7177,0.069,90.0,D3E3,1,28.77,459.08,0,-1
297,legit_43,998.4,990.73,5.5061,1.938,180.0,F5F4,0,103.11,667.34,0,-1
297,legit_44,1.6,364.93,13.7524,0.9005,0.0,A1A2,1,148.48,738.26,0,-1
297,legit_45,306.39,198.4,13.2206,0.0877,90.0,B1C1,1,163.61,626.04,0,-1
297,legit_46,1001.6,251.93,13.381,-0.2252,0.0,F1F2,1,118.42,648.4,0,-1
297,legit_47,173.0,998.4,13.4779,-0.168,90.0,A5B5,0,84.78,686.32,0,-1
297,legit_48,201.6,484.93,12.8186,-0.1485,0.0,B2B3,1,126.11,574.73,0,-1
297,legit_49,801.6,225.25,6.4429,1.9533,0.0,E1E2,0,117.22,580.28,0,-1
298,legit_25,-1.6,344.07,11.6937,0.1962,180.0,A2A1,1,152.43,746.88,0,-1
298,legit_34,998.4,181.54,6.6149,1.3903,180.0,F1F0,1,80.31,681.68,0,-1
298,legit_36,240.27,601.6,12.6188,-0.6254,270.0,C3B3,1,90.29,544.65,0,-1
298,legit_37,801.6,492.98,13.4885,1.111,0.0,E2E3,1,118.81,488.42,0,-1
298,legit_38,398.4,187.73,13.3967,0.2662,180.0,C1C0,1,85.14,600.61,0,-1
298,legit_40,1.6,700.88,13.1445,-0.1401,0.0,A3A4,0,179.44,711.32,0,-1
298,legit_41,601.24,401.6,6.4525,2.3044,270.0,:D2_5,0,154.46,479.85,0,-1
298,legit_42,734.85,598.4,13.5717,0.854,90.0,D3E3,1,15.23,461.05,0,-1
298,legit_43,998.4,983.12,7.6071,2.1009,180.0,F5F4,0,109.76,663.53,0,-1
298,legit_44,1.6,378.39,13.4611,-0.2913,0.0,A1A2,1,149.54,734.59,0,-1
298,legit_45,318.67,198.4,12.273,-0.9476,90.0,B1C1,1,152.95,621.31,0,-1
298,legit_46,1001.6,265.77,13.8483,0.4673,0.0,F1F2,1,105.93,642.09,0,-1
298,legit_47,185.04,998.4,12.0355,-1.4425,90.0,A5B5,0,88.8,679.83,0,-1
298,legit_48,201.6,497.98,13.048,0.2293,0.0,B2B3,1,114.33,572.78,0,-1
298,legit_49,801.6,233.49,8.2303,1.7874,0.0,E1E2,0,124.67,576.02,0,-1
299,legit_25,-1.6,332.63,11.4414,-0.2523,180.0,A2A1,1,154.05,750.44,0,-1
299,legit_34,998.4,172.76,8.7772,2.1623,180.0,F1F0,1,73.8,686.39,0,-1
299,legit_36,226.89,601.6,13.3882,0.7694,270.0,C3B3,1,76.9,551.4,0,-1
299,legit_37,801.6,505.67,12.6905,-0.798,0.0,E2E3,1,107.52,486.5,0,-1
299,legit_38,398.4,174.95,12.7727,-0.6241,180.0,C1C0,1,75.38,607.88,0,-1
299,legit_40,1.6,713.58,12.7047,-0.4398,0.0,A3A4,0,186.88,712.97,0,-1
299,legit_41,593.0,401.6,8.2408,1.7883,270.0,:D2_5,0,148.93,479.87,0,-1
299,legit_42,748.37,598.4,13.5172,-0.0545,90.0,D3E3,1,2.29,463.26,0,-1
299,legit_43,998.4,973.51,9.6136,2.0065,180.0,F5F4,0,118.33,658.81,0,-1
299,legit_44,1.6,392.08,13.6937,0.2326,0.0,A1A2,1,151.83,731.09,0,-1
299,legit_45,331.39,198.4,12.7221,0.4491,90.0,B1C1,1,142.18,616.58,0,-1
299,legit_46,1001.6,278.86,13.0831,-0.7651,0.0,F1F2,1,94.48,636.3,0,-1
299,legit_47,192.57,998.4,7.5355,-4.5,90.0,A5B5,0,92.04,675.87,0,-1
299,legit_48,201.6,511.31,13.3287,0.2807,0.0,B2B3,1,102.61,570.97,0,-1
299,legit_49,801.6,243.62,10.134,1.9036,0.0,E1E2,0,127.31,570.87,0,-1
300,legit_25,-1.6,321.12,11.5136,0.0722,180.0,A2A1,1,156.51,754.19,0,-1
300,legit_34,998.4,161.53,11.229,2.4518,180.0,F1F0,1,66.24,692.53,0,-1
300,legit_36,216.89,601.6,9.9989,-3.3893,270.0,C3B3,1,66.91,556.56,0,-1
300,legit_37,801.6,518.55,12.8812,0.1907,0.0,E2E3,1,96.42,484.75,0,-1
300,legit_38,398.4,162.33,12.6251,-0.1475,180.0,C1C0,1,66.74,615.26,0,-1
300,legit_40,1.6,727.43,13.8533,1.1486,0.0,A3A4,0,186.26,714.98,0,-1
300,legit_41,583.41,401.6,9.5966,1.3558,270.0,D2C2,0,139.74,480.0,0,-1
300,legit_42,762.09,598.4,13.7225,0.2053,90.0,D3E3,1,12.19,466.87,0,-1
300,legit_43,998.4,961.71,11.803,2.1895,180.0,F5F4,0,129.06,653.12,0,-1
300,legit_44,1.6,405.97,13.8815,0.1878,0.0,:A2_7,1,155.36,727.77,0,-1
300,legit_45,343.9,198.4,12.5153,-0.2068,90.0,B1C1,1,131.92,612.09,0,-1
300,legit_46,1001.6,291.69,12.8365,-0.2466,0.0,F1F2,1,83.72,630.79,0,-1
300,legit_47,197.53,996.12,5.7701,-1.7653,117.74,:B5_6,0,96.41,672.15,0,-1
300,legit_48,201.6,524.6,13.2982,-0.0306,0.0,B2B3,1,91.36,569.36,0,-1
300,legit_49,801.6,255.56,11.938,1.804,0.0,E1E2,0,116.49,564.93,0,-1
300,legit_50,187.7,201.6,0.0,0.0,270.0,B1A1,0,89.89,678.42,0,-1
301,legit_25,-1.6,309.01,12.1081,0.5945,180.0,A2A1,1,159.95,758.29,0,-1
301,legit_34,998.4,149.49,12.0375,0.8086,180.0,F1F0,0,59.43,699.3,0,-1
301,legit_36,210.38,601.6,6.5045,-3.4944,270.0,C3B3,1,60.4,559.97,0,-1
301,legit_37,801.6,531.68,13.1206,0.2394,0.0,E2E3,1,85.62,483.18,0,-1
301,legit_38,398.4,149.67,12.6575,0.0324,180.0,C1C0,1,59.52,622.86,0,-1
301,legit_40,1.6,740.74,13.3033,-0.55,0.0,A3A4,0,178.54,717.13,0,-1
301,legit_41,572.27,401.6,11.1325,1.5359,270.0,D2C2,0,129.16,480.28,0,-1
301,legit_42,775.8,598.4,13.7113,-0.0113,90.0,D3E3,1,25.85,470.88,0,-1
301,legit_43,998.4,948.95,12.7536,0.9506,180.0,F5F4,0,120.55,647.13,0,-1
301,legit_44,1.6,419.66,13.6959,-0.1856,0.0,A2A3,1,159.94,724.71,0,-1
301,legit_45,356.56,198.4,12.6558,0.1406,90.0,B1C1,1,121.97,607.73,0,-1
301,legit_46,1001.6,304.28,12.5909,-0.2457,0.0,F1F2,0,73.8,625.56,0,-1
301,legit_47,198.4,990.28,6.0042,0.2341,175.92,B5B4,0,101.94,668.76,0,-1
301,legit_48,201.6,537.99,13.3829,0.0847,0.0,B2B3,1,80.67,567.94,0,-1
301,legit_49,801.6,268.41,12.8514,0.9134,0.0,E1E2,0,105.13,558.71,0,-1
301,legit_50,185.25,201.6,2.4545,2.4545,270.0,B1A1,0,88.89,679.72,0,-1
302,legit_25,-1.6,296.96,12.0524,-0.0557,180.0,A2A1,1,164.19,762.54,0,-1
302,legit_34,998.4,137.53,11.9675,-0.07,180.0,F1F0,0,54.5,706.23,0,-1
302,legit_36,204.92,601.93,5.481,-1.0235,273.74,:B3_4,1,54.96,562.87,0,-1
302,legit_37,801.6,545.17,13.4994,0.3788,0.0,E2E3,1,75.29,481.78,0,-1
302,legit_38,398.4,136.65,13.0206,0.3631,180.0,C1C0,1,54.22,630.93,0,-1
302,legit_40,1.6,753.95,13.2159,-0.0875,0.0,A3A4,0,171.54,719.45,0,-1
302,legit_41,559.58,401.6,12.6953,1.5627,270.0,D2C2,0,117.21,480.77,0,-1
302,legit_42,785.03,598.4,9.2295,-4.4818,90.0,D3E3,1,35.07,473.7,0,-1
302,legit_43,998.4,936.79,12.1586,-0.595,180.0,F5F4,0,109.69,641.57,0,-1
302,legit_44,1.6,432.85,13.1854,-0.5104,0.0,A2A3,1,165.32,721.98,0,-1
302,legit_45,369.89,198.4,13.3309,0.6751,90.0,B1C1,1,112.09,603.33,0,-1
302,legit_46,1001.6,317.22,12.9388,0.3479,0.0,F1F2,0,64.59,620.38,0,-1
302,legit_47,198.4,982.92,7.364,1.3598,180.0,B5B4,0,108.48,665.09,0,-1
302,legit_48,201.6,551.47,13.4791,0.0962,0.0,B2B3,1,70.84,566.73,0,-1
302,legit_49,801.6,281.37,12.9582,0.1068,0.0,E1E2,0,94.05,552.62,0,-1
302,legit_50,180.26,201.6,4.9873,2.5328,270.0,B1A1,0,87.03,682.38,0,-1
303,legit_25,-1.6,284.76,12.1935,0.1411,180.0,A2A1,0,169.24,767.01,0,-1
303,legit_34,998.4,125.31,12.2162,0.2487,180.0,F1F0,0,51.87,713.54,0,-1
303,legit_36,201.75,606.17,5.6889,0.2079,327.06,:B3_4,1,52.11,564.6,0,-1
303,legit_37,801.6,557.54,12.3672,-1.1323,0.0,E2E3,1,66.82,480.72,0,-1
303,legit_38,398.4,123.55,13.1029,0.0823,180.0,C1C0,1,51.72,639.33,0,-1
303,legit_40,1.6,767.17,13.2155,-0.0003,0.0,A3A4,0,165.31,721.99,0,-1
303,legit_41,546.73,401.6,12.8531,0.1578,270.0,D2C2,0,105.29,481.46,0,-1
303,legit_42,790.34,598.4,5.3054,-3.9241,90.0,D3E3,1,40.37,475.37,0,-1
303,legit_43,998.4,923.71,13.0803,0.9217,180.0,F5F4,0,98.34,635.74,0,-1
303,legit_44,1.6,445.72,12.8709,-0.3145,0.0,A2A3,0,171.38,719.51,0,-1
303,legit_45,381.69,198.4,11.7967,-1.5342,90.0,B1C1,1,103.99,599.62,0,-1
303,legit_46,1001.6,330.73,13.5036,0.5648,0.0,F1F2,0,56.56,615.21,0,-1
303,legit_47,198.4,973.45,9.4702,2.1062,180.0,B5B4,0,117.03,660.44,0,-1
303,legit_48,201.6,564.37,12.9075,-0.5716,0.0,B2B3,1,62.7,565.8,0,-1
303,legit_49,801.6,294.17,12.8017,-0.1565,0.0,E1E2,0,83.64,546.79,0,-1
303,legit_50,173.42,201.6,6.8332,1.8459,270.0,B1A1,0,84.9,686.09,0,-1
304,legit_25,-1.6,272.74,12.0246,-0.1689,180.0,A2A1,0,174.92,771.58,0,-1
304,legit_34,998.4,112.46,12.8547,0.6385,180.0,F1F0,0,52.15,721.5,0,-1
304,legit_36,201.6,612.02,5.8624,0.1734,359.71,B3B4,1,52.98,564.78,0,-1
304,legit_37,801.6,570.63,13.0913,0.7241,0.0,E2E3,1,59.37,479.86,0,-1
304,legit_38,398.4,109.77,13.7764,0.6734,180.0,C1C0,1,52.6,648.49,0,-1
304,legit_40,1.6,781.01,13.842,0.6265,0.0,A3A4,0,159.69,724.86,0,-1
304,legit_41,534.14,401.6,12.5872,-0.2659,270.0,D2C2,0,93.86,482.32,0,-1
304,legit_42,797.92,598.4,7.5831,2.2777,90.0,:E3_13,1,47.95,477.81,0,-1
304,legit_43,998.4,910.46,13.2518,0.1714,180.0,F5F4,0,87.33,630.02,0,-1
304,legit_44,1.6,459.06,13.3445,0.4736,0.0,A2A3,0,178.43,717.16,0,-1
304,legit_45,388.98,198.4,7.2967,-4.5,90.0,B1C1,1,99.34,597.42,0,-1
304,legit_46,1001.6,344.14,13.4104,-0.0932,0.0,F1F2,0,50.93,610.35,0,-1
304,legit_47,198.4,962.51,10.9428,1.4726,180.0,B5B4,0,127.07,655.18,0,-1
304,legit_48,201.6,577.54,13.1684,0.2608,0.0,B2B3,1,56.28,565.12,0,-1
304,legit_49,801.6,307.5,13.334,0.5323,0.0,E1E2,0,73.61,540.92,0,-1
304,legit_50,164.92,201.6,8.5008,1.6676,270.0,B1A1,0,82.95,690.8,0,-1
305,legit_25,-1.6,261.38,11.3584,-0.6662,180.0,A2A1,0,180.86,776.04,0,-1
305,legit_34,998.4,99.26,13.1937,0.339,180.0,F1F0,0,55.61,729.95,0,-1
305,legit_36,201.6,619.95,7.9253,2.0629,0.0,B3B4,1,55.32,565.02,0,-1
305,legit_37,801.6,583.97,13.338,0.2468,0.0,E2E3,1,54.03,479.27,0,-1
305,legit_38,398.4,96.31,13.4617,-0.3147,180.0,C1C0,1,56.78,657.75,0,-1
305,legit_40,1.6,794.29,13.2782,-0.5638,0.0,:A4_7,0,155.28,727.82,0,-1
305,legit_41,521.54,401.6,12.603,0.0159,270.0,D2C2,0,82.75,483.38,0,-1
305,legit_42,807.15,598.4,9.2297,1.6466,90.0,:E3_13,1,57.17,480.86,0,-1
305,legit_43,998.4,897.19,13.2708,0.0191,180.0,F5F4,0,77.03,624.48,0,-1
305,legit_44,1.6,471.66,12.601,-0.7435,0.0,A2A3,0,185.72,715.12,0,-1
305,legit_45,392.23,198.4,3.2437,-4.053,90.0,B1C1,1,97.39,596.46,0,-1
305,legit_46,1001.6,356.81,12.6715,-0.739,0.0,F1F2,0,48.51,606.06,0,-1
305,legit_47,198.4,949.83,12.6748,1.732,180.0,B5B4,0,120.02,649.22,0,-1
305,legit_48,201.6,588.41,10.8705,-2.2978,0.0,B2B3,1,52.89,564.77,0,-1
305,legit_49,801.6,321.15,13.6452,0.3112,0.0,E1E2,0,64.59,535.17,0,-1
305,legit_50,155.01,201.6,9.912,1.4113,270.0,B1A1,0,81.75,696.43,0,-1
306,legit_25,-1.6,249.77,11.6063,0.2478,180.0,A2A1,0,187.44,780.73,0,-1
306,legit_34,998.4,86.95,12.3127,-0.881,180.0,F1F0,0,61.28,738.08,0,-1
306,legit_36,201.6,629.17,9.2287,1.3034,0.0,B3B4,1,59.28,565.43,0,-1
306,legit_38,398.4,83.37,12.9381,-0.5236,180.0,C1C0,1,63.28,666.91,0,-1
306,legit_40,1.6,807.75,13.4628,0.1846,0.0,A4A5,0,151.86,731.05,0,-1
306,legit_41,508.05,401.6,13.4861,0.8831,270.0,D2C2,0,71.42,484.73,0,-1
306,legit_42,818.34,598.4,11.1929,1.9633,90.0,E3F3,0,68.36,484.69,0,-1
306,legit_43,998.4,884.97,12.2194,-1.0515,180.0,F5F4,0,68.45,619.56,0,-1
306,legit_44,1.6,484.44,12.7737,0.1727,0.0,A2A3,0,188.09,713.25,0,-1
306,legit_45,394.24,199.69,2.5575,-0.6862,73.89,:C1_15,1,97.26,595.17,0,-1
306,legit_46,1001.6,369.59,12.7789,0.1074,0.0,F1F2,1,49.34,602.05,0,-1
306,legit_47,198.4,935.97,13.8648,1.19,180.0,B5B4,0,107.48,642.88,0,-1
306,legit_48,201.88,594.76,6.3705,-4.5,3.22,:B3_8,1,52.14,564.52,0,-1
306,legit_49,801.6,334.59,13.4439,-0.2013,0.0,E1E2,0,57.52,529.77,0,-1
306,legit_50,143.45,201.6,11.5585,1.6465,270.0,B1A1,0,81.86,703.18,0,-1
306,legit_51,998.4,387.7,0.0,0.0,180.0,F2F1,1,58.56,595.18,0,-1
307,legit_25,-1.6,237.81,11.9604,0.3541,180.0,A2A1,1,192.0,785.72,0,-1
307,legit_34,998.4,74.42,12.5325,0.2198,180.0,F1F0,0,68.85,746.55,0,-1
307,legit_36,201.6,640.06,10.887,1.6583,0.0,B3B4,1,65.33,566.1,0,-1
307,legit_38,398.4,69.59,13.7799,0.8418,180.0,C1C0,1,72.14,676.89,0,-1
307,legit_40,1.6,820.41,12.6633,-0.7996,0.0,A4A5,0,149.69,734.28,0,-1
307,legit_41,494.54,401.6,13.507,0.0209,270.0,D2C2,0,60.95,486.34,0,-1
307,legit_42,831.34,598.4,12.9993,1.8064,90.0,E3F3,0,81.36,489.32,0,-1
307,legit_43,998.4,872.7,12.2701,0.0508,180.0,F5F4,0,61.09,614.82,0,-1
307,legit_44,1.6,497.72,13.2841,0.5104,0.0,A2A3,0,180.23,711.49,0,-1
307,legit_45,392.22,201.6,3.2598,0.7023,345.7,C1B1,1,99.98,594.71,0,-1
307,legit_46,1001.6,383.19,13.6042,0.8254,0.0,F1F2,1,53.67,598.11,0,-1
307,legit_47,198.4,923.28,12.6923,-1.1725,180.0,B5B4,0,96.32,637.23,0,-1
307,legit_48,206.07,598.24,5.9048,-0.4658,56.01,:B3_8,1,56.1,562.26,0,-1
307,legit_49,801.6,348.09,13.4949,0.051,0.0,E1E2,0,52.96,524.66,0,-1
307,legit_50,130.82,201.6,12.6372,1.0787,270.0,B1A1,1,83.82,710.8,0,-1
307,legit_51,998.4,385.79,1.9053,1.9053,180.0,F2F1,1,57.69,595.7,0,-1
308,legit_25,-1.6,226.38,11.429,-0.5314,180.0,A2A1,1,185.2,790.63,0,-1
308,legit_34,998.4,62.32,12.0984,-0.4342,180.0,F1F0,0,77.39,754.89,0,-1
308,legit_36,201.6,653.31,13.2467,2.3597,0.0,B3B4,1,74.19,567.13,0,-1
308,legit_38,398.4,56.67,12.9222,-0.8577,180.0,C1C0,1,81.69,686.44,0,-1
308,legit_40,1.6,833.32,12.9081,0.2448,0.0,A4A5,0,148.55,737.77,0,-1
308,legit_41,481.44,401.6,13.1018,-0.4052,270.0,D2C2,0,52.14,488.16,0,-1
308,legit_42,844.21,598.4,12.8689,-0.1304,90.0,E3F3,0,94.22,494.08,0,-1
308,legit_43,998.4,860.19,12.51,0.2398,180.0,F5F4,0,55.41,610.22,0,-1
308,legit_44,1.6,511.45,13.7301,0.446,0.0,A2A3,0,172.81,709.9,0,-1
308,legit_45,386.46,201.6,5.7607,2.5009,270.0,C1B1,1,103.42,596.42,0,-1
308,legit_46,1001.6,397.0,13.8101,0.2059,0.0,:F2_3,1,60.92,594.42,0,-1
308,legit_47,198.4,910.19,13.0854,0.3932,180.0,B5B4,0,85.26,631.59,0,-1
308,legit_48,212.51,598.4,6.4551,0.5504,90.0,B3C3,1,62.53,558.85,0,-1
308,legit_49,801.6,361.21,13.119,-0.3759,0.0,E1E2,0,51.61,520.01,0,-1
308,legit_50,118.17,201.6,12.6421,0.0049,270.0,B1A1,1,87.59,718.66,0,-1
308,legit_51,998.4,381.82,3.9785,2.0733,180.0,F2F1,1,56.02,596.8,0,-1
309,legit_25,-1.6,214.61,11.7701,0.3411,180.0,A2A1,1,178.7,795.83,0,-1
309,legit_34,998.4,49.95,12.3719,0.2736,180.0,F1F0,0,87.01,763.56,0,-1
309,legit_36,201.6,666.11,12.8014,-0.4453,0.0,B3B4,1,83.86,568.35,0,-1
309,legit_38,398.4,43.06,13.6144,0.6922,180.0,C1C0,0,92.64,696.67,0,-1
309,legit_40,1.6,847.15,13.8239,0.9158,0.0,A4A5,0,148.57,741.74,0,-1
309,legit_41,467.92,401.6,13.5222,0.4204,270.0,D2C2,0,45.29,490.36,0,-1
309,legit_42,856.89,598.4,12.6766,-0.1923,90.0,E3F3,0,106.9,498.94,0,-1
309,legit_43,998.4,846.89,13.2987,0.7888,180.0,F5F4,0,52.06,605.62,0,-1
309,legit_44,1.6,524.84,13.3879,-0.3422,0.0,A2A3,0,166.35,708.55,0,-1
309,legit_45,378.88,201.6,7.5861,1.8254,270.0,C1B1,0,108.25,598.74,0,-1
309,legit_46,1001.6,410.28,13.2748,-0.5354,0.0,F2F3,1,69.79,591.15,0,-1
309,legit_47,198.4,896.31,13.881,0.7956,180.0,B5B4,0,74.25,625.8,0,-1
309,legit_48,221.12,598.4,8.6105,2.1553,90.0,B3C3,1,71.14,554.36,0,-1
309,legit_49,801.6,374.9,13.6974,0.5784,0.0,E1E2,0,53.71,515.53,0,-1
309,legit_50,104.8,201.6,13.37,0.7278,270.0,B1A1,1,93.28,727.2,0,-1
309,legit_51,998.4,375.79,6.0258,2.0473,180.0,F2F1,1,53.96,598.53,0,-1
310,legit_25,-1.6,203.41,11.2004,-0.5697,180.0,:A1_0,1,173.03,800.9,0,-1
310,legit_34,998.4,37.27,12.6735,0.3016,180.0,F1F0,0,97.5,772.58,0,-1
310,legit_36,201.6,678.7,12.5908,-0.2106,0.0,B3B4,1,94.11,569.74,0,-1
310,legit_38,398.4,29.9,13.1516,-0.4629,180.0,C1C0,0,103.83,706.7,0,-1
310,legit_40,1.6,860.26,13.1123,-0.7116,0.0,A4A5,0,149.78,745.71,0,-1
310,legit_41,454.94,401.6,12.9804,-0.5419,270.0,D2C2,0,41.89,492.83,0,-1
310,legit_42,870.61,598.4,13.7241,1.0476,90.0,E3F3,0,120.62,504.41,0,-1
310,legit_43,998.4,834.62,12.2748,-1.0239,180.0,F5F4,0,51.88,601.66,0,-1
310,legit_44,1.6,538.11,13.2694,-0.1186,0.0,A2A3,0,160.79,707.43,0,-1
310,legit_45,368.78,201.6,10.0979,2.5119,270.0,C1B1,0,115.13,601.93,0,-1
310,legit_46,1001.6,423.76,13.4854,0.2107,0.0,F2F3,1,80.05,588.05,0,-1
310,legit_47,198.4,882.56,13.7485,-0.1325,180.0,B5B4,0,64.45,620.29,0,-1
310,legit_48,231.82,598.4,10.6975,2.0871,90.0,B3C3,1,81.84,548.89,0,-1
310,legit_49,801.6,388.05,13.1438,-0.5536,0.0,E1E2,0,58.73,511.55,0,-1
310,legit_50,92.2,201.6,12.6022,-0.7677,270.0,B1A1,1,100.0,735.46,0,-1
310,legit_51,998.4,368.46,7.3275,1.3017,180.0,F2F1,1,52.29,600.72,0,-1
311,legit_25,-1.6,192.18,11.2325,0.0322,180.0,A1A0,1,167.91,806.13,0,-1
311,legit_34,998.4,25.19,12.0882,-0.5853,180.0,F1F0,0,107.95,781.3,0,-1
311,legit_36,201.6,692.29,13.5912,1.0003,0.0,B3B4,1,105.74,571.44,0,-1
311,legit_38,398.4,17.96,11.9414,-1.2101,180.0,C1C0,0,114.34,715.93,0,-1
311,legit_40,1.6,873.4,13.1387,0.0264,0.0,A4A5,0,152.11,749.9,0,-1
311,legit_41,441.9,401.6,13.0355,0.0551,270.0,D2C2,0,42.38,495.69,0,-1
311,legit_42,884.28,598.4,13.6694,-0.0547,90.0,E3F3,0,134.29,510.04,0,-1
311,legit_43,998.4,821.53,13.0915,0.8166,180.0,F5F4,0,54.81,597.75,0,-1
311,legit_44,1.6,551.9,13.7943,0.5249,0.0,A2A3,0,156.0,706.49,0,-1
311,legit_45,356.59,201.6,12.1907,2.0928,270.0,C1B1,0,124.03,605.96,0,-1
311,legit_46,1001.6,437.44,13.6773,0.1918,0.0,F2F3,1,91.32,585.12,0,-1
311,legit_47,198.4,869.22,13.3435,-0.405,180.0,B5B4,0,56.53,615.19,0,-1
311,legit_48,244.99,598.4,13.1728,2.4753,90.0,B3C3,1,95.01,542.32,0,-1
311,legit_49,801.6,401.37,13.3193,0.1755,0.0,:E2_9,0,66.13,507.82,0,-1
311,legit_50,79.15,201.6,13.0563,0.4541,270.0,B1A1,1,108.07,744.21,0,-1
311,legit_51,998.4,359.6,8.8617,1.5342,180.0,F2F1,1,51.6,603.49,0,-1
312,legit_25,-1.6,180.1,12.0779,0.8454,180.0,A1A0,1,163.08,811.89,0,-1
312,legit_34,998.4,12.72,12.4608,0.3726,180.0,F1F0,0,119.04,790.39,0,-1
312,legit_36,201.6,705.47,13.1818,-0.4093,0.0,B3B4,1,117.42,573.28,0,-1
312,legit_38,398.4,10.52,7.4414,-4.5,180.0,C1C0,0,121.03,721.73,0,-1
312,legit_40,1.6,886.75,13.35,0.2113,0.0,A4A5,0,155.59,754.36,0,-1
312,legit_41,428.56,401.6,13.3461,0.3106,270.0,D2C2,0,46.8,499.02,0,-1
312,legit_42,897.76,598.4,13.4816,-0.1879,90.0,E3F3,0,147.77,515.8,0,-1
312,legit_43,998.4,808.79,12.7336,-0.3578,180.0,F5F4,0,60.3,594.23,0,-1
312,legit_44,1.6,565.33,13.4232,-0.3711,0.0,A2A3,0,152.4,705.8,0,-1
312,legit_45,343.72,201.6,12.8655,0.6747,270.0,C1B1,1,133.99,610.4,0,-1
312,legit_46,1001.6,450.24,12.8048,-0.8725,0.0,F2F3,1,102.4,582.57,0,-1
312,legit_47,198.4,855.46,13.7548,0.4113,180.0,B5B4,0,50.81,610.21,0,-1
312,legit_48,258.69,598.4,13.6977,0.5249,90.0,B3C3,1,108.7,535.67,0,-1
312,legit_49,801.6,414.84,13.4763,0.157,0.0,E2E3,0,75.3,504.31,0,-1
312,legit_50,66.43,201.6,12.7202,-0.3361,270.0,B1A1,2,116.8,752.9,0,-1
312,legit_51,998.4,348.95,10.6482,1.7865,180.0,F2F1,1,52.77,607.02,0,-1
312,legit_52,198.4,187.7,0.0,0.0,180.0,B1B0,2,83.22,680.04,0,-1
313,legit_25,-1.6,169.09,11.0117,-1.0663,180.0,A1A0,1,159.35,817.28,0,-1
313,legit_34,998.4,4.76,7.9608,-4.5,180.0,F1F0,0,126.26,796.25,0,-1
313,legit_36,201.6,718.68,13.2041,0.0223,0.0,B3B4,2,129.41,575.31,0,-1
313,legit_38,398.04,4.73,5.8216,-1.6198,184.18,:C0_0,0,126.44,726.36,0,-1
313,legit_40,1.6,900.56,13.8115,0.4615,0.0,A4A5,0,160.28,759.19,0,-1
313,legit_41,418.0,401.6,10.5523,-2.7937,270.0,D2C2,0,52.48,501.91,0,-1
313,legit_42,911.46,598.4,13.6984,0.2169,90.0,E3F3,0,138.55,521.84,0,-1
313,legit_43,998.4,796.4,12.3898,-0.3438,180.0,:F4_1,0,67.55,591.05,0,-1
313,legit_44,1.6,578.73,13.4009,-0.0223,0.0,A2A3,0,149.92,705.33,0,-1
313,legit_45,331.06,201.6,12.6653,-0.2001,270.0,C1B1,1,144.24,614.95,0,-1
313,legit_46,1001.6,463.69,13.4427,0.638,0.0,F2F3,1,114.43,580.07,0,-1
313,legit_47,198.4,842.14,13.3197,-0.4351,180.0,B5B4,1,48.45,605.72,0,-1
313,legit_48,272.5,598.4,13.8055,0.1078,90.0,B3C3,1,122.51,529.16,0,-1
313,legit_49,801.6,428.22,13.3803,-0.096,0.0,E2E3,0,85.54,501.07,0,-1
313,legit_50,53.21,201.6,13.2191,0.4989,270.0,B1A1,2,126.6,762.1,0,-1
313,legit_51,998.4,337.22,11.7305,1.0823,180.0,F2F1,1,56.4,611.15,0,-1
313,legit_52,198.4,186.25,1.45,1.45,180.0,B1B0,2,82.05,680.8,0,-1
314,legit_25,-1.6,158.08,11.0073,-0.0044,180.0,A1A0,1,156.31,822.79,0,-1
314,legit_34,997.44,1.69,3.4935,-4.4673,191.8,:F0_0,0,129.46,798.09,0,-1
314,legit_36,201.6,731.92,13.24,0.0358,0.0,B3B4,1,119.77,577.52,0,-1
314,legit_38,393.76,1.74,5.5561,-0.2655,237.77,:C0_0,0,130.95,729.79,0,-1
314,legit_40,1.6,914.16,13.6014,-0.2102,0.0,A4A5,0,165.9,764.16,0,-1
314,legit_41,410.99,401.6,7.0165,-3.5359,270.0,D2C2,0,57.03,503.93,0,-1
314,legit_42,924.95,598.4,13.4916,-0.2068,90.0,E3F3,1,125.06,527.97,0,-1
314,legit_43,998.4,783.79,12.6094,0.2196,180.0,F4F3,0,76.3,588.02,0,-1
314,legit_44,1.6,592.35,13.625,0.2241,0.0,A2A3,0,148.6,705.08,0,-1
314,legit_45,317.56,201.6,13.4954,0.83,270.0,C1B1,1,155.56,619.99,0,-1
314,legit_46,1001.6,476.35,12.6627,-0.78,0.0,F2F3,1,126.01,577.9,0,-1
314,legit_47,198.4,828.29,13.8559,0.5362,180.0,B5B4,1,49.8,601.41,0,-1
314,legit_48,285.87,598.4,13.3756,-0.4299,90.0,B3C3,0,135.88,523.04,0,-1
314,legit_49,801.6,442.09,13.8659,0.4857,0.0,E2E3,0,96.96,497.95,0,-1
314,legit_50,40.44,201.6,12.7692,-0.4498,270.0,B1A1,1,136.61,771.13,0,-1
314,legit_51,998.4,324.89,12.3293,0.5988,180.0,F2F1,0,62.41,615.73,0,-1
314,legit_52,198.4,182.42,3.8261,2.3761,180.0,B1B0,1,78.99,682.82,0,-1
315,legit_25,-1.6,146.01,12.0685,1.0612,180.0,A1A0,1,153.82,828.97,0,-1
315,legit_34,994.34,1.6,3.112,-0.3815,248.98,F0E0,0,130.83,796.74,0,-1
315,legit_36,201.6,745.02,13.1033,-0.1366,0.0,B3B4,1,108.09,579.9,0,-1
315,legit_38,388.51,1.6,5.2597,-0.2964,268.84,C0B0,0,133.41,731.24,0,-1
315,legit_40,1.6,927.02,12.8647,-0.7367,0.0,A4A5,0,172.03,769.05,0,-1
315,legit_41,405.79,401.8,5.211,-1.8055,272.31,:C2_4,0,60.84,505.43,0,-1
315,legit_42,937.77,598.4,12.8188,-0.6728,90.0,E3F3,1,112.24,533.98,0,-1
315,legit_43,998.4,771.45,12.3469,-0.2625,180.0,F4F3,0,85.8,585.25,0,-1
315,legit_44,1.6,605.87,13.5133,-0.1117,0.0,:A3_7,0,148.52,705.07,0,-1
315,legit_45,305.3,201.6,12.2641,-1.2313,270.0,C1B1,1,166.12,624.73,0,-1
315,legit_46,1001.6,489.83,13.4834,0.8207,0.0,F2F3,1,120.33,575.76,0,-1
315,legit_47,198.4,815.52,12.766,-1.0899,180.0,B5B4,1,54.24,597.75,0,-1
315,legit_48,298.55,598.4,12.68,-0.6956,90.0,B3C3,0,148.56,517.4,0,-1
315,legit_49,801.6,455.88,13.7872,-0.0788,0.0,E2E3,0,108.88,495.07,0,-1
315,legit_50,27.0,201.6,13.4411,0.6719,270.0,B1A1,1,147.61,780.78,0,-1
315,legit_51,998.4,312.73,12.166,-0.1633,180.0,F2F1,0,69.98,620.47,0,-1
315,legit_52,198.4,176.39,6.0375,2.2114,180.0,B1B0,1,74.31,686.03,0,-1
316,legit_25,-1.6,134.63,11.3854,-0.6831,180.0,A1A0,1,152.3,834.95,0,-1
316,legit_34,989.25,1.6,5.093,1.981,270.0,F0E0,0,133.08,794.44,0,-1
316,legit_36,201.6,757.73,12.7071,-0.3962,0.0,B3B4,1,97.11,582.37,0,-1
316,legit_38,380.94,1.6,7.578,2.3184,270.0,C0B0,0,137.07,733.24,0,-1
316,legit_40,1.6,939.77,12.7466,-0.1181,0.0,A4A5,0,178.82,774.07,0,-1
316,legit_41,401.88,405.22,5.6084,0.3974,315.25,:C2_4,0,66.03,505.71,0,-1
316,legit_42,951.58,598.4,13.8055,0.9867,90.0,E3F3,1,98.44,540.63,0,-1
316,legit_43,998.4,758.42,13.0268,0.6798,180.0,F4F3,0,96.53,582.51,0,-1
316,legit_44,1.6,619.4,13.5373,0.024,0.0,A3A4,0,149.66,705.28,0,-1
316,legit_45,293.03,201.6,12.2673,0.0032,270.0,C1B1,1,164.67,629.64,0,-1
316,legit_46,1001.6,502.65,12.8163,-0.6671,0.0,F2F3,1,108.72,573.91,0,-1
316,legit_47,198.4,802.56,12.9599,0.1939,180.0,:B4_1,1,61.19,594.31,0,-1
316,legit_48,312.02,598.4,13.4655,0.7855,90.0,B3C3,0,137.99,511.61,0,-1
316,legit_49,801.6,469.32,13.4419,-0.3453,0.0,E2E3,0,120.88,492.48,0,-1
316,legit_50,17.16,201.6,9.8391,-3.602,270.0,B1A1,1,155.9,787.93,0,-1
316,legit_51,998.4,301.27,11.4529,-0.7131,180.0,F2F1,0,78.17,625.11,0,-1
316,legit_52,198.4,168.57,7.8128,1.7753,180.0,B1B0,1,68.57,690.24,0,-1
317,legit_25,-1.6,122.9,11.7302,0.3448,180.0,A1A0,1,151.63,841.24,0,-1
317,legit_34,981.99,1.6,7.2548,2.1618,270.0,F0E0,0,136.54,791.22,0,-1
317,legit_36,201.6,770.54,12.8094,0.1023,0.0,B3B4,1,86.53,585.05,0,-1
317,legit_38,370.88,1.6,10.0526,2.4745,270.0,C0B0,0,142.4,736.0,0,-1
317,legit_40,1.6,953.05,13.2817,0.5352,0.0,A4A5,0,186.56,779.48,0,-1
317,legit_41,401.6,410.6,5.3988,-0.2096,357.4,C2C3,0,70.02,504.4,0,-1
317,legit_42,965.01,598.4,13.4349,-0.3706,90.0,E3F3,1,85.0,547.3,0,-1
317,legit_43,998.4,746.22,12.201,-0.8258,180.0,F4F3,0,107.04,580.12,0,-1
317,legit_44,1.6,632.18,12.7777,-0.7596,0.0,A3A4,0,151.85,705.7,0,-1
317,legit_45,280.37,201.6,12.6579,0.3906,270.0,C1B1,1,153.8,634.86,0,-1
317,legit_46,1001.6,515.28,12.6325,-0.1838,0.0,F2F3,1,97.57,572.25,0,-1
317,legit_47,198.4,788.81,13.7528,0.793,180.0,B4B3,1,70.45,590.93,0,-1
317,legit_48,325.5,598.4,13.4777,0.0122,90.0,B3C3,0,124.52,505.99,0,-1
317,legit_49,801.6,482.23,12.911,-0.5309,0.0,E2E3,0,128.58,490.18,0,-1
317,legit_50,10.18,201.6,6.975,-2.8641,270.0,B1A1,1,161.89,793.03,0,-1
317,legit_51,998.4,289.76,11.5109,0.058,180.0,F2F1,0,87.15,629.92,0,-1
317,legit_52,198.4,158.28,10.2946,2.4819,180.0,B1B0,1,61.71,695.91,0,-1
318,legit_25,-1.6,111.33,11.572,-0.1582,180.0,A1A0,1,151.85,847.59,0,-1
318,legit_34,972.38,1.6,9.6119,2.3571,270.0,F0E0,0,141.58,787.03,0,-1
318,legit_36,201.6,784.18,13.6397,0.8303,0.0,B3B4,1,76.02,588.11,0,-1
318,legit_38,359.11,1.6,11.7753,1.7227,270.0,C0B0,0,149.26,739.38,0,-1
318,legit_40,1.6,966.65,13.5994,0.3176,0.0,A4A5,0,186.74,785.22,0,-1
318,legit_41,401.6,418.49,7.89,2.4912,0.0,C2C3,0,75.92,502.43,0,-1
318,legit_42,978.6,598.4,13.5928,0.1579,90.0,E3F3,2,71.41,554.22,0,-1
318,legit_43,998.4,733.43,12.7874,0.5864,180.0,F4F3,1,118.4,577.79,0,-1
318,legit_44,1.6,645.26,13.084,0.3063,0.0,A3A4,0,155.15,706.33,0,-1
318,legit_45,267.85,201.6,12.5222,-0.1357,270.0,C1B1,1,143.34,640.18,0,-1
318,legit_46,1001.6,528.38,13.1006,0.4681,0.0,F2F3,1,86.44,570.72,0,-1
318,legit_47,198.4,775.19,13.6185,-0.1344,180.0,B4B3,1,80.89,587.82,0,-1
318,legit_48,338.87,598.4,13.3708,-0.1069,90.0,B3C3,0,111.15,500.61,0,-1
318,legit_49,801.6,495.6,13.3764,0.4654,0.0,E2E3,0,116.45,488.01,0,-1
318,legit_50,7.12,201.54,3.0821,-3.8929,269.36,:A1_5,1,164.51,795.32,0,-1
318,legit_51,998.4,278.12,11.647,0.1361,180.0,F2F1,0,96.79,634.94,0,-1
318,legit_52,198.4,147.45,10.8267,0.532,180.0,B1B0,1,55.64,702.01,0,-1
318,legit_53,798.4,187.7,0.0,0.0,180.0,E1E0,0,83.22,599.73,0,-1
319,legit_25,-1.6,99.7,11.6323,0.0603,180.0,A1A0,1,152.95,854.11,0,-1
319,legit_34,960.56,1.6,11.8174,2.2055,270.0,F0E0,0,148.38,782.02,0,-1
319,legit_38,345.88,1.6,13.2329,1.4577,270.0,C0B0,0,157.67,743.36,0,-1
319,legit_40,1.6,979.29,12.6369,-0.9624,0.0,A4A5,0,179.35,790.73,0,-1
319,legit_41,401.6,428.56,10.0685,2.1785,0.0,C2C3,0,83.92,500.02,0,-1
319,legit_42,987.7,598.4,9.0928,-4.5,90.0,E3F3,2,62.32,558.96,0,-1
319,legit_43,998.4,721.08,12.351,-0.4364,180.0,F4F3,1,129.63,575.69,0,-1
319,legit_44,1.6,658.32,13.0535,-0.0304,0.0,A3A4,0,159.45,707.17,0,-1
319,legit_45,255.31,201.6,12.5383,0.0161,270.0,C1B1,1,133.23,645.68,0,-1
319,legit_46,1001.6,541.61,13.2267,0.1261,0.0,F2F3,1,75.84,569.36,0,-1
319,legit_47,198.4,762.08,13.1087,-0.5098,180.0,B4B3,0,91.73,585.02,0,-1
319,legit_48,352.62,598.4,13.7536,0.3828,90.0,B3C3,0,97.39,495.28,0,-1
319,legit_49,801.6,508.39,12.7825,-0.594,0.0,E2E3,0,105.14,486.12,0,-1
319,legit_50,6.08,199.15,3.2216,0.1395,228.81,:A1_5,1,164.25,797.19,0,-1
319,legit_51,998.4,266.81,11.3052,-0.3417,180.0,F2F1,0,106.52,639.94,0,-1
319,legit_52,198.4,136.56,10.8878,0.0611,180.0,B1B0,1,51.16,708.32,0,-1
319,legit_53,798.4,186.09,1.6056,1.6056,180.0,E1E0,0,81.92,600.63,0,-1
320,legit_25,-1.6,88.44,11.2512,-0.3811,180.0,A1A0,1,154.85,860.54,0,-1
320,legit_34,948.39,1.6,12.1712,0.3539,270.0,F0E0,0,156.02,777.01,0,-1
320,legit_38,332.43,1.6,13.45,0.2171,270.0,C0B0,0,166.86,747.6,0,-1
320,legit_40,1.6,990.28,10.9896,-1.6474,0.0,A4A5,0,173.41,795.65,0,-1
320,legit_41,401.6,440.74,12.1845,2.1159,0.0,C2C3,0,94.14,497.27,0,-1
320,legit_42,992.29,598.4,4.5928,-4.5,90.0,E3F3,2,57.73,561.38,0,-1
320,legit_43,998.4,707.78,13.3019,0.9509,180.0,F4F3,1,119.49,573.62,0,-1
320,legit_44,1.6,671.59,13.2733,0.2197,0.0,A3A4,0,164.77,708.23,0,-1
320,legit_45,241.79,201.6,13.5244,0.9861,270.0,C1B1,1,122.82,651.8,0,-1
320,legit_46,1001.6,555.13,13.5218,0.2951,0.0,F2F3,1,66.0,568.2,0,-1
320,legit_47,198.4,749.46,12.6156,-0.4931,180.0,B4B3,0,102.66,582.51,0,-1
320,legit_48,365.83,598.4,13.2058,-0.5478,90.0,B3C3,0,84.19,490.35,0,-1
320,legit_49,801.6,521.57,13.1848,0.4024,0.0,E2E3,0,93.88,484.37,0,-1
320,legit_50,9.55,198.4,3.6987,0.4771,116.29,A1B1,1,160.85,794.99,0,-1
320,legit_51,998.4,254.73,12.0818,0.7765,180.0,F2F1,0,117.24,645.43,0,-1
320,legit_52,198.4,125.01,11.5564,0.6686,180.0,B1B0,1,48.66,715.23,0,-1
320,legit_53,798.4,182.33,3.7611,2.1555,180.0,E1E0,0,78.92,602.75,0,-1
321,legit_25,-1.6,76.47,11.972,0.7209,180.0,A1A0,1,157.73,867.51,0,-1
321,legit_34,935.71,1.6,12.6773,0.5061,270.0,F0E0,0,164.56,771.95,0,-1
321,legit_38,319.28,1.6,13.1411,-0.309,270.0,C0B0,0,176.37,751.92,0,-1
321,legit_40,1.6,996.77,6.4896,-4.5,0.0,A4A5,0,170.15,798.61,0,-1
321,legit_41,401.6,454.58,13.84,1.6555,0.0,C2C3,1,106.25,494.37,0,-1
321,legit_42,997.24,596.6,5.4922,0.8994,111.98,:F3_6,2,52.87,564.03,0,-1
321,legit_43,998.4,694.9,12.8788,-0.4231,180.0,F4F3,2,108.02,571.79,0,-1
321,legit_44,1.6,684.41,12.8189,-0.4544,0.0,A3A4,0,170.73,709.46,0,-1
321,legit_45,228.83,201.6,12.9631,-0.5613,270.0,C1B1,1,113.45,657.86,0,-1
321,legit_46,1001.6,568.31,13.1843,-0.3375,0.0,F2F3,2,57.85,567.31,0,-1
321,legit_47,198.4,735.62,13.8478,1.2322,180.0,B4B3,0,115.06,579.95,0,-1
321,legit_48,378.6,598.4,12.7748,-0.4309,90.0,B3C3,1,71.42,485.76,0,-1
321,legit_49,801.6,534.56,12.9835,-0.2013,0.0,E2E3,0,83.34,482.86,0,-1
321,legit_50,15.42,198.4,5.8674,2.1687,90.0,A1B1,1,155.75,790.69,0,-1
321,legit_51,998.4,243.21,11.518,-0.5637,180.0,F2F1,0,127.68,650.8,0,-1
321,legit_52,198.4,114.18,10.8263,-0.7301,180.0,B1B0,1,48.75,721.91,0,-1
321,legit_53,798.4,176.06,6.2775,2.5165,180.0,E1E0,0,74.06,606.34,0,-1
322,legit_25,-1.6,64.98,11.4955,-0.4766,180.0,A1A0,1,161.28,874.34,0,-1
322,legit_34,923.19,1.6,12.5237,-0.1536,270.0,F0E0,0,173.49,767.12,0,-1
322,legit_38,306.26,1.6,13.0272,-0.1139,270.0,C0B0,1,186.23,756.39,0,-1
322,legit_40,3.4,998.4,2.8086,-3.6809,25.18,A5B5,0,167.78,798.04,0,-1
322,legit_41,401.6,467.81,13.2307,-0.6093,0.0,C2C3,1,118.18,491.79,0,-1
322,legit_42,998.4,590.64,6.2126,0.7205,173.78,F3F2,2,52.44,564.72,0,-1
322,legit_43,998.4,682.1,12.797,-0.0818,180.0,F4F3,2,96.97,570.15,0,-1
322,legit_44,1.6,697.95,13.5437,0.7248,0.0,A3A4,0,177.81,710.97,0,-1
322,legit_45,215.28,201.6,13.5455,0.5823,270.0,C1B1,1,104.5,664.4,0,-1
322,legit_46,1001.6,581.25,12.936,-0.2483,0.0,F2F3,2,51.9,566.7,0,-1
322,legit_47,198.4,722.07,13.5492,-0.2986,180.0,B4B3,0,127.48,577.64,0,-1
322,legit_48,386.93,598.4,8.3311,-4.4438,90.0,B3C3,1,63.09,482.87,0,-1
322,legit_49,801.6,547.26,12.6997,-0.2839,0.0,E2E3,0,73.79,481.59,0,-1
322,legit_50,23.11,198.4,7.6878,1.8204,90.0,A1B1,1,149.16,785.1,0,-1
322,legit_51,998.4,231.61,11.6029,0.0848,180.0,F2F1,0,122.96,656.33,0,-1
322,legit_52,198.4,103.46,10.72,-0.1063,180.0,B1B0,2,51.15,728.73,0,-1
322,legit_53,798.4,167.39,8.6678,2.3903,180.0,E1E0,0,67.74,611.36,0,-1
323,legit_25,-1.6,53.93,11.0502,-0.4452,180.0,A1A0,1,165.37,881.01,0,-1
323,legit_34,910.77,1.6,12.4231,-0.1006,270.0,F0E0,0,182.77,762.49,0,-1
323,legit_38,292.8,1.6,13.4583,0.4312,270.0,C0B0,1,185.5,761.18,0,-1
323,legit_40,8.52,998.4,5.1189,2.3103,90.0,A5B5,0,163.33,794.26,0,-1
323,legit_41,401.6,481.6,13.7873,0.5565,0.0,C2C3,1,127.91,489.32,0,-1
323,legit_42,998.4,582.6,8.032,1.8193,180.0,F3F2,2,54.45,564.93,0,-1
323,legit_43,998.4,668.96,13.1447,0.3477,180.0,F4F3,2,86.13,568.65,0,-1
323,legit_44,1.6,711.66,13.7055,0.1618,0.0,A3A4,0,185.72,712.71,0,-1
323,legit_46,1001.6,594.09,12.8399,-0.0961,0.0,:F3_3,2,48.76,566.4,0,-1
323,legit_47,198.4,708.26,13.8066,0.2574,180.0,B4B3,0,118.59,575.48,0,-1
323,legit_48,391.66,598.4,4.7245,-3.6065,90.0,B3C3,1,58.37,481.26,0,-1
323,legit_49,801.6,560.46,13.2082,0.5085,0.0,E2E3,0,65.01,480.51,0,-1
323,legit_50,32.34,198.4,9.2341,1.5463,90.0,A1B1,1,141.39,778.44,0,-1
323,legit_51,998.4,220.52,11.0919,-0.5109,180.0,F2F1,0,112.99,661.74,0,-1
323,legit_52,198.4,92.04,11.4237,0.7037,180.0,B1B0,1,55.9,736.19,0,-1
323,legit_53,798.4,156.37,11.0137,2.3459,180.0,E1E0,0,60.54,617.89,0,-1
324,legit_25,-1.6,42.27,11.6569,0.6067,180.0,A1A0,0,170.37,888.16,0,-1
324,legit_34,898.5,1.6,12.2672,-0.1559,270.0,F0E0,0,189.92,758.06,0,-1
324,legit_38,280.11,1.6,12.6862,-0.7721,270.0,C0B0,1,175.92,765.87,0,-1
324,legit_40,15.13,998.4,6.6136,1.4947,90.0,A5B5,0,157.63,789.41,0,-1
324,legit_41,401.6,495.27,13.6708,-0.1164,0.0,C2C3,1,115.37,487.09,0,-1
324,legit_42,998.4,573.08,9.5285,1.4965,180.0,F3F2,2,58.2,565.32,0,-1
324,legit_43,998.4,655.89,13.0695,-0.0752,180.0,F4F3,2,76.07,567.36,0,-1
324,legit_44,1.6,725.02,13.3576,-0.3479,0.0,A3A4,0,187.73,714.62,0,-1
324,legit_46,1001.6,606.73,12.6402,-0.1997,0.0,:F3_3,2,48.87,566.41,0,-1
324,legit_47,198.4,694.97,13.2922,-0.5144,180.0,B4B3,0,106.59,573.58,0,-1
324,legit_48,397.37,596.38,6.3829,1.6584,114.62,:C3_12,1,52.75,479.36,0,-1
324,legit_49,801.6,573.3,12.8339,-0.3743,0.0,E2E3,0,58.1,479.71,0,-1
324,legit_50,43.18,198.4,10.8376,1.6035,90.0,A1B1,0,132.51,770.7,0,-1
324,legit_51,998.4,210.45,10.065,-1.027,180.0,F2F1,0,104.13,666.74,0,-1
324,legit_52,198.4,81.11,10.9274,-0.4963,180.0,B1B0,1,62.09,743.5,0,-1
324,legit_53,798.4,143.72,12.6569,1.6432,180.0,E1E0,0,53.9,625.59,0,-1
324,legit_54,601.6,612.3,0.0,0.0,0.0,D3D4,0,148.91,450.89,0,-1
325,legit_25,-1.6,30.81,11.4591,-0.1978,180.0,A1A0,0,175.89,895.3,0,-1
325,legit_34,886.39,1.6,12.1043,-0.1629,270.0,F0E0,0,180.62,753.85,0,-1
325,legit_38,266.34,1.6,13.7766,1.0904,270.0,C0B0,1,165.99,771.15,0,-1
325,legit_40,24.29,998.4,9.157,2.5434,90.0,A5B5,0,149.87,782.74,0,-1
325,legit_41,401.6,507.91,12.6405,-1.0303,0.0,C2C3,1,104.03,485.21,0,-1
325,legit_42,998.4,561.12,11.9525,2.424,180.0,F3F2,2,64.61,566.02,0,-1
325,legit_43,998.4,643.27,12.6141,-0.4554,180.0,F4F3,2,67.34,566.33,0,-1
325,legit_44,1.6,737.82,12.7988,-0.5588,0.0,A3A4,0,180.18,716.64,0,-1
325,legit_46,1001.6,620.59,13.8578,1.2176,0.0,F3F4,2,52.6,566.77,0,-1
325,legit_47,198.4,681.45,13.5209,0.2287,180.0,B4B3,0,94.74,571.85,0,-1
325,legit_48,398.4,591.22,5.3739,-1.009,170.21,C3C2,1,52.34,479.09,0,-1
325,legit_49,801.6,587.11,13.8157,0.9818,0.0,E2E3,0,53.18,479.18,0,-1
325,legit_50,56.01,198.4,12.8343,1.9967,90.0,A1B1,0,122.39,761.66,0,-1
325,legit_51,998.07,204.91,5.565,-4.5,183.76,:F1_0,0,99.53,669.38,0,-1
325,legit_52,198.4,70.67,10.4381,-0.4892,180.0,B1B0,1,69.11,750.61,0,-1
325,legit_53,798.4,131.1,12.6158,-0.0411,180.0,E1E0,0,49.66,633.52,0,-1
325,legit_54,601.6,613.69,1.3904,1.3904,0.0,D3D4,0,149.03,450.92,0,-1
326,legit_25,-1.6,19.49,11.32,-0.1391,180.0,A1A0,0,181.89,902.46,0,-1
326,legit_34,874.02,1.6,12.3711,0.2668,270.0,F0E0,1,171.47,749.7,0,-1
326,legit_38,253.47,1.6,12.8699,-0.9067,270.0,C0B0,1,157.24,776.26,0,-1
326,legit_40,34.87,998.4,10.5837,1.4267,90.0,A5B5,0,141.11,775.11,0,-1
326,legit_41,401.6,521.12,13.2054,0.5649,0.0,C2C3,1,92.55,483.45,0,-1
326,legit_42,998.4,547.48,13.6445,1.692,180.0,F3F2,2,73.63,567.07,0,-1
326,legit_43,998.4,630.89,12.3849,-0.2292,180.0,F4F3,2,60.14,565.53,0,-1
326,legit_44,1.6,751.55,13.734,0.9352,0.0,A3A4,0,172.76,719.02,0,-1
326,legit_46,1001.6,633.36,12.7736,-1.0842,0.0,F3F4,2,58.78,567.41,0,-1
326,legit_47,198.4,667.66,13.7896,0.2687,180.0,B4B3,0,83.19,570.29,0,-1
326,legit_48,398.4,584.01,7.2113,1.8374,180.0,C3C2,1,54.02,479.27,0,-1
326,legit_49,801.6,600.18,13.0639,-0.7518,0.0,:E3_9,0,51.6,479.01,0,-1
326,legit_50,69.53,198.4,13.5173,0.683,90.0,A1B1,0,112.35,752.3,0,-1
326,legit_51,994.73,201.88,4.768,-0.7969,225.97,:F1_0,0,98.78,669.23,0,-1
326,legit_52,198.4,59.64,11.032,0.5939,180.0,B1B0,1,77.37,758.25,0,-1
326,legit_53,798.4,118.87,12.2348,-0.381,180.0,E1E0,1,48.41,641.47,0,-1
326,legit_54,601.6,617.21,3.5176,2.1272,0.0,D3D4,0,149.39,451.01,0,-1
327,legit_25,-1.6,10.22,9.2735,-2.0465,180.0,A1A0,0,187.18,908.4,0,-1
327,legit_34,861.57,1.6,12.4545,0.0834,270.0,F0E0,1,162.68,745.68,0,-1
327,legit_38,240.86,1.6,12.6055,-0.2644,270.0,C0B0,1,149.25,781.42,0,-1
327,legit_40,46.83,998.4,11.9579,1.3743,90.0,A5B5,0,131.54,766.59,0,-1
327,legit_41,401.6,534.57,13.4477,0.2423,0.0,C2C3,1,81.39,481.87,0,-1
327,legit_42,998.4,534.71,12.7641,-0.8803,180.0,F3F2,2,83.21,568.27,0,-1
327,legit_43,998.4,618.41,12.4784,0.0935,180.0,F4F3,2,54.79,564.96,0,-1
327,legit_44,1.6,764.32,12.7671,-0.9669,0.0,A3A4,0,166.58,721.42,0,-1
327,legit_46,1001.6,646.73,13.3645,0.5909,0.0,F3F4,2,67.28,568.35,0,-1
327,legit_47,198.4,654.9,12.7564,-1.0332,180.0,B4B3,0,73.19,569.04,0,-1
327,legit_48,398.4,574.87,9.1386,1.9273,180.0,C3C2,1,57.4,479.64,0,-1
327,legit_49,801.6,613.85,13.6684,0.6045,0.0,E3E4,0,53.43,479.2,0,-1
327,legit_50,82.9,198.4,13.3692,-0.1481,90.0,A1B1,0,103.2,743.22,0,-1
327,legit_51,989.96,201.6,4.7917,0.0237,266.49,F1E1,0,101.31,666.98,0,-1
327,legit_52,198.4,49.22,10.4244,-0.6076,180.0,B1B0,1,85.75,765.57,0,-1
327,legit_53,798.4,106.41,12.4613,0.2265,180.0,E1E0,1,50.27,649.86,0,-1
327,legit_54,601.6,622.63,5.422,1.9044,0.0,D3D4,0,150.12,451.18,0,-1
328,legit_25,-1.6,4.48,5.7366,-3.5369,180.0,A1A0,0,190.6,912.1,0,-1
328,legit_34,848.35,1.6,13.2211,0.7666,270.0,F0E0,1,153.92,741.6,0,-1
328,legit_38,227.61,1.6,13.2515,0.6459,270.0,C0B0,1,141.57,787.03,0,-1
328,legit_40,59.71,998.4,12.8792,0.9213,90.0,A5B5,0,121.7,757.56,0,-1
328,legit_41,401.6,547.58,13.0154,-0.4323,0.0,C2C3,1,71.35,480.56,0,-1
328,legit_42,998.4,521.71,13.0064,0.2422,180.0,F3F2,2,93.77,569.69,0,-1
328,legit_43,998.4,608.69,9.7226,-2.7558,180.0,F4F3,2,52.33,564.71,0,-1
328,legit_44,1.6,777.94,13.6211,0.854,0.0,A3A4,0,160.85,724.2,0,-1
328,legit_46,1001.6,659.32,12.5959,-0.7687,0.0,F3F4,2,76.56,569.45,0,-1
328,legit_47,198.4,642.27,12.6276,-0.1287,180.0,B4B3,0,64.26,568.01,0,-1
328,legit_48,398.4,564.14,10.7287,1.59,180.0,C3C2,1,62.84,480.25,0,-1
328,legit_49,801.6,627.64,13.7915,0.1232,0.0,E3E4,0,58.54,479.76,0,-1
328,legit_50,96.57,198.4,13.6747,0.3055,90.0,A1B1,0,94.87,734.12,0,-1
328,legit_51,982.97,201.6,6.991,2.1992,270.0,F1E1,0,105.6,663.54,0,-1
328,legit_52,198.4,38.87,10.3414,-0.083,180.0,B1B0,1,94.47,772.93,0,-1
328,legit_53,798.4,94.63,11.7783,-0.683,180.0,E1E0,1,54.65,658.02,0,-1
328,legit_54,601.6,629.88,7.2531,1.8311,0.0,D3D4,0,151.38,451.47,0,-1
329,legit_25,-0.67,0.05,4.6273,-1.1093,169.03,:A0_0,0,192.59,914.37,0,-1
329,legit_34,836.06,1.6,12.2887,-0.9325,270.0,F0E0,1,146.37,737.97,0,-1
329,legit_38,214.62,1.6,12.9846,-0.2668,270.0,C0B0,1,134.89,792.71,0,-1
329,legit_40,73.01,998.4,13.301,0.4217,90.0,A5B5,0,112.19,748.38,0,-1
329,legit_41,401.6,561.24,13.6622,0.6467,0.0,C2C3,1,62.0,479.43,0,-1
329,legit_42,998.4,508.69,13.0184,0.0121,180.0,F3F2,1,104.88,571.31,0,-1
329,legit_43,997.22,603.37,5.5658,-4.1568,193.9,:F3_0,2,52.88,564.02,0,-1
329,legit_44,1.6,791.41,13.4766,-0.1446,0.0,A3A4,0,156.15,727.16,0,-1
329,legit_46,1001.6,672.21,12.8865,0.2906,0.0,F3F4,1,86.93,570.78,0,-1
329,legit_47,198.4,629.21,13.0657,0.4381,180.0,B4B3,0,56.53,567.18,0,-1
329,legit_48,398.4,551.61,12.5255,1.7968,180.0,C3C2,1,70.74,481.2,0,-1
329,legit_49,801.6,640.74,13.107,-0.6845,0.0,E3E4,0,65.75,480.6,0,-1
329,legit_50,110.08,198.4,13.5078,-0.1669,90.0,A1B1,0,87.98,725.36,0,-1
329,legit_51,974.12,201.6,8.8437,1.8528,270.0,F1E1,0,111.43,659.26,0,-1
329,legit_52,198.4,27.95,10.922,0.5806,180.0,B1B0,1,104.0,780.78,0,-1
329,legit_53,798.4,82.65,11.9754,0.1971,180.0,E1E0,1,61.13,666.54,0,-1
329,legit_54,601.6,639.08,9.1976,1.9445,0.0,D3D4,0,153.46,451.97,0,-1
330,legit_25,3.29,-1.6,4.4822,-0.1451,116.35,A0B0,0,190.55,912.85,0,-1
330,legit_34,823.15,1.6,12.9133,0.6246,270.0,F0E0,1,139.17,734.35,0,-1
330,legit_40,85.92,998.4,12.9149,-0.386,90.0,A5B5,0,103.75,739.64,0,-1
330,legit_41,401.6,574.04,12.7921,-0.8701,0.0,C2C3,1,54.92,478.64,0,-1
330,legit_42,998.4,495.38,13.3063,0.2879,180.0,F3F2,1,116.65,573.15,0,-1
330,legit_43,991.47,601.6,6.2845,0.7187,258.66,F3E3,2,58.55,560.95,0,-1
330,legit_44,1.6,804.75,13.3374,-0.1392,0.0,:A4_7,0,152.53,730.31,0,-1
330,legit_46,1001.6,685.31,13.0973,0.2108,0.0,F3F4,1,98.08,572.32,0,-1
330,legit_47,198.4,616.61,12.5997,-0.466,180.0,B4B3,0,51.17,566.63,0,-1
330,legit_48,398.4,538.08,13.5382,1.0127,180.0,C3C2,1,80.61,482.49,0,-1
330,legit_49,801.6,653.39,12.6411,-0.4659,0.0,E3E4,0,74.25,481.65,0,-1
330,legit_50,123.35,198.4,13.2709,-0.2369,90.0,A1B1,0,82.81,716.97,0,-1
330,legit_51,962.71,201.6,11.4144,2.5706,270.0,F1E1,0,119.49,653.88,0,-1
330,legit_52,198.4,17.06,10.8916,-0.0305,180.0,B1B0,0,113.75,788.7,0,-1
330,legit_53,798.4,70.37,12.2786,0.3032,180.0,E1E0,1,69.32,675.45,0,-1
330,legit_54,601.6,649.88,10.7988,1.6012,0.0,D3D4,0,156.56,452.71,0,-1
331,legit_25,10.14,-1.6,6.8482,2.3661,90.0,A0B0,0,185.33,908.4,0,-1
331,legit_34,810.26,1.6,12.8876,-0.0256,270.0,F0E0,1,132.85,730.92,0,-1
331,legit_40,99.21,998.4,13.2852,0.3703,90.0,A5B5,0,96.12,730.84,0,-1
331,legit_41,401.6,586.82,12.781,-0.011,0.0,C2C3,1,50.16,478.14,0,-1
331,legit_42,998.4,481.97,13.4155,0.1091,180.0,F3F2,1,128.82,575.2,0,-1
331,legit_43,983.8,601.6,7.6634,1.3789,270.0,F3E3,2,66.22,556.92,0,-1
331,legit_44,1.6,818.56,13.8035,0.4661,0.0,A4A5,0,149.94,733.79,0,-1
331,legit_46,1001.6,698.91,13.6077,0.5104,0.0,F3F4,1,110.12,574.13,0,-1
331,legit_48,398.4,524.91,13.1632,-0.375,180.0,C3C2,1,91.11,483.96,0,-1
331,legit_49,801.6,666.67,13.2846,0.6435,0.0,E3E4,0,84.31,482.99,0,-1
331,legit_50,136.59,198.4,13.2405,-0.0304,90.0,A1B1,0,79.54,708.86,0,-1
331,legit_51,950.69,201.6,12.0224,0.6081,270.0,F1E1,0,128.54,648.37,0,-1
331,legit_52,198.4,10.6,6.4647,-4.4269,180.0,B1B0,0,119.63,793.43,0,-1
331,legit_53,798.4,57.73,12.6443,0.3657,180.0,E1E0,1,78.87,684.81,0,-1
331,legit_54,601.6,663.0,13.1169,2.3181,0.0,D3D4,0,161.22,453.85,0,-1
331,legit_55,198.4,587.7,0.0,0.0,180.0,B3B2,0,49.94,566.51,0,-1
332,legit_25,18.69,-1.6,8.5508,1.7026,90.0,A0B0,0,178.97,902.88,0,-1
332,legit_40,112.21,998.4,13.0022,-0.283,90.0,A5B5,0,89.93,722.44,0,-1
332,legit_41,401.6,600.29,13.4772,0.6961,0.0,:C3_9,1,48.4,477.96,0,-1
332,legit_42,998.4,468.43,13.5353,0.1198,180.0,F3F2,1,120.08,577.46,0,-1
332,legit_43,973.87,601.6,9.9368,2.2734,270.0,F3E3,2,76.15,551.79,0,-1
332,legit_44,1.6,831.27,12.7106,-1.0929,0.0,A4A5,0,148.66,737.2,0,-1
332,legit_46,1001.6,712.72,13.8043,0.1966,0.0,F3F4,1,122.67,576.15,0,-1
332,legit_48,398.4,511.03,13.8777,0.7146,180.0,C3C2,1,102.85,485.75,0,-1
332,legit_49,801.6,680.4,13.7287,0.4441,0.0,E3E4,0,95.53,484.62,0,-1
332,legit_50,150.06,198.4,13.4723,0.2318,90.0,A1B1,0,78.4,700.87,0,-1
332,legit_51,938.62,201.6,12.0693,0.0469,270.0,F1E1,0,138.08,643.0,0,-1
332,legit_52,198.4,7.97,2.6289,-3.8358,180.0,B1B0,0,122.04,795.37,0,-1
332,legit_53,798.4,45.82,11.9082,-0.7361,180.0,E1E0,0,88.57,693.75,0,-1
332,legit_54,601.6,675.9,12.8996,-0.2173,0.0,D3D4,0,166.68,455.21,0,-1
332,legit_55,198.4,585.86,1.8417,1.8417,180.0,B3B2,0,50.42,566.56,0,-1
333,legit_25,29.54,-1.6,10.8502,2.2993,90.0,A0B0,0,171.17,895.96,0,-1
333,legit_40,125.46,998.4,13.2482,0.2459,90.0,A5B5,0,85.21,714.1,0,-1
333,legit_41,401.6,613.0,12.7043,-0.7728,0.0,C3C4,1,50.12,478.14,0,-1
333,legit_42,998.4,455.21,13.2263,-0.309,180.0,F3F2,0,108.29,579.85,0,-1
333,legit_43,962.51,601.6,11.3551,1.4183,270.0,F3E3,1,87.5,546.04,0,-1
333,legit_44,1.6,844.1,12.8366,0.126,0.0,A4A5,0,148.46,740.84,0,-1
333,legit_46,1001.6,725.98,13.2596,-0.5447,0.0,F3F4,1,123.87,578.29,0,-1
333,legit_48,398.4,497.36,13.6696,-0.2081,180.0,C3C2,1,114.88,487.73,0,-1
333,legit_49,801.6,693.58,13.1793,-0.5495,0.0,E3E4,0,106.86,486.4,0,-1
333,legit_50,163.22,198.4,13.1514,-0.321,90.0,A1B1,0,79.51,693.35,0,-1
333,legit_51,927.44,201.6,11.1761,-0.8932,270.0,F1E1,0,147.24,638.16,0,-1
333,legit_52,199.52,5.84,2.5628,-0.0661,166.25,:B0_2,0,124.43,796.42,0,-1
333,legit_53,798.4,34.0,11.821,-0.0873,180.0,E1E0,0,98.68,702.75,0,-1
333,legit_54,601.6,688.81,12.9126,0.013,0.0,D3D4,0,172.94,456.82,0,-1
333,legit_55,198.4,582.61,3.2507,1.409,180.0,B3B2,0,51.43,566.66,0,-1
334,legit_25,41.42,-1.6,11.8848,1.0347,90.0,A0B0,0,163.02,888.48,0,-1
334,legit_40,139.27,998.4,13.8101,0.5619,90.0,A5B5,0,82.3,705.68,0,-1
334,legit_41,401.6,626.78,13.7861,1.0818,0.0,C3C4,1,55.32,478.69,0,-1
334,legit_42,998.4,441.64,13.5644,0.3382,180.0,F3F2,0,96.58,582.5,0,-1
334,legit_43,949.33,601.6,13.1784,1.8232,270.0,F3E3,1,100.68,539.54,0,-1
334,legit_44,1.6,857.88,13.7785,0.9419,0.0,A4A5,0,149.47,744.97,0,-1
334,legit_46,1001.6,738.71,12.7317,-0.528,0.0,F3F4,1,112.26,580.51,0,-1
334,legit_48,398.4,483.94,13.421,-0.2486,180.0,C3C2,1,127.01,489.89,0,-1
334,legit_49,801.6,707.43,13.8496,0.6704,0.0,E3E4,0,119.18,488.48,0,-1
334,legit_50,176.03,198.4,12.8181,-0.3333,90.0,A1B1,0,82.61,686.27,0,-1
334,legit_51,915.45,201.6,11.9901,0.814,270.0,F1E1,0,157.36,633.11,0,-1
334,legit_52,201.37,6.86,2.4689,-0.0939,109.86,:B0_2,0,124.26,794.81,0,-1
334,legit_53,798.4,21.22,12.7796,0.9587,180.0,E1E0,0,110.0,712.6,0,-1
334,legit_54,601.6,701.72,12.9097,-0.0028,0.0,D3D4,0,179.91,458.66,0,-1
334,legit_55,198.4,577.36,5.2484,1.9976,180.0,B3B2,0,53.43,566.86,0,-1
335,legit_25,53.2,-1.6,11.7739,-0.111,90.0,A0B0,1,155.43,881.19,0,-1
335,legit_40,152.21,998.4,12.936,-0.8741,90.0,A5B5,0,81.63,698.05,0,-1
335,legit_41,401.6,640.23,13.4464,-0.3397,0.0,C3C4,0,62.94,479.54,0,-1
335,legit_42,998.4,428.68,12.9661,-0.5983,180.0,F3F2,0,85.9,585.22,0,-1
335,legit_43,936.78,601.6,12.5587,-0.6197,270.0,F3E3,0,113.24,533.51,0,-1
335,legit_44,1.6,871.29,13.4109,-0.3676,0.0,A4A5,0,151.66,749.21,0,-1
335,legit_46,1001.6,752.33,13.6242,0.8925,0.0,F3F4,0,100.14,583.07,0,-1
335,legit_48,398.4,470.89,13.0535,-0.3676,180.0,C3C2,0,122.31,492.19,0,-1
335,legit_49,801.6,720.65,13.2258,-0.6239,0.0,E3E4,0,130.02,490.68,0,-1
335,legit_50,185.24,198.4,9.2023,-3.6157,90.0,A1B1,0,85.95,681.34,0,-1
335,legit_51,903.07,201.6,12.3837,0.3937,270.0,F1E1,0,168.07,628.06,0,-1
335,legit_52,201.6,9.11,2.3178,-0.151,35.62,B0B1,1,122.31,793.05,0,-1
335,legit_53,798.4,12.78,8.4375,-4.3421,180.0,E1E0,0,117.64,719.17,0,-1
335,legit_54,601.6,715.61,13.8893,0.9795,0.0,D3D4,0,188.12,460.9,0,-1
335,legit_55,198.4,570.48,6.8821,1.6337,180.0,B3B2,0,56.69,567.19,0,-1
336,legit_25,64.9,-1.6,11.6984,-0.0754,90.0,A0B0,1,148.42,874.05,0,-1
336,legit_40,165.26,998.4,13.0586,0.1225,90.0,A5B5,0,83.02,690.61,0,-1
336,legit_41,401.6,653.92,13.685,0.2385,0.0,C3C4,0,72.45,480.7,0,-1
336,legit_42,998.4,415.05,13.6226,0.6564,180.0,F3F2,0,75.46,588.29,0,-1
336,legit_43,924.56,601.6,12.2108,-0.3479,270.0,F3E3,0,125.45,527.8,0,-1
336,legit_44,1.6,885.02,13.727,0.3161,0.0,A4A5,0,155.08,753.77,0,-1
336,legit_46,1001.6,766.14,13.8045,0.1803,0.0,F3F4,0,88.31,585.87,0,-1
336,legit_48,398.4,457.54,13.3476,0.2942,180.0,C3C2,0,110.35,494.74,0,-1
336,legit_49,801.6,733.59,12.9361,-0.2896,0.0,E3E4,0,118.26,493.02,0,-1
336,legit_50,191.17,198.4,5.9329,-3.2694,90.0,A1B1,0,88.55,678.23,0,-1
336,legit_51,891.21,201.6,11.8586,-0.5251,270.0,F1E1,0,163.09,623.37,0,-1
336,legit_52,201.6,13.26,4.1505,1.8327,0.0,B0B1,1,118.56,790.0,0,-1
336,legit_53,798.4,7.99,4.7881,-3.6494,180.0,E1E0,0,122.02,722.92,0,-1
336,legit_54,601.6,728.49,12.8785,-1.0107,0.0,D3D4,0,185.63,463.22,0,-1
336,legit_55,198.4,561.67,8.8038,1.9217,180.0,B3B2,0,61.74,567.73,0,-1
336,legit_56,812.3,398.4,0.0,0.0,90.0,E2F2,0,73.18,512.07,0,-1
337,legit_25,77.01,-1.6,12.1111,0.4127,90.0,A0B0,1,141.83,866.79,0,-1
337,legit_40,178.81,998.4,13.5425,0.484,90.0,A5B5,0,86.54,683.16,0,-1
337,legit_41,401.6,666.87,12.9532,-0.7318,0.0,C3C4,0,82.55,482.02,0,-1
337,legit_42,998.4,401.2,13.8523,0.2297,180.0,:F2_1,0,66.03,591.65,0,-1
337,legit_43,912.23,601.6,12.3356,0.1247,270.0,F3E3,0,137.78,522.18,0,-1
337,legit_44,1.6,898.26,13.2418,-0.4853,0.0,A4A5,0,159.43,758.37,0,-1
337,legit_46,1001.6,779.23,13.0906,-0.7138,0.0,F3F4,0,77.69,588.72,0,-1
337,legit_48,398.4,444.27,13.2708,-0.0768,180.0,C3C2,0,98.81,497.48,0,-1
337,legit_49,801.6,747.21,13.6223,0.6862,0.0,E3E4,0,106.17,495.7,0,-1
337,legit_50,199.2,198.4,8.0311,2.0981,90.0,:B1_13,0,92.56,674.09,0,-1
337,legit_51,880.03,201.6,11.1775,-0.6811,270.0,F1E1,0,153.51,619.08,0,-1
337,legit_52,201.6,19.83,6.5668,2.4163,0.0,B0B1,1,112.68,785.19,0,-1
337,legit_53,797.05,3.09,5.2084,0.4202,196.01,:E0_0,0,126.03,726.45,0,-1
337,legit_54,601.6,741.68,13.1896,0.3111,0.0,D3D4,0,178.02,465.83,0,-1
337,legit_55,198.4,551.4,10.2689,1.4651,180.0,B3B2,0,68.59,568.5,0,-1
337,legit_56,814.57,398.4,2.265,2.265,90.0,E2F2,0,75.12,512.81,0,-1
338,legit_25,88.0,-1.6,10.9909,-1.1202,90.0,A0B0,1,136.49,860.31,0,-1
338,legit_40,192.09,998.4,13.2826,-0.2599,90.0,A5B5,0,91.82,676.12,0,-1
338,legit_41,401.6,680.27,13.3998,0.4466,0.0,C3C4,0,93.73,483.62,0,-1
338,legit_42,998.4,387.68,13.5218,-0.3305,180.0,F2F1,0,58.56,595.18,0,-1
338,legit_43,899.31,601.6,12.9159,0.5804,270.0,F3E3,0,149.32,516.47,0,-1
338,legit_44,1.6,911.12,12.8596,-0.3822,0.0,A4A5,0,164.56,763.03,0,-1
338,legit_46,1001.6,789.29,10.0622,-3.0285,0.0,F3F4,0,70.1,591.04,0,-1
338,legit_48,398.4,431.38,12.8876,-0.3832,180.0,C3C2,0,88.08,500.34,0,-1
338,legit_49,801.6,760.55,13.3334,-0.2889,0.0,E3E4,0,94.74,498.53,0,-1
338,legit_50,208.68,198.4,9.4793,1.4483,90.0,B1C1,0,97.93,669.31,0,-1
338,legit_51,867.74,201.6,12.2892,1.1116,270.0,F1E1,0,143.25,614.51,0,-1
338,legit_52,201.6,27.76,7.929,1.3622,0.0,B0B1,1,105.69,779.43,0,-1
338,legit_53,792.7,1.6,4.7119,-0.4965,248.91,E0D0,0,125.87,726.58,0,-1
338,legit_54,601.6,754.9,13.2223,0.0327,0.0,D3D4,0,171.07,468.69,0,-1
338,legit_55,198.4,538.88,12.5195,2.2506,180.0,B3B2,0,77.96,569.62,0,-1
338,legit_56,818.75,398.4,4.1892,1.9241,90.0,E2F2,0,78.75,514.21,0,-1
339,legit_25,99.31,-1.6,11.3126,0.3217,90.0,A0B0,1,131.74,853.77,0,-1
339,legit_40,205.72,998.4,13.6314,0.3488,90.0,:B5_7,0,98.81,669.15,0,-1
339,legit_41,401.6,693.11,12.8382,-0.5615,0.0,C3C4,0,104.94,485.35,0,-1
339,legit_42,998.4,374.84,12.8386,-0.6832,180.0,F2F1,0,53.69,598.81,0,-1
339,legit_43,886.89,601.6,12.4211,-0.4949,270.0,F3E3,0,136.9,511.14,0,-1
339,legit_44,1.6,924.42,13.3037,0.4442,0.0,A4A5,0,170.73,768.04,0,-1
339,legit_46,1001.31,794.83,5.5622,-4.5,356.66,:F4_4,0,66.42,592.22,0,-1
339,legit_48,398.4,418.16,13.2216,0.3339,180.0,C3C2,0,77.75,503.49,0,-1
339,legit_49,801.6,774.0,13.4541,0.1207,0.0,E3E4,0,83.78,501.59,0,-1
339,legit_50,219.46,198.4,10.7825,1.3031,90.0,B1C1,0,104.75,664.02,0,-1
339,legit_51,856.28,201.6,11.4623,-0.8269,270.0,F1E1,0,133.99,610.4,0,-1
339,legit_52,201.6,38.01,10.2524,2.3234,0.0,B0B1,1,96.88,772.05,0,-1
339,legit_53,785.42,1.6,7.2861,2.5742,270.0,E0D0,0,123.58,724.89,0,-1
339,legit_54,601.6,768.64,13.7381,0.5158,0.0,D3D4,0,164.67,471.92,0,-1
339,legit_55,198.4,525.62,13.2622,0.7427,180.0,B3B2,0,88.74,571.02,0,-1
339,legit_56,824.44,398.4,5.6855,1.4964,90.0,E2F2,0,83.76,516.14,0,-1
340,legit_25,110.52,-1.6,11.2122,-0.1004,90.0,A0B0,1,127.85,847.42,0,-1
340,legit_40,218.58,998.4,12.8558,-0.7756,90.0,B5C5,0,106.59,662.79,0,-1
340,legit_41,401.6,706.46,13.3532,0.5149,0.0,C3C4,0,116.95,487.36,0,-1
340,legit_42,998.4,362.2,12.6414,-0.1972,180.0,F2F1,0,51.65,602.66,0,-1
340,legit_43,874.2,601.6,12.692,0.2709,270.0,F3E3,0,124.21,505.87,0,-1
340,legit_44,1.6,937.73,13.3105,0.0068,0.0,A4A5,0,177.69,773.25,0,-1
340,legit_46,997.87,800.32,6.8351,1.273,319.11,:F4_10,0,65.52,591.75,0,-1
340,legit_48,398.4,404.65,13.5079,0.2863,180.0,:C2_1,0,68.24,506.94,0,-1
340,legit_49,801.6,785.08,11.0793,-2.3748,0.0,E3E4,0,75.36,504.29,0,-1
340,legit_50,231.62,198.4,12.1541,1.3717,90.0,B1C1,0,113.17,658.22,0,-1
340,legit_51,843.92,201.6,12.3619,0.8996,270.0,F1E1,0,124.41,606.13,0,-1
340,legit_52,201.6,48.67,10.659,0.4066,0.0,B0B1,1,88.04,764.46,0,-1
340,legit_53,776.81,1.6,8.613,1.3269,270.0,E0D0,0,121.4,722.98,0,-1
340,legit_54,601.6,781.39,12.7531,-0.985,0.0,D3D4,0,159.56,475.16,0,-1
340,legit_55,198.4,513.0,12.6233,-0.6389,180.0,B3B2,0,99.56,572.54,0,-1
340,legit_56,831.74,398.4,7.3038,1.6182,90.0,E2F2,0,90.31,518.68,0,-1
341,legit_25,121.6,-1.6,11.0747,-0.1375,90.0,A0B0,1,124.87,841.27,0,-1
341,legit_40,232.04,998.4,13.4603,0.6044,90.0,B5C5,0,115.71,656.34,0,-1
341,legit_41,401.6,719.26,12.7966,-0.5566,0.0,C3C4,0,128.7,489.47,0,-1
341,legit_42,998.4,348.99,13.2127,0.5712,180.0,F2F1,0,52.76,607.01,0,-1
341,legit_43,860.93,601.6,13.2675,0.5755,270.0,F3E3,0,110.94,500.53,0,-1
341,legit_44,1.6,951.42,13.6901,0.3796,0.0,A4A5,0,185.57,778.81,0,-1
341,legit_46,990.97,801.6,7.145,0.3099,275.15,F4E4,0,70.42,588.43,0,-1
341,legit_48,398.4,390.96,13.6928,0.1849,180.0,C2C1,0,60.18,510.71,0,-1
341,legit_49,801.56,793.05,7.97,-3.1094,359.6,:E4_10,0,69.74,506.32,0,-1
341,legit_50,245.35,198.4,13.7388,1.5847,90.0,B1C1,1,123.45,651.86,0,-1
341,legit_51,832.77,201.6,11.1512,-1.2107,270.0,F1E1,0,116.23,602.43,0,-1
341,legit_52,201.6,59.57,10.899,0.24,0.0,B0B1,2,79.46,756.8,0,-1
341,legit_53,765.72,1.6,11.0861,2.4732,270.0,E0D0,0,119.44,720.66,0,-1
341,legit_54,601.6,789.76,8.3752,-4.3779,0.0,D3D4,0,156.67,477.41,0,-1
341,legit_55,198.4,499.49,13.5062,0.8829,180.0,B3B2,0,111.55,574.35,0,-1
341,legit_56,840.88,398.4,9.1373,1.8336,90.0,E2F2,0,98.66,521.94,0,-1
342,legit_25,133.13,-1.6,11.5358,0.4611,90.0,A0B0,1,122.76,835.01,0,-1
342,legit_40,244.77,998.4,12.7312,-0.729,90.0,B5C5,0,125.06,650.44,0,-1
342,legit_41,401.6,732.86,13.6056,0.809,0.0,C3C4,1,117.56,491.92,0,-1
342,legit_42,998.4,335.42,13.5655,0.3528,180.0,F2F1,0,57.15,611.81,0,-1
342,legit_43,847.93,601.6,13.0069,-0.2606,270.0,F3E3,0,97.94,495.49,0,-1
342,legit_44,1.6,965.22,13.7953,0.1052,0.0,A4A5,0,187.61,784.61,0,-1
342,legit_46,981.79,801.6,9.1773,2.0323,270.0,F4E4,0,78.28,583.67,0,-1
342,legit_48,398.4,377.71,13.256,-0.4368,180.0,C2C1,0,54.55,514.66,0,-1
342,legit_49,798.74,799.8,7.626,-0.344,329.42,:E4_18,0,63.18,507.24,0,-1
342,legit_50,258.07,198.4,12.7116,-1.0273,90.0,B1C1,1,133.51,646.16,0,-1
342,legit_51,820.63,201.6,12.1348,0.9836,270.0,F1E1,0,107.92,598.58,0,-1
342,legit_52,201.6,70.66,11.0877,0.1887,0.0,B0B1,2,71.4,749.13,0,-1
342,legit_53,753.3,1.6,12.4142,1.328,270.0,E0D0,0,118.45,718.26,0,-1
342,legit_54,601.07,793.59,3.982,-4.3932,353.8,:D4_11,0,155.99,478.48,0,-1
342,legit_55,198.4,485.86,13.6297,0.1235,180.0,B3B2,0,123.97,576.37,0,-1
342,legit_56,851.62,398.4,10.7356,1.5982,90.0,E2F2,0,108.63,525.9,0,-1
342,legit_57,412.3,598.4,0.0,0.0,90.0,C3D3,1,37.73,474.54,0,-1
343,legit_25,144.11,-1.6,10.9757,-0.5601,90.0,A0B0,1,121.74,829.19,0,-1
343,legit_40,257.6,998.4,12.8332,0.102,90.0,B5C5,0,135.04,644.67,0,-1
343,legit_41,401.6,745.44,12.5732,-1.0324,0.0,C3C4,1,106.23,494.37,0,-1
343,legit_42,998.4,322.65,12.7675,-0.798,180.0,F2F1,0,63.7,616.59,0,-1
343,legit_43,835.02,601.6,12.907,-0.0999,270.0,F3E3,0,85.03,490.66,0,-1
343,legit_44,1.6,978.53,13.3073,-0.4879,0.0,A4A5,0,179.78,790.39,0,-1
343,legit_46,970.55,801.6,11.2354,2.058,270.0,F4E4,0,88.24,577.97,0,-1
343,legit_48,398.4,364.16,13.5426,0.2866,180.0,C2C1,0,51.77,519.01,0,-1
343,legit_49,791.07,801.6,8.0591,0.4331,275.31,E4D4,0,56.22,505.4,0,-1
343,legit_50,271.1,198.4,13.0349,0.3234,90.0,B1C1,1,144.26,640.5,0,-1
343,legit_51,811.83,201.6,8.7995,-3.3353,270.0,F1E1,0,102.38,595.91,0,-1
343,legit_52,201.6,81.79,11.1385,0.0508,0.0,B0B1,2,64.2,741.54,0,-1
343,legit_53,741.53,1.6,11.779,-0.6351,270.0,E0D0,0,118.7,716.17,0,-1
343,legit_54,598.61,793.11,3.3465,-0.6355,288.85,:D4_19,0,155.83,478.34,0,-1
343,legit_55,198.4,472.46,13.4073,-0.2224,180.0,B3B2,0,122.43,578.55,0,-1
343,legit_56,864.35,398.4,12.7307,1.9951,90.0,E2F2,0,120.62,530.76,0,-1
343,legit_57,414.44,598.4,2.1368,2.1368,90.0,C3D3,1,35.6,473.87,0,-1
344,legit_25,156.17,-1.6,12.058,1.0823,90.0,A0B0,1,121.76,822.96,0,-1
344,legit_40,270.5,998.4,12.9026,0.0694,90.0,B5C5,0,145.53,639.04,0,-1
344,legit_41,401.6,758.27,12.8325,0.2593,0.0,C3C4,0,94.99,497.06,0,-1
344,legit_42,998.4,309.82,12.8289,0.0614,180.0,F2F1,0,71.97,621.63,0,-1
344,legit_43,822.02,601.6,13.0004,0.0934,270.0,F3E3,0,72.04,485.98,0,-1
344,legit_44,1.6,989.15,10.6211,-2.6863,0.0,A4A5,0,174.0,795.13,0,-1
344,legit_46,957.72,801.6,12.8312,1.5958,270.0,F4E4,0,99.95,571.64,0,-1
344,legit_48,398.4,350.6,13.5584,0.0158,180.0,C2C1,0,52.45,523.74,0,-1
344,legit_49,781.16,801.6,9.9109,1.8518,270.0,E4D4,0,49.45,502.52,0,-1
344,legit_50,284.42,198.4,13.3142,0.2792,90.0,B1C1,1,155.61,634.89,0,-1
344,legit_51,807.53,201.6,4.2995,-4.5,270.0,F1E1,0,99.84,594.64,0,-1
344,legit_52,201.6,93.07,11.2712,0.1326,0.0,B0B1,2,58.21,734.02,0,-1
344,legit_53,729.53,1.6,11.9978,0.2188,270.0,E0D0,0,120.16,714.23,0,-1
344,legit_54,598.4,790.11,3.0708,-0.2756,200.19,D4D3,0,156.56,477.51,0,-1
344,legit_55,198.4,459.45,13.0082,-0.3991,180.0,B3B2,0,110.6,580.84,0,-1
344,legit_56,876.98,398.4,12.6301,-0.1006,90.0,E2F2,0,132.66,535.75,0,-1
344,legit_57,418.46,598.4,4.0263,1.8895,90.0,C3D3,0,31.58,472.62,0,-1
345,legit_25,167.74,-1.6,11.5709,-0.4871,90.0,A0B0,1,122.89,817.13,0,-1
345,legit_40,283.89,998.4,13.391,0.4884,90.0,B5C5,0,156.8,633.39,0,-1
345,legit_41,401.6,771.55,13.2829,0.4504,0.0,C3C4,0,83.83,500.04,0,-1
345,legit_42,998.4,296.18,13.641,0.8121,180.0,F2F1,1,82.07,627.22,0,-1
345,legit_43,808.69,601.6,13.3303,0.3299,270.0,F3E3,0,58.71,481.38,0,-1
345,legit_44,1.6,996.7,7.5527,-3.0684,0.0,A4A5,0,170.18,798.58,0,-1
345,legit_46,944.94,801.6,12.7865,-0.0447,270.0,F4E4,0,111.86,565.5,0,-1
345,legit_48,398.4,337.4,13.2012,-0.3572,180.0,C2C1,0,56.33,528.68,0,-1
345,legit_49,769.92,801.6,11.2352,1.3243,270.0,E4D4,0,43.26,499.46,0,-1
345,legit_50,297.25,198.4,12.8296,-0.4846,90.0,B1C1,1,166.82,629.66,0,-1
345,legit_51,800.88,201.6,6.6524,2.3529,270.0,:E1_5,0,96.16,592.72,0,-1
345,legit_52,201.6,104.42,11.3529,0.0817,0.0,B0B1,2,53.9,726.62,0,-1
345,legit_53,717.55,1.6,11.9804,-0.0174,270.0,E0D0,0,122.77,712.49,0,-1
345,legit_54,598.4,784.68,5.4306,2.3598,180.0,D4D3,0,158.38,476.03,0,-1
345,legit_55,198.4,446.56,12.8931,-0.115,180.0,B3B2,0,99.17,583.29,0,-1
345,legit_56,890.19,398.4,13.2176,0.5875,90.0,E2F2,1,145.36,541.16,0,-1
345,legit_57,424.12,598.4,5.6616,1.6353,90.0,C3D3,0,25.92,470.9,0,-1
346,legit_25,179.94,-1.6,12.2007,0.6298,90.0,A0B0,1,125.23,811.16,0,-1
346,legit_40,297.74,998.4,13.8438,0.4528,90.0,B5C5,0,168.78,627.74,0,-1
346,legit_41,401.6,784.11,12.5568,-0.7261,0.0,C3C4,0,73.94,503.07,0,-1
346,legit_42,998.4,283.17,13.0173,-0.6237,180.0,F2F1,1,92.55,632.74,0,-1
346,legit_44,4.1,998.4,3.5771,-3.9756,38.66,A5B5,0,167.17,797.52,0,-1
346,legit_46,932.19,801.6,12.7466,-0.0399,270.0,F4E4,0,123.91,559.56,0,-1
346,legit_48,398.4,323.55,13.8581,0.6569,180.0,C2C1,0,63.18,534.18,0,-1
346,legit_49,757.18,801.6,12.742,1.5068,270.0,E4D4,0,39.07,496.3,0,-1
346,legit_50,310.78,198.4,13.5367,0.7072,90.0,B1C1,1,159.78,624.33,0,-1
346,legit_51,791.95,201.6,8.9267,2.2742,270.0,E1D1,0,91.75,590.25,0,-1
346,legit_52,201.6,115.62,11.2008,-0.1521,0.0,B0B1,2,51.79,719.51,0,-1
346,legit_53,705.24,1.6,12.309,0.3286,270.0,E0D0,0,126.58,710.89,0,-1
346,legit_54,598.4,777.58,7.0946,1.6639,180.0,D4D3,0,160.99,474.17,0,-1
346,legit_55,198.4,432.69,13.8624,0.9693,180.0,B3B2,0,87.33,586.11,0,-1
346,legit_56,903.83,398.4,13.6318,0.4142,90.0,E2F2,1,151.13,546.93,0,-1
346,legit_57,432.29,598.4,8.1629,2.5014,90.0,C3D3,0,17.78,468.49,0,-1
347,legit_25,191.59,-1.6,11.6495,-0.5512,90.0,A0B0,1,128.52,805.61,0,-1
347,legit_40,310.6,998.4,12.8658,-0.9781,90.0,B5C5,0,161.52,622.66,0,-1
347,legit_41,401.6,792.16,8.0568,-4.5,0.0,C3C4,0,68.05,505.12,0,-1
347,legit_42,998.4,269.93,13.2325,0.2152,180.0,F2F1,0,103.8,638.55,0,-1
347,legit_44,9.11,998.4,5.0122,1.4351,90.0,A5B5,0,162.81,793.82,0,-1
347,legit_46,919.51,801.6,12.6824,-0.0642,270.0,F4E4,0,136.03,553.81,0,-1
347,legit_48,398.4,310.7,12.8463,-1.0118,180.0,C2C1,1,71.37,539.55,0,-1
347,legit_49,743.53,801.6,13.6494,0.9073,270.0,E4D4,1,38.94,493.34,0,-1
347,legit_50,323.4,198.4,12.6173,-0.9194,90.0,B1C1,2,148.91,619.53,0,-1
347,legit_51,780.75,201.6,11.2064,2.2798,270.0,E1D1,0,87.2,587.32,0,-1
347,legit_52,201.6,127.0,11.3792,0.1784,0.0,B0B1,2,52.07,712.51,0,-1
347,legit_53,693.39,1.6,11.8484,-0.4606,270.0,E0D0,0,131.24,709.53,0,-1
347,legit_54,598.4,768.45,9.1269,2.0323,180.0,D4D3,1,164.75,471.87,0,-1
347,legit_55,198.4,418.89,13.8028,-0.0596,180.0,B3B2,0,76.23,589.14,0,-1
347,legit_56,917.55,398.4,13.728,0.0962,90.0,E2F2,0,137.9,552.94,0,-1
347,legit_57,442.79,598.4,10.4983,2.3354,90.0,C3D3,0,7.39,465.5,0,-1
348,legit_40,323.94,998.4,13.3377,0.472,90.0,B5C5,0,150.16,617.58,0,-1
348,legit_41,403.36,797.22,5.572,-2.4848,21.47,:C4_8,0,63.29,505.91,0,-1
348,legit_42,998.4,257.06,12.8764,-0.3561,180.0,F2F1,0,115.15,644.36,0,-1
348,legit_44,15.6,998.4,6.4879,1.4757,90.0,A5B5,0,157.23,789.06,0,-1
348,legit_46,906.2,801.6,13.3098,0.6274,270.0,F4E4,0,148.84,547.95,0,-1
348,legit_48,398.4,297.81,12.888,0.0417,180.0,C2C1,1,80.81,545.16,0,-1
348,legit_49,730.35,801.6,13.1812,-0.4681,270.0,E4D4,1,43.14,490.9,0,-1
348,legit_50,336.44,198.4,13.0394,0.4221,90.0,B1C1,2,138.0,614.75,0,-1
348,legit_51,768.6,201.6,12.1415,0.9351,270.0,E1D1,0,83.69,584.37,0,-1
348,legit_52,201.6,138.25,11.2495,-0.1297,0.0,B0B1,1,54.73,705.81,0,-1
348,legit_53,681.05,1.6,12.3375,0.4891,270.0,E0D0,0,137.01,708.31,0,-1
348,legit_54,598.4,757.23,11.2291,2.1022,180.0,D4D3,1,169.92,469.22,0,-1
348,legit_55,198.4,405.18,13.7091,-0.0937,180.0,:B2_1,0,66.21,592.38,0,-1
348,legit_56,930.85,398.4,13.2906,-0.4374,90.0,E2F2,0,125.19,558.94,0,-1
348,legit_57,454.59,598.4,11.8009,1.3026,90.0,C3D3,0,4.86,462.75,0,-1
348,legit_58,798.4,587.7,0.0,0.0,180.0,E3E2,0,49.94,478.12,0,-1
349,legit_40,337.0,998.4,13.0568,-0.2809,90.0,B5C5,0,139.38,612.79,0,-1
349,legit_41,409.54,798.4,6.4292,0.8573,84.83,C4D4,0,58.03,504.36,0,-1
349,legit_42,998.4,244.03,13.0322,0.1558,180.0,F2F1,0,126.94,650.41,0,-1
349,legit_44,23.4,998.4,7.8041,1.3162,90.0,A5B5,0,150.62,783.38,0,-1
349,legit_46,892.92,801.6,13.276,-0.0338,270.0,F4E4,0,147.99,542.3,0,-1
349,legit_48,398.4,284.25,13.5599,0.6719,180.0,C2C1,1,91.65,551.29,0,-1
349,legit_49,716.81,801.6,13.5333,0.3521,270.0,E4D4,1,50.75,488.76,0,-1
349,legit_50,349.21,198.4,12.7668,-0.2726,90.0,B1C1,1,127.7,610.24,0,-1
349,legit_51,757.23,201.6,11.3754,-0.7661,270.0,E1D1,0,81.92,581.82,0,-1
349,legit_52,201.6,149.37,11.1222,-0.1273,0.0,B0B1,0,59.37,699.37,0,-1
349,legit_53,668.83,1.6,12.2275,-0.11,270.0,E0D0,0,143.55,707.27,0,-1
349,legit_54,598.4,744.69,12.535,1.3059,180.0,D4D3,1,176.37,466.46,0,-1
349,legit_55,198.4,391.76,13.4237,-0.2854,180.0,B2B1,0,57.89,595.79,0,-1
349,legit_56,943.78,398.4,12.9397,-0.3509,90.0,E2F2,0,112.94,564.96,0,-1
349,legit_57,466.39,598.4,11.806,0.0051,90.0,C3D3,0,16.47,460.86,0,-1
349,legit_58,798.4,585.32,2.3796,2.3796,180.0,E3E2,0,50.58,478.18,0,-1
350,legit_40,349.71,998.4,12.7132,-0.3436,90.0,B5C5,0,129.29,608.31,0,-1
350,legit_41,417.77,798.4,8.2296,1.8004,90.0,C4D4,0,52.63,501.97,0,-1
350,legit_42,998.4,230.29,13.7391,0.7069,180.0,F2F1,0,121.76,656.97,0,-1
350,legit_44,33.77,998.4,10.3727,2.5686,90.0,A5B5,0,142.01,775.89,0,-1
350,legit_46,880.14,801.6,12.7765,-0.4995,270.0,F4E4,0,135.69,537.03,0,-1
350,legit_48,398.4,271.28,12.9714,-0.5884,180.0,C2C1,1,102.63,557.34,0,-1
350,legit_49,704.09,801.6,12.7228,-0.8105,270.0,E4D4,1,59.85,487.04,0,-1
350,legit_50,363.05,198.4,13.847,1.0802,90.0,B1C1,1,117.07,605.56,0,-1
350,legit_51,745.67,201.6,11.5624,0.187,270.0,E1D1,0,81.71,579.46,0,-1
350,legit_52,201.6,160.85,11.4841,0.3619,0.0,B0B1,0,65.82,692.91,0,-1
350,legit_53,656.24,1.6,12.5831,0.3557,270.0,E0D0,0,151.03,706.39,0,-1
350,legit_54,598.4,731.07,13.6249,1.0899,180.0,D4D3,1,184.09,463.71,0,-1
350,legit_55,198.4,378.99,12.7699,-0.6538,180.0,B2B1,0,51.99,599.29,0,-1
350,legit_56,956.71,398.4,12.9236,-0.016,90.0,E2F2,0,100.89,571.15,0,-1
350,legit_57,477.81,598.4,11.4131,-0.3929,90.0,C3D3,0,27.85,459.2,0,-1
350,legit_58,798.4,580.77,4.5511,2.1715,180.0,E3E2,0,52.08,478.34,0,-1
351,legit_40,363.49,998.4,13.7756,1.0624,90.0,B5C5,0,118.92,603.66,0,-1
351,legit_41,428.09,798.4,10.3229,2.0933,90.0,C4D4,0,47.02,499.15,0,-1
351,legit_42,998.4,217.65,12.6322,-1.1069,180.0,F2F1,0,110.45,663.15,0,-1
351,legit_44,46.49,998.4,12.7193,2.3465,90.0,A5B5,0,131.8,766.83,0,-1
351,legit_46,866.75,801.6,13.3954,0.6189,270.0,F4E4,0,122.9,531.7,0,-1
351,legit_48,398.4,257.64,13.6448,0.6734,180.0,C2C1,1,114.63,563.91,0,-1
351,legit_49,690.91,801.6,13.1779,0.4551,270.0,E4D4,1,70.47,485.51,0,-1
351,legit_50,376.41,198.4,13.353,-0.494,90.0,B1C1,1,107.53,601.26,0,-1
351,legit_51,733.45,201.6,12.2148,0.6524,270.0,E1D1,0,83.26,577.2,0,-1
351,legit_52,201.6,171.31,10.4582,-1.0259,0.0,B0B1,0,72.77,687.17,0,-1
351,legit_53,644.5,1.6,11.7376,-0.8456,270.0,E0D0,0,158.58,705.73,0,-1
351,legit_54,598.4,717.44,13.6228,-0.0021,180.0,D4D3,1,189.25,461.22,0,-1
351,legit_55,198.4,365.24,13.7496,0.9797,180.0,B2B1,0,48.68,603.38,0,-1
351,legit_56,969.89,398.4,13.1776,0.254,90.0,E2F2,0,88.84,577.64,0,-1
351,legit_57,490.29,598.4,12.4843,1.0712,90.0,C3D3,0,40.32,457.56,0,-1
351,legit_58,798.4,573.88,6.8915,2.3404,180.0,E3E2,0,55.0,478.65,0,-1
352,legit_40,376.27,998.4,12.7787,-0.9969,90.0,B5C5,0,109.98,599.55,0,-1
352,legit_41,440.34,798.4,12.2562,1.9333,90.0,C4D4,0,42.71,496.06,0,-1
352,legit_44,59.26,998.4,12.7664,0.0472,90.0,A5B5,0,122.03,757.87,0,-1
352,legit_46,852.96,801.6,13.7913,0.3959,270.0,F4E4,0,109.89,526.41,0,-1
352,legit_48,398.4,243.88,13.7579,0.1131,180.0,C2C1,1,127.07,570.74,0,-1
352,legit_49,677.3,801.6,13.6132,0.4353,270.0,E4D4,1,82.22,484.18,0,-1
352,legit_50,385.85,198.4,9.4497,-3.9033,90.0,B1C1,1,101.3,598.36,0,-1
352,legit_51,722.15,201.6,11.3029,-0.9119,270.0,E1D1,0,86.22,575.34,0,-1
352,legit_52,201.6,181.95,10.6404,0.1822,0.0,B0B1,0,80.63,681.46,0,-1
352,legit_53,631.77,1.6,12.7327,0.9952,270.0,E0D0,0,167.32,705.2,0,-1
352,legit_54,598.4,704.1,13.3465,-0.2763,180.0,D4D3,2,181.27,459.03,0,-1
352,legit_55,198.4,351.47,13.7657,0.0161,180.0,B2B1,0,49.15,607.83,0,-1
352,legit_56,981.5,398.4,11.6108,-1.5669,90.0,E2F2,0,78.53,583.52,0,-1
352,legit_57,501.65,598.4,11.3567,-1.1276,90.0,C3D3,1,51.67,456.22,0,-1
352,legit_58,798.4,565.51,8.3661,1.4746,180.0,E3E2,0,59.43,479.14,0,-1
353,legit_40,387.41,998.4,11.1484,-1.6303,90.0,B5C5,0,102.84,596.13,0,-1
353,legit_41,453.14,798.4,12.791,0.5348,90.0,C4D4,0,41.72,493.2,0,-1
353,legit_44,72.86,998.4,13.6023,0.8358,90.0,A5B5,0,112.29,748.48,0,-1
353,legit_46,840.08,801.6,12.8774,-0.9139,270.0,F4E4,0,97.92,521.66,0,-1
353,legit_48,398.4,230.57,13.3115,-0.4464,180.0,C2C1,1,122.01,577.52,0,-1
353,legit_49,663.96,801.6,13.3439,-0.2693,270.0,E4D4,1,94.22,483.09,0,-1
353,legit_50,390.8,198.4,4.9497,-4.5,90.0,B1C1,1,98.24,596.88,0,-1
353,legit_51,710.73,201.6,11.4199,0.117,270.0,E1D1,0,90.56,573.67,0,-1
353,legit_52,201.6,193.51,11.554,0.9136,0.0,:B1_9,1,89.81,675.4,0,-1
353,legit_53,619.0,1.6,12.7734,0.0407,270.0,E0D0,0,176.58,704.84,0,-1
353,legit_54,598.4,690.32,13.7789,0.4325,180.0,D4D3,2,173.72,457.02,0,-1
353,legit_55,198.4,337.85,13.6232,-0.1426,180.0,B2B1,1,53.23,612.59,0,-1
353,legit_56,989.15,398.4,7.6552,-3.9556,90.0,E2F2,0,71.95,587.48,0,-1
353,legit_57,513.64,598.4,11.9961,0.6394,90.0,C3D3,1,63.66,454.97,0,-1
353,legit_58,798.4,555.24,10.2748,1.9087,180.0,E3E2,0,65.93,479.89,0,-1
354,legit_40,394.05,998.22,6.6484,-4.5,92.05,:C5_6,0,99.09,594.08,0,-1
354,legit_41,466.24,798.4,13.1037,0.3127,90.0,C4D4,0,44.66,490.66,0,-1
354,legit_44,85.92,998.4,13.0621,-0.5402,90.0,A5B5,0,103.75,739.64,0,-1
354,legit_46,827.09,801.6,12.9881,0.1107,270.0,F4E4,0,86.13,517.06,0,-1
354,legit_48,398.4,217.94,12.629,-0.6825,180.0,C2C1,1,110.7,584.13,0,-1
354,legit_49,651.29,801.6,12.6694,-0.6745,270.0,E4D4,1,105.92,482.26,0,-1
354,legit_50,392.47,198.4,1.6651,-3.2846,90.0,B1C1,1,97.24,596.39,0,-1
354,legit_51,698.74,201.6,11.991,0.5711,270.0,E1D1,0,96.37,572.13,0,-1
354,legit_52,201.6,204.87,11.3596,-0.1944,0.0,:B1_9,1,99.32,669.56,0,-1
354,legit_53,607.44,1.6,11.5632,-1.2102,270.0,E0D0,0,185.32,704.67,0,-1
354,legit_54,598.4,677.24,13.0756,-0.7034,180.0,D4D3,2,167.3,455.37,0,-1
354,legit_55,198.4,324.63,13.2194,-0.4037,180.0,B2B1,1,59.95,617.51,0,-1
354,legit_56,995.51,397.89,6.4258,-1.2294,95.86,:F2_6,0,66.37,590.95,0,-1
354,legit_57,525.73,598.4,12.0834,0.0873,90.0,C3D3,1,75.74,453.87,0,-1
354,legit_58,798.4,542.93,12.3075,2.0327,180.0,E3E2,0,74.83,481.0,0,-1
354,legit_59,412.3,398.4,0.0,0.0,90.0,C2D2,0,53.81,504.4,0,-1
355,legit_40,398.19,994.29,6.2597,-0.3886,142.2,:C5_6,0,100.15,590.75,0,-1
355,legit_41,479.56,798.4,13.3219,0.2182,90.0,C4D4,0,51.03,488.45,0,-1
355,legit_44,98.96,998.4,13.0362,-0.0259,90.0,A5B5,0,96.25,731.01,0,-1
355,legit_46,816.5,801.6,10.5934,-2.3947,270.0,F4E4,0,76.79,513.45,0,-1
355,legit_48,398.4,204.85,13.0859,0.4569,180.0,:C1_1,1,99.31,591.15,0,-1
355,legit_49,637.5,801.6,13.789,1.1196,270.0,E4D4,1,118.87,481.57,0,-1
355,legit_50,392.68,198.4,0.2101,-1.455,90.0,B1C1,1,97.12,596.33,0,-1
355,legit_51,686.78,201.6,11.958,-0.033,270.0,E1D1,0,103.22,570.8,0,-1
355,legit_52,201.6,216.12,11.2515,-0.1081,0.0,B1B2,1,109.09,663.91,0,-1
355,legit_53,595.08,1.6,12.352,0.7887,270.0,:D0_4,0,187.26,704.65,0,-1
355,legit_54,598.4,664.46,12.7794,-0.2961,180.0,D4D3,2,161.8,453.99,0,-1
355,legit_55,198.4,311.75,12.8803,-0.3391,180.0,B2B1,1,68.34,622.54,0,-1
355,legit_56,998.3,393.52,5.5227,-0.9031,150.32,:F2_6,0,61.62,593.56,0,-1
355,legit_57,537.85,598.4,12.1251,0.0417,90.0,C3D3,1,87.87,452.94,0,-1
355,legit_58,798.4,530.01,12.9218,0.6144,180.0,E3E2,0,85.1,482.38,0,-1
355,legit_59,414.32,398.4,2.024,2.024,90.0,C2D2,0,52.42,503.81,0,-1
356,legit_40,398.4,987.6,6.7035,0.4437,180.0,C5C4,0,105.83,587.08,0,-1
356,legit_41,492.16,798.4,12.5943,-0.7275,90.0,C4D4,1,59.23,486.65,0,-1
356,legit_44,112.8,998.4,13.837,0.8008,90.0,A5B5,0,89.68,722.06,0,-1
356,legit_46,810.25,801.6,6.2481,-4.3453,270.0,F4E4,0,71.45,511.4,0,-1
356,legit_48,398.4,192.11,12.7376,-0.3483,180.0,C1C0,1,88.67,598.16,0,-1
356,legit_49,624.05,801.6,13.4486,-0.3405,270.0,E4D4,1,131.67,481.1,0,-1
356,legit_50,393.63,198.4,0.9543,0.7442,90.0,:C1_13,1,96.56,596.05,0,-1
356,legit_51,674.95,201.6,11.832,-0.1259,270.0,E1D1,0,110.87,569.68,0,-1
356,legit_52,201.6,227.52,11.4043,0.1528,0.0,B1B2,1,119.26,658.31,0,-1
356,legit_53,583.41,1.6,11.6719,-0.68,270.0,D0C0,0,178.37,704.79,0,-1
356,legit_54,598.4,650.86,13.6017,0.8223,180.0,D4D3,1,156.87,452.79,0,-1
356,legit_55,198.4,298.53,13.2156,0.3353,180.0,B2B1,1,78.24,627.93,0,-1
356,legit_56,998.4,387.97,5.5621,0.0393,179.73,F2F1,0,58.69,595.1,0,-1
356,legit_57,550.12,598.4,12.2702,0.1451,90.0,C3D3,1,100.13,452.17,0,-1
356,legit_58,798.4,516.37,13.6345,0.7126,180.0,E3E2,0,96.62,484.06,0,-1
356,legit_59,418.59,398.4,4.2614,2.2374,90.0,C2D2,0,49.61,502.59,0,-1
357,legit_40,398.4,979.03,8.5721,1.8687,180.0,C5C4,0,113.39,582.53,0,-1
357,legit_41,505.63,798.4,13.4706,0.8763,90.0,C4D4,1,69.46,485.0,0,-1
357,legit_44,125.84,998.4,13.0371,-0.7999,90.0,A5B5,0,85.1,713.87,0,-1
357,legit_46,801.66,801.6,8.5864,2.3383,270.0,:E4_5,0,64.37,508.65,0,-1
357,legit_48,398.4,178.34,13.7726,1.035,180.0,C1C0,1,77.89,605.94,0,-1
357,legit_49,614.94,801.6,9.1096,-4.339,270.0,E4D4,1,140.41,480.9,0,-1
357,legit_50,397.01,198.4,3.3761,2.4218,90.0,:C1_13,1,94.63,595.08,0,-1
357,legit_51,662.93,201.6,12.0149,0.1828,270.0,E1D1,0,119.33,568.72,0,-1
357,legit_52,201.6,238.7,11.1788,-0.2256,0.0,B1B2,1,129.43,652.93,0,-1
357,legit_53,571.61,1.6,11.8055,0.1336,270.0,D0C0,0,169.72,705.08,0,-1
357,legit_54,598.4,637.3,13.5558,-0.0459,180.0,D4D3,1,153.02,451.86,0,-1
357,legit_55,198.4,285.42,13.1168,-0.0988,180.0,B2B1,1,88.91,633.46,0,-1
357,legit_56,998.4,380.31,7.6565,2.0944,180.0,F2F1,0,55.45,597.23,0,-1
357,legit_57,562.59,598.4,12.4654,0.1952,90.0,C3D3,1,112.6,451.56,0,-1
357,legit_58,798.4,502.87,13.5041,-0.1304,180.0,E3E2,0,108.52,485.94,0,-1
357,legit_59,425.29,398.4,6.7064,2.445,90.0,C2D2,0,45.66,500.73,0,-1
358,legit_40,398.4,968.93,10.1067,1.5345,180.0,C5C4,0,122.48,577.26,0,-1
358,legit_41,519.35,798.4,13.7281,0.2574,90.0,C4D4,1,80.87,483.58,0,-1
358,legit_44,139.68,998.4,13.8456,0.8086,90.0,A5B5,0,82.25,705.43,0,-1
358,legit_46,790.73,801.6,10.9381,2.3516,270.0,E4D4,0,55.98,505.3,0,-1
358,legit_48,398.4,164.77,13.5713,-0.2013,180.0,C1C0,1,68.31,613.82,0,-1
358,legit_49,609.08,801.6,5.8575,-3.2521,270.0,E4D4,1,146.06,480.82,0,-1
358,legit_50,402.65,198.4,5.6392,2.2631,90.0,:C1_13,1,91.59,593.49,0,-1
358,legit_51,651.41,201.6,11.5249,-0.49,270.0,E1D1,0,127.98,567.97,0,-1
358,legit_52,201.6,249.48,10.7761,-0.4026,0.0,B1B2,1,121.97,647.86,0,-1
358,legit_53,559.54,1.6,12.068,0.2625,270.0,D0C0,0,161.3,705.54,0,-1
358,legit_54,598.4,623.82,13.4825,-0.0734,180.0,D4D3,1,150.3,451.22,0,-1
358,legit_55,198.4,272.22,13.2008,0.084,180.0,B2B1,1,100.24,639.22,0,-1
358,legit_56,998.4,370.29,10.0243,2.3679,180.0,F2F1,0,52.62,600.16,0,-1
358,legit_57,574.15,598.4,11.5631,-0.9024,90.0,C3D3,1,124.16,451.15,0,-1
358,legit_58,798.4,489.98,12.8852,-0.6189,180.0,E3E2,0,120.19,487.93,0,-1
358,legit_59,434.28,398.4,8.9908,2.2845,90.0,C2D2,0,41.49,498.38,0,-1
359,legit_40,398.4,956.86,12.066,1.9593,180.0,C5C4,0,127.74,571.11,0,-1
359,legit_41,532.08,798.4,12.726,-1.0021,90.0,C4D4,1,92.02,482.48,0,-1
359,legit_44,153.29,998.4,13.6055,-0.2402,90.0,A5B5,0,81.67,697.42,0,-1
359,legit_46,778.05,801.6,12.6799,1.7418,270.0,E4D4,0,47.55,501.65,0,-1
359,legit_48,398.4,151.67,13.0945,-0.4768,180.0,C1C0,1,60.55,621.64,0,-1
359,legit_49,600.96,801.6,8.1181,2.2606,270.0,:D4_5,1,153.9,480.78,0,-1
359,legit_50,410.62,198.4,7.9663,2.3271,90.0,C1D1,1,87.74,591.32,0,-1
359,legit_51,639.63,201.6,11.7741,0.2492,270.0,E1D1,0,137.26,567.37,0,-1
359,legit_52,201.6,259.77,10.2928,-0.4833,0.0,B1B2,1,112.73,643.12,0,-1
359,legit_53,547.28,1.6,12.2599,0.1918,270.0,D0C0,0,153.24,706.18,0,-1
359,legit_54,598.4,613.23,10.5967,-2.8857,180.0,D4D3,1,148.99,450.91,0,-1
359,legit_55,198.4,259.15,13.0613,-0.1395,180.0,B2B1,1,111.86,645.09,0,-1
359,legit_56,998.4,357.7,12.5831,2.5587,180.0,F2F1,0,51.65,604.11,0,-1
359,legit_57,584.57,598.4,10.4188,-1.1443,90.0,C3D3,1,134.58,450.91,0,-1
359,legit_58,798.4,476.58,13.4084,0.5232,180.0,E3E2,0,126.22,490.2,0,-1
359,legit_59,444.68,398.4,10.3926,1.4017,90.0,C2D2,0,38.77,495.87,0,-1
360,legit_40,398.4,944.08,12.7833,0.7173,180.0,C5C4,0,116.17,564.75,0,-1
360,legit_41,545.13,798.4,13.0514,0.3254,90.0,C4D4,1,103.83,481.56,0,-1
360,legit_44,166.56,998.4,13.2701,-0.3354,90.0,A5B5,0,83.26,689.89,0,-1
360,legit_46,765.25,801.6,12.7992,0.1193,270.0,E4D4,0,41.32,498.26,0,-1
360,legit_48,398.4,138.46,13.2139,0.1194,180.0,C1C0,1,54.8,629.79,0,-1
360,legit_49,591.5,801.6,9.4647,1.3466,270.0,D4C4,1,146.62,480.82,0,-1
360,legit_50,420.36,198.4,9.7459,1.7796,90.0,C1D1,1,83.82,588.79,0,-1
360,legit_51,627.83,201.6,11.8069,0.0328,270.0,E1D1,0,146.92,566.92,0,-1
360,legit_52,201.6,270.09,10.3206,0.0278,0.0,B1B2,1,103.66,638.48,0,-1
360,legit_53,535.1,1.6,12.1754,-0.0844,270.0,D0C0,0,145.81,706.98,0,-1
360,legit_54,598.42,607.06,6.1649,-4.4318,179.77,:D3_2,1,148.59,450.81,0,-1
360,legit_55,198.4,245.5,13.6556,0.5942,180.0,B2B1,1,124.31,651.39,0,-1
360,legit_56,998.4,344.32,13.3815,0.7984,180.0,F2F1,0,53.93,608.62,0,-1
360,legit_57,590.49,598.4,5.9188,-4.5,90.0,C3D3,1,140.5,450.83,0,-1
360,legit_58,798.4,463.98,12.5964,-0.812,180.0,E3E2,0,114.69,492.52,0,-1
360,legit_59,457.59,398.4,12.9128,2.5202,90.0,C2D2,0,39.14,493.12,0,-1
360,legit_60,1.6,8.3,0.0,0.0,0.0,A0A1,0,185.74,907.52,0,-1
361,legit_40,398.4,931.04,13.0308,0.2475,180.0,C5C4,0,104.65,558.45,0,-1
361,legit_41,557.79,798.4,12.6618,-0.3896,90.0,C4D4,1,115.54,480.86,0,-1
361,legit_44,179.39,998.4,12.8303,-0.4398,90.0,A5B5,0,86.73,682.85,0,-1
361,legit_46,751.51,801.6,13.7423,0.9431,270.0,E4D4,0,38.43,495.02,0,-1
361,legit_48,398.4,124.76,13.7035,0.4896,180.0,C1C0,1,51.82,638.54,0,-1
361,legit_49,579.99,801.6,11.507,2.0423,270.0,D4C4,1,135.55,481.0,0,-1
361,legit_50,432.7,198.4,12.3359,2.59,90.0,C1D1,1,80.29,585.82,0,-1
361,legit_51,617.38,201.6,10.4476,-1.3592,270.0,E1D1,0,155.71,566.66,0,-1
361,legit_52,201.6,281.65,11.5632,1.2426,0.0,B1B2,1,93.81,633.4,0,-1
361,legit_53,522.5,1.6,12.6014,0.426,270.0,D0C0,0,138.83,707.99,0,-1
361,legit_54,601.43,600.1,7.9302,1.7653,147.43,:D3_16,1,148.57,450.77,0,-1
361,legit_55,198.4,232.16,13.3374,-0.3182,180.0,B2B1,1,122.16,657.73,0,-1
361,legit_56,998.4,331.27,13.0536,-0.3279,180.0,F2F1,0,59.06,613.34,0,-1
361,legit_57,591.91,598.4,1.4188,-4.5,90.0,C3D3,1,141.92,450.81,0,-1
361,legit_58,798.4,450.7,13.2751,0.6787,180.0,E3E2,0,102.81,495.16,0,-1
361,legit_59,470.46,398.4,12.8743,-0.0385,90.0,C2D2,0,43.51,490.76,0,-1
361,legit_60,1.6,9.98,1.6781,1.6781,0.0,A0A1,0,184.74,906.43,0,-1
362,legit_40,398.4,918.31,12.7376,-0.2932,180.0,C5C4,0,93.78,552.47,0,-1
362,legit_41,571.02,798.4,13.2237,0.5619,90.0,C4D4,1,127.97,480.32,0,-1
362,legit_44,192.78,998.4,13.3916,0.5613,90.0,A5B5,0,92.13,675.76,0,-1
362,legit_46,737.94,801.6,13.5647,-0.1776,270.0,E4D4,0,40.25,492.26,0,-1
362,legit_48,398.4,111.04,13.7149,0.0115,180.0,C1C0,1,52.37,647.63,0,-1
362,legit_49,566.31,801.6,13.6812,2.1742,270.0,D4C4,1,122.49,481.41,0,-1
362,legit_50,445.82,198.4,13.1225,0.7866,90.0,C1D1,1,78.51,582.93,0,-1
362,legit_51,611.05,201.6,6.3257,-4.1219,270.0,E1D1,0,161.14,566.56,0,-1
362,legit_52,201.6,292.02,10.3655,-1.1977,0.0,B1B2,1,85.35,628.97,0,-1
362,legit_53,509.84,1.6,12.6576,0.0562,270.0,D0C0,0,132.66,709.19,0,-1
362,legit_54,609.57,598.4,8.5017,0.5715,94.27,D3E3,1,140.44,450.83,0,-1
362,legit_55,198.4,219.14,13.0194,-0.318,180.0,B2B1,1,110.33,664.07,0,-1
362,legit_56,998.4,318.12,13.1464,0.0928,180.0,F2F1,0,66.46,618.35,0,-1
362,legit_57,595.65,598.81,3.7766,2.3578,85.31,:D3_14,1,145.66,450.78,0,-1
362,legit_58,798.4,437.54,13.1634,-0.1117,180.0,E3E2,0,91.41,497.98,0,-1
362,legit_59,483.58,398.4,13.1193,0.245,90.0,C2D2,0,51.01,488.71,0,-1
362,legit_60,1.6,14.15,4.1763,2.4983,0.0,A0A1,0,182.28,903.74,0,-1
363,legit_40,398.4,905.7,12.6023,-0.1353,180.0,C5C4,0,83.54,546.73,0,-1
363,legit_41,584.33,798.4,13.3116,0.0879,90.0,C4D4,2,140.62,479.99,0,-1
363,legit_44,206.39,998.4,13.6119,0.2203,90.0,:B5_7,0,99.19,668.81,0,-1
363,legit_46,724.56,801.6,13.3788,-0.1859,270.0,E4D4,1,46.06,489.94,0,-1
363,legit_48,398.4,97.51,13.5334,-0.1816,180.0,C1C0,2,56.29,656.91,0,-1
363,legit_49,553.01,801.6,13.2963,-0.3849,270.0,D4C4,1,109.94,482.02,0,-1
363,legit_50,459.22,198.4,13.3967,0.2743,90.0,C1D1,2,78.94,580.28,0,-1
363,legit_51,605.3,201.87,5.7692,-0.5566,273.11,:D1_4,1,166.25,566.36,0,-1
363,legit_52,201.6,303.09,11.0686,0.703,0.0,B1B2,1,76.82,624.36,0,-1
363,legit_53,498.02,1.6,11.8186,-0.839,270.0,D0C0,1,127.77,710.5,0,-1
363,legit_54,620.12,598.4,10.5499,2.0482,90.0,D3E3,1,129.89,451.0,0,-1
363,legit_55,198.4,205.81,13.3314,0.312,180.0,:B1_1,1,98.52,670.72,0,-1
363,legit_56,998.4,305.22,12.9008,-0.2456,180.0,F2F1,0,75.25,623.49,0,-1
363,legit_57,600.09,601.76,5.5607,1.7841,53.54,:D3_14,1,149.92,450.77,0,-1
363,legit_58,798.4,424.12,13.4187,0.2553,180.0,E3E2,0,80.34,501.06,0,-1
363,legit_59,496.51,398.4,12.925,-0.1943,90.0,C2D2,0,60.31,486.97,0,-1
363,legit_60,1.6,20.93,6.7724,2.5961,0.0,A0A1,0,178.43,899.41,0,-1
364,legit_40,398.4,892.3,13.409,0.8066,180.0,C5C4,0,73.47,540.84,0,-1
364,legit_44,220.0,998.4,13.6071,-0.0049,90.0,B5C5,0,107.51,662.1,0,-1
364,legit_46,711.37,801.6,13.1895,-0.1893,270.0,E4D4,0,54.47,488.0,0,-1
364,legit_48,398.4,84.41,13.0953,-0.4381,180.0,C1C0,2,62.68,666.16,0,-1
364,legit_49,539.16,801.6,13.8583,0.562,270.0,D4C4,0,97.07,482.87,0,-1
364,legit_50,471.96,198.4,12.7478,-0.6489,90.0,C1D1,2,81.42,578.05,0,-1
364,legit_51,601.79,205.85,5.7496,-0.0195,323.68,:D1_4,1,171.28,564.1,0,-1
364,legit_52,201.6,313.72,10.6363,-0.4323,0.0,B1B2,1,69.31,620.08,0,-1
364,legit_53,486.06,1.6,11.9639,0.1453,270.0,D0C0,1,123.77,712.0,0,-1
364,legit_54,632.3,598.4,12.1772,1.6273,90.0,D3E3,1,117.71,451.36,0,-1
364,legit_55,198.4,192.26,13.5523,0.2209,180.0,B1B0,1,86.97,677.66,0,-1
364,legit_56,998.4,292.48,12.7388,-0.1621,180.0,F2F1,0,84.98,628.77,0,-1
364,legit_57,601.6,608.02,6.5663,1.0056,8.1,D3D4,1,148.62,450.82,0,-1
364,legit_58,798.4,413.83,10.2871,-3.1316,180.0,E3E2,0,72.39,503.58,0,-1
364,legit_59,510.16,398.4,13.6533,0.7283,90.0,C2D2,0,71.37,485.4,0,-1
364,legit_60,1.6,29.44,8.5132,1.7408,0.0,A0A1,0,173.85,894.02,0,-1
365,legit_40,398.4,879.06,13.236,-0.173,180.0,C5C4,1,64.72,535.25,0,-1
365,legit_44,233.14,998.4,13.1445,-0.4626,90.0,B5C5,0,116.49,655.82,0,-1
365,legit_46,697.66,801.6,13.7158,0.5262,270.0,E4D4,0,64.92,486.27,0,-1
365,legit_48,398.4,70.79,13.6252,0.5299,180.0,C1C0,1,71.3,676.02,0,-1
365,legit_49,526.08,801.6,13.0795,-0.7789,270.0,D4C4,1,85.22,483.88,0,-1
365,legit_50,485.58,198.4,13.6181,0.8703,90.0,C1D1,1,86.1,575.96,0,-1
365,legit_51,601.6,210.65,4.8115,-0.9382,357.48,D1D2,1,173.89,561.42,0,-1
365,legit_52,201.6,324.23,10.5033,-0.133,0.0,B1B2,1,62.79,615.99,0,-1
365,legit_53,473.84,1.6,12.2209,0.257,270.0,D0C0,1,120.78,713.72,0,-1
365,legit_54,645.19,598.4,12.8876,0.7103,90.0,D3E3,1,104.83,451.92,0,-1
365,legit_55,198.4,178.84,13.4179,-0.1344,180.0,B1B0,1,76.19,684.72,0,-1
365,legit_56,998.4,279.75,12.7357,-0.003,180.0,F2F1,0,95.41,634.23,0,-1
365,legit_57,601.6,616.68,8.6574,2.0911,0.0,D3D4,1,149.33,450.99,0,-1
365,legit_58,798.4,408.05,5.7871,-4.5,180.0,E3E2,0,68.2,505.06,0,-1
365,legit_59,523.66,398.4,13.4988,-0.1545,90.0,C2D2,0,83.07,484.09,0,-1
365,legit_60,1.6,39.28,9.8436,1.3304,0.0,A0A1,0,168.93,887.85,0,-1
366,legit_40,398.4,865.28,13.7751,0.5391,180.0,C5C4,1,57.46,529.72,0,-1
366,legit_44,246.38,998.4,13.2358,0.0913,90.0,B5C5,0,126.28,649.7,0,-1
366,legit_46,684.15,801.6,13.5016,-0.2141,270.0,E4D4,0,76.22,484.82,0,-1
366,legit_48,398.4,57.99,12.8013,-0.8238,180.0,C1C0,1,80.67,685.46,0,-1
366,legit_49,512.97,801.6,13.1055,0.0261,270.0,D4C4,1,73.76,485.11,0,-1
366,legit_50,498.73,198.4,13.1437,-0.4745,90.0,C1D1,1,92.31,574.22,0,-1
366,legit_51,601.6,216.99,6.3483,1.5368,0.0,D1D2,1,177.29,557.92,0,-1
366,legit_52,201.6,335.11,10.8841,0.3808,0.0,B1B2,0,57.29,611.92,0,-1
366,legit_53,461.64,1.6,12.1957,-0.0252,270.0,D0C0,1,118.97,715.64,0,-1
366,legit_54,658.94,598.4,13.758,0.8705,90.0,D3E3,1,91.07,452.72,0,-1
366,legit_55,198.4,166.08,12.759,-0.6589,180.0,B1B0,0,66.83,691.6,0,-1
366,legit_56,998.4,266.81,12.9371,0.2013,180.0,F2F1,0,106.52,639.94,0,-1
366,legit_57,601.6,626.87,10.1975,1.5401,0.0,D3D4,1,150.81,451.34,0,-1
366,legit_58,800.55,405.87,3.7937,-1.9934,147.57,:E2_17,0,68.26,506.29,0,-1
366,legit_59,537.22,398.4,13.5639,0.0651,90.0,C2D2,0,95.3,483.01,0,-1
366,legit_60,1.6,51.05,11.765,1.9214,0.0,A0A1,0,163.64,880.58,0,-1
366,legit_61,1.6,212.3,0.0,0.0,0.0,A1A2,0,174.76,794.48,0,-1
367,legit_40,398.4,851.84,13.441,-0.3341,180.0,C5C4,1,52.94,524.63,0,-1
367,legit_44,259.95,998.4,13.574,0.3382,90.0,B5C5,0,136.92,643.63,0,-1
367,legit_46,670.58,801.6,13.5741,0.0724,270.0,E4D4,0,88.22,483.6,0,-1
367,legit_48,398.4,44.3,13.6919,0.8905,180.0,C1C0,1,91.62,695.73,0,-1
367,legit_49,500.0,801.6,12.9735,-0.132,270.0,D4C4,1,63.04,486.54,0,-1
367,legit_50,512.1,198.4,13.3773,0.2336,90.0,C1D1,1,100.02,572.71,0,-1
367,legit_51,601.6,225.49,8.5,2.1518,0.0,D1D2,1,182.08,553.32,0,-1
367,legit_52,201.6,346.52,11.4068,0.5227,0.0,B1B2,0,53.33,607.86,0,-1
367,legit_53,449.14,1.6,12.5054,0.3097,270.0,D0C0,1,118.4,717.81,0,-1
367,legit_54,672.74,598.4,13.7937,0.0356,90.0,D3E3,1,77.28,453.75,0,-1
367,legit_55,198.4,152.63,13.4465,0.6875,180.0,B1B0,0,58.37,699.07,0,-1
367,legit_56,998.4,253.2,13.6053,0.6682,180.0,F2F1,0,118.61,646.14,0,-1
367,legit_57,601.6,639.39,12.5158,2.3184,0.0,D3D4,1,153.54,451.99,0,-1
367,legit_58,801.6,408.51,3.0318,-0.7619,51.38,E2E3,0,70.82,505.93,0,-1
367,legit_59,550.27,398.4,13.0495,-0.5144,90.0,C2D2,0,107.37,482.17,0,-1
367,legit_60,1.6,64.44,13.3892,1.6242,0.0,A0A1,0,158.46,872.46,0,-1
367,legit_61,1.6,214.86,2.5616,2.5616,0.0,A1A2,0,176.13,793.33,0,-1
368,legit_40,398.4,838.84,13.0043,-0.4366,180.0,C5C4,1,51.61,520.03,0,-1
368,legit_44,272.64,998.4,12.6859,-0.8881,90.0,B5C5,0,147.3,638.13,0,-1
368,legit_46,657.66,801.6,12.9242,-0.6498,270.0,E4D4,0,100.01,482.65,0,-1
368,legit_48,398.4,31.69,12.6067,-1.0852,180.0,C1C0,1,102.28,705.34,0,-1
368,legit_49,486.28,801.6,13.7177,0.7442,270.0,D4C4,1,52.83,488.32,0,-1
368,legit_50,525.11,198.4,13.0055,-0.3718,90.0,C1D1,1,108.57,571.47,0,-1
368,legit_51,601.6,235.78,10.2872,1.7872,0.0,D1D2,1,188.22,547.86,0,-1
368,legit_52,201.6,357.61,11.093,-0.3138,0.0,B1B2,0,51.66,604.14,0,-1
368,legit_53,437.03,1.6,12.1136,-0.3918,270.0,D0C0,1,119.11,720.11,0,-1
368,legit_54,686.03,598.4,13.2895,-0.5042,90.0,D3E3,1,63.99,454.94,0,-1
368,legit_55,198.4,139.75,12.8848,-0.5617,180.0,B1B0,0,52.27,706.45,0,-1
368,legit_56,998.4,240.05,13.1562,-0.4491,180.0,F2F1,0,130.58,652.29,0,-1
368,legit_57,601.6,651.42,12.0334,-0.4824,0.0,D3D4,1,157.06,452.83,0,-1
368,legit_58,801.6,414.1,5.5896,2.5578,0.0,E2E3,0,74.76,504.5,0,-1
368,legit_59,563.35,398.4,13.0827,0.0332,90.0,C2D2,0,119.68,481.53,0,-1
368,legit_60,1.6,77.21,12.7747,-0.6145,0.0,A0A1,1,154.45,864.85,0,-1
368,legit_61,1.6,219.91,5.0516,2.49,0.0,A1A2,1,178.9,791.08,0,-1
369,legit_40,398.4,825.55,13.2893,0.285,180.0,C5C4,1,53.59,515.67,0,-1
369,legit_44,285.43,998.4,12.7969,0.1111,90.0,B5C5,0,158.12,632.75,0,-1
369,legit_46,644.49,801.6,13.1619,0.2377,270.0,E4D4,1,112.28,481.89,0,-1
369,legit_48,398.4,19.86,11.8333,-0.7734,180.0,C1C0,1,112.66,714.46,0,-1
369,legit_49,472.52,801.6,13.7633,0.0456,270.0,D4C4,1,44.51,490.42,0,-1
369,legit_50,538.21,198.4,13.0971,0.0916,90.0,C1D1,1,118.01,570.45,0,-1
369,legit_51,601.6,247.26,11.4757,1.1885,0.0,D1D2,1,186.37,541.93,0,-1
369,legit_52,201.6,368.68,11.0651,-0.0279,0.0,B1B2,0,52.32,600.65,0,-1
369,legit_53,425.23,1.6,11.7998,-0.3138,270.0,D0C0,1,120.96,722.54,0,-1
369,legit_54,699.54,598.4,13.511,0.2215,90.0,D3E3,1,50.49,456.35,0,-1
369,legit_55,198.4,126.61,13.1438,0.259,180.0,B1B0,0,48.85,714.26,0,-1
369,legit_56,998.4,226.21,13.8395,0.6834,180.0,F2F1,0,118.08,658.95,0,-1
369,legit_57,601.6,663.25,11.8226,-0.2108,0.0,D3D4,2,161.32,453.87,0,-1
369,legit_58,801.6,421.89,7.7968,2.2073,0.0,E2E3,0,80.58,502.58,0,-1
369,legit_59,576.51,398.4,13.1555,0.0727,90.0,C2D2,0,132.21,481.09,0,-1
369,legit_60,1.6,90.79,13.5785,0.8038,0.0,A0A1,1,151.25,856.94,0,-1
369,legit_61,1.6,226.71,6.7958,1.7441,0.0,A1A2,1,182.78,788.09,0,-1
370,legit_40,398.4,812.25,13.3047,0.0153,180.0,C5C4,1,58.59,511.64,0,-1
370,legit_44,298.89,998.4,13.4579,0.661,90.0,B5C5,0,169.79,627.27,0,-1
370,legit_46,631.11,801.6,13.3878,0.2259,270.0,E4D4,1,124.94,481.32,0,-1
370,legit_48,398.4,12.07,7.7869,-4.0463,180.0,C1C0,1,119.63,720.52,0,-1
370,legit_49,459.12,801.6,13.3939,-0.3693,270.0,D4C4,1,39.47,492.82,0,-1
370,legit_50,551.57,198.4,13.3686,0.2716,90.0,C1D1,1,128.31,569.62,0,-1
370,legit_51,601.6,259.42,12.1655,0.6898,0.0,D1D2,2,179.27,535.83,0,-1
370,legit_52,201.6,379.0,10.3204,-0.7447,0.0,B1B2,0,54.99,597.6,0,-1
370,legit_53,413.19,1.6,12.0336,0.2338,270.0,D0C0,1,123.99,725.21,0,-1
370,legit_54,712.68,598.4,13.1416,-0.3694,90.0,D3E3,1,37.35,457.93,0,-1
370,legit_55,198.4,112.86,13.7449,0.6011,180.0,B1B0,0,48.92,722.74,0,-1
370,legit_56,998.4,215.24,10.9654,-2.8741,180.0,F2F1,0,108.32,664.35,0,-1
370,legit_57,601.6,675.53,12.2818,0.4591,0.0,D3D4,2,166.51,455.17,0,-1
370,legit_58,801.6,431.5,9.6107,1.8138,0.0,E2E3,0,88.18,500.31,0,-1
370,legit_59,585.76,398.4,9.2455,-3.91,90.0,C2D2,1,141.08,480.89,0,-1
370,legit_60,1.6,103.88,13.0908,-0.4877,0.0,A0A1,1,149.27,849.48,0,-1
370,legit_61,1.6,234.84,8.1272,1.3315,0.0,A1A2,1,187.64,784.58,0,-1
371,legit_44,312.32,998.4,13.4262,-0.0317,90.0,B5C5,0,160.05,622.0,0,-1
371,legit_46,619.45,801.6,11.6581,-1.7296,270.0,E4D4,1,136.08,480.99,0,-1
371,legit_48,398.4,7.79,4.2762,-3.5107,180.0,C1C0,1,123.5,723.87,0,-1
371,legit_49,445.38,801.6,13.7407,0.3467,270.0,D4C4,0,38.68,495.71,0,-1
371,legit_50,565.36,198.4,13.7809,0.4122,90.0,C1D1,1,139.48,568.98,0,-1
371,legit_51,601.6,270.85,11.4245,-0.741,0.0,D1D2,2,173.12,530.28,0,-1
371,legit_52,201.6,390.18,11.1832,0.8628,0.0,B1B2,0,59.78,594.51,0,-1
371,legit_53,400.44,1.6,12.7497,0.7161,270.0,:C0_4,1,128.35,728.23,0,-1
371,legit_54,726.18,598.4,13.4994,0.3578,90.0,D3E3,0,23.87,459.76,0,-1
371,legit_55,198.4,99.51,13.348,-0.397,180.0,B1B0,0,52.56,731.28,0,-1
371,legit_56,998.4,207.68,7.5601,-3.4053,180.0,F2F1,0,101.74,668.14,0,-1
371,legit_57,601.6,688.04,12.5121,0.2303,0.0,D3D4,1,172.55,456.72,0,-1
371,legit_58,801.6,442.45,10.9462,1.3355,0.0,E2E3,0,97.27,497.87,0,-1
371,legit_59,590.5,398.4,4.7455,-4.5,90.0,C2D2,1,145.65,480.83,0,-1
371,legit_60,1.6,116.61,12.7301,-0.3607,0.0,A0A1,1,148.44,842.39,0,-1
371,legit_61,1.6,244.55,9.7123,1.5851,0.0,A1A2,1,188.02,780.48,0,-1
372,legit_44,325.11,998.4,12.7962,-0.63,90.0,B5C5,0,149.18,617.15,0,-1
372,legit_46,612.25,801.6,7.2011,-4.457,270.0,E4D4,1,143.0,480.86,0,-1
372,legit_48,398.62,5.67,2.1348,-2.1414,177.49,:C0_1,1,125.34,725.47,0,-1
372,legit_49,431.97,801.6,13.4149,-0.3257,270.0,D4C4,0,42.42,498.97,0,-1
372,legit_50,577.83,198.4,12.4777,-1.3031,90.0,C1D1,1,149.96,568.59,0,-1
372,legit_51,601.6,281.94,11.0891,-0.3354,0.0,D1D2,2,167.68,525.05,0,-1
372,legit_52,201.6,401.27,11.0864,-0.0968,0.0,:B2_9,0,66.07,591.63,0,-1
372,legit_53,388.42,1.6,12.0204,-0.7293,270.0,C0B0,1,133.46,731.26,0,-1
372,legit_54,739.27,598.4,13.0909,-0.4084,90.0,D3E3,0,10.85,461.74,0,-1
372,legit_55,198.4,86.13,13.3806,0.0326,180.0,B1B0,0,59.07,740.12,0,-1
372,legit_56,995.88,202.33,6.3035,-1.2566,210.63,:F1_0,0,98.52,669.58,0,-1
372,legit_57,601.6,699.87,11.8252,-0.6869,0.0,D3D4,1,178.87,458.38,0,-1
372,legit_58,801.6,454.98,12.533,1.5869,0.0,E2E3,0,108.1,495.25,0,-1
372,legit_59,597.45,398.4,6.9514,2.206,90.0,:D2_13,1,152.37,480.78,0,-1
372,legit_60,1.6,129.75,13.1422,0.4121,0.0,A0A1,1,148.72,835.25,0,-1
372,legit_61,1.6,256.26,11.7106,1.9983,0.0,A1A2,1,181.07,775.67,0,-1
372,legit_62,998.4,991.7,0.0,0.0,180.0,F5F4,0,102.27,667.83,0,-1
373,legit_44,338.63,998.4,13.5125,0.7163,90.0,B5C5,0,138.07,612.21,0,-1
373,legit_46,607.55,801.6,4.6973,-2.5039,270.0,E4D4,1,147.53,480.81,0,-1
373,legit_48,399.8,1.94,3.9896,1.8548,164.41,:C0_1,1,128.29,728.12,0,-1
373,legit_49,419.14,801.6,12.8284,-0.5865,270.0,D4C4,0,49.26,502.43,0,-1
373,legit_50,586.03,198.4,8.1958,-4.282,90.0,C1D1,1,157.0,568.42,0,-1
373,legit_51,601.6,294.0,12.0648,0.9757,0.0,D1D2,2,162.41,519.55,0,-1
373,legit_52,201.6,412.04,10.7702,-0.3162,0.0,B2B3,0,73.28,589.0,0,-1
373,legit_53,375.83,1.6,12.5878,0.5674,270.0,C0B0,1,139.71,734.63,0,-1
373,legit_54,752.87,598.4,13.6014,0.5105,90.0,D3E3,1,3.29,464.31,0,-1
373,legit_55,198.4,72.3,13.8352,0.4546,180.0,B1B0,0,67.96,749.5,0,-1
373,legit_56,990.05,201.6,5.9602,-0.3433,266.34,F1E1,0,101.26,667.03,0,-1
373,legit_57,601.6,712.15,12.2798,0.4546,0.0,D3D4,1,186.01,460.32,0,-1
373,legit_58,801.6,468.15,13.1707,0.6377,0.0,E2E3,1,119.83,492.7,0,-1
373,legit_59,606.16,398.4,8.7047,1.7533,90.0,:D2_13,1,148.88,480.8,0,-1
373,legit_60,1.6,143.04,13.2877,0.1455,0.0,A0A1,1,150.18,828.21,0,-1
373,legit_61,1.6,268.55,12.2895,0.5789,0.0,A1A2,1,174.32,770.77,0,-1
373,legit_62,998.4,990.12,1.5752,1.5752,180.0,F5F4,0,103.63,667.03,0,-1
374,legit_44,351.27,998.4,12.6427,-0.8698,90.0,B5C5,0,128.09,607.77,0,-1
374,legit_46,601.11,801.6,6.4382,1.7409,270.0,:D4_5,1,153.76,480.78,0,-1
374,legit_48,404.85,-1.26,6.2883,2.2988,115.54,:C0_1,1,129.4,729.43,0,-1
374,legit_50,590.44,198.4,4.4071,-3.7886,90.0,C1D1,1,160.84,568.37,0,-1
374,legit_51,601.6,305.81,11.81,-0.2548,0.0,D1D2,2,157.98,514.36,0,-1
374,legit_52,201.6,423.6,11.5658,0.7956,0.0,B2B3,0,81.9,586.34,0,-1
374,legit_53,363.36,1.6,12.478,-0.1098,270.0,C0B0,1,146.72,738.14,0,-1
374,legit_54,766.42,598.4,13.5491,-0.0524,90.0,D3E3,1,16.5,468.11,0,-1
374,legit_55,198.4,59.25,13.0499,-0.7853,180.0,B1B0,0,77.68,758.53,0,-1
374,legit_56,982.48,201.6,7.5662,1.606,270.0,F1E1,0,105.91,663.3,0,-1
374,legit_57,601.6,723.61,11.4662,-0.8136,0.0,D3D4,1,188.6,462.32,0,-1
374,legit_58,801.6,481.64,13.4827,0.312,0.0,E2E3,1,129.12,490.29,0,-1
374,legit_59,616.53,398.4,10.3739,1.6692,90.0,D2E2,1,138.88,480.93,0,-1
374,legit_60,1.6,156.2,13.1577,-0.13,0.0,A0A1,1,152.75,821.41,0,-1
374,legit_61,1.6,281.75,13.2007,0.9112,0.0,A1A2,1,167.77,765.69,0,-1
374,legit_62,998.4,986.14,3.9816,2.4063,180.0,F5F4,0,107.11,665.04,0,-1
375,legit_44,364.34,998.4,13.0711,0.4284,90.0,B5C5,0,118.3,603.38,0,-1
375,legit_46,592.51,801.6,8.6022,2.164,270.0,D4C4,1,147.59,480.81,0,-1
375,legit_48,412.12,-1.6,7.2891,1.0008,90.13,C0D0,1,127.36,727.99,0,-1
375,legit_50,596.37,198.4,5.9289,1.5218,90.0,:D1_13,1,166.04,568.32,0,-1
375,legit_51,601.6,317.64,11.8255,0.0155,0.0,D1D2,2,154.33,509.36,0,-1
375,legit_52,201.6,434.86,11.2561,-0.3097,0.0,B2B3,0,90.92,583.9,0,-1
375,legit_53,350.69,1.6,12.6701,0.192,270.0,C0B0,1,154.54,741.89,0,-1
375,legit_54,780.2,598.4,13.776,0.2269,90.0,D3E3,1,30.24,472.21,0,-1
375,legit_55,198.4,45.75,13.4977,0.4478,180.0,B1B0,0,88.63,768.03,0,-1
375,legit_56,972.53,201.6,9.9569,2.3907,270.0,F1E1,0,112.52,658.5,0,-1
375,legit_57,601.6,735.4,11.7859,0.3196,0.0,D3D4,1,181.56,464.56,0,-1
375,legit_58,801.6,495.17,13.5345,0.0518,0.0,E2E3,1,116.84,488.07,0,-1
375,legit_59,629.03,398.4,12.497,2.1231,90.0,D2E2,1,126.92,481.25,0,-1
375,legit_60,1.6,169.65,13.4483,0.2906,0.0,A0A1,1,156.48,814.66,0,-1
375,legit_61,1.6,294.96,13.2081,0.0074,0.0,A1A2,1,162.03,760.8,0,-1
375,legit_62,998.4,980.27,5.8747,1.8931,180.0,F5F4,0,112.29,662.12,0,-1
376,legit_44,377.99,998.4,13.6478,0.5766,90.0,B5C5,0,108.83,599.01,0,-1
376,legit_46,581.91,801.6,10.6032,2.001,270.0,D4C4,1,137.38,480.96,0,-1
376,legit_48,420.88,-1.6,8.7647,1.4756,90.0,C0D0,1,125.04,726.02,0,-1
376,legit_50,603.96,198.4,7.5902,1.6613,90.0,:D1_13,1,165.76,568.32,0,-1
376,legit_51,601.6,329.02,11.3824,-0.4431,0.0,D1D2,2,151.6,504.74,0,-1
376,legit_52,201.6,445.35,10.4894,-0.7667,0.0,B2B3,0,99.73,581.76,0,-1
376,legit_53,338.24,1.6,12.4448,-0.2252,270.0,C0B0,2,162.81,745.74,0,-1
376,legit_55,198.4,32.87,12.878,-0.6198,180.0,B1B0,1,99.67,777.23,0,-1
376,legit_56,961.03,201.6,11.4989,1.5421,270.0,F1E1,0,120.73,653.1,0,-1
376,legit_57,601.6,746.98,11.5823,-0.2036,0.0,D3D4,1,175.14,466.95,0,-1
376,legit_58,801.6,508.2,13.0312,-0.5033,0.0,E2E3,0,105.31,486.14,0,-1
376,legit_59,642.46,398.4,13.4273,0.9303,90.0,D2E2,1,114.19,481.79,0,-1
376,legit_60,1.6,182.05,12.4008,-1.0475,0.0,A0A1,1,160.85,808.6,0,-1
376,legit_61,1.6,307.35,12.3897,-0.8185,0.0,A1A2,1,157.46,756.4,0,-1
376,legit_62,998.4,972.51,7.7589,1.8842,180.0,F5F4,0,119.23,658.32,0,-1
377,legit_44,391.55,998.4,13.5658,-0.082,90.0,B5C5,0,100.37,594.9,0,-1
377,legit_46,569.7,801.6,12.2049,1.6016,270.0,D4C4,1,125.71,481.29,0,-1
377,legit_48,431.89,-1.6,11.0043,2.2395,90.0,C0D0,1,122.94,723.7,0,-1
377,legit_50,613.86,198.4,9.9033,2.313,90.0,D1E1,1,157.1,568.42,0,-1
377,legit_51,601.6,341.21,12.1931,0.8107,0.0,D1D2,2,149.58,500.01,0,-1
377,legit_52,201.6,456.79,11.4372,0.9478,0.0,B2B3,0,109.68,579.56,0,-1
377,legit_53,325.61,1.6,12.6288,0.1839,270.0,C0B0,2,171.73,749.82,0,-1
377,legit_55,198.4,20.6,12.271,-0.607,180.0,B1B0,1,110.56,786.11,0,-1
377,legit_56,947.66,201.6,13.3695,1.8706,270.0,F1E1,0,130.89,647.01,0,-1
377,legit_57,601.6,758.96,11.9837,0.4014,0.0,D3D4,1,169.08,469.62,0,-1
377,legit_58,801.6,522.02,13.8136,0.7824,0.0,E2E3,0,93.51,484.32,0,-1
377,legit_59,655.41,398.4,12.9503,-0.477,90.0,D2E2,1,102.09,482.51,0,-1
377,legit_60,1.6,189.95,7.9008,-4.5,0.0,A0A1,1,164.06,804.82,0,-1
377,legit_61,1.6,319.64,12.2921,-0.0976,0.0,A1A2,1,153.79,752.2,0,-1
377,legit_62,998.4,962.71,9.803,2.0441,180.0,F5F4,0,128.14,653.6,0,-1
378,legit_44,404.84,998.4,13.2837,-0.2821,90.0,:C5_7,0,93.26,591.13,0,-1
378,legit_46,556.94,801.6,12.7666,0.5617,270.0,D4C4,1,113.62,481.82,0,-1
378,legit_48,444.2,-1.6,12.315,1.3107,90.0,C0D0,1,121.74,721.28,0,-1
378,legit_50,625.66,198.4,11.7977,1.8944,90.0,D1E1,0,147.0,568.68,0,-1
378,legit_51,601.6,353.38,12.1665,-0.0265,0.0,D1D2,1,148.55,495.5,0,-1
378,legit_52,201.6,468.04,11.2547,-0.1825,0.0,B2B3,0,119.73,577.53,0,-1
378,legit_53,313.92,1.6,11.689,-0.9398,270.0,C0B0,2,180.38,753.74,0,-1
378,legit_55,198.4,12.55,8.0537,-4.2173,180.0,B1B0,1,117.85,792.0,0,-1
378,legit_56,934.41,201.6,13.2435,-0.126,270.0,F1E1,1,141.49,641.16,0,-1
378,legit_57,601.6,771.1,12.1386,0.1549,0.0,D3D4,1,163.61,472.53,0,-1
378,legit_58,801.6,534.8,12.7791,-1.0345,0.0,E2E3,0,83.15,482.83,0,-1
378,legit_59,668.83,398.4,13.428,0.4777,90.0,D2E2,1,89.79,483.46,0,-1
378,legit_60,1.02,193.66,3.8873,-4.0135,353.19,:A1_8,1,166.19,803.49,0,-1
378,legit_61,1.6,332.22,12.5835,0.2914,0.0,A1A2,1,150.98,748.08,0,-1
378,legit_62,998.4,950.52,12.1884,2.3855,180.0,F5F4,0,121.97,647.86,0,-1
378,legit_63,987.7,201.6,0.0,0.0,270.0,F1E1,1,102.66,665.86,0,-1
379,legit_44,417.74,998.4,12.9013,-0.3824,90.0,C5D5,0,87.75,587.7,0,-1
379,legit_46,543.22,801.6,13.7107,0.9441,270.0,D4C4,1,100.82,482.6,0,-1
379,legit_48,457.86,-1.6,13.6586,1.3436,90.0,C0D0,0,121.85,718.84,0,-1
379,legit_50,638.67,198.4,13.0104,1.2127,90.0,D1E1,0,136.17,569.14,0,-1
379,legit_51,601.6,365.56,12.1791,0.0126,0.0,D1D2,1,148.5,491.21,0,-1
379,legit_52,201.6,479.26,11.2186,-0.036,0.0,B2B3,0,129.94,575.64,0,-1
379,legit_53,302.21,1.6,11.7094,0.0205,270.0,C0B0,1,189.37,757.81,0,-1
379,legit_55,198.4,7.8,4.7449,-3.3087,180.0,B1B0,1,122.19,795.49,0,-1
379,legit_56,920.76,201.6,13.6586,0.4151,270.0,F1E1,1,152.85,635.33,0,-1
379,legit_57,601.6,783.11,12.0079,-0.1307,0.0,D3D4,1,158.93,475.61,0,-1
379,legit_58,801.6,548.51,13.7142,0.9351,0.0,E2E3,0,72.9,481.48,0,-1
379,legit_59,682.38,398.4,13.5497,0.1218,90.0,D2E2,1,77.76,484.65,0,-1
379,legit_60,-1.1,193.55,2.7293,-1.158,306.35,:A1_11,0,168.05,805.11,0,-1
379,legit_61,1.6,345.1,12.8788,0.2953,0.0,A1A2,0,149.15,744.06,0,-1
379,legit_62,998.4,938.28,12.2345,0.046,180.0,F5F4,0,111.01,642.24,0,-1
379,legit_63,985.95,201.6,1.7511,1.7511,270.0,F1E1,1,103.74,665.0,0,-1
380,legit_44,431.07,998.4,13.3336,0.4323,90.0,C5D5,0,83.77,584.44,0,-1
380,legit_46,530.59,801.6,12.6309,-1.0799,270.0,D4C4,1,89.27,483.51,0,-1
380,legit_48,471.17,-1.6,13.3118,-0.3468,90.0,C0D0,0,123.43,716.69,0,-1
380,legit_50,652.4,198.4,13.7312,0.7207,90.0,D1E1,0,125.19,569.84,0,-1
380,legit_51,601.6,377.14,11.5857,-0.5934,0.0,D1D2,1,149.39,487.35,0,-1
380,legit_52,201.6,490.22,10.96,-0.2587,0.0,B2B3,0,121.3,573.92,0,-1
380,legit_53,289.64,1.6,12.5773,0.8679,270.0,C0B0,1,183.08,762.34,0,-1
380,legit_55,200.21,5.71,3.1772,-1.5677,155.15,:B0_2,1,124.84,796.19,0,-1
380,legit_56,907.37,201.6,13.3839,-0.2747,270.0,F1E1,1,164.32,629.8,0,-1
380,legit_57,601.6,795.38,12.2667,0.2588,0.0,:D4_9,1,154.96,478.98,0,-1
380,legit_58,801.6,562.28,13.7652,0.051,0.0,E2E3,0,63.92,480.38,0,-1
380,legit_59,695.06,398.4,12.6752,-0.8745,90.0,D2E2,1,67.03,485.97,0,-1
380,legit_60,-1.6,190.87,2.8387,0.1094,215.07,A1A0,0,167.35,806.75,0,-1
380,legit_61,1.6,357.19,12.0861,-0.7927,0.0,A1A2,0,148.43,740.47,0,-1
380,legit_62,998.4,925.43,12.8554,0.621,180.0,F5F4,0,99.8,636.49,0,-1
380,legit_63,981.69,201.6,4.2604,2.5093,270.0,F1E1,1,106.42,662.91,0,-1
381,legit_44,444.34,998.4,13.2679,-0.0657,90.0,C5D5,0,81.8,581.49,0,-1
381,legit_46,516.92,801.6,13.6745,1.0436,270.0,D4C4,1,77.15,484.72,0,-1
381,legit_48,484.53,-1.6,13.3545,0.0427,90.0,C0D0,0,126.41,714.77,0,-1
381,legit_50,665.51,198.4,13.1082,-0.623,90.0,D1E1,0,115.26,570.72,0,-1
381,legit_51,601.6,386.23,9.0912,-2.4944,0.0,D1D2,1,150.7,484.45,0,-1
381,legit_52,201.6,501.77,11.5536,0.5936,0.0,B2B3,0,110.96,572.25,0,-1
381,legit_53,276.99,1.6,12.6459,0.0685,270.0,C0B0,1,173.62,767.05,0,-1
381,legit_55,201.6,7.86,2.7557,-0.4215,72.76,B0B1,1,123.44,793.97,0,-1
381,legit_56,894.72,201.6,12.6507,-0.7332,270.0,F1E1,1,166.14,624.74,0,-1
381,legit_57,601.6,807.67,12.2916,0.0249,0.0,D4D5,1,151.88,482.58,0,-1
381,legit_58,801.6,575.39,13.1113,-0.6539,0.0,E2E3,0,57.17,479.61,0,-1
381,legit_59,707.8,398.4,12.7445,0.0693,90.0,D2E2,1,57.05,487.52,0,-1
381,legit_60,-1.6,186.2,4.668,1.8293,180.0,A1A0,0,165.42,808.96,0,-1
381,legit_61,1.6,370.25,13.0644,0.9783,0.0,A1A2,0,148.75,736.78,0,-1
381,legit_62,998.4,912.44,12.986,0.1306,180.0,F5F4,0,88.94,630.86,0,-1
381,legit_63,976.07,201.6,5.6146,1.3541,270.0,F1E1,1,110.11,660.2,0,-1
382,legit_44,457.75,998.4,13.4057,0.1378,90.0,C5D5,0,81.97,578.8,0,-1
382,legit_46,503.28,801.6,13.6405,-0.034,270.0,D4C4,1,65.67,486.16,0,-1
382,legit_48,497.75,-1.6,13.2184,-0.1361,90.0,C0D0,0,130.64,713.1,0,-1
382,legit_50,678.54,198.4,13.034,-0.0742,90.0,D1E1,0,106.08,571.8,0,-1
382,legit_51,601.6,391.7,5.4661,-3.6251,0.0,D1D2,1,151.75,482.77,0,-1
382,legit_52,201.6,512.2,10.4296,-1.1241,0.0,B2B3,0,101.84,570.86,0,-1
382,legit_53,264.75,1.6,12.2364,-0.4095,270.0,C0B0,1,164.89,771.77,0,-1
382,legit_55,201.6,12.76,4.903,2.1473,0.0,B0B1,1,119.01,790.36,0,-1
382,legit_56,881.66,201.6,13.0652,0.4146,270.0,F1E1,1,154.89,619.69,0,-1
382,legit_57,601.6,820.2,12.5287,0.2371,0.0,D4D5,1,149.72,486.49,0,-1
382,legit_58,801.6,588.01,12.621,-0.4903,0.0,E2E3,0,52.98,479.16,0,-1
382,legit_59,720.87,398.4,13.0659,0.3214,90.0,D2E2,1,48.2,489.37,0,-1
382,legit_60,-1.6,179.73,6.4637,1.7958,180.0,A1A0,0,162.94,812.07,0,-1
382,legit_61,1.6,383.32,13.0699,0.0055,0.0,A1A2,0,150.22,733.31,0,-1
382,legit_62,998.4,899.6,12.8425,-0.1435,180.0,F5F4,0,78.83,625.47,0,-1
382,legit_63,968.65,201.6,7.4254,1.8109,270.0,F1E1,1,115.22,656.66,0,-1
383,legit_44,471.03,998.4,13.2875,-0.1182,90.0,C5D5,0,84.27,576.44,0,-1
383,legit_46,489.55,801.6,13.729,0.0885,270.0,D4C4,1,55.12,487.87,0,-1
383,legit_48,511.51,-1.6,13.7589,0.5405,90.0,C0D0,0,136.27,711.59,0,-1
383,legit_50,692.15,198.4,13.6064,0.5724,90.0,D1E1,0,97.44,573.16,0,-1
383,legit_51,602.8,396.67,5.2251,-0.2411,14.2,:D2_8,1,151.7,481.29,0,-1
383,legit_52,201.6,523.73,11.5326,1.103,0.0,B2B3,0,92.08,569.46,0,-1
383,legit_53,252.45,1.6,12.301,0.0646,270.0,C0B0,1,156.57,776.67,0,-1
383,legit_55,201.6,20.11,7.3503,2.4473,0.0,B0B1,1,112.43,784.98,0,-1
383,legit_56,868.07,201.6,13.5823,0.517,270.0,F1E1,1,143.53,614.63,0,-1
383,legit_57,601.6,832.57,12.3763,-0.1524,0.0,D4D5,1,148.59,490.58,0,-1
383,legit_58,801.6,601.6,13.596,0.975,0.0,:E3_9,0,51.62,479.01,0,-1
383,legit_59,733.68,398.4,12.8131,-0.2528,90.0,D2E2,1,41.72,491.48,0,-1
383,legit_60,-1.6,170.73,9.0072,2.5435,180.0,A1A0,0,159.86,816.47,0,-1
383,legit_61,1.6,395.87,12.548,-0.5219,0.0,:A2_7,0,152.67,730.16,0,-1
383,legit_62,998.4,886.9,12.6992,-0.1433,180.0,F5F4,0,69.73,620.32,0,-1
383,legit_63,958.68,201.6,9.967,2.5416,270.0,F1E1,1,122.46,652.02,0,-1
384,legit_44,483.76,998.4,12.7292,-0.5583,90.0,C5D5,0,88.31,574.45,0,-1
384,legit_46,475.86,801.6,13.6865,-0.0425,270.0,D4C4,1,46.3,489.88,0,-1
384,legit_48,524.36,-1.6,12.8559,-0.903,90.0,C0D0,0,142.54,710.39,0,-1
384,legit_50,705.91,198.4,13.76,0.1536,90.0,D1E1,1,89.95,574.81,0,-1
384,legit_51,607.71,398.4,5.4117,0.1866,73.5,D2E2,1,147.38,480.81,0,-1
384,legit_52,201.6,535.08,11.3479,-0.1847,0.0,B2B3,0,82.93,568.23,0,-1
384,legit_53,240.56,1.6,11.8979,-0.4031,270.0,C0B0,1,149.06,781.55,0,-1
384,legit_55,201.6,29.24,9.1294,1.7791,0.0,B0B1,1,104.4,778.36,0,-1
384,legit_56,855.09,201.6,12.9797,-0.6026,270.0,F1E1,2,133.05,609.98,0,-1
384,legit_57,601.6,844.29,11.7116,-0.6647,0.0,D4D5,1,148.46,494.66,0,-1
384,legit_58,801.6,615.31,13.702,0.1061,0.0,E3E4,0,53.82,479.25,0,-1
384,legit_59,746.31,398.4,12.632,-0.1811,90.0,D2E2,1,38.58,493.91,0,-1
384,legit_60,-1.6,159.73,10.9983,1.9911,180.0,A1A0,0,156.72,821.95,0,-1
384,legit_61,1.6,409.02,13.1512,0.6032,0.0,A2A3,0,156.29,727.07,0,-1
384,legit_62,998.4,873.99,12.9131,0.2138,180.0,F5F4,0,61.79,615.31,0,-1
384,legit_63,946.3,201.6,12.383,2.416,270.0,F1E1,1,131.96,646.4,0,-1
384,legit_64,-1.6,587.7,0.0,0.0,180.0,A3A2,0,152.1,707.72,0,-1
385,legit_44,497.26,998.4,13.4959,0.7668,90.0,C5D5,0,94.3,572.62,0,-1
385,legit_46,462.81,801.6,13.0577,-0.6288,270.0,D4C4,1,40.48,492.12,0,-1
385,legit_48,537.77,-1.6,13.409,0.5531,90.0,C0D0,0,149.97,709.35,0,-1
385,legit_50,719.12,198.4,13.2102,-0.5498,90.0,D1E1,1,84.26,576.65,0,-1
385,legit_51,614.59,398.4,6.8812,1.4696,90.0,D2E2,1,140.75,480.9,0,-1
385,legit_52,201.6,546.14,11.059,-0.289,0.0,B2B3,0,74.59,567.18,0,-1
385,legit_53,227.86,1.6,12.6972,0.7993,270.0,C0B0,1,141.71,786.93,0,-1
385,legit_55,201.6,40.2,10.9526,1.8232,0.0,B0B1,1,95.03,770.49,0,-1
385,legit_56,841.96,201.6,13.1385,0.1588,270.0,F1E1,2,122.94,605.47,0,-1
385,legit_57,601.6,856.25,11.9673,0.2557,0.0,D4D5,1,149.29,499.05,0,-1
385,legit_58,801.6,628.89,13.5887,-0.1133,0.0,E3E4,0,59.14,479.83,0,-1
385,legit_59,759.7,398.4,13.3872,0.7551,90.0,D2E2,1,39.61,496.9,0,-1
385,legit_60,-1.6,146.97,12.7565,1.7582,180.0,A1A0,0,153.98,828.48,0,-1
385,legit_61,1.6,421.03,12.0125,-1.1387,0.0,A2A3,0,160.46,724.42,0,-1
385,legit_62,998.4,860.58,13.4052,0.4921,180.0,F5F4,0,55.55,610.36,0,-1
385,legit_63,933.99,201.6,12.3126,-0.0703,270.0,F1E1,1,141.84,640.98,0,-1
385,legit_64,-1.6,585.53,2.1682,2.1682,180.0,A3A2,0,152.29,707.76,0,-1
386,legit_44,510.51,998.4,13.2514,-0.2446,90.0,C5D5,0,101.59,571.09,0,-1
386,legit_46,449.37,801.6,13.4304,0.3726,270.0,D4C4,0,38.41,494.82,0,-1
386,legit_48,551.29,-1.6,13.5181,0.1091,90.0,C0D0,0,158.26,708.51,0,-1
386,legit_50,732.14,198.4,13.0267,-0.1835,90.0,D1E1,1,80.41,578.74,0,-1
386,legit_51,623.77,398.4,9.1778,2.2966,90.0,D2E2,1,131.94,481.09,0,-1
386,legit_52,201.6,556.7,10.5569,-0.5021,0.0,B2B3,0,67.36,566.33,0,-1
386,legit_53,216.46,1.6,11.3952,-1.3019,270.0,C0B0,1,135.78,791.9,0,-1
386,legit_55,201.6,53.45,13.2509,2.2984,0.0,B0B1,1,84.21,761.09,0,-1
386,legit_56,829.34,201.6,12.6171,-0.5213,270.0,F1E1,2,113.81,601.33,0,-1
386,legit_57,601.6,867.77,11.5195,-0.4478,0.0,D4D5,0,150.98,503.47,0,-1
386,legit_58,801.6,642.23,13.3376,-0.2512,0.0,E3E4,0,66.68,480.71,0,-1
386,legit_59,772.95,398.4,13.2496,-0.1376,90.0,D2E2,1,44.74,500.26,0,-1
386,legit_60,-1.6,134.04,12.9363,0.1797,180.0,A1A0,0,152.25,835.26,0,-1
386,legit_61,1.6,433.28,12.248,0.2355,0.0,A2A3,1,165.51,721.9,0,-1
386,legit_62,998.4,848.15,12.428,-0.9772,180.0,F5F4,0,52.24,606.04,0,-1
386,legit_63,921.32,201.6,12.6636,0.3509,270.0,F1E1,1,152.37,635.57,0,-1
386,legit_64,-1.6,581.69,3.8467,1.6785,180.0,A3A2,1,152.7,707.84,0,-1
387,legit_44,523.2,998.4,12.6857,-0.5656,90.0,C5D5,1,109.62,569.84,0,-1
387,legit_46,436.07,801.6,13.3072,-0.1231,270.0,D4C4,0,40.85,497.93,0,-1
387,legit_48,563.96,-1.6,12.67,-0.8481,90.0,C0D0,0,166.65,707.91,0,-1
387,legit_50,745.94,198.4,13.7968,0.7701,90.0,D1E1,1,78.51,581.26,0,-1
387,legit_51,635.47,398.4,11.6987,2.5209,90.0,D2E2,1,120.8,481.48,0,-1
387,legit_52,201.6,567.47,10.7764,0.2196,0.0,B2B3,0,61.0,565.62,0,-1
387,legit_53,207.64,1.6,8.826,-2.5692,270.0,C0B0,1,131.68,795.85,0,-1
387,legit_55,201.6,66.46,13.0117,-0.2392,0.0,B0B1,1,74.36,752.02,0,-1
387,legit_56,818.12,201.6,11.2149,-1.4022,270.0,F1E1,2,106.3,597.81,0,-1
387,legit_57,601.6,879.97,12.1994,0.6799,0.0,D4D5,1,153.69,508.38,0,-1
387,legit_58,801.6,654.9,12.6707,-0.6669,0.0,E3E4,0,75.34,481.79,0,-1
387,legit_59,782.97,398.4,10.0155,-3.2341,90.0,D2E2,1,50.61,503.03,0,-1
387,legit_60,-1.6,120.36,13.6715,0.7353,180.0,A1A0,0,151.6,842.62,0,-1
387,legit_61,1.6,445.79,12.5061,0.2581,0.0,A2A3,1,171.41,719.5,0,-1
387,legit_62,998.4,835.98,12.1752,-0.2528,180.0,F5F4,0,51.76,602.09,0,-1
387,legit_63,909.3,201.6,12.0272,-0.6364,270.0,F1E1,1,162.65,630.58,0,-1
387,legit_64,-1.6,576.18,5.5046,1.6579,180.0,A3A2,1,153.46,707.98,0,-1
388,legit_44,536.49,998.4,13.2907,0.6049,90.0,C5D5,1,118.91,568.76,0,-1
388,legit_46,422.91,801.6,13.153,-0.1542,270.0,D4C4,0,46.99,501.38,0,-1
388,legit_48,576.79,-1.6,12.8317,0.1617,90.0,C0D0,0,175.68,707.49,0,-1
388,legit_50,758.66,198.4,12.7244,-1.0724,90.0,D1E1,2,78.88,583.88,0,-1
388,legit_51,646.99,398.4,11.5259,-0.1728,90.0,D2E2,1,109.93,482.02,0,-1
388,legit_52,201.6,579.01,11.5331,0.7566,0.0,B2B3,0,55.71,565.06,0,-1
388,legit_53,202.74,3.43,5.4559,-3.3702,292.39,:B0_3,1,127.94,796.72,0,-1
388,legit_55,201.6,79.82,13.3645,0.3528,0.0,B0B1,1,65.4,742.87,0,-1
388,legit_56,811.14,201.6,6.9803,-4.2346,270.0,F1E1,2,101.97,595.7,0,-1
388,legit_57,601.6,891.33,11.3558,-0.8435,0.0,D4D5,1,157.03,513.14,0,-1
388,legit_58,801.6,667.8,12.8931,0.2224,0.0,E3E4,0,85.2,483.12,0,-1
388,legit_59,789.19,398.4,6.223,-3.7925,90.0,D2E2,1,54.87,504.84,0,-1
388,legit_60,-1.6,106.77,13.5966,-0.0749,180.0,A1A0,0,152.18,850.13,0,-1
388,legit_61,1.6,458.91,13.1233,0.6171,0.0,A2A3,1,178.34,717.18,0,-1
388,legit_62,998.4,823.3,12.6799,0.5046,180.0,F5F4,0,54.24,598.26,0,-1
388,legit_63,896.66,201.6,12.6376,0.6104,270.0,F1E1,2,167.83,625.5,0,-1
388,legit_64,-1.6,568.76,7.4224,1.9177,180.0,A3A2,1,154.79,708.24,0,-1
389,legit_44,550.31,998.4,13.8183,0.5277,90.0,C5D5,1,129.3,567.87,0,-1
389,legit_46,413.23,801.6,9.6833,-3.4698,270.0,D4C4,0,53.16,504.13,0,-1
389,legit_48,589.59,-1.6,12.7977,-0.0341,90.0,C0D0,0,185.13,707.25,0,-1
389,legit_50,772.09,198.4,13.4222,0.6978,90.0,D1E1,2,81.45,586.94,0,-1
389,legit_51,658.65,398.4,11.6548,0.1289,90.0,D2E2,1,99.1,482.72,0,-1
389,legit_52,201.6,589.48,10.4769,-1.0562,0.0,B2B3,0,52.66,564.75,0,-1
389,legit_53,201.6,9.09,5.8977,0.4419,352.09,B0B1,1,122.33,793.06,0,-1
389,legit_55,201.6,93.37,13.5517,0.1872,0.0,B0B1,1,58.06,733.81,0,-1
389,legit_56,802.6,201.6,8.5426,1.5623,270.0,:E1_5,2,97.08,593.21,0,-1
389,legit_57,601.6,902.87,11.5467,0.1908,0.0,D4D5,1,161.17,518.16,0,-1
389,legit_58,801.6,680.78,12.9846,0.0915,0.0,E3E4,0,95.85,484.67,0,-1
389,legit_59,797.53,398.4,8.3441,2.1212,90.0,:E2_13,1,61.11,507.36,0,-1
389,legit_60,-1.6,93.14,13.6318,0.0353,180.0,A1A0,0,153.96,857.84,0,-1
389,legit_61,1.6,471.55,12.6367,-0.4866,0.0,A2A3,1,185.65,715.14,0,-1
389,legit_62,998.4,811.09,12.2137,-0.4662,180.0,F5F4,0,59.15,594.85,0,-1
389,legit_63,884.33,201.6,12.3226,-0.315,270.0,F1E1,2,157.18,620.71,0,-1
389,legit_64,-1.6,558.89,9.866,2.4436,180.0,A3A2,1,157.07,708.68,0,-1
390,legit_44,564.03,998.4,13.7233,-0.095,90.0,C5D5,1,140.22,567.21,0,-1
390,legit_46,408.05,801.6,5.1833,-4.5,270.0,D4C4,0,56.87,505.67,0,-1
390,legit_50,782.28,198.4,10.1891,-3.2331,90.0,D1E1,2,84.78,589.46,0,-1
390,legit_51,670.0,398.4,11.3553,-0.2995,90.0,D2E2,1,88.74,483.56,0,-1
390,legit_52,201.6,600.27,10.7874,0.3105,0.0,:B3_9,0,51.6,564.64,0,-1
390,legit_53,201.6,16.85,7.7635,1.8658,0.0,B0B1,1,115.34,787.37,0,-1
390,legit_55,201.6,106.59,13.2182,-0.3336,0.0,B0B1,1,53.31,725.22,0,-1
390,legit_56,792.11,201.6,10.4868,1.9442,270.0,E1D1,2,91.83,590.3,0,-1
390,legit_57,601.6,914.39,11.5183,-0.0284,0.0,D4D5,1,166.0,523.36,0,-1
390,legit_58,801.6,693.48,12.7032,-0.2813,0.0,E3E4,0,106.78,486.38,0,-1
390,legit_59,807.57,398.4,10.0393,1.6951,90.0,E2F2,1,69.2,510.53,0,-1
390,legit_60,-1.6,80.22,12.9192,-0.7126,180.0,A1A0,0,156.73,865.32,0,-1
390,legit_61,1.6,484.12,12.5683,-0.0684,0.0,A2A3,1,188.29,713.29,0,-1
390,legit_62,998.4,798.84,12.2476,0.0339,180.0,:F4_1,0,66.01,591.65,0,-1
390,legit_63,871.61,201.6,12.7287,0.4061,270.0,F1E1,2,146.45,615.93,0,-1
390,legit_64,-1.6,546.62,12.2759,2.4099,180.0,A3A2,1,160.72,709.4,0,-1
390,legit_65,998.4,991.7,0.0,0.0,180.0,F5F4,0,102.27,667.83,0,-1
391,legit_44,577.17,998.4,13.1386,-0.5847,90.0,C5D5,1,151.1,566.78,0,-1
391,legit_46,400.59,801.6,7.4615,2.2782,270.0,:C4_5,0,62.58,507.95,0,-1
391,legit_50,788.84,198.4,6.5636,-3.6255,90.0,D1E1,2,87.49,591.17,0,-1
391,legit_51,681.7,398.4,11.6946,0.3392,90.0,D2E2,1,78.36,484.58,0,-1
391,legit_52,201.6,610.57,10.3025,-0.4849,0.0,B3B4,0,52.67,564.75,0,-1
391,legit_53,201.6,26.46,9.6095,1.846,0.0,B0B1,1,106.83,780.37,0,-1
391,legit_55,201.6,120.45,13.8535,0.6353,0.0,B0B1,1,51.6,716.52,0,-1
391,legit_56,779.86,201.6,12.2506,1.7638,270.0,E1D1,2,86.89,587.1,0,-1
391,legit_57,601.6,926.33,11.9368,0.4185,0.0,D4D5,1,171.68,528.93,0,-1
391,legit_58,801.6,706.21,12.7239,0.0206,0.0,E3E4,0,118.08,488.29,0,-1
391,legit_59,820.06,398.4,12.4898,2.4505,90.0,E2F2,1,79.9,514.65,0,-1
391,legit_60,-1.6,67.11,13.101,0.1818,180.0,A1A0,0,160.56,873.06,0,-1
391,legit_61,1.6,496.28,12.1609,-0.4074,0.0,A2A3,1,181.06,711.67,0,-1
391,legit_62,998.4,786.19,12.6456,0.3981,180.0,F4F3,0,74.55,588.58,0,-1
391,legit_63,859.15,201.6,12.4551,-0.2736,270.0,F1E1,2,136.28,611.42,0,-1
391,legit_64,-1.6,534.82,11.797,-0.4789,180.0,A3A2,1,165.02,710.26,0,-1
391,legit_65,998.4,989.45,2.2502,2.2502,180.0,F5F4,0,104.22,666.69,0,-1
392,legit_44,590.1,998.4,12.931,-0.2077,90.0,C5D5,1,162.13,566.55,0,-1
392,legit_46,391.39,801.6,9.2012,1.7397,270.0,C4B4,0,70.07,510.86,0,-1
392,legit_50,796.13,198.88,7.3213,0.7577,84.53,:E1_14,2,91.37,592.89,0,-1
392,legit_51,693.27,398.4,11.5787,-0.1159,90.0,D2E2,1,68.5,485.77,0,-1
392,legit_52,201.6,622.06,11.4858,1.1833,0.0,B3B4,0,56.12,565.1,0,-1
392,legit_53,201.6,37.47,11.0081,1.3986,0.0,B0B1,1,97.34,772.44,0,-1
392,legit_55,201.6,133.78,13.3341,-0.5194,0.0,B0B1,1,53.41,708.45,0,-1
392,legit_56,766.95,201.6,12.9166,0.666,270.0,E1D1,2,83.34,583.98,0,-1
392,legit_57,601.6,937.9,11.5712,-0.3655,0.0,D4D5,1,177.78,534.52,0,-1
392,legit_58,801.6,719.53,13.3261,0.6022,0.0,E3E4,0,130.2,490.49,0,-1
392,legit_59,832.84,398.4,12.773,0.2832,90.0,E2F2,1,91.3,519.07,0,-1
392,legit_60,-1.6,54.11,13.0002,-0.1007,180.0,A1A0,0,165.3,880.89,0,-1
392,legit_61,1.6,509.26,12.983,0.8222,0.0,A2A3,1,173.94,710.14,0,-1
392,legit_62,998.4,773.85,12.3432,-0.3025,180.0,F4F3,0,83.9,585.77,0,-1
392,legit_63,846.72,201.6,12.4295,-0.0256,270.0,F1E1,2,126.54,607.09,0,-1
392,legit_64,-1.6,522.42,12.4012,0.6042,180.0,A3A2,1,170.3,711.35,0,-1
392,legit_65,998.4,984.85,4.6009,2.3507,180.0,F5F4,0,108.24,664.39,0,-1
393,legit_44,603.81,998.4,13.7154,0.7844,90.0,:D5_7,1,167.42,566.5,0,-1
393,legit_46,379.66,801.6,11.7284,2.5272,270.0,C4B4,0,80.14,514.75,0,-1
393,legit_50,801.22,204.53,8.1313,0.81,28.85,:E1_14,2,98.84,591.22,0,-1
393,legit_51,705.43,398.4,12.1527,0.574,90.0,D2E2,1,58.83,487.21,0,-1
393,legit_52,201.6,632.59,10.5329,-0.9529,0.0,B3B4,0,61.03,565.62,0,-1
393,legit_53,201.6,49.52,12.0507,1.0426,0.0,B0B1,1,87.35,763.86,0,-1
393,legit_55,201.6,146.78,13.0028,-0.3313,0.0,B0B1,1,58.14,700.85,0,-1
393,legit_56,753.67,201.6,13.2808,0.3642,270.0,E1D1,2,81.68,581.07,0,-1
393,legit_57,601.6,949.72,11.822,0.2508,0.0,D4D5,1,184.56,540.4,0,-1
393,legit_58,801.6,732.93,13.4007,0.0746,0.0,E3E4,0,118.85,492.9,0,-1
393,legit_59,846.25,398.4,13.4106,0.6377,90.0,E2F2,1,103.62,523.91,0,-1
393,legit_60,-1.6,40.53,13.5865,0.5863,180.0,A1A0,0,171.17,889.24,0,-1
393,legit_61,1.6,522.44,13.1761,0.193,0.0,A2A3,1,167.45,708.78,0,-1
393,legit_62,998.4,760.55,13.2979,0.9547,180.0,F4F3,0,94.73,582.95,0,-1
393,legit_63,833.61,201.6,13.1126,0.6831,270.0,F1E1,2,116.83,602.71,0,-1
393,legit_64,-1.6,510.5,11.9206,-0.4806,180.0,A3A2,1,176.05,712.57,0,-1
393,legit_65,998.4,977.85,6.9998,2.3989,180.0,F5F4,0,114.44,660.93,0,-1
394,legit_44,616.93,998.4,13.1163,-0.5991,90.0,D5E5,1,156.1,566.65,0,-1
394,legit_46,366.44,801.6,13.2198,1.4914,270.0,C4B4,0,91.96,519.32,0,-1
394,legit_50,801.6,212.45,7.947,-0.1842,0.0,E1E2,2,105.87,587.06,0,-1
394,legit_51,717.28,398.4,11.855,-0.2977,90.0,D2E2,1,50.45,488.83,0,-1
394,legit_52,201.6,643.05,10.4574,-0.0755,0.0,B3B4,0,67.2,566.31,0,-1
394,legit_53,201.6,62.1,12.5844,0.5337,0.0,B0B1,1,77.55,755.04,0,-1
394,legit_55,201.6,160.57,13.7847,0.7819,0.0,B0B1,1,65.64,693.07,0,-1
394,legit_56,741.02,201.6,12.6434,-0.6374,270.0,E1D1,2,82.09,578.57,0,-1
394,legit_57,601.6,961.99,12.2667,0.4447,0.0,D4D5,1,189.6,546.7,0,-1
394,legit_58,801.6,746.5,13.5677,0.167,0.0,E3E4,0,106.79,495.55,0,-1
394,legit_59,859.71,398.4,13.4613,0.0506,90.0,E2F2,1,116.23,528.97,0,-1
394,legit_60,-1.6,26.93,13.5964,0.0098,180.0,A1A0,0,177.89,897.74,0,-1
394,legit_61,1.6,535.47,13.0373,-0.1388,0.0,A2A3,1,161.82,707.64,0,-1
394,legit_62,998.4,748.18,12.3697,-0.9282,180.0,F4F3,0,105.32,580.5,0,-1
394,legit_63,820.84,201.6,12.7691,-0.3435,270.0,F1E1,2,108.06,598.65,0,-1
394,legit_64,-1.6,498.72,11.774,-0.1465,180.0,A3A2,1,182.32,713.93,0,-1
394,legit_65,998.4,968.89,8.9588,1.9591,180.0,F5F4,0,122.51,656.57,0,-1
395,legit_44,630.41,998.4,13.4825,0.3662,90.0,D5E5,1,144.77,567.01,0,-1
395,legit_46,353.37,801.6,13.0679,-0.1518,270.0,C4B4,0,103.98,524.05,0,-1
395,legit_50,801.6,221.74,9.2936,1.3465,0.0,E1E2,2,114.08,582.12,0,-1
395,legit_51,728.37,398.4,11.0884,-0.7666,90.0,D2E2,1,44.07,490.57,0,-1
395,legit_52,201.6,654.2,11.149,0.6916,0.0,B3B4,0,74.83,567.21,0,-1
395,legit_53,201.6,74.14,12.0409,-0.5435,0.0,B0B1,1,69.03,746.74,0,-1
395,legit_55,201.6,173.98,13.4157,-0.369,0.0,B0B1,1,74.68,685.73,0,-1
395,legit_56,727.52,201.6,13.5062,0.8628,270.0,E1D1,2,84.64,576.2,0,-1
395,legit_57,601.6,974.13,12.1449,-0.1218,0.0,D4D5,1,182.29,553.12,0,-1
395,legit_58,801.6,759.72,13.2177,-0.35,0.0,E3E4,0,95.43,498.34,0,-1
395,legit_59,872.83,398.4,13.1268,-0.3345,90.0,E2F2,1,128.7,534.1,0,-1
395,legit_60,-1.6,13.14,13.7968,0.2005,180.0,A1A0,0,185.48,906.52,0,-1
395,legit_61,1.6,547.92,12.4483,-0.589,0.0,A2A3,1,157.27,706.74,0,-1
395,legit_62,998.4,735.22,12.965,0.5953,180.0,F4F3,0,116.8,578.1,0,-1
395,legit_63,812.31,201.6,8.5308,-4.2383,270.0,F1E1,2,102.67,596.05,0,-1
395,legit_64,-1.6,487.33,11.3949,-0.3791,180.0,A3A2,1,188.88,715.41,0,-1
395,legit_65,998.4,958.2,10.6875,1.7286,180.0,F5F4,0,128.97,651.46,0,-1
396,legit_44,643.09,998.4,12.6807,-0.8018,90.0,D5E5,1,134.49,567.53,0,-1
396,legit_46,339.92,801.6,13.4498,0.3818,270.0,C4B4,0,116.59,529.11,0,-1
396,legit_50,801.6,233.11,11.369,2.0754,0.0,E1E2,2,124.33,576.21,0,-1
396,legit_51,740.54,398.4,12.172,1.0836,90.0,D2E2,1,39.55,492.75,0,-1
396,legit_52,201.6,665.43,11.2257,0.0767,0.0,B3B4,0,83.32,568.28,0,-1
396,legit_53,201.6,86.12,11.9807,-0.0602,0.0,B0B1,1,61.73,738.63,0,-1
396,legit_55,201.6,187.14,13.1544,-0.2614,0.0,B0B1,1,84.68,678.72,0,-1
396,legit_56,714.16,201.6,13.3569,-0.1494,270.0,E1D1,2,89.12,574.15,0,-1
396,legit_57,601.6,983.82,9.684,-2.4609,0.0,D4D5,1,176.84,558.37,0,-1
396,legit_58,801.6,773.55,13.8312,0.6135,0.0,E3E4,0,84.13,501.49,0,-1
396,legit_59,886.7,398.4,13.8621,0.7354,90.0,E2F2,1,141.99,539.71,0,-1
396,legit_60,-1.6,3.78,9.3512,-4.4456,180.0,A1A0,0,191.02,912.55,0,-1
396,legit_61,1.6,560.62,12.7002,0.252,0.0,A2A3,1,153.54,706.02,0,-1
396,legit_62,998.4,722.47,12.7423,-0.2228,180.0,F4F3,0,128.35,575.92,0,-1
396,legit_63,808.24,201.6,4.0712,-4.4596,270.0,F1E1,2,100.25,594.84,0,-1
396,legit_64,-1.6,475.43,11.9006,0.5057,180.0,A3A2,1,190.54,717.1,0,-1
396,legit_65,998.4,945.85,12.3507,1.6632,180.0,F5F4,0,117.76,645.7,0,-1
396,legit_66,212.3,398.4,0.0,0.0,90.0,B2C2,0,73.18,586.72,0,-1
397,legit_44,656.62,998.4,13.5243,0.8436,90.0,D5E5,1,124.01,568.29,0,-1
397,legit_46,326.7,801.6,13.2237,-0.2261,270.0,C4B4,0,129.15,534.28,0,-1
397,legit_50,801.6,246.65,13.5433,2.1743,0.0,E1E2,2,124.54,569.34,0,-1
397,legit_51,751.8,398.4,11.2587,-0.9133,90.0,D2E2,1,38.44,495.08,0,-1
397,legit_52,201.6,676.47,11.0398,-0.1859,0.0,B3B4,0,92.25,569.48,0,-1
397,legit_53,201.6,98.62,12.499,0.5183,0.0,B0B1,0,55.85,730.37,0,-1
397,legit_56,701.25,201.6,12.9085,-0.4484,270.0,E1D1,2,95.05,572.44,0,-1
397,legit_57,601.6,990.28,6.466,-3.218,0.0,D4D5,1,173.41,561.94,0,-1
397,legit_58,801.6,784.64,11.0899,-2.7413,0.0,E3E4,0,75.68,504.18,0,-1
397,legit_59,899.94,398.4,13.2464,-0.6157,90.0,E2F2,1,154.78,545.27,0,-1
397,legit_60,0.68,-1.05,5.7097,-3.6415,151.27,:A0_0,0,192.22,914.2,0,-1
397,legit_61,1.6,572.9,12.2778,-0.4224,0.0,A2A3,1,150.85,705.51,0,-1
397,legit_62,998.4,709.59,12.8868,0.1446,180.0,F4F3,0,121.13,573.89,0,-1
397,legit_63,802.28,201.6,5.956,1.8848,270.0,:E1_5,2,96.91,593.12,0,-1
397,legit_64,-1.6,464.28,11.1489,-0.7517,180.0,A3A2,1,184.0,718.84,0,-1
397,legit_65,998.4,932.09,13.7611,1.4104,180.0,F5F4,0,105.56,639.45,0,-1
397,legit_66,214.77,398.4,2.4726,2.4726,90.0,B2C2,0,75.3,585.44,0,-1
398,legit_44,670.19,998.4,13.5688,0.0445,90.0,D5E5,1,114.14,569.28,0,-1
398,legit_46,313.87,801.6,12.8249,-0.3989,270.0,C4B4,0,141.44,539.48,0,-1
398,legit_50,801.6,259.78,13.124,-0.4192,0.0,E1E2,3,112.72,562.87,0,-1
398,legit_51,763.11,398.4,11.3126,0.0539,90.0,D2E2,2,40.58,497.73,0,-1
398,legit_52,201.6,686.97,10.5059,-0.5339,0.0,B3B4,0,101.13,570.75,0,-1
398,legit_53,201.6,110.84,12.216,-0.283,0.0,B0B1,0,52.41,722.52,0,-1
398,legit_56,687.91,201.6,13.3439,0.4353,270.0,E1D1,2,102.54,570.92,0,-1
398,legit_57,600.93,996.85,6.6366,0.1705,352.27,:D5_4,1,170.69,565.62,0,-1
398,legit_58,801.6,792.48,7.8368,-3.2531,0.0,E3E4,0,70.15,506.19,0,-1
398,legit_59,912.83,398.4,12.8847,-0.3617,90.0,E2F2,1,142.45,550.85,0,-1
398,legit_60,6.47,-1.6,5.8828,0.1731,92.81,A0B0,0,188.12,910.78,0,-1
398,legit_61,1.6,585.74,12.8415,0.5637,0.0,A2A3,1,149.08,705.17,0,-1
398,legit_62,998.4,696.83,12.7586,-0.1282,180.0,F4F3,0,109.72,572.05,0,-1
398,legit_63,794.27,201.6,8.0144,2.0583,270.0,:E1_5,2,92.83,590.88,0,-1
398,legit_64,-1.6,452.11,12.1697,1.0209,180.0,A3A2,1,177.39,720.91,0,-1
398,legit_65,998.4,919.31,12.7809,-0.9802,180.0,F5F4,0,94.62,633.82,0,-1
398,legit_66,218.86,398.4,4.0829,1.6103,90.0,B2C2,0,78.84,583.34,0,-1
399,legit_44,684.05,998.4,13.8606,0.2918,90.0,D5E5,1,104.92,570.53,0,-1
399,legit_46,300.87,801.6,12.9974,0.1725,270.0,C4B4,1,153.99,544.92,0,-1
399,legit_50,801.6,273.24,13.4624,0.3383,0.0,E1E2,3,100.94,556.42,0,-1
399,legit_51,774.92,398.4,11.8088,0.4962,90.0,D2E2,1,45.78,500.79,0,-1
399,legit_52,201.6,698.12,11.1475,0.6416,0.0,B3B4,1,110.86,572.23,0,-1
399,legit_53,201.6,123.56,12.7246,0.5086,0.0,B0B1,0,51.72,714.6,0,-1
399,legit_56,674.66,201.6,13.2494,-0.0944,270.0,E1D1,2,111.06,569.65,0,-1
399,legit_57,595.86,1001.16,6.9797,0.3431,302.85,:D5_4,1,165.8,568.08,0,-1
399,legit_58,804.73,798.04,6.8564,-0.9803,38.08,:E4_8,0,68.97,508.65,0,-1
399,legit_59,925.54,398.4,12.7107,-0.174,90.0,E2F2,0,130.25,556.52,0,-1
399,legit_60,14.74,-1.6,8.2689,2.3861,90.0,A0B0,0,181.89,905.43,0,-1
399,legit_61,1.6,597.84,12.1029,-0.7386,0.0,:A3_7,0,148.42,705.05,0,-1
399,legit_62,998.4,684.18,12.6473,-0.1113,180.0,F4F3,0,98.74,570.4,0,-1
399,legit_63,783.99,201.6,10.2759,2.2615,270.0,E1D1,2,88.4,588.15,0,-1
399,legit_64,-1.6,440.14,11.965,-0.2048,180.0,A3A2,0,171.48,723.1,0,-1
399,legit_65,998.4,906.63,12.6779,-0.103,180.0,F5F4,0,84.28,628.4,0,-1
399,legit_66,225.26,398.4,6.4074,2.3245,90.0,B2C2,0,84.49,580.08,0,-1
400,legit_44,697.44,998.4,13.3958,-0.4648,90.0,D5E5,1,97.06,571.98,0,-1
400,legit_46,287.27,801.6,13.6081,0.6107,270.0,C4B4,1,142.54,550.81,0,-1
400,legit_50,801.6,286.08,12.8423,-0.62,0.0,E1E2,2,90.15,550.45,0,-1
400,legit_51,786.27,398.4,11.3496,-0.4592,90.0,D2E2,1,52.82,503.99,0,-1
400,legit_52,201.6,708.88,10.7653,-0.3821,0.0,B3B4,1,120.49,573.79,0,-1
400,legit_53,201.6,135.67,12.108,-0.6166,0.0,B0B1,0,53.93,707.32,0,-1
400,legit_56,661.68,201.6,12.9797,-0.2697,270.0,E1D1,1,120.25,568.63,0,-1
400,legit_57,589.54,1001.6,6.3465,-0.6332,272.83,D5C5,1,160.06,568.38,0,-1
400,legit_58,811.8,798.4,7.0927,0.2362,89.35,E4F4,0,74.49,511.02,0,-1
400,legit_59,938.59,398.4,13.0489,0.3382,90.0,E2F2,0,117.84,562.52,0,-1
400,legit_60,25.58,-1.6,10.8417,2.5728,90.0,A0B0,0,173.97,898.48,0,-1
400,legit_61,1.6,610.5,12.6521,0.5492,0.0,A3A4,0,148.77,705.12,0,-1
400,legit_62,998.4,671.82,12.3587,-0.2886,180.0,F4F3,0,88.44,568.96,0,-1
400,legit_63,771.12,201.6,12.8755,2.5997,270.0,E1D1,2,84.29,584.96,0,-1
400,legit_64,-1.6,428.88,11.2599,-0.7051,180.0,A3A2,0,166.52,725.32,0,-1
400,legit_65,998.4,893.05,13.5825,0.9046,180.0,F5F4,0,74.01,622.79,0,-1
400,legit_66,234.0,398.4,8.7366,2.3292,90.0,B2C2,0,92.36,575.71,0,-1
401,legit_44,711.03,998.4,13.5879,0.1921,90.0,D5E5,1,90.43,573.71,0,-1
401,legit_46,273.62,801.6,13.6488,0.0408,270.0,C4B4,1,129.44,556.9,0,-1
401,legit_50,801.6,298.67,12.5903,-0.252,0.0,E1E2,1,80.15,544.78,0,-1
401,legit_52,201.6,719.28,10.3931,-0.3723,0.0,B3B4,1,129.96,575.4,0,-1
401,legit_53,201.6,148.46,12.7876,0.6796,0.0,B0B1,0,58.93,699.89,0,-1
401,legit_56,648.51,201.6,13.164,0.1843,270.0,E1D1,1,130.22,567.81,0,-1
401,legit_57,581.44,1001.6,8.1046,1.7581,270.0,D5C5,1,153.05,568.5,0,-1
401,legit_58,820.61,798.4,8.8152,1.7225,90.0,E4F4,0,81.95,513.95,0,-1
401,legit_59,951.41,398.4,12.8278,-0.2211,90.0,E2F2,0,105.8,568.59,0,-1
401,legit_60,38.46,-1.6,12.8799,2.0382,90.0,A0B0,0,165.01,890.34,0,-1
401,legit_61,1.6,623.39,12.8918,0.2397,0.0,A3A4,0,150.23,705.39,0,-1
401,legit_62,998.4,659.23,12.5905,0.2318,180.0,F4F3,0,78.56,567.67,0,-1
401,legit_63,759.06,201.6,12.0523,-0.8232,270.0,E1D1,2,82.1,582.22,0,-1
401,legit_64,-1.6,416.69,12.1898,0.9299,180.0,A3A2,0,161.85,727.89,0,-1
401,legit_65,998.4,880.25,12.797,-0.7855,180.0,F5F4,0,65.44,617.71,0,-1
401,legit_66,244.36,398.4,10.3623,1.6258,90.0,B2C2,0,101.88,570.63,0,-1
402,legit_44,724.79,998.4,13.7637,0.1758,90.0,D5E5,1,85.4,575.76,0,-1
402,legit_46,259.73,801.6,13.8896,0.2408,270.0,C4B4,1,116.25,563.31,0,-1
402,legit_50,801.6,311.46,12.7815,0.1912,0.0,E1E2,1,70.85,539.23,0,-1
402,legit_52,201.6,730.37,11.088,0.6949,0.0,B3B4,1,121.17,577.25,0,-1
402,legit_53,201.6,160.45,11.9906,-0.797,0.0,B0B1,0,65.56,693.14,0,-1
402,legit_56,634.68,201.6,13.8381,0.6741,270.0,E1D1,1,141.27,567.16,0,-1
402,legit_57,570.92,1001.6,10.5149,2.4104,270.0,D5C5,0,144.12,568.78,0,-1
402,legit_58,831.23,798.4,10.6223,1.8071,90.0,E4F4,0,91.27,517.61,0,-1
402,legit_59,965.16,398.4,13.7409,0.9131,90.0,E2F2,0,93.13,575.29,0,-1
402,legit_60,52.19,-1.6,13.7289,0.849,90.0,A0B0,0,156.06,881.81,0,-1
402,legit_61,1.6,635.88,12.49,-0.4018,0.0,A3A4,0,152.68,705.85,0,-1
402,legit_62,998.4,646.58,12.6513,0.0609,180.0,F4F3,0,69.52,566.58,0,-1
402,legit_63,746.23,201.6,12.8332,0.7809,270.0,E1D1,2,81.69,579.57,0,-1
402,legit_64,-1.6,404.54,12.1525,-0.0373,180.0,:A2_0,0,158.01,730.63,0,-1
402,legit_65,998.4,867.64,12.6105,-0.1865,180.0,F5F4,0,58.54,612.93,0,-1
402,legit_66,257.2,398.4,12.8371,2.4748,90.0,B2C2,0,113.87,564.49,0,-1
402,legit_67,812.3,998.4,0.0,0.0,90.0,E5F5,1,102.66,596.05,0,-1
403,legit_44,737.89,998.4,13.0939,-0.6699,90.0,D5E5,1,82.49,577.99,0,-1
403,legit_46,246.97,801.6,12.7574,-1.1322,270.0,C4B4,1,104.3,569.37,0,-1
403,legit_50,801.6,324.77,13.3115,0.53,0.0,E1E2,1,62.48,533.69,0,-1
403,legit_52,201.6,741.53,11.166,0.078,0.0,B3B4,1,111.17,579.25,0,-1
403,legit_53,201.6,172.34,11.8937,-0.0969,0.0,B0B1,0,73.5,686.61,0,-1
403,legit_56,621.12,201.6,13.5581,-0.2799,270.0,E1D1,1,152.54,566.74,0,-1
403,legit_57,559.32,1001.6,11.601,1.0861,270.0,D5C5,0,134.53,569.23,0,-1
403,legit_58,843.22,798.4,11.9907,1.3684,90.0,E4F4,0,102.09,521.91,0,-1
403,legit_59,978.51,398.4,13.3561,-0.3848,90.0,E2F2,0,81.15,581.99,0,-1
403,legit_60,64.93,-1.6,12.7379,-0.991,90.0,A0B0,0,148.41,874.03,0,-1
403,legit_61,1.6,648.47,12.5914,0.1015,0.0,A3A4,0,156.11,706.51,0,-1
403,legit_62,998.4,633.88,12.6996,0.0482,180.0,F4F3,0,61.73,565.7,0,-1
403,legit_63,733.26,201.6,12.9683,0.1351,270.0,E1D1,2,83.3,577.17,0,-1
403,legit_64,-1.6,393.1,11.4419,-0.7106,180.0,:A2_0,0,155.17,733.37,0,-1
403,legit_65,998.4,854.56,13.0797,0.4692,180.0,F5F4,0,53.62,608.24,0,-1
403,legit_66,270.25,398.4,13.0474,0.2103,90.0,B2C2,0,126.23,558.44,0,-1
403,legit_67,814.07,998.4,1.7741,1.7741,90.0,E5F5,1,103.75,596.58,0,-1
404,legit_44,751.29,998.4,13.4014,0.3076,90.0,D5E5,1,81.61,580.58,0,-1
404,legit_46,233.82,801.6,13.1503,0.393,270.0,C4B4,1,92.2,575.79,0,-1
404,legit_50,801.6,337.79,13.0266,-0.2849,0.0,E1E2,0,56.18,528.53,0,-1
404,legit_52,201.6,753.09,11.5577,0.3917,0.0,B3B4,1,101.07,581.45,0,-1
404,legit_53,201.6,184.2,11.8581,-0.0356,0.0,B0B1,0,82.37,680.27,0,-1
404,legit_56,612.06,201.6,9.0581,-4.5,270.0,E1D1,1,160.27,566.58,0,-1
404,legit_57,547.12,1001.6,12.1982,0.5972,270.0,D5C5,0,124.82,569.87,0,-1
404,legit_58,856.85,798.4,13.623,1.6323,90.0,E4F4,1,114.66,526.99,0,-1
404,legit_59,991.34,398.4,12.8245,-0.5317,90.0,E2F2,0,70.11,588.62,0,-1
404,legit_60,77.62,-1.6,12.6899,-0.048,90.0,A0B0,0,141.51,866.43,0,-1
404,legit_61,1.6,661.22,12.7514,0.16,0.0,A3A4,0,160.53,707.38,0,-1
404,legit_62,998.4,621.32,12.5624,-0.1372,180.0,F4F3,0,55.83,565.07,0,-1
404,legit_63,720.51,201.6,12.7562,-0.2121,270.0,E1D1,1,86.77,575.09,0,-1
404,legit_64,-1.6,381.37,11.7284,0.2865,180.0,A2A1,0,153.1,736.33,0,-1
404,legit_65,998.4,841.89,12.6774,-0.4023,180.0,F5F4,1,51.63,603.97,0,-1
404,legit_66,283.04,398.4,12.7909,-0.2566,90.0,B2C2,0,138.47,552.67,0,-1
404,legit_67,818.24,998.4,4.1621,2.3879,90.0,E5F5,1,106.37,597.84,0,-1
405,legit_44,764.96,998.4,13.6705,0.269,90.0,D5E5,1,82.96,583.53,0,-1
405,legit_46,220.77,801.6,13.0483,-0.102,270.0,C4B4,1,80.52,582.36,0,-1
405,legit_50,801.6,350.57,12.7719,-0.2547,0.0,E1E2,0,52.46,523.75,0,-1
405,legit_52,201.6,763.9,10.808,-0.7497,0.0,B3B4,1,91.95,583.64,0,-1
405,legit_53,201.6,195.73,11.5273,-0.3308,0.0,:B1_9,0,91.64,674.24,0,-1
405,legit_56,607.5,201.6,4.5581,-4.5,270.0,E1D1,1,164.21,566.53,0,-1
405,legit_57,534.89,1001.6,12.2383,0.0401,270.0,D5C5,0,115.55,570.69,0,-1
405,legit_58,869.72,798.4,12.8731,-0.7499,90.0,E4F4,1,126.74,531.97,0,-1
405,legit_60,91.28,-1.6,13.6599,0.97,90.0,A0B0,0,135.04,858.41,0,-1
405,legit_61,1.6,673.36,12.1395,-0.6119,0.0,A3A4,0,165.54,708.39,0,-1
405,legit_62,998.4,610.9,10.424,-2.1384,180.0,F4F3,0,52.74,564.75,0,-1
405,legit_63,708.55,201.6,11.9576,-0.7986,270.0,E1D1,1,91.52,573.38,0,-1
405,legit_64,-1.6,370.15,11.2222,-0.5062,180.0,A2A1,0,151.94,739.33,0,-1
405,legit_65,998.4,829.06,12.8212,0.1438,180.0,F5F4,1,52.75,599.97,0,-1
405,legit_66,296.27,398.4,13.2346,0.4437,90.0,B2C2,0,151.23,546.89,0,-1
405,legit_67,824.35,998.4,6.1091,1.947,90.0,E5F5,1,110.39,599.74,0,-1
406,legit_44,778.44,998.4,13.48,-0.1905,90.0,D5E5,1,86.41,586.74,0,-1
406,legit_46,211.82,801.6,8.9473,-4.101,270.0,C4B4,1,72.78,586.97,0,-1
406,legit_50,801.6,363.86,13.2939,0.5219,0.0,E1E2,0,51.74,519.12,0,-1
406,legit_52,201.6,775.08,11.1833,0.3753,0.0,B3B4,1,82.93,586.04,0,-1
406,legit_53,201.6,208.5,12.7663,1.239,0.0,B1B2,0,102.44,667.73,0,-1
406,legit_56,601.38,201.6,6.123,1.5649,270.0,:D1_5,1,169.55,566.5,0,-1
406,legit_57,523.53,1001.6,11.3602,-0.8782,270.0,D5C5,0,107.48,571.61,0,-1
406,legit_58,882.9,798.4,13.1799,0.3067,90.0,E4F4,1,139.26,537.27,0,-1
406,legit_60,104.15,-1.6,12.8697,-0.7902,90.0,A0B0,0,129.96,851.02,0,-1
406,legit_61,1.6,686.25,12.8859,0.7463,0.0,A3A4,0,171.64,709.65,0,-1
406,legit_62,998.08,604.99,5.924,-4.5,183.62,:F3_0,0,52.15,564.49,0,-1
406,legit_63,695.46,201.6,13.0886,1.131,270.0,E1D1,1,98.15,571.75,0,-1
406,legit_64,-1.6,358.68,11.4676,0.2454,180.0,A2A1,0,151.61,742.55,0,-1
406,legit_65,998.4,815.55,13.5143,0.6931,180.0,F5F4,1,57.1,596.07,0,-1
406,legit_66,309.63,398.4,13.3602,0.1256,90.0,B2C2,0,145.53,541.23,0,-1
406,legit_67,832.61,998.4,8.2677,2.1586,90.0,E5F5,1,116.12,602.39,0,-1
407,legit_44,791.69,998.4,13.2543,-0.2257,90.0,D5E5,1,91.63,590.18,0,-1
407,legit_46,207.38,801.6,4.4473,-4.5,270.0,C4B4,1,69.04,589.3,0,-1
407,legit_50,801.6,377.18,13.3204,0.0265,0.0,E1E2,0,54.38,514.82,0,-1
407,legit_52,201.6,785.46,10.3801,-0.8031,0.0,B3B4,1,75.08,588.41,0,-1
407,legit_53,201.6,220.83,12.3301,-0.4362,0.0,B1B2,0,113.26,661.58,0,-1
407,legit_56,593.3,201.6,8.0823,1.9593,270.0,:D1_5,1,164.9,566.52,0,-1
407,legit_57,511.24,1001.6,12.291,0.9308,270.0,D5C5,0,99.48,572.8,0,-1
407,legit_58,896.71,798.4,13.8124,0.6325,90.0,E4F4,1,152.5,543.01,0,-1
407,legit_60,117.88,-1.6,13.7309,0.8612,90.0,A0B0,0,125.77,843.32,0,-1
407,legit_61,1.6,698.45,12.2032,-0.6826,0.0,A3A4,0,178.09,711.03,0,-1
407,legit_62,993.83,601.75,5.7568,-0.1672,237.03,:F3_0,0,56.19,562.2,0,-1
407,legit_63,683.15,201.6,12.3054,-0.7833,270.0,E1D1,1,105.48,570.44,0,-1
407,legit_64,-1.6,347.0,11.6867,0.2191,180.0,A2A1,0,152.16,745.99,0,-1
407,legit_65,998.4,802.28,13.2685,-0.2458,180.0,:F4_1,1,63.92,592.53,0,-1
407,legit_66,322.87,398.4,13.2374,-0.1228,90.0,B2C2,0,132.8,535.81,0,-1
407,legit_67,842.98,998.4,10.3625,2.0948,90.0,E5F5,1,123.71,605.82,0,-1
408,legit_44,805.5,998.4,13.8028,0.5485,90.0,:E5_7,1,98.68,594.04,0,-1
408,legit_46,207.33,801.6,0.0498,-4.3975,270.0,C4B4,1,69.0,589.32,0,-1
408,legit_50,801.6,390.42,13.245,-0.0754,0.0,E1E2,0,59.9,510.87,0,-1
408,legit_52,201.6,795.88,10.4169,0.0368,0.0,:B4_9,1,67.89,590.92,0,-1
408,legit_53,201.6,233.1,12.2788,-0.0513,0.0,B1B2,0,124.32,655.61,0,-1
408,legit_56,583.87,201.6,9.4299,1.3476,270.0,D1C1,1,156.78,566.64,0,-1
408,legit_57,498.85,1001.6,12.3855,0.0945,270.0,D5C5,0,92.37,574.21,0,-1
408,legit_58,909.83,798.4,13.1157,-0.6967,90.0,E4F4,1,146.21,548.65,0,-1
408,legit_60,130.73,-1.6,12.8567,-0.8742,90.0,A0B0,0,123.12,836.3,0,-1
408,legit_61,1.6,710.7,12.2477,0.0444,0.0,A3A4,0,185.14,712.58,0,-1
408,legit_62,988.8,601.6,5.0436,-0.7131,268.38,F3E3,0,61.22,559.54,0,-1
408,legit_63,671.17,201.6,11.9854,-0.3199,270.0,E1D1,1,113.46,569.36,0,-1
408,legit_64,-1.6,335.75,11.2465,-0.4402,180.0,A2A1,0,153.53,749.45,0,-1
408,legit_65,998.4,789.2,13.0837,-0.1848,180.0,F4F3,1,72.41,589.29,0,-1
408,legit_66,335.53,398.4,12.6625,-0.5749,90.0,B2C2,1,120.74,530.81,0,-1
408,legit_67,855.59,998.4,12.6111,2.2487,90.0,E5F5,1,133.44,610.16,0,-1
408,legit_68,201.6,412.3,0.0,0.0,0.0,B2B3,1,73.47,588.94,0,-1
409,legit_44,818.92,998.4,13.422,-0.3808,90.0,E5F5,1,106.81,598.05,0,-1
409,legit_46,206.09,801.6,1.2406,1.1908,270.0,:B4_5,1,67.97,589.98,0,-1
409,legit_50,801.6,403.99,13.5688,0.3238,0.0,:E2_9,0,67.81,507.12,0,-1
409,legit_52,201.6,806.87,10.9882,0.5713,0.0,:B4_9,1,61.32,593.72,0,-1
409,legit_53,201.6,245.42,12.3139,0.0351,0.0,B1B2,0,125.66,649.76,0,-1
409,legit_56,572.0,201.6,11.8618,2.4319,270.0,D1C1,1,146.78,566.93,0,-1
409,legit_57,487.1,1001.6,11.7498,-0.6357,270.0,D5C5,0,86.74,575.75,0,-1
409,legit_58,923.65,798.4,13.8244,0.7087,90.0,E4F4,1,133.02,554.79,0,-1
409,legit_60,144.28,-1.6,13.5476,0.6908,90.0,A0B0,0,121.73,829.1,0,-1
409,legit_61,1.6,723.42,12.7186,0.4709,0.0,A3A4,0,188.72,714.38,0,-1
409,legit_62,981.21,601.6,7.5892,2.5456,270.0,F3E3,0,68.81,555.57,0,-1
409,legit_63,658.11,201.6,13.0624,1.077,270.0,E1D1,1,122.89,568.39,0,-1
409,legit_64,-1.6,323.68,12.0652,0.8187,180.0,A2A1,0,155.89,753.34,0,-1
409,legit_65,998.4,776.55,12.6437,-0.44,180.0,F4F3,1,81.78,586.37,0,-1
409,legit_66,348.88,398.4,13.3498,0.6873,90.0,B2C2,1,108.16,525.72,0,-1
409,legit_67,869.31,998.4,13.7243,1.1132,90.0,E5F5,1,144.55,615.09,0,-1
409,legit_68,201.6,414.35,2.0458,2.0458,0.0,B2B3,1,74.94,588.45,0,-1
410,legit_44,832.27,998.4,13.3478,-0.0741,90.0,E5F5,1,115.87,602.27,0,-1
410,legit_46,205.87,801.6,0.2165,-1.0241,270.0,:B4_5,1,67.79,590.09,0,-1
410,legit_50,801.6,417.36,13.3641,-0.2048,0.0,E2E3,0,77.15,503.69,0,-1
410,legit_52,201.6,817.61,10.7464,-0.2418,0.0,B4B5,1,56.25,596.64,0,-1
410,legit_53,201.6,257.99,12.5686,0.2547,0.0,B1B2,0,114.32,643.94,0,-1
410,legit_56,559.26,201.6,12.7464,0.8846,270.0,D1C1,1,136.37,567.42,0,-1
410,legit_57,474.6,1001.6,12.5011,0.7513,270.0,D5C5,0,82.17,577.62,0,-1
410,legit_58,936.75,798.4,13.1001,-0.7243,90.0,E4F4,1,120.65,560.8,0,-1
410,legit_60,157.57,-1.6,13.292,-0.2556,90.0,A0B0,0,121.84,822.24,0,-1
410,legit_61,1.6,736.47,13.051,0.3324,0.0,A3A4,0,180.95,716.42,0,-1
410,legit_62,971.67,601.6,9.539,1.9498,270.0,F3E3,0,78.34,550.67,0,-1
410,legit_63,644.95,201.6,13.1529,0.0905,270.0,E1D1,1,133.02,567.62,0,-1
410,legit_64,-1.6,311.49,12.198,0.1328,180.0,A2A1,0,159.17,757.44,0,-1
410,legit_65,998.4,763.96,12.5919,-0.0518,180.0,F4F3,1,91.89,583.65,0,-1
410,legit_66,362.26,398.4,13.3782,0.0284,90.0,B2C2,0,95.78,520.81,0,-1
410,legit_67,882.03,998.4,12.7154,-1.0089,90.0,E5F5,1,155.21,619.83,0,-1
410,legit_68,201.6,418.59,4.2448,2.199,0.0,B2B3,0,78.07,587.47,0,-1
411,legit_44,845.1,998.4,12.8311,-0.5168,90.0,E5F5,1,125.31,606.53,0,-1
411,legit_46,204.32,801.6,1.5475,1.331,270.0,:B4_5,1,66.52,590.91,0,-1
411,legit_50,801.6,430.86,13.5013,0.1373,0.0,E2E3,0,87.66,500.46,0,-1
411,legit_52,201.6,828.74,11.1283,0.3818,0.0,B4B5,1,52.81,599.87,0,-1
411,legit_53,201.6,269.79,11.8063,-0.7623,0.0,B1B2,0,103.92,638.61,0,-1
411,legit_56,546.13,201.6,13.1273,0.3808,270.0,D1C1,1,126.09,568.12,0,-1
411,legit_57,463.21,1001.6,11.3901,-1.111,270.0,D5C5,0,79.5,579.56,0,-1
411,legit_58,950.1,798.4,13.3466,0.2465,90.0,E4F4,1,108.22,567.1,0,-1
411,legit_60,170.25,-1.6,12.6815,-0.6105,90.0,A0B0,0,123.28,815.89,0,-1
411,legit_61,1.6,748.53,12.0646,-0.9864,0.0,A3A4,0,174.32,718.47,0,-1
411,legit_62,959.55,601.6,12.1233,2.5843,270.0,F3E3,0,90.46,544.56,0,-1
411,legit_63,632.25,201.6,12.7071,-0.4459,270.0,E1D1,1,143.26,567.07,0,-1
411,legit_64,-1.6,299.3,12.1889,-0.0091,180.0,A2A1,0,163.3,761.7,0,-1
411,legit_65,998.4,750.99,12.9726,0.3807,180.0,F4F3,1,102.89,581.04,0,-1
411,legit_66,375.22,398.4,12.9651,-0.413,90.0,B2C2,0,84.06,516.26,0,-1
411,legit_67,894.84,998.4,12.8105,0.0951,90.0,E5F5,1,166.24,624.79,0,-1
411,legit_68,201.6,425.32,6.7259,2.4811,0.0,B2B3,0,83.24,585.96,0,-1
412,legit_44,858.69,998.4,13.5912,0.7601,90.0,E5F5,1,135.91,611.25,0,-1
412,legit_46,201.22,801.6,3.0973,1.5498,270.0,:B4_5,1,64.02,592.56,0,-1
412,legit_50,801.6,444.22,13.3613,-0.14,0.0,E2E3,0,98.77,497.49,0,-1
412,legit_52,201.6,840.11,11.3666,0.2383,0.0,B4B5,1,51.6,603.4,0,-1
412,legit_53,201.6,281.34,11.5477,-0.2585,0.0,B1B2,0,94.07,633.53,0,-1
412,legit_56,533.49,201.6,12.6395,-0.4878,270.0,D1C1,1,116.74,568.99,0,-1
412,legit_57,451.03,1001.6,12.1832,0.7931,270.0,D5C5,0,78.41,581.86,0,-1
412,legit_58,963.32,798.4,13.2172,-0.1294,90.0,E4F4,1,96.15,573.53,0,-1
412,legit_60,183.35,-1.6,13.0926,0.4111,90.0,A0B0,0,126.09,809.52,0,-1
412,legit_61,1.6,761.14,12.606,0.5415,0.0,A3A4,0,168.05,720.81,0,-1
412,legit_62,946.95,601.6,12.6038,0.4805,270.0,F3E3,1,103.07,538.38,0,-1
412,legit_63,620.16,201.6,12.0851,-0.6219,270.0,E1D1,1,153.35,566.72,0,-1
412,legit_64,-1.6,287.04,12.256,0.0671,180.0,A2A1,0,168.24,766.16,0,-1
412,legit_65,998.4,737.63,13.3579,0.3853,180.0,F4F3,2,114.64,578.53,0,-1
412,legit_66,384.67,398.4,9.4418,-3.5233,90.0,B2C2,0,75.78,513.07,0,-1
412,legit_67,907.77,998.4,12.9326,0.1221,90.0,E5F5,1,163.98,629.96,0,-1
412,legit_68,201.6,433.64,8.325,1.5992,0.0,B2B3,0,89.92,584.16,0,-1
413,legit_44,872.58,998.4,13.8879,0.2967,90.0,E5F5,1,147.25,616.29,0,-1
413,legit_46,196.56,801.6,4.6607,1.5634,270.0,:B4_5,1,60.36,595.06,0,-1
413,legit_50,801.6,457.59,13.3718,0.0104,0.0,E2E3,0,110.39,494.73,0,-1
413,legit_52,201.6,851.68,11.5764,0.2098,0.0,B4B5,1,52.91,607.24,0,-1
413,legit_53,201.6,293.52,12.1813,0.6335,0.0,B1B2,0,84.15,628.33,0,-1
413,legit_56,520.3,201.6,13.1956,0.5561,270.0,D1C1,1,107.7,570.11,0,-1
413,legit_57,438.89,1001.6,12.1318,-0.0514,270.0,D5C5,0,79.18,584.42,0,-1
413,legit_58,977.16,798.4,13.8438,0.6266,90.0,E4F4,1,83.88,580.47,0,-1
413,legit_60,196.13,-1.6,12.7795,-0.3131,90.0,:B0_6,0,130.05,803.5,0,-1
413,legit_61,1.6,773.23,12.0883,-0.5177,0.0,A3A4,0,162.73,723.22,0,-1
413,legit_62,933.82,601.6,13.1258,0.522,270.0,F3E3,1,116.19,532.11,0,-1
413,legit_63,612.01,201.6,8.1555,-3.9296,270.0,E1D1,1,160.32,566.57,0,-1
413,legit_64,-1.6,275.1,11.9379,-0.3182,180.0,A2A1,0,173.75,770.67,0,-1
413,legit_65,998.4,724.28,13.3472,-0.0107,180.0,F4F3,2,126.7,576.22,0,-1
413,legit_66,390.04,398.4,5.3714,-4.0704,90.0,B2C2,0,71.2,511.3,0,-1
413,legit_67,921.41,998.4,13.6371,0.7044,90.0,E5F5,1,152.3,635.6,0,-1
413,legit_68,201.6,443.75,10.1104,1.7853,0.0,B2B3,0,98.37,582.08,0,-1
414,legit_44,885.34,998.4,12.7622,-1.1257,90.0,E5F5,1,158.04,621.1,0,-1
414,legit_46,189.99,801.6,6.5705,1.9098,270.0,B4A4,1,55.44,598.63,0,-1
414,legit_50,801.6,470.26,12.672,-0.6998,0.0,E2E3,0,121.74,492.31,0,-1
414,legit_52,201.6,862.66,10.9781,-0.5983,0.0,B4B5,1,56.36,611.11,0,-1
414,legit_53,201.6,305.24,11.7133,-0.4679,0.0,B1B2,0,75.24,623.49,0,-1
414,legit_56,506.62,201.6,13.6804,0.4849,270.0,D1C1,1,99.32,571.51,0,-1
414,legit_57,427.35,1001.6,11.5427,-0.5891,270.0,D5C5,0,81.61,587.08,0,-1
414,legit_58,990.89,798.4,13.7275,-0.1163,90.0,E4F4,1,72.28,587.57,0,-1
414,legit_60,209.3,-1.6,13.1771,0.3976,90.0,B0C0,0,135.29,797.47,0,-1
414,legit_61,1.6,784.86,11.6372,-0.4511,0.0,A3A4,0,158.31,725.7,0,-1
414,legit_62,920.57,601.6,13.247,0.1212,270.0,F3E3,1,129.44,525.96,0,-1
414,legit_63,607.83,201.6,4.1785,-3.977,270.0,E1D1,1,163.93,566.53,0,-1
414,legit_64,-1.6,263.11,11.9936,0.0558,180.0,A2A1,0,179.92,775.35,0,-1
414,legit_65,998.4,711.45,12.8326,-0.5146,180.0,F4F3,2,122.82,574.17,0,-1
414,legit_66,397.76,399.61,7.9426,2.5712,76.03,:C2_14,0,65.56,508.5,0,-1
414,legit_67,934.31,998.4,12.905,-0.7321,90.0,E5F5,1,141.57,641.12,0,-1
414,legit_68,201.6,455.69,11.9348,1.8244,0.0,B2B3,0,108.71,579.76,0,-1
414,legit_69,412.3,-1.6,0.0,0.0,90.0,C0D0,0,127.31,727.95,0,-1
415,legit_44,898.7,998.4,13.3602,0.598,90.0,E5F5,1,169.62,626.31,0,-1
415,legit_46,181.16,801.6,8.8367,2.2662,270.0,B4A4,1,49.45,603.54,0,-1
415,legit_50,801.6,483.56,13.2996,0.6276,0.0,E2E3,0,127.36,489.96,0,-1
415,legit_52,201.6,872.97,10.309,-0.6691,0.0,B4B5,1,61.23,614.92,0,-1
415,legit_53,201.6,318.03,12.7915,1.0781,0.0,B1B2,0,66.52,618.38,0,-1
415,legit_56,493.6,201.6,13.0191,-0.6613,270.0,D1C1,1,92.52,573.09,0,-1
415,legit_57,415.66,1001.6,11.6934,0.1506,270.0,D5C5,0,85.59,589.99,0,-1
415,legit_60,222.66,-1.6,13.3564,0.1792,90.0,B0C0,0,141.65,791.57,0,-1
415,legit_61,1.6,792.38,7.5146,-4.1226,0.0,A3A4,0,155.85,727.38,0,-1
415,legit_62,908.4,601.6,12.1678,-1.0792,270.0,F3E3,1,141.6,520.47,0,-1
415,legit_63,603.12,202.93,5.0013,0.8228,285.75,:D1_4,1,168.67,565.75,0,-1
415,legit_64,-1.6,251.36,11.7461,-0.2475,180.0,A2A1,0,186.51,780.08,0,-1
415,legit_65,998.4,698.05,13.3987,0.5661,180.0,F4F3,1,110.8,572.22,0,-1
415,legit_66,401.34,405.35,7.1408,-0.8018,21.77,:C2_14,0,66.52,505.85,0,-1
415,legit_67,947.91,998.4,13.5937,0.6887,90.0,E5F5,1,130.7,647.12,0,-1
415,legit_68,201.6,468.61,12.9265,0.9917,0.0,B2B3,0,120.25,577.43,0,-1
415,legit_69,413.72,-1.6,1.4157,1.4157,90.0,C0D0,0,126.9,727.62,0,-1
416,legit_44,912.31,998.4,13.6104,0.2502,90.0,E5F5,1,160.05,631.82,0,-1
416,legit_46,170.07,801.6,11.0833,2.2466,270.0,B4A4,1,43.33,609.86,0,-1
416,legit_50,801.6,496.42,12.8534,-0.4463,0.0,E2E3,1,115.72,487.88,0,-1
416,legit_52,201.6,884.2,11.2318,0.9228,0.0,B4B5,1,67.94,619.26,0,-1
416,legit_53,201.6,330.6,12.5745,-0.217,0.0,B1B2,0,59.39,613.58,0,-1
416,legit_56,480.21,201.6,13.3909,0.3718,270.0,D1C1,1,87.01,574.98,0,-1
416,legit_57,403.75,1001.6,11.9089,0.2155,270.0,:C5_0,0,91.03,593.18,0,-1
416,legit_60,235.7,-1.6,13.0412,-0.3152,90.0,B0C0,0,148.77,785.98,0,-1
416,legit_61,3.34,797.2,5.3286,-2.186,21.11,:A4_6,0,152.78,727.13,0,-1
416,legit_62,895.19,601.6,13.2145,1.0467,270.0,F3E3,2,145.2,514.69,0,-1
416,legit_63,601.6,207.9,5.3525,0.3511,344.68,D1D2,1,172.48,562.95,0,-1
416,legit_64,-1.6,239.51,11.8548,0.1087,180.0,A2A1,0,193.04,785.01,0,-1
416,legit_65,998.4,684.79,13.2628,-0.1359,180.0,F4F3,1,99.26,570.48,0,-1
416,legit_66,401.6,412.97,7.6353,0.4946,0.0,C2C3,0,71.75,503.8,0,-1
416,legit_67,960.63,998.4,12.7264,-0.8673,90.0,E5F5,1,121.02,652.92,0,-1
416,legit_68,201.6,482.38,13.7672,0.8407,0.0,B2B3,0,128.44,575.14,0,-1
416,legit_69,416.72,-1.6,3.0036,1.5879,90.0,C0D0,0,126.07,726.95,0,-1
417,legit_44,925.11,998.4,12.7961,-0.8143,90.0,E5F5,1,149.19,637.17,0,-1
417,legit_46,157.06,801.6,13.0112,1.928,270.0,B4A4,2,39.04,617.59,0,-1
417,legit_50,801.6,509.36,12.9395,0.0861,0.0,E2E3,1,104.3,485.98,0,-1
417,legit_52,201.6,895.54,11.3379,0.1061,0.0,B4B5,1,75.81,623.8,0,-1
417,legit_53,201.6,342.2,11.5957,-0.9788,0.0,B1B2,0,54.58,609.37,0,-1
417,legit_56,466.41,201.6,13.7972,0.4063,270.0,D1C1,1,83.23,577.23,0,-1
417,legit_57,391.6,1001.6,12.1471,0.2383,270.0,C5B5,0,97.76,596.65,0,-1
417,legit_60,248.68,-1.6,12.9814,-0.0597,90.0,B0C0,0,156.6,780.6,0,-1
417,legit_61,9.11,798.4,6.0348,0.7062,82.24,A4B4,1,146.9,722.87,0,-1
417,legit_62,882.8,601.6,12.3882,-0.8262,270.0,F3E3,2,132.81,509.42,0,-1
417,legit_63,601.6,215.73,7.8366,2.4841,0.0,D1D2,1,176.6,558.61,0,-1
417,legit_64,-1.6,227.72,11.7848,-0.07,180.0,A2A1,0,185.98,790.05,0,-1
417,legit_65,998.4,670.93,13.8616,0.5988,180.0,F4F3,1,87.71,568.86,0,-1
417,legit_66,401.6,422.91,9.945,2.3096,0.0,C2C3,0,79.38,501.35,0,-1
417,legit_67,974.38,998.4,13.747,1.0206,90.0,E5F5,1,111.25,659.39,0,-1
417,legit_68,201.6,494.98,12.6006,-1.1666,0.0,B2B3,0,117.01,573.21,0,-1
417,legit_69,421.93,-1.6,5.2134,2.2098,90.0,C0D0,0,124.8,725.8,0,-1
418,legit_44,938.54,998.4,13.4378,0.6417,90.0,E5F5,1,138.13,642.97,0,-1
418,legit_46,144.39,801.6,12.6746,-0.3366,270.0,B4A4,2,38.81,625.47,0,-1
418,legit_50,801.6,522.57,13.2096,0.2702,0.0,E2E3,1,93.05,484.25,0,-1
418,legit_52,201.6,906.69,11.1515,-0.1864,0.0,B4B5,1,84.32,628.42,0,-1
418,legit_53,201.6,353.73,11.538,-0.0578,0.0,B1B2,0,51.98,605.41,0,-1
418,legit_56,452.58,201.6,13.8296,0.0324,270.0,D1C1,0,81.64,579.8,0,-1
418,legit_57,379.04,1001.6,12.5666,0.4195,270.0,C5B5,0,105.75,600.44,0,-1
418,legit_60,262.36,-1.6,13.6756,0.6942,90.0,B0C0,0,165.56,775.13,0,-1
418,legit_61,17.21,798.4,8.0969,2.0621,90.0,A4B4,1,139.16,716.54,0,-1
418,legit_62,869.61,601.6,13.1958,0.8076,270.0,F3E3,2,119.62,504.0,0,-1
418,legit_63,601.6,225.25,9.5142,1.6776,0.0,D1D2,0,181.93,553.45,0,-1
418,legit_64,-1.6,215.6,12.1192,0.3344,180.0,A2A1,0,179.23,795.38,0,-1
418,legit_65,998.4,657.81,13.1191,-0.7425,180.0,F4F3,1,77.49,567.54,0,-1
418,legit_66,401.6,434.37,11.4539,1.5089,0.0,C2C3,0,88.73,498.69,0,-1
418,legit_67,986.74,998.4,12.3626,-1.3844,90.0,E5F5,1,103.25,665.39,0,-1
418,legit_68,201.6,508.29,13.3135,0.7129,0.0,B2B3,0,105.23,571.36,0,-1
418,legit_69,429.41,-1.6,7.4784,2.265,90.0,C0D0,0,123.33,724.21,0,-1
419,legit_44,951.98,998.4,13.4314,-0.0064,90.0,E5F5,1,127.54,648.96,0,-1
419,legit_46,131.65,801.6,12.7422,0.0676,270.0,B4A4,2,42.56,633.74,0,-1
419,legit_50,801.6,536.03,13.4601,0.2504,0.0,E2E3,1,82.19,482.7,0,-1
419,legit_52,201.6,918.06,11.3703,0.2188,0.0,B4B5,1,93.57,633.28,0,-1
419,legit_53,201.6,365.67,11.9375,0.3996,0.0,B1B2,0,51.91,601.57,0,-1
419,legit_56,438.91,201.6,13.6721,-0.1574,270.0,D1C1,0,82.35,582.66,0,-1
419,legit_57,366.51,1001.6,12.5251,-0.0415,270.0,C5B5,0,114.53,604.43,0,-1
419,legit_60,275.45,-1.6,13.0899,-0.5857,90.0,B0C0,0,174.71,770.06,0,-1
419,legit_61,26.97,798.4,9.7599,1.663,90.0,A4B4,1,129.88,708.96,0,-1
419,legit_62,857.28,601.6,12.3254,-0.8704,270.0,F3E3,2,107.29,499.1,0,-1
419,legit_63,601.6,237.19,11.9447,2.4306,0.0,D1D2,0,189.09,547.12,0,-1
419,legit_64,-1.6,204.11,11.4927,-0.6264,180.0,:A1_0,0,173.37,800.58,0,-1
419,legit_65,998.4,643.93,13.882,0.763,180.0,F4F3,1,67.77,566.38,0,-1
419,legit_66,401.6,447.52,13.159,1.7051,0.0,C2C3,0,100.02,495.82,0,-1
419,legit_67,994.6,998.4,7.8626,-4.5,90.0,E5F5,1,98.63,669.31,0,-1
419,legit_68,201.6,522.1,13.8093,0.4958,0.0,B2B3,0,93.44,569.65,0,-1
419,legit_69,439.43,-1.6,10.0211,2.5426,90.0,C0D0,0,122.06,722.19,0,-1
420,legit_44,965.26,998.4,13.2862,-0.1453,90.0,E5F5,1,117.64,655.07,0,-1
420,legit_46,117.94,801.6,13.7049,0.9627,270.0,B4A4,1,50.02,642.97,0,-1
420,legit_50,801.6,548.72,12.6947,-0.7654,0.0,E2E3,1,72.75,481.46,0,-1
420,legit_52,201.6,929.08,11.0231,-0.3472,0.0,B4B5,0,102.95,638.11,0,-1
420,legit_53,201.6,377.96,12.2918,0.3542,0.0,B1B2,0,54.64,597.9,0,-1
420,legit_56,426.08,201.6,12.8298,-0.8424,270.0,D1C1,0,85.03,585.63,0,-1
420,legit_57,354.34,1001.6,12.1657,-0.3594,270.0,C5B5,0,123.68,608.48,0,-1
420,legit_60,288.18,-1.6,12.7304,-0.3595,90.0,B0C0,0,184.06,765.31,0,-1
420,legit_61,38.61,798.4,11.6449,1.885,90.0,A4B4,1,118.9,700.01,0,-1
420,legit_62,844.89,601.6,12.3873,0.0619,270.0,F3E3,2,94.91,494.34,0,-1
420,legit_63,601.6,249.6,12.4085,0.4638,0.0,D1D2,0,184.96,540.74,0,-1
420,legit_64,-1.6,191.93,12.1824,0.6896,180.0,A1A0,0,167.8,806.25,0,-1
420,legit_65,998.4,631.27,12.6559,-1.2261,180.0,F4F3,1,60.34,565.55,0,-1
420,legit_66,401.6,460.24,12.7166,-0.4424,0.0,C2C3,0,111.31,493.24,0,-1
420,legit_67,997.89,998.06,3.3626,-4.5,93.91,:F5_1,1,97.1,670.8,0,-1
420,legit_68,201.6,534.95,12.844,-0.9654,0.0,B2B3,0,83.03,568.24,0,-1
420,legit_69,451.16,-1.6,11.7311,1.71,90.0,C0D0,0,121.61,720.0,0,-1
420,legit_70,987.7,601.6,0.0,0.0,270.0,F3E3,2,62.32,558.96,0,-1
421,legit_44,977.09,998.4,11.8293,-1.4569,90.0,E5F5,1,109.43,660.69,0,-1
421,legit_46,104.89,801.6,13.0456,-0.6592,270.0,B4A4,1,59.24,652.03,0,-1
421,legit_50,801.6,562.2,13.4763,0.7816,0.0,E2E3,1,63.97,480.38,0,-1
421,legit_52,201.6,940.0,10.9181,-0.1051,0.0,B4B5,0,112.53,643.02,0,-1
421,legit_53,201.6,389.66,11.6963,-0.5955,0.0,B1B2,0,59.52,594.65,0,-1
421,legit_56,413.36,201.6,12.715,-0.1148,270.0,D1C1,0,89.45,588.84,0,-1
421,legit_57,342.37,1001.6,11.9778,-0.1879,270.0,C5B5,0,133.16,612.63,0,-1
421,legit_60,300.93,-1.6,12.7526,0.0222,90.0,B0C0,0,192.37,760.71,0,-1
421,legit_61,50.63,798.4,12.0221,0.3772,90.0,A4B4,1,107.72,690.88,0,-1
421,legit_62,831.48,601.6,13.4171,1.0297,270.0,F3E3,1,81.49,489.37,0,-1
421,legit_63,601.6,262.57,12.9698,0.5612,0.0,D1D2,0,177.53,534.29,0,-1
421,legit_64,-1.6,180.55,11.3758,-0.8066,180.0,A1A0,0,163.25,811.67,0,-1
421,legit_65,998.4,617.53,13.7397,1.0838,180.0,F4F3,1,54.5,564.93,0,-1
421,legit_66,401.6,473.56,13.3179,0.6013,0.0,C2C3,0,123.44,490.74,0,-1
421,legit_67,998.4,995.48,2.7356,-0.627,137.28,F5F4,1,99.03,669.74,0,-1
421,legit_68,201.6,548.16,13.214,0.3701,0.0,B2B3,0,73.14,567.01,0,-1
421,legit_69,464.34,-1.6,13.1768,1.4458,90.0,C0D0,0,122.44,717.76,0,-1
421,legit_70,985.95,601.6,1.7459,1.7459,270.0,F3E3,1,64.07,558.04,0,-1
422,legit_44,986.39,998.4,9.3011,-2.5282,90.0,E5F5,1,103.46,665.22,0,-1
422,legit_46,91.68,801.6,13.2156,0.1699,270.0,B4A4,1,69.83,661.41,0,-1
422,legit_50,801.6,575.02,12.8186,-0.6577,0.0,E2E3,1,57.33,479.63,0,-1
422,legit_52,201.6,951.08,11.0778,0.1597,0.0,B4B5,1,122.48,648.12,0,-1
422,legit_53,201.6,401.38,11.718,0.0218,0.0,:B2_9,0,66.14,591.6,0,-1
422,legit_57,330.57,1001.6,11.7921,-0.1857,270.0,C5B5,1,142.86,616.87,0,-1
422,legit_60,313.8,-1.6,12.873,0.1204,90.0,B0C0,0,182.58,756.23,0,-1
422,legit_61,63.69,798.4,13.0598,1.0377,90.0,A4B4,1,95.81,681.09,0,-1
422,legit_62,820.09,601.6,11.3863,-2.0308,270.0,F3E3,1,70.11,485.3,0,-1
422,legit_63,601.6,275.41,12.8431,-0.1266,0.0,D1D2,0,170.81,528.11,0,-1
422,legit_64,-1.6,168.98,11.5695,0.1937,180.0,A1A0,0,159.32,817.33,0,-1
422,legit_65,998.4,604.38,13.1522,-0.5875,180.0,:F3_1,1,51.79,564.66,0,-1
422,legit_66,401.6,487.34,13.7832,0.4653,0.0,C2C3,0,122.61,488.36,0,-1
422,legit_67,998.4,991.32,4.16,1.4244,180.0,F5F4,1,102.6,667.63,0,-1
422,legit_68,201.6,561.19,13.0309,-0.1831,0.0,B2B3,0,64.56,566.01,0,-1
422,legit_69,477.5,-1.6,13.164,-0.0128,90.0,C0D0,0,124.67,715.75,0,-1
422,legit_70,981.97,601.6,3.9849,2.239,270.0,F3E3,1,68.05,555.97,0,-1
423,legit_46,77.95,801.6,13.7289,0.5134,270.0,B4A4,1,81.64,671.35,0,-1
423,legit_50,801.6,587.88,12.8669,0.0484,0.0,E2E3,1,53.0,479.16,0,-1
423,legit_52,201.6,961.57,10.4928,-0.5851,0.0,B4B5,1,129.18,653.06,0,-1
423,legit_53,201.6,413.88,12.5063,0.7883,0.0,B2B3,0,74.61,588.56,0,-1
423,legit_57,318.22,1001.6,12.3559,0.5637,270.0,C5B5,1,153.34,621.48,0,-1
423,legit_60,327.62,-1.6,13.8149,0.9419,90.0,B0C0,0,172.52,751.62,0,-1
423,legit_61,76.27,798.4,12.5797,-0.48,90.0,A4B4,1,84.65,671.81,0,-1
423,legit_62,812.62,601.6,7.4698,-3.9165,270.0,F3E3,1,62.64,482.72,0,-1
423,legit_63,601.6,287.99,12.5776,-0.2655,0.0,D1D2,0,164.95,522.27,0,-1
423,legit_64,-1.6,157.51,11.4788,-0.0907,180.0,A1A0,0,156.17,823.08,0,-1
423,legit_65,998.4,591.12,13.262,0.1098,180.0,F3F2,1,52.36,564.72,0,-1
423,legit_66,401.6,500.76,13.4198,-0.3634,0.0,C2C3,0,110.41,486.25,0,-1
423,legit_67,998.4,984.71,6.6103,2.4503,180.0,F5F4,0,108.37,664.32,0,-1
423,legit_68,201.6,574.45,13.2533,0.2224,0.0,B2B3,0,57.58,565.25,0,-1
423,legit_69,489.96,-1.6,12.4513,-0.7128,90.0,C0D0,0,128.0,714.06,0,-1
423,legit_70,976.12,601.6,5.8527,1.8678,270.0,F3E3,1,73.9,552.94,0,-1
424,legit_46,64.72,801.6,13.2297,-0.4992,270.0,B4A4,1,93.53,681.11,0,-1
424,legit_52,201.6,972.54,10.9639,0.4711,0.0,B4B5,1,119.21,658.34,0,-1
424,legit_53,201.6,425.47,11.5869,-0.9194,0.0,B2B3,0,83.36,585.92,0,-1
424,legit_57,306.15,1001.6,12.073,-0.2829,270.0,C5B5,1,163.83,626.14,0,-1
424,legit_60,341.49,-1.6,13.8713,0.0563,90.0,B0C0,0,162.98,747.19,0,-1
424,legit_61,89.46,798.4,13.1825,0.6028,90.0,A4B4,1,73.46,662.24,0,-1
424,legit_62,807.96,601.6,4.6583,-2.8114,270.0,F3E3,0,57.98,481.14,0,-1
424,legit_63,601.6,301.06,13.0691,0.4915,0.0,D1D2,0,159.68,516.43,0,-1
424,legit_64,-1.6,145.83,11.6729,0.1941,180.0,A1A0,0,153.79,829.07,0,-1
424,legit_65,998.4,578.43,12.6895,-0.5724,180.0,F3F2,1,55.93,565.08,0,-1
424,legit_66,401.6,513.47,12.7095,-0.7104,0.0,C2C3,0,99.14,484.44,0,-1
424,legit_67,998.4,976.66,8.0526,1.4424,180.0,F5F4,0,115.51,660.35,0,-1
424,legit_68,201.6,588.05,13.6081,0.3548,0.0,B2B3,0,52.96,564.78,0,-1
424,legit_69,502.56,-1.6,12.6015,0.1502,90.0,C0D0,0,132.47,712.54,0,-1
424,legit_70,968.1,601.6,8.0134,2.1607,270.0,F3E3,1,81.91,548.85,0,-1
425,legit_46,51.15,801.6,13.5718,0.3421,270.0,B4A4,1,106.05,691.27,0,-1
425,legit_52,201.6,982.93,10.3915,-0.5724,0.0,B4B5,1,109.93,663.44,0,-1
425,legit_53,201.6,437.31,11.8428,0.2558,0.0,B2B3,0,92.95,583.39,0,-1
425,legit_57,293.99,1001.6,12.1526,0.0796,270.0,C5B5,1,163.95,630.97,0,-1
425,legit_60,354.94,-1.6,13.4467,-0.4245,90.0,B0C0,0,154.35,743.1,0,-1
425,legit_61,102.56,798.4,13.104,-0.0785,90.0,A4B4,1,63.1,652.9,0,-1
425,legit_62,801.67,601.6,6.2924,1.634,270.0,:E3_5,0,51.69,479.04,0,-1
425,legit_63,601.6,314.1,13.0406,-0.0285,0.0,D1D2,0,155.34,510.84,0,-1
425,legit_64,-1.6,134.41,11.4206,-0.2524,180.0,A1A0,0,152.28,835.06,0,-1
425,legit_65,998.4,564.97,13.4575,0.768,180.0,F3F2,1,62.37,565.77,0,-1
425,legit_66,401.6,527.36,13.8877,1.1782,0.0,C2C3,0,87.29,482.69,0,-1
425,legit_67,998.4,966.76,9.8984,1.8458,180.0,F5F4,0,124.45,655.54,0,-1
425,legit_68,201.6,600.76,12.7029,-0.9051,0.0,:B3_9,0,51.61,564.64,0,-1
425,legit_69,514.83,-1.6,12.2736,-0.3279,90.0,C0D0,0,137.8,711.26,0,-1
425,legit_70,957.99,601.6,10.1171,2.1037,270.0,F3E3,1,92.03,543.79,0,-1
426,legit_46,38.04,801.6,13.1091,-0.4627,270.0,B4A4,1,118.36,701.22,0,-1
426,legit_52,201.6,989.72,6.7894,-3.6021,0.0,B4B5,1,103.99,666.83,0,-1
426,legit_53,201.6,449.35,12.0318,0.189,0.0,B2B3,0,103.18,580.97,0,-1
426,legit_57,281.69,1001.6,12.3033,0.1507,270.0,C5B5,1,153.26,636.03,0,-1
426,legit_60,367.59,-1.6,12.6483,-0.7985,90.0,B0C0,0,146.9,739.43,0,-1
426,legit_61,114.8,798.4,12.2401,-0.8639,90.0,A4B4,1,54.49,644.38,0,-1
426,legit_62,794.01,601.6,7.6627,1.3703,270.0,:E3_5,0,44.04,476.54,0,-1
426,legit_63,601.6,326.12,12.0164,-1.0241,0.0,D1D2,0,152.22,505.9,0,-1
426,legit_64,-1.6,122.97,11.4433,0.0227,180.0,A1A0,0,151.63,841.2,0,-1
426,legit_65,998.4,551.12,13.8514,0.3939,180.0,F3F2,1,71.08,566.76,0,-1
426,legit_66,401.6,540.98,13.6166,-0.2711,0.0,C2C3,0,76.33,481.19,0,-1
426,legit_67,998.4,954.95,11.8075,1.9091,180.0,F5F4,0,126.0,649.93,0,-1
426,legit_68,201.6,614.35,13.5968,0.8939,0.0,B3B4,0,53.56,564.84,0,-1
426,legit_69,527.28,-1.6,12.4474,0.1738,90.0,C0D0,0,144.08,710.14,0,-1
426,legit_70,946.46,601.6,11.5292,1.4121,270.0,F3E3,1,103.56,538.14,0,-1
426,legit_71,787.7,401.6,0.0,0.0,270.0,E2D2,0,56.14,503.55,0,-1
427,legit_46,24.51,801.6,13.5275,0.4184,270.0,B4A4,1,131.23,711.63,0,-1
427,legit_52,201.9,994.91,5.2137,-1.5757,3.47,:B5_3,1,99.67,669.3,0,-1
427,legit_53,201.6,461.07,11.7212,-0.3106,0.0,B2B3,0,113.48,578.77,0,-1
427,legit_57,269.52,1001.6,12.1703,-0.133,270.0,C5B5,1,142.94,641.18,0,-1
427,legit_60,380.19,-1.6,12.6065,-0.0418,90.0,B0C0,0,140.21,735.95,0,-1
427,legit_61,127.66,798.4,12.8628,0.6227,90.0,A4B4,1,47.22,635.65,0,-1
427,legit_62,783.9,601.6,10.1105,2.4479,270.0,E3D3,0,33.93,473.35,0,-1
427,legit_63,601.6,338.26,12.1454,0.129,0.0,D1D2,0,149.98,501.13,0,-1
427,legit_64,-1.6,110.78,12.1872,0.7439,180.0,A1A0,0,151.88,847.89,0,-1
427,legit_65,998.4,537.38,13.7436,-0.1078,180.0,F3F2,1,81.14,568.0,0,-1
427,legit_66,401.6,554.3,13.3227,-0.2939,0.0,C2C3,0,66.57,479.97,0,-1
427,legit_67,998.4,941.65,13.301,1.4935,180.0,F5F4,0,114.0,643.77,0,-1
427,legit_68,201.6,627.98,13.6249,0.0281,0.0,B3B4,0,58.7,565.37,0,-1
427,legit_69,540.26,-1.6,12.9862,0.5388,90.0,C0D0,0,151.44,709.18,0,-1
427,legit_70,934.78,601.6,11.6785,0.1493,270.0,F3E3,1,115.23,532.56,0,-1
427,legit_71,786.19,401.6,1.5138,1.5138,270.0,E2D2,0,55.14,503.11,0,-1
428,legit_46,14.32,801.6,10.1935,-3.3339,270.0,B4A4,1,141.01,719.56,0,-1
428,legit_52,205.66,998.18,5.3449,0.1312,51.72,:B5_3,1,98.96,669.06,0,-1
428,legit_53,201.6,473.02,11.9572,0.236,0.0,B2B3,0,124.25,576.67,0,-1
428,legit_57,257.37,1001.6,12.1494,-0.0209,270.0,C5B5,1,132.95,646.47,0,-1
428,legit_60,392.82,-1.6,12.6308,0.0244,90.0,:C0_6,0,134.37,732.65,0,-1
428,legit_61,140.66,798.4,12.9963,0.1335,90.0,A4B4,1,42.64,627.12,0,-1
428,legit_62,772.12,601.6,11.7789,1.6684,270.0,E3D3,0,22.18,469.78,0,-1
428,legit_63,601.6,350.38,12.1133,-0.0321,0.0,D1D2,0,148.71,496.59,0,-1
428,legit_64,-1.6,99.45,11.3297,-0.8575,180.0,A1A0,0,152.99,854.25,0,-1
428,legit_65,998.4,523.94,13.4332,-0.3104,180.0,F3F2,1,91.91,569.43,0,-1
428,legit_66,401.6,567.17,12.8692,-0.4534,0.0,C2C3,0,58.49,479.03,0,-1
428,legit_67,998.4,927.84,13.8112,0.5102,180.0,F5F4,0,101.87,637.56,0,-1
428,legit_68,201.6,641.47,13.488,-0.1369,0.0,B3B4,0,66.2,566.2,0,-1
428,legit_69,552.95,-1.6,12.6883,-0.298,90.0,C0D0,0,159.33,708.42,0,-1
428,legit_70,923.08,601.6,11.6965,0.018,270.0,F3E3,1,126.93,527.11,0,-1
428,legit_71,782.84,401.6,3.3451,1.8313,270.0,E2D2,0,53.0,502.15,0,-1
429,legit_46,8.63,801.6,5.6935,-4.5,270.0,B4A4,1,146.5,724.02,0,-1
429,legit_52,210.94,998.4,5.2972,-0.0477,87.96,B5C5,1,101.85,666.54,0,-1
429,legit_53,201.6,484.72,11.6985,-0.2587,0.0,B2B3,0,126.3,574.77,0,-1
429,legit_57,244.99,1001.6,12.3755,0.2261,270.0,C5B5,1,123.17,652.02,0,-1
429,legit_60,405.81,-1.6,12.9906,0.3598,90.0,:C0_6,0,129.38,729.46,0,-1
429,legit_61,153.12,798.4,12.4589,-0.5374,90.0,A4B4,1,41.72,619.27,0,-1
429,legit_62,759.91,601.6,12.2083,0.4294,270.0,E3D3,0,10.04,466.25,0,-1
429,legit_63,601.6,362.35,11.9716,-0.1417,0.0,D1D2,0,148.42,492.32,0,-1
429,legit_64,-1.6,87.97,11.4802,0.1505,180.0,A1A0,0,154.95,860.81,0,-1
429,legit_65,998.4,510.98,12.9599,-0.4734,180.0,F3F2,1,102.89,571.01,0,-1
429,legit_66,401.6,580.12,12.9524,0.0831,0.0,C2C3,0,52.32,478.37,0,-1
429,legit_67,998.4,914.07,13.7693,-0.042,180.0,F5F4,0,90.27,631.56,0,-1
429,legit_68,201.6,654.54,13.0767,-0.4113,0.0,B3B4,0,75.08,567.24,0,-1
429,legit_69,565.12,-1.6,12.1647,-0.5235,90.0,C0D0,0,167.45,707.87,0,-1
429,legit_70,911.16,601.6,11.9261,0.2296,270.0,F3E3,1,138.85,521.7,0,-1
429,legit_71,777.26,401.6,5.5773,2.2322,270.0,E2D2,0,49.74,500.59,0,-1
430,legit_46,1.82,800.13,7.0942,1.4007,253.78,:A4_4,0,153.45,729.02,0,-1
430,legit_52,218.52,998.4,7.5717,2.2744,90.0,B5C5,1,106.55,662.82,0,-1
430,legit_53,201.6,496.89,12.1619,0.4634,0.0,B2B3,0,115.3,572.94,0,-1
430,legit_57,232.49,1001.6,12.5034,0.128,270.0,C5B5,1,113.8,657.8,0,-1
430,legit_60,418.58,-1.6,12.764,-0.2266,90.0,C0D0,0,125.59,726.53,0,-1
430,legit_61,166.3,798.4,13.1824,0.7235,90.0,A4B4,1,44.68,611.32,0,-1
430,legit_62,747.32,601.6,12.5901,0.3818,270.0,E3D3,0,3.12,463.07,0,-1
430,legit_63,601.6,374.54,12.194,0.2224,0.0,D1D2,0,149.11,488.2,0,-1
430,legit_64,-1.6,76.05,11.9191,0.4389,180.0,A1A0,0,157.84,867.76,0,-1
430,legit_65,998.4,497.23,13.7517,0.7918,180.0,F3F2,1,115.0,572.89,0,-1
430,legit_66,401.6,588.57,8.4524,-4.5,0.0,C2C3,0,49.73,478.1,0,-1
430,legit_67,998.4,901.03,13.0341,-0.7351,180.0,F5F4,0,79.92,626.06,0,-1
430,legit_68,201.6,668.27,13.7291,0.6524,0.0,B3B4,1,85.58,568.58,0,-1
430,legit_69,578.2,-1.6,13.0856,0.9209,90.0,C0D0,0,176.7,707.46,0,-1
430,legit_70,899.11,601.6,12.0413,0.1152,270.0,F3E3,1,149.12,516.38,0,-1
430,legit_71,769.16,401.6,8.1036,2.5264,270.0,E2D2,0,45.8,498.43,0,-1
431,legit_46,-1.46,793.78,7.5266,0.4324,197.72,:A4_4,0,158.35,730.13,0,-1
431,legit_52,227.46,998.4,8.9434,1.3717,90.0,B5C5,1,112.51,658.51,0,-1
431,legit_53,201.6,508.39,11.5001,-0.6618,0.0,B2B3,0,105.15,571.35,0,-1
431,legit_57,219.95,1001.6,12.537,0.0336,270.0,C5B5,1,105.07,663.78,0,-1
431,legit_60,431.84,-1.6,13.2636,0.4996,90.0,C0D0,0,122.95,723.71,0,-1
431,legit_61,178.31,798.4,12.0071,-1.1753,90.0,A4B4,1,50.32,604.37,0,-1
431,legit_62,734.97,601.6,12.3497,-0.2404,270.0,E3D3,0,15.12,461.07,0,-1
431,legit_63,601.6,387.67,13.1278,0.9338,0.0,D1D2,0,150.96,484.01,0,-1
431,legit_64,-1.6,64.3,11.7492,-0.1699,180.0,A1A0,0,161.51,874.74,0,-1
431,legit_65,998.4,483.5,13.7328,-0.0188,180.0,F3F2,0,127.42,574.96,0,-1
431,legit_66,401.6,592.52,3.9524,-4.5,0.0,C2C3,0,48.97,478.02,0,-1
431,legit_67,998.4,888.14,12.8967,-0.1374,180.0,F5F4,0,70.57,620.82,0,-1
431,legit_68,201.6,682.01,13.7387,0.0096,0.0,B3B4,1,96.89,570.14,0,-1
431,legit_69,586.79,-1.6,8.5856,-4.5,90.0,C0D0,0,183.02,707.29,0,-1
431,legit_70,886.89,601.6,12.2286,0.1873,270.0,F3E3,0,136.9,511.14,0,-1
431,legit_71,758.84,401.6,10.3245,2.2208,270.0,E2D2,0,42.53,495.87,0,-1
432,legit_46,-1.6,786.94,6.8563,-0.6703,180.0,A4A3,0,160.62,728.69,0,-1
432,legit_52,238.59,998.4,11.1343,2.1909,90.0,B5C5,1,120.45,653.28,0,-1
432,legit_53,201.6,519.96,11.5779,0.0778,0.0,B2B3,0,95.23,569.9,0,-1
432,legit_57,207.68,1001.6,12.2779,-0.2591,270.0,C5B5,1,97.33,669.81,0,-1
432,legit_60,444.9,-1.6,13.0576,-0.206,90.0,C0D0,1,121.71,721.15,0,-1
432,legit_61,186.94,798.4,8.6298,-3.3773,90.0,A4B4,1,55.63,599.53,0,-1
432,legit_62,722.69,601.6,12.2754,-0.0744,270.0,E3D3,0,27.35,459.27,0,-1
432,legit_63,601.6,400.9,13.2292,0.1014,0.0,:D2_9,1,153.93,480.05,0,-1
432,legit_64,-1.6,52.5,11.8045,0.0553,180.0,A1A0,0,165.95,881.88,0,-1
432,legit_65,998.4,470.35,13.1503,-0.5825,180.0,F3F2,0,121.82,577.13,0,-1
432,legit_66,399.24,594.02,3.4605,-0.4918,322.1,:C3_19,0,51.11,478.77,0,-1
432,legit_67,998.4,874.62,13.5132,0.6165,180.0,F5F4,0,62.14,615.55,0,-1
432,legit_68,201.6,695.01,13.0002,-0.7385,0.0,B3B4,1,108.12,571.8,0,-1
432,legit_69,592.09,-1.6,5.3057,-3.2799,90.0,C0D0,1,187.02,707.23,0,-1
432,legit_70,875.29,601.6,11.5931,-0.6355,270.0,F3E3,0,125.3,506.31,0,-1
432,legit_71,747.24,401.6,11.5958,1.2713,270.0,E2D2,1,41.69,493.28,0,-1
432,legit_72,601.6,212.3,0.0,0.0,0.0,D1D2,0,174.76,560.51,0,-1
433,legit_46,-1.6,777.71,9.2312,2.3749,180.0,A4A3,0,163.9,726.69,0,-1
433,legit_52,249.67,998.4,11.0741,-0.0601,90.0,B5C5,0,128.81,648.21,0,-1
433,legit_53,201.6,532.22,12.2564,0.6784,0.0,B2B3,0,85.19,568.53,0,-1
433,legit_60,457.88,-1.6,12.9843,-0.0733,90.0,C0D0,1,121.86,718.83,0,-1
433,legit_61,191.46,798.4,4.524,-4.1057,90.0,A4B4,1,58.73,597.03,0,-1
433,legit_62,709.66,601.6,13.0338,0.7584,270.0,E3D3,0,40.37,457.55,0,-1
433,legit_63,601.6,413.35,12.4528,-0.7764,0.0,D2D3,1,157.7,476.56,0,-1
433,legit_64,-1.6,41.25,11.2523,-0.5522,180.0,A1A0,0,170.84,888.79,0,-1
433,legit_65,998.4,457.12,13.2291,0.0787,180.0,F3F2,0,109.98,579.5,0,-1
433,legit_66,398.4,590.73,3.5507,0.0902,212.14,C3C2,0,52.43,479.1,0,-1
433,legit_67,998.4,861.32,13.3053,-0.2079,180.0,F5F4,0,55.83,610.63,0,-1
433,legit_68,201.6,708.08,13.0673,0.0672,0.0,B3B4,1,119.76,573.66,0,-1
433,legit_69,594.15,-0.49,2.4878,-2.8179,76.4,:D0_11,1,187.88,706.33,0,-1
433,legit_70,862.65,601.6,12.641,1.0479,270.0,F3E3,0,112.66,501.21,0,-1
433,legit_71,736.36,401.6,10.8794,-0.7163,270.0,E2D2,1,43.78,491.13,0,-1
433,legit_72,601.6,213.96,1.6615,1.6615,0.0,D1D2,0,175.65,559.59,0,-1
434,legit_46,-1.6,766.63,11.0739,1.8427,180.0,A4A3,0,168.42,724.42,0,-1
434,legit_52,260.61,998.4,10.941,-0.1332,90.0,B5C5,0,137.45,643.34,0,-1
434,legit_53,201.6,544.92,12.6979,0.4415,0.0,B2B3,0,75.48,567.29,0,-1
434,legit_60,471.36,-1.6,13.4727,0.4884,90.0,C0D0,1,123.46,716.66,0,-1
434,legit_61,198.53,798.4,7.0728,2.5488,90.0,:B4_13,1,63.92,593.19,0,-1
434,legit_62,697.04,601.6,12.6197,-0.4141,270.0,E3D3,0,52.98,456.08,0,-1
434,legit_63,601.6,425.76,12.4096,-0.0431,0.0,D2D3,1,162.32,473.31,0,-1
434,legit_64,-1.6,29.06,12.1879,0.9356,180.0,A1A0,0,176.79,896.4,0,-1
434,legit_65,998.4,444.28,12.8374,-0.3917,180.0,F3F2,0,98.82,581.97,0,-1
434,legit_66,398.4,585.5,5.236,1.6853,180.0,C3C2,0,53.6,479.22,0,-1
434,legit_67,998.4,848.47,12.8501,-0.4553,180.0,F5F4,0,52.29,606.15,0,-1
434,legit_68,201.6,721.26,13.1846,0.1173,0.0,B3B4,1,129.46,575.72,0,-1
434,legit_69,592.62,1.6,3.064,0.5762,359.62,D0C0,1,185.37,704.67,0,-1
434,legit_70,850.52,601.6,12.1325,-0.5086,270.0,F3E3,0,100.53,496.48,0,-1
434,legit_71,725.41,401.6,10.9542,0.0747,270.0,E2D2,1,48.33,489.23,0,-1
434,legit_72,601.6,217.93,3.9669,2.3055,0.0,D1D2,0,177.8,557.41,0,-1
435,legit_46,-1.6,753.76,12.8702,1.7963,180.0,A4A3,0,174.41,721.97,0,-1
435,legit_52,271.14,998.4,10.5308,-0.4102,90.0,B5C5,0,146.06,638.77,0,-1
435,legit_53,201.6,557.17,12.248,-0.4499,0.0,B2B3,0,67.06,566.29,0,-1
435,legit_60,484.87,-1.6,13.5117,0.039,90.0,C0D0,1,126.5,714.72,0,-1
435,legit_61,207.08,798.4,8.5438,1.471,90.0,:B4_13,1,70.63,588.64,0,-1
435,legit_62,684.83,601.6,12.2146,-0.4052,270.0,E3D3,0,65.19,454.82,0,-1
435,legit_63,601.6,438.98,13.2223,0.8126,0.0,D2D3,1,168.11,470.09,0,-1
435,legit_64,-1.6,16.8,12.2603,0.0724,180.0,A1A0,0,183.39,904.18,0,-1
435,legit_65,998.4,430.87,13.4151,0.5777,180.0,F3F2,0,87.66,584.75,0,-1
435,legit_66,398.4,577.91,7.5833,2.3473,180.0,C3C2,0,56.13,479.5,0,-1
435,legit_67,998.4,835.44,13.0246,0.1746,180.0,F5F4,0,51.8,601.92,0,-1
435,legit_68,201.6,734.23,12.9637,-0.2209,0.0,B3B4,1,117.69,577.93,0,-1
435,legit_69,586.99,1.6,5.6337,2.5697,270.0,D0C0,1,181.07,704.73,0,-1
435,legit_70,838.03,601.6,12.4886,0.3561,270.0,F3E3,0,88.04,491.77,0,-1
435,legit_71,714.28,401.6,11.124,0.1698,270.0,E2D2,1,54.83,487.54,0,-1
435,legit_72,601.6,224.24,6.3098,2.3429,0.0,D1D2,0,181.35,553.99,0,-1
436,legit_46,-1.6,740.23,13.5359,0.6657,180.0,A4A3,0,181.49,719.59,0,-1
436,legit_52,282.13,998.4,10.9957,0.4649,90.0,B5C5,0,155.3,634.12,0,-1
436,legit_53,201.6,568.95,11.7881,-0.4599,0.0,B2B3,0,60.22,565.53,0,-1
436,legit_60,498.52,-1.6,13.6542,0.1424,90.0,C0D0,1,130.92,713.01,0,-1
436,legit_61,217.48,798.4,10.3974,1.8535,90.0,B4C4,1,79.27,583.21,0,-1
436,legit_62,671.95,601.6,12.872,0.6574,270.0,E3D3,0,78.06,453.68,0,-1
436,legit_63,601.6,451.4,12.4196,-0.8027,0.0,D2D3,1,174.29,467.3,0,-1
436,legit_64,-1.6,8.09,8.7071,-3.5532,180.0,A1A0,0,188.43,909.77,0,-1
436,legit_65,998.4,418.18,12.688,-0.7271,180.0,F3F2,0,77.76,587.56,0,-1
436,legit_66,398.4,567.94,9.9755,2.3921,180.0,C3C2,0,60.75,480.01,0,-1
436,legit_67,998.4,822.17,13.2783,0.2537,180.0,F5F4,0,54.6,597.94,0,-1
436,legit_68,201.6,747.47,13.24,0.2763,0.0,B3B4,1,105.95,580.36,0,-1
436,legit_69,579.08,1.6,7.9074,2.2737,270.0,D0C0,1,175.16,704.88,0,-1
436,legit_70,825.75,601.6,12.2784,-0.2102,270.0,F3E3,0,75.77,487.31,0,-1
436,legit_71,703.02,401.6,11.2629,0.1389,270.0,E2D2,1,62.75,486.03,0,-1
436,legit_72,601.6,232.42,8.181,1.8711,0.0,D1D2,0,186.17,549.63,0,-1
437,legit_46,-1.6,727.61,12.6179,-0.918,180.0,A4A3,0,188.72,717.56,0,-1
437,legit_52,293.67,998.4,11.5338,0.5381,90.0,B5C5,0,165.22,629.38,0,-1
437,legit_53,201.6,580.63,11.6726,-0.1155,0.0,B2B3,0,55.12,565.0,0,-1
437,legit_60,511.2,-1.6,12.6805,-0.9737,90.0,C0D0,1,136.13,711.62,0,-1
437,legit_61,230.06,798.4,12.5846,2.1873,90.0,B4C4,1,90.22,576.82,0,-1
437,legit_62,658.89,601.6,13.0604,0.1884,270.0,E3D3,1,91.12,452.72,0,-1
437,legit_63,601.6,464.29,12.8861,0.4665,0.0,D2D3,2,181.38,464.62,0,-1
437,legit_64,-1.6,3.34,4.7555,-3.9517,180.0,A1A0,0,191.29,912.84,0,-1
437,legit_65,998.4,407.4,10.7763,-1.9117,180.0,F3F2,0,70.07,590.11,0,-1
437,legit_66,398.4,556.06,11.8745,1.899,180.0,C3C2,0,67.77,480.84,0,-1
437,legit_67,998.4,808.66,13.5074,0.2291,180.0,F5F4,0,60.37,594.2,0,-1
437,legit_68,201.6,761.08,13.6135,0.3735,0.0,B3B4,1,94.29,583.06,0,-1
437,legit_69,569.39,1.6,9.6949,1.7875,270.0,D0C0,1,168.14,705.16,0,-1
437,legit_70,816.18,601.6,9.5674,-2.7111,270.0,F3E3,0,66.2,483.94,0,-1
437,legit_71,691.31,401.6,11.7104,0.4475,270.0,E2D2,1,71.94,484.66,0,-1
437,legit_72,601.6,242.43,10.0133,1.8324,0.0,D1D2,0,189.33,544.41,0,-1
438,legit_46,-1.6,714.76,12.8441,0.2262,180.0,A4A3,0,190.14,715.69,0,-1
438,legit_52,304.11,998.4,10.4364,-1.0974,90.0,B5C5,0,167.16,625.2,0,-1
438,legit_60,525.06,-1.6,13.8542,1.1737,90.0,C0D0,1,142.9,710.33,0,-1
438,legit_61,242.34,798.4,12.2815,-0.3032,90.0,B4C4,1,101.28,570.75,0,-1
438,legit_62,645.85,601.6,13.0411,-0.0193,270.0,E3D3,1,104.16,451.95,0,-1
438,legit_63,601.6,477.06,12.774,-0.112,0.0,D2D3,2,189.01,462.19,0,-1
438,legit_64,0.53,-0.96,5.0856,0.3301,153.18,:A0_0,0,192.28,914.24,0,-1
438,legit_65,995.54,402.12,6.4187,-4.3576,214.77,:F2_0,0,68.85,589.89,0,-1
438,legit_66,398.4,542.19,13.8722,1.9977,180.0,C3C2,0,77.49,482.07,0,-1
438,legit_67,998.4,795.72,12.9376,-0.5699,180.0,:F4_1,0,67.99,590.88,0,-1
438,legit_68,201.6,773.96,12.8812,-0.7323,0.0,B3B4,1,83.81,585.8,0,-1
438,legit_69,557.88,1.6,11.5048,1.8099,270.0,D0C0,1,160.18,705.62,0,-1
438,legit_70,810.48,601.6,5.7047,-3.8627,270.0,F3E3,0,60.5,481.99,0,-1
438,legit_71,679.93,401.6,11.3836,-0.3268,270.0,E2D2,1,81.49,483.51,0,-1
438,legit_72,601.6,254.03,11.5945,1.5811,0.0,D1D2,0,182.35,538.52,0,-1
438,legit_73,212.3,-1.6,0.0,0.0,90.0,B0C0,0,136.63,796.13,0,-1
439,legit_46,-1.6,700.95,13.8146,0.9705,180.0,A4A3,0,182.14,713.89,0,-1
439,legit_52,314.39,998.4,10.2875,-0.1489,90.0,B5C5,0,158.27,621.2,0,-1
439,legit_60,538.52,-1.6,13.4608,-0.3934,90.0,C0D0,1,150.41,709.29,0,-1
439,legit_61,255.49,798.4,13.1478,0.8663,90.0,B4C4,1,113.4,564.44,0,-1
439,legit_62,633.03,601.6,12.8269,-0.2142,270.0,E3D3,1,116.99,451.39,0,-1
439,legit_63,601.6,489.96,12.899,0.125,0.0,D2D3,2,184.75,459.97,0,-1
439,legit_64,4.71,-1.6,4.2992,-0.7863,101.86,A0B0,0,189.46,911.93,0,-1
439,legit_65,989.55,401.6,6.0586,-0.3601,267.15,F2E2,0,73.38,586.87,0,-1
439,legit_66,398.4,529.54,12.6529,-1.2193,180.0,C3C2,0,87.33,483.42,0,-1
439,legit_67,998.4,781.91,13.8054,0.8678,180.0,F4F3,0,77.69,587.59,0,-1
439,legit_68,201.6,784.49,10.5241,-2.3571,0.0,B3B4,1,75.79,588.18,0,-1
439,legit_69,545.12,1.6,12.7585,1.2537,270.0,D0C0,1,151.88,706.31,0,-1
439,legit_70,803.25,600.99,7.282,1.5773,262.99,:E3_6,0,53.26,479.56,0,-1
439,legit_71,668.37,401.6,11.5558,0.1723,270.0,E2D2,1,91.62,482.51,0,-1
439,legit_72,601.6,266.73,12.7012,1.1068,0.0,D1D2,0,175.28,532.26,0,-1
439,legit_73,214.51,-1.6,2.2062,2.2062,90.0,B0C0,0,137.65,795.15,0,-1
440,legit_46,-1.6,687.64,13.3069,-0.5077,180.0,A4A3,0,175.11,712.37,0,-1
440,legit_52,325.5,998.4,11.1122,0.8248,90.0,B5C5,0,148.85,617.0,0,-1
440,legit_60,551.59,-1.6,13.0706,-0.3902,90.0,C0D0,1,158.45,708.49,0,-1
440,legit_61,268.48,798.4,12.9874,-0.1604,90.0,B4C4,1,125.57,558.38,0,-1
440,legit_62,620.35,601.6,12.6718,-0.1551,270.0,E3D3,1,129.66,451.01,0,-1
440,legit_63,601.6,502.44,12.4833,-0.4157,0.0,D2D3,2,177.59,458.04,0,-1
440,legit_64,10.41,-1.6,5.6978,1.3986,90.0,A0B0,0,185.13,908.22,0,-1
440,legit_65,981.82,401.6,7.733,1.6743,270.0,F2E2,0,79.87,582.85,0,-1
440,legit_66,398.4,516.27,13.267,0.6141,180.0,C3C2,0,98.35,485.05,0,-1
440,legit_67,998.4,768.19,13.7266,-0.0788,180.0,F4F3,0,88.43,584.55,0,-1
440,legit_68,201.6,792.13,7.6417,-2.8824,0.0,B3B4,1,70.39,590.0,0,-1
440,legit_69,532.9,1.6,12.2259,-0.5326,270.0,D0C0,1,144.54,707.14,0,-1
440,legit_70,798.89,596.2,6.7492,-0.5328,216.4,:E3_6,0,49.03,478.14,0,-1
440,legit_71,657.41,401.6,10.9589,-0.597,270.0,E2D2,2,101.51,481.72,0,-1
440,legit_72,601.6,279.66,12.9293,0.2281,0.0,D1D2,1,168.75,526.11,0,-1
440,legit_73,218.33,-1.6,3.8249,1.6187,90.0,B0C0,0,139.48,793.46,0,-1
441,legit_46,-1.6,674.58,13.0655,-0.2414,180.0,A4A3,0,168.95,711.07,0,-1
441,legit_52,336.04,998.4,10.5324,-0.5798,90.0,B5C5,0,140.16,613.14,0,-1
441,legit_60,564.81,-1.6,13.2225,0.1518,90.0,C0D0,1,167.24,707.88,0,-1
441,legit_61,281.57,798.4,13.0892,0.1018,90.0,B4C4,1,137.99,552.45,0,-1
441,legit_62,611.74,601.6,8.6097,-4.062,270.0,E3D3,1,138.27,450.85,0,-1
441,legit_63,601.6,515.11,12.662,0.1787,0.0,D2D3,2,170.97,456.31,0,-1
441,legit_64,18.59,-1.6,8.179,2.4812,90.0,A0B0,0,179.04,902.95,0,-1
441,legit_65,971.81,401.6,10.0147,2.2817,270.0,F2E2,0,88.57,577.76,0,-1
441,legit_66,398.4,503.04,13.2308,-0.0362,180.0,C3C2,0,109.83,486.88,0,-1
441,legit_67,998.4,754.81,13.3735,-0.3531,180.0,F4F3,0,99.59,581.79,0,-1
441,legit_68,203.42,797.25,5.6829,-1.9588,22.31,:B4_8,1,68.42,590.28,0,-1
441,legit_69,520.83,1.6,12.0677,-0.1582,270.0,D0C0,1,137.97,708.14,0,-1
441,legit_70,798.4,589.92,6.314,-0.4352,183.45,E3E2,0,49.44,478.07,0,-1
441,legit_71,646.65,401.6,10.762,-0.1969,270.0,E2D2,2,111.41,481.08,0,-1
441,legit_72,601.6,293.14,13.4833,0.554,0.0,D1D2,1,162.77,519.94,0,-1
441,legit_73,223.65,-1.6,5.3208,1.4958,90.0,B0C0,0,142.17,791.14,0,-1
442,legit_46,-1.6,660.75,13.826,0.7605,180.0,A4A3,0,163.32,709.92,0,-1
442,legit_52,347.39,998.4,11.3483,0.8159,90.0,B5C5,0,131.1,609.12,0,-1
442,legit_60,578.59,-1.6,13.7815,0.559,90.0,C0D0,1,176.98,707.45,0,-1
442,legit_61,294.72,798.4,13.1551,0.0659,90.0,B4C4,1,150.58,546.67,0,-1
442,legit_62,607.52,601.6,4.2228,-4.3869,270.0,E3D3,1,142.49,450.81,0,-1
442,legit_63,601.6,527.6,12.4967,-0.1653,0.0,D2D3,2,165.12,454.82,0,-1
442,legit_64,28.07,-1.6,9.4872,1.3082,90.0,A0B0,0,172.2,896.89,0,-1
442,legit_65,959.71,401.6,12.0947,2.08,270.0,F2E2,0,99.41,571.76,0,-1
442,legit_66,398.4,489.33,13.7131,0.4824,180.0,C3C2,0,122.11,489.0,0,-1
442,legit_67,998.4,741.63,13.1813,-0.1922,180.0,F4F3,0,111.08,579.26,0,-1
442,legit_68,209.74,798.4,6.5621,0.8792,86.0,B4C4,1,72.8,587.23,0,-1
442,legit_69,508.25,1.6,12.58,0.5123,270.0,D0C0,1,131.95,709.36,0,-1
442,legit_70,798.4,581.7,8.2235,1.9095,180.0,E3E2,0,51.74,478.31,0,-1
442,legit_71,635.82,401.6,10.8293,0.0673,270.0,E2D2,2,121.52,480.57,0,-1
442,legit_72,601.6,306.99,13.8454,0.3621,0.0,D1D2,1,157.58,513.86,0,-1
442,legit_73,230.78,-1.6,7.1249,1.8042,90.0,B0C0,0,145.98,788.07,0,-1
443,legit_46,-1.6,647.11,13.6431,-0.1829,180.0,A4A3,0,158.75,709.01,0,-1
443,legit_52,358.88,998.4,11.4977,0.1493,90.0,B5C5,0,122.31,605.19,0,-1
443,legit_60,591.69,-1.6,13.0977,-0.6837,90.0,C0D0,1,186.71,707.23,0,-1
443,legit_61,307.8,798.4,13.0746,-0.0805,90.0,B4C4,1,148.16,541.11,0,-1
443,legit_62,601.42,599.89,6.4658,2.2429,251.58,:D3_6,1,148.58,450.77,0,-1
443,legit_63,601.6,540.3,12.6976,0.2009,0.0,D2D3,2,159.96,453.54,0,-1
443,legit_64,39.48,-1.6,11.4077,1.9205,90.0,A0B0,0,164.32,889.7,0,-1
443,legit_65,946.79,401.6,12.9259,0.8312,270.0,F2E2,0,111.28,565.52,0,-1
443,legit_66,398.4,476.31,13.0227,-0.6905,180.0,C3C2,0,127.24,491.21,0,-1
443,legit_67,998.4,729.01,12.6199,-0.5614,180.0,F4F3,0,122.39,577.02,0,-1
443,legit_68,218.34,798.4,8.6024,2.0403,90.0,B4C4,1,80.01,582.77,0,-1
443,legit_69,495.41,1.6,12.8425,0.2625,270.0,D0C0,1,126.81,710.81,0,-1
443,legit_70,798.4,572.15,9.5517,1.3282,180.0,E3E2,0,55.84,478.74,0,-1
443,legit_71,623.88,401.6,11.9364,1.1071,270.0,E2D2,2,132.8,480.17,0,-1
443,legit_72,601.6,320.76,13.7723,-0.0731,0.0,D1D2,1,153.5,508.08,0,-1
443,legit_73,240.42,-1.6,9.6447,2.5198,90.0,B0C0,0,151.53,784.01,0,-1
444,legit_46,-1.6,633.52,13.5861,-0.0569,180.0,A4A3,0,155.26,708.33,0,-1
444,legit_52,369.46,998.4,10.5724,-0.9253,90.0,B5C5,0,114.66,601.72,0,-1
444,legit_60,604.8,-1.6,13.1119,0.0141,90.0,:D0_6,1,189.39,707.21,0,-1
444,legit_61,320.6,798.4,12.8044,-0.2703,90.0,B4C4,1,135.92,535.84,0,-1
444,legit_62,598.55,593.84,6.9995,0.5338,197.96,:D3_6,2,148.68,450.8,0,-1
444,legit_63,601.6,553.49,13.1875,0.4899,0.0,D2D3,2,155.52,452.46,0,-1
444,legit_64,51.25,-1.6,11.7716,0.3639,90.0,A0B0,0,156.64,882.38,0,-1
444,legit_65,933.95,401.6,12.8346,-0.0913,270.0,F2E2,0,123.28,559.5,0,-1
444,legit_66,398.4,463.23,13.0807,0.0581,180.0,C3C2,0,115.4,493.63,0,-1
444,legit_67,998.4,716.39,12.6216,0.0018,180.0,F4F3,0,127.32,574.94,0,-1
444,legit_68,228.49,798.4,10.1439,1.5414,90.0,B4C4,1,88.83,577.61,0,-1
444,legit_69,483.31,1.6,12.095,-0.7475,270.0,D0C0,1,123.0,712.37,0,-1
444,legit_70,798.4,561.29,10.8579,1.3062,180.0,E3E2,0,61.97,479.43,0,-1
444,legit_71,614.55,401.6,9.3323,-2.6041,270.0,E2D2,1,141.69,479.97,0,-1
444,legit_72,601.6,334.2,13.4452,-0.3271,0.0,D1D2,1,150.63,502.7,0,-1
444,legit_73,252.16,-1.6,11.735,2.0903,90.0,B0C0,0,158.82,779.19,0,-1
444,legit_74,612.3,598.4,0.0,0.0,90.0,D3E3,2,137.71,450.86,0,-1
445,legit_46,-1.6,619.79,13.7333,0.1471,180.0,A4A3,0,152.89,707.87,0,-1
445,legit_52,380.48,998.4,11.0289,0.4565,90.0,B5C5,0,107.2,598.24,0,-1
445,legit_60,617.8,-1.6,12.9957,-0.1162,90.0,D0E0,1,179.62,707.37,0,-1
445,legit_61,332.73,798.4,12.1292,-0.6751,90.0,B4C4,1,124.43,531.01,0,-1
445,legit_62,598.4,587.36,6.4824,-0.5172,180.0,D3D2,2,148.94,450.9,0,-1
445,legit_63,601.6,565.99,12.4997,-0.6878,0.0,D2D3,2,152.25,451.68,0,-1
445,legit_64,63.38,-1.6,12.1279,0.3563,90.0,A0B0,0,149.3,874.97,0,-1
445,legit_65,921.18,401.6,12.769,-0.0656,270.0,F2E2,0,135.37,553.68,0,-1
445,legit_66,398.4,450.45,12.7768,-0.304,180.0,C3C2,0,104.13,496.18,0,-1
445,legit_67,998.4,702.82,13.5701,0.9484,180.0,F4F3,0,115.04,572.89,0,-1
445,legit_68,240.06,798.4,11.5665,1.4227,90.0,B4C4,1,99.2,571.87,0,-1
445,legit_69,470.32,1.6,12.9942,0.8992,270.0,D0C0,1,120.13,714.26,0,-1
445,legit_70,798.4,548.64,12.6496,1.7918,180.0,E3E2,0,70.57,480.46,0,-1
445,legit_71,608.9,401.6,5.6495,-3.6828,270.0,E2D2,1,147.1,479.89,0,-1
445,legit_72,601.6,348.0,13.801,0.3558,0.0,D1D2,1,148.88,497.46,0,-1
445,legit_73,265.3,-1.6,13.1419,1.4069,90.0,B0C0,0,167.57,773.97,0,-1
445,legit_74,614.71,598.4,2.4132,2.4132,90.0,D3E3,2,135.3,450.9,0,-1
446,legit_52,389.95,998.4,9.4633,-1.5656,90.0,B5C5,0,101.32,595.38,0,-1
446,legit_60,631.16,-1.6,13.3669,0.3712,90.0,D0E0,0,170.03,707.73,0,-1
446,legit_61,345.88,798.4,13.1503,1.0211,90.0,B4C4,1,112.12,525.95,0,-1
446,legit_62,598.4,578.53,8.8318,2.3494,180.0,D3D2,2,149.94,451.14,0,-1
446,legit_63,601.6,578.04,12.0489,-0.4508,0.0,D2D3,2,150.02,451.15,0,-1
446,legit_64,75.26,-1.6,11.8816,-0.2463,90.0,A0B0,0,142.73,867.83,0,-1
446,legit_65,908.1,401.6,13.0844,0.3153,270.0,F2E2,0,147.87,547.9,0,-1
446,legit_66,398.4,437.34,13.1121,0.3354,180.0,C3C2,0,92.97,498.99,0,-1
446,legit_67,998.4,689.53,13.2909,-0.2792,180.0,F4F3,0,103.34,571.08,0,-1
446,legit_68,252.74,798.4,12.6857,1.1192,90.0,B4C4,1,110.84,565.74,0,-1
446,legit_69,457.82,1.6,12.495,-0.4993,270.0,D0C0,0,118.66,716.28,0,-1
446,legit_70,798.4,535.91,12.7276,0.078,180.0,E3E2,0,80.31,481.72,0,-1
446,legit_71,602.83,400.74,6.1953,0.5458,259.98,:D2_6,1,152.7,480.1,0,-1
446,legit_72,601.6,361.52,13.5156,-0.2854,0.0,D1D2,1,148.41,492.61,0,-1
446,legit_73,278.11,-1.6,12.813,-0.3289,90.0,B0C0,0,176.63,769.05,0,-1
446,legit_74,619.1,598.4,4.3901,1.9769,90.0,D3E3,2,130.91,450.98,0,-1
447,legit_52,394.89,998.1,4.9633,-4.5,93.43,:C5_6,0,98.71,593.77,0,-1
447,legit_60,644.26,-1.6,13.0994,-0.2675,90.0,D0E0,0,161.14,708.28,0,-1
447,legit_61,358.07,798.4,12.1868,-0.9636,90.0,B4C4,1,100.91,521.44,0,-1
447,legit_62,598.4,568.27,10.2628,1.431,180.0,D3D2,2,151.75,451.56,0,-1
447,legit_63,601.6,590.05,12.0141,-0.0348,0.0,D2D3,2,148.73,450.85,0,-1
447,legit_64,87.52,-1.6,12.2589,0.3772,90.0,A0B0,0,136.71,860.59,0,-1
447,legit_65,894.65,401.6,13.4487,0.3643,270.0,F2E2,0,150.51,542.14,0,-1
447,legit_66,398.4,423.53,13.8096,0.6975,180.0,C3C2,0,81.84,502.18,0,-1
447,legit_67,998.4,676.57,12.9592,-0.3316,180.0,F4F3,0,92.34,569.49,0,-1
447,legit_68,266.53,798.4,13.7923,1.1066,90.0,B4C4,1,123.74,559.27,0,-1
447,legit_69,445.62,1.6,12.2061,-0.2889,270.0,D0C0,0,118.48,718.46,0,-1
447,legit_70,798.4,523.27,12.6488,-0.0789,180.0,E3E2,0,90.72,483.18,0,-1
447,legit_71,598.96,396.66,5.794,-0.4014,221.04,:D2_6,1,153.4,481.29,0,-1
447,legit_72,601.6,375.3,13.776,0.2604,0.0,D1D2,1,149.19,487.95,0,-1
447,legit_73,291.88,-1.6,13.771,0.958,90.0,B0C0,0,186.86,763.95,0,-1
447,legit_74,625.59,598.4,6.4897,2.0996,90.0,D3E3,2,124.42,451.14,0,-1
448,legit_52,398.13,994.66,5.0415,0.0782,137.02,:C5_6,0,99.87,590.96,0,-1
448,legit_60,656.9,-1.6,12.6373,-0.4621,90.0,D0E0,0,153.15,708.99,0,-1
448,legit_61,370.73,798.4,12.659,0.4723,90.0,B4C4,1,89.53,516.93,0,-1
448,legit_62,598.4,555.78,12.4884,2.2256,180.0,D3D2,2,154.85,452.3,0,-1
448,legit_63,601.6,602.74,12.6856,0.6715,0.0,:D3_9,2,148.43,450.78,0,-1
448,legit_64,99.29,-1.6,11.7707,-0.4882,90.0,A0B0,0,131.75,853.78,0,-1
448,legit_65,881.66,401.6,12.9926,-0.4561,270.0,F2E2,1,138.07,536.76,0,-1
448,legit_66,398.4,410.39,13.1353,-0.6743,180.0,C3C2,0,72.12,505.44,0,-1
448,legit_67,998.4,663.72,12.8527,-0.1066,180.0,F4F3,0,81.99,568.11,0,-1
448,legit_68,279.84,798.4,13.3018,-0.4905,90.0,B4C4,1,136.34,553.22,0,-1
448,legit_69,433.22,1.6,12.4025,0.1965,270.0,D0C0,1,119.58,720.88,0,-1
448,legit_70,798.4,510.68,12.5883,-0.0605,180.0,E3E2,1,101.59,484.82,0,-1
448,legit_71,598.4,389.86,6.8443,1.0504,183.35,D2D1,1,151.37,483.34,0,-1
448,legit_72,601.6,386.93,11.6342,-2.1418,0.0,D1D2,1,150.82,484.24,0,-1
448,legit_73,305.0,-1.6,13.1156,-0.6554,90.0,B0C0,1,189.24,759.27,0,-1
448,legit_74,634.42,598.4,8.8246,2.3349,90.0,D3E3,2,115.59,451.44,0,-1
449,legit_52,398.4,989.78,4.8923,-0.1492,176.77,C5C4,0,103.93,588.25,0,-1
449,legit_60,670.06,-1.6,13.1634,0.5261,90.0,D0E0,0,145.52,709.93,0,-1
449,legit_61,381.85,798.4,11.129,-1.53,90.0,B4C4,1,79.84,513.12,0,-1
449,legit_62,598.4,542.89,12.8934,0.405,180.0,D3D2,3,159.01,453.31,0,-1
449,legit_63,601.6,614.8,12.0591,-0.6265,0.0,D3D4,2,149.14,450.95,0,-1
449,legit_64,111.34,-1.6,12.0455,0.2749,90.0,A0B0,0,127.6,846.96,0,-1
449,legit_65,868.37,401.6,13.2838,0.2912,270.0,F2E2,1,125.47,531.44,0,-1
449,legit_67,998.4,650.52,13.1977,0.345,180.0,F4F3,0,72.21,566.9,0,-1
449,legit_68,292.92,798.4,13.0802,-0.2216,90.0,B4C4,1,148.85,547.46,0,-1
449,legit_69,421.01,1.6,12.2105,-0.1921,270.0,D0C0,1,121.9,723.46,0,-1
449,legit_70,798.4,498.26,12.4157,-0.1725,180.0,E3E2,1,112.66,486.63,0,-1
449,legit_71,598.4,381.56,8.2967,1.4524,180.0,D2D1,1,149.96,485.92,0,-1
449,legit_72,601.78,394.05,7.1342,-4.5,2.05,:D2_8,2,152.08,482.07,0,-1
449,legit_73,318.6,-1.6,13.6062,0.4906,90.0,B0C0,1,179.03,754.61,0,-1
449,legit_74,644.74,598.4,10.3217,1.4971,90.0,D3E3,2,105.27,451.9,0,-1
450,legit_52,398.4,983.03,6.7503,1.858,180.0,C5C4,0,109.84,584.65,0,-1
450,legit_60,682.83,-1.6,12.768,-0.3954,90.0,D0E0,1,138.92,711.03,0,-1
450,legit_61,388.83,798.4,6.9799,-4.1492,90.0,B4C4,1,73.97,510.82,0,-1
450,legit_62,598.4,530.07,12.8146,-0.0789,180.0,D3D2,3,164.05,454.55,0,-1
450,legit_63,601.6,627.95,13.1577,1.0985,0.0,D3D4,2,151.01,451.39,0,-1
450,legit_64,123.6,-1.6,12.2594,0.2139,90.0,A0B0,0,124.43,840.18,0,-1
450,legit_65,855.55,401.6,12.8219,-0.4619,270.0,F2E2,1,113.45,526.49,0,-1
450,legit_67,998.4,636.96,13.561,0.3633,180.0,F4F3,0,63.47,565.89,0,-1
450,legit_68,306.23,798.4,13.3164,0.2362,90.0,B4C4,1,149.67,541.77,0,-1
450,legit_69,408.39,1.6,12.6138,0.4033,270.0,D0C0,1,125.5,726.32,0,-1
450,legit_70,798.4,486.35,11.9108,-0.5049,180.0,E3E2,1,123.53,488.52,0,-1
450,legit_71,598.4,371.96,9.6017,1.305,180.0,D2D1,1,148.88,489.05,0,-1
450,legit_72,606.53,398.3,7.0847,-0.0495,60.83,:D2_8,2,148.5,480.83,0,-1
450,legit_73,331.85,-1.6,13.2436,-0.3627,90.0,B0C0,1,169.55,750.25,0,-1
450,legit_74,657.14,598.4,12.3966,2.0748,90.0,D3E3,2,92.88,452.61,0,-1
450,legit_75,787.7,1.6,0.0,0.0,270.0,E0D0,1,124.26,725.41,0,-1
451,legit_52,398.4,974.57,8.4679,1.7176,180.0,C5C4,0,117.38,580.19,0,-1
451,legit_60,695.93,-1.6,13.1003,0.3323,90.0,D0E0,1,133.08,712.37,0,-1
451,legit_61,397.16,798.4,8.3227,1.3428,90.0,:C4_13,1,67.25,508.15,0,-1
451,legit_62,598.4,516.73,13.3398,0.5252,180.0,D3D2,3,170.16,456.1,0,-1
451,legit_63,601.6,640.65,12.6934,-0.4643,0.0,D3D4,2,153.87,452.06,0,-1
451,legit_64,135.53,-1.6,11.9286,-0.3309,90.0,A0B0,0,122.46,833.73,0,-1
451,legit_65,841.89,401.6,13.6649,0.843,270.0,F2E2,1,100.86,521.42,0,-1
451,legit_67,998.4,624.03,12.9304,-0.6306,180.0,F4F3,0,56.92,565.18,0,-1
451,legit_68,320.01,798.4,13.7819,0.4655,90.0,B4C4,1,136.48,536.08,0,-1
451,legit_69,395.19,1.6,13.2017,0.5879,270.0,:C0_4,1,130.47,729.53,0,-1
451,legit_70,798.4,473.79,12.5615,0.6507,180.0,E3E2,1,123.66,490.7,0,-1
451,legit_71,598.4,360.59,11.367,1.7653,180.0,D2D1,1,148.4,492.93,0,-1
451,legit_72,613.04,398.4,6.5211,-0.5635,90.0,D2E2,2,142.24,480.87,0,-1
451,legit_73,345.67,-1.6,13.8238,0.5803,90.0,B0C0,1,160.22,745.9,0,-1
451,legit_74,670.68,598.4,13.5433,1.1467,90.0,D3E3,2,79.34,453.58,0,-1
451,legit_75,785.14,1.6,2.5614,2.5614,270.0,E0D0,1,123.5,724.83,0,-1
452,legit_52,398.4,963.81,10.7554,2.2875,180.0,C5C4,0,127.13,574.63,0,-1
452,legit_60,709.79,-1.6,13.8629,0.7626,90.0,D0E0,1,128.07,714.02,0,-1
452,legit_61,407.47,798.4,10.3174,1.9947,90.0,C4D4,1,59.49,504.98,0,-1
452,legit_62,598.4,503.39,13.3468,0.007,180.0,D3D2,3,177.08,457.91,0,-1
452,legit_63,601.6,652.98,12.3278,-0.3657,0.0,D3D4,2,157.57,452.96,0,-1
452,legit_64,147.47,-1.6,11.9444,0.0158,90.0,A0B0,0,121.63,827.44,0,-1
452,legit_65,828.28,401.6,13.6105,-0.0544,270.0,F2E2,1,88.64,516.58,0,-1
452,legit_67,998.4,613.62,10.4075,-2.5229,180.0,F4F3,0,53.37,564.82,0,-1
452,legit_68,332.72,798.4,12.7037,-1.0781,90.0,B4C4,1,124.44,531.01,0,-1
452,legit_69,382.9,1.6,12.2871,-0.9145,270.0,C0B0,1,136.09,732.72,0,-1
452,legit_70,798.4,460.99,12.7963,0.2348,180.0,E3E2,1,111.99,493.1,0,-1
452,legit_71,598.4,349.71,10.8845,-0.4825,180.0,D2D1,1,148.76,496.84,0,-1
452,legit_72,621.15,398.4,8.1088,1.5877,90.0,D2E2,2,134.45,481.03,0,-1
452,legit_73,359.52,-1.6,13.8478,0.024,90.0,B0C0,1,151.57,741.75,0,-1
452,legit_74,683.41,598.4,12.7273,-0.816,90.0,D3E3,2,66.61,454.69,0,-1
452,legit_75,780.87,1.6,4.2726,1.7112,270.0,E0D0,1,122.36,723.87,0,-1
453,legit_52,398.4,952.48,11.3303,0.5749,180.0,C5C4,0,123.75,568.91,0,-1
453,legit_60,722.96,-1.6,13.1691,-0.6938,90.0,D0E0,1,124.57,715.82,0,-1
453,legit_61,419.95,798.4,12.4716,2.1543,90.0,C4D4,1,51.32,501.36,0,-1
453,legit_62,598.4,490.47,12.9155,-0.4313,180.0,D3D2,2,184.44,459.89,0,-1
453,legit_63,601.6,665.3,12.3292,0.0014,0.0,D3D4,1,162.13,454.08,0,-1
453,legit_64,159.71,-1.6,12.2408,0.2964,90.0,A0B0,0,121.99,821.16,0,-1
453,legit_65,818.0,401.6,10.2768,-3.3337,270.0,F2E2,1,79.71,513.07,0,-1
453,legit_67,998.4,607.72,5.9075,-4.5,180.0,F4F3,0,52.17,564.7,0,-1
453,legit_68,345.58,798.4,12.8605,0.1568,90.0,B4C4,1,112.4,526.07,0,-1
453,legit_69,370.35,1.6,12.5553,0.2682,270.0,C0B0,1,142.7,736.15,0,-1
453,legit_70,798.4,448.72,12.2698,-0.5265,180.0,E3E2,1,101.07,495.57,0,-1
453,legit_71,598.4,338.65,11.0619,0.1774,180.0,D2D1,1,149.93,500.98,0,-1
453,legit_72,630.88,398.4,9.7327,1.6239,90.0,D2E2,2,125.15,481.31,0,-1
453,legit_73,373.29,-1.6,13.7701,-0.0778,90.0,B0C0,1,143.77,737.83,0,-1
453,legit_74,697.03,598.4,13.62,0.8927,90.0,D3E3,2,53.0,456.07,0,-1
453,legit_75,774.34,1.6,6.5286,2.256,270.0,E0D0,1,120.88,722.45,0,-1
454,legit_52,398.4,941.77,10.7155,-0.6148,180.0,C5C4,2,114.1,563.62,0,-1
454,legit_60,735.71,-1.6,12.7462,-0.423,90.0,D0E0,1,122.44,717.77,0,-1
454,legit_61,432.33,798.4,12.3795,-0.0921,90.0,C4D4,2,45.2,498.04,0,-1
454,legit_62,598.4,477.98,12.4899,-0.4256,180.0,D3D2,1,189.58,462.03,0,-1
454,legit_63,601.6,678.32,13.0181,0.6889,0.0,D3D4,1,167.8,455.5,0,-1
454,legit_64,171.53,-1.6,11.8225,-0.4183,90.0,A0B0,0,123.49,815.26,0,-1
454,legit_65,811.33,401.6,6.6659,-3.6109,270.0,F2E2,1,74.11,510.87,0,-1
454,legit_67,996.12,602.47,6.0555,0.148,207.72,:F3_0,0,53.94,563.43,0,-1
454,legit_68,358.35,798.4,12.7713,-0.0892,90.0,B4C4,2,100.65,521.33,0,-1
454,legit_69,357.85,1.6,12.5005,-0.0548,270.0,C0B0,1,150.04,739.75,0,-1
454,legit_70,798.4,435.92,12.8008,0.5309,180.0,E3E2,1,90.04,498.34,0,-1
454,legit_71,598.4,326.71,11.9339,0.872,180.0,D2D1,1,152.09,505.66,0,-1
454,legit_72,643.15,398.4,12.272,2.5393,90.0,D2E2,2,113.54,481.82,0,-1
454,legit_73,386.81,-1.6,13.5163,-0.2537,90.0,B0C0,1,137.04,734.2,0,-1
454,legit_74,710.86,598.4,13.837,0.2171,90.0,D3E3,1,39.17,457.7,0,-1
454,legit_75,765.43,1.6,8.9088,2.3802,270.0,E0D0,1,119.4,720.6,0,-1
455,legit_52,398.4,931.2,10.5675,-0.148,180.0,C5C4,2,104.78,558.52,0,-1
455,legit_60,748.4,-1.6,12.6861,-0.06,90.0,D0E0,1,121.61,719.93,0,-1
455,legit_61,445.48,798.4,13.1568,0.7773,90.0,C4D4,2,41.84,494.87,0,-1
455,legit_62,598.4,465.66,12.3222,-0.1677,180.0,D3D2,1,182.17,464.35,0,-1
455,legit_63,601.6,690.92,12.6003,-0.4178,0.0,D3D4,0,174.04,457.11,0,-1
455,legit_64,183.31,-1.6,11.7766,-0.0459,90.0,A0B0,0,126.08,809.54,0,-1
455,legit_65,803.7,401.1,7.6707,1.0048,264.24,:E2_6,2,67.62,508.55,0,-1
455,legit_67,990.25,601.6,6.0434,-0.012,266.02,F3E3,0,59.78,560.3,0,-1
455,legit_68,371.27,798.4,12.9207,0.1494,90.0,B4C4,2,89.04,516.74,0,-1
455,legit_69,345.74,1.6,12.1053,-0.3952,270.0,C0B0,1,157.76,743.4,0,-1
455,legit_70,798.4,423.7,12.2249,-0.5759,180.0,E3E2,2,80.0,501.16,0,-1
455,legit_71,598.4,315.0,11.708,-0.2258,180.0,D2D1,1,155.07,510.46,0,-1
455,legit_72,655.91,398.4,12.7532,0.4812,90.0,D2E2,4,101.63,482.54,0,-1
455,legit_73,399.46,-1.6,12.6539,-0.8624,90.0,:C0_6,1,131.68,731.0,0,-1
455,legit_74,724.1,598.4,13.2332,-0.6038,90.0,D3E3,0,25.95,459.47,0,-1
455,legit_75,755.01,1.6,10.4205,1.5117,270.0,E0D0,1,118.51,718.58,0,-1
456,legit_52,398.4,920.78,10.4141,-0.1534,180.0,C5C4,2,95.86,553.62,0,-1
456,legit_60,761.6,-1.6,13.2038,0.5177,90.0,D0E0,1,122.15,722.4,0,-1
456,legit_61,458.17,798.4,12.6826,-0.4742,90.0,C4D4,2,42.39,492.18,0,-1
456,legit_62,598.4,453.25,12.4071,0.0848,180.0,D3D2,2,175.27,466.9,0,-1
456,legit_63,601.6,703.78,12.8554,0.2552,0.0,D3D4,0,181.09,458.98,0,-1
456,legit_64,194.98,-1.6,11.6666,-0.1101,90.0,:B0_6,1,129.65,804.03,0,-1
456,legit_65,798.78,395.48,7.9405,0.2698,208.99,:E2_6,2,60.32,508.55,0,-1
456,legit_67,982.05,601.6,8.193,2.1495,270.0,F3E3,0,67.97,556.01,0,-1
456,legit_68,381.81,798.4,10.5365,-2.3843,90.0,B4C4,2,79.88,513.14,0,-1
456,legit_69,332.46,1.6,13.2801,1.1748,270.0,C0B0,2,166.83,747.58,0,-1
456,legit_70,798.4,414.06,9.6353,-2.5896,180.0,E3E2,2,72.56,503.53,0,-1
456,legit_71,598.4,304.2,10.8006,-0.9074,180.0,D2D1,2,158.54,515.06,0,-1
456,legit_72,668.81,398.4,12.9001,0.1469,90.0,D2E2,4,89.82,483.46,0,-1
456,legit_73,412.27,-1.6,12.8138,0.1598,90.0,C0D0,1,127.32,727.95,0,-1
456,legit_74,737.89,598.4,13.7951,0.5619,90.0,D3E3,0,12.21,461.53,0,-1
456,legit_75,743.23,1.6,11.7827,1.3622,270.0,E0D0,1,118.59,716.46,0,-1
456,legit_76,187.7,401.6,0.0,0.0,270.0,B2A2,0,56.14,599.1,0,-1
457,legit_52,398.4,910.34,10.4464,0.0322,180.0,C5C4,2,87.23,548.82,0,-1
457,legit_60,774.9,-1.6,13.3028,0.099,90.0,D0E0,1,124.12,725.12,0,-1
457,legit_61,470.59,798.4,12.4285,-0.2541,90.0,C4D4,2,46.42,489.9,0,-1
457,legit_62,598.4,441.05,12.1981,-0.209,180.0,D3D2,2,169.09,469.61,0,-1
457,legit_63,601.6,716.03,12.2484,-0.607,0.0,D3D4,0,188.37,460.98,0,-1
457,legit_64,207.36,-1.6,12.3822,0.7157,90.0,B0C0,1,134.45,798.35,0,-1
457,legit_65,798.4,387.01,8.5054,0.5649,180.0,E2E1,2,55.42,510.85,0,-1
457,legit_67,972.19,601.6,9.8674,1.6744,270.0,F3E3,0,77.83,550.93,0,-1
457,legit_68,389.5,798.4,7.6889,-2.8476,90.0,B4C4,2,73.43,510.6,0,-1
457,legit_69,320.26,1.6,12.2047,-1.0754,270.0,C0B0,2,175.65,751.6,0,-1
457,legit_70,798.4,407.87,6.1896,-3.4457,180.0,E3E2,2,68.08,505.11,0,-1
457,legit_71,598.4,292.43,11.7693,0.9687,180.0,D2D1,2,163.06,520.26,0,-1
457,legit_72,681.55,398.4,12.7381,-0.162,90.0,D2E2,4,78.49,484.57,0,-1
457,legit_73,424.92,-1.6,12.6451,-0.1686,90.0,C0D0,1,124.16,725.15,0,-1
457,legit_74,751.31,598.4,13.4216,-0.3735,90.0,D3E3,0,2.07,463.9,0,-1
457,legit_75,731.29,1.6,11.9362,0.1535,270.0,E0D0,1,119.87,714.51,0,-1
457,legit_76,185.76,401.6,1.9437,1.9437,270.0,B2A2,0,54.86,600.18,0,-1
458,legit_52,398.4,899.45,10.885,0.4386,180.0,C5C4,2,78.72,543.95,0,-1
458,legit_60,788.74,-1.6,13.84,0.5373,90.0,D0E0,1,127.62,728.19,0,-1
458,legit_61,482.87,798.4,12.2735,-0.1549,90.0,C4D4,3,53.02,487.95,0,-1
458,legit_62,598.4,428.58,12.474,0.276,180.0,D3D2,2,163.48,472.61,0,-1
458,legit_63,601.6,728.43,12.4036,0.1552,0.0,D3D4,1,185.66,463.21,0,-1
458,legit_64,219.3,-1.6,11.942,-0.4403,90.0,B0C0,1,139.96,793.03,0,-1
458,legit_65,798.4,376.93,10.0743,1.5688,180.0,E2E1,2,51.28,513.88,0,-1
458,legit_67,960.18,601.6,12.0013,2.1339,270.0,F3E3,0,89.83,544.88,0,-1
458,legit_68,398.57,798.4,9.0757,1.3868,90.0,:C4_13,2,66.15,507.7,0,-1
458,legit_69,307.46,1.6,12.7957,0.591,270.0,C0B0,2,185.3,755.97,0,-1
458,legit_70,796.73,402.84,5.4995,-0.6901,200.19,:E2_0,2,63.4,505.92,0,-1
458,legit_71,598.4,280.92,11.5155,-0.2538,180.0,D2D1,1,168.16,525.53,0,-1
458,legit_72,695.07,398.4,13.5196,0.7814,90.0,D2E2,3,67.03,485.97,0,-1
458,legit_73,438.12,-1.6,13.2054,0.5603,90.0,C0D0,1,122.18,722.45,0,-1
458,legit_74,764.4,598.4,13.0891,-0.3325,90.0,D3E3,0,14.49,467.53,0,-1
458,legit_75,719.73,1.6,11.5546,-0.3817,270.0,E0D0,1,122.21,712.79,0,-1
458,legit_76,182.23,401.6,3.5226,1.5789,270.0,B2A2,0,52.63,602.15,0,-1
459,legit_52,398.4,889.1,10.3544,-0.5305,180.0,C5C4,2,71.23,539.47,0,-1
459,legit_60,802.24,-1.6,13.4979,-0.3421,90.0,:E0_6,1,132.35,731.42,0,-1
459,legit_61,495.79,798.4,12.9233,0.6497,90.0,C4D4,3,61.87,486.18,0,-1
459,legit_62,598.4,415.77,12.8058,0.3318,180.0,D3D2,2,158.53,475.91,0,-1
459,legit_63,601.6,741.49,13.0579,0.6543,0.0,D3D4,1,178.12,465.79,0,-1
459,legit_64,230.44,-1.6,11.1442,-0.7978,90.0,B0C0,1,145.8,788.21,0,-1
459,legit_65,798.4,365.36,11.5714,1.4971,180.0,E2E1,2,48.7,517.59,0,-1
459,legit_67,947.25,601.6,12.9385,0.9372,270.0,F3E3,0,102.77,538.53,0,-1
459,legit_68,409.13,798.4,10.5577,1.482,90.0,C4D4,2,58.32,504.48,0,-1
459,legit_69,295.41,1.6,12.055,-0.7407,270.0,C0B0,1,187.51,760.24,0,-1
459,legit_70,791.02,401.6,5.9845,0.485,261.44,E2D2,2,58.42,504.53,0,-1
459,legit_71,598.4,269.69,11.2322,-0.2833,180.0,D2D1,1,173.72,530.84,0,-1
459,legit_72,707.86,398.4,12.795,-0.7246,90.0,D2E2,3,57.01,487.53,0,-1
459,legit_73,450.93,-1.6,12.8088,-0.3966,90.0,C0D0,0,121.6,720.05,0,-1
459,legit_74,777.67,598.4,13.2718,0.1828,90.0,D3E3,0,27.72,471.45,0,-1
459,legit_75,707.11,1.6,12.6223,1.0678,270.0,E0D0,1,125.93,711.12,0,-1
459,legit_76,176.28,401.6,5.9578,2.4352,270.0,B2A2,0,49.2,605.53,0,-1
460,legit_52,398.4,878.78,10.3135,-0.041,180.0,C5C4,2,64.55,535.14,0,-1
460,legit_60,815.86,-1.6,13.6185,0.1205,90.0,E0F0,1,138.29,734.9,0,-1
460,legit_61,508.15,798.4,12.3629,-0.5603,90.0,C4D4,3,71.5,484.72,0,-1
460,legit_63,601.6,754.07,12.5777,-0.4802,0.0,D3D4,1,171.49,468.5,0,-1
460,legit_64,242.82,-1.6,12.3735,1.2293,90.0,B0C0,1,152.98,783.01,0,-1
460,legit_65,798.4,351.85,13.5071,1.9358,180.0,E2E1,2,49.08,522.27,0,-1
460,legit_67,934.08,601.6,13.1656,0.2271,270.0,F3E3,1,115.93,532.23,0,-1
460,legit_68,422.12,798.4,12.9961,2.4384,90.0,C4D4,2,50.08,500.76,0,-1
460,legit_69,283.07,1.6,12.3364,0.2814,270.0,C0B0,1,178.12,764.77,0,-1
460,legit_70,782.93,401.6,8.0848,2.1003,270.0,E2D2,2,53.06,502.17,0,-1
460,legit_71,598.4,258.59,11.0955,-0.1367,180.0,D2D1,0,179.74,536.25,0,-1
460,legit_72,721.22,398.4,13.3556,0.5606,90.0,D2E2,2,47.99,489.42,0,-1
460,legit_73,464.08,-1.6,13.1433,0.3345,90.0,C0D0,0,122.41,717.81,0,-1
460,legit_74,786.45,598.4,8.7718,-4.5,90.0,D3E3,1,36.48,474.15,0,-1
460,legit_75,694.84,1.6,12.2707,-0.3516,270.0,E0D0,1,130.62,709.69,0,-1
460,legit_76,168.23,401.6,8.044,2.0862,270.0,B2A2,0,45.42,610.18,0,-1
461,legit_52,398.4,868.39,10.3934,0.0799,180.0,C5C4,2,58.89,530.94,0,-1
461,legit_60,828.63,-1.6,12.7686,-0.8498,90.0,E0F0,1,144.81,738.36,0,-1
461,legit_61,520.52,798.4,12.3616,-0.0014,90.0,C4D4,3,81.87,483.47,0,-1
461,legit_63,601.6,766.79,12.7214,0.1437,0.0,D3D4,1,165.48,471.47,0,-1
461,legit_64,255.2,-1.6,12.3837,0.0102,90.0,B0C0,1,160.79,777.97,0,-1
461,legit_65,798.4,339.15,12.7029,-0.8043,180.0,E2E1,2,52.7,527.0,0,-1
461,legit_67,920.53,601.6,13.5519,0.3863,270.0,F3E3,1,129.48,525.94,0,-1
461,legit_68,435.83,798.4,13.7065,0.7104,90.0,C4D4,2,43.95,497.16,0,-1
461,legit_69,269.99,1.6,13.0818,0.7454,270.0,C0B0,1,168.57,769.73,0,-1
461,legit_70,772.28,401.6,10.6571,2.5724,270.0,E2D2,2,47.19,499.24,0,-1
461,legit_71,598.4,247.18,11.4091,0.3135,180.0,D2D1,0,186.41,541.97,0,-1
461,legit_72,734.9,398.4,13.6817,0.3262,90.0,D2E2,2,41.26,491.7,0,-1
461,legit_73,476.86,-1.6,12.7842,-0.3591,90.0,C0D0,0,124.53,715.84,0,-1
461,legit_74,790.72,598.4,4.2718,-4.5,90.0,D3E3,1,40.75,475.49,0,-1
461,legit_75,682.41,1.6,12.4339,0.1633,270.0,E0D0,1,136.34,708.43,0,-1
461,legit_76,157.62,401.6,10.6095,2.5655,270.0,B2A2,0,42.29,616.51,0,-1
462,legit_52,398.4,857.93,10.4652,0.0718,180.0,C5C4,2,54.63,526.89,0,-1
462,legit_60,841.92,-1.6,13.2888,0.5202,90.0,E0F0,0,152.43,742.17,0,-1
462,legit_61,532.66,798.4,12.1422,-0.2193,90.0,C4D4,3,92.54,482.43,0,-1
462,legit_63,601.6,779.8,13.0116,0.2902,0.0,D3D4,1,160.15,474.74,0,-1
462,legit_64,266.36,-1.6,11.1615,-1.2222,90.0,B0C0,1,168.31,773.56,0,-1
462,legit_65,798.4,325.82,13.3305,0.6276,180.0,E2E1,2,59.25,532.27,0,-1
462,legit_67,907.9,601.6,12.6271,-0.9249,270.0,F3E3,1,142.11,520.25,0,-1
462,legit_68,449.24,798.4,13.4069,-0.2996,90.0,C4D4,2,41.61,494.03,0,-1
462,legit_69,256.97,1.6,13.0207,-0.0611,270.0,C0B0,1,159.56,774.85,0,-1
462,legit_70,759.79,401.6,12.4855,1.8283,270.0,E2D2,2,42.74,496.09,0,-1
462,legit_71,598.4,235.83,11.3546,-0.0544,180.0,D2D1,0,188.25,547.84,0,-1
462,legit_72,748.23,398.4,13.3299,-0.3519,90.0,D2E2,2,38.44,494.31,0,-1
462,legit_73,490.46,-1.6,13.6016,0.8173,90.0,C0D0,0,128.16,713.99,0,-1
462,legit_74,796.13,597.52,5.5842,1.3124,100.31,:E3_12,1,46.2,477.23,0,-1
462,legit_75,670.1,1.6,12.307,-0.127,270.0,E0D0,0,142.84,707.37,0,-1
462,legit_76,145.59,401.6,12.0296,1.4202,270.0,B2A2,0,41.83,623.97,0,-1
462,legit_77,198.4,587.7,0.0,0.0,180.0,B3B2,0,49.94,566.51,0,-1
463,legit_52,398.4,846.76,11.1648,0.6997,180.0,C5C4,1,52.04,522.79,0,-1
463,legit_60,855.49,-1.6,13.5694,0.2806,90.0,E0F0,0,160.98,746.25,0,-1
463,legit_61,545.32,798.4,12.6648,0.5226,90.0,C4D4,2,104.0,481.54,0,-1
463,legit_63,601.6,792.48,12.6827,-0.3289,0.0,D3D4,2,155.82,478.17,0,-1
463,legit_64,277.69,-1.6,11.3279,0.1664,90.0,B0C0,1,176.33,769.21,0,-1
463,legit_65,798.4,312.33,13.4927,0.1622,180.0,E2E1,2,67.94,537.89,0,-1
463,legit_67,894.42,601.6,13.4768,0.8497,270.0,F3E3,1,144.43,514.36,0,-1
463,legit_68,463.07,798.4,13.8346,0.4277,90.0,C4D4,3,43.61,491.24,0,-1
463,legit_69,244.06,1.6,12.9048,-0.1159,270.0,C0B0,1,151.22,780.1,0,-1
463,legit_70,747.32,401.6,12.4747,-0.0108,270.0,E2D2,2,41.69,493.3,0,-1
463,legit_71,598.4,224.64,11.1837,-0.1709,180.0,D2D1,0,181.58,553.77,0,-1
463,legit_72,761.96,398.4,13.7287,0.3988,90.0,D2E2,2,40.22,497.44,0,-1
463,legit_73,504.07,-1.6,13.6125,0.011,90.0,C0D0,0,133.08,712.37,0,-1
463,legit_74,798.4,592.29,6.0341,0.4499,163.5,E3E2,1,49.01,478.02,0,-1
463,legit_75,658.4,1.6,11.7034,-0.6036,270.0,E0D0,0,149.7,706.53,0,-1
463,legit_76,132.27,401.6,13.3194,1.2898,270.0,B2A2,0,45.22,632.59,0,-1
463,legit_77,198.4,586.05,1.6461,1.6461,180.0,B3B2,0,50.37,566.55,0,-1
464,legit_52,398.4,836.24,10.5202,-0.6447,180.0,C5C4,1,51.74,519.15,0,-1
464,legit_60,869.03,-1.6,13.5413,-0.0281,90.0,E0F0,0,170.16,750.53,0,-1
464,legit_61,558.1,798.4,12.781,0.1162,90.0,C4D4,2,115.83,480.84,0,-1
464,legit_63,601.6,804.99,12.5074,-0.1753,0.0,:D4_9,2,152.47,481.78,0,-1
464,legit_64,289.57,-1.6,11.8824,0.5545,90.0,B0C0,1,185.11,764.79,0,-1
464,legit_65,798.4,299.2,13.1284,-0.3643,180.0,E2E1,2,77.71,543.6,0,-1
464,legit_67,880.71,601.6,13.7182,0.2415,270.0,F3E3,1,130.72,508.55,0,-1
464,legit_68,476.08,798.4,13.0121,-0.8226,90.0,C4D4,3,49.1,488.99,0,-1
464,legit_69,231.55,1.6,12.5116,-0.3932,270.0,C0B0,1,143.77,785.35,0,-1
464,legit_70,734.74,401.6,12.5778,0.1031,270.0,E2D2,2,44.31,490.84,0,-1
464,legit_71,598.4,212.96,11.6866,0.5029,180.0,D2D1,0,175.11,560.14,0,-1
464,legit_72,775.62,398.4,13.664,-0.0647,90.0,D2E2,2,46.16,500.98,0,-1
464,legit_73,516.97,-1.6,12.8985,-0.7141,90.0,C0D0,1,138.82,711.05,0,-1
464,legit_74,798.4,584.37,7.9241,1.8899,180.0,E3E2,1,50.86,478.21,0,-1
464,legit_75,646.23,1.6,12.1655,0.4621,270.0,E0D0,1,157.44,705.82,0,-1
464,legit_76,119.02,401.6,13.2525,-0.067,270.0,B2A2,0,51.87,641.49,0,-1
464,legit_77,198.4,582.16,3.8932,2.247,180.0,B3B2,0,51.58,566.67,0,-1
465,legit_52,398.4,825.17,11.0755,0.5554,180.0,C5C4,1,53.69,515.55,0,-1
465,legit_60,882.22,-1.6,13.1893,-0.3521,90.0,E0F0,0,179.63,754.88,0,-1
465,legit_61,570.12,798.4,12.0171,-0.7638,90.0,C4D4,2,127.12,480.35,0,-1
465,legit_63,601.6,817.15,12.1603,-0.3471,0.0,D4D5,2,150.15,485.52,0,-1
465,legit_64,300.98,-1.6,11.4069,-0.4755,90.0,B0C0,1,192.34,760.69,0,-1
465,legit_65,798.4,286.18,13.0198,-0.1086,180.0,E2E1,2,88.27,549.47,0,-1
465,legit_67,867.73,601.6,12.9729,-0.7453,270.0,F3E3,1,117.74,503.24,0,-1
465,legit_68,488.88,798.4,12.7909,-0.2212,90.0,C4D4,3,56.94,487.09,0,-1
465,legit_69,218.36,1.6,13.1907,0.6791,270.0,C0B0,1,136.72,791.06,0,-1
465,legit_70,721.86,401.6,12.8771,0.2993,270.0,E2D2,2,50.22,488.67,0,-1
465,legit_71,598.4,202.18,10.7793,-0.9073,180.0,:D1_1,0,169.63,566.17,0,-1
465,legit_72,784.94,398.4,9.3229,-4.3412,90.0,D2E2,2,51.92,503.6,0,-1
465,legit_73,530.49,-1.6,13.5183,0.6198,90.0,C0D0,1,145.83,709.88,0,-1
465,legit_74,798.4,574.83,9.5357,1.6117,180.0,E3E2,1,54.55,478.6,0,-1
465,legit_75,633.45,1.6,12.7847,0.6192,270.0,E0D0,1,166.14,705.26,0,-1
465,legit_76,106.42,401.6,12.6002,-0.6523,270.0,B2A2,0,60.25,650.19,0,-1
465,legit_77,198.4,576.19,5.9661,2.073,180.0,B3B2,0,53.94,566.91,0,-1
466,legit_52,398.4,814.26,10.9079,-0.1677,180.0,C5C4,1,57.66,512.23,0,-1
466,legit_60,895.17,-1.6,12.9484,-0.2409,90.0,E0F0,0,189.37,759.33,0,-1
466,legit_61,581.95,798.4,11.8267,-0.1905,90.0,C4D4,2,138.35,480.03,0,-1
466,legit_63,601.6,829.21,12.0592,-0.1011,0.0,D4D5,2,148.79,489.44,0,-1
466,legit_64,312.8,-1.6,11.8171,0.4102,90.0,B0C0,1,183.33,756.57,0,-1
466,legit_65,798.4,273.16,13.023,0.0032,180.0,E2E1,1,99.42,555.53,0,-1
466,legit_67,854.45,601.6,13.2819,0.309,270.0,F3E3,1,104.46,498.0,0,-1
466,legit_68,501.59,798.4,12.7142,-0.0766,90.0,C4D4,3,66.27,485.47,0,-1
466,legit_69,206.11,1.6,12.2497,-0.9411,270.0,:B0_4,1,131.02,796.54,0,-1
466,legit_70,709.42,401.6,12.4382,-0.4389,270.0,E2D2,1,58.11,486.86,0,-1
466,legit_71,598.4,190.81,11.372,0.5927,180.0,D1D0,0,164.43,572.69,0,-1
466,legit_72,790.43,398.4,5.4892,-3.8336,90.0,D2E2,2,55.76,505.21,0,-1
466,legit_73,544.26,-1.6,13.7729,0.2546,90.0,C0D0,1,153.86,708.92,0,-1
466,legit_74,798.4,563.95,10.8795,1.3437,180.0,E3E2,1,60.35,479.24,0,-1
466,legit_75,621.34,1.6,12.108,-0.6768,270.0,E0D0,1,174.85,704.89,0,-1
466,legit_76,93.51,401.6,12.9133,0.3131,270.0,B2A2,0,70.16,659.33,0,-1
466,legit_77,198.4,567.79,8.402,2.4359,180.0,B3B2,0,58.14,567.34,0,-1
467,legit_60,908.9,-1.6,13.7396,0.7912,90.0,E0F0,0,186.26,764.24,0,-1
467,legit_61,589.27,798.4,7.3267,-4.5,90.0,C4D4,2,145.35,479.91,0,-1
467,legit_63,601.6,841.96,12.7547,0.6954,0.0,D4D5,2,148.41,493.83,0,-1
467,legit_64,324.47,-1.6,11.6675,-0.1496,90.0,B0C0,1,174.77,752.66,0,-1
467,legit_65,798.4,259.38,13.777,0.754,180.0,E2E1,1,111.66,562.15,0,-1
467,legit_67,841.76,601.6,12.6913,-0.5906,270.0,F3E3,1,91.77,493.16,0,-1
467,legit_68,514.62,798.4,13.0277,0.3135,90.0,C4D4,2,76.85,484.04,0,-1
467,legit_69,193.31,1.6,12.7958,0.5461,270.0,:B0_4,1,126.07,802.44,0,-1
467,legit_70,697.29,401.6,12.1352,-0.3031,270.0,E2D2,1,67.15,485.34,0,-1
467,legit_71,598.4,179.68,11.1298,-0.2422,180.0,D1D0,0,159.95,579.23,0,-1
467,legit_72,798.02,398.4,7.5914,2.1022,90.0,:E2_13,2,61.49,507.51,0,-1
467,legit_73,557.61,-1.6,13.3454,-0.4275,90.0,C0D0,1,162.38,708.19,0,-1
467,legit_74,798.4,551.41,12.5487,1.6692,180.0,E3E2,1,68.59,480.22,0,-1
467,legit_75,612.0,1.6,9.3377,-2.7703,270.0,E0D0,1,181.83,704.72,0,-1
467,legit_76,80.37,401.6,13.1395,0.2262,270.0,B2A2,0,81.11,668.81,0,-1
467,legit_77,198.4,557.72,10.0772,1.6752,180.0,B3B2,0,64.27,568.01,0,-1
468,legit_60,922.69,-1.6,13.7869,0.0473,90.0,E0F0,0,176.05,769.36,0,-1
468,legit_61,598.64,798.4,9.3665,2.0399,90.0,:D4_13,2,154.35,479.85,0,-1
468,legit_63,601.6,854.14,12.1776,-0.5771,0.0,D4D5,2,149.07,498.26,0,-1
468,legit_64,336.46,-1.6,11.9997,0.3321,90.0,B0C0,0,166.36,748.77,0,-1
468,legit_65,798.4,246.47,12.9062,-0.8708,180.0,E2E1,0,123.41,568.52,0,-1
468,legit_67,828.76,601.6,12.9979,0.3065,270.0,F3E3,1,78.78,488.39,0,-1
468,legit_68,527.74,798.4,13.1242,0.0965,90.0,C4D4,2,88.17,482.83,0,-1
468,legit_69,181.09,1.6,12.2221,-0.5737,270.0,B0A0,0,122.41,808.24,0,-1
468,legit_70,684.48,401.6,12.8053,0.6701,270.0,E2D2,1,77.61,483.95,0,-1
468,legit_71,598.4,168.85,10.8309,-0.2988,180.0,D1D0,0,156.23,585.74,0,-1
468,legit_72,808.15,398.4,10.1259,2.5345,90.0,E2F2,2,69.68,510.71,0,-1
468,legit_73,570.75,-1.6,13.1403,-0.2051,90.0,C0D0,1,171.37,707.67,0,-1
468,legit_74,798.4,538.54,12.8685,0.3197,180.0,E3E2,2,78.23,481.44,0,-1
468,legit_75,606.62,1.68,5.3866,-3.9511,270.95,:D0_3,1,185.89,704.6,0,-1
468,legit_76,66.93,401.6,13.4359,0.2964,270.0,B2A2,0,92.9,678.69,0,-1
468,legit_77,198.4,545.17,12.5445,2.4673,180.0,B3B2,0,73.14,569.03,0,-1
468,legit_78,212.3,998.4,0.0,0.0,90.0,B5C5,0,102.66,665.86,0,-1
469,legit_60,935.74,-1.6,13.0473,-0.7396,90.0,E0F0,0,166.86,774.38,0,-1
469,legit_61,609.48,798.4,10.8356,1.4691,90.0,D4E4,2,146.55,479.9,0,-1
469,legit_63,601.6,866.66,12.5193,0.3417,0.0,D4D5,2,150.78,503.04,0,-1
469,legit_64,348.02,-1.6,11.5529,-0.4468,90.0,B0C0,0,158.7,745.18,0,-1
469,legit_65,798.4,233.23,13.2417,0.3355,180.0,E2E1,0,123.14,575.25,0,-1
469,legit_67,817.42,601.6,11.3442,-1.6537,270.0,F3E3,1,67.44,484.37,0,-1
469,legit_68,541.27,798.4,13.5295,0.4054,90.0,C4D4,2,100.3,481.81,0,-1
469,legit_69,167.84,1.6,13.2553,1.0332,270.0,B0A0,0,119.74,814.74,0,-1
469,legit_70,672.35,401.6,12.1344,-0.6709,270.0,E2D2,1,88.09,482.84,0,-1
469,legit_71,598.4,157.02,11.8261,0.9951,180.0,D1D0,0,152.95,593.03,0,-1
469,legit_72,819.91,398.4,11.7566,1.6307,90.0,E2F2,2,79.76,514.6,0,-1
469,legit_73,584.16,-1.6,13.4085,0.2682,90.0,C0D0,1,181.07,707.33,0,-1
469,legit_74,798.4,524.97,13.5622,0.6938,180.0,E3E2,2,89.28,482.97,0,-1
469,legit_75,602.29,4.18,5.3044,-0.0821,301.35,:D0_3,1,187.7,702.59,0,-1
469,legit_76,53.86,401.6,13.0701,-0.3658,270.0,B2A2,0,104.75,688.45,0,-1
469,legit_77,198.4,531.47,13.6971,1.1526,180.0,B3B2,0,83.9,570.38,0,-1
469,legit_78,214.11,998.4,1.8123,1.8123,90.0,B5C5,0,103.77,664.97,0,-1
470,legit_60,948.61,-1.6,12.8737,-0.1736,90.0,E0F0,0,158.32,779.51,0,-1
470,legit_61,622.72,798.4,13.2485,2.4128,90.0,D4E4,2,133.9,480.14,0,-1
470,legit_63,601.6,879.24,12.5773,0.058,0.0,D4D5,2,153.5,508.08,0,-1
470,legit_64,360.36,-1.6,12.3465,0.7936,90.0,B0C0,0,151.07,741.5,0,-1
470,legit_65,798.4,220.09,13.137,-0.1047,180.0,E2E1,0,111.18,582.09,0,-1
470,legit_67,810.57,601.6,6.8442,-4.5,270.0,F3E3,1,60.6,482.02,0,-1
470,legit_68,554.67,798.4,13.3967,-0.1328,90.0,C4D4,2,112.63,481.01,0,-1
470,legit_69,155.07,1.6,12.7639,-0.4914,270.0,B0A0,0,118.51,821.18,0,-1
470,legit_70,660.52,401.6,11.8257,-0.3087,270.0,E2D2,0,98.67,481.93,0,-1
470,legit_71,598.4,145.68,11.3346,-0.4915,180.0,D1D0,2,150.61,600.19,0,-1
470,legit_72,832.65,398.4,12.7412,0.9846,90.0,E2F2,1,91.13,519.0,0,-1
470,legit_73,597.57,-1.6,13.4109,0.0024,90.0,:D0_6,2,191.22,707.2,0,-1
470,legit_74,798.4,512.22,12.7565,-0.8057,180.0,E3E2,2,100.24,484.61,0,-1
470,legit_75,601.6,8.84,4.7818,-0.5226,350.58,D0D1,2,185.42,698.89,0,-1
470,legit_76,41.19,401.6,12.6759,-0.3942,270.0,B2A2,0,116.49,698.05,0,-1
470,legit_77,198.4,518.45,13.0211,-0.6761,180.0,B3B2,0,94.83,571.86,0,-1
470,legit_78,218.35,998.4,4.2383,2.4259,90.0,B5C5,0,106.44,662.9,0,-1
471,legit_60,962.26,-1.6,13.6515,0.7777,90.0,E0F0,0,149.95,785.13,0,-1
471,legit_61,636.0,798.4,13.2808,0.0324,90.0,D4E4,2,121.35,480.58,0,-1
471,legit_63,601.6,891.66,12.4218,-0.1556,0.0,D4D5,2,157.13,513.28,0,-1
471,legit_64,372.02,-1.6,11.6521,-0.6944,90.0,B0C0,0,144.46,738.18,0,-1
471,legit_65,798.4,206.86,13.2322,0.0952,180.0,:E1_1,0,99.44,589.16,0,-1
471,legit_67,804.25,602.25,6.4348,-0.4094,277.59,:E3_4,1,54.29,479.89,0,-1
471,legit_68,567.67,798.4,13.0049,-0.3918,90.0,C4D4,2,124.81,480.44,0,-1
471,legit_69,142.04,1.6,13.029,0.2652,270.0,B0A0,0,118.67,827.96,0,-1
471,legit_70,648.49,401.6,12.0315,0.2058,270.0,E2D2,0,109.7,481.18,0,-1
471,legit_71,598.4,133.77,11.9109,0.5763,180.0,D1D0,2,149.04,607.89,0,-1
471,legit_72,845.77,398.4,13.1269,0.3857,90.0,E2F2,1,103.19,523.73,0,-1
471,legit_73,611.25,-1.6,13.6762,0.2653,90.0,D0E0,2,184.5,707.26,0,-1
471,legit_74,798.4,498.69,13.5252,0.7686,180.0,E3E2,2,112.27,486.56,0,-1
471,legit_75,601.6,16.05,7.2079,2.4261,0.0,D0D1,2,181.19,693.21,0,-1
471,legit_76,27.62,401.6,13.5651,0.8892,270.0,B2A2,0,129.26,708.45,0,-1
471,legit_77,198.4,505.68,12.7755,-0.2456,180.0,B3B2,0,106.02,573.5,0,-1
471,legit_78,224.51,998.4,6.1558,1.9176,90.0,B5C5,0,110.5,659.92,0,-1
472,legit_60,976.04,-1.6,13.7756,0.1241,90.0,E0F0,0,142.33,791.0,0,-1
472,legit_61,648.88,798.4,12.8748,-0.4061,90.0,D4E4,2,109.34,481.2,0,-1
472,legit_63,601.6,904.53,12.8745,0.4527,0.0,D4D5,2,161.82,518.9,0,-1
472,legit_64,384.43,-1.6,12.4105,0.7584,90.0,B0C0,0,138.15,734.82,0,-1
472,legit_65,798.4,193.06,13.7992,0.567,180.0,:E1_1,0,87.64,596.73,0,-1
472,legit_67,801.6,607.2,5.9657,-0.4691,337.76,:E3_4,1,52.1,479.06,0,-1
472,legit_68,579.74,798.4,12.0715,-0.9334,90.0,C4D4,2,136.25,480.08,0,-1
472,legit_69,129.36,1.6,12.6875,-0.3415,270.0,B0A0,0,120.19,834.74,0,-1
472,legit_70,636.55,401.6,11.9369,-0.0946,270.0,E2D2,0,120.83,480.6,0,-1
472,legit_71,598.4,122.43,11.3458,-0.5651,180.0,D1D0,2,148.42,615.4,0,-1
472,legit_72,858.41,398.4,12.6393,-0.4876,90.0,E2F2,1,115.01,528.47,0,-1
472,legit_73,624.76,-1.6,13.5151,-0.1611,90.0,D0E0,2,174.56,707.53,0,-1
472,legit_74,798.4,484.9,13.797,0.2719,180.0,E3E2,2,124.87,488.77,0,-1
472,legit_75,601.6,25.29,9.2438,2.0359,0.0,D0D1,2,176.05,685.99,0,-1
472,legit_76,17.35,401.6,10.2748,-3.2903,270.0,B2A2,0,139.02,716.43,0,-1
472,legit_77,198.4,491.91,13.7678,0.9923,180.0,B3B2,0,118.43,575.45,0,-1
472,legit_78,232.42,998.4,7.9183,1.7625,90.0,B5C5,0,115.98,656.16,0,-1
473,legit_60,988.63,-1.6,12.5894,-1.1862,90.0,E0F0,0,136.21,796.55,0,-1
473,legit_61,661.56,798.4,12.6828,-0.1919,90.0,D4E4,2,97.73,482.0,0,-1
473,legit_63,601.6,916.83,12.2967,-0.5778,0.0,D4D5,2,167.11,524.48,0,-1
473,legit_64,396.34,-1.6,11.909,-0.5015,90.0,:C0_6,0,132.92,731.77,0,-1
473,legit_65,798.4,179.29,13.7767,-0.0225,180.0,E1E0,0,76.53,604.49,0,-1
473,legit_67,801.6,613.84,6.6409,0.6752,0.0,E3E4,1,53.42,479.2,0,-1
473,legit_68,587.73,798.4,7.9819,-4.0896,90.0,C4D4,2,143.87,479.93,0,-1
473,legit_69,117.31,1.6,12.0515,-0.636,270.0,B0A0,0,122.83,841.35,0,-1
473,legit_70,623.86,401.6,12.697,0.7601,270.0,E2D2,0,132.83,480.17,0,-1
473,legit_71,598.4,111.25,11.1805,-0.1653,180.0,D1D0,2,148.66,622.96,0,-1
473,legit_72,871.02,398.4,12.6071,-0.0322,90.0,E2F2,1,126.97,533.38,0,-1
473,legit_73,637.56,-1.6,12.798,-0.717,90.0,D0E0,2,165.62,707.97,0,-1
473,legit_74,798.4,472.19,12.7015,-1.0955,180.0,E3E2,2,122.19,490.99,0,-1
473,legit_75,601.6,36.96,11.6646,2.4208,0.0,D0D1,2,170.05,676.98,0,-1
473,legit_76,11.06,401.6,6.281,-3.9938,270.0,B2A2,0,145.03,721.34,0,-1
473,legit_77,198.4,478.71,13.2037,-0.5641,180.0,B3B2,0,128.19,577.51,0,-1
473,legit_78,242.71,998.4,10.2846,2.3663,90.0,B5C5,0,123.51,651.38,0,-1
474,legit_60,996.75,-1.6,8.1218,-4.4676,90.0,E0F0,0,132.75,800.22,0,-1
474,legit_61,674.07,798.4,12.5059,-0.1769,90.0,D4E4,2,86.58,482.99,0,-1
474,legit_63,601.6,928.97,12.1411,-0.1556,0.0,D4D5,2,173.03,530.19,0,-1
474,legit_64,408.73,-1.6,12.3982,0.4891,90.0,C0D0,0,128.41,728.77,0,-1
474,legit_65,798.4,165.99,13.2978,-0.4789,180.0,E1E0,0,66.76,612.18,0,-1
474,legit_67,801.6,622.47,8.631,1.9901,0.0,E3E4,0,56.28,479.51,0,-1
474,legit_68,592.33,798.4,4.6025,-3.3793,90.0,C4D4,2,148.28,479.88,0,-1
474,legit_69,104.87,1.6,12.4336,0.3821,270.0,B0A0,0,126.71,848.34,0,-1
474,legit_70,614.42,401.6,9.4344,-3.2626,270.0,E2D2,0,141.82,479.96,0,-1
474,legit_71,598.4,100.35,10.8996,-0.2808,180.0,D1D0,2,149.7,630.49,0,-1
474,legit_72,883.89,398.4,12.8742,0.2671,90.0,E2F2,1,139.29,538.56,0,-1
474,legit_73,650.32,-1.6,12.7621,-0.036,90.0,D0E0,2,157.23,708.6,0,-1
474,legit_74,798.4,458.52,13.6761,0.9746,180.0,E3E2,1,109.77,493.58,0,-1
474,legit_75,601.6,48.64,11.6814,0.0168,0.0,D0D1,2,164.67,668.09,0,-1
474,legit_76,4.43,402.14,6.7098,0.4288,276.27,:A2_3,0,151.54,726.42,0,-1
474,legit_77,198.4,465.33,13.3779,0.1742,180.0,B3B2,0,115.92,579.78,0,-1
474,legit_78,255.15,998.4,12.445,2.1604,90.0,B5C5,0,133.1,645.75,0,-1
474,legit_79,987.7,601.6,0.0,0.0,270.0,F3E3,0,62.32,558.96,0,-1
475,legit_60,1001.19,0.92,5.4554,-2.6665,58.33,:F0_1,0,128.7,800.39,0,-1
475,legit_61,687.21,798.4,13.1461,0.6402,90.0,D4E4,1,75.32,484.23,0,-1
475,legit_63,601.6,941.63,12.6624,0.5213,0.0,D4D5,1,179.87,536.36,0,-1
475,legit_64,420.96,-1.6,12.2306,-0.1676,90.0,C0D0,0,125.02,726.01,0,-1
475,legit_65,798.4,152.69,13.3026,0.0048,180.0,E1E0,0,58.4,620.11,0,-1
475,legit_67,801.6,633.51,11.0466,2.4156,0.0,E3E4,0,61.53,480.1,0,-1
475,legit_68,598.42,798.4,6.089,1.4865,90.0,:D4_13,2,154.14,479.85,0,-1
475,legit_69,91.91,1.6,12.9584,0.5248,270.0,B0A0,0,131.88,855.79,0,-1
475,legit_70,609.26,401.6,5.1624,-4.272,270.0,E2D2,0,146.76,479.9,0,-1
475,legit_71,598.4,88.35,11.9963,1.0967,180.0,D1D0,2,151.74,638.94,0,-1
475,legit_72,896.57,398.4,12.6798,-0.1944,90.0,E2F2,1,151.52,543.84,0,-1
475,legit_73,663.44,-1.6,13.1235,0.3615,90.0,D0E0,2,149.26,709.43,0,-1
475,legit_74,798.4,445.6,12.9186,-0.7574,180.0,E3E2,1,98.34,496.23,0,-1
475,legit_75,601.6,60.2,11.5628,-0.1186,0.0,D0D1,2,159.99,659.43,0,-1
475,legit_76,1.6,408.51,7.4948,0.785,348.52,A2A3,0,156.13,727.18,0,-1
475,legit_77,198.4,451.87,13.4588,0.0809,180.0,B3B2,0,103.84,582.26,0,-1
475,legit_78,267.67,998.4,12.5194,0.0744,90.0,B5C5,0,143.2,640.26,0,-1
475,legit_79,986.27,601.6,1.4311,1.4311,270.0,F3E3,0,63.75,558.21,0,-1
476,legit_60,1001.6,6.94,6.0738,0.6184,2.05,F0F1,0,122.98,796.12,0,-1
476,legit_61,699.22,798.4,12.0061,-1.1401,90.0,D4E4,1,65.64,485.56,0,-1
476,legit_63,601.6,954.83,13.2006,0.5382,0.0,D4D5,0,187.64,543.0,0,-1
476,legit_64,432.69,-1.6,11.7302,-0.5004,90.0,C0D0,0,122.83,723.53,0,-1
476,legit_65,798.4,139.17,13.5185,0.2158,180.0,E1E0,0,52.06,628.42,0,-1
476,legit_67,801.6,646.53,13.0168,1.9702,0.0,E3E4,0,69.48,481.05,0,-1
476,legit_68,605.93,798.4,7.5161,1.4271,90.0,:D4_13,1,149.95,479.87,0,-1
476,legit_69,79.55,1.6,12.3675,-0.5909,270.0,B0A0,0,137.78,863.06,0,-1
476,legit_70,603.58,402.65,5.9012,0.7388,282.42,:D2_4,0,152.51,479.55,0,-1
476,legit_71,598.4,77.4,10.9509,-1.0455,180.0,D1D0,2,154.39,646.8,0,-1
476,legit_72,909.19,398.4,12.6203,-0.0595,90.0,E2F2,1,145.95,549.26,0,-1
476,legit_73,676.4,-1.6,12.9581,-0.1654,90.0,D0E0,2,142.14,710.45,0,-1
476,legit_74,798.4,432.34,13.2639,0.3453,180.0,E3E2,1,87.03,499.15,0,-1
476,legit_75,601.6,72.39,12.1865,0.6237,0.0,D0D1,2,155.85,650.45,0,-1
476,legit_76,1.6,417.76,9.2511,1.7563,0.0,A2A3,0,159.24,725.12,0,-1
476,legit_77,198.4,438.18,13.6887,0.2299,180.0,B3B2,0,91.95,584.97,0,-1
476,legit_78,280.61,998.4,12.9316,0.4123,90.0,B5C5,0,154.0,634.76,0,-1
476,legit_79,982.87,601.6,3.4031,1.972,270.0,F3E3,0,67.15,556.43,0,-1
477,legit_60,1001.6,14.46,7.5235,1.4497,0.0,F0F1,0,116.11,790.6,0,-1
477,legit_61,712.39,798.4,13.1674,1.1613,90.0,D4E4,1,56.08,487.27,0,-1
477,legit_63,601.6,967.36,12.5228,-0.6778,0.0,D4D5,0,186.31,549.51,0,-1
477,legit_64,443.95,-1.6,11.2555,-0.4747,90.0,C0D0,0,121.75,721.33,0,-1
477,legit_65,798.4,125.93,13.2376,-0.2808,180.0,E1E0,0,48.76,636.85,0,-1
477,legit_67,801.6,659.68,13.1515,0.1347,0.0,E3E4,0,78.9,482.26,0,-1
477,legit_68,615.31,798.4,9.3782,1.8621,90.0,D4E4,1,140.97,479.98,0,-1
477,legit_69,67.37,1.6,12.1805,-0.187,270.0,B0A0,0,144.38,870.36,0,-1
477,legit_70,601.6,407.92,5.9074,0.0062,344.82,D2D3,0,155.94,478.06,0,-1
477,legit_71,598.4,65.67,11.7347,0.7838,180.0,D1D0,2,158.03,655.38,0,-1
477,legit_72,921.79,398.4,12.5944,-0.0259,90.0,E2F2,1,133.84,554.83,0,-1
477,legit_73,690.17,-1.6,13.7686,0.8105,90.0,D0E0,2,135.52,711.76,0,-1
477,legit_74,798.4,419.31,13.0279,-0.236,180.0,E3E2,1,76.55,502.23,0,-1
477,legit_75,601.6,83.95,11.5571,-0.6294,0.0,D0D1,2,152.72,642.08,0,-1
477,legit_76,1.6,428.96,11.1987,1.9476,0.0,A2A3,0,163.64,722.77,0,-1
477,legit_77,198.4,425.07,13.1066,-0.5821,180.0,B3B2,0,81.1,587.76,0,-1
477,legit_78,293.56,998.4,12.9569,0.0253,90.0,B5C5,0,165.13,629.42,0,-1
477,legit_79,976.94,601.6,5.9306,2.5275,270.0,F3E3,0,73.08,553.36,0,-1
478,legit_60,1001.6,23.89,9.4261,1.9026,0.0,F0F1,0,107.61,783.72,0,-1
478,legit_61,724.63,798.4,12.2401,-0.9273,90.0,D4E4,2,48.73,489.11,0,-1
478,legit_63,601.6,979.77,12.4137,-0.1091,0.0,D4D5,0,179.08,556.16,0,-1
478,legit_64,455.64,-1.6,11.6873,0.4319,90.0,C0D0,0,121.73,719.22,0,-1
478,legit_65,798.4,112.29,13.6429,0.4053,180.0,E1E0,1,49.01,645.87,0,-1
478,legit_67,801.6,672.68,13.0012,-0.1503,0.0,E3E4,1,89.14,483.68,0,-1
478,legit_68,626.27,798.4,10.9529,1.5747,90.0,D4E4,1,130.54,480.24,0,-1
478,legit_69,54.39,1.6,12.9733,0.7928,270.0,B0A0,0,152.18,878.27,0,-1
478,legit_70,601.6,415.92,8.0061,2.0987,0.0,D2D3,0,158.59,475.87,0,-1
478,legit_71,598.4,54.73,10.9313,-0.8034,180.0,D1D0,2,162.12,663.51,0,-1
478,legit_72,934.75,398.4,12.9648,0.3704,90.0,E2F2,1,121.48,560.74,0,-1
478,legit_73,703.8,-1.6,13.6303,-0.1383,90.0,D0E0,3,130.08,713.28,0,-1
478,legit_74,798.4,406.06,13.2508,0.2229,180.0,:E2_1,1,66.81,505.58,0,-1
478,legit_75,601.6,96.58,12.6361,1.079,0.0,D0D1,2,150.24,633.12,0,-1
478,legit_76,1.6,442.25,13.2951,2.0964,0.0,A2A3,0,169.67,720.16,0,-1
478,legit_77,198.4,413.89,11.1855,-1.9212,180.0,B3B2,0,72.43,590.29,0,-1
478,legit_78,306.71,998.4,13.1508,0.1939,90.0,B5C5,0,164.89,624.18,0,-1
478,legit_79,969.05,601.6,7.887,1.9564,270.0,F3E3,0,80.97,549.33,0,-1
479,legit_60,1001.6,35.65,11.7557,2.3296,0.0,F0F1,0,97.25,775.24,0,-1
479,legit_61,737.1,798.4,12.468,0.2279,90.0,D4E4,2,43.56,491.27,0,-1
479,legit_63,601.6,987.68,7.9137,-4.5,0.0,D4D5,0,174.77,560.5,0,-1
479,legit_64,467.23,-1.6,11.5948,-0.0926,90.0,C0D0,1,122.81,717.3,0,-1
479,legit_65,798.4,98.62,13.6633,0.0204,180.0,E1E0,1,52.91,655.23,0,-1
479,legit_67,801.6,685.96,13.2751,0.2739,0.0,E3E4,1,100.26,485.34,0,-1
479,legit_68,639.34,798.4,13.0789,2.126,90.0,D4E4,1,118.22,480.72,0,-1
479,legit_69,41.8,1.6,12.5892,-0.3841,270.0,B0A0,0,160.39,886.09,0,-1
479,legit_70,601.6,426.07,10.1469,2.1409,0.0,D2D3,0,162.44,473.23,0,-1
479,legit_71,598.4,43.16,11.5748,0.6435,180.0,D1D0,3,167.11,672.25,0,-1
479,legit_72,948.44,398.4,13.6853,0.7205,90.0,E2F2,0,108.58,567.17,0,-1
479,legit_73,717.03,-1.6,13.2323,-0.398,90.0,D0E0,2,125.99,714.98,0,-1
479,legit_74,798.4,392.46,13.5981,0.3473,180.0,E2E1,0,58.28,509.28,0,-1
479,legit_75,601.6,108.75,12.1688,-0.4673,0.0,D0D1,1,148.83,624.67,0,-1
479,legit_76,1.6,456.0,13.7463,0.4512,0.0,A2A3,0,176.74,717.68,0,-1
479,legit_77,198.4,407.2,6.6855,-4.5,180.0,B3B2,0,67.61,591.88,0,-1
479,legit_78,319.37,998.4,12.6522,-0.4986,90.0,B5C5,0,154.03,619.3,0,-1
479,legit_79,959.35,601.6,9.6938,1.8068,270.0,F3E3,0,90.66,544.47,0,-1
480,legit_60,1001.6,48.32,12.6738,0.9181,0.0,F0F1,0,86.49,766.21,0,-1
480,legit_61,749.84,798.4,12.7416,0.2737,90.0,D4E4,2,41.6,493.83,0,-1
480,legit_63,601.6,991.98,4.2942,-3.6195,0.0,D4D5,0,172.54,562.88,0,-1
480,legit_64,478.96,-1.6,11.7263,0.1315,90.0,C0D0,1,125.0,715.54,0,-1
480,legit_65,798.4,85.39,13.2305,-0.4328,180.0,E1E0,1,59.5,664.57,0,-1
480,legit_67,801.6,699.51,13.5535,0.2784,0.0,E3E4,1,112.1,487.26,0,-1
480,legit_68,652.75,798.4,13.4025,0.3235,90.0,D4E4,1,105.78,481.43,0,-1
480,legit_69,28.62,1.6,13.1804,0.5912,270.0,B0A0,0,169.56,894.41,0,-1
480,legit_70,601.6,437.81,11.7384,1.5915,0.0,D2D3,0,167.56,470.37,0,-1
480,legit_71,598.4,31.61,11.5505,-0.0243,180.0,D1D0,3,172.73,681.1,0,-1
480,legit_72,962.05,398.4,13.6108,-0.0746,90.0,E2F2,0,95.97,573.76,0,-1
480,legit_73,730.91,-1.6,13.8721,0.6398,90.0,D0E0,2,123.09,717.01,0,-1
480,legit_74,798.4,378.81,13.6487,0.0505,180.0,E2E1,0,51.93,513.3,0,-1
480,legit_75,601.6,120.91,12.1564,-0.0123,0.0,D0D1,1,148.4,616.42,0,-1
480,legit_76,1.6,469.44,13.4433,-0.3029,0.0,A2A3,0,184.39,715.47,0,-1
480,legit_77,195.53,402.12,6.2279,-0.4576,214.86,:B2_0,0,62.03,594.68,0,-1
480,legit_78,332.81,998.4,13.4449,0.7927,90.0,B5C5,0,142.8,614.31,0,-1
480,legit_79,947.45,601.6,11.9026,2.2088,270.0,F3E3,0,102.56,538.63,0,-1
480,legit_80,601.6,612.3,0.0,0.0,0.0,D3D4,0,148.91,450.89,0,-1
481,legit_60,1001.6,61.9,13.5782,0.9044,0.0,F0F1,0,75.62,756.68,0,-1
481,legit_61,762.85,798.4,13.0168,0.2751,90.0,D4E4,2,43.54,496.84,0,-1
481,legit_63,603.63,997.38,6.0759,1.7816,24.78,:D5_3,0,168.07,565.93,0,-1
481,legit_64,491.02,-1.6,12.0636,0.3374,90.0,C0D0,1,128.33,713.92,0,-1
481,legit_65,798.4,71.93,13.4622,0.2317,180.0,E1E0,1,68.21,674.31,0,-1
481,legit_67,801.6,712.15,12.6353,-0.9183,0.0,E3E4,1,123.45,489.24,0,-1
481,legit_68,665.49,798.4,12.7448,-0.6577,90.0,D4E4,1,94.19,482.29,0,-1
481,legit_69,16.89,1.6,11.7301,-1.4503,270.0,B0A0,0,178.15,901.92,0,-1
481,legit_70,601.6,450.37,12.5624,0.824,0.0,D2D3,0,173.75,467.52,0,-1
481,legit_71,598.4,20.68,10.9325,-0.618,180.0,D1D0,3,178.57,689.59,0,-1
481,legit_72,974.88,398.4,12.8306,-0.7802,90.0,E2F2,0,84.37,580.15,0,-1
481,legit_73,743.73,-1.6,12.8224,-1.0496,90.0,D0E0,2,121.76,719.11,0,-1
481,legit_74,798.4,365.56,13.2542,-0.3945,180.0,E2E1,0,48.72,517.53,0,-1
481,legit_75,601.6,132.88,11.973,-0.1834,0.0,D0D1,1,148.96,608.48,0,-1
481,legit_76,1.6,482.26,12.8108,-0.6325,0.0,A2A3,0,189.44,713.55,0,-1
481,legit_77,189.95,401.6,5.658,-0.5699,266.51,B2A2,0,57.67,597.86,0,-1
481,legit_78,345.68,998.4,12.8731,-0.5718,90.0,B5C5,0,132.44,609.71,0,-1
481,legit_79,933.63,601.6,13.8199,1.9173,270.0,F3E3,0,116.38,532.02,0,-1
481,legit_80,601.6,614.1,1.804,1.804,0.0,D3D4,0,149.07,450.93,0,-1
482,legit_60,1001.6,75.46,13.5652,-0.013,0.0,F0F1,0,65.77,747.33,0,-1
482,legit_61,775.47,798.4,12.6197,-0.3971,90.0,D4E4,2,48.78,500.1,0,-1
482,legit_63,609.29,998.4,5.8661,-0.2097,83.34,D5E5,0,162.66,566.54,0,-1
482,legit_64,503.16,-1.6,12.1419,0.0783,90.0,C0D0,1,132.71,712.47,0,-1
482,legit_65,798.4,58.1,13.8258,0.3636,180.0,E1E0,1,78.57,684.53,0,-1
482,legit_67,801.6,725.69,13.5376,0.9023,0.0,E3E4,2,125.42,491.57,0,-1
482,legit_68,678.79,798.4,13.2967,0.5518,90.0,D4E4,2,82.47,483.41,0,-1
482,legit_69,8.84,1.6,8.0533,-3.6768,270.0,B0A0,0,184.24,907.14,0,-1
482,legit_70,601.6,462.89,12.5217,-0.0407,0.0,D2D3,0,180.58,464.9,0,-1
482,legit_71,598.4,12.34,8.3383,-2.5942,180.0,D1D0,2,183.34,696.13,0,-1
482,legit_72,984.93,398.4,10.0513,-2.7793,90.0,E2F2,0,75.55,585.29,0,-1
482,legit_73,756.59,-1.6,12.8579,0.0355,90.0,D0E0,1,121.78,721.43,0,-1
482,legit_74,798.4,352.48,13.0785,-0.1757,180.0,E2E1,0,48.98,522.05,0,-1
482,legit_75,601.6,144.77,11.8852,-0.0878,0.0,D0D1,1,150.45,600.78,0,-1
482,legit_76,1.6,495.82,13.5614,0.7506,0.0,A2A3,0,181.32,711.73,0,-1
482,legit_77,182.76,401.6,7.1853,1.5273,270.0,B2A2,0,52.95,601.86,0,-1
482,legit_78,359.16,998.4,13.4731,0.6,90.0,B5C5,0,122.11,605.1,0,-1
482,legit_79,920.01,601.6,13.6217,-0.1982,270.0,F3E3,0,130.0,525.7,0,-1
482,legit_80,601.6,618.22,4.1198,2.3158,0.0,D3D4,0,149.51,451.03,0,-1
483,legit_60,1001.6,89.15,13.6856,0.1204,0.0,F0F1,0,57.4,738.11,0,-1
483,legit_61,785.67,798.4,10.1943,-2.4254,90.0,D4E4,2,54.8,502.96,0,-1
483,legit_63,616.91,998.4,7.6149,1.7488,90.0,D5E5,0,156.12,566.65,0,-1
483,legit_64,515.06,-1.6,11.8961,-0.2458,90.0,C0D0,1,137.91,711.24,0,-1
483,legit_65,798.4,45.42,12.6841,-1.1418,180.0,E1E0,1,88.91,694.05,0,-1
483,legit_67,801.6,738.92,13.2354,-0.3022,0.0,E3E4,2,113.49,494.04,0,-1
483,legit_68,692.31,798.4,13.5231,0.2264,90.0,D4E4,2,71.12,484.77,0,-1
483,legit_69,3.43,1.6,5.4093,-2.644,270.0,B0A0,0,188.42,910.67,0,-1
483,legit_70,601.6,475.17,12.2804,-0.2413,0.0,D2D3,1,187.85,462.54,0,-1
483,legit_71,598.4,8.25,4.0932,-4.2451,180.0,D1D0,2,185.77,699.36,0,-1
483,legit_72,990.98,398.4,6.0472,-4.0041,90.0,E2F2,0,70.41,588.43,0,-1
483,legit_73,769.9,-1.6,13.315,0.4571,90.0,D0E0,1,123.22,724.07,0,-1
483,legit_74,798.4,339.37,13.1074,0.0289,180.0,E2E1,0,52.61,526.92,0,-1
483,legit_75,601.6,157.53,12.7692,0.8841,0.0,D0D1,1,153.07,592.71,0,-1
483,legit_76,1.6,509.17,13.3523,-0.2091,0.0,A2A3,0,173.99,710.15,0,-1
483,legit_77,173.19,401.6,9.5736,2.3883,270.0,B2A2,0,47.63,607.3,0,-1
483,legit_78,372.61,998.4,13.4496,-0.0235,90.0,B5C5,0,112.47,600.71,0,-1
483,legit_79,907.19,601.6,12.8169,-0.8048,270.0,F3E3,0,142.82,519.93,0,-1
483,legit_80,601.6,624.55,6.3274,2.2077,0.0,D3D4,1,150.42,451.25,0,-1
484,legit_60,1001.6,102.63,13.4823,-0.2033,0.0,F0F1,0,51.42,729.26,0,-1
484,legit_61,791.36,798.4,5.6943,-4.5,90.0,D4E4,2,58.66,504.63,0,-1
484,legit_63,626.33,998.4,9.4216,1.8066,90.0,D5E5,0,148.17,566.88,0,-1
484,legit_64,526.91,-1.6,11.8543,-0.0418,90.0,C0D0,1,143.88,710.17,0,-1
484,legit_65,798.4,31.59,13.832,1.1479,180.0,E1E0,1,100.79,704.6,0,-1
484,legit_67,801.6,751.53,12.6101,-0.6253,0.0,E3E4,2,102.42,496.59,0,-1
484,legit_68,705.73,798.4,13.4188,-0.1042,90.0,D4E4,2,60.75,486.37,0,-1
484,legit_69,1.6,3.95,3.5558,-1.8535,305.62,A0A1,0,188.39,910.34,0,-1
484,legit_70,601.6,487.04,11.8699,-0.4105,0.0,D2D3,1,186.5,460.46,0,-1
484,legit_71,597.36,3.6,4.8618,0.7686,192.27,:D0_0,1,187.79,703.05,0,-1
484,legit_72,996.63,397.22,5.899,-0.1483,103.91,:F2_6,0,65.07,591.71,0,-1
484,legit_73,783.53,-1.6,13.6267,0.3116,90.0,D0E0,1,126.14,727.0,0,-1
484,legit_74,798.4,326.36,13.0124,-0.095,180.0,E2E1,0,58.94,532.06,0,-1
484,legit_75,601.6,170.02,12.4826,-0.2867,0.0,D0D1,0,156.6,585.03,0,-1
484,legit_76,1.6,522.24,13.0746,-0.2777,0.0,A2A3,0,167.54,708.8,0,-1
484,legit_77,161.78,401.6,11.4037,1.83,270.0,B2A2,0,43.24,614.0,0,-1
484,legit_78,386.1,998.4,13.4942,0.0446,90.0,B5C5,0,103.64,596.53,0,-1
484,legit_79,894.39,601.6,12.8046,-0.0123,270.0,F3E3,0,144.4,514.34,0,-1
484,legit_80,601.6,633.03,8.4788,2.1513,0.0,D3D4,1,152.03,451.63,0,-1
485,legit_60,1001.6,115.5,12.8709,-0.6114,0.0,F0F1,0,48.61,721.08,0,-1
485,legit_61,798.62,798.4,7.2605,1.5662,90.0,:E4_13,2,63.99,506.83,0,-1
485,legit_63,637.53,998.4,11.2065,1.7849,90.0,D5E5,0,138.95,567.28,0,-1
485,legit_64,539.31,-1.6,12.397,0.5427,90.0,C0D0,1,150.87,709.24,0,-1
485,legit_65,798.4,18.61,12.9758,-0.8562,180.0,E1E0,1,112.35,714.62,0,-1
485,legit_67,801.6,764.89,13.3638,0.7537,0.0,E3E4,2,91.12,499.49,0,-1
485,legit_68,718.79,798.4,13.0565,-0.3623,90.0,D4E4,2,52.01,488.2,0,-1
485,legit_69,1.6,9.75,5.8034,2.2476,0.0,A0A1,0,184.87,906.58,0,-1
485,legit_70,601.6,499.19,12.1492,0.2793,0.0,D2D3,1,179.4,458.53,0,-1
485,legit_71,593.36,1.68,4.6526,-0.2092,242.07,:D0_0,1,185.88,704.6,0,-1
485,legit_72,998.4,391.62,6.136,0.237,167.73,F2F1,0,60.52,594.12,0,-1
485,legit_73,796.36,-1.6,12.8367,-0.79,90.0,:E0_6,1,130.14,729.98,0,-1
485,legit_74,798.4,313.29,13.0687,0.0563,180.0,E2E1,0,67.26,537.48,0,-1
485,legit_75,601.6,181.97,11.9559,-0.5267,0.0,D0D1,0,160.82,577.86,0,-1
485,legit_76,1.6,535.94,13.7004,0.6258,0.0,A2A3,0,161.63,707.6,0,-1
485,legit_77,148.46,401.6,13.3243,1.9206,270.0,B2A2,0,41.63,622.17,0,-1
485,legit_78,399.27,998.4,13.1692,-0.3249,90.0,:C5_7,0,96.08,592.68,0,-1
485,legit_79,880.58,601.6,13.8126,1.008,270.0,F3E3,0,130.59,508.5,0,-1
485,legit_80,601.6,642.93,9.9012,1.4225,0.0,D3D4,1,154.49,452.21,0,-1
486,legit_60,1001.6,128.51,13.0058,0.1348,0.0,F0F1,0,49.14,713.11,0,-1
486,legit_61,808.14,798.4,9.5125,2.252,90.0,E4F4,2,71.49,509.83,0,-1
486,legit_63,650.13,998.4,12.5967,1.3902,90.0,D5E5,0,128.97,567.9,0,-1
486,legit_64,551.01,-1.6,11.6991,-0.6978,90.0,C0D0,1,158.08,708.52,0,-1
486,legit_67,801.6,778.37,13.4742,0.1104,0.0,E3E4,2,80.38,502.64,0,-1
486,legit_68,732.06,798.4,13.2726,0.216,90.0,D4E4,2,45.3,490.36,0,-1
486,legit_69,1.6,17.51,7.7588,1.9554,0.0,A0A1,0,180.35,901.59,0,-1
486,legit_70,601.6,510.78,11.5887,-0.5606,0.0,D2D3,1,173.15,456.88,0,-1
486,legit_71,587.8,1.6,5.5568,0.9041,269.99,D0C0,1,181.68,704.72,0,-1
486,legit_72,998.4,383.5,8.1108,1.9748,180.0,F2F1,0,56.7,596.33,0,-1
486,legit_73,809.25,-1.6,12.8891,0.0525,90.0,E0F0,0,135.27,733.18,0,-1
486,legit_74,798.4,300.01,13.2786,0.2099,180.0,E2E1,0,77.08,543.24,0,-1
486,legit_75,601.6,191.67,9.6962,-2.2597,0.0,D0D1,0,164.8,572.19,0,-1
486,legit_76,1.6,549.06,13.1156,-0.5847,0.0,A2A3,0,156.9,706.67,0,-1
486,legit_77,135.5,401.6,12.9611,-0.3631,270.0,B2A2,0,44.06,630.47,0,-1
486,legit_78,412.07,998.4,12.8039,-0.3654,90.0,C5D5,0,89.98,589.18,0,-1
486,legit_79,866.87,601.6,13.7045,-0.1081,270.0,F3E3,0,116.88,502.9,0,-1
486,legit_80,601.6,654.98,12.0507,2.1495,0.0,D3D4,1,158.26,453.12,0,-1
486,legit_81,212.3,798.4,0.0,0.0,90.0,B4C4,0,74.91,585.9,0,-1
487,legit_60,1001.6,141.32,12.8141,-0.1916,0.0,F0F1,0,52.89,705.54,0,-1
487,legit_61,820.14,798.4,12.0066,2.4942,90.0,E4F4,2,81.55,513.8,0,-1
487,legit_63,663.22,998.4,13.0897,0.4929,90.0,D5E5,0,119.12,568.74,0,-1
487,legit_64,562.94,-1.6,11.9257,0.2266,90.0,C0D0,1,165.96,707.95,0,-1
487,legit_67,801.6,791.26,12.8939,-0.5803,0.0,E3E4,2,70.98,505.87,0,-1
487,legit_68,744.81,798.4,12.7542,-0.5184,90.0,D4E4,2,41.92,492.78,0,-1
487,legit_69,1.6,26.69,9.1808,1.422,0.0,A0A1,0,175.3,895.75,0,-1
487,legit_70,601.6,523.31,12.5235,0.9348,0.0,D2D3,1,167.05,455.31,0,-1
487,legit_71,579.77,1.6,8.0377,2.481,270.0,D0C0,1,175.66,704.87,0,-1
487,legit_72,998.4,373.46,10.0452,1.9344,180.0,F2F1,0,53.33,599.21,0,-1
487,legit_73,822.18,-1.6,12.9283,0.0392,90.0,E0F0,0,141.41,736.59,0,-1
487,legit_74,798.4,287.12,12.8861,-0.3925,180.0,E2E1,0,87.48,549.03,0,-1
487,legit_75,603.05,197.03,5.7078,-3.9884,17.34,:D1_8,0,165.91,569.1,0,-1
487,legit_76,1.6,561.7,12.6415,-0.4742,0.0,A2A3,0,153.26,705.96,0,-1
487,legit_77,121.64,401.6,13.8579,0.8968,270.0,B2A2,0,50.35,639.7,0,-1
487,legit_78,425.13,998.4,13.0554,0.2516,90.0,C5D5,0,85.31,585.86,0,-1
487,legit_79,853.8,601.6,13.0757,-0.6288,270.0,F3E3,0,103.81,497.74,0,-1
487,legit_80,601.6,667.54,12.5625,0.5118,0.0,D3D4,1,163.05,454.3,0,-1
487,legit_81,213.83,798.4,1.5271,1.5271,90.0,B4C4,0,76.19,585.1,0,-1
488,legit_60,1001.6,154.7,13.3742,0.5601,0.0,F0F1,0,59.55,697.91,0,-1
488,legit_61,833.27,798.4,13.1289,1.1223,90.0,E4F4,1,93.08,518.33,0,-1
488,legit_63,676.08,998.4,12.8611,-0.2285,90.0,D5E5,0,110.1,569.78,0,-1
488,legit_64,574.06,-1.6,11.1247,-0.801,90.0,C0D0,1,173.72,707.56,0,-1
488,legit_68,757.64,798.4,12.8227,0.0685,90.0,D4E4,1,42.3,495.58,0,-1
488,legit_69,1.6,37.91,11.2177,2.0369,0.0,A0A1,0,169.59,888.71,0,-1
488,legit_70,601.6,535.19,11.8893,-0.6342,0.0,D2D3,1,161.93,454.03,0,-1
488,legit_71,570.02,1.6,9.7446,1.7069,270.0,D0C0,1,168.59,705.13,0,-1
488,legit_72,998.4,360.82,12.637,2.5919,180.0,F2F1,0,51.61,603.1,0,-1
488,legit_73,835.32,-1.6,13.1423,0.214,90.0,E0F0,0,148.55,740.26,0,-1
488,legit_74,798.4,273.98,13.1427,0.2567,180.0,E2E1,0,98.7,555.14,0,-1
488,legit_75,607.98,198.4,5.2286,-0.4793,75.18,D1E1,0,162.23,568.35,0,-1
488,legit_76,1.6,575.25,13.5456,0.9041,0.0,A2A3,0,150.45,705.43,0,-1
488,legit_77,108.77,401.6,12.8671,-0.9908,270.0,B2A2,0,58.57,648.55,0,-1
488,legit_78,437.71,998.4,12.5848,-0.4706,90.0,C5D5,0,82.52,582.92,0,-1
488,legit_79,841.15,601.6,12.6454,-0.4302,270.0,F3E3,0,91.16,492.93,0,-1
488,legit_80,601.6,680.56,13.014,0.4515,0.0,D3D4,1,168.86,455.77,0,-1
488,legit_81,217.09,798.4,3.2597,1.7326,90.0,B4C4,0,78.94,583.42,0,-1
489,legit_60,1001.6,168.06,13.3619,-0.0124,0.0,F0F1,0,68.21,690.52,0,-1
489,legit_61,846.19,798.4,12.9223,-0.2066,90.0,E4F4,1,104.8,523.0,0,-1
489,legit_63,688.94,998.4,12.8586,-0.0025,90.0,D5E5,0,101.92,571.03,0,-1
489,legit_64,585.76,-1.6,11.6964,0.5717,90.0,C0D0,1,182.25,707.31,0,-1
489,legit_68,770.42,798.4,12.7881,-0.0347,90.0,D4E4,1,46.34,498.75,0,-1
489,legit_69,1.6,50.94,13.0374,1.8197,0.0,A0A1,0,163.68,880.64,0,-1
489,legit_70,601.6,547.63,12.4319,0.5426,0.0,D2D3,1,157.37,452.91,0,-1
489,legit_71,558.84,1.6,11.1812,1.4366,270.0,D0C0,1,160.83,705.57,0,-1
489,legit_72,998.4,347.83,12.9905,0.3535,180.0,F2F1,0,53.02,607.41,0,-1
489,legit_73,848.94,-1.6,13.6123,0.47,90.0,E0F0,0,156.76,744.26,0,-1
489,legit_74,798.4,260.41,13.5761,0.4333,180.0,E2E1,0,110.73,561.65,0,-1
489,legit_75,615.78,198.4,7.8088,2.5802,90.0,D1E1,0,155.44,568.45,0,-1
489,legit_76,1.6,586.12,10.8723,-2.6733,0.0,A2A3,0,149.05,705.17,0,-1
489,legit_77,95.08,401.6,13.6978,0.8307,270.0,B2A2,0,68.9,658.21,0,-1
489,legit_78,451.01,998.4,13.2922,0.7074,90.0,C5D5,0,81.61,580.11,0,-1
489,legit_79,828.41,601.6,12.7361,0.0907,270.0,F3E3,0,78.43,488.26,0,-1
489,legit_80,601.6,692.76,12.1972,-0.8167,0.0,D3D4,1,175.0,457.36,0,-1
489,legit_81,221.91,798.4,4.8243,1.5646,90.0,B4C4,0,83.08,580.94,0,-1
490,legit_60,1001.6,181.74,13.686,0.3241,0.0,F0F1,0,78.45,683.18,0,-1
490,legit_61,859.03,798.4,12.8354,-0.0869,90.0,E4F4,1,116.7,527.82,0,-1
490,legit_63,702.01,998.4,13.065,0.2064,90.0,D5E5,0,94.67,572.53,0,-1
490,legit_64,597.44,-1.6,11.6787,-0.0177,90.0,:D0_6,1,191.11,707.2,0,-1
490,legit_68,781.44,798.4,11.0157,-1.7724,90.0,D4E4,1,52.14,501.75,0,-1
490,legit_69,1.6,63.09,12.1488,-0.8886,0.0,A0A1,0,158.94,873.26,0,-1
490,legit_70,601.6,559.77,12.1429,-0.289,0.0,D2D3,1,153.76,452.04,0,-1
490,legit_71,547.4,1.6,11.4405,0.2593,270.0,D0C0,1,153.31,706.17,0,-1
490,legit_72,998.4,334.49,13.3463,0.3558,180.0,F2F1,0,57.56,612.15,0,-1
490,legit_73,861.94,-1.6,13.0037,-0.6086,90.0,E0F0,0,165.28,748.27,0,-1
490,legit_74,798.4,246.79,13.6111,0.0351,180.0,E2E1,0,123.12,568.36,0,-1
490,legit_75,625.07,198.4,9.2859,1.4771,90.0,D1E1,0,147.49,568.66,0,-1
490,legit_76,1.6,592.78,6.6589,-4.2134,0.0,A2A3,0,148.58,705.08,0,-1
490,legit_77,81.56,401.6,13.5186,-0.1792,270.0,B2A2,0,80.09,667.95,0,-1
490,legit_78,463.58,998.4,12.5704,-0.7218,90.0,C5D5,0,82.72,577.73,0,-1
490,legit_79,817.28,601.6,11.1382,-1.5979,270.0,F3E3,0,67.3,484.32,0,-1
490,legit_80,601.6,705.7,12.9404,0.7432,0.0,D3D4,1,182.19,459.28,0,-1
490,legit_81,229.05,798.4,7.1386,2.3143,90.0,B4C4,0,89.33,577.33,0,-1
491,legit_61,871.13,798.4,12.1004,-0.7349,90.0,E4F4,1,128.07,532.53,0,-1
491,legit_63,715.04,998.4,13.0343,-0.0308,90.0,D5E5,0,88.77,574.28,0,-1
491,legit_64,609.12,-1.6,11.6795,0.0008,90.0,D0E0,1,186.1,707.24,0,-1
491,legit_68,788.84,798.4,7.3976,-3.6181,90.0,D4E4,1,56.91,503.88,0,-1
491,legit_69,1.6,76.05,12.9605,0.8117,0.0,A0A1,0,154.77,865.54,0,-1
491,legit_70,601.6,571.63,11.8624,-0.2805,0.0,D2D3,1,151.09,451.4,0,-1
491,legit_71,536.6,1.6,10.8045,-0.636,270.0,D0C0,1,146.69,706.87,0,-1
491,legit_72,998.4,321.12,13.3665,0.0201,180.0,F2F1,0,64.61,617.18,0,-1
491,legit_73,874.77,-1.6,12.8344,-0.1692,90.0,E0F0,0,174.23,752.41,0,-1
491,legit_74,798.4,233.15,13.6459,0.0348,180.0,E2E1,0,123.07,575.29,0,-1
491,legit_75,636.4,198.4,11.3328,2.0469,90.0,D1E1,0,138.02,569.05,0,-1
491,legit_76,5.19,598.11,7.025,0.3661,44.82,:A3_6,0,144.82,702.16,0,-1
491,legit_77,68.76,401.6,12.8015,-0.7171,270.0,B2A2,0,91.28,677.34,0,-1
491,legit_78,477.13,998.4,13.5565,0.9861,90.0,C5D5,0,85.99,575.46,0,-1
491,legit_79,810.19,601.6,7.082,-4.0561,270.0,F3E3,0,60.22,481.89,0,-1
491,legit_80,601.6,718.22,12.5231,-0.4173,0.0,D3D4,1,189.73,461.36,0,-1
491,legit_81,237.84,798.4,8.7874,1.6489,90.0,B4C4,0,97.19,572.96,0,-1
492,legit_61,883.21,798.4,12.0828,-0.0177,90.0,E4F4,1,139.56,537.39,0,-1
492,legit_63,726.97,998.4,11.9329,-1.1014,90.0,D5E5,0,84.79,576.11,0,-1
492,legit_64,621.14,-1.6,12.0282,0.3486,90.0,D0E0,1,177.17,707.44,0,-1
492,legit_68,795.67,797.8,6.9294,-0.4682,97.01,:E4_12,1,62.19,505.77,0,-1
492,legit_69,1.6,88.23,12.177,-0.7835,0.0,A0A1,0,151.76,858.42,0,-1
492,legit_70,601.6,584.44,12.8106,0.9482,0.0,D2D3,1,149.21,450.96,0,-1
492,legit_71,525.74,1.6,10.8537,0.0492,270.0,D0C0,1,140.55,707.71,0,-1
492,legit_72,998.4,307.89,13.2255,-0.141,180.0,F2F1,0,73.33,622.41,0,-1
492,legit_73,887.37,-1.6,12.5938,-0.2406,90.0,E0F0,0,183.46,756.63,0,-1
492,legit_74,798.4,221.19,11.9606,-1.6853,180.0,E2E1,0,112.17,581.51,0,-1
492,legit_75,648.33,198.4,11.9286,0.5958,90.0,D1E1,0,128.39,569.61,0,-1
492,legit_76,12.06,598.4,6.886,-0.1389,89.77,A3B3,0,137.95,696.65,0,-1
492,legit_77,55.04,401.6,13.7109,0.9094,270.0,B2A2,0,103.67,687.56,0,-1
492,legit_78,490.84,998.4,13.7089,0.1524,90.0,C5D5,0,91.25,573.46,0,-1
492,legit_79,801.79,601.6,8.399,1.3169,270.0,:E3_5,0,51.82,479.08,0,-1
492,legit_80,601.6,730.99,12.7742,0.2511,0.0,D3D4,1,184.13,463.7,0,-1
492,legit_81,249.12,798.4,11.2854,2.498,90.0,B4C4,1,107.5,567.47,0,-1
492,legit_82,212.3,798.4,0.0,0.0,90.0,B4C4,1,74.91,585.9,0,-1
493,legit_61,896.17,798.4,12.958,0.8753,90.0,E4F4,1,151.97,542.78,0,-1
493,legit_63,739.56,998.4,12.584,0.6511,90.0,D5E5,0,82.27,578.3,0,-1
493,legit_64,632.31,-1.6,11.1635,-0.8647,90.0,D0E0,1,169.23,707.77,0,-1
493,legit_68,798.4,792.58,6.2842,-0.6452,160.36,E4E3,1,67.76,505.22,0,-1
493,legit_69,1.6,101.23,13.0035,0.8266,0.0,A0A1,0,149.58,850.98,0,-1
493,legit_71,513.77,1.6,11.9748,1.1211,270.0,D0C0,1,134.48,708.8,0,-1
493,legit_72,998.4,294.41,13.4814,0.2559,180.0,F2F1,0,83.45,627.96,0,-1
493,legit_73,901.22,-1.6,13.8532,1.2594,90.0,E0F0,0,192.15,761.47,0,-1
493,legit_74,798.4,213.15,8.0421,-3.9185,180.0,E2E1,1,104.97,585.78,0,-1
493,legit_75,660.44,198.4,12.1064,0.1779,90.0,D1E1,1,119.03,570.35,0,-1
493,legit_76,20.98,598.4,8.9245,2.0384,90.0,A3B3,0,129.03,689.54,0,-1
493,legit_77,41.74,401.6,13.3095,-0.4014,270.0,B2A2,0,115.98,697.63,0,-1
493,legit_78,504.48,998.4,13.6416,-0.0673,90.0,C5D5,0,98.12,571.75,0,-1
493,legit_79,791.36,601.6,10.4366,2.0376,270.0,E3D3,0,41.39,475.7,0,-1
493,legit_80,601.6,743.75,12.7554,-0.0187,0.0,D3D4,0,176.88,466.26,0,-1
493,legit_81,262.16,798.4,13.0368,1.7514,90.0,B4C4,1,119.63,561.3,0,-1
493,legit_82,214.78,798.4,2.4849,2.4849,90.0,B4C4,1,76.99,584.61,0,-1
494,legit_61,908.85,798.4,12.6834,-0.2746,90.0,E4F4,1,147.15,548.23,0,-1
494,legit_63,751.55,998.4,11.9904,-0.5936,90.0,D5E5,0,81.61,580.63,0,-1
494,legit_64,644.17,-1.6,11.858,0.6945,90.0,D0E0,1,161.21,708.27,0,-1
494,legit_68,798.4,784.88,7.7033,1.419,180.0,E4E3,1,73.36,503.26,0,-1
494,legit_69,1.6,113.74,12.5048,-0.4987,0.0,A0A1,0,148.53,843.98,0,-1
494,legit_71,502.65,1.6,11.1217,-0.8531,270.0,D0C0,1,129.58,709.97,0,-1
494,legit_72,998.4,281.06,13.3558,-0.1255,180.0,F2F1,0,94.31,633.66,0,-1
494,legit_73,913.84,-1.6,12.6149,-1.2383,90.0,E0F0,0,182.56,766.05,0,-1
494,legit_74,798.4,208.26,4.8897,-3.1524,180.0,E2E1,1,100.66,588.41,0,-1
494,legit_75,672.57,198.4,12.1367,0.0302,90.0,D1E1,1,110.19,571.28,0,-1
494,legit_76,31.29,598.4,10.303,1.3786,90.0,A3B3,0,118.72,681.4,0,-1
494,legit_77,28.0,401.6,13.7374,0.4279,270.0,B2A2,0,128.9,708.16,0,-1
494,legit_78,517.86,998.4,13.3771,-0.2645,90.0,C5D5,0,106.13,570.34,0,-1
494,legit_79,779.05,601.6,12.3124,1.8758,270.0,E3D3,0,29.09,471.86,0,-1
494,legit_80,601.6,755.81,12.0598,-0.6956,0.0,D3D4,0,170.62,468.89,0,-1
494,legit_81,275.17,798.4,13.012,-0.0249,90.0,B4C4,1,131.9,555.32,0,-1
494,legit_82,218.71,798.4,3.9286,1.4437,90.0,B4C4,1,80.32,582.58,0,-1
495,legit_61,921.27,798.4,12.421,-0.2624,90.0,E4F4,1,135.28,553.72,0,-1
495,legit_63,763.59,998.4,12.0451,0.0547,90.0,D5E5,0,82.72,583.22,0,-1
495,legit_64,656.31,-1.6,12.1417,0.2836,90.0,D0E0,0,153.51,708.95,0,-1
495,legit_68,798.4,775.69,9.185,1.4817,180.0,E4E3,1,80.49,501.02,0,-1
495,legit_69,1.6,126.48,12.7442,0.2394,0.0,A0A1,0,148.54,837.01,0,-1
495,legit_71,491.27,1.6,11.3754,0.2537,270.0,D0C0,0,125.39,711.32,0,-1
495,legit_72,998.4,267.75,13.3093,-0.0466,180.0,F2F1,0,105.7,639.52,0,-1
495,legit_73,926.88,-1.6,13.0391,0.4242,90.0,E0F0,0,173.05,770.95,0,-1
495,legit_74,800.3,205.75,3.7286,-1.1611,153.27,:E1_17,1,99.42,590.3,0,-1
495,legit_75,685.07,198.4,12.4982,0.3616,90.0,D1E1,1,101.79,572.42,0,-1
495,legit_76,43.02,598.4,11.7388,1.4357,90.0,A3B3,0,106.99,672.21,0,-1
495,legit_77,17.5,401.6,10.4948,-3.2426,270.0,B2A2,0,138.87,716.31,0,-1
495,legit_78,530.77,998.4,12.9099,-0.4671,90.0,C5D5,0,114.81,569.2,0,-1
495,legit_79,765.71,601.6,13.3368,1.0244,270.0,E3D3,0,15.79,467.91,0,-1
495,legit_80,601.6,767.85,12.0374,-0.0224,0.0,D3D4,0,165.01,471.73,0,-1
495,legit_81,288.6,798.4,13.4326,0.4206,90.0,B4C4,1,144.71,549.34,0,-1
495,legit_82,224.34,798.4,5.6225,1.694,90.0,B4C4,1,85.18,579.71,0,-1
496,legit_61,933.38,798.4,12.1076,-0.3134,90.0,E4F4,1,123.82,559.24,0,-1
496,legit_63,776.09,998.4,12.5025,0.4574,90.0,D5E5,0,85.67,586.16,0,-1
496,legit_64,667.65,-1.6,11.3399,-0.8018,90.0,D0E0,0,146.86,709.74,0,-1
496,legit_68,798.4,764.28,11.4093,2.2243,180.0,E4E3,1,89.87,498.38,0,-1
496,legit_69,1.6,138.85,12.3625,-0.3817,0.0,A0A1,0,149.59,830.41,0,-1
496,legit_71,479.57,1.6,11.6967,0.3212,270.0,D0C0,0,122.04,712.89,0,-1
496,legit_72,998.4,254.73,13.0136,-0.2957,180.0,F2F1,0,117.23,645.43,0,-1
496,legit_73,939.61,-1.6,12.7308,-0.3083,90.0,E0F0,0,164.24,775.9,0,-1
496,legit_74,801.6,208.29,3.0908,-0.6377,58.09,E1E2,1,102.27,589.29,0,-1
496,legit_75,697.7,198.4,12.6274,0.1292,90.0,D1E1,1,94.24,573.79,0,-1
496,legit_76,56.16,598.4,13.1321,1.3933,90.0,A3B3,0,93.86,662.06,0,-1
496,legit_77,10.25,401.6,7.2549,-3.2398,270.0,B2A2,0,145.81,721.98,0,-1
496,legit_78,543.58,998.4,12.8063,-0.1036,90.0,C5D5,0,124.16,568.28,0,-1
496,legit_79,752.19,601.6,13.5198,0.183,270.0,E3D3,0,2.71,464.13,0,-1
496,legit_80,601.6,780.42,12.5774,0.54,0.0,D3D4,0,159.91,474.9,0,-1
496,legit_81,302.04,798.4,13.4393,0.0067,90.0,B4C4,1,153.69,543.54,0,-1
496,legit_82,231.51,798.4,7.1718,1.5493,90.0,B4C4,1,91.51,576.1,0,-1
497,legit_61,946.52,798.4,13.1415,1.0339,90.0,E4F4,0,111.53,565.39,0,-1
497,legit_63,788.57,998.4,12.4805,-0.022,90.0,D5E5,0,90.26,589.35,0,-1
497,legit_64,679.68,-1.6,12.0289,0.689,90.0,D0E0,0,140.47,710.74,0,-1
497,legit_68,798.4,751.58,12.699,1.2897,180.0,E4E3,0,100.8,495.63,0,-1
497,legit_69,1.6,151.3,12.4591,0.0965,0.0,A0A1,0,151.67,823.92,0,-1
497,legit_71,468.11,1.6,11.4657,-0.231,270.0,D0C0,0,119.78,714.6,0,-1
497,legit_72,998.4,241.02,13.7127,0.6991,180.0,F2F1,0,129.69,651.83,0,-1
497,legit_73,953.2,-1.6,13.5924,0.8616,90.0,E0F0,0,155.43,781.37,0,-1
497,legit_74,801.6,213.22,4.9305,1.8397,0.0,E1E2,1,106.55,586.64,0,-1
497,legit_75,710.15,198.4,12.451,-0.1764,90.0,D1E1,1,87.95,575.37,0,-1
497,legit_76,68.81,598.4,12.6516,-0.4805,90.0,A3B3,0,81.21,652.4,0,-1
497,legit_77,4.84,401.94,5.4347,-1.8202,273.88,:A2_3,0,151.1,726.15,0,-1
497,legit_78,557.19,998.4,13.6187,0.8124,90.0,C5D5,0,134.72,567.52,0,-1
497,legit_79,738.85,601.6,13.3405,-0.1793,270.0,E3D3,0,11.27,461.68,0,-1
497,legit_80,601.6,788.5,8.0774,-4.5,0.0,D3D4,0,157.08,477.07,0,-1
497,legit_81,315.85,798.4,13.8036,0.3643,90.0,B4C4,1,140.46,537.78,0,-1
497,legit_82,240.43,798.4,8.9201,1.7484,90.0,B4C4,1,99.54,571.69,0,-1
498,legit_61,959.53,798.4,13.0093,-0.1322,90.0,E4F4,0,99.57,571.67,0,-1
498,legit_64,690.96,-1.6,11.2823,-0.7466,90.0,D0E0,0,135.18,711.84,0,-1
498,legit_68,798.4,737.71,13.8733,1.1742,180.0,E4E3,1,113.16,492.84,0,-1
498,legit_69,1.6,163.72,12.4161,-0.043,0.0,A0A1,0,154.71,817.61,0,-1
498,legit_71,456.28,1.6,11.8261,0.3605,270.0,D0C0,0,118.57,716.55,0,-1
498,legit_72,998.4,228.01,13.0128,-0.6999,180.0,F2F1,0,119.7,658.07,0,-1
498,legit_73,965.84,-1.6,12.6389,-0.9535,90.0,E0F0,0,147.88,786.63,0,-1
498,legit_74,801.6,220.1,6.8771,1.9466,0.0,E1E2,1,112.62,582.99,0,-1
498,legit_75,722.08,198.4,11.9323,-0.5187,90.0,D1E1,1,83.22,577.1,0,-1
498,legit_76,81.65,598.4,12.8377,0.1861,90.0,A3B3,0,68.37,642.72,0,-1
498,legit_77,1.62,407.08,6.5202,1.0855,336.55,:A2_3,0,155.67,727.5,0,-1
498,legit_78,570.67,998.4,13.4713,-0.1474,90.0,C5D5,0,145.67,566.97,0,-1
498,legit_79,725.15,601.6,13.6996,0.3591,270.0,E3D3,0,24.9,459.62,0,-1
498,legit_80,601.6,792.56,4.0558,-4.0215,0.0,D3D4,0,155.8,478.19,0,-1
498,legit_81,328.59,798.4,12.7477,-1.0558,90.0,B4C4,1,128.34,532.64,0,-1
498,legit_82,251.53,798.4,11.1025,2.1824,90.0,B4C4,1,109.72,566.32,0,-1
498,legit_83,798.4,787.7,0.0,0.0,180.0,E4E3,1,71.26,503.97,0,-1
499,legit_61,972.14,798.4,12.6037,-0.4057,90.0,E4F4,0,88.28,577.93,0,-1
499,legit_64,702.14,-1.6,11.1773,-0.105,90.0,D0E0,0,130.68,713.08,0,-1
499,legit_68,798.4,724.05,13.6614,-0.2118,180.0,E4E3,2,125.65,490.31,0,-1
499,legit_69,1.6,176.71,12.9904,0.5743,0.0,A0A1,0,158.87,811.19,0,-1
499,legit_71,445.46,1.6,10.8173,-1.0088,270.0,D0C0,0,118.49,718.49,0,-1
499,legit_72,998.4,214.29,13.7135,0.7007,180.0,F2F1,0,107.49,664.82,0,-1
499,legit_73,979.3,-1.6,13.4651,0.8262,90.0,E0F0,0,140.66,792.42,0,-1
499,legit_74,801.6,228.92,8.8166,1.9395,0.0,E1E2,1,120.52,578.38,0,-1
499,legit_75,734.82,198.4,12.7377,0.8055,90.0,D1E1,1,79.86,579.21,0,-1
499,legit_76,94.97,598.4,13.3232,0.4855,90.0,A3B3,0,55.05,632.83,0,-1
499,legit_77,1.6,412.63,5.5524,-0.9678,0.0,A2A3,0,157.46,726.25,0,-1
499,legit_78,583.99,998.4,13.3241,-0.1472,90.0,C5D5,0,156.88,566.64,0,-1
499,legit_79,711.8,601.6,13.3509,-0.3487,270.0,E3D3,1,38.24,457.82,0,-1
499,legit_80,600.24,794.28,2.3071,-1.7487,342.91,:D4_19,0,156.58,478.67,0,-1
499,legit_81,341.49,798.4,12.8932,0.1455,90.0,B4C4,1,116.21,527.62,0,-1
499,legit_82,264.56,798.4,13.0266,1.9241,90.0,B4C4,1,121.88,560.19,0,-1
499,legit_83,798.4,785.6,2.1021,2.1021,180.0,E4E3,1,72.82,503.44,0,-1
