step,vehicle_id,x,y,speed,accel,angle,edge_id,n_neighbors,min_rsu_dist,mean_rsu_dist,is_sybil,attacker_id
0,legit_0,787.7,401.6,0.0,0.0,270.0,E2D2,0,56.14,503.55,0,-1
0,sybil_5,791.2,1001.6,0.0,0.0,270.0,E5D5,0,88.57,591.8,1,2
1,legit_0,785.52,401.6,2.1817,2.1817,270.0,E2D2,0,54.7,502.91,0,-1
1,sybil_5,789.88,1001.6,0.0,0.0,270.0,E5D5,0,87.96,591.45,1,2
2,legit_0,780.9,401.6,4.6221,2.4405,270.0,E2D2,0,51.82,501.6,0,-1
2,sybil_5,786.68,1001.6,0.0,0.0,270.0,E5D5,0,86.56,590.6,1,2
3,legit_0,774.1,401.6,6.7966,2.1745,270.0,E2D2,0,48.08,499.73,0,-1
3,sybil_5,781.46,1001.6,7.2136,7.2136,270.0,E5D5,0,84.48,589.25,1,2
4,legit_0,765.91,401.6,8.1917,1.3951,270.0,E2D2,0,44.54,497.6,0,-1
4,sybil_5,774.56,1001.6,1.2774,-5.9362,270.0,E5D5,1,82.16,587.54,1,2
4,sybil_6,788.6,1001.6,0.0,0.0,270.0,E5D5,1,87.39,591.11,1,3
5,legit_0,756.32,401.6,9.586,1.3944,270.0,E2D2,0,42.08,495.28,0,-1
5,sybil_5,765.37,1001.6,10.613,9.3356,270.0,E5D5,1,79.89,585.37,1,2
5,sybil_6,786.43,1001.6,5.9815,5.9815,270.0,E5D5,1,86.45,590.54,1,3
6,legit_0,744.69,401.6,11.6307,2.0446,270.0,E2D2,0,41.94,492.75,0,-1
6,legit_1,412.3,598.4,0.0,0.0,90.0,C3D3,0,37.73,474.54,0,-1
6,sybil_5,753.69,1001.6,8.7289,-1.8841,270.0,E5D5,2,78.49,582.83,1,2
6,sybil_6,782.53,1001.6,17.8254,11.8439,270.0,E5D5,2,84.88,589.53,1,3
6,sybil_7,782.53,1001.6,5.0815,0.0,270.0,E5D5,2,84.88,589.53,1,3
7,legit_0,731.21,401.6,13.4848,1.8541,270.0,E2D2,0,45.65,490.21,0,-1
7,legit_1,413.62,598.4,1.3189,1.3189,90.0,C3D3,0,36.42,474.13,0,-1
7,sybil_5,741.08,1001.6,15.8699,7.141,270.0,E5D5,2,78.91,580.34,1,2
7,sybil_6,776.35,1001.6,0.478,-17.3473,270.0,E5D5,2,82.71,587.97,1,3
7,sybil_7,776.35,1001.6,15.5551,10.4736,270.0,E5D5,2,82.71,587.97,1,3
8,legit_0,717.82,401.6,13.3908,-0.094,270.0,E2D2,0,52.6,488.05,0,-1
8,legit_1,417.44,598.4,3.819,2.5001,90.0,C3D3,0,32.6,472.94,0,-1
8,sybil_5,728.07,1001.6,12.5136,-3.3563,270.0,E5D5,2,81.41,578.06,1,2
8,sybil_6,768.44,1001.6,12.9436,12.4656,270.0,E5D5,2,80.54,586.08,1,3
8,sybil_7,768.44,1001.6,4.5653,-10.9897,270.0,E5D5,2,80.54,586.08,1,3
9,legit_0,704.14,401.6,13.6795,0.2887,270.0,E2D2,0,61.92,486.17,0,-1
9,legit_1,423.52,598.4,6.0859,2.2669,90.0,C3D3,0,26.52,471.09,0,-1
9,sybil_5,716.17,1001.6,11.7708,-0.7428,270.0,E5D5,3,85.39,576.22,1,2
9,sybil_6,758.8,1001.6,4.8585,-8.0852,270.0,E5D5,3,78.89,583.91,1,3
9,sybil_7,758.8,1001.6,5.6522,1.0869,270.0,E5D5,3,78.89,583.91,1,3
9,sybil_8,791.9,1001.6,1.279,0.0,270.0,E5D5,3,88.89,591.99,1,4
10,legit_0,691.26,401.6,12.8726,-0.8068,270.0,E2D2,1,71.98,484.66,0,-1
10,legit_1,431.4,598.4,7.8763,1.7904,90.0,C3D3,0,18.67,468.75,0,-1
10,sybil_15,809.4,398.4,3.0609,0.0,90.0,E2F2,1,70.73,511.12,1,7
10,sybil_5,704.18,1001.6,10.2336,-1.5372,270.0,E5D5,3,90.81,574.59,1,2
10,sybil_6,746.93,1001.6,26.1381,21.2796,270.0,E5D5,3,78.46,581.46,1,3
10,sybil_7,746.93,1001.6,14.287,8.6348,270.0,E5D5,3,78.46,581.46,1,3
10,sybil_8,789.81,1001.6,6.8278,5.5488,270.0,E5D5,3,87.93,591.43,1,4
11,legit_0,677.85,401.6,13.4167,0.5441,270.0,E2D2,1,83.29,483.32,0,-1
11,legit_1,441.52,598.4,10.115,2.2387,90.0,C3D3,0,8.63,465.85,0,-1
11,sybil_10,7.6,-1.6,2.7222,0.0,90.97,A0B0,0,187.25,910.05,1,5
11,sybil_15,810.98,398.4,7.7751,4.7143,90.0,E2F2,1,72.06,511.63,1,7
11,sybil_5,691.29,1001.6,17.9084,7.6749,270.0,E5D5,3,97.94,573.07,1,2
11,sybil_6,733.77,1001.6,21.0848,-5.0533,270.0,E5D5,3,80.06,579.02,1,3
11,sybil_7,733.77,1001.6,0.0,-14.287,270.0,E5D5,3,80.06,579.02,1,3
11,sybil_8,785.28,1001.6,7.3899,0.5621,270.0,E5D5,3,85.97,590.24,1,4
12,legit_0,664.89,401.6,12.9612,-0.4555,270.0,E2D2,0,94.74,482.25,0,-1
12,legit_1,454.22,598.4,12.7022,2.5872,90.0,C3D3,0,4.51,462.81,0,-1
12,legit_2,601.6,812.3,0.0,0.0,0.0,D4D5,0,150.96,484.0,0,-1
12,sybil_10,10.11,-1.6,0.0,-2.7222,90.0,A0B0,0,185.36,908.42,1,5
12,sybil_15,814.94,398.4,9.9722,2.1971,90.0,E2F2,0,75.44,512.93,1,7
12,sybil_5,679.55,1001.6,9.7728,-8.1356,270.0,E5D5,4,105.4,571.89,1,2
12,sybil_6,720.47,1001.6,31.7471,10.6623,270.0,E5D5,4,83.78,576.86,1,3
12,sybil_7,720.47,1001.6,10.0941,10.0941,270.0,E5D5,4,83.78,576.86,1,3
12,sybil_8,778.72,1001.6,0.0,-7.3899,270.0,E5D5,4,83.49,588.56,1,4
12,sybil_9,778.72,1001.6,0.8746,0.0,270.0,E5D5,4,83.49,588.56,1,4
13,legit_0,651.68,401.6,13.202,0.2408,270.0,E2D2,0,106.76,481.36,0,-1
13,legit_1,467.83,598.4,13.6082,0.9061,90.0,C3D3,0,17.9,460.65,0,-1
13,legit_2,601.6,814.81,2.5069,2.5069,0.0,D4D5,0,150.52,484.78,0,-1
13,sybil_10,14.77,-1.6,11.7,11.7,90.0,A0B0,1,181.86,905.41,1,5
13,sybil_11,14.77,-1.6,0.0,0.0,92.27,A0B0,1,181.86,905.41,1,5
13,sybil_15,820.5,398.4,7.5168,-2.4554,90.0,E2F2,1,80.28,514.8,1,7
13,sybil_16,809.3,398.4,0.0,0.0,90.0,E2F2,1,70.65,511.09,1,8
13,sybil_5,666.85,1001.6,9.9077,0.1349,270.0,E5D5,4,114.28,570.82,1,2
13,sybil_6,706.65,1001.6,16.0917,-15.6554,270.0,E5D5,4,89.59,574.9,1,3
13,sybil_7,706.65,1001.6,25.841,15.7468,270.0,E5D5,4,89.59,574.9,1,3
13,sybil_8,770.22,1001.6,0.0,0.0,270.0,E5D5,4,80.96,586.5,1,4
13,sybil_9,770.22,1001.6,0.0,-0.8746,270.0,E5D5,4,80.96,586.5,1,4
14,legit_0,638.98,401.6,12.701,-0.501,270.0,E2D2,0,118.56,480.71,0,-1
14,legit_1,481.21,598.4,13.3802,-0.228,90.0,C3D3,0,31.25,458.74,0,-1
14,legit_2,601.6,819.43,4.6246,2.1177,0.0,D4D5,1,149.82,486.24,0,-1
14,sybil_10,20.8,-1.6,9.6593,-2.0407,90.0,A0B0,1,177.42,901.53,1,5
14,sybil_11,20.8,-1.6,0.0,0.0,91.34,A0B0,1,177.42,901.53,1,5
14,sybil_15,828.32,398.4,7.1958,-0.3211,90.0,E2F2,1,87.23,517.48,1,7
14,sybil_16,811.51,398.4,0.2285,0.2285,90.0,E2F2,1,72.51,511.81,1,8
14,sybil_20,611.7,798.4,7.1597,0.0,90.0,D4E4,1,144.42,479.92,1,10
14,sybil_5,655.02,1001.6,8.4602,-1.4475,270.0,E5D5,4,123.16,570.0,1,2
14,sybil_6,693.95,1001.6,8.9869,-7.1048,270.0,E5D5,4,96.38,573.36,1,3
14,sybil_7,693.95,1001.6,19.5666,-6.2743,270.0,E5D5,4,96.38,573.36,1,3
14,sybil_8,759.22,1001.6,14.8828,14.8828,270.0,E5D5,4,78.94,584.0,1,4
14,sybil_9,759.22,1001.6,9.4454,9.4454,270.0,E5D5,4,78.94,584.0,1,4
15,legit_0,626.12,401.6,12.8642,0.1632,270.0,E2D2,0,130.68,480.23,0,-1
15,legit_1,494.11,598.4,12.9026,-0.4776,90.0,C3D3,0,44.14,457.09,0,-1
15,legit_2,601.6,825.39,5.9631,1.3386,0.0,D4D5,1,149.12,488.18,0,-1
15,sybil_10,28.38,-1.6,0.0,-9.6593,90.0,A0B0,1,171.98,896.7,1,5
15,sybil_11,28.38,-1.6,3.0199,3.0199,90.0,A0B0,1,171.98,896.7,1,5
15,sybil_15,838.28,398.4,0.0,-7.1958,90.0,E2F2,2,96.27,521.01,1,7
15,sybil_16,815.28,398.4,0.0,-0.2285,90.0,E2F2,2,75.74,513.05,1,8
15,sybil_17,815.28,398.4,8.2954,0.0,90.0,E2F2,2,75.74,513.05,1,8
15,sybil_20,614.11,798.4,10.1474,2.9877,90.0,D4E4,1,142.11,479.96,1,10
15,sybil_5,642.22,1001.6,17.4529,8.9927,270.0,E5D5,4,133.28,569.3,1,2
15,sybil_6,680.56,1001.6,19.3812,10.3943,270.0,E5D5,4,104.73,571.99,1,3
15,sybil_7,680.56,1001.6,9.8734,-9.6933,270.0,E5D5,4,104.73,571.99,1,3
15,sybil_8,746.55,1001.6,18.5126,3.6298,270.0,E5D5,4,78.48,581.38,1,4
15,sybil_9,746.55,1001.6,17.2831,7.8377,270.0,E5D5,4,78.48,581.38,1,4
16,legit_0,615.83,401.6,10.289,-2.5752,270.0,E2D2,0,140.47,479.99,0,-1
16,legit_1,506.79,598.4,12.6818,-0.2208,90.0,C3D3,0,56.81,455.66,0,-1
16,legit_2,601.6,832.98,7.5902,1.6271,0.0,D4D5,2,148.57,490.72,0,-1
16,sybil_10,37.96,-1.6,8.3286,8.3286,90.0,A0B0,2,165.34,890.65,1,5
16,sybil_11,37.96,-1.6,2.8182,-0.2018,90.0,A0B0,2,165.34,890.65,1,5
16,sybil_12,4.5,-1.6,0.0,0.0,103.17,A0B0,2,189.62,912.06,1,6
16,sybil_15,849.7,398.4,15.3926,15.3926,90.0,E2F2,2,106.84,525.19,1,7
16,sybil_16,820.38,398.4,19.0061,19.0061,90.0,E2F2,2,80.17,514.76,1,8
16,sybil_17,820.38,398.4,10.5457,2.2503,90.0,E2F2,2,80.17,514.76,1,8
16,sybil_20,617.99,798.4,20.3309,10.1835,90.0,D4E4,2,138.41,480.03,1,10
16,sybil_21,617.99,798.4,0.0,0.0,90.0,D4E4,2,138.41,480.03,1,10
16,sybil_5,630.37,1001.6,10.4025,-7.0504,270.0,E5D5,4,143.03,568.82,1,2
16,sybil_6,666.95,1001.6,12.1841,-7.197,270.0,E5D5,4,114.21,570.83,1,3
16,sybil_7,666.95,1001.6,4.0418,-5.8316,270.0,E5D5,4,114.21,570.83,1,3
16,sybil_8,733.62,1001.6,13.0054,-5.5072,270.0,E5D5,4,80.09,579.0,1,4
16,sybil_9,733.62,1001.6,18.1136,0.8305,270.0,E5D5,4,80.09,579.0,1,4
17,legit_0,610.04,401.6,5.789,-4.5,270.0,E2D2,0,146.01,479.9,0,-1
17,legit_1,519.88,598.4,13.0932,0.4114,90.0,C3D3,0,69.9,454.38,0,-1
17,legit_2,601.6,841.94,8.9578,1.3676,0.0,D4D5,2,148.41,493.83,0,-1
17,sybil_10,49.78,-1.6,8.688,0.3594,90.0,A0B0,2,157.58,883.29,1,5
17,sybil_11,49.78,-1.6,8.2979,5.4797,90.0,A0B0,2,157.58,883.29,1,5
17,sybil_12,6.43,-1.6,5.3495,5.3495,92.88,A0B0,2,188.15,910.81,1,6
17,sybil_15,861.12,398.4,14.3764,-1.0163,90.0,E2F2,2,117.56,529.51,1,7
17,sybil_16,827.94,398.4,12.89,-6.1161,90.0,E2F2,2,86.89,517.35,1,8
17,sybil_17,827.94,398.4,0.0,-10.5457,90.0,E2F2,2,86.89,517.35,1,8
17,sybil_20,624.29,798.4,2.9269,-17.404,90.0,D4E4,2,132.42,480.18,1,10
17,sybil_21,624.29,798.4,0.0,0.0,90.0,D4E4,2,132.42,480.18,1,10
17,sybil_5,617.99,1001.6,12.9316,2.5291,270.0,E5D5,4,153.54,568.49,1,2
17,sybil_6,654.0,1001.6,19.8274,7.6432,270.0,E5D5,4,123.94,569.94,1,3
17,sybil_7,654.0,1001.6,25.0984,21.0566,270.0,E5D5,4,123.94,569.94,1,3
17,sybil_8,720.5,1001.6,21.6107,8.6052,270.0,E5D5,4,83.77,576.86,1,4
17,sybil_9,720.5,1001.6,16.7721,-1.3415,270.0,E5D5,4,83.77,576.86,1,4
18,legit_0,603.54,402.68,6.7242,0.9352,282.69,:D2_4,0,152.55,479.54,0,-1
18,legit_1,533.04,598.4,13.1557,0.0625,90.0,C3D3,0,83.05,453.29,0,-1
18,legit_2,601.6,853.01,11.0633,2.1055,0.0,D4D5,3,148.97,497.84,0,-1
18,legit_3,798.4,787.7,0.0,0.0,180.0,E4E3,0,71.26,503.97,0,-1
18,sybil_10,62.74,-1.6,27.0691,18.3811,90.0,A0B0,2,149.67,875.35,1,5
18,sybil_11,62.74,-1.6,0.0,-8.2979,90.0,A0B0,2,149.67,875.35,1,5
18,sybil_12,9.68,-1.6,0.0,-5.3495,90.0,A0B0,2,185.67,908.69,1,6
18,sybil_15,872.22,398.4,18.4468,4.0704,90.0,E2F2,2,128.11,533.85,1,7
18,sybil_16,837.48,398.4,14.733,1.8431,90.0,E2F2,2,95.54,520.72,1,8
18,sybil_17,837.48,398.4,3.683,3.683,90.0,E2F2,2,95.54,520.72,1,8
18,sybil_20,632.38,798.4,16.459,13.5321,90.0,D4E4,2,124.76,480.44,1,10
18,sybil_21,632.38,798.4,11.1454,11.1454,90.0,D4E4,2,124.76,480.44,1,10
18,sybil_5,609.61,1001.6,0.0,-12.9316,270.0,E5D5,5,160.8,568.37,1,2
18,sybil_6,640.28,1001.6,4.9443,-14.8831,270.0,E5D5,4,134.85,569.21,1,3
18,sybil_7,640.28,1001.6,16.1019,-8.9965,270.0,E5D5,4,134.85,569.21,1,3
18,sybil_8,707.57,1001.6,25.7141,4.1034,270.0,E5D5,4,89.15,575.02,1,4
18,sybil_9,707.57,1001.6,15.5917,-1.1804,270.0,E5D5,4,89.15,575.02,1,4
19,legit_0,601.6,407.73,5.6772,-1.047,343.65,D2D3,0,155.89,478.11,0,-1
19,legit_1,545.74,598.4,12.6993,-0.4564,90.0,C3D3,0,95.75,452.43,0,-1
19,legit_2,601.6,865.61,12.6063,1.543,0.0,D4D5,6,150.59,502.63,0,-1
19,legit_3,798.4,786.37,1.3282,1.3282,180.0,E4E3,0,72.24,503.63,0,-1
19,sybil_10,75.98,-1.6,24.0737,-2.9954,90.0,A0B0,3,142.36,867.4,1,5
19,sybil_11,75.98,-1.6,18.529,18.529,90.0,A0B0,3,142.36,867.4,1,5
19,sybil_12,14.56,-1.6,17.3242,17.3242,90.0,A0B0,3,182.02,905.54,1,6
19,sybil_13,14.56,-1.6,1.1045,0.0,94.53,A0B0,3,182.02,905.54,1,6
19,sybil_15,883.59,398.4,0.755,-17.6918,90.0,E2F2,3,139.0,538.44,1,7
19,sybil_16,849.44,398.4,6.3135,-8.4195,90.0,E2F2,3,106.6,525.09,1,8
19,sybil_17,849.44,398.4,7.4467,3.7637,90.0,E2F2,3,106.6,525.09,1,8
19,sybil_18,808.8,398.4,6.7029,0.0,90.0,E2F2,3,70.23,510.92,1,9
19,sybil_20,642.38,798.4,12.1043,-4.3548,90.0,D4E4,3,115.38,480.86,1,10
19,sybil_21,642.38,798.4,8.9768,-2.1685,90.0,D4E4,3,115.38,480.86,1,10
19,sybil_22,607.9,798.4,2.1649,0.0,90.0,D4E4,3,148.06,479.88,1,11
19,sybil_5,604.74,1001.25,6.2854,6.2854,265.96,:D5_1,5,165.23,568.13,1,2
19,sybil_6,627.33,1001.6,11.0439,6.0996,270.0,E5D5,5,145.58,568.73,1,3
19,sybil_7,627.33,1001.6,24.1896,8.0877,270.0,E5D5,5,145.58,568.73,1,3
19,sybil_8,694.3,1001.6,22.1992,-3.5149,270.0,E5D5,4,96.17,573.4,1,4
19,sybil_9,694.3,1001.6,8.1315,-7.4602,270.0,E5D5,4,96.17,573.4,1,4
20,legit_0,601.6,415.12,7.3919,1.7147,0.0,D2D3,0,158.31,476.09,0,-1
20,legit_1,559.38,598.4,13.6399,0.9406,90.0,C3D3,0,109.39,451.7,0,-1
20,legit_2,601.6,877.43,11.8154,-0.7909,0.0,D4D5,8,153.05,507.34,0,-1
20,legit_3,798.4,783.61,2.7664,1.4382,180.0,E4E3,2,74.32,502.94,0,-1
20,sybil_10,89.61,-1.6,3.7062,-20.3675,90.0,A0B0,3,135.77,859.38,1,5
20,sybil_11,89.61,-1.6,2.7966,-15.7324,90.0,A0B0,3,135.77,859.38,1,5
20,sybil_12,20.81,-1.6,5.5955,-11.7287,90.0,A0B0,3,177.41,901.52,1,6
20,sybil_13,20.81,-1.6,0.0,-1.1045,92.26,A0B0,3,177.41,901.52,1,6
20,sybil_15,895.66,398.4,10.1528,9.3978,90.0,E2F2,3,150.64,543.45,1,7
20,sybil_16,861.37,398.4,0.48,-5.8335,90.0,E2F2,3,117.81,529.61,1,8
20,sybil_17,861.37,398.4,7.406,-0.0407,90.0,E2F2,3,117.81,529.61,1,8
20,sybil_18,810.66,398.4,0.0,-6.7029,90.0,E2F2,3,71.79,511.53,1,9
20,sybil_20,654.83,798.4,10.215,-1.8892,90.0,D4E4,4,103.87,481.55,1,10
20,sybil_21,654.83,798.4,14.8765,5.8997,90.0,D4E4,4,103.87,481.55,1,10
20,sybil_22,610.26,798.4,0.0,-2.1649,90.0,D4E4,3,145.8,479.91,1,11
20,sybil_5,599.55,997.65,15.9068,9.6214,227.6,:D5_9,5,170.72,566.07,1,2
20,sybil_6,618.45,1001.6,5.8226,-5.2213,270.0,E5D5,5,153.14,568.5,1,3
20,sybil_7,618.45,1001.6,3.7624,-20.4272,270.0,E5D5,5,153.14,568.5,1,3
20,sybil_8,681.63,1001.6,15.9431,-6.256,270.0,E5D5,5,104.03,572.09,1,4
20,sybil_9,681.63,1001.6,13.1799,5.0485,270.0,E5D5,5,104.03,572.09,1,4
21,legit_0,601.6,424.71,9.5844,2.1925,0.0,D2D3,0,161.89,473.58,0,-1
21,legit_1,572.44,598.4,13.0655,-0.5744,90.0,C3D3,0,122.45,451.2,0,-1
21,legit_2,601.6,889.66,12.2302,0.4148,0.0,D4D5,8,156.49,512.42,0,-1
21,legit_3,798.4,778.29,5.3114,2.545,180.0,E4E3,2,78.42,501.64,0,-1
21,sybil_10,102.76,-1.6,22.7759,19.0697,90.0,A0B0,3,130.45,851.81,1,5
21,sybil_11,102.76,-1.6,20.4432,17.6466,90.0,A0B0,3,130.45,851.81,1,5
21,sybil_12,28.42,-1.6,11.0159,5.4204,90.0,A0B0,3,171.96,896.68,1,6
21,sybil_13,28.42,-1.6,0.0,0.0,90.0,A0B0,3,171.96,896.68,1,6
21,sybil_15,907.82,398.4,23.1278,12.975,90.0,E2F2,3,147.27,548.66,1,7
21,sybil_16,874.06,398.4,7.5596,7.0796,90.0,E2F2,3,129.86,534.58,1,8
21,sybil_17,874.06,398.4,3.3084,-4.0976,90.0,E2F2,3,129.86,534.58,1,8
21,sybil_18,814.68,398.4,10.7091,10.7091,90.0,E2F2,3,75.22,512.85,1,9
21,sybil_20,667.22,798.4,4.0786,-6.1364,90.0,D4E4,4,92.65,482.42,1,10
21,sybil_21,667.22,798.4,0.0,-14.8765,90.0,D4E4,4,92.65,482.42,1,10
21,sybil_22,615.09,798.4,15.1634,15.1634,90.0,D4E4,3,141.18,479.98,1,11
21,sybil_5,598.4,990.7,5.2559,-10.6509,184.71,D5D4,5,173.2,562.17,1,2
21,sybil_6,609.89,1001.6,24.3403,18.5177,270.0,E5D5,5,160.55,568.37,1,3
21,sybil_7,609.89,1001.6,9.0744,5.312,270.0,E5D5,5,160.55,568.37,1,3
21,sybil_8,668.4,1001.6,17.441,1.4978,270.0,E5D5,5,113.16,570.94,1,4
21,sybil_9,668.4,1001.6,19.5205,6.3405,270.0,E5D5,5,113.16,570.94,1,4
22,legit_0,601.6,435.74,11.0353,1.4509,0.0,D2D3,0,166.61,470.86,0,-1
22,legit_1,583.39,598.4,10.9435,-2.122,90.0,C3D3,0,133.4,450.93,0,-1
22,legit_2,601.6,902.26,12.6047,0.3745,0.0,D4D5,9,160.93,517.89,0,-1
22,legit_3,798.4,770.56,7.7377,2.4262,180.0,E4E3,2,84.65,499.81,0,-1
22,sybil_10,115.7,-1.6,11.1976,-11.5783,90.0,A0B0,5,126.35,844.53,1,5
22,sybil_11,115.7,-1.6,18.5164,-1.9268,90.0,A0B0,5,126.35,844.53,1,5
22,sybil_12,37.87,-1.6,1.8261,-9.1897,90.0,A0B0,5,165.41,890.71,1,6
22,sybil_13,37.87,-1.6,2.2309,2.2309,90.0,A0B0,5,165.41,890.71,1,6
22,sybil_14,3.2,-1.6,13.7872,0.0,117.42,A0B0,5,190.62,912.91,1,7
22,sybil_15,3.2,-1.6,15.3033,-7.8245,90.0,E2F2,5,190.62,912.91,1,7
22,sybil_16,886.62,398.4,20.102,12.5423,90.0,E2F2,3,141.92,539.68,1,8
22,sybil_17,886.62,398.4,0.0,-3.3084,90.0,E2F2,3,141.92,539.68,1,8
22,sybil_18,820.92,398.4,1.4823,-9.2268,90.0,E2F2,3,80.65,514.94,1,9
22,sybil_19,820.92,398.4,0.0,0.0,90.0,E2F2,3,80.65,514.94,1,9
22,sybil_20,680.17,798.4,6.7044,2.6258,90.0,D4E4,5,81.28,483.53,1,10
22,sybil_21,680.17,798.4,19.1341,19.1341,90.0,D4E4,5,81.28,483.53,1,10
22,sybil_22,621.97,798.4,16.1102,0.9468,90.0,D4E4,4,134.61,480.12,1,11
22,sybil_23,621.97,798.4,1.3101,0.0,90.0,D4E4,4,134.61,480.12,1,11
22,sybil_5,598.4,981.33,10.9806,5.7247,180.0,D5D4,5,178.21,557.01,1,2
22,sybil_6,604.57,1001.22,14.6615,-9.6788,265.67,:D5_1,5,165.4,568.11,1,3
22,sybil_7,604.57,1001.22,9.7828,0.7084,270.0,E5D5,5,165.4,568.11,1,3
22,sybil_8,654.7,1001.6,12.1043,-5.3366,270.0,E5D5,5,123.41,569.98,1,4
22,sybil_9,654.7,1001.6,3.6009,-15.9196,270.0,E5D5,5,123.41,569.98,1,4
23,legit_0,601.6,448.2,12.4524,1.417,0.0,D2D3,0,172.63,468.0,0,-1
23,legit_1,589.83,598.4,6.4435,-4.5,90.0,C3D3,0,139.84,450.83,0,-1
23,legit_2,601.6,914.06,11.795,-0.8097,0.0,D4D5,9,165.85,523.2,0,-1
23,legit_3,798.4,761.13,9.4242,1.6865,180.0,E4E3,2,92.53,497.68,0,-1
23,sybil_10,128.59,-1.6,13.5679,2.3703,90.0,A0B0,5,123.47,837.46,1,5
23,sybil_11,128.59,-1.6,13.2883,-5.228,90.0,A0B0,5,123.47,837.46,1,5
23,sybil_12,49.76,-1.6,17.6728,15.8467,90.0,A0B0,5,157.59,883.3,1,6
23,sybil_13,49.76,-1.6,1.9903,-0.2406,90.0,A0B0,5,157.59,883.3,1,6
23,sybil_14,4.9,-1.6,2.3679,-11.4193,100.66,A0B0,5,189.31,911.8,1,7
23,sybil_15,4.9,-1.6,19.2859,3.9827,90.0,E2F2,5,189.31,911.8,1,7
23,sybil_16,898.79,398.4,16.1662,-3.9357,90.0,E2F2,3,153.67,544.78,1,8
23,sybil_17,898.79,398.4,11.1818,11.1818,90.0,E2F2,3,153.67,544.78,1,8
23,sybil_18,828.55,398.4,4.2334,2.7511,90.0,E2F2,3,87.43,517.56,1,9
23,sybil_19,828.55,398.4,0.0,0.0,90.0,E2F2,3,87.43,517.56,1,9
23,sybil_20,692.07,798.4,6.5136,-0.1907,90.0,D4E4,5,71.32,484.74,1,10
23,sybil_21,692.07,798.4,0.0413,-19.0928,90.0,D4E4,5,71.32,484.74,1,10
23,sybil_22,630.95,798.4,0.0,-16.1102,90.0,D4E4,4,126.11,480.39,1,11
23,sybil_23,630.95,798.4,0.0,-1.3101,90.0,D4E4,4,126.11,480.39,1,11
23,sybil_5,598.4,969.44,16.0242,5.0436,180.0,D5D4,5,185.06,550.61,1,2
23,sybil_6,598.93,996.52,1.8709,-12.7906,219.64,:D5_9,5,170.73,565.43,1,3
23,sybil_7,598.93,996.52,3.3362,-6.4466,270.0,E5D5,5,170.73,565.43,1,3
23,sybil_8,641.56,1001.6,21.7364,9.6321,270.0,E5D5,5,133.82,569.27,1,4
23,sybil_9,641.56,1001.6,27.2248,23.6239,270.0,E5D5,5,133.82,569.27,1,4
24,legit_0,601.6,462.06,13.8614,1.409,0.0,D2D3,1,180.11,465.07,0,-1
24,legit_1,598.61,598.4,8.7811,2.3376,90.0,:D3_13,1,148.62,450.78,0,-1
24,legit_2,601.6,926.08,12.0229,0.2278,0.0,D4D5,8,171.56,528.82,0,-1
24,legit_3,798.4,750.21,10.9233,1.4991,180.0,E4E3,2,102.0,495.35,0,-1
24,legit_4,987.7,201.6,0.0,0.0,270.0,F1E1,0,102.66,665.86,0,-1
24,sybil_10,142.17,-1.6,15.2663,1.6984,90.0,A0B0,5,121.85,830.21,1,5
24,sybil_11,142.17,-1.6,6.2159,-7.0724,90.0,A0B0,5,121.85,830.21,1,5
24,sybil_12,63.29,-1.6,21.3478,3.675,90.0,A0B0,5,149.35,875.02,1,6
24,sybil_13,63.29,-1.6,7.6549,5.6647,90.0,A0B0,5,149.35,875.02,1,6
24,sybil_14,7.94,-1.6,7.4953,5.1274,90.42,A0B0,5,187.0,909.82,1,7
24,sybil_15,7.94,-1.6,10.3879,-8.898,90.0,E2F2,5,187.0,909.82,1,7
24,sybil_16,911.56,398.4,8.4528,-7.7134,90.0,E2F2,3,143.66,550.29,1,8
24,sybil_17,911.56,398.4,24.4584,13.2766,90.0,E2F2,3,143.66,550.29,1,8
24,sybil_18,837.91,398.4,7.7644,3.531,90.0,E2F2,3,95.93,520.87,1,9
24,sybil_19,837.91,398.4,0.2895,0.2895,90.0,E2F2,3,95.93,520.87,1,9
24,sybil_20,704.28,798.4,3.8598,-2.6538,90.0,D4E4,5,61.82,486.19,1,10
24,sybil_21,704.28,798.4,17.5805,17.5392,90.0,D4E4,5,61.82,486.19,1,10
24,sybil_22,641.74,798.4,22.6658,22.6658,90.0,D4E4,5,115.98,480.83,1,11
24,sybil_23,641.74,798.4,0.0,0.0,90.0,D4E4,5,115.98,480.83,1,11
24,sybil_24,609.1,798.4,9.4476,0.0,90.0,D4E4,5,146.91,479.89,1,12
24,sybil_5,598.4,956.67,12.8191,-3.2051,180.0,D5D4,5,188.77,543.94,1,2
24,sybil_6,598.4,989.21,11.5364,9.6654,182.3,D5D4,5,173.97,561.34,1,3
24,sybil_7,598.4,989.21,0.0,-3.3362,270.0,E5D5,5,173.97,561.34,1,3
24,sybil_8,631.47,1001.6,13.3728,-8.3636,270.0,E5D5,5,142.11,568.86,1,4
24,sybil_9,631.47,1001.6,10.4714,-16.7534,270.0,E5D5,5,142.11,568.86,1,4
25,legit_0,601.6,475.87,13.8136,-0.0478,0.0,D2D3,1,188.28,462.41,0,-1
25,legit_1,609.29,598.4,10.676,1.8949,90.0,D3E3,1,140.72,450.82,0,-1
25,legit_2,601.6,938.01,11.9267,-0.0962,0.0,D4D5,8,177.84,534.57,0,-1
25,legit_3,798.4,738.4,11.8109,0.8876,180.0,E4E3,2,112.54,492.98,0,-1
25,legit_4,985.34,201.6,2.3616,2.3616,270.0,F1E1,0,104.11,664.7,0,-1
25,sybil_10,155.08,-1.6,9.7579,-5.5084,90.0,A0B0,5,121.71,823.51,1,5
25,sybil_11,155.08,-1.6,21.2952,15.0793,90.0,A0B0,5,121.71,823.51,1,5
25,sybil_12,76.39,-1.6,11.1021,-10.2458,90.0,A0B0,5,142.14,867.15,1,6
25,sybil_13,76.39,-1.6,0.6319,-7.023,90.0,A0B0,5,142.14,867.15,1,6
25,sybil_14,13.0,-1.6,5.964,-1.5312,90.0,A0B0,5,183.18,906.54,1,7
25,sybil_15,13.0,-1.6,3.3653,-7.0226,90.0,E2F2,5,183.18,906.54,1,7
25,sybil_16,923.49,398.4,7.4795,-0.9733,90.0,E2F2,3,132.2,555.6,1,8
25,sybil_17,923.49,398.4,27.8019,3.3435,90.0,E2F2,3,132.2,555.6,1,8
25,sybil_18,848.86,398.4,14.707,6.9426,90.0,E2F2,3,106.06,524.87,1,9
25,sybil_19,848.86,398.4,2.6827,2.3932,90.0,E2F2,3,106.06,524.87,1,9
25,sybil_20,716.58,798.4,0.0,-3.8598,90.0,D4E4,5,53.36,487.87,1,10
25,sybil_21,716.58,798.4,20.0653,2.4849,90.0,D4E4,5,53.36,487.87,1,10
25,sybil_22,653.98,798.4,11.2343,-11.4314,90.0,D4E4,5,104.64,481.5,1,11
25,sybil_23,653.98,798.4,12.9617,12.9617,90.0,D4E4,5,104.64,481.5,1,11
25,sybil_24,609.22,798.4,0.0,-9.4476,90.0,D4E4,6,146.8,479.89,1,12
25,sybil_5,598.4,943.95,19.748,6.9289,180.0,D5D4,6,181.19,537.51,1,2
25,sybil_6,598.4,979.54,11.3034,-0.233,180.0,D5D4,5,179.21,556.03,1,3
25,sybil_7,598.4,979.54,19.1378,19.1378,268.31,:D5_1,5,179.21,556.03,1,3
25,sybil_8,622.13,1001.6,4.2731,-9.0998,270.0,E5D5,5,149.99,568.58,1,4
25,sybil_9,622.13,1001.6,0.0,-10.4714,270.0,E5D5,5,149.99,568.58,1,4
26,legit_0,601.6,488.6,12.7286,-1.085,0.0,D2D3,1,185.56,460.2,0,-1
26,legit_1,622.29,598.4,12.9974,2.3215,90.0,D3E3,1,127.72,451.05,0,-1
26,legit_2,601.6,950.24,12.234,0.3073,0.0,D4D5,5,184.87,540.66,0,-1
26,legit_3,798.4,726.82,11.5782,-0.2327,180.0,E4E3,4,123.09,490.81,0,-1
26,legit_4,981.61,201.6,3.725,1.3634,270.0,F1E1,0,106.47,662.88,0,-1
26,sybil_10,168.9,-1.6,15.8003,6.0424,90.0,A0B0,5,123.06,816.56,1,5
26,sybil_11,168.9,-1.6,16.9896,-4.3056,90.0,A0B0,5,123.06,816.56,1,5
26,sybil_12,89.57,-1.6,15.9694,4.8673,90.0,A0B0,5,135.79,859.4,1,6
26,sybil_13,89.57,-1.6,20.0329,19.401,90.0,A0B0,5,135.79,859.4,1,6
26,sybil_14,20.54,-1.6,7.628,1.664,90.0,A0B0,5,177.61,901.7,1,7
26,sybil_15,20.54,-1.6,5.1831,1.8178,90.0,E2F2,5,177.61,901.7,1,7
26,sybil_16,935.59,398.4,11.5196,4.0401,90.0,E2F2,3,120.68,561.13,1,8
26,sybil_17,935.59,398.4,21.4617,-6.3402,90.0,E2F2,3,120.68,561.13,1,8
26,sybil_18,861.65,398.4,11.653,-3.054,90.0,E2F2,3,118.07,529.72,1,9
26,sybil_19,861.65,398.4,2.945,0.2623,90.0,E2F2,3,118.07,529.72,1,9
26,sybil_20,728.99,798.4,1.9759,1.9759,90.0,D4E4,5,46.6,489.83,1,10
26,sybil_21,728.99,798.4,11.2111,-8.8543,90.0,D4E4,5,46.6,489.83,1,10
26,sybil_22,667.63,798.4,12.4696,1.2353,90.0,D4E4,5,92.28,482.46,1,11
26,sybil_23,667.63,798.4,17.8275,4.8658,90.0,D4E4,5,92.28,482.46,1,11
26,sybil_24,610.93,798.4,0.0,0.0,90.0,D4E4,5,145.16,479.91,1,12
26,sybil_5,598.4,931.7,3.8151,-15.9329,180.0,D5D4,6,174.45,531.51,1,2
26,sybil_6,598.4,968.5,4.5717,-6.7317,180.0,D5D4,5,185.62,550.11,1,3
26,sybil_7,598.4,968.5,0.0,-19.1378,243.44,:D5_9,5,185.62,550.11,1,3
26,sybil_8,615.78,1001.6,6.0957,1.8227,270.0,E5D5,5,155.44,568.45,1,4
26,sybil_9,615.78,1001.6,10.557,10.557,270.0,E5D5,5,155.44,568.45,1,4
27,legit_0,601.6,501.54,12.9445,0.2159,0.0,D2D3,1,178.09,458.18,0,-1
27,legit_1,636.04,598.4,13.753,0.7555,90.0,D3E3,1,113.97,451.5,0,-1
27,legit_2,601.6,962.7,12.4579,0.2239,0.0,D4D5,5,189.16,547.07,0,-1
27,legit_3,798.4,715.47,11.3516,-0.2266,180.0,E4E3,4,125.2,488.83,0,-1
27,legit_4,976.27,201.6,5.344,1.6191,270.0,F1E1,0,109.98,660.29,0,-1
27,sybil_10,181.84,-1.6,19.5319,3.7316,90.0,A0B0,3,125.7,810.24,1,5
27,sybil_11,181.84,-1.6,21.8369,4.8473,90.0,A0B0,3,125.7,810.24,1,5
27,sybil_12,102.08,-1.6,10.9314,-5.0379,90.0,A0B0,5,130.7,852.19,1,6
27,sybil_13,102.08,-1.6,6.2334,-13.7995,90.0,A0B0,5,130.7,852.19,1,6
27,sybil_14,29.67,-1.6,12.6605,5.0325,90.0,A0B0,3,171.08,895.88,1,7
27,sybil_15,29.67,-1.6,5.6906,0.5075,90.0,E2F2,3,171.08,895.88,1,7
27,sybil_16,947.66,398.4,11.2873,-0.2323,90.0,E2F2,3,109.31,566.79,1,8
27,sybil_17,947.66,398.4,5.4315,-16.0302,90.0,E2F2,3,109.31,566.79,1,8
27,sybil_18,874.41,398.4,15.5109,3.8579,90.0,E2F2,3,130.2,534.72,1,9
27,sybil_19,874.41,398.4,3.4874,0.5424,90.0,E2F2,3,130.2,534.72,1,9
27,sybil_20,741.53,798.4,13.249,11.2731,90.0,D4E4,5,42.45,492.12,1,10
27,sybil_21,741.53,798.4,3.6938,-7.5173,90.0,D4E4,5,42.45,492.12,1,10
27,sybil_22,680.84,798.4,16.0796,3.61,90.0,D4E4,6,80.71,483.6,1,11
27,sybil_23,680.84,798.4,7.1338,-10.6937,90.0,D4E4,6,80.71,483.6,1,11
27,sybil_24,614.66,798.4,11.8769,11.8769,90.0,D4E4,5,141.59,479.97,1,12
27,sybil_5,598.4,919.53,5.7788,1.9636,180.0,D5D4,8,168.37,525.73,1,2
27,sybil_6,598.4,956.09,18.7339,14.1622,180.0,D5D4,5,188.41,543.64,1,3
27,sybil_7,598.4,956.09,0.0,0.0,186.04,D5D4,5,188.41,543.64,1,3
27,sybil_8,609.1,1001.6,13.0178,6.9221,270.0,E5D5,5,161.24,568.36,1,4
27,sybil_9,609.1,1001.6,11.3759,0.8189,270.0,E5D5,5,161.24,568.36,1,4
28,legit_0,601.6,515.03,13.4868,0.5424,0.0,D2D3,1,171.0,456.32,0,-1
28,legit_1,649.05,598.4,13.0165,-0.7365,90.0,D3E3,1,100.96,452.12,0,-1
28,legit_2,601.6,975.76,13.0627,0.6048,0.0,D4D5,5,181.35,553.99,0,-1
28,legit_3,798.4,704.19,11.2812,-0.0704,180.0,E4E3,4,114.88,487.0,0,-1
28,legit_4,969.2,201.6,7.0709,1.7269,270.0,F1E1,0,114.84,656.92,0,-1
28,sybil_10,195.38,-1.6,6.2509,-13.281,90.0,:B0_6,3,129.79,803.84,1,5
28,sybil_11,195.38,-1.6,5.9682,-15.8687,90.0,A0B0,3,129.79,803.84,1,5
28,sybil_12,114.93,-1.6,17.0063,6.0749,90.0,A0B0,5,126.56,844.96,1,6
28,sybil_13,114.93,-1.6,10.9734,4.74,90.0,A0B0,5,126.56,844.96,1,6
28,sybil_14,40.9,-1.6,19.4278,6.7673,90.0,A0B0,3,163.37,888.81,1,7
28,sybil_15,40.9,-1.6,5.0299,-0.6607,90.0,E2F2,3,163.37,888.81,1,7
28,sybil_16,960.01,398.4,0.3333,-10.954,90.0,E2F2,3,97.84,572.75,1,8
28,sybil_17,960.01,398.4,9.2913,3.8598,90.0,E2F2,3,97.84,572.75,1,8
28,sybil_18,886.82,398.4,17.7671,2.2562,90.0,E2F2,3,142.11,539.76,1,9
28,sybil_19,886.82,398.4,18.668,15.1806,90.0,E2F2,3,142.11,539.76,1,9
28,sybil_20,753.82,798.4,24.1553,10.9063,90.0,D4E4,5,41.78,494.71,1,10
28,sybil_21,753.82,798.4,24.0445,20.3507,90.0,D4E4,5,41.78,494.71,1,10
28,sybil_22,693.43,798.4,3.2683,-12.8113,90.0,D4E4,6,70.22,484.9,1,11
28,sybil_23,693.43,798.4,23.0754,15.9416,90.0,D4E4,6,70.22,484.9,1,11
28,sybil_24,620.74,798.4,10.8171,-1.0598,90.0,D4E4,7,135.79,480.09,1,12
28,sybil_5,598.4,906.96,22.9676,17.1888,180.0,D5D4,8,162.81,519.98,1,2
28,sybil_6,598.4,942.55,12.6998,-6.0341,180.0,D5D4,6,180.39,536.81,1,3
28,sybil_7,598.4,942.55,15.7602,15.7602,180.0,D5D4,6,180.39,536.81,1,3
28,sybil_8,604.43,1001.2,7.5009,-5.517,265.44,:D5_1,5,165.53,568.1,1,4
28,sybil_9,604.43,1001.2,0.8248,-10.5511,270.0,E5D5,5,165.53,568.1,1,4
29,legit_0,601.6,528.07,13.0376,-0.4492,0.0,D2D3,1,164.91,454.77,0,-1
29,legit_1,662.14,598.4,13.0826,0.0661,90.0,D3E3,1,87.88,452.94,0,-1
29,legit_2,601.6,985.07,9.3046,-3.758,0.0,D4D5,5,176.17,559.05,0,-1
29,legit_3,798.4,692.45,11.7373,0.4561,180.0,E4E3,4,104.35,485.26,0,-1
29,legit_4,960.39,201.6,8.8057,1.7348,270.0,F1E1,0,121.19,652.81,0,-1
29,sybil_0,798.4,189.6,0.0,0.0,180.0,E1E0,0,84.77,598.66,1,0
29,sybil_10,208.65,-1.6,5.9804,-0.2705,90.0,B0C0,3,135.0,797.77,1,5
29,sybil_11,208.65,-1.6,14.6224,8.6541,90.0,A0B0,3,135.0,797.77,1,5
29,sybil_12,127.64,-1.6,15.0662,-1.9401,90.0,A0B0,5,123.64,837.97,1,6
29,sybil_13,127.64,-1.6,0.0,-10.9734,90.0,A0B0,5,123.64,837.97,1,6
29,sybil_14,52.3,-1.6,7.8263,-11.6015,90.0,A0B0,3,155.99,881.74,1,7
29,sybil_15,52.3,-1.6,1.6337,-3.3962,90.0,E2F2,3,155.99,881.74,1,7
29,sybil_16,972.17,398.4,26.2049,25.8716,90.0,E2F2,3,86.79,578.78,1,8
29,sybil_17,972.17,398.4,21.155,11.8637,90.0,E2F2,3,86.79,578.78,1,8
29,sybil_18,899.74,398.4,6.1028,-11.6643,90.0,E2F2,3,154.59,545.18,1,9
29,sybil_19,899.74,398.4,21.4229,2.7549,90.0,E2F2,3,154.59,545.18,1,9
29,sybil_20,766.52,798.4,32.4196,8.2643,90.0,D4E4,5,44.76,497.75,1,10
29,sybil_21,766.52,798.4,12.3539,-11.6906,90.0,D4E4,5,44.76,497.75,1,10
29,sybil_22,706.88,798.4,5.0852,1.8169,90.0,D4E4,6,59.92,486.52,1,11
29,sybil_23,706.88,798.4,28.1395,5.0641,90.0,D4E4,6,59.92,486.52,1,11
29,sybil_24,629.37,798.4,18.8551,8.038,90.0,D4E4,7,127.6,480.33,1,12
29,sybil_5,598.4,894.46,13.1161,-9.8515,180.0,D5D4,8,158.08,514.48,1,2
29,sybil_6,598.4,929.52,17.3657,4.666,180.0,D5D4,6,173.31,530.46,1,3
29,sybil_7,598.4,929.52,15.8245,0.0643,180.0,D5D4,6,173.31,530.46,1,3
29,sybil_8,599.52,997.6,10.1355,2.6346,227.32,:D5_9,5,170.72,566.05,1,4
29,sybil_9,599.52,997.6,13.8452,13.0204,270.0,E5D5,5,170.72,566.05,1,4
30,legit_0,601.6,540.82,12.7541,-0.2835,0.0,D2D3,1,159.76,453.49,0,-1
30,legit_1,675.11,598.4,12.9768,-0.1058,90.0,D3E3,2,74.9,453.94,0,-1
30,legit_2,601.6,990.71,5.646,-3.6586,0.0,D4D5,5,173.19,562.18,0,-1
30,legit_3,798.4,680.76,11.6876,-0.0497,180.0,E4E3,5,94.15,483.68,0,-1
30,legit_4,949.32,201.6,11.0754,2.2697,270.0,F1E1,0,129.6,647.76,0,-1
30,legit_5,991.7,1001.6,0.0,0.0,270.0,F5E5,0,97.7,669.5,0,-1
30,sybil_0,798.4,187.97,2.2331,2.2331,180.0,E1E0,0,83.44,599.57,1,0
30,sybil_10,222.32,-1.6,1.1925,-4.788,90.0,B0C0,3,141.48,791.71,1,5
30,sybil_11,222.32,-1.6,19.4777,4.8553,90.0,A0B0,3,141.48,791.71,1,5
30,sybil_12,140.53,-1.6,7.4647,-7.6016,90.0,A0B0,5,121.97,831.07,1,6
30,sybil_13,140.53,-1.6,15.5441,15.5441,90.0,A0B0,5,121.97,831.07,1,6
30,sybil_14,64.12,-1.6,29.6009,21.7746,90.0,A0B0,3,148.87,874.52,1,7
30,sybil_15,64.12,-1.6,0.0,-1.6337,102.33,:F2_6,3,148.87,874.52,1,7
30,sybil_16,979.83,398.4,18.302,-7.9029,90.0,E2F2,3,79.99,582.67,1,8
30,sybil_17,979.83,398.4,29.0339,7.8789,90.0,E2F2,3,79.99,582.67,1,8
30,sybil_18,910.97,398.4,0.0,-6.1028,90.0,E2F2,3,144.23,550.03,1,9
30,sybil_19,910.97,398.4,28.1238,6.7009,90.0,E2F2,3,144.23,550.03,1,9
30,sybil_20,779.17,798.4,14.0407,-18.3789,90.0,D4E4,5,50.81,501.11,1,10
30,sybil_21,779.17,798.4,19.7217,7.3678,90.0,D4E4,5,50.81,501.11,1,10
30,sybil_22,720.22,798.4,0.2104,-4.8748,90.0,D4E4,6,51.16,488.42,1,11
30,sybil_23,720.22,798.4,0.0,-28.1395,90.0,D4E4,6,51.16,488.42,1,11
30,sybil_24,640.6,798.4,17.2384,-1.6168,90.0,D4E4,7,117.04,480.78,1,12
30,sybil_5,598.4,882.4,6.662,-6.4541,180.0,D5D4,8,154.34,509.38,1,2
30,sybil_6,598.4,915.67,15.4857,-1.8801,180.0,D5D4,6,166.58,523.95,1,3
30,sybil_7,598.4,915.67,6.7566,-9.0679,180.0,D5D4,6,166.58,523.95,1,3
30,sybil_8,598.4,989.57,7.8572,-2.2783,182.88,D5D4,5,173.78,561.54,1,4
30,sybil_9,598.4,989.57,2.3353,-11.5099,270.0,E5D5,5,173.78,561.54,1,4
31,legit_0,601.6,554.4,13.5794,0.8253,0.0,D2D3,1,155.25,452.39,0,-1
31,legit_1,688.67,598.4,13.558,0.5812,90.0,D3E3,2,61.35,455.2,0,-1
31,legit_2,601.6,992.06,1.347,-4.299,0.0,D4D5,5,172.5,562.93,0,-1
31,legit_3,798.4,668.78,11.9794,0.2918,180.0,E4E3,5,84.1,482.24,0,-1
31,legit_4,938.39,201.6,10.923,-0.1525,270.0,F1E1,1,138.25,642.9,0,-1
31,legit_5,989.95,1001.6,1.7541,1.7541,270.0,F5E5,0,98.76,668.63,0,-1
31,sybil_0,798.4,184.7,0.0,-2.2331,180.0,E1E0,1,80.8,601.41,1,0
31,sybil_10,234.96,-1.6,11.3914,10.1989,90.0,B0C0,3,148.34,786.3,1,5
31,sybil_11,234.96,-1.6,15.3101,-4.1675,90.0,:B0_6,3,148.34,786.3,1,5
31,sybil_12,153.67,-1.6,26.8027,19.338,90.0,A0B0,5,121.66,824.23,1,6
31,sybil_13,153.67,-1.6,16.5824,1.0383,90.0,A0B0,5,121.66,824.23,1,6
31,sybil_14,75.15,-1.6,0.4874,-29.1136,90.0,A0B0,3,142.79,867.89,1,7
31,sybil_15,75.15,-1.6,1.4901,1.4901,163.57,F2F1,3,142.79,867.89,1,7
31,sybil_16,986.45,398.4,8.9685,-9.3335,90.0,E2F2,3,74.25,586.07,1,8
31,sybil_17,986.45,398.4,19.228,-9.8059,90.0,E2F2,3,74.25,586.07,1,8
31,sybil_18,923.06,398.4,5.7139,5.7139,90.0,E2F2,3,132.62,555.4,1,9
31,sybil_19,923.06,398.4,0.0,-28.1238,90.0,E2F2,3,132.62,555.4,1,9
31,sybil_20,787.99,798.4,0.0,-14.0407,90.0,D4E4,5,56.34,503.63,1,10
31,sybil_21,787.99,798.4,12.1162,-7.6055,90.0,D4E4,5,56.34,503.63,1,10
31,sybil_22,733.75,798.4,8.2556,8.0451,90.0,D4E4,5,44.66,490.66,1,11
31,sybil_23,733.75,798.4,17.1517,17.1517,90.0,D4E4,5,44.66,490.66,1,11
31,sybil_24,653.92,798.4,0.0,-17.2384,90.0,D4E4,7,104.7,481.5,1,12
31,sybil_5,598.4,870.52,2.7429,-3.9191,180.0,D5D4,6,151.51,504.56,1,2
31,sybil_6,598.4,901.81,14.6397,-0.8459,180.0,D5D4,6,160.76,517.69,1,3
31,sybil_7,598.4,901.81,17.4378,10.6812,180.0,D5D4,6,160.76,517.69,1,3
31,sybil_8,598.4,979.29,14.507,6.6498,180.0,D5D4,5,179.34,555.9,1,4
31,sybil_9,598.4,979.29,6.2623,3.927,270.0,E5D5,5,179.34,555.9,1,4
32,legit_0,601.6,568.16,13.7636,0.1842,0.0,D2D3,1,151.78,451.57,0,-1
32,legit_1,701.44,598.4,12.7729,-0.785,90.0,D3E3,2,48.58,456.57,0,-1
32,legit_2,601.6,992.56,0.5057,-0.8413,0.0,D4D5,5,172.24,563.21,0,-1
32,legit_3,798.4,657.65,11.1371,-0.8423,180.0,E4E3,5,75.27,481.06,0,-1
32,legit_4,927.21,201.6,11.187,0.2641,270.0,F1E1,2,147.43,638.06,0,-1
32,legit_5,985.98,1001.6,3.9699,2.2158,270.0,F5E5,0,101.22,666.67,0,-1
32,sybil_0,798.4,179.7,0.0,0.0,180.0,E1E0,2,76.86,604.25,1,0
32,sybil_1,798.4,179.7,0.0,0.0,180.0,E1E0,2,76.86,604.25,1,0
32,sybil_10,248.03,-1.6,18.0829,6.6915,90.0,B0C0,3,156.2,780.87,1,5
32,sybil_11,248.03,-1.6,13.135,-2.1752,90.0,B0C0,3,156.2,780.87,1,5
32,sybil_12,166.36,-1.6,7.0022,-19.8004,90.0,A0B0,5,122.7,817.82,1,6
32,sybil_13,166.36,-1.6,22.0848,5.5024,90.0,A0B0,5,122.7,817.82,1,6
32,sybil_14,86.86,-1.6,2.5086,2.0213,90.0,A0B0,3,137.02,860.98,1,7
32,sybil_15,86.86,-1.6,6.1687,4.6786,180.0,F2F1,3,137.02,860.98,1,7
32,sybil_16,991.66,398.4,22.053,13.0845,90.0,E2F2,3,69.84,588.79,1,8
32,sybil_17,991.66,398.4,24.0624,4.8344,90.0,E2F2,3,69.84,588.79,1,8
32,sybil_18,935.3,398.4,25.2054,19.4914,90.0,E2F2,3,120.96,560.99,1,9
32,sybil_19,935.3,398.4,22.877,22.877,90.0,E2F2,3,120.96,560.99,1,9
32,sybil_20,792.32,798.4,17.6125,17.6125,90.0,D4E4,5,59.34,504.91,1,10
32,sybil_21,792.32,798.4,7.868,-4.2482,90.0,D4E4,5,59.34,504.91,1,10
32,sybil_22,747.62,798.4,0.0,-8.2556,90.0,D4E4,5,41.67,493.36,1,11
32,sybil_23,747.62,798.4,9.0917,-8.06,90.0,D4E4,5,41.67,493.36,1,11
32,sybil_24,666.45,798.4,18.9381,18.9381,90.0,D4E4,7,93.34,482.36,1,12
32,sybil_5,598.4,857.92,41.9667,39.2239,180.0,D5D4,6,149.48,499.68,1,2
32,sybil_6,598.4,889.19,18.2132,3.5735,180.0,D5D4,6,156.34,512.23,1,3
32,sybil_7,598.4,889.19,13.0092,-4.4286,180.0,D5D4,6,156.34,512.23,1,3
32,sybil_8,598.4,967.36,4.2119,-10.2951,180.0,D5D4,5,186.31,549.51,1,4
32,sybil_9,598.4,967.36,12.0566,5.7943,264.97,:D5_1,5,186.31,549.51,1,4
33,legit_0,601.6,581.9,13.7319,-0.0317,0.0,D2D3,1,149.5,451.03,0,-1
33,legit_1,714.95,598.4,13.5052,0.7322,90.0,D3E3,2,35.09,458.23,0,-1
33,legit_2,601.6,992.65,0.0809,-0.4249,0.0,D4D5,5,172.2,563.26,0,-1
33,legit_3,798.4,645.34,12.3053,1.1682,180.0,E4E3,1,66.32,479.94,0,-1
33,legit_4,915.89,201.6,11.3149,0.1278,270.0,F1E1,2,156.98,633.3,0,-1
33,legit_5,980.33,1001.6,5.6504,1.6805,270.0,F5E5,0,104.89,663.91,0,-1
33,sybil_0,798.4,172.94,14.3724,14.3724,180.0,E1E0,2,71.73,608.14,1,0
33,sybil_1,798.4,172.94,12.9308,12.9308,180.0,E1E0,2,71.73,608.14,1,0
33,sybil_10,261.42,-1.6,12.1057,-5.9772,90.0,B0C0,3,164.93,775.5,1,5
33,sybil_11,261.42,-1.6,21.3178,8.1828,90.0,B0C0,3,164.93,775.5,1,5
33,sybil_12,180.12,-1.6,22.2417,15.2395,90.0,A0B0,5,125.27,811.07,1,6
33,sybil_13,180.12,-1.6,0.0,-22.0848,90.0,A0B0,5,125.27,811.07,1,6
33,sybil_14,98.16,-1.6,11.2106,8.702,90.0,A0B0,3,132.19,854.43,1,7
33,sybil_15,98.16,-1.6,2.3897,-3.779,180.0,F2F1,3,132.19,854.43,1,7
33,sybil_16,996.56,397.26,0.0,-22.053,103.43,:F2_6,3,65.15,591.67,1,8
33,sybil_17,996.56,397.26,2.7598,-21.3026,90.0,E2F2,3,65.15,591.67,1,8
33,sybil_18,947.38,398.4,13.0293,-12.176,90.0,E2F2,3,109.57,566.66,1,9
33,sybil_19,947.38,398.4,14.6532,-8.2237,90.0,E2F2,3,109.57,566.66,1,9
33,sybil_20,798.16,799.85,6.8557,-10.7568,73.88,:E4_14,4,62.7,507.08,1,10
33,sybil_21,798.16,799.85,8.218,0.3501,90.0,D4E4,4,62.7,507.08,1,10
33,sybil_22,760.24,798.4,0.0,0.0,90.0,D4E4,4,42.84,496.2,1,11
33,sybil_23,760.24,798.4,16.4067,7.315,90.0,D4E4,4,42.84,496.2,1,11
33,sybil_24,679.89,798.4,22.0771,3.139,90.0,D4E4,7,81.53,483.51,1,12
33,sybil_5,598.4,846.04,27.9766,-13.9901,180.0,D5D4,6,148.52,495.29,1,2
33,sybil_6,598.4,875.8,12.0351,-6.178,180.0,D5D4,6,152.66,506.68,1,3
33,sybil_7,598.4,875.8,15.6001,2.5909,180.0,D5D4,6,152.66,506.68,1,3
33,sybil_8,598.4,953.53,13.3342,9.1223,180.0,D5D4,5,186.85,542.34,1,4
33,sybil_9,598.4,953.53,0.0,-12.0566,234.77,:D5_9,5,186.85,542.34,1,4
34,legit_0,601.6,595.56,13.6681,-0.0637,0.0,:D3_9,1,148.47,450.79,0,-1
34,legit_1,727.73,598.4,12.7761,-0.7291,90.0,D3E3,2,22.33,459.99,0,-1
34,legit_2,601.6,992.69,0.0492,-0.0317,0.0,D4D5,4,172.18,563.28,0,-1
34,legit_3,798.4,633.22,12.1165,-0.1888,180.0,E4E3,1,58.71,479.06,0,-1
34,legit_4,905.05,201.6,10.8452,-0.4697,270.0,F1E1,2,166.34,628.86,0,-1
34,legit_5,972.62,1001.6,7.7079,2.0575,270.0,F5E5,0,110.16,660.22,0,-1
34,sybil_0,798.4,164.18,27.3931,13.0207,180.0,E1E0,2,65.53,613.25,1,0
34,sybil_1,798.4,164.18,5.7718,-7.159,180.0,E1E0,2,65.53,613.25,1,0
34,sybil_10,275.26,-1.6,0.0,-12.1057,90.0,B0C0,3,174.58,770.13,1,5
34,sybil_11,275.26,-1.6,14.6435,-6.6743,90.0,B0C0,3,174.58,770.13,1,5
34,sybil_12,193.58,-1.6,28.3584,6.1167,90.0,:B0_6,5,129.17,804.68,1,6
34,sybil_13,193.58,-1.6,13.5241,13.5241,90.0,A0B0,5,129.17,804.68,1,6
34,sybil_14,109.88,-1.6,3.3112,-7.8993,90.0,A0B0,3,128.05,847.78,1,7
34,sybil_15,109.88,-1.6,12.0553,9.6656,180.0,F2F1,3,128.05,847.78,1,7
34,sybil_16,998.4,391.8,0.0,0.0,166.6,F2F1,3,60.61,594.08,1,8
34,sybil_17,998.4,391.8,4.5707,1.8108,90.0,E2F2,3,60.61,594.08,1,8
34,sybil_18,959.14,398.4,9.7887,-3.2406,90.0,E2F2,3,98.64,572.33,1,9
34,sybil_19,959.14,398.4,13.8151,-0.8381,90.0,E2F2,3,98.64,572.33,1,9
34,sybil_20,801.37,805.58,7.9908,1.1351,20.68,:E4_14,4,61.83,509.66,1,10
34,sybil_21,801.37,805.58,15.4926,7.2746,90.0,D4E4,4,61.83,509.66,1,10
34,sybil_22,769.96,798.4,3.7515,3.7515,90.0,D4E4,4,46.14,498.64,1,11
34,sybil_23,769.96,798.4,10.8744,-5.5323,90.0,D4E4,4,46.14,498.64,1,11
34,sybil_24,693.24,798.4,26.1396,4.0624,90.0,D4E4,7,70.38,484.87,1,12
34,sybil_5,598.4,833.07,8.5516,-19.425,180.0,D5D4,5,148.56,490.75,1,2
34,sybil_6,598.4,863.15,16.1365,4.1013,180.0,D5D4,6,150.19,501.67,1,3
34,sybil_7,598.4,863.15,12.2512,-3.3489,180.0,D5D4,6,150.19,501.67,1,3
34,sybil_8,598.4,940.9,18.4395,5.1053,180.0,D5D4,5,179.45,535.99,1,4
34,sybil_9,598.4,940.9,13.2566,13.2566,194.39,:D5_9,5,179.45,535.99,1,4
35,legit_0,601.6,609.19,13.63,-0.0381,0.0,D3D4,1,148.68,450.84,0,-1
35,legit_1,741.21,598.4,13.485,0.7089,90.0,D3E3,2,8.93,462.06,0,-1
35,legit_2,601.6,992.7,0.0028,-0.0464,0.0,D4D5,4,172.18,563.29,0,-1
35,legit_3,798.4,621.5,11.7221,-0.3944,180.0,E4E3,1,52.96,478.43,0,-1
35,legit_4,894.88,201.6,10.1698,-0.6754,270.0,F1E1,3,166.28,624.8,0,-1
35,legit_5,963.12,1001.6,9.4976,1.7897,270.0,F5E5,0,117.02,655.76,0,-1
35,sybil_0,798.4,154.09,11.6104,-15.7827,180.0,E1E0,3,59.2,619.26,1,0
35,sybil_1,798.4,154.09,0.0,-5.7718,180.0,E1E0,3,59.2,619.26,1,0
35,sybil_10,289.01,-1.6,19.9486,19.9486,90.0,B0C0,3,184.69,765.0,1,5
35,sybil_11,289.01,-1.6,18.2963,3.6529,90.0,B0C0,3,184.69,765.0,1,5
35,sybil_12,206.08,-1.6,22.6676,-5.6908,90.0,:B0_6,5,133.91,798.93,1,6
35,sybil_13,206.08,-1.6,9.3134,-4.2107,90.0,A0B0,5,133.91,798.93,1,6
35,sybil_14,121.94,-1.6,3.9826,0.6713,90.0,A0B0,3,124.8,841.08,1,7
35,sybil_15,121.94,-1.6,9.9356,-2.1198,180.0,F2F1,3,124.8,841.08,1,7
35,sybil_16,998.4,383.94,3.3838,3.3838,180.0,F2F1,3,56.88,596.21,1,8
35,sybil_17,998.4,383.94,11.8894,7.3187,90.0,E2F2,3,56.88,596.21,1,8
35,sybil_18,970.83,398.4,15.7946,6.0059,90.0,E2F2,3,87.99,578.11,1,9
35,sybil_19,970.83,398.4,21.3716,7.5565,90.0,E2F2,3,87.99,578.11,1,9
35,sybil_2,798.4,191.8,10.411,0.0,180.0,E1E0,3,86.59,597.43,1,1
35,sybil_20,801.6,812.29,0.0,-7.9908,0.0,E4E5,4,58.57,511.65,1,10
35,sybil_21,801.6,812.29,7.3264,-8.1662,83.75,:E4_14,4,58.57,511.65,1,10
35,sybil_22,778.47,798.4,14.4101,10.6587,90.0,D4E4,4,50.41,500.92,1,11
35,sybil_23,778.47,798.4,6.6053,-4.2691,90.0,D4E4,4,50.41,500.92,1,11
35,sybil_24,705.5,798.4,13.863,-12.2765,90.0,D4E4,7,60.92,486.34,1,12
35,sybil_5,598.4,820.18,9.9403,1.3888,180.0,D5D4,5,149.72,486.48,1,2
35,sybil_6,598.4,849.4,12.0361,-4.1004,180.0,D5D4,6,148.7,496.51,1,3
35,sybil_7,598.4,849.4,3.7658,-8.4855,180.0,D5D4,6,148.7,496.51,1,3
35,sybil_8,598.4,927.02,10.5409,-7.8986,180.0,D5D4,5,172.03,529.26,1,4
35,sybil_9,598.4,927.02,15.7526,2.4959,180.0,D5D4,5,172.03,529.26,1,4
36,legit_0,601.6,621.86,12.6675,-0.9625,0.0,D3D4,0,150.0,451.15,0,-1
36,legit_1,755.01,598.4,13.7987,0.3137,90.0,D3E3,1,5.26,464.89,0,-1
36,legit_2,600.46,994.17,1.9203,1.9175,345.97,:D5_5,2,172.42,564.11,0,-1
36,legit_3,798.4,610.19,11.3092,-0.4129,180.0,E4E3,1,49.46,478.07,0,-1
36,legit_4,884.43,201.6,10.4511,0.2813,270.0,F1E1,3,157.25,620.75,0,-1
36,legit_5,952.16,1001.6,10.963,1.4654,270.0,F5E5,0,125.38,650.73,0,-1
36,legit_6,387.7,1001.6,0.0,0.0,270.0,C5B5,0,100.14,597.8,0,-1
36,sybil_0,798.4,142.14,18.1667,6.5563,180.0,E1E0,3,53.22,626.56,1,0
36,sybil_1,798.4,142.14,0.0,0.0,180.0,E1E0,3,53.22,626.56,1,0
36,sybil_10,302.02,-1.6,11.2639,-8.6846,90.0,B0C0,3,191.53,760.32,1,5
36,sybil_11,302.02,-1.6,3.4891,-14.8072,90.0,B0C0,3,191.53,760.32,1,5
36,sybil_12,219.76,-1.6,18.7005,-3.9671,90.0,B0C0,5,140.19,792.83,1,6
36,sybil_13,219.76,-1.6,14.5303,5.2169,90.0,A0B0,5,140.19,792.83,1,6
36,sybil_14,133.2,-1.6,16.6694,12.6868,90.0,A0B0,3,122.75,834.97,1,7
36,sybil_15,133.2,-1.6,24.8244,14.8888,180.0,F2F1,3,122.75,834.97,1,7
36,sybil_16,998.4,374.65,9.8282,6.4444,180.0,F2F1,3,53.64,598.86,1,8
36,sybil_17,998.4,374.65,20.0586,8.1692,90.0,E2F2,3,53.64,598.86,1,8
36,sybil_18,979.14,398.4,4.4628,-11.3318,90.0,E2F2,3,80.59,582.31,1,9
36,sybil_19,979.14,398.4,14.5568,-6.8147,90.0,E2F2,3,80.59,582.31,1,9
36,sybil_2,798.4,189.79,1.5425,-8.8685,180.0,E1E0,3,84.93,598.56,1,1
36,sybil_20,801.6,821.0,0.0,0.0,0.0,E4E5,4,54.99,514.26,1,10
36,sybil_21,801.6,821.0,1.6346,-5.6918,34.76,:E4_14,4,54.99,514.26,1,10
36,sybil_22,786.7,798.4,0.0,-14.4101,90.0,D4E4,4,55.48,503.26,1,11
36,sybil_23,786.7,798.4,0.0,-6.6053,90.0,D4E4,4,55.48,503.26,1,11
36,sybil_24,718.24,798.4,13.4934,-0.3697,90.0,D4E4,7,52.34,488.11,1,12
36,sybil_5,598.4,809.89,5.0122,-4.9281,180.0,D5D4,5,151.42,483.26,1,2
36,sybil_6,598.4,835.71,17.1051,5.0691,180.0,D5D4,5,148.46,491.65,1,3
36,sybil_7,598.4,835.71,29.4295,25.6638,180.0,D5D4,5,148.46,491.65,1,3
36,sybil_8,598.4,913.43,9.9304,-0.6105,180.0,D5D4,5,165.57,522.92,1,4
36,sybil_9,598.4,913.43,14.6968,-1.0557,180.0,D5D4,5,165.57,522.92,1,4
37,legit_0,601.6,635.67,13.8087,1.1412,0.0,D3D4,0,152.63,451.77,0,-1
37,legit_1,768.1,598.4,13.0862,-0.7125,90.0,D3E3,1,18.17,468.6,0,-1
37,legit_2,598.4,992.35,3.3018,1.3815,260.05,D5D4,2,172.35,563.09,0,-1
37,legit_3,798.4,598.65,11.5469,0.2377,180.0,:E3_1,1,48.42,477.96,0,-1
37,legit_4,873.09,201.6,11.3391,0.888,270.0,F1E1,3,147.68,616.48,0,-1
37,legit_5,939.42,1001.6,12.7384,1.7753,270.0,F5E5,0,135.55,645.06,0,-1
37,legit_6,385.1,1001.6,2.5964,2.5964,270.0,C5B5,0,101.77,598.58,0,-1
37,sybil_0,798.4,130.48,13.4539,-4.7128,180.0,E1E0,3,49.52,633.91,1,0
37,sybil_1,798.4,130.48,10.6646,10.6646,180.0,E1E0,3,49.52,633.91,1,0
37,sybil_10,315.31,-1.6,18.4655,7.2016,90.0,B0C0,3,181.46,755.72,1,5
37,sybil_11,315.31,-1.6,6.0839,2.5948,90.0,B0C0,3,181.46,755.72,1,5
37,sybil_12,233.5,-1.6,17.2608,-1.4396,90.0,B0C0,5,147.51,786.92,1,6
37,sybil_13,233.5,-1.6,14.2024,-0.3279,90.0,A0B0,5,147.51,786.92,1,6
37,sybil_14,144.22,-1.6,4.2319,-12.4375,90.0,A0B0,3,121.74,829.13,1,7
37,sybil_15,144.22,-1.6,18.4849,-6.3395,180.0,F2F1,3,121.74,829.13,1,7
37,sybil_16,998.4,363.55,14.2963,4.4681,180.0,F2F1,3,51.72,602.24,1,8
37,sybil_17,998.4,363.55,2.7641,-17.2945,104.6,:F2_6,3,51.72,602.24,1,8
37,sybil_18,983.55,398.4,0.0,-4.4628,90.0,E2F2,3,76.75,584.57,1,9
37,sybil_19,983.55,398.4,5.3992,-9.1577,90.0,E2F2,3,76.75,584.57,1,9
37,sybil_2,798.4,186.32,1.6596,0.1171,180.0,E1E0,3,82.1,600.5,1,1
37,sybil_20,801.6,831.9,26.7799,26.7799,0.0,E4E5,4,52.23,517.71,1,10
37,sybil_21,801.6,831.9,4.5862,2.9516,0.0,E4E5,4,52.23,517.71,1,10
37,sybil_22,791.13,798.4,3.2465,3.2465,90.0,D4E4,4,58.5,504.56,1,11
37,sybil_23,791.13,798.4,13.075,13.075,90.0,D4E4,4,58.5,504.56,1,11
37,sybil_24,731.18,798.4,3.6359,-9.8575,90.0,D4E4,7,45.66,490.2,1,12
37,sybil_5,597.73,804.22,0.0,-5.0122,187.81,:D4_0,5,152.0,481.55,1,2
37,sybil_6,598.4,823.11,9.4426,-7.6626,180.0,D5D4,5,149.36,487.43,1,3
37,sybil_7,598.4,823.11,13.6708,-15.7588,180.0,D5D4,5,149.36,487.43,1,3
37,sybil_8,598.4,899.73,5.2129,-4.7174,180.0,D5D4,5,159.97,516.77,1,4
37,sybil_9,598.4,899.73,18.8557,4.1589,180.0,D5D4,5,159.97,516.77,1,4
38,legit_0,601.6,649.31,13.6388,-0.17,0.0,D3D4,0,156.38,452.67,0,-1
38,legit_1,779.77,598.4,11.673,-1.4133,90.0,D3E3,1,29.81,472.08,0,-1
38,legit_2,598.4,987.43,4.9218,1.62,180.0,D5D4,2,174.91,560.36,0,-1
38,legit_3,798.4,587.15,11.4999,-0.047,180.0,E3E2,1,50.08,478.13,0,-1
38,legit_4,862.21,201.6,10.8731,-0.4659,270.0,F1E1,4,138.75,612.51,0,-1
38,legit_5,926.17,1001.6,13.2457,0.5074,270.0,F5E5,0,146.56,639.33,0,-1
38,legit_6,380.31,1001.6,4.7916,2.1952,270.0,C5B5,0,104.9,600.05,0,-1
38,sybil_0,798.4,118.41,16.0781,2.6241,180.0,E1E0,4,48.43,641.78,1,0
38,sybil_1,798.4,118.41,3.9129,-6.7517,180.0,E1E0,4,48.43,641.78,1,0
38,sybil_10,328.59,-1.6,10.4391,-8.0264,90.0,B0C0,3,171.83,751.3,1,5
38,sybil_11,328.59,-1.6,17.0514,10.9675,90.0,B0C0,3,171.83,751.3,1,5
38,sybil_12,247.22,-1.6,33.7258,16.4649,90.0,B0C0,5,155.68,781.2,1,6
38,sybil_13,247.22,-1.6,12.8985,-1.3039,90.0,:B0_6,5,155.68,781.2,1,6
38,sybil_14,155.14,-1.6,11.2125,6.9806,90.0,A0B0,3,121.71,823.48,1,7
38,sybil_15,155.14,-1.6,3.7228,-14.7621,180.0,F2F1,3,121.71,823.48,1,7
38,sybil_16,998.4,351.35,14.4182,0.1219,180.0,F2F1,3,52.32,606.21,1,8
38,sybil_17,998.4,351.35,13.6376,10.8735,163.41,F2F1,3,52.32,606.21,1,8
38,sybil_18,988.62,398.4,21.9401,21.9401,90.0,E2F2,3,72.4,587.2,1,9
38,sybil_19,988.62,398.4,0.0,-5.3992,90.0,E2F2,3,72.4,587.2,1,9
38,sybil_2,798.4,181.42,14.3238,12.6642,180.0,E1E0,4,78.2,603.27,1,1
38,sybil_20,801.6,844.71,0.558,-26.2219,0.0,E4E5,4,51.81,522.07,1,10
38,sybil_21,801.6,844.71,0.0,-4.5862,0.0,E4E5,4,51.81,522.07,1,10
38,sybil_22,797.07,799.2,1.0108,-2.2357,80.66,:E4_14,4,62.29,506.57,1,11
38,sybil_23,797.07,799.2,10.2502,-2.8248,90.0,D4E4,4,62.29,506.57,1,11
38,sybil_24,743.85,798.4,7.7286,4.0927,90.0,D4E4,6,42.05,492.58,1,12
38,sybil_3,798.4,181.42,7.2803,0.0,180.0,E1E0,4,78.2,603.27,1,1
38,sybil_5,593.87,801.75,12.7558,12.7558,236.63,:D4_0,4,148.87,480.84,1,2
38,sybil_6,598.4,815.0,11.9674,2.5248,180.0,D5D4,5,150.49,484.84,1,3
38,sybil_7,598.4,815.0,16.5423,2.8715,180.0,D5D4,5,150.49,484.84,1,3
38,sybil_8,598.4,886.17,10.5862,5.3733,180.0,D5D4,5,155.42,510.95,1,4
38,sybil_9,598.4,886.17,13.4714,-5.3844,180.0,D5D4,5,155.42,510.95,1,4
39,legit_0,601.6,662.81,13.5017,-0.1371,0.0,D3D4,3,161.15,453.83,0,-1
39,legit_1,787.34,598.4,7.575,-4.0979,90.0,D3E3,1,37.38,474.43,0,-1
39,legit_2,598.4,980.9,6.5241,1.6023,180.0,D5D4,2,178.44,556.77,0,-1
39,legit_3,798.4,575.51,11.6365,0.1366,180.0,E3E2,1,54.24,478.57,0,-1
39,legit_4,850.76,201.6,11.4496,0.5765,270.0,F1E1,4,129.66,608.48,0,-1
39,legit_5,913.19,1001.6,12.9797,-0.2661,270.0,F5E5,0,157.68,633.91,0,-1
39,legit_6,373.84,1001.6,6.4741,1.6826,270.0,C5B5,0,109.3,602.07,0,-1
39,sybil_0,798.4,107.07,2.0414,-14.0367,180.0,E1E0,4,50.1,649.4,1,0
39,sybil_1,798.4,107.07,15.4227,11.5098,180.0,E1E0,4,50.1,649.4,1,0
39,sybil_10,341.35,-1.6,16.7867,6.3476,90.0,B0C0,3,163.07,747.24,1,5
39,sybil_11,341.35,-1.6,28.7818,11.7304,90.0,B0C0,3,163.07,747.24,1,5
39,sybil_12,260.38,-1.6,7.091,-26.6348,90.0,B0C0,5,164.23,775.91,1,6
39,sybil_13,260.38,-1.6,9.1751,-3.7235,90.0,B0C0,5,164.23,775.91,1,6
39,sybil_14,167.15,-1.6,5.9532,-5.2594,90.0,A0B0,3,122.8,817.43,1,7
39,sybil_15,167.15,-1.6,14.6919,10.9692,180.0,F2F1,3,122.8,817.43,1,7
39,sybil_16,998.4,338.32,22.9227,8.5045,180.0,F2F1,3,55.97,610.75,1,8
39,sybil_17,998.4,338.32,0.0,-13.6376,180.0,F2F1,3,55.97,610.75,1,8
39,sybil_18,993.32,398.33,21.6409,-0.2993,90.85,:F2_6,3,68.42,589.68,1,9
39,sybil_19,993.32,398.33,2.3332,2.3332,90.0,E2F2,3,68.42,589.68,1,9
39,sybil_2,798.4,174.86,19.9201,5.5963,180.0,E1E0,4,73.16,607.03,1,1
39,sybil_20,801.6,857.48,14.4193,13.8613,0.0,E4E5,4,54.48,526.72,1,10
39,sybil_21,801.6,857.48,1.4952,1.4952,0.0,E4E5,4,54.48,526.72,1,10
39,sybil_22,801.24,804.65,14.3551,13.3442,27.63,:E4_14,4,62.25,509.36,1,11
39,sybil_23,801.24,804.65,14.7361,4.4859,90.0,D4E4,4,62.25,509.36,1,11
39,sybil_24,757.04,798.4,19.9981,12.2694,90.0,D4E4,4,42.19,495.44,1,12
39,sybil_3,798.4,174.86,0.0,-7.2803,180.0,E1E0,4,73.16,607.03,1,1
39,sybil_5,588.32,801.6,6.3961,-6.3597,269.16,D4C4,5,143.55,480.85,1,2
39,sybil_6,598.4,808.75,1.5977,-10.3697,180.0,D5D4,5,151.66,482.91,1,3
39,sybil_7,598.4,808.75,9.9596,-6.5827,180.0,D5D4,5,151.66,482.91,1,3
39,sybil_8,598.4,873.29,0.9404,-9.6458,180.0,D5D4,5,152.09,505.67,1,4
39,sybil_9,598.4,873.29,4.3891,-9.0823,180.0,D5D4,5,152.09,505.67,1,4
40,legit_0,601.6,675.47,12.6575,-0.8442,0.0,D3D4,3,166.49,455.17,0,-1
40,legit_1,792.19,598.4,4.8453,-2.7297,90.0,D3E3,1,42.22,475.96,0,-1
40,legit_2,598.4,972.15,8.7577,2.2336,180.0,D5D4,2,183.45,552.05,0,-1
40,legit_3,798.4,563.81,11.6979,0.0614,180.0,E3E2,1,60.43,479.25,0,-1
40,legit_4,840.42,201.6,10.3443,-1.1053,270.0,F1E1,4,121.8,604.96,0,-1
40,legit_5,900.06,1001.6,13.1305,0.1509,270.0,F5E5,0,169.2,628.59,0,-1
40,legit_6,365.62,1001.6,8.2196,1.7455,270.0,C5B5,0,115.18,604.72,0,-1
40,sybil_0,798.4,95.8,12.051,10.0096,180.0,E1E0,4,54.11,657.2,1,0
40,sybil_1,798.4,95.8,8.9372,-6.4855,180.0,E1E0,4,54.11,657.2,1,0
40,sybil_10,354.91,-1.6,9.9342,-6.8525,90.0,B0C0,3,154.36,743.1,1,5
40,sybil_11,354.91,-1.6,33.0618,4.2799,90.0,B0C0,3,154.36,743.1,1,5
40,sybil_12,273.95,-1.6,17.2894,10.1984,90.0,B0C0,5,173.64,770.63,1,6
40,sybil_13,273.95,-1.6,12.0834,2.9084,90.0,B0C0,5,173.64,770.63,1,6
40,sybil_14,178.67,-1.6,9.7841,3.831,90.0,A0B0,3,124.93,811.77,1,7
40,sybil_15,178.67,-1.6,20.0123,5.3203,180.0,F2F1,3,124.93,811.77,1,7
40,sybil_16,998.4,326.56,19.7701,-3.1526,180.0,F2F1,3,61.49,615.1,1,8
40,sybil_17,998.4,326.56,11.4861,11.4861,180.0,F2F1,3,61.49,615.1,1,8
40,sybil_18,998.15,394.56,15.7645,-5.8764,138.45,:F2_6,3,62.31,593.21,1,9
40,sybil_19,998.15,394.56,8.0099,5.6767,90.0,E2F2,3,62.31,593.21,1,9
40,sybil_2,798.4,166.96,19.2141,-0.706,180.0,E1E0,4,67.44,611.61,1,1
40,sybil_20,801.6,870.12,7.3968,-7.0226,0.0,E4E5,4,59.75,531.63,1,10
40,sybil_21,801.6,870.12,1.8985,0.4032,0.0,E4E5,4,59.75,531.63,1,10
40,sybil_22,801.6,812.52,11.5336,-2.8215,0.0,E4E5,4,58.46,511.72,1,11
40,sybil_23,801.6,812.52,4.2516,-10.4846,90.0,D4E4,4,58.46,511.72,1,11
40,sybil_24,768.94,798.4,11.7013,-8.2967,90.0,D4E4,4,45.71,498.37,1,12
40,sybil_3,798.4,166.96,0.0,0.0,180.0,E1E0,4,67.44,611.61,1,1
40,sybil_5,581.39,801.6,0.0,-6.3961,270.0,D4C4,5,136.89,480.97,1,2
40,sybil_6,597.22,803.37,8.225,6.6272,193.94,:D4_0,5,151.71,481.3,1,3
40,sybil_7,597.22,803.37,14.5659,4.6063,180.0,D5D4,5,151.71,481.3,1,3
40,sybil_8,598.4,859.62,26.4255,25.485,180.0,D5D4,5,149.69,500.32,1,4
40,sybil_9,598.4,859.62,16.2408,11.8517,180.0,D5D4,5,149.69,500.32,1,4
41,legit_0,601.6,689.09,13.6238,0.9663,0.0,D3D4,2,173.09,456.86,0,-1
41,legit_1,798.44,600.02,6.5821,1.7368,72.38,:E3_14,1,48.44,477.97,0,-1
41,legit_2,598.4,961.74,10.4045,1.6467,180.0,D5D4,2,189.76,546.57,0,-1
41,legit_3,798.4,551.63,12.1839,0.486,180.0,E3E2,1,68.43,480.2,0,-1
41,legit_4,829.86,201.6,10.5624,0.2181,270.0,F1E1,6,114.17,601.5,0,-1
41,legit_5,886.29,1001.6,13.7772,0.6467,270.0,F5E5,2,157.23,623.2,0,-1
41,legit_6,355.69,1001.6,9.9321,1.7125,270.0,C5B5,0,122.64,608.02,0,-1
41,sybil_0,798.4,84.97,6.074,-5.977,180.0,E1E0,6,59.75,664.88,1,0
41,sybil_1,798.4,84.97,7.0935,-1.8437,180.0,E1E0,6,59.75,664.88,1,0
41,sybil_10,367.76,-1.6,20.0404,10.1062,90.0,B0C0,3,146.8,739.38,1,5
41,sybil_11,367.76,-1.6,15.35,-17.7117,90.0,B0C0,3,146.8,739.38,1,5
41,sybil_12,286.46,-1.6,27.6517,10.3623,90.0,B0C0,5,182.78,765.94,1,6
41,sybil_13,286.46,-1.6,11.6846,-0.3989,90.0,B0C0,5,182.78,765.94,1,6
41,sybil_14,190.81,-1.6,13.9925,4.2084,90.0,A0B0,3,128.27,805.98,1,7
41,sybil_15,190.81,-1.6,5.5687,-14.4436,180.0,F2F1,3,128.27,805.98,1,7
41,sybil_16,998.4,314.63,0.8646,-18.9055,180.0,F2F1,3,68.71,619.72,1,8
41,sybil_17,998.4,314.63,9.6174,-1.8687,180.0,F2F1,3,68.71,619.72,1,8
41,sybil_18,998.4,388.67,3.1089,-12.6556,178.59,F2F1,3,59.03,594.91,1,9
41,sybil_19,998.4,388.67,3.5065,-4.5034,90.0,E2F2,3,59.03,594.91,1,9
41,sybil_2,798.4,157.57,14.3512,-4.8629,180.0,E1E0,6,61.27,617.17,1,1
41,sybil_20,801.6,882.02,20.9433,13.5466,0.0,E4E5,5,66.54,536.48,1,10
41,sybil_21,801.6,882.02,5.675,3.7765,0.0,E4E5,5,66.54,536.48,1,10
41,sybil_22,801.6,821.75,7.7541,-3.7795,0.0,E4E5,4,54.73,514.49,1,11
41,sybil_23,801.6,821.75,0.0,-4.2516,84.47,:E4_14,4,54.73,514.49,1,11
41,sybil_24,777.65,798.4,2.9555,-8.7458,90.0,D4E4,4,49.95,500.69,1,12
41,sybil_3,798.4,157.57,0.0,0.0,180.0,E1E0,6,61.27,617.17,1,1
41,sybil_4,798.4,191.4,2.7288,0.0,180.0,E1E0,6,86.26,597.66,1,2
41,sybil_5,798.4,191.4,0.0,0.0,270.0,D4C4,6,86.26,597.66,1,2
41,sybil_6,592.17,801.6,0.0,-8.225,254.26,D4C4,4,147.27,480.81,1,3
41,sybil_7,592.17,801.6,3.8169,-10.749,180.0,D5D4,4,147.27,480.81,1,3
41,sybil_8,598.4,846.8,0.0,-26.4255,180.0,D5D4,4,148.56,495.56,1,4
41,sybil_9,598.4,846.8,15.3751,-0.8656,180.0,D5D4,4,148.56,495.56,1,4
42,legit_0,601.6,702.08,12.9906,-0.6332,0.0,D3D4,4,180.12,458.72,0,-1
42,legit_1,801.48,606.34,7.345,0.7629,17.16,:E3_14,1,51.86,479.01,0,-1
42,legit_2,598.4,949.89,11.856,1.4515,180.0,D5D4,4,184.66,540.49,0,-1
42,legit_3,798.4,540.08,11.544,-0.6399,180.0,E3E2,1,77.02,481.28,0,-1
42,legit_4,819.42,201.6,10.4417,-0.1207,270.0,F1E1,6,107.13,598.21,0,-1
42,legit_5,873.05,1001.6,13.2325,-0.5448,270.0,F5E5,2,145.91,618.21,0,-1
42,legit_6,344.39,1001.6,11.3009,1.3689,270.0,C5B5,0,131.53,611.92,0,-1
42,legit_7,187.7,801.6,0.0,0.0,270.0,B4A4,0,53.81,599.89,0,-1
42,sybil_0,798.4,73.42,9.5919,3.5179,180.0,E1E0,6,67.17,673.22,1,0
42,sybil_1,798.4,73.42,8.7771,1.6835,180.0,E1E0,6,67.17,673.22,1,0
42,sybil_10,380.62,-1.6,0.0,-20.0404,90.0,B0C0,3,140.0,735.84,1,5
42,sybil_11,380.62,-1.6,12.9224,-2.4276,90.0,B0C0,3,140.0,735.84,1,5
42,sybil_12,300.22,-1.6,8.8316,-18.82,90.0,B0C0,5,192.93,760.96,1,6
42,sybil_13,300.22,-1.6,15.9319,4.2473,90.0,B0C0,5,192.93,760.96,1,6
42,sybil_14,202.41,-1.6,15.3193,1.3268,90.0,:B0_6,3,132.41,800.6,1,7
42,sybil_15,202.41,-1.6,15.3464,9.7777,180.0,F2F1,3,132.41,800.6,1,7
42,sybil_16,998.4,301.93,17.7845,16.9199,180.0,F2F1,3,77.68,624.84,1,8
42,sybil_17,998.4,301.93,5.4943,-4.1231,180.0,F2F1,3,77.68,624.84,1,8
42,sybil_18,998.4,380.61,0.0,-3.1089,180.0,F2F1,3,55.56,597.14,1,9
42,sybil_19,998.4,380.61,8.878,5.3715,99.46,:F2_6,3,55.56,597.14,1,9
42,sybil_2,798.4,146.58,31.5036,17.1523,180.0,E1E0,6,55.22,623.83,1,1
42,sybil_20,801.6,894.27,23.7747,2.8313,0.0,E4E5,5,74.88,541.69,1,10
42,sybil_21,801.6,894.27,0.0,-5.675,0.0,E4E5,5,74.88,541.69,1,10
42,sybil_22,801.6,833.53,8.0821,0.3279,0.0,E4E5,4,52.0,518.25,1,11
42,sybil_23,801.6,833.53,7.1456,7.1456,40.86,:E4_14,4,52.0,518.25,1,11
42,sybil_24,785.62,798.4,0.5446,-2.411,90.0,D4E4,4,54.76,502.94,1,12
42,sybil_3,798.4,146.58,1.3358,1.3358,180.0,E1E0,6,55.22,623.83,1,1
42,sybil_4,798.4,189.59,0.0,-2.7288,180.0,E1E0,6,84.77,598.67,1,2
42,sybil_5,798.4,189.59,19.2198,19.2198,270.0,D4C4,6,84.77,598.67,1,2
42,sybil_6,584.05,801.6,0.0,0.0,270.0,D4C4,5,139.44,480.92,1,3
42,sybil_7,584.05,801.6,0.0,-3.8169,180.0,D5D4,5,139.44,480.92,1,3
42,sybil_8,598.4,833.95,27.6863,27.6863,180.0,D5D4,5,148.52,491.04,1,4
42,sybil_9,598.4,833.95,11.4073,-3.9678,180.0,D5D4,5,148.52,491.04,1,4
43,legit_0,601.6,715.37,13.2916,0.3009,0.0,D3D4,4,187.97,460.86,0,-1
43,legit_1,801.6,614.38,8.0537,0.7087,0.0,E3E4,1,53.57,479.22,0,-1
43,legit_2,598.4,936.94,12.943,1.087,180.0,D5D4,4,177.26,534.05,0,-1
43,legit_3,798.4,528.51,11.5693,0.0253,180.0,E3E2,1,86.33,482.55,0,-1
43,legit_4,812.24,201.6,7.1716,-3.2701,270.0,F1E1,6,102.63,596.03,0,-1
43,legit_5,859.18,1001.6,13.8753,0.6429,270.0,F5E5,2,134.41,613.18,0,-1
43,legit_6,330.88,1001.6,13.5005,2.1996,270.0,C5B5,0,142.6,616.76,0,-1
43,legit_7,186.18,801.6,1.5231,1.5231,270.0,B4A4,0,52.76,600.73,0,-1
43,sybil_0,798.4,62.02,10.8429,1.251,180.0,E1E0,6,75.53,681.62,1,0
43,sybil_1,798.4,62.02,8.7081,-0.069,180.0,E1E0,6,75.53,681.62,1,0
43,sybil_10,389.38,-1.6,14.1202,14.1202,90.0,B0C0,3,135.87,733.53,1,5
43,sybil_11,389.38,-1.6,13.2889,0.3665,90.0,B0C0,3,135.87,733.53,1,5
43,sybil_12,312.96,-1.6,18.3619,9.5303,90.0,B0C0,5,183.21,756.52,1,6
43,sybil_13,312.96,-1.6,7.3229,-8.609,90.0,B0C0,5,183.21,756.52,1,6
43,sybil_14,213.52,-1.6,10.1629,-5.1564,90.0,B0C0,3,137.19,795.59,1,7
43,sybil_15,213.52,-1.6,12.757,-2.5893,180.0,F2F1,3,137.19,795.59,1,7
43,sybil_16,998.4,289.58,24.5138,6.7293,180.0,F2F1,3,87.3,630.0,1,8
43,sybil_17,998.4,289.58,13.7785,8.2842,180.0,F2F1,3,87.3,630.0,1,8
43,sybil_18,998.4,370.04,11.3904,11.3904,180.0,F2F1,3,52.57,600.24,1,9
43,sybil_19,998.4,370.04,16.1119,7.2338,166.18,F2F1,3,52.57,600.24,1,9
43,sybil_2,798.4,133.54,16.6279,-14.8757,180.0,E1E0,6,50.26,631.96,1,1
43,sybil_20,801.6,906.72,15.0119,-8.7627,0.0,E4E5,5,84.34,547.18,1,10
43,sybil_21,801.6,906.72,20.6762,20.6762,0.0,E4E5,5,84.34,547.18,1,10
43,sybil_22,801.6,846.92,17.1147,9.0326,0.0,E4E5,4,52.06,522.85,1,11
43,sybil_23,801.6,846.92,8.2333,1.0876,2.88,E4E5,4,52.06,522.85,1,11
43,sybil_24,791.27,798.4,7.8091,7.2646,90.0,D4E4,4,58.6,504.6,1,12
43,sybil_3,798.4,133.54,9.6852,8.3495,180.0,E1E0,6,50.26,631.96,1,1
43,sybil_4,798.4,186.38,9.9481,9.9481,180.0,E1E0,6,82.16,600.47,1,2
43,sybil_5,798.4,186.38,14.9443,-4.2754,270.0,D4C4,6,82.16,600.47,1,2
43,sybil_6,573.51,801.6,0.0,0.0,270.0,D4C4,5,129.34,481.17,1,3
43,sybil_7,573.51,801.6,16.528,16.528,203.55,:D4_0,5,129.34,481.17,1,3
43,sybil_8,598.4,822.33,6.5539,-21.1324,180.0,D5D4,5,149.45,487.18,1,4
43,sybil_9,598.4,822.33,5.7057,-5.7016,180.0,D5D4,5,149.45,487.18,1,4
44,legit_0,601.6,728.41,13.0387,-0.2529,0.0,D3D4,4,185.67,463.21,0,-1
44,legit_1,801.6,624.39,10.0118,1.9581,0.0,E3E4,1,57.07,479.6,0,-1
44,legit_2,598.4,924.74,12.2049,-0.7381,180.0,D5D4,4,170.89,528.18,0,-1
44,legit_3,798.4,516.86,11.6529,0.0836,180.0,E3E2,1,96.2,483.99,0,-1
44,legit_4,807.85,201.6,4.3981,-2.7735,270.0,F1E1,4,100.02,594.73,0,-1
44,legit_5,845.43,1001.6,13.7436,-0.1317,270.0,F5E5,4,123.51,608.4,0,-1
44,legit_6,318.01,1001.6,12.8789,-0.6216,270.0,C5B5,0,153.52,621.56,0,-1
44,legit_7,182.6,801.6,3.5759,2.0528,270.0,B4A4,0,50.37,602.73,0,-1
44,sybil_0,798.4,50.64,3.2682,-7.5747,180.0,E1E0,5,84.58,690.12,1,0
44,sybil_1,798.4,50.64,7.7722,-0.9359,180.0,E1E0,5,84.58,690.12,1,0
44,sybil_10,394.51,-1.36,1.5822,-12.5379,87.19,:C0_7,3,133.44,732.03,1,5
44,sybil_11,394.51,-1.36,25.0657,11.7768,90.0,B0C0,3,133.44,732.03,1,5
44,sybil_12,325.8,-1.6,16.59,-1.7719,90.0,B0C0,5,173.82,752.22,1,6
44,sybil_13,325.8,-1.6,7.0552,-0.2677,90.0,B0C0,5,173.82,752.22,1,6
44,sybil_14,224.49,-1.6,27.6873,17.5243,90.0,B0C0,3,142.6,790.77,1,7
44,sybil_15,224.49,-1.6,0.0,-12.757,180.0,F2F1,3,142.6,790.77,1,7
44,sybil_16,998.4,276.71,19.03,-5.4838,180.0,F2F1,3,97.98,635.55,1,8
44,sybil_17,998.4,276.71,11.2932,-2.4853,180.0,F2F1,3,97.98,635.55,1,8
44,sybil_18,998.4,356.94,21.8113,10.421,180.0,F2F1,3,51.69,604.35,1,9
44,sybil_19,998.4,356.94,0.0,-16.1119,180.0,F2F1,3,51.69,604.35,1,9
44,sybil_2,798.4,120.54,19.6549,3.027,180.0,E1E0,6,48.4,640.37,1,1
44,sybil_20,801.6,919.7,26.8908,11.8788,0.0,E4E5,5,94.95,553.11,1,10
44,sybil_21,801.6,919.7,16.0422,-4.634,0.0,E4E5,5,94.95,553.11,1,10
44,sybil_22,801.6,860.61,25.0557,7.941,0.0,E4E5,5,55.56,527.91,1,11
44,sybil_23,801.6,860.61,14.8735,6.6402,0.0,E4E5,5,55.56,527.91,1,11
44,sybil_24,798.43,800.02,14.1109,6.3017,72.42,:E4_14,4,62.8,507.21,1,12
44,sybil_3,798.4,120.54,12.0797,2.3945,180.0,E1E0,6,48.4,640.37,1,1
44,sybil_4,798.4,181.53,16.5294,6.5813,180.0,E1E0,6,78.29,603.21,1,2
44,sybil_5,798.4,181.53,25.4266,10.4823,270.0,D4C4,6,78.29,603.21,1,2
44,sybil_6,560.76,801.6,22.6483,22.6483,270.0,D4C4,5,117.23,481.64,1,3
44,sybil_7,560.76,801.6,17.1924,0.6644,265.29,D4C4,5,117.23,481.64,1,3
44,sybil_8,598.4,813.2,7.0036,0.4497,180.0,D5D4,5,150.8,484.28,1,4
44,sybil_9,598.4,813.2,0.4964,-5.2093,180.0,D5D4,5,150.8,484.28,1,4
45,legit_0,601.6,742.25,13.834,0.7953,0.0,D3D4,4,177.7,465.95,0,-1
45,legit_1,801.6,636.1,11.71,1.6982,0.0,E3E4,1,62.98,480.27,0,-1
45,legit_2,598.4,912.21,12.5307,0.3257,180.0,D5D4,4,165.03,522.36,0,-1
45,legit_3,798.4,504.6,12.2564,0.6035,180.0,E3E2,1,106.97,485.68,0,-1
45,legit_4,801.9,200.18,6.2307,1.8326,254.17,:E1_6,4,95.51,593.79,0,-1
45,legit_5,831.55,1001.6,13.8858,0.1421,270.0,F5E5,4,113.12,603.8,0,-1
45,legit_6,304.22,1001.6,13.7903,0.9114,270.0,C5B5,0,165.53,626.89,0,-1
45,legit_7,176.98,801.6,5.6168,2.0409,270.0,B4A4,0,46.93,605.89,0,-1
45,sybil_0,798.4,39.32,19.2953,16.0271,180.0,E1E0,5,94.09,698.69,1,0
45,sybil_1,798.4,39.32,29.492,21.7198,180.0,E1E0,5,94.09,698.69,1,0
45,sybil_10,400.54,2.5,0.0,-1.5822,46.65,:C0_10,3,127.49,727.5,1,5
45,sybil_11,400.54,2.5,7.5031,-17.5626,90.0,B0C0,3,127.49,727.5,1,5
45,sybil_12,339.27,-1.6,15.3925,-1.1975,90.0,B0C0,5,164.46,747.89,1,6
45,sybil_13,339.27,-1.6,19.4808,12.4256,90.0,B0C0,5,164.46,747.89,1,6
45,sybil_14,236.52,-1.6,1.1162,-26.571,90.0,B0C0,3,149.24,785.64,1,7
45,sybil_15,236.52,-1.6,21.266,21.266,180.0,F2F1,3,149.24,785.64,1,7
45,sybil_16,998.4,264.76,18.1474,-0.8826,180.0,F2F1,3,108.32,640.86,1,8
45,sybil_17,998.4,264.76,2.5014,-8.7917,180.0,F2F1,3,108.32,640.86,1,8
45,sybil_18,998.4,344.89,13.9944,-7.8169,180.0,F2F1,3,53.77,608.43,1,9
45,sybil_19,998.4,344.89,11.3277,11.3277,180.0,F2F1,3,53.77,608.43,1,9
45,sybil_2,798.4,107.53,18.4575,-1.1974,180.0,E1E0,6,49.98,649.09,1,1
45,sybil_20,801.6,932.07,9.0923,-17.7985,0.0,E4E5,5,105.54,558.94,1,10
45,sybil_21,801.6,932.07,5.411,-10.6312,0.0,E4E5,5,105.54,558.94,1,10
45,sybil_22,801.6,873.61,9.8199,-15.2358,0.0,E4E5,5,61.58,533.03,1,11
45,sybil_23,801.6,873.61,13.2614,-1.612,0.0,E4E5,5,61.58,533.03,1,11
45,sybil_24,801.52,806.65,16.5245,2.4137,15.69,:E4_14,4,61.37,510.01,1,12
45,sybil_3,798.4,107.53,9.7215,-2.3582,180.0,E1E0,6,49.98,649.09,1,1
45,sybil_4,798.4,174.76,0.0,-16.5294,180.0,E1E0,6,73.08,607.09,1,2
45,sybil_5,798.4,174.76,17.683,-7.7436,270.0,D4C4,6,73.08,607.09,1,2
45,sybil_6,547.7,801.6,26.2752,3.6269,270.0,D4C4,5,104.98,482.32,1,3
45,sybil_7,547.7,801.6,1.3869,-15.8055,270.0,D4C4,5,104.98,482.32,1,3
45,sybil_8,598.4,807.26,0.0,-7.0036,180.0,D5D4,5,151.97,482.46,1,4
45,sybil_9,598.4,807.26,10.4723,9.9758,180.0,D5D4,5,151.97,482.46,1,4
46,legit_0,601.6,755.74,13.4958,-0.3382,0.0,D3D4,5,170.65,468.88,0,-1
46,legit_1,801.6,648.8,12.6995,0.9895,0.0,E3E4,0,71.02,481.24,0,-1
46,legit_2,598.4,900.24,11.9659,-0.5648,180.0,D5D4,5,160.16,517.0,0,-1
46,legit_3,798.4,493.53,11.072,-1.1844,180.0,E3E2,0,116.95,487.36,0,-1
46,legit_4,798.85,195.93,5.447,-0.7837,213.55,:E1_6,4,90.28,595.27,0,-1
46,legit_5,818.95,1001.6,12.601,-1.2847,270.0,F5E5,4,104.4,599.82,0,-1
46,legit_6,291.2,1001.6,13.0109,-0.7793,270.0,C5B5,0,161.51,632.1,0,-1
46,legit_7,169.11,801.6,7.8741,2.2573,270.0,B4A4,0,42.89,610.42,0,-1
46,sybil_0,798.4,27.52,19.4461,0.1508,180.0,E1E0,5,104.38,707.73,1,0
46,sybil_1,798.4,27.52,15.4061,-14.086,180.0,E1E0,5,104.38,707.73,1,0
46,sybil_10,401.6,10.21,3.4747,3.4747,3.23,C0C1,3,119.98,721.18,1,5
46,sybil_11,401.6,10.21,15.4002,7.8971,90.0,B0C0,3,119.98,721.18,1,5
46,sybil_12,352.37,-1.6,19.0739,3.6814,90.0,B0C0,5,155.94,743.86,1,6
46,sybil_13,352.37,-1.6,17.3976,-2.0832,90.0,B0C0,5,155.94,743.86,1,6
46,sybil_14,247.88,-1.6,0.0,-1.1162,90.0,B0C0,3,156.1,780.93,1,7
46,sybil_15,247.88,-1.6,8.445,-12.821,180.0,F2F1,3,156.1,780.93,1,7
46,sybil_16,998.4,251.76,16.0915,-2.0559,180.0,F2F1,3,119.91,646.8,1,8
46,sybil_17,998.4,251.76,9.8894,7.388,180.0,F2F1,3,119.91,646.8,1,8
46,sybil_18,998.4,333.0,17.2719,3.2775,180.0,F2F1,3,58.24,612.69,1,9
46,sybil_19,998.4,333.0,10.6316,-0.6962,180.0,F2F1,3,58.24,612.69,1,9
46,sybil_2,798.4,95.13,11.4795,-6.978,180.0,E1E0,6,54.41,657.67,1,1
46,sybil_20,801.6,944.46,7.8367,-1.2556,0.0,E4E5,5,116.51,564.94,1,10
46,sybil_21,801.6,944.46,7.1371,1.7261,0.0,E4E5,5,116.51,564.94,1,10
46,sybil_22,801.6,886.88,19.3748,9.5549,0.0,E4E5,5,69.72,538.52,1,11
46,sybil_23,801.6,886.88,21.0003,7.7389,0.0,E4E5,5,69.72,538.52,1,11
46,sybil_24,801.6,813.45,0.0,-16.5245,0.0,E4E5,4,58.03,511.99,1,12
46,sybil_3,798.4,95.13,14.6953,4.9738,180.0,E1E0,6,54.41,657.67,1,1
46,sybil_4,798.4,165.87,13.548,13.548,180.0,E1E0,6,66.68,612.25,1,2
46,sybil_5,798.4,165.87,13.4379,-4.2452,270.0,D4C4,6,66.68,612.25,1,2
46,sybil_6,535.93,801.6,17.7874,-8.4878,270.0,D4C4,5,94.12,483.1,1,3
46,sybil_7,535.93,801.6,8.4176,7.0307,270.0,D4C4,5,94.12,483.1,1,3
46,sybil_8,595.4,802.04,4.8526,4.8526,216.43,:D4_0,5,150.28,480.92,1,4
46,sybil_9,595.4,802.04,20.7356,10.2633,180.0,D5D4,5,150.28,480.92,1,4
47,legit_0,601.6,768.93,13.1906,-0.3052,0.0,D3D4,5,164.54,471.99,0,-1
47,legit_1,801.6,661.69,12.884,0.1845,0.0,E3E4,0,80.42,482.46,0,-1
47,legit_2,598.4,887.33,12.9084,0.9425,180.0,D5D4,5,155.77,511.44,0,-1
47,legit_3,798.4,481.98,11.5521,0.4801,180.0,E3E2,0,127.56,489.26,0,-1
47,legit_4,798.4,190.28,5.679,0.2321,184.03,E1E0,4,85.33,598.28,0,-1
47,legit_5,805.57,1001.6,13.3744,0.7734,270.0,:E5_0,4,96.1,595.82,0,-1
47,legit_6,277.9,1001.6,13.3043,0.2934,270.0,C5B5,0,150.02,637.61,0,-1
47,legit_7,158.97,801.6,10.1372,2.2632,270.0,B4A4,0,39.43,616.43,0,-1
47,sybil_0,798.4,17.51,2.7298,-16.7163,180.0,E1E0,5,113.34,715.48,1,0
47,sybil_1,798.4,17.51,4.0395,-11.3666,180.0,E1E0,5,113.34,715.48,1,0
47,sybil_10,401.6,19.5,2.8627,-0.612,0.0,C0C1,5,111.55,713.94,1,5
47,sybil_11,401.6,19.5,0.0,-15.4002,86.6,:C0_7,5,111.55,713.94,1,5
47,sybil_12,365.01,-1.6,11.808,-7.2659,90.0,B0C0,5,148.36,740.16,1,6
47,sybil_13,365.01,-1.6,15.0789,-2.3187,90.0,B0C0,5,148.36,740.16,1,6
47,sybil_14,259.96,-1.6,0.2398,0.2398,90.0,B0C0,5,163.95,776.07,1,7
47,sybil_15,259.96,-1.6,0.0,-8.445,180.0,F2F1,5,163.95,776.07,1,7
47,sybil_16,998.4,239.73,26.3611,10.2696,180.0,F2F1,3,130.37,652.44,1,8
47,sybil_17,998.4,239.73,16.5817,6.6923,180.0,F2F1,3,130.37,652.44,1,8
47,sybil_18,998.4,320.63,14.1168,-3.1551,180.0,F2F1,3,64.9,617.37,1,9
47,sybil_19,998.4,320.63,9.2349,-1.3967,180.0,F2F1,3,64.9,617.37,1,9
47,sybil_2,798.4,82.17,13.6149,2.1354,180.0,E1E0,6,61.43,666.88,1,1
47,sybil_20,801.6,957.14,8.6942,0.8575,0.0,E4E5,5,128.0,571.25,1,10
47,sybil_21,801.6,957.14,8.8387,1.7016,0.0,E4E5,5,128.0,571.25,1,10
47,sybil_22,801.6,899.95,19.169,-0.2058,0.0,E4E5,5,79.1,544.18,1,11
47,sybil_23,801.6,899.95,7.2444,-13.7559,0.0,E4E5,5,79.1,544.18,1,11
47,sybil_24,801.6,821.93,18.2716,18.2716,0.0,E4E5,4,54.67,514.54,1,12
47,sybil_3,798.4,82.17,14.1746,-0.5207,180.0,E1E0,6,61.43,666.88,1,1
47,sybil_4,798.4,154.72,11.9594,-1.5886,180.0,E1E0,6,59.57,618.88,1,2
47,sybil_5,798.4,154.72,8.569,-4.8688,270.0,D4C4,6,59.57,618.88,1,2
47,sybil_6,523.44,801.6,12.9204,-4.867,270.0,D4C4,5,82.87,484.11,1,3
47,sybil_7,523.44,801.6,1.0696,-7.3481,270.0,D4C4,5,82.87,484.11,1,3
47,sybil_8,588.82,801.6,19.8583,15.0058,268.35,D4C4,5,144.03,480.85,1,4
47,sybil_9,588.82,801.6,8.5835,-12.1521,180.0,D5D4,5,144.03,480.85,1,4
48,legit_0,601.6,781.94,13.0055,-0.1851,0.0,D3D4,5,159.35,475.3,0,-1
48,legit_1,801.6,675.06,13.3794,0.4953,0.0,E3E4,0,91.09,483.96,0,-1
48,legit_2,598.4,875.11,12.2189,-0.6896,180.0,D5D4,5,152.5,506.4,0,-1
48,legit_3,798.4,470.01,11.9662,0.4141,180.0,E3E2,0,120.19,491.39,0,-1
48,legit_4,798.4,182.31,7.9732,2.2942,180.0,E1E0,4,78.9,602.77,0,-1
48,legit_5,792.16,1001.6,13.4098,0.0354,270.0,E5D5,4,89.02,592.06,0,-1
48,legit_6,265.02,1001.6,12.883,-0.4213,270.0,C5B5,0,139.2,643.12,0,-1
48,legit_7,146.33,801.6,12.6401,2.5028,270.0,B4A4,0,38.57,624.24,0,-1
48,legit_8,212.3,198.4,0.0,0.0,90.0,B1C1,0,100.14,667.52,0,-1
48,sybil_0,798.4,11.44,0.0,-2.7298,180.0,E1E0,5,118.86,720.22,1,0
48,sybil_1,798.4,11.44,14.8344,10.7949,180.0,E1E0,5,118.86,720.22,1,0
48,sybil_10,401.6,30.46,8.9913,6.1286,0.0,C0C1,5,101.78,705.46,1,5
48,sybil_11,401.6,30.46,6.5121,6.5121,46.28,:C0_10,5,101.78,705.46,1,5
48,sybil_12,376.89,-1.6,18.9192,7.1113,90.0,B0C0,5,141.89,736.84,1,6
48,sybil_13,376.89,-1.6,0.9517,-14.1271,90.0,B0C0,5,141.89,736.84,1,6
48,sybil_14,271.91,-1.6,21.5697,21.33,90.0,B0C0,5,172.19,771.41,1,7
48,sybil_15,271.91,-1.6,19.6556,19.6556,180.23,:F1_0,5,172.19,771.41,1,7
48,sybil_16,998.4,227.82,26.43,0.0689,180.0,F2F1,3,119.53,658.16,1,8
48,sybil_17,998.4,227.82,3.8388,-12.743,180.0,F2F1,3,119.53,658.16,1,8
48,sybil_18,998.4,308.26,11.0743,-3.0425,180.0,F2F1,3,73.07,622.26,1,9
48,sybil_19,998.4,308.26,12.4048,3.1699,180.0,F2F1,3,73.07,622.26,1,9
48,sybil_2,798.4,70.03,9.7991,-3.8158,180.0,E1E0,6,69.56,675.7,1,1
48,sybil_20,801.6,969.2,10.8245,2.1303,0.0,E4E5,5,122.23,577.4,1,10
48,sybil_21,801.6,969.2,20.425,11.5863,0.0,E4E5,5,122.23,577.4,1,10
48,sybil_22,801.6,913.57,2.5054,-16.6636,0.0,E4E5,5,89.86,550.29,1,11
48,sybil_23,801.6,913.57,6.3499,-0.8945,0.0,E4E5,5,89.86,550.29,1,11
48,sybil_24,801.6,832.39,15.94,-2.3316,0.0,E4E5,4,52.16,517.87,1,12
48,sybil_3,798.4,70.03,22.8474,8.6728,180.0,E1E0,6,69.56,675.7,1,1
48,sybil_4,798.4,142.01,22.2695,10.3101,180.0,E1E0,6,53.17,626.64,1,2
48,sybil_5,798.4,142.01,23.273,14.704,270.0,D4C4,6,53.17,626.64,1,2
48,sybil_6,511.25,801.6,12.6168,-0.3036,270.0,D4C4,5,72.29,485.29,1,3
48,sybil_7,511.25,801.6,8.6327,7.5631,270.0,D4C4,5,72.29,485.29,1,3
48,sybil_8,580.28,801.6,22.2733,2.4149,270.0,D4C4,5,135.82,480.99,1,4
48,sybil_9,580.28,801.6,14.9891,6.4057,180.0,D5D4,5,135.82,480.99,1,4
49,legit_0,601.6,792.54,10.604,-2.4016,0.0,D3D4,5,155.8,478.19,0,-1
49,legit_1,801.6,687.98,12.9195,-0.4599,0.0,E3E4,0,102.0,485.62,0,-1
49,legit_2,598.4,862.69,12.4267,0.2078,180.0,D5D4,5,150.12,501.5,0,-1
49,legit_3,798.4,458.09,11.9239,-0.0423,180.0,E3E2,0,109.38,493.67,0,-1
49,legit_4,798.4,171.82,10.4897,2.5165,180.0,E1E0,4,70.91,608.79,0,-1
49,legit_5,778.87,1001.6,13.2899,-0.1199,270.0,E5D5,4,83.55,588.6,0,-1
49,legit_6,251.5,1001.6,13.5154,0.6324,270.0,C5B5,0,128.25,649.08,0,-1
49,legit_7,132.51,801.6,13.8268,1.1867,270.0,B4A4,0,42.2,633.17,0,-1
49,legit_8,214.69,198.4,2.3903,2.3903,90.0,B1C1,0,101.64,666.34,0,-1
49,sybil_0,798.4,7.98,5.4063,5.4063,180.0,E1E0,5,122.03,722.93,1,0
49,sybil_1,798.4,7.98,13.8306,-1.0038,180.0,E1E0,5,122.03,722.93,1,0
49,sybil_10,401.6,43.15,20.4689,11.4776,0.0,C0C1,5,90.82,695.77,1,5
49,sybil_11,401.6,43.15,8.6232,2.1111,2.3,C0C1,5,90.82,695.77,1,5
49,sybil_12,387.54,-1.6,10.7283,-8.1909,90.0,B0C0,5,136.71,734.01,1,6
49,sybil_13,387.54,-1.6,0.0,-0.9517,90.0,B0C0,5,136.71,734.01,1,6
49,sybil_14,283.43,-1.6,17.466,-4.1037,90.0,B0C0,5,180.53,767.06,1,7
49,sybil_15,283.43,-1.6,3.0786,-16.577,198.09,:F1_0,5,180.53,767.06,1,7
49,sybil_16,998.4,219.13,12.5091,-13.9209,180.0,F2F1,3,111.75,662.42,1,8
49,sybil_17,998.4,219.13,19.3811,15.5423,180.0,F2F1,3,111.75,662.42,1,8
49,sybil_18,998.4,295.98,2.2999,-8.7744,180.0,F2F1,3,82.22,627.3,1,9
49,sybil_19,998.4,295.98,13.8813,1.4765,180.0,F2F1,3,82.22,627.3,1,9
49,sybil_2,798.4,57.86,3.5371,-6.2619,180.0,E1E0,6,78.77,684.71,1,1
49,sybil_20,801.6,981.19,3.8773,-6.9472,0.0,E4E5,5,111.47,583.67,1,10
49,sybil_21,801.6,981.19,16.3478,-4.0772,0.0,E4E5,5,111.47,583.67,1,10
49,sybil_22,801.6,927.24,10.3302,7.8248,0.0,E4E5,5,101.36,556.64,1,11
49,sybil_23,801.6,927.24,6.1193,-0.2305,0.0,E4E5,5,101.36,556.64,1,11
49,sybil_24,801.6,845.35,24.087,8.147,0.0,E4E5,4,51.88,522.29,1,12
49,sybil_3,798.4,57.86,7.0502,-15.7972,180.0,E1E0,6,78.77,684.71,1,1
49,sybil_4,798.4,129.52,19.0447,-3.2248,180.0,E1E0,6,49.33,634.53,1,2
49,sybil_5,798.4,129.52,6.0629,-17.2101,270.0,D4C4,6,49.33,634.53,1,2
49,sybil_6,498.14,801.6,7.0855,-5.5313,270.0,D4C4,5,61.58,486.77,1,3
49,sybil_7,498.14,801.6,8.4421,-0.1906,270.0,D4C4,5,61.58,486.77,1,3
49,sybil_8,570.05,801.6,12.8076,-9.4657,270.0,D4C4,5,126.04,481.28,1,4
49,sybil_9,570.05,801.6,15.9068,0.9177,180.0,D5D4,5,126.04,481.28,1,4
50,legit_0,604.47,797.88,6.4902,-4.1138,34.95,:D4_8,5,151.5,479.71,0,-1
50,legit_1,801.6,701.16,13.1788,0.2593,0.0,E3E4,0,113.56,487.51,0,-1
50,legit_2,598.4,850.46,12.2302,-0.1964,180.0,D5D4,5,148.77,496.9,0,-1
50,legit_3,798.4,445.84,12.255,0.3311,180.0,E3E2,0,98.54,496.18,0,-1
50,legit_4,798.4,161.37,10.448,-0.0417,180.0,E1E0,4,63.67,614.91,0,-1
50,legit_5,765.32,1001.6,13.5563,0.2664,270.0,E5D5,5,79.88,585.36,0,-1
50,legit_6,238.68,1001.6,12.8205,-0.6949,270.0,C5B5,0,118.37,654.92,0,-1
50,legit_7,119.0,801.6,13.504,-0.3228,270.0,B4A4,0,49.35,642.25,0,-1
50,legit_8,218.86,198.4,4.1669,1.7767,90.0,B1C1,0,104.34,664.31,0,-1
50,sybil_0,799.83,5.68,21.6166,16.2104,161.82,:E0_2,5,124.71,725.08,1,0
50,sybil_1,799.83,5.68,15.3309,1.5003,180.0,E1E0,5,124.71,725.08,1,0
50,sybil_10,401.6,56.32,9.9261,-10.5428,0.0,C0C1,5,79.98,685.86,1,5
50,sybil_11,401.6,56.32,15.0947,6.4715,0.0,C0C1,5,79.98,685.86,1,5
50,sybil_12,393.94,-1.44,2.2018,-8.5265,88.13,:C0_7,5,133.75,732.24,1,6
50,sybil_13,393.94,-1.44,31.2441,31.2441,90.0,B0C0,5,133.75,732.24,1,6
50,sybil_14,295.1,-1.6,7.3948,-10.0712,90.0,B0C0,5,189.32,762.79,1,7
50,sybil_15,295.1,-1.6,15.7159,12.6373,256.57,F1E1,5,189.32,762.79,1,7
50,sybil_16,998.4,213.02,7.4825,-5.0266,180.0,F2F1,3,106.37,665.46,1,8
50,sybil_17,998.4,213.02,28.8189,9.4378,180.0,F2F1,3,106.37,665.46,1,8
50,sybil_18,998.4,284.95,16.0616,13.7617,180.0,F2F1,3,91.08,631.98,1,9
50,sybil_19,998.4,284.95,6.391,-7.4903,180.0,F2F1,3,91.08,631.98,1,9
50,sybil_2,798.4,44.86,17.6605,14.1234,180.0,E1E0,6,89.38,694.48,1,1
50,sybil_20,801.6,988.68,3.9695,0.0921,0.0,E4E5,5,104.89,587.66,1,10
50,sybil_21,801.6,988.68,20.2886,3.9408,0.0,E4E5,5,104.89,587.66,1,10
50,sybil_22,801.6,940.51,6.4712,-3.859,0.0,E4E5,5,112.98,563.01,1,11
50,sybil_23,801.6,940.51,0.0,-6.1193,0.0,E4E5,5,112.98,563.01,1,11
50,sybil_24,801.6,858.68,14.0362,-10.0508,0.0,E4E5,5,54.88,527.18,1,12
50,sybil_3,798.4,44.86,25.8024,18.7523,180.0,E1E0,6,89.38,694.48,1,1
50,sybil_4,798.4,116.92,14.4781,-4.5666,180.0,E1E0,6,48.5,642.76,1,2
50,sybil_5,798.4,116.92,0.0,-6.0629,270.0,D4C4,6,48.5,642.76,1,2
50,sybil_6,486.57,801.6,2.62,-4.4655,270.0,D4C4,5,53.03,488.28,1,3
50,sybil_7,486.57,801.6,19.207,10.7648,270.0,D4C4,5,53.03,488.28,1,3
50,sybil_8,557.71,801.6,9.4624,-3.3452,270.0,D4C4,5,114.35,481.78,1,4
50,sybil_9,557.71,801.6,11.0274,-4.8794,180.0,D5D4,5,114.35,481.78,1,4
51,legit_0,610.08,798.4,5.6797,-0.8105,86.56,D4E4,5,145.97,479.9,0,-1
51,legit_1,801.6,713.98,12.8123,-0.3665,0.0,E3E4,0,125.11,489.55,0,-1
51,legit_2,598.4,838.23,12.227,-0.0033,180.0,D5D4,5,148.41,492.52,0,-1
51,legit_3,798.4,434.44,11.3973,-0.8577,180.0,E3E2,0,88.79,498.67,0,-1
51,legit_4,798.4,149.92,11.4493,1.0013,180.0,E1E0,6,56.9,621.78,0,-1
51,legit_5,752.62,1001.6,12.6933,-0.863,270.0,E5D5,5,78.44,582.6,0,-1
51,legit_6,225.4,1001.6,13.2853,0.4649,270.0,C5B5,0,108.77,661.16,0,-1
51,legit_7,106.03,801.6,12.975,-0.529,270.0,B4A4,0,58.38,651.23,0,-1
51,legit_8,224.92,198.4,6.0648,1.8978,90.0,B1C1,0,108.44,661.39,0,-1
51,sybil_0,801.48,7.02,0.0,-21.6166,103.44,:E0_2,6,124.16,724.44,1,0
51,sybil_1,801.48,7.02,0.0,-15.3309,180.0,E1E0,6,124.16,724.44,1,0
51,sybil_10,401.6,69.71,16.8318,6.9057,0.0,C0C1,5,69.8,675.94,1,5
51,sybil_11,401.6,69.71,13.1473,-1.9475,0.0,C0C1,5,69.8,675.94,1,5
51,sybil_12,400.35,2.18,10.1689,7.9671,48.73,:C0_10,5,127.85,727.79,1,6
51,sybil_13,400.35,2.18,20.3107,-10.9334,90.0,B0C0,5,127.85,727.79,1,6
51,sybil_14,306.31,-1.6,8.2483,0.8536,90.0,B0C0,5,188.24,758.82,1,7
51,sybil_15,306.31,-1.6,9.3838,-6.3321,270.0,F1E1,5,188.24,758.82,1,7
51,sybil_16,998.4,207.68,3.5082,-3.9743,180.0,F2F1,3,101.74,668.14,1,8
51,sybil_17,998.4,207.68,15.2381,-13.5808,180.0,F2F1,3,101.74,668.14,1,8
51,sybil_18,998.4,273.26,19.5114,3.4498,180.0,F2F1,3,100.93,637.07,1,9
51,sybil_19,998.4,273.26,20.3993,14.0083,180.0,F2F1,3,100.93,637.07,1,9
51,sybil_2,798.4,33.32,19.8092,2.1487,180.0,E1E0,6,99.28,703.27,1,1
51,sybil_20,801.81,994.3,0.0,-3.9695,2.47,:E5_3,5,100.14,590.76,1,10
51,sybil_21,801.81,994.3,0.0,-20.2886,0.0,E4E5,5,100.14,590.76,1,10
51,sybil_22,801.6,953.27,16.3967,9.9255,0.0,E4E5,5,124.47,569.3,1,11
51,sybil_23,801.6,953.27,34.2405,34.2405,0.0,E4E5,5,124.47,569.3,1,11
51,sybil_24,801.6,871.0,14.3259,0.2897,0.0,E4E5,5,60.2,531.98,1,12
51,sybil_3,798.4,33.32,10.8001,-15.0023,180.0,E1E0,6,99.28,703.27,1,1
51,sybil_4,798.4,104.96,15.6757,1.1976,180.0,E1E0,6,50.68,650.84,1,2
51,sybil_5,798.4,104.96,21.1496,21.1496,270.0,D4C4,6,50.68,650.84,1,2
51,sybil_6,474.22,801.6,13.5246,10.9046,270.0,D4C4,5,45.4,490.14,1,3
51,sybil_7,474.22,801.6,0.0,-19.207,270.0,D4C4,5,45.4,490.14,1,3
51,sybil_8,544.23,801.6,10.7987,1.3363,270.0,D4C4,5,101.76,482.53,1,4
51,sybil_9,544.23,801.6,0.0,-11.0274,180.0,D5D4,5,101.76,482.53,1,4
52,legit_0,617.79,798.4,7.7076,2.0279,90.0,D4E4,3,138.6,480.03,0,-1
52,legit_1,801.6,726.88,12.9067,0.0945,0.0,E3E4,0,124.33,491.78,0,-1
52,legit_2,598.4,826.03,12.2032,-0.0238,180.0,D5D4,5,149.06,488.38,0,-1
52,legit_3,798.4,422.61,11.8335,0.4362,180.0,E3E2,0,79.13,501.43,0,-1
52,legit_4,798.4,138.6,11.3172,-0.1321,180.0,E1E0,6,51.85,628.77,0,-1
52,legit_5,739.82,1001.6,12.8077,0.1144,270.0,E5D5,5,79.06,580.1,0,-1
52,legit_6,215.27,1001.6,10.1239,-3.1614,270.0,C5B5,0,102.02,666.06,0,-1
52,legit_7,93.01,801.6,13.0178,0.0428,270.0,B4A4,0,68.72,660.46,0,-1
52,legit_8,232.41,198.4,7.4863,1.4216,90.0,B1C1,0,113.74,657.84,0,-1
52,sybil_0,801.6,10.09,0.8681,0.8681,17.72,E0E1,6,121.42,722.07,1,0
52,sybil_1,801.6,10.09,9.9942,9.9942,180.0,E1E0,6,121.42,722.07,1,0
52,sybil_10,401.6,82.7,13.5389,-3.2929,0.0,C0C1,5,61.11,666.51,1,5
52,sybil_11,401.6,82.7,13.1652,0.018,0.0,C0C1,5,61.11,666.51,1,5
52,sybil_12,401.6,8.6,0.0,-10.1689,5.86,C0C1,5,121.46,722.44,1,6
52,sybil_13,401.6,8.6,16.9709,-3.3398,90.0,B0C0,5,121.46,722.44,1,6
52,sybil_14,317.24,-1.6,6.3929,-1.8555,90.0,B0C0,5,180.04,755.07,1,7
52,sybil_15,317.24,-1.6,21.4051,12.0213,270.0,F1E1,5,180.04,755.07,1,7
52,sybil_16,997.02,203.03,0.0,-3.5082,196.45,:F1_0,3,98.49,669.8,1,8
52,sybil_17,997.02,203.03,16.7273,1.4892,180.0,F2F1,3,98.49,669.8,1,8
52,sybil_18,998.4,262.04,0.0,-19.5114,180.0,F2F1,3,110.72,642.09,1,9
52,sybil_19,998.4,262.04,3.3185,-17.0808,180.0,F2F1,3,110.72,642.09,1,9
52,sybil_2,798.4,25.49,22.5364,2.7272,180.0,E1E0,6,106.19,709.3,1,1
52,sybil_20,805.6,998.17,3.7945,3.7945,50.87,:E5_3,5,98.93,593.95,1,10
52,sybil_21,805.6,998.17,4.1593,4.1593,0.0,E4E5,5,98.93,593.95,1,10
52,sybil_22,801.6,964.82,24.4113,8.0146,0.0,E4E5,5,126.21,575.15,1,11
52,sybil_23,801.6,964.82,3.7842,-30.4564,0.0,E4E5,5,126.21,575.15,1,11
52,sybil_24,801.6,883.26,0.0,-14.3259,0.0,E4E5,5,67.34,537.0,1,12
52,sybil_3,798.4,25.49,19.6937,8.8936,180.0,E1E0,6,106.19,709.3,1,1
52,sybil_4,798.4,93.26,9.128,-6.5477,180.0,E1E0,6,55.3,658.99,1,2
52,sybil_5,798.4,93.26,17.8614,-3.2882,270.0,D4C4,6,55.3,658.99,1,2
52,sybil_6,461.99,801.6,20.1826,6.658,270.0,D4C4,4,40.23,492.27,1,3
52,sybil_7,461.99,801.6,16.8473,16.8473,270.0,D4C4,4,40.23,492.27,1,3
52,sybil_8,531.3,801.6,6.2192,-4.5795,270.0,D4C4,5,89.92,483.45,1,4
52,sybil_9,531.3,801.6,0.0,0.0,180.0,D5D4,5,89.92,483.45,1,4
53,legit_0,627.63,798.4,9.8416,2.1341,90.0,D4E4,3,129.25,480.28,0,-1
53,legit_1,801.6,740.36,13.4764,0.5697,0.0,E3E4,0,112.21,494.33,0,-1
53,legit_2,598.4,817.79,8.2395,-3.9637,180.0,D5D4,3,150.05,485.72,0,-1
53,legit_3,798.4,410.44,12.1622,0.3287,180.0,E3E2,0,69.91,504.44,0,-1
53,legit_4,798.4,128.41,10.1957,-1.1215,180.0,E1E0,6,49.12,635.25,0,-1
53,legit_5,726.82,1001.6,12.9956,0.1879,270.0,E5D5,5,81.75,577.85,0,-1
53,legit_6,208.77,1001.6,6.5054,-3.6186,270.0,C5B5,0,97.98,669.27,0,-1
53,legit_7,79.15,801.6,13.8612,0.8434,270.0,B4A4,0,80.59,670.48,0,-1
53,legit_8,241.64,198.4,9.2357,1.7494,90.0,B1C1,0,120.6,653.56,0,-1
53,sybil_0,801.6,14.96,4.3861,3.5179,0.0,E0E1,6,117.03,718.27,1,0
53,sybil_1,801.6,14.96,6.1828,-3.8114,179.65,:E0_2,6,117.03,718.27,1,0
53,sybil_10,401.6,96.41,0.7897,-12.7492,0.0,C0C1,5,53.84,656.77,1,5
53,sybil_11,401.6,96.41,4.4453,-8.7199,0.0,C0C1,5,53.84,656.77,1,5
53,sybil_12,401.6,17.13,21.3473,21.3473,0.0,C0C1,5,113.68,715.77,1,6
53,sybil_13,401.6,17.13,5.5771,-11.3937,90.0,B0C0,5,113.68,715.77,1,6
53,sybil_14,329.05,-1.6,8.5536,2.1607,90.0,B0C0,5,171.51,751.15,1,7
53,sybil_15,329.05,-1.6,11.2382,-10.1669,270.0,F1E1,5,171.51,751.15,1,7
53,sybil_16,991.98,201.6,3.2284,3.2284,255.45,F1E1,3,100.12,667.99,1,8
53,sybil_17,991.98,201.6,8.2449,-8.4824,180.0,F2F1,3,100.12,667.99,1,8
53,sybil_18,998.4,251.38,14.5606,14.5606,180.0,F2F1,3,120.26,646.98,1,9
53,sybil_19,998.4,251.38,4.1749,0.8565,180.0,F2F1,3,120.26,646.98,1,9
53,sybil_2,798.4,20.05,10.4491,-12.0873,180.0,E1E0,6,111.06,713.51,1,1
53,sybil_20,810.79,998.4,21.2451,17.4506,87.71,E5F5,5,101.75,595.6,1,10
53,sybil_21,810.79,998.4,1.9877,-2.1716,0.0,E4E5,5,101.75,595.6,1,10
53,sybil_22,801.6,973.43,10.0584,-14.3529,0.0,E4E5,5,118.4,579.6,1,11
53,sybil_23,801.6,973.43,3.8456,0.0614,0.0,E4E5,5,118.4,579.6,1,11
53,sybil_24,801.6,896.72,19.7128,19.7128,0.0,E4E5,5,76.68,542.76,1,12
53,sybil_3,798.4,20.05,19.6401,-0.0536,180.0,E1E0,6,111.06,713.51,1,1
53,sybil_4,798.4,80.67,11.8116,2.6836,180.0,E1E0,6,62.36,667.96,1,2
53,sybil_5,798.4,80.67,8.758,-9.1034,270.0,D4C4,6,62.36,667.96,1,2
53,sybil_6,448.65,801.6,17.0089,-3.1737,270.0,D4C4,3,38.42,494.98,1,3
53,sybil_7,448.65,801.6,15.4779,-1.3694,270.0,D4C4,3,38.42,494.98,1,3
53,sybil_8,518.66,801.6,4.2993,-1.92,270.0,D4C4,5,78.67,484.55,1,4
53,sybil_9,518.66,801.6,5.9585,5.9585,189.09,:D4_0,5,78.67,484.55,1,4
54,legit_0,639.63,798.4,11.9948,2.1531,90.0,D4E4,3,117.95,480.74,0,-1
54,legit_1,801.6,753.21,12.8467,-0.6297,0.0,E3E4,0,100.97,496.94,0,-1
54,legit_2,598.4,813.11,4.6781,-3.5615,180.0,D5D4,3,150.82,484.25,0,-1
54,legit_4,798.4,117.42,10.9868,0.7911,180.0,E1E0,6,48.47,642.43,0,-1
54,legit_5,713.15,1001.6,13.6688,0.6732,270.0,E5D5,5,86.63,575.79,0,-1
54,legit_6,205.77,1000.34,3.5266,-2.9788,254.21,:B5_10,0,97.24,670.12,0,-1
54,legit_7,65.54,801.6,13.606,-0.2553,270.0,B4A4,0,92.78,680.5,0,-1
54,legit_8,252.58,198.4,10.9334,1.6977,90.0,B1C1,0,129.11,648.6,0,-1
54,legit_9,612.3,-1.6,0.0,0.0,90.0,D0E0,0,183.71,707.28,0,-1
54,sybil_0,801.6,22.3,8.5147,4.1286,0.0,E0E1,6,110.49,712.56,1,0
54,sybil_1,801.6,22.3,6.762,0.5792,150.13,:E0_2,6,110.49,712.56,1,0
54,sybil_10,401.6,109.66,0.0,-0.7897,0.0,C0C1,5,49.49,647.64,1,5
54,sybil_11,401.6,109.66,20.6668,16.2214,0.0,C0C1,5,49.49,647.64,1,5
54,sybil_12,401.6,27.12,16.1715,-5.1758,0.0,C0C1,5,104.73,708.04,1,6
54,sybil_13,401.6,27.12,17.8281,12.251,90.0,B0C0,5,104.73,708.04,1,6
54,sybil_14,340.45,-1.6,21.0382,12.4846,90.0,B0C0,5,163.67,747.52,1,7
54,sybil_15,340.45,-1.6,16.9109,5.6727,270.0,F1E1,5,163.67,747.52,1,7
54,sybil_16,984.76,201.6,6.9105,3.6821,270.0,F1E1,3,104.47,664.42,1,8
54,sybil_17,984.76,201.6,15.2594,7.0145,180.0,F2F1,3,104.47,664.42,1,8
54,sybil_18,998.4,240.92,2.3748,-12.1858,180.0,F2F1,3,129.78,651.88,1,9
54,sybil_19,998.4,240.92,9.6604,5.4855,180.0,F2F1,3,129.78,651.88,1,9
54,sybil_2,798.4,16.22,0.0,-10.4491,180.0,E1E0,6,114.51,716.49,1,1
54,sybil_20,818.16,998.4,17.8549,-3.3902,90.0,E5F5,5,106.32,597.82,1,10
54,sybil_21,818.16,998.4,7.2321,5.2445,8.38,:E5_3,5,106.32,597.82,1,10
54,sybil_22,801.6,979.21,21.1043,11.0459,0.0,E4E5,5,113.23,582.62,1,11
54,sybil_23,801.6,979.21,9.6703,5.8247,0.0,E4E5,5,113.23,582.62,1,11
54,sybil_24,801.6,909.68,23.8638,4.1509,0.0,E4E5,5,86.71,548.52,1,12
54,sybil_3,798.4,16.22,0.0,-19.6401,180.0,E1E0,6,114.51,716.49,1,1
54,sybil_4,798.4,68.28,19.8169,8.0053,180.0,E1E0,6,70.84,676.99,1,2
54,sybil_5,798.4,68.28,10.0884,1.3304,270.0,D4C4,6,70.84,676.99,1,2
54,sybil_6,437.01,801.6,10.5394,-6.4695,270.0,D4C4,3,40.54,497.69,1,3
54,sybil_7,437.01,801.6,16.216,0.7381,270.0,D4C4,3,40.54,497.69,1,3
54,sybil_8,505.74,801.6,12.5969,8.2977,270.0,D4C4,5,67.69,485.88,1,4
54,sybil_9,505.74,801.6,7.7434,1.7849,235.86,:D4_0,5,67.69,485.88,1,4
55,legit_0,652.95,798.4,13.3241,1.3293,90.0,D4E4,1,105.59,481.44,0,-1
55,legit_1,801.6,766.8,13.599,0.7523,0.0,E3E4,0,89.56,499.93,0,-1
55,legit_2,598.4,807.72,5.3854,0.7073,180.0,D5D4,3,151.87,482.6,0,-1
55,legit_4,798.4,106.54,10.8762,-0.1106,180.0,E1E0,6,50.24,649.76,0,-1
55,legit_5,699.52,1001.6,13.6348,-0.034,270.0,E5D5,5,93.25,574.01,0,-1
55,legit_6,207.77,998.4,3.2791,-0.2475,165.96,B5C5,0,99.98,668.12,0,-1
55,legit_7,52.22,801.6,13.3216,-0.2843,270.0,B4A4,0,105.05,690.46,0,-1
55,legit_8,265.52,198.4,12.9461,2.0126,90.0,B1C1,0,139.61,642.9,0,-1
55,legit_9,614.87,-1.6,2.5684,2.5684,90.0,D0E0,0,181.79,707.32,0,-1
55,sybil_0,801.6,31.61,3.9464,-4.5683,0.0,E0E1,6,102.35,705.4,1,0
55,sybil_1,801.6,31.61,0.0,-6.762,88.48,E0E1,6,102.35,705.4,1,0
55,sybil_10,401.6,123.27,7.7205,7.7205,0.0,C0C1,5,48.51,638.58,1,5
55,sybil_11,401.6,123.27,18.3069,-2.3599,0.0,C0C1,5,48.51,638.58,1,5
55,sybil_12,401.6,39.04,19.8204,3.6489,0.0,C0C1,5,94.32,698.9,1,6
55,sybil_13,401.6,39.04,2.5078,-15.3202,85.71,:C0_7,5,94.32,698.9,1,6
55,sybil_14,352.17,-1.6,18.7917,-2.2465,90.0,B0C0,5,156.07,743.93,1,7
55,sybil_15,352.17,-1.6,24.0478,7.1369,270.0,F1E1,5,156.07,743.93,1,7
55,sybil_16,975.95,201.6,17.3447,10.4342,270.0,F1E1,3,110.19,660.14,1,8
55,sybil_17,975.95,201.6,7.8746,-7.3848,180.0,F2F1,3,110.19,660.14,1,8
55,sybil_18,998.4,229.34,10.4844,8.1096,180.0,F2F1,3,120.91,657.42,1,9
55,sybil_19,998.4,229.34,2.6674,-6.993,180.0,F2F1,3,120.91,657.42,1,9
55,sybil_2,798.4,12.19,11.5653,11.5653,180.0,E1E0,6,118.18,719.63,1,1
55,sybil_20,827.93,998.4,16.9909,-0.864,90.0,E5F5,5,112.84,600.88,1,10
55,sybil_21,827.93,998.4,0.9396,-6.2926,76.19,E5F5,5,112.84,600.88,1,10
55,sybil_22,801.6,986.65,25.3317,4.2274,0.0,E4E5,5,106.66,586.57,1,11
55,sybil_23,801.6,986.65,13.6299,3.9596,0.0,E4E5,5,106.66,586.57,1,11
55,sybil_24,801.6,922.92,4.3805,-19.4832,0.0,E4E5,5,97.66,554.61,1,12
55,sybil_3,798.4,12.19,0.0,0.0,180.0,E1E0,6,118.18,719.63,1,1
55,sybil_4,798.4,56.41,7.0189,-12.7981,180.0,E1E0,6,79.92,685.79,1,2
55,sybil_5,798.4,56.41,7.4455,-2.6429,270.0,D4C4,6,79.92,685.79,1,2
55,sybil_6,427.17,801.6,16.5326,5.9932,270.0,D4C4,3,44.67,500.23,1,3
55,sybil_7,427.17,801.6,17.6493,1.4333,270.0,D4C4,3,44.67,500.23,1,3
55,sybil_8,492.13,801.6,3.3417,-9.2552,270.0,D4C4,4,57.01,487.53,1,4
55,sybil_9,492.13,801.6,0.0,-7.7434,267.44,D4C4,4,57.01,487.53,1,4
56,legit_0,665.67,798.4,12.7203,-0.6038,90.0,D4E4,2,94.03,482.31,0,-1
56,legit_1,801.6,780.62,13.8127,0.2137,0.0,E3E4,1,78.67,503.19,0,-1
56,legit_2,598.4,799.78,7.94,2.5546,180.0,:D4_1,3,153.75,480.25,0,-1
56,legit_4,798.4,95.3,11.2417,0.3655,180.0,E1E0,6,54.34,657.55,0,-1
56,legit_5,686.17,1001.6,13.3515,-0.2833,270.0,E5D5,3,101.1,572.53,0,-1
56,legit_6,213.31,998.4,5.5376,2.2585,90.0,B5C5,0,103.28,665.37,0,-1
56,legit_7,39.63,801.6,12.592,-0.7296,270.0,B4A4,0,116.86,700.01,0,-1
56,legit_8,278.75,198.4,13.2305,0.2845,90.0,B1C1,2,150.75,637.25,0,-1
56,legit_9,618.79,-1.6,3.9221,1.3537,90.0,D0E0,0,178.89,707.39,0,-1
56,sybil_0,801.6,43.35,37.8454,33.8991,0.0,E0E1,6,92.4,696.45,1,0
56,sybil_1,801.6,43.35,0.0,0.0,8.73,E0E1,6,92.4,696.45,1,0
56,sybil_10,401.6,136.49,18.0777,10.3572,0.0,C0C1,6,51.13,630.09,1,5
56,sybil_11,401.6,136.49,18.6517,0.3448,0.0,C0C1,6,51.13,630.09,1,5
56,sybil_12,401.6,51.74,17.0409,-2.7796,0.0,C0C1,5,83.68,689.29,1,6
56,sybil_13,401.6,51.74,1.1792,-1.3287,47.08,:C0_10,5,83.68,689.29,1,6
56,sybil_14,363.42,-1.6,6.3624,-12.4293,90.0,B0C0,5,149.28,740.62,1,7
56,sybil_15,363.42,-1.6,21.232,-2.8158,270.0,F1E1,5,149.28,740.62,1,7
56,sybil_16,964.6,201.6,10.3181,-7.0266,270.0,F1E1,3,118.12,654.76,1,8
56,sybil_17,964.6,201.6,18.8683,10.9937,182.05,:F1_0,3,118.12,654.76,1,8
56,sybil_18,998.4,220.39,8.0153,-2.4692,180.0,F2F1,3,112.88,661.8,1,9
56,sybil_19,998.4,220.39,16.6516,13.9842,180.0,F2F1,3,112.88,661.8,1,9
56,sybil_2,798.4,10.16,2.8028,-8.7625,180.0,E1E0,6,120.03,721.22,1,1
56,sybil_20,839.52,998.4,0.0,-16.9909,90.0,E5F5,4,121.13,604.66,1,10
56,sybil_21,839.52,998.4,10.4353,9.4958,90.0,E5F5,4,121.13,604.66,1,10
56,sybil_22,801.6,991.89,9.1936,-16.138,0.0,E4E5,5,102.11,589.39,1,11
56,sybil_23,801.6,991.89,3.0804,-10.5495,0.0,E4E5,5,102.11,589.39,1,11
56,sybil_24,801.6,935.57,1.3737,-3.0068,0.0,E4E5,5,108.61,560.62,1,12
56,sybil_3,798.4,10.16,0.0,0.0,180.0,E1E0,6,120.03,721.22,1,1
56,sybil_4,798.4,43.9,9.1808,2.1619,180.0,E1E0,6,90.18,695.2,1,2
56,sybil_5,798.4,43.9,0.0,-7.4455,263.87,:C4_6,6,90.18,695.2,1,2
56,sybil_6,420.17,801.6,4.812,-11.7207,270.0,D4C4,3,48.63,502.15,1,3
56,sybil_7,420.17,801.6,18.5206,0.8714,270.0,D4C4,3,48.63,502.15,1,3
56,sybil_8,478.47,801.6,15.2297,11.888,270.0,D4C4,4,47.8,489.47,1,4
56,sybil_9,478.47,801.6,15.011,15.011,270.0,D4C4,4,47.8,489.47,1,4
57,legit_0,679.3,798.4,13.6244,0.9041,90.0,D4E4,1,82.03,483.45,0,-1
57,legit_2,598.4,789.75,10.031,2.0911,180.0,D4D3,3,156.68,477.41,0,-1
57,legit_4,798.4,83.89,11.4104,0.1687,180.0,E1E0,6,60.39,665.65,0,-1
57,legit_5,672.49,1001.6,13.6723,0.3208,270.0,E5D5,3,110.24,571.27,0,-1
57,legit_6,220.23,998.4,6.9244,1.3868,90.0,B5C5,0,107.66,661.98,0,-1
57,legit_7,25.74,801.6,13.8892,1.2971,270.0,B4A4,0,130.06,710.68,0,-1
57,legit_8,291.73,198.4,12.9758,-0.2547,90.0,B1C1,2,161.97,631.89,0,-1
57,legit_9,624.07,-1.6,5.2807,1.3586,90.0,D0E0,0,175.06,707.51,0,-1
57,sybil_0,801.6,54.28,8.4063,-29.4391,0.0,E0E1,6,83.56,688.22,1,0
57,sybil_1,801.6,54.28,9.0991,9.0991,0.0,E0E1,6,83.56,688.22,1,0
57,sybil_10,401.6,150.0,9.9431,-8.1346,0.0,C0C1,4,56.94,621.74,1,5
57,sybil_11,401.6,150.0,29.5475,10.8957,0.0,C0C1,4,56.94,621.74,1,5
57,sybil_12,401.6,64.93,12.5544,-4.4865,0.0,C0C1,5,73.32,679.46,1,6
57,sybil_13,401.6,64.93,15.23,14.0509,6.11,C0C1,5,73.32,679.46,1,6
57,sybil_14,375.16,-1.6,20.2668,13.9044,90.0,B0C0,3,142.79,737.32,1,7
57,sybil_15,375.16,-1.6,14.4592,-6.7729,270.0,F1E1,3,142.79,737.32,1,7
57,sybil_16,951.96,201.6,16.2004,5.8823,270.0,F1E1,3,127.55,648.95,1,8
57,sybil_17,951.96,201.6,5.3485,-13.5198,215.22,:F1_0,3,127.55,648.95,1,8
57,sybil_18,998.4,215.34,11.9722,3.957,180.0,F2F1,3,108.41,664.3,1,9
57,sybil_19,998.4,215.34,13.4319,-3.2197,180.0,F2F1,3,108.41,664.3,1,9
57,sybil_2,798.46,7.12,0.0,-2.8028,179.36,:E0_2,6,122.84,723.62,1,1
57,sybil_20,851.36,998.4,23.2115,23.2115,90.0,E5F5,4,130.12,608.68,1,10
57,sybil_21,851.36,998.4,14.7969,4.3616,90.0,E5F5,4,130.12,608.68,1,10
57,sybil_22,803.81,997.49,8.343,-0.8506,26.92,:E5_3,5,98.51,593.06,1,11
57,sybil_23,803.81,997.49,4.2077,1.1273,0.0,E4E5,5,98.51,593.06,1,11
57,sybil_24,801.6,948.54,15.8791,14.5054,0.0,E4E5,5,120.18,566.95,1,12
57,sybil_3,798.46,7.12,9.1089,9.1089,180.0,E1E0,6,122.84,723.62,1,1
57,sybil_4,798.4,35.27,11.9775,2.7967,180.0,E1E0,6,97.58,701.78,1,2
57,sybil_5,798.4,35.27,4.119,4.119,219.33,:C4_6,6,97.58,701.78,1,2
57,sybil_6,412.52,801.6,4.8042,-0.0078,270.0,D4C4,3,53.66,504.34,1,3
57,sybil_7,412.52,801.6,5.3982,-13.1225,270.0,D4C4,3,53.66,504.34,1,3
57,sybil_8,465.19,801.6,0.8188,-14.4109,270.0,D4C4,4,41.3,491.68,1,4
57,sybil_9,465.19,801.6,5.4827,-9.5283,270.0,D4C4,4,41.3,491.68,1,4
58,legit_0,692.65,798.4,13.3587,-0.2657,90.0,D4E4,1,70.85,484.81,0,-1
58,legit_2,598.4,777.36,12.3954,2.3644,180.0,D4D3,3,161.08,474.11,0,-1
58,legit_4,798.4,73.1,10.7914,-0.619,180.0,E1E0,6,67.4,673.46,0,-1
58,legit_5,659.35,1001.6,13.141,-0.5313,270.0,E5D5,3,119.85,570.28,0,-1
58,legit_6,229.06,998.4,8.8316,1.9073,90.0,B5C5,0,113.62,657.75,0,-1
58,legit_7,15.65,801.6,10.0906,-3.7986,270.0,B4A4,0,139.73,718.52,0,-1
58,legit_8,304.56,198.4,12.8298,-0.146,90.0,B1C1,2,165.23,626.76,0,-1
58,legit_9,630.95,-1.6,6.879,1.5983,90.0,D0E0,0,170.17,707.72,0,-1
58,sybil_0,801.6,66.27,25.6995,17.2931,0.0,E0E1,6,74.5,679.33,1,0
58,sybil_1,801.6,66.27,5.978,-3.1211,0.0,E0E1,6,74.5,679.33,1,0
58,sybil_10,401.6,163.29,2.2822,-7.6608,0.0,C0C1,4,64.94,613.77,1,5
58,sybil_11,401.6,163.29,5.9393,-23.6082,0.0,C0C1,4,64.94,613.77,1,5
58,sybil_12,401.6,78.59,12.5937,0.0393,0.0,C0C1,5,63.7,669.47,1,6
58,sybil_13,401.6,78.59,6.6834,-8.5466,0.0,C0C1,5,63.7,669.47,1,6
58,sybil_14,386.11,-1.6,25.5235,5.2567,90.0,B0C0,3,137.36,734.38,1,7
58,sybil_15,386.11,-1.6,9.2804,-5.1787,270.0,F1E1,3,137.36,734.38,1,7
58,sybil_16,939.4,201.6,0.0,-16.2004,270.0,F1E1,3,137.45,643.34,1,8
58,sybil_17,939.4,201.6,7.8161,2.4676,262.79,F1E1,3,137.45,643.34,1,8
58,sybil_18,998.4,209.92,6.5359,-5.4363,180.0,F2F1,3,103.67,667.01,1,9
58,sybil_19,998.4,209.92,0.0,-13.4319,180.0,F2F1,3,103.67,667.01,1,9
58,sybil_2,800.2,5.7,3.018,3.018,155.44,:E0_2,6,124.84,725.16,1,1
58,sybil_20,863.07,998.4,6.5211,-16.6904,90.0,E5F5,4,139.44,612.82,1,10
58,sybil_21,863.07,998.4,14.9353,0.1384,90.0,E5F5,4,139.44,612.82,1,10
58,sybil_22,808.98,998.4,0.0,-8.343,81.41,E5F5,5,100.68,595.06,1,11
58,sybil_23,808.98,998.4,7.5331,3.3255,0.0,E4E5,5,100.68,595.06,1,11
58,sybil_24,801.6,961.28,10.9758,-4.9033,0.0,E4E5,5,129.45,573.34,1,12
58,sybil_3,800.2,5.7,0.0,-9.1089,180.0,E1E0,6,124.84,725.16,1,1
58,sybil_4,798.4,28.4,0.0,-11.9775,180.0,E1E0,6,103.6,707.05,1,2
58,sybil_5,798.4,28.4,6.7854,2.6664,182.78,C4C3,6,103.6,707.05,1,2
58,sybil_6,408.62,801.6,0.0,-4.8042,270.0,D4C4,3,56.46,505.5,1,3
58,sybil_7,408.62,801.6,12.0412,6.6431,270.0,D4C4,3,56.46,505.5,1,3
58,sybil_8,452.55,801.6,19.3012,18.4825,270.0,D4C4,4,38.48,494.14,1,4
58,sybil_9,452.55,801.6,15.3037,9.821,270.0,D4C4,4,38.48,494.14,1,4
59,legit_0,706.51,798.4,13.8527,0.494,90.0,D4E4,1,60.18,486.47,0,-1
59,legit_2,598.4,764.3,13.0544,0.659,180.0,D4D3,1,166.59,470.87,0,-1
59,legit_4,798.4,62.73,10.3748,-0.4166,180.0,E1E0,6,74.99,681.09,0,-1
59,legit_5,646.44,1001.6,12.9084,-0.2326,270.0,E5D5,0,129.89,569.51,0,-1
59,legit_6,239.3,998.4,10.2427,1.4111,90.0,B5C5,0,120.97,652.95,0,-1
59,legit_7,9.78,801.6,5.8722,-4.2184,270.0,B4A4,0,145.39,723.11,0,-1
59,legit_8,317.7,198.4,13.141,0.3112,90.0,B1C1,4,153.78,621.68,0,-1
59,legit_9,639.85,-1.6,8.9026,2.0236,90.0,D0E0,0,164.07,708.07,0,-1
59,sybil_0,801.6,78.39,21.4372,-4.2623,0.0,E0E1,6,66.29,670.49,1,0
59,sybil_1,801.6,78.39,10.3171,4.3391,0.0,E0E1,6,66.29,670.49,1,0
59,sybil_10,401.6,176.97,22.178,19.8958,0.0,C0C1,4,74.75,605.82,1,5
59,sybil_11,401.6,176.97,6.6665,0.7272,0.0,C0C1,4,74.75,605.82,1,5
59,sybil_12,401.6,92.22,8.575,-4.0187,0.0,C0C1,6,55.81,659.72,1,6
59,sybil_13,401.6,92.22,7.8086,1.1252,0.0,C0C1,6,55.81,659.72,1,6
59,sybil_14,392.92,-1.58,4.6486,-20.8749,89.8,:C0_7,3,134.31,732.61,1,7
59,sybil_15,392.92,-1.58,9.487,0.2065,270.0,F1E1,3,134.31,732.61,1,7
59,sybil_16,927.16,201.6,9.5653,9.5653,270.0,F1E1,3,147.47,638.04,1,8
59,sybil_17,927.16,201.6,27.6585,19.8424,270.0,F1E1,3,147.47,638.04,1,8
59,sybil_18,998.19,205.72,4.5751,-1.9608,182.42,:F1_0,3,100.16,669.02,1,9
59,sybil_19,998.19,205.72,0.5539,0.5539,180.0,F2F1,3,100.16,669.02,1,9
59,sybil_2,801.6,7.29,11.6766,8.6586,92.84,E0E1,6,123.96,724.26,1,1
59,sybil_20,875.71,998.4,0.0,-6.5211,90.0,E5F5,4,149.87,617.45,1,10
59,sybil_21,875.71,998.4,26.6018,11.6665,90.0,E5F5,4,149.87,617.45,1,10
59,sybil_22,816.15,998.4,3.0333,3.0333,90.0,E5F5,4,105.04,597.21,1,11
59,sybil_23,816.15,998.4,0.0,-7.5331,0.0,E4E5,4,105.04,597.21,1,11
59,sybil_24,801.6,972.47,6.9648,-4.0111,0.0,E4E5,4,119.27,579.1,1,12
59,sybil_3,801.6,7.29,16.6787,16.6787,180.0,E1E0,6,123.96,724.26,1,1
59,sybil_4,798.4,24.21,5.9727,5.9727,180.0,E1E0,6,107.32,710.29,1,2
59,sybil_5,798.4,24.21,4.0224,-2.763,180.0,C4C3,6,107.32,710.29,1,2
59,sybil_6,402.36,800.46,12.2097,12.2097,256.67,:C4_6,3,61.91,507.08,1,3
59,sybil_7,402.36,800.46,7.3384,-4.7029,270.0,D4C4,3,61.91,507.08,1,3
59,sybil_8,439.47,801.6,13.9638,-5.3375,270.0,D4C4,3,39.82,497.1,1,4
59,sybil_9,439.47,801.6,5.304,-9.9997,270.0,D4C4,3,39.82,497.1,1,4
60,legit_0,719.88,798.4,13.3733,-0.4794,90.0,D4E4,1,51.36,488.36,0,-1
60,legit_10,787.7,201.6,0.0,0.0,270.0,E1D1,4,89.89,589.12,0,-1
60,legit_2,598.4,751.4,12.9066,-0.1477,180.0,D4D3,1,172.84,467.91,0,-1
60,legit_4,798.4,51.29,11.4362,1.0614,180.0,E1E0,6,84.05,689.63,0,-1
60,legit_5,633.19,1001.6,13.2525,0.3441,270.0,E5D5,0,140.68,568.92,0,-1
60,legit_6,251.51,998.4,12.2092,1.9665,90.0,B5C5,0,130.24,647.38,0,-1
60,legit_7,3.56,802.66,6.4334,0.5612,282.52,:A4_3,0,151.12,728.25,0,-1
60,legit_8,330.48,198.4,12.7812,-0.3598,90.0,B1C1,4,142.94,616.91,0,-1
60,legit_9,650.69,-1.6,10.8348,1.9322,90.0,D0E0,2,157.0,708.62,0,-1
60,sybil_0,801.6,89.5,11.9555,-9.4816,0.0,E0E1,7,59.94,662.54,1,0
60,sybil_1,801.6,89.5,20.6779,10.3608,0.0,E0E1,7,59.94,662.54,1,0
60,sybil_10,401.6,190.09,25.9976,3.8196,0.0,C0C1,4,85.17,598.39,1,5
60,sybil_11,401.6,190.09,13.8631,7.1966,0.0,C0C1,4,85.17,598.39,1,5
60,sybil_12,401.6,105.05,28.4263,19.8514,0.0,C0C1,6,50.66,650.79,1,6
60,sybil_13,401.6,105.05,1.5435,-6.2652,0.0,C0C1,6,50.66,650.79,1,6
60,sybil_14,398.61,0.13,15.7561,11.1076,71.43,:C0_10,3,130.42,729.84,1,7
60,sybil_15,398.61,0.13,19.0719,9.5849,270.0,F1E1,3,130.42,729.84,1,7
60,sybil_16,914.42,201.6,6.1716,-3.3937,270.0,F1E1,4,158.24,632.69,1,8
60,sybil_17,914.42,201.6,20.3248,-7.3337,270.0,F1E1,4,158.24,632.69,1,8
60,sybil_18,994.12,201.79,9.9825,5.4074,234.03,:F1_0,3,99.06,668.97,1,9
60,sybil_19,994.12,201.79,8.3824,7.8285,180.0,F2F1,3,99.06,668.97,1,9
60,sybil_2,801.6,11.19,16.9926,5.316,6.63,E0E1,6,120.43,721.21,1,1
60,sybil_20,887.51,998.4,13.7994,13.7994,90.0,E5F5,4,159.9,621.93,1,10
60,sybil_21,887.51,998.4,22.1306,-4.4712,90.0,E5F5,4,159.9,621.93,1,10
60,sybil_22,824.62,998.4,0.0,-3.0333,90.0,E5F5,4,110.58,599.83,1,11
60,sybil_23,824.62,998.4,0.0,0.0,16.16,:E5_3,4,110.58,599.83,1,11
60,sybil_24,801.6,980.39,8.5878,1.623,0.0,E4E5,4,112.18,583.25,1,12
60,sybil_3,801.6,11.19,13.0442,-3.6345,180.0,E1E0,6,120.43,721.21,1,1
60,sybil_4,798.4,21.41,8.2112,2.2385,180.0,E1E0,7,109.83,712.45,1,2
60,sybil_5,798.4,21.41,21.3187,17.2963,180.0,C4C3,7,109.83,712.45,1,2
60,sybil_6,398.72,795.02,0.0,-12.2097,204.27,:C4_6,3,68.21,506.76,1,3
60,sybil_7,398.72,795.02,15.9844,8.646,270.0,D4C4,3,68.21,506.76,1,3
60,sybil_8,430.89,801.6,19.6194,5.6556,270.0,D4C4,3,42.89,499.25,1,4
60,sybil_9,430.89,801.6,18.4528,13.1488,270.0,D4C4,3,42.89,499.25,1,4
61,legit_0,733.37,798.4,13.489,0.1157,90.0,D4E4,1,44.8,490.59,0,-1
61,legit_10,786.4,201.6,1.3046,1.3046,270.0,E1D1,4,89.35,588.77,0,-1
61,legit_2,598.4,738.46,12.9362,0.0296,180.0,D4D3,1,179.81,465.17,0,-1
61,legit_4,798.4,39.92,11.3652,-0.071,180.0,E1E0,7,93.57,698.23,0,-1
61,legit_5,619.73,1001.6,13.4578,0.2053,270.0,E5D5,0,152.04,568.53,0,-1
61,legit_6,264.66,998.4,13.142,0.9328,90.0,B5C5,0,140.73,641.57,0,-1
61,legit_7,1.6,807.44,5.4147,-1.0187,340.6,A4A5,0,151.93,730.97,0,-1
61,legit_8,343.34,198.4,12.8603,0.0791,90.0,B1C1,4,132.37,612.29,0,-1
61,legit_9,663.2,-1.6,12.5078,1.6729,90.0,D0E0,5,149.4,709.41,0,-1
61,sybil_0,801.6,101.28,0.0,-11.9555,0.0,E0E1,9,54.89,654.3,1,0
61,sybil_1,801.6,101.28,12.0634,-8.6145,0.0,E0E1,9,54.89,654.3,1,0
61,sybil_10,401.6,202.72,8.3141,-17.6835,0.0,:C1_9,4,95.84,591.41,1,5
61,sybil_11,401.6,202.72,16.9114,3.0484,0.0,C0C1,4,95.84,591.41,1,5
61,sybil_12,401.6,117.82,19.8591,-8.5672,0.0,C0C1,6,48.45,642.17,1,6
61,sybil_13,401.6,117.82,15.9603,14.4169,0.0,C0C1,6,48.45,642.17,1,6
61,sybil_14,401.43,6.04,14.9394,-0.8167,18.53,:C0_10,3,123.88,724.49,1,7
61,sybil_15,401.43,6.04,1.4835,-17.5883,270.0,F1E1,3,123.88,724.49,1,7
61,sybil_16,901.47,201.6,13.9903,7.8187,270.0,F1E1,6,169.47,627.42,1,8
61,sybil_17,901.47,201.6,2.3488,-17.9761,270.0,F1E1,6,169.47,627.42,1,8
61,sybil_18,987.06,201.6,11.0209,1.0384,270.0,F1E1,3,103.05,665.55,1,9
61,sybil_19,987.06,201.6,8.2456,-0.1368,180.0,F2F1,3,103.05,665.55,1,9
61,sybil_2,801.6,16.98,1.4113,-15.5813,0.0,E0E1,7,115.22,716.69,1,1
61,sybil_20,899.86,998.4,14.3577,0.5584,90.0,E5F5,4,170.63,626.77,1,10
61,sybil_21,899.86,998.4,14.9002,-7.2304,90.0,E5F5,4,170.63,626.77,1,10
61,sybil_22,835.2,998.4,10.1556,10.1556,90.0,E5F5,4,117.97,603.23,1,11
61,sybil_23,835.2,998.4,9.403,9.403,76.76,E5F5,4,117.97,603.23,1,11
61,sybil_24,801.6,987.35,10.6216,2.0338,0.0,E4E5,4,106.05,586.95,1,12
61,sybil_3,801.6,16.98,0.0,-13.0442,179.36,:E0_2,7,115.22,716.69,1,1
61,sybil_4,798.4,18.4,2.4924,-5.7188,180.0,E1E0,7,112.54,714.79,1,2
61,sybil_5,798.4,18.4,12.6945,-8.6242,180.0,C4C3,7,112.54,714.79,1,2
61,sybil_6,398.4,787.26,0.39,0.39,180.0,C4C3,3,73.78,504.84,1,3
61,sybil_7,398.4,787.26,9.9695,-6.0149,264.87,:C4_6,3,73.78,504.84,1,3
61,sybil_8,421.81,801.6,4.1769,-15.4425,270.0,D4C4,3,47.63,501.69,1,4
61,sybil_9,421.81,801.6,9.3694,-9.0834,270.0,D4C4,3,47.63,501.69,1,4
62,legit_0,746.2,798.4,12.8294,-0.6596,90.0,D4E4,0,41.77,493.06,0,-1
62,legit_10,783.43,201.6,2.9624,1.6578,270.0,E1D1,4,88.18,588.01,0,-1
62,legit_2,598.4,726.59,11.8709,-1.0653,180.0,D4D3,0,186.77,462.86,0,-1
62,legit_4,798.4,31.12,8.8009,-2.5643,180.0,E1E0,7,101.2,704.96,0,-1
62,legit_5,605.92,1001.6,13.8184,0.3607,270.0,:D5_0,0,164.03,568.33,0,-1
62,legit_6,278.06,998.4,13.407,0.265,90.0,B5C5,0,151.85,635.83,0,-1
62,legit_7,1.6,815.2,7.7587,2.344,0.0,A4A5,0,150.46,732.93,0,-1
62,legit_8,357.14,198.4,13.8024,0.9422,90.0,B1C1,4,121.53,607.53,0,-1
62,legit_9,676.7,-1.6,13.5008,0.9931,90.0,D0E0,5,141.99,710.48,0,-1
62,sybil_0,801.6,112.88,2.787,2.787,0.0,E0E1,9,52.09,646.4,1,0
62,sybil_1,801.6,112.88,13.1586,1.0951,0.0,E0E1,9,52.09,646.4,1,0
62,sybil_10,401.6,216.56,41.934,33.6199,0.0,C1C2,4,108.01,583.96,1,5
62,sybil_11,401.6,216.56,13.399,-3.5124,0.0,C0C1,4,108.01,583.96,1,5
62,sybil_12,401.6,131.12,11.432,-8.4271,0.0,C0C1,6,49.66,633.5,1,6
62,sybil_13,401.6,131.12,10.1459,-5.8145,0.0,C0C1,6,49.66,633.5,1,6
62,sybil_14,401.6,12.69,6.565,-8.3744,0.0,C0C1,3,117.72,719.24,1,7
62,sybil_15,401.6,12.69,2.5421,1.0585,270.0,F1E1,3,117.72,719.24,1,7
62,sybil_16,888.88,201.6,0.0,-13.9903,270.0,F1E1,6,161.07,622.46,1,8
62,sybil_17,888.88,201.6,16.3544,14.0057,270.0,F1E1,6,161.07,622.46,1,8
62,sybil_18,977.93,201.6,9.1594,-1.8616,270.0,F1E1,3,108.87,661.09,1,9
62,sybil_19,977.93,201.6,9.0854,0.8398,205.89,:F1_0,3,108.87,661.09,1,9
62,sybil_2,801.6,24.85,1.7667,0.3554,0.0,E0E1,7,108.24,710.6,1,1
62,sybil_20,911.92,998.4,7.3578,-7.0,90.0,E5F5,4,160.39,631.66,1,10
62,sybil_21,911.92,998.4,15.5649,0.6647,90.0,E5F5,4,160.39,631.66,1,10
62,sybil_22,847.73,998.4,17.309,7.1534,90.0,E5F5,4,127.32,607.43,1,11
62,sybil_23,847.73,998.4,9.7327,0.3297,90.0,E5F5,4,127.32,607.43,1,11
62,sybil_24,801.6,991.93,2.0498,-8.5717,0.0,E4E5,4,102.07,589.41,1,12
62,sybil_3,801.6,24.85,9.528,9.528,141.38,:E0_2,7,108.24,710.6,1,1
62,sybil_4,798.4,15.89,0.0,-2.4924,180.0,E1E0,7,114.81,716.74,1,2
62,sybil_5,798.4,15.89,12.8284,0.134,180.0,C4C3,7,114.81,716.74,1,2
62,sybil_6,398.4,777.55,2.5854,2.1955,180.0,C4C3,3,81.01,502.44,1,3
62,sybil_7,398.4,777.55,8.9162,-1.0533,219.67,:C4_6,3,81.01,502.44,1,3
62,sybil_8,414.15,801.6,0.0,-4.1769,270.0,D4C4,3,52.53,503.86,1,4
62,sybil_9,414.15,801.6,18.1395,8.7701,270.0,D4C4,3,52.53,503.86,1,4
63,legit_0,758.87,798.4,12.6691,-0.1603,90.0,D4E4,0,42.53,495.87,0,-1
63,legit_10,778.5,201.6,4.9308,1.9684,270.0,E1D1,4,86.43,586.76,0,-1
63,legit_2,598.4,713.59,12.9969,1.126,180.0,D4D3,0,186.88,460.56,0,-1
63,legit_4,798.4,26.27,4.8501,-3.9508,180.0,E1E0,7,105.49,708.69,0,-1
63,legit_5,593.11,1001.6,12.8046,-1.0139,270.0,:D5_0,0,163.18,568.34,0,-1
63,legit_6,291.1,998.4,13.0357,-0.3713,90.0,B5C5,0,163.0,630.42,0,-1
63,legit_7,1.6,825.01,9.809,2.0504,0.0,A4A5,0,149.16,735.5,0,-1
63,legit_8,370.29,198.4,13.1482,-0.6543,90.0,B1C1,4,111.8,603.2,0,-1
63,legit_9,689.76,-1.6,13.0687,-0.4321,90.0,D0E0,5,135.7,711.72,0,-1
63,sybil_0,801.6,124.83,8.8382,6.0512,0.0,E0E1,9,51.83,638.49,1,0
63,sybil_1,801.6,124.83,10.9871,-2.1714,0.0,E0E1,9,51.83,638.49,1,0
63,sybil_10,401.6,230.06,22.7612,-19.1728,0.0,C1C2,4,120.23,576.88,1,5
63,sybil_11,401.6,230.06,6.7576,-6.6414,0.0,:C1_9,4,120.23,576.88,1,5
63,sybil_12,401.6,144.83,4.4788,-6.9532,0.0,C0C1,6,54.4,624.9,1,6
63,sybil_13,401.6,144.83,21.797,11.6511,0.0,C0C1,6,54.4,624.9,1,6
63,sybil_14,401.6,20.82,17.5747,11.0098,0.0,C0C1,3,110.36,712.91,1,7
63,sybil_15,401.6,20.82,0.9992,-1.5429,270.0,F1E1,3,110.36,712.91,1,7
63,sybil_16,876.3,201.6,22.006,22.006,270.0,F1E1,6,150.36,617.67,1,8
63,sybil_17,876.3,201.6,8.9379,-7.4166,270.0,F1E1,6,150.36,617.67,1,8
63,sybil_18,966.96,201.6,9.8544,0.6951,270.0,F1E1,3,116.42,655.87,1,9
63,sybil_19,966.96,201.6,23.1864,14.101,262.67,F1E1,3,116.42,655.87,1,9
63,sybil_2,801.6,34.98,18.2116,16.4449,0.0,E0E1,7,99.46,702.82,1,1
63,sybil_20,924.25,998.4,21.6089,14.2511,90.0,E5F5,4,149.91,636.8,1,10
63,sybil_21,924.25,998.4,10.2686,-5.2962,90.0,E5F5,4,149.91,636.8,1,10
63,sybil_22,860.57,998.4,11.633,-5.676,90.0,E5F5,4,137.42,611.92,1,11
63,sybil_23,860.57,998.4,4.1802,-5.5525,90.0,E5F5,4,137.42,611.92,1,11
63,sybil_24,803.26,997.16,6.5849,4.5351,20.15,:E5_3,4,98.49,592.72,1,12
63,sybil_3,801.6,34.98,0.0,-9.528,43.88,E0E1,7,99.46,702.82,1,1
63,sybil_4,798.4,12.74,0.0,0.0,180.0,E1E0,7,117.67,719.2,1,2
63,sybil_5,798.4,12.74,10.2946,-2.5338,180.0,C4C3,7,117.67,719.2,1,2
63,sybil_6,398.4,765.61,18.4969,15.9114,180.0,C4C3,3,90.53,499.66,1,3
63,sybil_7,398.4,765.61,0.0,-8.9162,181.12,C4C3,3,90.53,499.66,1,3
63,sybil_8,409.28,801.6,8.0202,8.0202,270.0,D4C4,3,55.97,505.3,1,4
63,sybil_9,409.28,801.6,13.8008,-4.3387,270.0,D4C4,3,55.97,505.3,1,4
64,legit_0,772.17,798.4,13.2975,0.6284,90.0,D4E4,0,47.14,499.21,0,-1
64,legit_10,771.66,201.6,6.8373,1.9065,270.0,E1D1,4,84.43,585.09,0,-1
64,legit_2,598.4,700.81,12.7869,-0.2101,180.0,D4D3,0,179.4,458.53,0,-1
64,legit_4,798.4,21.02,5.2496,0.3995,180.0,E1E0,7,110.18,712.75,0,-1
64,legit_5,579.64,1001.6,13.471,0.6664,270.0,D5C5,0,151.5,568.54,0,-1
64,legit_6,304.15,998.4,13.0557,0.02,90.0,B5C5,0,167.12,625.18,0,-1
64,legit_7,1.6,837.29,12.2787,2.4696,0.0,A4A5,0,148.42,738.89,0,-1
64,legit_8,382.18,198.4,11.8908,-1.2574,90.0,B1C1,4,103.66,599.47,0,-1
64,legit_9,702.62,-1.6,12.8548,-0.2138,90.0,D0E0,5,130.5,713.14,0,-1
64,sybil_0,801.6,135.96,8.2603,-0.5779,0.0,E0E1,9,54.01,631.37,1,0
64,sybil_1,801.6,135.96,15.2269,4.2398,0.0,E0E1,9,54.01,631.37,1,0
64,sybil_10,401.6,243.76,17.3275,-5.4337,0.0,C1C2,4,125.91,569.88,1,5
64,sybil_11,401.6,243.76,17.8541,11.0964,0.0,:C1_9,4,125.91,569.88,1,5
64,sybil_12,401.6,158.17,5.7249,1.2461,0.0,C0C1,6,61.64,616.81,1,6
64,sybil_13,401.6,158.17,15.3344,-6.4625,0.0,C0C1,6,61.64,616.81,1,6
64,sybil_14,401.6,30.71,0.0,-17.5747,0.0,C0C1,3,101.56,705.27,1,7
64,sybil_15,401.6,30.71,2.2939,1.2947,270.0,F1E1,3,101.56,705.27,1,7
64,sybil_16,863.46,201.6,14.9056,-7.1004,270.0,F1E1,6,139.76,612.96,1,8
64,sybil_17,863.46,201.6,11.6754,2.7376,270.0,F1E1,6,139.76,612.96,1,8
64,sybil_18,953.75,201.6,15.8333,5.9788,270.0,F1E1,3,126.19,649.76,1,9
64,sybil_19,953.75,201.6,15.6089,-7.5775,270.0,F1E1,3,126.19,649.76,1,9
64,sybil_2,801.6,46.53,15.095,-3.1166,0.0,E0E1,7,89.78,694.05,1,1
64,sybil_20,937.04,998.4,14.1346,-7.4743,90.0,E5F5,4,139.35,642.31,1,10
64,sybil_21,937.04,998.4,16.2379,5.9693,90.0,E5F5,4,139.35,642.31,1,10
64,sybil_22,874.02,998.4,2.2075,-9.4255,90.0,E5F5,4,148.46,616.82,1,11
64,sybil_23,874.02,998.4,29.6403,25.46,90.0,E5F5,4,148.46,616.82,1,11
64,sybil_24,809.0,998.4,1.6542,-4.9307,81.58,E5F5,4,100.7,595.07,1,12
64,sybil_3,801.6,46.53,2.8049,2.8049,0.0,E0E1,7,89.78,694.05,1,1
64,sybil_4,798.4,9.01,0.0,0.0,180.0,E1E0,7,121.08,722.12,1,2
64,sybil_5,798.4,9.01,0.0,-10.2946,180.0,C4C3,7,121.08,722.12,1,2
64,sybil_6,398.4,752.01,17.1463,-1.3506,180.0,C4C3,3,102.01,496.69,1,3
64,sybil_7,398.4,752.01,2.2545,2.2545,180.0,C4C3,3,102.01,496.69,1,3
64,sybil_8,402.96,800.82,12.1611,4.1409,260.91,:C4_6,3,61.22,507.0,1,4
64,sybil_9,402.96,800.82,3.013,-10.7878,270.0,D4C4,3,61.22,507.0,1,4
65,legit_0,783.48,798.4,11.3186,-1.9789,90.0,D4E4,0,53.4,502.33,0,-1
65,legit_10,762.36,201.6,9.3054,2.4681,270.0,E1D1,6,82.53,582.94,0,-1
65,legit_2,598.4,688.04,12.7699,-0.017,180.0,D4D3,0,172.55,456.72,0,-1
65,legit_4,798.4,16.66,4.3681,-0.8815,180.0,E1E0,7,114.12,716.15,0,-1
65,legit_5,565.83,1001.6,13.8124,0.3414,270.0,D5C5,0,139.87,568.96,0,-1
65,legit_6,317.34,998.4,13.1868,0.131,90.0,B5C5,0,155.75,620.07,0,-1
65,legit_7,1.6,850.21,12.9191,0.6405,0.0,A4A5,0,148.75,742.65,0,-1
65,legit_8,389.57,198.4,7.3908,-4.5,90.0,B1C1,4,98.98,597.24,0,-1
65,legit_9,715.25,-1.6,12.6322,-0.2227,90.0,D0E0,5,126.47,714.74,0,-1
65,sybil_0,801.6,147.25,1.1797,-7.0806,0.0,E0E1,11,58.35,624.34,1,0
65,sybil_1,801.6,147.25,15.7325,0.5055,0.0,E0E1,11,58.35,624.34,1,0
65,sybil_10,401.6,256.97,6.3556,-10.9719,0.0,C1C2,4,113.83,563.32,1,5
65,sybil_11,401.6,256.97,12.5403,-5.3138,0.0,C1C2,4,113.83,563.32,1,5
65,sybil_12,401.6,171.59,17.5805,11.8556,0.0,C0C1,6,70.74,608.92,1,6
65,sybil_13,401.6,171.59,15.3079,-0.0265,0.0,C0C1,6,70.74,608.92,1,6
65,sybil_14,401.6,41.74,21.386,21.386,0.0,C0C1,3,92.02,696.85,1,7
65,sybil_15,401.6,41.74,26.2563,23.9624,270.0,F1E1,3,92.02,696.85,1,7
65,sybil_16,851.66,201.6,8.6972,-6.2084,270.0,F1E1,6,130.36,608.79,1,8
65,sybil_17,851.66,201.6,1.6672,-10.0082,270.0,F1E1,6,130.36,608.79,1,8
65,sybil_18,940.4,201.6,15.5017,-0.3315,270.0,F1E1,5,136.64,643.78,1,9
65,sybil_19,940.4,201.6,4.1519,-11.457,270.0,F1E1,5,136.64,643.78,1,9
65,sybil_2,801.6,59.09,15.9792,0.8842,0.0,E0E1,8,79.83,684.64,1,1
65,sybil_20,949.5,998.4,7.927,-6.2076,90.0,E5F5,4,129.46,647.84,1,10
65,sybil_21,949.5,998.4,15.4678,-0.7701,90.0,E5F5,4,129.46,647.84,1,10
65,sybil_22,886.85,998.4,12.4949,10.2874,90.0,E5F5,4,159.33,621.68,1,11
65,sybil_23,886.85,998.4,0.0,-29.6403,90.0,E5F5,4,159.33,621.68,1,11
65,sybil_24,817.32,998.4,0.0,-1.6542,90.0,E5F5,4,105.78,597.56,1,12
65,sybil_3,801.6,59.09,0.1527,-2.6522,0.0,E0E1,8,79.83,684.64,1,1
65,sybil_4,799.26,5.97,0.0,0.0,169.66,:E0_2,7,124.22,724.72,1,2
65,sybil_5,799.26,5.97,27.9064,27.9064,180.0,C4C3,7,124.22,724.72,1,2
65,sybil_6,398.4,738.49,13.0848,-4.0615,180.0,C4C3,3,113.87,493.96,1,3
65,sybil_7,398.4,738.49,18.1584,15.9039,180.0,C4C3,3,113.87,493.96,1,3
65,sybil_8,398.64,794.5,5.3879,-6.7732,201.07,:C4_6,3,68.61,506.64,1,4
65,sybil_9,398.64,794.5,4.5976,1.5846,270.0,D4C4,3,68.61,506.64,1,4
66,legit_0,790.3,798.4,6.8186,-4.5,90.0,D4E4,0,57.92,504.31,0,-1
66,legit_10,751.51,201.6,10.849,1.5436,270.0,E1D1,6,81.61,580.62,0,-1
66,legit_11,601.6,412.3,0.0,0.0,0.0,D2D3,0,157.35,476.85,0,-1
66,legit_2,598.4,675.08,12.9587,0.1887,180.0,D4D3,0,166.31,455.12,0,-1
66,legit_4,798.4,13.57,3.0896,-1.2785,180.0,E1E0,7,116.92,718.56,0,-1
66,legit_5,552.91,1001.6,12.9184,-0.894,270.0,D5C5,0,129.37,569.54,0,-1
66,legit_6,331.01,998.4,13.6706,0.4838,90.0,B5C5,0,144.28,614.97,0,-1
66,legit_7,1.6,863.78,13.5721,0.653,0.0,A4A5,0,150.29,746.81,0,-1
66,legit_8,392.46,198.4,2.8908,-4.5,90.0,B1C1,6,97.25,596.39,0,-1
66,legit_9,728.96,-1.6,13.7089,1.0768,90.0,D0E0,5,123.41,716.71,0,-1
66,sybil_0,801.6,158.8,12.3542,11.1745,0.0,E0E1,9,64.56,617.36,1,0
66,sybil_1,801.6,158.8,6.2742,-9.4583,0.0,E0E1,9,64.56,617.36,1,0
66,sybil_10,401.6,270.04,8.4736,2.118,0.0,C1C2,4,102.16,557.01,1,5
66,sybil_11,401.6,270.04,12.6601,0.1198,0.0,C1C2,4,102.16,557.01,1,5
66,sybil_12,401.6,185.1,7.1011,-10.4795,0.0,C0C1,6,81.12,601.19,1,6
66,sybil_13,401.6,185.1,3.8628,-11.4451,0.0,C0C1,6,81.12,601.19,1,6
66,sybil_14,401.6,52.95,14.5485,-6.8375,0.0,C0C1,4,82.69,688.38,1,7
66,sybil_15,401.6,52.95,20.8616,-5.3946,270.0,F1E1,4,82.69,688.38,1,7
66,sybil_16,839.24,201.6,0.8691,-7.8281,270.0,F1E1,8,120.92,604.56,1,8
66,sybil_17,839.24,201.6,19.4456,17.7784,270.0,F1E1,8,120.92,604.56,1,8
66,sybil_18,929.48,201.6,0.0,-15.5017,270.0,F1E1,5,145.55,639.03,1,9
66,sybil_19,929.48,201.6,17.958,13.806,270.0,F1E1,5,145.55,639.03,1,9
66,sybil_2,801.6,71.06,5.1424,-10.8368,0.0,E0E1,10,71.12,675.82,1,1
66,sybil_20,961.38,998.4,18.6994,10.7724,90.0,E5F5,4,120.47,653.26,1,10
66,sybil_21,961.38,998.4,2.495,-12.9728,90.0,E5F5,4,120.47,653.26,1,10
66,sybil_22,900.21,998.4,12.4083,-0.0866,90.0,E5F5,4,170.57,626.92,1,11
66,sybil_23,900.21,998.4,3.2876,3.2876,90.0,E5F5,4,170.57,626.92,1,11
66,sybil_24,827.95,998.4,24.9906,24.9906,90.0,E5F5,4,112.85,600.88,1,12
66,sybil_3,801.6,71.06,14.5175,14.3648,0.0,E0E1,10,71.12,675.82,1,1
66,sybil_4,801.03,6.35,0.0,0.0,129.83,:E0_2,5,124.58,724.86,1,2
66,sybil_5,801.03,6.35,14.1811,-13.7254,180.0,C4C3,5,124.58,724.86,1,2
66,sybil_6,398.4,725.82,16.7334,3.6486,180.0,C4C3,3,125.3,491.59,1,3
66,sybil_7,398.4,725.82,11.4665,-6.692,180.0,C4C3,3,125.3,491.59,1,3
66,sybil_8,398.4,786.79,3.1037,-2.2842,180.0,C4C3,3,74.12,504.73,1,4
66,sybil_9,398.4,786.79,14.9278,10.3302,270.0,D4C4,3,74.12,504.73,1,4
67,legit_0,799.32,798.4,9.018,2.1994,90.0,:E4_13,0,64.52,507.05,0,-1
67,legit_10,738.44,201.6,13.0738,2.2248,270.0,E1D1,6,82.42,578.09,0,-1
67,legit_11,601.6,413.74,1.4419,1.4419,0.0,D2D3,0,157.83,476.46,0,-1
67,legit_2,598.4,662.29,12.7885,-0.1702,180.0,D4D3,0,160.94,453.78,0,-1
67,legit_4,798.4,11.8,1.7676,-1.322,180.0,E1E0,5,118.53,719.94,0,-1
67,legit_5,540.07,1001.6,12.8398,-0.0786,270.0,D5C5,0,119.41,570.32,0,-1
67,legit_6,344.02,998.4,13.006,-0.6646,90.0,B5C5,0,133.76,610.3,0,-1
67,legit_7,1.6,876.76,12.9767,-0.5954,0.0,A4A5,0,152.88,751.0,0,-1
67,legit_8,392.69,198.4,0.229,-2.6617,90.0,B1C1,6,97.11,596.33,0,-1
67,legit_9,741.76,-1.6,12.7967,-0.9123,90.0,D0E0,5,121.88,718.77,0,-1
67,sybil_0,801.6,170.04,10.777,-1.5772,0.0,E0E1,8,71.88,610.73,1,0
67,sybil_1,801.6,170.04,7.4191,1.1449,0.0,E0E1,8,71.88,610.73,1,0
67,sybil_10,401.6,283.47,8.013,-0.4605,0.0,C1C2,4,90.55,550.71,1,5
67,sybil_11,401.6,283.47,0.0932,-12.5668,0.0,C1C2,4,90.55,550.71,1,5
67,sybil_12,401.6,198.73,24.0339,16.9328,0.0,:C1_9,6,92.41,593.6,1,6
67,sybil_13,401.6,198.73,7.1511,3.2883,0.0,C0C1,6,92.41,593.6,1,6
67,sybil_14,401.6,64.48,3.6253,-10.9232,0.0,C0C1,4,73.65,679.79,1,7
67,sybil_15,401.6,64.48,9.9695,-10.8921,270.0,F1E1,4,73.65,679.79,1,7
67,sybil_16,827.48,201.6,15.924,15.0549,270.0,F1E1,8,112.53,600.74,1,8
67,sybil_17,827.48,201.6,12.8483,-6.5973,270.0,F1E1,8,112.53,600.74,1,8
67,sybil_18,917.65,201.6,7.2154,7.2154,270.0,F1E1,5,155.48,634.03,1,9
67,sybil_19,917.65,201.6,20.01,2.052,270.0,F1E1,5,155.48,634.03,1,9
67,sybil_2,801.6,83.56,0.0,-5.1424,0.0,E0E1,10,63.17,666.77,1,1
67,sybil_20,973.93,998.4,1.2948,-17.4045,90.0,E5F5,4,111.56,659.17,1,10
67,sybil_21,973.93,998.4,9.8498,7.3548,90.0,E5F5,4,111.56,659.17,1,10
67,sybil_22,913.64,998.4,18.7284,6.3201,90.0,E5F5,4,158.91,632.37,1,11
67,sybil_23,913.64,998.4,17.2781,13.9905,90.0,E5F5,4,158.91,632.37,1,11
67,sybil_24,840.58,998.4,18.9642,-6.0264,90.0,E5F5,4,121.91,605.01,1,12
67,sybil_3,801.6,83.56,15.694,1.1765,0.0,E0E1,10,63.17,666.77,1,1
67,sybil_4,801.6,9.46,10.4551,10.4551,28.01,E0E1,5,121.99,722.56,1,2
67,sybil_5,801.6,9.46,6.7838,-7.3973,180.0,C4C3,5,121.99,722.56,1,2
67,sybil_6,398.4,712.98,10.9776,-5.7558,180.0,C4C3,3,124.21,489.38,1,3
67,sybil_7,398.4,712.98,3.5803,-7.8862,180.0,C4C3,3,124.21,489.38,1,3
67,sybil_8,398.4,777.42,8.0993,4.9956,180.0,C4C3,3,81.11,502.41,1,4
67,sybil_9,398.4,777.42,14.9493,0.0215,270.0,D4C4,3,81.11,502.41,1,4
68,legit_0,809.77,798.4,10.4518,1.4338,90.0,E4F4,0,72.82,510.36,0,-1
68,legit_10,725.53,201.6,12.9102,-0.1636,270.0,E1D1,6,85.19,575.88,0,-1
68,legit_11,601.6,416.95,3.2097,1.7677,0.0,D2D3,0,158.95,475.6,0,-1
68,legit_2,598.4,650.08,12.2128,-0.5756,180.0,D4D3,0,156.62,452.73,0,-1
68,legit_4,798.4,8.3,3.4932,1.7256,180.0,E1E0,5,121.73,722.67,0,-1
68,legit_5,526.25,1001.6,13.8172,0.9774,270.0,D5C5,0,109.37,571.38,0,-1
68,legit_6,356.65,998.4,12.636,-0.37,90.0,B5C5,0,123.98,605.94,0,-1
68,legit_7,1.6,890.46,13.7004,0.7237,0.0,A4A5,0,156.74,755.63,0,-1
68,legit_8,392.7,198.4,0.0044,-0.2246,90.0,B1C1,6,97.11,596.33,0,-1
68,legit_9,754.38,-1.6,12.6235,-0.1732,90.0,D0E0,5,121.68,721.02,0,-1
68,sybil_0,801.6,181.85,25.8865,15.1095,0.0,E0E1,8,80.55,603.93,1,0
68,sybil_1,801.6,181.85,4.7988,-2.6203,0.0,E0E1,8,80.55,603.93,1,0
68,sybil_10,401.6,296.66,4.45,-3.563,0.0,C1C2,4,79.71,544.73,1,5
68,sybil_11,401.6,296.66,20.0343,19.9411,0.0,C1C2,4,79.71,544.73,1,5
68,sybil_12,401.6,211.23,4.313,-19.7209,0.0,C1C2,6,103.27,586.81,1,6
68,sybil_13,401.6,211.23,4.6369,-2.5143,0.0,C0C1,6,103.27,586.81,1,6
68,sybil_14,401.6,76.12,13.0302,9.4049,0.0,C0C1,4,65.33,671.26,1,7
68,sybil_15,401.6,76.12,14.6196,4.6501,270.0,F1E1,4,65.33,671.26,1,7
68,sybil_16,819.71,201.6,18.4209,2.497,270.0,F1E1,8,107.32,598.3,1,8
68,sybil_17,819.71,201.6,6.5265,-6.3217,270.0,F1E1,8,107.32,598.3,1,8
68,sybil_18,905.81,201.6,13.4512,6.2358,270.0,F1E1,7,165.68,629.17,1,9
68,sybil_19,905.81,201.6,28.5699,8.5599,270.0,F1E1,7,165.68,629.17,1,9
68,sybil_2,801.6,96.2,29.5106,29.5106,0.0,E0E1,12,56.82,657.83,1,1
68,sybil_20,985.49,998.4,13.5772,12.2823,90.0,E5F5,4,104.02,664.77,1,10
68,sybil_21,985.49,998.4,23.136,13.2863,90.0,E5F5,4,104.02,664.77,1,10
68,sybil_22,926.75,998.4,10.7948,-7.9336,90.0,E5F5,4,147.81,637.87,1,11
68,sybil_23,926.75,998.4,15.2633,-2.0148,90.0,E5F5,4,147.81,637.87,1,11
68,sybil_24,853.26,998.4,9.2936,-9.6706,90.0,E5F5,4,131.61,609.34,1,12
68,sybil_3,801.6,96.2,9.827,-5.867,0.0,E0E1,12,56.82,657.83,1,1
68,sybil_4,801.6,14.45,1.0042,-9.4509,0.0,E0E1,5,117.49,718.67,1,2
68,sybil_5,801.6,14.45,13.6516,6.8678,180.0,C4C3,5,117.49,718.67,1,2
68,sybil_6,398.4,700.26,18.081,7.1034,180.0,C4C3,3,112.76,487.37,1,3
68,sybil_7,398.4,700.26,26.7681,23.1878,180.0,C4C3,3,112.76,487.37,1,3
68,sybil_8,398.4,766.52,7.6469,-0.4525,180.0,C4C3,3,89.79,499.86,1,4
68,sybil_9,398.4,766.52,20.0507,5.1014,270.0,D4C4,3,89.79,499.86,1,4
69,legit_0,821.76,798.4,11.9921,1.5403,90.0,E4F4,0,82.95,514.34,0,-1
69,legit_10,711.95,201.6,13.5771,0.667,270.0,E1D1,6,90.04,573.84,0,-1
69,legit_11,601.6,422.09,5.1404,1.9307,0.0,D2D3,0,160.87,474.25,0,-1
69,legit_2,598.4,637.62,12.4548,0.242,180.0,D4D3,0,153.09,451.88,0,-1
69,legit_4,797.19,3.31,5.2545,1.7612,194.35,:E0_0,5,125.87,726.3,0,-1
69,legit_5,513.35,1001.6,12.9016,-0.9157,270.0,D5C5,1,100.8,572.58,0,-1
69,legit_6,369.42,998.4,12.764,0.128,90.0,B5C5,1,114.68,601.73,0,-1
69,legit_7,1.6,903.94,13.4797,-0.2208,0.0,A4A5,0,161.59,760.4,0,-1
69,legit_8,392.7,198.4,0.0004,-0.0041,90.0,B1C1,6,97.11,596.33,0,-1
69,legit_9,767.56,-1.6,13.1839,0.5605,90.0,D0E0,5,122.86,723.59,0,-1
69,sybil_0,801.6,193.88,16.9658,-8.9206,0.0,:E1_9,8,90.12,597.18,1,0
69,sybil_1,801.6,193.88,17.4764,12.6776,0.0,E0E1,8,90.12,597.18,1,0
69,sybil_10,401.6,309.88,12.6524,8.2024,0.0,C1C2,4,69.68,538.94,1,5
69,sybil_11,401.6,309.88,25.601,5.5667,0.0,C1C2,4,69.68,538.94,1,5
69,sybil_12,401.6,224.38,12.6308,8.3178,0.0,C1C2,6,115.06,579.84,1,6
69,sybil_13,401.6,224.38,6.9167,2.2798,0.0,C0C1,6,115.06,579.84,1,6
69,sybil_14,401.6,87.37,12.3914,-0.6388,0.0,C0C1,4,58.37,663.16,1,7
69,sybil_15,401.6,87.37,6.4021,-8.2175,270.0,F1E1,4,58.37,663.16,1,7
69,sybil_16,816.37,201.6,8.69,-9.731,270.0,F1E1,8,105.19,597.28,1,8
69,sybil_17,816.37,201.6,0.0,-6.5265,270.0,F1E1,8,105.19,597.28,1,8
69,sybil_18,894.09,201.6,8.3639,-5.0873,270.0,F1E1,7,165.59,624.49,1,9
69,sybil_19,894.09,201.6,10.6096,-17.9603,270.0,F1E1,7,165.59,624.49,1,9
69,sybil_2,801.6,108.17,9.5715,-19.9391,0.0,E0E1,12,52.94,649.58,1,1
69,sybil_20,993.45,998.4,4.3951,-9.1821,90.0,E5F5,4,99.28,668.73,1,10
69,sybil_21,993.45,998.4,10.1594,-12.9767,90.0,E5F5,4,99.28,668.73,1,10
69,sybil_22,940.1,998.4,12.7126,1.9178,90.0,E5F5,4,136.88,643.65,1,11
69,sybil_23,940.1,998.4,24.7188,9.4555,90.0,E5F5,4,136.88,643.65,1,11
69,sybil_24,865.55,998.4,3.2687,-6.025,90.0,E5F5,4,141.46,613.71,1,12
69,sybil_3,801.6,108.17,10.5107,0.6837,0.0,E0E1,12,52.94,649.58,1,1
69,sybil_4,801.6,20.87,13.2523,12.248,0.0,E0E1,5,111.75,713.67,1,2
69,sybil_5,801.6,20.87,23.9287,10.2771,180.0,C4C3,5,111.75,713.67,1,2
69,sybil_6,398.4,686.52,0.0,-18.081,180.0,C4C3,3,100.74,485.42,1,3
69,sybil_7,398.4,686.52,14.1654,-12.6027,180.0,C4C3,3,100.74,485.42,1,3
69,sybil_8,398.4,753.45,22.5955,14.9486,180.0,C4C3,3,100.76,497.0,1,4
69,sybil_9,398.4,753.45,10.4775,-9.5732,270.0,D4C4,3,100.76,497.0,1,4
70,legit_0,835.64,798.4,13.8774,1.8853,90.0,E4F4,0,95.21,519.17,0,-1
70,legit_10,698.24,201.6,13.7049,0.1277,270.0,E1D1,6,96.63,572.07,0,-1
70,legit_11,601.6,428.8,6.7127,1.5723,0.0,D2D3,0,163.57,472.55,0,-1
70,legit_2,598.4,624.96,12.6591,0.2043,180.0,D4D3,0,150.48,451.26,0,-1
70,legit_4,792.94,1.62,4.7435,-0.5109,246.42,:E0_0,5,125.93,726.62,0,-1
70,legit_5,500.18,1001.6,13.169,0.2674,270.0,D5C5,1,93.08,574.05,0,-1
70,legit_6,382.88,998.4,13.4618,0.6978,90.0,B5C5,1,105.66,597.5,0,-1
70,legit_7,1.6,916.7,12.7647,-0.715,0.0,A4A5,0,167.05,765.11,0,-1
70,legit_8,392.7,198.4,0.0001,-0.0003,90.0,B1C1,6,97.11,596.33,0,-1
70,legit_9,780.89,-1.6,13.3242,0.1403,90.0,D0E0,5,125.46,726.41,0,-1
70,sybil_0,801.6,204.84,4.6693,-12.2966,0.0,:E1_9,8,99.3,591.16,1,0
70,sybil_1,801.6,204.84,3.27,-14.2064,0.0,E0E1,8,99.3,591.16,1,0
70,sybil_10,401.6,323.02,14.6281,1.9757,0.0,C1C2,4,60.91,533.42,1,5
70,sybil_11,401.6,323.02,24.4367,-1.1643,0.0,C1C2,4,60.91,533.42,1,5
70,sybil_12,401.6,237.61,20.4605,7.8297,0.0,C1C2,6,127.18,573.0,1,6
70,sybil_13,401.6,237.61,16.1582,9.2415,0.0,C0C1,6,127.18,573.0,1,6
70,sybil_14,401.6,99.17,12.8364,0.4449,0.0,C0C1,4,52.69,654.85,1,7
70,sybil_15,401.6,99.17,0.0,-6.4021,270.0,F1E1,4,52.69,654.85,1,7
70,sybil_16,815.43,201.6,3.2287,-5.4612,270.0,F1E1,8,104.59,596.99,1,8
70,sybil_17,815.43,201.6,8.0212,8.0212,270.0,F1E1,8,104.59,596.99,1,8
70,sybil_18,883.06,201.6,14.8878,6.5239,270.0,F1E1,7,156.09,620.23,1,9
70,sybil_19,883.06,201.6,18.2691,7.6595,270.0,F1E1,7,156.09,620.23,1,9
70,sybil_2,801.6,120.91,4.6715,-4.9001,0.0,E0E1,12,51.61,641.06,1,1
70,sybil_20,996.92,998.38,1.9665,-2.4286,90.19,:F5_1,4,97.36,670.47,1,10
70,sybil_21,996.92,998.38,4.1407,-6.0186,90.0,E5F5,4,97.36,670.47,1,10
70,sybil_22,953.7,998.4,25.2855,12.5729,90.0,E5F5,4,126.23,649.74,1,11
70,sybil_23,953.7,998.4,6.3961,-18.3227,90.0,E5F5,4,126.23,649.74,1,11
70,sybil_24,877.92,998.4,2.8387,-0.43,90.0,E5F5,4,151.73,618.28,1,12
70,sybil_3,801.6,120.91,10.407,-0.1037,0.0,E0E1,12,51.61,641.06,1,1
70,sybil_4,801.6,28.69,3.417,-9.8353,0.0,E0E1,5,104.88,707.64,1,2
70,sybil_5,801.6,28.69,17.2175,-6.7111,180.0,C4C3,5,104.88,707.64,1,2
70,sybil_6,398.4,673.07,4.5031,4.5031,180.0,C4C3,3,89.45,483.72,1,3
70,sybil_7,398.4,673.07,19.8811,5.7157,180.0,C4C3,3,89.45,483.72,1,3
70,sybil_8,398.4,740.66,11.3827,-11.2128,180.0,C4C3,3,111.94,494.39,1,4
70,sybil_9,398.4,740.66,12.443,1.9655,270.0,D4C4,3,111.94,494.39,1,4
71,legit_0,848.91,798.4,13.2714,-0.606,90.0,E4F4,0,107.31,524.0,0,-1
71,legit_10,684.37,201.6,13.8724,0.1675,270.0,E1D1,6,104.72,570.56,0,-1
71,legit_11,601.6,437.34,8.538,1.8253,0.0,D2D3,0,167.35,470.48,0,-1
71,legit_2,598.4,613.65,11.3085,-1.3506,180.0,D4D3,0,149.03,450.92,0,-1
71,legit_4,788.31,1.6,4.6266,-0.1169,269.17,E0D0,5,124.44,725.55,0,-1
71,legit_5,487.02,1001.6,13.1571,-0.0118,270.0,D5C5,1,86.7,575.76,0,-1
71,legit_6,392.78,998.4,9.9053,-3.5564,90.0,B5C5,1,99.66,594.54,0,-1
71,legit_7,1.6,929.73,13.0243,0.2597,0.0,A4A5,0,173.42,770.1,0,-1
71,legit_8,392.7,198.4,0.0,-0.0001,90.0,B1C1,6,97.11,596.33,0,-1
71,legit_9,789.81,-1.6,8.9203,-4.4039,90.0,D0E0,5,127.95,728.43,0,-1
71,sybil_0,801.6,216.82,27.9808,23.3115,0.0,E1E2,8,109.71,584.73,1,0
71,sybil_1,801.6,216.82,6.4739,3.204,0.0,E0E1,8,109.71,584.73,1,0
71,sybil_10,401.6,336.9,11.9599,-2.6682,0.0,C1C2,4,53.63,527.87,1,5
71,sybil_11,401.6,336.9,0.5469,-23.8898,0.0,C1C2,4,53.63,527.87,1,5
71,sybil_12,401.6,250.76,18.3642,-2.0963,0.0,C1C2,6,119.48,566.39,1,6
71,sybil_13,401.6,250.76,24.0761,7.9179,0.0,C0C1,6,119.48,566.39,1,6
71,sybil_14,401.6,110.84,19.7307,6.8943,0.0,C0C1,4,49.26,646.84,1,7
71,sybil_15,401.6,110.84,0.0,0.0,270.0,F1E1,4,49.26,646.84,1,7
71,sybil_16,815.0,201.6,3.2563,0.0275,270.0,F1E1,8,104.33,596.86,1,8
71,sybil_17,815.0,201.6,13.703,5.6818,270.0,F1E1,8,104.33,596.86,1,8
71,sybil_18,871.59,201.6,11.343,-3.5448,270.0,F1E1,7,146.44,615.92,1,9
71,sybil_19,871.59,201.6,16.689,-1.5801,270.0,F1E1,7,146.44,615.92,1,9
71,sybil_2,801.6,133.71,10.2068,5.5353,0.0,E0E1,12,53.39,632.79,1,1
71,sybil_20,998.4,995.72,16.8489,14.8824,132.42,F5F4,4,98.82,669.86,1,10
71,sybil_21,998.4,995.72,21.5474,17.4066,90.0,E5F5,4,98.82,669.86,1,10
71,sybil_22,966.2,998.4,18.3205,-6.9651,90.0,E5F5,4,116.97,655.51,1,11
71,sybil_23,966.2,998.4,15.4556,9.0595,90.0,E5F5,4,116.97,655.51,1,11
71,sybil_24,890.37,998.4,25.6727,22.834,90.0,E5F5,4,162.36,623.04,1,12
71,sybil_3,801.6,133.71,2.7973,-7.6097,0.0,E0E1,12,53.39,632.79,1,1
71,sybil_4,801.6,38.32,26.3193,22.9022,0.0,E0E1,5,96.62,700.27,1,2
71,sybil_5,801.6,38.32,2.1643,-15.0532,180.0,C4C3,5,96.62,700.27,1,2
71,sybil_6,398.4,660.12,7.7647,3.2615,180.0,C4C3,3,79.22,482.3,1,3
71,sybil_7,398.4,660.12,15.3231,-4.558,180.0,C4C3,3,79.22,482.3,1,3
71,sybil_8,398.4,727.52,9.8338,-1.5489,180.0,C4C3,3,123.75,491.9,1,4
71,sybil_9,398.4,727.52,21.7906,9.3475,270.0,D4C4,3,123.75,491.9,1,4
72,legit_0,862.72,798.4,13.808,0.5366,90.0,E4F4,1,120.15,529.24,0,-1
72,legit_10,670.99,201.6,13.3801,-0.4922,270.0,E1D1,6,113.58,569.34,0,-1
72,legit_11,601.6,447.82,10.4749,1.9369,0.0,D2D3,0,172.44,468.08,0,-1
72,legit_12,987.7,801.6,0.0,0.0,270.0,F4E4,1,73.18,586.72,0,-1
72,legit_2,598.49,606.55,7.1139,-4.1946,178.93,:D3_2,0,148.64,450.81,0,-1
72,legit_4,782.14,1.6,6.1655,1.5388,270.0,E0D0,5,122.69,724.15,0,-1
72,legit_5,473.19,1001.6,13.8315,0.6744,270.0,D5C5,1,81.76,577.85,0,-1
72,legit_6,398.12,994.79,7.0352,-2.8702,135.07,:C5_6,1,99.76,591.04,0,-1
72,legit_7,1.6,943.23,13.5091,0.4848,0.0,A4A5,0,180.78,775.46,0,-1
72,legit_8,392.7,198.4,0.0,0.0,90.0,B1C1,4,97.11,596.33,0,-1
72,legit_9,795.5,-1.21,5.7215,-3.1988,85.56,:E0_7,5,129.47,729.47,0,-1
72,sybil_0,801.6,228.42,15.5859,-12.3949,0.0,E1E2,8,120.07,578.64,1,0
72,sybil_1,801.6,228.42,7.4427,0.9688,0.0,E0E1,8,120.07,578.64,1,0
72,sybil_10,401.6,349.55,14.2738,2.3139,0.0,C1C2,3,49.51,523.11,1,5
72,sybil_11,401.6,349.55,16.1976,15.6507,0.0,C1C2,3,49.51,523.11,1,5
72,sybil_12,401.6,264.02,12.5014,-5.8627,0.0,C1C2,6,107.5,559.9,1,6
72,sybil_13,401.6,264.02,19.7545,-4.3216,0.0,C0C1,6,107.5,559.9,1,6
72,sybil_14,401.6,122.02,21.6784,1.9478,0.0,C0C1,4,48.44,639.4,1,7
72,sybil_15,401.6,122.02,8.9099,8.9099,270.0,F1E1,4,48.44,639.4,1,7
72,sybil_16,814.9,201.6,0.0,-3.2563,270.0,F1E1,8,104.26,596.83,1,8
72,sybil_17,814.9,201.6,0.0,-13.703,270.0,F1E1,8,104.26,596.83,1,8
72,sybil_18,861.07,201.6,12.5691,1.2261,270.0,F1E1,7,137.82,612.1,1,9
72,sybil_19,861.07,201.6,7.9347,-8.7543,270.0,F1E1,7,137.82,612.1,1,9
72,sybil_2,801.6,145.63,22.9222,12.7154,0.0,E0E1,12,57.61,625.34,1,1
72,sybil_20,998.4,989.92,2.9972,-13.8517,180.0,F5F4,4,103.81,666.93,1,10
72,sybil_21,998.4,989.92,22.8326,1.2852,90.0,E5F5,4,103.81,666.93,1,10
72,sybil_22,975.04,998.4,12.445,-5.8755,90.0,E5F5,4,110.81,659.7,1,11
72,sybil_23,975.04,998.4,21.4284,5.9728,90.0,E5F5,4,110.81,659.7,1,11
72,sybil_24,903.27,998.4,14.1601,-11.5126,90.0,E5F5,4,167.89,628.14,1,12
72,sybil_3,801.6,145.63,20.7855,17.9882,0.0,E0E1,12,57.61,625.34,1,1
72,sybil_4,801.6,50.25,13.9623,-12.3569,0.0,E0E1,5,86.76,691.25,1,2
72,sybil_5,801.6,50.25,12.1716,10.0073,180.0,C4C3,5,86.76,691.25,1,2
72,sybil_6,398.4,647.44,7.0104,-0.7542,180.0,C4C3,3,70.09,481.12,1,3
72,sybil_7,398.4,647.44,8.7198,-6.6033,180.0,C4C3,3,70.09,481.12,1,3
72,sybil_8,398.4,714.52,12.5974,2.7637,180.0,C4C3,3,125.6,489.64,1,4
72,sybil_9,398.4,714.52,4.2422,-17.5484,270.0,D4C4,3,125.6,489.64,1,4
73,legit_0,876.17,798.4,13.4526,-0.3554,90.0,E4F4,1,132.86,534.54,0,-1
73,legit_10,657.91,201.6,13.0835,-0.2966,270.0,E1D1,2,123.04,568.38,0,-1
73,legit_11,601.6,460.82,13.006,2.5311,0.0,D2D3,1,179.41,465.32,0,-1
73,legit_12,985.84,801.6,1.8596,1.8596,270.0,F4E4,1,74.77,585.76,0,-1
73,legit_2,601.34,600.16,7.3064,0.1925,148.48,:D3_16,1,148.66,450.77,0,-1
73,legit_4,773.45,1.6,8.6995,2.534,270.0,E0D0,3,120.7,722.26,0,-1
73,legit_5,459.54,1001.6,13.6514,-0.1801,270.0,D5C5,1,78.98,580.22,0,-1
73,legit_6,398.4,987.35,7.4563,0.4211,180.0,C5C4,1,106.05,586.95,0,-1
73,legit_7,1.6,956.66,13.4231,-0.086,0.0,A4A5,0,188.76,780.98,0,-1
73,legit_8,392.7,198.4,0.0,0.0,90.0,B1C1,4,97.11,596.33,0,-1
73,legit_9,801.1,3.71,7.9401,2.2186,37.3,:E0_10,3,127.02,726.95,0,-1
73,sybil_0,801.6,240.52,24.1898,8.604,0.0,E1E2,8,130.15,572.43,1,0
73,sybil_1,801.6,240.52,5.0311,-2.4116,0.0,:E1_9,8,130.15,572.43,1,0
73,sybil_10,401.6,362.91,20.7953,6.5215,0.0,C1C2,3,48.49,518.41,1,5
73,sybil_11,401.6,362.91,16.0545,-0.1431,0.0,C1C2,3,48.49,518.41,1,5
73,sybil_12,401.6,277.65,12.0394,-0.462,0.0,C1C2,6,95.52,553.42,1,6
73,sybil_13,401.6,277.65,3.1877,-16.5667,0.0,:C1_9,6,95.52,553.42,1,6
73,sybil_14,401.6,133.67,20.396,-1.2824,0.0,C0C1,4,50.29,631.88,1,7
73,sybil_15,401.6,133.67,2.0999,-6.8101,270.0,F1E1,4,50.29,631.88,1,7
73,sybil_16,814.85,201.6,7.7585,7.7585,270.0,F1E1,9,104.23,596.81,1,8
73,sybil_17,814.85,201.6,3.9625,3.9625,270.0,F1E1,9,104.23,596.81,1,8
73,sybil_18,848.63,201.6,17.9521,5.3829,270.0,F1E1,9,128.01,607.74,1,9
73,sybil_19,848.63,201.6,16.2272,8.2925,270.0,F1E1,9,128.01,607.74,1,9
73,sybil_2,801.6,158.3,14.7321,-8.19,0.0,E0E1,9,64.26,617.65,1,1
73,sybil_20,998.4,981.66,2.4459,-0.5512,180.0,F5F4,4,111.06,662.81,1,10
73,sybil_21,998.4,981.66,0.0,-22.8326,90.0,E5F5,4,111.06,662.81,1,10
73,sybil_22,981.55,998.4,7.642,-4.803,90.0,E5F5,4,106.51,662.85,1,11
73,sybil_23,981.55,998.4,10.5606,-10.8678,90.0,E5F5,4,106.51,662.85,1,11
73,sybil_24,915.64,998.4,4.161,-9.9991,90.0,E5F5,4,157.2,633.19,1,12
73,sybil_3,801.6,158.3,9.6122,-11.1733,0.0,E0E1,9,64.26,617.65,1,1
73,sybil_4,801.6,62.72,12.7732,-1.1891,0.0,E0E1,9,77.1,681.95,1,2
73,sybil_5,801.6,62.72,1.4908,-10.6808,180.0,C4C3,9,77.1,681.95,1,2
73,sybil_6,398.4,634.75,15.35,8.3395,180.0,C4C3,3,62.21,480.18,1,3
73,sybil_7,398.4,634.75,20.1145,11.3948,180.0,C4C3,3,62.21,480.18,1,3
73,sybil_8,398.4,701.28,8.0909,-4.5066,180.0,C4C3,3,113.67,487.53,1,4
73,sybil_9,398.4,701.28,4.0407,-0.2014,270.0,D4C4,3,113.67,487.53,1,4
74,legit_0,888.94,798.4,12.7608,-0.6919,90.0,E4F4,1,145.03,539.75,0,-1
74,legit_10,645.22,201.6,12.6867,-0.3969,270.0,E1D1,0,132.8,567.63,0,-1
74,legit_11,601.6,473.73,12.9059,-0.1001,0.0,D2D3,1,186.97,462.81,0,-1
74,legit_12,982.23,801.6,3.6081,1.7485,270.0,F4E4,1,77.89,583.9,0,-1
74,legit_2,608.44,598.4,7.4766,0.1702,96.11,D3E3,1,141.57,450.81,0,-1
74,legit_4,762.17,1.6,11.2742,2.5747,270.0,E0D0,3,119.02,719.96,0,-1
74,legit_5,446.5,1001.6,13.0401,-0.6113,270.0,D5C5,1,78.48,582.79,0,-1
74,legit_6,398.4,978.15,9.2069,1.7507,180.0,C5C4,1,114.18,582.07,0,-1
74,legit_7,1.6,970.32,13.6646,0.2415,0.0,A4A5,0,184.53,786.8,0,-1
74,legit_8,392.7,198.4,0.0,0.0,90.0,B1C1,4,97.11,596.33,0,-1
74,legit_9,801.6,11.41,7.7379,-0.2022,1.28,E0E1,3,120.23,721.04,0,-1
74,sybil_0,801.6,251.4,5.5081,-18.6817,0.0,E1E2,7,120.23,566.98,1,0
74,sybil_1,801.6,251.4,24.4298,19.3987,0.0,E1E2,7,120.23,566.98,1,0
74,sybil_10,401.6,375.58,29.0252,8.2299,0.0,C1C2,3,50.85,514.3,1,5
74,sybil_11,401.6,375.58,19.6401,3.5857,0.0,C1C2,3,50.85,514.3,1,5
74,sybil_12,401.6,290.18,15.6154,3.576,0.0,C1C2,6,84.96,547.64,1,6
74,sybil_13,401.6,290.18,3.3549,0.1672,0.0,C1C2,6,84.96,547.64,1,6
74,sybil_14,401.6,145.58,12.2295,-8.1665,0.0,C0C1,4,54.75,624.44,1,7
74,sybil_15,401.6,145.58,7.6118,5.5119,270.0,F1E1,4,54.75,624.44,1,7
74,sybil_16,814.8,201.6,0.0,-7.7585,270.0,F1E1,9,104.2,596.8,1,8
74,sybil_17,814.8,201.6,12.6484,8.6859,270.0,F1E1,9,104.2,596.8,1,8
74,sybil_18,839.15,201.6,6.8565,-11.0955,270.0,F1E1,9,120.85,604.53,1,9
74,sybil_19,839.15,201.6,11.434,-4.7932,270.0,F1E1,9,120.85,604.53,1,9
74,sybil_2,801.6,170.61,5.9284,-8.8037,0.0,E0E1,9,72.27,610.4,1,1
74,sybil_20,998.4,972.05,0.0,-2.4459,180.0,F5F4,4,119.65,658.1,1,10
74,sybil_21,998.4,972.05,0.0,0.0,136.44,F5F4,4,119.65,658.1,1,10
74,sybil_22,986.73,998.4,17.6725,10.0305,90.0,E5F5,4,103.26,665.38,1,11
74,sybil_23,986.73,998.4,2.5082,-8.0523,90.0,E5F5,4,103.26,665.38,1,11
74,sybil_24,928.15,998.4,18.4906,14.3296,90.0,E5F5,4,146.65,638.46,1,12
74,sybil_3,801.6,170.61,3.9661,-5.6461,0.0,E0E1,9,72.27,610.4,1,1
74,sybil_4,801.6,74.39,1.9109,-10.8623,0.0,E0E1,9,68.87,673.39,1,2
74,sybil_5,801.6,74.39,24.0397,22.5489,180.0,:C3_1,9,68.87,673.39,1,2
74,sybil_6,398.4,622.04,18.6383,3.2884,180.0,C4C3,3,56.11,479.49,1,3
74,sybil_7,398.4,622.04,0.9469,-19.1677,180.0,C4C3,3,56.11,479.49,1,3
74,sybil_8,398.4,688.65,11.4263,3.3354,180.0,C4C3,3,102.57,485.71,1,4
74,sybil_9,398.4,688.65,18.6664,14.6257,255.21,:C4_6,3,102.57,485.71,1,4
75,legit_0,902.24,798.4,13.3052,0.5444,90.0,E4F4,1,153.5,545.37,0,-1
75,legit_10,631.48,201.6,13.7429,1.0562,270.0,E1D1,0,143.9,567.04,0,-1
75,legit_11,601.6,486.47,12.74,-0.1659,0.0,D2D3,1,186.85,460.55,0,-1
75,legit_12,976.57,801.6,5.6579,2.0499,270.0,F4E4,1,82.86,581.01,0,-1
75,legit_2,618.48,598.4,10.0355,2.5589,90.0,D3E3,1,131.53,450.97,0,-1
75,legit_4,751.94,1.6,10.2329,-1.0413,270.0,E0D0,3,118.42,718.01,0,-1
75,legit_5,433.04,1001.6,13.4634,0.4232,270.0,D5C5,1,80.21,585.74,0,-1
75,legit_6,398.4,967.03,11.1131,1.9062,180.0,C5C4,1,124.19,576.29,0,-1
75,legit_7,1.6,983.56,13.2338,-0.4308,0.0,A4A5,0,176.99,792.62,0,-1
75,legit_8,392.7,198.4,0.0,0.0,90.0,B1C1,4,97.11,596.33,0,-1
75,legit_9,801.6,20.62,9.2151,1.4772,0.0,E0E1,3,111.97,713.86,0,-1
75,sybil_0,801.6,263.12,13.9762,8.4681,0.0,E1E2,7,109.76,561.25,1,0
75,sybil_1,801.6,263.12,18.3884,-6.0415,0.0,E1E2,7,109.76,561.25,1,0
75,sybil_10,401.6,386.2,11.6665,-17.3586,0.0,C1C2,3,55.03,511.09,1,5
75,sybil_11,401.6,386.2,28.9386,9.2985,0.0,C1C2,3,55.03,511.09,1,5
75,sybil_12,401.6,303.7,12.2979,-3.3174,0.0,C1C2,6,74.24,541.62,1,6
75,sybil_13,401.6,303.7,13.9823,10.6274,0.0,C1C2,6,74.24,541.62,1,6
75,sybil_14,401.6,157.28,0.0,-12.2295,0.0,C0C1,4,61.1,617.34,1,7
75,sybil_15,401.6,157.28,0.0,-7.6118,270.0,F1E1,4,61.1,617.34,1,7
75,sybil_16,814.8,201.6,0.0,0.0,270.0,F1E1,9,104.2,596.8,1,8
75,sybil_17,814.8,201.6,13.3384,0.69,270.0,F1E1,9,104.2,596.8,1,8
75,sybil_18,833.22,201.6,18.0366,11.1801,270.0,F1E1,9,116.55,602.58,1,9
75,sybil_19,833.22,201.6,12.6034,1.1694,270.0,F1E1,9,116.55,602.58,1,9
75,sybil_2,801.6,182.97,15.4493,9.5209,0.0,E0E1,9,81.41,603.3,1,1
75,sybil_20,998.4,961.03,12.6515,12.6515,180.0,F5F4,4,129.68,652.8,1,10
75,sybil_21,998.4,961.03,1.086,1.086,180.0,F5F4,4,129.68,652.8,1,10
75,sybil_22,991.84,998.4,5.2117,-12.4609,90.0,E5F5,4,100.21,667.92,1,11
75,sybil_23,991.84,998.4,12.8634,10.3551,90.0,E5F5,4,100.21,667.92,1,11
75,sybil_24,940.42,998.4,10.7342,-7.7563,90.0,E5F5,4,136.62,643.79,1,12
75,sybil_3,801.6,182.97,19.8554,15.8892,0.0,E0E1,9,81.41,603.3,1,1
75,sybil_4,801.6,86.73,0.0,-1.9109,0.0,E0E1,9,61.39,664.51,1,2
75,sybil_5,801.6,86.73,12.383,-11.6567,180.0,C3C2,9,61.39,664.51,1,2
75,sybil_6,398.4,608.86,12.7201,-5.9183,180.0,C4C3,3,52.35,479.09,1,3
75,sybil_7,398.4,608.86,15.5131,14.5662,180.0,C4C3,3,52.35,479.09,1,3
75,sybil_8,398.4,675.96,20.4799,9.0536,180.0,C4C3,3,91.83,484.07,1,4
75,sybil_9,398.4,675.96,14.3612,-4.3053,212.55,:C4_6,3,91.83,484.07,1,4
76,legit_0,915.26,798.4,13.0203,-0.2849,90.0,E4F4,1,141.02,551.04,0,-1
76,legit_10,619.24,201.6,12.2399,-1.503,270.0,E1D1,0,154.13,566.7,0,-1
76,legit_11,601.6,498.96,12.4881,-0.2519,0.0,D2D3,1,179.53,458.56,0,-1
76,legit_12,969.03,801.6,7.5405,1.8826,270.0,F4E4,1,89.61,577.21,0,-1
76,legit_2,630.29,598.4,11.8071,1.7716,90.0,D3E3,1,119.72,451.29,0,-1
76,legit_4,740.92,1.6,11.0216,0.7887,270.0,E0D0,3,118.75,716.07,0,-1
76,legit_5,420.0,1001.6,13.0399,-0.4235,270.0,D5C5,1,83.94,588.88,0,-1
76,legit_6,398.4,953.83,13.2028,2.0897,180.0,C5C4,1,124.98,569.59,0,-1
76,legit_7,1.6,992.29,8.7338,-4.5,0.0,A4A5,0,172.38,796.56,0,-1
76,legit_8,392.7,198.4,0.0,0.0,90.0,B1C1,4,97.11,596.33,0,-1
76,legit_9,801.6,32.29,11.6631,2.448,0.0,E0E1,3,101.76,704.88,0,-1
76,sybil_0,801.6,274.29,7.087,-6.8892,0.0,E1E2,7,100.05,555.92,1,0
76,sybil_1,801.6,274.29,14.888,-3.5003,0.0,E1E2,7,100.05,555.92,1,0
76,sybil_10,401.6,392.31,6.4205,-5.246,0.0,C1C2,3,58.2,509.32,1,5
76,sybil_11,401.6,392.31,17.8695,-11.0691,0.0,C1C2,3,58.2,509.32,1,5
76,sybil_12,401.6,316.97,4.5534,-7.7445,0.0,C1C2,6,64.76,535.93,1,6
76,sybil_13,401.6,316.97,0.0,-13.9823,0.0,C1C2,6,64.76,535.93,1,6
76,sybil_14,401.6,168.24,3.383,3.383,0.0,C0C1,4,68.33,610.87,1,7
76,sybil_15,401.6,168.24,7.7384,7.7384,270.0,F1E1,4,68.33,610.87,1,7
76,sybil_16,814.8,201.6,6.3532,6.3532,270.0,F1E1,9,104.2,596.8,1,8
76,sybil_17,814.8,201.6,6.3488,-6.9896,270.0,F1E1,9,104.2,596.8,1,8
76,sybil_18,830.33,201.6,0.0,-18.0366,270.0,F1E1,9,114.51,601.65,1,9
76,sybil_19,830.33,201.6,10.4779,-2.1255,270.0,F1E1,9,114.51,601.65,1,9
76,sybil_2,801.6,195.0,15.5124,0.0632,0.0,:E1_9,9,91.03,596.56,1,1
76,sybil_20,998.4,949.26,23.1225,10.471,180.0,F5F4,4,120.83,647.27,1,10
76,sybil_21,998.4,949.26,21.3796,20.2936,180.0,F5F4,4,120.83,647.27,1,10
76,sybil_22,996.17,998.4,20.3144,15.1028,90.0,E5F5,4,97.75,670.1,1,11
76,sybil_23,996.17,998.4,0.3232,-12.5402,90.0,E5F5,4,97.75,670.1,1,11
76,sybil_24,953.08,998.4,0.9498,-9.7845,90.0,E5F5,4,126.7,649.45,1,12
76,sybil_3,801.6,195.0,24.2345,4.3791,0.0,E0E1,9,91.03,596.56,1,1
76,sybil_4,801.6,98.78,9.4757,9.4757,0.0,E0E1,9,55.79,656.03,1,2
76,sybil_5,801.6,98.78,7.733,-4.65,180.0,C3C2,9,55.79,656.03,1,2
76,sybil_6,398.4,596.25,19.8517,7.1316,180.0,:C3_1,3,51.74,479.03,1,3
76,sybil_7,398.4,596.25,22.9377,7.4247,180.0,C4C3,3,51.74,479.03,1,3
76,sybil_8,398.4,663.28,26.481,6.0011,180.0,C4C3,3,81.65,482.63,1,4
76,sybil_9,398.4,663.28,3.842,-10.5192,182.87,C4C3,3,81.65,482.63,1,4
77,legit_0,928.97,798.4,13.7108,0.6905,90.0,E4F4,1,127.98,557.21,0,-1
77,legit_10,611.23,201.6,8.004,-4.2358,270.0,E1D1,0,160.98,566.57,0,-1
77,legit_11,601.6,511.46,12.5068,0.0186,0.0,D2D3,1,172.8,456.79,0,-1
77,legit_12,959.63,801.6,9.4014,1.8609,270.0,F4E4,3,98.19,572.57,0,-1
77,legit_2,642.3,598.4,12.0145,0.2074,90.0,D3E3,1,107.71,451.78,0,-1
77,legit_4,729.98,1.6,10.9348,-0.0869,270.0,E0D0,3,120.08,714.3,0,-1
77,legit_5,406.85,1001.6,13.1503,0.1104,270.0,:C5_0,1,89.49,592.33,0,-1
77,legit_6,398.4,940.96,12.8732,-0.3296,180.0,C5C4,1,113.38,563.23,0,-1
77,legit_7,1.6,996.52,4.2338,-4.5,0.0,A4A5,0,170.27,798.5,0,-1
77,legit_8,392.7,198.4,0.0,0.0,90.0,B1C1,4,97.11,596.33,0,-1
77,legit_9,801.6,45.37,13.0857,1.4225,0.0,E0E1,3,90.73,694.92,0,-1
77,sybil_0,801.6,285.32,28.7214,21.6344,0.0,E1E2,7,90.77,550.8,1,0
77,sybil_1,801.6,285.32,0.0,-14.888,0.0,E1E2,7,90.77,550.8,1,0
77,sybil_10,399.41,394.1,4.236,-2.1845,326.41,:C2_19,3,61.01,509.51,1,5
77,sybil_11,399.41,394.1,10.1269,-7.7426,0.0,C1C2,3,61.01,509.51,1,5
77,sybil_12,401.6,330.32,14.3116,9.7582,0.0,C1C2,4,56.77,530.46,1,6
77,sybil_13,401.6,330.32,10.8461,10.8461,0.0,C1C2,4,56.77,530.46,1,6
77,sybil_14,401.6,179.9,34.0971,30.7142,0.0,C0C1,2,77.01,604.14,1,7
77,sybil_15,401.6,179.9,7.4549,-0.2836,270.0,F1E1,2,77.01,604.14,1,7
77,sybil_16,814.8,201.6,12.8487,6.4955,270.0,F1E1,9,104.2,596.8,1,8
77,sybil_17,814.8,201.6,1.1139,-5.2348,270.0,F1E1,9,104.2,596.8,1,8
77,sybil_18,830.02,201.6,0.0,0.0,270.0,F1E1,9,114.29,601.55,1,9
77,sybil_19,830.02,201.6,23.9186,13.4406,270.0,F1E1,9,114.29,601.55,1,9
77,sybil_2,801.6,207.88,29.2224,13.71,0.0,E1E2,9,101.91,589.51,1,1
77,sybil_20,998.4,937.03,21.3966,-1.7259,180.0,F5F4,5,109.9,641.67,1,10
77,sybil_21,998.4,937.03,18.9767,-2.403,180.0,F5F4,5,109.9,641.67,1,10
77,sybil_22,998.35,997.12,11.2417,-9.0727,106.56,:F5_1,4,97.65,670.55,1,11
77,sybil_23,998.35,997.12,8.6453,8.3221,90.0,E5F5,4,97.65,670.55,1,11
77,sybil_24,964.65,998.4,12.1295,11.1798,90.0,E5F5,4,118.08,654.79,1,12
77,sybil_3,801.6,207.88,26.1756,1.9411,0.0,E0E1,9,101.91,589.51,1,1
77,sybil_4,801.6,110.6,5.4377,-4.0379,0.0,E0E1,9,52.45,647.93,1,2
77,sybil_5,801.6,110.6,24.0418,16.3088,180.0,C3C2,9,52.45,647.93,1,2
77,sybil_6,398.4,582.48,25.8583,6.0065,180.0,C3C2,3,54.49,479.32,1,3
77,sybil_7,398.4,582.48,18.5521,-4.3856,180.0,:C3_1,3,54.49,479.32,1,3
77,sybil_8,398.4,649.83,15.9388,-10.5422,180.0,C4C3,3,71.73,481.33,1,4
77,sybil_9,398.4,649.83,12.9926,9.1506,180.0,C4C3,3,71.73,481.33,1,4
78,legit_0,942.64,798.4,13.6684,-0.0425,90.0,E4F4,3,115.14,563.55,0,-1
78,legit_10,605.52,201.84,5.7278,-2.2762,272.75,:D1_4,0,166.05,566.38,0,-1
78,legit_11,601.6,523.86,12.3994,-0.1073,0.0,D2D3,1,166.79,455.24,0,-1
78,legit_12,948.9,801.6,10.7349,1.3335,270.0,F4E4,3,108.15,567.39,0,-1
78,legit_13,-1.6,587.7,0.0,0.0,180.0,A3A2,0,152.1,707.72,0,-1
78,legit_2,654.74,598.4,12.4352,0.4206,90.0,D3E3,1,95.28,452.45,0,-1
78,legit_4,719.36,1.6,10.6196,-0.3152,270.0,E0D0,3,122.3,712.74,0,-1
78,legit_5,393.43,1001.6,13.4155,0.2653,270.0,:C5_0,1,96.68,596.11,0,-1
78,legit_6,398.4,928.07,12.8828,0.0096,180.0,C5C4,1,102.08,557.04,0,-1
78,legit_7,3.06,998.38,2.7115,-1.5223,19.36,:A5_1,0,168.09,798.28,0,-1
78,legit_8,392.7,198.4,0.0,0.0,90.0,B1C1,4,97.11,596.33,0,-1
78,legit_9,801.6,58.76,13.386,0.3004,0.0,E0E1,7,80.08,684.89,0,-1
78,sybil_0,801.6,297.09,9.6027,-19.1188,0.0,E1E2,7,81.36,545.48,1,0
78,sybil_1,801.6,297.09,13.5195,13.5195,0.0,E1E2,7,81.36,545.48,1,0
78,sybil_10,398.4,391.85,0.0,-4.236,242.81,C2C1,3,60.64,510.46,1,5
78,sybil_11,398.4,391.85,12.2902,2.1633,0.0,C1C2,3,60.64,510.46,1,5
78,sybil_12,401.6,343.47,23.2558,8.9442,0.0,C1C2,4,51.15,525.36,1,6
78,sybil_13,401.6,343.47,6.9418,-3.9043,0.0,C1C2,4,51.15,525.36,1,6
78,sybil_14,401.6,191.43,2.8372,-31.26,0.0,C0C1,2,86.29,597.64,1,7
78,sybil_15,401.6,191.43,0.0,-7.4549,270.0,F1E1,2,86.29,597.64,1,7
78,sybil_16,814.8,201.6,0.0,-12.8487,270.0,F1E1,10,104.2,596.8,1,8
78,sybil_17,814.8,201.6,10.9896,9.8757,270.0,F1E1,10,104.2,596.8,1,8
78,sybil_18,829.89,201.6,2.2535,2.2535,270.0,F1E1,10,114.2,601.51,1,9
78,sybil_19,829.89,201.6,0.1987,-23.7199,270.0,F1E1,10,114.2,601.51,1,9
78,sybil_2,801.6,220.51,0.0121,-29.2103,0.0,E1E2,9,112.98,582.77,1,1
78,sybil_20,998.4,924.6,6.8293,-14.5672,180.0,F5F4,6,99.1,636.13,1,10
78,sybil_21,998.4,924.6,12.0083,-6.9684,180.0,F5F4,6,99.1,636.13,1,10
78,sybil_22,998.4,993.89,5.7076,-5.5342,165.89,F5F4,4,100.39,668.93,1,11
78,sybil_23,998.4,993.89,11.7575,3.1121,90.0,E5F5,4,100.39,668.93,1,11
78,sybil_24,973.41,998.4,1.2718,-10.8578,90.0,E5F5,4,111.91,658.93,1,12
78,sybil_3,801.6,220.51,7.6517,-18.5239,0.0,E0E1,9,112.98,582.77,1,1
78,sybil_4,801.6,123.31,21.0382,15.6005,0.0,E0E1,9,51.71,639.49,1,2
78,sybil_5,801.6,123.31,10.6151,-13.4268,180.0,C3C2,9,51.71,639.49,1,2
78,sybil_6,398.4,569.85,0.9202,-24.9381,180.0,C3C2,3,59.76,479.9,1,3
78,sybil_7,398.4,569.85,2.0598,-16.4923,180.0,:C3_1,3,59.76,479.9,1,3
78,sybil_8,398.4,637.08,3.0928,-12.846,180.0,C4C3,3,63.54,480.33,1,4
78,sybil_9,398.4,637.08,3.4572,-9.5354,180.0,C4C3,3,63.54,480.33,1,4
79,legit_0,956.05,798.4,13.4116,-0.2568,90.0,E4F4,3,102.75,569.97,0,-1
79,legit_10,601.7,206.49,6.6183,0.8905,330.43,:D1_4,0,171.68,563.74,0,-1
79,legit_11,601.6,536.88,13.0146,0.6151,0.0,D2D3,1,161.27,453.86,0,-1
79,legit_12,936.26,801.6,12.6338,1.8989,270.0,F4E4,3,120.04,561.44,0,-1
79,legit_13,-1.6,585.5,2.2017,2.2017,180.0,A3A2,0,152.29,707.76,0,-1
79,legit_2,666.52,598.4,11.7811,-0.6541,90.0,D3E3,1,83.5,453.26,0,-1
79,legit_4,708.8,1.6,10.5598,-0.0597,270.0,E0D0,1,125.36,711.33,0,-1
79,legit_5,380.38,1001.6,13.0562,-0.3593,270.0,C5B5,1,104.85,600.03,0,-1
79,legit_6,398.4,914.7,13.3777,0.4949,180.0,C5C4,1,90.79,550.81,0,-1
79,legit_7,5.73,998.4,2.6749,-0.0366,70.08,A5B5,0,165.75,796.31,0,-1
79,legit_8,392.7,198.4,0.0,0.0,90.0,B1C1,2,97.11,596.33,0,-1
79,legit_9,801.6,71.53,12.7709,-0.6152,0.0,E0E1,7,70.79,675.47,0,-1
79,sybil_0,801.6,308.45,9.8122,0.2095,0.0,E1E2,7,72.94,540.52,1,0
79,sybil_1,801.6,308.45,15.3868,1.8673,0.0,E1E2,7,72.94,540.52,1,0
79,sybil_10,398.4,387.56,1.6104,1.6104,180.0,C2C1,3,58.5,511.69,1,5
79,sybil_11,398.4,387.56,22.0495,9.7593,0.0,C1C2,3,58.5,511.69,1,5
79,sybil_12,401.6,356.81,8.1489,-15.1069,0.0,C1C2,3,48.5,520.51,1,6
79,sybil_13,401.6,356.81,3.7029,-3.2389,0.0,C1C2,3,48.5,520.51,1,6
79,sybil_14,401.6,202.69,0.0,-2.8372,0.0,:C1_9,2,95.81,591.43,1,7
79,sybil_15,401.6,202.69,0.0,0.0,270.0,F1E1,2,95.81,591.43,1,7
79,sybil_16,814.8,201.6,0.0,0.0,270.0,F1E1,10,104.2,596.8,1,8
79,sybil_17,814.8,201.6,0.0,-10.9896,270.0,F1E1,10,104.2,596.8,1,8
79,sybil_18,829.85,201.6,0.0303,-2.2232,270.0,F1E1,10,114.17,601.49,1,9
79,sybil_19,829.85,201.6,6.018,5.8193,270.0,F1E1,10,114.17,601.49,1,9
79,sybil_2,801.6,233.31,9.1697,9.1576,0.0,E1E2,9,124.5,576.11,1,1
79,sybil_20,998.4,912.35,4.7243,-2.1051,180.0,F5F4,6,88.86,630.82,1,10
79,sybil_21,998.4,912.35,10.1528,-1.8555,180.0,F5F4,6,88.86,630.82,1,10
79,sybil_22,998.4,988.27,19.5015,13.7939,180.0,F5F4,4,105.25,666.1,1,11
79,sybil_23,998.4,988.27,6.1215,-5.636,90.0,E5F5,4,105.25,666.1,1,11
79,sybil_24,980.0,998.4,10.8829,9.6111,90.0,E5F5,4,107.51,662.09,1,12
79,sybil_3,801.6,233.31,4.6014,-3.0503,0.0,E0E1,9,124.5,576.11,1,1
79,sybil_4,801.6,135.52,4.2753,-16.7629,0.0,E0E1,8,53.88,631.64,1,2
79,sybil_5,801.6,135.52,0.0,-10.6151,180.0,C3C2,8,53.88,631.64,1,2
79,sybil_6,398.4,557.95,23.2443,22.3241,180.0,C3C2,3,66.56,480.69,1,3
79,sybil_7,398.4,557.95,12.506,10.4462,180.0,C3C2,3,66.56,480.69,1,3
79,sybil_8,398.4,623.79,14.7618,11.669,180.0,C4C3,3,56.82,479.57,1,4
79,sybil_9,398.4,623.79,0.0,-3.4572,180.0,C4C3,3,56.82,479.57,1,4
80,legit_0,969.05,798.4,12.9997,-0.412,90.0,E4F4,3,91.01,576.38,0,-1
80,legit_10,601.6,212.59,6.1109,-0.5074,0.0,D1D2,0,174.92,560.34,0,-1
80,legit_11,601.6,549.89,13.0084,-0.0062,0.0,D2D3,1,156.63,452.73,0,-1
80,legit_12,922.61,801.6,13.6491,1.0153,270.0,F4E4,3,133.05,555.2,0,-1
80,legit_13,-1.6,581.28,4.2153,2.0136,180.0,A3A2,0,152.75,707.85,0,-1
80,legit_2,679.58,598.4,13.0631,1.282,90.0,D3E3,1,70.44,454.33,0,-1
80,legit_4,697.55,1.6,11.254,0.6942,270.0,E0D0,1,129.5,709.99,0,-1
80,legit_5,367.55,1001.6,12.8293,-0.2269,270.0,C5B5,1,113.78,604.09,0,-1
80,legit_6,398.4,901.67,13.0306,-0.3471,180.0,C5C4,1,80.41,544.93,0,-1
80,legit_7,9.98,998.4,4.2552,1.5803,90.0,A5B5,0,162.06,793.18,0,-1
80,legit_8,394.07,198.58,1.3809,1.3809,87.92,:C1_14,2,96.45,595.83,0,-1
80,legit_9,801.6,84.84,13.3109,0.5401,0.0,E0E1,7,62.44,665.86,0,-1
80,sybil_0,801.6,319.76,6.5427,-3.2696,0.0,E1E2,7,65.44,535.74,1,0
80,sybil_1,801.6,319.76,21.2773,5.8905,0.0,E1E2,7,65.44,535.74,1,0
80,sybil_10,398.4,381.55,3.2769,1.6665,180.0,C2C1,3,55.92,513.48,1,5
80,sybil_11,398.4,381.55,0.276,-21.7735,0.0,C1C2,3,55.92,513.48,1,5
80,sybil_12,401.6,368.6,12.7156,4.5667,0.0,C1C2,3,49.16,516.53,1,6
80,sybil_13,401.6,368.6,0.0,-3.7029,0.0,C1C2,3,49.16,516.53,1,6
80,sybil_14,401.6,214.51,10.8545,10.8545,0.0,C1C2,2,106.19,585.05,1,7
80,sybil_15,401.6,214.51,1.7509,1.7509,270.0,F1E1,2,106.19,585.05,1,7
80,sybil_16,814.8,201.6,0.0,0.0,270.0,F1E1,10,104.2,596.8,1,8
80,sybil_17,814.8,201.6,12.3232,12.3232,270.0,F1E1,10,104.2,596.8,1,8
80,sybil_18,829.82,201.6,0.0,-0.0303,270.0,F1E1,10,114.15,601.48,1,9
80,sybil_19,829.82,201.6,3.3858,-2.6322,270.0,F1E1,10,114.15,601.48,1,9
80,sybil_2,801.6,246.13,17.4528,8.2831,0.0,E1E2,9,125.02,569.61,1,1
80,sybil_20,998.4,899.59,14.4348,9.7105,180.0,F5F4,6,78.82,625.46,1,10
80,sybil_21,998.4,899.59,0.0,-10.1528,180.0,F5F4,6,78.82,625.46,1,10
80,sybil_22,998.4,980.29,2.8768,-16.6247,180.0,F5F4,4,112.27,662.14,1,11
80,sybil_23,998.4,980.29,0.5472,-5.5743,90.0,E5F5,4,112.27,662.14,1,11
80,sybil_24,984.44,998.4,14.0547,3.1718,90.0,E5F5,4,104.67,664.26,1,12
80,sybil_3,801.6,246.13,22.1121,17.5107,0.0,:E1_9,9,125.02,569.61,1,1
80,sybil_4,801.6,148.16,1.2938,-2.9815,0.0,E0E1,8,58.78,623.78,1,2
80,sybil_5,801.6,148.16,8.8565,8.8565,180.0,C3C2,8,58.78,623.78,1,2
80,sybil_6,398.4,545.76,6.8794,-16.3649,180.0,C3C2,3,74.86,481.73,1,3
80,sybil_7,398.4,545.76,19.1249,6.6189,180.0,C3C2,3,74.86,481.73,1,3
80,sybil_8,398.4,610.35,21.6099,6.8481,180.0,C4C3,3,52.63,479.12,1,4
80,sybil_9,398.4,610.35,24.8857,24.8857,180.0,C4C3,3,52.63,479.12,1,4
81,legit_0,980.68,798.4,11.6296,-1.3701,90.0,E4F4,3,80.84,582.27,0,-1
81,legit_10,601.6,220.38,7.7843,1.6734,0.0,D1D2,0,179.16,556.08,0,-1
81,legit_11,601.6,562.33,12.4463,-0.5621,0.0,D2D3,1,153.11,451.88,0,-1
81,legit_12,909.86,801.6,12.7584,-0.8907,270.0,F4E4,3,145.31,549.54,0,-1
81,legit_13,-1.6,574.48,6.8045,2.5891,180.0,A3A2,0,153.73,708.04,0,-1
81,legit_2,691.85,598.4,12.2697,-0.7934,90.0,D3E3,1,58.17,455.52,0,-1
81,legit_4,686.88,1.6,10.6683,-0.5857,270.0,E0D0,1,134.17,708.86,0,-1
81,legit_5,354.34,1001.6,13.2103,0.381,270.0,C5B5,1,123.69,608.48,0,-1
81,legit_6,398.4,888.29,13.3762,0.3456,180.0,C5C4,1,70.67,539.12,0,-1
81,legit_7,16.29,998.4,6.3022,2.047,90.0,A5B5,0,156.65,788.56,0,-1
81,legit_8,397.45,199.43,3.5404,2.1596,77.97,:C1_14,2,95.24,594.39,0,-1
81,legit_9,801.6,98.0,13.1573,-0.1537,0.0,E0E1,7,56.09,656.57,0,-1
81,sybil_0,801.6,331.54,31.6502,25.1075,0.0,E1E2,7,58.93,530.97,1,0
81,sybil_1,801.6,331.54,10.7697,-10.5075,0.0,E1E2,7,58.93,530.97,1,0
81,sybil_10,398.4,373.68,7.6616,4.3847,180.0,C2C1,5,53.38,515.91,1,5
81,sybil_11,398.4,373.68,3.9583,3.6823,331.6,:C2_19,5,53.38,515.91,1,5
81,sybil_12,401.6,378.46,5.2559,-7.4597,0.0,C1C2,3,51.8,513.41,1,6
81,sybil_13,401.6,378.46,23.2112,23.2112,0.0,C1C2,3,51.8,513.41,1,6
81,sybil_14,401.6,226.05,1.6973,-9.1572,0.0,C1C2,4,116.57,578.96,1,7
81,sybil_15,401.6,226.05,0.0,-1.7509,270.0,F1E1,4,116.57,578.96,1,7
81,sybil_16,814.8,201.6,0.0,0.0,270.0,F1E1,10,104.2,596.8,1,8
81,sybil_17,814.8,201.6,0.0,-12.3232,270.0,F1E1,10,104.2,596.8,1,8
81,sybil_18,829.81,201.6,7.6852,7.6852,270.0,F1E1,10,114.14,601.48,1,9
81,sybil_19,829.81,201.6,6.4406,3.0548,270.0,F1E1,10,114.14,601.48,1,9
81,sybil_2,801.6,258.9,5.5991,-11.8537,0.0,E1E2,9,113.5,563.29,1,1
81,sybil_20,998.4,887.47,12.9586,-1.4762,180.0,F5F4,6,70.11,620.55,1,10
81,sybil_21,998.4,887.47,11.8128,11.8128,180.0,F5F4,6,70.11,620.55,1,10
81,sybil_22,998.4,970.09,8.6014,5.7246,180.0,F5F4,4,121.42,657.15,1,11
81,sybil_23,998.4,970.09,13.3049,12.7577,115.89,F5F4,4,121.42,657.15,1,11
81,sybil_24,988.87,998.4,2.9954,-11.0593,90.0,E5F5,4,101.96,666.44,1,12
81,sybil_3,801.6,258.9,6.4325,-15.6796,0.0,E1E2,9,113.5,563.29,1,1
81,sybil_4,801.6,159.84,0.0,-1.2938,0.0,E0E1,8,65.19,616.73,1,2
81,sybil_5,801.6,159.84,21.2687,12.4122,180.0,C3C2,8,65.19,616.73,1,2
81,sybil_6,398.4,533.2,13.7765,6.8971,180.0,C3C2,3,84.41,483.01,1,3
81,sybil_7,398.4,533.2,21.4608,2.336,180.0,C3C2,3,84.41,483.01,1,3
81,sybil_8,398.4,597.29,16.2486,-5.3613,180.0,:C3_1,3,51.67,479.02,1,4
81,sybil_9,398.4,597.29,15.8911,-8.9946,180.0,C4C3,3,51.67,479.02,1,4
82,legit_0,988.62,798.4,7.9424,-3.6872,90.0,E4F4,3,74.15,586.38,0,-1
82,legit_10,601.6,229.7,9.3211,1.5368,0.0,D1D2,0,184.54,551.07,0,-1
82,legit_11,601.6,575.75,13.4175,0.9712,0.0,D2D3,1,150.37,451.23,0,-1
82,legit_12,897.16,801.6,12.6932,-0.0652,270.0,F4E4,3,152.09,544.09,0,-1
82,legit_13,-1.6,565.5,8.9807,2.1762,180.0,A3A2,0,155.48,708.37,0,-1
82,legit_2,704.48,598.4,12.6285,0.3588,90.0,D3E3,1,45.55,456.92,0,-1
82,legit_4,676.57,1.6,10.3088,-0.3595,270.0,E0D0,0,139.32,707.91,0,-1
82,legit_5,340.57,1001.6,13.7706,0.5604,270.0,C5B5,1,134.62,613.27,0,-1
82,legit_6,398.4,874.84,13.4538,0.0776,180.0,C5C4,1,62.26,533.53,0,-1
82,legit_7,24.33,998.4,8.0433,1.7411,90.0,A5B5,0,149.84,782.71,0,-1
82,legit_8,400.84,203.01,5.0816,1.5412,43.24,:C1_14,2,96.47,591.47,0,-1
82,legit_9,801.6,110.97,12.973,-0.1843,0.0,E0E1,6,52.38,647.68,0,-1
82,sybil_0,801.6,343.44,8.86,-22.7902,0.0,E1E2,7,54.19,526.38,1,0
82,sybil_1,801.6,343.44,18.4396,7.6699,0.0,E1E2,7,54.19,526.38,1,0
82,sybil_10,398.4,364.29,7.0896,-0.572,180.0,C2C1,5,51.78,518.97,1,5
82,sybil_11,398.4,364.29,0.0,-3.9583,222.44,C2C1,5,51.78,518.97,1,5
82,sybil_12,401.6,384.33,6.2483,0.9924,0.0,C1C2,7,54.17,511.64,1,6
82,sybil_13,401.6,384.33,11.5734,-11.6378,0.0,C1C2,7,54.17,511.64,1,6
82,sybil_14,401.6,237.41,1.0194,-0.6779,0.0,C1C2,6,126.99,573.11,1,7
82,sybil_15,401.6,237.41,0.0,0.0,270.0,F1E1,6,126.99,573.11,1,7
82,sybil_16,814.8,201.6,9.7571,9.7571,270.0,F1E1,10,104.2,596.8,1,8
82,sybil_17,814.8,201.6,0.0,0.0,270.0,F1E1,10,104.2,596.8,1,8
82,sybil_18,829.81,201.6,4.1759,-3.5093,270.0,F1E1,10,114.14,601.48,1,9
82,sybil_19,829.81,201.6,0.0,-6.4406,270.0,F1E1,10,114.14,601.48,1,9
82,sybil_2,801.6,271.02,18.6733,13.0743,0.0,E1E2,9,102.86,557.47,1,1
82,sybil_20,998.4,874.57,13.2869,0.3283,180.0,F5F4,6,62.11,615.53,1,10
82,sybil_21,998.4,874.57,19.7373,7.9245,180.0,F5F4,6,62.11,615.53,1,10
82,sybil_22,998.4,957.35,17.7623,9.1609,180.0,F5F4,4,128.19,651.06,1,11
82,sybil_23,998.4,957.35,14.6083,1.3034,180.0,F5F4,4,128.19,651.06,1,11
82,sybil_24,991.73,998.4,7.6168,4.6214,90.0,E5F5,4,100.27,667.87,1,12
82,sybil_3,801.6,271.02,20.1257,13.6932,0.0,E1E2,9,102.86,557.47,1,1
82,sybil_4,801.6,171.57,12.2474,12.2474,0.0,E0E1,8,72.95,609.84,1,2
82,sybil_5,801.6,171.57,12.1165,-9.1522,180.0,C3C2,8,72.95,609.84,1,2
82,sybil_6,398.4,520.8,26.6376,12.8612,180.0,C3C2,5,94.53,484.47,1,3
82,sybil_7,398.4,520.8,26.9059,5.4451,180.0,C3C2,5,94.53,484.47,1,3
82,sybil_8,398.4,584.64,14.5427,-1.7059,180.0,C3C2,3,53.84,479.25,1,4
82,sybil_9,398.4,584.64,19.8477,3.9567,180.0,C4C3,3,53.84,479.25,1,4
83,legit_0,992.07,798.4,3.4424,-4.5,90.0,E4F4,5,71.32,588.18,0,-1
83,legit_10,601.6,241.17,11.4728,2.1518,0.0,D1D2,0,190.11,545.06,0,-1
83,legit_11,601.6,586.24,10.4918,-2.9257,0.0,D2D3,1,149.04,450.92,0,-1
83,legit_12,883.67,801.6,13.491,0.7977,270.0,F4E4,3,139.08,538.47,0,-1
83,legit_13,-1.6,554.58,10.9179,1.9371,180.0,A3A2,0,158.26,708.91,0,-1
83,legit_2,716.7,598.4,12.2181,-0.4104,90.0,D3E3,1,33.34,458.46,0,-1
83,legit_4,666.24,1.6,10.331,0.0222,270.0,E0D0,0,145.03,707.08,0,-1
83,legit_5,327.58,1001.6,12.982,-0.7887,270.0,C5B5,0,145.37,617.97,0,-1
83,legit_6,398.4,861.58,13.2572,-0.1966,180.0,C5C4,0,55.93,528.28,0,-1
83,legit_7,33.87,998.4,9.5433,1.5,90.0,A5B5,0,141.93,775.82,0,-1
83,legit_8,401.6,210.34,7.4319,2.3503,3.02,C1C2,4,102.49,587.28,0,-1
83,legit_9,801.6,124.62,13.6453,0.6722,0.0,E0E1,6,51.81,638.63,0,-1
83,sybil_0,801.6,354.78,13.438,4.578,0.0,E1E2,3,51.86,522.25,1,0
83,sybil_1,801.6,354.78,4.9166,-13.523,0.0,E1E2,3,51.86,522.25,1,0
83,sybil_10,398.4,352.6,12.2762,5.1865,180.0,C2C1,6,52.13,523.02,1,5
83,sybil_11,398.4,352.6,0.0,0.0,180.0,C2C1,6,52.13,523.02,1,5
83,sybil_12,401.6,389.51,14.4185,8.1702,0.0,C1C2,7,56.69,510.12,1,6
83,sybil_13,401.6,389.51,18.9703,7.397,0.0,C1C2,7,56.69,510.12,1,6
83,sybil_14,401.6,248.4,10.4263,9.4069,0.0,C1C2,6,121.64,567.56,1,7
83,sybil_15,401.6,248.4,0.0,0.0,270.0,F1E1,6,121.64,567.56,1,7
83,sybil_16,814.8,201.6,0.0,-9.7571,270.0,F1E1,8,104.2,596.8,1,8
83,sybil_17,814.8,201.6,12.971,12.971,270.0,F1E1,8,104.2,596.8,1,8
83,sybil_18,829.8,201.6,0.0,-4.1759,270.0,F1E1,8,114.14,601.48,1,9
83,sybil_19,829.8,201.6,8.4908,8.4908,270.0,F1E1,8,114.14,601.48,1,9
83,sybil_2,801.6,283.74,15.9376,-2.7358,0.0,E1E2,9,92.07,551.52,1,1
83,sybil_20,998.4,862.68,7.9616,-5.3253,180.0,F5F4,6,56.37,611.12,1,10
83,sybil_21,998.4,862.68,8.2091,-11.5282,180.0,F5F4,6,56.37,611.12,1,10
83,sybil_22,998.4,944.28,17.3672,-0.3951,180.0,F5F4,5,116.35,644.98,1,11
83,sybil_23,998.4,944.28,6.3956,-8.2127,180.0,F5F4,5,116.35,644.98,1,11
83,sybil_24,995.53,998.4,9.3613,1.7445,90.0,E5F5,4,98.11,669.77,1,12
83,sybil_3,801.6,283.74,8.8277,-11.298,0.0,E1E2,9,92.07,551.52,1,1
83,sybil_4,801.6,183.78,4.4122,-7.8352,0.0,E0E1,8,82.04,602.84,1,2
83,sybil_5,801.6,183.78,13.171,1.0545,180.0,C3C2,8,82.04,602.84,1,2
83,sybil_6,398.4,508.01,5.9416,-20.696,180.0,C3C2,5,105.47,486.17,1,3
83,sybil_7,398.4,508.01,20.7869,-6.119,180.0,C3C2,5,105.47,486.17,1,3
83,sybil_8,398.4,571.06,3.0932,-11.4495,180.0,C3C2,3,59.16,479.83,1,4
83,sybil_9,398.4,571.06,6.7097,-13.138,180.0,C4C3,3,59.16,479.83,1,4
84,legit_0,994.38,800.04,3.1167,-0.3257,68.63,:F4_8,5,68.49,589.82,0,-1
84,legit_10,601.6,254.25,13.0772,1.6043,0.0,D1D2,0,182.23,538.41,0,-1
84,legit_11,601.6,592.68,6.4332,-4.0587,0.0,D2D3,1,148.58,450.82,0,-1
84,legit_12,871.01,801.6,12.6602,-0.8307,270.0,F4E4,3,126.96,533.37,0,-1
84,legit_13,-1.6,541.36,13.2186,2.3008,180.0,A3A2,0,162.55,709.77,0,-1
84,legit_2,728.78,598.4,12.0823,-0.1358,90.0,D3E3,1,21.28,460.14,0,-1
84,legit_4,655.79,1.6,10.4514,0.1204,270.0,E0D0,0,151.31,706.36,0,-1
84,legit_5,313.98,1001.6,13.6016,0.6196,270.0,C5B5,0,157.0,623.1,0,-1
84,legit_6,398.4,848.37,13.2138,-0.0434,180.0,C5C4,0,52.27,523.37,0,-1
84,legit_7,45.75,998.4,11.8761,2.3328,90.0,A5B5,0,132.39,767.36,0,-1
84,legit_8,401.6,219.44,9.1007,1.6689,0.0,C1C2,4,110.6,582.43,0,-1
84,legit_9,801.6,137.84,13.2234,-0.4218,0.0,E0E1,6,54.6,630.18,0,-1
84,sybil_0,801.6,366.65,12.5985,-0.8395,0.0,E1E2,3,52.03,518.19,1,0
84,sybil_1,801.6,366.65,22.2143,17.2977,0.0,E1E2,3,52.03,518.19,1,0
84,sybil_10,398.4,339.5,5.6331,-6.6431,180.0,C2C1,6,55.52,527.87,1,5
84,sybil_11,398.4,339.5,15.9535,15.9535,180.0,C2C1,6,55.52,527.87,1,5
84,sybil_12,401.6,392.65,0.0,-14.4185,0.0,C1C2,7,58.38,509.23,1,6
84,sybil_13,401.6,392.65,12.3222,-6.6481,0.0,C1C2,7,58.38,509.23,1,6
84,sybil_14,401.6,259.59,27.8784,17.4521,0.0,C1C2,6,111.46,562.04,1,7
84,sybil_15,401.6,259.59,10.8705,10.8705,270.0,F1E1,6,111.46,562.04,1,7
84,sybil_16,814.8,201.6,0.0,0.0,270.0,F1E1,8,104.2,596.8,1,8
84,sybil_17,814.8,201.6,0.2755,-12.6955,270.0,F1E1,8,104.2,596.8,1,8
84,sybil_18,829.8,201.6,16.6502,16.6502,270.0,F1E1,8,114.14,601.48,1,9
84,sybil_19,829.8,201.6,0.0,-8.4908,270.0,F1E1,8,114.14,601.48,1,9
84,sybil_2,801.6,296.59,4.8449,-11.0926,0.0,E1E2,9,81.75,545.71,1,1
84,sybil_20,998.4,850.45,15.624,7.6624,180.0,F5F4,6,52.65,606.82,1,10
84,sybil_21,998.4,850.45,3.9592,-4.2499,180.0,F5F4,6,52.65,606.82,1,10
84,sybil_22,998.4,930.67,25.7262,8.359,180.0,F5F4,5,104.32,638.82,1,11
84,sybil_23,998.4,930.67,18.5952,12.1996,180.0,F5F4,5,104.32,638.82,1,11
84,sybil_24,998.36,997.1,5.6541,-3.7072,106.95,:F5_1,4,97.67,670.54,1,12
84,sybil_3,801.6,296.59,15.4591,6.6314,0.0,E1E2,9,81.75,545.71,1,1
84,sybil_4,801.6,195.52,0.0,-4.4122,0.0,:E1_9,8,91.46,596.27,1,2
84,sybil_5,801.6,195.52,13.4616,0.2906,180.0,C3C2,8,91.46,596.27,1,2
84,sybil_6,398.4,495.68,8.7404,2.7988,180.0,C3C2,5,116.38,487.99,1,3
84,sybil_7,398.4,495.68,11.2794,-9.5075,180.0,C3C2,5,116.38,487.99,1,3
84,sybil_8,398.4,558.12,23.3625,20.2693,180.0,C3C2,3,66.46,480.68,1,4
84,sybil_9,398.4,558.12,2.16,-4.5497,180.0,C4C3,3,66.46,480.68,1,4
85,legit_0,991.22,801.6,3.8684,0.7517,313.7,F4E4,5,70.21,588.56,0,-1
85,legit_10,601.6,267.23,12.979,-0.0982,0.0,D1D2,0,175.01,532.02,0,-1
85,legit_11,604.23,597.74,6.0718,-0.3613,31.95,:D3_8,1,145.79,450.79,0,-1
85,legit_12,857.15,801.6,13.8663,1.2061,270.0,F4E4,3,113.82,527.99,0,-1
85,legit_13,-1.6,528.54,12.8169,-0.4017,180.0,A3A2,0,167.6,710.79,0,-1
85,legit_14,401.6,212.3,0.0,0.0,0.0,C1C2,5,104.22,586.23,0,-1
85,legit_2,741.53,598.4,12.7533,0.671,90.0,D3E3,1,8.62,462.11,0,-1
85,legit_4,644.4,1.6,11.3933,0.9419,270.0,E0D0,0,158.65,705.73,0,-1
85,legit_5,301.33,1001.6,12.6496,-0.952,270.0,C5B5,0,168.07,628.03,0,-1
85,legit_6,398.4,835.09,13.2722,0.0584,180.0,C5C4,0,51.83,518.77,0,-1
85,legit_7,59.63,998.4,13.8789,2.0027,90.0,A5B5,0,121.76,757.61,0,-1
85,legit_8,401.6,230.39,10.948,1.8473,0.0,C1C2,5,120.54,576.71,0,-1
85,legit_9,801.6,150.58,12.7439,-0.4796,0.0,E0E1,6,59.98,622.3,0,-1
85,sybil_0,801.6,378.0,14.4452,1.8466,0.0,E1E2,3,54.65,514.56,1,0
85,sybil_1,801.6,378.0,0.0,-22.2143,0.0,E1E2,3,54.65,514.56,1,0
85,sybil_10,398.4,325.85,3.5883,-2.0448,180.0,C2C1,7,61.88,533.25,1,5
85,sybil_11,398.4,325.85,8.765,-7.1884,180.0,C2C1,7,61.88,533.25,1,5
85,sybil_12,399.85,394.33,19.8628,19.8628,336.57,:C2_19,9,60.77,509.3,1,6
85,sybil_13,399.85,394.33,20.6576,8.3354,0.0,C1C2,9,60.77,509.3,1,6
85,sybil_14,401.6,271.68,11.5468,-16.3316,0.0,C1C2,7,100.71,556.23,1,7
85,sybil_15,401.6,271.68,3.7754,-7.0951,270.0,F1E1,7,100.71,556.23,1,7
85,sybil_16,814.8,201.6,1.1186,1.1186,270.0,F1E1,8,104.2,596.8,1,8
85,sybil_17,814.8,201.6,0.0,-0.2755,270.0,F1E1,8,104.2,596.8,1,8
85,sybil_18,829.8,201.6,0.0,-16.6502,270.0,F1E1,8,114.14,601.48,1,9
85,sybil_19,829.8,201.6,0.0,0.0,270.0,F1E1,8,114.14,601.48,1,9
85,sybil_2,801.6,309.35,13.2897,8.4448,0.0,E1E2,9,72.31,540.13,1,1
85,sybil_20,998.4,838.47,17.3324,1.7084,180.0,F5F4,5,51.62,602.88,1,10
85,sybil_21,998.4,838.47,16.9505,12.9914,180.0,F5F4,5,51.62,602.88,1,10
85,sybil_22,998.4,917.0,8.4335,-17.2926,180.0,F5F4,5,92.69,632.82,1,11
85,sybil_23,998.4,917.0,12.5806,-6.0147,180.0,F5F4,5,92.69,632.82,1,11
85,sybil_24,998.4,993.35,8.588,2.934,172.6,F5F4,2,100.85,668.66,1,12
85,sybil_3,801.6,309.35,6.5614,-8.8977,0.0,E1E2,9,72.31,540.13,1,1
85,sybil_4,801.6,207.29,5.0125,5.0125,0.0,E1E2,8,101.4,589.83,1,2
85,sybil_5,801.6,207.29,1.8474,-11.6143,180.0,C3C2,8,101.4,589.83,1,2
85,sybil_6,398.4,482.25,30.5145,21.774,180.0,C3C2,5,128.56,490.18,1,3
85,sybil_7,398.4,482.25,12.573,1.2936,180.0,C3C2,5,128.56,490.18,1,3
85,sybil_8,398.4,544.26,16.5439,-6.8186,180.0,C3C2,5,75.96,481.87,1,4
85,sybil_9,398.4,544.26,10.2691,8.109,180.0,C4C3,5,75.96,481.87,1,4
86,legit_0,986.01,801.6,5.2046,1.3362,270.0,F4E4,5,74.62,585.85,0,-1
86,legit_10,601.6,280.89,13.6688,0.6898,0.0,D1D2,0,168.17,525.54,0,-1
86,legit_11,609.18,598.4,5.0645,-1.0073,82.67,D3E3,1,140.83,450.82,0,-1
86,legit_12,844.45,801.6,12.7003,-1.166,270.0,F4E4,1,101.95,523.24,0,-1
86,legit_13,-1.6,515.49,13.0512,0.2343,180.0,A3A2,0,173.56,712.04,0,-1
86,legit_14,401.6,214.52,2.2207,2.2207,0.0,C1C2,5,106.19,585.05,0,-1
86,legit_2,753.48,598.4,11.9466,-0.8067,90.0,D3E3,1,3.83,464.47,0,-1
86,legit_4,632.95,1.6,11.4497,0.0563,270.0,E0D0,0,166.49,705.24,0,-1
86,legit_5,287.68,1001.6,13.648,0.9984,270.0,C5B5,0,158.44,633.54,0,-1
86,legit_6,398.4,822.4,12.6957,-0.5764,180.0,C5C4,0,54.52,514.69,0,-1
86,legit_7,72.76,998.4,13.1359,-0.743,90.0,A5B5,0,112.36,748.55,0,-1
86,legit_8,401.6,242.76,12.3639,1.4159,0.0,C1C2,7,126.84,570.39,0,-1
86,legit_9,801.6,163.81,13.2227,0.4789,0.0,E0E1,6,67.69,614.38,0,-1
86,sybil_0,801.6,386.88,0.0,-14.4452,0.0,E1E2,3,58.18,511.9,1,0
86,sybil_1,801.6,386.88,7.2259,7.2259,0.0,E1E2,3,58.18,511.9,1,0
86,sybil_10,398.4,312.53,3.8622,0.2739,180.0,C2C1,7,70.11,538.77,1,5
86,sybil_11,398.4,312.53,5.1458,-3.6192,180.0,C2C1,7,70.11,538.77,1,5
86,sybil_12,398.4,392.31,0.0,-19.8628,258.79,C2C1,10,60.88,510.33,1,6
86,sybil_13,398.4,392.31,8.3474,-12.3102,0.0,C1C2,10,60.88,510.33,1,6
86,sybil_14,401.6,283.45,25.0545,13.5077,0.0,C1C2,7,90.56,550.72,1,7
86,sybil_15,401.6,283.45,0.0,-3.7754,270.0,F1E1,7,90.56,550.72,1,7
86,sybil_16,814.8,201.6,3.7751,2.6565,270.0,F1E1,8,104.2,596.8,1,8
86,sybil_17,814.8,201.6,9.0115,9.0115,270.0,F1E1,8,104.2,596.8,1,8
86,sybil_18,829.8,201.6,0.0,0.0,270.0,F1E1,8,114.14,601.48,1,9
86,sybil_19,829.8,201.6,0.0,0.0,270.0,F1E1,8,114.14,601.48,1,9
86,sybil_2,801.6,321.69,22.9802,9.6904,0.0,E1E2,9,64.26,534.94,1,1
86,sybil_20,998.4,825.66,0.4975,-16.8349,180.0,F5F4,4,53.56,598.95,1,10
86,sybil_21,998.4,825.66,3.8722,-13.0784,180.0,F5F4,4,53.56,598.95,1,10
86,sybil_22,998.4,904.32,11.8019,3.3684,180.0,F5F4,5,82.46,627.43,1,11
86,sybil_23,998.4,904.32,18.496,5.9154,180.0,F5F4,5,82.46,627.43,1,11
86,sybil_24,998.4,987.82,9.9189,1.3309,180.0,F5F4,2,105.64,665.88,1,12
86,sybil_3,801.6,321.69,15.0862,8.5248,0.0,E1E2,9,64.26,534.94,1,1
86,sybil_4,801.6,219.48,13.6668,8.6543,0.0,E1E2,8,112.07,583.32,1,2
86,sybil_5,801.6,219.48,5.9011,4.0538,180.0,C3C2,8,112.07,583.32,1,2
86,sybil_6,398.4,469.01,26.522,-3.9925,180.0,C3C2,5,120.61,492.54,1,3
86,sybil_7,398.4,469.01,19.1496,6.5765,180.0,C3C2,5,120.61,492.54,1,3
86,sybil_8,398.4,530.58,19.5262,2.9823,180.0,C3C2,5,86.5,483.3,1,4
86,sybil_9,398.4,530.58,6.5731,-3.6959,180.0,C4C3,5,86.5,483.3,1,4
87,legit_0,979.07,801.6,6.9443,1.7397,270.0,F4E4,5,80.66,582.28,0,-1
87,legit_10,601.6,293.82,12.9277,-0.741,0.0,D1D2,0,162.49,519.63,0,-1
87,legit_11,616.48,598.4,7.2957,2.2312,90.0,D3E3,1,133.53,450.93,0,-1
87,legit_12,831.58,801.6,12.8624,0.1621,270.0,F4E4,1,90.17,518.62,0,-1
87,legit_13,-1.6,502.12,13.3769,0.3257,180.0,A3A2,0,180.45,713.52,0,-1
87,legit_14,401.6,218.14,3.6157,1.3951,0.0,C1C2,5,109.42,583.12,0,-1
87,legit_2,765.45,598.4,11.9713,0.0246,90.0,D3E3,1,15.53,467.83,0,-1
87,legit_4,621.92,1.6,11.0251,-0.4245,270.0,E0D0,0,174.42,704.9,0,-1
87,legit_5,273.98,1001.6,13.7052,0.0572,270.0,C5B5,0,146.69,639.27,0,-1
87,legit_6,398.4,812.24,10.1607,-2.535,180.0,C5C4,0,58.59,511.64,0,-1
87,legit_7,85.76,998.4,12.9915,-0.1444,90.0,A5B5,0,103.85,739.75,0,-1
87,legit_8,401.6,256.54,13.781,1.4171,0.0,C1C2,7,114.22,563.54,0,-1
87,legit_9,801.6,177.22,13.4109,0.1882,0.0,E0E1,6,77.05,606.58,0,-1
87,sybil_0,801.6,391.8,0.0,0.0,0.0,E1E2,3,60.61,510.47,1,0
87,sybil_1,801.6,391.8,6.5411,-0.6848,0.0,E1E2,3,60.61,510.47,1,0
87,sybil_10,398.4,299.69,16.2785,12.4163,180.0,C2C1,7,79.37,544.33,1,5
87,sybil_11,398.4,299.69,2.4891,-2.6567,180.0,C2C1,7,79.37,544.33,1,5
87,sybil_12,398.4,387.73,0.0,0.0,180.0,C2C1,10,58.58,511.65,1,6
87,sybil_13,398.4,387.73,0.0,-8.3474,0.0,C1C2,10,58.58,511.65,1,6
87,sybil_14,401.6,294.37,0.0,-25.0545,0.0,C1C2,7,81.55,545.75,1,7
87,sybil_15,401.6,294.37,0.0,0.0,270.0,F1E1,7,81.55,545.75,1,7
87,sybil_16,814.8,201.6,4.2301,0.4549,270.0,F1E1,8,104.2,596.8,1,8
87,sybil_17,814.8,201.6,0.0,-9.0115,270.0,F1E1,8,104.2,596.8,1,8
87,sybil_18,829.8,201.6,6.288,6.288,270.0,F1E1,8,114.14,601.48,1,9
87,sybil_19,829.8,201.6,0.0,0.0,270.0,F1E1,8,114.14,601.48,1,9
87,sybil_2,801.6,334.63,5.6927,-17.2874,0.0,E1E2,9,57.5,529.75,1,1
87,sybil_20,998.4,814.47,13.0452,12.5477,180.0,F5F4,4,57.57,595.77,1,10
87,sybil_21,998.4,814.47,10.3674,6.4953,180.0,F5F4,4,57.57,595.77,1,10
87,sybil_22,998.4,891.62,23.3138,11.5119,180.0,F5F4,5,72.99,622.21,1,11
87,sybil_23,998.4,891.62,0.0,-18.496,180.0,F5F4,5,72.99,622.21,1,11
87,sybil_24,998.4,980.74,15.0645,5.1455,180.0,F5F4,2,111.87,662.36,1,12
87,sybil_3,801.6,334.63,12.4952,-2.591,0.0,E1E2,9,57.5,529.75,1,1
87,sybil_4,801.6,232.23,17.8422,4.1754,0.0,E1E2,8,123.52,576.67,1,2
87,sybil_5,801.6,232.23,14.6813,8.7801,180.0,C3C2,8,123.52,576.67,1,2
87,sybil_6,398.4,457.65,15.8698,-10.6522,180.0,C3C2,5,110.44,494.72,1,3
87,sybil_7,398.4,457.65,16.6799,-2.4696,180.0,C3C2,5,110.44,494.72,1,3
87,sybil_8,398.4,517.45,18.7259,-0.8003,180.0,C3C2,5,97.35,484.89,1,4
87,sybil_9,398.4,517.45,22.8207,16.2475,180.0,C4C3,5,97.35,484.89,1,4
88,legit_0,970.6,801.6,8.4657,1.5213,270.0,F4E4,4,88.19,578.0,0,-1
88,legit_10,601.6,306.42,12.5923,-0.3354,0.0,D1D2,0,157.78,514.1,0,-1
88,legit_11,625.09,598.4,8.6138,1.3181,90.0,D3E3,0,124.92,451.13,0,-1
88,legit_12,819.34,801.6,12.2437,-0.6187,270.0,F4E4,0,79.26,514.41,0,-1
88,legit_13,-1.6,488.24,13.8794,0.5026,180.0,A3A2,0,188.34,715.28,0,-1
88,legit_14,401.6,223.14,5.0041,1.3883,0.0,C1C2,5,113.93,580.49,0,-1
88,legit_2,777.69,598.4,12.2424,0.2712,90.0,D3E3,0,27.74,471.45,0,-1
88,legit_4,611.69,1.6,10.2267,-0.7985,270.0,E0D0,0,182.06,704.72,0,-1
88,legit_5,260.38,1001.6,13.6002,-0.105,270.0,C5B5,0,135.39,645.14,0,-1
88,legit_6,398.49,806.58,5.6607,-4.5,178.99,:C4_2,0,61.4,509.99,0,-1
88,legit_7,98.49,998.4,12.7308,-0.2607,90.0,A5B5,0,96.5,731.32,0,-1
88,legit_8,401.6,269.81,13.2758,-0.5052,0.0,C1C2,7,102.35,557.12,0,-1
88,legit_9,801.6,190.91,13.6936,0.2827,0.0,E0E1,6,87.7,598.83,0,-1
88,sybil_0,800.59,394.11,0.0,0.0,347.65,:E2_19,3,61.01,509.5,1,0
88,sybil_1,800.59,394.11,0.0,-6.5411,0.0,E1E2,3,61.01,509.5,1,0
88,sybil_10,398.4,286.13,19.5203,3.2418,180.0,C2C1,7,90.11,550.43,1,5
88,sybil_11,398.4,286.13,0.5771,-1.912,180.0,C2C1,7,90.11,550.43,1,5
88,sybil_12,398.4,381.67,6.5024,6.5024,180.0,C2C1,10,55.97,513.44,1,6
88,sybil_13,398.4,381.67,8.4617,8.4617,0.0,C1C2,10,55.97,513.44,1,6
88,sybil_14,401.6,306.22,16.9235,16.9235,0.0,C1C2,9,72.35,540.52,1,7
88,sybil_15,401.6,306.22,0.0,0.0,270.0,F1E1,9,72.35,540.52,1,7
88,sybil_16,814.8,201.6,0.0,-4.2301,270.0,F1E1,8,104.2,596.8,1,8
88,sybil_17,814.8,201.6,0.0,0.0,270.0,F1E1,8,104.2,596.8,1,8
88,sybil_18,829.8,201.6,0.0,-6.288,270.0,F1E1,8,114.14,601.48,1,9
88,sybil_19,829.8,201.6,0.0,0.0,270.0,F1E1,8,114.14,601.48,1,9
88,sybil_2,801.6,346.78,12.3552,6.6625,0.0,E1E2,9,53.27,525.14,1,1
88,sybil_20,998.4,807.79,1.1491,-11.8961,180.0,F5F4,4,60.83,593.96,1,10
88,sybil_21,998.4,807.79,3.6699,-6.6975,180.0,F5F4,4,60.83,593.96,1,10
88,sybil_22,998.4,877.96,17.5078,-5.806,180.0,F5F4,5,64.06,616.83,1,11
88,sybil_23,998.4,877.96,9.6682,9.6682,180.0,F5F4,5,64.06,616.83,1,11
88,sybil_24,998.4,971.97,15.2308,0.1663,180.0,F5F4,2,119.72,658.06,1,12
88,sybil_3,801.6,346.78,24.1194,11.6242,0.0,E1E2,9,53.27,525.14,1,1
88,sybil_4,801.6,243.87,6.8578,-10.9844,0.0,E1E2,8,127.08,570.74,1,2
88,sybil_5,801.6,243.87,13.9917,-0.6896,180.0,C3C2,8,127.08,570.74,1,2
88,sybil_6,398.4,444.53,25.7586,9.8889,180.0,C3C2,7,99.04,497.42,1,3
88,sybil_7,398.4,444.53,5.1235,-11.5565,180.0,C3C2,7,99.04,497.42,1,3
88,sybil_8,398.4,504.81,7.2884,-11.4375,180.0,C3C2,5,108.27,486.63,1,4
88,sybil_9,398.4,504.81,23.9903,1.1696,180.0,C4C3,5,108.27,486.63,1,4
89,legit_0,960.66,801.6,9.9482,1.4825,270.0,F4E4,5,97.25,573.07,0,-1
89,legit_10,601.6,319.98,13.5681,0.9757,0.0,D1D2,0,153.7,508.4,0,-1
89,legit_11,635.62,598.4,10.5262,1.9125,90.0,D3E3,0,114.39,451.49,0,-1
89,legit_12,811.33,801.6,8.0134,-4.2303,270.0,F4E4,1,72.36,511.75,0,-1
89,legit_13,-1.6,475.58,12.654,-1.2254,180.0,A3A2,0,190.64,717.08,0,-1
89,legit_14,401.6,230.6,7.4559,2.4518,0.0,C1C2,7,120.72,576.6,0,-1
89,legit_2,790.66,598.4,12.9681,0.7257,90.0,D3E3,0,40.69,475.47,0,-1
89,legit_4,601.51,1.6,10.1849,-0.0418,270.0,:D0_4,0,189.92,704.64,0,-1
89,legit_5,246.7,1001.6,13.6836,0.0834,270.0,C5B5,1,124.49,651.25,0,-1
89,legit_6,401.91,799.82,8.0019,2.3412,141.76,:C4_16,0,62.67,507.05,0,-1
89,legit_7,112.14,998.4,13.651,0.9202,90.0,A5B5,1,89.96,722.48,0,-1
89,legit_8,401.6,283.27,13.4523,0.1765,0.0,C1C2,9,90.72,550.81,0,-1
89,legit_9,801.6,204.7,13.7909,0.0973,0.0,:E1_9,6,99.18,591.24,0,-1
89,sybil_0,798.68,393.22,17.7023,17.7023,293.1,:E2_19,5,58.93,509.16,1,0
89,sybil_1,798.68,393.22,16.0473,16.0473,0.0,E1E2,5,58.93,509.16,1,0
89,sybil_10,398.4,272.58,15.3314,-4.1889,180.0,C2C1,7,101.51,556.73,1,5
89,sybil_11,398.4,272.58,8.8368,8.2597,180.0,C2C1,7,101.51,556.73,1,5
89,sybil_12,398.4,373.34,20.0025,13.5,180.0,C2C1,11,53.3,516.02,1,6
89,sybil_13,398.4,373.34,1.9101,-6.5516,0.0,C1C2,11,53.3,516.02,1,6
89,sybil_14,401.6,317.21,5.0154,-11.908,0.0,C1C2,9,64.6,535.83,1,7
89,sybil_15,401.6,317.21,0.0,0.0,270.0,F1E1,9,64.6,535.83,1,7
89,sybil_16,814.8,201.6,2.3268,2.3268,270.0,F1E1,6,104.2,596.8,1,8
89,sybil_17,814.8,201.6,2.0508,2.0508,270.0,F1E1,6,104.2,596.8,1,8
89,sybil_18,829.8,201.6,11.4243,11.4243,270.0,F1E1,6,114.14,601.48,1,9
89,sybil_19,829.8,201.6,0.0,0.0,270.0,F1E1,6,114.14,601.48,1,9
89,sybil_2,801.6,358.87,16.7189,4.3637,0.0,E1E2,5,51.61,520.82,1,1
89,sybil_20,996.9,802.94,7.9039,6.7548,197.97,:F4_0,4,64.76,591.9,1,10
89,sybil_21,996.9,802.94,6.3288,2.6589,180.0,F5F4,4,64.76,591.9,1,10
89,sybil_22,998.4,864.92,14.3303,-3.1775,180.0,F5F4,5,57.3,611.93,1,11
89,sybil_23,998.4,864.92,0.0,-9.6682,180.0,F5F4,5,57.3,611.93,1,11
89,sybil_24,998.4,961.07,8.8411,-6.3897,180.0,F5F4,2,129.64,652.82,1,12
89,sybil_3,801.6,358.87,19.403,-4.7164,0.0,E1E2,5,51.61,520.82,1,1
89,sybil_4,801.6,255.85,7.2616,0.4038,0.0,E1E2,10,116.23,564.79,1,2
89,sybil_5,801.6,255.85,16.5385,2.5468,180.0,C3C2,10,116.23,564.79,1,2
89,sybil_6,398.4,432.22,16.0849,-9.6737,180.0,C3C2,8,88.76,500.15,1,3
89,sybil_7,398.4,432.22,19.3052,14.1817,180.0,C3C2,8,88.76,500.15,1,3
89,sybil_8,398.4,491.28,3.4098,-3.8785,180.0,C3C2,5,120.34,488.69,1,4
89,sybil_9,398.4,491.28,15.2154,-8.7749,180.0,C4C3,5,120.34,488.69,1,4
90,legit_0,948.45,801.6,12.208,2.2598,270.0,F4E4,5,108.57,567.17,0,-1
90,legit_10,601.6,333.3,13.3132,-0.2548,0.0,D1D2,0,150.78,503.06,0,-1
90,legit_11,647.67,598.4,12.054,1.5277,90.0,D3E3,0,102.34,452.05,0,-1
90,legit_12,801.64,801.6,9.6829,1.6695,270.0,:E4_5,1,64.35,508.64,0,-1
90,legit_13,-1.6,462.59,12.9964,0.3424,180.0,A3A2,0,183.05,719.12,0,-1
90,legit_14,401.6,240.24,9.6437,2.1879,0.0,C1C2,7,129.17,571.67,0,-1
90,legit_15,798.4,187.7,0.0,0.0,180.0,E1E0,6,83.22,599.73,0,-1
90,legit_4,590.21,1.6,11.3002,1.1153,270.0,D0C0,0,183.51,704.69,0,-1
90,legit_5,233.26,1001.6,13.4373,-0.2463,270.0,C5B5,1,114.36,657.44,0,-1
90,legit_6,410.18,798.4,8.5545,0.5525,93.28,C4D4,0,57.59,504.17,0,-1
90,legit_7,125.15,998.4,13.0115,-0.6395,90.0,A5B5,1,85.3,714.29,0,-1
90,legit_8,401.6,296.1,12.8394,-0.6129,0.0,C1C2,9,80.16,544.98,0,-1
90,legit_9,801.6,217.68,12.9826,-0.8082,0.0,E1E2,6,110.48,584.27,0,-1
90,sybil_0,798.4,390.5,4.5141,-13.1882,207.33,E2E1,4,57.21,509.84,1,0
90,sybil_1,798.4,390.5,0.0,-16.0473,0.0,E1E2,4,57.21,509.84,1,0
90,sybil_10,398.4,258.94,11.7481,-3.5833,180.0,C2C1,7,113.47,563.27,1,5
90,sybil_11,398.4,258.94,0.0,-8.8368,180.0,C2C1,7,113.47,563.27,1,5
90,sybil_12,398.4,363.29,15.8026,-4.1999,180.0,C2C1,11,51.7,519.31,1,6
90,sybil_13,398.4,363.29,4.1257,2.2156,354.56,:C2_11,11,51.7,519.31,1,6
90,sybil_14,401.6,328.11,0.0,-5.0154,0.0,C1C2,9,57.96,531.35,1,7
90,sybil_15,401.6,328.11,0.0,0.0,267.35,:E1_6,9,57.96,531.35,1,7
90,sybil_16,814.8,201.6,0.0,-2.3268,270.0,F1E1,6,104.2,596.8,1,8
90,sybil_17,814.8,201.6,8.2104,6.1596,270.0,F1E1,6,104.2,596.8,1,8
90,sybil_18,829.8,201.6,4.7449,-6.6794,270.0,F1E1,6,114.14,601.48,1,9
90,sybil_19,829.8,201.6,4.5644,4.5644,270.0,F1E1,6,114.14,601.48,1,9
90,sybil_2,801.6,368.78,0.0,-16.7189,0.0,E1E2,4,52.34,517.49,1,1
90,sybil_20,992.15,801.6,2.0662,-5.8377,254.37,F4E4,5,69.43,589.05,1,10
90,sybil_21,992.15,801.6,9.8193,3.4905,180.0,F5F4,5,69.43,589.05,1,10
90,sybil_22,998.4,851.18,8.7111,-5.6191,180.0,F5F4,5,52.8,607.07,1,11
90,sybil_23,998.4,851.18,17.9332,17.9332,180.0,F5F4,5,52.8,607.07,1,11
90,sybil_24,998.4,948.4,26.8463,18.0051,180.0,F5F4,4,120.06,646.88,1,12
90,sybil_3,801.6,368.78,16.3012,-3.1018,0.0,E1E2,4,52.34,517.49,1,1
90,sybil_4,801.6,268.77,8.8006,1.539,0.0,E1E2,10,104.81,558.54,1,2
90,sybil_6,398.4,420.07,6.3425,-9.7424,180.0,C3C2,8,79.19,503.02,1,3
90,sybil_7,398.4,420.07,11.578,-7.7272,180.0,C3C2,8,79.19,503.02,1,3
90,sybil_8,398.4,478.57,8.0454,4.6355,180.0,C3C2,5,129.32,490.81,1,4
90,sybil_9,398.4,478.57,18.2402,3.0248,180.0,C4C3,5,129.32,490.81,1,4
91,legit_0,934.89,801.6,13.5579,1.3499,270.0,F4E4,6,121.35,560.8,0,-1
91,legit_10,601.6,346.63,13.3288,0.0155,0.0,D1D2,0,149.0,497.97,0,-1
91,legit_11,660.56,598.4,12.89,0.836,90.0,D3E3,0,89.45,452.83,0,-1
91,legit_12,790.54,801.6,11.0982,1.4153,270.0,E4D4,1,55.84,505.24,0,-1
91,legit_13,-1.6,449.72,12.8655,-0.131,180.0,A3A2,0,176.16,721.33,0,-1
91,legit_14,401.6,251.75,11.5094,1.8657,0.0,C1C2,7,118.58,565.9,0,-1
91,legit_15,798.4,185.45,2.2474,2.2474,180.0,E1E0,6,81.4,600.99,0,-1
91,legit_4,579.31,1.6,10.898,-0.4022,270.0,D0C0,0,175.33,704.88,0,-1
91,legit_5,220.1,1001.6,13.1548,-0.2825,270.0,C5B5,1,105.17,663.71,0,-1
91,legit_6,420.57,798.4,10.3875,1.8331,90.0,C4D4,0,50.96,501.19,0,-1
91,legit_7,138.54,998.4,13.3916,0.3801,90.0,A5B5,1,82.4,706.12,0,-1
91,legit_8,401.6,309.04,12.9359,0.0965,0.0,C1C2,8,70.28,539.3,0,-1
91,legit_9,801.6,231.37,13.6855,0.7029,0.0,E1E2,8,122.74,577.11,0,-1
91,sybil_0,798.4,386.16,0.0,-4.5141,180.0,E2E1,4,55.02,511.1,1,0
91,sybil_1,798.4,386.16,0.0,0.0,0.0,E1E2,4,55.02,511.1,1,0
91,sybil_10,398.4,245.09,12.6218,0.8737,180.0,C2C1,7,125.97,570.13,1,5
91,sybil_11,398.4,245.09,7.707,7.707,180.0,C2C1,7,125.97,570.13,1,5
91,sybil_12,398.4,351.68,5.9007,-9.9019,180.0,C2C1,10,52.27,523.35,1,6
91,sybil_13,398.4,351.68,0.0,-4.1257,321.48,:C2_19,10,52.27,523.35,1,6
91,sybil_14,401.6,340.24,15.3725,15.3725,0.0,C1C2,10,52.28,526.58,1,7
91,sybil_15,401.6,340.24,7.5949,7.5949,255.37,:E1_6,10,52.28,526.58,1,7
91,sybil_16,813.6,201.6,4.6427,4.6427,270.0,F1E1,6,103.46,596.44,1,8
91,sybil_17,813.6,201.6,1.4118,-6.7986,270.0,F1E1,6,103.46,596.44,1,8
91,sybil_18,829.8,201.6,11.2129,6.468,270.0,F1E1,6,114.14,601.48,1,9
91,sybil_19,829.8,201.6,2.1759,-2.3885,270.0,F1E1,6,114.14,601.48,1,9
91,sybil_2,801.6,376.87,11.3778,11.3778,0.0,E1E2,5,54.29,514.91,1,1
91,sybil_20,985.01,801.6,11.7758,9.7096,270.0,F4E4,5,75.49,585.33,1,10
91,sybil_21,985.01,801.6,16.1792,6.3598,181.33,:F4_0,5,75.49,585.33,1,10
91,sybil_22,998.4,837.95,3.336,-5.3751,180.0,F5F4,5,51.64,602.71,1,11
91,sybil_23,998.4,837.95,5.5824,-12.3508,180.0,F5F4,5,51.64,602.71,1,11
91,sybil_24,998.4,935.45,26.2708,-0.5755,180.0,F5F4,5,108.51,640.96,1,12
91,sybil_3,801.6,376.87,15.2464,-1.0547,0.0,E1E2,5,54.29,514.91,1,1
91,sybil_4,801.6,281.12,13.7582,4.9576,0.0,E1E2,10,94.25,552.73,1,2
91,sybil_7,398.4,429.61,0.0,-11.578,180.0,C3C2,7,86.65,500.75,1,3
91,sybil_8,398.4,465.47,7.7085,-0.3369,180.0,C3C2,6,117.41,493.2,1,4
91,sybil_9,398.4,465.47,15.9637,-2.2765,180.0,C4C3,6,117.41,493.2,1,4
92,legit_0,922.21,801.6,12.6818,-0.8761,270.0,F4E4,6,133.44,555.02,0,-1
92,legit_10,601.6,360.32,13.6963,0.3676,0.0,D1D2,0,148.4,493.03,0,-1
92,legit_11,673.31,598.4,12.7434,-0.1465,90.0,D3E3,0,76.71,453.79,0,-1
92,legit_12,777.46,801.6,13.0796,1.9814,270.0,E4D4,1,47.21,501.49,0,-1
92,legit_13,-1.6,437.03,12.6908,-0.1746,180.0,A3A2,0,170.05,723.7,0,-1
92,legit_14,401.6,263.67,11.9158,0.4063,0.0,C1C2,7,107.81,560.07,0,-1
92,legit_15,798.4,181.04,4.4133,2.1659,180.0,E1E0,6,77.9,603.49,0,-1
92,legit_4,568.49,1.6,10.8228,-0.0752,270.0,D0C0,0,167.51,705.19,0,-1
92,legit_5,206.37,1001.6,13.732,0.5772,270.0,:B5_0,1,96.56,670.46,0,-1
92,legit_6,432.59,798.4,12.0213,1.6338,90.0,C4D4,0,45.1,497.98,0,-1
92,legit_7,152.03,998.4,13.489,0.0975,90.0,A5B5,1,81.63,698.15,0,-1
92,legit_8,401.6,322.04,12.9951,0.0592,0.0,C1C2,10,61.51,533.82,0,-1
92,legit_9,801.6,244.49,13.1219,-0.5636,0.0,E1E2,10,126.51,570.43,0,-1
92,sybil_0,798.4,380.42,12.5573,12.5573,180.0,E2E1,5,52.53,512.81,1,0
92,sybil_1,798.4,380.42,8.6943,8.6943,346.88,:E2_19,5,52.53,512.81,1,0
92,sybil_10,398.4,232.21,0.0,-12.6218,180.0,C2C1,7,123.5,576.68,1,5
92,sybil_11,398.4,232.21,12.4401,4.7331,180.0,C2C1,7,123.5,576.68,1,5
92,sybil_12,398.4,338.77,23.5895,17.6888,180.0,C2C1,10,55.8,528.15,1,6
92,sybil_13,398.4,338.77,0.0,0.0,226.63,C2C1,10,55.8,528.15,1,6
92,sybil_14,401.6,351.27,7.4061,-7.9664,0.0,C1C2,10,49.18,522.48,1,7
92,sybil_15,401.6,351.27,0.0,-7.5949,208.16,:E1_6,10,49.18,522.48,1,7
92,sybil_16,811.03,201.6,8.7371,4.0944,270.0,F1E1,6,101.9,595.67,1,8
92,sybil_17,811.03,201.6,0.0,-1.4118,270.0,F1E1,6,101.9,595.67,1,8
92,sybil_18,829.8,201.6,1.6369,-9.576,270.0,F1E1,6,114.14,601.48,1,9
92,sybil_19,829.8,201.6,11.805,9.6292,270.0,F1E1,6,114.14,601.48,1,9
92,sybil_2,801.6,382.25,0.0,-11.3778,0.0,E1E2,5,56.19,513.27,1,1
92,sybil_20,975.7,801.6,10.1932,-1.5826,270.0,F4E4,5,83.64,580.56,1,10
92,sybil_21,975.7,801.6,9.805,-6.3741,234.96,:F4_0,5,83.64,580.56,1,10
92,sybil_22,998.4,825.28,21.4333,18.0973,180.0,F5F4,5,53.66,598.84,1,11
92,sybil_23,998.4,825.28,26.3478,20.7654,180.0,F5F4,5,53.66,598.84,1,11
92,sybil_24,998.4,923.18,0.7203,-25.5505,180.0,F5F4,5,97.89,635.51,1,12
92,sybil_3,801.6,382.25,7.0483,-8.1982,0.0,E1E2,5,56.19,513.27,1,1
92,sybil_4,801.6,293.25,2.3579,-11.4003,0.0,E1E2,10,84.37,547.2,1,2
92,sybil_7,398.4,416.21,18.5506,18.5506,180.0,C3C2,7,76.3,503.97,1,3
92,sybil_8,398.4,452.12,13.8035,6.095,180.0,C3C2,7,105.59,495.84,1,4
92,sybil_9,398.4,452.12,22.2863,6.3226,180.0,C4C3,7,105.59,495.84,1,4
93,legit_0,908.91,801.6,13.2986,0.6169,270.0,F4E4,6,146.22,549.13,0,-1
93,legit_10,601.6,373.99,13.6698,-0.0265,0.0,D1D2,0,149.06,488.38,0,-1
93,legit_11,686.34,598.4,13.0396,0.2962,90.0,D3E3,0,63.68,454.97,0,-1
93,legit_12,763.97,801.6,13.4969,0.4173,270.0,E4D4,1,40.86,497.94,0,-1
93,legit_13,-1.6,423.84,13.1944,0.5035,180.0,A3A2,0,164.49,726.37,0,-1
93,legit_14,401.6,275.66,11.9911,0.0753,0.0,C1C2,7,97.24,554.35,0,-1
93,legit_15,798.4,174.81,6.2245,1.8112,180.0,E1E0,6,73.12,607.05,0,-1
93,legit_4,557.06,1.6,11.4273,0.6045,270.0,D0C0,0,159.63,705.66,0,-1
93,legit_5,192.78,1001.6,13.593,-0.139,270.0,B5A5,1,89.31,677.39,0,-1
93,legit_6,445.77,798.4,13.1811,1.1599,90.0,C4D4,0,41.81,494.8,0,-1
93,legit_7,165.46,998.4,13.4308,-0.0582,90.0,A5B5,1,83.05,690.5,0,-1
93,legit_8,401.6,335.66,13.6258,0.6307,0.0,C1C2,9,54.17,528.35,0,-1
93,legit_9,801.6,257.22,12.7299,-0.392,0.0,E1E2,10,115.0,564.12,0,-1
93,sybil_0,798.4,372.64,9.1659,-3.3914,180.0,E2E1,5,50.02,515.23,1,0
93,sybil_1,798.4,372.64,0.0,-8.6943,283.04,:E2_19,5,50.02,515.23,1,0
93,sybil_10,398.4,218.65,25.6933,25.6933,180.0,C2C1,7,111.33,583.76,1,5
93,sybil_11,398.4,218.65,11.5089,-0.9312,180.0,C2C1,7,111.33,583.76,1,5
93,sybil_12,398.4,325.92,2.7185,-20.871,180.0,C2C1,9,61.84,533.22,1,6
93,sybil_13,398.4,325.92,0.0,0.0,180.0,C2C1,9,61.84,533.22,1,6
93,sybil_14,401.6,362.29,13.7411,6.335,0.0,C1C2,9,48.45,518.62,1,7
93,sybil_15,401.6,362.29,0.0,0.0,183.67,E1E0,9,48.45,518.62,1,7
93,sybil_16,806.63,201.52,0.0,-8.7371,269.06,:E1_6,6,99.26,594.42,1,8
93,sybil_17,806.63,201.52,0.0,0.0,270.0,F1E1,6,99.26,594.42,1,8
93,sybil_18,829.14,201.6,0.0,-1.6369,270.0,F1E1,6,113.67,601.26,1,9
93,sybil_19,829.14,201.6,3.2199,-8.5851,270.0,F1E1,6,113.67,601.26,1,9
93,sybil_2,801.6,386.1,9.0318,9.0318,0.0,E1E2,5,57.82,512.12,1,1
93,sybil_20,964.74,801.6,16.3167,6.1235,270.0,F4E4,5,93.51,575.08,1,10
93,sybil_21,964.74,801.6,22.0041,12.199,270.0,F4E4,5,93.51,575.08,1,10
93,sybil_22,998.4,814.34,3.9274,-17.5059,180.0,F5F4,5,57.63,595.73,1,11
93,sybil_23,998.4,814.34,12.8556,-13.4921,180.0,F5F4,5,57.63,595.73,1,11
93,sybil_24,998.4,909.8,16.8559,16.1356,180.0,F5F4,5,86.8,629.74,1,12
93,sybil_3,801.6,386.1,8.1822,1.1339,0.0,E1E2,5,57.82,512.12,1,1
93,sybil_4,801.6,305.25,2.1332,-0.2247,0.0,E1E2,10,75.23,541.9,1,2
93,sybil_8,398.4,439.32,18.0488,4.2453,180.0,C3C2,6,94.63,498.56,1,4
93,sybil_9,398.4,439.32,20.6487,-1.6377,180.0,:C3_1,6,94.63,498.56,1,4
94,legit_0,895.7,801.6,13.2119,-0.0867,270.0,F4E4,6,150.67,543.47,0,-1
94,legit_10,601.6,387.67,13.6824,0.0126,0.0,D1D2,0,150.96,484.01,0,-1
94,legit_11,699.03,598.4,12.6862,-0.3534,90.0,D3E3,0,50.99,456.3,0,-1
94,legit_12,751.35,801.6,12.6217,-0.8751,270.0,E4D4,1,38.42,494.98,0,-1
94,legit_13,-1.6,411.01,12.8224,-0.372,180.0,A3A2,0,159.95,729.15,0,-1
94,legit_14,401.6,287.87,12.2159,0.2248,0.0,C1C2,8,86.86,548.69,0,-1
94,legit_15,798.4,166.87,7.9426,1.718,180.0,E1E0,5,67.38,611.67,0,-1
94,legit_4,546.47,1.6,10.5957,-0.8316,270.0,D0C0,0,152.72,706.22,0,-1
94,legit_5,179.95,1001.6,12.8277,-0.7653,270.0,B5A5,1,83.93,684.16,0,-1
94,legit_6,458.69,798.4,12.9213,-0.2598,90.0,C4D4,0,42.5,492.08,0,-1
94,legit_7,178.76,998.4,13.2984,-0.1324,90.0,A5B5,1,86.52,683.19,0,-1
94,legit_8,401.6,348.05,12.3934,-1.2324,0.0,C1C2,8,49.85,523.65,0,-1
94,legit_9,801.6,270.64,13.4232,0.6932,0.0,E1E2,10,103.18,557.65,0,-1
94,sybil_0,798.4,363.29,6.7614,-2.4045,180.0,E2E1,5,48.51,518.29,1,0
94,sybil_1,798.4,363.29,2.4425,2.4425,195.86,E2E1,5,48.51,518.29,1,0
94,sybil_11,398.4,255.35,0.0,-11.5089,180.0,C2C1,6,116.68,565.03,1,5
94,sybil_12,398.4,312.29,24.0326,21.3141,180.0,C2C1,8,70.28,538.88,1,6
94,sybil_13,398.4,312.29,5.2308,5.2308,180.0,C2C1,8,70.28,538.88,1,6
94,sybil_14,401.6,374.26,16.0529,2.3118,0.0,C1C2,8,50.46,514.71,1,7
94,sybil_15,401.6,374.26,17.7616,17.7616,180.0,E1E0,8,50.46,514.71,1,7
94,sybil_16,800.35,198.99,0.0,0.0,242.38,:E1_6,6,93.67,594.0,1,8
94,sybil_17,800.35,198.99,12.2774,12.2774,270.0,F1E1,6,93.67,594.0,1,8
94,sybil_18,827.72,201.6,11.0966,11.0966,270.0,F1E1,6,112.69,600.81,1,9
94,sybil_19,827.72,201.6,0.0,-3.2199,270.0,F1E1,6,112.69,600.81,1,9
94,sybil_2,801.6,389.2,10.2084,1.1766,0.0,E1E2,5,59.29,511.22,1,1
94,sybil_20,951.87,801.6,8.3113,-8.0054,270.0,F4E4,5,105.38,568.81,1,10
94,sybil_21,951.87,801.6,9.1765,-12.8276,270.0,F4E4,5,105.38,568.81,1,10
94,sybil_22,998.4,807.9,6.9193,2.9919,180.0,F5F4,5,60.77,594.0,1,11
94,sybil_23,998.4,807.9,8.8646,-3.991,180.0,F5F4,5,60.77,594.0,1,11
94,sybil_24,998.4,897.18,15.6703,-1.1856,180.0,F5F4,5,77.02,624.47,1,12
94,sybil_3,801.6,389.2,5.2748,-2.9074,0.0,E1E2,5,59.29,511.22,1,1
94,sybil_4,801.6,317.74,22.9529,20.8196,0.0,E1E2,9,66.7,536.58,1,2
94,sybil_8,398.4,426.28,21.4894,3.4406,180.0,C3C2,7,84.0,501.53,1,4
94,sybil_9,398.4,426.28,14.5935,-6.0551,180.0,:C3_1,7,84.0,501.53,1,4
95,legit_0,882.34,801.6,13.357,0.1451,270.0,F4E4,6,137.8,537.93,0,-1
95,legit_10,601.6,400.76,13.0889,-0.5934,0.0,:D2_9,0,153.9,480.09,0,-1
95,legit_11,711.89,598.4,12.8628,0.1766,90.0,D3E3,0,38.14,457.83,0,-1
95,legit_12,738.25,801.6,13.0998,0.4781,270.0,E4D4,1,40.16,492.32,0,-1
95,legit_13,-1.6,397.23,13.7804,0.9581,180.0,:A2_0,0,156.11,732.36,0,-1
95,legit_14,401.6,299.52,11.6457,-0.5701,0.0,C1C2,8,77.46,543.46,0,-1
95,legit_15,798.4,157.29,9.5777,1.6351,180.0,E1E0,5,61.1,617.33,0,-1
95,legit_4,536.17,1.6,10.2913,-0.3043,270.0,D0C0,0,146.44,706.9,0,-1
95,legit_5,166.68,1001.6,13.27,0.4423,270.0,B5A5,1,80.15,691.41,0,-1
95,legit_6,471.71,798.4,13.0151,0.0938,90.0,C4D4,0,46.92,489.71,0,-1
95,legit_7,192.23,998.4,13.4756,0.1771,90.0,A5B5,1,91.88,676.05,0,-1
95,legit_8,401.6,360.94,12.8891,0.4957,0.0,C1C2,8,48.41,519.08,0,-1
95,legit_9,801.6,283.89,13.2476,-0.1756,0.0,E1E2,10,91.95,551.45,0,-1
95,sybil_0,798.4,352.22,0.6086,-6.1528,180.0,E2E1,5,49.02,522.14,1,0
95,sybil_1,798.4,352.22,10.7768,8.3343,180.0,E2E1,5,49.02,522.14,1,0
95,sybil_11,398.4,242.72,24.9178,24.9178,180.0,C2C1,6,128.13,571.32,1,5
95,sybil_12,398.4,299.32,2.9097,-21.1229,180.0,C2C1,8,79.65,544.49,1,6
95,sybil_13,398.4,299.32,15.4921,10.2613,180.0,C2C1,8,79.65,544.49,1,6
95,sybil_14,401.6,385.12,22.788,6.7351,0.0,C1C2,8,54.53,511.4,1,7
95,sybil_15,401.6,385.12,9.5818,-8.1797,180.0,E1E0,8,54.53,511.4,1,7
95,sybil_16,798.4,192.59,9.7285,9.7285,191.82,E1E0,6,87.24,597.0,1,8
95,sybil_17,798.4,192.59,8.1994,-4.078,270.0,F1E1,6,87.24,597.0,1,8
95,sybil_18,824.03,201.6,0.3972,-10.6994,270.0,F1E1,6,110.18,599.64,1,9
95,sybil_19,824.03,201.6,8.2659,8.2659,270.0,F1E1,6,110.18,599.64,1,9
95,sybil_2,801.6,392.03,0.0,-10.2084,0.0,E1E2,5,60.73,510.41,1,1
95,sybil_20,939.08,801.6,20.3714,12.0602,270.0,F4E4,5,117.38,562.75,1,10
95,sybil_21,939.08,801.6,5.3264,-3.8501,270.0,F4E4,5,117.38,562.75,1,10
95,sybil_22,995.9,802.34,7.2766,0.3573,210.34,:F4_0,5,65.91,591.22,1,11
95,sybil_23,995.9,802.34,3.2297,-5.6349,180.0,F5F4,5,65.91,591.22,1,11
95,sybil_24,998.4,883.98,27.0942,11.4239,180.0,F5F4,5,67.8,619.17,1,12
95,sybil_3,801.6,392.03,7.874,2.5992,0.0,E1E2,5,60.73,510.41,1,1
95,sybil_4,801.6,329.93,11.7683,-11.1846,0.0,E1E2,9,59.72,531.61,1,2
95,sybil_8,398.4,412.82,11.7124,-9.777,180.0,C3C2,7,73.84,504.82,1,4
95,sybil_9,398.4,412.82,11.7559,-2.8377,180.0,C3C2,7,73.84,504.82,1,4
96,legit_0,869.03,801.6,13.3115,-0.0456,270.0,F4E4,6,125.07,532.59,0,-1
96,legit_10,601.6,414.29,13.5304,0.4415,0.0,D2D3,0,158.02,476.31,0,-1
96,legit_11,724.54,598.4,12.649,-0.2138,90.0,D3E3,0,25.51,459.53,0,-1
96,legit_12,725.52,801.6,12.7309,-0.3689,270.0,E4D4,1,45.54,490.1,0,-1
96,legit_13,-1.6,383.93,13.305,-0.4755,180.0,A2A1,0,153.48,735.67,0,-1
96,legit_14,401.6,311.73,12.2156,0.5698,0.0,C1C2,6,68.35,538.15,0,-1
96,legit_15,798.4,146.25,11.0424,1.4647,180.0,E1E0,4,55.06,624.03,0,-1
96,legit_16,991.7,1.6,0.0,0.0,270.0,F0E0,0,131.98,795.55,0,-1
96,legit_4,525.63,1.6,10.5485,0.2571,270.0,D0C0,0,140.49,707.72,0,-1
96,legit_5,153.87,1001.6,12.8062,-0.4638,270.0,B5A5,0,78.5,698.67,0,-1
96,legit_6,485.01,798.4,13.3023,0.2872,90.0,C4D4,0,54.37,487.64,0,-1
96,legit_8,401.6,373.3,12.3569,-0.5322,0.0,C1C2,6,50.19,515.02,0,-1
96,legit_9,801.6,297.36,13.4715,0.224,0.0,E1E2,9,81.15,545.36,0,-1
96,sybil_0,798.4,340.39,14.8083,14.1997,180.0,E2E1,7,52.22,526.52,1,0
96,sybil_1,798.4,340.39,20.6894,9.9126,180.0,E2E1,7,52.22,526.52,1,0
96,sybil_11,398.4,229.07,17.0206,-7.8973,180.0,C2C1,4,120.66,578.3,1,5
96,sybil_12,398.4,285.6,11.0994,8.1897,180.0,C2C1,6,90.54,550.67,1,6
96,sybil_13,398.4,285.6,14.6536,-0.8385,180.0,C2C1,6,90.54,550.67,1,6
96,sybil_14,401.6,391.47,6.0807,-16.7074,0.0,C1C2,5,57.73,509.56,1,7
96,sybil_15,401.6,391.47,11.2831,1.7013,180.0,E1E0,5,57.73,509.56,1,7
96,sybil_16,798.4,184.1,13.84,4.1115,180.0,E1E0,5,80.32,601.75,1,8
96,sybil_17,798.4,184.1,0.0,-8.1994,263.89,:E1_6,5,80.32,601.75,1,8
96,sybil_18,818.15,201.6,4.747,4.3497,270.0,F1E1,8,106.32,597.82,1,9
96,sybil_19,818.15,201.6,0.0,-8.2659,270.0,F1E1,8,106.32,597.82,1,9
96,sybil_2,800.4,394.2,10.5508,10.5508,345.15,:E2_19,5,60.91,509.42,1,1
96,sybil_20,926.67,801.6,17.1452,-3.2262,270.0,F4E4,5,129.17,557.03,1,10
96,sybil_21,926.67,801.6,12.3184,6.9921,270.0,F4E4,5,129.17,557.03,1,10
96,sybil_22,989.43,801.6,10.7279,3.4513,267.35,F4E4,5,71.72,587.62,1,11
96,sybil_23,989.43,801.6,18.0436,14.8139,180.0,F5F4,5,71.72,587.62,1,11
96,sybil_24,998.4,871.48,13.8557,-13.2385,180.0,F5F4,5,60.44,614.36,1,12
96,sybil_3,800.4,394.2,0.0,-7.874,0.0,E1E2,5,60.91,509.42,1,1
96,sybil_4,801.6,342.34,23.5199,11.7517,0.0,E1E2,7,54.54,526.79,1,2
96,sybil_9,398.4,573.34,6.774,-4.9819,180.0,C3C2,0,58.08,479.71,1,4
97,legit_0,855.33,801.6,13.699,0.3875,270.0,F4E4,5,112.11,527.3,0,-1
97,legit_10,601.6,427.31,13.015,-0.5154,0.0,D2D3,0,162.95,472.92,0,-1
97,legit_11,737.71,598.4,13.1702,0.5211,90.0,D3E3,0,12.39,461.5,0,-1
97,legit_12,712.06,801.6,13.4543,0.7234,270.0,E4D4,1,53.98,488.09,0,-1
97,legit_13,-1.6,371.03,12.901,-0.404,180.0,A2A1,0,152.0,739.09,0,-1
97,legit_14,401.6,323.9,12.1642,-0.0514,0.0,C1C2,6,60.38,533.06,0,-1
97,legit_15,798.4,132.69,13.5637,2.5213,180.0,E1E0,4,50.04,632.5,0,-1
97,legit_16,989.71,1.6,1.9928,1.9928,270.0,F0E0,0,132.87,794.65,0,-1
97,legit_4,515.1,1.6,10.5287,-0.0197,270.0,D0C0,0,135.12,708.67,0,-1
97,legit_5,140.41,1001.6,13.4607,0.6544,270.0,B5A5,0,78.98,706.57,0,-1
97,legit_6,498.16,798.4,13.1538,-0.1484,90.0,C4D4,0,63.64,485.88,0,-1
97,legit_8,401.6,381.16,7.8569,-4.5,0.0,C1C2,5,52.82,512.59,0,-1
97,legit_9,801.6,310.13,12.7706,-0.7009,0.0,E1E2,9,71.76,539.79,0,-1
97,sybil_0,798.4,328.74,12.9161,-1.8922,180.0,E2E1,7,57.62,531.09,1,0
97,sybil_1,798.4,328.74,9.5237,-11.1657,180.0,E2E1,7,57.62,531.09,1,0
97,sybil_11,398.4,216.01,20.5587,3.5381,180.0,C2C1,3,109.0,585.15,1,5
97,sybil_12,398.4,272.57,9.4672,-1.6322,180.0,C2C1,6,101.52,556.73,1,6
97,sybil_13,398.4,272.57,10.5195,-4.1341,180.0,C2C1,6,101.52,556.73,1,6
97,sybil_14,400.71,394.04,0.0,-6.0807,349.29,:C2_19,5,59.9,509.11,1,7
97,sybil_15,400.71,394.04,17.726,6.4428,180.0,E1E0,5,59.9,509.11,1,7
97,sybil_16,798.4,175.44,0.0,-13.84,180.0,E1E0,5,73.6,606.69,1,8
97,sybil_17,798.4,175.44,0.1185,0.1185,221.15,:E1_6,5,73.6,606.69,1,8
97,sybil_18,812.65,201.6,9.9929,5.246,270.0,F1E1,7,102.88,596.15,1,9
97,sybil_19,812.65,201.6,0.8026,0.8026,270.0,F1E1,7,102.88,596.15,1,9
97,sybil_2,798.4,392.58,5.3831,-5.1678,268.01,E2E1,5,58.34,509.25,1,1
97,sybil_20,914.08,801.6,15.5237,-1.6215,270.0,F4E4,5,141.24,551.4,1,10
97,sybil_21,914.08,801.6,0.3426,-11.9758,270.0,F4E4,5,141.24,551.4,1,10
97,sybil_22,981.13,801.6,0.5904,-10.1375,270.0,F4E4,5,78.85,583.33,1,11
97,sybil_23,981.13,801.6,22.0095,3.9659,180.0,F5F4,5,78.85,583.33,1,11
97,sybil_24,998.4,858.26,9.7805,-4.0752,180.0,F5F4,4,54.74,609.53,1,12
97,sybil_3,798.4,392.58,35.4504,35.4504,0.0,E1E2,5,58.34,509.25,1,1
97,sybil_4,801.6,354.85,9.142,-14.378,0.0,E1E2,5,51.86,522.22,1,2
97,sybil_9,398.4,562.1,8.9825,2.2085,180.0,C3C2,0,64.02,480.39,1,4
98,legit_0,842.67,801.6,12.6589,-1.0401,270.0,F4E4,5,100.31,522.6,0,-1
98,legit_10,601.6,441.1,13.7879,0.7729,0.0,D2D3,0,169.11,469.6,0,-1
98,legit_11,750.73,598.4,13.0195,-0.1507,90.0,D3E3,0,1.76,463.76,0,-1
98,legit_12,698.31,801.6,13.7563,0.302,270.0,E4D4,1,64.4,486.34,0,-1
98,legit_13,-1.6,358.31,12.721,-0.18,180.0,A2A1,0,151.61,742.66,0,-1
98,legit_14,401.6,335.13,11.2364,-0.9278,0.0,C1C2,5,54.41,528.56,0,-1
98,legit_15,798.4,119.19,13.4961,-0.0676,180.0,E1E0,4,48.41,641.26,0,-1
98,legit_16,985.87,1.6,3.8421,1.8492,270.0,F0E0,0,134.65,792.93,0,-1
98,legit_4,504.84,1.6,10.2576,-0.2712,270.0,D0C0,0,130.48,709.73,0,-1
98,legit_5,126.89,1001.6,13.5211,0.0605,270.0,B5A5,0,81.73,714.78,0,-1
98,legit_6,511.97,798.4,13.8117,0.6578,90.0,C4D4,0,74.64,484.31,0,-1
98,legit_8,401.6,385.0,3.8413,-4.0157,0.0,C1C2,5,54.47,511.44,0,-1
98,legit_9,801.6,323.37,13.2398,0.4692,0.0,E1E2,7,63.28,534.25,0,-1
98,sybil_0,798.4,316.91,22.1892,9.2731,180.0,E2E1,7,64.8,535.96,1,0
98,sybil_1,798.4,316.91,14.5274,5.0038,180.0,E2E1,7,64.8,535.96,1,0
98,sybil_12,398.4,259.96,19.4697,10.0026,180.0,C2C1,5,112.56,562.78,1,6
98,sybil_13,398.4,259.96,17.9726,7.4531,180.0,C2C1,5,112.56,562.78,1,6
98,sybil_14,398.48,392.92,0.0,0.0,280.72,:C2_19,5,61.14,510.13,1,7
98,sybil_15,398.48,392.92,0.0,-17.726,180.0,E1E0,5,61.14,510.13,1,7
98,sybil_16,798.4,164.97,2.4134,2.4134,180.0,E1E0,4,66.07,612.78,1,8
98,sybil_17,798.4,164.97,0.0,-0.1185,185.21,E1E0,4,66.07,612.78,1,8
98,sybil_18,808.71,201.6,9.7966,-0.1963,270.0,F1E1,7,100.53,594.98,1,9
98,sybil_19,808.71,201.6,19.4378,18.6351,270.0,F1E1,7,100.53,594.98,1,9
98,sybil_2,798.4,387.11,7.513,2.1299,180.0,E2E1,5,55.47,510.82,1,1
98,sybil_20,902.04,801.6,14.1565,-1.3672,270.0,F4E4,5,152.86,546.16,1,10
98,sybil_21,902.04,801.6,24.5074,24.1648,270.0,F4E4,5,152.86,546.16,1,10
98,sybil_22,971.24,801.6,4.7483,4.1579,270.0,F4E4,5,87.63,578.32,1,11
98,sybil_23,971.24,801.6,17.5053,-4.5043,181.01,:F4_0,5,87.63,578.32,1,11
98,sybil_24,998.4,844.91,8.4596,-1.3208,180.0,F5F4,4,51.83,604.96,1,12
98,sybil_3,798.4,387.11,0.0,-35.4504,0.0,E1E2,5,55.47,510.82,1,1
98,sybil_4,801.6,366.26,4.7746,-4.3674,0.0,E1E2,5,51.98,518.32,1,2
98,sybil_9,398.4,551.25,8.6623,-0.3201,180.0,C3C2,0,70.98,481.23,1,4
99,legit_0,829.08,801.6,13.5876,0.9287,270.0,F4E4,5,87.91,517.75,0,-1
99,legit_10,601.6,454.95,13.8504,0.0625,0.0,D2D3,0,176.17,466.54,0,-1
99,legit_11,763.61,598.4,12.8727,-0.1468,90.0,D3E3,0,13.7,467.3,0,-1
99,legit_12,685.51,801.6,12.7991,-0.9572,270.0,E4D4,1,75.06,484.95,0,-1
99,legit_13,-1.6,345.23,13.0714,0.3504,180.0,A2A1,0,152.32,746.52,0,-1
99,legit_14,401.6,347.21,12.072,0.8356,0.0,C1C2,5,50.06,523.97,0,-1
99,legit_15,798.4,105.8,13.3941,-0.102,180.0,E1E0,4,50.44,650.27,0,-1
99,legit_16,979.47,1.6,6.3907,2.5486,270.0,F0E0,0,137.81,790.11,0,-1
99,legit_4,494.22,1.6,10.6182,0.3606,270.0,D0C0,0,126.39,710.96,0,-1
99,legit_5,113.98,1001.6,12.9157,-0.6054,270.0,B5A5,0,86.28,722.87,0,-1
99,legit_6,525.45,798.4,13.4714,-0.3402,90.0,C4D4,0,86.15,483.03,0,-1
99,legit_8,401.6,389.56,4.5577,0.7164,0.0,C1C2,5,56.71,510.11,0,-1
99,legit_9,801.6,336.6,13.2221,-0.0176,0.0,E1E2,7,56.66,528.99,0,-1
99,sybil_0,798.4,305.15,11.6682,-10.5211,180.0,E2E1,7,73.15,540.99,1,0
99,sybil_1,798.4,305.15,15.4129,0.8855,180.0,E2E1,7,73.15,540.99,1,0
99,sybil_12,398.4,246.48,8.1598,-11.3099,180.0,C2C1,5,124.7,569.43,1,6
99,sybil_13,398.4,246.48,8.2051,-9.7675,180.0,C2C1,5,124.7,569.43,1,6
99,sybil_14,398.4,390.62,9.7458,9.7458,209.81,C2C1,6,60.0,510.81,1,7
99,sybil_15,398.4,390.62,15.1578,15.1578,180.0,E1E0,6,60.0,510.81,1,7
99,sybil_16,798.4,153.55,19.197,16.7836,180.0,E1E0,4,58.89,619.58,1,8
99,sybil_17,798.4,153.55,4.155,4.155,180.0,E1E0,4,58.89,619.58,1,8
99,sybil_18,802.68,200.65,5.7215,-4.0752,258.93,:E1_6,7,96.33,593.76,1,9
99,sybil_19,802.68,200.65,0.0,-19.4378,270.0,F1E1,7,96.33,593.76,1,9
99,sybil_2,798.4,379.42,6.3287,-1.1843,180.0,E2E1,5,52.15,513.11,1,1
99,sybil_20,889.86,801.6,11.0827,-3.0738,270.0,F4E4,5,145.03,541.02,1,10
99,sybil_21,889.86,801.6,21.478,-3.0293,270.0,F4E4,5,145.03,541.02,1,10
99,sybil_22,959.16,801.6,4.0776,-0.6707,270.0,F4E4,5,98.63,572.34,1,11
99,sybil_23,959.16,801.6,3.6971,-13.8082,226.22,:F4_0,5,98.63,572.34,1,11
99,sybil_24,998.4,832.07,14.2456,5.7859,180.0,F5F4,4,52.21,600.88,1,12
99,sybil_3,798.4,379.42,4.2309,4.2309,0.0,E1E2,5,52.15,513.11,1,1
99,sybil_4,801.6,374.69,0.0,-4.7746,0.0,E1E2,5,53.65,515.6,1,2
99,sybil_9,398.4,540.1,17.0009,8.3385,180.0,C3C2,2,79.06,482.28,1,4
100,legit_0,815.37,801.6,13.7108,0.1232,270.0,F4E4,5,75.82,513.08,0,-1
100,legit_10,601.6,468.09,13.1472,-0.7032,0.0,D2D3,0,183.59,463.87,0,-1
100,legit_11,776.81,598.4,13.2011,0.3284,90.0,D3E3,0,26.85,471.18,0,-1
100,legit_12,671.97,801.6,13.5357,0.7366,270.0,E4D4,2,86.97,483.72,0,-1
100,legit_13,-1.6,331.64,13.5944,0.5229,180.0,A2A1,0,154.23,750.76,0,-1
100,legit_14,401.6,359.02,11.8106,-0.2614,0.0,C1C2,5,48.41,519.75,0,-1
100,legit_15,798.4,92.78,13.022,-0.3721,180.0,E1E0,4,55.53,659.33,0,-1
100,legit_16,971.67,1.6,7.8069,1.4162,270.0,F0E0,0,141.97,786.72,0,-1
100,legit_4,483.23,1.6,10.9869,0.3687,270.0,D0C0,0,122.98,712.38,0,-1
100,legit_5,100.97,1001.6,13.0086,0.0929,270.0,B5A5,0,92.47,731.25,0,-1
100,legit_6,538.45,798.4,13.0013,-0.4701,90.0,C4D4,1,97.74,482.0,0,-1
100,legit_8,401.6,391.1,1.54,-3.0177,0.0,C1C2,4,57.53,509.67,0,-1
100,legit_9,801.6,350.09,13.4971,0.275,0.0,E1E2,5,52.54,523.92,0,-1
100,sybil_0,798.4,294.11,3.43,-8.2382,180.0,E2E1,7,81.76,545.87,1,0
100,sybil_1,798.4,294.11,14.4838,-0.9291,180.0,E2E1,7,81.76,545.87,1,0
100,sybil_12,398.4,232.76,16.6159,8.4561,180.0,C2C1,2,124.01,576.39,1,6
100,sybil_13,398.4,232.76,2.0541,-6.1511,180.0,C2C1,2,124.01,576.39,1,6
100,sybil_14,398.4,386.19,0.0,-9.7458,180.0,C2C1,4,57.87,512.1,1,7
100,sybil_15,398.4,386.19,10.2064,-4.9514,180.0,E1E0,4,57.87,512.1,1,7
100,sybil_16,798.4,142.26,17.4381,-1.7589,180.0,E1E0,4,53.27,626.49,1,8
100,sybil_17,798.4,142.26,5.8488,1.6938,180.0,E1E0,4,53.27,626.49,1,8
100,sybil_18,798.52,193.65,4.0472,-1.6743,197.1,:E1_6,6,88.2,596.44,1,9
100,sybil_19,798.52,193.65,6.2975,6.2975,270.0,F1E1,6,88.2,596.44,1,9
100,sybil_2,798.4,369.78,8.4496,2.1209,180.0,E2E1,5,49.38,516.14,1,1
100,sybil_20,877.77,801.6,8.4368,-2.646,270.0,F4E4,5,133.41,536.07,1,10
100,sybil_21,877.77,801.6,13.2764,-8.2016,270.0,F4E4,5,133.41,536.07,1,10
100,sybil_22,946.29,801.6,15.3142,11.2366,270.0,F4E4,5,110.59,566.15,1,11
100,sybil_23,946.29,801.6,10.4408,6.7437,268.71,F4E4,5,110.59,566.15,1,11
100,sybil_24,998.4,819.47,0.0,-14.2456,180.0,F5F4,4,55.53,597.17,1,12
100,sybil_3,798.4,369.78,0.0,-4.2309,328.15,:E2_19,5,49.38,516.14,1,1
100,sybil_4,801.6,381.28,0.0,0.0,0.0,E1E2,5,55.81,513.56,1,2
100,sybil_9,398.4,528.58,30.8196,13.8187,180.0,C3C2,3,88.11,483.53,1,4
101,legit_10,601.6,481.75,13.6558,0.5086,0.0,D2D3,0,189.75,461.36,0,-1
101,legit_11,785.51,598.4,8.7011,-4.5,90.0,D3E3,0,35.54,473.85,0,-1
101,legit_12,658.42,801.6,13.5534,0.0177,270.0,E4D4,1,99.31,482.7,0,-1
101,legit_13,-1.6,318.92,12.7175,-0.8768,180.0,A2A1,0,157.07,754.92,0,-1
101,legit_14,401.6,370.6,11.5845,-0.2261,0.0,C1C2,4,49.55,515.88,0,-1
101,legit_15,798.4,79.18,13.5997,0.5777,180.0,E1E0,4,63.32,669.04,0,-1
101,legit_16,962.21,1.6,9.4533,1.6463,270.0,F0E0,0,147.39,782.71,0,-1
101,legit_4,472.99,1.6,10.2415,-0.7454,270.0,D0C0,0,120.61,713.85,0,-1
101,legit_5,88.29,1001.6,12.6782,-0.3305,270.0,B5A5,0,99.77,739.61,0,-1
101,legit_6,551.67,798.4,13.2231,0.2218,90.0,C4D4,1,109.85,481.17,0,-1
101,legit_8,399.97,394.38,4.0733,2.5333,338.83,:C2_19,4,60.71,509.25,0,-1
101,legit_9,801.6,363.03,12.9405,-0.5566,0.0,E1E2,5,51.69,519.39,0,-1
101,sybil_0,798.4,283.27,0.0,-3.43,180.0,E2E1,7,90.72,550.81,1,0
101,sybil_1,798.4,283.27,8.9101,-5.5737,180.0,E2E1,7,90.72,550.81,1,0
101,sybil_12,398.4,219.27,6.2514,-10.3645,180.0,C2C1,1,111.88,583.43,1,6
101,sybil_13,398.4,219.27,16.8906,14.8365,180.0,C2C1,1,111.88,583.43,1,6
101,sybil_14,398.4,379.78,6.6581,6.6581,180.0,C2C1,4,55.26,514.02,1,7
101,sybil_15,398.4,379.78,22.3311,12.1247,180.0,E1E0,4,55.26,514.02,1,7
101,sybil_16,798.4,130.68,9.5847,-7.8534,180.0,E1E0,4,49.56,633.79,1,8
101,sybil_17,798.4,130.68,8.1144,2.2656,180.0,E1E0,4,49.56,633.79,1,8
101,sybil_18,798.4,185.33,14.8444,10.7972,180.0,E1E0,6,81.31,601.06,1,9
101,sybil_19,798.4,185.33,1.9075,-4.39,264.63,:E1_6,6,81.31,601.06,1,9
101,sybil_2,798.4,357.56,5.9295,-2.5201,180.0,E2E1,5,48.46,520.25,1,1
101,sybil_20,865.83,801.6,0.0,-8.4368,270.0,F4E4,4,122.03,531.34,1,10
101,sybil_21,865.83,801.6,13.0451,-0.2314,270.0,F4E4,4,122.03,531.34,1,10
101,sybil_22,932.97,801.6,10.8385,-4.4758,270.0,F4E4,4,123.17,559.92,1,11
101,sybil_23,932.97,801.6,13.4194,2.9787,270.0,F4E4,4,123.17,559.92,1,11
101,sybil_24,998.4,809.18,34.6048,34.6048,180.0,F5F4,4,60.1,594.34,1,12
101,sybil_3,798.4,357.56,22.0895,22.0895,237.8,E2E1,5,48.46,520.25,1,1
101,sybil_4,801.6,386.71,6.1938,6.1938,0.0,E1E2,5,58.1,511.95,1,2
101,sybil_9,398.4,518.03,10.5816,-20.238,180.0,C3C2,4,96.86,484.82,1,4
102,legit_10,601.6,494.62,12.8677,-0.7881,0.0,D2D3,0,182.01,459.23,0,-1
102,legit_11,790.11,598.4,4.6046,-4.0965,90.0,D3E3,1,40.14,475.3,0,-1
102,legit_12,645.22,801.6,13.1999,-0.3536,270.0,E4D4,1,111.6,481.93,0,-1
102,legit_13,-1.6,305.33,13.5921,0.8746,180.0,A2A1,0,161.16,759.57,0,-1
102,legit_14,401.6,379.89,9.2858,-2.2987,0.0,C1C2,5,52.33,512.97,0,-1
102,legit_15,798.4,65.77,13.4056,-0.1942,180.0,E1E0,4,72.69,678.84,0,-1
102,legit_16,950.59,1.6,11.6284,2.1752,270.0,F0E0,0,154.6,777.9,0,-1
102,legit_17,801.6,612.3,0.0,0.0,0.0,E3E4,1,53.05,479.16,0,-1
102,legit_4,462.11,1.6,10.8872,0.6456,270.0,D0C0,0,119.02,715.57,0,-1
102,legit_5,75.55,1001.6,12.7359,0.0577,270.0,B5A5,0,108.11,748.19,0,-1
102,legit_6,564.74,798.4,13.0665,-0.1567,90.0,C4D4,1,122.05,480.55,0,-1
102,legit_8,398.4,392.02,3.0818,-0.9915,248.55,C2C1,5,60.73,510.41,0,-1
102,legit_9,801.6,372.21,9.1784,-3.7621,0.0,E1E2,5,53.03,516.38,0,-1
102,sybil_0,798.4,272.02,1.5183,1.5183,180.0,E2E1,7,100.41,556.07,1,0
102,sybil_1,798.4,272.02,20.2497,11.3396,180.0,E2E1,7,100.41,556.07,1,0
102,sybil_13,398.4,289.22,12.9898,-3.9008,180.0,C2C1,4,87.59,549.02,1,6
102,sybil_14,398.4,371.67,0.0,-6.6581,180.0,C2C1,5,52.9,516.55,1,7
102,sybil_15,398.4,371.67,12.3016,-10.0295,180.0,E1E0,5,52.9,516.55,1,7
102,sybil_16,798.4,118.1,15.3789,5.7942,180.0,E1E0,4,48.44,641.98,1,8
102,sybil_17,798.4,118.1,20.4659,12.3515,180.0,E1E0,4,48.44,641.98,1,8
102,sybil_18,798.4,175.35,1.8652,-12.9792,180.0,E1E0,6,73.52,606.75,1,9
102,sybil_19,798.4,175.35,0.0,-1.9075,221.02,:E1_6,6,73.52,606.75,1,9
102,sybil_2,798.4,344.98,2.9711,-2.9584,180.0,E2E1,5,50.68,524.79,1,1
102,sybil_20,853.37,801.6,10.5281,10.5281,270.0,F4E4,4,110.27,526.56,1,10
102,sybil_21,853.37,801.6,18.4249,5.3798,270.0,F4E4,4,110.27,526.56,1,10
102,sybil_22,920.08,801.6,15.5818,4.7434,270.0,F4E4,4,135.47,554.07,1,11
102,sybil_23,920.08,801.6,3.5051,-9.9143,270.0,F4E4,4,135.47,554.07,1,11
102,sybil_24,997.19,803.31,13.2316,-21.3732,194.36,:F4_0,4,64.3,592.15,1,12
102,sybil_3,798.4,344.98,0.0,-22.0895,180.0,E2E1,5,50.68,524.79,1,1
102,sybil_4,801.6,390.41,0.0,-6.1938,0.0,E1E2,5,59.9,510.87,1,2
102,sybil_9,398.4,506.77,12.0461,1.4645,180.0,C3C2,4,106.56,486.35,1,4
103,legit_10,601.6,507.95,13.3284,0.4607,0.0,D2D3,0,174.63,457.26,0,-1
103,legit_11,795.25,598.05,5.1635,0.5589,94.03,:E3_12,1,45.29,476.94,0,-1
103,legit_12,632.19,801.6,13.0261,-0.1738,270.0,E4D4,1,123.91,481.36,0,-1
103,legit_13,-1.6,292.2,13.1322,-0.46,180.0,A2A1,0,166.07,764.27,0,-1
103,legit_14,401.6,387.61,7.7276,-1.5582,0.0,C1C2,5,55.72,510.67,0,-1
103,legit_15,798.4,53.17,12.6007,-0.8049,180.0,E1E0,5,82.52,688.22,0,-1
103,legit_16,937.72,1.6,12.867,1.2385,270.0,F0E0,1,163.17,772.74,0,-1
103,legit_17,801.6,613.86,1.5565,1.5565,0.0,E3E4,1,53.43,479.2,0,-1
103,legit_4,451.48,1.6,10.6228,-0.2643,270.0,D0C0,0,118.41,717.39,0,-1
103,legit_5,62.57,1001.6,12.9798,0.2439,270.0,B5A5,0,117.43,757.1,0,-1
103,legit_6,577.55,798.4,12.8184,-0.2481,90.0,C4D4,1,134.17,480.13,0,-1
103,legit_8,398.4,387.0,5.0173,1.9355,180.0,C2C1,5,58.24,511.86,0,-1
103,legit_9,801.6,379.3,7.0868,-2.0916,0.0,E1E2,5,55.09,514.16,0,-1
103,sybil_0,798.4,260.61,5.6583,4.14,180.0,E2E1,7,110.55,561.55,1,0
103,sybil_1,798.4,260.61,16.9451,-3.3045,180.0,E2E1,7,110.55,561.55,1,0
103,sybil_13,398.4,276.89,19.7529,6.7631,180.0,C2C1,4,97.82,554.7,1,6
103,sybil_14,398.4,361.49,22.1531,22.1531,180.0,C2C1,5,51.62,519.92,1,7
103,sybil_15,398.4,361.49,7.8906,-4.4109,180.0,E1E0,5,51.62,519.92,1,7
103,sybil_16,798.4,105.52,0.0,-15.3789,180.0,E1E0,4,50.52,650.46,1,8
103,sybil_17,798.4,105.52,12.2447,-8.2212,180.0,E1E0,4,50.52,650.46,1,8
103,sybil_18,798.4,163.4,5.5372,3.672,180.0,E1E0,6,65.01,613.71,1,9
103,sybil_19,798.4,163.4,6.9875,6.9875,182.99,E1E0,6,65.01,613.71,1,9
103,sybil_2,798.4,333.08,10.6674,7.6962,180.0,E2E1,5,55.38,529.36,1,1
103,sybil_20,841.47,801.6,6.5766,-3.9515,270.0,F4E4,3,99.2,522.16,1,10
103,sybil_21,841.47,801.6,2.9638,-15.4611,270.0,F4E4,3,99.2,522.16,1,10
103,sybil_22,907.34,801.6,21.4528,5.871,270.0,F4E4,4,147.74,548.45,1,11
103,sybil_23,907.34,801.6,11.7794,8.2743,270.0,F4E4,4,147.74,548.45,1,11
103,sybil_24,992.09,801.6,0.0,-13.2316,254.74,F4E4,2,69.48,589.02,1,12
103,sybil_3,798.4,333.08,5.5623,5.5623,180.0,E2E1,5,55.38,529.36,1,1
103,sybil_4,801.04,393.64,6.6861,6.6861,353.35,:E2_11,5,61.13,509.77,1,2
103,sybil_9,398.4,496.09,19.6215,7.5754,180.0,C3C2,4,116.02,487.93,1,4
104,legit_10,601.6,521.09,13.1483,-0.1801,0.0,D2D3,0,168.07,455.57,0,-1
104,legit_11,798.32,593.36,5.9868,0.8233,152.0,:E3_12,1,48.77,477.98,0,-1
104,legit_12,618.96,801.6,13.2305,0.2044,270.0,E4D4,1,136.55,480.98,0,-1
104,legit_13,-1.6,279.12,13.0761,-0.056,180.0,A2A1,0,171.82,769.13,0,-1
104,legit_14,401.65,393.12,5.5086,-2.2189,0.52,:C2_8,5,58.61,509.08,0,-1
104,legit_15,798.4,39.57,13.6039,1.0032,180.0,E1E0,5,93.87,698.5,0,-1
104,legit_16,925.09,1.6,12.6332,-0.2338,270.0,F0E0,1,172.11,767.84,0,-1
104,legit_17,801.6,617.0,3.1411,1.5846,0.0,E3E4,1,54.33,479.3,0,-1
104,legit_4,441.18,1.6,10.3041,-0.3187,270.0,D0C0,0,118.73,719.3,0,-1
104,legit_5,49.08,1001.6,13.4954,0.5156,270.0,B5A5,0,127.8,766.53,0,-1
104,legit_6,590.93,798.4,13.3744,0.556,90.0,C4D4,1,146.94,479.89,0,-1
104,legit_8,398.4,379.96,7.0366,2.0193,180.0,C2C1,5,55.33,513.96,0,-1
104,legit_9,801.6,385.02,5.7224,-1.3644,0.0,E1E2,5,57.35,512.44,0,-1
104,sybil_0,798.4,249.41,3.2697,-2.3886,180.0,E2E1,7,120.72,567.06,1,0
104,sybil_1,798.4,249.41,14.2836,-2.6615,180.0,E2E1,7,120.72,567.06,1,0
104,sybil_13,398.4,264.43,17.1776,-2.5753,180.0,C2C1,4,108.61,560.62,1,6
104,sybil_14,398.4,349.82,9.4833,-12.6698,180.0,C2C1,5,52.6,524.02,1,7
104,sybil_15,398.4,349.82,5.6872,-2.2035,180.0,E1E0,5,52.6,524.02,1,7
104,sybil_16,798.4,93.68,15.5875,15.5875,180.0,E1E0,4,55.09,658.69,1,8
104,sybil_17,798.4,93.68,8.8206,-3.4241,180.0,E1E0,4,55.09,658.69,1,8
104,sybil_18,798.4,151.03,17.3378,11.8006,180.0,E1E0,6,57.49,621.11,1,9
104,sybil_19,798.4,151.03,1.436,-5.5514,180.0,E1E0,6,57.49,621.11,1,9
104,sybil_2,798.4,321.11,10.2997,-0.3677,180.0,E2E1,5,62.09,534.21,1,1
104,sybil_20,829.67,801.6,2.4505,-4.1261,270.0,F4E4,3,88.44,517.95,1,10
104,sybil_21,829.67,801.6,9.8013,6.8375,270.0,F4E4,3,88.44,517.95,1,10
104,sybil_22,894.03,801.6,5.6359,-15.8169,270.0,F4E4,4,149.06,542.76,1,11
104,sybil_23,894.03,801.6,7.8589,-3.9206,270.0,F4E4,4,149.06,542.76,1,11
104,sybil_24,985.02,801.6,20.4194,20.4194,270.0,F4E4,2,75.48,585.33,1,12
104,sybil_3,798.4,321.11,13.058,7.4958,180.0,E2E1,5,62.09,534.21,1,1
104,sybil_4,798.99,393.69,20.2254,13.5393,311.24,:E2_19,5,59.46,509.12,1,2
104,sybil_9,398.4,485.66,12.177,-7.4445,180.0,C3C2,4,125.44,489.61,1,4
105,legit_10,601.6,534.78,13.6871,0.5388,0.0,D2D3,0,162.1,454.07,0,-1
105,legit_11,798.4,587.79,5.5796,-0.4072,180.0,E3E2,1,49.92,478.12,0,-1
105,legit_13,-1.6,265.38,13.7428,0.6667,180.0,A2A1,0,178.71,774.45,0,-1
105,legit_14,403.74,397.45,5.0573,-0.4513,26.07,:C2_8,5,59.51,507.23,0,-1
105,legit_15,798.4,26.28,13.291,-0.3129,180.0,E1E0,5,105.48,708.69,0,-1
105,legit_16,912.66,1.6,12.4233,-0.2098,270.0,F0E0,3,181.33,763.18,0,-1
105,legit_17,801.6,621.81,4.8148,1.6737,0.0,E3E4,1,56.02,479.48,0,-1
105,legit_4,430.55,1.6,10.6263,0.3222,270.0,D0C0,0,119.99,721.42,0,-1
105,legit_5,35.86,1001.6,13.2167,-0.2786,270.0,B5A5,0,138.47,775.91,0,-1
105,legit_8,398.4,371.2,8.7594,1.7228,180.0,C2C1,5,52.8,516.7,0,-1
105,legit_9,801.6,387.72,2.7002,-3.0222,0.0,E1E2,5,58.58,511.65,0,-1
105,sybil_0,798.4,238.49,0.0,-3.2697,180.0,E2E1,6,127.99,572.56,1,0
105,sybil_1,798.4,238.49,14.6987,0.4151,180.0,E2E1,6,127.99,572.56,1,0
105,sybil_13,398.4,252.43,9.4094,-7.7682,180.0,C2C1,4,119.31,566.47,1,6
105,sybil_14,398.4,337.79,9.5961,0.1128,180.0,C2C1,5,56.18,528.53,1,7
105,sybil_15,398.4,337.79,3.215,-2.4722,180.0,E1E0,5,56.18,528.53,1,7
105,sybil_16,798.4,81.8,20.7249,5.1373,180.0,E1E0,5,61.66,667.15,1,8
105,sybil_17,798.4,81.8,2.1747,-6.6459,180.0,E1E0,5,61.66,667.15,1,8
105,sybil_18,798.4,138.75,10.78,-6.5578,180.0,E1E0,6,51.91,628.67,1,9
105,sybil_19,798.4,138.75,14.5471,13.1111,180.0,E1E0,6,51.91,628.67,1,9
105,sybil_2,798.4,309.22,6.9455,-3.3542,180.0,E2E1,5,70.15,539.22,1,1
105,sybil_20,817.16,801.6,0.0,-2.4505,270.0,F4E4,3,77.36,513.68,1,10
105,sybil_21,817.16,801.6,1.1811,-8.6202,270.0,F4E4,3,77.36,513.68,1,10
105,sybil_22,881.15,801.6,13.2295,7.5935,270.0,F4E4,4,136.66,537.44,1,11
105,sybil_23,881.15,801.6,6.3854,-1.4735,270.0,F4E4,4,136.66,537.44,1,11
105,sybil_24,975.86,801.6,5.7618,-14.6576,270.0,F4E4,2,83.5,580.64,1,12
105,sybil_3,798.4,309.22,9.0654,-3.9927,180.0,E2E1,5,70.15,539.22,1,1
105,sybil_4,798.4,390.6,14.3558,-5.8695,209.33,E2E1,3,57.26,509.81,1,2
105,sybil_9,398.4,474.79,4.1342,-8.0428,180.0,C3C2,4,125.86,491.48,1,4
106,legit_10,601.6,548.44,13.6594,-0.0277,0.0,D2D3,0,157.1,452.84,0,-1
106,legit_11,798.4,579.92,7.8643,2.2847,180.0,E3E2,1,52.4,478.37,0,-1
106,legit_13,-1.6,251.55,13.8282,0.0854,180.0,A2A1,0,186.4,780.0,0,-1
106,legit_14,408.46,398.4,4.911,-0.1463,78.22,C2D2,4,56.57,505.54,0,-1
106,legit_15,798.4,16.17,10.1006,-3.1904,180.0,E1E0,5,114.55,716.52,0,-1
106,legit_16,899.85,1.6,12.8122,0.3889,270.0,F0E0,3,190.98,758.54,0,-1
106,legit_17,801.6,628.96,7.1483,2.3334,0.0,E3E4,1,59.17,479.83,0,-1
106,legit_4,420.09,1.6,10.4638,-0.1625,270.0,D0C0,0,122.12,723.66,0,-1
106,legit_5,22.73,1001.6,13.1359,-0.0808,270.0,B5A5,0,149.48,785.37,0,-1
106,legit_8,398.4,360.53,10.6731,1.9138,180.0,C2C1,5,51.6,520.24,0,-1
106,legit_9,801.6,392.45,4.7296,2.0294,0.0,E1E2,3,60.96,510.29,0,-1
106,sybil_0,798.4,227.65,7.2294,7.2294,180.0,E2E1,5,118.03,578.13,1,0
106,sybil_1,798.4,227.65,16.1801,1.4814,180.0,E2E1,5,118.03,578.13,1,0
106,sybil_13,398.4,239.73,17.0346,7.6252,180.0,C2C1,3,130.38,572.83,1,6
106,sybil_14,398.4,326.37,25.4591,15.863,180.0,C2C1,5,61.59,533.04,1,7
106,sybil_15,398.4,326.37,15.9826,12.7676,180.0,E1E0,5,61.59,533.04,1,7
106,sybil_16,798.4,70.6,3.5089,-17.216,180.0,E1E0,5,69.16,675.29,1,8
106,sybil_17,798.4,70.6,16.3771,14.2024,180.0,E1E0,5,69.16,675.29,1,8
106,sybil_18,798.4,126.92,13.427,2.647,180.0,E1E0,6,48.89,636.21,1,9
106,sybil_19,798.4,126.92,9.1094,-5.4377,180.0,E1E0,6,48.89,636.21,1,9
106,sybil_2,798.4,296.65,17.7082,10.7628,180.0,E2E1,5,79.72,544.73,1,1
106,sybil_21,825.98,801.6,18.9079,17.7268,270.0,F4E4,3,85.14,516.67,1,10
106,sybil_22,867.51,801.6,19.6009,6.3714,270.0,F4E4,3,123.62,531.99,1,11
106,sybil_23,867.51,801.6,3.0857,-3.2997,270.0,F4E4,3,123.62,531.99,1,11
106,sybil_24,964.89,801.6,16.2046,10.4428,270.0,F4E4,3,93.37,575.16,1,12
106,sybil_3,798.4,296.65,21.5859,12.5205,180.0,E2E1,5,79.72,544.73,1,1
106,sybil_4,798.4,384.93,11.1177,-3.2382,180.0,E2E1,3,54.44,511.46,1,2
106,sybil_9,398.4,463.78,7.7054,3.5713,180.0,C3C2,4,115.9,493.52,1,4
107,legit_10,601.6,561.68,13.241,-0.4183,0.0,D2D3,0,153.27,451.92,0,-1
107,legit_11,798.4,569.54,10.3855,2.5211,180.0,E3E2,1,57.19,478.89,0,-1
107,legit_13,-1.6,238.56,12.9932,-0.835,180.0,A2A1,0,192.45,785.41,0,-1
107,legit_14,415.71,398.4,7.244,2.333,90.0,C2D2,4,51.48,503.41,0,-1
107,legit_15,798.4,10.35,5.8209,-4.2797,180.0,E1E0,5,119.85,721.07,0,-1
107,legit_16,887.74,1.6,12.1122,-0.7,270.0,F0E0,5,181.63,754.31,0,-1
107,legit_17,801.6,638.37,9.4098,2.2616,0.0,E3E4,1,64.3,480.42,0,-1
107,legit_4,411.39,1.6,8.696,-1.7678,270.0,D0C0,0,124.54,725.62,0,-1
107,legit_5,11.18,1001.6,11.546,-1.5899,270.0,B5A5,0,159.43,793.79,0,-1
107,legit_8,398.4,347.62,12.9166,2.2435,180.0,C2C1,5,53.07,524.83,0,-1
107,legit_9,801.6,399.14,6.6921,1.9625,0.0,:E2_9,3,64.77,508.42,0,-1
107,sybil_0,798.4,215.92,11.0675,3.8381,180.0,E2E1,5,107.44,584.3,1,0
107,sybil_1,798.4,215.92,11.9074,-4.2727,180.0,E2E1,5,107.44,584.3,1,0
107,sybil_13,398.4,227.19,0.0,-17.0346,180.0,C2C1,3,118.97,579.27,1,6
107,sybil_14,398.4,314.67,11.0618,-14.3973,180.0,C2C1,5,68.68,537.87,1,7
107,sybil_15,398.4,314.67,10.5236,-5.459,180.0,E1E0,5,68.68,537.87,1,7
107,sybil_16,798.4,60.03,8.895,5.3861,180.0,E1E0,5,77.07,683.09,1,8
107,sybil_17,798.4,60.03,11.6403,-4.7368,180.0,E1E0,5,77.07,683.09,1,8
107,sybil_18,798.4,116.16,0.3216,-13.1054,180.0,E1E0,7,48.55,643.27,1,9
107,sybil_19,798.4,116.16,11.8668,2.7573,180.0,E1E0,7,48.55,643.27,1,9
107,sybil_2,798.4,283.74,5.3315,-12.3767,180.0,E2E1,5,90.32,550.59,1,1
107,sybil_21,812.81,801.6,11.1546,-7.7533,270.0,F4E4,3,73.62,512.23,1,10
107,sybil_22,853.7,801.6,1.4782,-18.1227,270.0,F4E4,3,110.58,526.69,1,11
107,sybil_23,853.7,801.6,11.3102,8.2245,270.0,F4E4,3,110.58,526.69,1,11
107,sybil_24,951.86,801.6,16.4128,0.2082,270.0,F4E4,3,105.39,568.8,1,12
107,sybil_3,798.4,283.74,12.4933,-9.0926,180.0,E2E1,5,90.32,550.59,1,1
107,sybil_4,798.4,377.72,0.0,-11.1177,180.0,E2E1,3,51.54,513.64,1,2
107,sybil_9,398.4,453.24,22.0705,14.3651,180.0,C3C2,4,106.57,495.61,1,4
108,legit_10,601.6,574.74,13.0637,-0.1773,0.0,D2D3,0,150.53,451.27,0,-1
108,legit_11,798.4,557.52,12.0141,1.6286,180.0,E3E2,2,64.4,479.71,0,-1
108,legit_13,-1.6,224.96,13.5952,0.602,180.0,A2A1,0,184.39,791.25,0,-1
108,legit_14,425.52,398.4,9.8179,2.5739,90.0,C2D2,4,45.54,500.67,0,-1
108,legit_15,798.06,4.8,5.5757,-0.2452,183.94,:E0_0,5,124.82,725.34,0,-1
108,legit_16,874.89,1.6,12.8464,0.7342,270.0,F0E0,5,172.09,749.98,0,-1
108,legit_17,801.6,649.65,11.2845,1.8747,0.0,E3E4,1,71.61,481.31,0,-1
108,legit_18,387.7,801.6,0.0,0.0,270.0,C4B4,0,73.18,512.07,0,-1
108,legit_4,406.07,1.76,5.3361,-3.3599,271.86,:C0_3,0,126.14,726.74,0,-1
108,legit_5,4.13,1001.6,7.046,-4.5,270.0,B5A5,0,165.6,798.98,0,-1
108,legit_8,398.4,334.24,13.372,0.4554,180.0,C2C1,5,57.67,529.9,0,-1
108,legit_9,801.6,408.08,8.9323,2.2402,0.0,E2E3,4,70.53,506.04,0,-1
108,sybil_0,798.4,208.43,1.5298,-9.5377,180.0,E2E1,5,100.81,588.31,1,0
108,sybil_1,798.4,208.43,9.2733,-2.6341,180.0,E2E1,5,100.81,588.31,1,0
108,sybil_13,398.4,214.56,17.2022,17.2022,180.0,C2C1,3,107.72,585.93,1,6
108,sybil_14,398.4,303.4,26.577,15.5153,180.0,C2C1,5,76.59,542.7,1,7
108,sybil_15,398.4,303.4,13.6032,3.0796,180.0,E1E0,5,76.59,542.7,1,7
108,sybil_16,798.4,48.56,15.86,6.965,180.0,E1E0,5,86.29,691.68,1,8
108,sybil_17,798.4,48.56,19.5369,7.8966,180.0,E1E0,5,86.29,691.68,1,8
108,sybil_18,798.4,105.65,16.0563,15.7347,180.0,E1E0,7,50.48,650.38,1,9
108,sybil_19,798.4,105.65,29.7219,17.8552,180.0,E1E0,7,50.48,650.38,1,9
108,sybil_2,798.4,271.04,0.0,-5.3315,180.0,E2E1,5,101.28,556.54,1,1
108,sybil_22,840.71,801.6,15.4077,13.9296,270.0,F4E4,2,98.51,521.88,1,11
108,sybil_23,840.71,801.6,12.229,0.9189,270.0,F4E4,2,98.51,521.88,1,11
108,sybil_24,938.5,801.6,15.4759,-0.9369,270.0,F4E4,2,117.92,562.48,1,12
108,sybil_3,798.4,271.04,20.2695,7.7762,180.0,E2E1,5,101.28,556.54,1,1
108,sybil_4,798.4,368.6,12.9957,12.9957,180.0,E2E1,3,49.16,516.53,1,2
108,sybil_9,398.4,442.99,8.1209,-13.9496,180.0,C3C2,4,97.73,497.75,1,4
109,legit_10,601.6,584.97,10.2227,-2.841,0.0,D2D3,0,149.16,450.95,0,-1
109,legit_11,798.4,544.09,13.4332,1.4191,180.0,E3E2,2,73.95,480.89,0,-1
109,legit_13,-1.6,213.7,11.2587,-2.3364,180.0,A2A1,0,178.22,796.23,0,-1
109,legit_14,437.16,398.4,11.6393,1.8214,90.0,C2D2,4,40.49,497.66,0,-1
109,legit_15,793.16,1.65,6.2468,0.6711,244.13,:E0_0,5,125.97,726.65,0,-1
109,legit_16,861.72,1.6,13.1678,0.3214,270.0,F0E0,5,162.79,745.73,0,-1
109,legit_17,801.6,662.4,12.7498,1.4653,0.0,E3E4,3,80.97,482.54,0,-1
109,legit_18,386.15,801.6,1.5497,1.5497,270.0,C4B4,0,74.51,512.58,0,-1
109,legit_4,402.63,3.61,4.0853,-1.2508,294.52,:C0_3,0,125.66,726.11,0,-1
109,legit_5,-1.32,998.79,6.6694,-0.3766,234.42,:A5_0,0,171.73,801.71,0,-1
109,legit_8,398.4,321.44,12.7988,-0.5732,180.0,C2C1,4,64.41,535.05,0,-1
109,legit_9,801.6,418.41,10.3345,1.4022,0.0,E2E3,2,77.94,503.43,0,-1
109,sybil_0,797.35,203.58,8.7953,7.2655,192.42,:E1_0,5,96.06,590.65,1,0
109,sybil_1,797.35,203.58,2.4733,-6.8,180.0,E2E1,5,96.06,590.65,1,0
109,sybil_14,398.4,291.91,16.5715,-10.0055,180.0,C2C1,4,85.43,547.8,1,7
109,sybil_15,398.4,291.91,9.6411,-3.9621,180.0,E1E0,4,85.43,547.8,1,7
109,sybil_16,798.4,37.66,9.7115,-6.1485,180.0,E1E0,5,95.51,699.95,1,8
109,sybil_17,798.4,37.66,0.3319,-19.205,180.0,E1E0,5,95.51,699.95,1,8
109,sybil_18,798.4,94.71,5.0608,-10.9955,180.0,E1E0,7,54.61,657.97,1,9
109,sybil_19,798.4,94.71,15.5723,-14.1496,180.0,E1E0,7,54.61,657.97,1,9
109,sybil_2,798.4,258.67,15.2578,15.2578,180.0,E2E1,4,112.29,562.49,1,1
109,sybil_22,827.09,801.6,14.4468,-0.9609,270.0,F4E4,3,86.13,517.06,1,11
109,sybil_23,827.09,801.6,8.2671,-3.9619,270.0,F4E4,3,86.13,517.06,1,11
109,sybil_24,926.18,801.6,31.2312,15.7553,270.0,F4E4,2,129.63,556.81,1,12
109,sybil_3,798.4,258.67,17.2975,-2.972,180.0,E2E1,4,112.29,562.49,1,1
109,sybil_4,798.4,357.1,14.4499,1.4542,180.0,E2E1,3,48.49,520.41,1,2
109,sybil_9,398.4,432.25,7.0411,-1.0798,180.0,C3C2,4,88.79,500.14,1,4
110,legit_10,601.6,591.61,6.6377,-3.585,0.0,D2D3,0,148.64,450.83,0,-1
110,legit_11,798.4,530.66,13.4305,-0.0027,180.0,E3E2,2,84.56,482.3,0,-1
110,legit_13,-1.56,206.95,6.7587,-4.5,179.59,:A1_1,0,174.73,799.26,0,-1
110,legit_14,449.27,398.4,12.1092,0.4699,90.0,C2D2,4,38.41,494.85,0,-1
110,legit_15,787.26,1.6,5.9018,-0.345,270.0,E0D0,5,124.12,725.31,0,-1
110,legit_16,848.67,1.6,13.0537,-0.1142,270.0,F0E0,5,154.12,741.69,0,-1
110,legit_17,801.6,675.0,12.5929,-0.1569,0.0,E3E4,3,91.03,483.95,0,-1
110,legit_18,382.96,801.6,3.1938,1.6441,270.0,C4B4,0,77.26,513.64,0,-1
110,legit_4,401.6,7.8,4.3984,0.3131,344.07,C0C1,0,122.2,723.07,0,-1
110,legit_5,-1.6,992.28,6.5254,-0.144,180.78,A5A4,0,175.15,798.94,0,-1
110,legit_8,398.4,308.09,13.3502,0.5514,180.0,C2C1,4,73.19,540.67,0,-1
110,legit_9,801.6,430.87,12.4584,2.1239,0.0,E2E3,2,87.66,500.46,0,-1
110,sybil_0,793.24,201.66,4.1125,-4.6828,243.31,:E1_0,6,92.4,590.57,1,0
110,sybil_1,793.24,201.66,16.9471,14.4738,180.0,E2E1,6,92.4,590.57,1,0
110,sybil_14,398.4,279.88,14.7139,-1.8576,180.0,C2C1,4,95.29,553.31,1,7
110,sybil_15,398.4,279.88,0.0,-9.6411,180.0,E1E0,4,95.29,553.31,1,7
110,sybil_16,798.4,27.49,18.8413,9.1298,180.0,E1E0,5,104.41,707.75,1,8
110,sybil_17,798.4,27.49,0.0,-0.3319,180.0,E1E0,5,104.41,707.75,1,8
110,sybil_18,798.4,83.63,19.021,13.9602,180.0,E1E0,7,60.54,665.83,1,9
110,sybil_19,798.4,83.63,0.0,-15.5723,180.0,E1E0,7,60.54,665.83,1,9
110,sybil_2,798.4,246.18,16.9406,1.6828,180.0,E2E1,4,123.68,568.67,1,1
110,sybil_22,813.21,801.6,0.6584,-13.7884,270.0,F4E4,3,73.96,512.36,1,11
110,sybil_23,813.21,801.6,9.6797,1.4125,270.0,F4E4,3,73.96,512.36,1,11
110,sybil_24,912.85,801.6,9.7412,-21.49,270.0,F4E4,2,142.42,550.86,1,12
110,sybil_3,798.4,246.18,19.4039,2.1065,180.0,E2E1,4,123.68,568.67,1,1
110,sybil_4,798.4,344.71,0.0,-14.4499,180.0,E2E1,5,50.76,524.9,1,2
110,sybil_9,398.4,421.71,0.0,-7.0411,180.0,C3C2,4,80.44,502.62,1,4
111,legit_10,602.99,596.98,5.6887,-0.949,16.51,:D3_8,0,147.04,450.78,0,-1
111,legit_11,798.4,517.6,13.0572,-0.3733,180.0,E3E2,1,95.56,483.9,0,-1
111,legit_13,1.32,200.17,7.6934,0.9347,148.67,:A1_9,0,168.91,800.23,0,-1
111,legit_14,460.56,398.4,11.2859,-0.8233,90.0,C2D2,4,39.82,492.54,0,-1
111,legit_15,780.02,1.6,7.2427,1.3408,270.0,E0D0,5,122.15,723.68,0,-1
111,legit_16,836.65,1.6,12.0243,-1.0293,270.0,F0E0,5,146.72,738.14,0,-1
111,legit_17,801.6,688.69,13.6945,1.1017,0.0,E3E4,2,102.61,485.71,0,-1
111,legit_18,377.89,801.6,5.0633,1.8695,270.0,C4B4,0,81.69,515.34,0,-1
111,legit_4,401.6,13.56,5.7594,1.361,0.0,C0C1,0,116.93,718.56,0,-1
111,legit_5,-1.6,984.32,7.9638,1.4385,180.0,A5A4,0,179.27,795.35,0,-1
111,legit_8,398.4,295.32,12.7758,-0.5744,180.0,C2C1,4,82.74,546.27,0,-1
111,legit_9,801.6,444.24,13.3742,0.9158,0.0,E2E3,2,98.79,497.49,0,-1
111,sybil_0,787.56,201.6,0.0,-4.1125,270.0,E1D1,6,89.83,589.08,1,0
111,sybil_1,787.56,201.6,8.3757,-8.5714,180.0,E2E1,6,89.83,589.08,1,0
111,sybil_14,398.4,268.06,14.2557,-0.4582,180.0,C2C1,4,105.43,558.88,1,7
111,sybil_15,398.4,268.06,0.0,0.0,180.0,E1E0,4,105.43,558.88,1,7
111,sybil_16,798.4,21.09,5.6751,-13.1662,180.0,E1E0,5,110.12,712.7,1,8
111,sybil_17,798.4,21.09,3.966,3.966,180.0,E1E0,5,110.12,712.7,1,8
111,sybil_18,798.4,72.66,13.9767,-5.0443,180.0,E1E0,7,67.7,673.78,1,9
111,sybil_19,798.4,72.66,5.6428,5.6428,180.0,E1E0,7,67.7,673.78,1,9
111,sybil_2,798.4,233.71,13.7583,-3.1823,180.0,E2E1,4,123.58,575.0,1,1
111,sybil_23,855.94,801.6,10.8476,1.168,270.0,F4E4,2,112.68,527.53,1,11
111,sybil_24,899.88,801.6,10.3747,0.6334,270.0,F4E4,2,154.72,545.24,1,12
111,sybil_3,798.4,233.71,13.3192,-6.0847,180.0,E2E1,4,123.58,575.0,1,1
111,sybil_4,798.4,332.28,0.8861,0.8861,180.0,E2E1,5,55.77,529.68,1,2
111,sybil_9,398.4,410.52,22.5383,22.5383,180.0,C3C2,4,72.22,505.41,1,4
112,legit_10,608.6,598.4,5.9368,0.2481,79.08,D3E3,0,141.41,450.82,0,-1
112,legit_11,798.4,504.45,13.1544,0.0973,180.0,E3E2,1,107.11,485.71,0,-1
112,legit_13,9.34,198.4,8.3914,0.698,94.65,A1B1,0,161.03,795.14,0,-1
112,legit_14,472.13,398.4,11.5721,0.2862,90.0,C2D2,1,44.32,490.48,0,-1
112,legit_15,770.57,1.6,9.4489,2.2062,270.0,E0D0,5,120.17,721.66,0,-1
112,legit_16,824.02,1.6,12.6288,0.6045,270.0,F0E0,5,139.63,734.59,0,-1
112,legit_17,801.6,701.73,13.0387,-0.6559,0.0,E3E4,2,114.07,487.6,0,-1
112,legit_18,371.32,801.6,6.5768,1.5135,270.0,C4B4,0,87.55,517.61,0,-1
112,legit_4,401.6,20.86,7.301,1.5416,0.0,C0C1,0,110.33,712.88,0,-1
112,legit_5,-1.6,974.42,9.8961,1.9323,180.0,A5A4,0,184.74,790.98,0,-1
112,legit_8,398.4,281.65,13.6658,0.89,180.0,C2C1,3,93.81,552.49,0,-1
112,legit_9,801.6,457.1,12.854,-0.5202,0.0,E2E3,2,109.96,494.83,0,-1
112,sybil_0,779.96,201.6,25.4972,25.4972,270.0,E1D1,6,86.93,587.12,1,0
112,sybil_1,779.96,201.6,0.0,-8.3757,190.91,:E1_0,6,86.93,587.12,1,0
112,sybil_14,398.4,256.74,10.7008,-3.5549,180.0,C2C1,2,115.44,564.35,1,7
112,sybil_15,398.4,256.74,0.0,0.0,180.0,E1E0,2,115.44,564.35,1,7
112,sybil_16,798.4,16.19,21.0437,15.3686,180.0,E1E0,5,114.54,716.51,1,8
112,sybil_17,798.4,16.19,15.064,11.0979,180.0,E1E0,5,114.54,716.51,1,8
112,sybil_18,798.4,60.84,14.4654,0.4887,180.0,E1E0,7,76.44,682.49,1,9
112,sybil_19,798.4,60.84,13.9577,8.3149,180.0,E1E0,7,76.44,682.49,1,9
112,sybil_2,798.4,223.23,9.555,-4.2033,180.0,E2E1,4,114.01,580.44,1,1
112,sybil_23,843.22,801.6,24.6371,13.7895,270.0,F4E4,2,100.82,522.79,1,11
112,sybil_24,887.64,801.6,0.0,-10.3747,270.0,F4E4,2,142.89,540.1,1,12
112,sybil_3,798.4,223.23,21.492,8.1728,180.0,E2E1,4,114.01,580.44,1,1
112,sybil_4,798.4,319.54,17.6136,16.7275,180.0,E2E1,5,63.08,534.86,1,2
113,legit_10,616.82,598.4,8.2185,2.2817,90.0,D3E3,0,133.19,450.93,0,-1
113,legit_11,798.4,490.96,13.4909,0.3365,180.0,E3E2,1,119.3,487.77,0,-1
113,legit_13,19.6,198.4,10.2647,1.8733,90.0,A1B1,0,152.15,787.64,0,-1
113,legit_14,484.02,398.4,11.8928,0.3207,90.0,C2D2,0,51.3,488.64,0,-1
113,legit_15,759.5,1.6,11.0676,1.6187,270.0,E0D0,5,118.78,719.43,0,-1
113,legit_16,811.12,1.6,12.8947,0.2659,270.0,F0E0,5,133.25,731.15,0,-1
113,legit_17,801.6,714.9,13.1678,0.1291,0.0,E3E4,2,125.95,489.7,0,-1
113,legit_18,362.69,801.6,8.6249,2.0481,270.0,C4B4,0,95.38,520.66,0,-1
113,legit_4,401.6,30.14,9.2784,1.9774,0.0,C0C1,0,102.07,705.71,0,-1
113,legit_5,-1.6,962.3,12.1158,2.2197,180.0,A5A4,0,191.92,785.77,0,-1
113,legit_8,398.4,269.45,12.2,-1.4658,180.0,C2C1,2,104.22,558.21,0,-1
113,legit_9,801.6,469.63,12.5308,-0.3233,0.0,E2E3,1,121.16,492.42,0,-1
113,sybil_0,770.34,201.6,1.0537,-24.4434,270.0,E1D1,4,84.1,584.77,1,0
113,sybil_1,770.34,201.6,10.2676,10.2676,249.33,E1D1,4,84.1,584.77,1,0
113,sybil_14,398.4,245.42,24.0826,13.3818,180.0,C2C1,2,125.66,569.96,1,7
113,sybil_15,398.4,245.42,0.0,0.0,180.0,E1E0,2,125.66,569.96,1,7
113,sybil_16,798.4,15.23,6.7434,-14.3003,180.0,E1E0,5,115.41,717.26,1,8
113,sybil_17,798.4,15.23,5.5913,-9.4726,180.0,E1E0,5,115.41,717.26,1,8
113,sybil_18,798.4,50.09,19.435,4.9696,180.0,E1E0,5,85.03,690.53,1,9
113,sybil_19,798.4,50.09,0.0,-13.9577,180.0,E1E0,5,85.03,690.53,1,9
113,sybil_2,798.4,215.6,4.8294,-4.7256,180.0,E2E1,4,107.16,584.47,1,1
113,sybil_23,829.57,801.6,3.6807,-20.9564,270.0,F4E4,2,88.35,517.92,1,11
113,sybil_24,874.24,801.6,15.1849,15.1849,270.0,F4E4,2,130.04,534.66,1,12
113,sybil_3,798.4,215.6,28.4928,7.0008,180.0,E2E1,4,107.16,584.47,1,1
113,sybil_4,798.4,307.63,12.7472,-4.8665,180.0,E2E1,4,71.31,539.91,1,2
114,legit_10,627.27,598.4,10.4458,2.2272,90.0,D3E3,0,122.75,451.19,0,-1
114,legit_11,798.4,477.76,13.2018,-0.2891,180.0,E3E2,1,127.32,489.99,0,-1
114,legit_13,32.32,198.4,12.7174,2.4527,90.0,A1B1,0,141.4,778.45,0,-1
114,legit_14,496.21,398.4,12.1865,0.2937,90.0,C2D2,0,60.08,487.01,0,-1
114,legit_15,746.94,1.6,12.5635,1.4958,270.0,E0D0,5,118.44,717.11,0,-1
114,legit_16,798.09,1.6,13.0355,0.1408,270.0,:E0_4,5,127.79,727.87,0,-1
114,legit_17,801.6,728.65,13.7557,0.5879,0.0,E3E4,2,122.72,492.11,0,-1
114,legit_18,351.95,801.6,10.7395,2.1147,270.0,C4B4,0,105.3,524.57,0,-1
114,legit_19,412.3,198.4,0.0,0.0,90.0,C1D1,3,86.99,590.87,0,-1
114,legit_4,401.6,41.08,10.9416,1.6632,0.0,C0C1,0,92.58,697.35,0,-1
114,legit_5,-1.6,948.56,13.7404,1.6247,180.0,A5A4,0,186.46,780.05,0,-1
114,legit_8,398.4,257.41,12.046,-0.154,180.0,C2C1,3,114.84,564.02,0,-1
114,legit_9,801.6,483.22,13.5892,1.0584,0.0,E2E3,1,127.67,490.02,0,-1
114,sybil_0,759.36,201.6,0.0,-1.0537,270.0,E1D1,4,82.13,582.28,1,0
114,sybil_1,759.36,201.6,9.712,-0.5555,270.0,E1D1,4,82.13,582.28,1,0
114,sybil_14,398.4,234.51,15.2344,-8.8482,180.0,C2C1,3,125.6,575.49,1,7
114,sybil_15,398.4,234.51,3.0023,3.0023,180.0,E1E0,3,125.6,575.49,1,7
114,sybil_16,798.4,14.98,0.0458,-6.6975,180.0,E1E0,5,115.63,717.45,1,8
114,sybil_17,798.4,14.98,6.2117,0.6203,180.0,E1E0,5,115.63,717.45,1,8
114,sybil_18,798.4,40.39,5.2995,-14.1355,180.0,E1E0,5,93.17,697.87,1,9
114,sybil_19,798.4,40.39,15.9105,15.9105,180.0,E1E0,5,93.17,697.87,1,9
114,sybil_2,798.4,208.12,2.3138,-2.5156,180.0,E2E1,4,100.53,588.48,1,1
114,sybil_23,816.23,801.6,14.5531,10.8724,270.0,F4E4,2,76.55,513.36,1,11
114,sybil_24,861.48,801.6,19.7355,4.5506,270.0,F4E4,2,117.91,529.65,1,12
114,sybil_3,798.4,208.12,12.8719,-15.6209,180.0,E2E1,4,100.53,588.48,1,1
114,sybil_4,798.4,294.93,10.9603,-1.7868,180.0,E2E1,4,81.1,545.5,1,2
115,legit_10,640.14,598.4,12.8783,2.4325,90.0,D3E3,0,109.87,451.68,0,-1
115,legit_11,798.4,464.62,13.1327,-0.0692,180.0,E3E2,1,115.28,492.4,0,-1
115,legit_13,45.57,198.4,13.2466,0.5293,90.0,A1B1,0,130.59,769.01,0,-1
115,legit_14,508.04,398.4,11.8352,-0.3513,90.0,C2D2,0,69.6,485.63,0,-1
115,legit_15,733.84,1.6,13.0942,0.5307,270.0,E0D0,5,119.5,714.91,0,-1
115,legit_16,785.5,1.6,12.5866,-0.4489,270.0,E0D0,5,123.61,724.91,0,-1
115,legit_17,801.6,741.35,12.6928,-1.0629,0.0,E3E4,1,111.33,494.52,0,-1
115,legit_18,339.82,801.6,12.1324,1.3929,270.0,C4B4,0,116.68,529.15,0,-1
115,legit_19,414.83,198.4,2.5299,2.5299,90.0,C1D1,4,85.93,590.21,0,-1
115,legit_4,401.6,51.73,10.6502,-0.2914,0.0,C0C1,1,83.69,689.3,0,-1
115,legit_5,-1.6,934.81,13.7566,0.0162,180.0,A5A4,0,178.8,774.52,0,-1
115,legit_8,398.4,245.06,12.3484,0.3025,180.0,C2C1,3,125.99,570.14,0,-1
115,legit_9,801.6,496.41,13.191,-0.3982,0.0,E2E3,1,115.73,487.88,0,-1
115,sybil_0,747.29,201.6,1.6568,1.6568,270.0,E1D1,4,81.64,579.77,1,0
115,sybil_1,747.29,201.6,11.3497,1.6376,270.0,E1D1,4,81.64,579.77,1,0
115,sybil_14,398.4,223.52,0.0,-15.2344,180.0,C2C1,3,115.67,581.19,1,7
115,sybil_15,398.4,223.52,11.7561,8.7539,178.16,:E0_1,3,115.67,581.19,1,7
115,sybil_16,798.4,14.83,0.6789,0.6331,180.0,E1E0,5,115.78,717.57,1,8
115,sybil_17,798.4,14.83,0.0,-6.2117,180.0,E1E0,5,115.78,717.57,1,8
115,sybil_18,798.4,33.31,17.2522,11.9527,180.0,E1E0,5,99.29,703.28,1,9
115,sybil_19,798.4,33.31,10.8881,-5.0224,180.0,E1E0,5,99.29,703.28,1,9
115,sybil_2,797.21,203.35,0.0,-2.3138,194.07,:E1_0,4,95.79,590.74,1,1
115,sybil_24,848.43,801.6,4.6474,-15.0881,270.0,F4E4,1,105.65,524.71,1,12
115,sybil_3,797.21,203.35,22.9858,10.1138,180.0,E2E1,4,95.79,590.74,1,1
115,sybil_4,798.4,282.15,13.4075,2.4472,180.0,E2E1,4,91.67,551.32,1,2
116,legit_10,653.85,598.4,13.7113,0.833,90.0,D3E3,0,96.16,452.4,0,-1
116,legit_11,798.4,451.6,13.0275,-0.1052,180.0,E3E2,1,103.6,494.98,0,-1
116,legit_13,58.95,198.4,13.3776,0.131,90.0,A1B1,0,120.16,759.62,0,-1
116,legit_14,519.79,398.4,11.7426,-0.0926,90.0,C2D2,0,79.65,484.44,0,-1
116,legit_15,720.03,1.6,13.8098,0.7157,270.0,E0D0,5,122.13,712.84,0,-1
116,legit_16,772.72,1.6,12.7848,0.1982,270.0,E0D0,5,120.56,722.11,0,-1
116,legit_17,801.6,755.13,13.7854,1.0926,0.0,E3E4,1,99.32,497.35,0,-1
116,legit_18,326.49,801.6,13.3301,1.1977,270.0,C4B4,0,129.34,534.37,0,-1
116,legit_19,419.87,198.4,5.0428,2.5129,90.0,C1D1,4,83.99,588.92,0,-1
116,legit_4,401.6,62.71,10.9798,0.3296,0.0,C0C1,3,75.0,681.1,0,-1
116,legit_5,-1.6,921.27,13.5353,-0.2213,180.0,A5A4,0,172.01,769.28,0,-1
116,legit_8,398.4,233.08,11.9737,-0.3747,180.0,C2C1,3,124.3,576.23,0,-1
116,legit_9,801.6,510.0,13.5923,0.4013,0.0,E2E3,1,103.74,485.89,0,-1
116,sybil_0,735.86,201.6,18.4093,16.7525,270.0,E1D1,4,82.82,577.63,1,0
116,sybil_1,735.86,201.6,0.2041,-11.1455,270.0,E1D1,4,82.82,577.63,1,0
116,sybil_14,398.4,211.4,16.1757,16.1757,180.0,C2C1,4,104.96,587.62,1,7
116,sybil_15,398.4,211.4,10.3656,-1.3905,173.97,:E0_1,4,104.96,587.62,1,7
116,sybil_16,798.4,13.69,5.1945,4.5156,180.0,E1E0,5,116.81,718.46,1,8
116,sybil_17,798.4,13.69,11.7133,11.7133,180.0,E1E0,5,116.81,718.46,1,8
116,sybil_18,798.4,30.73,13.6978,-3.5544,180.0,E1E0,5,101.55,705.26,1,9
116,sybil_19,798.4,30.73,10.6295,-0.2586,180.0,E1E0,5,101.55,705.26,1,9
116,sybil_2,791.59,201.6,20.5436,20.5436,257.89,E1D1,4,91.59,590.15,1,1
116,sybil_24,836.1,801.6,2.8656,-1.7818,270.0,F4E4,1,94.27,520.22,1,12
116,sybil_3,791.59,201.6,31.1765,8.1908,180.0,E2E1,4,91.59,590.15,1,1
116,sybil_4,798.4,269.34,23.8543,10.4468,180.0,E2E1,4,102.77,557.34,1,2
117,legit_10,666.84,598.4,12.9867,-0.7245,90.0,D3E3,0,83.17,453.28,0,-1
117,legit_11,798.4,438.59,13.0022,-0.0253,180.0,E3E2,1,92.3,497.74,0,-1
117,legit_13,72.21,198.4,13.2635,-0.1141,90.0,A1B1,0,110.44,750.47,0,-1
117,legit_14,532.17,398.4,12.3838,0.6411,90.0,C2D2,0,90.7,483.38,0,-1
117,legit_15,706.89,1.6,13.1419,-0.6679,270.0,E0D0,6,126.0,711.09,0,-1
117,legit_16,760.5,1.6,12.2175,-0.5673,270.0,E0D0,6,118.86,719.63,0,-1
117,legit_17,801.6,767.99,12.8579,-0.9275,0.0,E3E4,1,88.59,500.2,0,-1
117,legit_18,312.97,801.6,13.5221,0.192,270.0,C4B4,0,142.31,539.85,0,-1
117,legit_19,427.49,198.4,7.6198,2.5771,90.0,C1D1,2,81.57,587.04,0,-1
117,legit_4,401.6,72.93,10.2194,-0.7604,0.0,C0C1,2,67.52,673.59,0,-1
117,legit_5,-1.6,908.34,12.9325,-0.6028,180.0,A5A4,0,166.29,764.46,0,-1
117,legit_8,398.4,220.75,12.3306,0.3569,180.0,C2C1,2,113.2,582.64,0,-1
117,legit_9,801.6,522.97,12.9712,-0.6211,0.0,E2E3,1,92.71,484.2,0,-1
117,sybil_0,724.48,201.6,13.8968,-4.5125,270.0,E1D1,4,85.5,575.71,1,0
117,sybil_1,724.48,201.6,5.8812,5.6771,270.0,E1D1,4,85.5,575.71,1,0
117,sybil_15,801.5,0.06,13.2634,2.8978,146.65,:E0_1,6,130.53,729.92,1,7
117,sybil_16,798.4,12.29,9.4581,4.2636,180.0,E1E0,6,118.08,719.55,1,8
117,sybil_17,798.4,12.29,11.7318,0.0185,180.0,E1E0,6,118.08,719.55,1,8
117,sybil_18,798.4,30.46,0.0,-13.6978,180.0,E1E0,6,101.78,705.47,1,9
117,sybil_19,798.4,30.46,10.2842,-0.3453,180.0,E1E0,6,101.78,705.47,1,9
117,sybil_2,783.54,201.6,0.0,-20.5436,270.0,E1D1,4,88.22,588.03,1,1
117,sybil_24,822.76,801.6,2.8996,0.034,270.0,F4E4,1,82.27,515.57,1,12
117,sybil_3,783.54,201.6,5.5997,-25.5768,180.0,E2E1,4,88.22,588.03,1,1
117,sybil_4,798.4,256.68,5.8296,-18.0247,180.0,E2E1,4,114.09,563.46,1,2
118,legit_10,679.95,598.4,13.111,0.1243,90.0,D3E3,1,70.07,454.37,0,-1
118,legit_11,798.4,425.89,12.7048,-0.2973,180.0,E3E2,1,81.76,500.64,0,-1
118,legit_13,84.91,198.4,12.701,-0.5626,90.0,A1B1,0,101.9,741.87,0,-1
118,legit_14,544.04,398.4,11.8718,-0.5119,90.0,C2D2,0,101.58,482.54,0,-1
118,legit_15,693.12,1.6,13.771,0.6291,270.0,E0D0,6,131.35,709.51,0,-1
118,legit_16,747.98,1.6,12.5201,0.3026,270.0,E0D0,6,118.42,717.29,0,-1
118,legit_17,801.6,781.14,13.1545,0.2966,0.0,E3E4,1,78.27,503.32,0,-1
118,legit_18,300.32,801.6,12.649,-0.8731,270.0,C4B4,0,154.53,545.16,0,-1
118,legit_19,437.35,198.4,9.855,2.2351,90.0,C1D1,2,79.41,584.76,0,-1
118,legit_4,401.6,84.21,11.2858,1.0664,0.0,C0C1,2,60.19,665.42,0,-1
118,legit_5,-1.6,894.64,13.6966,0.764,180.0,A5A4,0,161.15,759.56,0,-1
118,legit_8,398.4,207.67,13.0884,0.7578,180.0,C2C1,2,101.72,589.63,0,-1
118,legit_9,801.6,536.61,13.6378,0.6666,0.0,E2E3,2,81.74,482.64,0,-1
118,sybil_0,712.96,201.6,0.0,-13.8968,270.0,E1D1,4,89.61,573.98,1,0
118,sybil_1,712.96,201.6,16.9705,11.0893,270.0,E1D1,4,89.61,573.98,1,0
118,sybil_15,807.01,-1.57,11.9725,-1.2908,104.04,:E0_1,6,134.27,732.59,1,7
118,sybil_16,798.4,9.01,12.5762,3.118,180.0,E1E0,6,121.09,722.12,1,8
118,sybil_17,798.4,9.01,13.1481,1.4163,180.0,E1E0,6,121.09,722.12,1,8
118,sybil_18,798.4,29.41,0.0,0.0,180.0,E1E0,6,102.71,706.27,1,9
118,sybil_19,798.4,29.41,14.7759,4.4917,180.0,E1E0,6,102.71,706.27,1,9
118,sybil_2,773.28,201.6,9.0955,9.0955,270.0,E1D1,4,84.85,585.47,1,1
118,sybil_24,809.57,801.6,15.1147,12.2151,270.0,F4E4,1,70.88,511.18,1,12
118,sybil_3,773.28,201.6,3.4798,-2.1199,207.95,:E1_0,4,84.85,585.47,1,1
118,sybil_4,798.4,244.72,21.5481,15.7185,180.0,E2E1,4,125.03,569.4,1,2
119,legit_10,693.52,598.4,13.5677,0.4567,90.0,D3E3,1,56.5,455.7,0,-1
119,legit_11,798.4,413.11,12.782,0.0772,180.0,E3E2,1,71.85,503.77,0,-1
119,legit_13,97.54,198.4,12.6274,-0.0736,90.0,A1B1,0,94.33,733.49,0,-1
119,legit_14,555.72,398.4,11.6807,-0.1911,90.0,C2D2,0,112.48,481.88,0,-1
119,legit_15,679.51,1.6,13.6062,-0.1648,270.0,E0D0,6,137.79,708.17,0,-1
119,legit_16,735.33,1.6,12.6481,0.128,270.0,E0D0,6,119.31,715.15,0,-1
119,legit_17,801.6,790.48,9.337,-3.8174,0.0,E3E4,0,71.52,505.67,0,-1
119,legit_18,286.55,801.6,13.7697,1.1208,270.0,C4B4,0,141.85,551.12,0,-1
119,legit_19,448.73,198.4,11.387,1.5321,90.0,C1D1,1,78.41,582.33,0,-1
119,legit_4,401.6,95.06,10.8504,-0.4354,0.0,C0C1,1,54.45,657.72,0,-1
119,legit_5,-1.6,881.88,12.7589,-0.9377,180.0,A5A4,0,157.28,755.19,0,-1
119,legit_9,801.6,550.11,13.5028,-0.1349,0.0,E2E3,2,71.77,481.33,0,-1
119,sybil_0,701.45,201.6,6.3729,6.3729,270.0,E1D1,4,94.95,572.46,1,0
119,sybil_1,701.45,201.6,7.1763,-9.7942,270.0,E1D1,4,94.95,572.46,1,0
119,sybil_15,813.41,-1.6,20.4208,8.4483,90.0,E0F0,6,137.14,734.26,1,7
119,sybil_16,798.99,3.28,7.4141,-5.1621,173.21,:E0_1,6,126.58,726.76,1,8
119,sybil_17,798.99,3.28,1.3774,-11.7707,180.0,E1E0,6,126.58,726.76,1,8
119,sybil_18,798.4,27.42,0.9777,0.9777,180.0,E1E0,6,104.47,707.8,1,9
119,sybil_19,798.4,27.42,5.5712,-9.2047,180.0,E1E0,6,104.47,707.8,1,9
119,sybil_2,761.25,201.6,1.6015,-7.494,270.0,E1D1,4,82.37,582.7,1,1
119,sybil_3,761.25,201.6,9.8538,6.374,267.09,E1D1,4,82.37,582.7,1,1
119,sybil_4,798.4,231.91,4.6973,-16.8508,180.0,E2E1,4,121.93,575.93,1,2
120,legit_10,706.86,598.4,13.3382,-0.2295,90.0,D3E3,1,43.17,457.21,0,-1
120,legit_11,798.4,399.62,13.4887,0.7067,180.0,:E2_1,0,62.55,507.3,0,-1
120,legit_13,111.14,198.4,13.6042,0.9768,90.0,A1B1,0,87.5,724.68,0,-1
120,legit_14,567.5,398.4,11.7813,0.1006,90.0,C2D2,0,123.62,481.37,0,-1
120,legit_15,665.69,1.6,13.8238,0.2176,270.0,E0D0,5,145.35,707.03,0,-1
120,legit_16,722.07,1.6,13.256,0.6079,270.0,E0D0,6,121.65,713.13,0,-1
120,legit_17,801.24,795.29,4.837,-4.5,355.91,:E4_10,0,68.01,506.82,0,-1
120,legit_18,273.08,801.6,13.4706,-0.2992,270.0,C4B4,0,128.93,557.15,0,-1
120,legit_19,461.69,198.4,12.952,1.565,90.0,C1D1,1,79.27,579.83,0,-1
120,legit_20,212.3,998.4,0.0,0.0,90.0,B5C5,0,102.66,665.86,0,-1
120,legit_4,401.6,105.41,10.3481,-0.5023,0.0,C0C1,1,50.55,650.54,0,-1
120,legit_5,-1.6,868.65,13.2294,0.4704,180.0,A5A4,0,154.28,750.85,0,-1
120,legit_9,801.6,562.76,12.6484,-0.8545,0.0,E2E3,1,63.63,480.35,0,-1
120,sybil_0,689.65,201.6,7.2085,0.8356,270.0,E1D1,4,101.49,571.1,1,0
120,sybil_1,689.65,201.6,8.7455,1.5692,270.0,E1D1,4,101.49,571.1,1,0
120,sybil_15,821.81,-1.6,3.3654,-17.0555,90.0,E0F0,5,141.22,736.49,1,7
120,sybil_16,804.46,-1.21,10.7447,3.3306,119.52,:E0_1,6,132.88,731.66,1,8
120,sybil_17,804.46,-1.21,9.0161,7.6387,180.0,E1E0,6,132.88,731.66,1,8
120,sybil_18,798.4,25.3,0.0,-0.9777,180.0,E1E0,6,106.35,709.44,1,9
120,sybil_19,798.4,25.3,0.0,-5.5712,180.0,E1E0,6,106.35,709.44,1,9
120,sybil_2,748.44,201.6,4.6427,3.0412,270.0,E1D1,4,81.61,580.0,1,1
120,sybil_3,748.44,201.6,0.0,-9.8538,270.0,E1D1,4,81.61,580.0,1,1
120,sybil_4,798.4,219.82,6.3071,1.6098,180.0,E2E1,4,110.93,582.24,1,2
121,legit_10,719.78,598.4,12.9173,-0.4209,90.0,D3E3,1,30.27,458.87,0,-1
121,legit_11,798.4,386.83,12.7879,-0.7008,180.0,E2E1,0,55.34,510.9,0,-1
121,legit_13,124.64,198.4,13.4955,-0.1087,90.0,A1B1,0,82.4,716.17,0,-1
121,legit_14,579.07,398.4,11.5631,-0.2181,90.0,C2D2,0,134.66,481.02,0,-1
121,legit_15,651.84,1.6,13.8478,0.024,270.0,E0D0,3,153.8,706.13,0,-1
121,legit_16,709.67,1.6,12.4057,-0.8503,270.0,E0D0,6,125.08,711.44,0,-1
121,legit_17,797.22,800.71,7.1293,2.2923,314.74,:E4_18,0,61.43,507.02,0,-1
121,legit_18,259.37,801.6,13.7098,0.2393,270.0,C4B4,0,115.91,563.48,0,-1
121,legit_19,474.56,198.4,12.8709,-0.0811,90.0,C1D1,1,82.16,577.63,0,-1
121,legit_20,213.76,998.4,1.4585,1.4585,90.0,B5C5,0,103.56,665.15,0,-1
121,legit_4,401.6,115.61,10.1936,-0.1546,0.0,C0C1,1,48.6,643.64,0,-1
121,legit_5,-1.6,855.31,13.3472,0.1179,180.0,A5A4,0,152.37,746.69,0,-1
121,legit_9,801.6,576.32,13.5553,0.907,0.0,E2E3,1,56.78,479.57,0,-1
121,sybil_0,677.86,201.6,6.1267,-1.0819,270.0,E1D1,4,108.91,569.94,1,0
121,sybil_1,677.86,201.6,32.4457,23.7002,270.0,E1D1,4,108.91,569.94,1,0
121,sybil_15,831.65,-1.6,14.9317,11.5664,90.0,E0F0,5,146.47,739.21,1,7
121,sybil_16,811.62,-1.6,4.9807,-5.7641,90.94,E0F0,5,136.32,733.79,1,8
121,sybil_17,811.62,-1.6,13.9303,4.9142,175.46,:E0_1,5,136.32,733.79,1,8
121,sybil_18,798.4,21.39,0.0,0.0,180.0,E1E0,6,109.85,712.47,1,9
121,sybil_19,798.4,21.39,0.0,0.0,180.0,E1E0,6,109.85,712.47,1,9
121,sybil_2,735.78,201.6,10.8657,6.223,270.0,E1D1,4,82.83,577.62,1,1
121,sybil_3,735.78,201.6,7.5809,7.5809,270.0,E1D1,4,82.83,577.62,1,1
121,sybil_4,798.4,210.35,12.7179,6.4108,180.0,E2E1,4,102.5,587.28,1,2
122,legit_10,732.66,598.4,12.8876,-0.0298,90.0,D3E3,1,17.41,460.72,0,-1
122,legit_11,798.4,373.84,12.9884,0.2004,180.0,E2E1,0,50.34,514.85,0,-1
122,legit_13,138.03,198.4,13.3971,-0.0984,90.0,A1B1,0,79.31,707.99,0,-1
122,legit_14,587.87,398.4,8.806,-2.7571,90.0,C2D2,0,143.12,480.86,0,-1
122,legit_15,638.07,1.6,13.7701,-0.0778,270.0,E0D0,1,162.93,705.44,0,-1
122,legit_16,696.72,1.6,12.9505,0.5449,270.0,E0D0,6,129.84,709.9,0,-1
122,legit_17,789.09,801.6,8.2633,1.134,272.09,E4D4,0,54.79,504.81,0,-1
122,legit_18,246.06,801.6,13.3117,-0.3981,270.0,C4B4,0,103.45,569.81,0,-1
122,legit_19,488.06,198.4,13.5045,0.6336,90.0,C1D1,1,87.15,575.62,0,-1
122,legit_20,217.79,998.4,4.032,2.5735,90.0,B5C5,0,106.09,663.17,0,-1
122,legit_4,401.6,126.97,11.3666,1.173,0.0,C0C1,1,48.9,636.17,0,-1
122,legit_5,-1.6,841.46,13.8507,0.5035,180.0,A5A4,0,151.61,742.59,0,-1
122,legit_9,801.6,585.86,9.5455,-4.0098,0.0,E2E3,1,53.5,479.21,0,-1
122,sybil_0,665.76,201.6,4.5606,-1.5661,270.0,E1D1,4,117.28,568.93,1,0
122,sybil_1,665.76,201.6,11.9608,-20.4849,270.0,E1D1,4,117.28,568.93,1,0
122,sybil_15,843.78,-1.6,22.8101,7.8784,90.0,E0F0,5,153.56,742.72,1,7
122,sybil_16,820.81,-1.6,28.883,23.9023,90.0,E0F0,5,140.71,736.22,1,8
122,sybil_17,820.81,-1.6,10.7773,-3.153,134.75,:E0_1,5,140.71,736.22,1,8
122,sybil_18,798.4,15.28,9.9821,9.9821,180.0,E1E0,5,115.36,717.22,1,9
122,sybil_19,798.4,15.28,0.0,0.0,180.0,E1E0,5,115.36,717.22,1,9
122,sybil_2,723.87,201.6,5.8484,-5.0173,270.0,E1D1,4,85.68,575.61,1,1
122,sybil_3,723.87,201.6,6.6271,-0.9538,270.0,E1D1,4,85.68,575.61,1,1
122,sybil_4,798.08,204.97,10.1026,-2.6152,183.66,:E1_0,4,97.63,590.1,1,2
123,legit_10,746.42,598.4,13.758,0.8705,90.0,D3E3,1,3.92,462.92,0,-1
123,legit_11,798.4,360.98,12.8655,-0.1228,180.0,E2E1,0,48.41,519.07,0,-1
123,legit_13,150.77,198.4,12.7316,-0.6655,90.0,A1B1,0,78.4,700.47,0,-1
123,legit_14,592.53,398.4,4.6516,-4.1545,90.0,C2D2,0,147.61,480.81,0,-1
123,legit_15,624.56,1.6,13.5163,-0.2537,270.0,E0D0,1,172.5,704.97,0,-1
123,legit_16,683.64,1.6,13.0747,0.1242,270.0,E0D0,5,135.73,708.55,0,-1
123,legit_17,778.55,801.6,10.5382,2.2749,270.0,E4D4,0,47.85,501.79,0,-1
123,legit_18,232.76,801.6,13.2983,-0.0134,270.0,C4B4,0,91.23,576.32,0,-1
123,legit_19,501.77,198.4,13.713,0.2085,90.0,C1D1,1,93.95,573.86,0,-1
123,legit_20,224.39,998.4,6.6003,2.5683,90.0,B5C5,0,110.42,659.98,0,-1
123,legit_4,401.6,137.51,10.5357,-0.8309,0.0,C0C1,1,51.47,629.46,0,-1
123,legit_5,-1.6,827.82,13.6331,-0.2176,180.0,A5A4,0,152.09,738.78,0,-1
123,legit_9,801.6,592.09,6.2263,-3.3193,0.0,E2E3,1,52.2,479.08,0,-1
123,sybil_0,653.85,201.6,0.0,-4.5606,270.0,E1D1,4,126.11,568.12,1,0
123,sybil_1,653.85,201.6,2.3927,-9.568,270.0,E1D1,4,126.11,568.12,1,0
123,sybil_15,855.8,-1.6,8.5803,-14.2298,90.0,E0F0,4,161.18,746.35,1,7
123,sybil_16,831.69,-1.6,10.5123,-18.3707,90.0,E0F0,5,146.49,739.22,1,8
123,sybil_17,831.69,-1.6,10.3558,-0.4215,94.75,E0F0,5,146.49,739.22,1,8
123,sybil_18,798.4,9.21,10.7706,0.7885,180.0,E1E0,5,120.9,721.96,1,9
123,sybil_19,798.4,9.21,16.7342,16.7342,180.0,E1E0,5,120.9,721.96,1,9
123,sybil_2,711.37,201.6,0.9616,-4.8868,270.0,E1D1,4,90.28,573.76,1,1
123,sybil_3,711.37,201.6,21.4883,14.8612,270.0,E1D1,4,90.28,573.76,1,1
123,sybil_4,794.1,201.79,0.0,-10.1026,234.28,:E1_0,4,92.91,590.73,1,2
124,legit_10,760.22,598.4,13.7937,0.0356,90.0,D3E3,1,10.34,466.34,0,-1
124,legit_11,798.4,348.69,12.2907,-0.5749,180.0,E2E1,1,49.7,523.42,0,-1
124,legit_13,164.23,198.4,13.4603,0.7287,90.0,A1B1,0,79.68,692.78,0,-1
124,legit_14,599.22,398.4,6.6923,2.0407,90.0,:D2_13,0,154.08,480.78,0,-1
124,legit_15,614.58,1.6,9.9717,-3.5446,270.0,E0D0,1,179.88,704.76,0,-1
124,legit_16,671.44,1.6,12.2062,-0.8685,270.0,E0D0,3,142.09,707.48,0,-1
124,legit_17,766.27,801.6,12.2781,1.7399,270.0,E4D4,0,41.71,498.52,0,-1
124,legit_18,220.99,801.6,11.7713,-1.5269,270.0,C4B4,0,80.71,582.25,0,-1
124,legit_19,514.89,198.4,13.1158,-0.5973,90.0,C1D1,3,101.77,572.43,0,-1
124,legit_20,233.4,998.4,9.013,2.4127,90.0,B5C5,0,116.68,655.7,0,-1
124,legit_4,401.6,147.68,10.1702,-0.3655,0.0,C0C1,1,55.76,623.15,0,-1
124,legit_5,-1.6,816.21,11.6095,-2.0236,180.0,A5A4,0,153.45,735.71,0,-1
124,legit_9,800.52,594.14,2.4629,-3.7634,346.78,:E3_19,1,50.86,478.69,0,-1
124,sybil_0,641.89,201.6,27.309,27.309,270.0,E1D1,5,135.45,567.47,1,0
124,sybil_1,641.89,201.6,4.9314,2.5387,270.0,E1D1,5,135.45,567.47,1,0
124,sybil_15,867.8,-1.6,36.0886,27.5083,90.0,E0F0,4,169.3,750.14,1,7
124,sybil_16,844.03,-1.6,35.3463,24.834,90.0,E0F0,4,153.71,742.79,1,8
124,sybil_17,844.03,-1.6,16.4968,6.1409,90.0,E0F0,4,153.71,742.79,1,8
124,sybil_18,800.04,1.53,0.0,-10.7706,162.18,:E0_1,5,128.61,728.41,1,9
124,sybil_19,800.04,1.53,23.9016,7.1674,180.0,E1E0,5,128.61,728.41,1,9
124,sybil_2,698.25,201.6,14.3964,13.4348,270.0,E1D1,4,96.63,572.07,1,1
124,sybil_3,698.25,201.6,24.1906,2.7023,270.0,E1D1,4,96.63,572.07,1,1
124,sybil_4,788.83,201.6,0.0,0.0,268.32,E1D1,5,90.37,589.42,1,2
125,legit_10,773.5,598.4,13.2895,-0.5042,90.0,D3E3,1,23.56,470.2,0,-1
125,legit_11,798.4,335.71,12.9779,0.6873,180.0,E2E1,1,54.15,528.33,0,-1
125,legit_13,177.28,198.4,13.0519,-0.4084,90.0,A1B1,0,83.01,685.6,0,-1
125,legit_14,607.58,398.4,8.3582,1.666,90.0,D2E2,0,147.51,480.81,0,-1
125,legit_15,608.22,1.6,6.3595,-3.6122,270.0,E0D0,1,184.71,704.68,0,-1
125,legit_16,659.01,1.6,12.4238,0.2175,270.0,E0D0,3,149.32,706.57,0,-1
125,legit_17,752.93,801.6,13.3425,1.0645,270.0,E4D4,0,38.51,495.33,0,-1
125,legit_18,211.94,801.6,9.0473,-2.724,270.0,C4B4,0,72.88,586.91,0,-1
125,legit_19,528.33,198.4,13.4372,0.3215,90.0,C1D1,3,110.82,571.2,0,-1
125,legit_20,244.95,998.4,11.5471,2.5341,90.0,B5C5,0,125.2,650.35,0,-1
125,legit_4,401.6,158.59,10.909,0.7387,0.0,C0C1,1,61.9,616.56,0,-1
125,legit_5,-1.6,808.4,7.8141,-3.7954,180.0,A5A4,0,154.86,733.74,0,-1
125,legit_9,798.4,592.71,3.0096,0.5467,272.68,E3E2,1,48.95,478.02,0,-1
125,sybil_0,630.88,201.6,20.8667,-6.4423,270.0,E1D1,4,144.39,567.02,1,0
125,sybil_1,630.88,201.6,17.286,12.3545,270.0,E1D1,4,144.39,567.02,1,0
125,sybil_15,879.68,-1.6,10.9142,-25.1744,90.0,E0F0,4,177.77,754.03,1,7
125,sybil_16,856.76,-1.6,24.3585,-10.9878,90.0,E0F0,4,161.82,746.65,1,8
125,sybil_17,856.76,-1.6,13.6101,-2.8866,90.0,E0F0,4,161.82,746.65,1,8
125,sybil_18,807.51,-1.6,8.0271,8.0271,101.24,E0F0,5,134.51,732.74,1,9
125,sybil_19,807.51,-1.6,1.3104,-22.5912,180.0,E1E0,5,134.51,732.74,1,9
125,sybil_2,686.23,201.6,5.7496,-8.6468,270.0,E1D1,4,103.56,570.75,1,1
125,sybil_3,686.23,201.6,14.354,-9.8366,270.0,E1D1,4,103.56,570.75,1,1
125,sybil_4,781.78,201.6,7.5197,7.5197,270.0,E1D1,3,87.57,587.58,1,2
126,legit_10,784.02,598.4,10.5191,-2.7703,90.0,D3E3,1,34.06,473.39,0,-1
126,legit_11,798.4,322.7,13.0063,0.0284,180.0,E2E1,1,61.1,533.55,0,-1
126,legit_13,186.24,198.4,8.9582,-4.0937,90.0,A1B1,0,86.37,680.81,0,-1
126,legit_14,617.76,398.4,10.1811,1.8229,90.0,D2E2,0,137.71,480.95,0,-1
126,legit_15,603.07,2.96,5.4553,-0.9042,286.11,:D0_3,1,187.85,703.57,0,-1
126,legit_16,646.19,1.6,12.8195,0.3958,270.0,E0D0,1,157.46,705.82,0,-1
126,legit_17,739.42,801.6,13.5129,0.1703,270.0,E4D4,1,39.83,492.54,0,-1
126,legit_18,207.39,801.6,4.5473,-4.5,270.0,C4B4,0,69.05,589.29,0,-1
126,legit_19,541.04,198.4,12.715,-0.7223,90.0,C1D1,5,120.15,570.25,0,-1
126,legit_20,258.64,998.4,13.6929,2.1458,90.0,B5C5,0,135.88,644.2,0,-1
126,legit_21,798.4,787.7,0.0,0.0,180.0,E4E3,1,71.26,503.97,0,-1
126,legit_4,401.6,169.33,10.7394,-0.1695,0.0,C0C1,1,69.11,610.23,0,-1
126,legit_5,-1.18,804.26,4.1734,-3.6408,175.17,:A4_1,0,155.35,732.39,0,-1
126,legit_9,798.4,587.71,4.9992,1.9896,180.0,E3E2,1,49.94,478.12,0,-1
126,sybil_0,618.8,201.6,4.3086,-16.5581,270.0,E1D1,4,154.51,566.69,1,0
126,sybil_1,618.8,201.6,22.7729,5.4869,270.0,E1D1,4,154.51,566.69,1,0
126,sybil_15,890.77,-1.6,19.7295,8.8153,90.0,E0F0,4,186.02,757.8,1,7
126,sybil_16,869.5,-1.6,11.9834,-12.3751,90.0,E0F0,4,170.49,750.68,1,8
126,sybil_17,869.5,-1.6,21.0687,7.4586,90.0,E0F0,4,170.49,750.68,1,8
126,sybil_18,817.46,-1.6,13.1306,5.1035,90.0,E0F0,4,139.06,735.32,1,9
126,sybil_19,817.46,-1.6,16.2677,14.9574,173.93,:E0_1,4,139.06,735.32,1,9
126,sybil_2,674.11,201.6,10.2182,4.4685,270.0,E1D1,5,111.44,569.61,1,1
126,sybil_3,674.11,201.6,26.5835,12.2295,270.0,E1D1,5,111.44,569.61,1,1
126,sybil_4,772.5,201.6,3.6062,-3.9136,270.0,E1D1,3,84.64,585.29,1,2
127,legit_10,790.04,598.4,6.0191,-4.5,90.0,D3E3,1,40.07,475.28,0,-1
127,legit_11,798.4,310.11,12.5933,-0.413,180.0,E2E1,1,69.51,538.84,0,-1
127,legit_13,190.89,198.4,4.6556,-4.3026,90.0,A1B1,0,88.42,678.37,0,-1
127,legit_14,629.2,398.4,11.4416,1.2604,90.0,D2E2,0,126.76,481.26,0,-1
127,legit_15,601.6,8.92,6.3211,0.8658,351.08,D0D1,1,185.37,698.83,0,-1
127,legit_16,633.08,1.6,13.1099,0.2903,270.0,E0D0,1,166.4,705.24,0,-1
127,legit_17,725.94,801.6,13.472,-0.0408,270.0,E4D4,1,45.31,490.17,0,-1
127,legit_18,201.44,799.91,6.3043,1.757,251.73,:B4_6,0,65.22,592.01,0,-1
127,legit_19,553.87,198.4,12.8288,0.1138,90.0,C1D1,3,130.14,569.49,0,-1
127,legit_20,271.56,998.4,12.912,-0.7809,90.0,B5C5,0,146.4,638.59,0,-1
127,legit_21,798.4,785.37,2.3303,2.3303,180.0,E4E3,1,72.99,503.38,0,-1
127,legit_4,401.6,180.06,10.7315,-0.0079,0.0,C0C1,0,77.13,604.05,0,-1
127,legit_5,2.79,799.29,6.6825,2.5091,134.69,:A4_9,0,152.74,728.06,0,-1
127,legit_9,798.4,581.0,6.7061,1.707,180.0,E3E2,1,51.99,478.33,0,-1
127,sybil_1,630.31,201.6,17.1391,-5.6338,270.0,E1D1,4,144.86,567.0,1,0
127,sybil_15,902.52,-1.6,11.7139,-8.0156,90.0,E0F0,4,191.15,761.93,1,7
127,sybil_16,880.96,-1.6,10.882,-1.1014,90.0,E0F0,4,178.71,754.46,1,8
127,sybil_17,880.96,-1.6,17.4475,-3.6212,90.0,E0F0,4,178.71,754.46,1,8
127,sybil_18,828.99,-1.6,19.8568,6.7262,90.0,E0F0,4,145.0,738.47,1,9
127,sybil_19,828.99,-1.6,9.4884,-6.7793,118.56,:E0_1,4,145.0,738.47,1,9
127,sybil_2,661.51,201.6,16.141,5.9229,270.0,E1D1,4,120.37,568.62,1,1
127,sybil_3,661.51,201.6,3.958,-22.6256,270.0,E1D1,4,120.37,568.62,1,1
127,sybil_4,761.26,201.6,14.0447,10.4386,270.0,E1D1,4,82.37,582.7,1,2
128,legit_10,798.27,598.4,8.2285,2.2094,90.0,:E3_13,1,48.3,477.92,0,-1
128,legit_11,798.4,297.47,12.6353,0.042,180.0,E2E1,1,79.07,544.37,0,-1
128,legit_13,197.35,198.4,6.4579,1.8024,90.0,:B1_13,0,91.59,675.03,0,-1
128,legit_14,641.53,398.4,12.3338,0.8922,90.0,D2E2,0,115.06,481.75,0,-1
128,legit_15,601.6,17.67,8.7472,2.4261,0.0,D0D1,1,180.26,691.94,0,-1
128,legit_16,621.06,1.6,12.0218,-1.0881,270.0,E0D0,1,175.05,704.88,0,-1
128,legit_17,712.6,801.6,13.3453,-0.1267,270.0,E4D4,1,53.6,488.17,0,-1
128,legit_18,198.49,793.46,7.4101,1.1059,196.22,:B4_6,0,67.21,591.99,0,-1
128,legit_19,567.46,198.4,13.5923,0.7635,90.0,C1D1,3,141.22,568.9,0,-1
128,legit_20,285.22,998.4,13.6667,0.7547,90.0,B5C5,0,157.94,632.84,0,-1
128,legit_21,798.4,780.5,4.8725,2.5422,180.0,E4E3,1,76.7,502.18,0,-1
128,legit_4,401.6,190.33,10.2694,-0.4621,0.0,C0C1,0,85.37,598.25,0,-1
128,legit_5,11.06,798.4,8.4033,1.7209,91.85,A4B4,0,145.03,721.34,0,-1
128,legit_9,798.4,571.84,9.1619,2.4558,180.0,E3E2,1,55.99,478.76,0,-1
128,sybil_1,618.83,201.6,0.0,-17.1391,270.0,E1D1,4,154.48,566.69,1,0
128,sybil_15,914.3,-1.6,2.5128,-9.2011,90.0,E0F0,4,182.21,766.22,1,7
128,sybil_16,892.87,-1.6,20.9309,10.0489,90.0,E0F0,4,187.61,758.53,1,8
128,sybil_17,892.87,-1.6,14.2244,-3.2232,90.0,E0F0,4,187.61,758.53,1,8
128,sybil_18,840.85,-1.6,9.4292,-10.4276,90.0,E0F0,4,151.79,741.86,1,9
128,sybil_19,840.85,-1.6,0.0,-9.4884,90.86,E0F0,4,151.79,741.86,1,9
128,sybil_2,649.13,201.6,20.9122,4.7712,270.0,E1D1,4,129.74,567.84,1,1
128,sybil_3,649.13,201.6,26.5406,22.5826,270.0,E1D1,4,129.74,567.84,1,1
128,sybil_4,748.8,201.6,23.4969,9.4522,270.0,E1D1,4,81.61,580.07,1,2
129,legit_10,808.64,598.4,10.3717,2.1431,90.0,E3F3,1,58.66,481.37,0,-1
129,legit_11,798.4,284.85,12.6234,-0.0119,180.0,E2E1,1,89.39,550.08,0,-1
129,legit_13,205.23,198.4,7.8833,1.4254,90.0,:B1_13,0,95.9,671.04,0,-1
129,legit_14,652.89,398.4,11.3539,-0.9798,90.0,D2E2,0,104.43,482.35,0,-1
129,legit_15,601.6,28.45,10.7831,2.0359,0.0,D0D1,1,174.37,683.54,0,-1
129,legit_16,608.3,1.6,12.7582,0.7364,270.0,E0D0,1,184.65,704.68,0,-1
129,legit_17,699.75,801.6,12.8485,-0.4968,270.0,E4D4,1,63.24,486.51,0,-1
129,legit_18,198.4,785.19,8.2734,0.8633,180.0,B4B3,0,73.12,590.08,0,-1
129,legit_19,579.55,198.4,12.0842,-1.508,90.0,C1D1,2,151.42,568.55,0,-1
129,legit_20,299.0,998.4,13.7823,0.1157,90.0,B5C5,0,169.89,627.23,0,-1
129,legit_21,798.4,773.54,6.9573,2.0849,180.0,E4E3,1,82.22,500.51,0,-1
129,legit_5,21.8,798.4,10.7441,2.3407,90.0,A4B4,0,134.78,712.96,0,-1
129,legit_9,798.4,561.04,10.7983,1.6364,180.0,E3E2,1,62.13,479.45,0,-1
129,sybil_15,925.75,-1.6,21.3337,18.8209,90.0,E0F0,4,173.85,770.52,1,7
129,sybil_16,905.11,-1.6,12.3268,-8.6041,90.0,E0F0,4,189.16,762.86,1,8
129,sybil_17,905.11,-1.6,11.6147,-2.6097,90.0,E0F0,4,189.16,762.86,1,8
129,sybil_18,852.71,-1.6,19.374,9.9448,90.0,E0F0,4,159.17,745.4,1,9
129,sybil_19,852.71,-1.6,0.8455,0.8455,90.0,E0F0,4,159.17,745.4,1,9
129,sybil_2,636.2,201.6,4.2756,-16.6366,270.0,E1D1,3,140.03,567.22,1,1
129,sybil_3,636.2,201.6,23.5996,-2.941,270.0,E1D1,3,140.03,567.22,1,1
129,sybil_4,735.95,201.6,14.2116,-9.2854,270.0,E1D1,3,82.8,577.64,1,2
130,legit_10,821.02,598.4,12.374,2.0024,90.0,E3F3,1,71.04,485.63,0,-1
130,legit_11,798.4,271.36,13.4894,0.866,180.0,E2E1,1,100.99,556.38,0,-1
130,legit_13,214.92,198.4,9.683,1.7997,90.0,B1C1,0,101.79,666.23,0,-1
130,legit_14,664.56,398.4,11.6734,0.3194,90.0,D2E2,0,93.67,483.14,0,-1
130,legit_15,601.6,41.66,13.2039,2.4208,0.0,D0D1,1,167.81,673.39,0,-1
130,legit_16,595.05,1.6,13.2511,0.4928,270.0,:D0_4,1,187.24,704.65,0,-1
130,legit_17,686.57,801.6,13.1822,0.3338,270.0,E4D4,1,74.15,485.06,0,-1
130,legit_18,198.4,775.2,9.9956,1.7222,180.0,B4B3,0,80.88,587.82,0,-1
130,legit_19,588.15,198.4,8.6005,-3.4838,90.0,C1D1,3,158.84,568.39,0,-1
130,legit_20,312.67,998.4,13.6653,-0.1171,90.0,B5C5,0,159.74,621.86,0,-1
130,legit_21,798.4,764.05,9.492,2.5347,180.0,E4E3,1,90.06,498.33,0,-1
130,legit_5,34.25,798.4,12.4418,1.6977,90.0,A4B4,0,123.0,703.35,0,-1
130,legit_9,798.4,548.94,12.1012,1.3029,180.0,E3E2,1,70.35,480.43,0,-1
130,sybil_15,937.19,-1.6,13.3674,-7.9663,90.0,E0F0,4,165.87,774.95,1,7
130,sybil_16,916.82,-1.6,5.8393,-6.4875,90.0,E0F0,4,180.34,767.15,1,8
130,sybil_17,916.82,-1.6,13.3983,1.7836,90.0,E0F0,4,180.34,767.15,1,8
130,sybil_18,863.66,-1.6,0.1442,-19.2298,90.0,E0F0,4,166.45,748.81,1,9
130,sybil_19,863.66,-1.6,0.0,-0.8455,90.0,E0F0,4,166.45,748.81,1,9
130,sybil_2,624.01,201.6,16.6064,12.3308,270.0,E1D1,3,150.11,566.81,1,1
130,sybil_3,624.01,201.6,18.5809,-5.0187,270.0,E1D1,3,150.11,566.81,1,1
130,sybil_4,723.37,201.6,7.6145,-6.597,270.0,E1D1,4,85.83,575.54,1,2
131,legit_10,834.51,598.4,13.4897,1.1156,90.0,E3F3,1,84.52,490.47,0,-1
131,legit_11,798.4,258.77,12.5933,-0.8961,180.0,E2E1,1,112.21,562.44,0,-1
131,legit_13,227.11,198.4,12.1907,2.5077,90.0,B1C1,0,109.96,660.35,0,-1
131,legit_14,675.9,398.4,11.3386,-0.3347,90.0,D2E2,0,83.46,484.05,0,-1
131,legit_15,601.6,54.42,12.7644,-0.4395,0.0,D0D1,4,162.24,663.74,0,-1
131,legit_16,582.53,1.6,12.5207,-0.7304,270.0,D0C0,1,177.72,704.81,0,-1
131,legit_17,673.74,801.6,12.8303,-0.3519,270.0,E4D4,1,85.38,483.87,0,-1
131,legit_18,198.4,762.76,12.4372,2.4416,180.0,B4B3,0,91.15,585.16,0,-1
131,legit_19,592.31,198.4,4.1626,-4.4379,90.0,C1D1,4,162.48,568.35,0,-1
131,legit_20,325.53,998.4,12.8588,-0.8064,90.0,B5C5,0,148.83,616.99,0,-1
131,legit_21,798.4,752.0,12.0492,2.5572,180.0,E4E3,1,100.43,495.72,0,-1
131,legit_5,46.93,798.4,12.6853,0.2434,90.0,A4B4,0,111.15,693.68,0,-1
131,legit_9,798.4,535.39,13.5497,1.4485,180.0,E3E2,1,80.73,481.78,0,-1
131,sybil_15,948.69,-1.6,13.8768,0.5094,90.0,E0F0,4,158.27,779.54,1,7
131,sybil_16,928.38,-1.6,7.5305,1.6913,90.0,E0F0,4,171.99,771.52,1,8
131,sybil_17,928.38,-1.6,14.1141,0.7158,90.0,E0F0,4,171.99,771.52,1,8
131,sybil_18,875.88,-1.6,6.914,6.7698,90.0,E0F0,4,175.02,752.77,1,9
131,sybil_19,875.88,-1.6,9.5592,9.5592,90.0,E0F0,4,175.02,752.77,1,9
131,sybil_2,611.44,201.6,1.0241,-15.5823,270.0,E1D1,4,160.8,566.57,1,1
131,sybil_3,611.44,201.6,2.9857,-15.5951,270.0,E1D1,4,160.8,566.57,1,1
131,sybil_4,711.35,201.6,1.5994,-6.0151,270.0,E1D1,4,90.29,573.76,1,2
132,legit_10,848.06,598.4,13.5567,0.067,90.0,E3F3,2,98.08,495.54,0,-1
132,legit_11,798.4,246.28,12.487,-0.1063,180.0,E2E1,1,123.59,568.62,0,-1
132,legit_13,240.74,198.4,13.6311,1.4404,90.0,B1C1,0,119.92,653.97,0,-1
132,legit_14,687.73,398.4,11.8338,0.4952,90.0,D2E2,0,73.16,485.18,0,-1
132,legit_15,601.6,67.07,12.6458,-0.1186,0.0,D0D1,3,157.56,654.35,0,-1
132,legit_16,569.72,1.6,12.8162,0.2956,270.0,D0C0,1,168.38,705.15,0,-1
132,legit_17,660.26,801.6,13.4778,0.6474,270.0,E4D4,0,97.61,482.83,0,-1
132,legit_18,198.4,749.59,13.1722,0.735,180.0,B4B3,1,102.55,582.54,0,-1
132,legit_19,598.33,199.96,6.3409,2.1783,72.93,:D1_14,3,168.51,567.43,0,-1
132,legit_20,339.11,998.4,13.5779,0.7191,90.0,B5C5,0,137.68,612.04,0,-1
132,legit_21,798.4,739.0,13.0,0.9509,180.0,E4E3,1,112.0,493.09,0,-1
132,legit_22,787.7,1.6,0.0,0.0,270.0,E0D0,2,124.26,725.41,0,-1
132,legit_5,59.67,798.4,12.7348,0.0496,90.0,A4B4,1,99.45,684.1,0,-1
132,legit_9,798.4,521.78,13.6088,0.0591,180.0,E3E2,1,91.98,483.36,0,-1
132,sybil_15,959.87,-1.6,20.4256,6.5488,90.0,E0F0,4,151.36,784.13,1,7
132,sybil_16,939.88,-1.6,7.5778,0.0472,90.0,E0F0,4,164.05,776.01,1,8
132,sybil_17,939.88,-1.6,18.0537,3.9396,90.0,E0F0,4,164.05,776.01,1,8
132,sybil_18,887.34,-1.6,19.6747,12.7606,90.0,E0F0,5,183.43,756.62,1,9
132,sybil_19,887.34,-1.6,8.6164,-0.9427,90.0,E0F0,5,183.43,756.62,1,9
132,sybil_3,623.17,201.6,0.0,-2.9857,270.0,E1D1,3,150.81,566.79,1,1
132,sybil_4,698.44,201.6,14.3132,12.7138,270.0,E1D1,3,96.52,572.1,1,2
133,legit_10,861.88,598.4,13.8153,0.2586,90.0,E3F3,2,111.89,500.91,0,-1
133,legit_11,798.4,233.86,12.4152,-0.0718,180.0,E2E1,1,123.72,574.92,0,-1
133,legit_13,254.63,198.4,13.8877,0.2566,90.0,B1C1,0,130.74,647.69,0,-1
133,legit_14,699.79,398.4,12.061,0.2271,90.0,D2E2,1,63.21,486.52,0,-1
133,legit_15,601.6,80.34,13.2695,0.6237,0.0,D0D1,4,153.61,644.68,0,-1
133,legit_16,556.9,1.6,12.8116,-0.0046,270.0,D0C0,1,159.52,705.66,0,-1
133,legit_17,646.82,801.6,13.4389,-0.0388,270.0,E4D4,0,110.09,482.01,0,-1
133,legit_18,198.4,736.41,13.1766,0.0044,180.0,B4B3,1,114.34,580.09,0,-1
133,legit_19,601.55,206.83,7.9644,1.6235,14.86,:D1_14,3,171.98,563.55,0,-1
133,legit_20,351.85,998.4,12.7413,-0.8366,90.0,B5C5,0,127.64,607.58,0,-1
133,legit_21,798.4,726.18,12.8228,-0.1772,180.0,E4E3,1,123.69,490.69,0,-1
133,legit_22,785.47,1.6,2.227,2.227,270.0,E0D0,2,123.6,724.9,0,-1
133,legit_5,72.96,798.4,13.2944,0.5596,90.0,A4B4,1,87.55,674.24,0,-1
133,legit_9,798.4,509.12,12.6687,-0.9402,180.0,E3E2,2,102.97,485.04,0,-1
133,sybil_15,971.47,-1.6,6.5401,-13.8855,90.0,E0F0,4,144.75,789.03,1,7
133,sybil_16,950.47,-1.6,0.0,-7.5778,90.0,E0F0,4,157.14,780.26,1,8
133,sybil_17,950.47,-1.6,8.3443,-9.7093,90.0,E0F0,4,157.14,780.26,1,8
133,sybil_18,899.11,-1.6,0.0,-19.6747,90.0,E0F0,5,192.41,760.72,1,9
133,sybil_19,899.11,-1.6,18.1567,9.5402,90.0,E0F0,5,192.41,760.72,1,9
133,sybil_3,609.36,201.6,0.0,0.0,270.0,E1D1,3,162.6,566.54,1,1
133,sybil_4,685.59,201.6,12.0003,-2.313,270.0,E1D1,4,103.96,570.68,1,2
134,legit_10,874.93,598.4,13.0501,-0.7652,90.0,E3F3,2,124.94,506.17,0,-1
134,legit_11,798.4,221.53,12.331,-0.0842,180.0,E2E1,1,112.48,581.33,0,-1
134,legit_13,267.33,198.4,12.701,-1.1867,90.0,B1C1,0,141.11,642.12,0,-1
134,legit_14,711.23,398.4,11.4369,-0.6241,90.0,D2E2,1,54.57,487.98,0,-1
134,legit_15,601.6,92.98,12.6401,-0.6294,0.0,D0D1,3,150.84,635.66,0,-1
134,legit_16,543.98,1.6,12.9211,0.1095,270.0,D0C0,1,151.17,706.38,0,-1
134,legit_17,633.91,801.6,12.9093,-0.5296,270.0,E4D4,0,122.27,481.42,0,-1
134,legit_18,198.4,723.39,13.0258,-0.1509,180.0,B4B3,1,126.26,577.86,0,-1
134,legit_19,601.6,214.61,7.7877,-0.1767,0.0,D1D2,2,176.0,559.23,0,-1
134,legit_20,365.67,998.4,13.8264,1.0851,90.0,B5C5,0,117.34,602.94,0,-1
134,legit_21,798.4,712.98,13.1943,0.3714,180.0,E4E3,1,122.91,488.41,0,-1
134,legit_22,780.68,1.6,4.7937,2.5667,270.0,E0D0,2,122.31,723.83,0,-1
134,legit_5,86.41,798.4,13.4489,0.1545,90.0,A4B4,1,75.99,664.43,0,-1
134,legit_9,798.4,496.24,12.8726,0.204,180.0,E3E2,2,114.49,486.94,0,-1
134,sybil_15,983.75,-1.6,20.0045,13.4644,90.0,E0F0,4,138.48,794.38,1,7
134,sybil_16,962.46,-1.6,8.6499,8.6499,90.0,E0F0,4,149.84,785.21,1,8
134,sybil_17,962.46,-1.6,25.6465,17.3021,90.0,E0F0,4,149.84,785.21,1,8
134,sybil_18,909.83,-1.6,0.0,0.0,90.0,E0F0,5,185.56,764.58,1,9
134,sybil_19,909.83,-1.6,0.0,-18.1567,90.0,E0F0,5,185.56,764.58,1,9
134,sybil_4,673.69,201.6,7.2234,-4.7768,270.0,E1D1,3,111.72,569.57,1,2
135,legit_10,887.9,598.4,12.973,-0.0771,90.0,E3F3,2,137.91,511.57,0,-1
135,legit_11,798.4,208.41,13.1208,0.7898,180.0,E2E1,1,100.79,588.32,0,-1
135,legit_13,280.74,198.4,13.4146,0.7136,90.0,B1C1,0,152.45,636.42,0,-1
135,legit_14,722.61,398.4,11.3825,-0.0544,90.0,D2E2,1,47.17,489.64,0,-1
135,legit_15,601.6,106.7,13.7191,1.079,0.0,D0D1,3,149.0,626.09,0,-1
135,legit_16,531.2,1.6,12.7874,-0.1337,270.0,D0C0,1,143.57,707.27,0,-1
135,legit_17,620.64,801.6,13.2698,0.3605,270.0,E4D4,0,134.94,481.02,0,-1
135,legit_18,198.4,710.01,13.3822,0.3564,180.0,B4B3,1,120.18,575.74,0,-1
135,legit_19,601.6,223.79,9.1735,1.3858,0.0,D1D2,2,181.09,554.23,0,-1
135,legit_20,379.56,998.4,13.8814,0.055,90.0,B5C5,0,107.8,598.52,0,-1
135,legit_21,798.4,700.14,12.8414,-0.3529,180.0,E4E3,1,111.22,486.39,0,-1
135,legit_22,773.79,1.6,6.8937,2.1,270.0,E0D0,2,120.77,722.33,0,-1
135,legit_5,99.47,798.4,13.0578,-0.3911,90.0,A4B4,1,65.45,655.09,0,-1
135,legit_9,798.4,483.19,13.0487,0.1761,180.0,E3E2,2,126.44,489.05,0,-1
135,sybil_15,995.76,-1.6,7.7068,-12.2977,90.0,E0F0,4,133.15,799.76,1,7
135,sybil_16,974.58,-1.6,16.4377,7.7878,90.0,E0F0,4,143.09,790.37,1,8
135,sybil_17,974.58,-1.6,3.3023,-22.3442,90.0,E0F0,4,143.09,790.37,1,8
135,sybil_18,921.3,-1.6,16.4676,16.4676,90.0,E0F0,5,177.06,768.83,1,9
135,sybil_19,921.3,-1.6,8.9745,8.9745,90.0,E0F0,5,177.06,768.83,1,9
135,sybil_4,660.81,201.6,15.409,8.1856,270.0,E1D1,3,120.89,568.57,1,2
136,legit_10,901.33,598.4,13.4303,0.4572,90.0,E3F3,1,148.68,517.35,0,-1
136,legit_11,798.4,195.66,12.7566,-0.3643,180.0,:E1_1,1,89.81,595.29,0,-1
136,legit_13,294.46,198.4,13.7152,0.3006,90.0,B1C1,0,164.36,630.79,0,-1
136,legit_14,734.81,398.4,12.1983,0.8159,90.0,D2E2,1,41.29,491.68,0,-1
136,legit_15,601.6,119.95,13.2518,-0.4673,0.0,D0D1,3,148.4,617.06,0,-1
136,legit_16,518.82,1.6,12.3746,-0.4128,270.0,D0C0,1,136.95,708.32,0,-1
136,legit_17,611.87,801.6,8.7698,-4.5,270.0,E4D4,0,143.37,480.86,0,-1
136,legit_18,198.4,697.0,13.0009,-0.3813,180.0,B4B3,1,108.41,573.86,0,-1
136,legit_19,601.6,234.46,10.6745,1.501,0.0,D1D2,2,187.41,548.55,0,-1
136,legit_20,393.01,998.4,13.4562,-0.4252,90.0,:C5_7,0,99.53,594.48,0,-1
136,legit_21,798.4,686.54,13.597,0.7556,180.0,E4E3,1,99.16,484.44,0,-1
136,legit_22,765.55,1.6,8.2383,1.3446,270.0,E0D0,0,119.42,720.63,0,-1
136,legit_5,112.4,798.4,12.9311,-0.1267,90.0,A4B4,1,56.08,646.04,0,-1
136,legit_9,798.4,469.9,13.2909,0.2422,180.0,E3E2,1,120.09,491.41,0,-1
136,sybil_16,986.09,-1.6,0.0,-16.4377,90.0,E0F0,3,137.37,795.41,1,8
136,sybil_17,986.09,-1.6,2.2409,-1.0614,90.0,E0F0,3,137.37,795.41,1,8
136,sybil_18,932.63,-1.6,8.4821,-7.9854,90.0,E0F0,3,169.0,773.17,1,9
136,sybil_19,932.63,-1.6,19.4229,10.4484,90.0,E0F0,3,169.0,773.17,1,9
136,sybil_4,649.02,201.6,20.4129,5.0039,270.0,E1D1,3,129.83,567.84,1,2
137,legit_10,913.95,598.4,12.6164,-0.8138,90.0,E3F3,1,136.06,522.95,0,-1
137,legit_11,798.4,182.53,13.1238,0.3672,180.0,E1E0,0,79.08,602.64,0,-1
137,legit_13,308.15,198.4,13.6977,-0.0175,90.0,B1C1,0,162.07,625.35,0,-1
137,legit_14,746.75,398.4,11.9389,-0.2595,90.0,D2E2,1,38.54,494.0,0,-1
137,legit_15,601.6,133.19,13.2395,-0.0123,0.0,D0D1,2,148.98,608.27,0,-1
137,legit_16,506.63,1.6,12.1926,-0.182,270.0,D0C0,0,131.25,709.53,0,-1
137,legit_17,607.6,801.6,4.2698,-4.5,270.0,E4D4,0,147.48,480.81,0,-1
137,legit_18,198.4,684.32,12.6806,-0.3203,180.0,B4B3,1,97.23,572.2,0,-1
137,legit_19,601.6,247.16,12.6941,2.0196,0.0,D1D2,2,186.43,541.99,0,-1
137,legit_20,405.85,998.4,12.8395,-0.6168,90.0,:C5_7,0,92.78,590.85,0,-1
137,legit_21,798.4,672.99,13.5514,-0.0455,180.0,E4E3,1,87.58,482.73,0,-1
137,legit_22,755.81,1.6,9.7347,1.4964,270.0,E0D0,0,118.54,718.73,0,-1
137,legit_5,125.45,798.4,13.0554,0.1243,90.0,A4B4,1,48.3,637.13,0,-1
137,legit_9,798.4,456.99,12.9139,-0.377,180.0,E3E2,1,108.4,493.88,0,-1
137,sybil_17,964.14,-1.6,9.789,7.5481,90.0,E0F0,2,148.86,785.92,1,8
137,sybil_18,943.03,-1.6,20.1166,11.6345,90.0,E0F0,2,161.96,777.26,1,9
137,sybil_19,943.03,-1.6,19.2198,-0.2031,90.0,E0F0,2,161.96,777.26,1,9
137,sybil_4,637.01,201.6,14.7918,-5.6211,270.0,E1D1,2,139.37,567.26,1,2
138,legit_10,926.6,598.4,12.6486,0.0322,90.0,E3F3,1,123.41,528.74,0,-1
138,legit_11,798.4,170.27,12.2661,-0.8577,180.0,E1E0,0,69.78,609.69,0,-1
138,legit_13,321.38,198.4,13.2299,-0.4678,90.0,B1C1,0,150.63,620.29,0,-1
138,legit_14,758.98,398.4,12.2292,0.2904,90.0,D2E2,1,39.44,496.72,0,-1
138,legit_15,601.6,146.24,13.056,-0.1834,0.0,D0D1,2,150.7,599.83,0,-1
138,legit_16,494.24,1.6,12.3886,0.1959,270.0,D0C0,0,126.39,710.96,0,-1
138,legit_17,600.92,801.6,6.6829,2.4131,270.0,:D4_5,0,153.95,480.78,0,-1
138,legit_18,198.4,671.63,12.6955,0.0148,180.0,B4B3,1,86.45,570.72,0,-1
138,legit_19,601.6,260.83,13.6761,0.982,0.0,D1D2,2,178.48,535.14,0,-1
138,legit_20,419.24,998.4,13.393,0.5536,90.0,C5D5,0,87.2,587.32,0,-1
138,legit_21,798.4,659.56,13.436,-0.1154,180.0,E4E3,1,76.74,481.25,0,-1
138,legit_22,744.57,1.6,11.2456,1.5109,270.0,E0D0,0,118.52,716.69,0,-1
138,legit_23,401.6,412.3,0.0,0.0,0.0,C2C3,0,71.26,503.97,0,-1
138,legit_5,138.29,798.4,12.8404,-0.215,90.0,A4B4,1,43.22,628.65,0,-1
138,legit_9,798.4,443.74,13.2502,0.3363,180.0,E3E2,1,96.72,496.62,0,-1
138,sybil_17,974.76,-1.6,13.8187,4.0297,90.0,E0F0,2,143.0,790.45,1,8
138,sybil_18,954.79,-1.6,12.2962,-7.8204,90.0,E0F0,2,154.44,782.03,1,9
138,sybil_19,954.79,-1.6,22.5272,3.3074,90.0,E0F0,2,154.44,782.03,1,9
138,sybil_4,625.16,201.6,2.9851,-11.8067,270.0,E1D1,2,149.14,566.85,1,2
139,legit_10,939.29,598.4,12.6949,0.0463,90.0,E3F3,1,110.72,534.7,0,-1
139,legit_11,798.4,157.2,13.0618,0.7957,180.0,E1E0,0,61.05,617.39,0,-1
139,legit_13,334.01,198.4,12.623,-0.6069,90.0,B1C1,0,140.0,615.62,0,-1
139,legit_14,770.22,398.4,11.2374,-0.9918,90.0,D2E2,1,43.4,499.53,0,-1
139,legit_15,601.6,159.21,12.9682,-0.0878,0.0,D0D1,2,153.49,591.67,0,-1
139,legit_16,481.41,1.6,12.8335,0.4449,270.0,D0C0,0,122.49,712.63,0,-1
139,legit_17,591.73,801.6,9.1902,2.5073,270.0,D4C4,0,146.84,480.82,0,-1
139,legit_18,198.4,658.66,12.9703,0.2749,180.0,B4B3,1,76.05,569.39,0,-1
139,legit_19,601.6,274.7,13.8628,0.1867,0.0,D1D2,2,171.17,528.45,0,-1
139,legit_20,432.02,998.4,12.7758,-0.6172,90.0,C5D5,0,83.56,584.22,0,-1
139,legit_21,798.4,646.51,13.0454,-0.3907,180.0,E4E3,1,67.13,480.04,0,-1
139,legit_22,732.7,1.6,11.8667,0.6211,270.0,E0D0,0,119.66,714.73,0,-1
139,legit_23,401.6,414.19,1.8917,1.8917,0.0,C2C3,0,72.66,503.49,0,-1
139,legit_5,151.52,798.4,13.2228,0.3825,90.0,A4B4,1,41.63,620.26,0,-1
139,legit_9,798.4,430.91,12.8314,-0.4188,180.0,E3E2,1,85.85,499.48,0,-1
139,sybil_17,986.57,-1.6,8.7152,-5.1035,90.0,E0F0,2,137.15,795.63,1,8
139,sybil_18,965.53,-1.6,12.4066,0.1104,90.0,E0F0,2,148.06,786.5,1,9
139,sybil_19,965.53,-1.6,12.6026,-9.9246,90.0,E0F0,2,148.06,786.5,1,9
139,sybil_4,612.49,201.6,0.098,-2.8871,270.0,E1D1,2,159.9,566.58,1,2
140,legit_10,952.05,598.4,12.7621,0.0673,90.0,E3F3,0,97.96,540.87,0,-1
140,legit_11,798.4,144.62,12.5853,-0.4765,180.0,E1E0,0,54.3,625.03,0,-1
140,legit_13,346.62,198.4,12.6127,-0.0103,90.0,B1C1,0,129.75,611.14,0,-1
140,legit_14,781.39,398.4,11.1726,-0.0648,90.0,D2E2,1,49.6,502.58,0,-1
140,legit_15,601.6,173.06,13.8523,0.8841,0.0,D0D1,1,157.6,583.19,0,-1
140,legit_16,469.11,1.6,12.2967,-0.5368,270.0,D0C0,0,119.93,714.45,0,-1
140,legit_17,580.26,801.6,11.4652,2.275,270.0,D4C4,0,135.81,481.0,0,-1
140,legit_18,198.4,645.01,13.6442,0.6739,180.0,B4B3,0,66.1,568.21,0,-1
140,legit_19,601.6,288.02,13.3282,-0.5346,0.0,D1D2,1,164.93,522.25,0,-1
140,legit_20,444.87,998.4,12.8448,0.0689,90.0,C5D5,0,81.76,581.37,0,-1
140,legit_21,798.4,633.27,13.2371,0.1917,180.0,E4E3,0,58.73,479.06,0,-1
140,legit_22,720.73,1.6,11.9736,0.1069,270.0,E0D0,0,121.97,712.93,0,-1
140,legit_23,401.6,418.42,4.2318,2.3401,0.0,C2C3,0,75.87,502.44,0,-1
140,legit_5,164.76,798.4,13.2398,0.017,90.0,A4B4,0,44.14,612.23,0,-1
140,legit_9,798.4,417.82,13.0842,0.2528,180.0,E3E2,1,75.41,502.59,0,-1
140,sybil_18,977.8,-1.6,3.061,-9.3456,90.0,E0F0,1,141.42,791.77,1,9
140,sybil_19,977.8,-1.6,2.0646,-10.538,90.0,E0F0,1,141.42,791.77,1,9
141,legit_10,964.88,598.4,12.8284,0.0663,90.0,E3F3,0,85.13,547.23,0,-1
141,legit_11,798.4,132.31,12.314,-0.2714,180.0,E1E0,0,49.94,632.75,0,-1
141,legit_13,360.19,198.4,13.575,0.9622,90.0,B1C1,0,119.21,606.51,0,-1
141,legit_14,788.6,398.4,7.2079,-3.9647,90.0,D2E2,0,54.44,504.67,0,-1
141,legit_15,601.6,186.63,13.5656,-0.2867,0.0,D0D1,1,162.67,575.12,0,-1
141,legit_16,456.33,1.6,12.7754,0.4788,270.0,D0C0,0,118.57,716.54,0,-1
141,legit_17,566.69,801.6,13.5728,2.1077,270.0,D4C4,0,122.85,481.4,0,-1
141,legit_18,198.4,631.59,13.4252,-0.219,180.0,B4B3,0,57.8,567.31,0,-1
141,legit_19,601.6,301.75,13.7289,0.4007,0.0,D1D2,1,159.42,516.13,0,-1
141,legit_20,458.56,998.4,13.6943,0.8495,90.0,C5D5,0,82.05,578.65,0,-1
141,legit_21,798.4,620.47,12.8019,-0.4352,180.0,E4E3,0,52.55,478.39,0,-1
141,legit_22,708.24,1.6,12.4859,0.5123,270.0,E0D0,0,125.55,711.26,0,-1
141,legit_23,401.6,423.98,5.5574,1.3256,0.0,C2C3,0,80.23,501.1,0,-1
141,legit_5,178.37,798.4,13.6096,0.3698,90.0,A4B4,0,50.35,604.34,0,-1
141,sybil_18,990.63,-1.6,0.0,-3.061,90.0,E0F0,1,135.32,797.45,1,9
141,sybil_19,990.63,-1.6,20.5618,18.4972,90.0,E0F0,1,135.32,797.45,1,9
142,legit_10,978.52,598.4,13.634,0.8055,90.0,E3F3,0,71.5,554.18,0,-1
142,legit_11,798.4,120.02,12.2831,-0.0309,180.0,E1E0,0,48.4,640.71,0,-1
142,legit_13,374.03,198.4,13.839,0.2641,90.0,B1C1,0,109.17,602.01,0,-1
142,legit_14,797.4,398.4,8.7994,1.5915,90.0,:E2_13,0,61.0,507.32,0,-1
142,legit_15,601.6,199.67,13.0389,-0.5267,0.0,:D1_9,1,168.43,567.59,0,-1
142,legit_16,443.26,1.6,13.0689,0.2935,270.0,D0C0,0,118.59,718.9,0,-1
142,legit_17,553.33,801.6,13.3577,-0.2151,270.0,D4C4,0,110.24,482.0,0,-1
142,legit_18,198.4,618.46,13.1311,-0.2941,180.0,B4B3,0,51.8,566.69,0,-1
142,legit_19,601.6,314.49,12.7379,-0.991,0.0,D1D2,1,155.22,510.67,0,-1
142,legit_20,472.0,998.4,13.4452,-0.2491,90.0,C5D5,0,84.51,576.28,0,-1
142,legit_21,798.4,607.04,13.4303,0.6284,180.0,:E3_1,0,48.91,478.01,0,-1
142,legit_22,696.74,1.6,11.4981,-0.9879,270.0,E0D0,0,129.83,709.9,0,-1
142,legit_23,401.6,430.93,6.9484,1.391,0.0,C2C3,0,85.87,499.47,0,-1
142,legit_5,191.78,798.4,13.4128,-0.1968,90.0,A4B4,0,58.96,596.86,0,-1
142,sybil_19,980.21,-1.6,13.7354,-6.8264,90.0,E0F0,0,140.21,792.82,1,9
143,legit_10,987.65,598.4,9.134,-4.5,90.0,E3F3,0,62.37,558.93,0,-1
143,legit_11,798.4,107.77,12.2559,-0.0272,180.0,E1E0,0,49.92,648.93,0,-1
143,legit_13,383.6,198.4,9.5652,-4.2739,90.0,B1C1,0,102.74,599.04,0,-1
143,legit_14,808.55,398.4,11.1542,2.3548,90.0,E2F2,0,70.02,510.84,0,-1
143,legit_15,601.6,213.24,13.5697,0.5308,0.0,D1D2,1,175.26,559.99,0,-1
143,legit_16,431.11,1.6,12.1593,-0.9097,270.0,D0C0,0,119.9,721.31,0,-1
143,legit_17,540.07,801.6,13.2642,-0.0935,270.0,D4C4,0,97.91,482.81,0,-1
143,legit_18,198.4,604.67,13.7888,0.6577,180.0,:B3_1,0,48.62,566.38,0,-1
143,legit_19,601.6,327.18,12.6899,-0.048,0.0,D1D2,1,151.99,505.48,0,-1
143,legit_20,485.33,998.4,13.3221,-0.123,90.0,C5D5,0,88.92,574.23,0,-1
143,legit_21,798.4,593.24,13.8003,0.37,180.0,:E3_1,0,48.87,478.01,0,-1
143,legit_22,684.93,1.6,11.8091,0.3111,270.0,E0D0,0,135.1,708.67,0,-1
143,legit_23,401.6,440.37,9.4373,2.489,0.0,C2C3,0,93.82,497.36,0,-1
143,sybil_19,994.04,-1.6,14.9143,1.1789,90.0,E0F0,0,133.86,798.99,1,9
144,legit_10,992.28,598.4,4.634,-4.5,90.0,E3F3,0,57.74,561.38,0,-1
144,legit_11,798.4,94.25,13.5136,1.2577,180.0,E1E0,0,54.82,658.29,0,-1
144,legit_13,389.73,198.4,6.1331,-3.4321,90.0,B1C1,0,98.89,597.2,0,-1
144,legit_14,820.19,398.4,11.6402,0.486,90.0,E2F2,0,80.01,514.69,0,-1
144,legit_15,601.6,226.11,12.8697,-0.7,0.0,D1D2,1,182.43,552.99,0,-1
144,legit_16,418.93,1.6,12.1719,0.0126,270.0,D0C0,0,122.41,723.91,0,-1
144,legit_17,526.86,801.6,13.2054,-0.0587,270.0,D4C4,0,85.92,483.81,0,-1
144,legit_18,198.4,591.82,12.8497,-0.9392,180.0,B3B2,0,49.09,566.43,0,-1
144,legit_19,601.6,340.84,13.6599,0.97,0.0,D1D2,2,149.63,500.15,0,-1
144,legit_20,498.39,998.4,13.0645,-0.2576,90.0,C5D5,0,94.87,572.48,0,-1
144,legit_21,798.4,579.69,13.5528,-0.2476,180.0,E3E2,0,52.49,478.38,0,-1
144,legit_22,673.03,1.6,11.9083,0.0991,270.0,E0D0,0,141.22,707.61,0,-1
144,legit_23,401.6,452.34,11.978,2.5407,0.0,C2C3,0,104.26,494.82,0,-1
144,legit_24,612.3,398.4,0.0,0.0,90.0,D2E2,1,142.95,480.86,0,-1
145,legit_10,994.14,600.52,3.4298,-1.2041,58.27,:F3_8,0,55.86,562.36,0,-1
145,legit_11,798.4,81.97,12.2857,-1.2279,180.0,E1E0,0,61.56,667.03,0,-1
145,legit_13,398.2,198.4,8.4659,2.3328,90.0,:C1_13,0,93.97,594.74,0,-1
145,legit_14,831.55,398.4,11.3603,-0.2798,90.0,E2F2,0,90.14,518.61,0,-1
145,legit_15,601.6,238.96,12.8567,-0.013,0.0,D1D2,1,190.2,546.2,0,-1
145,legit_16,406.68,1.6,12.2529,0.081,270.0,:C0_4,0,126.08,726.73,0,-1
145,legit_17,513.42,801.6,13.4462,0.2408,270.0,D4C4,0,74.14,485.06,0,-1
145,legit_18,198.4,579.04,12.7755,-0.0742,180.0,B3B2,0,52.74,566.79,0,-1
145,legit_19,601.6,354.57,13.7309,0.071,0.0,D1D2,2,148.5,495.07,0,-1
145,legit_20,512.24,998.4,13.8456,0.781,90.0,C5D5,0,102.63,570.9,0,-1
145,legit_21,798.4,566.33,13.3607,-0.1921,180.0,E3E2,0,58.96,479.09,0,-1
145,legit_22,661.68,1.6,11.3434,-0.5648,270.0,E0D0,0,147.71,706.75,0,-1
145,legit_23,401.6,464.02,11.6762,-0.3018,0.0,C2C3,0,114.73,492.51,0,-1
145,legit_24,613.79,398.4,1.4942,1.4942,90.0,D2E2,1,141.52,480.88,0,-1
146,legit_10,991.04,601.6,3.5186,0.0888,309.13,F3E3,0,58.98,560.72,0,-1
146,legit_11,798.4,69.72,12.2429,-0.0428,180.0,E1E0,0,69.79,675.93,0,-1
146,legit_13,408.97,198.4,10.7679,2.302,90.0,C1D1,0,88.49,591.76,0,-1
146,legit_14,843.3,398.4,11.746,0.3857,90.0,E2F2,0,100.89,522.82,0,-1
146,legit_15,601.6,252.26,13.292,0.4353,0.0,D1D2,2,183.39,539.41,0,-1
146,legit_16,393.54,1.6,13.1452,0.8924,270.0,:C0_4,0,131.17,729.95,0,-1
146,legit_17,500.13,801.6,13.2878,-0.1584,270.0,D4C4,0,63.15,486.53,0,-1
146,legit_18,198.4,565.28,13.7678,0.9923,180.0,B3B2,0,59.57,567.5,0,-1
146,legit_19,601.6,368.12,13.5476,-0.1834,0.0,D1D2,2,148.62,490.34,0,-1
146,legit_20,525.13,998.4,12.8967,-0.9488,90.0,C5D5,0,110.92,569.67,0,-1
146,legit_21,798.4,553.04,13.2876,-0.073,180.0,E3E2,0,67.44,480.08,0,-1
146,legit_22,649.92,1.6,11.7587,0.4153,270.0,E0D0,0,155.03,706.02,0,-1
146,legit_23,401.6,475.2,11.1786,-0.4976,0.0,C2C3,0,124.95,490.44,0,-1
146,legit_24,617.7,398.4,3.9033,2.409,90.0,D2E2,2,137.76,480.95,0,-1
147,legit_10,985.97,601.6,5.0643,1.5457,270.0,F3E3,0,64.05,558.05,0,-1
147,legit_11,798.4,56.79,12.9348,0.6919,180.0,E1E0,0,79.61,685.51,0,-1
147,legit_13,421.4,198.4,12.4291,1.6612,90.0,C1D1,0,83.46,588.53,0,-1
147,legit_14,854.56,398.4,11.2584,-0.4876,90.0,E2F2,0,111.38,527.01,0,-1
147,legit_15,601.6,265.35,13.0926,-0.1994,0.0,D1D2,2,176.02,532.93,0,-1
147,legit_16,380.87,1.6,12.6648,-0.4805,270.0,C0B0,0,137.1,733.26,0,-1
147,legit_17,486.74,801.6,13.3874,0.0996,270.0,D4C4,0,53.15,488.26,0,-1
147,legit_18,198.4,552.07,13.2037,-0.5641,180.0,B3B2,0,68.12,568.44,0,-1
147,legit_19,601.6,380.8,12.6815,-0.8661,0.0,D1D2,2,149.85,486.17,0,-1
147,legit_20,538.19,998.4,13.0542,0.1575,90.0,C5D5,0,120.15,568.64,0,-1
147,legit_21,798.4,539.68,13.3585,0.0709,180.0,E3E2,0,77.34,481.33,0,-1
147,legit_22,638.03,1.6,11.8923,0.1336,270.0,E0D0,0,162.96,705.44,0,-1
147,legit_23,401.6,486.21,11.0151,-0.1635,0.0,C2C3,0,123.65,488.55,0,-1
147,legit_24,623.4,398.4,5.6976,1.7943,90.0,D2E2,2,132.3,481.08,0,-1
148,legit_10,979.46,601.6,6.5121,1.4477,270.0,F3E3,0,70.56,554.66,0,-1
148,legit_11,798.4,44.23,12.5575,-0.3773,180.0,E1E0,0,89.91,694.95,0,-1
148,legit_13,435.14,198.4,13.7488,1.3197,90.0,C1D1,0,79.8,585.25,0,-1
148,legit_14,865.78,398.4,11.2262,-0.0322,90.0,E2F2,1,121.98,531.32,0,-1
148,legit_15,601.6,279.12,13.7741,0.6815,0.0,D1D2,2,169.01,526.36,0,-1
148,legit_16,367.89,1.6,12.9805,0.3157,270.0,C0B0,0,144.09,736.84,0,-1
148,legit_17,474.14,801.6,12.6003,-0.7872,270.0,D4C4,0,45.36,490.15,0,-1
148,legit_18,198.4,538.69,13.3779,0.1742,180.0,B3B2,0,78.11,569.64,0,-1
148,legit_19,601.6,393.58,12.7795,0.098,0.0,:D2_9,2,152.15,482.21,0,-1
148,legit_20,551.6,998.4,13.413,0.3588,90.0,C5D5,0,130.31,567.8,0,-1
148,legit_21,798.4,526.44,13.2388,-0.1198,180.0,E3E2,1,88.05,482.79,0,-1
148,legit_22,625.94,1.6,12.0909,0.1985,270.0,E0D0,0,171.49,705.01,0,-1
148,legit_23,401.6,497.99,11.7751,0.7601,0.0,C2C3,0,112.91,486.67,0,-1
148,legit_24,630.92,398.4,7.5287,1.8311,90.0,D2E2,2,125.11,481.31,0,-1
149,legit_10,971.55,601.6,7.9091,1.397,270.0,F3E3,0,78.46,550.6,0,-1
149,legit_11,798.4,31.6,12.6292,0.0716,180.0,E1E0,0,100.78,704.59,0,-1
149,legit_13,448.58,198.4,13.4339,-0.3149,90.0,C1D1,0,78.41,582.36,0,-1
149,legit_14,877.27,398.4,11.4933,0.2671,90.0,E2F2,1,132.94,535.87,0,-1
149,legit_15,601.6,292.09,12.9676,-0.8066,0.0,D1D2,2,163.2,520.41,0,-1
149,legit_16,355.74,1.6,12.1504,-0.8301,270.0,C0B0,0,151.34,740.37,0,-1
149,legit_17,460.86,801.6,13.285,0.6848,270.0,D4C4,0,39.91,492.49,0,-1
149,legit_18,198.4,525.24,13.4588,0.0809,180.0,B3B2,0,89.06,571.07,0,-1
149,legit_19,601.6,406.26,12.685,-0.0946,0.0,:D2_9,2,155.44,478.52,0,-1
149,legit_20,564.5,998.4,12.9031,-0.51,90.0,C5D5,0,140.6,567.19,0,-1
149,legit_21,798.4,513.03,13.4094,0.1706,180.0,E3E2,1,99.53,484.5,0,-1
149,legit_22,615.18,1.6,10.7559,-1.3349,270.0,E0D0,0,179.43,704.77,0,-1
149,legit_23,401.6,510.03,12.0401,0.2649,0.0,C2C3,0,102.16,484.91,0,-1
149,legit_24,640.97,398.4,10.0434,2.5148,90.0,D2E2,2,115.6,481.72,0,-1
150,legit_10,961.38,601.6,10.1757,2.2666,270.0,F3E3,0,88.64,545.47,0,-1
150,legit_11,798.4,19.38,12.2225,-0.4067,180.0,E1E0,0,111.66,714.03,0,-1
150,legit_13,462.4,198.4,13.8177,0.3838,90.0,C1D1,0,79.37,579.7,0,-1
150,legit_14,888.57,398.4,11.2989,-0.1944,90.0,E2F2,1,143.8,540.49,0,-1
150,legit_15,601.6,305.81,13.7206,0.753,0.0,D1D2,2,157.98,514.36,0,-1
150,legit_16,342.89,1.6,12.8515,0.7011,270.0,C0B0,0,159.66,744.28,0,-1
150,legit_17,447.39,801.6,13.465,0.1799,270.0,D4C4,1,38.49,495.26,0,-1
150,legit_18,198.4,511.55,13.6887,0.2299,180.0,B3B2,0,100.83,572.72,0,-1
150,legit_19,601.6,420.11,13.8498,1.1648,0.0,D2D3,2,160.11,474.76,0,-1
150,legit_20,577.75,998.4,13.2475,0.3444,90.0,C5D5,0,151.59,566.77,0,-1
150,legit_21,798.4,499.69,13.3411,-0.0683,180.0,E3E2,1,111.37,486.41,0,-1
150,legit_22,607.27,1.6,7.9136,-2.8424,270.0,E0D0,0,185.45,704.67,0,-1
150,legit_23,401.6,521.2,11.1749,-0.8651,0.0,C2C3,0,92.47,483.44,0,-1
150,legit_24,652.0,398.4,11.0349,0.9915,90.0,D2E2,2,105.25,482.3,0,-1
150,legit_25,401.6,812.3,0.0,0.0,0.0,C4C5,1,55.77,510.65,0,-1
151,legit_10,948.66,601.6,12.717,2.5413,270.0,F3E3,0,101.35,539.21,0,-1
151,legit_11,798.4,11.66,7.7225,-4.5,180.0,E1E0,0,118.66,720.05,0,-1
151,legit_13,475.83,198.4,13.4339,-0.3838,90.0,C1D1,0,82.55,577.43,0,-1
151,legit_14,899.81,398.4,11.2394,-0.0595,90.0,E2F2,1,154.66,545.21,0,-1
151,legit_15,601.6,318.88,13.068,-0.6526,0.0,D1D2,2,153.99,508.85,0,-1
151,legit_16,329.83,1.6,13.0616,0.2101,270.0,C0B0,0,168.7,748.44,0,-1
151,legit_17,433.96,801.6,13.4351,-0.0299,270.0,D4C4,1,41.62,498.46,0,-1
151,legit_18,198.4,498.44,13.1066,-0.5821,180.0,B3B2,0,112.5,574.5,0,-1
151,legit_19,601.6,432.83,12.7195,-1.1303,0.0,D2D3,2,165.31,471.56,0,-1
151,legit_20,590.37,998.4,12.6228,-0.6247,90.0,C5D5,0,162.37,566.55,0,-1
151,legit_21,798.4,485.96,13.7293,0.3882,180.0,E3E2,1,123.88,488.59,0,-1
151,legit_22,602.74,3.44,5.0975,-2.8161,292.47,:D0_3,0,187.81,703.18,0,-1
151,legit_23,401.6,532.72,11.5197,0.3447,0.0,C2C3,0,82.88,482.07,0,-1
151,legit_24,663.28,398.4,11.2827,0.2477,90.0,D2E2,2,94.84,483.04,0,-1
151,legit_25,401.6,813.69,1.3867,1.3867,0.0,C4C5,1,55.09,511.05,0,-1
152,legit_10,935.52,601.6,13.1415,0.4245,270.0,F3E3,0,114.49,532.91,0,-1
152,legit_11,798.4,8.0,3.6545,-4.068,180.0,E1E0,0,122.01,722.91,0,-1
152,legit_13,488.57,198.4,12.7388,-0.695,90.0,C1D1,0,87.37,575.55,0,-1
152,legit_14,911.03,398.4,11.2135,-0.0259,90.0,E2F2,1,144.18,550.06,0,-1
152,legit_15,601.6,332.51,13.6292,0.5612,0.0,D1D2,2,150.93,503.37,0,-1
152,legit_16,316.64,1.6,13.1833,0.1217,270.0,C0B0,0,178.33,752.81,0,-1
152,legit_17,420.59,801.6,13.3709,-0.0642,270.0,D4C4,1,48.37,502.03,0,-1
152,legit_18,198.4,484.55,13.8887,0.782,180.0,B3B2,0,125.18,576.58,0,-1
152,legit_19,601.6,446.37,13.5382,0.8187,0.0,D2D3,2,171.71,468.4,0,-1
152,legit_20,603.1,998.4,12.7212,0.0984,90.0,:D5_7,0,168.05,566.5,0,-1
152,legit_21,798.4,472.3,13.6617,-0.0676,180.0,E3E2,2,122.29,490.97,0,-1
152,legit_22,601.6,8.89,5.6978,0.6003,350.91,D0D1,0,185.38,698.85,0,-1
152,legit_23,401.6,544.38,11.6533,0.1336,0.0,C2C3,0,73.73,480.86,0,-1
152,legit_24,674.4,398.4,11.1157,-0.167,90.0,D2E2,3,84.79,483.92,0,-1
152,legit_25,401.6,817.08,3.3944,2.0077,0.0,C4C5,1,53.55,512.06,0,-1
153,legit_10,922.71,601.6,12.8049,-0.3367,270.0,F3E3,0,127.3,526.94,0,-1
153,legit_11,799.65,5.78,2.7467,-0.9078,164.42,:E0_2,0,124.55,724.97,0,-1
153,legit_13,502.23,198.4,13.6606,0.9218,90.0,C1D1,0,94.2,573.8,0,-1
153,legit_14,922.61,398.4,11.5839,0.3704,90.0,E2F2,1,133.05,555.2,0,-1
153,legit_15,601.6,346.01,13.5026,-0.1266,0.0,D1D2,2,149.06,498.2,0,-1
153,legit_16,304.52,1.6,12.1187,-1.0647,270.0,C0B0,0,187.57,757.0,0,-1
153,legit_17,411.72,801.6,8.8709,-4.5,270.0,D4C4,1,54.22,504.57,0,-1
153,legit_18,198.4,471.3,13.2561,-0.6326,180.0,B3B2,0,121.36,578.75,0,-1
153,legit_19,601.6,460.04,13.671,0.1328,0.0,D2D3,2,178.97,465.48,0,-1
153,legit_20,616.93,998.4,13.8314,1.1102,90.0,D5E5,0,156.1,566.65,0,-1
153,legit_21,798.4,458.53,13.7695,0.1078,180.0,E3E2,2,109.78,493.58,0,-1
153,legit_22,601.6,16.39,7.4916,1.7938,0.0,D0D1,0,180.99,692.95,0,-1
153,legit_23,401.6,556.26,11.8811,0.2279,0.0,C2C3,0,65.24,479.81,0,-1
153,legit_24,685.02,398.4,10.621,-0.4947,90.0,D2E2,3,75.48,484.91,0,-1
153,legit_25,401.6,822.61,5.5326,2.1383,0.0,C4C5,1,51.43,513.74,0,-1
154,legit_10,909.33,601.6,13.3775,0.5726,270.0,F3E3,0,140.67,520.89,0,-1
154,legit_11,801.42,6.93,2.4061,-0.3406,106.88,:E0_2,0,124.21,724.5,0,-1
154,legit_13,515.27,198.4,13.0424,-0.6182,90.0,C1D1,0,102.01,572.39,0,-1
154,legit_14,934.91,398.4,12.3044,0.7205,90.0,E2F2,1,121.32,560.81,0,-1
154,legit_15,601.6,359.25,13.2371,-0.2655,0.0,D1D2,2,148.4,493.41,0,-1
154,legit_16,291.92,1.6,12.6066,0.488,270.0,C0B0,0,184.82,761.5,0,-1
154,legit_17,407.35,801.6,4.3709,-4.5,270.0,D4C4,1,57.39,505.88,0,-1
154,legit_18,198.4,457.72,13.5796,0.3235,180.0,B3B2,0,109.05,581.16,0,-1
154,legit_19,601.6,473.71,13.662,-0.0091,0.0,D2D3,2,186.95,462.81,0,-1
154,legit_20,630.19,998.4,13.2619,-0.5695,90.0,D5E5,0,144.96,567.0,0,-1
154,legit_21,798.4,445.19,13.3396,-0.4299,180.0,E3E2,2,97.98,496.31,0,-1
154,legit_22,601.6,26.13,9.7436,2.252,0.0,D0D1,0,175.6,685.34,0,-1
154,legit_23,401.6,567.56,11.2987,-0.5824,0.0,C2C3,0,58.27,479.01,0,-1
154,legit_24,695.95,398.4,10.9333,0.3123,90.0,D2E2,3,66.3,486.07,0,-1
154,legit_25,401.6,830.14,7.5274,1.9948,0.0,C4C5,1,49.39,516.12,0,-1
155,legit_10,896.37,601.6,12.9659,-0.4117,270.0,F3E3,0,146.38,515.19,0,-1
155,legit_11,801.6,9.9,3.021,0.6149,20.1,E0E1,0,121.59,722.21,0,-1
155,legit_13,528.84,198.4,13.5639,0.5215,90.0,C1D1,0,111.18,571.16,0,-1
155,legit_14,947.14,398.4,12.2299,-0.0746,90.0,E2F2,0,109.79,566.55,0,-1
155,legit_15,601.6,372.98,13.7286,0.4915,0.0,D1D2,2,148.97,488.71,0,-1
155,legit_16,279.8,1.6,12.1204,-0.4863,270.0,C0B0,0,175.69,765.99,0,-1
155,legit_17,400.39,801.6,6.9575,2.5866,270.0,:C4_5,1,62.74,508.01,0,-1
155,legit_18,198.4,444.88,12.8306,-0.749,180.0,B3B2,0,97.71,583.62,0,-1
155,legit_19,601.6,487.43,13.7291,0.0671,0.0,D2D3,2,186.26,460.39,0,-1
155,legit_20,643.2,998.4,13.0145,-0.2474,90.0,D5E5,0,134.4,567.53,0,-1
155,legit_21,798.4,432.55,12.644,-0.6956,180.0,E3E2,1,87.21,499.1,0,-1
155,legit_22,601.6,38.18,12.049,2.3054,0.0,D0D1,0,169.46,676.05,0,-1
155,legit_23,401.6,578.56,11.0011,-0.2976,0.0,C2C3,0,52.94,478.43,0,-1
155,legit_24,707.05,398.4,11.0933,0.16,90.0,D2E2,3,57.61,487.42,0,-1
155,legit_25,401.6,839.52,9.3789,1.8515,0.0,C4C5,1,48.4,519.24,0,-1
156,legit_10,882.83,601.6,13.5384,0.5725,270.0,F3E3,0,132.84,509.44,0,-1
156,legit_11,801.6,15.19,5.2871,2.2661,0.0,E0E1,0,116.83,718.09,0,-1
156,legit_13,542.48,198.4,13.6481,0.0842,90.0,C1D1,0,121.24,570.16,0,-1
156,legit_14,959.27,398.4,12.121,-0.1089,90.0,E2F2,0,98.53,572.39,0,-1
156,legit_15,601.6,386.68,13.7,-0.0285,0.0,D1D2,2,150.78,484.32,0,-1
156,legit_16,266.53,1.6,13.2632,1.1428,270.0,C0B0,0,166.13,771.07,0,-1
156,legit_17,391.42,801.6,8.9674,2.0099,270.0,C4B4,1,70.04,510.85,0,-1
156,legit_18,198.4,431.08,13.8038,0.9732,180.0,B3B2,0,85.99,586.46,0,-1
156,legit_19,601.6,500.85,13.4109,-0.3182,0.0,D2D3,1,178.48,458.28,0,-1
156,legit_20,656.39,998.4,13.1829,0.1684,90.0,D5E5,0,124.19,568.28,0,-1
156,legit_21,798.4,419.12,13.4295,0.7855,180.0,E3E2,1,76.4,502.27,0,-1
156,legit_22,601.6,49.67,11.4955,-0.5535,0.0,D0D1,0,164.22,667.31,0,-1
156,legit_23,401.6,587.6,9.0423,-1.9588,0.0,C2C3,0,49.96,478.12,0,-1
156,legit_24,717.66,398.4,10.6124,-0.4809,90.0,D2E2,2,50.2,488.89,0,-1
156,legit_25,401.6,850.86,11.3403,1.9615,0.0,C4C5,1,49.6,523.26,0,-1
156,legit_26,201.6,612.3,0.0,0.0,0.0,B3B4,0,53.05,564.78,0,-1
157,legit_10,869.02,601.6,13.8092,0.2709,270.0,F3E3,0,119.03,503.76,0,-1
157,legit_11,801.6,22.79,7.6003,2.3132,0.0,E0E1,0,110.06,712.19,0,-1
157,legit_13,555.35,198.4,12.8644,-0.7836,90.0,C1D1,1,131.32,569.42,0,-1
157,legit_14,970.52,398.4,11.2568,-0.8642,90.0,E2F2,0,88.27,577.96,0,-1
157,legit_15,601.6,399.35,12.6759,-1.0241,0.0,:D2_9,2,153.53,480.5,0,-1
157,legit_16,254.07,1.6,12.4622,-0.801,270.0,C0B0,0,157.64,776.01,0,-1
157,legit_17,380.39,801.6,11.028,2.0606,270.0,C4B4,1,79.5,514.5,0,-1
157,legit_18,198.4,418.26,12.8174,-0.9864,180.0,B3B2,0,75.74,589.28,0,-1
157,legit_19,601.6,514.31,13.4667,0.0558,0.0,D2D3,1,171.36,456.41,0,-1
157,legit_20,669.86,998.4,13.4708,0.2879,90.0,D5E5,0,114.37,569.25,0,-1
157,legit_21,798.4,405.68,13.4417,0.0122,180.0,:E2_1,1,66.55,505.68,0,-1
157,legit_22,601.6,61.8,12.1295,0.6339,0.0,D0D1,1,159.4,658.24,0,-1
157,legit_23,401.6,592.39,4.7907,-4.2516,0.0,C2C3,0,48.99,478.02,0,-1
157,legit_24,728.5,398.4,10.8394,0.2271,90.0,D2E2,2,44.01,490.59,0,-1
157,legit_25,401.6,862.69,11.8324,0.4921,0.0,C4C5,1,53.46,527.71,0,-1
157,legit_26,201.6,614.03,1.7275,1.7275,0.0,B3B4,0,53.47,564.83,0,-1
158,legit_10,856.37,601.6,12.6498,-1.1594,270.0,F3E3,0,106.38,498.74,0,-1
158,legit_11,801.6,32.71,9.9257,2.3253,0.0,E0E1,0,101.4,704.55,0,-1
158,legit_13,568.85,198.4,13.5061,0.6416,90.0,C1D1,1,142.38,568.85,0,-1
158,legit_14,981.82,398.4,11.2939,0.037,90.0,E2F2,0,78.25,583.68,0,-1
158,legit_15,601.6,412.18,12.831,0.1551,0.0,D2D3,2,157.31,476.88,0,-1
158,legit_16,241.65,1.6,12.4241,-0.0382,270.0,C0B0,0,149.73,781.1,0,-1
158,legit_17,367.91,801.6,12.4789,1.451,270.0,C4B4,1,90.62,518.8,0,-1
158,legit_18,198.4,405.3,12.9617,0.1443,180.0,:B2_1,0,66.29,592.35,0,-1
158,legit_19,601.6,527.53,13.2191,-0.2475,0.0,D2D3,1,165.15,454.83,0,-1
158,legit_20,683.59,998.4,13.7364,0.2656,90.0,D5E5,0,105.21,570.48,0,-1
158,legit_21,798.4,392.38,13.2918,-0.1499,180.0,E2E1,1,58.24,509.3,0,-1
158,legit_22,601.6,74.03,12.2284,0.0989,0.0,D0D1,1,155.36,649.25,0,-1
158,legit_23,403.54,597.32,5.5538,0.763,23.67,:C3_8,0,46.54,477.34,0,-1
158,legit_24,739.14,398.4,10.6436,-0.1958,90.0,D2E2,2,39.91,492.49,0,-1
158,legit_25,401.6,873.55,10.8553,-0.9772,0.0,C4C5,1,58.89,532.02,0,-1
158,legit_26,201.6,617.26,3.2319,1.5044,0.0,B3B4,0,54.41,564.92,0,-1
159,legit_10,843.02,601.6,13.3513,0.7015,270.0,F3E3,0,93.03,493.63,0,-1
159,legit_11,801.6,44.08,11.3628,1.4371,0.0,E0E1,0,91.8,695.9,0,-1
159,legit_13,581.13,198.4,12.2744,-1.2316,90.0,C1D1,1,152.78,568.51,0,-1
159,legit_14,988.61,398.4,6.7939,-4.5,90.0,E2F2,0,72.41,587.2,0,-1
159,legit_15,601.6,425.78,13.5922,0.7612,0.0,D2D3,1,162.32,473.31,0,-1
159,legit_16,229.25,1.6,12.3979,-0.0262,270.0,C0B0,0,142.48,786.33,0,-1
159,legit_17,354.38,801.6,13.5292,1.0503,270.0,C4B4,1,103.04,523.67,0,-1
159,legit_18,198.4,392.54,12.7623,-0.1994,180.0,B2B1,0,58.32,595.58,0,-1
159,legit_19,601.6,540.79,13.2578,0.0387,0.0,D2D3,1,159.78,453.49,0,-1
159,legit_20,696.47,998.4,12.8721,-0.8643,90.0,D5E5,0,97.59,571.86,0,-1
159,legit_21,798.4,379.4,12.9838,-0.308,180.0,E2E1,1,52.14,513.12,0,-1
159,legit_22,601.6,85.53,11.5017,-0.7267,0.0,D0D1,1,152.35,640.95,0,-1
159,legit_23,409.02,598.4,5.7024,0.1486,81.66,C3D3,0,41.01,475.58,0,-1
159,legit_24,750.1,398.4,10.9601,0.3165,90.0,D2E2,1,38.4,494.71,0,-1
159,legit_25,401.6,884.15,10.6025,-0.2528,0.0,C4C5,1,65.51,536.4,0,-1
159,legit_26,201.6,623.08,5.8221,2.5902,0.0,B3B4,0,56.53,565.14,0,-1
160,legit_10,829.25,601.6,13.7745,0.4232,270.0,F3E3,0,79.26,488.56,0,-1
160,legit_11,801.6,56.64,12.5598,1.1969,0.0,E0E1,0,81.72,686.47,0,-1
160,legit_13,588.9,198.4,7.7744,-4.5,90.0,C1D1,1,159.5,568.38,0,-1
160,legit_14,995.37,398.77,6.7896,-0.0043,85.77,:F2_7,0,66.98,590.65,0,-1
160,legit_15,601.6,438.84,13.0691,-0.5231,0.0,D2D3,1,168.04,470.13,0,-1
160,legit_16,216.52,1.6,12.7267,0.3288,270.0,C0B0,0,135.81,791.87,0,-1
160,legit_17,341.08,801.6,13.3021,-0.2271,270.0,C4B4,1,115.49,528.67,0,-1
160,legit_18,198.4,379.52,13.0203,0.258,180.0,B2B1,0,52.19,599.14,0,-1
160,legit_19,601.6,553.75,12.9658,-0.292,0.0,D2D3,1,155.44,452.44,0,-1
160,legit_20,710.34,998.4,13.872,1.0,90.0,D5E5,0,90.73,573.62,0,-1
160,legit_21,798.4,366.41,12.987,0.0032,180.0,E2E1,1,48.82,517.25,0,-1
160,legit_22,601.6,98.02,12.4814,0.9797,0.0,D0D1,1,150.02,632.12,0,-1
160,legit_23,417.17,598.4,8.1504,2.448,90.0,C3D3,0,32.87,473.02,0,-1
160,legit_24,760.9,398.4,10.7982,-0.1618,90.0,D2E2,1,39.92,497.19,0,-1
160,legit_25,401.6,895.26,11.1071,0.5046,0.0,C4C5,1,73.46,541.16,0,-1
160,legit_26,201.6,631.3,8.2186,2.3965,0.0,B3B4,0,60.35,565.55,0,-1
161,legit_10,816.31,601.6,12.9325,-0.8419,270.0,F3E3,0,66.33,483.99,0,-1
161,legit_11,801.6,69.72,13.0801,0.5203,0.0,E0E1,0,72.05,676.8,0,-1
161,legit_13,592.88,198.46,3.9975,-3.7769,89.36,:D1_15,1,163.01,568.31,0,-1
161,legit_14,1000.77,402.88,7.1495,0.3599,44.12,:F2_7,0,65.29,592.5,0,-1
161,legit_15,601.6,451.61,12.761,-0.3081,0.0,D2D3,1,174.4,467.25,0,-1
161,legit_16,207.51,1.6,9.0168,-3.7098,270.0,C0B0,0,131.63,795.91,0,-1
161,legit_17,328.28,801.6,12.8054,-0.4967,270.0,C4B4,1,127.64,533.65,0,-1
161,legit_18,198.4,366.79,12.7309,-0.2894,180.0,B2B1,0,48.87,602.9,0,-1
161,legit_19,601.6,567.64,13.8817,0.9159,0.0,D2D3,1,151.89,451.59,0,-1
161,legit_20,723.83,998.4,13.4963,-0.3758,90.0,D5E5,0,85.69,575.61,0,-1
161,legit_21,798.4,352.67,13.741,0.754,180.0,E2E1,1,48.95,521.98,0,-1
161,legit_22,601.6,110.01,11.9941,-0.4873,0.0,D0D1,1,148.74,623.81,0,-1
161,legit_23,427.22,598.4,10.0534,1.903,90.0,C3D3,0,22.83,469.98,0,-1
161,legit_24,772.41,398.4,11.5044,0.7062,90.0,D2E2,1,44.46,500.11,0,-1
161,legit_25,401.6,905.9,10.6409,-0.4662,0.0,C4C5,1,81.76,545.87,0,-1
161,legit_26,201.6,641.81,10.5081,2.2895,0.0,B3B4,0,66.41,566.22,0,-1
162,legit_11,801.6,83.05,13.3343,0.2543,0.0,E0E1,0,63.47,667.14,0,-1
162,legit_13,593.32,201.25,3.945,-0.0526,27.35,:D1_15,1,164.75,566.72,0,-1
162,legit_14,1001.6,408.73,5.9746,-1.1749,5.64,F2F3,0,68.68,591.52,0,-1
162,legit_15,601.6,464.75,13.1435,0.3825,0.0,D2D3,1,181.64,464.53,0,-1
162,legit_16,202.79,3.34,5.2212,-3.7956,291.2,:B0_3,1,128.05,796.76,0,-1
162,legit_17,315.1,801.6,13.1802,0.3748,270.0,C4B4,1,140.26,538.97,0,-1
162,legit_18,198.4,353.5,13.2843,0.5534,180.0,B2B1,0,48.83,607.15,0,-1
162,legit_19,601.6,580.72,13.0791,-0.8027,0.0,D2D3,1,149.65,451.07,0,-1
162,legit_20,736.48,998.4,12.6424,-0.8538,90.0,D5E5,0,82.71,577.74,0,-1
162,legit_21,798.4,339.8,12.8702,-0.8708,180.0,E2E1,1,52.45,526.75,0,-1
162,legit_22,601.6,122.0,11.9872,-0.0069,0.0,D0D1,1,148.41,615.69,0,-1
162,legit_23,438.66,598.4,11.4434,1.39,90.0,C3D3,0,11.45,466.66,0,-1
162,legit_24,782.81,398.4,10.4033,-1.1011,90.0,D2E2,1,50.51,502.99,0,-1
162,legit_25,401.6,916.57,10.6748,0.0339,0.0,C4C5,1,90.59,550.73,0,-1
162,legit_26,201.6,654.73,12.9264,2.4183,0.0,B3B4,0,75.22,567.26,0,-1
162,legit_27,187.7,1.6,0.0,0.0,270.0,B0A0,1,124.26,805.08,0,-1
163,legit_11,801.6,96.49,13.4377,0.1033,0.0,E0E1,0,56.7,657.63,0,-1
163,legit_13,589.85,201.6,3.5763,-0.3687,286.9,D1C1,1,161.91,566.55,0,-1
163,legit_14,1001.6,417.17,8.433,2.4584,0.0,F2F3,0,74.9,589.54,0,-1
163,legit_15,601.6,478.18,13.4335,0.29,0.0,D2D3,1,189.71,461.99,0,-1
163,legit_16,201.6,8.4,5.3116,0.0904,347.81,B0B1,1,122.96,793.57,0,-1
163,legit_17,301.92,801.6,13.1729,-0.0073,270.0,C4B4,0,152.97,544.47,0,-1
163,legit_18,198.4,339.98,13.5214,0.2371,180.0,B2B1,0,52.38,611.82,0,-1
163,legit_19,601.6,594.26,13.5455,0.4665,0.0,:D3_9,1,148.51,450.8,0,-1
163,legit_20,749.62,998.4,13.1422,0.4998,90.0,D5E5,0,81.6,580.24,0,-1
163,legit_21,798.4,326.6,13.2058,0.3355,180.0,E2E1,1,58.81,531.96,0,-1
163,legit_22,601.6,133.82,11.8245,-0.1628,0.0,D0D1,1,149.04,607.86,0,-1
163,legit_23,450.47,598.4,11.8089,0.3655,90.0,C3D3,0,1.67,463.48,0,-1
163,legit_24,788.78,398.4,5.969,-4.4343,90.0,D2E2,1,54.57,504.72,0,-1
163,legit_25,401.6,927.79,11.2192,0.5444,0.0,C4C5,0,100.25,555.98,0,-1
163,legit_26,201.6,668.07,13.3319,0.4055,0.0,B3B4,0,85.41,568.56,0,-1
163,legit_27,186.28,1.6,1.4157,1.4157,270.0,B0A0,1,123.84,805.76,0,-1
164,legit_11,801.6,109.38,12.8964,-0.5413,0.0,E0E1,0,52.68,648.75,0,-1
164,legit_13,584.03,201.6,5.8202,2.2439,270.0,D1C1,1,156.91,566.64,0,-1
164,legit_14,1001.6,427.82,10.6528,2.2197,0.0,F2F3,0,83.32,587.16,0,-1
164,legit_15,601.6,491.74,13.5585,0.125,0.0,D2D3,1,183.69,459.69,0,-1
164,legit_16,201.6,16.19,7.7973,2.4857,0.0,B0B1,1,115.92,787.85,0,-1
164,legit_17,288.6,801.6,13.3273,0.1544,270.0,C4B4,1,143.82,550.22,0,-1
164,legit_18,198.4,326.88,13.1076,-0.4137,180.0,B2B1,0,58.65,616.65,0,-1
164,legit_19,601.6,607.14,12.8821,-0.6635,0.0,:D3_9,2,148.57,450.81,0,-1
164,legit_20,763.18,998.4,13.5643,0.4221,90.0,D5E5,0,82.66,583.13,0,-1
164,legit_21,798.4,313.5,13.101,-0.1047,180.0,E2E1,1,67.12,537.4,0,-1
164,legit_22,601.6,145.71,11.8916,0.0671,0.0,D0D1,1,150.61,600.17,0,-1
164,legit_23,461.65,598.4,11.1763,-0.6326,90.0,C3D3,1,11.76,461.6,0,-1
164,legit_24,796.89,398.4,8.1085,2.1395,90.0,:E2_13,1,60.6,507.16,0,-1
164,legit_25,401.6,939.32,11.5252,0.306,0.0,C4C5,0,110.48,561.51,0,-1
164,legit_26,201.6,681.32,13.2522,-0.0797,0.0,B3B4,1,96.31,570.05,0,-1
164,legit_27,183.14,1.6,3.147,1.7314,270.0,B0A0,1,122.95,807.26,0,-1
165,legit_11,801.6,121.73,12.3479,-0.5485,0.0,E0E1,0,51.63,640.52,0,-1
165,legit_13,576.58,201.6,7.4464,1.6262,270.0,D1C1,1,150.6,566.8,0,-1
165,legit_14,1001.6,439.94,12.119,1.4662,0.0,F2F3,0,93.45,584.61,0,-1
165,legit_15,601.6,504.88,13.1428,-0.4157,0.0,D2D3,1,176.27,457.69,0,-1
165,legit_16,201.6,26.23,10.0377,2.2404,0.0,B0B1,1,107.03,780.54,0,-1
165,legit_17,275.66,801.6,12.9395,-0.3878,270.0,C4B4,1,131.39,555.98,0,-1
165,legit_18,198.4,313.35,13.5289,0.4213,180.0,B2B1,0,67.22,621.91,0,-1
165,legit_19,601.6,620.48,13.3336,0.4516,0.0,D3D4,2,149.81,451.1,0,-1
165,legit_20,776.66,998.4,13.4736,-0.0907,90.0,D5E5,0,85.84,586.3,0,-1
165,legit_21,798.4,300.3,13.1962,0.0952,180.0,E2E1,1,76.85,543.11,0,-1
165,legit_22,601.6,158.22,12.5055,0.6139,0.0,D0D1,1,153.24,592.28,0,-1
165,legit_23,473.27,598.4,11.6248,0.4485,90.0,C3D3,1,23.33,459.84,0,-1
165,legit_24,806.58,398.4,9.6971,1.5887,90.0,:E2_13,1,68.38,510.21,0,-1
165,legit_25,401.6,950.94,11.6257,0.1005,0.0,C4C5,0,121.04,567.23,0,-1
165,legit_26,201.6,694.64,13.325,0.0728,0.0,B3B4,1,107.8,571.76,0,-1
165,legit_27,177.88,1.6,5.2553,2.1082,270.0,B0A0,1,121.64,809.8,0,-1
166,legit_11,801.6,135.25,13.5145,1.1667,0.0,E0E1,0,53.81,631.81,0,-1
166,legit_13,566.58,201.6,9.9989,2.5525,270.0,D1C1,1,142.3,567.11,0,-1
166,legit_14,1001.6,451.43,11.4895,-0.6295,0.0,F2F3,0,103.45,582.34,0,-1
166,legit_15,601.6,518.21,13.3215,0.1787,0.0,D2D3,2,169.45,455.92,0,-1
166,legit_16,201.6,38.16,11.9245,1.8868,0.0,B0B1,1,96.75,771.95,0,-1
166,legit_17,262.64,801.6,13.0195,0.08,270.0,C4B4,1,119.0,561.95,0,-1
166,legit_18,198.4,300.22,13.1251,-0.4038,180.0,B2B1,0,76.92,627.23,0,-1
166,legit_19,601.6,634.28,13.8071,0.4735,0.0,D3D4,2,152.31,451.69,0,-1
166,legit_20,789.92,998.4,13.2592,-0.2145,90.0,D5E5,0,90.84,589.7,0,-1
166,legit_21,798.4,286.69,13.6127,0.4165,180.0,E2E1,1,87.85,549.23,0,-1
166,legit_22,601.6,169.89,11.6683,-0.8372,0.0,D0D1,1,156.56,585.11,0,-1
166,legit_23,485.26,598.4,11.9872,0.3625,90.0,C3D3,2,35.3,458.2,0,-1
166,legit_24,817.57,398.4,10.9872,1.29,90.0,E2F2,1,77.72,513.81,0,-1
166,legit_25,401.6,962.62,11.6739,0.0482,0.0,C4C5,0,126.97,573.12,0,-1
166,legit_26,201.6,707.79,13.1439,-0.181,0.0,B3B4,1,119.5,573.62,0,-1
166,legit_27,171.17,1.6,6.7132,1.4579,270.0,B0A0,1,120.28,813.08,0,-1
167,legit_11,801.6,147.83,12.5865,-0.928,0.0,E0E1,1,58.63,623.98,0,-1
167,legit_13,554.33,201.6,12.2499,2.251,270.0,D1C1,1,132.45,567.66,0,-1
167,legit_14,1001.6,463.07,11.6384,0.1489,0.0,F2F3,0,113.87,580.19,0,-1
167,legit_15,601.6,531.36,13.1562,-0.1653,0.0,D2D3,2,163.5,454.42,0,-1
167,legit_16,201.6,50.61,12.4523,0.5277,0.0,B0B1,1,86.47,763.09,0,-1
167,legit_17,249.56,801.6,13.0786,0.0591,270.0,C4B4,1,106.71,568.12,0,-1
167,legit_18,198.4,286.42,13.7966,0.6715,180.0,B2B1,0,88.07,633.03,0,-1
167,legit_19,601.6,647.18,12.9007,-0.9064,0.0,D3D4,2,155.72,452.51,0,-1
167,legit_20,802.55,998.4,12.6327,-0.6264,90.0,:E5_7,0,97.06,593.2,0,-1
167,legit_21,798.4,273.47,13.2182,-0.3945,180.0,E2E1,2,99.15,555.38,0,-1
167,legit_22,601.6,182.18,12.2904,0.6221,0.0,D0D1,1,160.9,577.74,0,-1
167,legit_23,496.37,598.4,11.1055,-0.8817,90.0,C3D3,2,46.4,456.82,0,-1
167,legit_24,828.24,398.4,10.6725,-0.3147,90.0,E2F2,1,87.16,517.46,0,-1
167,legit_25,401.6,973.85,11.2341,-0.4398,0.0,C4C5,0,116.66,578.91,0,-1
167,legit_26,201.6,721.05,13.2613,0.1174,0.0,B3B4,1,129.66,575.69,0,-1
167,legit_27,163.04,1.6,8.1273,1.4141,270.0,B0A0,1,119.12,817.13,0,-1
168,legit_11,801.6,160.05,12.2187,-0.3678,0.0,E0E1,1,65.32,616.61,0,-1
168,legit_13,540.45,201.6,13.8821,1.6322,270.0,D1C1,1,121.82,568.48,0,-1
168,legit_14,1001.6,475.46,12.3892,0.7508,0.0,F2F3,1,125.19,578.05,0,-1
168,legit_15,601.6,544.72,13.3571,0.2009,0.0,D2D3,2,158.36,453.15,0,-1
168,legit_16,201.6,62.89,12.284,-0.1683,0.0,B0B1,1,76.97,754.49,0,-1
168,legit_17,236.18,801.6,13.3759,0.2973,270.0,C4B4,1,94.35,574.63,0,-1
168,legit_18,198.4,272.95,13.4761,-0.3205,180.0,B2B1,0,99.6,638.9,0,-1
168,legit_19,601.6,660.25,13.0674,0.1668,0.0,D3D4,2,160.17,453.59,0,-1
168,legit_20,816.16,998.4,13.6088,0.9761,90.0,E5F5,0,105.05,597.21,0,-1
168,legit_21,798.4,260.43,13.0425,-0.1757,180.0,E2E1,2,110.71,561.64,0,-1
168,legit_22,601.6,193.7,11.5265,-0.7639,0.0,:D1_9,1,165.69,571.01,0,-1
168,legit_23,507.95,598.4,11.5793,0.4737,90.0,C3D3,2,57.97,455.54,0,-1
168,legit_24,839.18,398.4,10.939,0.2665,90.0,E2F2,1,97.1,521.33,0,-1
168,legit_25,401.6,983.76,9.9112,-1.3229,0.0,C4C5,0,107.72,584.13,0,-1
168,legit_26,201.6,734.12,13.0717,-0.1896,0.0,B3B4,1,117.78,577.91,0,-1
168,legit_27,153.3,1.6,9.7455,1.6182,270.0,B0A0,1,118.45,822.09,0,-1
168,legit_28,998.4,587.7,0.0,0.0,180.0,F3F2,1,53.05,564.78,0,-1
169,legit_11,801.6,172.33,12.2729,0.0542,0.0,E0E1,1,73.49,609.4,0,-1
169,legit_13,527.68,201.6,12.7743,-1.1077,270.0,D1C1,1,112.66,569.45,0,-1
169,legit_14,1001.6,487.76,12.3082,-0.081,0.0,F2F3,1,122.23,576.08,0,-1
169,legit_15,601.6,558.57,13.847,0.4899,0.0,D2D3,2,154.08,452.11,0,-1
169,legit_16,201.6,75.07,12.1812,-0.1028,0.0,B0B1,1,68.42,746.1,0,-1
169,legit_17,222.5,801.6,13.6782,0.3023,270.0,C4B4,1,82.05,581.48,0,-1
169,legit_18,198.4,259.39,13.5631,0.087,180.0,B2B1,0,111.65,644.98,0,-1
169,legit_19,601.6,673.68,13.431,0.3636,0.0,D3D4,2,165.69,454.96,0,-1
169,legit_20,828.95,998.4,12.7978,-0.811,90.0,E5F5,0,113.54,601.21,0,-1
169,legit_21,798.4,247.36,13.0714,0.0289,180.0,E2E1,1,122.6,568.08,0,-1
169,legit_22,601.6,206.07,12.3627,0.8362,0.0,:D1_9,1,171.55,563.98,0,-1
169,legit_23,519.73,598.4,11.7876,0.2084,90.0,C3D3,2,69.75,454.39,0,-1
169,legit_24,850.51,398.4,11.3289,0.3899,90.0,E2F2,0,107.6,525.49,0,-1
169,legit_25,401.6,989.54,5.7815,-4.1297,0.0,C4C5,0,102.59,587.22,0,-1
169,legit_26,201.6,747.74,13.6165,0.5448,0.0,B3B4,1,105.71,580.41,0,-1
169,legit_27,141.87,1.6,11.4258,1.6804,270.0,B0A0,1,118.68,828.05,0,-1
169,legit_28,998.4,586.01,1.6859,1.6859,180.0,F3F2,1,53.46,564.83,0,-1
170,legit_11,801.6,185.78,13.451,1.178,0.0,E0E1,1,83.6,601.71,0,-1
170,legit_13,514.79,201.6,12.891,0.1167,270.0,D1C1,1,104.19,570.64,0,-1
170,legit_14,1001.6,500.12,12.3514,0.0431,0.0,F2F3,1,110.99,574.26,0,-1
170,legit_15,601.6,571.72,13.1592,-0.6878,0.0,D2D3,2,151.07,451.4,0,-1
170,legit_16,201.6,88.1,13.0304,0.8492,0.0,B0B1,1,60.66,737.31,0,-1
170,legit_17,213.33,801.6,9.1782,-4.5,270.0,C4B4,1,74.06,586.19,0,-1
170,legit_18,198.4,245.76,13.6235,0.0603,180.0,B2B1,0,124.07,651.27,0,-1
170,legit_19,601.6,687.51,13.8261,0.3951,0.0,D3D4,2,172.28,456.65,0,-1
170,legit_20,842.77,998.4,13.8161,1.0183,90.0,E5F5,0,123.55,605.75,0,-1
170,legit_21,798.4,234.38,12.9764,-0.095,180.0,E2E1,1,124.2,574.66,0,-1
170,legit_22,601.6,217.82,11.754,-0.6087,0.0,D1D2,1,177.74,557.47,0,-1
170,legit_23,531.05,598.4,11.3145,-0.4731,90.0,C3D3,2,81.06,453.44,0,-1
170,legit_24,862.21,398.4,11.6989,0.3699,90.0,E2F2,0,118.6,529.93,0,-1
170,legit_25,401.6,992.67,3.1261,-2.6554,0.0,C4C5,0,99.85,588.91,0,-1
170,legit_26,201.6,761.0,13.2642,-0.3523,0.0,B3B4,1,94.36,583.04,0,-1
170,legit_27,129.26,1.6,12.6126,1.1868,270.0,B0A0,1,120.2,834.79,0,-1
170,legit_28,998.4,582.61,3.4021,1.7161,180.0,F3F2,1,54.45,564.93,0,-1
171,legit_13,501.76,201.6,13.0231,0.1321,270.0,D1C1,1,96.63,572.07,0,-1
171,legit_14,1001.6,511.58,11.4625,-0.8888,0.0,F2F3,1,100.8,572.72,0,-1
171,legit_15,601.6,584.43,12.7083,-0.4508,0.0,D2D3,2,149.21,450.96,0,-1
171,legit_16,201.6,101.08,12.9767,-0.0538,0.0,B0B1,2,54.96,728.77,0,-1
171,legit_17,208.65,801.6,4.6782,-4.5,270.0,C4B4,1,70.1,588.63,0,-1
171,legit_18,198.4,232.91,12.8542,-0.7693,180.0,B2B1,1,122.84,657.37,0,-1
171,legit_19,601.6,700.99,13.482,-0.3441,0.0,D3D4,2,179.5,458.55,0,-1
171,legit_20,856.29,998.4,13.5189,-0.2972,90.0,E5F5,0,134.0,610.41,0,-1
171,legit_21,798.4,221.35,13.0328,0.0563,180.0,E2E1,0,112.31,581.43,0,-1
171,legit_22,601.6,229.24,11.4231,-0.331,0.0,D1D2,1,184.27,551.31,0,-1
171,legit_23,542.1,598.4,11.0526,-0.2619,90.0,C3D3,2,92.12,452.65,0,-1
171,legit_24,873.76,398.4,11.5522,-0.1467,90.0,E2F2,0,129.58,534.47,0,-1
171,legit_25,400.41,994.2,2.0114,-1.1147,345.19,:C5_5,0,99.1,590.07,0,-1
171,legit_26,201.6,774.58,13.5763,0.3121,0.0,B3B4,1,83.32,585.93,0,-1
171,legit_27,116.01,1.6,13.2509,0.6383,270.0,B0A0,1,123.18,842.08,0,-1
171,legit_28,998.4,577.47,5.1407,1.7386,180.0,F3F2,1,56.3,565.12,0,-1
172,legit_13,488.66,201.6,13.1036,0.0805,270.0,D1C1,1,90.29,573.76,0,-1
172,legit_14,1001.6,523.5,11.9226,0.4601,0.0,F2F3,1,90.52,571.27,0,-1
172,legit_15,601.6,597.11,12.6736,-0.0348,0.0,:D3_9,2,148.43,450.78,0,-1
172,legit_16,201.6,113.55,12.4675,-0.5091,0.0,B0B1,2,52.0,720.81,0,-1
172,legit_17,201.45,801.6,7.1973,2.5191,270.0,:B4_5,1,64.2,592.44,0,-1
172,legit_18,198.4,220.15,12.7584,-0.0957,180.0,B2B1,1,111.23,663.57,0,-1
172,legit_19,601.6,714.11,13.1219,-0.3602,0.0,D3D4,2,187.2,460.65,0,-1
172,legit_20,870.07,998.4,13.7818,0.2629,90.0,E5F5,0,145.17,615.36,0,-1
172,legit_21,798.4,208.1,13.2426,0.2099,180.0,E2E1,0,100.52,588.49,0,-1
172,legit_22,601.6,240.63,11.3909,-0.0321,0.0,D1D2,1,190.45,545.33,0,-1
172,legit_23,553.74,598.4,11.6372,0.5847,90.0,C3D3,2,103.75,451.97,0,-1
172,legit_24,884.34,398.4,10.5749,-0.9773,90.0,E2F2,0,139.72,538.74,0,-1
172,legit_25,398.52,992.97,2.5788,0.5675,283.04,:C5_5,0,101.11,589.94,0,-1
172,legit_26,201.6,786.49,11.9133,-1.6631,0.0,B3B4,1,74.34,588.65,0,-1
172,legit_27,102.6,1.6,13.4096,0.1586,270.0,B0A0,1,127.54,849.64,0,-1
172,legit_28,998.4,570.34,7.1355,1.9948,180.0,F3F2,1,59.52,565.46,0,-1
173,legit_13,475.75,201.6,12.9077,-0.1959,270.0,D1C1,1,85.57,575.67,0,-1
173,legit_14,1001.6,534.82,11.3152,-0.6074,0.0,F2F3,1,81.19,570.03,0,-1
173,legit_15,601.6,610.51,13.4057,0.7321,0.0,D3D4,2,148.77,450.86,0,-1
173,legit_16,201.6,125.83,12.2783,-0.1892,0.0,B0B1,1,51.93,713.22,0,-1
173,legit_17,192.28,801.6,9.1752,1.9779,270.0,B4A4,1,57.11,597.38,0,-1
173,legit_18,198.4,206.88,13.2735,0.5151,180.0,:B1_1,1,99.45,670.19,0,-1
173,legit_19,601.6,727.03,12.9214,-0.2005,0.0,D3D4,2,186.5,462.95,0,-1
173,legit_20,883.84,998.4,13.7726,-0.0092,90.0,E5F5,0,156.76,620.52,0,-1
173,legit_21,798.4,195.25,12.8501,-0.3925,180.0,:E1_1,0,89.47,595.52,0,-1
173,legit_22,601.6,251.88,11.2492,-0.1417,0.0,D1D2,1,183.61,539.59,0,-1
173,legit_23,565.04,598.4,11.2971,-0.3401,90.0,C3D3,2,115.05,451.46,0,-1
173,legit_24,896.14,398.4,11.8027,1.2279,90.0,E2F2,0,151.1,543.65,0,-1
173,legit_25,398.4,991.1,1.9084,-0.6704,220.69,C5C4,0,102.79,588.96,0,-1
173,legit_26,201.76,793.89,7.4133,-4.5,1.79,:B4_8,1,69.31,590.34,0,-1
173,legit_27,88.89,1.6,13.7043,0.2948,270.0,B0A0,0,133.24,857.55,0,-1
173,legit_28,998.4,561.35,8.9836,1.8481,180.0,F3F2,1,64.47,566.0,0,-1
174,legit_13,461.92,201.6,13.8349,0.9273,270.0,D1C1,0,82.47,578.03,0,-1
174,legit_14,1001.6,546.14,11.3238,0.0086,0.0,F2F3,1,72.41,568.95,0,-1
174,legit_15,601.6,623.64,13.1277,-0.278,0.0,D3D4,3,150.27,451.21,0,-1
174,legit_16,201.6,139.04,13.2185,0.9401,0.0,B0B1,1,55.0,705.34,0,-1
174,legit_17,180.71,801.6,11.5651,2.39,270.0,B4A4,1,49.17,603.79,0,-1
174,legit_18,198.4,194.07,12.8035,-0.4701,180.0,:B1_1,1,88.48,676.73,0,-1
174,legit_19,601.6,739.78,12.7495,-0.172,0.0,D3D4,3,179.07,465.44,0,-1
174,legit_20,896.81,998.4,12.9628,-0.8098,90.0,E5F5,0,167.96,625.56,0,-1
174,legit_21,798.4,182.65,12.6008,-0.2493,180.0,E1E0,0,79.17,602.57,0,-1
174,legit_22,601.6,263.36,11.4716,0.2224,0.0,D1D2,0,177.1,533.9,0,-1
174,legit_23,576.52,598.4,11.4864,0.1893,90.0,C3D3,3,126.53,451.08,0,-1
174,legit_24,907.9,398.4,11.7609,-0.0419,90.0,E2F2,0,147.2,548.69,0,-1
174,legit_25,398.4,987.51,3.5916,1.6832,180.0,C5C4,0,105.91,587.03,0,-1
174,legit_26,205.93,798.22,6.6382,-0.775,54.49,:B4_8,1,69.81,589.2,0,-1
174,legit_27,75.67,1.6,13.2205,-0.4838,270.0,B0A0,0,139.8,865.37,0,-1
174,legit_28,998.4,550.95,10.4055,1.4219,180.0,F3F2,1,71.2,566.78,0,-1
174,legit_29,612.3,598.4,0.0,0.0,90.0,D3E3,3,137.71,450.86,0,-1
175,legit_13,448.37,201.6,13.5463,-0.2886,270.0,D1C1,0,81.62,580.65,0,-1
175,legit_14,1001.6,557.92,11.7763,0.4525,0.0,F2F3,1,64.14,567.99,0,-1
175,legit_15,601.6,637.16,13.5166,0.3889,0.0,D3D4,3,152.98,451.85,0,-1
175,legit_16,201.6,151.6,12.5547,-0.6638,0.0,B0B1,1,60.51,698.1,0,-1
175,legit_17,167.25,801.6,13.4572,1.8921,270.0,B4A4,1,42.1,611.51,0,-1
175,legit_18,198.4,181.44,12.6371,-0.1664,180.0,B1B0,1,78.21,683.34,0,-1
175,legit_19,601.6,752.78,12.9969,0.2475,0.0,D3D4,1,172.13,468.21,0,-1
175,legit_20,910.49,998.4,13.6867,0.7239,90.0,E5F5,0,161.62,631.07,0,-1
175,legit_21,798.4,169.81,12.8408,0.24,180.0,E1E0,0,69.45,609.95,0,-1
175,legit_22,601.6,275.76,12.4054,0.9338,0.0,D1D2,0,170.64,527.94,0,-1
175,legit_23,585.98,598.4,9.4623,-2.0242,90.0,C3D3,2,135.99,450.88,0,-1
175,legit_24,918.99,398.4,11.0907,-0.6702,90.0,E2F2,0,136.52,553.58,0,-1
175,legit_25,398.4,981.44,6.0716,2.4801,180.0,C5C4,0,111.25,583.8,0,-1
175,legit_26,213.09,798.4,7.1771,0.5389,90.0,B4C4,1,75.57,585.49,0,-1
175,legit_27,62.05,1.6,13.6201,0.3996,270.0,B0A0,0,147.49,873.58,0,-1
175,legit_28,998.4,538.23,12.7206,2.3151,180.0,F3F2,1,80.49,567.92,0,-1
175,legit_29,614.1,598.4,1.8009,1.8009,90.0,D3E3,2,135.91,450.89,0,-1
176,legit_13,435.16,201.6,13.211,-0.3353,270.0,D1C1,0,82.94,583.5,0,-1
176,legit_14,1001.6,569.64,11.7267,-0.0496,0.0,F2F3,1,57.13,567.24,0,-1
176,legit_15,601.6,650.29,13.138,-0.3786,0.0,D3D4,3,156.69,452.74,0,-1
176,legit_16,201.6,164.8,13.2005,0.6458,0.0,B0B1,1,68.33,690.73,0,-1
176,legit_17,153.56,801.6,13.6898,0.2326,270.0,B4A4,1,38.56,619.73,0,-1
176,legit_18,198.4,168.0,13.4306,0.7935,180.0,B1B0,1,68.17,690.55,0,-1
176,legit_19,601.6,766.13,13.353,0.356,0.0,D3D4,1,165.77,471.31,0,-1
176,legit_20,923.37,998.4,12.8751,-0.8116,90.0,E5F5,0,150.65,636.43,0,-1
176,legit_21,798.4,156.18,13.6347,0.7939,180.0,E1E0,0,60.43,618.0,0,-1
176,legit_22,601.6,288.27,12.5068,0.1014,0.0,D1D2,0,164.83,522.14,0,-1
176,legit_23,591.36,598.4,5.3751,-4.0871,90.0,C3D3,2,141.37,450.82,0,-1
176,legit_24,929.98,398.4,10.988,-0.1027,90.0,E2F2,1,126.01,558.54,0,-1
176,legit_25,398.4,973.31,8.1292,2.0575,180.0,C5C4,0,118.51,579.53,0,-1
176,legit_26,221.73,798.4,8.6447,1.4675,90.0,B4C4,1,82.92,581.03,0,-1
176,legit_27,48.86,1.6,13.1931,-0.427,270.0,B0A0,0,155.72,881.69,0,-1
176,legit_28,998.4,525.04,13.1864,0.4658,180.0,F3F2,2,91.0,569.31,0,-1
176,legit_29,618.21,598.4,4.1124,2.3114,90.0,D3E3,2,131.8,450.96,0,-1
177,legit_13,421.54,201.6,13.6172,0.4062,270.0,D1C1,0,86.42,586.74,0,-1
177,legit_14,1001.6,581.36,11.7146,-0.0121,0.0,F2F3,1,51.87,566.7,0,-1
177,legit_15,601.6,663.05,12.7589,-0.3791,0.0,D3D4,3,161.24,453.85,0,-1
177,legit_16,201.6,177.49,12.6878,-0.5127,0.0,B0B1,1,77.25,683.84,0,-1
177,legit_17,139.97,801.6,13.5895,-0.1003,270.0,B4A4,1,39.69,628.29,0,-1
177,legit_18,198.4,154.98,13.0206,-0.41,180.0,B1B0,1,59.72,697.75,0,-1
177,legit_19,601.6,778.91,12.7776,-0.5754,0.0,D3D4,1,160.48,474.51,0,-1
177,legit_20,937.08,998.4,13.7128,0.8377,90.0,E5F5,0,139.32,642.33,0,-1
177,legit_21,798.4,142.72,13.4573,-0.1774,180.0,E1E0,0,53.47,626.2,0,-1
177,legit_22,601.6,299.84,11.5696,-0.9372,0.0,D1D2,0,160.13,516.96,0,-1
177,legit_23,599.25,598.4,7.8909,2.5158,90.0,:D3_13,2,149.26,450.77,0,-1
177,legit_24,941.77,398.4,11.7877,0.7997,90.0,E2F2,1,114.84,564.01,0,-1
177,legit_25,398.4,963.42,9.8904,1.7612,180.0,C5C4,0,127.49,574.43,0,-1
177,legit_26,231.93,798.4,10.1975,1.5528,90.0,B4C4,1,91.89,575.89,0,-1
177,legit_27,36.12,1.6,12.7363,-0.4568,270.0,B0A0,0,164.28,889.66,0,-1
177,legit_28,998.4,511.56,13.4846,0.2981,180.0,F3F2,2,102.4,570.94,0,-1
177,legit_29,624.58,598.4,6.3714,2.2591,90.0,D3E3,2,125.43,451.11,0,-1
178,legit_13,407.94,201.6,13.5988,-0.0184,270.0,D1C1,0,91.8,590.28,0,-1
178,legit_14,1001.6,593.82,12.4644,0.7497,0.0,:F3_3,1,48.79,566.4,0,-1
178,legit_15,601.6,676.94,13.8886,1.1297,0.0,D3D4,3,167.16,455.34,0,-1
178,legit_16,201.6,190.17,12.6839,-0.0039,0.0,B0B1,1,87.1,677.13,0,-1
178,legit_17,126.72,801.6,13.2501,-0.3394,270.0,B4A4,1,44.9,637.02,0,-1
178,legit_18,198.4,141.82,13.166,0.1454,180.0,B1B0,1,53.09,705.25,0,-1
178,legit_19,601.6,792.12,13.2114,0.4338,0.0,D3D4,1,155.93,478.07,0,-1
178,legit_20,950.65,998.4,13.5689,-0.1439,90.0,E5F5,0,128.56,648.36,0,-1
178,legit_21,798.4,129.06,13.658,0.2007,180.0,E1E0,0,49.24,634.82,0,-1
178,legit_22,601.6,312.05,12.2136,0.644,0.0,D1D2,0,155.95,511.7,0,-1
178,legit_23,609.48,598.4,10.2338,2.3429,90.0,D3E3,2,140.52,450.82,0,-1
178,legit_24,952.66,398.4,10.888,-0.8997,90.0,E2F2,1,104.64,569.19,0,-1
178,legit_25,398.4,952.79,10.6263,0.7359,180.0,C5C4,0,124.03,569.07,0,-1
178,legit_26,244.5,798.4,12.5692,2.3717,90.0,B4C4,1,103.25,569.7,0,-1
178,legit_27,23.05,1.6,13.0723,0.336,270.0,B0A0,0,173.59,897.97,0,-1
178,legit_28,998.4,498.02,13.5374,0.0528,180.0,F3F2,2,114.29,572.77,0,-1
178,legit_29,633.44,598.4,8.8574,2.486,90.0,D3E3,2,116.57,451.4,0,-1
179,legit_14,1001.6,605.42,11.5974,-0.867,0.0,:F3_3,1,48.7,566.39,0,-1
179,legit_15,601.6,690.58,13.6381,-0.2505,0.0,D3D4,3,173.86,457.06,0,-1
179,legit_16,201.6,202.92,12.7506,0.0667,0.0,:B1_9,1,97.67,670.55,0,-1
179,legit_17,113.11,801.6,13.6098,0.3597,270.0,B4A4,1,53.25,646.3,0,-1
179,legit_18,198.4,129.02,12.7954,-0.3705,180.0,B1B0,1,49.23,712.8,0,-1
179,legit_19,601.6,805.78,13.6623,0.4509,0.0,:D4_9,1,152.29,482.02,0,-1
179,legit_20,963.42,998.4,12.7687,-0.8003,90.0,E5F5,0,118.97,654.21,0,-1
179,legit_21,798.4,115.45,13.6098,-0.0482,180.0,E1E0,0,48.61,643.74,0,-1
179,legit_22,601.6,323.83,11.7793,-0.4343,0.0,D1D2,0,152.74,506.83,0,-1
179,legit_23,620.74,598.4,11.2512,1.0174,90.0,D3E3,2,129.27,451.02,0,-1
179,legit_24,964.14,398.4,11.4832,0.5951,90.0,E2F2,1,94.06,574.78,0,-1
179,legit_25,398.4,941.0,11.7957,1.1695,180.0,C5C4,0,113.41,563.25,0,-1
179,legit_26,257.9,798.4,13.395,0.8258,90.0,B4C4,1,115.64,563.3,0,-1
179,legit_27,12.06,1.6,10.9892,-2.0831,270.0,B0A0,0,181.78,905.05,0,-1
179,legit_28,998.4,484.14,13.8774,0.34,180.0,F3F2,2,126.83,574.86,0,-1
179,legit_29,643.74,598.4,10.2992,1.4418,90.0,D3E3,2,106.27,451.85,0,-1
180,legit_14,1001.6,617.73,12.3159,0.7185,0.0,F3F4,1,51.55,566.67,0,-1
180,legit_15,601.6,703.7,13.119,-0.5191,0.0,D3D4,3,181.04,458.97,0,-1
180,legit_16,201.6,216.13,13.2038,0.4533,0.0,B1B2,1,109.1,663.91,0,-1
180,legit_17,99.56,801.6,13.5545,-0.0553,270.0,B4A4,0,63.39,655.79,0,-1
180,legit_18,198.4,116.35,12.6736,-0.1218,180.0,B1B0,1,48.54,720.55,0,-1
180,legit_19,601.6,818.64,12.8533,-0.809,0.0,D4D5,1,149.93,485.99,0,-1
180,legit_20,976.26,998.4,12.8442,0.0756,90.0,E5F5,0,109.98,660.29,0,-1
180,legit_21,798.4,102.85,12.5989,-1.0109,180.0,E1E0,0,51.35,652.3,0,-1
180,legit_22,601.6,335.57,11.7405,-0.0388,0.0,D1D2,0,150.4,502.17,0,-1
180,legit_23,632.27,598.4,11.534,0.2828,90.0,D3E3,2,117.74,451.36,0,-1
180,legit_24,975.77,398.4,11.6333,0.1501,90.0,E2F2,1,83.57,580.6,0,-1
180,legit_25,398.4,930.06,10.9363,-0.8594,180.0,C5C4,0,103.8,557.98,0,-1
180,legit_26,271.32,798.4,13.4259,0.0309,90.0,B4C4,0,128.26,557.08,0,-1
180,legit_27,4.38,1.6,7.6845,-3.3047,270.0,B0A0,0,187.68,910.05,0,-1
180,legit_28,998.4,470.73,13.4072,-0.4701,180.0,F3F2,2,122.17,577.06,0,-1
180,legit_29,656.02,598.4,12.2762,1.9769,90.0,D3E3,2,94.0,452.53,0,-1
180,legit_30,998.4,187.7,0.0,0.0,180.0,F1F0,0,85.12,678.43,0,-1
181,legit_14,1001.6,629.52,11.7823,-0.5336,0.0,F3F4,0,56.69,567.19,0,-1
181,legit_15,601.6,717.47,13.7757,0.6566,0.0,D3D4,3,189.27,461.23,0,-1
181,legit_16,201.6,229.25,13.1226,-0.0812,0.0,B1B2,1,120.82,657.47,0,-1
181,legit_17,86.87,801.6,12.6915,-0.8631,270.0,B4A4,0,73.89,664.87,0,-1
181,legit_18,198.4,102.53,13.8206,1.147,180.0,B1B0,1,51.46,729.33,0,-1
181,legit_19,601.6,832.13,13.4899,0.6366,0.0,D4D5,1,148.61,490.42,0,-1
181,legit_20,987.55,998.4,11.286,-1.5582,90.0,E5F5,0,102.76,665.79,0,-1
181,legit_21,798.4,89.07,13.7824,1.1836,180.0,E1E0,0,57.44,661.95,0,-1
181,legit_22,601.6,347.06,11.4893,-0.2512,0.0,D1D2,0,148.96,497.81,0,-1
181,legit_23,643.35,598.4,11.0777,-0.4563,90.0,D3E3,2,106.66,451.83,0,-1
181,legit_24,985.39,398.4,9.6191,-2.0142,90.0,E2F2,1,75.16,585.52,0,-1
181,legit_25,398.4,918.19,11.8716,0.9353,180.0,C5C4,0,93.68,552.41,0,-1
181,legit_26,283.94,798.4,12.6137,-0.8122,90.0,B4C4,0,140.25,551.4,0,-1
181,legit_27,1.6,3.31,3.8698,-3.8148,293.68,A0A1,0,188.78,910.75,0,-1
181,legit_28,998.4,457.35,13.3819,-0.0254,180.0,F3F2,1,110.18,579.45,0,-1
181,legit_29,669.64,598.4,13.6249,1.3487,90.0,D3E3,2,80.37,453.5,0,-1
181,legit_30,998.4,185.87,1.8301,1.8301,180.0,F1F0,0,83.67,679.39,0,-1
182,legit_14,1001.6,641.74,12.2268,0.4445,0.0,F3F4,0,63.91,567.97,0,-1
182,legit_15,601.6,730.87,13.3931,-0.3826,0.0,D3D4,2,184.21,463.67,0,-1
182,legit_16,201.6,241.46,12.2107,-0.9119,0.0,B1B2,0,129.28,651.62,0,-1
182,legit_17,72.98,801.6,13.8855,1.194,270.0,B4A4,0,86.06,675.0,0,-1
182,legit_18,198.4,88.94,13.5841,-0.2366,180.0,B1B0,0,57.51,738.24,0,-1
182,legit_19,601.6,844.78,12.6512,-0.8387,0.0,D4D5,1,148.48,494.84,0,-1
182,legit_20,995.48,998.4,7.9267,-3.3594,90.0,E5F5,0,98.14,669.75,0,-1
182,legit_21,798.4,76.28,12.7879,-0.9946,180.0,E1E0,0,65.22,671.14,0,-1
182,legit_22,601.6,358.38,11.3194,-0.1699,0.0,D1D2,0,148.41,493.71,0,-1
182,legit_23,655.18,598.4,11.8339,0.7562,90.0,D3E3,2,94.83,452.48,0,-1
182,legit_24,990.75,398.4,5.3589,-4.2602,90.0,E2F2,1,70.61,588.31,0,-1
182,legit_25,398.4,906.88,11.307,-0.5646,180.0,C5C4,1,84.47,547.26,0,-1
182,legit_26,297.09,798.4,13.1567,0.543,90.0,B4C4,1,152.86,545.65,0,-1
182,legit_27,1.6,9.29,5.98,2.1102,0.0,A0A1,0,185.14,906.88,0,-1
182,legit_28,998.4,444.55,12.7998,-0.5821,180.0,F3F2,1,99.05,581.92,0,-1
182,legit_29,683.01,598.4,13.3648,-0.2601,90.0,D3E3,1,67.01,454.65,0,-1
182,legit_30,998.4,181.64,4.2315,2.4014,180.0,F1F0,0,80.39,681.63,0,-1
183,legit_14,1001.6,654.24,12.4968,0.2701,0.0,F3F4,0,72.7,568.98,0,-1
183,legit_15,601.6,743.94,13.0708,-0.3223,0.0,D3D4,1,176.78,466.3,0,-1
183,legit_16,201.6,253.79,12.3276,0.117,0.0,B1B2,0,118.08,645.87,0,-1
183,legit_17,60.08,801.6,12.9009,-0.9846,270.0,B4A4,0,97.77,684.56,0,-1
183,legit_18,198.4,76.34,12.6,-0.9841,180.0,B1B0,0,65.18,746.73,0,-1
183,legit_19,601.6,858.0,13.2225,0.5712,0.0,D4D5,1,149.49,499.71,0,-1
183,legit_20,998.33,997.27,3.4267,-4.5,104.28,:F5_1,0,97.54,670.62,0,-1
183,legit_21,798.4,63.28,13.0038,0.2159,180.0,E1E0,0,74.56,680.68,0,-1
183,legit_22,601.6,369.93,11.5475,0.2281,0.0,D1D2,0,148.73,489.73,0,-1
183,legit_23,667.09,598.4,11.9106,0.0767,90.0,D3E3,1,82.92,453.3,0,-1
183,legit_24,995.45,397.93,4.7567,-0.6022,95.43,:F2_6,1,66.44,590.91,0,-1
183,legit_25,398.4,895.07,11.8101,0.5031,180.0,C5C4,1,75.47,542.04,0,-1
183,legit_26,310.64,798.4,13.5508,0.3941,90.0,B4C4,1,145.43,539.93,0,-1
183,legit_27,1.6,17.74,8.451,2.4711,0.0,A0A1,0,180.22,901.44,0,-1
183,legit_28,998.4,431.57,12.978,0.1782,180.0,F3F2,1,88.23,584.6,0,-1
183,legit_29,695.73,598.4,12.7273,-0.6375,90.0,D3E3,1,54.29,455.93,0,-1
183,legit_30,998.4,174.89,6.7513,2.5197,180.0,F1F0,0,75.33,685.24,0,-1
184,legit_14,1001.6,666.66,12.4234,-0.0734,0.0,F3F4,0,82.38,570.18,0,-1
184,legit_15,601.6,756.85,12.9104,-0.1603,0.0,D3D4,1,170.11,469.13,0,-1
184,legit_16,201.6,266.69,12.8988,0.5711,0.0,B1B2,0,106.63,640.0,0,-1
184,legit_17,46.51,801.6,13.5682,0.6673,270.0,B4A4,0,110.38,694.77,0,-1
184,legit_18,198.4,63.64,12.701,0.101,180.0,B1B0,0,74.29,755.47,0,-1
184,legit_19,601.6,871.11,13.1038,-0.1187,0.0,D4D5,1,151.62,504.79,0,-1
184,legit_20,998.4,993.55,3.7294,0.3027,170.4,F5F4,0,100.68,668.76,0,-1
184,legit_21,798.4,49.58,13.6982,0.6944,180.0,E1E0,0,85.45,690.91,0,-1
184,legit_22,601.6,381.23,11.3067,-0.2408,0.0,D1D2,0,149.91,486.03,0,-1
184,legit_23,678.62,598.4,11.5238,-0.3868,90.0,D3E3,1,71.4,454.25,0,-1
184,legit_24,998.17,394.42,4.6887,-0.068,140.56,:F2_6,1,62.22,593.26,0,-1
184,legit_25,398.4,883.6,11.4728,-0.3373,180.0,C5C4,1,67.55,537.14,0,-1
184,legit_26,324.44,798.4,13.7985,0.2477,90.0,B4C4,1,132.27,534.29,0,-1
184,legit_27,1.6,28.7,10.9587,2.5076,0.0,A0A1,0,174.23,894.48,0,-1
184,legit_28,998.4,418.68,12.8952,-0.0828,180.0,F3F2,1,78.14,587.45,0,-1
184,legit_29,709.57,598.4,13.837,1.1097,90.0,D3E3,1,40.46,457.54,0,-1
184,legit_30,998.4,165.55,9.3336,2.5823,180.0,F1F0,0,68.83,690.32,0,-1
185,legit_14,1001.6,678.95,12.2888,-0.1347,0.0,F3F4,0,92.61,571.55,0,-1
185,legit_15,601.6,770.18,13.3285,0.4181,0.0,D3D4,1,164.01,472.3,0,-1
185,legit_16,201.6,279.55,12.8657,-0.033,0.0,B1B2,0,95.58,634.31,0,-1
185,legit_17,32.65,801.6,13.866,0.2978,270.0,B4A4,0,123.48,705.35,0,-1
185,legit_18,198.4,50.22,13.423,0.722,180.0,B1B0,0,84.92,764.87,0,-1
185,legit_19,601.6,884.24,13.1316,0.0279,0.0,D4D5,1,154.85,510.14,0,-1
185,legit_20,998.4,987.56,5.9909,2.2615,180.0,F5F4,0,105.87,665.75,0,-1
185,legit_21,798.4,35.85,13.7336,0.0354,180.0,E1E0,0,97.08,701.34,0,-1
185,legit_22,601.6,393.33,12.1015,0.7947,0.0,:D2_9,0,152.1,482.28,0,-1
185,legit_23,690.33,598.4,11.7122,0.1884,90.0,D3E3,1,59.69,455.36,0,-1
185,legit_24,998.4,390.04,4.3902,-0.2985,176.35,F2F1,1,59.71,594.54,0,-1
185,legit_25,398.4,872.73,10.8722,-0.6006,180.0,C5C4,1,61.1,532.67,0,-1
185,legit_26,337.89,798.4,13.4455,-0.353,90.0,B4C4,1,119.58,529.0,0,-1
185,legit_27,1.6,41.39,12.685,1.7263,0.0,A0A1,0,167.94,886.54,0,-1
185,legit_28,998.4,408.1,10.5826,-2.3125,180.0,F3F2,1,70.54,589.94,0,-1
185,legit_29,723.37,598.4,13.7951,-0.0419,90.0,D3E3,1,26.68,459.37,0,-1
185,legit_30,998.4,153.79,11.7649,2.4313,180.0,F1F0,0,61.68,696.87,0,-1
186,legit_14,1001.6,690.83,11.8787,-0.41,0.0,F3F4,0,102.92,573.03,0,-1
186,legit_15,601.6,783.23,13.0505,-0.278,0.0,D3D4,1,158.89,475.64,0,-1
186,legit_16,201.6,292.29,12.7398,-0.1259,0.0,B1B2,0,85.13,628.85,0,-1
186,legit_17,20.37,801.6,12.2759,-1.5901,270.0,B4A4,0,135.2,714.84,0,-1
186,legit_18,198.4,37.44,12.779,-0.644,180.0,B1B0,0,95.7,773.95,0,-1
186,legit_19,601.6,896.87,12.6315,-0.5001,0.0,D4D5,1,158.92,515.52,0,-1
186,legit_20,998.4,979.27,8.2834,2.2925,180.0,F5F4,0,113.17,661.63,0,-1
186,legit_21,798.4,23.19,12.6618,-1.0718,180.0,E1E0,0,108.24,711.08,0,-1
186,legit_22,601.6,405.55,12.2166,0.1151,0.0,:D2_9,0,155.23,478.72,0,-1
186,legit_23,701.96,598.4,11.6284,-0.0838,90.0,D3E3,1,48.07,456.63,0,-1
186,legit_24,998.4,383.25,6.7894,2.3991,180.0,F2F1,1,56.6,596.4,0,-1
186,legit_25,398.4,861.21,11.5196,0.6474,180.0,C5C4,1,55.79,528.14,0,-1
186,legit_26,350.99,798.4,13.0984,-0.3472,90.0,B4C4,1,107.4,524.04,0,-1
186,legit_27,1.6,55.15,13.7607,1.0757,0.0,A0A1,0,161.95,878.08,0,-1
186,legit_28,996.11,402.47,6.4481,-4.1345,207.84,:F2_0,1,68.61,590.11,0,-1
186,legit_29,736.46,598.4,13.0891,-0.706,90.0,D3E3,1,13.64,461.3,0,-1
186,legit_30,998.4,140.34,13.4473,1.6823,180.0,F1F0,0,55.46,704.58,0,-1
186,legit_31,598.4,187.7,0.0,0.0,180.0,D1D0,0,163.11,574.5,0,-1
187,legit_14,1001.6,702.87,12.0401,0.1614,0.0,F3F4,0,113.69,574.69,0,-1
187,legit_15,601.6,796.85,13.619,0.5685,0.0,:D4_9,1,154.55,479.4,0,-1
187,legit_16,201.6,305.41,13.1202,0.3804,0.0,B1B2,0,75.12,623.41,0,-1
187,legit_17,12.15,801.6,8.2234,-4.0525,270.0,B4A4,0,143.1,721.26,0,-1
187,legit_18,198.4,24.14,13.2984,0.5193,180.0,B1B0,0,107.38,783.54,0,-1
187,legit_19,601.6,909.99,13.1217,0.4902,0.0,D4D5,1,164.08,521.35,0,-1
187,legit_20,998.4,969.48,9.7903,1.507,180.0,F5F4,0,121.97,656.86,0,-1
187,legit_21,798.4,14.45,8.7397,-3.9221,180.0,E1E0,0,116.12,717.87,0,-1
187,legit_22,601.6,416.94,11.3845,-0.8321,0.0,D2D3,0,158.95,475.6,0,-1
187,legit_23,712.96,598.4,11.0084,-0.62,90.0,D3E3,1,37.07,457.97,0,-1
187,legit_24,998.4,374.15,9.1054,2.316,180.0,F2F1,1,53.5,599.01,0,-1
187,legit_25,398.4,850.56,10.644,-0.8756,180.0,C5C4,1,52.67,524.16,0,-1
187,legit_26,364.81,798.4,13.8253,0.7269,90.0,B4C4,1,94.8,519.01,0,-1
187,legit_27,1.6,68.29,13.146,-0.6147,0.0,A0A1,0,157.15,870.14,0,-1
187,legit_28,989.89,401.6,6.3864,-0.0617,266.6,F2E2,1,73.1,587.04,0,-1
187,legit_29,749.33,598.4,12.8722,-0.2169,90.0,D3E3,1,1.74,463.44,0,-1
187,legit_30,998.4,127.66,12.6788,-0.7684,180.0,F1F0,0,52.17,712.11,0,-1
187,legit_31,598.4,185.26,2.4392,2.4392,180.0,D1D0,0,162.12,575.93,0,-1
188,legit_14,1001.6,714.22,11.3508,-0.6893,0.0,F3F4,0,124.05,576.39,0,-1
188,legit_15,601.6,810.4,13.5555,-0.0635,0.0,D4D5,1,151.32,483.42,0,-1
188,legit_16,201.6,318.33,12.9226,-0.1976,0.0,B1B2,0,66.32,618.26,0,-1
188,legit_17,7.59,801.6,4.5595,-3.664,270.0,B4A4,0,147.5,724.83,0,-1
188,legit_18,198.4,14.27,9.8753,-3.4231,180.0,B1B0,0,116.28,790.74,0,-1
188,legit_19,601.6,923.5,13.5137,0.392,0.0,D4D5,1,170.28,527.6,0,-1
188,legit_20,998.4,958.37,11.1108,1.3205,180.0,F5F4,0,129.13,651.54,0,-1
188,legit_21,798.4,9.84,4.6016,-4.1381,180.0,E1E0,0,120.32,721.47,0,-1
188,legit_22,601.6,428.9,11.9632,0.5787,0.0,D2D3,0,163.61,472.53,0,-1
188,legit_23,724.58,598.4,11.619,0.6107,90.0,D3E3,1,25.47,459.54,0,-1
188,legit_24,998.4,362.48,11.6744,2.569,180.0,F2F1,1,51.66,602.58,0,-1
188,legit_25,398.4,838.87,11.6894,1.0454,180.0,C5C4,1,51.61,520.04,0,-1
188,legit_26,377.29,798.4,12.479,-1.3463,90.0,B4C4,1,83.77,514.67,0,-1
188,legit_27,1.6,81.79,13.4957,0.3497,0.0,A0A1,0,153.24,862.17,0,-1
188,legit_28,981.62,401.6,8.2758,1.8894,270.0,F2E2,1,80.04,582.75,0,-1
188,legit_29,761.93,598.4,12.6024,-0.2698,90.0,D3E3,1,12.04,466.83,0,-1
188,legit_30,998.4,114.61,13.0487,0.3698,180.0,F1F0,0,51.88,720.14,0,-1
188,legit_31,598.4,180.49,4.773,2.3338,180.0,D1D0,0,160.25,578.74,0,-1
189,legit_14,1001.6,725.9,11.6726,0.3218,0.0,F3F4,0,123.95,578.27,0,-1
189,legit_15,601.6,823.4,12.9935,-0.562,0.0,D4D5,1,149.33,487.52,0,-1
189,legit_16,201.6,331.23,12.8946,-0.028,0.0,B1B2,0,59.08,613.35,0,-1
189,legit_17,2.19,804.35,6.4813,1.9218,303.47,:A4_3,0,152.05,729.75,0,-1
189,legit_18,198.4,8.89,5.3753,-4.5,180.0,B1B0,0,121.19,794.69,0,-1
189,legit_19,601.6,937.15,13.6439,0.1302,0.0,D4D5,1,177.37,534.15,0,-1
189,legit_20,998.4,945.47,12.9005,1.7897,180.0,F5F4,0,117.42,645.52,0,-1
189,legit_21,799.01,3.24,6.6566,2.055,172.92,:E0_1,0,126.63,726.8,0,-1
189,legit_22,601.6,440.91,12.0068,0.0436,0.0,D2D3,0,169.02,469.65,0,-1
189,legit_23,735.6,598.4,11.0164,-0.6027,90.0,D3E3,1,14.49,461.17,0,-1
189,legit_24,998.4,351.58,10.8934,-0.7809,180.0,F2F1,1,52.28,606.13,0,-1
189,legit_25,398.4,827.76,11.1168,-0.5726,180.0,C5C4,1,53.03,516.37,0,-1
189,legit_26,386.74,798.4,9.4453,-3.0336,90.0,B4C4,1,75.72,511.5,0,-1
189,legit_27,1.6,94.85,13.0565,-0.4392,0.0,A0A1,0,150.52,854.61,0,-1
189,legit_28,971.49,401.6,10.1295,1.8537,270.0,F2E2,1,88.85,577.6,0,-1
189,legit_29,774.6,598.4,12.6686,0.0662,90.0,D3E3,1,24.65,470.52,0,-1
189,legit_30,998.4,101.53,13.0813,0.0327,180.0,F1F0,0,54.81,728.48,0,-1
189,legit_31,598.4,173.38,7.1072,2.3342,180.0,D1D0,0,157.71,583.0,0,-1
190,legit_14,1001.6,738.14,12.2433,0.5707,0.0,F3F4,0,112.78,580.4,0,-1
190,legit_15,601.6,836.0,12.6009,-0.3926,0.0,D4D5,1,148.45,491.75,0,-1
190,legit_16,201.6,343.66,12.4326,-0.462,0.0,B1B2,0,54.13,608.86,0,-1
190,legit_17,1.6,810.25,5.9862,-0.4951,356.83,A4A5,0,151.35,731.67,0,-1
190,legit_18,199.55,2.35,6.7486,1.3732,166.59,:B0_1,0,127.66,798.98,0,-1
190,legit_19,601.6,949.91,12.7572,-0.8867,0.0,D4D5,1,184.67,540.49,0,-1
190,legit_20,998.4,932.79,12.6774,-0.2231,180.0,F5F4,0,106.18,639.77,0,-1
190,legit_21,804.93,-1.28,7.8856,1.229,114.76,:E0_1,0,133.14,731.83,0,-1
190,legit_22,601.6,452.96,12.049,0.0422,0.0,D2D3,0,175.11,466.96,0,-1
190,legit_23,746.54,598.4,10.9423,-0.0741,90.0,D3E3,1,3.81,462.94,0,-1
190,legit_24,998.4,340.72,10.8665,-0.0269,180.0,F2F1,1,55.09,609.9,0,-1
190,legit_25,398.4,815.97,11.7862,0.6694,180.0,C5C4,1,56.92,512.74,0,-1
190,legit_26,391.68,798.4,4.9453,-4.5,90.0,B4C4,1,71.64,509.89,0,-1
190,legit_27,1.6,108.2,13.358,0.3015,0.0,A0A1,0,148.87,847.06,0,-1
190,legit_28,959.89,401.6,11.6001,1.4707,270.0,F2E2,1,99.25,571.84,0,-1
190,legit_29,784.37,598.4,9.7755,-2.8931,90.0,D3E3,1,34.41,473.5,0,-1
190,legit_30,998.4,88.86,12.6734,-0.4079,180.0,F1F0,0,60.27,736.81,0,-1
190,legit_31,598.4,164.97,8.4085,1.3013,180.0,D1D0,0,155.06,588.11,0,-1
191,legit_14,1001.6,750.11,11.9668,-0.2765,0.0,F3F4,0,102.1,582.64,0,-1
191,legit_15,601.6,849.74,13.7415,1.1406,0.0,D4D5,1,148.72,496.63,0,-1
191,legit_16,201.6,356.15,12.492,0.0594,0.0,B1B2,0,51.74,604.61,0,-1
191,legit_17,1.6,817.86,7.612,1.6258,0.0,A4A5,0,150.04,733.61,0,-1
191,legit_18,205.69,-1.38,7.604,0.8554,110.2,:B0_1,0,133.55,798.95,0,-1
191,legit_19,601.6,962.8,12.8982,0.1409,0.0,D4D5,1,189.1,547.12,0,-1
191,legit_20,998.4,919.97,12.8212,0.1438,180.0,F5F4,0,95.18,634.11,0,-1
191,legit_21,812.66,-1.6,7.7469,-0.1387,90.0,E0F0,0,136.79,734.06,0,-1
191,legit_22,601.6,465.17,12.2163,0.1673,0.0,D2D3,0,181.89,464.44,0,-1
191,legit_23,758.16,598.4,11.6139,0.6716,90.0,D3E3,1,8.31,465.76,0,-1
191,legit_24,998.4,329.12,11.5961,0.7296,180.0,F2F1,1,60.13,614.14,0,-1
191,legit_25,398.4,804.98,10.991,-0.7953,180.0,:C4_1,1,62.36,509.56,0,-1
191,legit_26,392.45,798.4,0.7713,-4.174,90.0,B4C4,1,71.01,509.65,0,-1
191,legit_27,1.6,122.08,13.8718,0.5138,0.0,A0A1,0,148.41,839.4,0,-1
191,legit_28,946.11,401.6,13.7727,2.1726,270.0,F2E2,1,111.91,565.2,0,-1
191,legit_29,789.73,598.4,5.36,-4.4155,90.0,D3E3,1,39.77,475.18,0,-1
191,legit_30,998.4,75.87,12.9897,0.3163,180.0,F1F0,0,67.9,745.56,0,-1
191,legit_31,598.4,154.11,10.861,2.4526,180.0,D1D0,0,152.27,594.85,0,-1
192,legit_14,1001.6,762.53,12.4236,0.4568,0.0,F3F4,1,91.35,585.11,0,-1
192,legit_15,601.6,863.54,13.7985,0.057,0.0,D4D5,1,150.25,501.82,0,-1
192,legit_16,201.6,368.83,12.6818,0.1898,0.0,B1B2,0,52.35,600.6,0,-1
192,legit_17,1.6,826.97,9.1116,1.4996,0.0,A4A5,0,148.97,736.03,0,-1
192,legit_18,213.88,-1.6,8.2138,0.6098,90.0,B0C0,0,137.36,795.43,0,-1
192,legit_19,601.6,975.92,13.1199,0.2218,0.0,D4D5,1,181.26,554.08,0,-1
192,legit_20,998.4,906.46,13.5143,0.6931,180.0,F5F4,1,84.14,628.32,0,-1
192,legit_21,822.87,-1.6,10.2181,2.4712,90.0,E0F0,0,141.76,736.78,0,-1
192,legit_22,601.6,476.67,11.4996,-0.7167,0.0,D2D3,0,188.77,462.27,0,-1
192,legit_23,769.68,598.4,11.5269,-0.0869,90.0,D3E3,2,19.75,469.07,0,-1
192,legit_24,998.4,318.38,10.7392,-0.8569,180.0,F2F1,1,66.29,618.25,0,-1
192,legit_25,398.4,793.33,11.6538,0.6628,180.0,:C4_1,1,69.58,506.41,0,-1
192,legit_26,393.77,798.4,1.3186,0.5473,90.0,:C4_13,1,69.95,509.22,0,-1
192,legit_27,1.6,134.68,12.6033,-1.2685,0.0,A0A1,0,149.12,832.62,0,-1
192,legit_28,932.23,401.6,13.8832,0.1106,270.0,F2E2,1,124.9,558.7,0,-1
192,legit_29,796.64,598.95,6.9471,1.5871,83.69,:E3_14,2,46.66,477.39,0,-1
192,legit_30,998.4,62.06,13.8058,0.8161,180.0,F1F0,0,77.58,755.07,0,-1
192,legit_31,598.4,142.75,11.3586,0.4976,180.0,D1D0,0,150.13,602.07,0,-1
192,legit_32,787.7,601.6,0.0,0.0,270.0,E3D3,2,37.73,474.54,0,-1
193,legit_14,1001.6,774.42,11.8899,-0.5336,0.0,F3F4,1,81.51,587.65,0,-1
193,legit_15,601.6,876.16,12.6224,-1.1761,0.0,D4D5,1,152.74,506.82,0,-1
193,legit_16,201.6,380.04,11.2076,-1.4742,0.0,B1B2,0,55.36,597.3,0,-1
193,legit_17,1.6,838.26,11.2911,2.1796,0.0,A4A5,0,148.41,739.16,0,-1
193,legit_18,224.19,-1.6,10.3058,2.0921,90.0,B0C0,0,142.45,790.9,0,-1
193,legit_19,601.6,985.15,9.2312,-3.8888,0.0,D4D5,1,176.12,559.1,0,-1
193,legit_20,998.4,893.19,13.2685,-0.2458,180.0,F5F4,1,74.11,622.85,0,-1
193,legit_21,835.58,-1.6,12.7074,2.4894,90.0,E0F0,0,148.7,740.33,0,-1
193,legit_22,601.6,488.86,12.1843,0.6846,0.0,D2D3,0,185.41,460.15,0,-1
193,legit_23,781.0,598.4,11.3173,-0.2096,90.0,D3E3,2,31.04,472.46,0,-1
193,legit_24,998.4,307.64,10.744,0.0048,180.0,F2F1,1,73.52,622.51,0,-1
193,legit_25,398.4,782.11,11.2191,-0.4346,180.0,C4C3,1,77.55,503.55,0,-1
193,legit_26,394.21,798.4,0.4403,-0.8783,90.0,:C4_13,1,69.59,509.08,0,-1
193,legit_27,1.6,147.65,12.9681,0.3648,0.0,A0A1,0,150.95,825.81,0,-1
193,legit_28,919.31,401.6,12.9157,-0.9675,270.0,F2E2,1,137.15,552.84,0,-1
193,legit_29,801.22,604.55,7.6303,0.6832,28.65,:E3_14,2,51.42,478.91,0,-1
193,legit_30,998.4,48.8,13.2661,-0.5397,180.0,F1F0,0,87.93,764.37,0,-1
193,legit_31,598.4,130.37,12.3837,1.0251,180.0,D1D0,0,148.76,610.13,0,-1
193,legit_32,785.79,601.6,1.9099,1.9099,270.0,E3D3,2,35.83,473.94,0,-1
194,legit_14,1001.6,786.13,11.7098,-0.1802,0.0,F3F4,1,72.42,590.3,0,-1
194,legit_15,601.6,888.89,12.7331,0.1106,0.0,D4D5,1,156.25,512.1,0,-1
194,legit_16,201.6,388.09,8.049,-3.1587,0.0,B1B2,0,58.75,595.07,0,-1
194,legit_17,1.6,852.15,13.8831,2.592,0.0,A4A5,0,148.9,743.23,0,-1
194,legit_18,236.32,-1.6,12.132,1.8262,90.0,B0C0,0,149.12,785.72,0,-1
194,legit_19,601.6,990.87,5.7146,-3.5166,0.0,D4D5,1,173.11,562.26,0,-1
194,legit_20,998.4,880.48,12.7144,-0.5541,180.0,F5F4,1,65.58,617.8,0,-1
194,legit_21,848.97,-1.6,13.3907,0.6832,90.0,E0F0,0,156.79,744.27,0,-1
194,legit_22,601.6,501.0,12.1436,-0.0407,0.0,D2D3,0,178.39,458.26,0,-1
194,legit_23,788.06,598.4,7.0623,-4.255,90.0,D3E3,2,38.1,474.65,0,-1
194,legit_24,998.4,296.76,10.8742,0.1302,180.0,F2F1,1,81.62,626.98,0,-1
194,legit_25,398.4,771.53,10.5813,-0.6378,180.0,C4C3,1,85.74,501.01,0,-1
194,legit_26,396.48,798.4,2.2712,1.8309,90.0,:C4_13,1,67.78,508.36,0,-1
194,legit_27,1.6,161.53,13.8861,0.918,0.0,A0A1,0,154.1,818.71,0,-1
194,legit_28,906.09,401.6,13.2263,0.3105,270.0,F2E2,1,149.8,547.02,0,-1
194,legit_29,801.6,611.44,6.923,-0.7073,1.23,E3E4,2,52.85,479.14,0,-1
194,legit_30,998.4,35.5,13.2987,0.0326,180.0,F1F0,0,99.01,773.85,0,-1
194,legit_31,598.4,118.74,11.6262,-0.7575,180.0,D1D0,0,148.41,617.87,0,-1
194,legit_32,782.03,601.6,3.7601,1.8502,270.0,E3D3,2,32.07,472.78,0,-1
195,legit_14,1001.6,797.64,11.5067,-0.203,0.0,:F4_3,1,64.32,593.07,0,-1
195,legit_15,601.6,902.35,13.4622,0.7291,0.0,D4D5,1,160.97,517.93,0,-1
195,legit_16,201.6,391.64,3.549,-4.5,0.0,B1B2,0,60.53,594.12,0,-1
195,legit_17,1.6,864.89,12.7426,-1.1405,0.0,A4A5,0,150.47,747.16,0,-1
195,legit_18,248.93,-1.6,12.6077,0.4757,90.0,B0C0,0,156.76,780.5,0,-1
195,legit_19,603.05,997.03,6.4996,0.7851,17.24,:D5_3,1,168.76,565.72,0,-1
195,legit_20,998.4,866.74,13.7403,1.0259,180.0,F5F4,1,58.12,612.6,0,-1
195,legit_21,861.62,-1.6,12.6518,-0.7389,90.0,E0F0,1,165.06,748.17,0,-1
195,legit_22,601.6,512.9,11.9023,-0.2413,0.0,D2D3,0,172.07,456.6,0,-1
195,legit_23,792.62,598.4,4.5558,-2.5065,90.0,D3E3,2,42.65,476.1,0,-1
195,legit_24,998.4,285.02,11.742,0.8678,180.0,F2F1,0,91.02,631.95,0,-1
195,legit_25,398.4,760.68,10.849,0.2677,180.0,C4C3,1,94.63,498.55,0,-1
195,legit_26,400.26,798.4,3.7766,1.5053,90.0,:C4_13,1,64.84,507.18,0,-1
195,legit_27,1.6,174.15,12.6204,-1.2657,0.0,A0A1,0,157.97,812.44,0,-1
195,legit_28,892.38,401.6,13.7069,0.4807,270.0,F2E2,0,148.33,541.19,0,-1
195,legit_29,801.6,619.95,8.5048,1.5818,0.0,E3E4,2,55.32,479.41,0,-1
195,legit_30,998.4,22.21,13.2901,-0.0085,180.0,F1F0,1,110.57,783.46,0,-1
195,legit_31,598.4,106.94,11.8068,0.1806,180.0,D1D0,0,148.97,625.92,0,-1
195,legit_32,776.13,601.6,5.8989,2.1388,270.0,E3D3,2,26.18,470.98,0,-1
196,legit_14,1001.6,808.86,11.2242,-0.2825,0.0,F4F5,1,57.55,595.95,0,-1
196,legit_15,601.6,916.08,13.7231,0.2608,0.0,D4D5,1,166.76,524.13,0,-1
196,legit_16,200.71,394.04,2.6998,-0.8492,349.29,:B2_19,0,61.08,593.96,0,-1
196,legit_17,1.6,878.16,13.2687,0.5261,0.0,A4A5,0,153.23,751.46,0,-1
196,legit_18,261.82,-1.6,12.8918,0.2841,90.0,B0C0,0,165.2,775.34,0,-1
196,legit_19,608.79,998.4,6.0508,-0.4489,80.25,D5E5,1,163.09,566.54,0,-1
196,legit_20,998.4,854.0,12.7324,-1.0079,180.0,F5F4,1,53.47,608.04,0,-1
196,legit_21,874.89,-1.6,13.2693,0.6175,90.0,E0F0,1,174.31,752.44,0,-1
196,legit_22,601.6,524.39,11.4918,-0.4105,0.0,D2D3,0,166.55,455.18,0,-1
196,legit_23,796.9,597.06,4.5787,0.0229,105.9,:E3_12,2,46.99,477.48,0,-1
196,legit_24,998.4,273.97,11.0472,-0.6947,180.0,F2F1,0,100.32,636.76,0,-1
196,legit_25,398.4,749.2,11.472,0.623,180.0,C4C3,1,104.43,496.11,0,-1
196,legit_26,406.45,798.4,6.1934,2.4168,90.0,:C4_13,1,60.22,505.28,0,-1
196,legit_27,1.6,187.54,13.3892,0.7688,0.0,A0A1,0,163.05,805.96,0,-1
196,legit_28,879.54,401.6,12.836,-0.871,270.0,F2E2,0,136.06,535.9,0,-1
196,legit_29,801.6,629.96,10.0112,1.5063,0.0,E3E4,2,59.67,479.89,0,-1
196,legit_30,998.4,11.08,11.1332,-2.157,180.0,F1F0,1,120.53,791.6,0,-1
196,legit_31,598.4,95.57,11.3701,-0.4367,180.0,D1D0,0,150.4,633.83,0,-1
196,legit_32,768.87,601.6,7.2606,1.3618,270.0,E3D3,2,18.94,468.83,0,-1
197,legit_14,1001.6,820.69,11.8295,0.6053,0.0,F4F5,1,52.11,599.2,0,-1
197,legit_15,601.6,928.81,12.7293,-0.9938,0.0,D4D5,1,172.94,530.11,0,-1
197,legit_16,198.4,392.71,3.2236,0.5239,272.55,B2B1,0,58.41,595.54,0,-1
197,legit_17,1.6,891.37,13.2073,-0.0613,0.0,A4A5,0,157.04,755.95,0,-1
197,legit_18,274.64,-1.6,12.8184,-0.0733,90.0,B0C0,0,174.13,770.37,0,-1
197,legit_19,616.55,998.4,7.761,1.7102,90.0,D5E5,1,156.42,566.65,0,-1
197,legit_20,998.4,840.87,13.1358,0.4034,180.0,F5F4,1,51.61,603.64,0,-1
197,legit_21,887.94,-1.6,13.0452,-0.224,90.0,E0F0,1,183.88,756.83,0,-1
197,legit_22,601.6,536.16,11.7711,0.2793,0.0,D2D3,0,161.55,453.93,0,-1
197,legit_23,798.4,591.85,5.5809,1.0022,166.26,E3E2,2,49.08,478.03,0,-1
197,legit_24,998.4,262.39,11.5855,0.5382,180.0,F2F1,0,110.41,641.94,0,-1
197,legit_25,398.4,738.28,10.9215,-0.5505,180.0,C4C3,1,114.06,493.92,0,-1
197,legit_26,414.69,798.4,8.2432,2.0498,90.0,C4D4,1,54.56,502.85,0,-1
197,legit_27,1.6,201.12,13.5785,0.1893,0.0,:A1_7,0,169.13,799.59,0,-1
197,legit_28,866.91,401.6,12.6347,-0.2013,270.0,F2E2,0,124.09,530.87,0,-1
197,legit_29,801.6,642.3,12.3355,2.3243,0.0,E3E4,2,66.72,480.71,0,-1
197,legit_30,998.4,3.98,7.0908,-4.0424,180.0,F1F0,1,126.97,796.83,0,-1
197,legit_31,598.4,83.88,11.6862,0.3161,180.0,D1D0,0,152.73,642.13,0,-1
197,legit_32,759.2,601.6,9.6664,2.4057,270.0,E3D3,2,9.34,466.06,0,-1
198,legit_14,1001.6,832.6,11.9153,0.0858,0.0,F4F5,1,48.96,602.71,0,-1
198,legit_15,601.6,942.19,13.381,0.6517,0.0,D4D5,1,180.18,536.63,0,-1
198,legit_16,198.4,386.92,5.7888,2.5652,180.0,B2B1,0,55.38,597.08,0,-1
198,legit_17,1.6,904.14,12.7716,-0.4358,0.0,A4A5,0,161.67,760.48,0,-1
198,legit_18,288.04,-1.6,13.4016,0.5832,90.0,B0C0,0,183.96,765.36,0,-1
198,legit_19,626.1,998.4,9.5468,1.7859,90.0,D5E5,1,148.36,566.87,0,-1
198,legit_20,998.4,827.67,13.1991,0.0634,180.0,F5F4,1,53.05,599.55,0,-1
198,legit_21,901.74,-1.6,13.7991,0.7539,90.0,E0F0,1,191.75,761.65,0,-1
198,legit_22,601.6,547.37,11.2105,-0.5606,0.0,D2D3,0,157.45,452.93,0,-1
198,legit_23,798.4,584.19,7.6617,2.0808,180.0,E3E2,2,50.92,478.22,0,-1
198,legit_24,998.4,251.52,10.8664,-0.7191,180.0,F2F1,0,120.13,646.91,0,-1
198,legit_25,398.4,726.74,11.5474,0.6258,180.0,C4C3,1,124.46,491.76,0,-1
198,legit_26,425.5,798.4,10.801,2.5579,90.0,C4D4,1,48.28,499.84,0,-1
198,legit_27,1.6,214.94,13.8226,0.2441,0.0,A1A2,0,176.17,793.29,0,-1
198,legit_28,853.06,401.6,13.8507,1.2161,270.0,F2E2,0,111.14,525.55,0,-1
198,legit_29,801.6,655.97,13.6723,1.3369,0.0,E3E4,2,76.13,481.89,0,-1
198,legit_30,996.83,1.6,3.3352,-3.7556,201.22,:F0_0,1,129.79,797.87,0,-1
198,legit_31,598.4,72.55,11.3255,-0.3607,180.0,D1D0,0,155.8,650.33,0,-1
198,legit_32,747.78,601.6,11.422,1.7556,270.0,E3D3,2,2.73,463.16,0,-1
198,legit_33,201.6,212.3,0.0,0.0,0.0,B1B2,0,105.74,665.82,0,-1
199,legit_14,1001.6,844.58,11.9775,0.0622,0.0,F4F5,1,48.62,606.52,0,-1
199,legit_15,601.6,955.17,12.986,-0.3949,0.0,D4D5,1,187.85,543.18,0,-1
199,legit_16,198.4,378.72,8.1967,2.4079,180.0,B2B1,0,51.89,599.36,0,-1
199,legit_17,1.6,917.87,13.7369,0.9654,0.0,A4A5,0,167.59,765.55,0,-1
199,legit_18,301.83,-1.6,13.7837,0.382,90.0,B0C0,0,191.68,760.39,0,-1
199,legit_19,637.67,998.4,11.5733,2.0265,90.0,D5E5,1,138.84,567.28,0,-1
199,legit_20,998.4,814.37,13.301,0.1019,180.0,F5F4,1,57.62,595.74,0,-1
199,legit_21,914.94,-1.6,13.2016,-0.5975,90.0,E0F0,1,181.74,766.45,0,-1
199,legit_22,601.6,559.52,12.1453,0.9348,0.0,D2D3,1,153.82,452.05,0,-1
199,legit_23,798.4,574.06,10.1253,2.4636,180.0,E3E2,2,54.91,478.64,0,-1
199,legit_24,998.4,240.75,10.7737,-0.0927,180.0,F2F1,0,129.94,651.96,0,-1
199,legit_25,398.4,715.43,11.3074,-0.2399,180.0,C4C3,1,126.44,489.79,0,-1
199,legit_26,438.5,798.4,13.0087,2.2077,90.0,C4D4,1,43.16,496.5,0,-1
199,legit_27,1.6,228.5,13.5518,-0.2708,0.0,A1A2,0,183.83,787.31,0,-1
199,legit_28,839.41,401.6,13.649,-0.2017,270.0,F2E2,0,98.61,520.52,0,-1
199,legit_29,801.6,669.53,13.5632,-0.1091,0.0,E3E4,2,86.59,483.31,0,-1
199,legit_30,994.03,1.6,2.8005,-0.5348,253.84,F0E0,1,130.96,796.6,0,-1
199,legit_31,598.4,60.82,11.7376,0.4121,180.0,D1D0,0,159.77,658.97,0,-1
199,legit_32,735.1,601.6,12.6845,1.2626,270.0,E3D3,3,14.99,461.09,0,-1
199,legit_33,201.6,214.88,2.5846,2.5846,0.0,B1B2,0,108.01,664.53,0,-1
200,legit_14,1001.6,856.48,11.8956,-0.0819,0.0,F4F5,1,51.13,610.57,0,-1
200,legit_15,601.6,968.23,13.0558,0.0698,0.0,D4D5,1,185.78,549.97,0,-1
200,legit_16,198.4,368.46,10.2567,2.06,180.0,B2B1,1,49.13,602.39,0,-1
200,legit_17,1.6,930.72,12.8508,-0.8862,0.0,A4A5,0,173.94,770.49,0,-1
200,legit_18,314.56,-1.6,12.7374,-1.0463,90.0,B0C0,0,182.02,755.97,0,-1
200,legit_19,651.5,998.4,13.8337,2.2604,90.0,D5E5,1,127.91,567.98,0,-1
200,legit_20,998.4,800.56,13.8112,0.5102,180.0,:F4_1,1,64.95,592.09,0,-1
200,legit_21,928.27,-1.6,13.3365,0.1348,90.0,E0F0,1,172.06,771.48,0,-1
200,legit_22,601.6,571.03,11.5111,-0.6342,0.0,D2D3,1,151.2,451.43,0,-1
200,legit_23,798.4,562.57,11.4964,1.3711,180.0,E3E2,2,61.19,479.34,0,-1
200,legit_24,998.4,229.18,11.5688,0.7951,180.0,F2F1,0,120.76,657.5,0,-1
200,legit_25,398.4,704.17,11.2627,-0.0447,180.0,C4C3,1,116.25,487.97,0,-1
200,legit_26,451.4,798.4,12.8961,-0.1126,90.0,C4D4,1,41.62,493.57,0,-1
200,legit_27,1.6,242.05,13.5486,-0.0032,0.0,A1A2,0,189.57,781.53,0,-1
200,legit_28,825.6,401.6,13.81,0.161,270.0,F2E2,0,86.29,515.66,0,-1
200,legit_29,801.6,683.02,13.4876,-0.0757,0.0,E3E4,2,97.75,484.96,0,-1
200,legit_30,989.18,1.6,4.8509,2.0504,270.0,F0E0,1,133.11,794.41,0,-1
200,legit_31,598.4,48.93,11.8831,0.1455,180.0,D1D0,0,164.54,667.87,0,-1
200,legit_32,721.52,601.6,13.5768,0.8923,270.0,E3D3,3,28.52,459.11,0,-1
200,legit_33,201.6,219.11,4.2209,1.6364,0.0,B1B2,1,111.73,662.43,0,-1
201,legit_14,1001.6,868.71,12.233,0.3373,0.0,F4F5,1,56.27,615.0,0,-1
201,legit_15,601.6,982.02,13.7889,0.7331,0.0,D4D5,1,177.83,557.38,0,-1
201,legit_16,198.4,356.73,11.7384,1.4817,180.0,B2B1,1,48.51,606.09,0,-1
201,legit_17,1.6,944.08,13.3528,0.5021,0.0,A4A5,0,181.26,775.8,0,-1
201,legit_18,327.89,-1.6,13.3266,0.5892,90.0,B0C0,0,172.33,751.53,0,-1
201,legit_19,664.85,998.4,13.3437,-0.49,90.0,D5E5,1,117.94,568.86,0,-1
201,legit_20,998.4,787.15,13.4094,-0.4018,180.0,F4F3,1,73.86,588.8,0,-1
201,legit_21,941.33,-1.6,13.0577,-0.2788,90.0,E0F0,1,163.08,776.59,0,-1
201,legit_22,601.6,583.08,12.0537,0.5426,0.0,D2D3,1,149.36,451.0,0,-1
201,legit_23,798.4,551.07,11.4976,0.0012,180.0,E3E2,2,68.82,480.24,0,-1
201,legit_24,998.4,217.87,11.3095,-0.2593,180.0,F2F1,0,110.64,663.04,0,-1
201,legit_25,398.4,693.19,10.9711,-0.2916,180.0,C4C3,1,106.53,486.34,0,-1
201,legit_26,465.08,798.4,13.6832,0.787,90.0,C4D4,1,44.25,490.87,0,-1
201,legit_27,1.6,255.32,13.2796,-0.2691,0.0,A1A2,0,181.6,776.04,0,-1
201,legit_28,815.85,401.6,9.7484,-4.0616,270.0,F2E2,0,77.89,512.36,0,-1
201,legit_29,801.6,696.11,13.0906,-0.3969,0.0,E3E4,2,109.09,486.76,0,-1
201,legit_30,982.7,1.6,6.4807,1.6298,270.0,F0E0,1,136.19,791.53,0,-1
201,legit_31,598.4,37.18,11.7531,-0.13,180.0,D1D0,0,169.95,676.81,0,-1
201,legit_32,707.97,601.6,13.5533,-0.0235,270.0,E3D3,3,42.06,457.34,0,-1
201,legit_33,201.6,224.71,5.6078,1.3869,0.0,B1B2,1,116.74,659.68,0,-1
202,legit_14,1001.6,880.44,11.7293,-0.5037,0.0,F4F5,1,63.07,619.46,0,-1
202,legit_16,198.4,344.0,12.7233,0.9849,180.0,B2B1,1,50.98,610.4,0,-1
202,legit_17,1.6,957.45,13.3715,0.0187,0.0,A4A5,0,189.25,781.32,0,-1
202,legit_18,341.05,-1.6,13.1621,-0.1645,90.0,B0C0,0,163.27,747.33,0,-1
202,legit_19,677.75,998.4,12.8974,-0.4464,90.0,D5E5,0,108.99,569.93,0,-1
202,legit_20,998.4,773.89,13.2615,-0.1479,180.0,F4F3,1,83.87,585.78,0,-1
202,legit_21,953.97,-1.6,12.6413,-0.4164,90.0,E0F0,1,154.94,781.69,0,-1
202,legit_22,601.6,592.06,8.9719,-3.0819,0.0,D2D3,1,148.61,450.82,0,-1
202,legit_23,798.4,539.76,11.3121,-0.1855,180.0,E3E2,2,77.28,481.32,0,-1
202,legit_24,998.4,208.22,9.6466,-1.6629,180.0,F2F1,0,102.2,667.87,0,-1
202,legit_25,398.4,681.79,11.4081,0.4369,180.0,C4C3,1,96.7,484.8,0,-1
202,legit_26,477.73,798.4,12.6464,-1.0367,90.0,C4D4,1,50.0,488.73,0,-1
202,legit_27,1.6,268.32,12.9992,-0.2803,0.0,A1A2,0,174.43,770.86,0,-1
202,legit_28,809.36,401.6,6.4918,-3.2566,270.0,F2E2,1,72.49,510.23,0,-1
202,legit_29,801.6,708.78,12.6676,-0.423,0.0,E3E4,0,120.4,488.7,0,-1
202,legit_30,974.41,1.6,8.2856,1.8049,270.0,F0E0,1,140.47,787.91,0,-1
202,legit_31,598.4,25.14,12.0437,0.2906,180.0,D1D0,0,176.13,686.11,0,-1
202,legit_32,695.14,601.6,12.8322,-0.7211,270.0,E3D3,2,54.89,455.87,0,-1
202,legit_33,201.6,232.88,8.1715,2.5637,0.0,B1B2,1,124.12,655.71,0,-1
203,legit_14,1001.6,892.81,12.3685,0.6392,0.0,F4F5,1,71.63,624.38,0,-1
203,legit_16,198.4,331.96,12.0454,-0.6779,180.0,B2B1,1,55.94,614.75,0,-1
203,legit_17,1.6,970.3,12.8523,-0.5193,0.0,A4A5,0,184.54,786.79,0,-1
203,legit_18,354.03,-1.6,12.9758,-0.1862,90.0,B0C0,0,154.91,743.37,0,-1
203,legit_19,690.87,998.4,13.1227,0.2253,90.0,D5E5,0,100.77,571.23,0,-1
203,legit_20,998.4,760.07,13.8124,0.5509,180.0,F4F3,1,95.14,582.85,0,-1
203,legit_21,966.63,-1.6,12.655,0.0137,90.0,E0F0,1,147.44,786.97,0,-1
203,legit_22,602.78,596.64,4.8385,-4.1334,14.01,:D3_8,1,147.25,450.79,0,-1
203,legit_23,798.4,527.99,11.7713,0.4592,180.0,E3E2,2,86.77,482.61,0,-1
203,legit_24,997.2,203.33,5.1466,-4.5,194.2,:F1_0,0,98.65,669.73,0,-1
203,legit_25,398.4,671.04,10.7428,-0.6652,180.0,C4C3,0,87.8,483.48,0,-1
203,legit_26,491.58,798.4,13.8512,1.2048,90.0,C4D4,0,58.82,486.73,0,-1
203,legit_27,1.6,281.75,13.4293,0.4301,0.0,A1A2,0,167.77,765.69,0,-1
203,legit_28,801.43,401.6,7.9345,1.4427,270.0,:E2_5,1,66.15,507.7,0,-1
203,legit_29,801.6,721.51,12.7348,0.0672,0.0,E3E4,0,129.24,490.83,0,-1
203,legit_30,964.62,1.6,9.7935,1.5079,270.0,F0E0,1,145.97,783.72,0,-1
203,legit_31,598.4,14.95,10.1823,-1.8614,180.0,D1D0,0,181.82,694.07,0,-1
203,legit_32,681.47,601.6,13.6623,0.8301,270.0,E3D3,2,68.55,454.51,0,-1
203,legit_33,201.6,243.15,10.2615,2.0899,0.0,B1B2,1,127.74,650.83,0,-1
204,legit_14,1001.6,905.18,12.372,0.0035,0.0,F4F5,0,81.18,629.47,0,-1
204,legit_16,198.4,319.55,12.4023,0.3568,180.0,B2B1,1,63.07,619.47,0,-1
204,legit_17,1.6,982.41,12.1069,-0.7453,0.0,A4A5,0,177.61,792.11,0,-1
204,legit_18,366.72,-1.6,12.6887,-0.2871,90.0,B0C0,0,147.39,739.67,0,-1
204,legit_19,704.57,998.4,13.7063,0.5836,90.0,D5E5,1,93.39,572.86,0,-1
204,legit_20,998.4,746.3,13.7754,-0.037,180.0,F4F3,0,106.97,580.14,0,-1
204,legit_21,979.41,-1.6,12.7799,0.1249,90.0,E0F0,1,140.6,792.47,0,-1
204,legit_22,608.06,598.4,5.7933,0.9548,75.7,D3E3,1,141.95,450.81,0,-1
204,legit_23,798.4,515.98,12.0076,0.2363,180.0,E3E2,1,96.96,484.11,0,-1
204,legit_24,992.73,201.6,4.9708,-0.1759,248.56,F1E1,0,99.69,668.37,0,-1
204,legit_25,398.4,659.31,11.733,0.9902,180.0,C4C3,0,78.61,482.22,0,-1
204,legit_26,504.58,798.4,12.9994,-0.8518,90.0,C4D4,0,68.63,485.12,0,-1
204,legit_27,1.6,294.71,12.9548,-0.4745,0.0,A1A2,0,162.13,760.89,0,-1
204,legit_28,791.37,401.6,10.0566,2.1221,270.0,E2D2,1,58.67,504.63,0,-1
204,legit_29,801.6,735.13,13.6219,0.887,0.0,E3E4,0,116.87,493.32,0,-1
204,legit_30,952.52,1.6,12.0998,2.3063,270.0,F0E0,1,153.37,778.69,0,-1
204,legit_31,598.4,9.27,5.6823,-4.5,180.0,D1D0,0,185.16,698.55,0,-1
204,legit_32,668.3,601.6,13.1679,-0.4944,270.0,E3D3,1,81.71,453.39,0,-1
204,legit_33,201.6,255.07,11.9191,1.6576,0.0,B1B2,1,116.94,645.28,0,-1
204,legit_34,812.3,998.4,0.0,0.0,90.0,E5F5,1,102.66,596.05,0,-1
205,legit_14,1001.6,917.49,12.3119,-0.06,0.0,F4F5,0,91.37,634.72,0,-1
205,legit_16,198.4,307.04,12.5194,0.1171,180.0,B2B1,1,71.75,624.44,0,-1
205,legit_17,1.6,991.85,9.4394,-2.6675,0.0,A4A5,0,172.61,796.36,0,-1
205,legit_18,379.72,-1.6,13.0016,0.3129,90.0,B0C0,0,140.45,736.08,0,-1
205,legit_19,717.23,998.4,12.6522,-1.0541,90.0,D5E5,1,87.94,574.6,0,-1
205,legit_20,998.4,733.45,12.8454,-0.93,180.0,F4F3,0,118.38,577.79,0,-1
205,legit_21,991.99,-1.6,12.5837,-0.1961,90.0,E0F0,1,134.73,798.06,0,-1
205,legit_22,615.51,598.4,7.4526,1.6593,90.0,D3E3,1,134.5,450.91,0,-1
205,legit_23,798.4,504.02,11.9602,-0.0474,180.0,E3E2,1,107.49,485.77,0,-1
205,legit_24,985.43,201.6,7.3044,2.3336,270.0,F1E1,0,104.06,664.75,0,-1
205,legit_25,398.4,647.73,11.5755,-0.1575,180.0,C4C3,0,70.29,481.15,0,-1
205,legit_26,518.04,798.4,13.4593,0.4599,90.0,C4D4,0,79.75,483.7,0,-1
205,legit_27,1.6,307.46,12.7476,-0.2072,0.0,A1A2,0,157.43,756.36,0,-1
205,legit_28,778.98,401.6,12.3928,2.3362,270.0,E2D2,1,50.7,501.06,0,-1
205,legit_29,801.6,748.64,13.5079,-0.114,0.0,E3E4,0,104.92,495.99,0,-1
205,legit_30,939.86,1.6,12.6608,0.561,270.0,F0E0,1,161.71,773.59,0,-1
205,legit_31,598.02,4.7,4.5995,-1.0829,184.34,:D0_0,0,187.63,702.17,0,-1
205,legit_32,655.67,601.6,12.6338,-0.5341,270.0,E3D3,1,94.34,452.51,0,-1
205,legit_33,201.6,267.88,12.8147,0.8956,0.0,B1B2,1,105.59,639.46,0,-1
205,legit_34,813.64,998.4,1.3382,1.3382,90.0,E5F5,1,103.48,596.45,0,-1
206,legit_14,1001.6,929.93,12.4363,0.1244,0.0,F4F5,0,102.13,640.17,0,-1
206,legit_16,198.4,294.06,12.9717,0.4523,180.0,B2B1,1,81.79,629.79,0,-1
206,legit_17,1.6,996.79,4.9394,-4.5,0.0,A4A5,0,170.14,798.62,0,-1
206,legit_18,392.77,-1.6,13.053,0.0514,90.0,B0C0,0,134.39,732.67,0,-1
206,legit_19,730.84,998.4,13.6134,0.9612,90.0,D5E5,1,83.82,576.76,0,-1
206,legit_20,998.4,720.46,12.9928,0.1474,180.0,F4F3,0,130.2,575.59,0,-1
206,legit_22,625.21,598.4,9.6962,2.2436,90.0,D3E3,1,124.8,451.13,0,-1
206,legit_23,798.4,492.27,11.7521,-0.2081,180.0,E3E2,1,118.11,487.56,0,-1
206,legit_24,976.05,201.6,9.3816,2.0772,270.0,F1E1,0,110.12,660.19,0,-1
206,legit_25,398.4,636.8,10.9348,-0.6407,180.0,C4C3,0,63.38,480.32,0,-1
206,legit_26,531.76,798.4,13.7218,0.2625,90.0,C4D4,0,91.74,482.5,0,-1
206,legit_27,1.6,320.68,13.2269,0.4793,0.0,A1A2,0,153.52,751.85,0,-1
206,legit_28,765.98,401.6,12.9921,0.5993,270.0,E2D2,1,44.57,497.61,0,-1
206,legit_29,801.6,761.67,13.0272,-0.4806,0.0,E3E4,0,93.8,498.77,0,-1
206,legit_30,926.15,1.6,13.7074,1.0466,270.0,F0E0,0,171.34,768.25,0,-1
206,legit_31,593.85,1.75,5.4379,0.8384,236.82,:D0_0,0,186.22,704.54,0,-1
206,legit_32,642.16,601.6,13.5076,0.8738,270.0,E3D3,1,107.85,451.77,0,-1
206,legit_33,201.6,281.08,13.1955,0.3808,0.0,B1B2,1,94.3,633.65,0,-1
206,legit_34,816.77,998.4,3.1361,1.7979,90.0,E5F5,1,105.44,597.4,0,-1
207,legit_14,1001.6,941.77,11.8389,-0.5974,0.0,F4F5,0,112.69,645.51,0,-1
207,legit_16,198.4,281.73,12.3351,-0.6366,180.0,B2B1,1,92.03,635.05,0,-1
207,legit_17,4.59,998.4,3.9804,-0.959,48.61,A5B5,0,166.74,797.16,0,-1
207,legit_18,405.62,-1.6,12.8447,-0.2083,90.0,:C0_6,0,129.45,729.51,0,-1
207,legit_19,743.81,998.4,12.9704,-0.643,90.0,D5E5,1,81.83,579.1,0,-1
207,legit_20,998.4,706.86,13.5962,0.6034,180.0,F4F3,0,118.67,573.48,0,-1
207,legit_22,636.29,598.4,11.0874,1.3912,90.0,D3E3,1,113.72,451.51,0,-1
207,legit_23,798.4,480.35,11.921,0.1689,180.0,E3E2,1,129.07,489.54,0,-1
207,legit_24,964.46,201.6,11.5867,2.2051,270.0,F1E1,0,118.22,654.7,0,-1
207,legit_25,398.4,625.13,11.6662,0.7314,180.0,C4C3,0,57.4,479.64,0,-1
207,legit_26,545.49,798.4,13.727,0.0052,90.0,C4D4,0,104.16,481.53,0,-1
207,legit_27,1.6,333.45,12.7671,-0.4597,0.0,A1A2,0,150.76,747.69,0,-1
207,legit_28,752.29,401.6,13.6919,0.6998,270.0,E2D2,1,41.66,494.37,0,-1
207,legit_29,801.6,775.45,13.7833,0.7561,0.0,E3E4,0,82.64,501.94,0,-1
207,legit_30,913.46,1.6,12.6896,-1.0178,270.0,F0E0,0,180.72,763.48,0,-1
207,legit_31,588.26,1.6,5.6089,0.171,269.26,D0C0,0,182.03,704.72,0,-1
207,legit_32,628.54,601.6,13.6214,0.1138,270.0,E3D3,1,121.47,451.23,0,-1
207,legit_33,201.6,294.79,13.7182,0.5227,0.0,B1B2,1,83.15,627.8,0,-1
207,legit_34,821.76,998.4,4.9875,1.8514,90.0,E5F5,1,108.67,598.93,0,-1
208,legit_14,1001.6,953.45,11.6871,-0.1518,0.0,F4F5,0,123.35,650.9,0,-1
208,legit_16,198.4,269.7,12.0294,-0.3057,180.0,B2B1,1,102.45,640.34,0,-1
208,legit_17,10.31,998.4,5.7264,1.746,90.0,A5B5,0,161.77,792.94,0,-1
208,legit_18,419.47,-1.6,13.8534,1.0087,90.0,C0D0,0,125.37,726.33,0,-1
208,legit_19,756.67,998.4,12.8558,-0.1146,90.0,D5E5,1,81.87,581.7,0,-1
208,legit_20,998.4,693.72,13.139,-0.4572,180.0,F4F3,0,106.99,571.63,0,-1
208,legit_22,648.57,598.4,12.2737,1.1863,90.0,D3E3,1,101.44,452.1,0,-1
208,legit_23,798.4,469.29,11.0553,-0.8657,180.0,E3E2,1,119.53,491.52,0,-1
208,legit_24,953.08,201.6,11.3831,-0.2037,270.0,F1E1,0,126.7,649.46,0,-1
208,legit_25,398.4,613.58,11.5543,-0.1119,180.0,C4C3,0,53.36,479.2,0,-1
208,legit_26,558.84,798.4,13.3553,-0.3718,90.0,C4D4,0,116.52,480.81,0,-1
208,legit_27,1.6,347.06,13.6128,0.8456,0.0,A1A2,0,148.96,743.47,0,-1
208,legit_28,738.65,401.6,13.6429,-0.049,270.0,E2D2,1,43.12,491.56,0,-1
208,legit_29,801.6,785.45,9.9947,-3.7886,0.0,E3E4,0,75.09,504.39,0,-1
208,legit_30,900.23,1.6,13.2309,0.5413,270.0,F0E0,0,190.92,758.68,0,-1
208,legit_31,580.4,1.6,7.8588,2.2498,270.0,D0C0,0,176.13,704.85,0,-1
208,legit_32,617.22,601.6,11.3213,-2.3001,270.0,E3D3,1,132.79,450.94,0,-1
208,legit_33,201.6,308.2,13.4044,-0.3138,0.0,B1B2,1,73.12,622.29,0,-1
208,legit_34,828.52,998.4,6.7542,1.7667,90.0,E5F5,1,113.24,601.07,0,-1
209,legit_14,1001.6,965.52,12.0689,0.3818,0.0,F4F5,0,124.29,656.61,0,-1
209,legit_16,198.4,256.9,12.8037,0.7743,180.0,B2B1,1,113.9,646.12,0,-1
209,legit_17,18.3,998.4,7.9845,2.2581,90.0,A5B5,0,154.93,787.09,0,-1
209,legit_18,432.63,-1.6,13.1573,-0.6961,90.0,C0D0,1,122.83,723.55,0,-1
209,legit_19,769.88,998.4,13.2104,0.3545,90.0,D5E5,1,83.99,584.66,0,-1
209,legit_20,998.4,680.14,13.5856,0.4466,180.0,F4F3,0,95.31,569.91,0,-1
209,legit_22,659.98,598.4,11.4113,-0.8624,90.0,D3E3,1,90.03,452.79,0,-1
209,legit_23,798.4,457.8,11.4893,0.434,180.0,E3E2,1,109.12,493.72,0,-1
209,legit_24,942.38,201.6,10.6942,-0.6889,270.0,F1E1,0,135.05,644.66,0,-1
209,legit_25,398.4,602.13,11.4474,-0.1069,180.0,:C3_1,0,51.64,479.02,0,-1
209,legit_26,571.48,798.4,12.6361,-0.7192,90.0,C4D4,0,128.41,480.31,0,-1
209,legit_27,1.6,360.75,13.6912,0.0784,0.0,A1A2,0,148.4,739.44,0,-1
209,legit_28,725.74,401.6,12.911,-0.7319,270.0,E2D2,1,48.16,489.29,0,-1
209,legit_29,801.6,792.13,6.6815,-3.3132,0.0,E3E4,0,70.39,506.1,0,-1
209,legit_30,886.44,1.6,13.7897,0.5588,270.0,F0E0,0,180.65,753.86,0,-1
209,legit_31,570.87,1.6,9.5281,1.6693,270.0,D0C0,1,169.2,705.11,0,-1
209,legit_32,610.4,601.6,6.8213,-4.5,270.0,E3D3,1,139.61,450.84,0,-1
209,legit_33,201.6,321.57,13.3764,-0.0279,0.0,B1B2,1,64.34,617.01,0,-1
209,legit_34,836.79,998.4,8.269,1.5148,90.0,E5F5,1,119.12,603.75,0,-1
210,legit_14,1001.6,977.37,11.8428,-0.2261,0.0,F4F5,0,113.47,662.35,0,-1
210,legit_16,198.4,244.49,12.4035,-0.4003,180.0,B2B1,1,125.24,651.87,0,-1
210,legit_17,28.53,998.4,10.2324,2.2479,90.0,A5B5,0,146.33,779.67,0,-1
210,legit_18,446.02,-1.6,13.3941,0.2367,90.0,C0D0,1,121.67,720.94,0,-1
210,legit_19,783.28,998.4,13.3991,0.1887,90.0,D5E5,1,88.12,587.96,0,-1
210,legit_20,998.4,666.49,13.6441,0.0585,180.0,F4F3,0,84.17,568.39,0,-1
210,legit_22,671.41,598.4,11.4347,0.0233,90.0,D3E3,1,78.6,453.64,0,-1
210,legit_23,798.4,446.19,11.6133,0.124,180.0,E3E2,1,98.85,496.1,0,-1
210,legit_24,931.84,201.6,10.5467,-0.1475,270.0,F1E1,0,143.6,640.05,0,-1
210,legit_25,398.4,590.41,11.7184,0.2709,180.0,C3C2,0,52.48,479.1,0,-1
210,legit_26,582.71,798.4,11.2295,-1.4066,90.0,C4D4,0,139.08,480.02,0,-1
210,legit_27,1.6,373.63,12.8794,-0.8118,0.0,A1A2,0,149.02,735.86,0,-1
210,legit_28,712.98,401.6,12.7555,-0.1555,270.0,E2D2,1,55.69,487.35,0,-1
210,legit_29,803.24,797.15,5.4697,-1.2118,19.87,:E4_8,0,68.35,507.94,0,-1
210,legit_30,873.58,1.6,12.8637,-0.926,270.0,F0E0,0,171.14,749.55,0,-1
210,legit_31,559.54,1.6,11.3247,1.7966,270.0,D0C0,1,161.3,705.54,0,-1
210,legit_32,602.34,600.44,8.2637,1.4424,256.56,:D3_6,1,147.66,450.78,0,-1
210,legit_33,201.6,334.21,12.6317,-0.7447,0.0,B1B2,1,57.69,612.25,0,-1
210,legit_34,847.37,998.4,10.5826,2.3136,90.0,E5F5,1,127.04,607.31,0,-1
210,legit_35,587.7,201.6,0.0,0.0,270.0,D1C1,0,160.06,566.58,0,-1
211,legit_14,1001.6,988.27,10.9019,-0.941,0.0,F4F5,1,103.72,667.75,0,-1
211,legit_16,198.4,231.21,13.2797,0.8762,180.0,B2B1,1,121.29,658.18,0,-1
211,legit_17,40.83,998.4,12.3042,2.0718,90.0,A5B5,0,136.29,770.85,0,-1
211,legit_18,459.54,-1.6,13.5221,0.128,90.0,C0D0,1,121.97,718.55,0,-1
211,legit_19,796.73,998.4,13.4499,0.0508,90.0,:E5_7,1,94.03,591.56,0,-1
211,legit_20,998.4,652.83,13.6607,0.0166,180.0,F4F3,0,73.85,567.09,0,-1
211,legit_22,683.46,598.4,12.0502,0.6155,90.0,D3E3,1,66.55,454.69,0,-1
211,legit_23,798.4,434.98,11.2125,-0.4009,180.0,E3E2,1,89.24,498.55,0,-1
211,legit_24,921.26,201.6,10.5791,0.0324,270.0,F1E1,0,152.42,635.54,0,-1
211,legit_25,398.4,578.82,11.5906,-0.1278,180.0,C3C2,0,55.78,479.46,0,-1
211,legit_26,589.66,798.4,6.9544,-4.2751,90.0,C4D4,0,145.73,479.91,0,-1
211,legit_27,1.6,386.26,12.6307,-0.2486,0.0,A1A2,0,150.71,732.55,0,-1
211,legit_28,699.68,401.6,13.2983,0.5427,270.0,E2D2,1,65.29,485.62,0,-1
211,legit_29,808.51,798.4,5.5447,0.0751,78.54,E4F4,0,71.79,509.96,0,-1
211,legit_30,860.72,1.6,12.8609,-0.0029,270.0,F0E0,0,162.1,745.41,0,-1
211,legit_31,547.43,1.6,12.1171,0.7925,270.0,D0C0,1,153.33,706.17,0,-1
211,legit_32,598.43,593.0,8.9217,0.6579,194.08,:D3_6,1,148.59,450.81,0,-1
211,legit_33,201.6,347.7,13.4945,0.8628,0.0,B1B2,1,53.05,607.45,0,-1
211,legit_34,860.39,998.4,13.0257,2.443,90.0,E5F5,2,137.28,611.86,0,-1
211,legit_35,585.76,201.6,1.9383,1.9383,270.0,D1C1,0,158.4,566.61,0,-1
212,legit_14,1001.6,995.91,7.6395,-3.2623,0.0,F4F5,1,97.03,671.59,0,-1
212,legit_16,198.4,217.96,13.2545,-0.0253,180.0,B2B1,1,109.26,664.65,0,-1
212,legit_17,54.16,998.4,13.3284,1.0242,90.0,A5B5,0,125.87,761.43,0,-1
212,legit_18,472.26,-1.6,12.7162,-0.8059,90.0,C0D0,1,123.62,716.53,0,-1
212,legit_19,810.06,998.4,13.3373,-0.1125,90.0,E5F5,1,101.32,595.38,0,-1
212,legit_20,998.4,639.84,12.991,-0.6697,180.0,F4F3,0,65.19,566.08,0,-1
212,legit_22,695.28,598.4,11.8179,-0.2322,90.0,D3E3,1,54.74,455.88,0,-1
212,legit_23,798.4,423.05,11.9251,0.7126,180.0,E3E2,1,79.49,501.32,0,-1
212,legit_24,910.32,201.6,10.9421,0.3631,270.0,F1E1,0,161.77,631.0,0,-1
212,legit_25,398.4,567.62,11.2066,-0.384,180.0,C3C2,0,60.92,480.03,0,-1
212,legit_26,596.33,797.4,6.8663,-0.0881,101.74,:D4_12,0,152.4,479.57,0,-1
212,legit_27,1.6,399.1,12.8377,0.2069,0.0,:A2_7,0,153.46,729.38,0,-1
212,legit_28,686.34,401.6,13.3484,0.0502,270.0,E2D2,1,76.05,484.14,0,-1
212,legit_29,815.66,798.4,7.1452,1.6005,90.0,E4F4,0,77.73,512.29,0,-1
212,legit_30,847.18,1.6,13.5397,0.6789,270.0,F0E0,0,153.17,741.24,0,-1
212,legit_31,535.35,1.6,12.0748,-0.0423,270.0,D0C0,1,145.96,706.96,0,-1
212,legit_32,598.4,584.18,8.8262,-0.0955,180.0,D3D2,1,149.24,450.97,0,-1
212,legit_33,201.6,361.1,13.3977,-0.0968,0.0,B1B2,1,51.61,603.01,0,-1
212,legit_34,872.92,998.4,12.5281,-0.4976,90.0,E5F5,2,147.54,616.42,0,-1
212,legit_35,581.24,201.6,4.5189,2.5806,270.0,D1C1,0,154.54,566.69,0,-1
213,legit_14,1000.03,1000.62,5.1936,-2.4459,340.85,:F5_0,1,93.8,673.19,0,-1
213,legit_17,67.04,998.4,12.8757,-0.4527,90.0,A5B5,0,116.37,752.48,0,-1
213,legit_18,486.02,-1.6,13.757,1.0408,90.0,C0D0,1,126.82,714.57,0,-1
213,legit_19,823.23,998.4,13.1717,-0.1657,90.0,E5F5,1,109.64,599.39,0,-1
213,legit_20,998.4,625.96,13.8816,0.8906,180.0,F4F3,0,57.76,565.27,0,-1
213,legit_22,706.78,598.4,11.4944,-0.3235,90.0,D3E3,1,43.25,457.2,0,-1
213,legit_23,798.4,411.26,11.7947,-0.1304,180.0,E3E2,1,70.5,504.24,0,-1
213,legit_24,899.29,201.6,11.0245,0.0823,270.0,F1E1,0,170.14,626.55,0,-1
213,legit_25,398.4,556.76,10.8557,-0.3509,180.0,C3C2,0,67.32,480.78,0,-1
213,legit_26,598.4,791.27,6.8291,-0.0372,169.89,D4D3,0,156.2,477.83,0,-1
213,legit_27,1.6,412.6,13.5025,0.6648,0.0,A2A3,0,157.45,726.26,0,-1
213,legit_28,673.69,401.6,12.649,-0.6994,270.0,E2D2,1,86.91,482.95,0,-1
213,legit_29,824.54,798.4,8.885,1.7398,90.0,E4F4,0,85.37,515.29,0,-1
213,legit_30,834.43,1.6,12.7458,-0.7939,270.0,F0E0,0,145.42,737.5,0,-1
213,legit_31,523.95,1.6,11.4048,-0.6701,270.0,D0C0,1,139.6,707.86,0,-1
213,legit_32,598.4,573.41,10.7727,1.9465,180.0,D3D2,1,150.76,451.33,0,-1
213,legit_33,201.6,374.24,13.1448,-0.2529,0.0,B1B2,0,53.53,598.98,0,-1
213,legit_34,886.32,998.4,13.3955,0.8675,90.0,E5F5,2,158.87,621.47,0,-1
213,legit_35,575.04,201.6,6.2024,1.6835,270.0,D1C1,0,149.31,566.84,0,-1
214,legit_14,995.09,1001.6,5.1495,-0.0441,280.61,F5E5,1,95.72,671.2,0,-1
214,legit_17,80.66,998.4,13.6172,0.7415,90.0,A5B5,0,107.08,743.19,0,-1
214,legit_18,499.28,-1.6,13.2649,-0.4921,90.0,C0D0,1,131.21,712.92,0,-1
214,legit_19,836.28,998.4,13.0438,-0.1279,90.0,E5F5,1,118.75,603.58,0,-1
214,legit_20,998.4,612.11,13.8563,-0.0253,180.0,F4F3,0,53.0,564.78,0,-1
214,legit_22,718.28,598.4,11.5037,0.0093,90.0,D3E3,1,31.76,458.67,0,-1
214,legit_23,798.4,400.08,11.1759,-0.6189,180.0,:E2_1,1,62.84,507.17,0,-1
214,legit_24,887.59,201.6,11.6979,0.6734,270.0,F1E1,0,159.97,621.96,0,-1
214,legit_25,398.4,545.27,11.4929,0.6372,180.0,C3C2,0,75.22,481.77,0,-1
214,legit_26,598.4,782.9,8.3672,1.5381,180.0,D4D3,0,159.01,475.56,0,-1
214,legit_27,1.6,425.47,12.8658,-0.6367,0.0,A2A3,0,162.2,723.49,0,-1
214,legit_28,660.67,401.6,13.0151,0.3661,270.0,E2D2,1,98.54,481.94,0,-1
214,legit_29,835.13,798.4,10.5879,1.703,90.0,E4F4,0,94.75,518.99,0,-1
214,legit_30,821.61,1.6,12.8164,0.0706,270.0,F0E0,0,138.37,733.93,0,-1
214,legit_31,511.78,1.6,12.1646,0.7598,270.0,D0C0,1,133.55,709.0,0,-1
214,legit_32,598.4,561.12,12.2896,1.5169,180.0,D3D2,1,153.41,451.95,0,-1
214,legit_33,201.6,385.07,10.8307,-2.3141,0.0,B1B2,0,57.37,595.89,0,-1
214,legit_34,898.6,998.4,12.2807,-1.1149,90.0,E5F5,2,169.53,626.27,0,-1
214,legit_35,566.3,201.6,8.7377,2.5353,270.0,D1C1,0,142.07,567.13,0,-1
215,legit_14,987.55,1001.6,7.5365,2.387,270.0,F5E5,2,100.23,667.45,0,-1
215,legit_17,93.93,998.4,13.2766,-0.3406,90.0,A5B5,0,99.01,734.31,0,-1
215,legit_18,512.35,-1.6,13.0737,-0.1912,90.0,C0D0,1,136.65,711.5,0,-1
215,legit_19,849.3,998.4,13.0253,-0.0185,90.0,E5F5,2,128.53,607.97,0,-1
215,legit_22,729.95,598.4,11.6734,0.1696,90.0,D3E3,1,20.11,460.31,0,-1
215,legit_23,798.4,387.98,12.105,0.9291,180.0,E2E1,0,55.9,510.57,0,-1
215,legit_24,876.21,201.6,11.3832,-0.3147,270.0,F1E1,0,150.29,617.64,0,-1
215,legit_25,398.4,534.19,11.0775,-0.4154,180.0,C3C2,0,83.63,482.9,0,-1
215,legit_26,598.4,772.77,10.1317,1.7646,180.0,D4D3,0,162.92,472.94,0,-1
215,legit_27,1.6,438.12,12.6499,-0.2159,0.0,A2A3,0,167.71,720.95,0,-1
215,legit_28,648.0,401.6,12.6714,-0.3437,270.0,E2D2,0,110.16,481.15,0,-1
215,legit_29,847.51,798.4,12.3821,1.7942,90.0,E4F4,0,106.02,523.48,0,-1
215,legit_30,811.69,1.6,9.9265,-2.8899,270.0,F0E0,0,133.51,731.29,0,-1
215,legit_31,500.18,1.6,11.5978,-0.5668,270.0,D0C0,1,128.6,710.25,0,-1
215,legit_32,598.4,547.75,13.362,1.0724,180.0,D3D2,1,157.33,452.9,0,-1
215,legit_33,201.6,391.4,6.3307,-4.5,0.0,B1B2,0,60.41,594.18,0,-1
215,legit_34,911.01,998.4,12.415,0.1344,90.0,E5F5,2,161.17,631.28,0,-1
215,legit_35,556.13,201.6,10.1696,1.4319,270.0,D1C1,0,133.88,567.57,0,-1
216,legit_14,978.45,1001.6,9.1068,1.5703,270.0,F5E5,2,106.14,663.01,0,-1
216,legit_17,106.9,998.4,12.9638,-0.3128,90.0,A5B5,0,92.28,725.85,0,-1
216,legit_18,525.15,-1.6,12.7925,-0.2812,90.0,C0D0,1,142.95,710.32,0,-1
216,legit_19,861.94,998.4,12.6361,-0.3893,90.0,E5F5,2,138.52,612.41,0,-1
216,legit_22,742.34,598.4,12.3816,0.7082,90.0,D3E3,0,7.83,462.24,0,-1
216,legit_23,798.4,376.11,11.8667,-0.2382,180.0,E2E1,0,51.01,514.13,0,-1
216,legit_24,865.35,201.6,10.8596,-0.5236,270.0,F1E1,0,141.3,613.64,0,-1
216,legit_25,398.4,523.23,10.9603,-0.1172,180.0,C3C2,0,92.5,484.17,0,-1
216,legit_26,598.4,760.04,12.7295,2.5978,180.0,D4D3,0,168.57,469.87,0,-1
216,legit_27,1.6,451.01,12.8881,0.2382,0.0,A2A3,0,174.08,718.56,0,-1
216,legit_28,634.93,401.6,13.0657,0.3943,270.0,E2D2,1,122.35,480.54,0,-1
216,legit_29,860.73,798.4,13.2131,0.831,90.0,E4F4,0,118.28,528.47,0,-1
216,legit_30,805.55,1.84,6.157,-3.7695,272.71,:E0_3,0,130.57,729.53,0,-1
216,legit_31,488.99,1.6,11.1949,-0.4029,270.0,D0C0,1,124.65,711.62,0,-1
216,legit_32,598.4,534.12,13.6366,0.2745,180.0,D3D2,1,162.37,454.13,0,-1
216,legit_33,200.71,394.04,2.9354,-3.3953,349.29,:B2_19,0,61.08,593.96,0,-1
216,legit_34,923.91,998.4,12.8971,0.4821,90.0,E5F5,2,150.19,636.66,0,-1
216,legit_35,544.42,201.6,11.7138,1.5442,270.0,D1C1,0,124.79,568.22,0,-1
216,legit_36,8.3,-1.6,0.0,0.0,90.0,A0B0,0,186.72,909.59,0,-1
217,legit_14,967.65,1001.6,10.7936,1.6868,270.0,F5E5,2,113.7,657.87,0,-1
217,legit_17,120.19,998.4,13.2884,0.3246,90.0,A5B5,0,86.88,717.39,0,-1
217,legit_18,537.86,-1.6,12.7176,-0.0749,90.0,C0D0,1,150.02,709.34,0,-1
217,legit_19,875.12,998.4,13.1822,0.5462,90.0,E5F5,2,149.38,617.23,0,-1
217,legit_22,754.25,598.4,11.9127,-0.4689,90.0,D3E3,0,4.54,464.68,0,-1
217,legit_23,798.4,364.21,11.9018,0.0351,180.0,E2E1,0,48.58,517.98,0,-1
217,legit_24,853.65,201.6,11.7015,0.8418,270.0,F1E1,0,131.92,609.48,0,-1
217,legit_25,398.4,511.61,11.6223,0.662,180.0,C3C2,0,102.35,485.67,0,-1
217,legit_26,598.4,747.04,13.0044,0.2749,180.0,D4D3,0,175.11,466.96,0,-1
217,legit_27,1.6,463.64,12.6319,-0.2562,0.0,A2A3,0,181.01,716.4,0,-1
217,legit_28,621.45,401.6,13.4825,0.4168,270.0,E2D2,1,135.11,480.11,0,-1
217,legit_29,874.1,798.4,13.3709,0.1578,90.0,E4F4,0,130.88,533.71,0,-1
217,legit_30,801.77,5.99,6.1339,-0.0231,325.13,:E0_3,0,125.22,725.33,0,-1
217,legit_31,476.56,1.6,12.4251,1.2302,270.0,D0C0,1,121.34,713.32,0,-1
217,legit_32,598.4,521.36,12.76,-0.8766,180.0,D3D2,1,167.95,455.54,0,-1
217,legit_33,198.4,392.71,3.2179,0.2825,272.76,B2B1,0,58.42,595.54,0,-1
217,legit_34,936.97,998.4,13.0585,0.1614,90.0,E5F5,2,139.41,642.28,0,-1
217,legit_35,530.77,201.6,13.6496,1.9358,270.0,D1C1,0,114.81,569.2,0,-1
217,legit_36,10.78,-1.6,2.4812,2.4812,90.0,A0B0,0,184.85,907.98,0,-1
218,legit_14,956.43,1001.6,11.2256,0.432,270.0,F5E5,2,122.08,652.67,0,-1
218,legit_17,133.96,998.4,13.7799,0.4915,90.0,A5B5,0,83.16,708.88,0,-1
218,legit_18,550.72,-1.6,12.8528,0.1352,90.0,C0D0,1,157.89,708.54,0,-1
218,legit_19,888.45,998.4,13.3235,0.1413,90.0,E5F5,2,160.7,622.29,0,-1
218,legit_22,766.68,598.4,12.4361,0.5234,90.0,D3E3,0,16.76,468.19,0,-1
218,legit_23,798.4,352.27,11.9366,0.0348,180.0,E2E1,0,49.01,522.12,0,-1
218,legit_24,842.49,201.6,11.1603,-0.5411,270.0,F1E1,0,123.34,605.65,0,-1
218,legit_25,398.4,499.94,11.6671,0.0448,180.0,C3C2,0,112.58,487.34,0,-1
218,legit_26,598.4,733.38,13.6571,0.6527,180.0,D4D3,0,182.73,464.16,0,-1
218,legit_27,1.6,476.77,13.1296,0.4977,0.0,A2A3,0,188.83,714.35,0,-1
218,legit_28,612.47,401.6,8.9825,-4.5,270.0,E2D2,1,143.68,479.93,0,-1
218,legit_29,886.88,798.4,12.7833,-0.5876,90.0,E4F4,0,143.06,538.9,0,-1
218,legit_30,801.6,12.29,6.3185,0.1846,0.0,E0E1,0,119.43,720.35,0,-1
218,legit_31,464.41,1.6,12.159,-0.2661,270.0,D0C0,1,119.27,715.19,0,-1
218,legit_32,598.4,507.95,13.4059,0.6459,180.0,D3D2,1,174.63,457.26,0,-1
218,legit_33,198.4,388.06,4.6546,1.4368,181.65,B2B1,0,55.94,596.77,0,-1
218,legit_34,949.89,998.4,12.9187,-0.1397,90.0,E5F5,2,129.16,648.01,0,-1
218,legit_35,517.43,201.6,13.3365,-0.3131,270.0,D1C1,0,105.86,570.38,0,-1
218,legit_36,15.82,-1.6,5.0366,2.5554,90.0,A0B0,0,181.08,904.73,0,-1
219,legit_14,944.61,1001.6,11.8151,0.5895,270.0,F5E5,2,131.35,647.35,0,-1
219,legit_17,147.73,998.4,13.7608,-0.0191,90.0,A5B5,0,81.63,700.66,0,-1
219,legit_18,564.21,-1.6,13.498,0.6452,90.0,C0D0,1,166.83,707.9,0,-1
219,legit_19,901.35,998.4,12.9031,-0.4203,90.0,E5F5,2,169.58,627.37,0,-1
219,legit_22,778.07,598.4,11.3819,-1.0543,90.0,D3E3,0,28.11,471.57,0,-1
219,legit_23,798.4,341.28,10.9916,-0.945,180.0,E2E1,1,51.89,526.19,0,-1
219,legit_24,831.65,201.6,10.8437,-0.3166,270.0,F1E1,1,115.43,602.07,0,-1
219,legit_25,398.4,488.77,11.174,-0.4931,180.0,C3C2,0,122.62,489.09,0,-1
219,legit_26,598.4,719.69,13.6925,0.0354,180.0,D4D3,0,190.65,461.61,0,-1
219,legit_27,1.6,490.34,13.5689,0.4393,0.0,A2A3,0,184.52,712.44,0,-1
219,legit_28,607.94,401.6,4.5278,-4.4546,270.0,E2D2,1,148.02,479.88,0,-1
219,legit_29,899.5,798.4,12.6162,-0.1672,90.0,E4F4,0,155.18,544.19,0,-1
219,legit_30,801.6,20.02,7.7298,1.4113,0.0,E0E1,0,112.51,714.33,0,-1
219,legit_31,452.24,1.6,12.1616,0.0026,270.0,D0C0,1,118.42,717.25,0,-1
219,legit_32,598.4,494.53,13.423,0.0171,180.0,D3D2,1,182.06,459.24,0,-1
219,legit_33,198.4,381.55,6.5045,1.8499,180.0,B2B1,0,52.98,598.56,0,-1
219,legit_34,962.45,998.4,12.5583,-0.3605,90.0,E5F5,2,119.68,653.76,0,-1
219,legit_35,503.81,201.6,13.6204,0.2839,270.0,D1C1,0,97.75,571.83,0,-1
219,legit_36,22.16,-1.6,6.3447,1.3082,90.0,A0B0,0,176.43,900.66,0,-1
220,legit_14,932.61,1001.6,12.0067,0.1916,270.0,F5E5,2,141.17,642.09,0,-1
220,legit_17,160.69,998.4,12.9648,-0.796,90.0,A5B5,0,82.3,693.18,0,-1
220,legit_18,577.59,-1.6,13.3724,-0.1256,90.0,C0D0,1,176.25,707.47,0,-1
220,legit_19,914.58,998.4,13.2359,0.3328,90.0,E5F5,2,158.1,632.76,0,-1
220,legit_22,787.11,598.4,9.0391,-2.3428,90.0,D3E3,0,37.14,474.35,0,-1
220,legit_23,798.4,329.87,11.4038,0.4122,180.0,E2E1,1,57.01,530.64,0,-1
220,legit_24,819.94,201.6,11.7107,0.867,270.0,F1E1,1,107.47,598.37,0,-1
220,legit_25,398.4,476.91,11.8572,0.6832,180.0,C3C2,0,127.79,491.11,0,-1
220,legit_26,598.4,706.46,13.2287,-0.4638,180.0,D4D3,0,182.64,459.4,0,-1
220,legit_27,1.6,503.41,13.0764,-0.4926,0.0,A2A3,0,177.06,710.81,0,-1
220,legit_28,601.46,401.6,6.4801,1.9523,270.0,:D2_5,1,154.25,479.85,0,-1
220,legit_29,912.84,798.4,13.3425,0.7263,90.0,E4F4,0,143.33,549.97,0,-1
220,legit_30,801.6,29.4,9.3763,1.6465,0.0,E0E1,0,104.27,707.09,0,-1
220,legit_31,440.12,1.6,12.1198,-0.0418,270.0,D0C0,1,118.81,719.51,0,-1
220,legit_32,598.4,481.06,13.4654,0.0424,180.0,D3D2,1,190.18,461.48,0,-1
220,legit_33,198.4,372.77,8.7839,2.2793,180.0,B2B1,0,50.06,601.09,0,-1
220,legit_34,975.85,998.4,13.408,0.8498,90.0,E5F5,2,110.26,660.09,0,-1
220,legit_35,490.6,201.6,13.2145,-0.4059,270.0,D1C1,0,91.14,573.49,0,-1
220,legit_36,30.99,-1.6,8.827,2.4823,90.0,A0B0,0,170.15,895.04,0,-1
221,legit_14,921.32,1001.6,11.2845,-0.7221,270.0,F5E5,2,150.68,637.28,0,-1
221,legit_17,174.28,998.4,13.5919,0.6271,90.0,A5B5,0,85.14,685.62,0,-1
221,legit_18,590.32,-1.6,12.7316,-0.6407,90.0,C0D0,0,185.68,707.25,0,-1
221,legit_19,927.98,998.4,13.3974,0.1614,90.0,E5F5,2,146.79,638.39,0,-1
221,legit_22,791.64,598.4,4.5391,-4.5,90.0,D3E3,0,41.68,475.79,0,-1
221,legit_23,798.4,318.9,10.9786,-0.4252,180.0,E2E1,1,63.5,535.13,0,-1
221,legit_24,808.4,201.6,11.536,-0.1747,270.0,F1E1,1,100.34,594.89,0,-1
221,legit_25,398.4,466.27,10.6379,-1.2193,180.0,C3C2,0,118.14,493.05,0,-1
221,legit_26,598.4,693.59,12.8646,-0.3641,180.0,D4D3,0,175.45,457.48,0,-1
221,legit_27,1.6,516.96,13.5474,0.4711,0.0,A2A3,0,170.05,709.32,0,-1
221,legit_28,593.35,401.6,8.1113,1.6312,270.0,:D2_5,1,149.26,479.87,0,-1
221,legit_29,925.96,798.4,13.1241,-0.2184,90.0,E4F4,0,130.83,555.84,0,-1
221,legit_30,801.6,40.12,10.7235,1.3472,0.0,E0E1,0,95.1,698.9,0,-1
221,legit_31,428.83,1.6,11.2995,-0.8202,270.0,D0C0,0,120.28,721.78,0,-1
221,legit_32,598.4,468.04,13.0202,-0.4453,180.0,D3D2,1,183.56,463.88,0,-1
221,legit_33,198.4,362.4,10.3719,1.588,180.0,B2B1,0,48.46,604.27,0,-1
221,legit_34,987.35,998.4,11.4943,-1.9137,90.0,E5F5,2,102.88,665.69,0,-1
221,legit_35,477.67,201.6,12.9299,-0.2846,270.0,D1C1,0,86.16,575.37,0,-1
221,legit_36,41.74,-1.6,10.7475,1.9205,90.0,A0B0,0,162.81,888.29,0,-1
222,legit_14,908.88,1001.6,12.4365,1.1519,270.0,F5E5,2,161.43,632.14,0,-1
222,legit_17,187.74,998.4,13.4588,-0.1331,90.0,A5B5,0,89.91,678.4,0,-1
222,legit_18,603.25,-1.6,12.9285,0.1968,90.0,:D0_6,0,190.59,707.2,0,-1
222,legit_19,941.32,998.4,13.3359,-0.0615,90.0,E5F5,2,135.91,644.19,0,-1
222,legit_22,796.53,597.28,5.1189,0.5798,103.19,:E3_12,0,46.61,477.36,0,-1
222,legit_23,798.4,307.72,11.1777,0.1991,180.0,E2E1,0,71.25,539.87,0,-1
222,legit_25,398.4,455.02,11.252,0.6141,180.0,C3C2,0,108.13,495.25,0,-1
222,legit_26,598.4,679.76,13.8324,0.9678,180.0,D4D3,0,168.48,455.67,0,-1
222,legit_27,1.6,530.51,13.5514,0.004,0.0,A2A3,0,163.86,708.05,0,-1
222,legit_28,582.67,401.6,10.6763,2.5649,270.0,D2C2,1,139.04,480.02,0,-1
222,legit_29,939.66,798.4,13.6919,0.5678,90.0,E4F4,0,117.93,562.15,0,-1
222,legit_30,801.6,52.2,12.0757,1.3521,0.0,E0E1,0,85.2,689.78,0,-1
222,legit_31,417.23,1.6,11.5917,0.2922,270.0,D0C0,0,122.85,724.29,0,-1
222,legit_32,598.4,454.79,13.2544,0.2342,180.0,D3D2,1,176.09,466.57,0,-1
222,legit_33,198.4,349.8,12.6003,2.2284,180.0,B2B1,0,49.46,608.4,0,-1
222,legit_34,995.11,998.4,7.766,-3.7283,90.0,E5F5,2,98.34,669.57,0,-1
222,legit_35,464.55,201.6,13.1154,0.1854,270.0,D1C1,0,82.89,577.56,0,-1
222,legit_36,54.64,-1.6,12.9027,2.1552,90.0,A0B0,1,154.53,880.3,0,-1
222,legit_37,1.6,8.3,0.0,0.0,0.0,A0A1,1,185.74,907.52,0,-1
223,legit_14,897.24,1001.6,11.6456,-0.7909,270.0,F5E5,2,166.81,627.47,0,-1
223,legit_18,616.96,-1.6,13.7174,0.789,90.0,D0E0,0,180.24,707.35,0,-1
223,legit_19,954.98,998.4,13.6613,0.3254,90.0,E5F5,2,125.25,650.32,0,-1
223,legit_22,798.4,592.55,5.3133,0.1944,160.65,E3E2,0,48.97,478.02,0,-1
223,legit_23,798.4,295.81,11.9074,0.7296,180.0,E2E1,0,80.39,545.11,0,-1
223,legit_25,398.4,443.8,11.2158,-0.0362,180.0,C3C2,0,98.42,497.58,0,-1
223,legit_26,598.4,666.29,13.471,-0.3614,180.0,D4D3,0,162.53,454.18,0,-1
223,legit_27,1.6,543.69,13.1735,-0.3779,0.0,A2A3,0,158.73,707.03,0,-1
223,legit_28,570.53,401.6,12.1446,1.4683,270.0,D2C2,1,127.51,480.34,0,-1
223,legit_29,953.03,798.4,13.3693,-0.3226,90.0,E4F4,0,105.52,568.51,0,-1
223,legit_30,801.6,65.51,13.3149,1.2392,0.0,E0E1,0,75.04,679.89,0,-1
223,legit_31,405.7,1.6,11.531,-0.0607,270.0,:C0_4,0,126.42,726.96,0,-1
223,legit_32,598.4,441.34,13.4486,0.1942,180.0,D3D2,1,169.23,469.55,0,-1
223,legit_33,198.4,336.8,12.9948,0.3944,180.0,B2B1,0,53.67,612.97,0,-1
223,legit_34,998.15,997.75,3.266,-4.5,97.74,:F5_1,2,97.23,670.77,0,-1
223,legit_35,451.1,201.6,13.4493,0.3339,270.0,D1C1,0,81.61,580.09,0,-1
223,legit_36,67.88,-1.6,13.2446,0.3419,90.0,A0B0,1,146.73,872.25,0,-1
223,legit_37,1.6,10.0,1.7027,1.7027,0.0,A0A1,1,184.72,906.42,0,-1
224,legit_14,885.7,1001.6,11.5416,-0.104,270.0,F5E5,2,156.72,622.97,0,-1
224,legit_18,630.74,-1.6,13.7732,0.0558,90.0,D0E0,0,170.32,707.72,0,-1
224,legit_19,968.22,998.4,13.2444,-0.4169,90.0,E5F5,2,115.52,656.46,0,-1
224,legit_22,798.4,585.12,7.4317,2.1184,180.0,E3E2,0,50.64,478.19,0,-1
224,legit_23,798.4,284.22,11.5957,-0.3116,180.0,E2E1,0,89.92,550.37,0,-1
224,legit_25,398.4,432.11,11.6981,0.4824,180.0,C3C2,0,88.67,500.17,0,-1
224,legit_26,598.4,652.6,13.6922,0.2212,180.0,D4D3,0,157.45,452.93,0,-1
224,legit_27,1.6,557.17,13.4815,0.308,0.0,A2A3,0,154.46,706.19,0,-1
224,legit_28,557.4,401.6,13.1301,0.9855,270.0,D2C2,1,115.18,480.87,0,-1
224,legit_29,966.0,798.4,12.9709,-0.3984,90.0,E4F4,0,93.74,574.86,0,-1
224,legit_30,801.6,78.06,12.5472,-0.7677,0.0,E0E1,0,66.49,670.73,0,-1
224,legit_31,393.55,1.6,12.1485,0.6175,270.0,:C0_4,0,131.17,729.95,0,-1
224,legit_32,598.4,428.66,12.684,-0.7646,180.0,D3D2,1,163.51,472.59,0,-1
224,legit_33,198.4,323.32,13.4821,0.4874,180.0,B2B1,0,60.73,618.01,0,-1
224,legit_34,998.4,994.13,3.6678,0.4018,162.25,F5F4,2,100.18,669.06,0,-1
224,legit_35,437.62,201.6,13.4826,0.0333,270.0,D1C1,0,82.53,582.95,0,-1
224,legit_36,81.69,-1.6,13.801,0.5564,90.0,A0B0,1,139.48,864.02,0,-1
224,legit_37,1.6,13.11,3.1067,1.4039,0.0,A0A1,1,182.89,904.42,0,-1
225,legit_14,874.24,1001.6,11.4596,-0.082,270.0,F5E5,2,146.91,618.65,0,-1
225,legit_18,644.25,-1.6,13.513,-0.2602,90.0,D0E0,0,161.15,708.28,0,-1
225,legit_19,982.08,998.4,13.8532,0.6088,90.0,E5F5,2,106.17,663.1,0,-1
225,legit_22,798.4,576.38,8.7381,1.3064,180.0,E3E2,0,53.85,478.53,0,-1
225,legit_23,798.4,273.31,10.9086,-0.6871,180.0,E2E1,0,99.29,555.46,0,-1
225,legit_25,398.4,421.1,11.0077,-0.6905,180.0,C3C2,1,79.97,502.77,0,-1
225,legit_26,598.4,640.0,12.5966,-1.0956,180.0,D4D3,0,153.7,452.02,0,-1
225,legit_27,1.6,570.03,12.8641,-0.6175,0.0,A2A3,0,151.4,705.61,0,-1
225,legit_28,543.7,401.6,13.7047,0.5747,270.0,D2C2,2,102.52,481.65,0,-1
225,legit_29,979.0,798.4,13.0086,0.0377,90.0,E4F4,0,82.29,581.41,0,-1
225,legit_30,801.6,91.06,13.0012,0.4541,0.0,E0E1,0,59.16,661.44,0,-1
225,legit_31,381.47,1.6,12.0815,-0.0669,270.0,C0B0,0,136.8,733.1,0,-1
225,legit_32,598.4,414.96,13.6983,1.0143,180.0,D3D2,1,158.25,476.13,0,-1
225,legit_33,198.4,310.05,13.2697,-0.2125,180.0,B2B1,0,69.55,623.22,0,-1
225,legit_34,998.4,987.99,6.1471,2.4793,180.0,F5F4,2,105.5,665.96,0,-1
225,legit_35,423.93,201.6,13.6893,0.2067,270.0,D1C1,0,85.66,586.15,0,-1
225,legit_36,95.29,-1.6,13.601,-0.2001,90.0,A0B0,1,133.34,856.09,0,-1
225,legit_37,1.6,18.62,5.5057,2.399,0.0,A0A1,1,179.73,900.89,0,-1
226,legit_14,862.03,1001.6,12.2103,0.7507,270.0,F5E5,2,136.74,614.19,0,-1
226,legit_18,657.77,-1.6,13.5201,0.0072,90.0,D0E0,0,152.62,709.05,0,-1
226,legit_19,995.8,998.4,13.7194,-0.1338,90.0,E5F5,2,97.96,669.91,0,-1
226,legit_22,798.4,565.66,10.7232,1.9851,180.0,E3E2,0,59.34,479.13,0,-1
226,legit_23,798.4,261.93,11.3789,0.4703,180.0,E2E1,0,109.36,560.91,0,-1
226,legit_25,398.4,410.03,11.0657,0.0581,180.0,C3C2,1,71.87,505.54,0,-1
226,legit_26,598.4,626.51,13.4925,0.8959,180.0,D4D3,0,150.75,451.32,0,-1
226,legit_27,1.6,583.49,13.4592,0.5951,0.0,A2A3,0,149.32,705.22,0,-1
226,legit_28,530.46,401.6,13.238,-0.4667,270.0,D2C2,2,90.58,482.61,0,-1
226,legit_29,991.79,798.4,12.7824,-0.2262,90.0,E4F4,0,71.55,588.04,0,-1
226,legit_30,801.6,103.73,12.6651,-0.3361,0.0,E0E1,0,54.11,652.61,0,-1
226,legit_31,369.63,1.6,11.8385,-0.243,270.0,C0B0,0,143.1,736.35,0,-1
226,legit_32,598.4,401.3,13.6535,-0.0448,180.0,:D2_1,1,154.04,479.93,0,-1
226,legit_33,198.4,296.9,13.153,-0.1166,180.0,B2B1,0,79.53,628.61,0,-1
226,legit_34,998.4,980.09,7.8912,1.7441,180.0,F5F4,2,112.44,662.04,0,-1
226,legit_35,414.74,201.6,9.1893,-4.5,270.0,D1C1,0,88.89,588.48,0,-1
226,legit_36,108.8,-1.6,13.5156,-0.0854,90.0,A0B0,1,128.39,848.39,0,-1
226,legit_37,1.6,26.03,7.4132,1.9076,0.0,A0A1,1,175.65,896.17,0,-1
227,legit_14,850.55,1001.6,11.4818,-0.7285,270.0,F5E5,0,127.5,610.15,0,-1
227,legit_18,671.14,-1.6,13.3669,-0.1532,90.0,D0E0,0,144.93,710.01,0,-1
227,legit_22,798.4,553.88,11.7815,1.0583,180.0,E3E2,0,66.86,480.01,0,-1
227,legit_23,798.4,251.0,10.9236,-0.4553,180.0,E2E1,1,119.26,566.26,0,-1
227,legit_25,398.4,399.27,10.7618,-0.304,180.0,:C2_1,1,64.84,508.39,0,-1
227,legit_26,598.4,612.79,13.7228,0.2303,180.0,D4D3,0,148.95,450.9,0,-1
227,legit_27,1.6,592.45,8.9592,-4.5,0.0,A2A3,0,148.59,705.08,0,-1
227,legit_28,517.59,401.6,12.8629,-0.3751,270.0,D2C2,2,79.37,483.75,0,-1
227,legit_30,801.6,116.89,13.164,0.4989,0.0,E0E1,1,51.69,643.72,0,-1
227,legit_31,357.47,1.6,12.1668,0.3282,270.0,C0B0,0,150.27,739.86,0,-1
227,legit_32,598.4,388.37,12.9342,-0.7193,180.0,D2D1,1,151.09,483.79,0,-1
227,legit_33,198.4,283.26,13.6359,0.4828,180.0,B2B1,0,90.73,634.39,0,-1
227,legit_34,998.4,970.6,9.4979,1.6067,180.0,F5F4,0,120.96,657.39,0,-1
227,legit_35,409.19,201.6,5.553,-3.6364,270.0,D1C1,0,91.24,589.94,0,-1
227,legit_36,122.16,-1.6,13.3547,-0.1609,90.0,A0B0,1,124.75,840.96,0,-1
227,legit_37,1.6,35.93,9.8971,2.4839,0.0,A0A1,1,170.56,889.94,0,-1
228,legit_14,839.02,1001.6,11.5207,0.039,270.0,F5E5,0,118.63,606.25,0,-1
228,legit_18,684.24,-1.6,13.0994,-0.2675,90.0,D0E0,0,138.24,711.17,0,-1
228,legit_22,798.4,541.84,12.0369,0.2553,180.0,E3E2,0,75.66,481.11,0,-1
228,legit_23,798.4,239.71,11.2971,0.3735,180.0,E2E1,1,129.12,571.94,0,-1
228,legit_25,398.4,387.64,11.6338,0.8721,180.0,C2C1,1,58.54,511.67,0,-1
228,legit_26,598.4,599.65,13.1319,-0.5909,180.0,:D3_1,0,148.4,450.77,0,-1
228,legit_27,4.02,597.61,6.0476,-2.9116,29.36,:A3_6,0,146.0,703.1,0,-1
228,legit_28,504.16,401.6,13.4367,0.5738,270.0,D2C2,2,68.29,485.17,0,-1
228,legit_30,801.6,129.6,12.7142,-0.4498,0.0,E0E1,1,52.49,635.41,0,-1
228,legit_31,345.66,1.6,11.8063,-0.3604,270.0,C0B0,0,157.81,743.42,0,-1
228,legit_32,598.4,375.02,13.3467,0.4125,180.0,D2D1,1,149.16,488.04,0,-1
228,legit_33,198.4,270.37,12.888,-0.7479,180.0,B2B1,1,101.86,640.04,0,-1
228,legit_34,998.4,958.88,11.7211,2.2232,180.0,F5F4,0,129.59,651.78,0,-1
228,legit_35,402.95,203.09,6.6067,1.0538,287.79,:C1_4,0,95.49,590.84,0,-1
228,legit_36,135.93,-1.6,13.776,0.4214,90.0,A0B0,1,122.41,833.51,0,-1
228,legit_37,1.6,47.74,11.8159,1.9187,0.0,A0A1,1,165.06,882.61,0,-1
228,legit_38,198.4,187.7,0.0,0.0,180.0,B1B0,1,83.22,680.04,0,-1
229,legit_14,826.91,1001.6,12.1129,0.5921,270.0,F5E5,0,109.83,602.31,0,-1
229,legit_18,696.87,-1.6,12.6373,-0.4621,90.0,D0E0,0,132.7,712.48,0,-1
229,legit_22,798.4,529.63,12.2083,0.1714,180.0,E3E2,0,85.4,482.42,0,-1
229,legit_23,798.4,228.05,11.6598,0.3626,180.0,E2E1,1,118.39,577.93,0,-1
229,legit_25,398.4,376.27,11.37,-0.2638,180.0,C2C1,1,54.1,515.1,0,-1
229,legit_26,598.4,585.94,13.7173,0.5854,180.0,D3D2,0,149.06,450.93,0,-1
229,legit_27,9.4,598.4,5.5303,-0.5173,84.0,A3B3,0,140.61,698.78,0,-1
229,legit_28,490.6,401.6,13.5583,0.1216,270.0,D2C2,2,58.13,486.86,0,-1
229,legit_30,801.6,142.99,13.386,0.6719,0.0,E0E1,1,56.49,626.97,0,-1
229,legit_31,333.48,1.6,12.1819,0.3756,270.0,C0B0,0,166.12,747.26,0,-1
229,legit_32,598.4,361.75,13.2693,-0.0774,180.0,D2D1,1,148.41,492.53,0,-1
229,legit_33,198.4,257.49,12.8794,-0.0086,180.0,B2B1,1,113.36,645.84,0,-1
229,legit_34,998.4,945.99,12.8821,1.161,180.0,F5F4,0,117.89,645.76,0,-1
229,legit_35,401.6,208.7,5.9176,-0.6891,349.73,C1C2,0,101.05,588.17,0,-1
229,legit_36,149.66,-1.6,13.7319,-0.0441,90.0,A0B0,0,121.6,826.3,0,-1
229,legit_37,1.6,60.78,13.0434,1.2276,0.0,A0A1,0,159.78,874.66,0,-1
229,legit_38,198.4,185.76,1.9355,1.9355,180.0,B1B0,1,81.65,681.06,0,-1
230,legit_14,814.96,1001.6,11.947,-0.1659,270.0,F5E5,0,101.82,598.6,0,-1
230,legit_18,710.04,-1.6,13.1634,0.5261,90.0,D0E0,0,128.0,714.06,0,-1
230,legit_22,798.4,518.35,11.2862,-0.9221,180.0,E3E2,0,94.92,483.8,0,-1
230,legit_23,798.4,216.22,11.8257,0.1659,180.0,E2E1,1,107.71,584.14,0,-1
230,legit_25,398.4,365.53,10.7397,-0.6303,180.0,C2C1,2,51.9,518.56,0,-1
230,legit_26,598.4,572.18,13.7545,0.0372,180.0,D3D2,0,150.98,451.38,0,-1
230,legit_27,17.17,598.4,7.7712,2.2409,90.0,A3B3,0,132.84,692.57,0,-1
230,legit_28,477.17,401.6,13.4301,-0.1283,270.0,D2C2,2,49.69,488.82,0,-1
230,legit_30,801.6,155.6,12.609,-0.7771,0.0,E0E1,1,62.69,619.27,0,-1
230,legit_31,321.34,1.6,12.1403,-0.0416,270.0,C0B0,0,174.85,751.23,0,-1
230,legit_32,598.4,347.98,13.778,0.5087,180.0,D2D1,1,148.89,497.47,0,-1
230,legit_33,198.4,244.56,12.9382,0.0588,180.0,B2B1,1,125.18,651.84,0,-1
230,legit_34,998.4,933.57,12.4269,-0.4553,180.0,F5F4,0,106.85,640.11,0,-1
230,legit_35,401.6,215.99,7.2882,1.3706,0.0,C1C2,1,107.5,584.26,0,-1
230,legit_36,163.54,-1.6,13.873,0.1411,90.0,A0B0,0,122.35,819.23,0,-1
230,legit_37,1.6,73.55,12.7626,-0.2808,0.0,A0A1,0,155.5,867.02,0,-1
230,legit_38,198.4,181.34,4.4224,2.4869,180.0,B1B0,1,78.14,683.39,0,-1
231,legit_18,722.81,-1.6,12.768,-0.3954,90.0,D0E0,0,124.6,715.8,0,-1
231,legit_22,798.4,506.14,12.2081,0.9219,180.0,E3E2,0,105.6,485.46,0,-1
231,legit_23,798.4,205.13,11.0957,-0.7299,180.0,:E1_1,1,97.92,590.1,0,-1
231,legit_25,398.4,354.8,10.729,-0.0107,180.0,C2C1,2,51.86,522.24,0,-1
231,legit_26,598.4,559.2,12.9821,-0.7724,180.0,D3D2,0,153.91,452.07,0,-1
231,legit_27,26.39,598.4,9.2208,1.4496,90.0,A3B3,0,123.62,685.26,0,-1
231,legit_28,464.05,401.6,13.1239,-0.3062,270.0,D2C2,2,43.91,491.06,0,-1
231,legit_30,801.6,169.23,13.6319,1.0229,0.0,E0E1,1,71.32,611.2,0,-1
231,legit_31,309.07,1.6,12.2649,0.1246,270.0,C0B0,1,184.06,755.41,0,-1
231,legit_32,598.4,334.95,13.0279,-0.7501,180.0,D2D1,1,150.5,502.41,0,-1
231,legit_33,198.4,230.69,13.8652,0.927,180.0,B2B1,1,120.81,658.43,0,-1
231,legit_34,998.4,920.96,12.6015,0.1746,180.0,F5F4,0,96.01,634.54,0,-1
231,legit_35,401.6,224.8,8.8099,1.5217,0.0,C1C2,1,115.44,579.62,0,-1
231,legit_36,176.78,-1.6,13.2437,-0.6292,90.0,A0B0,1,124.51,812.69,0,-1
231,legit_37,1.6,87.41,13.8593,1.0967,0.0,A0A1,0,151.94,858.9,0,-1
231,legit_38,198.4,174.48,6.8581,2.4357,180.0,B1B0,1,72.88,687.05,0,-1
232,legit_18,735.91,-1.6,13.1003,0.3323,90.0,D0E0,0,122.41,717.8,0,-1
232,legit_22,798.4,493.9,12.2361,0.0279,180.0,E3E2,0,116.62,487.3,0,-1
232,legit_23,798.4,193.21,11.9149,0.8192,180.0,:E1_1,1,87.76,596.65,0,-1
232,legit_25,398.4,343.0,11.7983,1.0693,180.0,C2C1,2,54.33,526.54,0,-1
232,legit_26,598.4,546.16,13.0398,0.0577,180.0,D3D2,0,157.86,453.03,0,-1
232,legit_27,37.48,598.4,11.0927,1.872,90.0,A3B3,0,112.53,676.54,0,-1
232,legit_28,451.07,401.6,12.9749,-0.1489,270.0,D2C2,1,41.61,493.64,0,-1
232,legit_30,801.6,182.38,13.1517,-0.4802,0.0,E0E1,1,80.96,603.63,0,-1
232,legit_31,297.1,1.6,11.9755,-0.2894,270.0,C0B0,1,188.83,759.63,0,-1
232,legit_32,598.4,321.61,13.3359,0.308,180.0,D2D1,0,153.28,507.73,0,-1
232,legit_33,198.4,217.27,13.4242,-0.4409,180.0,B2B1,1,108.64,664.99,0,-1
232,legit_34,998.4,908.11,12.8552,0.2537,180.0,F5F4,0,85.45,629.02,0,-1
232,legit_35,401.6,235.68,10.8796,2.0697,0.0,C1C2,1,125.4,573.99,0,-1
232,legit_36,190.27,-1.6,13.4841,0.2404,90.0,A0B0,1,128.09,806.24,0,-1
232,legit_37,1.6,100.22,12.8138,-1.0455,0.0,A0A1,0,149.71,851.55,0,-1
232,legit_38,198.4,165.19,9.2913,2.4332,180.0,B1B0,1,66.22,692.09,0,-1
233,legit_18,749.77,-1.6,13.8629,0.7626,90.0,D0E0,0,121.6,720.17,0,-1
233,legit_22,798.4,482.3,11.6028,-0.6332,180.0,E3E2,0,127.26,489.21,0,-1
233,legit_23,798.4,182.24,10.9692,-0.9457,180.0,E1E0,1,78.85,602.81,0,-1
233,legit_25,398.4,331.74,11.2554,-0.543,180.0,C2C1,2,58.83,530.89,0,-1
233,legit_26,598.4,532.91,13.2495,0.2097,180.0,D3D2,0,162.86,454.26,0,-1
233,legit_27,50.8,598.4,13.3123,2.2196,90.0,A3B3,0,99.22,666.19,0,-1
233,legit_28,437.48,401.6,13.5858,0.6109,270.0,D2C2,1,43.44,496.75,0,-1
233,legit_30,801.6,195.06,12.6751,-0.4766,0.0,:E1_9,1,91.08,596.53,0,-1
233,legit_31,284.85,1.6,12.2518,0.2763,270.0,C0B0,1,179.45,764.1,0,-1
233,legit_32,598.4,308.14,13.4737,0.1379,180.0,D2D1,0,157.2,513.36,0,-1
233,legit_33,198.4,203.73,13.5377,0.1135,180.0,:B1_1,1,96.71,671.78,0,-1
233,legit_34,998.4,895.03,13.0843,0.2291,180.0,F5F4,0,75.43,623.59,0,-1
233,legit_35,401.6,248.58,12.8995,2.0199,0.0,C1C2,1,121.48,567.47,0,-1
233,legit_36,203.78,-1.6,13.5186,0.0345,90.0,:B0_6,1,132.96,799.97,0,-1
233,legit_37,1.6,113.82,13.5976,0.7838,0.0,A0A1,0,148.53,843.93,0,-1
233,legit_38,198.4,153.75,11.442,2.1507,180.0,B1B0,1,59.01,698.44,0,-1
234,legit_18,762.94,-1.6,13.1691,-0.6938,90.0,D0E0,0,122.29,722.66,0,-1
234,legit_22,798.4,470.48,11.8177,0.2148,180.0,E3E2,0,120.62,491.3,0,-1
234,legit_23,798.4,171.05,11.1955,0.2263,180.0,E1E0,1,70.34,609.23,0,-1
234,legit_25,398.4,320.37,11.3777,0.1224,180.0,C2C1,2,65.06,535.49,0,-1
234,legit_26,598.4,519.16,13.7485,0.4991,180.0,D3D2,0,168.99,455.8,0,-1
234,legit_27,63.58,598.4,12.7854,-0.5269,90.0,A3B3,1,86.43,656.37,0,-1
234,legit_28,423.89,401.6,13.5986,0.0128,270.0,D2C2,2,49.12,500.27,0,-1
234,legit_30,801.6,208.29,13.2324,0.5573,0.0,E1E2,1,102.26,589.29,0,-1
234,legit_31,272.78,1.6,12.0658,-0.186,270.0,C0B0,1,170.57,768.66,0,-1
234,legit_32,598.4,294.32,13.8133,0.3396,180.0,D2D1,0,162.28,519.41,0,-1
234,legit_33,198.4,190.5,13.2324,-0.3053,180.0,B1B0,1,85.51,678.58,0,-1
234,legit_34,998.4,882.51,12.5144,-0.5699,180.0,F5F4,0,66.86,618.59,0,-1
234,legit_35,401.6,262.13,13.5514,0.6519,0.0,C1C2,2,109.18,560.81,0,-1
234,legit_36,216.75,-1.6,12.9643,-0.5543,90.0,B0C0,2,138.72,794.16,0,-1
234,legit_37,1.6,126.61,12.7943,-0.8034,0.0,A0A1,0,148.55,836.94,0,-1
234,legit_38,198.4,140.14,13.6094,2.1673,180.0,B1B0,2,52.42,706.23,0,-1
234,legit_39,201.6,612.3,0.0,0.0,0.0,B3B4,1,53.05,564.78,0,-1
235,legit_18,775.68,-1.6,12.7462,-0.423,90.0,D0E0,0,124.28,725.28,0,-1
235,legit_22,798.4,459.25,11.2364,-0.5813,180.0,E3E2,0,110.42,493.44,0,-1
235,legit_23,798.4,159.18,11.8665,0.671,180.0,E1E0,1,62.27,616.21,0,-1
235,legit_25,398.4,309.04,11.3284,-0.0493,180.0,C2C1,2,72.52,540.26,0,-1
235,legit_26,598.4,505.28,13.8872,0.1387,180.0,D3D2,0,176.05,457.64,0,-1
235,legit_27,77.41,598.4,13.8313,1.0459,90.0,A3B3,1,72.61,645.9,0,-1
235,legit_28,414.18,401.6,9.7042,-3.8945,270.0,D2C2,2,54.9,503.0,0,-1
235,legit_30,801.6,221.37,13.0844,-0.1479,0.0,E1E2,1,113.75,582.32,0,-1
235,legit_31,261.59,1.6,11.1943,-0.8715,270.0,C0B0,2,162.7,773.02,0,-1
235,legit_32,598.4,280.6,13.7259,-0.0874,180.0,D2D1,0,168.31,525.67,0,-1
235,legit_33,198.4,176.79,13.7027,0.4703,180.0,B1B0,1,74.62,685.81,0,-1
235,legit_34,998.4,869.08,13.4349,0.9205,180.0,F5F4,0,59.23,613.46,0,-1
235,legit_35,401.6,275.53,13.3982,-0.1532,0.0,C1C2,2,97.35,554.41,0,-1
235,legit_36,229.92,-1.6,13.1669,0.2025,90.0,B0C0,2,145.51,788.44,0,-1
235,legit_37,1.6,140.05,13.4377,0.6435,0.0,A0A1,0,149.75,829.77,0,-1
235,legit_38,198.4,127.13,13.0063,-0.6031,180.0,B1B0,3,48.92,713.94,0,-1
235,legit_39,201.6,614.02,1.7175,1.7175,0.0,B3B4,1,53.47,564.83,0,-1
236,legit_18,785.13,-1.6,9.4476,-3.2985,90.0,D0E0,1,126.57,727.36,0,-1
236,legit_22,798.4,448.03,11.2143,-0.0221,180.0,E3E2,0,100.46,495.71,0,-1
236,legit_23,798.4,147.61,11.5744,-0.2922,180.0,E1E0,2,55.72,623.2,0,-1
236,legit_25,398.4,297.95,11.0931,-0.2353,180.0,C2C1,2,80.71,545.1,0,-1
236,legit_26,598.4,492.58,12.6998,-1.1874,180.0,D3D2,0,183.2,459.55,0,-1
236,legit_27,91.28,598.4,13.8683,0.037,90.0,A3B3,1,58.74,635.56,0,-1
236,legit_28,408.98,401.6,5.2042,-4.5,270.0,D2C2,2,58.42,504.53,0,-1
236,legit_30,801.6,234.76,13.3808,0.2964,0.0,E1E2,1,125.82,575.37,0,-1
236,legit_31,250.21,1.6,11.3765,0.1822,270.0,C0B0,2,155.11,777.58,0,-1
236,legit_32,598.4,267.8,12.7953,-0.9306,180.0,D2D1,0,174.71,531.74,0,-1
236,legit_33,198.4,163.21,13.5819,-0.1207,180.0,B1B0,1,64.88,693.18,0,-1
236,legit_34,998.4,856.19,12.8872,-0.5477,180.0,F5F4,0,54.08,608.8,0,-1
236,legit_35,401.6,288.64,13.1134,-0.2848,0.0,C1C2,2,86.22,548.34,0,-1
236,legit_36,242.79,-1.6,12.8781,-0.2887,90.0,B0C0,2,152.96,783.02,0,-1
236,legit_37,1.6,153.46,13.4135,-0.0243,0.0,A0A1,0,152.13,822.81,0,-1
236,legit_38,198.4,114.47,12.6606,-0.3457,180.0,B1B0,3,48.71,721.73,0,-1
236,legit_39,201.6,618.25,4.2374,2.5199,0.0,B3B4,1,54.73,564.96,0,-1
237,legit_18,791.2,-1.6,6.0672,-3.3804,90.0,D0E0,1,128.39,728.76,0,-1
237,legit_22,798.4,435.76,12.2715,1.0572,180.0,E3E2,0,89.9,498.37,0,-1
237,legit_23,798.4,136.17,11.4362,-0.1381,180.0,E1E0,2,51.03,630.3,0,-1
237,legit_25,398.4,286.5,11.4412,0.3482,180.0,C2C1,2,89.8,550.26,0,-1
237,legit_26,598.4,479.67,12.909,0.2092,180.0,D3D2,0,190.64,461.73,0,-1
237,legit_27,104.57,598.4,13.293,-0.5753,90.0,A3B3,1,45.45,625.79,0,-1
237,legit_28,401.94,401.6,7.0367,1.8326,270.0,:C2_5,2,63.56,506.66,0,-1
237,legit_30,801.6,247.77,13.015,-0.3658,0.0,E1E2,1,123.52,568.79,0,-1
237,legit_31,238.31,1.6,11.902,0.5255,270.0,C0B0,2,147.71,782.49,0,-1
237,legit_32,598.4,253.92,13.884,1.0887,180.0,D2D1,0,182.42,538.57,0,-1
237,legit_33,198.4,150.39,12.8207,-0.7613,180.0,B1B0,1,57.15,700.34,0,-1
237,legit_34,998.4,842.81,13.3764,0.4893,180.0,F5F4,0,51.68,604.27,0,-1
237,legit_35,401.6,302.23,13.581,0.4676,0.0,C1C2,2,75.37,542.26,0,-1
237,legit_36,256.39,-1.6,13.6014,0.7233,90.0,B0C0,2,161.57,777.49,0,-1
237,legit_37,1.6,166.26,12.7954,-0.618,0.0,A0A1,0,155.44,816.34,0,-1
237,legit_38,198.4,100.9,13.5752,0.9146,180.0,B1B0,3,52.03,730.38,0,-1
237,legit_39,201.6,624.17,5.9123,1.6749,0.0,B3B4,1,56.98,565.19,0,-1
238,legit_18,794.07,-0.66,3.2006,-2.8667,78.59,:E0_11,1,128.45,728.69,0,-1
238,legit_22,798.4,423.41,12.3495,0.078,180.0,E3E2,0,79.77,501.23,0,-1
238,legit_23,798.4,124.0,12.1708,0.7346,180.0,E1E0,2,48.56,638.1,0,-1
238,legit_25,398.4,275.81,10.6926,-0.7486,180.0,C2C1,2,98.74,555.21,0,-1
238,legit_26,598.4,466.55,13.1215,0.2125,180.0,D3D2,0,182.69,464.17,0,-1
238,legit_27,117.22,598.4,12.6421,-0.6509,90.0,A3B3,1,32.82,616.65,0,-1
238,legit_28,393.46,401.6,8.4759,1.4392,270.0,:C2_5,2,70.19,509.32,0,-1
238,legit_30,801.6,260.39,12.6208,-0.3942,0.0,E1E2,1,112.18,562.57,0,-1
238,legit_31,226.03,1.6,12.2803,0.3784,270.0,C0B0,3,140.71,787.72,0,-1
238,legit_32,598.4,240.07,13.8523,-0.0317,180.0,D2D1,0,190.8,545.63,0,-1
238,legit_33,198.4,136.67,13.7212,0.9006,180.0,B1B0,2,51.19,708.26,0,-1
238,legit_34,998.4,829.93,12.887,-0.4894,180.0,F5F4,0,52.57,600.23,0,-1
238,legit_35,401.6,315.96,13.7363,0.1553,0.0,C1C2,2,65.44,536.35,0,-1
238,legit_36,269.78,-1.6,13.3896,-0.2118,90.0,B0C0,2,170.69,772.23,0,-1
238,legit_37,1.6,179.55,13.2904,0.495,0.0,A0A1,0,159.9,809.81,0,-1
238,legit_38,198.4,87.58,13.3218,-0.2534,180.0,B1B0,3,58.26,739.16,0,-1
238,legit_39,201.6,631.96,7.7901,1.8778,0.0,B3B4,1,60.69,565.59,0,-1
239,legit_18,792.6,1.6,3.273,0.0724,358.64,E0D0,1,125.83,726.55,0,-1
239,legit_22,798.4,411.14,12.2706,-0.0789,180.0,E3E2,1,70.41,504.27,0,-1
239,legit_23,798.4,112.65,11.3458,-0.825,180.0,E1E0,1,48.95,645.62,0,-1
239,legit_25,398.4,264.98,10.832,0.1394,180.0,C2C1,2,108.13,560.35,0,-1
239,legit_26,598.4,452.78,13.7635,0.6419,180.0,D3D2,0,175.02,467.0,0,-1
239,legit_27,130.7,598.4,13.4815,0.8394,90.0,A3B3,1,19.37,607.07,0,-1
239,legit_28,382.78,401.6,10.6818,2.2059,270.0,C2B2,2,79.05,512.81,0,-1
239,legit_30,801.6,273.9,13.51,0.8892,0.0,E1E2,1,100.38,556.1,0,-1
239,legit_31,214.45,1.6,11.5776,-0.7027,270.0,C0B0,3,134.8,792.79,0,-1
239,legit_32,598.4,226.71,13.3608,-0.4914,180.0,D2D1,0,182.78,552.67,0,-1
239,legit_33,198.4,123.87,12.7968,-0.9245,180.0,B1B0,2,48.55,715.92,0,-1
239,legit_34,998.4,817.81,12.1203,-0.7667,180.0,F5F4,0,56.17,596.7,0,-1
239,legit_35,401.6,329.74,13.7747,0.0384,0.0,C1C2,2,57.08,530.69,0,-1
239,legit_36,283.49,-1.6,13.7102,0.3206,90.0,B0C0,2,180.57,767.04,0,-1
239,legit_37,1.6,192.76,13.2145,-0.0759,0.0,A0A1,0,165.28,803.49,0,-1
239,legit_38,198.4,74.69,12.8859,-0.4358,180.0,B1B0,3,66.3,747.86,0,-1
239,legit_39,201.6,641.84,9.8834,2.0933,0.0,B3B4,1,66.43,566.22,0,-1
240,legit_18,787.34,1.6,5.2532,1.9802,270.0,E0D0,1,124.15,725.33,0,-1
240,legit_23,798.4,101.13,11.5268,0.1809,180.0,E1E0,1,51.95,653.49,0,-1
240,legit_25,398.4,253.18,11.7993,0.9673,180.0,C2C1,1,118.63,566.1,0,-1
240,legit_26,598.4,439.96,12.8201,-0.9433,180.0,D3D2,0,168.57,469.87,0,-1
240,legit_27,143.34,598.4,12.6453,-0.8362,90.0,A3B3,1,6.85,598.23,0,-1
240,legit_28,369.63,401.6,13.1516,2.4697,270.0,C2B2,1,90.5,517.31,0,-1
240,legit_30,801.6,286.74,12.8365,-0.6735,0.0,E1E2,0,89.61,550.15,0,-1
240,legit_32,598.4,213.11,13.593,0.2322,180.0,D2D1,0,175.19,560.06,0,-1
240,legit_33,198.4,110.81,13.0601,0.2634,180.0,B1B0,2,49.26,724.03,0,-1
240,legit_34,998.4,810.07,7.7379,-4.3825,180.0,F5F4,0,59.65,594.57,0,-1
240,legit_35,401.6,342.61,12.8783,-0.8964,0.0,C1C2,2,51.43,525.68,0,-1
240,legit_36,296.22,-1.6,12.724,-0.9862,90.0,B0C0,2,190.17,762.39,0,-1
240,legit_37,1.6,205.88,13.115,-0.0995,0.0,:A1_7,0,171.46,797.4,0,-1
240,legit_38,198.4,61.71,12.9791,0.0932,180.0,B1B0,2,75.76,756.81,0,-1
240,legit_39,201.6,653.83,11.988,2.1046,0.0,B3B4,1,74.57,567.18,0,-1
240,legit_40,601.6,812.3,0.0,0.0,0.0,D4D5,0,150.96,484.0,0,-1
241,legit_18,780.2,1.6,7.1484,1.8953,270.0,E0D0,1,122.19,723.72,0,-1
241,legit_23,798.4,89.99,11.1386,-0.3882,180.0,E1E0,1,56.95,661.3,0,-1
241,legit_25,398.4,241.85,11.3271,-0.4722,180.0,C2C1,1,128.92,571.76,0,-1
241,legit_26,598.4,426.48,13.4793,0.6592,180.0,D3D2,0,162.61,473.13,0,-1
241,legit_27,156.41,598.4,13.0712,0.426,90.0,A3B3,1,6.61,589.89,0,-1
241,legit_28,355.81,401.6,13.8174,0.6658,270.0,C2B2,1,102.96,522.26,0,-1
241,legit_30,801.6,299.58,12.8435,0.007,0.0,E1E2,0,79.45,544.38,0,-1
241,legit_32,598.4,200.51,12.6075,-0.9855,180.0,:D1_1,0,168.83,567.12,0,-1
241,legit_33,198.4,97.94,12.8718,-0.1884,180.0,B1B0,2,53.19,732.31,0,-1
241,legit_34,998.77,806.64,3.5388,-4.1991,175.63,:F4_2,0,61.13,593.86,0,-1
241,legit_35,401.6,356.0,13.3855,0.5072,0.0,C1C2,2,48.56,520.8,0,-1
241,legit_36,309.85,-1.6,13.6311,0.9071,90.0,B0C0,2,185.55,757.59,0,-1
241,legit_37,1.6,218.49,12.6091,-0.5058,0.0,A1A2,0,178.11,791.71,0,-1
241,legit_38,198.4,48.29,13.4227,0.4436,180.0,B1B0,2,86.52,766.23,0,-1
241,legit_39,201.6,666.37,12.5424,0.5544,0.0,B3B4,1,84.07,568.38,0,-1
241,legit_40,601.6,814.78,2.483,2.483,0.0,D4D5,0,150.53,484.77,0,-1
242,legit_18,770.83,1.6,9.3696,2.2211,270.0,E0D0,1,120.22,721.71,0,-1
242,legit_23,798.4,77.96,12.028,0.8895,180.0,E1E0,1,64.11,669.92,0,-1
242,legit_25,398.4,230.79,11.0633,-0.2638,180.0,C2C1,1,122.22,577.41,0,-1
242,legit_26,598.4,413.55,12.9339,-0.5454,180.0,D3D2,0,157.77,476.51,0,-1
242,legit_27,169.2,598.4,12.7834,-0.2878,90.0,A3B3,1,19.26,582.54,0,-1
242,legit_28,342.75,401.6,13.069,-0.7484,270.0,C2B2,1,115.04,527.14,0,-1
242,legit_30,801.6,312.46,12.8818,0.0383,0.0,E1E2,0,70.16,538.8,0,-1
242,legit_32,598.4,187.01,13.4912,0.8836,180.0,D1D0,0,162.83,574.9,0,-1
242,legit_33,198.4,84.61,13.3263,0.4545,180.0,B1B0,1,59.96,741.14,0,-1
242,legit_34,1000.76,805.98,2.5066,-1.0322,142.27,:F4_9,0,59.85,594.74,0,-1
242,legit_35,401.6,369.45,13.4465,0.061,0.0,C1C2,2,49.31,516.25,0,-1
242,legit_36,323.43,-1.6,13.5816,-0.0495,90.0,B0C0,1,175.52,753.0,0,-1
242,legit_37,1.6,231.3,12.8072,0.1981,0.0,A1A2,0,185.5,786.1,0,-1
242,legit_38,198.4,34.74,13.5544,0.1317,180.0,B1B0,2,98.04,775.89,0,-1
242,legit_39,201.6,679.19,12.8141,0.2718,0.0,B3B4,1,94.51,569.8,0,-1
242,legit_40,601.6,819.14,4.3611,1.878,0.0,D4D5,0,149.86,486.15,0,-1
243,legit_18,758.98,1.6,11.8468,2.4772,270.0,E0D0,1,118.74,719.33,0,-1
243,legit_23,798.4,66.83,11.1242,-0.9038,180.0,E1E0,1,71.9,678.06,0,-1
243,legit_25,398.4,219.74,11.0518,-0.0115,180.0,C2C1,0,112.3,583.18,0,-1
243,legit_26,598.4,400.88,12.6714,-0.2625,180.0,:D2_1,0,153.93,480.06,0,-1
243,legit_27,181.08,598.4,11.8833,-0.9001,90.0,A3B3,1,31.12,575.86,0,-1
243,legit_28,329.26,401.6,13.4847,0.4158,270.0,C2B2,1,127.71,532.38,0,-1
243,legit_30,801.6,325.23,12.7622,-0.1196,0.0,E1E2,0,62.22,533.5,0,-1
243,legit_32,598.4,173.48,13.5376,0.0464,180.0,D1D0,0,157.74,582.94,0,-1
243,legit_33,198.4,71.08,13.5388,0.2125,180.0,B1B0,1,68.82,750.34,0,-1
243,legit_34,1001.6,809.25,3.5384,1.0318,32.56,F4F5,0,57.34,596.05,0,-1
243,legit_35,401.6,383.18,13.7301,0.2836,0.0,C1C2,1,53.66,511.98,0,-1
243,legit_36,337.03,-1.6,13.5956,0.014,90.0,B0C0,1,165.98,748.59,0,-1
243,legit_37,1.6,244.07,12.7731,-0.0341,0.0,A1A2,0,188.32,780.68,0,-1
243,legit_38,198.4,21.86,12.8774,-0.677,180.0,B1B0,2,109.43,785.2,0,-1
243,legit_39,201.6,691.06,11.8744,-0.9397,0.0,B3B4,1,104.66,571.28,0,-1
243,legit_40,601.6,825.51,6.3639,2.0029,0.0,D4D5,0,149.11,488.21,0,-1
244,legit_18,746.06,1.6,12.9147,1.0679,270.0,E0D0,1,118.47,716.96,0,-1
244,legit_23,798.4,54.92,11.9113,0.7871,180.0,E1E0,1,81.1,686.9,0,-1
244,legit_25,398.4,210.93,8.8098,-2.242,180.0,C2C1,0,104.55,587.87,0,-1
244,legit_26,598.4,387.5,13.3819,0.7106,180.0,D2D1,0,150.93,484.06,0,-1
244,legit_27,188.46,598.4,7.3833,-4.5,90.0,A3B3,1,38.5,571.77,0,-1
244,legit_28,315.84,401.6,13.4207,-0.064,270.0,C2B2,1,140.46,537.78,0,-1
244,legit_30,801.6,338.85,13.6233,0.861,0.0,E1E2,0,55.77,528.12,0,-1
244,legit_32,598.4,160.23,13.2454,-0.2922,180.0,D1D0,0,153.76,591.03,0,-1
244,legit_33,198.4,58.42,12.6527,-0.8861,180.0,B1B0,1,78.32,759.1,0,-1
244,legit_34,1001.6,814.25,5.0058,1.4674,0.0,F4F5,0,54.82,597.4,0,-1
244,legit_35,401.6,396.43,13.2525,-0.4776,0.0,:C2_9,1,60.58,508.17,0,-1
244,legit_36,349.85,-1.6,12.82,-0.7756,90.0,B0C0,0,157.53,744.62,0,-1
244,legit_37,1.6,256.69,12.6245,-0.1486,0.0,A1A2,0,180.82,775.49,0,-1
244,legit_38,198.4,13.1,8.7535,-4.124,180.0,B1B0,1,117.34,791.59,0,-1
244,legit_39,201.6,702.8,11.7358,-0.1386,0.0,B3B4,1,115.02,572.89,0,-1
244,legit_40,601.6,833.88,8.3676,2.0037,0.0,D4D5,0,148.53,491.02,0,-1
245,legit_18,732.77,1.6,13.2952,0.3805,270.0,E0D0,1,119.65,714.74,0,-1
245,legit_23,798.4,43.54,11.3836,-0.5277,180.0,E1E0,1,90.49,695.48,0,-1
245,legit_25,398.27,206.29,4.644,-4.1658,181.49,:C1_0,0,100.61,590.41,0,-1
245,legit_26,598.4,373.77,13.7295,0.3476,180.0,D2D1,0,149.04,488.45,0,-1
245,legit_27,197.25,598.4,8.7838,1.4006,90.0,:B3_13,1,47.27,566.99,0,-1
245,legit_28,303.05,401.6,12.7859,-0.6349,270.0,C2B2,1,152.72,543.11,0,-1
245,legit_30,801.6,351.91,13.0649,-0.5583,0.0,E1E2,0,52.23,523.27,0,-1
245,legit_32,598.4,147.52,12.712,-0.5334,180.0,D1D0,0,150.93,599.02,0,-1
245,legit_33,198.4,44.6,13.8212,1.1685,180.0,B1B0,1,89.6,768.84,0,-1
245,legit_34,1001.6,821.12,6.8662,1.8603,0.0,F4F5,0,51.95,599.32,0,-1
245,legit_35,401.6,409.81,13.379,0.1264,0.0,C2C3,1,69.45,504.61,0,-1
245,legit_36,363.7,-1.6,13.8581,1.038,90.0,B0C0,0,149.11,740.53,0,-1
245,legit_37,1.6,269.7,13.011,0.3865,0.0,A1A2,0,173.71,770.32,0,-1
245,legit_38,198.4,8.62,4.4832,-4.2703,180.0,B1B0,1,121.44,794.89,0,-1
245,legit_39,201.6,715.27,12.4721,0.7363,0.0,B3B4,1,126.29,574.77,0,-1
245,legit_40,601.6,843.71,9.8304,1.4628,0.0,D4D5,0,148.45,494.45,0,-1
246,legit_18,719.9,1.6,12.8685,-0.4266,270.0,E0D0,1,122.17,712.82,0,-1
246,legit_23,798.4,31.69,11.8452,0.4616,180.0,E1E0,1,100.7,704.52,0,-1
246,legit_25,396.16,202.5,4.577,-0.067,207.23,:C1_0,0,98.51,593.08,0,-1
246,legit_26,598.4,360.31,13.4609,-0.2686,180.0,D2D1,0,148.4,493.03,0,-1
246,legit_27,208.24,598.4,10.9889,2.2051,90.0,B3C3,1,58.26,561.1,0,-1
246,legit_28,289.7,401.6,13.354,0.5681,270.0,C2B2,2,145.76,548.86,0,-1
246,legit_30,801.6,365.18,13.2692,0.2043,0.0,E1E2,0,51.86,518.67,0,-1
246,legit_32,598.4,134.19,13.3269,0.6149,180.0,D1D0,0,149.08,607.62,0,-1
246,legit_33,198.4,32.03,12.5723,-1.2489,180.0,B1B0,1,100.41,777.84,0,-1
246,legit_34,1001.6,830.29,9.1751,2.3089,0.0,F4F5,0,49.36,602.01,0,-1
246,legit_35,401.6,422.78,12.9704,-0.4086,0.0,C2C3,2,79.27,501.38,0,-1
246,legit_36,376.99,-1.6,13.2832,-0.5749,90.0,B0C0,0,141.84,736.82,0,-1
246,legit_37,1.6,282.64,12.9347,-0.0762,0.0,A1A2,0,167.35,765.36,0,-1
246,legit_38,199.78,1.97,6.9197,2.4365,164.56,:B0_1,1,128.1,799.16,0,-1
246,legit_39,201.6,727.37,12.106,-0.3661,0.0,B3B4,1,123.88,576.74,0,-1
246,legit_40,601.6,855.08,11.3729,1.5425,0.0,D4D5,0,149.16,498.61,0,-1
246,legit_41,398.4,387.7,0.0,0.0,180.0,C2C1,2,58.56,511.65,0,-1
247,legit_18,706.33,1.6,13.5748,0.7063,270.0,E0D0,1,126.2,711.02,0,-1
247,legit_23,798.4,19.69,12.0024,0.1572,180.0,E1E0,1,111.37,713.78,0,-1
247,legit_25,390.78,201.6,5.555,0.978,262.9,C1B1,0,100.82,595.13,0,-1
247,legit_26,598.4,347.22,13.0893,-0.3716,180.0,D2D1,0,148.95,497.75,0,-1
247,legit_27,221.36,598.4,13.1183,2.1294,90.0,B3C3,1,71.37,554.24,0,-1
247,legit_28,276.32,401.6,13.3753,0.0213,270.0,C2B2,2,133.0,554.8,0,-1
247,legit_30,801.6,378.09,12.9061,-0.3631,0.0,E1E2,0,54.68,514.54,0,-1
247,legit_32,598.4,120.59,13.5983,0.2714,180.0,D1D0,0,148.4,616.63,0,-1
247,legit_33,198.4,18.22,13.8127,1.2404,180.0,B1B0,1,112.7,787.85,0,-1
247,legit_34,1001.6,842.03,11.7375,2.5624,0.0,F4F5,0,48.44,605.68,0,-1
247,legit_35,401.6,436.33,13.548,0.5776,0.0,C2C3,2,90.38,498.25,0,-1
247,legit_36,390.44,-1.6,13.4543,0.1711,90.0,B0C0,0,135.4,733.26,0,-1
247,legit_37,1.6,296.13,13.4882,0.5535,0.0,A1A2,0,161.56,760.38,0,-1
247,legit_38,205.44,-1.35,6.9118,-0.0079,111.36,:B0_1,1,133.41,799.03,0,-1
247,legit_39,201.6,739.52,12.1479,0.0419,0.0,B3B4,1,112.95,578.88,0,-1
247,legit_40,601.6,866.97,11.8911,0.5182,0.0,D4D5,0,150.83,503.16,0,-1
247,legit_41,398.4,385.77,1.9289,1.9289,180.0,C2C1,2,57.68,512.22,0,-1
248,legit_18,692.86,1.6,13.4696,-0.1052,270.0,E0D0,2,131.47,709.48,0,-1
248,legit_23,798.4,8.01,11.6795,-0.3229,180.0,E1E0,1,122.0,722.9,0,-1
248,legit_25,383.82,201.6,6.9622,1.4072,270.0,C1B1,0,105.06,597.22,0,-1
248,legit_26,598.4,333.43,13.7905,0.7012,180.0,D2D1,0,150.76,503.01,0,-1
248,legit_27,234.27,598.4,12.9145,-0.2038,90.0,B3C3,0,84.28,547.66,0,-1
248,legit_28,263.43,401.6,12.8925,-0.4828,270.0,C2B2,2,120.82,560.71,0,-1
248,legit_30,801.6,391.89,13.8028,0.8968,0.0,E1E2,0,60.66,510.45,0,-1
248,legit_32,598.4,107.88,12.7097,-0.8886,180.0,D1D0,1,148.89,625.27,0,-1
248,legit_34,1001.6,854.55,12.5169,0.7795,0.0,F4F5,0,50.54,609.89,0,-1
248,legit_35,401.6,449.78,13.4536,-0.0944,0.0,C2C3,2,102.0,495.35,0,-1
248,legit_36,403.58,-1.6,13.1332,-0.3211,90.0,:C0_6,0,130.16,730.0,0,-1
248,legit_37,1.6,309.7,13.5766,0.0883,0.0,A1A2,0,156.69,755.58,0,-1
248,legit_38,212.18,-1.6,6.7548,-0.157,90.04,B0C0,0,136.57,796.19,0,-1
248,legit_39,201.6,752.5,12.9795,0.8316,0.0,B3B4,0,101.58,581.33,0,-1
248,legit_40,601.6,878.29,11.3168,-0.5743,0.0,D4D5,0,153.26,507.69,0,-1
248,legit_41,398.4,382.16,3.6118,1.683,180.0,C2C1,2,56.16,513.3,0,-1
249,legit_18,680.05,1.6,12.8113,-0.6583,270.0,E0D0,1,137.52,708.21,0,-1
249,legit_25,375.32,201.6,8.4981,1.5359,270.0,C1B1,0,110.61,599.85,0,-1
249,legit_26,598.4,320.36,13.0618,-0.7287,180.0,D2D1,0,153.6,508.24,0,-1
249,legit_27,247.83,598.4,13.5652,0.6507,90.0,B3C3,0,97.85,540.92,0,-1
249,legit_28,249.62,401.6,13.8159,0.9234,270.0,C2B2,0,107.95,567.24,0,-1
249,legit_30,801.6,404.7,12.812,-0.9908,0.0,:E2_9,0,68.27,506.93,0,-1
249,legit_32,598.4,94.36,13.5214,0.8117,180.0,D1D0,1,150.6,634.68,0,-1
249,legit_34,1001.6,867.14,12.5895,0.0726,0.0,F4F5,0,55.49,614.41,0,-1
249,legit_35,401.6,463.61,13.8334,0.3798,0.0,C2C3,1,114.36,492.59,0,-1
249,legit_36,416.39,-1.6,12.8119,-0.3213,90.0,C0D0,0,126.16,727.02,0,-1
249,legit_37,1.6,323.39,13.6884,0.1118,0.0,A1A2,0,152.85,750.95,0,-1
249,legit_38,220.6,-1.6,8.4228,1.668,90.0,B0C0,0,140.61,792.47,0,-1
249,legit_39,201.6,764.62,12.1165,-0.863,0.0,B3B4,0,91.35,583.79,0,-1
249,legit_40,601.6,889.82,11.5376,0.2209,0.0,D4D5,0,156.54,512.5,0,-1
249,legit_41,398.4,377.06,5.1003,1.4885,180.0,C2C1,1,54.35,514.86,0,-1
250,legit_18,666.46,1.6,13.5857,0.7744,270.0,E0D0,1,144.91,707.09,0,-1
250,legit_25,365.2,201.6,10.1236,1.6255,270.0,C1B1,0,117.69,603.1,0,-1
250,legit_26,598.4,307.36,13.0079,-0.0539,180.0,D2D1,0,157.46,513.7,0,-1
250,legit_27,261.63,598.4,13.8,0.2348,90.0,B3C3,0,111.65,534.26,0,-1
250,legit_28,236.89,401.6,12.7286,-1.0873,270.0,C2B2,0,96.33,573.43,0,-1
250,legit_30,801.6,418.23,13.5304,0.7184,0.0,E2E3,0,77.81,503.47,0,-1
250,legit_32,598.4,81.63,12.7379,-0.7835,180.0,D1D0,1,153.28,643.75,0,-1
250,legit_34,1001.6,880.04,12.9003,0.3108,0.0,F4F5,0,62.81,619.31,0,-1
250,legit_35,401.6,476.69,13.0759,-0.7575,0.0,C2C3,1,126.33,490.18,0,-1
250,legit_36,429.76,-1.6,13.3694,0.5575,90.0,C0D0,0,123.27,724.14,0,-1
250,legit_37,1.6,336.21,12.8136,-0.8748,0.0,A1A2,0,150.3,746.82,0,-1
250,legit_38,231.31,-1.6,10.7098,2.287,90.0,B0C0,0,146.28,787.84,0,-1
250,legit_39,201.6,776.96,12.3428,0.2264,0.0,B3B4,0,81.47,586.46,0,-1
250,legit_40,601.6,901.12,11.2989,-0.2388,0.0,D4D5,0,160.49,517.39,0,-1
250,legit_41,398.4,369.79,7.2735,2.1732,180.0,C2C1,1,52.52,517.16,0,-1
251,legit_18,652.72,1.6,13.7348,0.149,270.0,E0D0,1,153.24,706.18,0,-1
251,legit_25,353.98,201.6,11.2204,1.0968,270.0,C1B1,0,126.01,606.85,0,-1
251,legit_26,598.4,293.53,13.8302,0.8223,180.0,D2D1,0,162.61,519.77,0,-1
251,legit_27,274.91,598.4,13.2735,-0.5265,90.0,B3C3,0,124.92,528.04,0,-1
251,legit_28,223.84,401.6,13.0444,0.3158,270.0,C2B2,0,84.75,579.96,0,-1
251,legit_30,801.6,430.9,12.6634,-0.867,0.0,E2E3,0,87.69,500.45,0,-1
251,legit_32,598.4,68.06,13.5644,0.8266,180.0,D1D0,1,157.23,653.62,0,-1
251,legit_34,1001.6,892.59,12.5558,-0.3446,0.0,F4F5,0,71.47,624.29,0,-1
251,legit_35,401.6,490.45,13.7602,0.6843,0.0,C2C3,1,119.77,487.85,0,-1
251,legit_36,442.74,-1.6,12.9878,-0.3816,90.0,C0D0,0,121.82,721.56,0,-1
251,legit_37,1.6,349.4,13.1968,0.3833,0.0,A1A2,0,148.78,742.76,0,-1
251,legit_38,244.44,-1.6,13.1332,2.4234,90.0,B0C0,0,153.97,782.34,0,-1
251,legit_39,201.6,786.6,9.6387,-2.7042,0.0,B3B4,0,74.26,588.68,0,-1
251,legit_40,601.6,912.95,11.8308,0.5319,0.0,D4D5,0,165.36,522.7,0,-1
251,legit_41,398.4,360.48,9.3059,2.0324,180.0,C2C1,1,51.6,520.26,0,-1
252,legit_18,639.53,1.6,13.1905,-0.5442,270.0,E0D0,1,161.93,705.5,0,-1
252,legit_25,342.58,201.6,11.3945,0.1741,270.0,C1B1,0,134.9,610.8,0,-1
252,legit_26,598.4,280.29,13.2359,-0.5942,180.0,D2D1,0,168.45,525.82,0,-1
252,legit_27,288.71,598.4,13.8044,0.5309,90.0,B3C3,1,138.72,521.76,0,-1
252,legit_28,214.21,401.6,9.6379,-3.4065,270.0,C2B2,0,76.5,584.91,0,-1
252,legit_30,801.6,444.62,13.7237,1.0603,0.0,E2E3,0,99.11,497.41,0,-1
252,legit_32,598.4,55.0,13.0657,-0.4987,180.0,D1D0,1,162.01,663.31,0,-1
252,legit_34,1001.6,905.72,13.1307,0.5749,0.0,F4F5,0,81.62,629.7,0,-1
252,legit_35,401.6,503.19,12.7358,-1.0244,0.0,C2C3,1,108.24,485.89,0,-1
252,legit_36,456.55,-1.6,13.802,0.8142,90.0,C0D0,0,121.78,719.06,0,-1
252,legit_37,1.6,362.09,12.6855,-0.5113,0.0,A1A2,0,148.41,739.06,0,-1
252,legit_38,257.36,-1.6,12.9156,-0.2176,90.0,B0C0,0,162.21,777.11,0,-1
252,legit_39,201.6,792.48,5.8771,-3.7615,0.0,B3B4,0,70.15,590.08,0,-1
252,legit_40,601.6,924.12,11.168,-0.6628,0.0,D4D5,0,170.58,527.89,0,-1
252,legit_41,398.4,349.7,10.7788,1.4729,180.0,C2C1,0,52.62,524.07,0,-1
252,legit_42,198.4,987.7,0.0,0.0,180.0,B5B4,0,104.22,667.46,0,-1
253,legit_18,626.25,1.6,13.2805,0.09,270.0,E0D0,1,171.27,705.02,0,-1
253,legit_25,331.61,201.6,10.97,-0.4245,270.0,C1B1,0,143.78,614.75,0,-1
253,legit_26,598.4,266.46,13.8264,0.5904,180.0,D2D1,0,175.42,532.39,0,-1
253,legit_27,301.94,598.4,13.2286,-0.5759,90.0,B3C3,1,148.07,515.93,0,-1
253,legit_28,208.54,401.6,5.6669,-3.971,270.0,C2B2,0,71.81,587.87,0,-1
253,legit_30,801.6,457.65,13.027,-0.6967,0.0,E2E3,0,110.44,494.72,0,-1
253,legit_32,598.4,41.69,13.3051,0.2394,180.0,D1D0,2,167.79,673.37,0,-1
253,legit_34,1001.6,918.11,12.3835,-0.7472,0.0,F4F5,0,91.89,634.98,0,-1
253,legit_35,401.6,515.97,12.7877,0.052,0.0,C2C3,1,96.97,484.11,0,-1
253,legit_36,469.53,-1.6,12.9807,-0.8212,90.0,C0D0,1,123.16,716.94,0,-1
253,legit_37,1.6,375.45,13.3656,0.6801,0.0,A1A2,0,149.2,735.38,0,-1
253,legit_38,270.88,-1.6,13.5262,0.6106,90.0,B0C0,0,171.46,771.81,0,-1
253,legit_39,203.21,797.12,5.0791,-0.798,19.37,:B4_8,0,68.33,590.37,0,-1
253,legit_40,601.6,935.14,11.0158,-0.1521,0.0,D4D5,0,176.28,533.17,0,-1
253,legit_41,398.4,337.38,12.3157,1.5368,180.0,C2C1,0,56.34,528.68,0,-1
253,legit_42,198.4,985.46,2.2405,2.2405,180.0,B5B4,0,106.21,666.35,0,-1
254,legit_18,613.4,1.6,12.8538,-0.4268,270.0,E0D0,2,180.77,704.74,0,-1
254,legit_25,320.66,201.6,10.9522,-0.0178,270.0,C1B1,1,152.93,618.81,0,-1
254,legit_26,598.4,253.16,13.2988,-0.5276,180.0,D2D1,0,182.86,538.95,0,-1
254,legit_27,314.93,598.4,12.9857,-0.2429,90.0,B3C3,1,135.08,510.38,0,-1
254,legit_28,202.96,403.07,5.9344,0.2675,287.55,:B2_4,0,68.26,590.45,0,-1
254,legit_30,801.6,470.65,12.9995,-0.0275,0.0,E2E3,0,122.09,492.23,0,-1
254,legit_32,598.4,28.77,12.9235,-0.3817,180.0,D1D0,2,174.2,683.3,0,-1
254,legit_34,1001.6,931.5,13.3892,1.0056,0.0,F4F5,0,103.51,640.87,0,-1
254,legit_35,401.6,529.36,13.3842,0.5964,0.0,C2C3,1,85.63,482.45,0,-1
254,legit_36,483.16,-1.6,13.6291,0.6484,90.0,C0D0,2,126.04,714.96,0,-1
254,legit_37,1.6,388.41,12.9523,-0.4133,0.0,A1A2,0,151.09,732.01,0,-1
254,legit_38,284.38,-1.6,13.4994,-0.0268,90.0,B0C0,0,181.23,766.71,0,-1
254,legit_39,208.98,798.4,6.0541,0.975,81.43,B4C4,0,72.17,587.63,0,-1
254,legit_40,601.6,946.36,11.2226,0.2067,0.0,D4D5,0,182.58,538.71,0,-1
254,legit_41,398.4,325.98,11.4006,-0.915,180.0,C2C1,1,61.8,533.19,0,-1
254,legit_42,198.4,980.83,4.6285,2.3881,180.0,B5B4,0,110.35,664.05,0,-1
255,legit_25,309.06,201.6,11.5963,0.6441,270.0,C1B1,1,162.85,623.26,0,-1
255,legit_26,598.4,240.3,12.8621,-0.4367,180.0,D2D1,0,190.66,545.51,0,-1
255,legit_27,328.14,598.4,13.2173,0.2316,90.0,B3C3,1,121.87,504.91,0,-1
255,legit_28,201.6,408.69,5.9281,-0.0063,349.66,B2B3,0,70.95,589.8,0,-1
255,legit_30,801.6,484.3,13.6528,0.6533,0.0,E2E3,0,126.68,489.83,0,-1
255,legit_32,598.4,17.98,10.7852,-2.1383,180.0,D1D0,1,180.08,691.7,0,-1
255,legit_34,1001.6,944.1,12.6077,-0.7815,0.0,F4F5,0,114.81,646.58,0,-1
255,legit_35,401.6,543.1,13.7463,0.3621,0.0,C2C3,1,74.7,480.98,0,-1
255,legit_36,496.21,-1.6,13.0579,-0.5712,90.0,C0D0,1,130.09,713.28,0,-1
255,legit_37,1.6,401.83,13.421,0.4687,0.0,:A2_7,0,154.18,728.73,0,-1
255,legit_38,296.83,-1.6,12.4457,-1.0537,90.0,B0C0,0,190.64,762.17,0,-1
255,legit_39,217.29,798.4,8.3136,2.2596,90.0,B4C4,0,79.11,583.31,0,-1
255,legit_40,601.6,957.85,11.4933,0.2707,0.0,D4D5,0,189.5,544.55,0,-1
255,legit_41,398.4,314.16,11.8236,0.423,180.0,C2C1,1,69.02,538.08,0,-1
255,legit_42,198.4,974.34,6.4911,1.8626,180.0,B5B4,0,116.22,660.87,0,-1
256,legit_25,298.12,201.6,10.9414,-0.6548,270.0,C1B1,1,169.11,627.58,0,-1
256,legit_26,598.4,227.34,12.9583,0.0962,180.0,D2D1,0,183.15,552.32,0,-1
256,legit_27,341.49,598.4,13.3499,0.1326,90.0,B3C3,1,108.52,499.58,0,-1
256,legit_28,201.6,416.81,8.1188,2.1907,0.0,B2B3,0,76.75,587.88,0,-1
256,legit_30,801.6,497.25,12.9525,-0.7002,0.0,E2E3,0,114.98,487.75,0,-1
256,legit_32,598.4,11.3,6.6772,-4.108,180.0,D1D0,1,183.95,696.95,0,-1
256,legit_34,1001.6,957.01,12.9044,0.2968,0.0,F4F5,0,126.62,652.57,0,-1
256,legit_35,401.6,556.18,13.0801,-0.6662,0.0,C2C3,1,65.29,479.82,0,-1
256,legit_36,508.88,-1.6,12.6665,-0.3914,90.0,C0D0,1,135.11,711.86,0,-1
256,legit_37,1.6,415.26,13.4341,0.0131,0.0,A2A3,0,158.35,725.67,0,-1
256,legit_38,310.43,-1.6,13.6028,1.1572,90.0,B0C0,0,185.11,757.39,0,-1
256,legit_39,228.08,798.4,10.7918,2.4781,90.0,B4C4,0,88.47,577.81,0,-1
256,legit_40,601.6,968.99,11.1334,-0.3599,0.0,D4D5,0,185.33,550.37,0,-1
256,legit_41,398.4,302.43,11.7302,-0.0934,180.0,C2C1,1,77.31,543.13,0,-1
256,legit_42,198.4,965.92,8.4154,1.9243,180.0,B5B4,0,123.92,656.81,0,-1
257,legit_25,287.55,201.6,10.5756,-0.3658,270.0,C1B1,1,159.93,631.88,0,-1
257,legit_26,598.4,216.23,11.1136,-1.8447,180.0,D2D1,0,176.87,558.34,0,-1
257,legit_27,354.67,598.4,13.1799,-0.17,90.0,B3C3,1,95.34,494.5,0,-1
257,legit_28,201.6,426.63,9.8156,1.6968,0.0,B2B3,0,84.27,585.67,0,-1
257,legit_30,801.6,510.26,13.0041,0.0516,0.0,E2E3,0,103.52,485.86,0,-1
257,legit_32,597.78,4.3,7.099,0.4218,187.18,:D0_0,1,187.68,702.49,0,-1
257,legit_34,1001.6,970.18,13.1683,0.2639,0.0,F4F5,0,120.01,658.85,0,-1
257,legit_35,401.6,570.03,13.8423,0.7622,0.0,C2C3,1,56.93,478.86,0,-1
257,legit_36,522.0,-1.6,13.1227,0.4562,90.0,C0D0,1,141.32,710.59,0,-1
257,legit_37,1.6,429.14,13.8808,0.4468,0.0,A2A3,0,163.72,722.73,0,-1
257,legit_38,323.31,-1.6,12.8788,-0.724,90.0,B0C0,0,175.6,753.04,0,-1
257,legit_39,240.65,798.4,12.5701,1.7783,90.0,B4C4,0,99.74,571.58,0,-1
257,legit_40,601.6,980.81,11.8221,0.6888,0.0,D4D5,0,178.5,556.72,0,-1
257,legit_41,398.4,290.73,11.6965,-0.0337,180.0,C2C1,1,86.37,548.33,0,-1
257,legit_42,198.4,955.89,10.0332,1.6178,180.0,B5B4,0,125.59,652.05,0,-1
258,legit_25,275.82,201.6,11.7306,1.1549,270.0,C1B1,1,149.96,636.78,0,-1
258,legit_26,598.4,209.57,6.6623,-4.4514,180.0,D2D1,0,173.33,562.02,0,-1
258,legit_27,367.58,598.4,12.9017,-0.2782,90.0,B3C3,1,82.44,489.71,0,-1
258,legit_28,201.6,438.17,11.5411,1.7255,0.0,B2B3,0,93.66,583.21,0,-1
258,legit_30,801.6,523.45,13.1904,0.1863,0.0,E2E3,0,92.32,484.14,0,-1
258,legit_32,592.27,1.6,6.5608,-0.5382,253.62,D0C0,1,185.1,704.67,0,-1
258,legit_34,1001.6,982.72,12.5412,-0.6271,0.0,F4F5,0,108.66,664.99,0,-1
258,legit_35,401.6,583.69,13.6679,-0.1744,0.0,C2C3,1,51.07,478.24,0,-1
258,legit_36,534.93,-1.6,12.9271,-0.1956,90.0,C0D0,1,148.32,709.55,0,-1
258,legit_37,1.6,442.05,12.9039,-0.977,0.0,A2A3,0,169.57,720.2,0,-1
258,legit_38,336.94,-1.6,13.6281,0.7493,90.0,B0C0,0,166.04,748.62,0,-1
258,legit_39,252.66,798.4,12.0036,-0.5665,90.0,B4C4,0,110.77,565.78,0,-1
258,legit_40,601.6,988.13,7.3221,-4.5,0.0,D4D5,0,174.53,560.74,0,-1
258,legit_41,398.4,279.13,11.6073,-0.0892,180.0,C2C1,1,95.93,553.66,0,-1
258,legit_42,198.4,944.51,11.3854,1.3521,180.0,B5B4,0,115.17,646.76,0,-1
258,legit_43,1.6,612.3,0.0,0.0,0.0,A3A4,0,148.91,705.14,0,-1
259,legit_25,265.23,201.6,10.5844,-1.1462,270.0,C1B1,1,141.2,641.32,0,-1
259,legit_26,599.29,205.96,3.908,-2.7542,169.29,:D1_17,0,172.27,564.04,0,-1
259,legit_27,379.19,598.4,11.6181,-1.2836,90.0,B3C3,1,70.82,485.56,0,-1
259,legit_28,201.6,451.77,13.5971,2.056,0.0,B2B3,0,105.28,580.51,0,-1
259,legit_30,801.6,536.87,13.4209,0.2305,0.0,E2E3,0,81.54,482.61,0,-1
259,legit_32,584.38,1.6,7.8927,1.3319,270.0,D0C0,1,179.1,704.77,0,-1
259,legit_34,1001.6,992.47,9.7509,-2.7903,0.0,F4F5,0,100.02,669.86,0,-1
259,legit_35,401.6,596.43,12.7389,-0.929,0.0,:C3_9,1,48.53,477.98,0,-1
259,legit_36,547.97,-1.6,13.0391,0.1119,90.0,C0D0,1,156.16,708.69,0,-1
259,legit_37,1.6,455.09,13.0397,0.1359,0.0,A2A3,0,176.25,717.84,0,-1
259,legit_38,350.38,-1.6,13.4467,-0.1814,90.0,B0C0,0,157.19,744.46,0,-1
259,legit_39,264.41,798.4,11.7554,-0.2481,90.0,B4C4,1,121.74,560.26,0,-1
259,legit_40,601.6,991.93,3.7971,-3.525,0.0,D4D5,0,172.57,562.86,0,-1
259,legit_41,398.4,267.81,11.3174,-0.29,180.0,C2C1,1,105.65,559.0,0,-1
259,legit_42,198.4,931.85,12.6596,1.2743,180.0,B5B4,1,103.82,641.03,0,-1
259,legit_43,1.6,614.13,1.8252,1.8252,0.0,A3A4,0,149.07,705.17,0,-1
260,legit_25,253.66,201.6,11.5756,0.9912,270.0,C1B1,0,131.92,646.42,0,-1
260,legit_26,601.6,207.68,3.6134,-0.2947,78.9,D1D2,0,172.37,563.07,0,-1
260,legit_27,387.26,598.4,8.0709,-3.5472,90.0,B3C3,1,62.76,482.76,0,-1
260,legit_28,201.6,464.85,13.0832,-0.5138,0.0,B2B3,0,116.86,578.09,0,-1
260,legit_30,801.6,549.68,12.8104,-0.6105,0.0,E2E3,0,72.07,481.37,0,-1
260,legit_32,574.73,1.6,9.6548,1.7622,270.0,D0C0,1,171.97,704.99,0,-1
260,legit_34,1001.39,998.29,5.8372,-3.9137,357.55,:F5_0,0,95.08,672.7,0,-1
260,legit_35,401.6,609.41,12.9788,0.2399,0.0,C3C4,1,49.31,478.05,0,-1
260,legit_36,560.6,-1.6,12.6343,-0.4047,90.0,C0D0,1,164.38,708.05,0,-1
260,legit_37,1.6,468.36,13.2732,0.2335,0.0,A2A3,1,183.75,715.64,0,-1
260,legit_38,363.43,-1.6,13.0475,-0.3991,90.0,B0C0,0,149.27,740.61,0,-1
260,legit_39,277.02,798.4,12.6092,0.8538,90.0,B4C4,1,133.66,554.49,0,-1
260,legit_40,602.79,996.65,4.974,1.1768,14.06,:D5_3,0,169.17,565.51,0,-1
260,legit_41,398.4,256.11,11.6993,0.3819,180.0,C2C1,0,116.0,564.66,0,-1
260,legit_42,198.4,920.26,11.5877,-1.0719,180.0,B5B4,1,93.72,635.92,0,-1
260,legit_43,1.6,617.48,3.3515,1.5263,0.0,A3A4,1,149.43,705.24,0,-1
261,legit_25,242.63,201.6,11.0299,-0.5457,270.0,C1B1,0,123.44,651.42,0,-1
261,legit_26,601.6,213.74,6.0558,2.4425,0.0,D1D2,0,175.53,559.71,0,-1
261,legit_27,391.21,598.4,3.9455,-4.1254,90.0,B3C3,1,58.81,481.42,0,-1
261,legit_28,201.6,477.63,12.7838,-0.2995,0.0,B2B3,0,128.45,575.9,0,-1
261,legit_30,801.6,562.79,13.1064,0.296,0.0,E2E3,0,63.62,480.34,0,-1
261,legit_32,563.27,1.6,11.4585,1.8037,270.0,D0C0,1,163.85,705.38,0,-1
261,legit_34,997.52,1001.5,5.5027,-0.3345,305.52,:F5_0,0,94.43,672.37,0,-1
261,legit_35,401.6,622.48,13.0634,0.0845,0.0,C3C4,1,53.36,478.48,0,-1
261,legit_36,573.23,-1.6,12.63,-0.0043,90.0,C0D0,1,173.13,707.59,0,-1
261,legit_37,1.6,481.7,13.3409,0.0676,0.0,A2A3,1,189.78,713.63,0,-1
261,legit_38,376.5,-1.6,13.0685,0.021,90.0,B0C0,0,142.09,736.95,0,-1
261,legit_39,289.35,798.4,12.3247,-0.2845,90.0,B4C4,1,145.42,549.01,0,-1
261,legit_40,607.5,998.4,5.2251,0.2511,71.24,D5E5,0,164.21,566.53,0,-1
261,legit_41,398.4,244.12,11.9936,0.2943,180.0,C2C1,0,126.85,570.62,0,-1
261,legit_42,198.4,907.76,12.4986,0.9109,180.0,B5B4,1,83.27,630.56,0,-1
261,legit_43,1.6,623.02,5.546,2.1945,0.0,A3A4,1,150.18,705.38,0,-1
262,legit_25,231.36,201.6,11.2641,0.2342,270.0,C1B1,0,115.23,656.66,0,-1
262,legit_26,601.6,221.91,8.1674,2.1116,0.0,D1D2,0,180.02,555.25,0,-1
262,legit_27,397.43,598.4,6.2178,2.2722,90.0,:C3_13,1,52.6,479.34,0,-1
262,legit_28,201.6,490.72,13.0812,0.2975,0.0,B2B3,0,120.85,573.85,0,-1
262,legit_30,801.6,576.48,13.6967,0.5903,0.0,E2E3,0,56.71,479.56,0,-1
262,legit_32,549.6,1.6,13.6713,2.2128,270.0,D0C0,1,154.72,706.04,0,-1
262,legit_34,992.01,1001.6,5.5198,0.0171,270.34,F5E5,0,97.52,669.66,0,-1
262,legit_35,401.6,636.09,13.6129,0.5495,0.0,C3C4,1,60.37,479.25,0,-1
262,legit_36,584.42,-1.6,11.1852,-1.4448,90.0,C0D0,1,181.26,707.33,0,-1
262,legit_37,1.6,494.87,13.1679,-0.1729,0.0,A2A3,1,181.87,711.85,0,-1
262,legit_38,389.7,-1.6,13.2034,0.1349,90.0,B0C0,0,135.73,733.45,0,-1
262,legit_39,302.19,798.4,12.8457,0.521,90.0,B4C4,1,153.55,543.47,0,-1
262,legit_40,614.69,998.4,7.1896,1.9645,90.0,D5E5,0,158.01,566.61,0,-1
262,legit_41,398.4,232.28,11.8394,-0.1542,180.0,C2C1,0,123.57,576.64,0,-1
262,legit_42,198.4,896.23,11.5332,-0.9655,180.0,B5B4,1,74.19,625.77,0,-1
262,legit_43,1.6,630.56,7.5406,1.9946,0.0,A3A4,1,151.51,705.63,0,-1
263,legit_25,219.79,201.6,11.5777,0.3135,270.0,C1B1,0,107.37,662.2,0,-1
263,legit_26,601.6,232.2,10.2948,2.1274,0.0,D1D2,0,186.04,549.74,0,-1
263,legit_27,405.16,598.4,7.7286,1.5108,90.0,:C3_13,1,44.87,476.81,0,-1
263,legit_28,201.6,503.88,13.1649,0.0837,0.0,B2B3,0,109.09,571.96,0,-1
263,legit_30,801.6,586.74,10.261,-3.4357,0.0,E2E3,0,53.28,479.19,0,-1
263,legit_32,536.18,1.6,13.4139,-0.2574,270.0,D0C0,2,146.44,706.9,0,-1
263,legit_34,984.66,1001.6,7.3487,1.8289,270.0,F5E5,0,102.06,666.03,0,-1
263,legit_35,401.6,649.84,13.7499,0.137,0.0,C3C4,1,69.47,480.32,0,-1
263,legit_36,591.56,-1.6,7.1403,-4.0449,90.0,C0D0,1,186.62,707.23,0,-1
263,legit_37,1.6,507.6,12.7363,-0.4316,0.0,A2A3,1,174.81,710.32,0,-1
263,legit_38,403.19,-1.6,13.4817,0.2783,90.0,:C0_6,1,130.3,730.09,0,-1
263,legit_39,314.75,798.4,12.5616,-0.2841,90.0,B4C4,1,141.5,538.23,0,-1
263,legit_40,624.17,998.4,9.4821,2.2925,90.0,D5E5,0,149.97,566.82,0,-1
263,legit_41,398.4,220.07,12.2039,0.3645,180.0,C2C1,0,112.59,583.0,0,-1
263,legit_42,198.4,883.81,12.419,0.8858,180.0,B5B4,1,65.28,620.78,0,-1
263,legit_43,1.6,639.96,9.3951,1.8545,0.0,A3A4,1,153.69,706.05,0,-1
264,legit_25,211.5,201.6,8.2858,-3.2919,270.0,C1B1,0,102.18,666.26,0,-1
264,legit_26,601.6,244.92,12.7187,2.4238,0.0,D1D2,0,187.79,543.13,0,-1
264,legit_27,414.67,598.4,9.5085,1.7799,90.0,C3D3,1,35.37,473.8,0,-1
264,legit_28,201.6,516.75,12.8686,-0.2963,0.0,B2B3,0,97.95,570.29,0,-1
264,legit_30,801.45,593.85,7.1233,-3.1377,358.27,:E3_10,0,51.82,479.0,0,-1
264,legit_32,522.67,1.6,13.514,0.1001,270.0,D0C0,2,138.92,707.97,0,-1
264,legit_34,974.76,1001.6,9.8997,2.5509,270.0,F5E5,0,108.66,661.24,0,-1
264,legit_35,401.6,663.4,13.5651,-0.1848,0.0,C3C4,1,79.77,481.65,0,-1
264,legit_36,595.9,-1.16,4.3802,-2.7601,84.9,:D0_7,1,189.65,706.85,0,-1
264,legit_37,1.6,521.42,13.8208,1.0845,0.0,A2A3,1,167.92,708.88,0,-1
264,legit_38,416.24,-1.6,13.0559,-0.4258,90.0,C0D0,1,126.2,727.05,0,-1
264,legit_39,326.84,798.4,12.0831,-0.4784,90.0,B4C4,1,130.0,533.34,0,-1
264,legit_40,636.03,998.4,11.8563,2.3743,90.0,D5E5,0,140.17,567.22,0,-1
264,legit_41,398.4,210.3,9.7729,-2.431,180.0,C2C1,0,104.0,588.21,0,-1
264,legit_42,198.4,872.34,11.4635,-0.9555,180.0,B5B4,1,58.21,616.36,0,-1
264,legit_43,1.6,650.77,10.8097,1.4147,0.0,A3A4,1,156.84,706.66,0,-1
264,legit_44,412.3,398.4,0.0,0.0,90.0,C2D2,0,53.81,504.4,0,-1
265,legit_25,200.69,201.6,10.811,2.5253,270.0,:B1_5,0,96.06,671.69,0,-1
265,legit_26,601.6,258.22,13.2956,0.5769,0.0,D1D2,0,179.95,536.43,0,-1
265,legit_27,425.96,598.4,11.2929,1.7844,90.0,C3D3,1,24.1,470.36,0,-1
265,legit_28,201.6,529.81,13.0588,0.1902,0.0,B2B3,0,87.12,568.78,0,-1
265,legit_30,798.71,599.81,6.8409,-0.2824,329.09,:E3_18,0,48.71,478.06,0,-1
265,legit_32,509.83,1.6,12.8378,-0.6762,270.0,D0C0,2,132.66,709.2,0,-1
265,legit_34,963.08,1001.6,11.6862,1.7865,270.0,F5E5,0,117.06,655.73,0,-1
265,legit_35,401.6,677.02,13.6215,0.0564,0.0,C3C4,2,90.97,483.22,0,-1
265,legit_36,600.57,2.56,6.2433,1.863,46.26,:D0_10,1,190.06,703.88,0,-1
265,legit_37,1.6,534.21,12.7856,-1.0352,0.0,A2A3,1,162.33,707.74,0,-1
265,legit_38,429.94,-1.6,13.6971,0.6411,90.0,C0D0,1,123.24,724.1,0,-1
265,legit_39,338.96,798.4,12.1249,0.0418,90.0,B4C4,1,118.57,528.59,0,-1
265,legit_40,647.9,998.4,11.8774,0.0211,90.0,D5E5,0,130.7,567.78,0,-1
265,legit_41,398.09,205.05,5.2729,-4.5,183.53,:C1_0,0,99.64,591.13,0,-1
265,legit_42,198.4,860.13,12.2099,0.7464,180.0,B5B4,0,52.42,611.87,0,-1
265,legit_43,1.6,664.14,13.3731,2.5633,0.0,A3A4,1,161.67,707.61,0,-1
265,legit_44,414.28,398.4,1.9757,1.9757,90.0,C2D2,0,52.45,503.83,0,-1
266,legit_25,189.6,201.6,11.0936,0.2826,270.0,B1A1,0,90.7,677.42,0,-1
266,legit_26,601.6,271.47,13.2497,-0.0459,0.0,D1D2,0,172.8,529.98,0,-1
266,legit_27,439.57,598.4,13.6087,2.3157,90.0,C3D3,1,10.56,466.4,0,-1
266,legit_28,201.6,542.97,13.1608,0.102,0.0,B2B3,0,76.91,567.47,0,-1
266,legit_30,791.94,601.6,7.1518,0.3109,277.85,E3D3,0,41.97,475.88,0,-1
266,legit_32,496.32,1.6,13.5165,0.6788,270.0,D0C0,2,127.14,710.7,0,-1
266,legit_34,949.68,1001.6,13.4009,1.7147,270.0,F5E5,0,127.32,649.61,0,-1
266,legit_35,401.6,689.66,12.6337,-0.9878,0.0,C3C4,2,101.89,484.87,0,-1
266,legit_36,601.6,10.3,7.9215,1.6782,3.08,D0D1,1,184.54,697.74,0,-1
266,legit_37,1.6,546.85,12.6436,-0.142,0.0,A2A3,1,157.63,706.81,0,-1
266,legit_38,443.62,-1.6,13.6807,-0.0164,90.0,C0D0,1,121.77,721.39,0,-1
266,legit_39,351.89,798.4,12.9247,0.7998,90.0,B4C4,1,106.57,523.71,0,-1
266,legit_40,659.96,998.4,12.0558,0.1784,90.0,D5E5,0,121.52,568.51,0,-1
266,legit_41,393.87,201.75,5.7804,0.5074,236.69,:C1_0,0,99.17,594.15,0,-1
266,legit_42,198.4,848.3,11.8357,-0.3742,180.0,B5B4,0,49.11,607.76,0,-1
266,legit_43,1.6,677.44,13.3033,-0.0697,0.0,A3A4,1,167.39,708.77,0,-1
266,legit_44,418.78,398.4,4.5092,2.5336,90.0,C2D2,0,49.49,502.53,0,-1
267,legit_25,178.19,201.6,11.4064,0.3128,270.0,B1A1,0,86.33,683.5,0,-1
267,legit_26,601.6,284.61,13.1396,-0.1101,0.0,D1D2,0,166.45,523.82,0,-1
267,legit_27,452.79,598.4,13.2246,-0.3841,90.0,C3D3,1,3.22,463.05,0,-1
267,legit_28,201.6,555.56,12.5915,-0.5693,0.0,B2B3,0,68.1,566.41,0,-1
267,legit_30,782.33,601.6,9.6085,2.4567,270.0,E3D3,0,32.37,472.87,0,-1
267,legit_32,483.42,1.6,12.8968,-0.6198,270.0,D0C0,2,123.03,712.36,0,-1
267,legit_34,937.12,1001.6,12.5586,-0.8423,270.0,F5E5,0,137.44,644.05,0,-1
267,legit_35,401.6,702.72,13.0575,0.4238,0.0,C3C4,2,113.55,486.78,0,-1
267,legit_36,601.6,20.51,10.2038,2.2823,0.0,D0D1,2,178.66,689.72,0,-1
267,legit_37,1.6,560.34,13.4835,0.8399,0.0,A2A3,1,153.61,706.03,0,-1
267,legit_38,456.23,-1.6,12.6136,-1.0671,90.0,C0D0,2,121.76,719.11,0,-1
267,legit_39,364.87,798.4,12.9788,0.0541,90.0,B4C4,1,94.75,518.99,0,-1
267,legit_40,671.88,998.4,11.9261,-0.1297,90.0,D5E5,0,112.96,569.42,0,-1
267,legit_41,388.2,201.6,5.68,-0.1003,269.36,C1B1,0,102.36,595.9,0,-1
267,legit_42,198.4,835.62,12.6784,0.8428,180.0,B5B4,0,48.6,603.64,0,-1
267,legit_43,1.6,690.66,13.2159,-0.0875,0.0,A3A4,1,173.9,710.13,0,-1
267,legit_44,425.8,398.4,7.0149,2.5057,90.0,C2D2,0,45.39,500.59,0,-1
268,legit_25,166.42,201.6,11.7656,0.3593,270.0,B1A1,0,83.24,689.96,0,-1
268,legit_26,601.6,297.91,13.3045,0.1649,0.0,D1D2,0,160.87,517.81,0,-1
268,legit_27,466.46,598.4,13.6648,0.4402,90.0,C3D3,1,16.53,460.85,0,-1
268,legit_28,201.6,568.17,12.6071,0.0156,0.0,B2B3,0,60.63,565.58,0,-1
268,legit_30,770.89,601.6,11.4475,1.839,270.0,E3D3,0,20.95,469.42,0,-1
268,legit_32,470.26,1.6,13.1593,0.2625,270.0,D0C0,2,120.12,714.27,0,-1
268,legit_34,924.65,1001.6,12.4682,-0.0904,270.0,F5E5,0,147.85,638.69,0,-1
268,legit_35,401.6,716.09,13.375,0.3176,0.0,C3C4,2,125.78,488.93,0,-1
268,legit_36,601.6,32.75,12.2442,2.0404,0.0,D0D1,2,172.15,680.22,0,-1
268,legit_37,1.6,573.39,13.0563,-0.4271,0.0,A2A3,1,150.77,705.49,0,-1
268,legit_38,469.92,-1.6,13.6868,1.0732,90.0,C0D0,2,123.22,716.88,0,-1
268,legit_39,376.7,798.4,11.8349,-1.1439,90.0,B4C4,1,84.28,514.87,0,-1
268,legit_40,683.68,998.4,11.7988,-0.1273,90.0,D5E5,0,105.15,570.49,0,-1
268,legit_41,381.11,201.6,7.0876,1.4075,270.0,C1B1,0,106.79,598.05,0,-1
268,legit_42,198.4,824.11,11.506,-1.1725,180.0,B5B4,0,50.94,600.18,0,-1
268,legit_43,1.6,703.88,13.2155,-0.0003,0.0,A3A4,1,181.14,711.69,0,-1
268,legit_44,435.11,398.4,9.3111,2.2961,90.0,C2D2,0,41.19,498.17,0,-1
269,legit_25,155.55,201.6,10.8718,-0.8938,270.0,B1A1,0,81.79,696.12,0,-1
269,legit_26,601.6,311.76,13.8456,0.5411,0.0,D1D2,0,156.05,511.83,0,-1
269,legit_27,480.14,598.4,13.6888,0.024,90.0,C3D3,0,30.19,458.88,0,-1
269,legit_28,201.6,581.04,12.8744,0.2673,0.0,B2B3,0,54.97,564.98,0,-1
269,legit_30,757.3,601.6,13.5824,2.1349,270.0,E3D3,0,7.48,465.52,0,-1
269,legit_32,456.91,1.6,13.3511,0.1918,270.0,D0C0,1,118.6,716.44,0,-1
269,legit_34,911.64,1001.6,13.0054,0.5372,270.0,F5E5,0,159.03,633.27,0,-1
269,legit_35,401.6,729.61,13.5152,0.1402,0.0,C3C4,1,120.54,491.32,0,-1
269,legit_36,601.6,45.65,12.8969,0.6527,0.0,D0D1,1,165.98,670.36,0,-1
269,legit_37,1.6,586.65,13.254,0.1976,0.0,A2A3,1,149.0,705.16,0,-1
269,legit_38,482.79,-1.6,12.8675,-0.8193,90.0,C0D0,2,125.94,715.01,0,-1
269,legit_39,386.4,798.4,9.7017,-2.1333,90.0,B4C4,1,75.99,511.61,0,-1
269,legit_40,695.84,998.4,12.1607,0.3619,90.0,D5E5,0,97.94,571.79,0,-1
269,legit_41,371.83,201.6,9.2782,2.1906,270.0,C1B1,0,113.0,600.95,0,-1
269,legit_42,198.4,812.22,11.8991,0.3932,180.0,B5B4,0,55.81,596.85,0,-1
269,legit_43,1.6,717.72,13.842,0.6265,0.0,A3A4,1,189.42,713.55,0,-1
269,legit_44,446.82,398.4,11.7118,2.4008,90.0,C2D2,0,38.53,495.39,0,-1
270,legit_25,143.8,201.6,11.7477,0.8759,270.0,B1A1,0,81.83,702.98,0,-1
270,legit_26,601.6,325.04,13.2832,-0.5624,0.0,D1D2,0,152.46,506.34,0,-1
270,legit_27,493.96,598.4,13.8116,0.1229,90.0,C3D3,0,43.99,457.11,0,-1
270,legit_30,744.61,601.6,12.6888,-0.8936,270.0,E3D3,0,5.62,462.61,0,-1
270,legit_32,443.64,1.6,13.2667,-0.0844,270.0,D0C0,1,118.57,718.83,0,-1
270,legit_34,899.47,1001.6,12.1722,-0.8331,270.0,F5E5,0,168.78,628.35,0,-1
270,legit_35,401.6,742.45,12.8454,-0.6699,0.0,C3C4,1,108.9,493.77,0,-1
270,legit_36,601.6,58.41,12.7647,-0.1322,0.0,D0D1,1,160.67,660.76,0,-1
270,legit_37,1.6,600.47,13.818,0.564,0.0,:A3_7,1,148.4,705.05,0,-1
270,legit_38,496.18,-1.6,13.3975,0.53,90.0,C0D0,2,130.08,713.28,0,-1
270,legit_39,391.6,798.4,5.2017,-4.5,90.0,B4C4,1,71.7,509.92,0,-1
270,legit_40,706.98,998.4,11.1348,-1.0259,90.0,D5E5,0,92.25,573.17,0,-1
270,legit_41,361.02,201.6,10.8116,1.5334,270.0,C1B1,0,120.73,604.48,0,-1
270,legit_42,198.4,799.52,12.6947,0.7956,180.0,:B4_1,0,63.1,593.54,0,-1
270,legit_43,1.6,731.0,13.2782,-0.5638,0.0,A3A4,1,184.13,715.54,0,-1
270,legit_44,459.82,398.4,12.9954,1.2836,90.0,C2D2,0,39.64,492.68,0,-1
270,legit_45,8.3,-1.6,0.0,0.0,90.0,A0B0,0,186.72,909.59,0,-1
271,legit_25,132.51,201.6,11.2976,-0.4501,270.0,B1A1,0,83.45,709.77,0,-1
271,legit_26,601.6,338.07,13.0352,-0.2481,0.0,D1D2,1,150.01,501.2,0,-1
271,legit_27,507.81,598.4,13.8521,0.0405,90.0,C3D3,0,57.83,455.56,0,-1
271,legit_30,731.33,601.6,13.2849,0.5961,270.0,E3D3,0,18.74,460.52,0,-1
271,legit_32,429.95,1.6,13.6927,0.426,270.0,D0C0,1,120.09,721.55,0,-1
271,legit_34,886.07,1001.6,13.3975,1.2253,270.0,F5E5,0,157.04,623.12,0,-1
271,legit_35,401.6,756.16,13.704,0.8587,0.0,C3C4,1,96.81,496.6,0,-1
271,legit_36,601.6,72.05,13.6338,0.8691,0.0,D0D1,1,155.95,650.7,0,-1
271,legit_37,1.6,613.8,13.3385,-0.4795,0.0,A3A4,1,149.04,705.17,0,-1
271,legit_38,509.44,-1.6,13.2602,-0.1373,90.0,C0D0,2,135.35,711.8,0,-1
271,legit_39,396.61,797.23,5.2573,0.0556,103.8,:C4_12,1,68.41,508.01,0,-1
271,legit_40,718.3,998.4,11.317,0.1822,90.0,D5E5,0,87.54,574.76,0,-1
271,legit_41,349.08,201.6,11.937,1.1255,270.0,C1B1,0,129.78,608.53,0,-1
271,legit_42,198.4,787.31,12.206,-0.4887,180.0,B4B3,0,71.54,590.58,0,-1
271,legit_43,1.6,743.77,12.7777,-0.5006,0.0,A3A4,1,176.87,717.64,0,-1
271,legit_44,473.47,398.4,13.6497,0.6543,90.0,C2D2,1,45.0,490.26,0,-1
271,legit_45,10.04,-1.6,1.7395,1.7395,90.0,A0B0,0,185.41,908.46,0,-1
272,legit_25,121.29,201.6,11.2204,-0.0772,270.0,B1A1,0,86.5,716.7,0,-1
272,legit_26,601.6,350.94,12.8694,-0.1658,0.0,D1D2,1,148.68,496.38,0,-1
272,legit_27,521.59,598.4,13.7791,-0.073,90.0,C3D3,0,71.61,454.23,0,-1
272,legit_30,718.04,601.6,13.2858,0.0009,270.0,E3D3,0,32.0,458.64,0,-1
272,legit_32,416.2,1.6,13.7488,0.0562,270.0,D0C0,1,123.13,724.52,0,-1
272,legit_34,873.22,1001.6,12.853,-0.5446,270.0,F5E5,1,146.05,618.27,0,-1
272,legit_35,401.6,770.04,13.8867,0.1827,0.0,C3C4,1,85.07,499.69,0,-1
272,legit_36,601.6,85.14,13.0873,-0.5465,0.0,D0D1,1,152.44,641.23,0,-1
272,legit_37,1.6,626.86,13.0535,-0.2849,0.0,A3A4,1,150.81,705.5,0,-1
272,legit_38,521.86,-1.6,12.4107,-0.8495,90.0,C0D0,2,141.24,710.61,0,-1
272,legit_39,398.4,791.7,6.0657,0.8085,167.19,C4C3,1,70.68,505.99,0,-1
272,legit_40,730.53,998.4,12.2306,0.9136,90.0,D5E5,1,83.89,576.7,0,-1
272,legit_41,337.63,201.6,11.4489,-0.4882,270.0,C1B1,0,138.87,612.57,0,-1
272,legit_42,198.4,775.37,11.9494,-0.2566,180.0,B4B3,0,80.75,587.85,0,-1
272,legit_43,1.6,756.86,13.084,0.3063,0.0,A3A4,1,170.1,719.99,0,-1
272,legit_44,486.75,398.4,13.2863,-0.3633,90.0,C2D2,1,53.15,488.26,0,-1
272,legit_45,13.62,-1.6,3.5819,1.8424,90.0,A0B0,0,182.72,906.15,0,-1
273,legit_25,110.3,201.6,10.9852,-0.2351,270.0,B1A1,0,90.74,723.66,0,-1
273,legit_26,601.6,363.82,12.875,0.0057,0.0,D1D2,1,148.45,491.81,0,-1
273,legit_27,535.45,598.4,13.8599,0.0808,90.0,C3D3,0,85.46,453.11,0,-1
273,legit_30,704.79,601.6,13.2523,-0.0335,270.0,E3D3,0,45.24,456.96,0,-1
273,legit_32,403.29,1.6,12.9098,-0.839,270.0,:C0_4,1,127.28,727.54,0,-1
273,legit_34,859.82,1001.6,13.4037,0.5507,270.0,F5E5,1,134.93,613.4,0,-1
273,legit_35,401.6,783.64,13.5999,-0.2869,0.0,C3C4,1,74.29,502.95,0,-1
273,legit_36,601.6,98.9,13.7616,0.6744,0.0,D0D1,1,149.89,631.5,0,-1
273,legit_37,1.6,639.68,12.8189,-0.2346,0.0,A3A4,1,153.61,706.03,0,-1
273,legit_38,535.01,-1.6,13.1584,0.7477,90.0,C0D0,2,148.37,709.54,0,-1
273,legit_39,398.4,783.99,7.7166,1.6509,180.0,C4C3,1,76.16,504.02,0,-1
273,legit_40,742.5,998.4,11.9723,-0.2583,90.0,D5E5,1,81.94,578.85,0,-1
273,legit_41,326.27,201.6,11.3651,-0.0838,270.0,C1B1,0,148.22,616.72,0,-1
273,legit_42,198.4,763.3,12.0674,0.1181,180.0,B4B3,0,90.7,585.27,0,-1
273,legit_43,1.6,770.13,13.2733,0.1893,0.0,A3A4,1,164.03,722.58,0,-1
273,legit_44,499.94,398.4,13.1887,-0.0976,90.0,C2D2,1,63.0,486.55,0,-1
273,legit_45,19.5,-1.6,5.8804,2.2985,90.0,A0B0,0,178.37,902.36,0,-1
274,legit_25,98.53,201.6,11.772,0.7868,270.0,B1A1,0,96.48,731.29,0,-1
274,legit_26,601.6,377.27,13.4541,0.5791,0.0,D1D2,1,149.4,487.3,0,-1
274,legit_27,549.24,598.4,13.7966,-0.0634,90.0,C3D3,1,99.26,452.22,0,-1
274,legit_30,692.07,601.6,12.7179,-0.5344,270.0,E3D3,1,57.95,455.54,0,-1
274,legit_32,389.6,1.6,13.6856,0.7758,270.0,C0B0,0,132.91,730.96,0,-1
274,legit_34,846.94,1001.6,12.8742,-0.5294,270.0,F5E5,1,124.68,608.92,0,-1
274,legit_35,401.6,792.74,9.0999,-4.5,0.0,C3C4,1,67.65,505.27,0,-1
274,legit_36,601.6,112.58,13.6809,-0.0807,0.0,D0D1,1,148.59,622.05,0,-1
274,legit_37,1.6,653.38,13.7055,0.8866,0.0,A3A4,1,157.71,706.83,0,-1
274,legit_38,547.59,-1.6,12.5764,-0.5819,90.0,C0D0,1,155.92,708.72,0,-1
274,legit_39,398.4,773.92,10.0644,2.3478,180.0,C4C3,1,83.84,501.58,0,-1
274,legit_40,754.3,998.4,11.8026,-0.1698,90.0,D5E5,1,81.71,581.2,0,-1
274,legit_41,314.93,201.6,11.3373,-0.0279,270.0,C1B1,0,157.8,620.99,0,-1
274,legit_42,198.4,751.74,11.5555,-0.5119,180.0,B4B3,0,100.66,582.95,0,-1
274,legit_43,1.6,783.37,13.2382,-0.0351,0.0,A3A4,1,158.84,725.37,0,-1
274,legit_44,513.49,398.4,13.5445,0.3558,90.0,C2D2,1,74.2,485.06,0,-1
274,legit_45,27.3,-1.6,7.8025,1.9221,90.0,A0B0,0,172.74,897.38,0,-1
275,legit_25,87.69,201.6,10.84,-0.932,270.0,B1A1,0,102.67,738.46,0,-1
275,legit_26,601.6,390.19,12.9144,-0.5397,0.0,D1D2,1,151.44,483.24,0,-1
275,legit_27,562.98,598.4,13.7376,-0.0589,90.0,C3D3,1,112.99,451.54,0,-1
275,legit_30,678.91,601.6,13.1591,0.4412,270.0,E3D3,1,71.1,454.27,0,-1
275,legit_32,376.63,1.6,12.9706,-0.715,270.0,C0B0,0,139.29,734.41,0,-1
275,legit_34,834.73,1001.6,12.217,-0.6572,270.0,F5E5,1,115.43,604.83,0,-1
275,legit_35,404.42,797.85,6.2312,-2.8687,34.32,:C4_8,1,62.08,505.75,0,-1
275,legit_36,601.6,126.46,13.8823,0.2013,0.0,D0D1,1,148.54,612.71,0,-1
275,legit_37,1.6,666.18,12.7988,-0.9067,0.0,A3A4,1,162.49,707.77,0,-1
275,legit_38,560.18,-1.6,12.5938,0.0174,90.0,C0D0,1,164.09,708.07,0,-1
275,legit_39,398.4,762.27,11.6501,1.5857,180.0,C4C3,1,93.3,498.91,0,-1
275,legit_40,766.4,998.4,12.1025,0.3,90.0,D5E5,1,83.23,583.86,0,-1
275,legit_41,302.84,201.6,12.0908,0.7536,270.0,C1B1,0,168.27,625.7,0,-1
275,legit_42,198.4,739.66,12.0861,0.5306,180.0,B4B3,0,111.41,580.68,0,-1
275,legit_43,1.6,792.27,8.8983,-4.3399,0.0,A3A4,1,155.89,727.36,0,-1
275,legit_44,526.88,398.4,13.3938,-0.1507,90.0,C2D2,1,85.94,483.81,0,-1
275,legit_45,36.59,-1.6,9.2878,1.4853,90.0,A0B0,0,166.28,891.51,0,-1
276,legit_25,76.45,201.6,11.2426,0.4026,270.0,B1A1,0,109.86,746.04,0,-1
276,legit_27,576.68,598.4,13.6944,-0.0432,90.0,C3D3,1,126.69,451.08,0,-1
276,legit_30,665.7,601.6,13.2182,0.0591,270.0,E3D3,1,84.32,453.2,0,-1
276,legit_32,363.31,1.6,13.3234,0.3527,270.0,C0B0,0,146.74,738.15,0,-1
276,legit_34,822.4,1001.6,12.3222,0.1051,270.0,F5E5,1,106.72,600.89,0,-1
276,legit_35,410.67,798.4,6.3308,0.0996,87.52,C4D4,1,57.25,504.02,0,-1
276,legit_36,601.6,139.18,12.7212,-1.161,0.0,D0D1,1,149.63,604.37,0,-1
276,legit_37,1.6,679.91,13.734,0.9352,0.0,A3A4,1,168.55,709.01,0,-1
276,legit_38,573.3,-1.6,13.1143,0.5205,90.0,C0D0,1,173.17,707.59,0,-1
276,legit_39,398.4,750.45,11.8197,0.1696,180.0,C4C3,1,103.35,496.37,0,-1
276,legit_40,777.84,998.4,11.4344,-0.6682,90.0,D5E5,1,86.22,586.59,0,-1
276,legit_41,290.38,201.6,12.4638,0.3729,270.0,C1B1,0,162.37,630.72,0,-1
276,legit_42,198.4,728.2,11.452,-0.6341,180.0,B4B3,0,121.82,578.66,0,-1
276,legit_43,3.44,797.26,5.5605,-3.3378,22.48,:A4_6,1,152.66,727.07,0,-1
276,legit_44,540.17,398.4,13.2862,-0.1076,90.0,C2D2,0,98.0,482.8,0,-1
276,legit_45,47.32,-1.6,10.7308,1.443,90.0,A0B0,1,159.15,884.81,0,-1
276,legit_46,1.6,8.3,0.0,0.0,0.0,A0A1,1,185.74,907.52,0,-1
277,legit_25,65.33,201.6,11.1205,-0.1221,270.0,B1A1,0,117.59,753.66,0,-1
277,legit_27,586.4,598.4,9.7279,-3.9665,90.0,C3D3,1,136.41,450.88,0,-1
277,legit_30,652.18,601.6,13.5118,0.2936,270.0,E3D3,1,97.83,452.3,0,-1
277,legit_32,349.49,1.6,13.8177,0.4944,270.0,C0B0,0,155.31,742.25,0,-1
277,legit_34,809.14,1001.6,13.2668,0.9446,270.0,F5E5,1,98.2,596.86,0,-1
277,legit_35,418.55,798.4,7.8756,1.5448,90.0,C4D4,1,52.15,501.75,0,-1
277,legit_36,601.6,152.44,13.2572,0.5359,0.0,D0D1,0,151.9,595.9,0,-1
277,legit_37,1.6,693.33,13.4172,-0.3168,0.0,A3A4,1,175.31,710.43,0,-1
277,legit_38,586.77,-1.6,13.4693,0.3551,90.0,C0D0,0,183.01,707.29,0,-1
277,legit_39,398.4,737.49,12.9614,1.1417,180.0,C4C3,1,114.76,493.77,0,-1
277,legit_40,789.32,998.4,11.4784,0.044,90.0,D5E5,1,90.58,589.55,0,-1
277,legit_41,279.08,201.6,11.2972,-1.1666,270.0,C1B1,0,152.71,635.4,0,-1
277,legit_42,198.4,716.17,12.0349,0.5829,180.0,B4B3,0,125.85,576.69,0,-1
277,legit_43,8.97,798.4,5.7714,0.2109,81.37,A4B4,1,147.04,722.98,0,-1
277,legit_44,553.98,398.4,13.8177,0.5315,90.0,C2D2,0,110.85,481.97,0,-1
277,legit_45,59.69,-1.6,12.3698,1.639,90.0,A0B0,1,151.47,877.21,0,-1
277,legit_46,1.6,10.35,2.0515,2.0515,0.0,A0A1,1,184.51,906.19,0,-1
278,legit_25,53.62,201.6,11.7013,0.5808,270.0,B1A1,0,126.28,761.81,0,-1
278,legit_27,591.63,598.4,5.2279,-4.5,90.0,C3D3,1,141.64,450.81,0,-1
278,legit_30,639.01,601.6,13.1771,-0.3347,270.0,E3D3,1,111.0,451.63,0,-1
278,legit_32,336.16,1.6,13.3324,-0.4853,270.0,C0B0,0,164.25,746.4,0,-1
278,legit_34,796.12,1001.6,13.0121,-0.2547,270.0,:E5_0,1,90.96,593.15,0,-1
278,legit_35,428.91,798.4,10.3598,2.4843,90.0,C4D4,1,46.64,498.93,0,-1
278,legit_36,601.6,166.19,13.7489,0.4917,0.0,D0D1,0,155.42,587.36,0,-1
278,legit_37,1.6,706.1,12.7671,-0.6501,0.0,A3A4,1,182.43,711.98,0,-1
278,legit_38,599.27,-1.6,12.5074,-0.962,90.0,:D0_6,0,192.53,707.19,0,-1
278,legit_39,398.4,725.34,12.1528,-0.8086,180.0,C4C3,1,125.74,491.51,0,-1
278,legit_40,801.27,998.4,11.9536,0.4752,90.0,:E5_7,1,96.37,592.83,0,-1
278,legit_41,267.27,201.6,11.8088,0.5116,270.0,C1B1,0,142.87,640.43,0,-1
278,legit_42,198.4,704.18,11.9889,-0.0461,180.0,B4B3,0,114.87,574.88,0,-1
278,legit_43,16.69,798.4,7.7224,1.951,90.0,A4B4,1,139.65,716.94,0,-1
278,legit_44,566.77,398.4,12.7806,-1.0371,90.0,C2D2,0,122.92,481.4,0,-1
278,legit_45,72.99,-1.6,13.2924,0.9226,90.0,A0B0,1,143.94,869.18,0,-1
278,legit_46,1.6,14.39,4.0386,1.9871,0.0,A0A1,1,182.14,903.59,0,-1
279,legit_25,42.37,201.6,11.2553,-0.446,270.0,B1A1,0,135.07,769.76,0,-1
279,legit_27,599.18,598.4,7.5485,2.3206,90.0,:D3_13,1,149.19,450.77,0,-1
279,legit_30,625.38,601.6,13.6315,0.4544,270.0,E3D3,1,124.63,451.13,0,-1
279,legit_32,323.3,1.6,12.862,-0.4704,270.0,C0B0,0,173.41,750.58,0,-1
279,legit_34,783.13,1001.6,12.9984,-0.0137,270.0,E5D5,1,85.11,589.68,0,-1
279,legit_35,441.0,798.4,12.0913,1.7314,90.0,C4D4,1,42.56,495.91,0,-1
279,legit_36,601.6,179.8,13.6079,-0.141,0.0,D0D1,0,159.99,579.16,0,-1
279,legit_37,1.6,719.29,13.1944,0.4273,0.0,A3A4,1,190.4,713.77,0,-1
279,legit_38,612.59,-1.6,13.3152,0.8078,90.0,D0E0,0,183.49,707.28,0,-1
279,legit_39,398.4,712.4,12.9379,0.7851,180.0,C4C3,1,123.68,489.28,0,-1
279,legit_40,813.26,998.4,11.9864,0.0328,90.0,E5F5,1,103.25,596.33,0,-1
279,legit_41,255.32,201.6,11.9511,0.1423,270.0,C1B1,0,133.23,645.68,0,-1
279,legit_42,198.4,692.59,11.5943,-0.3945,180.0,B4B3,0,104.47,573.26,0,-1
279,legit_43,26.1,798.4,9.4131,1.6907,90.0,A4B4,1,130.69,709.63,0,-1
279,legit_44,579.9,398.4,13.1347,0.3541,90.0,C2D2,0,135.46,481.0,0,-1
279,legit_45,85.87,-1.6,12.8874,-0.405,90.0,A0B0,1,137.47,861.56,0,-1
279,legit_46,1.6,20.26,5.8725,1.8339,0.0,A0A1,1,178.8,899.84,0,-1
280,legit_25,31.5,201.6,10.8645,-0.3908,270.0,B1A1,0,143.87,777.53,0,-1
280,legit_27,608.88,598.4,9.6975,2.149,90.0,D3E3,1,141.13,450.82,0,-1
280,legit_30,612.45,601.6,12.9275,-0.704,270.0,E3D3,1,137.56,450.86,0,-1
280,legit_32,309.59,1.6,13.7099,0.8478,270.0,C0B0,0,183.67,755.23,0,-1
280,legit_34,770.55,1001.6,12.5735,-0.425,270.0,E5D5,1,81.05,586.58,0,-1
280,legit_35,453.96,798.4,12.9598,0.8685,90.0,C4D4,1,41.79,493.03,0,-1
280,legit_36,601.6,191.05,11.2594,-2.3485,0.0,D0D1,0,164.53,572.54,0,-1
280,legit_37,1.6,732.41,13.1211,-0.0733,0.0,A3A4,1,183.3,715.76,0,-1
280,legit_38,625.21,-1.6,12.6168,-0.6983,90.0,D0E0,0,174.24,707.54,0,-1
280,legit_39,398.4,700.18,12.2205,-0.7174,180.0,C4C3,1,112.69,487.36,0,-1
280,legit_40,824.28,998.4,11.0214,-0.965,90.0,E5F5,1,110.34,599.72,0,-1
280,legit_41,243.75,201.6,11.5654,-0.3857,270.0,C1B1,0,124.29,650.9,0,-1
280,legit_42,198.4,680.37,12.2179,0.6236,180.0,B4B3,0,93.82,571.72,0,-1
280,legit_43,37.34,798.4,11.236,1.8229,90.0,A4B4,1,120.09,700.98,0,-1
280,legit_44,588.53,398.4,8.6347,-4.5,90.0,C2D2,0,143.76,480.85,0,-1
280,legit_45,99.29,-1.6,13.4178,0.5304,90.0,A0B0,1,131.75,853.79,0,-1
280,legit_46,1.6,28.09,7.8262,1.9537,0.0,A0A1,1,174.56,894.87,0,-1
281,legit_25,20.27,201.6,11.2344,0.3699,270.0,B1A1,0,153.26,785.66,0,-1
281,legit_27,621.09,598.4,12.2091,2.5116,90.0,D3E3,0,128.92,451.02,0,-1
281,legit_32,296.48,1.6,13.1053,-0.6046,270.0,C0B0,0,188.35,759.85,0,-1
281,legit_34,757.22,1001.6,13.3318,0.7583,270.0,E5D5,1,78.73,583.57,0,-1
281,legit_35,467.08,798.4,13.1149,0.1551,90.0,C4D4,1,44.97,490.51,0,-1
281,legit_36,603.43,197.26,6.7594,-4.5,22.34,:D1_8,0,165.69,568.98,0,-1
281,legit_37,1.6,745.89,13.4766,0.3555,0.0,A3A4,1,175.72,718.01,0,-1
281,legit_38,637.79,-1.6,12.5809,-0.036,90.0,D0E0,0,165.46,707.98,0,-1
281,legit_39,398.4,687.74,12.4437,0.2232,180.0,C4C3,1,101.78,485.58,0,-1
281,legit_40,836.08,998.4,11.8038,0.7824,90.0,E5F5,1,118.61,603.52,0,-1
281,legit_41,231.18,201.6,12.5727,1.0073,270.0,C1B1,0,115.1,656.74,0,-1
281,legit_42,198.4,667.71,12.6609,0.4431,180.0,B4B3,0,83.23,570.29,0,-1
281,legit_43,50.4,798.4,13.0578,1.8218,90.0,A4B4,1,107.94,691.06,0,-1
281,legit_44,599.01,398.4,10.4778,1.8431,90.0,:D2_13,0,153.88,480.78,0,-1
281,legit_45,112.8,-1.6,13.5116,0.0938,90.0,A0B0,1,127.16,846.14,0,-1
281,legit_46,1.6,37.27,9.184,1.3579,0.0,A0A1,1,169.9,889.1,0,-1
282,legit_25,12.75,201.6,7.5183,-3.7161,270.0,B1A1,0,159.67,791.15,0,-1
282,legit_27,634.1,598.4,13.013,0.804,90.0,D3E3,0,115.91,451.43,0,-1
282,legit_32,282.95,1.6,13.5347,0.4294,270.0,C0B0,0,178.03,764.81,0,-1
282,legit_34,744.51,1001.6,12.714,-0.6179,270.0,E5D5,1,78.59,580.99,0,-1
282,legit_35,480.07,798.4,12.9909,-0.124,90.0,C4D4,1,51.33,488.37,0,-1
282,legit_36,610.37,198.4,7.1895,0.4301,87.03,D1E1,0,160.13,568.37,0,-1
282,legit_37,1.6,759.13,13.2345,-0.2421,0.0,A3A4,1,169.01,720.42,0,-1
282,legit_38,650.73,-1.6,12.9423,0.3615,90.0,D0E0,0,156.97,708.62,0,-1
282,legit_39,398.4,674.79,12.9441,0.5004,180.0,C4C3,1,90.86,483.93,0,-1
282,legit_40,847.43,998.4,11.3467,-0.4571,90.0,E5F5,1,127.09,607.33,0,-1
282,legit_41,219.11,201.6,12.0688,-0.5038,270.0,C1B1,0,106.94,662.52,0,-1
282,legit_42,198.4,655.82,11.8901,-0.7708,180.0,B4B3,0,73.88,569.12,0,-1
282,legit_43,63.4,798.4,13.0036,-0.0542,90.0,A4B4,1,96.07,681.31,0,-1
282,legit_44,611.46,398.4,12.4522,1.9744,90.0,D2E2,0,143.76,480.85,0,-1
282,legit_45,125.6,-1.6,12.7996,-0.712,90.0,A0B0,1,124.02,839.08,0,-1
282,legit_46,1.6,47.79,10.514,1.33,0.0,A0A1,1,165.04,882.58,0,-1
282,legit_47,1001.6,812.3,0.0,0.0,0.0,F4F5,0,55.77,596.87,0,-1
283,legit_25,7.88,201.6,4.8747,-2.6436,270.0,B1A1,1,163.88,794.73,0,-1
283,legit_27,646.78,598.4,12.679,-0.334,90.0,D3E3,0,103.23,452.0,0,-1
283,legit_32,269.33,1.6,13.6138,0.0792,270.0,C0B0,1,168.1,769.99,0,-1
283,legit_34,731.2,1001.6,13.3037,0.5898,270.0,E5D5,1,80.62,578.58,0,-1
283,legit_35,492.74,798.4,12.6744,-0.3165,90.0,C4D4,0,59.64,486.57,0,-1
283,legit_36,619.55,198.4,9.1767,1.9873,90.0,D1E1,0,152.2,568.53,0,-1
283,legit_37,1.6,772.46,13.3374,0.1029,0.0,A3A4,1,163.05,723.06,0,-1
283,legit_38,663.51,-1.6,12.7769,-0.1654,90.0,D0E0,0,149.22,709.44,0,-1
283,legit_39,398.4,662.86,11.9348,-1.0093,180.0,C4C3,0,81.32,482.58,0,-1
283,legit_40,859.15,998.4,11.7248,0.378,90.0,E5F5,1,136.28,611.42,0,-1
283,legit_41,211.54,201.6,7.5688,-4.5,270.0,C1B1,0,102.21,666.24,0,-1
283,legit_42,198.4,643.39,12.4288,0.5387,180.0,B4B3,0,65.0,568.09,0,-1
283,legit_43,77.23,798.4,13.8289,0.8254,90.0,A4B4,1,83.82,671.1,0,-1
283,legit_44,625.24,398.4,13.7784,1.3262,90.0,D2E2,0,130.53,481.13,0,-1
283,legit_45,138.91,-1.6,13.3074,0.5078,90.0,A0B0,1,122.1,831.93,0,-1
283,legit_46,1.6,59.68,11.891,1.377,0.0,A0A1,1,160.19,875.33,0,-1
283,legit_47,1001.6,813.64,1.3361,1.3361,0.0,F4F5,0,55.11,597.23,0,-1
284,legit_25,5.77,200.34,2.6294,-2.2452,254.31,:A1_5,1,165.1,796.87,0,-1
284,legit_27,660.54,598.4,13.7612,1.0822,90.0,D3E3,0,89.47,452.83,0,-1
284,legit_32,255.49,1.6,13.8468,0.2329,270.0,C0B0,1,158.58,775.44,0,-1
284,legit_34,718.14,1001.6,13.0602,-0.2436,270.0,E5D5,0,84.63,576.51,0,-1
284,legit_35,505.38,798.4,12.6421,-0.0324,90.0,C4D4,0,69.27,485.03,0,-1
284,legit_36,630.22,198.4,10.6702,1.4935,90.0,D1E1,0,143.16,568.82,0,-1
284,legit_37,1.6,783.88,11.4199,-1.9175,0.0,A3A4,1,158.66,725.48,0,-1
284,legit_38,677.09,-1.6,13.5874,0.8105,90.0,D0E0,0,141.78,710.51,0,-1
284,legit_39,398.4,650.37,12.487,0.5521,180.0,C4C3,0,72.11,481.38,0,-1
284,legit_40,870.2,998.4,11.043,-0.6818,90.0,E5F5,0,145.28,615.41,0,-1
284,legit_41,206.61,201.68,4.9429,-2.6259,270.97,:B1_4,0,99.38,668.66,0,-1
284,legit_42,198.4,631.96,11.4317,-0.9971,180.0,B4B3,0,58.0,567.33,0,-1
284,legit_43,89.9,798.4,12.6702,-1.1587,90.0,A4B4,1,73.09,661.92,0,-1
284,legit_44,638.22,398.4,12.9724,-0.8059,90.0,D2E2,0,118.2,481.6,0,-1
284,legit_45,151.91,-1.6,13.0014,-0.306,90.0,A0B0,1,121.62,825.14,0,-1
284,legit_46,1.6,72.65,12.9675,1.0766,0.0,A0A1,1,155.77,867.55,0,-1
284,legit_47,1001.6,817.52,3.8885,2.5523,0.0,F4F5,0,53.36,598.31,0,-1
285,legit_25,7.05,198.5,2.5397,-0.0897,191.93,:A1_5,1,163.08,796.78,0,-1
285,legit_27,673.3,598.4,12.7576,-1.0037,90.0,D3E3,0,76.72,453.79,0,-1
285,legit_32,242.89,1.6,12.5971,-1.2496,270.0,C0B0,1,150.49,780.58,0,-1
285,legit_34,705.71,1001.6,12.4332,-0.627,270.0,E5D5,0,90.05,574.78,0,-1
285,legit_35,518.87,798.4,13.4899,0.8478,90.0,C4D4,0,80.46,483.63,0,-1
285,legit_36,642.9,198.4,12.6798,2.0096,90.0,D1E1,0,132.73,569.33,0,-1
285,legit_37,1.6,792.52,8.6356,-2.7842,0.0,A3A4,1,155.81,727.42,0,-1
285,legit_38,690.54,-1.6,13.4491,-0.1383,90.0,D0E0,0,135.36,711.8,0,-1
285,legit_39,398.4,638.41,11.9583,-0.5287,180.0,C4C3,0,64.33,480.43,0,-1
285,legit_40,881.45,998.4,11.2555,0.2125,90.0,E5F5,0,154.72,619.61,0,-1
285,legit_41,202.32,204.14,5.2457,0.3028,300.88,:B1_4,0,99.08,669.57,0,-1
285,legit_42,198.4,620.2,11.7595,0.3278,180.0,B4B3,0,52.45,566.76,0,-1
285,legit_43,103.26,798.4,13.3554,0.6852,90.0,A4B4,1,62.57,652.41,0,-1
285,legit_44,651.07,398.4,12.8514,-0.121,90.0,D2E2,0,106.12,482.25,0,-1
285,legit_45,164.54,-1.6,12.6299,-0.3715,90.0,A0B0,1,122.47,818.73,0,-1
285,legit_46,1.6,84.93,12.2872,-0.6803,0.0,A0A1,1,152.49,860.33,0,-1
285,legit_47,1001.6,822.91,5.3863,1.4979,0.0,F4F5,0,51.33,599.83,0,-1
286,legit_25,9.94,198.4,2.9188,0.379,109.58,A1B1,1,160.51,794.7,0,-1
286,legit_27,686.68,598.4,13.3869,0.6293,90.0,D3E3,0,63.34,455.0,0,-1
286,legit_32,230.04,1.6,12.851,0.2539,270.0,C0B0,1,142.92,785.99,0,-1
286,legit_34,692.86,1001.6,12.8458,0.4126,270.0,E5D5,0,97.01,573.24,0,-1
286,legit_35,532.12,798.4,13.2497,-0.2402,90.0,C4D4,0,92.06,482.48,0,-1
286,legit_36,655.67,198.4,12.7728,0.093,90.0,D1E1,0,122.65,570.04,0,-1
286,legit_37,3.71,797.42,5.6221,-3.0135,25.66,:A4_6,1,152.36,726.89,0,-1
286,legit_38,704.23,-1.6,13.6909,0.2417,90.0,D0E0,0,129.93,713.33,0,-1
286,legit_39,398.4,626.2,12.2063,0.248,180.0,C4C3,0,57.87,479.69,0,-1
286,legit_40,893.48,998.4,12.0297,0.7742,90.0,E5F5,0,165.06,624.25,0,-1
286,legit_41,201.6,208.85,4.8358,-0.4099,350.63,B1B2,0,102.75,667.55,0,-1
286,legit_42,198.4,610.76,9.4326,-2.3269,180.0,B4B3,0,49.58,566.48,0,-1
286,legit_43,116.4,798.4,13.1384,-0.217,90.0,A4B4,1,53.48,643.28,0,-1
286,legit_44,664.87,398.4,13.7986,0.9472,90.0,D2E2,0,93.39,483.16,0,-1
286,legit_45,178.22,-1.6,13.6816,1.0517,90.0,A0B0,1,124.83,811.99,0,-1
286,legit_46,1.6,98.07,13.1424,0.8552,0.0,A0A1,1,150.01,852.77,0,-1
286,legit_47,1001.6,830.11,7.2028,1.8164,0.0,F4F5,0,49.4,601.96,0,-1
287,legit_25,15.45,198.4,5.5074,2.5886,90.0,A1B1,1,155.73,790.67,0,-1
287,legit_27,699.47,598.4,12.7874,-0.5994,90.0,D3E3,0,50.55,456.35,0,-1
287,legit_32,216.23,1.6,13.8087,0.9577,270.0,C0B0,1,135.67,792.0,0,-1
287,legit_34,679.51,1001.6,13.3535,0.5077,270.0,E5D5,0,105.43,571.89,0,-1
287,legit_35,545.26,798.4,13.1359,-0.1137,90.0,C4D4,0,103.95,481.55,0,-1
287,legit_36,668.36,198.4,12.6905,-0.0822,90.0,D1E1,0,113.19,570.94,0,-1
287,legit_37,9.16,798.4,5.6543,0.0322,82.57,A4B4,1,146.85,722.83,0,-1
287,legit_38,716.91,-1.6,12.6767,-1.0142,90.0,D0E0,0,126.02,714.97,0,-1
287,legit_39,398.4,614.31,11.8967,-0.3096,180.0,C4C3,0,53.55,479.22,0,-1
287,legit_40,905.36,998.4,11.8789,-0.1508,90.0,E5F5,0,166.07,628.98,0,-1
287,legit_41,201.6,215.45,6.5997,1.7638,0.0,B1B2,0,108.5,664.24,0,-1
287,legit_42,198.21,605.84,4.9419,-4.4906,182.24,:B3_0,0,48.56,566.5,0,-1
287,legit_43,129.75,798.4,13.3545,0.2162,90.0,A4B4,1,46.27,634.26,0,-1
287,legit_44,678.35,398.4,13.4823,-0.3163,90.0,D2E2,0,81.29,484.27,0,-1
287,legit_45,191.27,-1.6,13.0496,-0.632,90.0,A0B0,1,128.41,805.76,0,-1
287,legit_46,1.6,110.54,12.4606,-0.6818,0.0,A0A1,1,148.7,845.76,0,-1
287,legit_47,1001.6,839.18,9.0621,1.8594,0.0,F4F5,0,48.41,604.77,0,-1
288,legit_25,22.5,198.4,7.049,1.5417,90.0,A1B1,2,149.68,785.54,0,-1
288,legit_27,713.11,598.4,13.6348,0.8473,90.0,D3E3,0,36.93,457.99,0,-1
288,legit_32,203.62,1.6,12.6074,-1.2013,270.0,:B0_4,1,129.98,797.67,0,-1
288,legit_34,666.51,1001.6,13.0051,-0.3484,270.0,E5D5,0,114.53,570.79,0,-1
288,legit_35,558.93,798.4,13.6711,0.5352,90.0,C4D4,0,116.6,480.8,0,-1
288,legit_36,681.51,198.4,13.1463,0.4558,90.0,D1E1,0,104.1,572.08,0,-1
288,legit_37,16.72,798.4,7.5519,1.8975,90.0,A4B4,1,139.62,716.92,0,-1
288,legit_38,730.04,-1.6,13.1338,0.4571,90.0,D0E0,0,123.23,716.88,0,-1
288,legit_39,398.4,601.88,12.428,0.5313,180.0,:C3_1,0,51.63,479.02,0,-1
288,legit_40,917.15,998.4,11.7873,-0.0915,90.0,E5F5,0,155.91,633.82,0,-1
288,legit_41,201.6,223.68,8.2263,1.6266,0.0,B1B2,0,115.81,660.18,0,-1
288,legit_42,194.7,601.87,5.7289,0.787,226.34,:B3_0,0,44.74,568.36,0,-1
288,legit_43,142.97,798.4,13.2156,-0.1389,90.0,A4B4,1,42.19,625.64,0,-1
288,legit_44,691.22,398.4,12.8743,-0.608,90.0,D2E2,0,70.21,485.55,0,-1
288,legit_45,204.9,-1.6,13.6321,0.5825,90.0,:B0_6,1,133.42,799.46,0,-1
288,legit_46,1.6,122.94,12.408,-0.0527,0.0,A0A1,2,148.43,838.93,0,-1
288,legit_47,1001.6,850.22,11.0471,1.9849,0.0,F4F5,0,49.47,608.41,0,-1
288,legit_48,-1.6,187.7,0.0,0.0,180.0,A1A0,2,166.03,808.25,0,-1
289,legit_25,31.24,198.4,8.7449,1.6959,90.0,A1B1,2,142.3,779.22,0,-1
289,legit_27,726.4,598.4,13.2889,-0.3459,90.0,D3E3,0,23.66,459.8,0,-1
289,legit_32,189.74,1.6,13.8794,1.272,270.0,B0A0,1,124.89,804.11,0,-1
289,legit_34,653.67,1001.6,12.839,-0.1661,270.0,E5D5,0,124.2,569.92,0,-1
289,legit_35,571.58,798.4,12.6486,-1.0225,90.0,C4D4,0,128.5,480.3,0,-1
289,legit_36,695.06,198.4,13.5478,0.4014,90.0,D1E1,0,95.74,573.49,0,-1
289,legit_37,25.74,798.4,9.0189,1.467,90.0,A4B4,1,131.04,709.91,0,-1
289,legit_38,743.49,-1.6,13.4455,0.3116,90.0,D0E0,0,121.77,719.07,0,-1
289,legit_39,398.4,589.83,12.0464,-0.3817,180.0,C3C2,0,52.59,479.12,0,-1
289,legit_40,928.7,998.4,11.5491,-0.2382,90.0,E5F5,0,146.19,638.7,0,-1
289,legit_41,201.6,233.89,10.217,1.9908,0.0,B1B2,0,125.04,655.23,0,-1
289,legit_42,189.98,601.6,4.7408,-0.9881,266.45,B3A3,0,40.01,570.94,0,-1
289,legit_43,155.82,798.4,12.853,-0.3626,90.0,A4B4,1,42.0,617.61,0,-1
289,legit_44,704.74,398.4,13.5137,0.6394,90.0,D2E2,0,59.36,487.12,0,-1
289,legit_45,217.67,-1.6,12.7687,-0.8634,90.0,B0C0,1,139.16,793.75,0,-1
289,legit_46,1.6,135.69,12.7445,0.3365,0.0,A0A1,2,149.23,832.08,0,-1
289,legit_47,1001.6,862.85,12.6229,1.5758,0.0,F4F5,0,53.52,612.84,0,-1
289,legit_48,-1.6,185.42,2.2777,2.2777,180.0,A1A0,2,165.11,809.33,0,-1
290,legit_25,42.11,198.4,10.8627,2.1178,90.0,A1B1,2,133.37,771.46,0,-1
290,legit_27,739.96,598.4,13.5646,0.2758,90.0,D3E3,0,10.17,461.85,0,-1
290,legit_32,176.5,1.6,13.2409,-0.6385,270.0,B0A0,1,121.33,810.47,0,-1
290,legit_34,641.23,1001.6,12.4393,-0.3997,270.0,E5D5,0,134.08,569.25,0,-1
290,legit_35,582.88,798.4,11.3019,-1.3467,90.0,C4D4,0,139.24,480.01,0,-1
290,legit_36,708.53,198.4,13.4676,-0.0802,90.0,D1E1,0,88.69,575.15,0,-1
290,legit_37,37.19,798.4,11.452,2.4331,90.0,A4B4,1,120.24,701.1,0,-1
290,legit_38,756.15,-1.6,12.6555,-0.79,90.0,D0E0,0,121.76,721.35,0,-1
290,legit_39,398.4,577.59,12.246,0.1996,180.0,C3C2,0,56.26,479.51,0,-1
290,legit_40,940.66,998.4,11.9618,0.4127,90.0,E5F5,1,136.43,643.9,0,-1
290,legit_41,201.6,245.24,11.3492,1.1321,0.0,B1B2,0,125.82,649.84,0,-1
290,legit_42,182.93,601.6,7.0554,2.3146,270.0,B3A3,0,32.97,574.83,0,-1
290,legit_43,168.81,798.4,12.9907,0.1377,90.0,A4B4,1,45.65,609.85,0,-1
290,legit_44,717.39,398.4,12.6548,-0.859,90.0,D2E2,0,50.38,488.85,0,-1
290,legit_45,230.35,-1.6,12.6795,-0.0892,90.0,B0C0,1,145.75,788.25,0,-1
290,legit_46,1.6,148.78,13.0877,0.3432,0.0,A0A1,2,151.16,825.22,0,-1
290,legit_47,1001.6,875.0,12.1526,-0.4703,0.0,F4F5,1,59.73,617.37,0,-1
290,legit_48,-1.6,180.71,4.71,2.4323,180.0,A1A0,2,163.31,811.6,0,-1
291,legit_25,52.77,198.4,10.6618,-0.2009,90.0,A1B1,2,124.9,763.93,0,-1
291,legit_27,753.75,598.4,13.7898,0.2251,90.0,D3E3,0,4.08,464.55,0,-1
291,legit_32,163.73,1.6,12.7714,-0.4695,270.0,B0A0,1,119.19,816.79,0,-1
291,legit_34,628.92,1001.6,12.3044,-0.1349,270.0,E5D5,0,144.24,568.78,0,-1
291,legit_35,589.68,798.4,6.8019,-4.5,90.0,C4D4,0,145.75,479.91,0,-1
291,legit_36,721.47,198.4,12.9476,-0.52,90.0,D1E1,0,83.43,577.01,0,-1
291,legit_37,49.96,798.4,12.771,1.319,90.0,A4B4,1,108.35,691.39,0,-1
291,legit_38,769.47,-1.6,13.32,0.6645,90.0,D0E0,0,123.15,723.98,0,-1
291,legit_39,398.4,564.64,12.9434,0.6975,180.0,C3C2,0,62.55,480.22,0,-1
291,legit_40,952.61,998.4,11.9473,-0.0145,90.0,E5F5,1,127.06,649.24,0,-1
291,legit_41,201.6,257.45,12.212,0.8628,0.0,B1B2,0,114.8,644.18,0,-1
291,legit_42,173.5,601.6,9.4267,2.3713,270.0,B3A3,0,23.56,580.11,0,-1
291,legit_43,180.29,798.4,11.4815,-1.5092,90.0,A4B4,1,51.46,603.25,0,-1
291,legit_44,730.26,398.4,12.8722,0.2174,90.0,D2E2,0,43.18,490.89,0,-1
291,legit_45,243.71,-1.6,13.3629,0.6833,90.0,B0C0,1,153.52,782.64,0,-1
291,legit_46,1.6,161.46,12.6798,-0.4079,0.0,A0A1,2,154.08,818.75,0,-1
291,legit_47,1001.6,887.57,12.5679,0.4153,0.0,F4F5,1,67.86,622.27,0,-1
291,legit_48,-1.6,173.63,7.0785,2.3686,180.0,A1A0,2,160.81,815.04,0,-1
292,legit_25,64.61,198.4,11.8464,1.1846,90.0,A1B1,2,115.92,755.69,0,-1
292,legit_27,766.55,598.4,12.8008,-0.989,90.0,D3E3,0,16.63,468.15,0,-1
292,legit_32,150.73,1.6,13.0046,0.2332,270.0,B0A0,1,118.4,823.42,0,-1
292,legit_34,615.53,1001.6,13.3881,1.0837,270.0,E5D5,0,155.65,568.45,0,-1
292,legit_35,598.89,798.4,9.2046,2.4026,90.0,:D4_13,0,154.59,479.85,0,-1
292,legit_36,734.14,198.4,12.6684,-0.2792,90.0,D1E1,0,79.99,579.09,0,-1
292,legit_37,63.68,798.4,13.7171,0.9461,90.0,A4B4,1,95.83,681.11,0,-1
292,legit_38,781.92,-1.6,12.4553,-0.8647,90.0,D0E0,0,125.72,726.64,0,-1
292,legit_39,398.4,552.38,12.2692,-0.6743,180.0,C3C2,0,70.22,481.14,0,-1
292,legit_40,964.85,998.4,12.2419,0.2946,90.0,E5F5,1,117.94,654.88,0,-1
292,legit_41,201.6,269.52,12.0626,-0.1494,0.0,B1B2,0,104.16,638.73,0,-1
292,legit_42,162.73,601.6,10.7675,1.3409,270.0,B3A3,0,12.83,586.24,0,-1
292,legit_43,188.24,798.4,7.9466,-3.5349,90.0,A4B4,1,56.5,598.81,0,-1
292,legit_44,743.16,398.4,12.8987,0.0266,90.0,D2E2,0,39.0,493.27,0,-1
292,legit_45,256.73,-1.6,13.0158,-0.347,90.0,B0C0,1,161.8,777.36,0,-1
292,legit_46,1.6,174.11,12.6518,-0.028,0.0,A0A1,2,157.96,812.46,0,-1
292,legit_47,1001.6,899.73,12.1635,-0.4044,0.0,F4F5,1,76.88,627.21,0,-1
292,legit_48,-1.6,164.51,9.1216,2.043,180.0,A1A0,2,158.0,819.55,0,-1
293,legit_25,75.49,198.4,10.8793,-0.9671,90.0,A1B1,2,108.16,748.23,0,-1
293,legit_27,779.43,598.4,12.88,0.0793,90.0,D3E3,0,29.47,471.98,0,-1
293,legit_32,137.63,1.6,13.0935,0.0889,270.0,B0A0,1,119.04,830.29,0,-1
293,legit_34,603.32,1001.6,12.2159,-1.1722,270.0,:D5_0,0,166.32,568.32,0,-1
293,legit_35,610.14,798.4,11.2584,2.0539,90.0,D4E4,0,145.91,479.9,0,-1
293,legit_36,747.88,198.4,13.7392,1.0708,90.0,D1E1,0,78.43,581.65,0,-1
293,legit_37,76.97,798.4,13.2936,-0.4235,90.0,A4B4,1,84.05,671.3,0,-1
293,legit_38,795.07,-1.6,13.1499,0.6945,90.0,:E0_6,0,129.68,729.67,0,-1
293,legit_39,398.4,540.43,11.9436,-0.3256,180.0,C3C2,0,78.81,482.24,0,-1
293,legit_40,976.63,998.4,11.7791,-0.4628,90.0,E5F5,1,109.74,660.46,0,-1
293,legit_41,201.6,281.13,11.6143,-0.4484,0.0,B1B2,0,94.25,633.63,0,-1
293,legit_42,151.06,601.6,11.6694,0.9019,270.0,B3A3,0,1.92,593.05,0,-1
293,legit_43,191.75,798.4,3.5159,-4.4307,90.0,A4B4,1,58.94,596.87,0,-1
293,legit_44,756.7,398.4,13.5372,0.6385,90.0,D2E2,0,38.98,496.19,0,-1
293,legit_45,269.44,-1.6,12.7047,-0.3111,90.0,B0C0,1,170.44,772.37,0,-1
293,legit_46,1.6,185.32,11.2111,-1.4407,0.0,A0A1,2,162.14,807.03,0,-1
293,legit_47,1001.6,911.56,11.8297,-0.3338,0.0,F4F5,1,86.39,632.17,0,-1
293,legit_48,-1.6,154.07,10.4439,1.3223,180.0,A1A0,2,155.38,824.83,0,-1
294,legit_25,86.43,198.4,10.9329,0.0536,90.0,A1B1,3,100.94,740.85,0,-1
294,legit_27,787.81,598.4,8.38,-4.5,90.0,D3E3,0,37.85,474.57,0,-1
294,legit_32,124.92,1.6,12.7102,-0.3834,270.0,B0A0,0,121.03,837.15,0,-1
294,legit_34,590.26,1001.6,13.0628,0.8469,270.0,D5C5,0,160.68,568.37,0,-1
294,legit_35,623.14,798.4,12.9929,1.7345,90.0,D4E4,0,133.51,480.15,0,-1
294,legit_36,760.66,198.4,12.7776,-0.9616,90.0,D1E1,0,79.12,584.32,0,-1
294,legit_37,90.82,798.4,13.8477,0.5541,90.0,A4B4,1,72.34,661.26,0,-1
294,legit_38,808.26,-1.6,13.1921,0.0422,90.0,E0F0,0,134.84,732.93,0,-1
294,legit_39,398.4,527.99,12.438,0.4944,180.0,C3C2,0,88.59,483.6,0,-1
294,legit_40,987.81,998.4,11.1822,-0.5969,90.0,E5F5,1,102.6,665.92,0,-1
294,legit_41,201.6,293.09,11.9552,0.3409,0.0,B1B2,1,84.5,628.52,0,-1
294,legit_42,138.96,601.6,12.1051,0.4357,270.0,B3A3,0,11.16,601.28,0,-1
294,legit_43,197.06,796.9,5.6774,2.1615,107.95,:B4_12,1,63.81,593.61,0,-1
294,legit_44,769.61,398.4,12.9155,-0.6216,90.0,D2E2,0,43.12,499.38,0,-1
294,legit_45,282.05,-1.6,12.6139,-0.0908,90.0,B0C0,0,179.51,767.58,0,-1
294,legit_46,1.6,192.45,7.1337,-4.0774,0.0,A0A1,2,165.14,803.64,0,-1
294,legit_47,1001.6,924.01,12.454,0.6243,0.0,F4F5,1,96.96,637.56,0,-1
294,legit_48,-1.6,141.05,13.0214,2.5775,180.0,A1A0,2,153.05,831.56,0,-1
294,legit_49,1001.6,612.3,0.0,0.0,0.0,F3F4,0,49.94,566.51,0,-1
295,legit_25,98.29,198.4,11.8682,0.9353,90.0,A1B1,3,93.92,732.99,0,-1
295,legit_27,791.69,598.4,3.88,-4.5,90.0,D3E3,0,41.72,475.8,0,-1
295,legit_32,111.1,1.6,13.8221,1.112,270.0,B0A0,0,124.63,844.82,0,-1
295,legit_34,576.83,1001.6,13.4223,0.3595,270.0,D5C5,0,149.11,568.61,0,-1
295,legit_35,636.5,798.4,13.3621,0.3692,90.0,D4E4,0,120.88,480.6,0,-1
295,legit_36,773.77,198.4,13.1132,0.3356,90.0,D1E1,0,81.92,587.35,0,-1
295,legit_37,103.57,798.4,12.7554,-1.0923,90.0,A4B4,1,62.34,652.19,0,-1
295,legit_38,821.28,-1.6,13.0216,-0.1705,90.0,E0F0,0,140.95,736.35,0,-1
295,legit_39,398.4,515.98,12.0157,-0.4223,180.0,C3C2,0,98.6,485.09,0,-1
295,legit_40,994.99,998.4,7.1784,-4.0037,90.0,E5F5,1,98.41,669.5,0,-1
295,legit_41,201.6,304.77,11.6854,-0.2697,0.0,B1B2,1,75.58,623.67,0,-1
295,legit_42,127.05,601.6,11.908,-0.1972,270.0,B3A3,0,23.01,609.64,0,-1
295,legit_43,198.4,791.44,5.7604,0.083,168.84,B4B3,1,68.56,591.56,0,-1
295,legit_44,781.03,398.4,11.4164,-1.4991,90.0,D2E2,0,49.37,502.48,0,-1
295,legit_45,295.49,-1.6,13.4447,0.8308,90.0,B0C0,0,189.62,762.65,0,-1
295,legit_46,4.04,197.63,6.0812,-1.0524,29.72,:A1_6,2,165.31,799.4,0,-1
295,legit_47,1001.6,936.19,12.1721,-0.2818,0.0,F4F5,1,107.68,642.97,0,-1
295,legit_48,-1.6,127.18,13.8653,0.8439,180.0,A1A0,2,151.77,838.93,0,-1
295,legit_49,1001.6,613.67,1.374,1.374,0.0,F3F4,0,50.29,566.54,0,-1
296,legit_25,109.2,198.4,10.9022,-0.966,90.0,A1B1,2,88.38,725.92,0,-1
296,legit_27,797.06,596.9,5.7365,1.8565,107.91,:E3_12,0,47.16,477.54,0,-1
296,legit_32,98.0,1.6,13.1051,-0.7171,270.0,B0A0,1,129.32,852.27,0,-1
296,legit_34,563.88,1001.6,12.9532,-0.4692,270.0,D5C5,0,138.26,569.04,0,-1
296,legit_35,649.53,798.4,13.0312,-0.3309,90.0,D4E4,0,108.74,481.24,0,-1
296,legit_36,783.79,198.4,10.0219,-3.0913,90.0,D1E1,0,85.37,589.85,0,-1
296,legit_37,117.41,798.4,13.8344,1.079,90.0,A4B4,1,52.85,642.59,0,-1
296,legit_38,833.79,-1.6,12.5073,-0.5143,90.0,E0F0,0,147.67,739.82,0,-1
296,legit_39,398.4,503.43,12.5448,0.529,180.0,C3C2,0,109.49,486.83,0,-1
296,legit_40,997.64,998.22,2.6784,-4.5,92.1,:F5_1,1,97.11,670.75,0,-1
296,legit_41,201.6,317.37,12.5954,0.91,0.0,B1B2,0,66.93,618.64,0,-1
296,legit_42,114.83,601.6,12.2192,0.3112,270.0,B3A3,0,35.2,618.37,0,-1
296,legit_43,198.4,783.76,7.6761,1.9157,180.0,B4B3,1,74.2,589.75,0,-1
296,legit_44,788.21,398.4,7.1745,-4.242,90.0,D2E2,0,54.17,504.55,0,-1
296,legit_45,309.06,-1.6,13.5688,0.1241,90.0,B0C0,0,186.14,757.86,0,-1
296,legit_46,9.8,198.4,5.8966,-0.1847,86.1,A1B1,2,160.63,794.81,0,-1
296,legit_47,1001.6,949.17,12.9814,0.8092,0.0,F4F5,1,119.42,648.91,0,-1
296,legit_48,-1.6,113.67,13.5093,-0.356,180.0,A1A0,3,151.73,846.29,0,-1
296,legit_49,1001.6,616.48,2.8075,1.4335,0.0,F3F4,0,51.13,566.63,0,-1
297,legit_25,120.9,198.4,11.7027,0.8005,90.0,A1B1,1,83.63,718.5,0,-1
297,legit_27,798.4,590.73,6.473,0.7365,173.22,E3E2,0,49.28,478.05,0,-1
297,legit_32,85.16,1.6,12.8389,-0.2662,270.0,B0A0,1,134.99,859.74,0,-1
297,legit_34,550.46,1001.6,13.42,0.4668,270.0,D5C5,0,127.43,569.68,0,-1
297,legit_35,663.09,798.4,13.5593,0.5281,90.0,D4E4,0,96.35,482.11,0,-1
297,legit_36,789.87,198.4,6.0786,-3.9433,90.0,D1E1,0,87.96,591.45,0,-1
297,legit_37,130.41,798.4,13.0032,-0.8312,90.0,A4B4,1,45.98,633.82,0,-1
297,legit_38,846.65,-1.6,12.8557,0.3484,90.0,E0F0,0,155.33,743.57,0,-1
297,legit_39,398.4,491.64,11.7928,-0.7519,180.0,C3C2,0,120.02,488.63,0,-1
297,legit_40,998.4,996.03,2.48,-0.1984,126.03,F5F4,1,98.55,670.02,0,-1
297,legit_41,201.6,329.24,11.8697,-0.7257,0.0,B1B2,0,60.07,614.09,0,-1
297,legit_42,102.7,601.6,12.1303,-0.0889,270.0,B3A3,0,47.33,627.16,0,-1
297,legit_43,198.4,774.72,9.0414,1.3653,180.0,B4B3,1,81.26,587.71,0,-1
297,legit_44,792.03,398.4,3.8257,-3.3488,90.0,D2E2,0,56.93,505.69,0,-1
297,legit_45,321.91,-1.6,12.8468,-0.7221,90.0,B0C0,0,176.62,753.5,0,-1
297,legit_46,17.76,198.4,7.9559,2.0593,90.0,A1B1,2,153.74,788.99,0,-1
297,legit_47,1001.6,961.28,12.1161,-0.8652,0.0,F4F5,1,128.2,654.59,0,-1
297,legit_48,-1.6,99.9,13.7691,0.2598,180.0,A1A0,2,152.93,853.99,0,-1
297,legit_49,1001.6,621.12,4.6377,1.8302,0.0,F3F4,0,52.81,566.79,0,-1
298,legit_25,131.73,198.4,10.8358,-0.8669,90.0,A1B1,1,80.5,711.81,0,-1
298,legit_27,798.4,582.79,7.9395,1.4665,180.0,E3E2,0,51.37,478.27,0,-1
298,legit_32,72.03,1.6,13.1314,0.2925,270.0,B0A0,1,141.77,867.55,0,-1
298,legit_34,537.56,1001.6,12.8979,-0.5221,270.0,D5C5,0,117.53,570.49,0,-1
298,legit_35,676.63,798.4,13.5394,-0.0199,90.0,D4E4,0,84.34,483.21,0,-1
298,legit_36,796.51,197.29,6.8758,0.7973,103.09,:E1_12,0,90.21,593.86,0,-1
298,legit_37,143.68,798.4,13.2671,0.2639,90.0,A4B4,1,42.08,625.19,0,-1
298,legit_38,859.2,-1.6,12.5496,-0.3062,90.0,E0F0,0,163.43,747.41,0,-1
298,legit_39,398.4,479.65,11.9867,0.1938,180.0,C3C2,0,130.31,490.63,0,-1
298,legit_40,998.4,990.97,5.0654,2.5854,180.0,F5F4,1,102.9,667.46,0,-1
298,legit_41,201.6,340.66,11.4175,-0.4522,0.0,B1B2,0,55.11,609.92,0,-1
298,legit_42,90.92,601.6,11.7796,-0.3506,270.0,B3A3,0,59.1,635.82,0,-1
298,legit_43,198.4,763.38,11.3414,2.3,180.0,B4B3,1,90.63,585.29,0,-1
298,legit_44,794.37,399.93,3.0261,-0.7995,70.44,:E2_15,0,59.69,505.98,0,-1
298,legit_45,334.9,-1.6,12.9918,0.145,90.0,B0C0,0,167.43,749.27,0,-1
298,legit_46,27.67,198.4,9.9166,1.9607,90.0,A1B1,2,145.3,781.8,0,-1
298,legit_47,1001.6,973.92,12.6388,0.5227,0.0,F4F5,1,116.6,660.67,0,-1
298,legit_48,-1.6,86.94,12.9604,-0.8087,180.0,A1A0,2,155.16,861.41,0,-1
298,legit_49,1001.6,627.66,6.5419,1.9042,0.0,F3F4,0,55.75,567.09,0,-1
299,legit_25,142.88,198.4,11.1482,0.3123,90.0,A1B1,1,78.72,705.1,0,-1
299,legit_27,798.4,572.61,10.1747,2.2352,180.0,E3E2,0,55.61,478.72,0,-1
299,legit_32,58.54,1.6,13.4862,0.3549,270.0,B0A0,1,149.61,875.73,0,-1
299,legit_34,524.82,1001.6,12.7373,-0.1607,270.0,D5C5,0,108.38,571.5,0,-1
299,legit_35,689.76,798.4,13.1259,-0.4135,90.0,D4E4,0,73.21,484.49,0,-1
299,legit_36,798.4,190.67,7.2162,0.3404,173.6,E1E0,0,85.65,598.06,0,-1
299,legit_37,156.33,798.4,12.6577,-0.6094,90.0,A4B4,1,42.08,617.3,0,-1
299,legit_38,872.18,-1.6,12.9874,0.4379,90.0,E0F0,0,172.38,751.56,0,-1
299,legit_39,398.4,467.29,12.3608,0.3741,180.0,C3C2,0,119.06,492.86,0,-1
299,legit_40,998.4,984.12,6.8512,1.7859,180.0,F5F4,1,108.89,664.03,0,-1
299,legit_41,201.6,353.2,12.5438,1.1263,0.0,B1B2,0,52.05,605.59,0,-1
299,legit_42,78.4,601.6,12.5242,0.7446,270.0,B3A3,0,71.62,645.16,0,-1
299,legit_43,198.4,750.5,12.8845,1.543,180.0,B4B3,1,101.75,582.71,0,-1
299,legit_44,791.67,401.6,3.5385,0.5124,327.05,E2D2,0,58.88,504.72,0,-1
299,legit_45,347.69,-1.6,12.7888,-0.2031,90.0,B0C0,0,158.91,745.28,0,-1
299,legit_46,39.14,198.4,11.4712,1.5546,90.0,A1B1,2,135.78,773.57,0,-1
299,legit_47,1001.6,986.32,12.3989,-0.24,0.0,F4F5,1,105.44,666.77,0,-1
299,legit_48,-1.6,73.65,13.2934,0.3329,180.0,A1A0,2,158.53,869.18,0,-1
299,legit_49,1001.6,635.55,7.8895,1.3476,0.0,F3F4,0,60.05,567.55,0,-1
300,legit_25,154.1,198.4,11.2154,0.0672,90.0,A1B1,1,78.51,698.54,0,-1
300,legit_27,798.4,559.93,12.6817,2.507,180.0,E3E2,0,62.83,479.53,0,-1
300,legit_32,44.68,1.6,13.8586,0.3724,270.0,B0A0,1,158.46,884.29,0,-1
300,legit_34,511.74,1001.6,13.089,0.3517,270.0,D5C5,0,99.79,572.75,0,-1
300,legit_35,702.64,798.4,12.8819,-0.244,90.0,D4E4,0,63.04,485.98,0,-1
300,legit_36,798.4,181.75,8.9212,1.705,180.0,E1E0,0,78.45,603.09,0,-1
300,legit_37,170.15,798.4,13.8167,1.159,90.0,A4B4,1,46.22,609.06,0,-1
300,legit_38,885.12,-1.6,12.9322,-0.0552,90.0,E0F0,0,181.78,755.86,0,-1
300,legit_39,398.4,455.53,11.7622,-0.5986,180.0,C3C2,0,108.58,495.14,0,-1
300,legit_40,998.4,975.9,8.2183,1.367,180.0,F5F4,1,116.19,659.98,0,-1
300,legit_41,201.6,365.4,12.1984,-0.3454,0.0,B1B2,0,51.88,601.66,0,-1
300,legit_42,66.08,601.6,12.3207,-0.2035,270.0,B3A3,0,83.94,654.47,0,-1
300,legit_43,198.4,737.17,13.3246,0.4401,180.0,B4B3,1,113.65,580.23,0,-1
300,legit_44,786.44,401.6,5.2386,1.7001,270.0,E2D2,0,55.3,503.18,0,-1
300,legit_45,361.32,-1.6,13.6319,0.8431,90.0,B0C0,0,150.5,741.22,0,-1
300,legit_46,52.04,198.4,12.8916,1.4204,90.0,A1B1,2,125.47,764.45,0,-1
300,legit_47,1001.6,995.36,9.0391,-3.3598,0.0,F4F5,1,97.5,671.32,0,-1
300,legit_48,-1.6,60.97,12.677,-0.6164,180.0,A1A0,2,162.69,876.74,0,-1
300,legit_49,1001.6,644.84,9.2869,1.3974,0.0,F3F4,0,65.98,568.2,0,-1
300,legit_50,212.3,998.4,0.0,0.0,90.0,B5C5,0,102.66,665.86,0,-1
301,legit_25,165.9,198.4,11.7974,0.582,90.0,A1B1,1,80.0,691.85,0,-1
301,legit_27,798.4,546.81,13.1214,0.4396,180.0,E3E2,1,71.91,480.63,0,-1
301,legit_32,31.25,1.6,13.434,-0.4247,270.0,B0A0,1,167.69,892.74,0,-1
301,legit_34,498.51,1001.6,13.225,0.136,270.0,D5C5,0,92.19,574.25,0,-1
301,legit_35,715.76,798.4,13.12,0.2381,90.0,D4E4,0,53.88,487.75,0,-1
301,legit_36,798.4,171.33,10.415,1.4938,180.0,E1E0,0,70.55,609.07,0,-1
301,legit_37,182.07,798.4,11.9198,-1.8969,90.0,A4B4,1,52.53,602.24,0,-1
301,legit_38,897.63,-1.6,12.5109,-0.4213,90.0,E0F0,0,191.26,760.2,0,-1
301,legit_39,398.4,443.3,12.2309,0.4687,180.0,C3C2,0,97.99,497.69,0,-1
301,legit_40,998.4,966.19,9.7079,1.4897,180.0,F5F4,1,124.96,655.27,0,-1
301,legit_41,201.6,377.96,12.5602,0.3618,0.0,B1B2,0,54.64,597.9,0,-1
301,legit_42,53.91,601.6,12.17,-0.1508,270.0,B3A3,0,96.11,663.79,0,-1
301,legit_43,198.4,724.51,12.6628,-0.6618,180.0,B4B3,1,125.22,578.04,0,-1
301,legit_44,778.73,401.6,7.7069,2.4683,270.0,E2D2,1,50.56,500.99,0,-1
301,legit_45,374.47,-1.6,13.1474,-0.4845,90.0,B0C0,0,143.15,737.51,0,-1
301,legit_46,65.45,198.4,13.416,0.5243,90.0,A1B1,1,115.3,755.11,0,-1
301,legit_47,1000.59,1000.08,4.9331,-4.106,348.12,:F5_0,1,93.96,673.2,0,-1
301,legit_48,-1.6,47.34,13.6372,0.9603,180.0,A1A0,1,168.12,885.04,0,-1
301,legit_49,1001.6,655.7,10.8588,1.5719,0.0,F3F4,0,73.79,569.11,0,-1
301,legit_50,214.41,998.4,2.1088,2.1088,90.0,B5C5,0,103.96,664.82,0,-1
302,legit_25,177.62,198.4,11.7278,-0.0696,90.0,A1B1,1,83.12,685.41,0,-1
302,legit_27,798.4,534.11,12.7015,-0.4198,180.0,E3E2,1,81.76,481.92,0,-1
302,legit_32,17.36,1.6,13.8854,0.4515,270.0,B0A0,1,177.8,901.62,0,-1
302,legit_34,485.54,1001.6,12.967,-0.2579,270.0,D5C5,0,86.08,575.97,0,-1
302,legit_35,728.71,798.4,12.9564,-0.1637,90.0,D4E4,0,46.73,489.78,0,-1
302,legit_36,798.4,158.52,12.8108,2.3958,180.0,E1E0,0,61.86,616.6,0,-1
302,legit_37,189.5,798.4,7.4302,-4.4896,90.0,A4B4,1,57.37,598.11,0,-1
302,legit_38,910.21,-1.6,12.5855,0.0746,90.0,E0F0,0,185.28,764.72,0,-1
302,legit_39,398.4,430.54,12.7629,0.532,180.0,C3C2,0,87.4,500.54,0,-1
302,legit_40,998.4,954.88,11.3092,1.6012,180.0,F5F4,1,125.94,649.9,0,-1
302,legit_41,201.6,390.29,12.3335,-0.2266,0.0,B1B2,0,59.83,594.48,0,-1
302,legit_42,42.3,601.6,11.6051,-0.5649,270.0,B3A3,0,107.71,672.77,0,-1
302,legit_43,198.4,711.02,13.4867,0.8239,180.0,B4B3,1,121.11,575.89,0,-1
302,legit_44,768.98,401.6,9.7506,2.0437,270.0,E2D2,1,45.72,498.38,0,-1
302,legit_45,387.73,-1.6,13.263,0.1156,90.0,B0C0,0,136.62,733.96,0,-1
302,legit_46,78.53,198.4,13.0825,-0.3334,90.0,A1B1,1,106.08,746.16,0,-1
302,legit_47,995.61,1001.6,5.4406,0.5075,283.84,F5E5,1,95.42,671.46,0,-1
302,legit_48,-1.6,33.8,13.5339,-0.1034,180.0,A1A0,1,174.39,893.43,0,-1
302,legit_49,1001.6,667.95,12.2579,1.3991,0.0,F3F4,0,83.43,570.32,0,-1
302,legit_50,217.86,998.4,3.4553,1.3466,90.0,B5C5,0,106.13,663.13,0,-1
303,legit_25,188.72,198.4,11.0954,-0.6324,90.0,A1B1,1,87.44,679.51,0,-1
303,legit_27,798.4,520.31,13.7966,1.095,180.0,E3E2,1,93.23,483.55,0,-1
303,legit_32,3.56,1.6,13.8053,-0.0801,270.0,B0A0,1,188.32,910.59,0,-1
303,legit_34,472.45,1001.6,13.0975,0.1305,270.0,D5C5,0,81.55,577.97,0,-1
303,legit_35,742.08,798.4,13.3678,0.4115,90.0,D4E4,0,42.35,492.23,0,-1
303,legit_36,798.4,145.19,13.3324,0.5217,180.0,E1E0,0,54.56,624.68,0,-1
303,legit_37,199.51,798.4,10.0107,2.5806,90.0,:B4_13,1,64.67,592.66,0,-1
303,legit_38,922.97,-1.6,12.7567,0.1712,90.0,E0F0,0,175.85,769.46,0,-1
303,legit_39,398.4,417.87,12.6667,-0.0962,180.0,C3C2,0,77.53,503.56,0,-1
303,legit_40,998.4,943.05,11.8355,0.5264,180.0,F5F4,1,115.24,644.41,0,-1
303,legit_41,201.6,402.65,12.3611,0.0276,0.0,:B2_9,0,66.95,591.28,0,-1
303,legit_42,30.12,601.6,12.1849,0.5798,270.0,B3A3,0,119.89,682.32,0,-1
303,legit_43,198.4,697.94,13.0793,-0.4074,180.0,B4B3,1,109.25,573.99,0,-1
303,legit_44,757.85,401.6,11.1285,1.3779,270.0,E2D2,1,42.33,495.63,0,-1
303,legit_45,401.18,-1.6,13.4497,0.1867,90.0,:C0_6,0,131.03,730.58,0,-1
303,legit_46,90.99,198.4,12.4601,-0.6224,90.0,A1B1,1,98.12,737.81,0,-1
303,legit_47,988.01,1001.6,7.5975,2.1569,270.0,F5E5,1,99.95,667.67,0,-1
303,legit_48,-1.6,20.78,13.0186,-0.5153,180.0,A1A0,1,181.18,901.64,0,-1
303,legit_49,1001.6,680.0,12.0424,-0.2155,0.0,F3F4,0,93.5,571.68,0,-1
303,legit_50,223.45,998.4,5.5865,2.1312,90.0,B5C5,0,109.79,660.43,0,-1
304,legit_27,798.4,506.64,13.6761,-0.1205,180.0,E3E2,1,105.16,485.39,0,-1
304,legit_34,459.27,1001.6,13.1734,0.0759,270.0,D5C5,0,78.95,580.27,0,-1
304,legit_35,755.36,798.4,13.2742,-0.0936,90.0,D4E4,0,41.94,495.06,0,-1
304,legit_36,798.4,132.28,12.9087,-0.4237,180.0,E1E0,0,49.93,632.77,0,-1
304,legit_37,211.36,798.4,11.8523,1.8416,90.0,B4C4,1,74.14,586.39,0,-1
304,legit_38,936.38,-1.6,13.4083,0.6516,90.0,E0F0,0,166.42,774.63,0,-1
304,legit_39,398.4,405.69,12.1766,-0.4901,180.0,:C2_1,0,68.92,506.67,0,-1
304,legit_40,998.4,931.84,11.2044,-0.6311,180.0,F5F4,1,105.34,639.34,0,-1
304,legit_41,201.6,414.88,12.2244,-0.1368,0.0,B2B3,0,75.33,588.33,0,-1
304,legit_42,18.13,601.6,11.99,-0.1949,270.0,B3A3,0,131.88,691.81,0,-1
304,legit_43,198.4,684.24,13.7017,0.6224,180.0,B4B3,1,97.15,572.19,0,-1
304,legit_44,745.04,401.6,12.8056,1.6771,270.0,E2D2,1,41.89,492.82,0,-1
304,legit_45,414.57,-1.6,13.3872,-0.0625,90.0,C0D0,0,126.66,727.43,0,-1
304,legit_46,103.9,198.4,12.9105,0.4504,90.0,A1B1,0,90.95,729.34,0,-1
304,legit_47,978.38,1001.6,9.6328,2.0353,270.0,F5E5,1,106.19,662.97,0,-1
304,legit_48,-1.6,10.18,10.5995,-2.4191,180.0,A1A0,0,187.2,908.42,0,-1
304,legit_49,1001.6,692.86,12.8655,0.8231,0.0,F3F4,0,104.72,573.3,0,-1
304,legit_50,231.54,998.4,8.088,2.5015,90.0,B5C5,0,115.36,656.58,0,-1
305,legit_27,798.4,493.72,12.9186,-0.7574,180.0,E3E2,1,116.78,487.33,0,-1
305,legit_34,446.15,1001.6,13.1261,-0.0473,270.0,D5C5,0,78.49,582.86,0,-1
305,legit_35,768.62,798.4,13.2641,-0.0101,90.0,D4E4,0,45.58,498.29,0,-1
305,legit_36,798.4,119.01,13.2658,0.357,180.0,E1E0,0,48.41,641.38,0,-1
305,legit_37,224.08,798.4,12.7178,0.8655,90.0,B4C4,1,84.96,579.84,0,-1
305,legit_38,950.01,-1.6,13.6307,0.2224,90.0,E0F0,0,157.43,780.07,0,-1
305,legit_39,398.4,393.52,12.1708,-0.0059,180.0,:C2_1,0,61.53,509.99,0,-1
305,legit_40,998.4,920.28,11.5619,0.3574,180.0,F5F4,1,95.43,634.24,0,-1
305,legit_41,201.6,426.4,11.5244,-0.7,0.0,B2B3,0,84.09,585.72,0,-1
305,legit_42,10.64,601.6,7.49,-4.5,270.0,B3A3,0,139.37,697.79,0,-1
305,legit_43,198.4,671.21,13.0312,-0.6704,180.0,B4B3,1,86.1,570.67,0,-1
305,legit_44,732.0,401.6,13.0433,0.2377,270.0,E2D2,1,45.33,490.35,0,-1
305,legit_45,427.84,-1.6,13.271,-0.1162,90.0,C0D0,0,123.6,724.54,0,-1
305,legit_46,117.05,198.4,13.1411,0.2305,90.0,A1B1,0,85.04,720.93,0,-1
305,legit_47,967.43,1001.6,10.9412,1.3084,270.0,F5E5,1,113.86,657.77,0,-1
305,legit_48,-1.6,3.65,6.5317,-4.0678,180.0,A1A0,0,191.1,912.64,0,-1
305,legit_49,1001.6,704.88,12.0214,-0.8441,0.0,F3F4,0,115.51,574.98,0,-1
305,legit_50,242.05,998.4,10.5085,2.4205,90.0,B5C5,0,123.01,651.68,0,-1
306,legit_27,798.4,480.46,13.2639,0.3453,180.0,E3E2,1,128.97,489.52,0,-1
306,legit_34,433.23,1001.6,12.9195,-0.2066,270.0,D5C5,0,80.17,585.69,0,-1
306,legit_35,780.74,798.4,12.1192,-1.145,90.0,D4E4,0,51.72,501.55,0,-1
306,legit_36,798.4,106.21,12.7976,-0.4682,180.0,E1E0,1,50.32,649.99,0,-1
306,legit_37,237.27,798.4,13.1922,0.4744,90.0,B4C4,1,96.68,573.24,0,-1
306,legit_38,962.93,-1.6,12.9224,-0.7083,90.0,E0F0,0,149.56,785.41,0,-1
306,legit_39,398.4,381.4,12.1197,-0.0511,180.0,C2C1,0,55.86,513.52,0,-1
306,legit_40,998.4,908.93,11.3476,-0.2142,180.0,F5F4,1,86.11,629.37,0,-1
306,legit_41,201.6,438.15,11.7537,0.2293,0.0,B2B3,0,93.65,583.21,0,-1
306,legit_42,3.8,601.11,6.8708,-0.6192,264.41,:A3_4,0,146.2,703.27,0,-1
306,legit_43,198.4,658.19,13.0213,-0.01,180.0,B4B3,1,75.69,569.34,0,-1
306,legit_44,718.41,401.6,13.5944,0.5511,270.0,E2D2,1,52.24,488.14,0,-1
306,legit_45,441.29,-1.6,13.4518,0.1808,90.0,C0D0,0,121.91,721.83,0,-1
306,legit_46,130.04,198.4,12.993,-0.1481,90.0,A1B1,0,80.9,712.84,0,-1
306,legit_47,954.68,1001.6,12.7556,1.8144,270.0,F5E5,1,123.42,651.87,0,-1
306,legit_48,1.19,-1.31,6.1571,-0.3746,144.85,:A0_0,0,192.0,914.04,0,-1
306,legit_49,1001.6,717.67,12.7891,0.7677,0.0,F3F4,0,127.24,576.93,0,-1
306,legit_50,254.52,998.4,12.4774,1.9688,90.0,B5C5,0,132.6,646.03,0,-1
306,legit_51,798.4,187.7,0.0,0.0,180.0,E1E0,1,83.22,599.73,0,-1
307,legit_27,798.4,467.43,13.0279,-0.236,180.0,E3E2,1,117.83,491.87,0,-1
307,legit_34,420.63,1001.6,12.6006,-0.319,270.0,D5C5,0,83.72,588.73,0,-1
307,legit_35,788.36,798.4,7.6192,-4.5,90.0,D4E4,0,56.59,503.74,0,-1
307,legit_36,798.4,92.72,13.4909,0.6933,180.0,E1E0,1,55.56,659.36,0,-1
307,legit_37,250.07,798.4,12.7911,-0.4011,90.0,B4C4,0,108.37,567.02,0,-1
307,legit_38,976.56,-1.6,13.6329,0.7106,90.0,E0F0,0,142.05,791.23,0,-1
307,legit_39,398.4,368.44,12.9598,0.8401,180.0,C2C1,0,52.29,517.6,0,-1
307,legit_40,998.4,897.0,11.9327,0.5851,180.0,F5F4,1,76.89,624.4,0,-1
307,legit_41,201.6,450.16,12.0039,0.2502,0.0,B2B3,0,103.88,580.81,0,-1
307,legit_42,-0.65,597.32,6.0909,-0.7799,225.4,:A3_4,0,150.67,706.87,0,-1
307,legit_43,198.4,645.07,13.1203,0.0991,180.0,B4B3,0,66.13,568.22,0,-1
307,legit_44,705.08,401.6,13.3287,-0.2657,270.0,E2D2,1,61.23,486.29,0,-1
307,legit_45,454.94,-1.6,13.6471,0.1953,90.0,C0D0,0,121.7,719.34,0,-1
307,legit_46,143.34,198.4,13.2985,0.3055,90.0,A1B1,0,78.68,704.83,0,-1
307,legit_47,942.41,1001.6,12.2724,-0.4831,270.0,F5E5,1,133.13,646.37,0,-1
307,legit_48,7.55,-1.6,6.3824,0.2253,91.06,A0B0,0,187.29,910.08,0,-1
307,legit_49,1001.6,730.84,13.1626,0.3735,0.0,F3F4,0,119.41,579.11,0,-1
307,legit_50,266.94,998.4,12.4125,-0.0649,90.0,B5C5,0,142.59,640.58,0,-1
307,legit_51,798.4,185.37,2.3327,2.3327,180.0,E1E0,1,81.34,601.04,0,-1
308,legit_27,798.4,454.18,13.2508,0.2229,180.0,E3E2,1,105.89,494.45,0,-1
308,legit_34,408.21,1001.6,12.4141,-0.1864,270.0,D5C5,1,88.84,591.96,0,-1
308,legit_35,792.08,798.4,3.7201,-3.899,90.0,D4E4,0,59.17,504.84,0,-1
308,legit_36,798.4,79.78,12.9425,-0.5484,180.0,E1E0,1,62.93,668.61,0,-1
308,legit_37,262.79,798.4,12.721,-0.0701,90.0,B4C4,0,120.21,561.01,0,-1
308,legit_38,988.65,-1.6,12.0843,-1.5486,90.0,E0F0,0,136.2,796.56,0,-1
308,legit_39,398.4,355.42,13.0188,0.059,180.0,C2C1,0,51.8,522.02,0,-1
308,legit_40,998.4,885.89,11.114,-0.8187,180.0,F5F4,2,69.05,619.92,0,-1
308,legit_41,201.6,462.34,12.1849,0.181,0.0,B2B3,0,114.62,578.54,0,-1
308,legit_42,-1.6,591.13,6.3358,0.2449,185.42,A3A2,0,151.86,707.68,0,-1
308,legit_43,198.4,631.77,13.3002,0.1798,180.0,B4B3,0,57.89,567.32,0,-1
308,legit_44,691.69,401.6,13.3829,0.0542,270.0,E2D2,1,71.62,484.7,0,-1
308,legit_45,468.43,-1.6,13.4955,-0.1516,90.0,C0D0,0,122.99,717.11,0,-1
308,legit_46,156.47,198.4,13.1316,-0.1669,90.0,A1B1,0,78.67,697.18,0,-1
308,legit_47,930.2,1001.6,12.2088,-0.0636,270.0,F5E5,1,143.17,641.05,0,-1
308,legit_48,16.13,-1.6,8.5842,2.2018,90.0,A0B0,0,180.85,904.53,0,-1
308,legit_49,1001.6,743.64,12.807,-0.3556,0.0,F3F4,1,107.83,581.41,0,-1
308,legit_50,279.35,998.4,12.4106,-0.0019,90.0,B5C5,1,152.94,635.29,0,-1
308,legit_51,798.4,181.33,4.0328,1.7001,180.0,E1E0,1,78.13,603.32,0,-1
309,legit_27,798.4,440.65,13.5246,0.2738,180.0,E3E2,1,94.06,497.29,0,-1
309,legit_34,395.62,1001.6,12.5934,0.1792,270.0,:C5_0,1,95.41,595.48,0,-1
309,legit_35,794.36,799.93,2.9772,-0.743,70.46,:E4_15,0,59.78,505.94,0,-1
309,legit_36,798.4,66.61,13.1673,0.2248,180.0,E1E0,1,72.06,678.22,0,-1
309,legit_37,276.44,798.4,13.6559,0.935,90.0,B4C4,0,133.11,554.75,0,-1
309,legit_38,996.23,-1.6,7.5843,-4.5,90.0,E0F0,0,132.96,799.98,0,-1
309,legit_39,398.4,342.58,12.8467,-0.1721,180.0,C2C1,0,54.46,526.7,0,-1
309,legit_40,998.4,874.39,11.491,0.3771,180.0,F5F4,1,62.01,615.46,0,-1
309,legit_41,201.6,474.22,11.8741,-0.3108,0.0,B2B3,1,125.33,576.47,0,-1
309,legit_42,-1.6,582.41,8.7212,2.3854,180.0,A3A2,0,152.62,707.82,0,-1
309,legit_43,198.4,617.9,13.8721,0.5719,180.0,B4B3,1,51.6,566.67,0,-1
309,legit_44,678.79,401.6,12.9075,-0.4754,270.0,E2D2,1,82.47,483.41,0,-1
309,legit_45,481.23,-1.6,12.7944,-0.7011,90.0,C0D0,0,125.55,715.22,0,-1
309,legit_46,169.36,198.4,12.8947,-0.2369,90.0,A1B1,0,80.76,689.92,0,-1
309,legit_47,917.23,1001.6,12.9643,0.7556,270.0,F5E5,0,154.19,635.58,0,-1
309,legit_48,26.52,-1.6,10.3871,1.8029,90.0,A0B0,0,173.3,897.88,0,-1
309,legit_49,1001.6,756.26,12.6149,-0.1921,0.0,F3F4,1,96.72,583.84,0,-1
309,legit_50,291.86,998.4,12.5165,0.1059,90.0,B5C5,1,163.66,630.11,0,-1
309,legit_51,798.4,175.08,6.2546,2.2218,180.0,E1E0,1,73.32,606.9,0,-1
310,legit_27,798.4,427.87,12.7831,-0.7415,180.0,E3E2,1,83.36,500.18,0,-1
310,legit_34,382.7,1001.6,12.9223,0.3289,270.0,C5B5,1,103.33,599.32,0,-1
310,legit_35,792.04,801.6,3.1721,0.1949,339.39,E4D4,0,56.94,505.69,0,-1
310,legit_36,798.4,52.96,13.6503,0.483,180.0,E1E0,1,82.68,688.37,0,-1
310,legit_37,290.25,798.4,13.8121,0.1562,90.0,B4C4,0,146.29,548.62,0,-1
310,legit_38,1000.8,0.27,5.2209,-2.3634,66.71,:F0_1,0,129.44,800.69,0,-1
310,legit_39,398.4,330.13,12.4486,-0.3982,180.0,C2C1,0,59.62,531.53,0,-1
310,legit_40,998.4,862.57,11.8262,0.3352,180.0,F5F4,1,56.32,611.08,0,-1
310,legit_41,201.6,486.24,12.0257,0.1516,0.0,B2B3,1,124.91,574.53,0,-1
310,legit_42,-1.6,571.39,11.0164,2.2953,180.0,A3A2,0,154.28,708.14,0,-1
310,legit_43,198.4,608.52,9.3721,-4.5,180.0,B4B3,1,49.14,566.43,0,-1
310,legit_44,665.08,401.6,13.7046,0.7971,270.0,E2D2,1,94.56,482.26,0,-1
310,legit_45,494.53,-1.6,13.3005,0.5061,90.0,C0D0,0,129.5,713.48,0,-1
310,legit_46,180.99,198.4,11.6292,-1.2656,90.0,A1B1,0,84.3,683.6,0,-1
310,legit_47,904.82,1001.6,12.4136,-0.5507,270.0,F5E5,0,165.0,630.49,0,-1
310,legit_48,38.26,-1.6,11.7399,1.3528,90.0,A0B0,0,165.14,890.46,0,-1
310,legit_49,1001.6,768.46,12.2069,-0.408,0.0,F3F4,1,86.37,586.36,0,-1
310,legit_50,305.08,998.4,13.2161,0.6996,90.0,B5C5,1,166.31,624.82,0,-1
310,legit_51,798.4,166.76,8.3225,2.068,180.0,E1E0,1,67.3,611.73,0,-1
311,legit_27,798.4,414.2,13.6659,0.8828,180.0,E3E2,1,72.67,503.49,0,-1
311,legit_34,369.34,1001.6,13.3619,0.4396,270.0,C5B5,1,112.49,603.51,0,-1
311,legit_35,786.42,801.6,5.6209,2.4489,270.0,E4D4,0,52.93,504.03,0,-1
311,legit_36,798.4,39.39,13.5774,-0.0729,180.0,E1E0,1,94.03,698.64,0,-1
311,legit_37,303.17,798.4,12.9122,-0.9,90.0,B4C4,0,152.61,543.06,0,-1
311,legit_38,1001.6,4.91,4.7922,-0.4287,10.63,F0F1,0,124.86,797.63,0,-1
311,legit_39,398.4,317.59,12.5396,0.0911,180.0,C2C1,0,66.79,536.64,0,-1
311,legit_40,998.4,850.89,11.6821,-0.1442,180.0,F5F4,1,52.74,606.97,0,-1
311,legit_41,201.6,498.52,12.2732,0.2476,0.0,B2B3,1,113.85,572.7,0,-1
311,legit_42,-1.6,559.34,12.0526,1.0362,180.0,A3A2,0,156.96,708.66,0,-1
311,legit_43,198.9,603.69,4.8721,-4.5,174.23,:B3_2,1,49.04,566.1,0,-1
311,legit_44,651.21,401.6,13.8772,0.1726,270.0,E2D2,1,107.2,481.33,0,-1
311,legit_45,507.68,-1.6,13.1468,-0.1536,90.0,C0D0,0,134.58,711.98,0,-1
311,legit_46,188.68,198.4,7.6857,-3.9434,90.0,A1B1,0,87.42,679.53,0,-1
311,legit_47,892.53,1001.6,12.2911,-0.1226,270.0,F5E5,0,162.67,625.62,0,-1
311,legit_48,51.18,-1.6,12.9207,1.1808,90.0,A0B0,0,156.69,882.43,0,-1
311,legit_49,1001.6,780.43,11.9658,-0.2411,0.0,F3F4,1,76.75,588.99,0,-1
311,legit_50,318.16,998.4,13.0829,-0.1332,90.0,B5C5,1,155.05,619.76,0,-1
311,legit_51,798.4,156.95,9.8084,1.4858,180.0,E1E0,1,60.89,617.54,0,-1
312,legit_34,356.12,1001.6,13.2181,-0.1437,270.0,C5B5,1,122.31,607.88,0,-1
312,legit_35,778.55,801.6,7.8681,2.2472,270.0,E4D4,0,47.85,501.79,0,-1
312,legit_36,798.4,26.29,13.097,-0.4804,180.0,E1E0,1,105.47,708.68,0,-1
312,legit_37,316.86,798.4,13.6887,0.7766,90.0,B4C4,0,139.49,537.37,0,-1
312,legit_38,1001.6,11.53,6.6225,1.8302,0.0,F0F1,0,118.78,792.75,0,-1
312,legit_39,398.4,305.64,11.9532,-0.5864,180.0,C2C1,0,74.95,541.73,0,-1
312,legit_40,998.4,838.82,12.0675,0.3854,180.0,F5F4,1,51.61,602.99,0,-1
312,legit_41,201.6,510.17,11.657,-0.6162,0.0,B2B3,1,103.59,571.12,0,-1
312,legit_42,-1.6,546.67,12.6685,0.6159,180.0,A3A2,0,160.71,709.4,0,-1
312,legit_43,203.23,599.02,6.6246,1.7525,131.73,:B3_16,1,53.24,563.77,0,-1
312,legit_44,638.4,401.6,12.8007,-1.0764,270.0,E2D2,0,119.1,480.68,0,-1
312,legit_45,520.72,-1.6,13.0462,-0.1006,90.0,C0D0,0,140.67,710.71,0,-1
312,legit_46,198.23,198.4,9.5471,1.8614,90.0,:B1_13,0,92.04,674.59,0,-1
312,legit_47,879.88,1001.6,12.6514,0.3603,270.0,F5E5,1,151.71,620.76,0,-1
312,legit_48,64.94,-1.6,13.7583,0.8376,90.0,A0B0,0,148.4,874.02,0,-1
312,legit_49,1001.6,788.1,7.6684,-4.2974,0.0,F3F4,1,70.97,590.76,0,-1
312,legit_50,331.46,998.4,13.2924,0.2094,90.0,B5C5,1,143.91,614.8,0,-1
312,legit_51,798.4,144.98,11.97,2.1616,180.0,E1E0,1,54.47,624.81,0,-1
312,legit_52,798.4,987.7,0.0,0.0,180.0,E5E4,1,104.22,586.23,0,-1
313,legit_34,343.61,1001.6,12.5114,-0.7068,270.0,C5B5,1,132.16,612.19,0,-1
313,legit_35,769.04,801.6,9.5173,1.6491,270.0,E4D4,0,42.86,499.23,0,-1
313,legit_36,798.4,13.37,12.9162,-0.1808,180.0,E1E0,1,117.1,718.71,0,-1
313,legit_37,330.02,798.4,13.1644,-0.5243,90.0,B4C4,0,126.99,532.08,0,-1
313,legit_38,1001.6,20.57,9.0455,2.423,0.0,F0F1,0,110.58,786.13,0,-1
313,legit_39,398.4,292.85,12.7833,0.8301,180.0,C2C1,0,84.68,547.38,0,-1
313,legit_40,998.4,827.31,11.5068,-0.5607,180.0,F5F4,1,53.14,599.44,0,-1
313,legit_41,201.6,522.48,12.3088,0.6518,0.0,B2B3,1,93.12,569.6,0,-1
313,legit_42,-1.6,534.98,11.6899,-0.9786,180.0,A3A2,0,164.95,710.25,0,-1
313,legit_43,211.35,598.4,8.1781,1.5535,91.38,B3C3,1,61.37,559.46,0,-1
313,legit_44,624.66,401.6,13.7485,0.9478,270.0,E2D2,0,132.07,480.19,0,-1
313,legit_45,533.61,-1.6,12.8904,-0.1559,90.0,C0D0,0,147.57,709.65,0,-1
313,legit_46,209.39,198.4,11.1668,1.6197,90.0,B1C1,0,98.36,668.96,0,-1
313,legit_47,867.78,1001.6,12.0936,-0.5578,270.0,F5E5,1,141.49,616.27,0,-1
313,legit_48,78.25,-1.6,13.3099,-0.4485,90.0,A0B0,0,141.19,866.05,0,-1
313,legit_49,1001.6,791.8,3.7068,-3.9615,0.0,F3F4,1,68.3,591.65,0,-1
313,legit_50,345.08,998.4,13.6223,0.3299,90.0,B5C5,1,132.92,609.92,0,-1
313,legit_51,798.4,131.52,13.4544,1.4844,180.0,E1E0,1,49.75,633.25,0,-1
313,legit_52,798.4,986.28,1.4209,1.4209,180.0,E5E4,1,105.48,585.47,0,-1
314,legit_34,331.24,1001.6,12.3637,-0.1477,270.0,C5B5,1,142.3,616.63,0,-1
314,legit_35,758.18,801.6,10.8538,1.3365,270.0,E4D4,0,39.26,496.54,0,-1
314,legit_37,343.84,798.4,13.8169,0.6525,90.0,B4C4,0,114.02,526.73,0,-1
314,legit_38,1001.6,31.11,10.5391,1.4936,0.0,F0F1,0,101.21,778.5,0,-1
314,legit_39,398.4,280.6,12.2543,-0.529,180.0,C2C1,0,94.69,552.97,0,-1
314,legit_40,998.4,815.45,11.8579,0.3511,180.0,F5F4,1,57.14,596.04,0,-1
314,legit_41,201.6,534.72,12.2358,-0.073,0.0,B2B3,1,83.21,568.27,0,-1
314,legit_42,-1.6,523.03,11.9522,0.2623,180.0,A3A2,0,170.02,711.29,0,-1
314,legit_43,221.18,598.4,9.8239,1.6458,90.0,B3C3,1,71.19,554.34,0,-1
314,legit_44,611.09,401.6,13.566,-0.1825,270.0,E2D2,0,145.0,479.92,0,-1
314,legit_45,546.34,-1.6,12.7274,-0.1629,90.0,C0D0,0,155.14,708.79,0,-1
314,legit_46,221.81,198.4,12.4199,1.2531,90.0,B1C1,0,106.32,662.88,0,-1
314,legit_47,855.74,1001.6,12.0451,-0.0485,270.0,F5E5,1,131.63,611.96,0,-1
314,legit_48,92.01,-1.6,13.7634,0.4535,90.0,A0B0,0,134.72,857.98,0,-1
314,legit_49,1001.3,793.25,1.5367,-2.1702,356.49,:F4_5,1,67.51,591.83,0,-1
314,legit_50,358.59,998.4,13.5151,-0.1072,90.0,B5C5,1,122.53,605.29,0,-1
314,legit_51,798.4,118.33,13.1902,-0.2643,180.0,E1E0,0,48.43,641.83,0,-1
314,legit_52,798.4,982.44,3.8416,2.4207,180.0,E5E4,1,108.91,583.43,0,-1
315,legit_34,318.62,1001.6,12.6201,0.2564,270.0,C5B5,1,152.99,621.33,0,-1
315,legit_35,745.88,801.6,12.3048,1.451,270.0,E4D4,0,38.62,493.82,0,-1
315,legit_37,357.66,798.4,13.8215,0.0045,90.0,B4C4,0,101.28,521.59,0,-1
315,legit_38,1001.6,43.99,12.8747,2.3356,0.0,F0F1,0,90.11,769.28,0,-1
315,legit_39,398.4,268.65,11.9481,-0.3062,180.0,C2C1,0,104.92,558.59,0,-1
315,legit_40,998.4,804.41,11.0403,-0.8177,180.0,:F4_1,1,62.68,593.08,0,-1
315,legit_41,201.6,547.29,12.5707,0.335,0.0,B2B3,1,73.76,567.08,0,-1
315,legit_42,-1.6,511.01,12.0158,0.0637,180.0,A3A2,0,175.79,712.51,0,-1
315,legit_43,232.32,598.4,11.1453,1.3214,90.0,B3C3,1,82.34,548.64,0,-1
315,legit_45,559.33,-1.6,12.9943,0.2668,90.0,C0D0,0,163.53,708.11,0,-1
315,legit_46,235.17,198.4,13.358,0.9381,90.0,B1C1,0,115.76,656.55,0,-1
315,legit_47,843.63,1001.6,12.1126,0.0675,270.0,F5E5,1,122.12,607.79,0,-1
315,legit_48,104.64,-1.6,12.6314,-1.132,90.0,A0B0,0,129.78,850.74,0,-1
315,legit_49,1000.92,793.82,0.6863,-0.8504,351.9,:F4_5,1,67.39,591.77,0,-1
315,legit_50,371.33,998.4,12.7396,-0.7755,90.0,B5C5,1,113.35,601.11,0,-1
315,legit_51,798.4,104.68,13.6528,0.4627,180.0,E1E0,0,50.77,651.04,0,-1
315,legit_52,798.4,976.22,6.2165,2.3749,180.0,E5E4,1,114.51,580.15,0,-1
316,legit_34,306.39,1001.6,12.2271,-0.393,270.0,C5B5,1,163.61,626.04,0,-1
316,legit_35,732.5,801.6,13.3821,1.0773,270.0,E4D4,0,42.2,491.27,0,-1
316,legit_37,371.17,798.4,13.5152,-0.3062,90.0,B4C4,0,89.13,516.77,0,-1
316,legit_38,1001.6,56.85,12.8618,-0.0129,0.0,F0F1,0,79.56,760.2,0,-1
316,legit_39,398.4,255.74,12.9089,0.9608,180.0,C2C1,0,116.33,564.84,0,-1
316,legit_40,998.4,792.43,11.9787,0.9384,180.0,F4F3,1,70.18,590.07,0,-1
316,legit_41,201.6,558.74,11.4467,-1.1241,0.0,B2B3,1,66.07,566.18,0,-1
316,legit_42,-1.6,498.59,12.4256,0.4098,180.0,A3A2,0,182.39,713.95,0,-1
316,legit_43,245.05,598.4,12.7254,1.5801,90.0,B3C3,1,95.06,542.29,0,-1
316,legit_45,572.41,-1.6,13.0777,0.0834,90.0,C0D0,0,172.54,707.61,0,-1
316,legit_46,247.75,198.4,12.5782,-0.7798,90.0,B1C1,0,125.3,650.77,0,-1
316,legit_47,831.37,1001.6,12.259,0.1464,270.0,F5E5,1,112.99,603.74,0,-1
316,legit_48,118.44,-1.6,13.7936,1.1622,90.0,A0B0,0,125.63,843.01,0,-1
316,legit_49,1000.87,793.89,0.0808,-0.6055,351.36,:F4_5,1,67.38,591.76,0,-1
316,legit_50,384.11,998.4,12.7778,0.0382,90.0,B5C5,1,104.88,597.13,0,-1
316,legit_51,798.4,90.89,13.7885,0.1357,180.0,E1E0,0,56.48,660.66,0,-1
316,legit_52,798.4,968.02,8.2053,1.9888,180.0,E5E4,1,122.0,575.89,0,-1
317,legit_34,293.84,1001.6,12.5503,0.3232,270.0,C5B5,1,163.82,631.03,0,-1
317,legit_35,719.08,801.6,13.4156,0.0335,270.0,E4D4,0,49.3,489.1,0,-1
317,legit_37,384.87,798.4,13.693,0.1777,90.0,B4C4,0,77.29,512.12,0,-1
317,legit_38,1001.6,70.1,13.2483,0.3865,0.0,F0F1,0,69.52,751.01,0,-1
317,legit_39,398.4,243.64,12.1061,-0.8028,180.0,C2C1,1,127.29,570.86,0,-1
317,legit_40,998.4,780.78,11.653,-0.3257,180.0,F4F3,1,78.55,587.33,0,-1
317,legit_41,201.6,571.29,12.5497,1.103,0.0,B2B3,1,59.05,565.41,0,-1
317,legit_42,-1.6,485.9,12.6862,0.2606,180.0,A3A2,0,189.74,715.6,0,-1
317,legit_43,257.84,598.4,12.7948,0.0694,90.0,B3C3,1,107.85,536.07,0,-1
317,legit_45,584.99,-1.6,12.5732,-0.5045,90.0,C0D0,0,181.68,707.32,0,-1
317,legit_46,260.71,198.4,12.9629,0.3847,90.0,B1C1,1,135.66,645.0,0,-1
317,legit_47,818.72,1001.6,12.6509,0.3919,270.0,F5E5,1,104.25,599.75,0,-1
317,legit_48,131.96,-1.6,13.5274,-0.2662,90.0,A0B0,0,122.93,835.64,0,-1
317,legit_49,1000.86,793.9,0.0163,-0.0645,351.24,:F4_5,1,67.37,591.76,0,-1
317,legit_50,392.39,998.4,8.2778,-4.5,90.0,B5C5,1,99.89,594.66,0,-1
317,legit_51,798.4,77.69,13.2072,-0.5813,180.0,E1E0,0,64.29,670.12,0,-1
317,legit_52,798.4,958.5,9.5138,1.3085,180.0,E5E4,1,128.01,571.03,0,-1
318,legit_34,281.19,1001.6,12.6572,0.1069,270.0,C5B5,1,152.83,636.23,0,-1
318,legit_35,705.91,801.6,13.1724,-0.2432,270.0,E4D4,0,58.47,487.27,0,-1
318,legit_38,1001.6,82.9,12.8044,-0.4439,0.0,F0F1,0,60.98,742.29,0,-1
318,legit_39,398.4,231.46,12.1781,0.0721,180.0,C2C1,1,122.82,577.06,0,-1
318,legit_40,998.4,768.85,11.9278,0.2748,180.0,F4F3,1,87.89,584.69,0,-1
318,legit_41,201.6,583.65,12.365,-0.1847,0.0,B2B3,1,54.13,564.89,0,-1
318,legit_42,-1.6,473.71,12.1877,-0.4984,180.0,A3A2,0,189.51,717.36,0,-1
318,legit_43,270.91,598.4,13.0721,0.2774,90.0,B3C3,1,120.92,529.89,0,-1
318,legit_45,593.06,-1.56,8.0732,-4.5,89.58,:D0_7,0,187.73,707.19,0,-1
318,legit_46,273.92,198.4,13.2093,0.2464,90.0,B1C1,1,146.64,639.3,0,-1
318,legit_47,809.97,1001.6,8.7454,-3.9055,270.0,F5E5,1,98.71,597.11,0,-1
318,legit_48,144.93,-1.6,12.9636,-0.5638,90.0,A0B0,0,121.71,828.76,0,-1
318,legit_49,998.85,793.48,2.5292,2.5129,303.6,:F4_11,1,69.14,590.57,0,-1
318,legit_50,397.65,995.92,6.1812,-2.0966,120.1,:C5_6,1,99.04,591.79,0,-1
318,legit_51,798.4,64.87,12.8157,-0.3916,180.0,E1E0,0,73.36,679.5,0,-1
318,legit_52,798.4,946.45,12.0539,2.5401,180.0,E5E4,1,116.93,565.0,0,-1
318,legit_53,-1.6,187.7,0.0,0.0,180.0,A1A0,0,166.03,808.25,0,-1
319,legit_34,267.92,1001.6,13.2693,0.6121,270.0,C5B5,1,141.6,641.86,0,-1
319,legit_35,692.55,801.6,13.3587,0.1863,270.0,E4D4,0,69.1,485.69,0,-1
319,legit_38,1001.6,96.3,13.3952,0.5908,0.0,F0F1,0,53.89,733.38,0,-1
319,legit_39,398.4,219.59,11.8694,-0.3087,180.0,C2C1,1,112.16,583.26,0,-1
319,legit_40,998.4,756.83,12.0196,0.0919,180.0,F4F3,1,97.87,582.19,0,-1
319,legit_41,201.6,595.73,12.0761,-0.289,0.0,:B3_9,1,51.78,564.66,0,-1
319,legit_42,-1.6,461.36,12.3488,0.1611,180.0,A3A2,0,182.37,719.32,0,-1
319,legit_43,283.65,598.4,12.7416,-0.3305,90.0,B3C3,1,133.66,524.04,0,-1
319,legit_45,599.54,0.83,7.1122,-0.9611,64.51,:D0_10,0,191.21,705.25,0,-1
319,legit_46,286.92,198.4,13.002,-0.2073,90.0,B1C1,1,157.78,633.86,0,-1
319,legit_47,804.49,1001.21,5.5134,-3.232,265.54,:E5_1,1,95.79,595.3,0,-1
319,legit_48,158.05,-1.6,13.1204,0.1568,90.0,A0B0,0,121.87,822.0,0,-1
319,legit_49,998.4,790.88,2.7374,0.2082,215.38,F4F3,1,71.24,589.69,0,-1
319,legit_50,398.4,989.88,6.179,-0.0022,176.62,C5C4,1,103.85,588.31,0,-1
319,legit_51,798.4,51.2,13.667,0.8513,180.0,E1E0,0,84.12,689.69,0,-1
319,legit_52,798.4,933.99,12.4567,0.4028,180.0,E5E4,1,105.72,558.94,0,-1
319,legit_53,-1.6,185.3,2.4031,2.4031,180.0,A1A0,0,165.06,809.39,0,-1
320,legit_34,255.24,1001.6,12.6815,-0.5878,270.0,C5B5,1,131.23,647.42,0,-1
320,legit_35,678.79,801.6,13.7616,0.403,270.0,E4D4,0,80.91,484.31,0,-1
320,legit_38,1001.6,109.69,13.3924,-0.0028,0.0,F0F1,0,49.49,724.74,0,-1
320,legit_39,398.4,209.37,10.2155,-1.654,180.0,C2C1,1,103.2,588.71,0,-1
320,legit_40,998.4,745.66,11.1705,-0.8491,180.0,F4F3,1,107.53,580.02,0,-1
320,legit_41,201.6,607.5,11.7764,-0.2997,0.0,B3B4,1,52.14,564.69,0,-1
320,legit_42,-1.6,449.77,11.5912,-0.7576,180.0,A3A2,0,176.19,721.32,0,-1
320,legit_43,296.42,598.4,12.7619,0.0203,90.0,B3C3,1,146.43,518.34,0,-1
320,legit_45,601.6,7.54,7.165,0.0528,11.06,D0D1,0,186.2,699.93,0,-1
320,legit_46,300.21,198.4,13.2893,0.2873,90.0,B1C1,1,169.07,628.48,0,-1
320,legit_47,799.31,997.25,6.8694,1.356,224.95,:E5_9,1,96.33,591.65,0,-1
320,legit_48,171.2,-1.6,13.1498,0.0294,90.0,A0B0,0,123.43,815.42,0,-1
320,legit_49,998.4,785.95,4.9325,2.1951,180.0,F4F3,1,74.73,588.52,0,-1
320,legit_50,398.4,981.59,8.2893,2.1104,180.0,C5C4,1,111.12,583.88,0,-1
320,legit_51,798.4,38.1,13.106,-0.561,180.0,E1E0,0,95.13,699.62,0,-1
320,legit_52,798.4,921.65,12.3391,-0.1176,180.0,E5E4,1,94.92,553.09,0,-1
320,legit_53,-1.6,180.31,4.985,2.582,180.0,A1A0,0,163.16,811.79,0,-1
321,legit_34,242.42,1001.6,12.8123,0.1308,270.0,C5B5,0,121.2,653.2,0,-1
321,legit_35,665.55,801.6,13.2381,-0.5236,270.0,E4D4,0,92.77,483.21,0,-1
321,legit_38,1001.6,123.02,13.3309,-0.0615,0.0,F0F1,0,48.49,716.44,0,-1
321,legit_39,397.31,203.51,6.0871,-4.1284,192.88,:C1_0,1,98.75,592.19,0,-1
321,legit_40,998.4,734.64,11.0246,-0.1459,180.0,F4F3,1,117.32,578.0,0,-1
321,legit_41,201.6,619.27,11.771,-0.0054,0.0,B3B4,1,55.08,564.99,0,-1
321,legit_42,-1.6,437.93,11.845,0.2538,180.0,A3A2,0,170.46,723.53,0,-1
321,legit_43,309.97,598.4,13.5512,0.7893,90.0,B3C3,1,140.04,512.48,0,-1
321,legit_45,601.6,16.33,8.7931,1.6281,0.0,D0D1,0,181.03,692.99,0,-1
321,legit_46,312.6,198.4,12.3893,-0.9,90.0,B1C1,1,158.19,623.63,0,-1
321,legit_47,798.4,990.81,6.5744,-0.295,184.9,E5E4,1,101.47,587.91,0,-1
321,legit_48,183.98,-1.6,12.7803,-0.3695,90.0,A0B0,0,126.26,809.22,0,-1
321,legit_49,998.4,779.06,6.8882,1.9557,180.0,F4F3,1,79.85,586.93,0,-1
321,legit_50,398.4,971.98,9.6125,1.3232,180.0,C5C4,0,119.71,578.84,0,-1
321,legit_51,798.4,24.52,13.5761,0.4701,180.0,E1E0,0,107.05,710.04,0,-1
321,legit_52,798.4,909.13,12.5225,0.1834,180.0,E5E4,1,84.39,547.33,0,-1
321,legit_53,-1.6,173.72,6.5967,1.6116,180.0,A1A0,0,160.83,815.0,0,-1
322,legit_34,229.93,1001.6,12.4974,-0.3149,270.0,C5B5,0,111.96,659.01,0,-1
322,legit_35,652.79,801.6,12.7608,-0.4772,270.0,E4D4,0,104.52,482.35,0,-1
322,legit_38,1001.6,135.62,12.6025,-0.7285,0.0,F0F1,0,50.86,708.87,0,-1
322,legit_39,392.82,201.6,5.0917,-0.9954,247.56,:C1_0,1,99.64,594.53,0,-1
322,legit_40,998.4,723.46,11.1746,0.15,180.0,F4F3,1,127.45,576.09,0,-1
322,legit_41,201.6,630.91,11.6395,-0.1314,0.0,B3B4,1,60.15,565.53,0,-1
322,legit_42,-1.6,425.34,12.5871,0.7421,180.0,A3A2,0,165.08,726.05,0,-1
322,legit_43,323.24,598.4,13.2675,-0.2837,90.0,B3C3,1,126.77,506.92,0,-1
322,legit_45,601.6,27.41,11.078,2.285,0.0,D0D1,0,174.92,684.35,0,-1
322,legit_46,325.15,198.4,12.5522,0.1629,90.0,B1C1,1,147.42,618.88,0,-1
322,legit_47,798.4,982.32,8.4967,1.9224,180.0,E5E4,1,109.02,583.37,0,-1
322,legit_48,197.72,-1.6,13.7395,0.9592,90.0,:B0_6,0,130.63,802.76,0,-1
322,legit_49,998.4,769.7,9.3584,2.4702,180.0,F4F3,1,87.21,584.87,0,-1
322,legit_50,398.4,960.19,11.7863,2.1738,180.0,C5C4,0,130.45,572.79,0,-1
322,legit_51,798.4,14.55,9.9722,-3.6039,180.0,E1E0,0,116.03,717.79,0,-1
322,legit_52,798.4,895.73,13.3967,0.8742,180.0,E5E4,1,73.82,541.37,0,-1
322,legit_53,-1.6,164.89,8.8236,2.2269,180.0,A1A0,0,158.11,819.36,0,-1
323,legit_34,216.72,1001.6,13.2033,0.7058,270.0,C5B5,0,102.95,665.35,0,-1
323,legit_35,639.11,801.6,13.6815,0.9207,270.0,E4D4,0,117.35,481.64,0,-1
323,legit_38,1001.6,148.69,13.0715,0.469,0.0,F0F1,0,56.27,701.3,0,-1
323,legit_39,387.55,201.6,5.2689,0.1773,270.0,C1B1,1,102.75,596.09,0,-1
323,legit_40,998.4,711.76,11.7023,0.5278,180.0,F4F3,1,123.1,574.22,0,-1
323,legit_41,201.6,643.18,12.2643,0.6247,0.0,B3B4,1,67.28,566.32,0,-1
323,legit_42,-1.6,413.59,11.7462,-0.8409,180.0,A3A2,0,160.79,728.57,0,-1
323,legit_43,336.67,598.4,13.4322,0.1648,90.0,B3C3,1,113.34,501.48,0,-1
323,legit_45,601.6,40.8,13.3914,2.3133,0.0,D0D1,0,168.21,674.05,0,-1
323,legit_46,337.92,198.4,12.7641,0.2119,90.0,B1C1,1,136.78,614.21,0,-1
323,legit_47,798.4,972.47,9.8448,1.3481,180.0,E5E4,1,117.92,578.2,0,-1
323,legit_48,210.52,-1.6,12.798,-0.9415,90.0,B0C0,0,135.83,796.93,0,-1
323,legit_49,998.4,758.38,11.3237,1.9653,180.0,F4F3,1,96.57,582.5,0,-1
323,legit_50,398.4,946.84,13.3502,1.5639,180.0,C5C4,0,118.65,566.11,0,-1
323,legit_51,798.4,9.08,5.4722,-4.5,180.0,E1E0,0,121.02,722.07,0,-1
323,legit_52,798.4,882.68,13.0547,-0.3421,180.0,E5E4,1,64.53,535.78,0,-1
323,legit_53,-1.6,154.63,10.2653,1.4417,180.0,A1A0,0,155.5,824.54,0,-1
324,legit_34,208.02,1001.6,8.7033,-4.5,270.0,C5B5,0,97.53,669.64,0,-1
324,legit_35,625.23,801.6,13.8781,0.1966,270.0,E4D4,0,130.55,481.13,0,-1
324,legit_38,1001.6,161.69,12.9958,-0.0757,0.0,F0F1,0,63.88,694.02,0,-1
324,legit_39,380.75,201.6,6.805,1.536,270.0,C1B1,1,107.02,598.16,0,-1
324,legit_40,998.4,699.79,11.9683,0.266,180.0,F4F3,1,112.35,572.46,0,-1
324,legit_41,201.6,655.38,12.2071,-0.0572,0.0,B3B4,0,75.7,567.32,0,-1
324,legit_42,-1.6,401.21,12.3853,0.6391,180.0,:A2_0,0,157.1,731.41,0,-1
324,legit_43,349.53,598.4,12.8598,-0.5724,90.0,B3C3,0,100.49,496.46,0,-1
324,legit_45,601.6,53.97,13.1715,-0.2199,0.0,D0D1,0,162.43,664.08,0,-1
324,legit_46,350.97,198.4,13.0555,0.2913,90.0,B1C1,1,126.31,609.63,0,-1
324,legit_47,798.4,961.01,11.4667,1.6218,180.0,E5E4,1,128.46,572.3,0,-1
324,legit_48,224.17,-1.6,13.659,0.861,90.0,B0C0,0,142.44,790.91,0,-1
324,legit_49,998.4,745.47,12.9047,1.5809,180.0,F4F3,1,107.7,579.98,0,-1
324,legit_50,398.4,933.54,13.301,-0.0493,180.0,C5C4,0,106.83,559.64,0,-1
324,legit_51,799.66,2.17,7.1355,1.6633,165.67,:E0_1,0,127.86,727.8,0,-1
324,legit_52,798.4,869.53,13.1507,0.096,180.0,E5E4,1,56.7,530.4,0,-1
324,legit_53,-1.6,142.24,12.3839,2.1186,180.0,A1A0,0,153.22,830.94,0,-1
325,legit_34,203.86,1001.12,4.2033,-4.5,264.5,:B5_1,0,95.51,671.48,0,-1
325,legit_35,611.78,801.6,13.4526,-0.4255,270.0,E4D4,0,143.46,480.85,0,-1
325,legit_38,1001.6,174.46,12.7719,-0.2239,0.0,F0F1,0,72.86,687.06,0,-1
325,legit_39,371.49,201.6,9.2645,2.4595,270.0,C1B1,1,113.24,601.06,0,-1
325,legit_40,998.4,688.36,11.4377,-0.5306,180.0,F4F3,1,102.32,570.93,0,-1
325,legit_41,201.6,667.74,12.3535,0.1464,0.0,B3B4,0,85.15,568.52,0,-1
325,legit_42,-1.6,389.05,12.1582,-0.2271,180.0,A2A1,0,154.36,734.37,0,-1
325,legit_43,362.27,598.4,12.7418,-0.118,90.0,B3C3,0,87.75,491.66,0,-1
325,legit_45,601.6,67.55,13.5805,0.409,0.0,D0D1,0,157.4,653.99,0,-1
325,legit_46,363.5,198.4,12.5242,-0.5313,90.0,B1C1,1,116.74,605.41,0,-1
325,legit_47,798.4,948.79,12.2203,0.7537,180.0,E5E4,1,119.07,566.16,0,-1
325,legit_48,237.03,-1.6,12.8531,-0.8059,90.0,B0C0,0,149.53,785.43,0,-1
325,legit_49,998.4,733.25,12.22,-0.6846,180.0,F4F3,1,118.57,577.75,0,-1
325,legit_50,398.4,920.45,13.0969,-0.2041,180.0,C5C4,0,95.57,553.46,0,-1
325,legit_51,805.85,-1.41,7.5678,0.4323,109.43,:E0_1,0,133.64,732.17,0,-1
325,legit_52,798.4,856.92,12.606,-0.5447,180.0,E5E4,1,51.27,525.51,0,-1
325,legit_53,-1.6,128.41,13.8321,1.4482,180.0,A1A0,0,151.83,838.27,0,-1
326,legit_34,199.01,996.76,6.8025,2.5993,221.66,:B5_9,0,96.6,671.71,0,-1
326,legit_38,1001.6,187.5,13.0331,0.2611,0.0,F0F1,0,83.06,680.15,0,-1
326,legit_39,359.9,201.6,11.5828,2.3183,270.0,C1B1,1,121.56,604.85,0,-1
326,legit_40,998.4,677.05,11.302,-0.1357,180.0,F4F3,1,92.74,569.55,0,-1
326,legit_41,201.6,679.27,11.5367,-0.8168,0.0,B3B4,0,94.59,569.81,0,-1
326,legit_42,-1.6,376.69,12.3629,0.2047,180.0,A2A1,0,152.52,737.57,0,-1
326,legit_43,375.34,598.4,13.067,0.3252,90.0,B3C3,0,74.68,486.92,0,-1
326,legit_45,601.6,80.38,12.8263,-0.7543,0.0,D0D1,0,153.6,644.65,0,-1
326,legit_46,376.46,198.4,12.9625,0.4383,90.0,B1C1,1,107.49,601.25,0,-1
326,legit_47,798.4,937.01,11.776,-0.4443,180.0,E5E4,1,108.41,560.39,0,-1
326,legit_48,250.24,-1.6,13.2123,0.3592,90.0,B0C0,0,157.59,779.97,0,-1
326,legit_49,998.4,721.06,12.1942,-0.0258,180.0,F4F3,1,129.65,575.69,0,-1
326,legit_50,398.4,907.18,13.2659,0.1691,180.0,C5C4,0,84.71,547.39,0,-1
326,legit_51,813.42,-1.6,7.585,0.0172,90.0,E0F0,0,137.15,734.26,0,-1
326,legit_52,798.4,844.47,12.4522,-0.1538,180.0,E5E4,1,48.61,520.96,0,-1
326,legit_53,-1.6,115.0,13.4083,-0.4239,180.0,A1A0,0,151.68,845.56,0,-1
326,legit_54,601.6,812.3,0.0,0.0,0.0,D4D5,0,150.96,484.0,0,-1
327,legit_34,198.4,989.51,7.3052,0.5027,182.78,B5B4,0,102.62,668.37,0,-1
327,legit_38,1001.6,200.79,13.2967,0.2636,0.0,:F1_3,0,94.18,673.27,0,-1
327,legit_39,348.15,201.6,11.7548,0.172,270.0,C1B1,1,130.51,608.85,0,-1
327,legit_40,998.4,665.53,11.5259,0.2239,180.0,F4F3,1,83.41,568.29,0,-1
327,legit_41,201.6,691.04,11.7662,0.2295,0.0,B3B4,0,104.65,571.28,0,-1
327,legit_42,-1.6,364.12,12.5737,0.2108,180.0,A2A1,0,151.66,741.0,0,-1
327,legit_43,385.34,598.4,9.9992,-3.0679,90.0,B3C3,0,64.68,483.42,0,-1
327,legit_45,601.6,93.64,13.2658,0.4395,0.0,D0D1,0,150.72,635.19,0,-1
327,legit_46,385.62,198.4,9.1583,-3.8042,90.0,B1C1,1,101.45,598.43,0,-1
327,legit_47,798.4,924.72,12.2878,0.5117,180.0,E5E4,1,97.57,554.53,0,-1
327,legit_48,263.9,-1.6,13.6599,0.4476,90.0,B0C0,0,166.61,774.52,0,-1
327,legit_49,998.4,708.25,12.8036,0.6094,180.0,F4F3,1,119.92,573.69,0,-1
327,legit_50,398.4,893.92,13.2566,-0.0093,180.0,C5C4,0,74.63,541.54,0,-1
327,legit_51,822.46,-1.6,9.035,1.45,90.0,E0F0,0,141.55,736.67,0,-1
327,legit_52,798.4,831.14,13.3248,0.8725,180.0,E5E4,1,49.2,516.44,0,-1
327,legit_53,-1.6,102.05,12.9494,-0.4589,180.0,A1A0,0,152.66,852.78,0,-1
327,legit_54,601.6,813.84,1.5394,1.5394,0.0,D4D5,0,150.69,484.48,0,-1
328,legit_34,198.4,980.15,9.3588,2.0535,180.0,B5B4,0,110.96,663.72,0,-1
328,legit_38,1001.6,214.1,13.3029,0.0062,0.0,F1F2,0,105.81,666.57,0,-1
328,legit_39,335.73,201.6,12.4228,0.668,270.0,C1B1,1,140.42,613.25,0,-1
328,legit_40,998.4,653.98,11.5448,0.0189,180.0,F4F3,1,74.68,567.19,0,-1
328,legit_41,201.6,702.62,11.577,-0.1892,0.0,B3B4,0,114.86,572.87,0,-1
328,legit_42,-1.6,352.38,11.7314,-0.8423,180.0,A2A1,0,151.79,744.38,0,-1
328,legit_43,390.83,598.4,5.4992,-4.5,90.0,B3C3,0,59.19,481.54,0,-1
328,legit_45,601.6,106.86,13.2192,-0.0466,0.0,D0D1,0,148.98,625.97,0,-1
328,legit_46,391.32,198.4,5.7003,-3.458,90.0,B1C1,1,97.93,596.73,0,-1
328,legit_47,798.4,912.95,11.7706,-0.5172,180.0,E5E4,1,87.55,549.07,0,-1
328,legit_48,277.72,-1.6,13.8178,0.1579,90.0,B0C0,0,176.35,769.2,0,-1
328,legit_49,998.4,695.95,12.3021,-0.5015,180.0,F4F3,1,108.95,571.93,0,-1
328,legit_50,398.4,880.72,13.2021,-0.0546,180.0,C5C4,0,65.73,535.94,0,-1
328,legit_51,833.87,-1.6,11.4111,2.3761,90.0,E0F0,0,147.72,739.84,0,-1
328,legit_52,798.4,818.58,12.5697,-0.7551,180.0,E5E4,1,52.93,512.51,0,-1
328,legit_53,-1.6,88.66,13.3931,0.4437,180.0,A1A0,0,154.81,860.41,0,-1
328,legit_54,601.6,816.71,2.8695,1.3302,0.0,D4D5,0,150.22,485.38,0,-1
329,legit_34,198.4,968.33,11.8236,2.4648,180.0,B5B4,0,121.71,657.96,0,-1
329,legit_38,1001.6,227.62,13.52,0.2171,0.0,F1F2,0,118.0,659.92,0,-1
329,legit_39,323.84,201.6,11.8801,-0.5427,270.0,C1B1,1,150.25,617.62,0,-1
329,legit_40,998.4,641.83,12.1566,0.6119,180.0,F4F3,1,66.42,566.22,0,-1
329,legit_41,201.6,714.02,11.399,-0.178,0.0,B3B4,0,125.15,574.57,0,-1
329,legit_42,-1.6,340.01,12.3688,0.6374,180.0,A2A1,0,152.91,748.12,0,-1
329,legit_43,397.77,598.4,6.9394,1.4403,90.0,:C3_13,0,52.25,479.22,0,-1
329,legit_45,601.6,120.09,13.2304,0.0112,0.0,D0D1,0,148.4,616.97,0,-1
329,legit_46,399.53,198.4,8.2108,2.5106,90.0,:C1_13,1,93.24,594.36,0,-1
329,legit_47,798.4,900.57,12.3854,0.6148,180.0,E5E4,1,77.53,543.49,0,-1
329,legit_48,290.65,-1.6,12.936,-0.8818,90.0,B0C0,0,185.93,764.4,0,-1
329,legit_49,998.4,682.95,13.0022,0.7001,180.0,F4F3,1,97.69,570.25,0,-1
329,legit_50,398.4,868.21,12.5142,-0.6879,180.0,C5C4,0,58.81,530.87,0,-1
329,legit_51,846.76,-1.6,12.8887,1.4775,90.0,E0F0,0,155.4,743.6,0,-1
329,legit_52,798.4,805.33,13.2483,0.6786,180.0,:E4_1,1,59.54,508.66,0,-1
329,legit_53,-1.6,75.29,13.3659,-0.0272,180.0,A1A0,0,158.05,868.21,0,-1
329,legit_54,601.6,821.18,4.4694,1.5999,0.0,D4D5,0,149.59,486.8,0,-1
330,legit_34,198.4,955.43,12.8965,1.073,180.0,B5B4,0,125.17,651.83,0,-1
330,legit_38,1001.6,240.88,13.268,-0.252,0.0,F1F2,0,128.57,653.57,0,-1
330,legit_39,310.86,201.6,12.9873,1.1072,270.0,C1B1,1,161.3,622.56,0,-1
330,legit_40,998.4,630.36,11.4653,-0.6914,180.0,F4F3,1,59.87,565.5,0,-1
330,legit_41,201.6,726.04,12.0184,0.6194,0.0,B3B4,0,125.1,576.51,0,-1
330,legit_42,-1.6,327.69,12.3268,-0.0419,180.0,A2A1,0,155.01,752.03,0,-1
330,legit_43,406.29,598.4,8.5176,1.5782,90.0,:C3_13,0,43.74,476.45,0,-1
330,legit_45,601.6,133.07,12.9791,-0.2513,0.0,D0D1,0,148.97,608.35,0,-1
330,legit_46,409.47,198.4,9.9385,1.7276,90.0,C1D1,1,88.26,591.62,0,-1
330,legit_47,798.4,887.76,12.804,0.4186,180.0,E5E4,1,68.0,537.93,0,-1
330,legit_48,304.28,-1.6,13.6275,0.6915,90.0,B0C0,0,189.79,759.52,0,-1
330,legit_49,998.4,670.47,12.482,-0.5203,180.0,F4F3,1,87.34,568.81,0,-1
330,legit_50,398.4,855.48,12.7224,0.2082,180.0,C5C4,0,53.87,525.98,0,-1
330,legit_51,860.26,-1.6,13.5014,0.6127,90.0,E0F0,0,164.14,747.74,0,-1
330,legit_52,798.4,791.83,13.494,0.2457,180.0,E4E3,1,68.28,505.03,0,-1
330,legit_53,-1.6,62.32,12.9709,-0.395,180.0,A1A0,0,162.2,875.93,0,-1
330,legit_54,601.6,827.54,6.3608,1.8914,0.0,D4D5,0,148.92,488.88,0,-1
330,legit_55,-1.6,991.7,0.0,0.0,180.0,A5A4,0,175.44,798.67,0,-1
331,legit_34,198.4,942.0,13.4327,0.5362,180.0,B5B4,0,112.9,645.61,0,-1
331,legit_38,1001.6,253.58,12.7007,-0.5673,0.0,F1F2,0,116.91,647.64,0,-1
331,legit_39,297.86,201.6,12.9952,0.0079,270.0,C1B1,1,168.88,627.69,0,-1
331,legit_40,998.4,619.28,11.0775,-0.3878,180.0,F4F3,1,55.09,564.99,0,-1
331,legit_41,201.6,737.59,11.5529,-0.4655,0.0,B3B4,0,114.68,578.53,0,-1
331,legit_42,-1.6,315.3,12.389,0.0621,180.0,A2A1,0,158.05,756.14,0,-1
331,legit_43,416.61,598.4,10.3154,1.7978,90.0,C3D3,0,33.43,473.2,0,-1
331,legit_45,601.6,146.16,13.088,0.1089,0.0,D0D1,0,150.69,599.89,0,-1
331,legit_46,421.52,198.4,12.0571,2.1186,90.0,C1D1,1,83.41,588.5,0,-1
331,legit_47,798.4,874.9,12.8626,0.0586,180.0,E5E4,1,59.67,532.57,0,-1
331,legit_48,317.54,-1.6,13.2571,-0.3704,90.0,B0C0,0,179.81,754.97,0,-1
331,legit_49,998.4,657.31,13.1603,0.6783,180.0,F4F3,1,77.11,567.49,0,-1
331,legit_50,398.4,842.64,12.8427,0.1203,180.0,C5C4,0,51.67,521.34,0,-1
331,legit_51,872.85,-1.6,12.5922,-0.9091,90.0,E0F0,0,172.85,751.77,0,-1
331,legit_52,798.4,778.6,13.2374,-0.2566,180.0,E4E3,1,78.19,501.72,0,-1
331,legit_53,-1.6,48.72,13.6075,0.6366,180.0,A1A0,0,167.52,884.19,0,-1
331,legit_54,601.6,835.63,8.0872,1.7264,0.0,D4D5,0,148.46,491.62,0,-1
331,legit_55,-1.6,989.79,1.9111,1.9111,180.0,A5A4,0,176.41,797.81,0,-1
332,legit_34,198.4,929.65,12.3428,-1.0899,180.0,B5B4,0,101.88,640.05,0,-1
332,legit_38,1001.6,267.19,13.6082,0.9074,0.0,F1F2,0,104.67,641.46,0,-1
332,legit_39,285.81,201.6,12.0554,-0.9398,270.0,C1B1,1,158.44,632.59,0,-1
332,legit_40,998.4,608.26,11.0211,-0.0565,180.0,F4F3,1,52.26,564.71,0,-1
332,legit_41,201.6,749.53,11.9462,0.3934,0.0,B3B4,0,104.15,580.76,0,-1
332,legit_42,-1.6,303.5,11.8036,-0.5854,180.0,A2A1,0,161.79,760.22,0,-1
332,legit_43,429.01,598.4,12.4079,2.0925,90.0,C3D3,0,21.05,469.45,0,-1
332,legit_45,601.6,159.08,12.9256,-0.1624,0.0,D0D1,0,153.46,591.75,0,-1
332,legit_46,434.43,198.4,12.9096,0.8526,90.0,C1D1,1,79.93,585.42,0,-1
332,legit_47,798.4,862.36,12.5391,-0.3235,180.0,E5E4,1,53.32,527.58,0,-1
332,legit_48,330.96,-1.6,13.4233,0.1662,90.0,B0C0,0,170.17,750.53,0,-1
332,legit_49,998.4,644.63,12.672,-0.4883,180.0,F4F3,1,68.23,566.43,0,-1
332,legit_50,398.4,829.8,12.8383,-0.0044,180.0,C5C4,0,52.6,517.03,0,-1
332,legit_51,885.92,-1.6,13.0653,0.473,90.0,E0F0,0,182.37,756.14,0,-1
332,legit_52,798.4,765.19,13.4101,0.1726,180.0,E4E3,1,89.11,498.59,0,-1
332,legit_53,-1.6,35.44,13.2726,-0.3349,180.0,A1A0,0,173.59,892.4,0,-1
332,legit_54,601.6,845.68,10.055,1.9678,0.0,D4D5,0,148.51,495.16,0,-1
332,legit_55,-1.6,985.95,3.8404,1.9293,180.0,A5A4,0,178.4,796.08,0,-1
333,legit_34,198.4,917.12,12.5367,0.1939,180.0,B5B4,0,91.05,634.55,0,-1
333,legit_38,1001.6,280.78,13.584,-0.0242,0.0,F1F2,0,92.84,635.47,0,-1
333,legit_39,273.52,201.6,12.2843,0.229,270.0,C1B1,0,148.04,637.75,0,-1
333,legit_40,998.4,596.47,11.7894,0.7684,180.0,:F3_1,1,51.72,564.65,0,-1
333,legit_41,201.6,761.18,11.6453,-0.301,0.0,B3B4,0,94.21,583.08,0,-1
333,legit_42,-1.6,291.35,12.1442,0.3407,180.0,A2A1,0,166.42,764.58,0,-1
333,legit_43,442.78,598.4,13.7645,1.3566,90.0,C3D3,0,7.4,465.5,0,-1
333,legit_45,601.6,172.92,13.8381,0.9126,0.0,D0D1,0,157.55,583.27,0,-1
333,legit_46,447.31,198.4,12.8808,-0.0288,90.0,C1D1,0,78.45,582.62,0,-1
333,legit_47,798.4,849.49,12.8692,0.3301,180.0,E5E4,1,49.32,522.76,0,-1
333,legit_48,343.67,-1.6,12.7049,-0.7184,90.0,B0C0,0,161.53,746.52,0,-1
333,legit_49,998.4,631.69,12.9461,0.2741,180.0,F4F3,1,60.55,565.57,0,-1
333,legit_50,398.4,816.23,13.5686,0.7303,180.0,C5C4,0,56.81,512.82,0,-1
333,legit_51,899.69,-1.6,13.7719,0.7066,90.0,E0F0,0,192.85,760.92,0,-1
333,legit_52,798.4,751.9,13.2872,-0.1228,180.0,E4E3,1,100.52,495.7,0,-1
333,legit_53,-1.6,22.56,12.886,-0.3866,180.0,A1A0,0,180.22,900.51,0,-1
333,legit_54,601.6,857.64,11.9558,1.9008,0.0,D4D5,0,149.44,499.57,0,-1
333,legit_55,-1.6,979.8,6.1462,2.3059,180.0,A5A4,0,181.72,793.34,0,-1
334,legit_34,198.4,904.94,12.1802,-0.3565,180.0,B5B4,1,80.99,629.37,0,-1
334,legit_38,1001.6,293.72,12.948,-0.636,0.0,F1F2,0,82.07,629.93,0,-1
334,legit_39,261.34,201.6,12.1844,-0.1,270.0,C1B1,0,138.04,643.02,0,-1
334,legit_40,998.4,584.35,12.1209,0.3314,180.0,F3F2,1,53.92,564.87,0,-1
334,legit_41,201.6,772.51,11.3291,-0.3161,0.0,B3B4,1,84.96,585.48,0,-1
334,legit_42,-1.6,279.57,11.786,-0.3582,180.0,A2A1,0,171.62,768.97,0,-1
334,legit_43,456.41,598.4,13.6258,-0.1387,90.0,C3D3,0,6.6,462.44,0,-1
334,legit_45,601.6,183.98,11.056,-2.7822,0.0,D0D1,1,161.6,576.68,0,-1
334,legit_46,460.49,198.4,13.1736,0.2928,90.0,C1D1,1,79.1,580.05,0,-1
334,legit_47,798.4,836.74,12.7524,-0.1168,180.0,E5E4,1,48.51,518.3,0,-1
334,legit_48,356.45,-1.6,12.7848,0.08,90.0,B0C0,0,153.42,742.65,0,-1
334,legit_49,998.4,619.45,12.239,-0.7071,180.0,F4F3,1,55.14,565.0,0,-1
334,legit_50,398.4,803.76,12.4763,-1.0923,180.0,:C4_1,0,63.06,509.22,0,-1
334,legit_51,912.83,-1.6,13.138,-0.6338,90.0,E0F0,0,183.31,765.67,0,-1
334,legit_52,798.4,738.88,13.019,-0.2682,180.0,E4E3,1,112.11,493.07,0,-1
334,legit_53,-1.6,10.93,11.6304,-1.2556,180.0,A1A0,0,186.76,907.94,0,-1
334,legit_54,601.6,870.28,12.6454,0.6895,0.0,D4D5,0,151.46,504.47,0,-1
334,legit_55,-1.6,971.53,8.2745,2.1282,180.0,A5A4,0,186.41,789.72,0,-1
335,legit_34,198.4,892.35,12.5894,0.4092,180.0,B5B4,1,71.29,624.19,0,-1
335,legit_38,1001.6,306.26,12.5317,-0.4163,0.0,F1F2,0,72.33,624.75,0,-1
335,legit_39,249.22,201.6,12.1146,-0.0697,270.0,C1B1,0,128.47,648.41,0,-1
335,legit_40,998.4,572.25,12.1031,-0.0177,180.0,F3F2,1,58.59,565.36,0,-1
335,legit_41,201.6,783.13,10.622,-0.7071,0.0,B3B4,1,76.79,587.87,0,-1
335,legit_42,-1.6,267.91,11.6546,-0.1314,180.0,A2A1,0,177.38,773.45,0,-1
335,legit_43,469.25,598.4,12.8493,-0.7765,90.0,C3D3,0,19.32,460.43,0,-1
335,legit_45,601.6,192.47,8.4875,-2.5685,0.0,D0D1,1,165.15,571.73,0,-1
335,legit_46,473.71,198.4,13.2169,0.0433,90.0,C1D1,1,81.91,577.77,0,-1
335,legit_47,798.4,824.75,11.9919,-0.7605,180.0,E5E4,1,50.75,514.4,0,-1
335,legit_48,369.7,-1.6,13.2484,0.4635,90.0,B0C0,0,145.72,738.83,0,-1
335,legit_49,998.4,609.5,9.9447,-2.2943,180.0,F4F3,1,52.47,564.73,0,-1
335,legit_50,398.4,790.94,12.8206,0.3443,180.0,C4C3,0,71.2,505.79,0,-1
335,legit_51,926.02,-1.6,13.1991,0.0611,90.0,E0F0,0,173.66,770.62,0,-1
335,legit_52,798.4,725.95,12.9301,-0.0889,180.0,E4E3,1,123.9,490.65,0,-1
335,legit_53,-1.6,3.38,7.5489,-4.0815,180.0,A1A0,0,191.27,912.81,0,-1
335,legit_54,601.6,883.01,12.7299,0.0845,0.0,D4D5,0,154.51,509.63,0,-1
335,legit_55,-1.6,961.69,9.8395,1.5651,180.0,A5A4,0,192.3,785.51,0,-1
336,legit_34,198.4,879.67,12.6739,0.0846,180.0,B5B4,1,62.58,619.17,0,-1
336,legit_38,1001.6,319.84,13.5806,1.0489,0.0,F1F2,0,62.89,619.36,0,-1
336,legit_39,237.29,201.6,11.9359,-0.1787,270.0,C1B1,0,119.49,653.88,0,-1
336,legit_40,998.4,560.61,11.6371,-0.466,180.0,F3F2,1,64.91,566.05,0,-1
336,legit_41,201.6,790.34,7.2125,-3.4095,0.0,B3B4,1,71.61,589.57,0,-1
336,legit_42,-1.6,255.54,12.3714,0.7168,180.0,A2A1,0,184.1,778.38,0,-1
336,legit_43,482.92,598.4,13.664,0.8147,90.0,C3D3,0,32.96,458.51,0,-1
336,legit_45,603.49,197.29,5.4212,-3.0663,23.08,:D1_8,1,165.65,568.95,0,-1
336,legit_46,487.01,198.4,13.3043,0.0874,90.0,C1D1,1,86.7,575.76,0,-1
336,legit_47,798.4,812.04,12.7099,0.718,180.0,E5E4,1,55.9,510.57,0,-1
336,legit_48,382.45,-1.6,12.7517,-0.4967,90.0,B0C0,0,139.1,735.35,0,-1
336,legit_49,997.43,603.72,5.9758,-3.969,191.36,:F3_0,1,52.7,564.14,0,-1
336,legit_50,398.4,777.99,12.9438,0.1231,180.0,C4C3,0,80.67,502.55,0,-1
336,legit_51,939.89,-1.6,13.8677,0.6686,90.0,E0F0,0,164.04,776.01,0,-1
336,legit_52,798.4,712.8,13.1477,0.2176,180.0,E4E3,1,122.75,488.38,0,-1
336,legit_53,0.31,-0.83,4.8807,-2.6682,156.12,:A0_0,0,192.37,914.29,0,-1
336,legit_54,601.6,895.83,12.8198,0.0899,0.0,D4D5,0,158.56,515.07,0,-1
336,legit_55,-1.6,950.47,11.2146,1.3751,180.0,A5A4,0,187.58,780.83,0,-1
336,legit_56,-1.6,587.7,0.0,0.0,180.0,A3A2,0,152.1,707.72,0,-1
337,legit_34,198.4,867.44,12.2352,-0.4387,180.0,B5B4,1,55.64,614.53,0,-1
337,legit_38,1001.6,332.52,12.6837,-0.8969,0.0,F1F2,0,55.66,614.54,0,-1
337,legit_39,224.56,201.6,12.7241,0.7881,270.0,C1B1,0,110.54,659.89,0,-1
337,legit_40,998.4,548.49,12.1256,0.4885,180.0,F3F2,1,72.91,566.98,0,-1
337,legit_41,201.13,793.51,3.3099,-3.9026,354.43,:B4_11,1,69.1,590.59,0,-1
337,legit_42,-1.6,243.62,11.9164,-0.455,180.0,A2A1,0,191.12,783.28,0,-1
337,legit_43,495.7,598.4,12.7854,-0.8786,90.0,C3D3,0,45.73,456.9,0,-1
337,legit_45,609.91,198.4,6.6539,1.2328,86.28,D1E1,1,160.53,568.37,0,-1
337,legit_46,500.38,198.4,13.371,0.0667,90.0,C1D1,1,93.19,574.02,0,-1
337,legit_47,798.4,799.37,12.6672,-0.0427,180.0,:E4_1,1,63.19,507.02,0,-1
337,legit_48,395.39,-1.6,12.94,0.1883,90.0,:C0_6,0,133.3,732.01,0,-1
337,legit_49,992.56,601.6,5.6024,-0.3734,250.62,F3E3,1,57.47,561.53,0,-1
337,legit_50,398.4,765.29,12.7087,-0.2351,180.0,C4C3,0,90.8,499.58,0,-1
337,legit_51,953.03,-1.6,13.1376,-0.7301,90.0,E0F0,0,155.53,781.3,0,-1
337,legit_52,798.4,700.01,12.7917,-0.356,180.0,E4E3,1,111.11,486.37,0,-1
337,legit_53,5.0,-1.6,4.8344,-0.0464,100.06,A0B0,0,189.24,911.74,0,-1
337,legit_54,601.6,909.21,13.3769,0.5571,0.0,D4D5,0,163.75,521.0,0,-1
337,legit_55,-1.6,937.27,13.2062,1.9916,180.0,A5A4,0,180.12,775.5,0,-1
337,legit_56,-1.6,586.36,1.336,1.336,180.0,A3A2,0,152.21,707.75,0,-1
338,legit_34,198.4,854.24,13.1998,0.9646,180.0,B5B4,1,50.45,609.79,0,-1
338,legit_38,1001.6,345.43,12.9062,0.2224,0.0,F1F2,0,50.55,609.9,0,-1
338,legit_39,211.72,201.6,12.8404,0.1163,270.0,C1B1,0,102.31,666.15,0,-1
338,legit_40,998.4,537.5,10.9905,-1.1352,180.0,F3F2,1,81.05,567.99,0,-1
338,legit_41,199.2,794.0,2.3764,-0.9335,321.04,:B4_19,1,67.35,591.74,0,-1
338,legit_42,-1.6,232.15,11.4684,-0.448,180.0,A2A1,0,188.58,788.13,0,-1
338,legit_43,509.44,598.4,13.7401,0.9547,90.0,C3D3,0,59.47,455.39,0,-1
338,legit_45,617.92,198.4,8.006,1.352,90.0,D1E1,1,153.6,568.49,0,-1
338,legit_46,513.6,198.4,13.2203,-0.1507,90.0,C1D1,1,100.95,572.56,0,-1
338,legit_47,798.4,787.53,11.8352,-0.832,180.0,E4E3,1,71.38,503.93,0,-1
338,legit_48,408.71,-1.6,13.3166,0.3767,90.0,C0D0,0,128.42,728.78,0,-1
338,legit_49,984.81,601.6,7.7448,2.1424,270.0,F3E3,1,65.21,557.45,0,-1
338,legit_50,398.4,751.99,13.2905,0.5818,180.0,C4C3,0,102.02,496.69,0,-1
338,legit_51,966.06,-1.6,13.0313,-0.1063,90.0,E0F0,0,147.76,786.73,0,-1
338,legit_52,798.4,687.5,12.5142,-0.2775,180.0,E4E3,1,99.99,484.57,0,-1
338,legit_53,11.39,-1.6,6.3902,1.5558,90.0,A0B0,0,184.39,907.59,0,-1
338,legit_54,601.6,921.84,12.6286,-0.7483,0.0,D4D5,0,169.47,526.81,0,-1
338,legit_55,-1.6,923.59,13.6806,0.4743,180.0,A5A4,0,173.12,770.17,0,-1
338,legit_56,-1.6,583.73,2.6379,1.3019,180.0,A3A2,0,152.47,707.79,0,-1
339,legit_34,198.4,841.79,12.4499,-0.7499,180.0,B5B4,1,48.43,605.61,0,-1
339,legit_38,1001.6,358.9,13.4742,0.568,0.0,F1F2,0,48.41,605.38,0,-1
339,legit_40,998.4,526.04,11.4551,0.4646,180.0,F3F2,1,90.18,569.2,0,-1
339,legit_41,198.4,791.02,3.222,0.8456,218.65,B4B3,1,68.86,591.46,0,-1
339,legit_42,-1.6,219.49,12.6651,1.1967,180.0,A2A1,0,181.33,793.66,0,-1
339,legit_43,522.26,598.4,12.812,-0.9282,90.0,C3D3,0,72.27,454.17,0,-1
339,legit_45,628.34,198.4,10.4192,2.4132,90.0,D1E1,1,144.74,568.76,0,-1
339,legit_46,526.46,198.4,12.8545,-0.3658,90.0,C1D1,1,109.51,571.36,0,-1
339,legit_47,798.4,775.59,11.9421,0.1069,180.0,E4E3,1,80.57,501.0,0,-1
339,legit_48,422.24,-1.6,13.5364,0.2198,90.0,C0D0,0,124.73,725.73,0,-1
339,legit_49,974.66,601.6,10.1541,2.4094,270.0,F3E3,1,75.36,552.19,0,-1
339,legit_50,398.4,738.32,13.6703,0.3798,180.0,C4C3,0,114.02,493.93,0,-1
339,legit_51,979.8,-1.6,13.735,0.7037,90.0,E0F0,0,140.41,792.64,0,-1
339,legit_52,798.4,674.84,12.6567,0.1424,180.0,E4E3,1,89.13,482.95,0,-1
339,legit_53,20.2,-1.6,8.8127,2.4225,90.0,A0B0,0,177.86,901.91,0,-1
339,legit_54,601.6,935.7,13.8591,1.2305,0.0,D4D5,0,176.58,533.44,0,-1
339,legit_55,-1.6,910.81,12.7798,-0.9008,180.0,A5A4,0,167.32,765.37,0,-1
339,legit_56,-1.6,579.63,4.0961,1.4582,180.0,A3A2,0,152.96,707.89,0,-1
340,legit_34,198.4,829.03,12.7567,0.3067,180.0,B5B4,1,49.63,601.63,0,-1
340,legit_38,1001.6,371.43,12.5339,-0.9403,0.0,F1F2,1,49.73,601.49,0,-1
340,legit_40,998.4,514.32,11.7245,0.2694,180.0,F3F2,2,100.02,570.59,0,-1
340,legit_41,198.4,785.38,5.6353,2.4133,180.0,B4B3,1,72.98,590.12,0,-1
340,legit_42,-1.6,207.34,12.1483,-0.5168,180.0,A2A1,0,174.96,799.11,0,-1
340,legit_43,535.66,598.4,13.4073,0.5953,90.0,C3D3,0,85.68,453.1,0,-1
340,legit_45,640.49,198.4,12.1493,1.7301,90.0,D1E1,1,134.68,569.22,0,-1
340,legit_46,539.11,198.4,12.6558,-0.1987,90.0,C1D1,1,118.69,570.38,0,-1
340,legit_47,798.4,763.04,12.5538,0.6117,180.0,E4E3,1,90.92,498.11,0,-1
340,legit_48,435.75,-1.6,13.5108,-0.0256,90.0,C0D0,0,122.43,722.92,0,-1
340,legit_49,962.97,601.6,11.6848,1.5306,270.0,F3E3,1,87.04,546.27,0,-1
340,legit_50,398.4,725.93,12.3965,-1.2738,180.0,C4C3,0,125.2,491.61,0,-1
340,legit_51,989.92,-1.6,10.1262,-3.6089,90.0,E0F0,0,135.63,797.13,0,-1
340,legit_52,798.4,661.39,13.4505,0.7939,180.0,E4E3,1,78.17,481.44,0,-1
340,legit_53,31.17,-1.6,10.9699,2.1572,90.0,A0B0,0,170.02,894.93,0,-1
340,legit_54,601.6,949.07,13.3717,-0.4874,0.0,D4D5,0,184.17,540.07,0,-1
340,legit_55,-1.6,898.13,12.677,-0.1028,180.0,A5A4,0,162.36,760.79,0,-1
340,legit_56,-1.6,573.87,5.7608,1.6647,180.0,A3A2,0,153.84,708.06,0,-1
341,legit_34,198.4,815.64,13.3892,0.6325,180.0,B5B4,1,54.18,597.78,0,-1
341,legit_38,1001.6,384.52,13.083,0.5491,0.0,F1F2,1,54.26,597.74,0,-1
341,legit_40,998.4,502.85,11.4696,-0.2549,180.0,F3F2,2,110.01,572.1,0,-1
341,legit_41,198.4,777.65,7.734,2.0987,180.0,B4B3,1,78.93,588.36,0,-1
341,legit_43,548.85,598.4,13.1845,-0.2228,90.0,C3D3,0,98.86,452.24,0,-1
341,legit_45,653.85,198.4,13.3649,1.2156,90.0,D1E1,1,124.06,569.93,0,-1
341,legit_46,552.15,198.4,13.0438,0.388,90.0,C1D1,1,128.77,569.58,0,-1
341,legit_47,798.4,750.04,13.0015,0.4478,180.0,E4E3,1,102.16,495.31,0,-1
341,legit_48,448.85,-1.6,13.1002,-0.4106,90.0,C0D0,0,121.61,720.42,0,-1
341,legit_49,949.76,601.6,13.2126,1.5279,270.0,F3E3,1,100.25,539.75,0,-1
341,legit_50,398.4,712.77,13.1617,0.7652,180.0,C4C3,0,124.01,489.35,0,-1
341,legit_51,995.66,-1.6,5.7373,-4.3889,90.0,E0F0,0,133.19,799.72,0,-1
341,legit_52,798.4,648.24,13.1497,-0.3008,180.0,E4E3,1,68.33,480.18,0,-1
341,legit_53,43.95,-1.6,12.7778,1.808,90.0,A0B0,0,161.35,886.91,0,-1
341,legit_54,601.6,962.5,13.4271,0.0554,0.0,D4D5,0,189.29,546.96,0,-1
341,legit_55,-1.6,885.15,12.9792,0.3022,180.0,A5A4,0,158.18,756.29,0,-1
341,legit_56,-1.6,565.92,7.9539,2.1932,180.0,A3A2,0,155.38,708.35,0,-1
342,legit_38,1001.6,397.09,12.5676,-0.5154,0.0,:F2_3,1,60.97,594.4,0,-1
342,legit_40,998.4,491.75,11.0933,-0.3762,180.0,F3F2,2,119.92,573.69,0,-1
342,legit_41,198.4,767.32,10.3313,2.5973,180.0,B4B3,0,87.32,586.12,0,-1
342,legit_43,562.18,598.4,13.3291,0.1446,90.0,C3D3,0,112.19,451.58,0,-1
342,legit_45,667.06,198.4,13.2067,-0.1582,90.0,D1E1,2,114.13,570.83,0,-1
342,legit_46,564.72,198.4,12.5689,-0.4748,90.0,C1D1,1,138.95,569.0,0,-1
342,legit_47,798.4,737.67,12.3696,-0.6319,180.0,E4E3,1,113.2,492.84,0,-1
342,legit_48,461.62,-1.6,12.7656,-0.3346,90.0,C0D0,0,122.15,718.21,0,-1
342,legit_49,936.98,601.6,12.7775,-0.4351,270.0,F3E3,2,113.03,533.6,0,-1
342,legit_50,398.4,699.34,13.4291,0.2673,180.0,C4C3,0,111.94,487.24,0,-1
342,legit_51,1000.77,0.22,5.7309,-0.0064,67.46,:F0_1,0,129.5,800.71,0,-1
342,legit_52,798.4,634.81,13.4259,0.2761,180.0,E4E3,2,59.62,479.16,0,-1
342,legit_53,56.75,-1.6,12.8067,0.0288,90.0,A0B0,0,153.24,879.0,0,-1
342,legit_54,601.6,975.99,13.4895,0.0624,0.0,D4D5,0,181.22,554.11,0,-1
342,legit_55,-1.6,871.43,13.7189,0.7397,180.0,A5A4,0,154.82,751.75,0,-1
342,legit_56,-1.6,556.64,9.276,1.322,180.0,A3A2,0,157.68,708.8,0,-1
342,legit_57,812.3,198.4,0.0,0.0,90.0,E1F1,1,100.14,597.8,0,-1
343,legit_38,1001.6,409.68,12.5965,0.0288,0.0,F2F3,1,69.36,591.29,0,-1
343,legit_40,998.4,480.0,11.759,0.6657,180.0,F3F2,2,130.62,575.52,0,-1
343,legit_41,198.4,755.3,12.015,1.6837,180.0,B4B3,0,97.55,583.65,0,-1
343,legit_43,575.38,598.4,13.2008,-0.1282,90.0,C3D3,0,125.39,451.11,0,-1
343,legit_45,680.32,198.4,13.267,0.0603,90.0,D1E1,2,104.89,571.96,0,-1
343,legit_46,577.69,198.4,12.9672,0.3983,90.0,C1D1,1,149.84,568.59,0,-1
343,legit_47,798.4,725.74,11.9232,-0.4464,180.0,E4E3,1,124.08,490.61,0,-1
343,legit_48,475.15,-1.6,13.5295,0.7639,90.0,C0D0,0,124.17,716.09,0,-1
343,legit_49,924.8,601.6,12.1782,-0.5993,270.0,F3E3,2,125.21,527.91,0,-1
343,legit_50,398.4,686.15,13.1829,-0.2462,180.0,C4C3,0,100.42,485.37,0,-1
343,legit_51,1001.6,6.06,6.0116,0.2808,3.55,F0F1,0,123.79,796.77,0,-1
343,legit_52,798.4,622.38,12.4303,-0.9956,180.0,E4E3,2,53.32,478.47,0,-1
343,legit_53,70.5,-1.6,13.7403,0.9336,90.0,A0B0,0,145.28,870.68,0,-1
343,legit_54,601.6,985.64,9.6596,-3.8298,0.0,D4D5,0,175.86,559.37,0,-1
343,legit_55,-1.6,857.98,13.4528,-0.2661,180.0,A5A4,0,152.66,747.5,0,-1
343,legit_56,-1.6,545.22,11.4217,2.1457,180.0,A3A2,0,161.19,709.5,0,-1
343,legit_57,814.45,198.4,2.1459,2.1459,90.0,E1F1,1,101.49,598.45,0,-1
344,legit_38,1001.6,422.43,12.7527,0.1562,0.0,F2F3,1,79.0,588.34,0,-1
344,legit_40,998.4,467.99,12.0029,0.2439,180.0,F3F2,1,119.69,577.54,0,-1
344,legit_41,198.4,743.42,11.8777,-0.1373,180.0,B4B3,0,108.02,581.37,0,-1
344,legit_43,588.47,598.4,13.0896,-0.1113,90.0,C3D3,0,138.48,450.85,0,-1
344,legit_45,693.21,198.4,12.8859,-0.3811,90.0,D1E1,2,96.81,573.28,0,-1
344,legit_46,589.94,198.4,12.2448,-0.7224,90.0,C1D1,1,160.4,568.37,0,-1
344,legit_47,798.4,712.73,13.0181,1.0949,180.0,E4E3,1,122.68,488.37,0,-1
344,legit_48,487.75,-1.6,12.6007,-0.9288,90.0,C0D0,0,127.33,714.34,0,-1
344,legit_49,911.86,601.6,12.9475,0.7693,270.0,F3E3,1,138.15,522.01,0,-1
344,legit_50,398.4,673.52,12.6377,-0.5452,180.0,C4C3,0,89.82,483.77,0,-1
344,legit_51,1001.6,13.38,7.3131,1.3015,0.0,F0F1,0,117.1,791.39,0,-1
344,legit_52,798.4,611.78,10.5973,-1.833,180.0,E4E3,2,49.81,478.11,0,-1
344,legit_53,83.74,-1.6,13.2424,-0.4978,90.0,A0B0,0,138.48,862.81,0,-1
344,legit_54,601.6,990.8,5.1596,-4.5,0.0,D4D5,0,173.14,562.23,0,-1
344,legit_55,-1.6,845.0,12.9829,-0.4699,180.0,A5A4,0,151.68,743.61,0,-1
344,legit_56,-1.6,531.76,13.4545,2.0328,180.0,A3A2,0,166.25,710.52,0,-1
344,legit_57,817.96,198.4,3.5174,1.3715,90.0,E1F1,1,103.76,599.52,0,-1
345,legit_38,1001.6,435.38,12.9418,0.1891,0.0,F2F3,1,89.58,585.55,0,-1
345,legit_40,998.4,456.62,11.3697,-0.6332,180.0,F3F2,1,109.54,579.59,0,-1
345,legit_41,198.4,731.39,12.0381,0.1604,180.0,B4B3,0,118.91,579.21,0,-1
345,legit_45,706.82,198.4,13.6068,0.7209,90.0,D1E1,1,89.51,574.93,0,-1
345,legit_47,798.4,700.72,12.008,-1.0102,180.0,E4E3,2,111.74,486.47,0,-1
345,legit_48,501.41,-1.6,13.6586,1.0579,90.0,C0D0,0,132.02,712.67,0,-1
345,legit_49,899.76,601.6,12.0958,-0.8516,270.0,F3E3,2,149.77,516.67,0,-1
345,legit_50,398.4,660.91,12.6056,-0.0321,180.0,C4C3,0,79.83,482.38,0,-1
345,legit_51,1001.6,22.79,9.4193,2.1062,0.0,F0F1,0,108.59,784.52,0,-1
345,legit_52,798.15,605.45,6.3476,-4.2497,182.86,:E3_0,2,48.46,477.91,0,-1
345,legit_53,96.55,-1.6,12.8076,-0.4349,90.0,A0B0,0,132.83,855.36,0,-1
345,legit_54,600.68,997.26,6.5936,1.434,349.34,:D5_4,0,170.71,565.85,0,-1
345,legit_55,-1.6,831.98,13.0196,0.0366,180.0,A5A4,0,151.81,739.91,0,-1
345,legit_56,-1.6,517.98,13.7787,0.3242,180.0,A3A2,0,172.36,711.78,0,-1
345,legit_57,822.98,198.4,5.0172,1.4998,90.0,E1F1,1,107.11,601.07,0,-1
346,legit_38,1001.6,449.08,13.7029,0.7612,0.0,F2F3,1,101.38,582.79,0,-1
346,legit_40,998.4,445.0,11.6178,0.2481,180.0,F3F2,1,99.44,581.83,0,-1
346,legit_41,198.4,719.25,12.1325,0.0944,180.0,B4B3,0,128.7,577.18,0,-1
346,legit_45,719.95,198.4,13.1302,-0.4766,90.0,D1E1,1,83.96,576.78,0,-1
346,legit_47,798.4,687.97,12.7515,0.7435,180.0,E4E3,2,100.4,484.64,0,-1
346,legit_48,514.72,-1.6,13.3118,-0.3468,90.0,C0D0,0,137.75,711.27,0,-1
346,legit_49,886.56,601.6,13.2007,1.1049,270.0,F3E3,2,136.57,511.0,0,-1
346,legit_50,398.4,647.54,13.3693,0.7637,180.0,C4C3,0,70.16,481.13,0,-1
346,legit_51,1001.6,34.59,11.793,2.3736,0.0,F0F1,0,98.17,776.0,0,-1
346,legit_52,794.31,601.82,5.7384,-0.6092,231.98,:E3_0,2,44.35,476.64,0,-1
346,legit_53,109.18,-1.6,12.6345,-0.1731,90.0,A0B0,0,128.27,848.17,0,-1
346,legit_54,594.49,1001.36,7.8881,1.2945,291.01,:D5_4,0,164.5,568.19,0,-1
346,legit_55,-1.6,819.23,12.7502,-0.2694,180.0,A5A4,0,153.02,736.49,0,-1
346,legit_56,-1.6,504.61,13.3726,-0.4061,180.0,A3A2,0,179.11,713.23,0,-1
346,legit_57,830.55,198.4,7.5667,2.5496,90.0,E1F1,1,112.4,603.47,0,-1
347,legit_38,1001.6,461.69,12.6082,-1.0947,0.0,F2F3,1,112.62,580.43,0,-1
347,legit_40,998.4,433.65,11.3521,-0.2657,180.0,F3F2,1,89.93,584.15,0,-1
347,legit_41,198.4,707.21,12.0408,-0.0917,180.0,B4B3,0,117.63,575.32,0,-1
347,legit_45,732.63,198.4,12.685,-0.4452,90.0,D1E1,1,80.3,578.83,0,-1
347,legit_47,798.4,676.03,11.9401,-0.8114,180.0,E4E3,2,90.13,483.09,0,-1
347,legit_48,528.08,-1.6,13.3545,0.0427,90.0,C0D0,0,144.51,710.08,0,-1
347,legit_49,873.69,601.6,12.8721,-0.3286,270.0,F3E3,2,123.7,505.66,0,-1
347,legit_50,398.4,635.06,12.4811,-0.8882,180.0,C4C3,0,62.38,480.2,0,-1
347,legit_51,1001.6,48.21,13.6186,1.8257,0.0,F0F1,0,86.58,766.29,0,-1
347,legit_52,788.99,601.6,5.3354,-0.4029,268.06,E3D3,2,39.03,474.95,0,-1
347,legit_53,122.93,-1.6,13.7485,1.114,90.0,A0B0,0,124.58,840.54,0,-1
347,legit_54,586.08,1001.6,8.4289,0.5409,270.0,D5C5,0,157.04,568.42,0,-1
347,legit_55,-1.6,805.76,13.4689,0.7187,180.0,:A4_0,0,155.42,733.09,0,-1
347,legit_56,-1.6,491.09,13.5199,0.1473,180.0,A3A2,0,186.66,714.9,0,-1
347,legit_57,840.64,198.4,10.0956,2.5289,90.0,E1F1,1,119.84,606.79,0,-1
348,legit_38,1001.6,474.78,13.0925,0.4843,0.0,F2F3,1,124.57,578.16,0,-1
348,legit_40,998.4,421.64,12.0152,0.6631,180.0,F3F2,1,80.38,586.78,0,-1
348,legit_41,198.4,695.4,11.8104,-0.2304,180.0,B4B3,0,106.98,573.64,0,-1
348,legit_45,745.92,198.4,13.2917,0.6067,90.0,D1E1,1,78.51,581.26,0,-1
348,legit_47,798.4,663.55,12.4737,0.5336,180.0,E4E3,2,79.88,481.66,0,-1
348,legit_48,541.29,-1.6,13.2184,-0.1361,90.0,C0D0,0,152.06,709.11,0,-1
348,legit_49,860.69,601.6,13.002,0.13,270.0,F3E3,2,110.7,500.44,0,-1
348,legit_50,398.4,622.17,12.8889,0.4078,180.0,C4C3,0,56.16,479.5,0,-1
348,legit_51,1001.6,61.56,13.3537,-0.2649,0.0,F0F1,0,75.88,756.92,0,-1
348,legit_52,781.98,601.6,7.0099,1.6745,270.0,E3D3,2,32.02,472.76,0,-1
348,legit_53,136.26,-1.6,13.3341,-0.4144,90.0,A0B0,0,122.37,833.34,0,-1
348,legit_54,575.93,1001.6,10.1445,1.7155,270.0,D5C5,0,148.34,568.63,0,-1
348,legit_55,-1.6,792.75,13.0114,-0.4575,180.0,A4A3,0,158.79,730.0,0,-1
348,legit_56,-1.6,477.76,13.3328,-0.187,180.0,A3A2,0,191.96,716.76,0,-1
348,legit_57,852.18,198.4,11.5401,1.4445,90.0,E1F1,1,128.79,610.72,0,-1
348,legit_58,201.6,212.3,0.0,0.0,0.0,B1B2,0,105.74,665.82,0,-1
349,legit_38,1001.6,488.15,13.3666,0.274,0.0,F2F3,1,121.88,576.02,0,-1
349,legit_40,998.4,413.24,8.3978,-3.6174,180.0,F3F2,1,74.14,588.71,0,-1
349,legit_41,198.4,683.93,11.4758,-0.3346,180.0,B4B3,0,96.88,572.15,0,-1
349,legit_45,759.02,198.4,13.0939,-0.1978,90.0,D1E1,1,78.92,583.96,0,-1
349,legit_47,798.4,650.96,12.594,0.1203,180.0,E4E3,2,70.28,480.42,0,-1
349,legit_48,555.05,-1.6,13.7589,0.5405,90.0,C0D0,0,160.69,708.31,0,-1
349,legit_49,847.94,601.6,12.7474,-0.2546,270.0,F3E3,2,97.95,495.49,0,-1
349,legit_50,398.4,611.46,10.7084,-2.1805,180.0,C4C3,0,52.86,479.14,0,-1
349,legit_51,1001.6,74.94,13.3792,0.0255,0.0,F0F1,0,66.13,747.69,0,-1
349,legit_52,772.4,601.6,9.582,2.5721,270.0,E3D3,2,22.46,469.87,0,-1
349,legit_53,149.64,-1.6,13.3818,0.0477,90.0,A0B0,0,121.6,826.31,0,-1
349,legit_54,564.08,1001.6,11.8462,1.7017,270.0,D5C5,0,138.43,569.03,0,-1
349,legit_55,-1.6,779.87,12.874,-0.1374,180.0,A4A3,0,163.09,727.15,0,-1
349,legit_56,-1.6,463.98,13.7841,0.4513,180.0,A3A2,0,183.83,718.89,0,-1
349,legit_57,865.76,198.4,13.5797,2.0396,90.0,E1F1,1,139.81,615.54,0,-1
349,legit_58,201.6,214.43,2.1257,2.1257,0.0,B1B2,0,107.6,664.75,0,-1
350,legit_38,1001.6,500.62,12.4735,-0.8931,0.0,F2F3,1,110.54,574.19,0,-1
350,legit_40,998.4,408.0,5.2359,-3.1619,180.0,F3F2,1,70.48,589.96,0,-1
350,legit_41,198.4,672.08,11.8453,0.3695,180.0,B4B3,0,86.82,570.77,0,-1
350,legit_45,771.97,198.4,12.9547,-0.1391,90.0,D1E1,1,81.42,586.91,0,-1
350,legit_47,798.4,638.85,12.1116,-0.4825,180.0,E4E3,2,62.06,479.44,0,-1
350,legit_48,567.91,-1.6,12.8559,-0.903,90.0,C0D0,0,169.38,707.76,0,-1
350,legit_49,835.77,601.6,12.1657,-0.5817,270.0,F3E3,2,85.79,490.94,0,-1
350,legit_50,398.11,605.18,6.3083,-4.4001,183.32,:C3_0,0,52.15,479.13,0,-1
350,legit_51,1001.6,87.97,13.0271,-0.3521,0.0,F0F1,0,58.04,738.9,0,-1
350,legit_52,760.48,601.6,11.925,2.343,270.0,E3D3,2,10.6,466.41,0,-1
350,legit_53,163.04,-1.6,13.3995,0.0177,90.0,A0B0,0,122.3,819.48,0,-1
350,legit_54,550.5,1001.6,13.5862,1.74,270.0,D5C5,0,127.46,569.67,0,-1
350,legit_55,-1.6,766.49,13.3777,0.5037,180.0,A4A3,0,168.48,724.39,0,-1
350,legit_56,-1.6,450.36,13.617,-0.1671,180.0,A3A2,0,176.49,721.22,0,-1
350,legit_57,878.98,198.4,13.2156,-0.3641,90.0,E1F1,1,150.94,620.42,0,-1
350,legit_58,201.6,218.09,3.662,1.5363,0.0,B1B2,0,110.83,662.94,0,-1
351,legit_38,1001.6,513.36,12.7392,0.2657,0.0,F2F3,1,99.24,572.49,0,-1
351,legit_40,999.66,405.77,2.7575,-2.4784,164.28,:F2_9,1,68.04,591.19,0,-1
351,legit_41,198.4,660.69,11.3893,-0.456,180.0,B4B3,0,77.63,569.58,0,-1
351,legit_45,784.74,198.4,12.7684,-0.1863,90.0,D1E1,1,85.75,590.1,0,-1
351,legit_47,798.4,626.64,12.21,0.0984,180.0,E4E3,2,55.25,478.68,0,-1
351,legit_48,581.32,-1.6,13.409,0.5531,90.0,C0D0,0,178.97,707.39,0,-1
351,legit_49,823.46,601.6,12.3155,0.1498,270.0,F3E3,2,73.48,486.49,0,-1
351,legit_50,393.99,601.77,5.7813,-0.527,235.37,:C3_0,0,56.04,480.48,0,-1
351,legit_51,1001.6,101.45,13.4824,0.4552,0.0,F0F1,1,51.83,730.03,0,-1
351,legit_52,747.34,601.6,13.136,1.211,270.0,E3D3,2,3.1,463.08,0,-1
351,legit_53,175.71,-1.6,12.6652,-0.7343,90.0,A0B0,0,124.29,813.21,0,-1
351,legit_54,537.51,1001.6,12.9864,-0.5998,270.0,D5C5,0,117.49,570.5,0,-1
351,legit_55,-1.6,752.79,13.7089,0.3311,180.0,A4A3,0,174.9,721.79,0,-1
351,legit_56,-1.6,437.33,13.0305,-0.5865,180.0,A3A2,0,170.18,723.65,0,-1
351,legit_57,891.58,198.4,12.6036,-0.6121,90.0,E1F1,2,161.84,625.25,0,-1
351,legit_58,201.6,223.08,4.9891,1.3271,0.0,B1B2,0,115.27,660.48,0,-1
352,legit_38,1001.6,526.67,13.307,0.5679,0.0,F2F3,1,87.87,570.91,0,-1
352,legit_40,1001.6,407.28,2.8007,0.0433,92.88,F2F3,1,67.66,591.86,0,-1
352,legit_41,198.4,648.35,12.3394,0.9501,180.0,B4B3,0,68.41,568.48,0,-1
352,legit_47,798.4,614.52,12.1215,-0.0885,180.0,E4E3,2,50.53,478.18,0,-1
352,legit_48,594.84,-1.6,13.5181,0.1091,90.0,:D0_6,0,189.11,707.21,0,-1
352,legit_49,814.76,601.6,8.7008,-3.6147,270.0,F3E3,2,64.78,483.45,0,-1
352,legit_50,388.87,601.6,5.1311,-0.6501,268.26,C3B3,0,61.15,482.21,0,-1
352,legit_51,1001.6,114.97,13.5228,0.0405,0.0,F0F1,1,48.66,721.41,0,-1
352,legit_52,733.88,601.6,13.4588,0.3228,270.0,E3D3,2,16.2,460.9,0,-1
352,legit_53,188.81,-1.6,13.1008,0.4356,90.0,A0B0,0,127.64,806.92,0,-1
352,legit_54,524.16,1001.6,13.3551,0.3687,270.0,D5C5,0,107.92,571.56,0,-1
352,legit_55,-1.6,739.06,13.7223,0.0135,180.0,A4A3,0,182.13,719.39,0,-1
352,legit_56,-1.6,423.94,13.3845,0.354,180.0,A3A2,0,164.53,726.34,0,-1
352,legit_57,904.51,198.4,12.9308,0.3272,90.0,E1F1,1,165.27,630.37,0,-1
352,legit_58,201.6,229.63,6.5539,1.5649,0.0,B1B2,0,121.17,657.28,0,-1
353,legit_38,1001.6,540.02,13.3547,0.0477,0.0,F2F3,1,77.07,569.51,0,-1
353,legit_40,1001.6,412.21,4.9216,2.1209,0.0,F2F3,1,71.19,590.69,0,-1
353,legit_41,198.4,636.97,11.3858,-0.9536,180.0,B4B3,0,60.9,567.64,0,-1
353,legit_47,798.4,602.65,11.8658,-0.2557,180.0,:E3_1,2,48.47,477.97,0,-1
353,legit_48,608.06,-1.6,13.2202,-0.2979,90.0,D0E0,0,186.91,707.23,0,-1
353,legit_49,808.83,601.6,5.9283,-2.7726,270.0,F3E3,2,58.85,481.43,0,-1
353,legit_50,381.15,601.6,7.7252,2.5941,270.0,C3B3,0,68.87,484.87,0,-1
353,legit_51,1001.6,128.59,13.621,0.0982,0.0,F0F1,1,49.16,713.06,0,-1
353,legit_52,720.81,601.6,13.0758,-0.383,270.0,E3D3,2,29.24,459.01,0,-1
353,legit_53,201.47,-1.6,12.665,-0.4358,90.0,:B0_6,0,132.05,801.03,0,-1
353,legit_54,510.52,1001.6,13.6371,0.282,270.0,D5C5,0,99.04,572.88,0,-1
353,legit_55,-1.6,725.22,13.8458,0.1234,180.0,A4A3,0,190.15,717.2,0,-1
353,legit_56,-1.6,413.36,10.5796,-2.805,180.0,A3A2,0,160.72,728.62,0,-1
353,legit_57,917.8,198.4,13.2873,0.3565,90.0,E1F1,1,153.7,635.81,0,-1
353,legit_58,201.6,238.64,9.012,2.4581,0.0,B1B2,0,129.38,652.96,0,-1
354,legit_38,1001.6,553.43,13.4054,0.0506,0.0,F2F3,1,67.17,568.34,0,-1
354,legit_40,1001.6,419.25,7.039,2.1173,0.0,F2F3,1,76.5,589.06,0,-1
354,legit_41,198.4,625.11,11.8609,0.4751,180.0,B4B3,0,54.52,566.97,0,-1
354,legit_47,798.4,589.64,13.0126,1.1468,180.0,E3E2,2,49.5,478.07,0,-1
354,legit_48,620.87,-1.6,12.8129,-0.4073,90.0,D0E0,0,177.37,707.43,0,-1
354,legit_49,803.74,601.6,5.0909,-0.8373,270.0,:E3_5,2,53.76,479.72,0,-1
354,legit_50,370.89,601.6,10.2562,2.531,270.0,C3B3,0,79.12,488.51,0,-1
354,legit_51,1001.6,142.47,13.8829,0.2619,0.0,F0F1,1,53.36,704.87,0,-1
354,legit_52,707.7,601.6,13.1055,0.0297,270.0,E3D3,2,42.33,457.31,0,-1
354,legit_53,214.77,-1.6,13.2978,0.6328,90.0,B0C0,0,137.78,795.03,0,-1
354,legit_54,497.29,1001.6,13.2284,-0.4087,270.0,D5C5,1,91.56,574.4,0,-1
354,legit_55,-1.6,712.2,13.0138,-0.832,180.0,A4A3,0,188.61,715.34,0,-1
354,legit_56,-1.47,406.32,7.0585,-3.5211,178.55,:A2_1,0,158.4,730.12,0,-1
354,legit_57,931.07,198.4,13.2712,-0.016,90.0,E1F1,1,142.45,641.43,0,-1
354,legit_58,201.6,249.33,10.6868,1.6748,0.0,B1B2,0,122.11,647.93,0,-1
354,legit_59,387.7,1001.6,0.0,0.0,270.0,C5B5,1,100.14,597.8,0,-1
355,legit_38,1001.6,567.08,13.6567,0.2514,0.0,F2F3,1,58.53,567.39,0,-1
355,legit_40,1001.6,428.68,9.4347,2.3957,0.0,F2F3,1,84.02,586.97,0,-1
355,legit_41,198.4,613.78,11.3258,-0.5351,180.0,B4B3,0,50.32,566.55,0,-1
355,legit_47,798.4,576.87,12.7692,-0.2435,180.0,E3E2,2,53.64,478.51,0,-1
355,legit_48,634.37,-1.6,13.502,0.689,90.0,D0E0,0,167.8,707.85,0,-1
355,legit_49,797.05,601.6,6.6841,1.5931,270.0,:E3_5,2,47.08,477.53,0,-1
355,legit_50,358.17,601.6,12.7195,2.4634,270.0,C3B3,0,91.84,493.18,0,-1
355,legit_51,1001.6,155.47,12.997,-0.8858,0.0,F0F1,1,60.01,697.47,0,-1
355,legit_52,695.34,601.6,12.3587,-0.7468,270.0,E3D3,2,54.68,455.89,0,-1
355,legit_53,227.57,-1.6,12.7952,-0.5026,90.0,B0C0,0,144.23,789.44,0,-1
355,legit_54,483.62,1001.6,13.6702,0.4417,270.0,D5C5,1,85.3,576.25,0,-1
355,legit_55,-1.6,698.35,13.8511,0.8372,180.0,A4A3,0,180.71,713.58,0,-1
355,legit_56,1.57,400.02,7.3444,0.2859,145.7,:A2_9,0,153.72,729.18,0,-1
355,legit_57,944.54,198.4,13.4671,0.1959,90.0,E1F1,1,131.41,647.32,0,-1
355,legit_58,201.6,262.15,12.8182,2.1314,0.0,B1B2,0,110.62,642.04,0,-1
355,legit_59,385.52,1001.6,2.1761,2.1761,270.0,C5B5,1,101.51,598.46,0,-1
356,legit_38,1001.6,579.79,12.7115,-0.9452,0.0,F2F3,1,52.45,566.76,0,-1
356,legit_40,1001.6,439.52,10.8451,1.4104,0.0,F2F3,1,93.1,584.69,0,-1
356,legit_47,798.4,564.14,12.725,-0.0441,180.0,E3E2,2,60.24,479.23,0,-1
356,legit_48,647.13,-1.6,12.7553,-0.7466,90.0,D0E0,0,159.28,708.42,0,-1
356,legit_49,788.94,601.6,8.1157,1.4317,270.0,E3D3,2,38.97,474.93,0,-1
356,legit_50,345.53,601.6,12.637,-0.0825,270.0,C3B3,0,104.48,498.0,0,-1
356,legit_51,1001.6,168.9,13.4274,0.4303,0.0,F0F1,1,68.8,690.07,0,-1
356,legit_52,682.1,601.6,13.2416,0.8829,270.0,E3D3,2,67.92,454.56,0,-1
356,legit_53,240.62,-1.6,13.0477,0.2525,90.0,B0C0,0,151.65,783.93,0,-1
356,legit_54,469.81,1001.6,13.8062,0.136,270.0,D5C5,1,80.87,578.41,0,-1
356,legit_55,-1.6,685.1,13.2575,-0.5935,180.0,A4A3,0,173.85,712.1,0,-1
356,legit_56,8.21,398.4,6.9737,-0.3707,96.92,A2B2,0,146.89,724.34,0,-1
356,legit_57,958.36,198.4,13.8242,0.3571,90.0,E1F1,1,120.6,653.56,0,-1
356,legit_58,201.6,274.33,12.1866,-0.6316,0.0,B1B2,0,100.01,636.6,0,-1
356,legit_59,381.45,1001.6,4.0694,1.8933,270.0,C5B5,1,104.14,599.7,0,-1
357,legit_38,1001.6,588.01,8.2115,-4.5,0.0,F2F3,1,49.86,566.5,0,-1
357,legit_40,1001.6,451.74,12.2143,1.3692,0.0,F2F3,1,103.72,582.28,0,-1
357,legit_47,798.4,552.07,12.0702,-0.6548,180.0,E3E2,2,68.11,480.16,0,-1
357,legit_48,659.78,-1.6,12.6503,-0.105,90.0,D0E0,0,151.42,709.18,0,-1
357,legit_49,779.01,601.6,9.9258,1.8101,270.0,E3D3,2,29.06,471.85,0,-1
357,legit_50,332.03,601.6,13.5094,0.8724,270.0,C3B3,0,117.99,503.34,0,-1
357,legit_51,1001.6,182.66,13.7626,0.3352,0.0,F0F1,1,79.18,682.69,0,-1
357,legit_52,668.82,601.6,13.2815,0.0399,270.0,E3D3,2,81.2,453.43,0,-1
357,legit_53,253.52,-1.6,12.9021,-0.1456,90.0,B0C0,0,159.69,778.65,0,-1
357,legit_54,457.07,1001.6,12.746,-1.0602,270.0,D5C5,1,78.72,580.69,0,-1
357,legit_55,-1.6,671.86,13.2303,-0.0273,180.0,A4A3,0,167.77,710.83,0,-1
357,legit_56,17.67,398.4,9.458,2.4843,90.0,A2B2,0,137.79,716.94,0,-1
357,legit_57,971.78,198.4,13.4154,-0.4088,90.0,E1F1,1,110.75,659.82,0,-1
357,legit_58,201.6,287.25,12.9117,0.7252,0.0,B1B2,0,89.19,630.99,0,-1
357,legit_59,375.5,1001.6,5.9512,1.8818,270.0,C5B5,1,108.15,601.55,0,-1
358,legit_38,1001.6,591.74,3.7323,-4.4792,0.0,F2F3,1,49.1,566.43,0,-1
358,legit_40,1001.6,463.21,11.4747,-0.7395,0.0,F2F3,1,114.0,580.16,0,-1
358,legit_47,798.4,539.57,12.5066,0.4363,180.0,E3E2,1,77.43,481.34,0,-1
358,legit_48,672.88,-1.6,13.1014,0.451,90.0,D0E0,0,143.99,710.16,0,-1
358,legit_49,766.91,601.6,12.1003,2.1745,270.0,E3D3,2,16.99,468.26,0,-1
358,legit_50,319.56,601.6,12.4697,-1.0397,270.0,C3B3,0,130.45,508.44,0,-1
358,legit_52,655.38,601.6,13.4373,0.1558,270.0,E3D3,1,94.63,452.49,0,-1
358,legit_53,267.07,-1.6,13.55,0.6479,90.0,B0C0,0,168.79,773.28,0,-1
358,legit_54,444.01,1001.6,13.0598,0.3138,270.0,D5C5,1,78.63,583.31,0,-1
358,legit_55,-1.6,658.7,13.1644,-0.0659,180.0,A4A3,0,162.57,709.77,0,-1
358,legit_56,28.51,398.4,10.8398,1.3819,90.0,A2B2,0,127.41,708.54,0,-1
358,legit_57,982.57,198.4,10.7968,-2.6186,90.0,E1F1,0,103.41,665.01,0,-1
358,legit_58,201.6,300.51,13.2636,0.3518,0.0,B1B2,0,78.75,625.42,0,-1
358,legit_59,368.09,1001.6,7.4087,1.4575,270.0,C5B5,1,113.38,603.91,0,-1
359,legit_38,1000.22,594.29,3.1467,-0.5857,342.64,:F3_11,1,50.1,565.65,0,-1
359,legit_40,1001.6,475.13,11.9199,0.4452,0.0,F2F3,1,124.89,578.1,0,-1
359,legit_47,798.4,527.11,12.454,-0.0525,180.0,E3E2,1,87.49,482.71,0,-1
359,legit_48,686.06,-1.6,13.1798,0.0785,90.0,D0E0,0,137.39,711.34,0,-1
359,legit_49,754.05,601.6,12.8615,0.7612,270.0,E3D3,2,4.35,464.63,0,-1
359,legit_50,307.01,601.6,12.5488,0.0791,270.0,C3B3,0,143.0,513.74,0,-1
359,legit_52,642.44,601.6,12.9393,-0.498,270.0,E3D3,1,107.57,451.78,0,-1
359,legit_53,280.43,-1.6,13.3649,-0.1852,90.0,B0C0,0,178.32,768.18,0,-1
359,legit_54,430.15,1001.6,13.8599,0.8001,270.0,D5C5,1,80.87,586.41,0,-1
359,legit_55,-1.6,645.57,13.1263,-0.0381,180.0,A4A3,0,158.3,708.92,0,-1
359,legit_56,41.73,398.4,13.224,2.3841,90.0,A2B2,0,114.87,698.4,0,-1
359,legit_57,988.87,198.4,6.2968,-4.5,90.0,E1F1,0,99.41,668.1,0,-1
359,legit_58,201.6,313.46,12.9469,-0.3167,0.0,B1B2,0,69.49,620.18,0,-1
359,legit_59,358.96,1001.6,9.1368,1.728,270.0,C5B5,1,120.15,606.92,0,-1
360,legit_38,998.54,593.0,2.3417,-0.8049,284.21,:F3_11,1,51.94,564.76,0,-1
360,legit_40,1001.6,486.46,11.3261,-0.5939,0.0,F2F3,1,123.43,576.28,0,-1
360,legit_47,798.4,514.47,12.6373,0.1833,180.0,E3E2,1,98.27,484.31,0,-1
360,legit_48,699.56,-1.6,13.4996,0.3198,90.0,D0E0,0,131.65,712.78,0,-1
360,legit_49,741.5,601.6,12.552,-0.3095,270.0,E3D3,2,8.65,462.1,0,-1
360,legit_50,294.03,601.6,12.9813,0.4325,270.0,C3B3,1,144.03,519.39,0,-1
360,legit_52,629.51,601.6,12.93,-0.0093,270.0,E3D3,1,120.5,451.26,0,-1
360,legit_53,293.31,-1.6,12.8803,-0.4846,90.0,B0C0,0,187.95,763.43,0,-1
360,legit_54,417.89,1001.6,12.2612,-1.5987,270.0,D5C5,1,84.72,589.42,0,-1
360,legit_55,-1.6,631.97,13.6084,0.4821,180.0,A4A3,0,154.93,708.27,0,-1
360,legit_56,54.44,398.4,12.7054,-0.5186,90.0,A2B2,0,102.99,688.79,0,-1
360,legit_57,992.51,198.4,3.6345,-2.6623,90.0,E1F1,0,97.22,669.9,0,-1
360,legit_58,201.6,326.81,13.3541,0.4072,0.0,B1B2,0,61.35,615.01,0,-1
360,legit_59,347.83,1001.6,11.124,1.9872,270.0,C5B5,1,128.78,610.71,0,-1
360,legit_60,187.7,601.6,0.0,0.0,270.0,B3A3,1,37.73,572.19,0,-1
361,legit_38,998.4,589.95,3.0953,0.7536,198.15,F3F2,1,52.57,564.74,0,-1
361,legit_40,1001.6,498.03,11.5701,0.2441,0.0,F2F3,1,112.87,574.56,0,-1
361,legit_47,798.4,501.87,12.6026,-0.0348,180.0,E3E2,1,109.42,486.08,0,-1
361,legit_48,713.38,-1.6,13.8176,0.318,90.0,D0E0,0,127.0,714.49,0,-1
361,legit_49,728.5,601.6,12.995,0.443,270.0,E3D3,2,21.56,460.1,0,-1
361,legit_50,280.86,601.6,13.1649,0.1836,270.0,C3B3,1,130.87,525.31,0,-1
361,legit_52,618.76,601.6,10.7554,-2.1746,270.0,E3D3,1,131.25,450.97,0,-1
361,legit_53,306.52,-1.6,13.2085,0.3283,90.0,B0C0,0,188.08,758.74,0,-1
361,legit_54,408.68,1001.6,9.211,-3.0502,270.0,D5C5,1,88.62,591.84,0,-1
361,legit_55,-1.6,619.29,12.6775,-0.9309,180.0,A4A3,0,152.82,707.86,0,-1
361,legit_56,67.11,398.4,12.6694,-0.0361,90.0,A2B2,1,91.35,679.33,0,-1
361,legit_57,994.34,200.12,2.7581,-0.8763,67.19,:F1_8,0,97.55,669.94,0,-1
361,legit_58,201.6,340.01,13.2015,-0.1525,0.0,B1B2,1,55.34,610.15,0,-1
361,legit_59,335.26,1001.6,12.5757,1.4517,270.0,C5B5,1,138.97,615.17,0,-1
361,legit_60,185.26,601.6,2.435,2.435,270.0,B3A3,1,35.3,573.54,0,-1
362,legit_38,998.4,585.49,4.4588,1.3635,180.0,F3F2,1,53.6,564.84,0,-1
362,legit_40,1001.6,509.91,11.8836,0.3134,0.0,F2F3,1,102.26,572.93,0,-1
362,legit_47,798.4,489.98,11.8884,-0.7142,180.0,E3E2,1,120.19,487.93,0,-1
362,legit_48,726.17,-1.6,12.7905,-1.0271,90.0,D0E0,0,123.91,716.29,0,-1
362,legit_49,716.29,601.6,12.2095,-0.7854,270.0,E3D3,2,33.74,458.4,0,-1
362,legit_50,267.68,601.6,13.1845,0.0196,270.0,C3B3,1,117.69,531.41,0,-1
362,legit_52,610.89,601.6,7.8686,-2.8869,270.0,E3D3,1,139.12,450.84,0,-1
362,legit_53,319.97,-1.6,13.4534,0.2448,90.0,B0C0,0,178.03,754.15,0,-1
362,legit_54,404.0,1001.14,4.711,-4.5,264.74,:C5_1,1,91.29,592.86,0,-1
362,legit_55,-1.6,609.97,9.3184,-3.3591,180.0,A4A3,0,151.93,707.69,0,-1
362,legit_56,80.44,398.4,13.3321,0.6627,90.0,A2B2,1,79.45,669.54,0,-1
362,legit_57,992.4,201.6,2.6099,-0.1482,351.62,F1E1,0,99.88,668.2,0,-1
362,legit_58,201.6,352.92,12.9082,-0.2933,0.0,B1B2,1,52.08,605.68,0,-1
362,legit_59,321.97,1001.6,13.2866,0.711,270.0,C5B5,1,150.13,620.06,0,-1
362,legit_60,181.44,601.6,3.8287,1.3937,270.0,B3A3,1,31.48,575.66,0,-1
363,legit_38,998.4,579.63,5.861,1.4021,180.0,F3F2,1,55.48,565.03,0,-1
363,legit_40,1001.6,522.13,12.2196,0.3361,0.0,F2F3,1,91.68,571.42,0,-1
363,legit_47,798.4,477.47,12.5136,0.6253,180.0,E3E2,0,127.05,490.04,0,-1
363,legit_48,739.15,-1.6,12.9843,0.1938,90.0,D0E0,0,122.08,718.33,0,-1
363,legit_49,703.63,601.6,12.6678,0.4582,270.0,E3D3,1,46.4,456.82,0,-1
363,legit_50,254.94,601.6,12.7337,-0.4508,270.0,C3B3,1,104.95,537.47,0,-1
363,legit_52,607.52,601.6,3.3686,-4.5,270.0,E3D3,1,142.49,450.81,0,-1
363,legit_53,332.58,-1.6,12.601,-0.8524,90.0,B0C0,0,169.04,750.01,0,-1
363,legit_54,399.17,997.02,6.641,1.93,223.44,:C5_9,1,97.31,591.96,0,-1
363,legit_55,-1.27,604.92,5.0747,-4.2438,176.26,:A3_1,0,151.35,707.38,0,-1
363,legit_56,93.26,398.4,12.8138,-0.5183,90.0,A2B2,1,68.52,660.28,0,-1
363,legit_57,987.28,201.6,5.1169,2.507,270.0,F1E1,0,102.92,665.66,0,-1
363,legit_58,201.6,365.36,12.4392,-0.469,0.0,B1B2,1,51.88,601.67,0,-1
363,legit_59,308.18,1001.6,13.7959,0.5093,270.0,C5B5,1,162.05,625.34,0,-1
363,legit_60,176.09,601.6,5.3467,1.518,270.0,B3A3,1,26.14,578.65,0,-1
364,legit_38,998.4,571.44,8.1889,2.3279,180.0,F3F2,1,58.98,565.4,0,-1
364,legit_40,1001.6,534.22,12.0819,-0.1377,0.0,F2F3,1,81.67,570.09,0,-1
364,legit_47,798.4,464.73,12.7438,0.2302,180.0,E3E2,0,115.37,492.38,0,-1
364,legit_48,752.41,-1.6,13.2643,0.28,90.0,D0E0,0,121.62,720.65,0,-1
364,legit_49,691.26,601.6,12.3671,-0.3007,270.0,E3D3,1,58.76,455.46,0,-1
364,legit_50,241.86,601.6,13.0843,0.3507,270.0,C3B3,1,91.87,543.87,0,-1
364,legit_52,605.77,599.66,3.0366,-0.332,242.38,:D3_7,1,144.23,450.79,0,-1
364,legit_53,345.91,-1.6,13.3305,0.7295,90.0,B0C0,0,160.07,745.83,0,-1
364,legit_54,398.4,988.91,8.2114,1.5704,181.81,C5C4,1,104.69,587.79,0,-1
364,legit_55,2.49,599.47,7.0027,1.9281,136.69,:A3_9,0,147.51,704.33,0,-1
364,legit_56,107.11,398.4,13.8588,1.045,90.0,A2B2,1,57.57,650.47,0,-1
364,legit_57,979.96,201.6,7.3172,2.2003,270.0,F1E1,0,107.54,662.08,0,-1
364,legit_58,201.6,378.06,12.7016,0.2624,0.0,B1B2,1,54.67,597.87,0,-1
364,legit_59,294.65,1001.6,13.5293,-0.2667,270.0,C5B5,1,164.53,630.71,0,-1
364,legit_60,168.4,601.6,7.6849,2.3381,270.0,B3A3,1,18.47,582.99,0,-1
365,legit_38,998.4,561.62,9.8164,1.6276,180.0,F3F2,1,64.31,565.98,0,-1
365,legit_40,1001.6,545.65,11.4347,-0.6472,0.0,F2F3,1,72.78,568.99,0,-1
365,legit_47,798.4,451.96,12.7657,0.0219,180.0,E3E2,0,103.92,494.9,0,-1
365,legit_48,765.11,-1.6,12.6923,-0.572,90.0,D0E0,0,122.53,723.09,0,-1
365,legit_49,678.29,601.6,12.9733,0.6063,270.0,E3D3,1,71.73,454.22,0,-1
365,legit_50,229.16,601.6,12.6998,-0.3845,270.0,C3B3,1,79.17,550.24,0,-1
365,legit_52,608.63,598.4,3.3833,0.3467,137.82,D3E3,1,141.38,450.82,0,-1
365,legit_53,359.34,-1.6,13.4324,0.1019,90.0,B0C0,0,151.68,741.8,0,-1
365,legit_54,398.4,978.13,10.7801,2.5687,180.0,C5C4,1,114.19,582.06,0,-1
365,legit_55,10.06,598.4,7.7511,0.7484,93.48,A3B3,1,139.95,698.25,0,-1
365,legit_56,120.42,398.4,13.307,-0.5518,90.0,A2B2,1,48.47,641.28,0,-1
365,legit_57,970.78,201.6,9.1814,1.8642,270.0,F1E1,0,113.73,657.67,0,-1
365,legit_58,201.6,390.24,12.1807,-0.5209,0.0,B1B2,1,59.81,594.49,0,-1
365,legit_59,281.4,1001.6,13.2504,-0.2789,270.0,C5B5,1,153.01,636.15,0,-1
365,legit_60,159.42,601.6,8.9875,1.3027,270.0,B3A3,2,9.55,588.15,0,-1
366,legit_38,998.4,550.17,11.4563,1.6399,180.0,F3F2,1,71.74,566.84,0,-1
366,legit_40,1001.6,557.68,12.0313,0.5966,0.0,F2F3,1,64.29,568.01,0,-1
366,legit_47,798.4,439.28,12.6842,-0.0815,180.0,E3E2,0,92.88,497.59,0,-1
366,legit_48,778.46,-1.6,13.3548,0.6625,90.0,D0E0,0,124.89,725.88,0,-1
366,legit_49,666.09,601.6,12.1984,-0.775,270.0,E3D3,1,83.93,453.23,0,-1
366,legit_50,217.83,601.6,11.3244,-1.3755,270.0,C3B3,1,67.85,556.07,0,-1
366,legit_52,614.37,598.4,5.744,2.3607,90.0,D3E3,1,135.64,450.89,0,-1
366,legit_53,372.74,-1.6,13.4038,-0.0286,90.0,B0C0,0,144.07,737.98,0,-1
366,legit_54,398.4,965.68,12.4529,1.6728,180.0,C5C4,1,125.43,575.59,0,-1
366,legit_55,19.86,598.4,9.806,2.0549,90.0,A3B3,1,130.15,690.43,0,-1
366,legit_56,133.09,398.4,12.6725,-0.6345,90.0,A2B2,1,41.96,632.78,0,-1
366,legit_57,960.25,201.6,10.5316,1.3502,270.0,F1E1,0,121.3,652.74,0,-1
366,legit_58,201.6,403.06,12.8142,0.6335,0.0,:B2_9,1,67.2,591.18,0,-1
366,legit_59,268.57,1001.6,12.8271,-0.4232,270.0,C5B5,1,142.14,641.58,0,-1
366,legit_60,147.91,601.6,11.503,2.5155,270.0,B3A3,2,2.63,595.09,0,-1
366,legit_61,798.4,987.7,0.0,0.0,180.0,E5E4,0,104.22,586.23,0,-1
367,legit_38,998.4,536.62,13.5442,2.0879,180.0,F3F2,1,81.73,568.08,0,-1
367,legit_40,1001.6,568.67,10.991,-1.0403,0.0,F2F3,1,57.65,567.29,0,-1
367,legit_47,798.4,426.36,12.9208,0.2366,180.0,E3E2,0,82.13,500.53,0,-1
367,legit_48,791.79,-1.6,13.3314,-0.0234,90.0,D0E0,0,128.58,728.9,0,-1
367,legit_49,653.9,601.6,12.1895,-0.0088,270.0,E3D3,1,96.12,452.4,0,-1
367,legit_50,210.65,601.6,7.1852,-4.1392,270.0,C3B3,1,60.67,559.83,0,-1
367,legit_52,621.95,598.4,7.5767,1.8328,90.0,D3E3,1,128.06,451.04,0,-1
367,legit_53,386.24,-1.6,13.4975,0.0937,90.0,B0C0,0,137.3,734.35,0,-1
367,legit_54,398.4,952.28,13.4043,0.9514,180.0,C5C4,0,123.57,568.81,0,-1
367,legit_55,32.11,598.4,12.2426,2.4366,90.0,A3B3,1,117.9,680.75,0,-1
367,legit_56,146.1,398.4,13.0075,0.3349,90.0,A2B2,1,38.6,624.38,0,-1
367,legit_57,947.15,201.6,13.0995,2.5678,270.0,F1E1,0,131.29,646.78,0,-1
367,legit_58,201.6,415.4,12.3431,-0.4711,0.0,B2B3,1,75.71,588.21,0,-1
367,legit_59,255.36,1001.6,13.2087,0.3816,270.0,C5B5,0,131.33,647.36,0,-1
367,legit_60,134.51,601.6,13.4075,1.9044,270.0,B3A3,2,15.58,604.39,0,-1
367,legit_61,798.4,985.12,2.5781,2.5781,180.0,E5E4,0,106.51,584.86,0,-1
368,legit_38,998.4,523.99,12.6306,-0.9137,180.0,F3F2,1,91.87,569.43,0,-1
368,legit_40,1001.6,580.47,11.7947,0.8037,0.0,F2F3,1,52.19,566.73,0,-1
368,legit_47,798.4,414.37,11.9866,-0.9342,180.0,E3E2,0,72.79,503.45,0,-1
368,legit_48,804.59,-1.6,12.7959,-0.5355,90.0,:E0_6,0,133.29,732.0,0,-1
368,legit_49,641.7,601.6,12.1952,0.0057,270.0,E3D3,1,108.31,451.75,0,-1
368,legit_50,201.68,601.6,8.969,1.7839,270.0,:B3_5,1,51.7,564.6,0,-1
368,legit_52,631.68,598.4,9.7265,2.1498,90.0,D3E3,1,118.33,451.34,0,-1
368,legit_53,399.2,-1.6,12.9627,-0.5349,90.0,:C0_6,0,131.78,731.06,0,-1
368,legit_54,398.4,939.59,12.6839,-0.7205,180.0,C5C4,0,112.17,562.56,0,-1
368,legit_55,45.85,598.4,13.7385,1.4959,90.0,A3B3,1,104.17,670.02,0,-1
368,legit_56,159.95,398.4,13.8511,0.8436,90.0,A2B2,1,39.67,615.84,0,-1
368,legit_57,933.66,201.6,13.4892,0.3897,270.0,F1E1,0,142.1,640.84,0,-1
368,legit_58,201.6,428.04,12.6404,0.2973,0.0,B2B3,1,85.39,585.36,0,-1
368,legit_59,241.72,1001.6,13.6354,0.4267,270.0,C5B5,0,120.66,653.52,0,-1
368,legit_60,122.15,601.6,12.3521,-1.0553,270.0,B3A3,2,27.89,613.12,0,-1
368,legit_61,798.4,980.05,5.0765,2.4985,180.0,E5E4,0,111.06,582.16,0,-1
369,legit_38,998.4,510.74,13.2516,0.621,180.0,F3F2,1,103.1,571.04,0,-1
369,legit_40,1001.6,591.87,11.3997,-0.395,0.0,F2F3,1,49.08,566.43,0,-1
369,legit_47,798.4,401.48,12.8936,0.907,180.0,:E2_1,0,63.74,506.8,0,-1
369,legit_48,817.83,-1.6,13.2416,0.4457,90.0,E0F0,0,139.24,735.42,0,-1
369,legit_49,629.61,601.6,12.0897,-0.1055,270.0,E3D3,1,120.4,451.27,0,-1
369,legit_50,191.02,601.6,10.6609,1.6919,270.0,B3A3,2,41.05,570.37,0,-1
369,legit_52,643.61,598.4,11.9342,2.2076,90.0,D3E3,1,106.4,451.84,0,-1
369,legit_53,412.37,-1.6,13.1714,0.2087,90.0,C0D0,0,127.29,727.93,0,-1
369,legit_54,398.4,925.82,13.7683,1.0845,180.0,C5C4,0,100.14,555.98,0,-1
369,legit_55,59.52,598.4,13.6721,-0.0664,90.0,A3B3,2,90.5,659.48,0,-1
369,legit_56,173.22,398.4,13.2696,-0.5815,90.0,A2B2,1,44.88,608.04,0,-1
369,legit_57,920.52,201.6,13.1428,-0.3464,270.0,F1E1,0,153.05,635.23,0,-1
369,legit_58,201.6,440.92,12.8775,0.237,0.0,B2B3,1,95.97,582.65,0,-1
369,legit_59,228.81,1001.6,12.9185,-0.7169,270.0,C5B5,0,111.16,659.54,0,-1
369,legit_60,109.26,601.6,12.8919,0.5398,270.0,B3A3,2,40.77,622.39,0,-1
369,legit_61,798.4,972.82,7.2216,2.145,180.0,E5E4,0,117.6,578.38,0,-1
370,legit_38,998.4,497.21,13.5325,0.2809,180.0,F3F2,0,115.02,572.89,0,-1
370,legit_47,798.4,388.91,12.5622,-0.3314,180.0,E2E1,0,56.38,510.3,0,-1
370,legit_48,830.57,-1.6,12.7358,-0.5058,90.0,E0F0,0,145.87,738.91,0,-1
370,legit_49,618.56,601.6,11.0574,-1.0323,270.0,E3D3,1,131.45,450.97,0,-1
370,legit_50,177.95,601.6,13.0737,2.4128,270.0,B3A3,3,27.99,577.61,0,-1
370,legit_52,656.44,598.4,12.8287,0.8946,90.0,D3E3,1,93.57,452.56,0,-1
370,legit_53,425.04,-1.6,12.67,-0.5014,90.0,C0D0,0,124.13,725.13,0,-1
370,legit_54,398.4,912.13,13.6968,-0.0715,180.0,C5C4,0,88.68,549.63,0,-1
370,legit_55,72.63,598.4,13.1088,-0.5634,90.0,A3B3,2,77.39,649.51,0,-1
370,legit_56,184.1,398.4,10.8822,-2.3874,90.0,A2B2,1,51.36,601.89,0,-1
370,legit_57,906.66,201.6,13.8606,0.7179,270.0,F1E1,0,164.94,629.51,0,-1
370,legit_58,201.6,453.95,13.0307,0.1533,0.0,B2B3,2,107.19,580.09,0,-1
370,legit_59,215.57,1001.6,13.235,0.3165,270.0,C5B5,0,102.21,665.91,0,-1
370,legit_60,96.3,601.6,12.9674,0.0755,270.0,B3A3,2,53.73,631.85,0,-1
370,legit_61,798.4,963.26,9.5637,2.3422,180.0,E5E4,0,126.38,573.45,0,-1
371,legit_38,998.4,483.9,13.3083,-0.2242,180.0,F3F2,0,127.05,574.9,0,-1
371,legit_47,798.4,376.05,12.8592,0.297,180.0,E2E1,0,50.99,514.15,0,-1
371,legit_48,843.22,-1.6,12.6528,-0.083,90.0,E0F0,0,153.22,742.55,0,-1
371,legit_49,611.18,601.6,7.3713,-3.6862,270.0,E3D3,1,138.83,450.84,0,-1
371,legit_50,164.63,601.6,13.3133,0.2396,270.0,B3A3,3,14.72,585.15,0,-1
371,legit_52,668.9,598.4,12.458,-0.3708,90.0,D3E3,1,81.12,453.44,0,-1
371,legit_53,437.88,-1.6,12.8317,0.1617,90.0,C0D0,0,122.2,722.5,0,-1
371,legit_54,398.4,899.23,12.8972,-0.7996,180.0,C5C4,0,78.55,543.86,0,-1
371,legit_55,85.89,598.4,13.2586,0.1498,90.0,A3B3,2,64.13,639.56,0,-1
371,legit_56,190.53,398.4,6.4267,-4.4555,90.0,A2B2,1,55.83,598.34,0,-1
371,legit_57,893.13,201.6,13.5257,-0.3349,270.0,F1E1,0,164.76,624.12,0,-1
371,legit_58,201.6,467.26,13.3127,0.282,0.0,B2B3,2,119.03,577.67,0,-1
371,legit_60,83.12,601.6,13.1716,0.2042,270.0,B3A3,2,66.9,641.62,0,-1
371,legit_61,798.4,951.93,11.3316,1.7679,180.0,E5E4,0,121.94,567.72,0,-1
372,legit_38,998.4,471.31,12.5882,-0.7201,180.0,F3F2,0,122.69,576.96,0,-1
372,legit_47,798.4,364.1,11.9559,-0.9033,180.0,E2E1,0,48.57,518.02,0,-1
372,legit_48,856.45,-1.6,13.2334,0.5806,90.0,E0F0,0,161.61,746.55,0,-1
372,legit_49,601.34,601.6,9.8417,2.4704,270.0,:D3_5,1,148.67,450.78,0,-1
372,legit_50,151.0,601.6,13.6315,0.3182,270.0,B3A3,4,1.89,593.09,0,-1
372,legit_52,681.94,598.4,13.0377,0.5798,90.0,D3E3,1,68.08,454.55,0,-1
372,legit_53,450.67,-1.6,12.7977,-0.0341,90.0,C0D0,0,121.6,720.09,0,-1
372,legit_54,398.4,886.47,12.7646,-0.1327,180.0,C5C4,0,69.44,538.35,0,-1
372,legit_55,99.31,598.4,13.4296,0.171,90.0,A3B3,3,50.71,629.64,0,-1
372,legit_56,198.71,398.4,8.1817,1.755,90.0,:B2_13,1,62.03,593.9,0,-1
372,legit_57,879.56,201.6,13.5726,0.0469,270.0,F1E1,0,153.11,618.9,0,-1
372,legit_58,201.6,479.69,12.4308,-0.8819,0.0,B2B3,2,130.34,575.57,0,-1
372,legit_60,69.88,601.6,13.2448,0.0732,270.0,B3A3,3,80.14,651.58,0,-1
372,legit_61,798.4,938.77,13.1615,1.8298,180.0,E5E4,0,109.99,561.24,0,-1
372,legit_62,1.6,612.3,0.0,0.0,0.0,A3A4,3,148.91,705.14,0,-1
373,legit_38,998.4,457.63,13.6843,1.0961,180.0,F3F2,0,110.42,579.4,0,-1
373,legit_47,798.4,351.97,12.1302,0.1744,180.0,E2E1,0,49.06,522.23,0,-1
373,legit_48,869.85,-1.6,13.3976,0.1642,90.0,E0F0,0,170.74,750.8,0,-1
373,legit_49,588.97,601.6,12.3678,2.5261,270.0,D3C3,1,138.98,450.84,0,-1
373,legit_50,138.61,601.6,12.3916,-1.2399,270.0,B3A3,4,11.5,601.52,0,-1
373,legit_52,695.29,598.4,13.352,0.3143,90.0,D3E3,1,54.74,455.88,0,-1
373,legit_53,463.56,-1.6,12.8873,0.0896,90.0,C0D0,0,122.35,717.89,0,-1
373,legit_54,398.4,873.6,12.8673,0.1027,180.0,C5C4,0,61.57,533.02,0,-1
373,legit_55,112.58,598.4,13.2684,-0.1612,90.0,A3B3,4,37.45,619.99,0,-1
373,legit_56,208.55,398.4,9.8416,1.66,90.0,B2C2,1,70.02,588.68,0,-1
373,legit_57,866.88,201.6,12.6794,-0.8932,270.0,F1E1,0,142.55,614.2,0,-1
373,legit_58,201.6,492.31,12.617,0.1861,0.0,B2B3,3,119.42,573.61,0,-1
373,legit_60,56.88,601.6,12.9957,-0.2491,270.0,B3A3,3,93.13,661.5,0,-1
373,legit_61,798.4,925.04,13.7253,0.5638,180.0,E5E4,0,97.85,554.68,0,-1
373,legit_62,1.6,614.2,1.8996,1.8996,0.0,A3A4,3,149.08,705.17,0,-1
374,legit_38,998.4,444.36,13.2635,-0.4208,180.0,F3F2,0,98.89,581.95,0,-1
374,legit_47,798.4,340.02,11.9473,-0.1829,180.0,E2E1,1,52.36,526.67,0,-1
374,legit_48,883.07,-1.6,13.2245,-0.1731,90.0,E0F0,0,180.26,755.17,0,-1
374,legit_49,576.52,601.6,12.4561,0.0883,270.0,D3C3,1,126.53,451.08,0,-1
374,legit_50,125.15,601.6,13.4571,1.0655,270.0,B3A3,4,24.9,610.99,0,-1
374,legit_52,707.81,598.4,12.5235,-0.8285,90.0,D3E3,1,42.22,457.32,0,-1
374,legit_53,476.27,-1.6,12.7057,-0.1816,90.0,C0D0,0,124.4,715.93,0,-1
374,legit_54,398.4,860.6,13.0005,0.1332,180.0,C5C4,0,55.56,527.91,0,-1
374,legit_55,125.6,598.4,13.0155,-0.2529,90.0,A3B3,4,24.45,610.67,0,-1
374,legit_56,220.04,398.4,11.4895,1.6478,90.0,B2C2,1,79.88,582.73,0,-1
374,legit_57,853.39,201.6,13.4933,0.814,270.0,F1E1,1,131.71,609.39,0,-1
374,legit_58,201.6,504.96,12.6561,0.0391,0.0,B2B3,3,108.14,571.81,0,-1
374,legit_60,44.49,601.6,12.3947,-0.6009,270.0,B3A3,3,105.52,671.07,0,-1
374,legit_61,798.4,912.29,12.7501,-0.9752,180.0,E5E4,0,87.0,548.77,0,-1
374,legit_62,1.6,618.03,3.8319,1.9323,0.0,A3A4,3,149.49,705.25,0,-1
375,legit_38,998.4,431.6,12.7611,-0.5024,180.0,F3F2,0,88.26,584.59,0,-1
375,legit_47,798.4,327.48,12.544,0.5968,180.0,E2E1,1,58.31,531.6,0,-1
375,legit_48,896.2,-1.6,13.1232,-0.1013,90.0,E0F0,0,190.16,759.69,0,-1
375,legit_49,563.71,601.6,12.806,0.3498,270.0,D3C3,0,113.72,451.51,0,-1
375,legit_50,112.37,601.6,12.7835,-0.6736,270.0,B3A3,4,37.67,620.14,0,-1
375,legit_52,721.09,598.4,13.2827,0.7592,90.0,D3E3,0,28.95,459.05,0,-1
375,legit_53,489.14,-1.6,12.8779,0.1722,90.0,C0D0,0,127.75,714.16,0,-1
375,legit_54,398.4,847.81,12.7909,-0.2096,180.0,C5C4,0,52.19,523.17,0,-1
375,legit_55,139.04,598.4,13.4393,0.4239,90.0,A3B3,4,11.08,601.22,0,-1
375,legit_56,233.14,398.4,13.0922,1.6027,90.0,B2C2,1,91.58,576.13,0,-1
375,legit_57,839.5,201.6,13.887,0.3937,270.0,F1E1,1,121.11,604.65,0,-1
375,legit_58,201.6,517.43,12.4682,-0.1879,0.0,B2B3,3,97.37,570.2,0,-1
375,legit_60,32.06,601.6,12.429,0.0342,270.0,B3A3,3,117.95,680.79,0,-1
375,legit_61,798.4,898.76,13.5339,0.7838,180.0,E5E4,0,76.13,542.7,0,-1
375,legit_62,1.6,623.31,5.2802,1.4483,0.0,A3A4,3,150.22,705.39,0,-1
376,legit_38,998.4,418.37,13.2298,0.4686,180.0,F3F2,0,77.91,587.52,0,-1
376,legit_47,798.4,315.43,12.0462,-0.4979,180.0,E2E1,1,65.8,536.58,0,-1
376,legit_48,909.61,-1.6,13.4101,0.287,90.0,E0F0,0,185.73,764.49,0,-1
376,legit_49,550.7,601.6,13.0089,0.203,270.0,D3C3,0,100.72,452.14,0,-1
376,legit_50,98.79,601.6,13.5753,0.7918,270.0,B3A3,4,51.23,630.02,0,-1
376,legit_52,734.62,598.4,13.5247,0.242,90.0,D3E3,0,15.46,461.02,0,-1
376,legit_53,502.64,-1.6,13.4998,0.622,90.0,C0D0,0,132.51,712.53,0,-1
376,legit_54,398.4,834.03,13.773,0.9821,180.0,C5C4,0,51.94,518.41,0,-1
376,legit_55,152.06,598.4,13.0258,-0.4136,90.0,A3B3,3,2.61,592.45,0,-1
376,legit_56,246.68,398.4,13.5412,0.449,90.0,B2C2,1,104.02,569.51,0,-1
376,legit_57,826.14,201.6,13.3619,-0.5251,270.0,F1E1,1,111.6,600.31,0,-1
376,legit_58,201.6,530.74,13.3089,0.8407,0.0,B2B3,3,86.37,568.68,0,-1
376,legit_60,20.0,601.6,12.0605,-0.3685,270.0,B3A3,3,130.01,690.32,0,-1
376,legit_61,798.4,885.55,13.2039,-0.33,180.0,E5E4,0,66.47,536.99,0,-1
376,legit_62,1.6,631.04,7.7282,2.4481,0.0,A3A4,2,151.61,705.65,0,-1
377,legit_47,798.4,303.49,11.9408,-0.1054,180.0,E2E1,1,74.4,541.71,0,-1
377,legit_48,923.03,-1.6,13.4179,0.0077,90.0,E0F0,0,175.81,769.48,0,-1
377,legit_49,538.22,601.6,12.4865,-0.5224,270.0,D3C3,0,88.23,452.92,0,-1
377,legit_50,85.58,601.6,13.213,-0.3623,270.0,B3A3,4,64.44,639.79,0,-1
377,legit_52,747.81,598.4,13.1944,-0.3303,90.0,D3E3,0,2.71,463.16,0,-1
377,legit_53,516.2,-1.6,13.555,0.0552,90.0,C0D0,0,138.45,711.13,0,-1
377,legit_54,398.4,820.88,13.1587,-0.6143,180.0,C5C4,0,55.03,514.22,0,-1
377,legit_55,165.41,598.4,13.3471,0.3213,90.0,A3B3,2,15.49,584.7,0,-1
377,legit_56,259.3,398.4,12.6211,-0.9201,90.0,B2C2,0,115.85,563.51,0,-1
377,legit_57,816.57,201.6,9.5695,-3.7924,270.0,F1E1,1,105.31,597.33,0,-1
377,legit_58,201.6,542.88,12.1423,-1.1666,0.0,B2B3,2,76.97,567.48,0,-1
377,legit_60,11.82,601.6,8.1782,-3.8824,270.0,B3A3,2,138.19,696.84,0,-1
377,legit_61,798.4,872.58,12.9712,-0.2327,180.0,E5E4,0,58.35,531.63,0,-1
377,legit_62,1.6,641.14,10.0993,2.3711,0.0,A3A4,2,154.0,706.11,0,-1
378,legit_47,798.4,291.44,12.0461,0.1053,180.0,E2E1,1,83.92,547.07,0,-1
378,legit_48,935.78,-1.6,12.759,-0.6589,90.0,E0F0,0,166.83,774.4,0,-1
378,legit_49,525.25,601.6,12.9691,0.4826,270.0,D3C3,0,75.27,453.91,0,-1
378,legit_50,72.86,601.6,12.7206,-0.4924,270.0,B3A3,4,77.16,649.33,0,-1
378,legit_52,760.75,598.4,12.94,-0.2544,90.0,D3E3,0,10.87,466.49,0,-1
378,legit_53,530.03,-1.6,13.8326,0.2776,90.0,C0D0,0,145.57,709.92,0,-1
378,legit_54,398.4,808.05,12.8245,-0.3341,180.0,C5C4,0,60.69,510.43,0,-1
378,legit_55,178.37,598.4,12.9542,-0.3929,90.0,A3B3,2,28.41,577.37,0,-1
378,legit_56,272.4,398.4,13.0982,0.477,90.0,B2C2,0,128.28,557.46,0,-1
378,legit_57,809.78,201.6,6.7857,-2.7838,270.0,F1E1,1,101.16,595.3,0,-1
378,legit_58,201.6,555.74,12.8552,0.7129,0.0,B2B3,2,67.98,566.4,0,-1
378,legit_60,8.14,601.6,3.6782,-4.5,270.0,B3A3,2,141.87,699.79,0,-1
378,legit_61,798.4,859.25,13.3309,0.3598,180.0,E5E4,0,52.09,526.39,0,-1
378,legit_62,1.6,653.73,12.5925,2.4932,0.0,A3A4,2,157.83,706.85,0,-1
378,legit_63,198.4,787.7,0.0,0.0,180.0,B4B3,0,71.26,590.67,0,-1
379,legit_47,798.4,278.88,12.5587,0.5126,180.0,E2E1,1,94.46,552.84,0,-1
379,legit_48,949.23,-1.6,13.4465,0.6875,90.0,E0F0,0,157.93,779.76,0,-1
379,legit_49,512.09,601.6,13.1605,0.1914,270.0,D3C3,0,62.11,455.12,0,-1
379,legit_50,60.31,601.6,12.5491,-0.1715,270.0,B3A3,4,89.7,658.87,0,-1
379,legit_52,773.53,598.4,12.7745,-0.1655,90.0,D3E3,0,23.58,470.2,0,-1
379,legit_53,543.03,-1.6,13.0,-0.8326,90.0,C0D0,0,153.11,708.99,0,-1
379,legit_55,186.82,598.4,8.4542,-4.5,90.0,A3B3,2,36.85,572.68,0,-1
379,legit_56,286.02,398.4,13.6283,0.5302,90.0,B2C2,0,141.34,551.35,0,-1
379,legit_57,804.2,202.28,5.6955,-1.0902,277.91,:E1_4,1,98.53,593.3,0,-1
379,legit_58,201.6,569.09,13.351,0.4958,0.0,B2B3,2,60.15,565.53,0,-1
379,legit_60,5.75,600.3,2.946,-0.7322,253.67,:A3_5,2,144.25,701.71,0,-1
379,legit_61,798.4,845.87,13.3796,0.0487,180.0,E5E4,0,48.75,521.46,0,-1
379,legit_62,1.6,667.14,13.4051,0.8126,0.0,A3A4,2,162.88,707.85,0,-1
379,legit_63,198.4,785.78,1.919,1.919,180.0,B4B3,0,72.68,590.22,0,-1
380,legit_47,798.4,265.86,13.0204,0.4617,180.0,E2E1,1,105.85,559.01,0,-1
380,legit_48,962.12,-1.6,12.8848,-0.5617,90.0,E0F0,0,150.03,785.07,0,-1
380,legit_49,499.91,601.6,12.1738,-0.9867,270.0,D3C3,0,49.94,456.42,0,-1
380,legit_50,46.71,601.6,13.6002,1.0512,270.0,B3A3,3,103.3,669.35,0,-1
380,legit_52,786.49,598.4,12.9612,0.1866,90.0,D3E3,0,36.52,474.16,0,-1
380,legit_53,556.77,-1.6,13.7377,0.7377,90.0,C0D0,0,161.82,708.23,0,-1
380,legit_55,191.43,598.4,4.6149,-3.8392,90.0,A3B3,2,41.47,570.15,0,-1
380,legit_56,298.92,398.4,12.8917,-0.7366,90.0,B2C2,0,153.79,545.75,0,-1
380,legit_57,801.67,206.68,5.3878,-0.3077,332.4,:E1_4,1,100.91,590.19,0,-1
380,legit_58,201.6,581.48,12.3856,-0.9654,0.0,B2B3,1,54.82,564.97,0,-1
380,legit_60,7.42,598.4,2.8862,-0.0598,178.04,A3B3,2,142.59,700.37,0,-1
380,legit_61,798.4,832.91,12.9636,-0.4161,180.0,E5E4,0,48.92,517.02,0,-1
380,legit_62,1.6,680.52,13.3811,-0.024,0.0,A3A4,2,168.84,709.07,0,-1
380,legit_63,198.4,781.98,3.7997,1.8806,180.0,B4B3,0,75.56,589.34,0,-1
381,legit_47,798.4,253.26,12.6007,-0.4198,180.0,E2E1,1,117.2,565.15,0,-1
381,legit_48,975.26,-1.6,13.1438,0.259,90.0,E0F0,0,142.73,790.66,0,-1
381,legit_49,487.78,601.6,12.1351,-0.0387,270.0,D3C3,0,37.81,457.87,0,-1
381,legit_50,34.09,601.6,12.6235,-0.9767,270.0,B3A3,2,115.92,679.2,0,-1
381,legit_53,570.49,-1.6,13.7249,-0.0128,90.0,C0D0,0,171.19,707.67,0,-1
381,legit_55,192.51,598.4,1.0795,-3.5354,90.0,A3B3,1,42.54,569.56,0,-1
381,legit_56,312.0,398.4,13.0863,0.1946,90.0,B2C2,0,143.24,540.25,0,-1
381,legit_57,801.6,212.17,5.4957,0.1079,359.95,E1E2,1,105.63,587.21,0,-1
381,legit_58,201.6,594.05,12.5726,0.1869,0.0,:B3_9,1,51.94,564.67,0,-1
381,legit_60,12.16,598.4,4.7424,1.8562,90.24,A3B3,2,137.85,696.57,0,-1
381,legit_61,798.4,819.15,13.7622,0.7986,180.0,E5E4,0,52.7,512.68,0,-1
381,legit_62,1.6,693.35,12.8301,-0.551,0.0,A3A4,2,175.32,710.43,0,-1
381,legit_63,198.4,776.21,5.7677,1.968,180.0,B4B3,0,80.07,588.04,0,-1
382,legit_47,798.4,240.82,12.4454,-0.1553,180.0,E2E1,1,128.63,571.37,0,-1
382,legit_48,988.13,-1.6,12.8752,-0.2687,90.0,E0F0,0,136.43,796.33,0,-1
382,legit_49,475.79,601.6,11.9897,-0.1454,270.0,D3C3,0,25.84,459.48,0,-1
382,legit_50,20.85,601.6,13.2393,0.6158,270.0,B3A3,2,129.16,689.65,0,-1
382,legit_53,582.87,-1.6,12.3803,-1.3446,90.0,C0D0,0,180.12,707.36,0,-1
382,legit_55,195.32,598.4,2.8097,1.7301,90.0,:B3_13,1,45.35,568.03,0,-1
382,legit_56,325.08,398.4,13.0805,-0.0057,90.0,B2C2,0,130.69,534.93,0,-1
382,legit_57,801.6,220.08,7.9166,2.4209,0.0,E1E2,1,112.6,583.0,0,-1
382,legit_58,201.6,607.13,13.0805,0.5079,0.0,:B3_9,1,52.09,564.69,0,-1
382,legit_60,19.29,598.4,7.1323,2.3899,90.0,A3B3,2,130.72,690.88,0,-1
382,legit_61,798.4,806.35,12.8,-0.9622,180.0,:E4_1,0,58.95,508.95,0,-1
382,legit_62,1.6,707.16,13.8149,0.9849,0.0,A3A4,2,183.05,712.11,0,-1
382,legit_63,198.4,768.76,7.4529,1.6853,180.0,B4B3,0,86.13,586.42,0,-1
383,legit_47,798.4,227.85,12.9727,0.5274,180.0,E2E1,1,118.21,578.03,0,-1
383,legit_48,996.51,-1.6,8.3752,-4.5,90.0,E0F0,0,132.84,800.11,0,-1
383,legit_49,463.48,601.6,12.3047,0.315,270.0,D3C3,0,13.58,461.31,0,-1
383,legit_50,12.11,601.6,8.7393,-4.5,270.0,B3A3,2,137.9,696.61,0,-1
383,legit_53,591.28,-1.6,8.4038,-3.9765,90.0,C0D0,0,186.4,707.24,0,-1
383,legit_55,200.28,598.4,4.9571,2.1475,90.0,:B3_13,1,50.31,565.35,0,-1
383,legit_56,338.21,398.4,13.1286,0.0481,90.0,B2C2,0,118.2,529.77,0,-1
383,legit_57,801.6,230.02,9.9361,2.0195,0.0,E1E2,1,121.52,577.81,0,-1
383,legit_58,201.6,619.54,12.4158,-0.6646,0.0,B3B4,2,55.18,565.0,0,-1
383,legit_60,28.85,598.4,9.5569,2.4247,90.0,A3B3,2,121.16,683.31,0,-1
383,legit_61,798.4,793.44,12.9113,0.1113,180.0,:E4_1,0,67.16,505.45,0,-1
383,legit_62,1.6,719.99,12.828,-0.9869,0.0,A3A4,2,190.84,713.88,0,-1
383,legit_63,198.4,759.2,9.5649,2.112,180.0,B4B3,1,94.19,584.43,0,-1
384,legit_47,798.4,215.26,12.5831,-0.3896,180.0,E2E1,1,106.85,584.65,0,-1
384,legit_48,1001.3,1.1,5.9091,-2.466,56.1,:F0_1,0,128.49,800.3,0,-1
384,legit_49,451.47,601.6,12.0103,-0.2944,270.0,D3C3,0,2.18,463.29,0,-1
384,legit_50,7.87,601.6,4.2393,-4.5,270.0,B3A3,2,142.14,700.01,0,-1
384,legit_53,595.19,-1.26,3.9397,-4.4641,86.07,:D0_7,0,189.17,706.93,0,-1
384,legit_55,207.32,598.4,7.0419,2.0848,90.0,B3C3,2,57.34,561.59,0,-1
384,legit_56,350.87,398.4,12.6629,-0.4657,90.0,B2C2,0,106.3,524.97,0,-1
384,legit_57,801.6,242.4,12.3834,2.4474,0.0,E1E2,1,128.42,571.48,0,-1
384,legit_58,201.6,632.37,12.8264,0.4106,0.0,B3B4,2,60.91,565.61,0,-1
384,legit_60,39.79,598.4,10.9422,1.3852,90.0,A3B3,2,110.22,674.73,0,-1
384,legit_61,798.4,779.76,13.6752,0.7639,180.0,E4E3,0,77.28,502.0,0,-1
384,legit_62,1.6,733.32,13.3325,0.5045,0.0,A3A4,2,182.76,715.91,0,-1
384,legit_63,198.4,747.94,11.2607,1.6958,180.0,B4B3,2,104.01,582.22,0,-1
384,legit_64,598.4,787.7,0.0,0.0,180.0,D4D3,0,157.35,476.85,0,-1
385,legit_47,798.4,202.93,12.3345,-0.2486,180.0,:E1_1,1,96.02,591.3,0,-1
385,legit_48,1001.6,6.83,5.7478,-0.1613,2.23,F0F1,0,123.09,796.21,0,-1
385,legit_49,438.6,601.6,12.8702,0.8599,270.0,D3C3,0,11.51,466.67,0,-1
385,legit_50,5.9,600.6,2.3333,-1.9059,257.83,:A3_5,2,144.1,701.58,0,-1
385,legit_53,599.92,1.46,5.6869,1.7473,57.07,:D0_10,0,191.12,704.75,0,-1
385,legit_55,216.38,598.4,9.0555,2.0136,90.0,B3C3,2,66.4,556.83,0,-1
385,legit_56,364.56,398.4,13.6821,1.0191,90.0,B2C2,0,93.68,519.99,0,-1
385,legit_57,801.6,255.39,12.9858,0.6023,0.0,E1E2,1,116.64,565.01,0,-1
385,legit_58,201.6,644.76,12.3931,-0.4333,0.0,B3B4,2,68.31,566.44,0,-1
385,legit_60,52.62,598.4,12.8264,1.8842,90.0,A3B3,1,97.39,664.78,0,-1
385,legit_61,798.4,766.46,13.3,-0.3752,180.0,E4E3,0,88.04,498.87,0,-1
385,legit_62,1.6,746.45,13.1218,-0.2108,0.0,A3A4,1,175.43,718.11,0,-1
385,legit_63,198.4,734.58,13.3539,2.0932,180.0,B4B3,2,116.0,579.77,0,-1
385,legit_64,598.4,786.29,1.4101,1.4101,180.0,D4D3,0,157.82,476.47,0,-1
386,legit_47,798.4,190.67,12.2542,-0.0803,180.0,E1E0,1,85.66,598.06,0,-1
386,legit_48,1001.6,14.42,7.594,1.8461,0.0,F0F1,0,116.14,790.63,0,-1
386,legit_49,425.79,601.6,12.8089,-0.0613,270.0,D3C3,0,24.26,470.4,0,-1
386,legit_50,7.16,598.43,2.9581,0.6248,187.48,:A3_5,1,142.85,700.57,0,-1
386,legit_53,601.6,7.87,6.7693,1.0824,8.98,D0D1,0,186.0,699.66,0,-1
386,legit_55,227.7,598.4,11.3212,2.2657,90.0,B3C3,2,77.72,550.99,0,-1
386,legit_56,378.25,398.4,13.6977,0.0156,90.0,B2C2,0,81.38,515.22,0,-1
386,legit_57,801.6,269.18,13.7938,0.808,0.0,E1E2,1,104.45,558.34,0,-1
386,legit_58,201.6,657.26,12.4979,0.1048,0.0,B3B4,3,77.08,567.49,0,-1
386,legit_60,65.18,598.4,12.5643,-0.262,90.0,A3B3,2,84.83,655.15,0,-1
386,legit_61,798.4,753.84,12.6188,-0.6812,180.0,E4E3,0,98.82,496.11,0,-1
386,legit_62,1.6,760.03,13.5809,0.4591,0.0,A3A4,0,168.58,720.59,0,-1
386,legit_63,198.4,721.28,13.3034,-0.0505,180.0,B4B3,2,128.21,577.51,0,-1
386,legit_64,598.4,782.88,3.4135,2.0034,180.0,D4D3,0,159.01,475.55,0,-1
387,legit_47,798.4,178.63,12.0416,-0.2127,180.0,E1E0,1,76.03,604.86,0,-1
387,legit_48,1001.6,24.04,9.622,2.028,0.0,F0F1,0,107.47,783.61,0,-1
387,legit_49,415.36,601.6,10.4337,-2.3752,270.0,D3C3,0,34.68,473.58,0,-1
387,legit_50,10.47,598.4,3.3129,0.3548,103.01,A3B3,1,139.54,697.92,0,-1
387,legit_53,601.6,17.21,9.3322,2.5629,0.0,D0D1,0,180.52,692.3,0,-1
387,legit_55,240.81,598.4,13.1065,1.7853,90.0,B3C3,2,90.82,544.39,0,-1
387,legit_56,387.45,398.4,9.1977,-4.5,90.0,B2C2,0,73.39,512.15,0,-1
387,legit_57,801.6,281.97,12.7864,-1.0074,0.0,E1E2,1,93.55,552.34,0,-1
387,legit_58,201.6,669.67,12.4124,-0.0855,0.0,B3B4,3,86.7,568.73,0,-1
387,legit_60,77.61,598.4,12.425,-0.1393,90.0,A3B3,2,72.41,645.75,0,-1
387,legit_61,798.4,740.83,13.0078,0.389,180.0,E4E3,0,110.35,493.45,0,-1
387,legit_62,1.6,773.84,13.8112,0.2303,0.0,A3A4,0,162.48,723.34,0,-1
387,legit_63,198.4,708.65,12.6263,-0.6771,180.0,B4B3,2,118.94,575.54,0,-1
387,legit_64,598.4,777.96,4.9142,1.5007,180.0,D4D3,0,160.85,474.26,0,-1
388,legit_47,798.4,165.91,12.7252,0.6836,180.0,E1E0,1,66.71,612.23,0,-1
388,legit_48,1001.6,36.06,12.0196,2.3976,0.0,F0F1,0,96.89,774.94,0,-1
388,legit_49,409.43,601.6,5.9337,-4.5,270.0,D3C3,0,40.6,475.45,0,-1
388,legit_50,15.28,598.4,4.8102,1.4973,90.0,A3B3,1,134.73,694.08,0,-1
388,legit_53,601.6,28.39,11.1807,1.8485,0.0,D0D1,0,174.4,683.59,0,-1
388,legit_55,253.89,598.4,13.0845,-0.022,90.0,B3C3,2,103.9,537.98,0,-1
388,legit_56,392.15,398.4,4.6977,-4.5,90.0,B2C2,0,69.43,510.62,0,-1
388,legit_57,801.6,295.1,13.1297,0.3433,0.0,E1E2,1,82.91,546.37,0,-1
388,legit_58,201.6,682.25,12.5772,0.1649,0.0,B3B4,3,97.1,570.17,0,-1
388,legit_60,90.02,598.4,12.4091,-0.0159,90.0,A3B3,3,60.0,636.49,0,-1
388,legit_61,798.4,726.98,13.8575,0.8497,180.0,E4E3,0,122.95,490.84,0,-1
388,legit_62,1.6,786.96,13.1243,-0.6869,0.0,A3A4,0,157.59,726.16,0,-1
388,legit_63,198.4,695.03,13.6171,0.9907,180.0,B4B3,3,106.65,573.59,0,-1
388,legit_64,598.4,771.04,6.9202,2.006,180.0,D4D3,0,163.64,472.51,0,-1
389,legit_47,798.4,153.03,12.8796,0.1544,180.0,E1E0,0,58.59,619.9,0,-1
389,legit_48,1001.6,49.26,13.194,1.1744,0.0,F0F1,0,85.72,765.55,0,-1
389,legit_49,402.05,601.6,7.3778,1.4441,270.0,:C3_5,1,47.98,477.82,0,-1
389,legit_50,21.41,598.4,6.1387,1.3284,90.0,A3B3,1,128.6,689.2,0,-1
389,legit_53,601.6,41.51,13.1266,1.9459,0.0,D0D1,0,167.88,673.5,0,-1
389,legit_55,267.62,598.4,13.7316,0.6471,90.0,B3C3,3,117.63,531.43,0,-1
389,legit_56,397.18,396.7,5.515,0.8174,110.63,:C2_12,0,64.32,509.48,0,-1
389,legit_57,801.6,308.34,13.2366,0.1069,0.0,E1E2,0,73.02,540.57,0,-1
389,legit_58,201.6,694.47,12.2232,-0.354,0.0,B3B4,3,107.65,571.73,0,-1
389,legit_60,102.32,598.4,12.3036,-0.1056,90.0,A3B3,3,47.7,627.44,0,-1
389,legit_61,798.4,713.46,13.512,-0.3455,180.0,E4E3,0,123.36,488.49,0,-1
389,legit_62,1.6,800.54,13.5789,0.4546,0.0,:A4_7,0,153.56,729.29,0,-1
389,legit_63,198.4,681.16,13.8766,0.2596,180.0,B4B3,3,94.49,571.81,0,-1
389,legit_64,598.4,761.96,9.0797,2.1595,180.0,D4D3,0,167.67,470.32,0,-1
390,legit_47,798.4,140.84,12.1875,-0.6921,180.0,E1E0,0,52.7,627.37,0,-1
390,legit_48,1001.6,62.82,13.5609,0.3669,0.0,F0F1,0,74.92,756.04,0,-1
390,legit_49,392.32,601.6,9.7252,2.3474,270.0,C3B3,1,57.7,481.04,0,-1
390,legit_50,29.62,598.4,8.2029,2.0642,90.0,A3B3,1,120.39,682.71,0,-1
390,legit_53,601.6,54.29,12.7808,-0.3457,0.0,D0D1,0,162.3,663.84,0,-1
390,legit_55,281.39,598.4,13.7721,0.0406,90.0,B3C3,3,131.4,525.06,0,-1
390,legit_56,398.4,390.52,6.4494,0.9344,174.52,C2C1,0,59.95,510.84,0,-1
390,legit_57,801.6,321.57,13.2295,-0.0071,0.0,E1E2,0,64.34,535.0,0,-1
390,legit_58,201.6,707.67,13.1909,0.9677,0.0,B3B4,3,119.39,573.6,0,-1
390,legit_60,115.46,598.4,13.1355,0.8319,90.0,A3B3,3,34.58,617.92,0,-1
390,legit_61,798.4,700.69,12.7719,-0.7401,180.0,E4E3,1,111.72,486.47,0,-1
390,legit_62,1.6,813.29,12.7544,-0.8245,0.0,A4A5,0,150.78,732.44,0,-1
390,legit_63,198.4,668.24,12.9136,-0.963,180.0,B4B3,3,83.66,570.35,0,-1
390,legit_64,598.4,751.3,10.6649,1.5852,180.0,D4D3,0,172.89,467.89,0,-1
390,legit_65,787.7,601.6,0.0,0.0,270.0,E3D3,1,37.73,474.54,0,-1
391,legit_47,798.4,128.55,12.294,0.1065,180.0,E1E0,0,49.15,635.16,0,-1
391,legit_48,1001.6,75.42,12.5989,-0.962,0.0,F0F1,0,65.8,747.37,0,-1
391,legit_49,380.71,601.6,11.6162,1.891,270.0,C3B3,1,69.31,485.03,0,-1
391,legit_50,39.65,598.4,10.0317,1.8289,90.0,A3B3,1,110.36,674.84,0,-1
391,legit_53,601.6,66.92,12.6255,-0.1553,0.0,D0D1,0,157.61,654.46,0,-1
391,legit_55,294.85,598.4,13.4578,-0.3143,90.0,B3C3,2,144.86,519.03,0,-1
391,legit_56,398.4,382.4,8.1134,1.664,180.0,C2C1,0,56.25,513.22,0,-1
391,legit_57,801.6,334.29,12.7255,-0.504,0.0,E1E2,0,57.65,529.89,0,-1
391,legit_58,201.6,720.16,12.4895,-0.7014,0.0,B3B4,2,130.48,575.54,0,-1
391,legit_60,127.75,598.4,12.2877,-0.8477,90.0,A3B3,3,22.31,609.15,0,-1
391,legit_61,798.4,686.99,13.704,0.9321,180.0,E4E3,1,99.55,484.5,0,-1
391,legit_62,1.6,825.96,12.6698,-0.0846,0.0,A4A5,0,149.06,735.76,0,-1
391,legit_63,198.4,654.73,13.5163,0.6026,180.0,B4B3,3,73.06,569.03,0,-1
391,legit_64,598.4,738.52,12.7726,2.1077,180.0,D4D3,0,179.78,465.18,0,-1
391,legit_65,785.77,601.6,1.9275,1.9275,270.0,E3D3,1,35.81,473.94,0,-1
392,legit_47,798.4,115.99,12.5586,0.2646,180.0,E1E0,0,48.57,643.39,0,-1
392,legit_48,1001.6,88.06,12.6393,0.0404,0.0,F0F1,0,57.99,738.84,0,-1
392,legit_49,368.02,601.6,12.6868,1.0706,270.0,C3B3,1,81.99,489.55,0,-1
392,legit_50,52.1,598.4,12.4495,2.4178,90.0,A3B3,1,97.91,665.18,0,-1
392,legit_53,601.6,80.48,13.5624,0.937,0.0,D0D1,0,153.57,644.57,0,-1
392,legit_55,307.51,598.4,12.6625,-0.7953,90.0,B3C3,2,142.49,513.52,0,-1
392,legit_56,398.4,371.74,10.6655,2.5521,180.0,C2C1,0,52.92,516.53,0,-1
392,legit_57,801.6,347.53,13.2438,0.5183,0.0,E1E2,0,53.08,524.86,0,-1
392,legit_58,201.6,733.04,12.8895,0.4,0.0,B3B4,2,118.75,577.72,0,-1
392,legit_60,140.92,598.4,13.1713,0.8836,90.0,A3B3,3,9.22,599.91,0,-1
392,legit_61,798.4,673.35,13.6348,-0.0692,180.0,E4E3,1,87.88,482.77,0,-1
392,legit_62,1.6,838.94,12.9726,0.3027,0.0,A4A5,0,148.4,739.35,0,-1
392,legit_63,198.4,641.6,13.1276,-0.3887,180.0,B4B3,3,63.82,567.96,0,-1
392,legit_64,598.4,725.39,13.1375,0.3649,180.0,D4D3,0,187.51,462.64,0,-1
392,legit_65,782.13,601.6,3.6377,1.7102,270.0,E3D3,1,32.17,472.81,0,-1
393,legit_47,798.4,103.92,12.0652,-0.4934,180.0,E1E0,0,51.0,651.56,0,-1
393,legit_48,1001.6,100.97,12.9102,0.271,0.0,F0F1,0,52.01,730.34,0,-1
393,legit_49,355.65,601.6,12.3732,-0.3136,270.0,C3B3,1,94.37,494.13,0,-1
393,legit_50,64.94,598.4,12.8398,0.3903,90.0,A3B3,2,85.08,655.34,0,-1
393,legit_53,601.6,93.51,13.0301,-0.5324,0.0,D0D1,0,150.75,635.28,0,-1
393,legit_55,321.05,598.4,13.5379,0.8754,90.0,B3C3,2,128.96,507.82,0,-1
393,legit_56,398.4,359.1,12.6362,1.9707,180.0,C2C1,0,51.61,520.74,0,-1
393,legit_57,801.6,360.24,12.7082,-0.5356,0.0,E1E2,0,51.6,520.34,0,-1
393,legit_58,201.6,745.56,12.5122,-0.3774,0.0,B3B4,1,107.62,580.0,0,-1
393,legit_60,153.31,598.4,12.3899,-0.7814,90.0,A3B3,2,3.67,591.71,0,-1
393,legit_61,798.4,659.6,13.7542,0.1194,180.0,E4E3,1,76.78,481.25,0,-1
393,legit_62,1.6,851.63,12.6893,-0.2833,0.0,A4A5,0,148.85,743.07,0,-1
393,legit_63,198.4,628.47,13.133,0.0054,180.0,B4B3,4,56.15,567.14,0,-1
393,legit_64,598.4,712.16,13.2254,0.0879,180.0,D4D3,0,186.02,460.32,0,-1
393,legit_65,776.27,601.6,5.8684,2.2306,270.0,E3D3,1,26.32,471.02,0,-1
394,legit_47,798.4,91.57,12.3547,0.2895,180.0,E1E0,0,56.13,660.18,0,-1
394,legit_48,1001.6,114.18,13.2099,0.2997,0.0,F0F1,0,48.75,721.91,0,-1
394,legit_49,342.76,601.6,12.8894,0.5162,270.0,C3B3,2,107.25,499.08,0,-1
394,legit_50,77.6,598.4,12.6618,-0.178,90.0,A3B3,2,72.42,645.76,0,-1
394,legit_53,601.6,106.79,13.2782,0.2481,0.0,D0D1,0,148.99,626.02,0,-1
394,legit_55,334.41,598.4,13.3536,-0.1843,90.0,B3C3,2,115.61,502.39,0,-1
394,legit_56,398.4,346.07,13.0319,0.3957,180.0,C2C1,0,53.45,525.4,0,-1
394,legit_57,801.6,373.71,13.4699,0.7618,0.0,E1E2,0,53.39,515.9,0,-1
394,legit_58,201.6,758.12,12.5616,0.0495,0.0,B3B4,1,96.78,582.45,0,-1
394,legit_60,166.19,598.4,12.8849,0.495,90.0,A3B3,2,16.27,584.26,0,-1
394,legit_61,798.4,646.38,13.2182,-0.5361,180.0,E4E3,1,67.04,480.03,0,-1
394,legit_62,1.6,864.26,12.6341,-0.0552,0.0,A4A5,0,150.37,746.96,0,-1
394,legit_63,198.4,615.74,12.7235,-0.4095,180.0,B4B3,5,50.9,566.6,0,-1
394,legit_64,598.4,698.51,13.6526,0.4272,180.0,D4D3,0,178.12,458.18,0,-1
394,legit_65,768.19,601.6,8.0771,2.2087,270.0,E3D3,1,18.26,468.63,0,-1
395,legit_47,798.4,79.06,12.5028,0.1481,180.0,E1E0,0,63.39,669.12,0,-1
395,legit_48,1001.6,127.74,13.5637,0.3537,0.0,F0F1,0,49.01,713.57,0,-1
395,legit_49,330.13,601.6,12.6302,-0.2593,270.0,C3B3,2,119.88,504.11,0,-1
395,legit_50,90.01,598.4,12.407,-0.2548,90.0,A3B3,2,60.01,636.5,0,-1
395,legit_53,601.6,120.22,13.4306,0.1524,0.0,D0D1,0,148.4,616.88,0,-1
395,legit_55,347.78,598.4,13.3714,0.0178,90.0,B3C3,2,102.24,497.13,0,-1
395,legit_56,398.4,332.87,13.2011,0.1692,180.0,C2C1,0,58.3,530.44,0,-1
395,legit_57,801.6,386.7,12.9908,-0.4792,0.0,E1E2,0,58.1,511.95,0,-1
395,legit_58,201.6,771.44,13.321,0.7594,0.0,B3B4,0,85.81,585.25,0,-1
395,legit_60,179.51,598.4,13.3192,0.4343,90.0,A3B3,2,29.55,576.73,0,-1
395,legit_61,798.4,632.98,13.3961,0.178,180.0,E4E3,1,58.57,479.04,0,-1
395,legit_62,1.6,877.46,13.203,0.5689,0.0,A4A5,0,153.06,751.23,0,-1
395,legit_63,198.4,602.46,13.2842,0.5608,180.0,:B3_1,4,48.46,566.37,0,-1
395,legit_64,598.4,685.02,13.4864,-0.1661,180.0,D4D3,0,171.03,456.33,0,-1
395,legit_65,757.55,601.6,10.638,2.5609,270.0,E3D3,1,7.72,465.59,0,-1
396,legit_47,798.4,67.21,11.8556,-0.6471,180.0,E1E0,0,71.62,677.78,0,-1
396,legit_48,1001.6,141.62,13.8854,0.3218,0.0,F0F1,0,53.01,705.36,0,-1
396,legit_49,318.1,601.6,12.0317,-0.5984,270.0,C3B3,3,131.91,509.05,0,-1
396,legit_50,102.48,598.4,12.4729,0.0659,90.0,A3B3,2,47.55,627.32,0,-1
396,legit_53,601.6,133.17,12.9442,-0.4864,0.0,D0D1,0,148.98,608.29,0,-1
396,legit_55,360.47,598.4,12.6937,-0.6777,90.0,B3C3,1,89.54,492.33,0,-1
396,legit_56,398.4,319.91,12.9593,-0.2419,180.0,C2C1,0,65.34,535.68,0,-1
396,legit_57,801.6,399.78,13.073,0.0822,0.0,:E2_9,0,65.15,508.25,0,-1
396,legit_58,201.6,782.83,11.3877,-1.9333,0.0,B3B4,0,77.01,587.8,0,-1
396,legit_60,188.33,598.4,8.8192,-4.5,90.0,A3B3,3,38.36,571.85,0,-1
396,legit_61,798.4,619.83,13.1517,-0.2444,180.0,E4E3,1,52.31,478.36,0,-1
396,legit_62,1.6,890.36,12.8976,-0.3053,0.0,A4A5,0,156.71,755.6,0,-1
396,legit_63,198.4,589.69,12.7651,-0.5191,180.0,B3B2,3,49.49,566.47,0,-1
396,legit_64,598.4,671.18,13.8477,0.3612,180.0,D4D3,0,164.59,454.69,0,-1
396,legit_65,745.26,601.6,12.2902,1.6522,270.0,E3D3,1,5.0,462.72,0,-1
396,legit_66,387.7,1001.6,0.0,0.0,270.0,C5B5,0,100.14,597.8,0,-1
397,legit_47,798.4,55.2,12.013,0.1573,180.0,E1E0,0,80.88,686.7,0,-1
397,legit_48,1001.6,155.33,13.7099,-0.1755,0.0,F0F1,0,59.93,697.55,0,-1
397,legit_49,304.86,601.6,13.2403,1.2085,270.0,C3B3,3,145.15,514.67,0,-1
397,legit_50,114.99,598.4,12.5145,0.0416,90.0,A3B3,2,35.04,618.25,0,-1
397,legit_53,601.6,146.09,12.9261,-0.0181,0.0,D0D1,0,150.68,599.93,0,-1
397,legit_55,373.32,598.4,12.8514,0.1577,90.0,B3C3,1,76.69,487.64,0,-1
397,legit_56,398.4,306.32,13.5927,0.6334,180.0,C2C1,0,74.46,541.44,0,-1
397,legit_57,801.6,412.74,12.9612,-0.1117,0.0,E2E3,0,73.78,504.84,0,-1
397,legit_58,201.6,790.4,7.5744,-3.8133,0.0,B3B4,0,71.57,589.58,0,-1
397,legit_60,194.48,598.16,6.1629,-2.6563,92.75,:B3_12,3,44.51,568.49,0,-1
397,legit_61,798.4,606.71,13.1213,-0.0304,180.0,:E3_1,1,48.86,478.01,0,-1
397,legit_62,1.6,903.27,12.9081,0.0104,0.0,A4A5,0,161.32,760.16,0,-1
397,legit_63,198.4,576.02,13.6784,0.9133,180.0,B3B2,3,54.02,566.92,0,-1
397,legit_64,598.4,658.51,12.6633,-1.1844,180.0,D4D3,1,159.52,453.43,0,-1
397,legit_65,731.72,601.6,13.5379,1.2477,270.0,E3D3,2,18.35,460.58,0,-1
397,legit_66,385.15,1001.6,2.5471,2.5471,270.0,C5B5,0,101.74,598.57,0,-1
398,legit_47,798.4,43.25,11.9427,-0.0703,180.0,E1E0,0,90.73,695.7,0,-1
398,legit_48,1001.6,168.41,13.0797,-0.6302,0.0,F0F1,0,68.46,690.33,0,-1
398,legit_49,292.35,601.6,12.5089,-0.7314,270.0,C3B3,3,142.36,520.14,0,-1
398,legit_50,128.0,598.4,13.0069,0.4924,90.0,A3B3,2,22.06,608.97,0,-1
398,legit_53,601.6,159.0,12.9129,-0.0132,0.0,D0D1,0,153.44,591.79,0,-1
398,legit_55,383.73,598.4,10.4128,-2.4386,90.0,B3C3,1,66.28,483.97,0,-1
398,legit_56,398.4,293.53,12.7841,-0.8086,180.0,C2C1,0,84.15,547.07,0,-1
398,legit_57,801.6,426.48,13.7395,0.7783,0.0,E2E3,0,84.15,501.48,0,-1
398,legit_58,200.97,793.74,3.5296,-4.0448,352.56,:B4_11,0,68.83,590.73,0,-1
398,legit_60,198.09,594.98,5.1323,-1.0306,132.21,:B3_12,3,48.35,566.55,0,-1
398,legit_61,798.4,594.03,12.6782,-0.4431,180.0,:E3_1,1,48.77,478.0,0,-1
398,legit_62,1.6,916.38,13.1123,0.2043,0.0,A4A5,0,166.9,764.99,0,-1
398,legit_63,198.4,562.64,13.3746,-0.3038,180.0,B3B2,3,61.14,567.67,0,-1
398,legit_64,598.4,644.69,13.8239,1.1607,180.0,D4D3,1,154.98,452.33,0,-1
398,legit_65,718.45,601.6,13.2682,-0.2698,270.0,E3D3,2,31.59,458.69,0,-1
398,legit_66,380.57,1001.6,4.5785,2.0314,270.0,C5B5,0,104.72,599.97,0,-1
399,legit_47,798.4,31.02,12.2329,0.2902,180.0,E1E0,0,101.29,705.03,0,-1
399,legit_48,1001.6,180.19,11.7794,-1.3003,0.0,F0F1,0,77.24,684.0,0,-1
399,legit_49,279.84,601.6,12.5122,0.0034,270.0,C3B3,4,129.85,525.77,0,-1
399,legit_50,141.04,598.4,13.0363,0.0293,90.0,A3B3,3,9.1,599.83,0,-1
399,legit_53,601.6,172.06,13.0556,0.1427,0.0,D0D1,0,157.27,583.79,0,-1
399,legit_55,390.33,598.4,6.5978,-3.815,90.0,B3C3,1,59.69,481.71,0,-1
399,legit_56,398.4,279.85,13.6849,0.9008,180.0,C2C1,0,95.33,553.32,0,-1
399,legit_57,801.6,439.42,12.9416,-0.798,0.0,E2E3,1,94.71,498.53,0,-1
399,legit_58,198.97,793.65,2.5189,-1.0106,309.86,:B4_19,0,67.42,591.79,0,-1
399,legit_60,198.4,588.98,6.0268,0.8945,178.09,B3B2,3,49.64,566.48,0,-1
399,legit_61,798.4,581.33,12.7029,0.0247,180.0,E3E2,2,51.88,478.32,0,-1
399,legit_62,1.6,929.73,13.35,0.2376,0.0,A4A5,0,173.42,770.1,0,-1
399,legit_63,198.4,549.87,12.7746,-0.6,180.0,B3B2,3,69.68,568.63,0,-1
399,legit_64,598.4,631.55,13.1387,-0.6852,180.0,D4D3,1,151.72,451.55,0,-1
399,legit_65,705.58,601.6,12.8738,-0.3943,270.0,E3D3,2,44.45,457.06,0,-1
399,legit_66,374.47,1001.6,6.101,1.5225,270.0,C5B5,0,108.86,601.87,0,-1
400,legit_47,798.4,19.05,11.9742,-0.2587,180.0,E1E0,0,111.96,714.29,0,-1
400,legit_48,1001.6,187.97,7.7805,-3.9989,0.0,F0F1,0,83.44,679.9,0,-1
400,legit_49,266.63,601.6,13.2023,0.6901,270.0,C3B3,4,116.64,531.9,0,-1
400,legit_50,154.41,598.4,13.3715,0.3352,90.0,A3B3,3,4.69,591.06,0,-1
400,legit_53,601.6,185.47,13.4081,0.3525,0.0,D0D1,0,162.2,575.8,0,-1
400,legit_55,398.88,598.4,8.5472,1.9494,90.0,:C3_13,1,51.15,478.86,0,-1
400,legit_56,398.4,266.85,12.9993,-0.6855,180.0,C2C1,0,106.49,559.46,0,-1
400,legit_57,801.6,452.55,13.1323,0.1907,0.0,E2E3,1,105.96,495.75,0,-1
400,legit_58,198.4,790.59,3.2299,0.7109,209.09,B4B3,0,69.17,591.35,0,-1
400,legit_60,198.4,581.09,7.8889,1.8621,180.0,B3B2,3,51.96,566.71,0,-1
400,legit_61,798.4,568.42,12.9097,0.2067,180.0,E3E2,2,57.79,478.96,0,-1
400,legit_62,1.6,943.33,13.6014,0.2514,0.0,A4A5,0,180.83,775.5,0,-1
400,legit_63,198.4,536.46,13.4076,0.633,180.0,B3B2,3,79.87,569.86,0,-1
400,legit_64,598.4,617.74,13.8115,0.6728,180.0,D4D3,1,149.46,451.02,0,-1
400,legit_65,692.88,601.6,12.6961,-0.1777,270.0,E3D3,2,57.14,455.63,0,-1
400,legit_66,366.94,1001.6,7.529,1.428,270.0,C5B5,0,114.21,604.29,0,-1
401,legit_48,1001.6,191.69,3.7188,-4.0617,0.0,F0F1,0,86.5,677.96,0,-1
401,legit_49,254.01,601.6,12.6233,-0.579,270.0,C3B3,3,104.02,537.92,0,-1
401,legit_50,167.81,598.4,13.4009,0.0294,90.0,A3B3,3,17.88,583.33,0,-1
401,legit_53,601.6,198.44,12.9756,-0.4325,0.0,:D1_9,0,167.86,568.29,0,-1
401,legit_55,409.07,598.4,10.1912,1.644,90.0,C3D3,0,40.96,475.56,0,-1
401,legit_56,398.4,254.08,12.7718,-0.2275,180.0,C2C1,0,117.82,565.66,0,-1
401,legit_57,801.6,465.92,13.3717,0.2394,0.0,E2E3,1,117.82,493.12,0,-1
401,legit_58,198.4,785.09,5.5025,2.2726,180.0,B4B3,0,73.2,590.06,0,-1
401,legit_60,198.4,571.23,9.8606,1.9717,180.0,B3B2,3,56.31,567.15,0,-1
401,legit_61,798.4,554.54,13.8845,0.9748,180.0,E3E2,2,66.4,479.95,0,-1
401,legit_62,1.6,956.61,13.2769,-0.3244,0.0,A4A5,0,188.73,780.96,0,-1
401,legit_63,198.4,523.59,12.8665,-0.5411,180.0,B3B2,3,90.45,571.25,0,-1
401,legit_64,598.4,604.87,12.8647,-0.9469,180.0,:D3_1,1,148.48,450.79,0,-1
401,legit_65,679.37,601.6,13.5117,0.8156,270.0,E3D3,2,70.64,454.31,0,-1
401,legit_66,357.89,1001.6,9.0555,1.5266,270.0,C5B5,0,120.96,607.28,0,-1
402,legit_48,1000.56,194.12,2.8136,-0.9052,347.31,:F1_11,0,89.09,676.17,0,-1
402,legit_49,241.51,601.6,12.4994,-0.1239,270.0,C3B3,3,91.52,544.04,0,-1
402,legit_50,181.47,598.4,13.659,0.2582,90.0,A3B3,3,31.51,575.64,0,-1
402,legit_53,601.6,212.2,13.7542,0.7786,0.0,D1D2,0,174.71,560.56,0,-1
402,legit_55,421.01,598.4,11.934,1.7427,90.0,C3D3,0,29.04,471.85,0,-1
402,legit_56,398.4,240.62,13.4539,0.6821,180.0,C2C1,0,130.05,572.38,0,-1
402,legit_57,801.6,479.67,13.7505,0.3788,0.0,E2E3,1,130.32,490.62,0,-1
402,legit_58,198.4,777.36,7.7237,2.2212,180.0,B4B3,1,79.16,588.3,0,-1
402,legit_60,198.4,559.34,11.891,2.0304,180.0,B3B2,3,63.21,567.89,0,-1
402,legit_61,798.4,540.85,13.6853,-0.1991,180.0,E3E2,2,76.43,481.21,0,-1
402,legit_62,1.6,969.36,12.7466,-0.5304,0.0,A4A5,0,185.11,786.38,0,-1
402,legit_63,198.4,511.0,12.592,-0.2745,180.0,B3B2,3,101.31,572.79,0,-1
402,legit_64,598.4,591.69,13.1862,0.3216,180.0,D3D2,1,148.63,450.83,0,-1
402,legit_65,665.85,601.6,13.5228,0.0111,270.0,E3D3,2,84.16,453.21,0,-1
402,legit_66,347.3,1001.6,10.5854,1.5299,270.0,C5B5,0,129.2,610.9,0,-1
402,legit_67,198.4,787.7,0.0,0.0,180.0,B4B3,1,71.26,590.67,0,-1
403,legit_48,998.42,192.83,2.93,0.1164,277.02,:F1_11,0,89.24,675.76,0,-1
403,legit_49,228.96,601.6,12.5546,0.0552,270.0,C3B3,2,78.97,550.35,0,-1
403,legit_53,601.6,225.55,13.3524,-0.4017,0.0,D1D2,0,182.11,553.28,0,-1
403,legit_55,434.1,598.4,13.0936,1.1596,90.0,C3D3,0,15.98,467.96,0,-1
403,legit_56,398.4,227.31,13.3127,-0.1412,180.0,C2C1,0,119.07,579.21,0,-1
403,legit_57,801.6,492.29,12.6182,-1.1323,0.0,E2E3,1,119.43,488.53,0,-1
403,legit_58,198.4,767.96,9.4013,1.6776,180.0,B4B3,1,86.79,586.25,0,-1
403,legit_60,198.4,547.06,12.2829,0.3919,180.0,B3B2,2,71.73,568.87,0,-1
403,legit_61,798.4,527.26,13.594,-0.0913,180.0,E3E2,1,87.37,482.7,0,-1
403,legit_62,1.6,982.4,13.0395,0.293,0.0,A4A5,0,177.62,792.1,0,-1
403,legit_63,198.4,497.69,13.3114,0.7194,180.0,B3B2,2,113.18,574.61,0,-1
403,legit_64,598.4,577.99,13.6963,0.5101,180.0,D3D2,1,150.02,451.15,0,-1
403,legit_65,652.3,601.6,13.5468,0.024,270.0,E3D3,1,97.71,452.31,0,-1
403,legit_66,335.8,1001.6,11.5001,0.9146,270.0,C5B5,0,138.52,614.97,0,-1
403,legit_67,198.4,785.81,1.89,1.89,180.0,B4B3,1,72.66,590.22,0,-1
404,legit_48,998.4,190.15,2.6871,-0.2429,200.75,F1F0,0,87.08,677.15,0,-1
404,legit_49,218.17,601.6,10.7867,-1.7679,270.0,C3B3,2,68.19,555.89,0,-1
404,legit_53,601.6,238.46,12.9132,-0.4392,0.0,D1D2,0,189.88,546.46,0,-1
404,legit_55,447.24,598.4,13.1418,0.0482,90.0,C3D3,0,3.19,464.28,0,-1
404,legit_56,398.4,213.95,13.3597,0.047,180.0,C2C1,0,107.19,586.25,0,-1
404,legit_57,801.6,505.63,13.3423,0.7241,0.0,E2E3,1,107.55,486.51,0,-1
404,legit_58,198.4,757.04,10.9232,1.5219,180.0,B4B3,1,96.05,584.0,0,-1
404,legit_60,198.4,533.87,13.1817,0.8987,180.0,B3B2,2,81.95,570.13,0,-1
404,legit_61,798.4,514.0,13.256,-0.338,180.0,E3E2,1,98.68,484.37,0,-1
404,legit_62,1.6,991.56,9.1613,-3.8783,0.0,A4A5,0,172.76,796.23,0,-1
404,legit_63,198.4,484.23,13.4602,0.1487,180.0,B3B2,2,125.48,576.63,0,-1
404,legit_64,598.4,565.15,12.837,-0.8593,180.0,D3D2,1,152.44,451.72,0,-1
404,legit_65,638.64,601.6,13.6634,0.1166,270.0,E3D3,1,111.37,451.61,0,-1
404,legit_66,323.79,1001.6,12.0183,0.5182,270.0,C5B5,0,148.58,619.39,0,-1
404,legit_67,198.4,782.5,3.3062,1.4161,180.0,B4B3,1,75.16,589.46,0,-1
405,legit_48,998.4,185.77,4.3783,1.6912,180.0,F1F0,0,83.59,679.44,0,-1
405,legit_49,211.03,601.6,7.1378,-3.6489,270.0,C3B3,3,61.05,559.63,0,-1
405,legit_53,601.6,251.79,13.3299,0.4167,0.0,D1D2,0,183.66,539.64,0,-1
405,legit_55,460.25,598.4,13.0046,-0.1372,90.0,C3D3,1,10.37,461.82,0,-1
405,legit_57,801.6,519.22,13.5891,0.2468,0.0,E2E3,1,95.85,484.67,0,-1
405,legit_58,198.4,744.86,12.1833,1.2601,180.0,B4B3,2,106.75,581.64,0,-1
405,legit_60,198.4,520.92,12.958,-0.2237,180.0,B3B2,2,92.72,571.57,0,-1
405,legit_61,798.4,500.5,13.5047,0.2486,180.0,E3E2,1,110.65,486.29,0,-1
405,legit_62,1.6,996.22,4.6613,-4.5,0.0,A4A5,0,170.42,798.36,0,-1
405,legit_63,198.4,471.45,12.7825,-0.6777,180.0,B3B2,2,121.5,578.72,0,-1
405,legit_64,598.4,552.4,12.7507,-0.0863,180.0,D3D2,2,155.85,452.54,0,-1
405,legit_65,625.23,601.6,13.4121,-0.2513,270.0,E3D3,1,124.78,451.13,0,-1
405,legit_66,312.24,1001.6,11.5451,-0.4732,270.0,C5B5,0,158.51,623.77,0,-1
405,legit_67,198.4,776.8,5.6999,2.3938,180.0,B4B3,1,79.6,588.17,0,-1
406,legit_48,998.4,179.95,5.8222,1.4439,180.0,F1F0,0,79.1,682.53,0,-1
406,legit_49,207.44,601.6,3.5948,-3.543,270.0,C3B3,3,57.46,561.53,0,-1
406,legit_53,601.6,265.29,13.4951,0.1652,0.0,D1D2,0,176.05,532.96,0,-1
406,legit_55,473.76,598.4,13.5113,0.5066,90.0,C3D3,2,23.81,459.77,0,-1
406,legit_57,801.6,531.86,12.6398,-0.9493,0.0,E2E3,1,85.47,483.15,0,-1
406,legit_58,198.4,732.62,12.2343,0.051,180.0,B4B3,2,117.78,579.42,0,-1
406,legit_60,198.4,508.02,12.8976,-0.0604,180.0,B3B2,2,103.94,573.18,0,-1
406,legit_61,798.4,487.79,12.7088,-0.7959,180.0,E3E2,1,122.21,488.29,0,-1
406,legit_62,4.09,998.4,4.0511,-0.6102,38.5,A5B5,0,167.18,797.52,0,-1
406,legit_63,198.4,457.57,13.8762,1.0937,180.0,B3B2,2,108.92,581.19,0,-1
406,legit_64,598.4,539.5,12.9073,0.1566,180.0,D3D2,2,160.26,453.61,0,-1
406,legit_65,615.22,601.6,10.0087,-3.4033,270.0,E3D3,2,134.79,450.9,0,-1
406,legit_66,300.01,1001.6,12.2327,0.6875,270.0,C5B5,0,169.25,628.56,0,-1
406,legit_67,198.4,768.98,7.826,2.1261,180.0,B4B3,1,85.95,586.47,0,-1
407,legit_48,998.4,172.72,7.2251,1.4029,180.0,F1F0,0,73.77,686.41,0,-1
407,legit_49,205.68,599.84,2.7498,-0.8451,246.29,:B3_7,2,55.68,562.46,0,-1
407,legit_53,601.6,278.9,13.6075,0.1124,0.0,D1D2,0,169.12,526.47,0,-1
407,legit_55,486.65,598.4,12.8958,-0.6155,90.0,C3D3,2,36.69,458.02,0,-1
407,legit_57,801.6,545.24,13.3803,0.7405,0.0,E2E3,1,75.24,481.78,0,-1
407,legit_58,198.4,719.41,13.2165,0.9822,180.0,B4B3,2,128.84,577.21,0,-1
407,legit_60,198.4,495.58,12.438,-0.4595,180.0,B3B2,2,115.09,574.91,0,-1
407,legit_61,798.4,474.72,13.0712,0.3624,180.0,E3E2,1,124.51,490.53,0,-1
407,legit_62,10.07,998.4,5.9805,1.9294,90.0,A5B5,0,161.98,793.12,0,-1
407,legit_63,198.4,444.42,13.1493,-0.7269,180.0,B3B2,1,97.31,583.71,0,-1
407,legit_64,598.4,526.5,12.9964,0.0891,180.0,D3D2,2,165.6,454.94,0,-1
407,legit_65,609.71,601.6,5.5087,-4.5,270.0,E3D3,2,140.3,450.83,0,-1
407,legit_66,288.24,1001.6,11.7636,-0.4691,270.0,C5B5,0,158.93,633.31,0,-1
407,legit_67,198.4,758.62,10.3589,2.5329,180.0,B4B3,1,94.69,584.32,0,-1
408,legit_48,998.4,163.67,9.0511,1.826,180.0,F1F0,0,67.6,691.35,0,-1
408,legit_49,207.39,598.4,2.3447,-0.405,179.17,B3C3,3,57.41,561.55,0,-1
408,legit_53,601.6,291.49,12.5964,-1.0111,0.0,D1D2,0,163.45,520.68,0,-1
408,legit_55,499.3,598.4,12.6437,-0.2521,90.0,C3D3,2,49.32,456.49,0,-1
408,legit_57,801.6,559.11,13.8659,0.4857,0.0,E2E3,1,65.84,480.61,0,-1
408,legit_58,198.4,706.33,13.0767,-0.1399,180.0,B4B3,2,116.83,575.19,0,-1
408,legit_60,198.4,483.29,12.293,-0.145,180.0,B3B2,2,126.35,576.78,0,-1
408,legit_61,798.4,461.84,12.8725,-0.1987,180.0,E3E2,1,112.76,492.93,0,-1
408,legit_62,18.38,998.4,8.3144,2.3339,90.0,A5B5,0,154.86,787.03,0,-1
408,legit_63,198.4,430.93,13.4911,0.3419,180.0,B3B2,1,85.87,586.49,0,-1
408,legit_64,598.4,513.74,12.7553,-0.2411,180.0,D3D2,2,171.65,456.49,0,-1
408,legit_65,602.77,601.6,6.9449,1.4361,270.0,:D3_5,2,147.24,450.78,0,-1
408,legit_66,276.57,1001.6,11.6733,-0.0902,270.0,C5B5,0,148.88,638.17,0,-1
408,legit_67,198.4,747.24,11.3796,1.0207,180.0,B4B3,2,104.63,582.09,0,-1
408,legit_68,801.6,12.3,0.0,0.0,0.0,E0E1,0,119.42,720.34,0,-1
409,legit_48,998.4,152.69,10.9814,1.9303,180.0,F1F0,0,61.08,697.49,0,-1
409,legit_49,211.91,598.4,4.5217,2.1769,91.86,B3C3,3,61.93,559.17,0,-1
409,legit_53,601.6,304.49,13.0016,0.4052,0.0,D1D2,0,158.44,514.93,0,-1
409,legit_55,511.89,598.4,12.5919,-0.0518,90.0,C3D3,2,61.91,455.14,0,-1
409,legit_57,801.6,572.9,13.7872,-0.0788,0.0,E2E3,1,58.29,479.73,0,-1
409,legit_58,198.4,694.03,12.2995,-0.7772,180.0,B4B3,2,105.75,573.46,0,-1
409,legit_60,198.4,469.78,13.509,1.2159,180.0,B3B2,2,119.97,579.01,0,-1
409,legit_61,798.4,448.47,13.3755,0.503,180.0,E3E2,1,100.84,495.62,0,-1
409,legit_62,28.89,998.4,10.504,2.1896,90.0,A5B5,0,146.04,779.41,0,-1
409,legit_63,198.4,417.76,13.1674,-0.3237,180.0,B3B2,1,75.36,589.4,0,-1
409,legit_64,598.4,501.02,12.7215,-0.0337,180.0,D3D2,2,178.38,458.25,0,-1
409,legit_65,594.37,601.6,8.3939,1.449,270.0,:D3_5,2,144.38,450.79,0,-1
409,legit_66,264.84,1001.6,11.7291,0.0558,270.0,C5B5,0,139.05,643.2,0,-1
409,legit_67,198.4,736.8,10.4383,-0.9413,180.0,B4B3,2,113.98,580.16,0,-1
409,legit_68,801.6,13.72,1.4227,1.4227,0.0,E0E1,0,118.14,719.23,0,-1
410,legit_48,998.4,139.75,12.9353,1.9539,180.0,F1F0,0,55.25,704.93,0,-1
410,legit_49,218.27,598.4,6.3573,1.8356,90.0,B3C3,3,68.29,555.84,0,-1
410,legit_53,601.6,318.38,13.8878,0.8861,0.0,D1D2,0,154.13,509.06,0,-1
410,legit_55,524.86,598.4,12.9726,0.3807,90.0,C3D3,2,74.88,453.95,0,-1
410,legit_57,801.6,586.34,13.4419,-0.3453,0.0,E2E3,0,53.38,479.2,0,-1
410,legit_58,198.4,680.77,13.2638,0.9643,180.0,B4B3,2,94.16,571.77,0,-1
410,legit_60,198.4,456.27,13.5095,0.0005,180.0,B3B2,2,107.75,581.43,0,-1
410,legit_61,798.4,434.66,13.8052,0.4297,180.0,E3E2,0,88.98,498.62,0,-1
410,legit_62,41.18,998.4,12.2878,1.7838,90.0,A5B5,0,136.02,770.6,0,-1
410,legit_63,198.4,408.25,9.5097,-3.6577,180.0,B3B2,1,68.34,591.63,0,-1
410,legit_64,598.4,487.48,13.5413,0.8198,180.0,D3D2,2,186.23,460.38,0,-1
410,legit_65,584.41,601.6,9.9595,1.5656,270.0,D3C3,2,134.42,450.91,0,-1
410,legit_66,253.01,1001.6,11.8344,0.1052,270.0,C5B5,0,129.45,648.41,0,-1
410,legit_67,198.4,726.0,10.803,0.3647,180.0,B4B3,2,123.85,578.29,0,-1
410,legit_68,801.6,17.56,3.8384,2.4157,0.0,E0E1,0,114.7,716.24,0,-1
411,legit_48,998.4,126.91,12.8474,-0.0879,180.0,F1F0,0,52.06,712.57,0,-1
411,legit_49,227.02,598.4,8.7527,2.3954,90.0,B3C3,2,77.04,551.33,0,-1
411,legit_53,601.6,331.37,12.986,-0.9018,0.0,D1D2,1,151.14,503.81,0,-1
411,legit_55,538.22,598.4,13.3579,0.3853,90.0,C3D3,2,88.23,452.92,0,-1
411,legit_57,801.6,599.87,13.5373,0.0954,0.0,:E3_9,0,51.6,479.01,0,-1
411,legit_58,198.4,667.71,13.0576,-0.2062,180.0,B4B3,2,83.23,570.29,0,-1
411,legit_60,198.4,443.11,13.158,-0.3515,180.0,B3B2,1,96.18,583.97,0,-1
411,legit_61,798.4,421.41,13.2497,-0.5555,180.0,E3E2,0,78.19,501.71,0,-1
411,legit_62,54.17,998.4,12.9954,0.7075,90.0,A5B5,0,125.86,761.42,0,-1
411,legit_63,197.0,403.01,5.5589,-3.9508,196.58,:B2_0,1,63.71,593.67,0,-1
411,legit_64,598.4,473.91,13.5736,0.0323,180.0,D3D2,3,187.08,462.77,0,-1
411,legit_65,572.55,601.6,11.8638,1.9043,270.0,D3C3,2,122.56,451.2,0,-1
411,legit_66,241.36,1001.6,11.646,-0.1884,270.0,C5B5,0,120.39,653.69,0,-1
411,legit_67,198.4,715.48,10.5179,-0.285,180.0,B4B3,2,125.21,576.58,0,-1
411,legit_68,801.6,23.34,5.7755,1.9371,0.0,E0E1,0,109.57,711.77,0,-1
412,legit_48,998.4,114.25,12.6583,-0.1891,180.0,F1F0,0,51.92,720.37,0,-1
412,legit_49,237.97,598.4,10.9475,2.1949,90.0,B3C3,2,87.98,545.8,0,-1
412,legit_53,601.6,344.07,12.7036,-0.2824,0.0,D1D2,1,149.25,498.93,0,-1
412,legit_55,551.57,598.4,13.3472,-0.0107,90.0,C3D3,2,101.58,452.09,0,-1
412,legit_57,801.6,613.61,13.7389,0.2016,0.0,E3E4,0,53.37,479.2,0,-1
412,legit_58,198.4,655.46,12.245,-0.8126,180.0,B4B3,2,73.61,569.09,0,-1
412,legit_60,198.4,430.06,13.0534,-0.1046,180.0,B3B2,1,85.15,586.67,0,-1
412,legit_61,798.4,408.13,13.2857,0.036,180.0,E3E2,0,68.26,505.04,0,-1
412,legit_62,67.0,998.4,12.8324,-0.163,90.0,A5B5,0,116.39,752.5,0,-1
412,legit_63,191.06,401.6,6.2686,0.7098,261.21,B2A2,1,58.45,597.25,0,-1
412,legit_64,598.4,461.29,12.6175,-0.9561,180.0,D3D2,3,179.67,465.22,0,-1
412,legit_65,558.86,601.6,13.6915,1.8277,270.0,D3C3,2,108.87,451.72,0,-1
412,legit_66,229.48,1001.6,11.8798,0.2338,270.0,C5B5,0,111.64,659.22,0,-1
412,legit_67,198.4,704.17,11.3059,0.7879,180.0,B4B3,2,114.87,574.87,0,-1
412,legit_68,801.6,31.52,8.1882,2.4126,0.0,E0E1,0,102.42,705.46,0,-1
413,legit_48,998.4,101.19,13.0546,0.3963,180.0,F1F0,0,54.92,728.7,0,-1
413,legit_49,250.44,598.4,12.4709,1.5234,90.0,B3C3,2,100.45,539.65,0,-1
413,legit_53,601.6,357.93,13.8546,1.151,0.0,D1D2,1,148.41,493.87,0,-1
413,legit_55,564.4,598.4,12.8326,-0.5146,90.0,C3D3,1,114.41,451.48,0,-1
413,legit_57,801.6,626.38,12.7671,-0.9718,0.0,E3E4,0,57.95,479.7,0,-1
413,legit_58,198.4,642.97,12.4969,0.2518,180.0,B4B3,2,64.72,568.06,0,-1
413,legit_60,198.4,417.4,12.6538,-0.3996,180.0,B3B2,1,75.08,589.48,0,-1
413,legit_61,798.4,394.6,13.5259,0.2402,180.0,:E2_1,0,59.5,508.68,0,-1
413,legit_62,80.1,998.4,13.0931,0.2607,90.0,A5B5,1,107.45,743.56,0,-1
413,legit_63,183.24,401.6,7.8111,1.5425,270.0,B2A2,1,53.25,601.59,0,-1
413,legit_64,598.4,447.45,13.8414,1.2239,180.0,D3D2,1,172.25,468.16,0,-1
413,legit_65,545.41,601.6,13.4514,-0.24,270.0,D3C3,1,95.42,452.45,0,-1
413,legit_66,218.06,1001.6,11.4191,-0.4607,270.0,C5B5,1,103.82,664.7,0,-1
413,legit_67,198.4,693.51,10.6631,-0.6427,180.0,B4B3,2,105.29,573.39,0,-1
413,legit_68,801.6,42.23,10.705,2.5168,0.0,E0E1,0,93.33,697.3,0,-1
414,legit_48,998.4,87.68,13.5118,0.4572,180.0,F1F0,0,60.89,737.59,0,-1
414,legit_49,263.04,598.4,12.6023,0.1314,90.0,B3C3,3,113.05,533.59,0,-1
414,legit_53,601.6,371.06,13.1317,-0.7229,0.0,D1D2,1,148.81,489.35,0,-1
414,legit_55,577.73,598.4,13.3339,0.5013,90.0,C3D3,1,127.74,451.05,0,-1
414,legit_57,801.6,639.02,12.6424,-0.1247,0.0,E3E4,0,64.69,480.47,0,-1
414,legit_58,198.4,630.58,12.3908,-0.1061,180.0,B4B3,3,57.25,567.25,0,-1
414,legit_60,198.4,405.06,12.3476,-0.3062,180.0,:B2_1,1,66.13,592.41,0,-1
414,legit_61,798.4,380.94,13.6661,0.1402,180.0,E2E1,0,52.73,512.65,0,-1
414,legit_62,92.7,998.4,12.6059,-0.4872,90.0,A5B5,1,99.71,735.13,0,-1
414,legit_63,173.01,401.6,10.2353,2.4241,270.0,B2A2,1,47.54,607.41,0,-1
414,legit_64,598.4,434.58,12.8647,-0.9767,180.0,D3D2,1,166.09,471.14,0,-1
414,legit_65,532.43,601.6,12.9804,-0.471,270.0,D3C3,1,82.44,453.34,0,-1
414,legit_66,211.14,1001.6,6.9191,-4.5,270.0,C5B5,1,99.42,668.09,0,-1
414,legit_67,198.4,682.83,10.679,0.0158,180.0,B4B3,3,95.94,572.02,0,-1
414,legit_68,801.6,54.13,11.9039,1.1988,0.0,E0E1,0,83.67,688.33,0,-1
414,legit_69,187.7,601.6,0.0,0.0,270.0,B3A3,3,37.73,572.19,0,-1
415,legit_48,998.4,73.8,13.8814,0.3696,180.0,F1F0,0,69.26,746.97,0,-1
415,legit_49,275.35,598.4,12.3072,-0.2951,90.0,B3C3,3,125.36,527.84,0,-1
415,legit_53,601.6,384.69,13.6292,0.4975,0.0,D1D2,1,150.44,484.94,0,-1
415,legit_55,586.59,598.4,8.8618,-4.4721,90.0,C3D3,1,136.6,450.88,0,-1
415,legit_57,801.6,652.56,13.534,0.8916,0.0,E3E4,0,73.65,481.57,0,-1
415,legit_58,198.4,617.31,13.2638,0.873,180.0,B4B3,3,51.4,566.65,0,-1
415,legit_60,198.4,391.85,13.2093,0.8617,180.0,B2B1,1,57.94,595.76,0,-1
415,legit_61,798.4,368.02,12.9154,-0.7507,180.0,E2E1,0,49.06,516.72,0,-1
415,legit_62,105.82,998.4,13.1214,0.5155,90.0,A5B5,1,92.79,726.54,0,-1
415,legit_63,161.31,401.6,11.6992,1.4639,270.0,B2A2,1,43.11,614.29,0,-1
415,legit_64,598.4,421.97,12.6169,-0.2479,180.0,D3D2,1,160.82,474.28,0,-1
415,legit_65,518.98,601.6,13.4417,0.4612,270.0,D3C3,1,69.0,454.46,0,-1
415,legit_66,207.7,1001.6,3.4409,-3.4782,270.0,C5B5,1,97.35,669.8,0,-1
415,legit_67,198.4,672.5,10.3368,-0.3421,180.0,B4B3,3,87.17,570.81,0,-1
415,legit_68,801.6,66.08,11.9416,0.0377,0.0,E0E1,0,74.64,679.47,0,-1
415,legit_69,186.08,601.6,1.621,1.621,270.0,B3A3,3,36.11,573.09,0,-1
416,legit_48,998.4,60.14,13.6588,-0.2226,180.0,F1F0,0,79.03,756.41,0,-1
416,legit_49,288.39,598.4,13.0404,0.7332,90.0,B3C3,2,138.4,521.9,0,-1
416,legit_53,601.6,398.5,13.8095,0.1803,0.0,:D2_9,1,153.31,480.75,0,-1
416,legit_55,591.87,598.4,5.2742,-3.5877,90.0,C3D3,1,141.88,450.81,0,-1
416,legit_57,801.6,665.65,13.0902,-0.4438,0.0,E3E4,0,83.5,482.88,0,-1
416,legit_60,198.4,378.41,13.4365,0.2272,180.0,B2B1,1,51.78,599.45,0,-1
416,legit_61,798.4,354.76,13.257,0.3417,180.0,E2E1,0,48.68,521.23,0,-1
416,legit_62,118.9,998.4,13.0718,-0.0496,90.0,A5B5,1,87.33,718.2,0,-1
416,legit_63,148.12,401.6,13.1904,1.4912,270.0,B2A2,1,41.64,622.38,0,-1
416,legit_64,598.4,409.04,12.9265,0.3096,180.0,D3D2,1,156.29,477.74,0,-1
416,legit_65,505.69,601.6,13.2927,-0.1489,270.0,D3C3,1,55.71,455.78,0,-1
416,legit_66,205.62,1000.03,2.7984,-0.6425,249.93,:B5_10,1,97.41,670.04,0,-1
416,legit_67,198.4,660.96,11.537,1.2002,180.0,B4B3,2,77.84,569.61,0,-1
416,legit_68,801.6,78.48,12.4006,0.459,0.0,E0E1,0,66.23,670.43,0,-1
416,legit_69,182.37,601.6,3.7075,2.0864,270.0,B3A3,2,32.41,575.14,0,-1
417,legit_48,998.4,46.67,13.4679,-0.191,180.0,F1F0,0,89.66,765.88,0,-1
417,legit_49,301.61,598.4,13.2204,0.18,90.0,B3C3,2,148.4,516.07,0,-1
417,legit_53,601.6,411.73,13.2292,-0.5803,0.0,D2D3,1,157.16,477.01,0,-1
417,legit_55,597.27,596.56,5.9635,0.6894,112.52,:D3_12,1,147.31,450.79,0,-1
417,legit_57,801.6,678.84,13.1975,0.1073,0.0,E3E4,0,94.23,484.42,0,-1
417,legit_60,198.4,365.94,12.466,-0.9705,180.0,B2B1,1,48.76,603.16,0,-1
417,legit_61,798.4,341.26,13.4997,0.2427,180.0,E2E1,0,51.9,526.19,0,-1
417,legit_62,131.78,998.4,12.886,-0.1858,90.0,A5B5,1,83.61,710.21,0,-1
417,legit_63,134.5,401.6,13.6168,0.4264,270.0,B2A2,1,44.39,631.12,0,-1
417,legit_64,598.4,395.24,13.8032,0.8767,180.0,:D2_1,1,152.53,481.71,0,-1
417,legit_65,492.67,601.6,13.0255,-0.2672,270.0,D3C3,1,42.7,457.27,0,-1
417,legit_66,206.91,998.59,2.0291,-0.7692,197.72,:B5_10,1,99.33,668.64,0,-1
417,legit_67,198.4,649.89,11.0699,-0.4672,180.0,B4B3,2,69.51,568.61,0,-1
417,legit_68,801.6,91.06,12.5793,0.1788,0.0,E0E1,0,59.16,661.44,0,-1
417,legit_69,177.17,601.6,5.1999,1.4925,270.0,B3A3,2,27.22,578.04,0,-1
418,legit_48,998.4,33.41,13.2663,-0.2016,180.0,F1F0,0,100.8,775.36,0,-1
418,legit_49,314.71,598.4,13.1001,-0.1203,90.0,B3C3,2,135.3,510.47,0,-1
418,legit_53,601.6,424.38,12.6522,-0.577,0.0,D2D3,1,161.76,473.66,0,-1
418,legit_55,598.4,590.12,6.6817,0.7181,176.23,D3D2,1,148.73,450.85,0,-1
418,legit_57,801.6,691.96,13.1181,-0.0793,0.0,E3E4,0,105.45,486.17,0,-1
418,legit_60,198.4,353.19,12.7565,0.2905,180.0,B2B1,1,48.88,607.26,0,-1
418,legit_61,798.4,328.27,12.9945,-0.5052,180.0,E2E1,0,57.87,531.28,0,-1
418,legit_62,144.41,998.4,12.6283,-0.2577,90.0,A5B5,1,81.79,702.62,0,-1
418,legit_63,121.71,401.6,12.7969,-0.8199,270.0,B2A2,1,50.31,639.66,0,-1
418,legit_64,598.4,381.68,13.5581,-0.2451,180.0,D2D1,1,149.98,485.89,0,-1
418,legit_65,479.83,601.6,12.8348,-0.1907,270.0,D3C3,1,29.87,458.92,0,-1
418,legit_66,208.93,998.4,2.0755,0.0464,129.88,B5C5,1,100.65,667.54,0,-1
418,legit_67,198.4,639.37,10.5144,-0.5555,180.0,B4B3,2,62.39,567.8,0,-1
418,legit_68,801.6,102.83,11.7701,-0.8092,0.0,E0E1,0,54.38,653.23,0,-1
418,legit_69,170.08,601.6,7.0948,1.8948,270.0,B3A3,2,20.14,582.04,0,-1
419,legit_48,998.4,19.73,13.6759,0.4096,180.0,F1F0,0,112.77,785.26,0,-1
419,legit_49,327.69,598.4,12.9836,-0.1166,90.0,B3C3,2,122.32,505.09,0,-1
419,legit_53,601.6,438.17,13.7884,1.1362,0.0,D2D3,2,167.73,470.29,0,-1
419,legit_55,598.4,580.99,9.1291,2.4474,180.0,D3D2,2,149.61,451.06,0,-1
419,legit_57,801.6,705.7,13.7371,0.6189,0.0,E3E4,0,117.62,488.21,0,-1
419,legit_60,198.4,340.44,12.7523,-0.0042,180.0,B2B1,1,52.2,611.66,0,-1
419,legit_61,798.4,314.82,13.445,0.4505,180.0,E2E1,0,66.21,536.83,0,-1
419,legit_62,158.19,998.4,13.7804,1.1521,90.0,A5B5,1,82.01,694.61,0,-1
419,legit_63,107.95,401.6,13.76,0.963,270.0,B2A2,1,59.15,649.13,0,-1
419,legit_64,598.4,368.29,13.3881,-0.17,180.0,D2D1,1,148.63,490.28,0,-1
419,legit_65,466.91,601.6,12.9236,0.0888,270.0,D3C3,2,16.98,460.79,0,-1
419,legit_66,213.58,998.4,4.6535,2.578,90.0,B5C5,1,103.45,665.23,0,-1
419,legit_67,198.4,628.62,10.7553,0.2409,180.0,B4B3,2,56.23,567.14,0,-1
419,legit_68,801.6,114.44,11.6165,-0.1536,0.0,E0E1,0,51.9,645.35,0,-1
419,legit_69,161.29,601.6,8.7883,1.6935,270.0,B3A3,1,11.4,587.07,0,-1
420,legit_48,998.4,9.23,10.5049,-3.1711,180.0,F1F0,0,122.2,792.96,0,-1
420,legit_49,339.96,598.4,12.264,-0.7195,90.0,B3C3,2,110.06,500.18,0,-1
420,legit_53,601.6,451.79,13.6194,-0.1691,0.0,D2D3,2,174.49,467.21,0,-1
420,legit_55,598.4,570.06,10.923,1.7939,180.0,D3D2,2,151.39,451.48,0,-1
420,legit_57,801.6,718.34,12.6353,-1.1018,0.0,E3E4,0,129.1,490.28,0,-1
420,legit_60,198.4,328.04,12.394,-0.3583,180.0,B2B1,1,58.0,616.21,0,-1
420,legit_61,798.4,301.13,13.6959,0.2508,180.0,E2E1,0,76.21,542.75,0,-1
420,legit_62,171.15,998.4,12.9578,-0.8226,90.0,A5B5,1,84.3,687.34,0,-1
420,legit_63,94.12,401.6,13.8275,0.0675,270.0,B2A2,1,69.67,658.89,0,-1
420,legit_64,598.4,355.56,12.732,-0.6561,180.0,D2D1,1,148.47,494.72,0,-1
420,legit_65,453.69,601.6,13.2173,0.2938,270.0,D3C3,2,4.02,462.9,0,-1
420,legit_66,219.94,998.4,6.3593,1.7058,90.0,B5C5,1,107.47,662.12,0,-1
420,legit_67,198.4,617.35,11.2657,0.5104,180.0,B4B3,2,51.42,566.66,0,-1
420,legit_68,801.6,126.76,12.3214,0.7049,0.0,E0E1,0,52.04,637.24,0,-1
420,legit_69,151.09,601.6,10.198,1.4097,270.0,B3A3,1,1.94,593.03,0,-1
420,legit_70,991.7,1001.6,0.0,0.0,270.0,F5E5,0,97.7,669.5,0,-1
421,legit_48,998.4,3.22,6.0049,-4.5,180.0,F1F0,0,127.67,797.4,0,-1
421,legit_49,352.86,598.4,12.9032,0.6392,90.0,B3C3,1,97.15,495.19,0,-1
421,legit_53,601.6,465.22,13.434,-0.1854,0.0,D2D3,2,181.92,464.44,0,-1
421,legit_55,598.4,557.48,12.5848,1.6618,180.0,D3D2,1,154.37,452.18,0,-1
421,legit_57,801.6,732.12,13.7799,1.1446,0.0,E3E4,0,119.59,492.75,0,-1
421,legit_60,198.4,314.65,13.3923,0.9983,180.0,B2B1,1,66.33,621.39,0,-1
421,legit_61,798.4,288.46,12.6684,-1.0274,180.0,E2E1,1,86.37,548.43,0,-1
421,legit_62,184.99,998.4,13.8444,0.8867,90.0,A5B5,1,88.79,679.85,0,-1
421,legit_63,80.67,401.6,13.4519,-0.3755,270.0,B2A2,1,80.86,668.6,0,-1
421,legit_64,598.4,342.82,12.7424,0.0104,180.0,D2D1,1,149.39,499.4,0,-1
421,legit_65,439.93,601.6,13.7591,0.5418,270.0,D3C3,1,10.2,466.3,0,-1
421,legit_66,227.71,998.4,7.7674,1.4081,90.0,B5C5,1,112.68,658.39,0,-1
421,legit_67,198.4,610.02,7.331,-3.9347,180.0,B4B3,1,49.43,566.46,0,-1
421,legit_68,801.6,139.12,12.3532,0.0318,0.0,E0E1,1,55.03,629.38,0,-1
421,legit_69,138.97,601.6,12.1162,1.9182,270.0,B3A3,1,11.14,601.27,0,-1
421,legit_70,989.62,1001.6,2.082,2.082,270.0,F5E5,0,98.96,668.47,0,-1
422,legit_48,995.44,1.6,3.9652,-2.0397,228.14,F0E0,0,130.37,797.24,0,-1
422,legit_49,364.93,598.4,12.0676,-0.8356,90.0,B3C3,1,85.09,490.68,0,-1
422,legit_53,601.6,477.83,12.6106,-0.8233,0.0,D2D3,2,189.49,462.06,0,-1
422,legit_55,598.4,544.02,13.4582,0.8734,180.0,D3D2,1,158.61,453.21,0,-1
422,legit_57,801.6,745.7,13.5799,-0.2,0.0,E3E4,0,107.5,495.39,0,-1
422,legit_60,198.4,302.36,12.2884,-1.1039,180.0,B2B1,0,75.27,626.35,0,-1
422,legit_61,798.4,275.32,13.1425,0.474,180.0,E2E1,1,97.54,554.51,0,-1
422,legit_62,198.77,998.4,13.7748,-0.0696,90.0,:B5_7,1,95.06,672.67,0,-1
422,legit_63,67.21,401.6,13.4529,0.0009,270.0,B2A2,0,92.65,678.48,0,-1
422,legit_64,598.4,330.22,12.595,-0.1474,180.0,D2D1,1,151.36,504.27,0,-1
422,legit_65,426.25,601.6,13.685,-0.0741,270.0,D3C3,1,23.81,470.27,0,-1
422,legit_66,237.96,998.4,10.2442,2.4768,90.0,B5C5,1,119.98,653.57,0,-1
422,legit_67,198.52,607.02,3.0426,-4.2883,178.59,:B3_3,1,49.03,566.34,0,-1
422,legit_68,801.6,151.17,12.0524,-0.3008,0.0,E0E1,1,60.28,621.95,0,-1
422,legit_69,126.14,601.6,12.8339,0.7177,270.0,B3A3,1,23.91,610.29,0,-1
422,legit_70,985.67,1001.6,3.9514,1.8693,270.0,F5E5,0,101.42,666.52,0,-1
423,legit_48,989.75,1.6,5.6835,1.7183,270.0,F0E0,0,132.85,794.67,0,-1
423,legit_49,377.54,598.4,12.6108,0.5432,90.0,B3C3,1,72.48,486.14,0,-1
423,legit_53,601.6,491.21,13.3744,0.7638,0.0,D2D3,1,184.01,459.77,0,-1
423,legit_55,598.4,531.05,12.9685,-0.4897,180.0,D3D2,1,163.63,454.45,0,-1
423,legit_57,801.6,758.33,12.6319,-0.948,0.0,E3E4,0,96.61,498.04,0,-1
423,legit_60,198.4,289.58,12.7853,0.4968,180.0,B2B1,0,85.45,631.69,0,-1
423,legit_61,798.4,261.59,13.7282,0.5857,180.0,E2E1,1,109.67,561.07,0,-1
423,legit_62,211.78,998.4,13.0117,-0.7631,90.0,B5C5,1,102.35,666.12,0,-1
423,legit_63,54.29,401.6,12.9248,-0.5281,270.0,B2A2,0,104.36,688.13,0,-1
423,legit_64,598.4,316.99,13.23,0.635,180.0,D2D1,0,154.51,509.63,0,-1
423,legit_65,416.1,601.6,10.1469,-3.5381,270.0,D3C3,1,33.94,473.35,0,-1
423,legit_66,249.81,998.4,11.8558,1.6115,90.0,B5C5,1,128.92,648.15,0,-1
423,legit_67,200.45,605.83,2.6203,-0.4223,149.83,:B3_17,1,50.79,565.29,0,-1
423,legit_68,801.6,163.5,12.3297,0.2773,0.0,E0E1,1,67.49,614.57,0,-1
423,legit_69,112.32,601.6,13.8157,0.9818,270.0,B3A3,1,37.71,620.17,0,-1
423,legit_70,980.05,1001.6,5.6208,1.6695,270.0,F5E5,0,105.07,663.78,0,-1
424,legit_48,981.81,1.6,7.9406,2.2571,270.0,F0E0,0,136.63,791.14,0,-1
424,legit_49,390.0,598.4,12.4636,-0.1472,90.0,B3C3,1,60.02,481.82,0,-1
424,legit_53,601.6,504.59,13.3824,0.0079,0.0,D2D3,1,176.43,457.73,0,-1
424,legit_55,598.4,518.11,12.9479,-0.0206,180.0,D3D2,1,169.5,455.93,0,-1
424,legit_57,801.6,772.13,13.8034,1.1714,0.0,E3E4,0,85.26,501.16,0,-1
424,legit_60,198.4,276.3,13.2772,0.4919,180.0,B2B1,0,96.69,637.42,0,-1
424,legit_61,798.4,247.93,13.6619,-0.0663,180.0,E2E1,1,122.08,567.8,0,-1
424,legit_62,225.26,998.4,13.4833,0.4716,90.0,B5C5,1,111.01,659.56,0,-1
424,legit_63,41.47,401.6,12.8219,-0.1029,270.0,B2A2,0,116.23,697.83,0,-1
424,legit_64,598.4,304.24,12.7475,-0.4825,180.0,D2D1,0,158.53,515.04,0,-1
424,legit_65,409.9,601.6,6.1986,-3.9483,270.0,D3C3,1,40.13,475.3,0,-1
424,legit_66,261.37,998.4,11.555,-0.3008,90.0,B5C5,1,138.06,643.01,0,-1
424,legit_67,201.6,607.9,2.5332,-0.0871,71.25,B3B4,1,52.2,564.7,0,-1
424,legit_68,801.6,176.04,12.5379,0.2082,0.0,E0E1,1,76.18,607.26,0,-1
424,legit_69,99.26,601.6,13.0639,-0.7518,270.0,B3A3,1,50.76,629.68,0,-1
424,legit_70,972.64,1001.6,7.4092,1.7884,270.0,F5E5,0,110.14,660.23,0,-1
425,legit_48,971.91,1.6,9.8998,1.9592,270.0,F0E0,0,141.83,786.83,0,-1
425,legit_53,601.6,517.36,12.7689,-0.6135,0.0,D2D3,1,169.86,456.02,0,-1
425,legit_55,598.4,504.9,13.2077,0.2598,180.0,D3D2,1,176.26,457.69,0,-1
425,legit_57,801.6,783.69,11.5615,-2.2419,0.0,E3E4,0,76.37,503.95,0,-1
425,legit_60,198.4,262.99,13.3117,0.0345,180.0,B2B1,0,108.42,643.35,0,-1
425,legit_61,798.4,234.94,12.9867,-0.6752,180.0,E2E1,1,124.71,574.37,0,-1
425,legit_62,238.18,998.4,12.9165,-0.5668,90.0,B5C5,1,120.14,653.47,0,-1
425,legit_63,28.34,401.6,13.13,0.3081,270.0,B2A2,0,128.58,707.9,0,-1
425,legit_64,598.4,291.32,12.9248,0.1774,180.0,D2D1,0,163.52,520.76,0,-1
425,legit_65,401.91,601.6,7.9906,1.792,270.0,:C3_5,0,48.12,477.86,0,-1
425,legit_66,272.6,998.4,11.2313,-0.3237,90.0,B5C5,1,147.27,638.14,0,-1
425,legit_67,201.6,612.48,4.5776,2.0444,0.0,B3B4,1,53.09,564.79,0,-1
425,legit_68,801.6,187.27,11.2308,-1.3071,0.0,E0E1,1,84.78,600.87,0,-1
425,legit_69,85.74,601.6,13.5218,0.4579,270.0,B3A3,1,64.28,639.67,0,-1
425,legit_70,962.73,1001.6,9.9084,2.4992,270.0,F5E5,0,117.32,655.57,0,-1
426,legit_48,960.58,1.6,11.3354,1.4356,270.0,F0E0,0,148.37,782.02,0,-1
426,legit_53,601.6,530.74,13.3866,0.6177,0.0,D2D3,2,163.77,454.48,0,-1
426,legit_55,598.4,491.16,13.7336,0.5259,180.0,D3D2,2,184.03,459.78,0,-1
426,legit_57,801.6,790.75,7.0615,-4.5,0.0,E3E4,0,71.33,505.74,0,-1
426,legit_60,198.4,250.38,12.611,-0.7007,180.0,B2B1,0,119.83,649.12,0,-1
426,legit_61,798.4,221.94,12.9973,0.0106,180.0,E2E1,1,112.85,581.12,0,-1
426,legit_62,251.23,998.4,13.0537,0.1372,90.0,B5C5,1,130.03,647.51,0,-1
426,legit_63,17.9,401.6,10.4341,-2.6958,270.0,B2A2,0,138.49,715.99,0,-1
426,legit_64,598.4,277.52,13.7968,0.872,180.0,D2D1,1,169.78,527.11,0,-1
426,legit_65,392.06,601.6,9.8542,1.8637,270.0,C3B3,0,57.97,481.13,0,-1
426,legit_66,283.81,998.4,11.2079,-0.0234,90.0,B5C5,1,156.72,633.42,0,-1
426,legit_67,201.6,618.69,6.2062,1.6285,0.0,B3B4,1,54.88,564.97,0,-1
426,legit_68,801.43,193.98,6.7308,-4.5,358.06,:E1_10,1,90.1,597.07,0,-1
426,legit_69,71.89,601.6,13.8478,0.326,270.0,B3A3,1,78.13,650.06,0,-1
426,legit_70,951.09,1001.6,11.6397,1.7312,270.0,F5E5,0,126.21,650.25,0,-1
426,legit_71,598.4,387.7,0.0,0.0,180.0,D2D1,3,150.96,484.0,0,-1
427,legit_48,946.93,1.6,13.6465,2.3111,270.0,F0E0,0,156.98,776.42,0,-1
427,legit_53,601.6,544.53,13.783,0.3965,0.0,D2D3,1,158.43,453.17,0,-1
427,legit_55,598.4,477.41,13.7489,0.0153,180.0,D3D2,2,189.23,462.13,0,-1
427,legit_57,800.71,794.04,3.5864,-3.4751,349.29,:E4_19,0,68.44,506.32,0,-1
427,legit_60,198.4,237.95,12.4229,-0.1881,180.0,B2B1,0,127.5,654.96,0,-1
427,legit_61,798.4,211.67,10.277,-2.7202,180.0,E2E1,1,103.66,586.57,0,-1
427,legit_62,264.89,998.4,13.6562,0.6026,90.0,B5C5,1,140.92,641.47,0,-1
427,legit_63,11.51,401.6,6.3903,-4.0439,270.0,B2A2,0,144.6,720.99,0,-1
427,legit_64,598.4,263.95,13.571,-0.2258,180.0,D2D1,1,176.77,533.61,0,-1
427,legit_65,380.23,601.6,11.8235,1.9693,270.0,C3B3,0,69.79,485.19,0,-1
427,legit_66,295.59,998.4,11.7891,0.5813,90.0,B5C5,1,166.9,628.6,0,-1
427,legit_67,201.6,626.79,8.106,1.8998,0.0,B3B4,1,58.14,565.31,0,-1
427,legit_68,801.12,196.19,2.2308,-4.5,354.42,:E1_10,1,91.75,595.76,0,-1
427,legit_69,58.39,601.6,13.4973,-0.3505,270.0,B3A3,1,91.62,660.34,0,-1
427,legit_70,937.23,1001.6,13.8561,2.2164,270.0,F5E5,0,137.34,644.1,0,-1
427,legit_71,598.4,386.33,1.3736,1.3736,180.0,D2D1,2,150.72,484.42,0,-1
428,legit_48,934.26,1.6,12.6744,-0.9721,270.0,F0E0,0,165.58,771.38,0,-1
428,legit_53,601.6,557.77,13.246,-0.5371,0.0,D2D3,1,154.29,452.17,0,-1
428,legit_55,598.4,464.14,13.27,-0.4789,180.0,D3D2,2,181.3,464.65,0,-1
428,legit_57,798.43,792.85,3.0731,-0.5134,277.81,:E4_19,0,67.59,505.3,0,-1
428,legit_60,198.4,225.53,12.4214,-0.0015,180.0,B2B1,0,116.1,660.94,0,-1
428,legit_61,798.21,205.9,5.777,-4.5,182.13,:E1_0,1,98.51,589.63,0,-1
428,legit_62,277.62,998.4,12.7312,-0.925,90.0,B5C5,1,151.48,636.01,0,-1
428,legit_63,7.23,401.6,4.2821,-2.1081,270.0,B2A2,0,148.71,724.35,0,-1
428,legit_64,598.4,250.32,13.6323,0.0613,180.0,D2D1,1,184.53,540.38,0,-1
428,legit_65,367.5,601.6,12.7314,0.9079,270.0,C3B3,0,82.52,489.74,0,-1
428,legit_66,307.55,998.4,11.957,0.1679,90.0,B5C5,1,164.17,623.85,0,-1
428,legit_67,201.6,636.77,9.981,1.875,0.0,B3B4,0,63.36,565.88,0,-1
428,legit_68,801.06,196.6,0.4201,-1.8108,353.74,:E1_10,1,92.06,595.52,0,-1
428,legit_69,45.29,601.6,13.1038,-0.3935,270.0,B3A3,0,104.72,670.45,0,-1
428,legit_70,923.59,1001.6,13.6452,-0.2109,270.0,F5E5,0,148.75,638.24,0,-1
428,legit_71,598.4,382.86,3.4621,2.0885,180.0,D2D1,2,150.15,485.51,0,-1
429,legit_48,920.99,1.6,13.2636,0.5892,270.0,F0E0,0,175.1,766.29,0,-1
429,legit_53,601.6,570.71,12.9338,-0.3121,0.0,D2D3,1,151.26,451.45,0,-1
429,legit_55,598.4,450.27,13.8742,0.6042,180.0,D3D2,2,173.7,467.54,0,-1
429,legit_57,798.4,790.35,2.5074,-0.5656,204.37,E4E3,0,69.34,504.65,0,-1
429,legit_60,198.4,212.43,13.105,0.6836,180.0,B2B1,0,104.33,667.4,0,-1
429,legit_61,795.16,201.94,5.3395,-0.4375,219.68,:E1_0,1,93.56,590.94,0,-1
429,legit_62,290.52,998.4,12.9026,0.1714,90.0,B5C5,1,162.5,630.66,0,-1
429,legit_63,5.84,399.53,2.8928,-1.3894,239.38,:A2_5,0,149.48,725.94,0,-1
429,legit_64,598.4,237.22,13.0952,-0.5371,180.0,D2D1,1,189.11,547.11,0,-1
429,legit_65,354.0,601.6,13.4995,0.7681,270.0,C3B3,0,96.01,494.76,0,-1
429,legit_66,318.88,998.4,11.33,-0.6271,90.0,B5C5,1,154.44,619.49,0,-1
429,legit_67,201.6,648.21,11.4388,1.4578,0.0,B3B4,0,70.62,566.71,0,-1
429,legit_68,801.03,196.69,0.0922,-0.3279,353.39,:E1_10,1,92.11,595.46,0,-1
429,legit_69,32.66,601.6,12.6255,-0.4783,270.0,B3A3,0,117.35,680.31,0,-1
429,legit_70,910.84,1001.6,12.7434,-0.9018,270.0,F5E5,0,159.72,632.94,0,-1
429,legit_71,598.4,376.86,6.007,2.5449,180.0,D2D1,2,149.35,487.44,0,-1
430,legit_48,907.72,1.6,13.2703,0.0067,270.0,F0E0,0,185.1,761.37,0,-1
430,legit_53,601.6,583.8,13.091,0.1571,0.0,D2D3,1,149.28,450.98,0,-1
430,legit_55,598.4,436.88,13.3936,-0.4806,180.0,D3D2,2,167.13,470.59,0,-1
430,legit_57,798.4,785.66,4.691,2.1835,180.0,E4E3,0,72.77,503.46,0,-1
430,legit_60,198.4,200.09,12.3397,-0.7653,180.0,:B1_1,0,93.58,673.63,0,-1
430,legit_61,788.91,201.6,6.2679,0.9283,268.2,E1D1,1,90.4,589.44,0,-1
430,legit_62,304.37,998.4,13.8438,0.9412,90.0,B5C5,1,166.94,625.1,0,-1
430,legit_63,8.96,398.4,3.5628,0.6701,129.31,A2B2,0,146.18,723.76,0,-1
430,legit_64,598.4,224.27,12.9585,-0.1367,180.0,D2D1,1,181.37,553.98,0,-1
430,legit_65,341.22,601.6,12.7798,-0.7198,270.0,C3B3,0,108.79,499.69,0,-1
430,legit_66,330.77,998.4,11.8878,0.5578,90.0,B5C5,1,144.48,615.06,0,-1
430,legit_67,201.6,658.9,10.6826,-0.7563,0.0,B3B4,0,78.3,567.64,0,-1
430,legit_68,800.47,197.61,1.0791,0.9869,346.78,:E1_18,1,92.58,594.79,0,-1
430,legit_69,20.72,601.6,11.9415,-0.684,270.0,B3A3,0,129.29,689.74,0,-1
430,legit_70,898.19,1001.6,12.6499,-0.0935,270.0,F5E5,0,167.65,627.85,0,-1
430,legit_71,598.4,368.87,7.989,1.982,180.0,D2D1,2,148.66,490.09,0,-1
431,legit_48,894.66,1.6,13.0576,-0.2127,270.0,F0E0,0,186.94,756.71,0,-1
431,legit_53,601.6,592.4,8.6007,-4.4903,0.0,D2D3,0,148.59,450.82,0,-1
431,legit_55,598.4,423.63,13.2471,-0.1465,180.0,D3D2,1,161.47,473.86,0,-1
431,legit_57,798.4,779.22,6.4419,1.7509,180.0,E4E3,0,77.7,501.87,0,-1
431,legit_60,198.4,187.8,12.2909,-0.0488,180.0,B1B0,0,83.3,679.99,0,-1
431,legit_61,780.47,201.6,8.4439,2.176,270.0,E1D1,1,87.1,587.25,0,-1
431,legit_62,317.7,998.4,13.3377,-0.5061,90.0,B5C5,1,155.44,619.93,0,-1
431,legit_63,13.96,398.4,5.0083,1.4454,90.0,A2B2,0,141.35,719.84,0,-1
431,legit_64,598.4,211.05,13.2176,0.2591,180.0,D2D1,1,174.1,561.2,0,-1
431,legit_65,328.24,601.6,12.9846,0.2048,270.0,C3B3,1,121.77,504.87,0,-1
431,legit_66,342.13,998.4,11.3625,-0.5253,90.0,B5C5,1,135.26,610.96,0,-1
431,legit_67,201.6,669.21,10.318,-0.3645,0.0,B3B4,1,86.33,568.68,0,-1
431,legit_68,798.4,200.0,3.2484,2.1693,325.4,:E1_18,1,93.5,592.9,0,-1
431,legit_69,12.48,601.6,8.2419,-3.6996,270.0,B3A3,0,137.53,696.31,0,-1
431,legit_70,884.66,1001.6,13.5346,0.8847,270.0,F5E5,0,155.82,622.58,0,-1
431,legit_71,598.4,359.12,9.7456,1.7566,180.0,D2D1,2,148.4,493.45,0,-1
432,legit_48,881.79,1.6,12.8752,-0.1824,270.0,F0E0,0,177.16,752.28,0,-1
432,legit_53,603.69,597.41,5.7165,-2.8842,25.39,:D3_8,0,146.34,450.79,0,-1
432,legit_55,598.4,410.76,12.8679,-0.3791,180.0,D3D2,1,156.84,477.27,0,-1
432,legit_57,798.4,770.73,8.4885,2.0467,180.0,E4E3,0,84.51,499.85,0,-1
432,legit_60,198.4,174.29,13.501,1.2102,180.0,B1B0,0,72.74,687.15,0,-1
432,legit_61,770.51,201.6,9.9585,1.5146,270.0,E1D1,1,84.14,584.81,0,-1
432,legit_62,329.75,998.4,12.0401,-1.2976,90.0,B5C5,1,145.33,615.43,0,-1
432,legit_63,21.05,398.4,7.0909,2.0826,90.0,A2B2,1,134.54,714.31,0,-1
432,legit_64,598.4,197.5,13.5496,0.332,180.0,:D1_1,0,167.42,568.83,0,-1
432,legit_65,315.21,601.6,13.0226,0.038,270.0,C3B3,1,134.8,510.26,0,-1
432,legit_66,353.69,998.4,11.5536,0.1911,90.0,B5C5,1,126.23,606.95,0,-1
432,legit_67,201.6,680.33,11.1141,0.796,0.0,B3B4,1,95.47,569.93,0,-1
432,legit_68,793.86,201.45,4.8624,1.6139,288.06,:E1_18,1,92.51,590.85,0,-1
432,legit_69,8.05,601.6,4.433,-3.8089,270.0,B3A3,0,141.96,699.86,0,-1
432,legit_70,871.51,1001.6,13.1499,-0.3847,270.0,F5E5,0,144.61,617.64,0,-1
432,legit_71,598.4,348.02,11.0979,1.3523,180.0,D2D1,1,148.88,497.45,0,-1
432,legit_72,1.6,412.3,0.0,0.0,0.0,A2A3,1,157.35,726.33,0,-1
433,legit_48,868.8,1.6,12.9843,0.1091,270.0,F0E0,0,167.73,747.99,0,-1
433,legit_53,608.93,598.4,5.4507,-0.2658,81.15,D3E3,0,141.07,450.82,0,-1
433,legit_57,798.4,760.92,9.8088,1.3203,180.0,E4E3,0,92.72,497.64,0,-1
433,legit_60,198.4,161.58,12.7158,-0.7853,180.0,B1B0,0,63.81,694.08,0,-1
433,legit_61,759.15,201.6,11.3589,1.4004,270.0,E1D1,1,82.11,582.23,0,-1
433,legit_62,341.82,998.4,12.0708,0.0307,90.0,B5C5,1,135.51,611.07,0,-1
433,legit_63,30.7,398.4,9.6458,2.555,90.0,A2B2,1,125.33,706.85,0,-1
433,legit_64,598.4,184.73,12.7653,-0.7842,180.0,D1D0,0,161.9,576.24,0,-1
433,legit_65,301.88,601.6,13.3292,0.3066,270.0,C3B3,1,148.12,515.95,0,-1
433,legit_66,365.96,998.4,12.2723,0.7187,90.0,B5C5,1,117.14,602.85,0,-1
433,legit_67,201.6,690.62,10.2947,-0.8193,0.0,B3B4,1,104.28,571.22,0,-1
433,legit_68,786.94,201.6,6.9311,2.0687,270.0,E1D1,1,89.57,588.92,0,-1
433,legit_69,1.69,600.05,6.6775,2.2445,253.04,:A3_4,0,148.31,704.98,0,-1
433,legit_70,858.5,1001.6,13.0065,-0.1435,270.0,F5E5,0,133.86,612.94,0,-1
433,legit_71,598.4,335.5,12.5222,1.4243,180.0,D2D1,0,150.41,502.2,0,-1
433,legit_72,1.6,413.78,1.4837,1.4837,0.0,A2A3,1,157.85,726.0,0,-1
434,legit_48,855.33,1.6,13.4727,0.4884,270.0,F0E0,0,158.47,743.73,0,-1
434,legit_53,615.93,598.4,6.993,1.5422,90.0,D3E3,0,134.08,450.92,0,-1
434,legit_57,798.4,748.56,12.3582,2.5494,180.0,E4E3,0,103.46,495.01,0,-1
434,legit_60,198.4,148.42,13.1636,0.4478,180.0,B1B0,0,56.12,701.46,0,-1
434,legit_61,745.27,201.6,13.8827,2.5238,270.0,E1D1,2,81.74,579.38,0,-1
434,legit_62,354.3,998.4,12.4837,0.4129,90.0,B5C5,1,125.77,606.74,0,-1
434,legit_63,42.38,398.4,11.684,2.0382,90.0,A2B2,1,114.26,697.91,0,-1
434,legit_64,598.4,171.14,13.5948,0.8295,180.0,D1D0,1,156.96,584.35,0,-1
434,legit_65,288.77,601.6,13.1106,-0.2186,270.0,C3B3,1,138.78,521.73,0,-1
434,legit_66,378.26,998.4,12.3006,0.0283,90.0,B5C5,1,108.65,598.93,0,-1
434,legit_67,201.6,700.97,10.3472,0.0525,0.0,B3B4,1,113.39,572.63,0,-1
434,legit_68,777.63,201.6,9.3069,2.3758,270.0,E1D1,1,86.15,586.54,0,-1
434,legit_69,-1.6,592.77,8.3912,1.7137,192.96,A3A2,0,151.77,707.66,0,-1
434,legit_70,844.63,1001.6,13.8772,0.8708,270.0,F5E5,0,122.88,608.13,0,-1
434,legit_71,598.4,322.6,12.9038,0.3817,180.0,D2D1,0,153.04,507.33,0,-1
434,legit_72,1.6,417.26,3.4778,1.9941,0.0,A2A3,1,159.06,725.23,0,-1
435,legit_48,841.82,1.6,13.5117,0.039,270.0,F0E0,0,149.83,739.65,0,-1
435,legit_53,624.74,598.4,8.8138,1.8209,90.0,D3E3,0,125.27,451.12,0,-1
435,legit_57,798.4,735.54,13.0167,0.6585,180.0,E4E3,0,115.12,492.43,0,-1
435,legit_60,198.4,135.87,12.5438,-0.6198,180.0,B1B0,0,50.94,708.73,0,-1
435,legit_61,732.58,201.6,12.687,-1.1957,270.0,E1D1,2,83.44,577.05,0,-1
435,legit_62,367.29,998.4,12.9856,0.5019,90.0,B5C5,1,116.19,602.42,0,-1
435,legit_63,55.88,398.4,13.5,1.816,90.0,A2B2,1,101.65,687.7,0,-1
435,legit_64,598.4,158.15,12.9883,-0.6065,180.0,D1D0,1,153.23,592.33,0,-1
435,legit_65,276.07,601.6,12.7083,-0.4023,270.0,C3B3,1,126.08,527.5,0,-1
435,legit_66,389.9,998.4,11.6412,-0.6594,90.0,B5C5,1,101.34,595.39,0,-1
435,legit_67,201.6,712.12,11.1457,0.7985,0.0,B3B4,1,123.42,574.28,0,-1
435,legit_68,766.98,201.6,10.6461,1.3392,270.0,E1D1,1,83.35,583.99,0,-1
435,legit_69,-1.6,583.05,9.7231,1.3319,180.0,A3A2,0,152.54,707.81,0,-1
435,legit_70,831.03,1001.6,13.6005,-0.2767,270.0,F5E5,0,112.75,603.63,0,-1
435,legit_71,598.4,309.98,12.6218,-0.2821,180.0,D2D1,0,156.6,512.58,0,-1
435,legit_72,1.6,423.18,5.918,2.4401,0.0,A2A3,1,161.29,723.96,0,-1
436,legit_48,828.17,1.6,13.6542,0.1424,270.0,F0E0,0,141.87,735.73,0,-1
436,legit_53,634.9,598.4,10.1541,1.3403,90.0,D3E3,0,115.12,451.46,0,-1
436,legit_57,798.4,722.78,12.7645,-0.2523,180.0,E4E3,0,126.82,490.09,0,-1
436,legit_60,198.4,123.07,12.8032,0.2594,180.0,B1B0,0,48.5,716.41,0,-1
436,legit_61,719.55,201.6,13.0288,0.3418,270.0,E1D1,2,87.1,574.95,0,-1
436,legit_62,378.88,998.4,11.5945,-1.3911,90.0,B5C5,1,108.24,598.73,0,-1
436,legit_63,69.16,398.4,13.2798,-0.2202,90.0,A2B2,1,89.49,677.81,0,-1
436,legit_64,598.4,144.63,13.5243,0.5359,180.0,D1D0,1,150.43,600.87,0,-1
436,legit_65,262.49,601.6,13.573,0.8647,270.0,C3B3,1,112.5,533.85,0,-1
436,legit_66,401.97,998.4,12.0708,0.4295,90.0,:C5_7,1,94.69,591.92,0,-1
436,legit_67,201.6,722.68,10.5661,-0.5796,0.0,B3B4,1,128.16,575.96,0,-1
436,legit_68,754.69,201.6,12.2918,1.6456,270.0,E1D1,1,81.73,581.28,0,-1
436,legit_69,-1.6,570.97,12.0759,2.3528,180.0,A3A2,1,154.35,708.16,0,-1
436,legit_70,818.05,1001.6,12.9782,-0.6223,270.0,F5E5,0,103.81,599.54,0,-1
436,legit_71,598.4,297.31,12.6626,0.0409,180.0,D2D1,0,161.1,518.08,0,-1
436,legit_72,1.6,431.2,8.0159,2.0979,0.0,A2A3,2,164.59,722.31,0,-1
437,legit_48,815.49,1.6,12.6805,-0.9737,270.0,F0E0,0,135.3,732.29,0,-1
437,legit_53,646.42,598.4,11.5231,1.369,90.0,D3E3,0,103.59,451.98,0,-1
437,legit_57,798.4,709.17,13.607,0.8425,180.0,E4E3,0,119.42,487.79,0,-1
437,legit_60,198.4,110.36,12.7096,-0.0936,180.0,B1B0,0,49.35,724.32,0,-1
437,legit_61,706.76,201.6,12.7875,-0.2413,270.0,E1D1,3,92.35,573.14,0,-1
437,legit_62,389.07,998.4,10.1954,-1.3991,90.0,B5C5,1,101.84,595.64,0,-1
437,legit_63,82.13,398.4,12.9657,-0.3141,90.0,A2B2,1,77.98,668.31,0,-1
437,legit_64,598.4,131.86,12.7625,-0.7617,180.0,D1D0,1,148.87,609.14,0,-1
437,legit_65,249.73,601.6,12.7669,-0.8062,270.0,C3B3,1,99.74,540.0,0,-1
437,legit_66,413.28,998.4,11.3089,-0.7619,90.0,C5D5,1,89.48,588.86,0,-1
437,legit_67,201.6,734.1,11.4165,0.8504,0.0,B3B4,1,117.8,577.9,0,-1
437,legit_68,742.98,201.6,11.718,-0.5737,270.0,E1D1,1,81.9,578.94,0,-1
437,legit_69,-1.6,557.53,13.438,1.3621,180.0,A3A2,1,157.44,708.75,0,-1
437,legit_70,804.69,1001.6,13.3539,0.3757,270.0,:E5_0,0,95.59,595.57,0,-1
437,legit_71,598.4,283.72,13.5959,0.9332,180.0,D2D1,1,166.86,524.23,0,-1
437,legit_72,1.6,441.19,9.9953,1.9794,0.0,A2A3,2,169.16,720.36,0,-1
438,legit_53,659.52,598.4,13.1001,1.5771,90.0,D3E3,0,90.5,452.76,0,-1
438,legit_57,798.4,695.87,13.2991,-0.3078,180.0,E4E3,0,107.4,485.75,0,-1
438,legit_60,198.4,96.93,13.4276,0.7181,180.0,B1B0,0,53.62,732.97,0,-1
438,legit_61,692.94,201.6,13.8245,1.037,270.0,E1D1,3,99.57,571.46,0,-1
438,legit_62,395.38,997.97,6.3563,-3.839,94.97,:C5_6,1,98.55,593.55,0,-1
438,legit_63,95.91,398.4,13.7791,0.8134,90.0,A2B2,1,66.34,658.39,0,-1
438,legit_64,598.4,118.87,12.9905,0.228,180.0,D1D0,1,148.4,617.79,0,-1
438,legit_65,236.37,601.6,13.3607,0.5938,270.0,C3B3,1,86.38,546.6,0,-1
438,legit_66,425.07,998.4,11.7874,0.4786,90.0,C5D5,1,85.32,585.88,0,-1
438,legit_67,201.6,745.38,11.286,-0.1305,0.0,B3B4,1,107.77,579.96,0,-1
438,legit_68,731.31,201.6,11.6678,-0.0502,270.0,E1D1,2,83.71,576.84,0,-1
438,legit_69,-1.6,544.8,12.7329,-0.7051,180.0,A3A2,1,161.34,709.52,0,-1
438,legit_70,791.16,1001.6,13.5314,0.1775,270.0,E5D5,0,88.55,591.79,0,-1
438,legit_71,598.4,270.7,13.0142,-0.5817,180.0,D2D1,2,173.19,530.35,0,-1
438,legit_72,1.6,453.69,12.4951,2.4999,0.0,A2A3,2,175.5,718.08,0,-1
438,legit_73,998.4,787.7,0.0,0.0,180.0,F4F3,0,73.47,588.94,0,-1
439,legit_53,672.63,598.4,13.1131,0.013,90.0,D3E3,0,77.38,453.74,0,-1
439,legit_57,798.4,682.11,13.7673,0.4682,180.0,E4E3,0,95.31,483.86,0,-1
439,legit_60,198.4,84.06,12.8755,-0.5521,180.0,B1B0,0,60.29,741.51,0,-1
439,legit_61,680.22,201.6,12.7171,-1.1074,270.0,E1D1,3,107.37,570.16,0,-1
439,legit_62,398.4,992.82,6.3804,0.0241,157.61,:C5_6,1,101.31,589.89,0,-1
439,legit_63,109.06,398.4,13.1509,-0.6282,90.0,A2B2,1,56.13,649.11,0,-1
439,legit_64,598.4,105.55,13.3236,0.3331,180.0,D1D0,1,149.1,626.88,0,-1
439,legit_65,223.15,601.6,13.2187,-0.142,270.0,C3B3,0,73.16,553.32,0,-1
439,legit_66,437.38,998.4,12.3151,0.5277,90.0,C5D5,1,82.57,583.0,0,-1
439,legit_67,201.6,755.88,10.4936,-0.7924,0.0,B3B4,0,98.69,582.0,0,-1
439,legit_68,719.25,201.6,12.0608,0.393,270.0,E1D1,2,87.2,574.9,0,-1
439,legit_69,-1.6,531.14,13.6628,0.9299,180.0,A3A2,1,166.51,710.57,0,-1
439,legit_70,777.74,1001.6,13.4262,-0.1052,270.0,E5D5,0,83.16,588.32,0,-1
439,legit_71,598.4,256.83,13.8737,0.8595,180.0,D2D1,2,180.74,537.12,0,-1
439,legit_72,1.6,465.81,12.1241,-0.3711,0.0,A2A3,2,182.26,716.05,0,-1
439,legit_73,998.4,785.11,2.592,2.592,180.0,F4F3,0,75.34,588.33,0,-1
440,legit_53,686.07,598.4,13.438,0.3249,90.0,D3E3,1,63.95,454.94,0,-1
440,legit_57,798.4,668.51,13.5962,-0.1711,180.0,E4E3,1,83.88,482.21,0,-1
440,legit_60,198.4,71.62,12.4345,-0.4411,180.0,B1B0,0,68.43,749.96,0,-1
440,legit_61,666.62,201.6,13.5995,0.8824,270.0,E1D1,3,116.66,569.0,0,-1
440,legit_62,398.4,986.47,6.3477,-0.0327,180.0,C5C4,1,106.82,586.48,0,-1
440,legit_63,122.19,398.4,13.1317,-0.0192,90.0,A2B2,1,47.41,640.08,0,-1
440,legit_64,598.4,92.8,12.7503,-0.5733,180.0,D1D0,1,150.87,635.78,0,-1
440,legit_65,210.52,601.6,12.6219,-0.5968,270.0,C3B3,0,60.55,559.9,0,-1
440,legit_66,449.6,998.4,12.2201,-0.095,90.0,C5D5,1,81.6,580.4,0,-1
440,legit_67,201.6,766.2,10.3207,-0.1729,0.0,B3B4,0,90.05,584.12,0,-1
440,legit_68,707.5,201.6,11.7457,-0.3151,270.0,E1D1,2,92.0,573.24,0,-1
440,legit_69,-1.6,517.51,13.6255,-0.0373,180.0,A3A2,1,172.59,711.83,0,-1
440,legit_70,764.94,1001.6,12.7962,-0.63,270.0,E5D5,0,79.81,585.27,0,-1
440,legit_71,598.4,244.13,12.7025,-1.1712,180.0,D2D1,2,188.28,543.53,0,-1
440,legit_72,1.6,477.91,12.1018,-0.0223,0.0,A2A3,2,189.54,714.18,0,-1
440,legit_73,998.4,781.15,3.9579,1.3659,180.0,F4F3,0,78.27,587.41,0,-1
441,legit_53,699.1,598.4,13.0257,-0.4124,90.0,D3E3,1,50.93,456.3,0,-1
441,legit_57,798.4,655.4,13.111,-0.4852,180.0,E4E3,1,73.56,480.84,0,-1
441,legit_60,198.4,58.67,12.9547,0.5202,180.0,B1B0,0,78.13,758.93,0,-1
441,legit_61,653.09,201.6,13.5326,-0.0669,270.0,E1D1,3,126.69,568.07,0,-1
441,legit_62,398.4,978.38,8.0885,1.7408,180.0,C5C4,1,113.97,582.19,0,-1
441,legit_63,135.88,398.4,13.6869,0.5552,90.0,A2B2,0,40.91,630.95,0,-1
441,legit_64,598.4,79.69,13.107,0.3567,180.0,D1D0,1,153.78,645.14,0,-1
441,legit_66,461.24,998.4,11.6354,-0.5847,90.0,C5D5,1,82.37,578.15,0,-1
441,legit_67,201.6,777.47,11.2717,0.9511,0.0,B3B4,0,81.07,586.58,0,-1
441,legit_68,694.71,201.6,12.786,1.0404,270.0,E1D1,2,98.56,571.66,0,-1
441,legit_69,-1.6,503.87,13.6394,0.0139,180.0,A3A2,1,179.51,713.31,0,-1
441,legit_70,751.43,1001.6,13.5125,0.7163,270.0,E5D5,0,78.41,582.36,0,-1
441,legit_71,598.4,230.89,13.2375,0.5351,180.0,D2D1,2,185.25,550.44,0,-1
441,legit_72,1.6,490.24,12.3259,0.2241,0.0,A2A3,1,184.58,712.46,0,-1
441,legit_73,998.4,774.74,6.4077,2.4497,180.0,F4F3,0,83.19,585.97,0,-1
442,legit_53,712.6,598.4,13.5058,0.4801,90.0,D3E3,1,37.43,457.92,0,-1
442,legit_57,798.4,642.69,12.7111,-0.3999,180.0,E4E3,1,64.54,479.73,0,-1
442,legit_60,198.4,45.43,13.2353,0.2806,180.0,B1B0,0,88.9,768.26,0,-1
442,legit_61,640.02,201.6,13.0739,-0.4587,270.0,E1D1,3,136.95,567.39,0,-1
442,legit_62,398.4,968.85,9.5362,1.4476,180.0,C5C4,1,122.55,577.22,0,-1
442,legit_63,149.73,398.4,13.856,0.1691,90.0,A2B2,0,38.4,622.1,0,-1
442,legit_64,598.4,66.33,13.3636,0.2566,180.0,D1D0,1,157.81,654.89,0,-1
442,legit_66,472.66,998.4,11.4277,-0.2077,90.0,C5D5,1,84.69,576.17,0,-1
442,legit_67,201.6,788.06,10.5908,-0.681,0.0,B3B4,0,73.21,589.02,0,-1
442,legit_68,682.54,201.6,12.1739,-0.6122,270.0,E1D1,2,105.87,570.38,0,-1
442,legit_69,-1.6,491.15,12.721,-0.9184,180.0,A3A2,1,186.63,714.89,0,-1
442,legit_70,738.78,1001.6,12.6427,-0.8698,270.0,E5D5,0,79.2,579.92,0,-1
442,legit_71,598.4,217.7,13.1908,-0.0468,180.0,D2D1,2,177.67,557.54,0,-1
442,legit_72,1.6,502.45,12.2142,-0.1117,0.0,A2A3,1,177.59,710.92,0,-1
442,legit_73,998.4,766.47,8.2699,1.8622,180.0,F4F3,0,89.83,584.18,0,-1
443,legit_53,725.65,598.4,13.0442,-0.4616,90.0,D3E3,1,24.41,459.69,0,-1
443,legit_57,798.4,629.96,12.7297,0.0185,180.0,E4E3,1,56.92,478.86,0,-1
443,legit_60,198.4,32.22,13.2072,-0.0281,180.0,B1B0,0,100.24,777.7,0,-1
443,legit_61,626.3,201.6,13.7162,0.6423,270.0,E1D1,2,148.19,566.88,0,-1
443,legit_62,398.4,958.0,10.8485,1.3123,180.0,C5C4,1,128.79,571.68,0,-1
443,legit_63,162.75,398.4,13.0116,-0.8444,90.0,A2B2,0,40.46,614.17,0,-1
443,legit_64,598.4,53.69,12.643,-0.7205,180.0,D1D0,0,162.54,664.3,0,-1
443,legit_66,484.88,998.4,12.2121,0.7844,90.0,C5D5,1,88.74,574.29,0,-1
443,legit_67,201.6,798.68,10.6237,0.0329,0.0,:B4_9,0,66.1,591.62,0,-1
443,legit_68,670.49,201.6,12.048,-0.1259,270.0,E1D1,2,113.93,569.3,0,-1
443,legit_69,-1.6,477.64,13.5156,0.7946,180.0,A3A2,1,191.89,716.78,0,-1
443,legit_70,725.71,1001.6,13.0711,0.4284,270.0,E5D5,0,82.08,577.67,0,-1
443,legit_71,598.4,208.37,9.3287,-3.862,180.0,D2D1,2,172.72,562.69,0,-1
443,legit_72,1.6,514.57,12.114,-0.1002,0.0,A2A3,1,171.24,709.57,0,-1
443,legit_73,998.4,755.77,10.7065,2.4366,180.0,F4F3,0,98.78,581.98,0,-1
444,legit_53,739.02,598.4,13.3706,0.3264,90.0,D3E3,1,11.1,461.7,0,-1
444,legit_57,798.4,616.34,13.623,0.8933,180.0,E4E3,1,51.08,478.24,0,-1
444,legit_60,198.4,20.12,12.1069,-1.1003,180.0,B1B0,0,110.99,786.47,0,-1
444,legit_61,616.4,201.6,9.903,-3.8133,270.0,E1D1,2,156.55,566.64,0,-1
444,legit_62,398.4,945.03,12.9675,2.119,180.0,C5C4,1,117.02,565.22,0,-1
444,legit_63,175.35,398.4,12.6023,-0.4093,90.0,A2B2,0,46.01,606.83,0,-1
444,legit_64,598.4,39.82,13.8687,1.2257,180.0,D1D0,0,168.68,674.8,0,-1
444,legit_66,496.13,998.4,11.2496,-0.9625,90.0,C5D5,1,93.73,572.77,0,-1
444,legit_67,201.6,809.66,10.9756,0.3519,0.0,B4B5,0,59.86,594.46,0,-1
444,legit_68,658.96,201.6,11.5333,-0.5147,270.0,E1D1,2,122.26,568.44,0,-1
444,legit_69,-1.6,464.3,13.3357,-0.1799,180.0,A3A2,1,184.01,718.84,0,-1
444,legit_70,712.06,1001.6,13.6478,0.5766,270.0,E5D5,0,87.1,575.63,0,-1
444,legit_71,597.07,203.11,5.558,-3.7708,195.84,:D1_0,2,168.93,565.65,0,-1
444,legit_72,1.6,526.69,12.1282,0.0142,0.0,A2A3,1,165.52,708.39,0,-1
444,legit_73,998.4,742.98,12.7899,2.0835,180.0,F4F3,0,109.89,579.51,0,-1
444,legit_74,587.7,401.6,0.0,0.0,270.0,D2C2,0,143.85,479.93,0,-1
445,legit_53,751.86,598.4,12.8422,-0.5284,90.0,D3E3,0,2.45,464.04,0,-1
445,legit_60,198.4,12.4,7.7164,-4.3905,180.0,B1B0,0,117.98,792.11,0,-1
445,legit_61,610.55,201.6,5.8518,-4.0512,270.0,E1D1,2,161.57,566.56,0,-1
445,legit_62,398.4,931.79,13.236,0.2685,180.0,C5C4,1,105.3,558.81,0,-1
445,legit_63,188.55,398.4,13.2023,0.6,90.0,A2B2,0,54.41,599.42,0,-1
445,legit_64,598.4,26.55,13.269,-0.5997,180.0,D1D0,0,175.37,685.02,0,-1
445,legit_66,507.24,998.4,11.1178,-0.1318,90.0,C5D5,1,99.68,571.44,0,-1
445,legit_67,201.6,820.15,10.4867,-0.489,0.0,B4B5,0,55.29,597.36,0,-1
445,legit_68,646.36,201.6,12.5962,1.0629,270.0,E1D1,2,131.91,567.69,0,-1
445,legit_69,-1.6,451.04,13.2568,-0.0789,180.0,A3A2,1,176.84,721.1,0,-1
445,legit_70,698.5,1001.6,13.5658,-0.082,270.0,E5D5,0,93.8,573.89,0,-1
445,legit_71,590.98,201.6,6.4662,0.9083,261.7,D1C1,2,162.89,566.54,0,-1
445,legit_72,1.6,538.35,11.6512,-0.477,0.0,A2A3,1,160.7,707.42,0,-1
445,legit_73,998.4,729.79,13.1813,0.3914,180.0,F4F3,0,121.69,577.15,0,-1
445,legit_74,586.09,401.6,1.6131,1.6131,270.0,D2C2,0,142.3,479.96,0,-1
446,legit_53,765.11,598.4,13.2483,0.4061,90.0,D3E3,0,15.19,467.73,0,-1
446,legit_60,198.4,7.75,4.6494,-3.067,180.0,B1B0,0,122.24,795.53,0,-1
446,legit_61,602.26,201.6,8.2833,2.4315,270.0,:D1_5,2,168.77,566.5,0,-1
446,legit_62,398.4,918.02,13.7751,0.5391,180.0,C5C4,1,93.54,552.33,0,-1
446,legit_64,598.4,16.22,10.3253,-2.9437,180.0,D1D0,0,181.09,693.08,0,-1
446,legit_66,518.58,998.4,11.3366,0.2188,90.0,C5D5,1,106.59,570.27,0,-1
446,legit_67,201.6,830.79,10.6405,0.1538,0.0,B4B5,0,52.42,600.49,0,-1
446,legit_68,633.83,201.6,12.5366,-0.0596,270.0,E1D1,2,141.97,567.13,0,-1
446,legit_69,-1.6,437.25,13.789,0.5322,180.0,A3A2,1,170.15,723.66,0,-1
446,legit_70,685.22,1001.6,13.2837,-0.2821,270.0,E5D5,0,101.7,572.44,0,-1
446,legit_71,583.04,201.6,7.9376,1.4714,270.0,D1C1,2,156.07,566.65,0,-1
446,legit_72,1.6,550.47,12.1289,0.4777,0.0,A2A3,1,156.45,706.58,0,-1
446,legit_73,998.4,717.17,12.6199,-0.5614,180.0,F4F3,0,128.03,575.07,0,-1
446,legit_74,582.72,401.6,3.3648,1.7517,270.0,D2C2,0,139.09,480.02,0,-1
447,legit_53,778.34,598.4,13.2307,-0.0176,90.0,D3E3,0,28.38,471.65,0,-1
447,legit_60,200.51,5.86,3.4591,-1.1904,148.41,:B0_2,0,124.82,795.95,0,-1
447,legit_61,593.92,201.6,8.3469,0.0636,270.0,:D1_5,2,165.44,566.52,0,-1
447,legit_62,398.4,904.58,13.441,-0.3341,180.0,C5C4,0,82.66,546.23,0,-1
447,legit_64,598.4,10.4,5.8253,-4.5,180.0,D1D0,0,184.49,697.66,0,-1
447,legit_66,529.93,998.4,11.3501,0.0136,90.0,C5D5,1,114.23,569.27,0,-1
447,legit_67,201.6,842.07,11.283,0.6424,0.0,B4B5,0,51.64,604.03,0,-1
447,legit_68,622.07,201.6,11.7609,-0.7757,270.0,E1D1,2,151.74,566.76,0,-1
447,legit_69,-1.6,423.9,13.3578,-0.4313,180.0,A3A2,1,164.52,726.35,0,-1
447,legit_70,671.65,1001.6,13.5644,0.2807,270.0,E5D5,1,110.84,571.2,0,-1
447,legit_71,573.09,201.6,9.9472,2.0096,270.0,D1C1,2,147.68,566.9,0,-1
447,legit_72,1.6,562.72,12.2506,0.1218,0.0,A2A3,1,153.01,705.92,0,-1
447,legit_73,998.4,704.55,12.6216,0.0018,180.0,F4F3,0,116.59,573.15,0,-1
447,legit_74,576.96,401.6,5.7611,2.3963,270.0,D2C2,0,133.6,480.15,0,-1
448,legit_53,787.07,598.4,8.7307,-4.5,90.0,D3E3,0,37.1,474.34,0,-1
448,legit_60,201.6,8.84,3.4008,-0.0582,42.2,B0B1,0,122.55,793.25,0,-1
448,legit_61,583.82,201.6,10.0911,1.7443,270.0,D1C1,2,156.74,566.64,0,-1
448,legit_62,398.4,891.57,13.0043,-0.4366,180.0,C5C4,0,72.95,540.53,0,-1
448,legit_64,597.65,4.08,6.4546,0.6293,188.8,:D0_0,0,187.72,702.67,0,-1
448,legit_66,541.63,998.4,11.6965,0.3464,90.0,C5D5,1,122.7,568.41,0,-1
448,legit_67,201.6,853.06,10.9876,-0.2954,0.0,B4B5,0,53.23,607.71,0,-1
448,legit_68,613.0,201.6,9.0629,-2.698,270.0,E1D1,2,159.46,566.59,0,-1
448,legit_69,-1.6,410.96,12.9321,-0.4256,180.0,A3A2,0,159.94,729.16,0,-1
448,legit_70,658.99,1001.6,12.6617,-0.9027,270.0,E5D5,1,120.12,570.26,0,-1
448,legit_71,560.71,201.6,12.3791,2.4319,270.0,D1C1,2,137.54,567.35,0,-1
448,legit_72,1.6,574.1,11.3761,-0.8745,0.0,A2A3,0,150.64,705.47,0,-1
448,legit_73,998.4,690.98,13.5701,0.9484,180.0,F4F3,0,104.6,571.27,0,-1
448,legit_74,568.61,401.6,8.3507,2.5896,270.0,D2C2,0,125.69,480.4,0,-1
449,legit_53,792.1,598.4,5.0334,-3.6973,90.0,D3E3,0,42.13,475.93,0,-1
449,legit_60,201.6,14.31,5.4753,2.0745,0.0,B0B1,0,117.61,789.22,0,-1
449,legit_61,572.28,201.6,11.5476,1.4564,270.0,D1C1,2,147.0,566.92,0,-1
449,legit_62,398.4,878.28,13.2893,0.285,180.0,C5C4,0,64.25,534.93,0,-1
449,legit_64,592.6,1.6,5.9682,-0.4864,250.07,D0C0,0,185.35,704.67,0,-1
449,legit_66,552.84,998.4,11.2154,-0.4811,90.0,C5D5,1,131.28,567.74,0,-1
449,legit_67,201.6,863.42,10.3601,-0.6275,0.0,B4B5,0,56.67,611.38,0,-1
449,legit_68,608.44,201.6,4.565,-4.4978,270.0,E1D1,2,163.4,566.53,0,-1
449,legit_69,-1.6,398.2,12.7645,-0.1677,180.0,:A2_0,0,156.34,732.13,0,-1
449,legit_70,645.51,1001.6,13.4809,0.8192,270.0,E5D5,1,130.63,569.46,0,-1
449,legit_71,547.66,201.6,13.0578,0.6787,270.0,D1C1,2,127.26,568.03,0,-1
449,legit_72,1.6,584.13,10.0339,-1.3422,0.0,A2A3,0,149.25,705.2,0,-1
449,legit_73,998.4,677.69,13.2909,-0.2792,180.0,F4F3,0,93.27,569.62,0,-1
449,legit_74,558.74,401.6,9.8698,1.5191,270.0,D2C2,0,116.43,480.81,0,-1
450,legit_53,797.2,596.67,5.6004,0.5669,111.06,:E3_12,0,47.32,477.58,0,-1
450,legit_60,201.6,22.05,7.7371,2.2617,0.0,B0B1,0,110.71,783.57,0,-1
450,legit_61,559.64,201.6,12.6395,1.0919,270.0,D1C1,2,136.67,567.4,0,-1
450,legit_62,398.4,864.98,13.3047,0.0153,180.0,C5C4,0,57.33,529.6,0,-1
450,legit_64,585.03,1.6,7.5693,1.6011,270.0,D0C0,0,179.59,704.76,0,-1
450,legit_66,564.51,998.4,11.6718,0.4564,90.0,C5D5,1,140.61,567.19,0,-1
450,legit_67,201.6,874.05,10.6306,0.2705,0.0,B4B5,0,61.82,615.33,0,-1
450,legit_68,602.09,201.6,6.3497,1.7847,270.0,:D1_5,2,168.93,566.5,0,-1
450,legit_69,-1.6,385.39,12.8131,0.0487,180.0,A2A1,0,153.71,735.3,0,-1
450,legit_70,632.12,1001.6,13.3855,-0.0954,270.0,E5D5,1,141.57,568.88,0,-1
450,legit_71,534.53,201.6,13.1273,0.0695,270.0,D1C1,2,117.49,568.91,0,-1
450,legit_72,1.6,590.56,6.4281,-3.6059,0.0,A2A3,0,148.7,705.1,0,-1
450,legit_73,998.4,664.73,12.9592,-0.3316,180.0,F4F3,0,82.78,568.21,0,-1
450,legit_74,547.02,401.6,11.7214,1.8516,270.0,D2C2,0,105.56,481.44,0,-1
450,legit_75,212.3,198.4,0.0,0.0,90.0,B1C1,0,100.14,667.52,0,-1
451,legit_53,798.4,590.8,6.1283,0.5279,172.79,E3E2,0,49.27,478.05,0,-1
451,legit_60,201.6,31.72,9.6652,1.9282,0.0,B0B1,0,102.26,776.57,0,-1
451,legit_61,545.96,201.6,13.6804,1.0409,270.0,D1C1,2,125.96,568.13,0,-1
451,legit_62,398.4,852.2,12.7841,-0.5205,180.0,C5C4,0,53.02,524.76,0,-1
451,legit_64,575.63,1.6,9.4042,1.8349,270.0,D0C0,0,172.63,704.97,0,-1
451,legit_66,575.72,998.4,11.2012,-0.4706,90.0,C5D5,1,149.88,566.82,0,-1
451,legit_67,201.6,885.55,11.5012,0.8706,0.0,B4B5,0,68.83,619.79,0,-1
451,legit_68,594.22,201.6,7.8725,1.5228,270.0,:D1_5,2,165.7,566.51,0,-1
451,legit_69,-1.6,371.65,13.7385,0.9253,180.0,A2A1,0,152.05,738.92,0,-1
451,legit_70,618.87,1001.6,13.2523,-0.1332,270.0,E5D5,1,152.78,568.51,0,-1
451,legit_71,521.33,201.6,13.1956,0.0683,270.0,D1C1,2,108.38,570.01,0,-1
451,legit_72,1.0,593.69,3.3086,-3.1194,352.96,:A3_8,0,149.13,705.55,0,-1
451,legit_73,998.4,651.88,12.8527,-0.1066,180.0,F4F3,0,73.17,567.01,0,-1
451,legit_74,534.43,401.6,12.5928,0.8714,270.0,D2C2,0,94.12,482.3,0,-1
451,legit_75,214.88,198.4,2.5758,2.5758,90.0,B1C1,0,101.76,666.25,0,-1
452,legit_53,798.4,582.34,8.4631,2.3348,180.0,E3E2,0,51.52,478.28,0,-1
452,legit_60,201.6,43.25,11.531,1.8658,0.0,B0B1,0,92.49,768.31,0,-1
452,legit_61,532.57,201.6,13.3909,-0.2896,270.0,D1C1,2,116.08,569.06,0,-1
452,legit_62,398.4,838.54,13.6554,0.8713,180.0,C5C4,0,51.62,519.93,0,-1
452,legit_64,563.68,1.6,11.9551,2.5509,270.0,D0C0,0,164.14,705.37,0,-1
452,legit_66,587.62,998.4,11.9085,0.7074,90.0,C5D5,1,160.0,566.58,0,-1
452,legit_67,201.6,896.52,10.9689,-0.5323,0.0,B4B5,0,76.53,624.2,0,-1
452,legit_68,583.82,201.6,10.3938,2.5213,270.0,D1C1,2,156.74,566.64,0,-1
452,legit_69,-1.6,358.49,13.1562,-0.5823,180.0,A2A1,0,151.61,742.6,0,-1
452,legit_70,606.03,1001.6,12.8421,-0.4102,270.0,:D5_0,1,163.93,568.34,0,-1
452,legit_71,508.31,201.6,13.0191,-0.1765,270.0,D1C1,2,100.29,571.32,0,-1
452,legit_72,-1.29,593.27,3.0349,-0.2737,295.27,:A3_11,0,151.44,707.4,0,-1
452,legit_73,998.4,638.68,13.1977,0.345,180.0,F4F3,0,64.49,566.0,0,-1
452,legit_74,521.57,401.6,12.852,0.2592,270.0,D2C2,0,82.79,483.37,0,-1
452,legit_75,219.09,198.4,4.2093,1.6335,90.0,B1C1,0,104.5,664.2,0,-1
453,legit_53,798.4,572.36,9.9788,1.5157,180.0,E3E2,0,55.74,478.73,0,-1
453,legit_60,201.6,56.77,13.5193,1.9883,0.0,B0B1,1,81.61,758.76,0,-1
453,legit_61,518.74,201.6,13.8296,0.4387,270.0,D1C1,2,106.69,570.26,0,-1
453,legit_62,398.4,825.39,13.148,-0.5075,180.0,C5C4,0,53.63,515.62,0,-1
453,legit_64,549.82,1.6,13.8597,1.9046,270.0,D0C0,0,154.86,706.03,0,-1
453,legit_66,598.81,998.4,11.1867,-0.7218,90.0,:D5_7,1,169.72,566.5,0,-1
453,legit_67,201.6,907.08,10.5631,-0.4058,0.0,B4B5,0,84.63,628.59,0,-1
453,legit_68,571.24,201.6,12.5809,2.1871,270.0,D1C1,2,146.14,566.95,0,-1
453,legit_69,-1.6,345.46,13.0329,-0.1233,180.0,A2A1,0,152.3,746.45,0,-1
453,legit_70,592.22,1001.6,13.8043,0.9622,270.0,D5C5,1,162.4,568.35,0,-1
453,legit_71,494.52,201.6,13.7972,0.7781,270.0,D1C1,2,92.95,572.97,0,-1
453,legit_72,-1.6,590.6,2.7627,-0.2722,209.31,A3A2,0,151.89,707.68,0,-1
453,legit_73,998.4,625.12,13.561,0.3633,180.0,F4F3,0,57.39,565.23,0,-1
453,legit_74,507.82,401.6,13.7524,0.9005,270.0,D2C2,0,71.23,484.76,0,-1
453,legit_75,225.76,198.4,6.6755,2.4662,90.0,B1C1,1,109.02,660.99,0,-1
454,legit_53,798.4,560.79,11.5672,1.5884,180.0,E3E2,0,62.29,479.47,0,-1
454,legit_60,201.6,69.57,12.8018,-0.7175,0.0,B0B1,1,72.15,749.87,0,-1
454,legit_61,506.02,201.6,12.715,-1.1146,270.0,D1C1,2,98.98,571.58,0,-1
454,legit_62,398.4,812.38,13.0076,-0.1403,180.0,C5C4,0,58.52,511.68,0,-1
454,legit_64,536.25,1.6,13.5637,-0.296,270.0,D0C0,0,146.49,706.89,0,-1
454,legit_66,610.71,998.4,11.8974,0.7107,90.0,D5E5,1,161.43,566.56,0,-1
454,legit_67,201.6,918.22,11.1342,0.5711,0.0,B4B5,0,93.7,633.34,0,-1
454,legit_68,559.74,201.6,11.5,-1.0809,270.0,D1C1,2,136.75,567.4,0,-1
454,legit_69,-1.6,332.08,13.3822,0.3493,180.0,A2A1,0,154.15,750.62,0,-1
454,legit_70,578.83,1001.6,13.3958,-0.4085,270.0,D5C5,1,150.81,568.56,0,-1
454,legit_71,481.69,201.6,12.8298,-0.9674,270.0,D1C1,2,87.54,574.76,0,-1
454,legit_72,-1.6,586.28,4.322,1.5593,180.0,A3A2,0,152.22,707.75,0,-1
454,legit_73,998.4,615.16,9.9607,-3.6003,180.0,F4F3,0,53.78,564.86,0,-1
454,legit_74,494.36,401.6,13.4611,-0.2913,270.0,D2C2,0,60.81,486.36,0,-1
454,legit_75,234.85,198.4,9.0894,2.4139,90.0,B1C1,1,115.53,656.7,0,-1
455,legit_53,798.4,547.99,12.8033,1.236,180.0,E3E2,0,71.05,480.52,0,-1
455,legit_60,201.6,82.57,12.9999,0.1981,0.0,B0B1,1,63.75,741.02,0,-1
455,legit_61,492.83,201.6,13.192,0.477,270.0,D1C1,2,92.16,573.19,0,-1
455,legit_64,523.17,1.6,13.0775,-0.4861,270.0,D0C0,0,139.19,707.93,0,-1
455,legit_66,621.89,998.4,11.1853,-0.7121,90.0,D5E5,1,151.89,566.76,0,-1
455,legit_67,201.6,929.15,10.9383,-0.1959,0.0,B4B5,0,103.01,638.14,0,-1
455,legit_68,548.16,201.6,11.5782,0.0782,270.0,D1C1,2,127.65,568.0,0,-1
455,legit_69,-1.6,318.45,13.6311,0.2489,180.0,A2A1,0,157.19,755.08,0,-1
455,legit_70,565.49,1001.6,13.3359,-0.0599,270.0,D5C5,1,139.59,568.97,0,-1
455,legit_71,468.57,201.6,13.1169,0.2871,270.0,D1C1,2,83.69,576.86,0,-1
455,legit_72,-1.6,580.61,5.6723,1.3503,180.0,A3A2,0,152.84,707.86,0,-1
455,legit_73,998.4,609.09,6.0732,-3.8874,180.0,F4F3,0,52.39,564.72,0,-1
455,legit_74,480.67,401.6,13.6937,0.2326,270.0,D2C2,0,51.68,488.28,0,-1
455,legit_75,245.81,198.4,10.9585,1.8691,90.0,B1C1,1,123.8,651.65,0,-1
456,legit_53,798.4,534.94,13.0492,0.2459,180.0,E3E2,0,81.09,481.83,0,-1
456,legit_60,201.6,95.24,12.6686,-0.3313,0.0,B0B1,1,57.23,732.59,0,-1
456,legit_61,480.16,201.6,12.6644,-0.5276,270.0,D1C1,2,87.0,574.99,0,-1
456,legit_64,510.07,1.6,13.0999,0.0224,270.0,D0C0,0,132.77,709.17,0,-1
456,legit_66,633.53,998.4,11.6387,0.4534,90.0,D5E5,1,142.21,567.12,0,-1
456,legit_67,201.6,939.44,10.2874,-0.6509,0.0,B4B5,0,112.03,642.77,0,-1
456,legit_68,535.62,201.6,12.5428,0.9647,270.0,D1C1,2,118.28,568.83,0,-1
456,legit_69,-1.6,305.44,13.0032,-0.628,180.0,A2A1,0,161.12,759.53,0,-1
456,legit_70,552.0,1001.6,13.4959,0.16,270.0,D5C5,1,128.65,569.59,0,-1
456,legit_71,455.9,201.6,12.6717,-0.4451,270.0,D1C1,2,81.81,579.15,0,-1
456,legit_72,-1.6,573.31,7.2986,1.6263,180.0,A3A2,0,153.93,708.07,0,-1
456,legit_73,999.29,605.96,3.4279,-2.6453,169.29,:F3_9,0,51.06,565.15,0,-1
456,legit_74,466.79,401.6,13.8815,0.1878,270.0,D2C2,1,44.86,490.56,0,-1
456,legit_75,259.03,198.4,13.2177,2.2592,90.0,B1C1,1,134.29,645.74,0,-1
456,legit_76,387.7,401.6,0.0,0.0,270.0,C2B2,1,74.91,511.19,0,-1
457,legit_53,798.4,521.89,13.05,0.0009,180.0,E3E2,0,91.89,483.35,0,-1
457,legit_60,201.6,108.69,13.4505,0.7819,0.0,B0B1,1,52.83,723.89,0,-1
457,legit_61,467.55,201.6,12.6176,-0.0468,270.0,D1C1,2,83.47,577.03,0,-1
457,legit_64,496.76,1.6,13.3194,0.2195,270.0,D0C0,0,127.3,710.65,0,-1
457,legit_66,645.7,998.4,12.1724,0.5337,90.0,D5E5,1,132.42,567.66,0,-1
457,legit_67,201.6,950.04,10.5933,0.3058,0.0,B4B5,0,121.53,647.64,0,-1
457,legit_68,524.05,201.6,11.5694,-0.9734,270.0,D1C1,2,110.19,569.77,0,-1
457,legit_69,-1.6,292.72,12.7206,-0.2826,180.0,A2A1,0,165.86,764.08,0,-1
457,legit_70,538.7,1001.6,13.2927,-0.2032,270.0,D5C5,1,118.38,570.41,0,-1
457,legit_71,442.86,201.6,13.0351,0.3634,270.0,D1C1,2,81.91,581.8,0,-1
457,legit_72,-1.6,564.05,9.2567,1.9581,180.0,A3A2,0,155.8,708.44,0,-1
457,legit_73,1001.53,607.1,3.009,-0.4189,99.99,:F3_9,0,48.98,566.37,0,-1
457,legit_74,453.96,401.6,12.8259,-1.0556,270.0,D2C2,1,41.79,493.03,0,-1
457,legit_75,272.9,198.4,13.8754,0.6576,90.0,B1C1,1,145.78,639.73,0,-1
457,legit_76,385.61,401.6,2.0889,2.0889,270.0,C2B2,1,76.66,511.87,0,-1
458,legit_53,798.4,508.75,13.1382,0.0881,180.0,E3E2,0,103.29,485.09,0,-1
458,legit_60,201.6,121.77,13.0816,-0.369,0.0,B0B1,1,51.63,715.7,0,-1
458,legit_61,454.31,201.6,13.2391,0.6215,270.0,D1C1,2,81.71,579.46,0,-1
458,legit_64,483.97,1.6,12.7868,-0.5326,270.0,D0C0,0,123.18,712.28,0,-1
458,legit_66,657.33,998.4,11.6289,-0.5435,90.0,D5E5,1,123.47,568.34,0,-1
458,legit_67,201.6,961.58,11.5427,0.9494,0.0,B4B5,0,129.18,653.06,0,-1
458,legit_68,511.4,201.6,12.6515,1.0821,270.0,D1C1,2,102.12,570.99,0,-1
458,legit_69,-1.6,279.98,12.7414,0.0208,180.0,A2A1,0,171.42,768.81,0,-1
458,legit_70,525.07,1001.6,13.6382,0.3455,270.0,D5C5,1,108.54,571.48,0,-1
458,legit_71,429.88,201.6,12.9796,-0.0554,270.0,D1C1,3,84.04,584.72,0,-1
458,legit_72,-1.6,552.86,11.1874,1.9307,180.0,A3A2,0,158.76,709.01,0,-1
458,legit_73,1001.6,610.69,3.6071,0.598,10.38,F3F4,0,49.57,566.47,0,-1
458,legit_74,441.11,401.6,12.8527,0.0268,270.0,D2C2,1,42.54,495.88,0,-1
458,legit_75,285.55,198.4,12.646,-1.2293,90.0,B1C1,2,156.59,634.42,0,-1
458,legit_76,381.89,401.6,3.7198,1.6309,270.0,C2B2,1,79.81,513.11,0,-1
459,legit_53,798.4,495.83,12.9162,-0.222,180.0,E3E2,0,114.86,487.0,0,-1
459,legit_60,201.6,134.92,13.1483,0.0668,0.0,B0B1,1,53.71,707.77,0,-1
459,legit_61,441.14,201.6,13.1666,-0.0725,270.0,D1C1,3,82.08,582.17,0,-1
459,legit_64,471.34,1.6,12.6286,-0.1582,270.0,D0C0,0,120.31,714.1,0,-1
459,legit_66,668.98,998.4,11.6511,0.0222,90.0,D5E5,0,114.99,569.18,0,-1
459,legit_67,201.6,972.86,11.2858,-0.2568,0.0,B4B5,0,118.91,658.49,0,-1
459,legit_68,499.87,201.6,11.5318,-1.1198,270.0,D1C1,2,95.63,572.3,0,-1
459,legit_69,-1.6,266.92,13.0636,0.3222,180.0,A2A1,0,177.9,773.84,0,-1
459,legit_70,511.27,1001.6,13.7994,0.1612,270.0,D5C5,0,99.5,572.8,0,-1
459,legit_71,418.02,201.6,11.8627,-1.1169,270.0,D1C1,3,87.64,587.63,0,-1
459,legit_72,-1.6,540.75,12.1113,0.9239,180.0,A3A2,0,162.77,709.81,0,-1
459,legit_73,1001.6,616.58,5.8927,2.2856,0.0,F3F4,0,51.16,566.63,0,-1
459,legit_74,428.23,401.6,12.8789,0.0262,270.0,D2C2,1,46.95,499.11,0,-1
459,legit_75,299.27,198.4,13.7233,1.0773,90.0,B1C1,3,168.61,628.85,0,-1
459,legit_76,375.89,401.6,5.9975,2.2776,270.0,C2B2,1,84.98,515.14,0,-1
460,legit_53,798.4,483.21,12.6216,-0.2946,180.0,E3E2,0,126.42,489.05,0,-1
460,legit_60,201.6,147.66,12.7378,-0.4105,0.0,B0B1,1,58.54,700.35,0,-1
460,legit_61,428.58,201.6,12.5591,-0.6075,270.0,D1C1,3,84.36,585.03,0,-1
460,legit_64,458.2,1.6,13.1409,0.5123,270.0,D0C0,0,118.68,716.22,0,-1
460,legit_66,680.16,998.4,11.1775,-0.4736,90.0,D5E5,0,107.41,570.15,0,-1
460,legit_67,201.6,982.98,10.1142,-1.1716,0.0,B4B5,0,109.89,663.46,0,-1
460,legit_68,487.87,201.6,11.9993,0.4675,270.0,D1C1,2,89.96,573.87,0,-1
460,legit_69,-1.6,254.0,12.9215,-0.1421,180.0,A2A1,0,184.99,779.01,0,-1
460,legit_70,498.42,1001.6,12.8421,-0.9573,270.0,D5C5,0,92.15,574.26,0,-1
460,legit_71,410.66,201.6,7.3627,-4.5,270.0,D1C1,3,90.59,589.55,0,-1
460,legit_72,-1.6,528.93,11.8238,-0.2875,180.0,A3A2,0,167.43,710.76,0,-1
460,legit_73,1001.6,624.34,7.7574,1.8647,0.0,F3F4,0,54.17,566.93,0,-1
460,legit_74,418.03,401.6,10.1987,-2.6802,270.0,D2C2,1,52.47,501.9,0,-1
460,legit_75,312.9,198.4,13.6308,-0.0925,90.0,B1C1,3,157.93,623.51,0,-1
460,legit_76,368.48,401.6,7.4098,1.4123,270.0,C2B2,1,91.52,517.71,0,-1
461,legit_53,798.4,469.67,13.5431,0.9216,180.0,E3E2,0,119.87,491.45,0,-1
461,legit_60,201.6,160.03,12.376,-0.3618,0.0,B0B1,1,65.31,693.37,0,-1
461,legit_61,420.21,201.6,8.3692,-4.1899,270.0,D1C1,3,86.87,587.08,0,-1
461,legit_64,444.8,1.6,13.4034,0.2625,270.0,D0C0,0,118.51,718.62,0,-1
461,legit_66,692.25,998.4,12.087,0.9095,90.0,D5E5,0,99.97,571.39,0,-1
461,legit_67,201.6,988.99,6.008,-4.1062,0.0,B4B5,0,104.62,666.46,0,-1
461,legit_68,476.36,201.6,11.5105,-0.4887,270.0,D1C1,3,85.75,575.58,0,-1
461,legit_69,-1.6,240.36,13.6394,0.718,180.0,A2A1,0,193.13,784.65,0,-1
461,legit_70,485.57,1001.6,12.8541,0.012,270.0,D5C5,0,86.09,575.97,0,-1
461,legit_71,401.78,201.6,8.8792,1.5165,270.0,:C1_5,3,94.78,591.97,0,-1
461,legit_72,-1.6,517.19,11.7428,-0.081,180.0,A3A2,0,172.74,711.86,0,-1
461,legit_73,1001.6,633.52,9.188,1.4306,0.0,F3F4,0,58.88,567.42,0,-1
461,legit_74,411.68,401.6,6.3531,-3.8456,270.0,D2C2,1,56.56,503.73,0,-1
461,legit_75,326.57,198.4,13.664,0.0332,90.0,B1C1,4,146.23,618.35,0,-1
461,legit_76,359.2,401.6,9.2856,1.8759,270.0,C2B2,1,99.88,521.03,0,-1
462,legit_53,798.4,456.42,13.2505,-0.2926,180.0,E3E2,0,107.88,494.0,0,-1
462,legit_60,201.6,173.22,13.1901,0.8142,0.0,B0B1,1,74.13,686.14,0,-1
462,legit_61,411.94,201.6,8.2718,-0.0973,270.0,D1C1,3,90.04,589.21,0,-1
462,legit_64,432.14,1.6,12.656,-0.7475,270.0,D0C0,0,119.74,721.1,0,-1
462,legit_66,704.05,998.4,11.804,-0.283,90.0,D5E5,1,93.65,572.79,0,-1
462,legit_67,201.73,993.69,4.7171,-1.2909,1.47,:B5_3,0,100.62,668.77,0,-1
462,legit_68,464.17,201.6,12.1908,0.6803,270.0,D1C1,3,82.82,577.62,0,-1
462,legit_69,-1.6,227.72,12.6322,-1.0072,180.0,A2A1,0,185.98,790.05,0,-1
462,legit_70,472.62,1001.6,12.9513,0.0972,270.0,D5C5,1,81.6,577.94,0,-1
462,legit_71,391.45,201.6,10.3267,1.4475,270.0,C1B1,3,100.43,594.93,0,-1
462,legit_72,-1.6,505.51,11.6795,-0.0633,180.0,A3A2,0,178.64,713.13,0,-1
462,legit_73,1001.6,645.15,11.6262,2.4382,0.0,F3F4,0,66.19,568.23,0,-1
462,legit_74,403.32,401.03,8.3992,2.0461,263.47,:C2_6,1,62.15,506.39,0,-1
462,legit_75,339.17,198.4,12.6004,-1.0637,90.0,B1C1,4,135.76,613.77,0,-1
462,legit_76,347.88,401.6,11.3229,2.0373,270.0,C2B2,1,110.27,525.2,0,-1
462,legit_77,587.7,1001.6,0.0,0.0,270.0,D5C5,2,158.45,568.4,0,-1
463,legit_53,798.4,443.68,12.7368,-0.5137,180.0,E3E2,0,96.67,496.64,0,-1
463,legit_60,201.6,186.46,13.2346,0.0445,0.0,B0B1,0,84.14,679.08,0,-1
463,legit_61,407.59,201.6,4.3526,-3.9192,270.0,D1C1,3,91.96,590.38,0,-1
463,legit_64,418.58,1.6,13.5552,0.8992,270.0,D0C0,0,122.5,723.99,0,-1
463,legit_66,716.37,998.4,12.3126,0.5086,90.0,D5E5,1,88.26,574.47,0,-1
463,legit_67,204.34,997.8,5.1705,0.4534,33.27,:B5_3,0,98.53,669.54,0,-1
463,legit_68,451.63,201.6,12.5349,0.3441,270.0,D1C1,3,81.62,579.99,0,-1
463,legit_69,-1.6,215.03,12.6895,0.0573,180.0,A2A1,0,178.92,795.64,0,-1
463,legit_70,459.06,1001.6,13.5572,0.6059,270.0,D5C5,1,78.92,580.31,0,-1
463,legit_71,379.03,201.6,12.4203,2.0936,270.0,C1B1,3,108.14,598.69,0,-1
463,legit_72,-1.6,494.11,11.3998,-0.2797,180.0,A3A2,0,184.92,714.51,0,-1
463,legit_73,1001.6,657.97,12.8167,1.1905,0.0,F3F4,0,75.52,569.32,0,-1
463,legit_74,398.73,395.1,7.9431,-0.456,205.09,:C2_6,1,62.14,509.44,0,-1
463,legit_75,352.7,198.4,13.533,0.9326,90.0,B1C1,3,124.96,609.04,0,-1
463,legit_76,334.83,401.6,13.0472,1.7243,270.0,C2B2,1,122.45,530.19,0,-1
463,legit_77,585.95,1001.6,1.752,1.752,270.0,D5C5,2,156.93,568.42,0,-1
464,legit_53,798.4,430.32,13.3665,0.6298,180.0,E3E2,0,85.36,499.61,0,-1
464,legit_61,405.69,200.19,2.5151,-1.8375,252.12,:C1_7,3,91.61,591.67,0,-1
464,legit_64,405.82,1.6,12.767,-0.7882,270.0,:C0_4,0,126.38,726.93,0,-1
464,legit_66,728.06,998.4,11.696,-0.6166,90.0,D5E5,1,84.5,576.29,0,-1
464,legit_67,209.48,998.4,5.2403,0.0698,84.52,B5C5,0,100.98,667.26,0,-1
464,legit_68,439.2,201.6,12.4362,-0.0987,270.0,D1C1,3,82.31,582.6,0,-1
464,legit_69,-1.6,202.3,12.7389,0.0494,180.0,:A1_0,0,172.5,801.42,0,-1
464,legit_70,445.8,1001.6,13.2629,-0.2943,270.0,D5C5,1,78.51,582.93,0,-1
464,legit_71,365.98,201.6,13.0515,0.6312,270.0,C1B1,3,117.12,602.84,0,-1
464,legit_72,-1.6,482.38,11.7238,0.324,180.0,A3A2,0,191.88,716.09,0,-1
464,legit_73,1001.6,671.66,13.6895,0.8728,0.0,F3F4,0,86.47,570.72,0,-1
464,legit_74,398.4,387.27,7.8507,-0.0924,180.0,C2C1,1,58.36,511.78,0,-1
464,legit_75,366.3,198.4,13.6007,0.0677,90.0,B1C1,3,114.68,604.49,0,-1
464,legit_76,321.58,401.6,13.2516,0.2043,270.0,C2B2,1,134.99,535.45,0,-1
464,legit_77,582.64,1001.6,3.3108,1.5588,270.0,D5C5,2,154.08,568.48,0,-1
465,legit_53,798.4,417.48,12.8331,-0.5334,180.0,E3E2,0,75.14,502.67,0,-1
465,legit_61,408.12,198.4,3.4682,0.9531,153.69,C1D1,3,88.88,591.99,0,-1
465,legit_64,392.58,1.6,13.24,0.473,270.0,C0B0,0,131.59,730.2,0,-1
465,legit_66,739.95,998.4,11.8926,0.1966,90.0,D5E5,0,82.22,578.37,0,-1
465,legit_67,216.74,998.4,7.2573,2.0171,90.0,B5C5,0,105.42,663.68,0,-1
465,legit_68,426.63,201.6,12.5665,0.1303,270.0,D1C1,3,84.88,585.5,0,-1
465,legit_69,-1.6,188.65,13.6417,0.9027,180.0,A1A0,0,166.42,807.79,0,-1
465,legit_70,432.62,1001.6,13.1786,-0.0843,270.0,D5C5,1,80.3,585.83,0,-1
465,legit_71,352.7,201.6,13.2822,0.2307,270.0,C1B1,3,126.99,607.28,0,-1
465,legit_72,-1.6,470.54,11.8391,0.1153,180.0,A3A2,0,187.62,717.85,0,-1
465,legit_73,1001.6,684.53,12.8777,-0.8118,0.0,F3F4,0,97.41,572.23,0,-1
465,legit_74,398.4,377.98,9.2937,1.443,180.0,C2C1,1,54.64,514.57,0,-1
465,legit_75,379.07,198.4,12.7734,-0.8273,90.0,B1C1,3,105.72,600.43,0,-1
465,legit_76,308.29,401.6,13.287,0.0354,270.0,C2B2,1,147.69,540.91,0,-1
465,legit_77,577.42,1001.6,5.2187,1.908,270.0,D5C5,1,149.61,568.6,0,-1
466,legit_61,413.25,198.4,5.1279,1.6597,90.0,C1D1,3,86.58,590.62,0,-1
466,legit_64,379.43,1.6,13.146,-0.094,270.0,C0B0,0,137.83,733.65,0,-1
466,legit_66,752.33,998.4,12.3756,0.4831,90.0,D5E5,0,81.63,580.79,0,-1
466,legit_67,226.55,998.4,9.8125,2.5552,90.0,B5C5,0,111.89,658.94,0,-1
466,legit_68,416.38,201.6,10.25,-2.3165,270.0,D1C1,3,88.25,588.05,0,-1
466,legit_69,-1.6,175.5,13.1528,-0.4888,180.0,A1A0,0,161.44,814.13,0,-1
466,legit_70,418.96,1001.6,13.6563,0.4778,270.0,D5C5,0,84.32,589.15,0,-1
466,legit_71,338.96,201.6,13.7379,0.4557,270.0,C1B1,3,137.8,612.09,0,-1
466,legit_72,-1.6,458.05,12.4932,0.6541,180.0,A3A2,0,180.54,719.88,0,-1
466,legit_73,1001.6,697.49,12.9542,0.0765,0.0,F3F4,0,108.84,573.93,0,-1
466,legit_74,398.4,366.26,11.7229,2.4292,180.0,C2C1,1,51.98,518.32,0,-1
466,legit_75,387.4,198.4,8.324,-4.4494,90.0,B1C1,3,100.33,597.89,0,-1
466,legit_76,295.96,401.6,12.3316,-0.9554,270.0,C2B2,1,151.77,546.14,0,-1
466,legit_77,570.48,1001.6,6.936,1.7173,270.0,D5C5,0,143.74,568.8,0,-1
467,legit_61,420.28,198.4,7.032,1.9041,90.0,C1D1,3,83.84,588.81,0,-1
467,legit_64,366.73,1.6,12.7006,-0.4453,270.0,C0B0,0,144.75,737.17,0,-1
467,legit_66,764.41,998.4,12.0847,-0.291,90.0,D5E5,0,82.86,583.4,0,-1
467,legit_67,236.99,998.4,10.4364,0.6239,90.0,B5C5,0,119.27,654.02,0,-1
467,legit_68,410.39,201.6,5.9878,-4.2622,270.0,D1C1,3,90.71,589.62,0,-1
467,legit_69,-1.6,162.43,13.0741,-0.0787,180.0,A1A0,0,157.42,820.6,0,-1
467,legit_70,406.08,1001.6,12.8814,-0.7749,270.0,:C5_0,0,89.86,592.54,0,-1
467,legit_71,326.13,201.6,12.827,-0.9109,270.0,C1B1,3,148.33,616.77,0,-1
467,legit_72,-1.6,446.13,11.9161,-0.5771,180.0,A3A2,0,174.36,721.98,0,-1
467,legit_73,1001.6,710.8,13.3138,0.3596,0.0,F3F4,0,120.91,575.86,0,-1
467,legit_74,398.4,352.87,13.3868,1.6639,180.0,C2C1,1,52.09,522.92,0,-1
467,legit_75,391.55,198.4,4.1497,-4.1743,90.0,B1C1,3,97.79,596.66,0,-1
467,legit_76,283.52,401.6,12.4421,0.1105,270.0,C2B2,1,139.85,551.58,0,-1
467,legit_77,561.98,1001.6,8.4976,1.5615,270.0,D5C5,0,136.7,569.11,0,-1
468,legit_61,429.53,198.4,9.2469,2.2149,90.0,C1D1,4,81.03,586.56,0,-1
468,legit_64,353.57,1.6,13.1607,0.46,270.0,C0B0,0,152.7,741.02,0,-1
468,legit_66,775.99,998.4,11.5786,-0.506,90.0,D5E5,0,85.64,586.14,0,-1
468,legit_67,247.28,998.4,10.2875,-0.1489,90.0,B5C5,1,126.97,649.29,0,-1
468,legit_68,402.83,201.6,7.5587,1.571,270.0,:C1_5,4,94.25,591.68,0,-1
468,legit_69,-1.6,149.22,13.2045,0.1304,180.0,A1A0,0,154.39,827.31,0,-1
468,legit_70,393.07,1001.6,13.017,0.1356,270.0,:C5_0,1,96.89,596.22,0,-1
468,legit_71,312.36,201.6,13.7685,0.9415,270.0,C1B1,4,160.01,621.98,0,-1
468,legit_72,-1.6,434.55,11.5819,-0.3342,180.0,A3A2,0,168.94,724.19,0,-1
468,legit_73,1001.6,724.54,13.7391,0.4253,0.0,F3F4,0,125.19,578.05,0,-1
468,legit_74,398.4,339.0,13.8726,0.4858,180.0,C2C1,4,55.71,528.06,0,-1
468,legit_75,397.42,198.4,5.8719,1.7222,90.0,:C1_13,4,94.4,594.96,0,-1
468,legit_76,271.16,401.6,12.358,-0.0841,270.0,C2B2,1,128.1,557.15,0,-1
468,legit_77,551.45,1001.6,10.5357,2.0382,270.0,D5C5,0,128.21,569.62,0,-1
468,legit_78,198.4,187.7,0.0,0.0,180.0,B1B0,1,83.22,680.04,0,-1
469,legit_61,440.71,198.4,11.1815,1.9347,90.0,C1D1,4,78.95,584.02,0,-1
469,legit_64,340.81,1.6,12.7599,-0.4008,270.0,C0B0,0,161.06,744.93,0,-1
469,legit_66,788.25,998.4,12.2605,0.6819,90.0,D5E5,0,90.12,589.26,0,-1
469,legit_67,258.39,998.4,11.1122,0.8248,90.0,B5C5,1,135.67,644.32,0,-1
469,legit_68,393.24,201.6,9.5901,2.0313,270.0,:C1_5,4,99.4,594.41,0,-1
469,legit_69,-1.6,136.04,13.1844,-0.0201,180.0,A1A0,0,152.45,834.2,0,-1
469,legit_70,380.4,1001.6,12.6691,-0.3479,270.0,C5B5,1,104.84,600.02,0,-1
469,legit_71,298.72,201.6,13.6477,-0.1208,270.0,C1B1,4,169.63,627.34,0,-1
469,legit_72,-1.6,422.91,11.6388,0.0568,180.0,A3A2,0,164.14,726.56,0,-1
469,legit_73,1001.6,737.67,13.132,-0.6071,0.0,F3F4,0,113.2,580.32,0,-1
469,legit_74,398.4,325.55,13.4477,-0.4249,180.0,C2C1,3,62.04,533.37,0,-1
469,legit_75,405.32,198.4,7.9014,2.0294,90.0,:C1_13,4,90.24,592.75,0,-1
469,legit_76,258.79,401.6,12.3632,0.0052,270.0,C2B2,0,116.48,562.88,0,-1
469,legit_77,539.1,1001.6,12.3468,1.8111,270.0,D5C5,0,118.68,570.38,0,-1
469,legit_78,198.4,185.94,1.7573,1.7573,180.0,B1B0,1,81.8,680.96,0,-1
470,legit_61,453.53,198.4,12.8151,1.6336,90.0,C1D1,3,78.48,581.37,0,-1
470,legit_64,327.83,1.6,12.9811,0.2212,270.0,C0B0,0,170.13,749.09,0,-1
470,legit_66,799.74,998.4,11.4817,-0.7788,90.0,:E5_7,0,95.56,592.4,0,-1
470,legit_67,268.92,998.4,10.5324,-0.5798,90.0,B5C5,1,144.23,639.72,0,-1
470,legit_68,381.22,201.6,12.0232,2.4332,270.0,C1B1,4,106.72,598.01,0,-1
470,legit_69,-1.6,123.03,13.0104,-0.174,180.0,A1A0,0,151.63,841.17,0,-1
470,legit_70,367.21,1001.6,13.1863,0.5171,270.0,C5B5,1,114.02,604.2,0,-1
470,legit_71,285.44,201.6,13.2751,-0.3726,270.0,C1B1,3,158.12,632.75,0,-1
470,legit_72,-1.6,411.46,11.4547,-0.184,180.0,A3A2,0,160.1,729.05,0,-1
470,legit_73,1001.6,750.55,12.8744,-0.2576,0.0,F3F4,0,101.71,582.72,0,-1
470,legit_74,398.4,312.91,12.6389,-0.8088,180.0,C2C1,3,69.86,538.61,0,-1
470,legit_75,415.52,198.4,10.1982,2.2968,90.0,C1D1,4,85.65,590.03,0,-1
470,legit_76,245.82,401.6,12.9705,0.6074,270.0,C2B2,0,104.46,569.06,0,-1
470,legit_77,525.83,1001.6,13.2695,0.9228,270.0,D5C5,0,109.07,571.41,0,-1
470,legit_78,198.4,182.6,3.341,1.5837,180.0,B1B0,1,79.13,682.72,0,-1
471,legit_61,466.63,198.4,13.1022,0.2871,90.0,C1D1,3,80.14,578.95,0,-1
471,legit_64,314.9,1.6,12.9336,-0.0476,270.0,C0B0,0,179.64,753.41,0,-1
471,legit_66,811.32,998.4,11.5817,0.1,90.0,E5F5,0,102.07,595.75,0,-1
471,legit_67,280.27,998.4,11.3483,0.8159,90.0,B5C5,1,153.72,634.9,0,-1
471,legit_68,369.71,201.6,11.5137,-0.5095,270.0,C1B1,4,114.48,601.64,0,-1
471,legit_69,-1.6,109.3,13.7312,0.7207,180.0,A1A0,0,151.98,848.72,0,-1
471,legit_70,353.63,1001.6,13.5812,0.395,270.0,C5B5,1,124.23,608.72,0,-1
471,legit_71,272.63,201.6,12.8162,-0.4589,270.0,C1B1,2,147.29,638.13,0,-1
471,legit_72,-1.6,398.99,12.4698,1.0151,180.0,:A2_0,0,156.53,731.94,0,-1
471,legit_73,1001.6,763.53,12.9782,0.1039,0.0,F3F4,0,90.5,585.32,0,-1
471,legit_74,398.4,299.71,13.1994,0.5605,180.0,C2C1,3,79.36,544.32,0,-1
471,legit_75,427.9,198.4,12.3786,2.1804,90.0,C1D1,3,81.46,586.94,0,-1
471,legit_76,233.06,401.6,12.7689,-0.2017,270.0,C2B2,0,92.89,575.33,0,-1
471,legit_77,512.89,1001.6,12.9381,-0.3315,270.0,D5C5,0,100.51,572.63,0,-1
471,legit_78,198.4,176.9,5.7025,2.3615,180.0,B1B0,1,74.7,685.75,0,-1
472,legit_61,479.39,198.4,12.7578,-0.3444,90.0,C1D1,3,83.73,576.88,0,-1
472,legit_64,301.56,1.6,13.3388,0.4052,270.0,C0B0,0,189.88,758.04,0,-1
472,legit_66,822.47,998.4,11.1529,-0.4289,90.0,E5F5,0,109.14,599.15,0,-1
472,legit_67,291.77,998.4,11.4977,0.1493,90.0,B5C5,1,163.58,630.15,0,-1
472,legit_68,357.08,201.6,12.6286,1.1149,270.0,C1B1,4,123.67,605.8,0,-1
472,legit_69,-1.6,96.19,13.1082,-0.623,180.0,A1A0,0,153.46,856.1,0,-1
472,legit_70,340.39,1001.6,13.2356,-0.3456,270.0,C5B5,1,134.76,613.33,0,-1
472,legit_71,259.78,201.6,12.8411,0.0249,270.0,C1B1,2,136.79,643.7,0,-1
472,legit_72,-1.6,386.9,12.0881,-0.3817,180.0,A2A1,0,153.97,734.91,0,-1
472,legit_73,1001.6,776.55,13.0267,0.0485,0.0,F3F4,0,79.8,588.12,0,-1
472,legit_74,398.4,286.51,13.2014,0.002,180.0,C2C1,3,89.8,550.25,0,-1
472,legit_75,441.19,198.4,13.2918,0.9132,90.0,C1D1,3,78.89,583.91,0,-1
472,legit_76,220.93,401.6,12.1207,-0.6481,270.0,C2B2,0,82.23,581.44,0,-1
472,legit_77,499.8,1001.6,13.0924,0.1543,270.0,D5C5,0,92.88,574.09,0,-1
472,legit_78,198.4,168.71,8.1881,2.4856,180.0,B1B0,1,68.67,690.17,0,-1
473,legit_61,492.61,198.4,13.2239,0.4661,90.0,C1D1,3,89.23,575.0,0,-1
473,legit_64,287.7,1.6,13.8522,0.5134,270.0,C0B0,0,181.61,763.05,0,-1
473,legit_66,834.83,998.4,12.3644,1.2116,90.0,E5F5,0,117.71,603.11,0,-1
473,legit_67,302.34,998.4,10.5724,-0.9253,90.0,B5C5,1,168.71,625.9,0,-1
473,legit_68,344.65,201.6,12.4279,-0.2007,270.0,C1B1,4,133.26,610.08,0,-1
473,legit_69,-1.6,83.07,13.1193,0.0111,180.0,A1A0,0,156.03,863.65,0,-1
473,legit_70,327.38,1001.6,13.012,-0.2236,270.0,C5B5,1,145.54,618.05,0,-1
473,legit_71,245.97,201.6,13.8169,0.9759,270.0,C1B1,2,125.97,649.89,0,-1
473,legit_72,-1.6,375.28,11.6165,-0.4716,180.0,A2A1,0,152.37,737.94,0,-1
473,legit_73,1001.6,789.42,12.8673,-0.1594,0.0,F3F4,0,70.01,591.07,0,-1
473,legit_74,398.4,273.24,13.2721,0.0707,180.0,C2C1,3,100.95,556.42,0,-1
473,legit_75,454.37,198.4,13.1822,-0.1096,90.0,C1D1,3,78.52,581.2,0,-1
473,legit_76,212.95,401.6,7.9892,-4.1315,270.0,C2B2,0,75.45,585.56,0,-1
473,legit_77,487.05,1001.6,12.7494,-0.343,270.0,D5C5,0,86.72,575.76,0,-1
473,legit_78,198.4,157.96,10.7472,2.5592,180.0,B1B0,1,61.51,696.08,0,-1
474,legit_61,506.11,198.4,13.4952,0.2713,90.0,C1D1,2,96.41,573.36,0,-1
474,legit_64,274.52,1.6,13.1861,-0.6661,270.0,C0B0,1,171.82,767.99,0,-1
474,legit_66,846.79,998.4,11.9563,-0.4082,90.0,E5F5,0,126.6,607.11,0,-1
474,legit_67,313.37,998.4,11.0289,0.4565,90.0,B5C5,1,159.14,621.59,0,-1
474,legit_68,332.13,201.6,12.5145,0.0866,270.0,C1B1,4,143.36,614.56,0,-1
474,legit_69,-1.6,70.03,13.034,-0.0853,180.0,A1A0,0,159.62,871.32,0,-1
474,legit_70,314.72,1001.6,12.658,-0.354,270.0,C5B5,1,156.35,622.81,0,-1
474,legit_71,233.14,201.6,12.8271,-0.9898,270.0,C1B1,2,116.49,655.82,0,-1
474,legit_72,-1.6,363.02,12.2647,0.6482,180.0,A2A1,0,151.63,741.31,0,-1
474,legit_73,1001.6,803.15,13.733,0.8657,0.0,:F4_3,0,60.83,594.46,0,-1
474,legit_74,398.4,259.58,13.6569,0.3848,180.0,C2C1,3,112.9,562.96,0,-1
474,legit_75,468.05,198.4,13.6775,0.4953,90.0,C1D1,3,80.45,578.71,0,-1
474,legit_76,208.99,401.6,3.9513,-4.0379,270.0,C2B2,0,72.19,587.63,0,-1
474,legit_77,473.98,1001.6,13.077,0.3276,270.0,D5C5,0,81.98,577.72,0,-1
474,legit_78,198.4,144.78,13.1813,2.4341,180.0,B1B0,3,54.38,703.54,0,-1
474,legit_79,212.3,-1.6,0.0,0.0,90.0,B0C0,2,136.63,796.13,0,-1
475,legit_61,519.09,198.4,12.9791,-0.5162,90.0,C1D1,2,104.5,572.02,0,-1
475,legit_64,260.79,1.6,13.7276,0.5415,270.0,C0B0,2,162.15,773.33,0,-1
475,legit_66,859.14,998.4,12.3518,0.3956,90.0,E5F5,0,136.27,611.41,0,-1
475,legit_67,324.48,998.4,11.1153,0.0864,90.0,B5C5,2,149.71,617.38,0,-1
475,legit_68,320.11,201.6,12.0219,-0.4927,270.0,C1B1,3,153.39,619.02,0,-1
475,legit_69,-1.6,56.95,13.0858,0.0518,180.0,A1A0,0,164.19,879.17,0,-1
475,legit_70,301.78,1001.6,12.9479,0.29,270.0,C5B5,1,167.68,627.86,0,-1
475,legit_71,220.85,201.6,12.292,-0.5351,270.0,C1B1,2,108.07,661.68,0,-1
475,legit_72,-1.6,350.74,12.2851,0.0204,180.0,A2A1,0,151.88,744.87,0,-1
475,legit_73,1001.6,816.28,13.1289,-0.6041,0.0,F4F5,0,53.9,597.96,0,-1
475,legit_74,398.4,245.83,13.7536,0.0968,180.0,C2C1,3,125.29,569.76,0,-1
475,legit_75,481.3,198.4,13.2479,-0.4296,90.0,C1D1,2,84.42,576.59,0,-1
475,legit_76,206.46,401.1,2.6864,-1.2649,264.17,:B2_7,0,69.84,589.09,0,-1
475,legit_77,460.62,1001.6,13.3561,0.2791,270.0,D5C5,1,79.12,580.02,0,-1
475,legit_78,198.4,132.57,12.2106,-0.9707,180.0,B1B0,4,50.01,710.68,0,-1
475,legit_79,213.99,-1.6,1.6921,1.6921,90.0,B0C0,2,137.41,795.38,0,-1
476,legit_61,532.95,198.4,13.8593,0.8802,90.0,C1D1,2,114.13,570.83,0,-1
476,legit_64,247.36,1.6,13.4294,-0.2982,270.0,C0B0,2,153.29,778.74,0,-1
476,legit_66,870.75,998.4,11.6039,-0.7479,90.0,E5F5,0,145.73,615.61,0,-1
476,legit_67,335.31,998.4,10.8204,-0.2948,90.0,B5C5,2,140.76,613.41,0,-1
476,legit_68,307.32,201.6,12.7912,0.7693,270.0,C1B1,3,164.36,623.94,0,-1
476,legit_69,-1.6,43.34,13.6064,0.5207,180.0,A1A0,0,169.88,887.5,0,-1
476,legit_70,288.36,1001.6,13.4143,0.4663,270.0,C5B5,1,159.03,633.27,0,-1
476,legit_71,212.2,201.6,8.6504,-3.6416,270.0,C1B1,2,102.6,665.92,0,-1
476,legit_72,-1.6,338.37,12.3657,0.0805,180.0,A2A1,0,153.14,748.63,0,-1
476,legit_73,1001.6,829.83,13.5474,0.4185,0.0,F4F5,0,49.46,601.87,0,-1
476,legit_74,398.4,232.28,13.5473,-0.2063,180.0,C2C1,3,123.57,576.64,0,-1
476,legit_75,494.33,198.4,13.037,-0.2108,90.0,C1D1,2,90.07,574.78,0,-1
476,legit_76,206.46,398.89,2.8913,0.2049,215.83,:B2_7,0,68.56,589.65,0,-1
476,legit_77,448.02,1001.6,12.6036,-0.7525,270.0,D5C5,1,78.43,582.47,0,-1
476,legit_78,198.4,120.3,12.2688,0.0583,180.0,B1B0,4,48.4,718.1,0,-1
476,legit_79,217.39,-1.6,3.4016,1.7095,90.0,B0C0,2,139.03,793.87,0,-1
477,legit_61,546.6,198.4,13.6507,-0.2087,90.0,C1D1,2,124.41,569.9,0,-1
477,legit_64,234.09,1.6,13.2761,-0.1533,270.0,C0B0,2,145.22,784.27,0,-1
477,legit_66,882.64,998.4,11.8977,0.2938,90.0,E5F5,0,155.73,620.07,0,-1
477,legit_67,346.1,998.4,10.791,-0.0295,90.0,B5C5,2,132.12,609.57,0,-1
477,legit_68,295.42,201.6,11.8995,-0.8917,270.0,C1B1,3,166.75,628.67,0,-1
477,legit_69,-1.6,29.51,13.8335,0.2271,180.0,A1A0,0,176.55,896.12,0,-1
477,legit_70,274.64,1001.6,13.7212,0.307,270.0,C5B5,1,147.25,638.99,0,-1
477,legit_71,208.05,201.6,4.1504,-4.5,270.0,C1B1,2,100.14,667.98,0,-1
477,legit_72,-1.6,327.0,11.3704,-0.9953,180.0,A2A1,0,155.15,752.25,0,-1
477,legit_73,1001.6,842.47,12.6392,-0.9081,0.0,F4F5,0,48.46,605.83,0,-1
477,legit_74,398.4,218.45,13.8333,0.286,180.0,C2C1,3,111.15,583.86,0,-1
477,legit_75,507.4,198.4,13.066,0.029,90.0,C1D1,2,97.17,573.21,0,-1
477,legit_76,208.85,398.4,2.5332,-0.3581,132.0,B2C2,0,70.27,588.53,0,-1
477,legit_77,434.83,1001.6,13.1821,0.5784,270.0,D5C5,1,79.85,585.33,0,-1
477,legit_78,198.4,107.82,12.4828,0.214,180.0,B1B0,4,49.91,725.93,0,-1
477,legit_79,222.28,-1.6,4.8829,1.4814,90.0,B0C0,2,141.46,791.73,0,-1
478,legit_61,559.46,198.4,12.8609,-0.7897,90.0,C1D1,1,134.64,569.22,0,-1
478,legit_64,221.67,1.6,12.4137,-0.8624,270.0,C0B0,2,138.4,789.61,0,-1
478,legit_66,894.97,998.4,12.3262,0.4285,90.0,E5F5,0,166.36,624.84,0,-1
478,legit_67,357.5,998.4,11.4046,0.6136,90.0,B5C5,2,123.35,605.65,0,-1
478,legit_68,282.64,201.6,12.7797,0.8801,270.0,C1B1,3,155.73,633.91,0,-1
478,legit_69,-1.6,15.75,13.76,-0.0734,180.0,A1A0,0,183.99,904.85,0,-1
478,legit_70,260.99,1001.6,13.6526,-0.0686,270.0,C5B5,1,135.88,644.88,0,-1
478,legit_71,201.85,201.6,6.1998,2.0494,270.0,:B1_5,2,96.68,671.1,0,-1
478,legit_72,-1.6,314.99,12.0081,0.6377,180.0,A2A1,0,158.14,756.24,0,-1
478,legit_73,1001.6,856.23,13.7661,1.1269,0.0,F4F5,0,51.05,610.48,0,-1
478,legit_74,398.4,207.42,11.0277,-2.8056,180.0,C2C1,2,101.51,589.76,0,-1
478,legit_75,520.15,198.4,12.7467,-0.3193,90.0,C1D1,2,105.2,571.92,0,-1
478,legit_76,213.47,398.4,4.6244,2.0913,90.0,B2C2,0,74.18,586.11,0,-1
478,legit_77,421.84,1001.6,12.9957,-0.1863,270.0,D5C5,1,83.3,588.42,0,-1
478,legit_78,198.4,94.87,12.9528,0.47,180.0,B1B0,4,54.54,734.32,0,-1
478,legit_79,229.19,-1.6,6.9156,2.0326,90.0,B0C0,2,145.11,788.75,0,-1
479,legit_61,572.63,198.4,13.1724,0.3115,90.0,C1D1,1,145.55,568.73,0,-1
479,legit_64,212.5,1.6,9.1759,-3.2378,270.0,C0B0,2,133.88,793.66,0,-1
479,legit_66,907.08,998.4,12.1094,-0.2167,90.0,E5F5,0,164.57,629.68,0,-1
479,legit_67,368.4,998.4,10.8962,-0.5084,90.0,B5C5,2,115.4,602.06,0,-1
479,legit_68,270.34,201.6,12.3051,-0.4745,270.0,C1B1,3,145.39,639.11,0,-1
479,legit_70,247.68,1001.6,13.3102,-0.3424,270.0,C5B5,1,125.25,650.81,0,-1
479,legit_71,193.49,201.6,8.3577,2.1579,270.0,:B1_5,2,92.47,675.39,0,-1
479,legit_72,-1.6,302.66,12.3333,0.3252,180.0,A2A1,0,162.08,760.51,0,-1
479,legit_73,1001.6,869.65,13.411,-0.3551,0.0,F4F5,0,56.76,615.35,0,-1
479,legit_74,395.46,202.08,6.5277,-4.5,215.73,:C1_0,2,98.54,593.51,0,-1
479,legit_75,533.51,198.4,13.3621,0.6154,90.0,C1D1,2,114.54,570.79,0,-1
479,legit_76,219.66,398.4,6.1921,1.5677,90.0,B2C2,0,79.55,582.92,0,-1
479,legit_77,413.34,1001.6,8.4957,-4.5,270.0,D5C5,1,86.55,590.6,0,-1
479,legit_78,198.4,82.52,12.3442,-0.6086,180.0,B1B0,4,61.21,742.55,0,-1
479,legit_79,238.25,-1.6,9.0593,2.1437,90.0,B0C0,2,150.25,784.91,0,-1
480,legit_61,585.41,198.4,12.7833,-0.3891,90.0,C1D1,1,156.47,568.43,0,-1
480,legit_64,207.82,1.6,4.6759,-4.5,270.0,C0B0,2,131.76,795.76,0,-1
480,legit_66,919.42,998.4,12.344,0.2345,90.0,E5F5,1,153.98,634.77,0,-1
480,legit_67,379.14,998.4,10.7411,-0.1551,90.0,B5C5,2,108.07,598.65,0,-1
480,legit_68,257.68,201.6,12.6548,0.3497,270.0,C1B1,3,135.11,644.63,0,-1
480,legit_70,234.21,1001.6,13.4677,0.1575,270.0,C5B5,1,115.06,657.0,0,-1
480,legit_71,183.38,201.6,10.1091,1.7514,270.0,B1A1,2,88.16,680.71,0,-1
480,legit_72,-1.6,290.79,11.8708,-0.4625,180.0,A2A1,0,166.65,764.78,0,-1
480,legit_73,1001.6,883.32,13.6703,0.2592,0.0,F4F5,2,64.95,620.59,0,-1
480,legit_74,389.05,201.6,6.4733,-0.0544,267.97,C1B1,1,101.85,595.64,0,-1
480,legit_75,546.6,198.4,13.0951,-0.267,90.0,C1D1,1,124.41,569.9,0,-1
480,legit_76,227.54,398.4,7.8808,1.6887,90.0,B2C2,0,86.53,578.93,0,-1
480,legit_77,407.53,1001.6,5.8081,-2.6877,270.0,D5C5,1,89.16,592.14,0,-1
480,legit_78,198.4,70.35,12.175,-0.1692,180.0,B1B0,4,69.34,750.84,0,-1
480,legit_79,248.77,-1.6,10.5226,1.4634,90.0,B0C0,2,156.66,780.57,0,-1
480,legit_80,987.7,801.6,0.0,0.0,270.0,F4E4,1,73.18,586.72,0,-1
481,legit_64,205.82,0.44,2.4595,-2.2164,255.7,:B0_9,2,131.95,797.53,0,-1
481,legit_66,930.95,998.4,11.5234,-0.8205,90.0,E5F5,1,144.33,639.66,0,-1
481,legit_67,390.48,998.4,11.345,0.6039,90.0,B5C5,1,101.0,595.22,0,-1
481,legit_68,245.98,201.6,11.7018,-0.953,270.0,C1B1,2,125.98,649.88,0,-1
481,legit_70,220.45,1001.6,13.7637,0.296,270.0,C5B5,0,105.4,663.54,0,-1
481,legit_71,171.94,201.6,11.4393,1.3302,270.0,B1A1,2,84.5,686.9,0,-1
481,legit_72,-1.6,279.34,11.4481,-0.4227,180.0,A2A1,0,171.72,769.05,0,-1
481,legit_73,1001.6,896.34,13.0252,-0.645,0.0,F4F5,2,74.28,625.81,0,-1
481,legit_74,380.87,201.6,8.179,1.7058,270.0,C1B1,1,106.95,598.12,0,-1
481,legit_75,560.27,198.4,13.6626,0.5675,90.0,C1D1,0,135.3,569.19,0,-1
481,legit_76,236.83,398.4,9.2852,1.4044,90.0,B2C2,0,94.94,574.31,0,-1
481,legit_77,406.39,1001.06,1.3081,-4.5,263.62,:C5_2,1,90.19,592.16,0,-1
481,legit_78,198.4,58.41,11.9343,-0.2406,180.0,B1B0,3,78.33,759.11,0,-1
481,legit_79,260.62,-1.6,11.8503,1.3276,90.0,B0C0,2,164.39,775.81,0,-1
481,legit_80,986.34,801.6,1.3586,1.3586,270.0,F4E4,1,74.34,586.02,0,-1
482,legit_64,207.69,-1.6,3.3179,0.8584,168.76,B0C0,2,134.59,798.2,0,-1
482,legit_66,942.97,998.4,12.0223,0.4989,90.0,E5F5,1,134.59,644.92,0,-1
482,legit_67,401.62,998.4,11.139,-0.206,90.0,:C5_7,1,94.86,592.02,0,-1
482,legit_68,234.38,201.6,11.6029,-0.0989,270.0,C1B1,2,117.38,655.24,0,-1
482,legit_70,211.18,1001.6,9.2637,-4.5,270.0,C5B5,0,99.45,668.07,0,-1
482,legit_71,158.8,201.6,13.1441,1.7048,270.0,B1A1,1,82.07,694.26,0,-1
482,legit_72,-1.6,267.7,11.6361,0.188,180.0,A2A1,0,177.49,773.54,0,-1
482,legit_73,1001.6,910.22,13.8789,0.8536,0.0,F4F5,2,85.28,631.6,0,-1
482,legit_74,371.14,201.6,9.7308,1.5518,270.0,C1B1,1,113.48,601.18,0,-1
482,legit_75,573.58,198.4,13.3093,-0.3533,90.0,C1D1,0,146.35,568.7,0,-1
482,legit_76,248.6,398.4,11.7739,2.4887,90.0,B2C2,0,105.82,568.58,0,-1
482,legit_77,406.16,1000.9,0.2803,-1.0278,261.73,:C5_2,1,90.44,592.14,0,-1
482,legit_78,198.4,45.22,13.1938,1.2594,180.0,B1B0,2,89.08,768.41,0,-1
482,legit_79,272.18,-1.6,11.5576,-0.2927,90.0,B0C0,2,172.38,771.31,0,-1
482,legit_80,983.33,801.6,3.0095,1.651,270.0,F4E4,1,76.94,584.46,0,-1
483,legit_64,213.58,-1.6,5.8909,2.5731,90.0,B0C0,2,137.22,795.56,0,-1
483,legit_66,954.94,998.4,11.9659,-0.0564,90.0,E5F5,1,125.28,650.3,0,-1
483,legit_67,412.33,998.4,10.7099,-0.4291,90.0,C5D5,1,89.87,589.11,0,-1
483,legit_68,222.42,201.6,11.957,0.3541,270.0,C1B1,2,109.1,660.92,0,-1
483,legit_70,205.75,1001.39,5.452,-3.8118,267.61,:B5_1,0,96.37,670.67,0,-1
483,legit_71,145.41,201.6,13.3894,0.2453,270.0,B1A1,1,81.73,702.03,0,-1
483,legit_72,-1.6,255.3,12.4073,0.7711,180.0,A2A1,0,184.24,778.48,0,-1
483,legit_73,1001.6,923.19,12.9735,-0.9053,0.0,F4F5,2,96.25,637.2,0,-1
483,legit_74,359.24,201.6,11.8955,2.1647,270.0,C1B1,1,122.05,605.07,0,-1
483,legit_75,584.13,198.4,10.5574,-2.7519,90.0,C1D1,0,155.36,568.45,0,-1
483,legit_76,261.59,398.4,12.9845,1.2106,90.0,B2C2,0,118.01,562.44,0,-1
483,legit_77,406.1,1000.86,0.0701,-0.2102,261.25,:C5_2,1,90.5,592.13,0,-1
483,legit_78,198.4,33.26,11.9554,-1.2383,180.0,B1B0,2,99.33,776.95,0,-1
483,legit_79,283.73,-1.6,11.546,-0.0116,90.0,B0C0,2,180.75,766.95,0,-1
483,legit_80,977.82,801.6,5.5113,2.5017,270.0,F4E4,1,81.76,581.64,0,-1
484,legit_64,221.43,-1.6,7.8496,1.9586,90.0,B0C0,2,141.03,792.1,0,-1
484,legit_66,967.09,998.4,12.1566,0.1906,90.0,E5F5,1,116.33,655.93,0,-1
484,legit_67,423.7,998.4,11.3647,0.6548,90.0,C5D5,1,85.73,586.21,0,-1
484,legit_68,214.0,201.6,8.4168,-3.5403,270.0,C1B1,2,103.71,665.02,0,-1
484,legit_70,199.87,998.19,7.0433,1.5914,232.9,:B5_9,0,95.81,672.0,0,-1
484,legit_71,131.72,201.6,13.6852,0.2958,270.0,B1A1,2,83.62,710.25,0,-1
484,legit_72,-1.6,243.56,11.7338,-0.6735,180.0,A2A1,1,191.16,783.3,0,-1
484,legit_73,1001.6,936.96,13.7701,0.7966,0.0,F4F5,2,108.37,643.33,0,-1
484,legit_74,345.6,201.6,13.6442,1.7486,270.0,C1B1,1,132.51,609.74,0,-1
484,legit_75,590.3,198.4,6.1713,-4.3861,90.0,C1D1,0,160.72,568.37,0,-1
484,legit_76,274.25,398.4,12.661,-0.3235,90.0,B2C2,0,130.05,556.62,0,-1
484,legit_77,405.89,999.42,1.6626,1.5926,236.68,:C5_10,1,91.87,591.39,0,-1
484,legit_78,198.4,20.96,12.3037,0.3482,180.0,B1B0,2,110.23,785.85,0,-1
484,legit_79,295.47,-1.6,11.7386,0.1926,90.0,B0C0,2,189.6,762.66,0,-1
484,legit_80,970.09,801.6,7.7258,2.2146,270.0,F4E4,1,88.65,577.74,0,-1
485,legit_64,231.45,-1.6,10.0212,2.1716,90.0,B0C0,2,146.36,787.78,0,-1
485,legit_66,978.71,998.4,11.6205,-0.536,90.0,E5F5,1,108.35,661.47,0,-1
485,legit_67,435.21,998.4,11.5171,0.1524,90.0,C5D5,1,82.93,583.49,0,-1
485,legit_68,209.25,201.6,4.7534,-3.6634,270.0,C1B1,2,100.84,667.38,0,-1
485,legit_70,198.4,991.2,7.2844,0.241,185.53,B5B4,0,101.13,669.22,0,-1
485,legit_71,117.87,201.6,13.8526,0.1674,270.0,B1A1,2,87.7,718.85,0,-1
485,legit_72,-1.6,231.67,11.8902,0.1564,180.0,A2A1,1,188.29,788.34,0,-1
485,legit_73,1001.6,949.8,12.8376,-0.9325,0.0,F4F5,1,120.0,649.2,0,-1
485,legit_74,331.92,201.6,13.682,0.0379,270.0,C1B1,1,143.53,614.64,0,-1
485,legit_75,597.56,199.5,7.4458,1.2745,77.16,:D1_14,0,167.61,567.69,0,-1
485,legit_76,287.0,398.4,12.7496,0.0886,90.0,B2C2,0,142.28,550.92,0,-1
485,legit_77,408.37,998.4,2.8549,1.1923,145.58,C5D5,1,91.61,590.16,0,-1
485,legit_78,198.4,13.07,7.8942,-4.4095,180.0,B1B0,2,117.38,791.62,0,-1
485,legit_79,306.81,-1.6,11.3436,-0.395,90.0,B0C0,2,187.86,758.64,0,-1
485,legit_80,960.61,801.6,9.4822,1.7563,270.0,F4E4,0,97.29,573.05,0,-1
486,legit_64,243.84,-1.6,12.3868,2.3656,90.0,B0C0,2,153.6,782.59,0,-1
486,legit_66,989.95,998.4,11.2422,-0.3784,90.0,E5F5,1,101.31,666.98,0,-1
486,legit_67,446.66,998.4,11.4498,-0.0673,90.0,C5D5,1,81.67,581.0,0,-1
486,legit_68,202.75,201.6,6.5007,1.7473,270.0,:B1_5,2,97.17,670.64,0,-1
486,legit_70,198.4,981.38,9.8188,2.5344,180.0,B5B4,0,109.85,664.33,0,-1
486,legit_71,104.53,201.6,13.3417,-0.5109,270.0,B1A1,2,93.41,727.38,0,-1
486,legit_72,-1.6,220.19,11.4768,-0.4135,180.0,A2A1,1,181.72,793.34,0,-1
486,legit_73,1001.6,962.98,13.1822,0.3447,0.0,F4F5,1,126.63,655.4,0,-1
486,legit_74,318.46,201.6,13.4591,-0.2229,270.0,C1B1,1,154.8,619.65,0,-1
486,legit_75,601.49,206.42,8.4492,1.0033,16.78,:D1_14,0,171.82,563.78,0,-1
486,legit_76,299.01,398.4,12.0142,-0.7353,90.0,B2C2,0,153.88,545.71,0,-1
486,legit_77,413.43,998.4,5.0616,2.2066,90.0,C5D5,1,89.42,588.82,0,-1
486,legit_78,198.4,8.23,4.8353,-3.0589,180.0,B1B0,2,121.8,795.17,0,-1
486,legit_79,319.16,-1.6,12.3471,1.0035,90.0,B0C0,2,178.62,754.42,0,-1
486,legit_80,949.34,801.6,11.2697,1.7875,270.0,F4E4,0,107.73,567.6,0,-1
487,legit_64,257.08,-1.6,13.249,0.8622,90.0,B0C0,2,162.03,777.22,0,-1
487,legit_67,457.38,998.4,10.7182,-0.7316,90.0,C5D5,1,81.93,578.87,0,-1
487,legit_68,194.29,201.6,8.4627,1.962,270.0,:B1_5,2,92.84,674.98,0,-1
487,legit_70,198.4,969.75,11.6288,1.8101,180.0,B5B4,0,120.4,658.65,0,-1
487,legit_71,90.91,201.6,13.6219,0.2802,270.0,B1A1,2,100.75,736.32,0,-1
487,legit_72,-1.6,208.7,11.4945,0.0178,180.0,A2A1,1,175.64,798.49,0,-1
487,legit_73,1001.6,975.92,12.9409,-0.2413,0.0,F4F5,0,114.78,661.65,0,-1
487,legit_74,304.92,201.6,13.54,0.0809,270.0,C1B1,1,166.46,624.88,0,-1
487,legit_75,601.6,214.18,7.7698,-0.6794,0.0,D1D2,0,175.76,559.47,0,-1
487,legit_76,311.82,398.4,12.811,0.7967,90.0,B2C2,0,143.41,540.32,0,-1
487,legit_77,420.13,998.4,6.6975,1.6359,90.0,C5D5,1,86.9,587.1,0,-1
487,legit_78,199.6,2.27,6.1842,1.3489,166.15,:B0_1,2,127.76,799.02,0,-1
487,legit_79,330.75,-1.6,11.5884,-0.7586,90.0,B0C0,2,170.32,750.6,0,-1
487,legit_80,935.72,801.6,13.6261,2.3565,270.0,F4E4,0,120.56,561.18,0,-1
488,legit_64,270.08,-1.6,12.9915,-0.2575,90.0,B0C0,2,170.89,772.12,0,-1
488,legit_67,468.81,998.4,11.4269,0.7087,90.0,C5D5,1,83.74,576.82,0,-1
488,legit_68,184.47,201.6,9.8137,1.351,270.0,B1A1,2,88.58,680.13,0,-1
488,legit_70,198.4,956.41,13.3466,1.7178,180.0,B5B4,0,126.07,652.29,0,-1
488,legit_71,77.86,201.6,13.0511,-0.5708,270.0,B1A1,1,108.92,745.08,0,-1
488,legit_73,1001.6,988.58,12.66,-0.2809,0.0,F4F5,0,103.44,667.9,0,-1
488,legit_74,291.87,201.6,13.0488,-0.4913,270.0,C1B1,1,163.66,630.11,0,-1
488,legit_75,601.6,223.55,9.3709,1.6011,0.0,D1D2,0,180.96,554.36,0,-1
488,legit_76,324.82,398.4,12.9941,0.1831,90.0,B2C2,0,130.94,535.03,0,-1
488,legit_77,429.13,998.4,8.9983,2.3009,90.0,C5D5,1,84.23,584.9,0,-1
488,legit_78,205.36,-1.34,7.1788,0.9946,111.72,:B0_1,2,133.37,799.06,0,-1
488,legit_79,342.88,-1.6,12.1386,0.5502,90.0,B0C0,2,162.05,746.76,0,-1
488,legit_80,922.34,801.6,13.3764,-0.2497,270.0,F4E4,0,133.31,555.08,0,-1
489,legit_64,283.48,-1.6,13.4068,0.4153,90.0,B0C0,2,180.57,767.04,0,-1
489,legit_67,479.94,998.4,11.1323,-0.2946,90.0,C5D5,1,86.92,575.02,0,-1
489,legit_68,173.13,201.6,11.3464,1.5327,270.0,B1A1,3,84.81,686.25,0,-1
489,legit_70,198.4,943.19,13.2172,-0.1294,180.0,B5B4,0,113.98,646.16,0,-1
489,legit_71,64.58,201.6,13.2759,0.2248,270.0,B1A1,2,118.13,754.18,0,-1
489,legit_73,1001.6,996.74,8.16,-4.5,0.0,F4F5,0,96.3,672.02,0,-1
489,legit_74,279.1,201.6,12.7686,-0.2802,270.0,C1B1,2,152.73,635.39,0,-1
489,legit_75,601.6,235.4,11.8539,2.483,0.0,D1D2,0,187.99,548.06,0,-1
489,legit_76,337.42,398.4,12.6069,-0.3872,90.0,B2C2,0,118.94,530.07,0,-1
489,legit_77,440.01,998.4,10.8777,1.8794,90.0,C5D5,1,82.21,582.42,0,-1
489,legit_78,212.06,-1.6,6.7228,-0.4561,90.22,B0C0,2,136.52,796.24,0,-1
489,legit_79,354.02,-1.6,11.1344,-1.0042,90.0,B0C0,2,154.92,743.37,0,-1
489,legit_80,909.5,801.6,12.8375,-0.5389,270.0,F4E4,0,145.65,549.39,0,-1
489,legit_81,187.7,201.6,0.0,0.0,270.0,B1A1,3,89.89,678.42,0,-1
490,legit_64,296.35,-1.6,12.866,-0.5409,90.0,B0C0,2,190.28,762.34,0,-1
490,legit_67,491.24,998.4,11.2986,0.1663,90.0,C5D5,1,91.43,573.41,0,-1
490,legit_68,160.38,201.6,12.7434,1.397,270.0,B1A1,3,82.26,693.36,0,-1
490,legit_70,198.4,929.35,13.8438,0.6266,180.0,B5B4,0,101.61,639.91,0,-1
490,legit_71,50.95,201.6,13.6275,0.3516,270.0,B1A1,2,128.33,763.68,0,-1
490,legit_73,998.36,1001.38,6.2218,-1.9381,318.05,:F5_0,0,94.07,672.73,0,-1
490,legit_74,265.77,201.6,13.3332,0.5646,270.0,C1B1,2,141.64,641.09,0,-1
490,legit_75,601.6,248.71,13.3051,1.4513,0.0,D1D2,0,185.49,541.2,0,-1
490,legit_76,350.27,398.4,12.8474,0.2405,90.0,B2C2,0,106.87,525.2,0,-1
490,legit_77,453.4,998.4,13.3921,2.5144,90.0,C5D5,1,81.67,579.64,0,-1
490,legit_78,220.71,-1.6,8.647,1.9242,90.0,B0C0,2,140.66,792.42,0,-1
490,legit_79,365.44,-1.6,11.4222,0.2878,90.0,B0C0,2,148.11,740.04,0,-1
490,legit_80,895.75,801.6,13.7498,0.9123,270.0,F4E4,0,150.73,543.49,0,-1
490,legit_81,185.58,201.6,2.1211,2.1211,270.0,B1A1,3,89.02,679.54,0,-1
491,legit_64,309.83,-1.6,13.4759,0.6099,90.0,B0C0,2,185.57,757.6,0,-1
491,legit_67,502.02,998.4,10.7843,-0.5143,90.0,C5D5,1,96.77,572.04,0,-1
491,legit_68,148.83,201.6,11.557,-1.1864,270.0,B1A1,3,81.61,700.02,0,-1
491,legit_70,198.4,915.62,13.7275,-0.1163,180.0,B5B4,0,89.78,633.91,0,-1
491,legit_71,37.28,201.6,13.6695,0.042,270.0,B1A1,2,139.15,773.38,0,-1
491,legit_73,991.68,1001.6,6.6932,0.4714,270.0,F5E5,0,97.71,669.49,0,-1
491,legit_74,252.05,201.6,13.7134,0.3802,270.0,C1B1,2,130.67,647.14,0,-1
491,legit_75,601.6,261.5,12.7871,-0.5181,0.0,D1D2,0,178.12,534.81,0,-1
491,legit_76,362.57,398.4,12.2985,-0.5489,90.0,B2C2,0,95.49,520.7,0,-1
491,legit_77,465.93,998.4,12.5278,-0.8643,90.0,C5D5,1,83.14,577.31,0,-1
491,legit_78,230.94,-1.6,10.2311,1.5842,90.0,B0C0,2,146.08,788.0,0,-1
491,legit_79,376.86,-1.6,11.4173,-0.0049,90.0,B0C0,2,141.9,736.85,0,-1
491,legit_80,882.33,801.6,13.421,-0.3288,270.0,F4E4,0,137.79,537.92,0,-1
491,legit_81,181.2,201.6,4.3754,2.2544,270.0,B1A1,3,87.36,681.87,0,-1
492,legit_64,323.6,-1.6,13.7737,0.2978,90.0,B0C0,2,175.4,752.94,0,-1
492,legit_67,512.62,998.4,10.6007,-0.1836,90.0,C5D5,1,102.86,570.86,0,-1
492,legit_68,136.79,201.6,12.0325,0.4755,270.0,B1A1,3,82.66,707.17,0,-1
492,legit_70,198.4,902.76,12.8546,-0.8729,180.0,B5B4,0,79.26,628.46,0,-1
492,legit_71,24.05,201.6,13.2361,-0.4335,270.0,B1A1,1,150.08,782.91,0,-1
492,legit_73,982.98,1001.6,8.7036,2.0104,270.0,F5E5,0,103.14,665.2,0,-1
492,legit_74,238.67,201.6,13.3796,-0.3338,270.0,C1B1,2,120.51,653.24,0,-1
492,legit_75,601.6,274.66,13.1645,0.3775,0.0,D1D2,0,171.19,528.46,0,-1
492,legit_76,375.17,398.4,12.5995,0.3009,90.0,B2C2,0,84.11,516.28,0,-1
492,legit_77,478.58,998.4,12.6506,0.1228,90.0,C5D5,1,86.46,575.23,0,-1
492,legit_78,243.49,-1.6,12.5498,2.3187,90.0,B0C0,2,153.39,782.73,0,-1
492,legit_79,387.17,-1.6,10.3088,-1.1085,90.0,B0C0,2,136.87,734.11,0,-1
492,legit_80,869.54,801.6,12.7906,-0.6304,270.0,F4E4,0,125.56,532.79,0,-1
492,legit_81,174.58,201.6,6.625,2.2495,270.0,B1A1,2,85.22,685.46,0,-1
492,legit_82,812.3,198.4,0.0,0.0,90.0,E1F1,0,100.14,597.8,0,-1
493,legit_64,337.01,-1.6,13.4089,-0.3648,90.0,B0C0,2,165.99,748.6,0,-1
493,legit_67,523.04,998.4,10.4173,-0.1834,90.0,C5D5,1,109.52,569.86,0,-1
493,legit_68,124.36,201.6,12.4304,0.3978,270.0,B1A1,3,85.53,714.78,0,-1
493,legit_70,198.4,889.36,13.4029,0.5483,180.0,B5B4,0,69.13,622.99,0,-1
493,legit_71,14.85,201.6,9.1959,-4.0402,270.0,B1A1,1,157.87,789.61,0,-1
493,legit_73,972.58,1001.6,10.3965,1.6929,270.0,F5E5,0,110.18,660.2,0,-1
493,legit_74,225.23,201.6,13.4405,0.0609,270.0,C1B1,2,110.99,659.57,0,-1
493,legit_75,601.6,287.26,12.6018,-0.5627,0.0,D1D2,0,165.27,522.6,0,-1
493,legit_76,384.55,398.4,9.3851,-3.2144,90.0,B2C2,0,75.88,513.1,0,-1
493,legit_77,491.33,998.4,12.7565,0.1058,90.0,C5D5,1,91.47,573.39,0,-1
493,legit_78,255.42,-1.6,11.9316,-0.6181,90.0,B0C0,2,160.94,777.88,0,-1
493,legit_79,394.18,-1.4,7.0317,-3.2771,87.73,:C0_7,2,133.62,732.15,0,-1
493,legit_80,856.25,801.6,13.2895,0.4989,270.0,F4E4,0,112.98,527.65,0,-1
493,legit_81,165.72,201.6,8.8547,2.2297,270.0,B1A1,2,83.1,690.35,0,-1
493,legit_82,813.74,198.4,1.442,1.442,90.0,E1F1,0,101.04,598.24,0,-1
494,legit_64,350.34,-1.6,13.3353,-0.0736,90.0,B0C0,2,157.22,744.47,0,-1
494,legit_67,533.95,998.4,10.9124,0.4952,90.0,C5D5,1,117.08,568.95,0,-1
494,legit_68,112.73,201.6,11.6369,-0.7935,270.0,B1A1,3,89.71,722.11,0,-1
494,legit_70,198.4,876.63,12.7325,-0.6703,180.0,B5B4,0,60.7,617.99,0,-1
494,legit_71,9.56,201.6,5.2922,-3.9037,270.0,B1A1,2,162.43,793.49,0,-1
494,legit_73,960.33,1001.6,12.2511,1.8546,270.0,F5E5,0,119.11,654.46,0,-1
494,legit_74,215.53,201.6,9.699,-3.7414,270.0,C1B1,2,104.66,664.27,0,-1
494,legit_75,601.6,300.1,12.8419,0.2401,0.0,D1D2,0,160.03,516.85,0,-1
494,legit_76,390.47,398.4,5.913,-3.4721,90.0,B2C2,0,70.84,511.16,0,-1
494,legit_77,504.75,998.4,13.4143,0.6579,90.0,C5D5,1,98.26,571.72,0,-1
494,legit_78,267.44,-1.6,12.019,0.0873,90.0,B0C0,2,169.05,773.14,0,-1
494,legit_79,399.82,1.31,6.5275,-0.5042,58.89,:C0_10,2,128.86,728.61,0,-1
494,legit_80,843.24,801.6,13.013,-0.2765,270.0,F4E4,0,100.84,522.8,0,-1
494,legit_81,155.08,201.6,10.6487,1.794,270.0,B1A1,3,81.76,696.39,0,-1
494,legit_82,816.8,198.4,3.058,1.616,90.0,E1F1,0,103.0,599.16,0,-1
495,legit_64,364.17,-1.6,13.8303,0.495,90.0,B0C0,2,148.84,740.4,0,-1
495,legit_67,545.09,998.4,11.1315,0.2191,90.0,C5D5,1,125.3,568.18,0,-1
495,legit_68,100.6,201.6,12.1221,0.4852,270.0,B1A1,3,95.39,729.93,0,-1
495,legit_70,198.4,863.87,12.7569,0.0244,180.0,B5B4,0,53.97,613.22,0,-1
495,legit_71,3.3,202.82,6.5292,1.2371,284.48,:A1_3,2,168.47,797.55,0,-1
495,legit_73,947.58,1001.6,12.7477,0.4966,270.0,F5E5,0,128.98,648.67,0,-1
495,legit_74,209.2,201.6,6.3386,-3.3605,270.0,C1B1,2,100.81,667.41,0,-1
495,legit_75,601.6,313.93,13.8297,0.9878,0.0,D1D2,0,155.39,510.91,0,-1
495,legit_76,398.5,398.4,8.0352,2.1222,90.0,:C2_13,0,64.24,508.6,0,-1
495,legit_77,517.42,998.4,12.6708,-0.7436,90.0,C5D5,1,105.85,570.38,0,-1
495,legit_78,280.17,-1.6,12.7309,0.7119,90.0,B0C0,2,178.13,768.28,0,-1
495,legit_79,401.6,7.55,6.6219,0.0944,10.99,C0C1,2,122.43,723.27,0,-1
495,legit_80,829.49,801.6,13.7484,0.7354,270.0,F4E4,0,88.28,517.89,0,-1
495,legit_81,142.5,201.6,12.5738,1.9251,270.0,B1A1,3,81.94,703.75,0,-1
495,legit_82,821.62,198.4,4.8227,1.7647,90.0,E1F1,0,106.19,600.65,0,-1
496,legit_64,377.71,-1.6,13.5418,-0.2884,90.0,B0C0,2,141.46,736.62,0,-1
496,legit_67,555.64,998.4,10.5558,-0.5757,90.0,C5D5,1,133.49,567.59,0,-1
496,legit_68,87.82,201.6,12.7889,0.6668,270.0,B1A1,3,102.59,738.38,0,-1
496,legit_70,198.4,850.07,13.8073,1.0504,180.0,B5B4,0,49.44,608.35,0,-1
496,legit_71,1.6,208.52,6.175,-0.3542,348.55,A1A2,2,172.79,796.19,0,-1
496,legit_73,934.66,1001.6,12.922,0.1743,270.0,F5E5,0,139.46,642.98,0,-1
496,legit_74,202.78,203.37,6.9473,0.6087,291.63,:B1_4,2,98.67,669.73,0,-1
496,legit_75,601.6,326.81,12.8726,-0.9571,0.0,D1D2,0,152.07,505.63,0,-1
496,legit_76,408.16,398.4,9.6598,1.6246,90.0,C2D2,0,56.79,505.63,0,-1
496,legit_77,530.63,998.4,13.208,0.5372,90.0,C5D5,1,114.71,569.21,0,-1
496,legit_78,292.83,-1.6,12.6604,-0.0704,90.0,B0C0,2,187.58,763.61,0,-1
496,legit_79,401.6,15.85,8.3058,1.6839,0.0,C0C1,2,114.84,716.77,0,-1
496,legit_80,817.94,801.6,11.5527,-2.1957,270.0,F4E4,0,78.04,513.94,0,-1
496,legit_81,129.26,201.6,13.2447,0.6709,270.0,B1A1,3,84.2,711.76,0,-1
496,legit_82,827.96,198.4,6.3381,1.5154,90.0,E1F1,0,110.56,602.64,0,-1
497,legit_64,391.07,-1.6,13.3522,-0.1896,90.0,B0C0,2,135.13,733.1,0,-1
497,legit_67,566.62,998.4,10.9809,0.4251,90.0,C5D5,1,142.34,567.11,0,-1
497,legit_68,76.25,201.6,11.5697,-1.2193,270.0,B1A1,3,109.99,746.17,0,-1
497,legit_70,198.4,836.28,13.7842,-0.0231,180.0,B5B4,0,48.54,603.85,0,-1
497,legit_71,1.6,216.93,8.4178,2.2428,0.0,A1A2,2,177.25,792.4,0,-1
497,legit_73,920.97,1001.6,13.6929,0.771,270.0,F5E5,0,150.98,637.14,0,-1
497,legit_74,201.6,209.44,6.3237,-0.6236,354.28,B1B2,2,103.26,667.25,0,-1
497,legit_75,601.6,340.13,13.3276,0.4551,0.0,D1D2,0,149.72,500.42,0,-1
497,legit_76,419.33,398.4,11.1637,1.5039,90.0,C2D2,0,49.15,502.38,0,-1
497,legit_77,542.48,998.4,11.8498,-1.3582,90.0,C5D5,1,123.33,568.35,0,-1
497,legit_78,305.22,-1.6,12.3848,-0.2756,90.0,B0C0,2,189.07,759.2,0,-1
497,legit_79,401.6,25.75,9.9001,1.5943,0.0,C0C1,2,105.95,709.09,0,-1
497,legit_80,810.89,801.6,7.0527,-4.5,270.0,F4E4,0,71.98,511.6,0,-1
497,legit_81,115.43,201.6,13.8301,0.5854,270.0,B1A1,3,88.62,720.39,0,-1
497,legit_82,836.07,198.4,8.1069,1.7688,90.0,E1F1,0,116.42,605.27,0,-1
498,legit_67,576.99,998.4,10.3633,-0.6177,90.0,C5D5,1,150.94,566.79,0,-1
498,legit_68,64.71,201.6,11.5404,-0.0293,270.0,B1A1,3,118.04,754.09,0,-1
498,legit_70,198.4,822.55,13.7301,-0.054,180.0,B5B4,0,51.45,599.73,0,-1
498,legit_71,1.6,227.19,10.2555,1.8376,0.0,A1A2,2,183.06,787.88,0,-1
498,legit_73,907.52,1001.6,13.4489,-0.244,270.0,F5E5,1,162.63,631.59,0,-1
498,legit_74,201.6,217.59,8.1477,1.824,0.0,B1B2,2,110.39,663.18,0,-1
498,legit_75,601.6,353.13,12.9973,-0.3304,0.0,D1D2,0,148.56,495.59,0,-1
498,legit_76,432.1,398.4,12.7731,1.6094,90.0,C2D2,0,42.37,498.93,0,-1
498,legit_77,554.75,998.4,12.275,0.4252,90.0,C5D5,1,132.78,567.64,0,-1
498,legit_78,318.11,-1.6,12.8909,0.5061,90.0,B0C0,1,179.39,754.77,0,-1
498,legit_79,401.6,37.91,12.1525,2.2524,0.0,C0C1,1,95.3,699.76,0,-1
498,legit_80,803.45,801.06,7.4774,0.4247,263.83,:E4_6,0,66.12,509.06,0,-1
498,legit_81,101.75,201.6,13.6748,-0.1552,270.0,B1A1,3,94.8,729.18,0,-1
498,legit_82,846.39,198.4,10.3257,2.2189,90.0,E1F1,0,124.25,608.73,0,-1
498,legit_83,787.7,1001.6,0.0,0.0,270.0,E5D5,1,86.99,590.87,0,-1
499,legit_67,588.18,998.4,11.1973,0.834,90.0,C5D5,1,160.48,566.57,0,-1
499,legit_68,53.03,201.6,11.6724,0.1319,270.0,B1A1,2,126.73,762.22,0,-1
499,legit_70,198.4,809.03,13.5235,-0.2066,180.0,B5B4,0,57.46,596.0,0,-1
499,legit_71,1.6,239.7,12.5135,2.258,0.0,A1A2,2,190.66,782.51,0,-1
499,legit_73,894.83,1001.6,12.691,-0.7579,270.0,F5E5,1,164.69,626.52,0,-1
499,legit_74,201.6,227.17,9.5757,1.428,0.0,B1B2,1,118.94,658.48,0,-1
499,legit_75,601.6,365.84,12.7098,-0.2874,0.0,D1D2,0,148.51,491.12,0,-1
499,legit_76,444.38,398.4,12.2782,-0.4949,90.0,C2D2,0,38.81,495.94,0,-1
499,legit_77,566.01,998.4,11.2561,-1.0189,90.0,C5D5,1,141.83,567.14,0,-1
499,legit_78,331.18,-1.6,13.0734,0.1824,90.0,B0C0,1,170.01,750.46,0,-1
499,legit_79,401.6,50.17,12.2681,0.1156,0.0,C0C1,1,84.96,690.47,0,-1
499,legit_80,798.72,795.01,8.1685,0.691,204.14,:E4_6,0,66.31,505.96,0,-1
499,legit_81,88.76,201.6,12.988,-0.6868,270.0,B1A1,3,102.02,737.74,0,-1
499,legit_82,858.18,198.4,11.7831,1.4574,90.0,E1F1,0,133.6,612.82,0,-1
499,legit_83,786.35,1001.6,1.3489,1.3489,270.0,E5D5,1,86.42,590.52,0,-1
