step,vehicle_id,x,y,speed,accel,angle,edge_id,n_neighbors,min_rsu_dist,mean_rsu_dist,is_sybil,attacker_id
0,legit_0,787.7,601.6,0.0,0.0,270.0,E3D3,0,37.73,474.54,0,-1
0,sybil_6,198.4,389.0,8.133,0.0,180.0,B2B1,0,56.42,596.52,1,2
1,legit_0,785.97,601.6,1.7275,1.7275,270.0,E3D3,0,36.01,474.0,0,-1
1,sybil_6,198.4,387.49,0.0,-8.133,180.0,B2B1,0,55.66,596.93,1,2
2,legit_0,782.74,601.6,3.2319,1.5044,270.0,E3D3,0,32.78,473.0,0,-1
2,sybil_12,1.6,411.1,0.0,0.0,0.0,A2A3,0,156.95,726.6,1,4
2,sybil_6,198.4,383.79,0.0,0.0,180.0,B2B1,0,53.93,597.94,1,2
3,legit_0,776.92,601.6,5.8221,2.5902,270.0,E3D3,0,26.97,471.22,0,-1
3,sybil_12,1.6,413.11,9.3545,9.3545,0.0,A2A3,0,157.62,726.14,1,4
3,sybil_6,198.4,377.64,24.2287,24.2287,180.0,B2B1,1,51.52,599.67,1,2
3,sybil_7,198.4,377.64,8.9315,0.0,180.0,B2B1,1,51.52,599.67,1,2
4,legit_0,768.7,601.6,8.2186,2.3965,270.0,E3D3,0,18.77,468.78,0,-1
4,sybil_12,1.6,416.95,0.4113,-8.9432,0.0,A2A3,1,158.95,725.3,1,4
4,sybil_13,1.6,416.95,8.7509,0.0,0.0,A2A3,1,158.95,725.3,1,4
4,sybil_6,198.4,369.53,0.0,-24.2287,180.0,B2B1,1,49.33,602.06,1,2
4,sybil_7,198.4,369.53,0.0,-8.9315,180.0,B2B1,1,49.33,602.06,1,2
5,legit_0,758.19,601.6,10.5081,2.2895,270.0,E3D3,0,8.35,465.77,0,-1
5,sybil_12,1.6,422.32,6.7742,6.3629,0.0,A2A3,1,160.96,724.15,1,4
5,sybil_13,1.6,422.32,7.8557,-0.8952,0.0,A2A3,1,160.96,724.15,1,4
5,sybil_6,198.4,359.97,25.2757,25.2757,180.0,B2B1,1,48.4,605.04,1,2
5,sybil_7,198.4,359.97,4.4913,4.4913,180.0,B2B1,1,48.4,605.04,1,2
6,legit_0,745.27,601.6,12.9264,2.4183,270.0,E3D3,0,5.0,462.72,0,-1
6,legit_1,-1.6,787.7,0.0,0.0,180.0,A4A3,0,160.37,728.86,0,-1
6,sybil_12,1.6,429.14,7.8382,1.064,0.0,A2A3,1,163.72,722.73,1,4
6,sybil_13,1.6,429.14,6.6609,-1.1948,0.0,A2A3,1,163.72,722.73,1,4
6,sybil_6,198.4,348.18,5.968,-19.3077,180.0,B2B1,2,49.82,608.95,1,2
6,sybil_7,198.4,348.18,5.8547,1.3634,180.0,B2B1,2,49.82,608.95,1,2
6,sybil_8,198.4,348.18,0.0,0.0,180.0,B2B1,2,49.82,608.95,1,2
7,legit_0,731.93,601.6,13.3319,0.4055,270.0,E3D3,0,18.14,460.61,0,-1
7,legit_1,-1.6,786.34,1.3556,1.3556,180.0,A4A3,0,160.82,728.56,0,-1
7,sybil_12,1.6,437.38,5.6007,-2.2375,0.0,A2A3,2,167.36,721.09,1,4
7,sybil_13,1.6,437.38,0.0,-6.6609,0.0,A2A3,2,167.36,721.09,1,4
7,sybil_14,1.6,437.38,0.0,0.0,0.0,A2A3,2,167.36,721.09,1,4
7,sybil_6,198.4,335.51,6.8202,0.8522,180.0,B2B1,2,54.24,613.44,1,2
7,sybil_7,198.4,335.51,7.4309,1.5762,180.0,B2B1,2,54.24,613.44,1,2
7,sybil_8,198.4,335.51,0.0,0.0,180.0,B2B1,2,54.24,613.44,1,2
8,legit_0,718.68,601.6,13.2522,-0.0797,270.0,E3D3,0,31.36,458.72,0,-1
8,legit_1,-1.6,783.48,2.8619,1.5063,180.0,A4A3,0,161.79,727.93,0,-1
8,sybil_12,1.6,447.78,11.0402,5.4395,0.0,A2A3,2,172.42,719.14,1,4
8,sybil_13,1.6,447.78,2.2294,2.2294,0.0,A2A3,2,172.42,719.14,1,4
8,sybil_14,1.6,447.78,0.0,0.0,0.0,A2A3,2,172.42,719.14,1,4
8,sybil_6,198.4,322.89,20.5025,13.6823,180.0,B2B1,3,60.99,618.18,1,2
8,sybil_7,198.4,322.89,6.7392,-0.6918,180.0,B2B1,3,60.99,618.18,1,2
8,sybil_8,198.4,322.89,8.4873,8.4873,180.0,B2B1,3,60.99,618.18,1,2
8,sybil_9,198.4,389.0,4.6088,0.0,180.0,B2B1,3,56.42,596.52,1,3
9,legit_0,705.36,601.6,13.325,0.0728,270.0,E3D3,0,44.67,457.03,0,-1
9,legit_1,-1.6,779.16,4.3199,1.4581,180.0,A4A3,0,163.35,727.0,0,-1
9,sybil_12,1.6,459.78,0.0,-11.0402,0.0,A2A3,2,178.82,717.04,1,4
9,sybil_13,1.6,459.78,8.8214,6.592,0.0,A2A3,2,178.82,717.04,1,4
9,sybil_14,1.6,459.78,0.0,0.0,0.0,A2A3,2,178.82,717.04,1,4
9,sybil_6,198.4,310.89,1.5447,-18.9578,180.0,B2B1,3,68.95,622.89,1,2
9,sybil_7,198.4,310.89,21.4474,14.7082,180.0,B2B1,3,68.95,622.89,1,2
9,sybil_8,198.4,310.89,9.4876,1.0004,180.0,B2B1,3,68.95,622.89,1,2
9,sybil_9,198.4,388.42,0.0,-4.6088,180.0,B2B1,3,56.13,596.68,1,3
10,legit_0,692.21,601.6,13.1439,-0.181,270.0,E3D3,0,57.81,455.56,0,-1
10,legit_1,-1.6,772.29,6.871,2.551,180.0,A4A3,0,166.03,725.56,0,-1
10,sybil_12,1.6,470.81,7.2693,7.2693,0.0,A2A3,3,185.21,715.26,1,4
10,sybil_13,1.6,470.81,7.1847,-1.6367,0.0,A2A3,3,185.21,715.26,1,4
10,sybil_14,1.6,470.81,23.2288,23.2288,0.0,A2A3,3,185.21,715.26,1,4
10,sybil_15,1.6,409.4,0.0,0.0,0.0,A2A3,3,156.41,726.98,1,5
10,sybil_6,198.4,298.05,2.7453,1.2006,180.0,B2B1,3,78.61,628.13,1,2
10,sybil_7,198.4,298.05,19.0588,-2.3885,180.0,B2B1,3,78.61,628.13,1,2
10,sybil_8,198.4,298.05,1.5259,-7.9618,180.0,B2B1,3,78.61,628.13,1,2
10,sybil_9,198.4,385.82,3.1163,3.1163,180.0,B2B1,3,54.85,597.38,1,3
11,legit_0,678.95,601.6,13.2613,0.1174,270.0,E3D3,0,71.07,454.28,0,-1
11,legit_1,-1.6,763.36,8.9284,2.0574,180.0,A4A3,0,169.87,723.78,0,-1
11,sybil_10,198.4,390.7,8.8487,0.0,180.0,B2B1,4,57.32,596.07,1,3
11,sybil_12,1.6,482.11,9.9561,2.6868,0.0,A2A3,3,189.53,713.57,1,4
11,sybil_13,1.6,482.11,0.0,-7.1847,0.0,A2A3,3,189.53,713.57,1,4
11,sybil_14,1.6,482.11,23.6008,0.372,0.0,A2A3,3,189.53,713.57,1,4
11,sybil_15,1.6,411.19,3.2089,3.2089,0.0,A2A3,3,156.98,726.57,1,5
11,sybil_6,198.4,286.27,12.224,9.4787,180.0,B2B1,4,88.2,633.1,1,2
11,sybil_7,198.4,286.27,7.1249,-11.9339,180.0,B2B1,4,88.2,633.1,1,2
11,sybil_8,198.4,286.27,0.0,-1.5259,180.0,B2B1,4,88.2,633.1,1,2
11,sybil_9,198.4,390.7,4.467,1.3507,180.0,B2B1,4,57.32,596.07,1,3
12,legit_0,665.88,601.6,13.0717,-0.1896,270.0,E3D3,0,84.14,453.21,0,-1
12,legit_1,-1.6,752.02,11.3438,2.4154,180.0,A4A3,0,175.28,721.65,0,-1
12,legit_2,412.3,798.4,0.0,0.0,90.0,C4D4,0,56.14,503.55,0,-1
12,sybil_10,198.4,388.11,3.7788,-5.0699,180.0,B2B1,4,55.97,596.76,1,3
12,sybil_12,1.6,493.65,23.7076,13.7515,0.0,A2A3,3,182.58,712.01,1,4
12,sybil_13,1.6,493.65,9.4109,9.4109,0.0,A2A3,3,182.58,712.01,1,4
12,sybil_14,1.6,493.65,2.1208,-21.48,0.0,A2A3,3,182.58,712.01,1,4
12,sybil_15,1.6,415.06,14.8304,11.6215,0.0,A2A3,3,158.28,725.71,1,5
12,sybil_6,198.4,274.19,20.3898,8.1658,180.0,B2B1,4,98.52,638.35,1,2
12,sybil_7,198.4,274.19,11.6989,4.5741,180.0,B2B1,4,98.52,638.35,1,2
12,sybil_8,198.4,274.19,16.4457,16.4457,180.0,B2B1,4,98.52,638.35,1,2
12,sybil_9,198.4,388.11,0.0,-4.467,180.0,B2B1,4,55.97,596.76,1,3
13,legit_0,652.26,601.6,13.6165,0.5448,270.0,E3D3,0,97.75,452.31,0,-1
13,legit_1,-1.6,738.24,13.7792,2.4355,180.0,A4A3,0,182.59,719.26,0,-1
13,legit_2,413.74,798.4,1.4417,1.4417,90.0,C4D4,0,55.18,503.13,0,-1
13,sybil_10,198.4,383.25,0.0,-3.7788,180.0,B2B1,5,53.69,598.09,1,3
13,sybil_11,198.4,383.25,5.3898,0.0,180.0,B2B1,5,53.69,598.09,1,3
13,sybil_12,1.6,505.26,11.0597,-12.6479,0.0,A2A3,4,176.06,710.59,1,4
13,sybil_13,1.6,505.26,6.8685,-2.5424,0.0,A2A3,4,176.06,710.59,1,4
13,sybil_14,1.6,505.26,14.7564,12.6355,0.0,A2A3,4,176.06,710.59,1,4
13,sybil_15,1.6,420.81,15.5486,0.7181,0.0,A2A3,4,160.37,724.47,1,5
13,sybil_16,1.6,420.81,0.0,0.0,0.0,A2A3,4,160.37,724.47,1,5
13,sybil_6,198.4,261.2,0.9762,-19.4136,180.0,B2B1,5,110.02,644.16,1,2
13,sybil_7,198.4,261.2,20.6836,8.9847,180.0,B2B1,5,110.02,644.16,1,2
13,sybil_8,198.4,261.2,9.3569,-7.0888,180.0,B2B1,5,110.02,644.16,1,2
13,sybil_9,198.4,383.25,6.1641,6.1641,180.0,B2B1,5,53.69,598.09,1,3
14,legit_0,639.0,601.6,13.2642,-0.3523,270.0,E3D3,0,111.01,451.63,0,-1
14,legit_1,-1.6,724.52,13.718,-0.0612,180.0,A4A3,0,190.57,717.1,0,-1
14,legit_2,416.86,798.4,3.1154,1.6738,90.0,C4D4,0,53.19,502.23,0,-1
14,sybil_10,198.4,376.12,19.3412,19.3412,180.0,B2B1,5,51.01,600.11,1,3
14,sybil_11,198.4,376.12,0.0,-5.3898,180.0,B2B1,5,51.01,600.11,1,3
14,sybil_12,1.6,516.36,10.8317,-0.2281,0.0,A2A3,4,170.35,709.38,1,4
14,sybil_13,1.6,516.36,19.4812,12.6127,0.0,A2A3,4,170.35,709.38,1,4
14,sybil_14,1.6,516.36,17.1697,2.4134,0.0,A2A3,4,170.35,709.38,1,4
14,sybil_15,1.6,428.3,11.2633,-4.2853,0.0,A2A3,4,163.36,722.9,1,5
14,sybil_16,1.6,428.3,0.0,0.0,0.0,A2A3,4,163.36,722.9,1,5
14,sybil_6,198.4,249.18,18.9989,18.0227,180.0,B2B1,5,120.93,649.68,1,2
14,sybil_7,198.4,249.18,18.5876,-2.096,180.0,B2B1,5,120.93,649.68,1,2
14,sybil_8,198.4,249.18,16.5459,7.189,180.0,B2B1,5,120.93,649.68,1,2
14,sybil_9,198.4,376.12,10.1982,4.0341,180.0,B2B1,5,51.01,600.11,1,3
15,legit_0,625.42,601.6,13.5763,0.3121,270.0,E3D3,0,124.59,451.14,0,-1
15,legit_1,-1.6,711.73,12.7934,-0.9247,180.0,A4A3,0,188.32,715.28,0,-1
15,legit_2,422.51,798.4,5.6563,2.5409,90.0,C4D4,0,49.86,500.65,0,-1
15,sybil_10,198.4,367.41,7.6306,-11.7106,180.0,B2B1,5,48.96,602.71,1,3
15,sybil_11,198.4,367.41,0.0,0.0,180.0,B2B1,5,48.96,602.71,1,3
15,sybil_12,1.6,528.36,7.5485,-3.2831,0.0,A2A3,4,164.79,708.24,1,4
15,sybil_13,1.6,528.36,20.0522,0.5711,0.0,A2A3,4,164.79,708.24,1,4
15,sybil_14,1.6,528.36,10.3871,-6.7827,0.0,A2A3,4,164.79,708.24,1,4
15,sybil_15,1.6,437.94,4.704,-6.5593,0.0,A2A3,4,167.62,720.98,1,5
15,sybil_16,1.6,437.94,12.9891,12.9891,0.0,A2A3,4,167.62,720.98,1,5
15,sybil_6,198.4,236.55,23.5771,4.5782,180.0,B2B1,5,126.2,655.62,1,2
15,sybil_7,198.4,236.55,8.7451,-9.8425,180.0,B2B1,5,126.2,655.62,1,2
15,sybil_8,198.4,236.55,19.6559,3.1099,180.0,B2B1,5,126.2,655.62,1,2
15,sybil_9,198.4,367.41,29.2309,19.0327,180.0,B2B1,5,48.96,602.71,1,3
16,legit_0,615.08,601.6,10.3442,-3.2321,270.0,E3D3,0,134.93,450.9,0,-1
16,legit_1,-1.6,698.38,13.3479,0.5546,180.0,A4A3,0,180.72,713.58,0,-1
16,legit_2,430.13,798.4,7.6174,1.9611,90.0,C4D4,0,46.1,498.61,0,-1
16,sybil_10,198.4,356.49,18.5421,10.9114,180.0,B2B1,5,48.53,606.16,1,3
16,sybil_11,198.4,356.49,0.0,0.0,180.0,B2B1,5,48.53,606.16,1,3
16,sybil_12,1.6,539.43,27.537,19.9884,0.0,A2A3,5,160.28,707.33,1,4
16,sybil_13,1.6,539.43,15.6963,-4.356,0.0,A2A3,5,160.28,707.33,1,4
16,sybil_14,1.6,539.43,23.0069,12.6199,0.0,A2A3,5,160.28,707.33,1,4
16,sybil_15,1.6,449.41,7.8676,3.1636,0.0,A2A3,5,173.25,718.84,1,5
16,sybil_16,1.6,449.41,0.0,-12.9891,0.0,A2A3,5,173.25,718.84,1,5
16,sybil_17,1.6,449.41,0.0,0.0,0.0,A2A3,5,173.25,718.84,1,5
16,sybil_6,198.4,223.54,13.1365,-10.4406,180.0,B2B1,5,114.3,661.91,1,2
16,sybil_7,198.4,223.54,13.8034,5.0583,180.0,B2B1,5,114.3,661.91,1,2
16,sybil_8,198.4,223.54,9.8146,-9.8413,180.0,B2B1,5,114.3,661.91,1,2
16,sybil_9,198.4,356.49,19.4816,-9.7493,180.0,B2B1,5,48.53,606.16,1,3
17,legit_0,609.23,601.6,5.8442,-4.5,270.0,E3D3,0,140.78,450.82,0,-1
17,legit_1,-1.6,684.92,13.4605,0.1126,180.0,A4A3,3,173.76,712.08,0,-1
17,legit_2,439.58,798.4,9.4505,1.8331,90.0,C4D4,0,42.88,496.24,0,-1
17,sybil_10,198.4,345.0,10.9509,-7.5912,180.0,B2B1,5,50.67,610.05,1,3
17,sybil_11,198.4,345.0,3.09,3.09,180.0,B2B1,5,50.67,610.05,1,3
17,sybil_12,1.6,550.92,20.6886,-6.8483,0.0,A2A3,6,156.3,706.55,1,4
17,sybil_13,1.6,550.92,10.2685,-5.4278,0.0,A2A3,6,156.3,706.55,1,4
17,sybil_14,1.6,550.92,4.8439,-18.1631,0.0,A2A3,6,156.3,706.55,1,4
17,sybil_15,1.6,462.59,3.5236,-4.344,0.0,A2A3,5,180.41,716.57,1,5
17,sybil_16,1.6,462.59,14.5506,14.5506,0.0,A2A3,5,180.41,716.57,1,5
17,sybil_17,1.6,462.59,15.5935,15.5935,0.0,A2A3,5,180.41,716.57,1,5
17,sybil_6,198.4,213.91,25.0133,11.8768,180.0,B2B1,5,105.65,666.66,1,2
17,sybil_7,198.4,213.91,5.738,-8.0654,180.0,B2B1,5,105.65,666.66,1,2
17,sybil_8,198.4,213.91,13.7595,3.9448,180.0,B2B1,5,105.65,666.66,1,2
17,sybil_9,198.4,345.0,15.45,-4.0316,180.0,B2B1,5,50.67,610.05,1,3
18,legit_0,602.93,603.11,6.6792,0.835,288.11,:D3_4,0,147.1,450.78,0,-1
18,legit_1,-1.6,671.07,13.8516,0.391,180.0,A4A3,3,167.43,710.76,0,-1
18,legit_2,451.58,798.4,11.9938,2.5433,90.0,C4D4,0,41.63,493.53,0,-1
18,legit_3,1001.6,812.3,0.0,0.0,0.0,F4F5,0,55.77,596.87,0,-1
18,sybil_10,198.4,334.13,17.7126,6.7617,180.0,B2B1,5,54.88,613.95,1,3
18,sybil_11,198.4,334.13,19.0307,15.9406,180.0,B2B1,5,54.88,613.95,1,3
18,sybil_12,1.6,563.06,8.1544,-12.5343,0.0,A2A3,6,152.93,705.9,1,4
18,sybil_13,1.6,563.06,0.0,-10.2685,0.0,A2A3,6,152.93,705.9,1,4
18,sybil_14,1.6,563.06,7.0583,2.2145,0.0,A2A3,6,152.93,705.9,1,4
18,sybil_15,1.6,476.47,15.7119,12.1883,0.0,A2A3,5,188.65,714.4,1,5
18,sybil_16,1.6,476.47,19.5092,4.9585,0.0,A2A3,5,188.65,714.4,1,5
18,sybil_17,1.6,476.47,0.0671,-15.5264,0.0,A2A3,5,188.65,714.4,1,5
18,sybil_6,198.4,207.27,16.6863,-8.327,180.0,B2B1,5,99.79,669.99,1,2
18,sybil_7,198.4,207.27,0.0,-5.738,180.0,B2B1,5,99.79,669.99,1,2
18,sybil_8,198.4,207.27,6.3294,-7.4301,180.0,B2B1,5,99.79,669.99,1,2
18,sybil_9,198.4,334.13,21.308,5.858,180.0,B2B1,5,54.88,613.95,1,3
19,legit_0,601.6,608.87,6.0545,-0.6247,350.75,D3D4,0,148.66,450.84,0,-1
19,legit_1,-1.6,658.01,13.0588,-0.7928,180.0,A4A3,3,162.32,709.72,0,-1
19,legit_2,464.38,798.4,12.8009,0.8071,90.0,C4D4,0,44.01,491.0,0,-1
19,legit_3,1001.6,813.85,1.5497,1.5497,0.0,F4F5,0,55.01,597.29,0,-1
19,sybil_10,198.4,322.65,25.1649,7.4522,180.0,B2B1,5,61.13,618.27,1,3
19,sybil_11,198.4,322.65,6.0099,-13.0207,180.0,B2B1,5,61.13,618.27,1,3
19,sybil_12,1.6,574.75,20.5407,12.3863,0.0,A2A3,6,150.53,705.45,1,4
19,sybil_13,1.6,574.75,3.0359,3.0359,0.0,A2A3,6,150.53,705.45,1,4
19,sybil_14,1.6,574.75,20.1863,13.1279,0.0,A2A3,6,150.53,705.45,1,4
19,sybil_15,1.6,488.9,11.1409,-4.571,0.0,A2A3,5,185.38,712.63,1,5
19,sybil_16,1.6,488.9,12.6986,-6.8105,0.0,A2A3,5,185.38,712.63,1,5
19,sybil_17,1.6,488.9,15.8649,15.7978,0.0,A2A3,5,185.38,712.63,1,5
19,sybil_6,196.52,202.71,5.619,-11.0673,202.99,:B1_0,5,94.89,673.26,1,2
19,sybil_7,196.52,202.71,1.4025,1.4025,180.0,B2B1,5,94.89,673.26,1,2
19,sybil_8,196.52,202.71,18.5866,12.2572,180.0,B2B1,5,94.89,673.26,1,2
19,sybil_9,198.4,322.65,15.9769,-5.3311,180.0,B2B1,5,61.13,618.27,1,3
20,legit_0,601.6,616.3,7.4321,1.3775,0.0,D3D4,0,149.29,450.98,0,-1
20,legit_1,-1.6,644.45,13.5625,0.5037,180.0,A4A3,6,157.98,708.86,0,-1
20,legit_2,477.82,798.4,13.4454,0.6445,90.0,C4D4,0,50.05,488.72,0,-1
20,legit_3,1001.6,817.04,3.1938,1.6441,0.0,F4F5,0,53.57,598.17,0,-1
20,sybil_10,198.4,312.06,27.4992,2.3343,180.0,B2B1,5,68.12,622.42,1,3
20,sybil_11,198.4,312.06,8.7864,2.7765,180.0,B2B1,5,68.12,622.42,1,3
20,sybil_12,1.6,584.46,0.0,-20.5407,0.0,A2A3,6,149.21,705.2,1,4
20,sybil_13,1.6,584.46,5.4702,2.4343,0.0,A2A3,6,149.21,705.2,1,4
20,sybil_14,1.6,584.46,28.6546,8.4684,0.0,A2A3,6,149.21,705.2,1,4
20,sybil_15,1.6,501.17,19.631,8.49,0.0,A2A3,6,178.3,711.07,1,5
20,sybil_16,1.6,501.17,11.9528,-0.7458,0.0,A2A3,6,178.3,711.07,1,5
20,sybil_17,1.6,501.17,12.1053,-3.7595,0.0,A2A3,6,178.3,711.07,1,5
20,sybil_6,191.35,201.6,0.0,-5.619,259.37,B1A1,5,91.48,676.51,1,2
20,sybil_7,191.35,201.6,10.5769,9.1744,180.0,B2B1,5,91.48,676.51,1,2
20,sybil_8,191.35,201.6,7.8319,-10.7547,180.0,B2B1,5,91.48,676.51,1,2
20,sybil_9,198.4,312.06,22.6442,6.6673,180.0,B2B1,5,68.12,622.42,1,3
21,legit_0,601.6,626.25,9.9508,2.5187,0.0,D3D4,0,150.7,451.31,0,-1
21,legit_1,-1.6,631.08,13.3702,-0.1922,180.0,A4A3,6,154.75,708.23,0,-1
21,legit_2,490.62,798.4,12.7985,-0.6469,90.0,C4D4,0,58.14,486.86,0,-1
21,legit_3,1001.6,822.11,5.0633,1.8695,0.0,F4F5,0,51.6,599.6,0,-1
21,sybil_10,198.4,301.68,17.0003,-10.4989,180.0,B2B1,5,75.79,626.62,1,3
21,sybil_11,198.4,301.68,11.9914,3.205,180.0,B2B1,5,75.79,626.62,1,3
21,sybil_12,1.6,591.44,12.6085,12.6085,0.0,A2A3,6,148.65,705.09,1,4
21,sybil_13,1.6,591.44,13.1301,7.6599,0.0,A2A3,6,148.65,705.09,1,4
21,sybil_14,1.6,591.44,0.713,-27.9417,0.0,A2A3,6,148.65,705.09,1,4
21,sybil_15,1.6,514.13,8.0288,-11.6022,0.0,A2A3,6,171.45,709.61,1,5
21,sybil_16,1.6,514.13,23.8709,11.9181,0.0,A2A3,6,171.45,709.61,1,5
21,sybil_17,1.6,514.13,30.9734,18.868,0.0,A2A3,6,171.45,709.61,1,5
21,sybil_6,184.19,201.6,12.1627,12.1627,270.0,B1A1,5,88.47,680.28,1,2
21,sybil_7,184.19,201.6,0.0,-10.5769,180.0,B2B1,5,88.47,680.28,1,2
21,sybil_8,184.19,201.6,5.5303,-2.3016,180.0,B2B1,5,88.47,680.28,1,2
21,sybil_9,198.4,301.68,16.7014,-5.9428,180.0,B2B1,5,75.79,626.62,1,3
22,legit_0,601.6,638.55,12.2996,2.3488,0.0,D3D4,0,153.33,451.93,0,-1
22,legit_1,-1.6,618.35,12.7233,-0.647,180.0,A4A3,6,152.71,707.84,0,-1
22,legit_2,504.38,798.4,13.7593,0.9608,90.0,C4D4,0,68.47,485.14,0,-1
22,legit_3,1001.6,828.68,6.5768,1.5135,0.0,F4F5,0,49.71,601.53,0,-1
22,sybil_10,198.4,290.38,6.0452,-10.9551,180.0,B2B1,5,84.79,631.34,1,3
22,sybil_11,198.4,290.38,16.0108,4.0194,180.0,B2B1,5,84.79,631.34,1,3
22,sybil_12,0.98,593.73,0.2426,-12.3658,352.66,:A3_8,6,149.15,705.57,1,4
22,sybil_13,0.98,593.73,8.4888,-4.6412,0.0,A2A3,6,149.15,705.57,1,4
22,sybil_14,0.98,593.73,0.0,-0.713,0.0,A2A3,6,149.15,705.57,1,4
22,sybil_15,1.6,525.07,4.5679,-3.4609,0.0,A2A3,6,166.24,708.53,1,5
22,sybil_16,1.6,525.07,8.0784,-15.7925,0.0,A2A3,6,166.24,708.53,1,5
22,sybil_17,1.6,525.07,11.3305,-19.6428,0.0,A2A3,6,166.24,708.53,1,5
22,sybil_24,408.7,-1.6,6.0467,0.0,90.0,C0D0,0,128.42,728.78,1,8
22,sybil_6,174.55,201.6,12.1089,-0.0538,270.0,B1A1,5,85.21,685.47,1,2
22,sybil_7,174.55,201.6,7.4273,7.4273,197.38,:B1_0,5,85.21,685.47,1,2
22,sybil_8,174.55,201.6,15.5785,10.0482,180.0,B2B1,5,85.21,685.47,1,2
22,sybil_9,198.4,290.38,16.2611,-0.4403,180.0,B2B1,5,84.79,631.34,1,3
23,legit_0,601.6,652.05,13.5017,1.2021,0.0,D3D4,0,157.26,452.88,0,-1
23,legit_1,-1.6,605.38,12.975,0.2517,180.0,:A3_0,6,151.7,707.65,0,-1
23,legit_2,517.27,798.4,12.8922,-0.8671,90.0,C4D4,0,79.09,483.78,0,-1
23,legit_3,1001.6,837.31,8.6249,2.0481,0.0,F4F5,0,48.47,604.17,0,-1
23,sybil_10,198.4,279.29,5.7887,-0.2565,180.0,B2B1,5,94.11,636.11,1,3
23,sybil_11,198.4,279.29,6.5459,-9.465,180.0,B2B1,5,94.11,636.11,1,3
23,sybil_12,0.9,593.84,2.881,2.6384,351.74,:A3_8,6,149.22,705.63,1,4
23,sybil_13,0.9,593.84,4.3313,-4.1575,0.0,A2A3,6,149.22,705.63,1,4
23,sybil_14,0.9,593.84,2.7708,2.7708,0.0,A2A3,6,149.22,705.63,1,4
23,sybil_15,1.6,536.33,19.2754,14.7075,0.0,A2A3,6,161.48,707.57,1,5
23,sybil_16,1.6,536.33,4.5411,-3.5373,0.0,A2A3,6,161.48,707.57,1,5
23,sybil_17,1.6,536.33,9.8805,-1.45,0.0,A2A3,6,161.48,707.57,1,5
23,sybil_24,410.69,-1.6,11.0396,4.9929,90.0,C0D0,0,127.8,728.32,1,8
23,sybil_6,162.95,201.6,12.9127,0.8038,270.0,B1A1,5,82.62,691.91,1,2
23,sybil_7,162.95,201.6,6.1837,-1.2436,259.84,B1A1,5,82.62,691.91,1,2
23,sybil_8,162.95,201.6,3.5473,-12.0312,180.0,B2B1,5,82.62,691.91,1,2
23,sybil_9,198.4,279.29,20.0853,3.8242,180.0,B2B1,5,94.11,636.11,1,3
24,legit_0,601.6,664.71,12.6575,-0.8442,0.0,D3D4,0,161.9,454.02,0,-1
24,legit_1,-1.6,591.7,13.6792,0.7042,180.0,A3A2,6,151.83,707.67,0,-1
24,legit_2,530.45,798.4,13.1794,0.2872,90.0,C4D4,0,90.57,482.61,0,-1
24,legit_3,1001.6,848.05,10.7395,2.1147,0.0,F4F5,0,49.06,607.67,0,-1
24,legit_4,598.4,987.7,0.0,0.0,180.0,D5D4,0,174.76,560.51,0,-1
24,sybil_10,198.4,268.4,7.8365,2.0478,180.0,B2B1,5,103.6,640.92,1,3
24,sybil_11,198.4,268.4,22.5394,15.9935,180.0,B2B1,5,103.6,640.92,1,3
24,sybil_12,0.86,593.91,3.6347,0.7538,351.2,:A3_8,6,149.26,705.67,1,4
24,sybil_13,0.86,593.91,0.0,-4.3313,0.0,A2A3,6,149.26,705.67,1,4
24,sybil_14,0.86,593.91,11.4515,8.6807,0.0,A2A3,6,149.26,705.67,1,4
24,sybil_15,1.6,547.12,19.2838,0.0084,0.0,A2A3,6,157.54,706.79,1,5
24,sybil_16,1.6,547.12,12.8062,8.2652,0.0,A2A3,6,157.54,706.79,1,5
24,sybil_17,1.6,547.12,13.848,3.9674,0.0,A2A3,6,157.54,706.79,1,5
24,sybil_24,414.53,-1.6,0.0,-11.0396,90.0,C0D0,0,126.67,727.44,1,8
24,sybil_6,150.09,201.6,16.3216,3.4089,270.0,B1A1,5,81.6,699.28,1,2
24,sybil_7,150.09,201.6,0.0,-6.1837,270.0,B1A1,5,81.6,699.28,1,2
24,sybil_8,150.09,201.6,7.0813,3.5339,180.47,:B1_0,5,81.6,699.28,1,2
24,sybil_9,198.4,268.4,36.7141,16.6288,180.0,B2B1,5,103.6,640.92,1,3
25,legit_0,601.6,678.34,13.6238,0.9663,0.0,D3D4,1,167.81,455.5,0,-1
25,legit_1,-1.6,578.21,13.4917,-0.1875,180.0,A3A2,6,153.16,707.93,0,-1
25,legit_2,543.48,798.4,13.031,-0.1484,90.0,C4D4,1,102.32,481.66,0,-1
25,legit_3,1001.6,859.71,11.6667,0.9271,0.0,F4F5,0,52.26,611.72,0,-1
25,legit_4,598.4,985.48,2.2156,2.2156,180.0,D5D4,0,175.94,559.28,0,-1
25,sybil_10,198.4,257.69,7.3862,-0.4502,180.0,B2B1,5,113.18,645.75,1,3
25,sybil_11,198.4,257.69,8.9488,-13.5906,180.0,B2B1,5,113.18,645.75,1,3
25,sybil_12,0.86,593.91,0.0,-3.6347,351.17,:A3_8,6,149.27,705.67,1,4
25,sybil_13,0.86,593.91,6.4616,6.4616,0.0,A2A3,6,149.27,705.67,1,4
25,sybil_14,0.86,593.91,0.0,-11.4515,0.0,A2A3,6,149.27,705.67,1,4
25,sybil_15,1.6,557.97,11.8571,-7.4266,0.0,A2A3,6,154.24,706.15,1,5
25,sybil_16,1.6,557.97,10.1072,-2.699,0.0,A2A3,6,154.24,706.15,1,5
25,sybil_17,1.6,557.97,24.2316,10.3836,0.0,A2A3,6,154.24,706.15,1,5
25,sybil_24,420.93,-1.6,0.0,0.0,90.0,C0D0,1,125.03,726.02,1,8
25,sybil_25,420.93,-1.6,11.1246,0.0,90.0,C0D0,1,125.03,726.02,1,8
25,sybil_6,138.24,201.6,16.8006,0.479,270.0,B1A1,5,82.44,706.3,1,2
25,sybil_7,138.24,201.6,20.6688,20.6688,270.0,B1A1,5,82.44,706.3,1,2
25,sybil_8,138.24,201.6,2.756,-4.3253,224.71,:B1_0,5,82.44,706.3,1,2
25,sybil_9,198.4,257.69,0.0,-36.7141,180.0,B2B1,5,113.18,645.75,1,3
26,legit_0,601.6,691.33,12.9906,-0.6332,0.0,D3D4,1,174.25,457.16,0,-1
26,legit_1,-1.6,564.9,13.3036,-0.1881,180.0,A3A2,6,155.61,708.4,0,-1
26,legit_2,557.17,798.4,13.6888,0.6578,90.0,C4D4,1,114.96,480.89,0,-1
26,legit_3,1001.6,872.03,12.3138,0.6472,0.0,F4F5,0,58.04,616.24,0,-1
26,legit_4,598.4,980.75,4.73,2.5144,180.0,D5D4,0,178.53,556.69,0,-1
26,sybil_10,198.4,246.53,5.9417,-1.4445,180.0,B2B1,5,123.36,650.91,1,3
26,sybil_11,198.4,246.53,21.1518,12.203,180.0,B2B1,5,123.36,650.91,1,3
26,sybil_12,-1.0,593.7,0.0,0.0,311.6,:A3_11,6,151.13,707.17,1,4
26,sybil_13,-1.0,593.7,0.0,-6.4616,0.0,A2A3,6,151.13,707.17,1,4
26,sybil_14,-1.0,593.7,25.767,25.767,0.0,A2A3,6,151.13,707.17,1,4
26,sybil_15,1.6,565.79,9.7006,-2.1566,0.0,A2A3,6,152.29,705.78,1,5
26,sybil_16,1.6,565.79,6.3055,-3.8017,0.0,A2A3,6,152.29,705.78,1,5
26,sybil_17,1.6,565.79,13.0754,-11.1561,0.0,A2A3,6,152.29,705.78,1,5
26,sybil_24,428.73,-1.6,0.4691,0.4691,90.0,C0D0,1,123.45,724.35,1,8
26,sybil_25,428.73,-1.6,0.0,-11.1246,90.0,C0D0,1,123.45,724.35,1,8
26,sybil_6,125.34,201.6,25.9751,9.1745,270.0,B1A1,5,85.25,714.18,1,2
26,sybil_7,125.34,201.6,7.8713,-12.7975,270.0,B1A1,5,85.25,714.18,1,2
26,sybil_8,125.34,201.6,10.2096,7.4536,268.17,B1A1,5,85.25,714.18,1,2
26,sybil_9,198.4,246.53,0.0,0.0,180.0,B2B1,5,123.36,650.91,1,3
27,legit_0,601.6,704.62,13.2916,0.3009,0.0,D3D4,1,181.57,459.11,0,-1
27,legit_1,-1.6,551.03,13.8791,0.5755,180.0,A3A2,6,159.31,709.12,0,-1
27,legit_2,570.52,798.4,13.3486,-0.3402,90.0,C4D4,1,127.5,480.34,0,-1
27,legit_3,1001.6,884.53,12.5058,0.192,0.0,F4F5,0,65.77,621.07,0,-1
27,legit_4,598.4,973.68,7.0696,2.3396,180.0,D5D4,0,182.55,552.88,0,-1
27,sybil_10,198.4,235.82,25.8758,19.934,180.0,B2B1,5,125.53,655.97,1,3
27,sybil_11,198.4,235.82,16.3951,-4.7567,180.0,B2B1,5,125.53,655.97,1,3
27,sybil_12,-1.6,591.3,0.0,0.0,225.91,A3A2,6,151.85,707.68,1,4
27,sybil_13,-1.6,591.3,0.8475,0.8475,0.0,A2A3,6,151.85,707.68,1,4
27,sybil_14,-1.6,591.3,11.6706,-14.0964,0.0,A2A3,6,151.85,707.68,1,4
27,sybil_15,1.6,569.52,0.6815,-9.0191,0.0,A2A3,6,151.5,705.63,1,5
27,sybil_16,1.6,569.52,25.4432,19.1377,0.0,A2A3,6,151.5,705.63,1,5
27,sybil_17,1.6,569.52,21.2588,8.1833,0.0,A2A3,6,151.5,705.63,1,5
27,sybil_24,438.71,-1.6,22.3679,21.8988,90.0,C0D0,2,122.12,722.33,1,8
27,sybil_25,438.71,-1.6,6.6977,6.6977,90.0,C0D0,2,122.12,722.33,1,8
27,sybil_26,438.71,-1.6,13.4959,0.0,90.0,C0D0,2,122.12,722.33,1,8
27,sybil_6,112.31,201.6,0.0,-25.9751,270.0,B1A1,5,89.88,722.37,1,2
27,sybil_7,112.31,201.6,4.1482,-3.7231,270.0,B1A1,5,89.88,722.37,1,2
27,sybil_8,112.31,201.6,8.919,-1.2906,270.0,B1A1,5,89.88,722.37,1,2
27,sybil_9,198.4,235.82,1.7964,1.7964,188.94,:B1_0,5,125.53,655.97,1,3
28,legit_0,601.6,717.66,13.0387,-0.2529,0.0,D3D4,1,189.38,461.26,0,-1
28,legit_1,-1.6,537.56,13.4662,-0.4129,180.0,A3A2,7,163.96,710.05,0,-1
28,legit_2,581.52,798.4,11.0046,-2.344,90.0,C4D4,1,137.95,480.04,0,-1
28,legit_3,1001.6,896.17,11.6327,-0.8731,0.0,F4F5,0,74.14,625.74,0,-1
28,legit_4,598.4,964.33,9.3561,2.2865,180.0,D5D4,0,188.16,547.92,0,-1
28,sybil_0,11.9,398.4,0.0,0.0,90.49,A2B2,1,143.34,721.45,1,0
28,sybil_10,198.4,225.37,18.0086,-7.8672,180.0,B2B1,5,115.95,661.01,1,3
28,sybil_11,198.4,225.37,11.5274,-4.8677,180.0,B2B1,5,115.95,661.01,1,3
28,sybil_12,-1.6,586.79,4.0071,4.0071,180.0,A3A2,6,152.17,707.74,1,4
28,sybil_13,-1.6,586.79,0.0,-0.8475,0.0,A2A3,6,152.17,707.74,1,4
28,sybil_14,-1.6,586.79,6.8553,-4.8153,0.0,A2A3,6,152.17,707.74,1,4
28,sybil_15,1.6,571.17,2.7293,2.0478,0.0,A2A3,6,151.17,705.57,1,5
28,sybil_16,1.6,571.17,1.01,-24.4332,0.0,A2A3,6,151.17,705.57,1,5
28,sybil_17,1.6,571.17,25.0275,3.7687,0.0,A2A3,6,151.17,705.57,1,5
28,sybil_24,450.25,-1.6,11.8102,-10.5578,90.0,C0D0,2,121.6,720.17,1,8
28,sybil_25,450.25,-1.6,1.34,-5.3576,90.0,C0D0,2,121.6,720.17,1,8
28,sybil_26,450.25,-1.6,18.2774,4.7815,90.0,C0D0,2,121.6,720.17,1,8
28,sybil_6,100.26,201.6,14.1793,14.1793,270.0,B1A1,5,95.57,730.16,1,2
28,sybil_7,100.26,201.6,12.2242,8.076,270.0,B1A1,5,95.57,730.16,1,2
28,sybil_8,100.26,201.6,5.2792,-3.6397,270.0,B1A1,5,95.57,730.16,1,2
28,sybil_9,198.4,225.37,12.296,10.4996,255.94,B1A1,5,115.95,661.01,1,3
29,legit_0,601.6,731.49,13.834,0.7953,0.0,D3D4,1,183.84,463.79,0,-1
29,legit_1,-1.6,523.97,13.5908,0.1245,180.0,A3A2,7,169.6,711.21,0,-1
29,legit_2,588.69,798.4,7.1707,-3.8338,90.0,C4D4,1,144.8,479.92,0,-1
29,legit_3,1001.6,908.92,12.7535,1.1208,0.0,F4F5,0,84.22,631.05,0,-1
29,legit_4,598.4,952.64,11.6881,2.332,180.0,D5D4,0,186.31,541.88,0,-1
29,sybil_0,13.86,398.4,0.0,0.0,90.0,A2B2,1,141.45,719.92,1,0
29,sybil_10,198.4,215.07,0.0,-18.0086,180.0,B2B1,5,106.68,666.08,1,3
29,sybil_11,198.4,215.07,20.5961,9.0687,180.0,B2B1,5,106.68,666.08,1,3
29,sybil_12,-1.6,580.74,0.6756,-3.3315,180.0,A3A2,6,152.82,707.86,1,4
29,sybil_13,-1.6,580.74,0.0,0.0,353.35,:A3_8,6,152.82,707.86,1,4
29,sybil_14,-1.6,580.74,0.0,-6.8553,0.0,A2A3,6,152.82,707.86,1,4
29,sybil_15,1.6,572.0,0.0,-2.7293,0.0,A2A3,6,151.02,705.54,1,5
29,sybil_16,1.6,572.0,2.1562,1.1462,0.0,A2A3,6,151.02,705.54,1,5
29,sybil_17,1.6,572.0,9.2703,-15.7572,0.0,A2A3,6,151.02,705.54,1,5
29,sybil_24,461.7,-1.6,5.965,-5.8452,90.0,C0D0,2,122.16,718.19,1,8
29,sybil_25,461.7,-1.6,8.0903,6.7503,90.0,C0D0,2,122.16,718.19,1,8
29,sybil_26,461.7,-1.6,3.3432,-14.9342,90.0,C0D0,2,122.16,718.19,1,8
29,sybil_6,88.46,201.6,10.1741,-4.0053,270.0,B1A1,5,102.21,737.95,1,2
29,sybil_7,88.46,201.6,6.336,-5.8882,270.0,B1A1,5,102.21,737.95,1,2
29,sybil_8,88.46,201.6,15.8771,10.5979,270.0,B1A1,5,102.21,737.95,1,2
29,sybil_9,198.4,215.07,10.6187,-1.6773,270.0,B1A1,5,106.68,666.08,1,3
30,legit_0,601.6,744.99,13.4958,-0.3382,0.0,D3D4,1,176.21,466.52,0,-1
30,legit_1,-1.6,510.92,13.0512,-0.5396,180.0,A3A2,8,175.84,712.52,0,-1
30,legit_2,594.73,798.12,6.0532,-1.1175,93.17,:D4_12,2,150.66,479.78,0,-1
30,legit_3,1001.6,921.37,12.4543,-0.2992,0.0,F4F5,0,94.68,636.4,0,-1
30,legit_4,598.4,939.88,12.7579,1.0698,180.0,D5D4,1,178.88,535.49,0,-1
30,legit_5,398.4,987.7,0.0,0.0,180.0,C5C4,0,105.74,587.14,0,-1
30,sybil_0,18.3,398.4,3.6966,3.6966,90.0,A2B2,2,137.18,716.45,1,0
30,sybil_1,18.3,398.4,6.2927,0.0,93.9,A2B2,2,137.18,716.45,1,0
30,sybil_10,198.4,208.14,1.1597,1.1597,180.0,B2B1,5,100.55,669.55,1,3
30,sybil_11,198.4,208.14,14.3428,-6.2533,180.0,B2B1,5,100.55,669.55,1,3
30,sybil_12,-1.6,572.62,11.2914,10.6158,180.0,A3A2,6,154.05,708.1,1,4
30,sybil_13,-1.6,572.62,3.7231,3.7231,297.22,:A3_11,6,154.05,708.1,1,4
30,sybil_14,-1.6,572.62,0.0,0.0,0.0,A2A3,6,154.05,708.1,1,4
30,sybil_15,1.6,574.19,8.322,8.322,0.0,A2A3,6,150.63,705.46,1,5
30,sybil_16,1.6,574.19,2.1142,-0.042,0.0,A2A3,6,150.63,705.46,1,5
30,sybil_17,1.6,574.19,5.8277,-3.4426,0.0,A2A3,6,150.63,705.46,1,5
30,sybil_24,473.45,-1.6,22.0866,16.1217,90.0,C0D0,2,123.84,716.35,1,8
30,sybil_25,473.45,-1.6,18.8322,10.7419,90.0,C0D0,2,123.84,716.35,1,8
30,sybil_26,473.45,-1.6,0.0,-3.3432,90.0,C0D0,2,123.84,716.35,1,8
30,sybil_6,75.94,201.6,20.8364,10.6624,270.0,B1A1,5,110.19,746.38,1,2
30,sybil_7,75.94,201.6,22.0753,15.7394,270.0,B1A1,5,110.19,746.38,1,2
30,sybil_8,75.94,201.6,13.1547,-2.7224,270.0,B1A1,5,110.19,746.38,1,2
30,sybil_9,198.4,208.14,0.0,-10.6187,270.0,B1A1,5,100.55,669.55,1,3
31,legit_0,601.6,758.18,13.1906,-0.3052,0.0,D3D4,1,169.46,469.43,0,-1
31,legit_1,-1.6,497.04,13.8794,0.8282,180.0,A3A2,8,183.26,714.14,0,-1
31,legit_2,598.23,794.02,5.8457,-0.2076,145.02,:D4_12,2,155.19,478.6,0,-1
31,legit_3,1001.6,934.07,12.6936,0.2393,0.0,F4F5,0,105.79,642.02,0,-1
31,legit_4,598.4,927.58,12.3024,-0.4555,180.0,D5D4,1,172.32,529.53,0,-1
31,legit_5,398.4,985.95,1.7507,1.7507,180.0,C5C4,0,107.28,586.2,0,-1
31,sybil_0,24.13,398.4,15.5508,11.8542,90.0,A2B2,2,131.6,711.93,1,0
31,sybil_1,24.13,398.4,0.0,-6.2927,92.41,A2B2,2,131.6,711.93,1,0
31,sybil_10,197.13,203.21,0.0,-1.1597,195.09,:B1_0,5,95.63,672.69,1,3
31,sybil_11,197.13,203.21,22.5782,8.2354,180.0,B2B1,5,95.63,672.69,1,3
31,sybil_12,-1.6,563.12,10.4415,-0.8499,180.0,A3A2,6,156.02,708.48,1,4
31,sybil_13,-1.6,563.12,3.7214,-0.0017,211.15,A3A2,6,156.02,708.48,1,4
31,sybil_14,-1.6,563.12,3.624,3.624,0.0,A2A3,6,156.02,708.48,1,4
31,sybil_15,1.6,577.3,0.854,-7.468,0.0,A2A3,6,150.13,705.37,1,5
31,sybil_16,1.6,577.3,0.0,-2.1142,0.0,A2A3,6,150.13,705.37,1,5
31,sybil_17,1.6,577.3,8.0591,2.2313,0.0,A2A3,6,150.13,705.37,1,5
31,sybil_24,484.38,-1.6,14.5079,-7.5788,90.0,C0D0,3,126.37,714.79,1,8
31,sybil_25,484.38,-1.6,0.0,-18.8322,90.0,C0D0,3,126.37,714.79,1,8
31,sybil_26,484.38,-1.6,7.9772,7.9772,90.0,C0D0,3,126.37,714.79,1,8
31,sybil_27,409.1,-1.6,0.0,0.0,90.0,C0D0,3,128.29,728.69,1,9
31,sybil_6,63.91,201.6,13.5598,-7.2766,270.0,B1A1,5,118.62,754.64,1,2
31,sybil_7,63.91,201.6,15.8155,-6.2598,270.0,B1A1,5,118.62,754.64,1,2
31,sybil_8,63.91,201.6,21.8586,8.7039,270.0,B1A1,5,118.62,754.64,1,2
31,sybil_9,197.13,203.21,18.4837,18.4837,270.0,B1A1,5,95.63,672.69,1,3
32,legit_0,601.6,771.18,13.0055,-0.1851,0.0,D3D4,2,163.58,472.55,0,-1
32,legit_1,-1.6,484.04,12.9964,-0.883,180.0,A3A2,8,190.86,715.86,0,-1
32,legit_2,598.4,788.75,5.2869,-0.5588,178.46,D4D3,2,157.0,477.14,0,-1
32,legit_3,1001.6,946.36,12.2954,-0.3981,0.0,F4F5,0,116.86,647.61,0,-1
32,legit_4,598.4,914.89,12.686,0.3836,180.0,D5D4,2,166.23,523.59,0,-1
32,legit_5,398.4,982.29,3.6568,1.9062,180.0,C5C4,0,110.5,584.25,0,-1
32,sybil_0,31.39,398.4,11.4985,-4.0523,90.0,A2B2,2,124.67,706.32,1,0
32,sybil_1,31.39,398.4,0.4531,0.4531,90.0,A2B2,2,124.67,706.32,1,0
32,sybil_10,192.97,201.62,0.2023,0.2023,246.02,:B1_0,5,92.25,675.65,1,3
32,sybil_11,192.97,201.62,3.4007,-19.1774,180.0,B2B1,5,92.25,675.65,1,3
32,sybil_12,-1.6,552.05,7.0768,-3.3647,180.0,A3A2,6,159.0,709.06,1,4
32,sybil_13,-1.6,552.05,9.0632,5.3419,180.0,A3A2,6,159.0,709.06,1,4
32,sybil_14,-1.6,552.05,5.6261,2.0022,0.0,A2A3,6,159.0,709.06,1,4
32,sybil_15,1.6,580.68,19.5387,18.6847,0.0,A2A3,6,149.65,705.28,1,5
32,sybil_16,1.6,580.68,4.5854,4.5854,0.0,A2A3,6,149.65,705.28,1,5
32,sybil_17,1.6,580.68,1.7056,-6.3535,0.0,A2A3,6,149.65,705.28,1,5
32,sybil_24,496.33,-1.6,16.1054,1.5975,90.0,C0D0,3,130.13,713.27,1,8
32,sybil_25,496.33,-1.6,14.9487,14.9487,90.0,C0D0,3,130.13,713.27,1,8
32,sybil_26,496.33,-1.6,4.4642,-3.513,90.0,C0D0,3,130.13,713.27,1,8
32,sybil_27,411.15,-1.6,0.0,0.0,90.0,C0D0,3,127.66,728.21,1,9
32,sybil_6,51.7,201.6,17.07,3.5102,270.0,B1A1,5,127.75,763.16,1,2
32,sybil_7,51.7,201.6,5.9233,-9.8922,270.0,B1A1,5,127.75,763.16,1,2
32,sybil_8,51.7,201.6,18.6703,-3.1883,270.0,B1A1,5,127.75,763.16,1,2
32,sybil_9,192.97,201.62,7.4326,-11.0511,270.0,B1A1,5,92.25,675.65,1,3
33,legit_0,601.6,784.82,13.6336,0.628,0.0,D3D4,2,158.33,476.07,0,-1
33,legit_1,-1.6,470.85,13.1944,0.198,180.0,A3A2,8,187.8,717.8,0,-1
33,legit_2,598.4,781.8,6.9522,1.6654,180.0,D4D3,2,159.41,475.27,0,-1
33,legit_3,1001.6,958.65,12.282,-0.0134,0.0,F4F5,0,128.14,653.34,0,-1
33,legit_4,598.4,902.58,12.3174,-0.3685,180.0,D5D4,2,161.05,518.03,0,-1
33,legit_5,398.4,976.55,5.7466,2.0897,180.0,C5C4,0,115.61,581.23,0,-1
33,sybil_0,40.73,398.4,8.8966,-2.6019,90.0,A2B2,5,115.82,699.17,1,0
33,sybil_1,40.73,398.4,0.0,-0.4531,90.0,A2B2,5,115.82,699.17,1,0
33,sybil_10,188.79,201.6,8.9889,8.7866,268.4,B1A1,5,90.35,677.85,1,3
33,sybil_11,188.79,201.6,5.6731,2.2724,180.0,B2B1,5,90.35,677.85,1,3
33,sybil_12,-1.6,540.04,12.7138,5.637,180.0,A3A2,8,163.03,709.86,1,4
33,sybil_13,-1.6,540.04,0.0142,-9.049,180.0,A3A2,8,163.03,709.86,1,4
33,sybil_14,-1.6,540.04,0.0,-5.6261,349.29,:A3_11,8,163.03,709.86,1,4
33,sybil_15,1.6,583.63,9.22,-10.3187,0.0,A2A3,6,149.3,705.21,1,5
33,sybil_16,1.6,583.63,0.0,-4.5854,0.0,A2A3,6,149.3,705.21,1,5
33,sybil_17,1.6,583.63,15.5057,13.8001,0.0,A2A3,6,149.3,705.21,1,5
33,sybil_24,507.56,-1.6,29.9789,13.8735,90.0,C0D0,3,134.53,712.0,1,8
33,sybil_25,507.56,-1.6,7.0949,-7.8539,90.0,C0D0,3,134.53,712.0,1,8
33,sybil_26,507.56,-1.6,5.4403,0.976,90.0,C0D0,3,134.53,712.0,1,8
33,sybil_27,415.51,-1.6,0.0,0.0,90.0,C0D0,3,126.4,727.22,1,9
33,sybil_6,39.24,201.6,19.7766,2.7065,270.0,B1A1,5,137.57,771.98,1,2
33,sybil_7,39.24,201.6,0.0,-5.9233,270.0,B1A1,5,137.57,771.98,1,2
33,sybil_8,39.24,201.6,0.0,-18.6703,270.0,B1A1,5,137.57,771.98,1,2
33,sybil_9,188.79,201.6,23.571,16.1384,270.0,B1A1,5,90.35,677.85,1,3
34,legit_0,601.6,798.3,13.4797,-0.1538,0.0,:D4_9,2,154.15,479.82,0,-1
34,legit_1,-1.6,457.07,13.7804,0.5861,180.0,A3A2,9,180.01,720.05,0,-1
34,legit_2,598.4,772.48,9.3166,2.3644,180.0,D4D3,2,163.04,472.87,0,-1
34,legit_3,1001.6,970.31,11.6593,-0.6227,0.0,F4F5,0,119.9,658.92,0,-1
34,legit_4,598.4,889.5,13.0786,0.7611,180.0,D5D4,2,156.44,512.36,0,-1
34,legit_5,398.4,969.22,7.3298,1.5832,180.0,C5C4,0,122.21,577.41,0,-1
34,sybil_0,52.66,398.4,22.3032,13.4066,90.0,A2B2,6,104.64,690.13,1,0
34,sybil_1,52.66,398.4,4.6434,4.6434,90.0,A2B2,6,104.64,690.13,1,0
34,sybil_10,182.31,201.6,8.6239,-0.365,270.0,B1A1,2,87.76,681.28,1,3
34,sybil_11,182.31,201.6,1.418,-4.2551,195.23,:B1_0,2,87.76,681.28,1,3
34,sybil_12,-1.6,528.39,12.1368,-0.5769,180.0,A3A2,9,167.66,710.8,1,4
34,sybil_13,-1.6,528.39,20.2901,20.2759,180.0,A3A2,9,167.66,710.8,1,4
34,sybil_14,-1.6,528.39,13.0239,13.0239,301.54,:A3_11,9,167.66,710.8,1,4
34,sybil_15,1.6,586.59,3.8692,-5.3508,0.0,A2A3,6,149.0,705.16,1,5
34,sybil_16,1.6,586.59,20.382,20.382,0.0,A2A3,6,149.0,705.16,1,5
34,sybil_17,1.6,586.59,12.8444,-2.6613,0.0,A2A3,6,149.0,705.16,1,5
34,sybil_2,52.66,398.4,0.0,0.0,91.14,A2B2,6,104.64,690.13,1,0
34,sybil_24,518.59,-1.6,14.4843,-15.4946,90.0,C0D0,4,139.61,710.9,1,8
34,sybil_25,518.59,-1.6,14.246,7.1511,90.0,C0D0,4,139.61,710.9,1,8
34,sybil_26,518.59,-1.6,10.5402,5.0999,90.0,C0D0,4,139.61,710.9,1,8
34,sybil_27,421.86,-1.6,5.7983,5.7983,90.0,C0D0,4,124.81,725.81,1,9
34,sybil_28,421.86,-1.6,14.789,0.0,90.0,C0D0,4,124.81,725.81,1,9
34,sybil_6,27.09,201.6,11.0721,-8.7044,270.0,B1A1,2,147.53,780.71,1,2
34,sybil_7,27.09,201.6,7.3114,7.3114,270.0,B1A1,2,147.53,780.71,1,2
34,sybil_8,27.09,201.6,17.4084,17.4084,270.0,B1A1,2,147.53,780.71,1,2
34,sybil_9,182.31,201.6,14.5651,-9.0059,270.0,B1A1,2,87.76,681.28,1,3
35,legit_0,601.6,812.11,13.8124,0.3326,0.0,D4D5,2,151.0,483.94,0,-1
35,legit_1,-1.6,443.7,13.362,-0.4184,180.0,A3A2,9,173.17,722.43,0,-1
35,legit_2,598.4,760.59,11.8952,2.5786,180.0,D4D3,2,168.31,469.99,0,-1
35,legit_3,1001.6,983.16,12.859,1.1997,0.0,F4F5,0,108.26,665.21,0,-1
35,legit_4,598.4,876.31,13.1865,0.1079,180.0,D5D4,2,152.78,506.88,0,-1
35,legit_5,398.4,960.29,8.9225,1.5928,180.0,C5C4,0,130.35,572.84,0,-1
35,sybil_0,63.82,398.4,16.1578,-6.1454,90.0,A2B2,6,94.35,681.77,1,0
35,sybil_1,63.82,398.4,0.0,-4.6434,90.0,A2B2,6,94.35,681.77,1,0
35,sybil_10,173.32,201.6,15.7553,7.1314,270.0,B1A1,2,84.87,686.15,1,3
35,sybil_11,173.32,201.6,18.362,16.944,256.56,B1A1,2,84.87,686.15,1,3
35,sybil_12,-1.6,516.34,21.8215,9.6847,180.0,A3A2,9,173.15,711.95,1,4
35,sybil_13,-1.6,516.34,13.5862,-6.7039,180.0,A3A2,9,173.15,711.95,1,4
35,sybil_14,-1.6,516.34,13.2311,0.2072,215.54,A3A2,9,173.15,711.95,1,4
35,sybil_15,1.6,589.0,2.1538,-1.7154,0.0,A2A3,6,148.81,705.12,1,5
35,sybil_16,1.6,589.0,1.1357,-19.2463,0.0,A2A3,6,148.81,705.12,1,5
35,sybil_17,1.6,589.0,0.0,-12.8444,0.0,A2A3,6,148.81,705.12,1,5
35,sybil_2,63.82,398.4,0.0,0.0,90.0,A2B2,6,94.35,681.77,1,0
35,sybil_24,530.74,-1.6,0.0,-14.4843,90.0,C0D0,4,145.97,709.87,1,8
35,sybil_25,530.74,-1.6,9.595,-4.651,90.0,C0D0,4,145.97,709.87,1,8
35,sybil_26,530.74,-1.6,0.0,-10.5402,90.0,C0D0,4,145.97,709.87,1,8
35,sybil_27,430.32,-1.6,2.3667,-3.4317,90.0,C0D0,4,123.18,724.02,1,9
35,sybil_28,430.32,-1.6,3.4808,-11.3082,90.0,C0D0,4,123.18,724.02,1,9
35,sybil_6,16.28,201.6,3.3919,-7.6802,270.0,B1A1,2,156.65,788.57,1,2
35,sybil_7,16.28,201.6,31.173,23.8616,270.0,B1A1,2,156.65,788.57,1,2
35,sybil_8,16.28,201.6,20.3833,2.9749,270.0,B1A1,2,156.65,788.57,1,2
35,sybil_9,173.32,201.6,21.8706,7.3055,270.0,B1A1,2,84.87,686.15,1,3
36,legit_0,601.6,825.9,13.7969,-0.0155,0.0,D4D5,2,149.07,488.34,0,-1
36,legit_1,-1.6,430.3,13.4059,0.0439,180.0,A3A2,7,167.11,725.04,0,-1
36,legit_2,598.4,746.99,13.598,1.7028,180.0,D4D3,2,175.14,466.95,0,-1
36,legit_3,1001.6,992.3,9.1405,-3.7185,0.0,F4F5,0,100.17,669.77,0,-1
36,legit_4,598.4,863.23,13.0849,-0.1016,180.0,D5D4,3,150.21,501.7,0,-1
36,legit_5,398.4,949.28,11.0102,2.0877,180.0,C5C4,0,120.85,567.32,0,-1
36,legit_6,587.7,1001.6,0.0,0.0,270.0,D5C5,1,158.45,568.4,0,-1
36,sybil_0,75.59,398.4,7.1903,-8.9675,90.0,A2B2,7,83.74,673.09,1,0
36,sybil_1,75.59,398.4,6.8802,6.8802,90.0,A2B2,7,83.74,673.09,1,0
36,sybil_10,162.99,201.6,15.0835,-0.6718,270.0,B1A1,2,82.63,691.88,1,3
36,sybil_11,162.99,201.6,0.0,-18.362,270.0,B1A1,2,82.63,691.88,1,3
36,sybil_12,-1.6,504.5,3.9751,-17.8464,180.0,A3A2,10,179.17,713.24,1,4
36,sybil_13,-1.6,504.5,0.0,-13.5862,180.0,A3A2,10,179.17,713.24,1,4
36,sybil_14,-1.6,504.5,12.3544,-0.8766,180.0,A3A2,10,179.17,713.24,1,4
36,sybil_15,1.6,590.87,0.0,-2.1538,0.0,A2A3,5,148.68,705.1,1,5
36,sybil_16,1.6,590.87,9.4377,8.302,0.0,A2A3,5,148.68,705.1,1,5
36,sybil_17,1.6,590.87,16.0829,16.0829,0.0,A2A3,5,148.68,705.1,1,5
36,sybil_2,75.59,398.4,0.0,0.0,90.0,A2B2,7,83.74,673.09,1,0
36,sybil_24,542.58,-1.6,9.4334,9.4334,90.0,C0D0,5,152.83,709.02,1,8
36,sybil_25,542.58,-1.6,6.3527,-3.2423,90.0,C0D0,5,152.83,709.02,1,8
36,sybil_26,542.58,-1.6,23.802,23.802,90.0,C0D0,5,152.83,709.02,1,8
36,sybil_27,440.28,-1.6,20.3721,18.0054,90.0,C0D0,5,121.99,722.03,1,9
36,sybil_28,440.28,-1.6,12.0584,8.5776,90.0,C0D0,5,121.99,722.03,1,9
36,sybil_29,440.28,-1.6,2.8886,0.0,90.0,C0D0,5,121.99,722.03,1,9
36,sybil_3,11.0,398.4,3.0195,0.0,91.95,A2B2,7,144.21,722.15,1,1
36,sybil_6,9.97,201.6,0.0,-3.3919,270.0,B1A1,2,162.07,793.19,1,2
36,sybil_7,9.97,201.6,19.0498,-12.1232,270.0,B1A1,2,162.07,793.19,1,2
36,sybil_8,9.97,201.6,3.7405,-16.6428,270.0,B1A1,2,162.07,793.19,1,2
36,sybil_9,162.99,201.6,26.2811,4.4105,270.0,B1A1,2,82.63,691.88,1,3
37,legit_0,601.6,839.31,13.4077,-0.3892,0.0,D4D5,2,148.4,492.9,0,-1
37,legit_1,-1.6,417.04,13.2544,-0.1515,180.0,A3A2,7,161.98,727.82,0,-1
37,legit_2,598.4,733.36,13.6276,0.0296,180.0,D4D3,2,182.74,464.16,0,-1
37,legit_3,1001.56,997.09,4.7921,-4.3484,359.52,:F5_0,0,96.02,672.17,0,-1
37,legit_4,598.4,850.22,13.0069,-0.078,180.0,D5D4,2,148.75,496.81,0,-1
37,legit_5,398.4,937.21,12.0765,1.0663,180.0,C5C4,0,110.05,561.41,0,-1
37,legit_6,586.07,1001.6,1.6284,1.6284,270.0,D5C5,0,157.04,568.42,0,-1
37,sybil_0,87.1,398.4,11.8745,4.6843,90.0,A2B2,7,73.7,664.71,1,0
37,sybil_1,87.1,398.4,16.6668,9.7866,90.0,A2B2,7,73.7,664.71,1,0
37,sybil_10,152.05,201.6,0.2279,-14.8555,270.0,B1A1,5,81.63,698.14,1,3
37,sybil_11,152.05,201.6,10.4263,10.4263,270.0,B1A1,5,81.63,698.14,1,3
37,sybil_12,-1.6,492.63,11.2971,7.322,180.0,A3A2,10,185.77,714.7,1,4
37,sybil_13,-1.6,492.63,9.7401,9.7401,180.0,A3A2,10,185.77,714.7,1,4
37,sybil_14,-1.6,492.63,14.4633,2.1089,180.0,A3A2,10,185.77,714.7,1,4
37,sybil_15,0.71,594.04,16.7515,16.7515,349.29,:A3_11,5,149.41,705.79,1,5
37,sybil_16,0.71,594.04,2.6795,-6.7582,0.0,A2A3,5,149.41,705.79,1,5
37,sybil_17,0.71,594.04,2.1577,-13.9252,0.0,A2A3,5,149.41,705.79,1,5
37,sybil_2,87.1,398.4,16.5177,16.5177,90.0,A2B2,7,73.7,664.71,1,0
37,sybil_24,553.76,-1.6,14.14,4.7066,90.0,C0D0,5,159.85,708.38,1,8
37,sybil_25,553.76,-1.6,12.2377,5.8851,90.0,C0D0,5,159.85,708.38,1,8
37,sybil_26,553.76,-1.6,9.0787,-14.7233,90.0,C0D0,5,159.85,708.38,1,8
37,sybil_27,452.04,-1.6,2.9063,-17.4658,90.0,C0D0,5,121.62,719.85,1,9
37,sybil_28,452.04,-1.6,7.2232,-4.8352,90.0,C0D0,5,121.62,719.85,1,9
37,sybil_29,452.04,-1.6,0.0,-2.8886,90.0,C0D0,5,121.62,719.85,1,9
37,sybil_3,12.1,398.4,0.0,-3.0195,90.17,A2B2,7,143.15,721.29,1,1
37,sybil_6,6.98,201.45,2.273,2.273,268.31,:A1_5,5,164.59,795.46,1,2
37,sybil_7,6.98,201.45,6.78,-12.2698,270.0,B1A1,5,164.59,795.46,1,2
37,sybil_8,6.98,201.45,7.4147,3.6742,270.0,B1A1,5,164.59,795.46,1,2
37,sybil_9,152.05,201.6,3.7611,-22.52,270.0,B1A1,5,81.63,698.14,1,3
38,legit_0,601.6,851.94,12.6286,-0.7791,0.0,D4D5,2,148.88,497.44,0,-1
38,legit_1,-1.6,403.39,13.6535,0.3991,180.0,:A2_0,7,157.69,730.9,0,-1
38,legit_2,598.4,720.8,12.5623,-1.0653,180.0,D4D3,2,190.35,461.81,0,-1
38,legit_3,999.13,1001.16,5.0554,0.2633,328.9,:F5_0,0,93.83,673.01,0,-1
38,legit_4,598.4,837.53,12.686,-0.3209,180.0,D5D4,2,148.42,492.28,0,-1
38,legit_5,398.4,924.78,12.422,0.3456,180.0,C5C4,0,99.25,555.49,0,-1
38,legit_6,582.89,1001.6,3.1782,1.5498,270.0,D5C5,0,154.3,568.48,0,-1
38,sybil_0,98.67,398.4,21.2823,9.4078,90.0,A2B2,7,64.1,656.42,1,0
38,sybil_1,98.67,398.4,17.2068,0.54,90.0,A2B2,7,64.1,656.42,1,0
38,sybil_10,140.8,201.6,7.7256,7.4977,270.0,B1A1,5,82.12,704.76,1,3
38,sybil_11,140.8,201.6,19.5826,9.1564,270.0,B1A1,5,82.12,704.76,1,3
38,sybil_12,-1.6,480.46,0.0,-11.2971,180.0,A3A2,10,193.06,716.37,1,4
38,sybil_13,-1.6,480.46,9.4779,-0.2622,180.0,A3A2,10,193.06,716.37,1,4
38,sybil_14,-1.6,480.46,12.5405,-1.9228,180.0,A3A2,10,193.06,716.37,1,4
38,sybil_15,-1.39,593.12,11.1052,-5.6463,289.2,:A3_11,5,151.54,707.49,1,5
38,sybil_16,-1.39,593.12,15.5713,12.8918,0.0,A2A3,5,151.54,707.49,1,5
38,sybil_17,-1.39,593.12,5.3028,3.1451,0.0,A2A3,5,151.54,707.49,1,5
38,sybil_2,98.67,398.4,17.1349,0.6172,90.0,A2B2,7,64.1,656.42,1,0
38,sybil_24,564.79,-1.6,29.4525,15.3125,90.0,C0D0,5,167.22,707.88,1,8
38,sybil_25,564.79,-1.6,7.2354,-5.0023,90.0,C0D0,5,167.22,707.88,1,8
38,sybil_26,564.79,-1.6,12.8841,3.8054,90.0,C0D0,5,167.22,707.88,1,8
38,sybil_27,465.41,-1.6,10.8854,7.9791,90.0,C0D0,5,122.57,717.59,1,9
38,sybil_28,465.41,-1.6,5.7273,-1.496,90.0,C0D0,5,122.57,717.59,1,9
38,sybil_29,465.41,-1.6,0.0,0.0,90.0,C0D0,5,122.57,717.59,1,9
38,sybil_3,14.7,398.4,9.1085,9.1085,90.0,A2B2,7,140.64,719.26,1,1
38,sybil_6,6.31,199.0,2.8841,0.6111,221.44,:A1_5,5,163.98,797.1,1,2
38,sybil_7,6.31,199.0,12.8935,6.1135,270.0,B1A1,5,163.98,797.1,1,2
38,sybil_8,6.31,199.0,20.3251,12.9104,270.0,B1A1,5,163.98,797.1,1,2
38,sybil_9,140.8,201.6,1.7188,-2.0423,270.0,B1A1,5,82.12,704.76,1,3
39,legit_0,601.6,864.86,12.9171,0.2886,0.0,D4D5,2,150.47,502.34,0,-1
39,legit_1,-1.6,389.98,13.4136,-0.2399,180.0,A2A1,8,154.54,734.14,0,-1
39,legit_2,598.4,707.29,13.5111,0.9488,180.0,D4D3,1,183.12,459.53,0,-1
39,legit_3,994.32,1001.6,4.8681,-0.1873,275.86,F5E5,0,96.16,670.81,0,-1
39,legit_4,598.4,824.81,12.7244,0.0384,180.0,D5D4,2,149.18,487.98,0,-1
39,legit_5,398.4,912.29,12.4997,0.0776,180.0,C5C4,0,88.81,549.7,0,-1
39,legit_6,577.19,1001.6,5.7054,2.5272,270.0,D5C5,1,149.41,568.6,0,-1
39,sybil_0,109.9,398.4,15.6747,-5.6076,90.0,A2B2,8,55.52,648.53,1,0
39,sybil_1,109.9,398.4,13.062,-4.1448,90.0,A2B2,8,55.52,648.53,1,0
39,sybil_10,130.14,201.6,0.1636,-7.5621,270.0,B1A1,5,83.98,711.22,1,3
39,sybil_11,130.14,201.6,4.841,-14.7417,270.0,B1A1,5,83.98,711.22,1,3
39,sybil_12,-1.6,468.8,4.647,4.647,180.0,A3A2,11,186.6,718.12,1,4
39,sybil_13,-1.6,468.8,14.7233,5.2454,180.0,A3A2,11,186.6,718.12,1,4
39,sybil_14,-1.6,468.8,21.7652,9.2247,180.0,A3A2,11,186.6,718.12,1,4
39,sybil_15,-1.6,589.95,1.1895,-9.9157,198.15,A3A2,5,151.93,707.69,1,5
39,sybil_16,-1.6,589.95,0.0,-15.5713,0.0,A2A3,5,151.93,707.69,1,5
39,sybil_17,-1.6,589.95,1.1473,-4.1556,0.0,A2A3,5,151.93,707.69,1,5
39,sybil_2,109.9,398.4,19.6138,2.4789,90.0,A2B2,8,55.52,648.53,1,0
39,sybil_24,576.44,-1.6,11.4489,-18.0036,90.0,C0D0,5,175.42,707.5,1,8
39,sybil_25,576.44,-1.6,13.3672,6.1318,90.0,C0D0,5,175.42,707.5,1,8
39,sybil_26,576.44,-1.6,21.3106,8.4265,90.0,C0D0,5,175.42,707.5,1,8
39,sybil_27,479.21,-1.6,20.4751,9.5897,90.0,C0D0,5,125.06,715.51,1,9
39,sybil_28,479.21,-1.6,13.9961,8.2688,90.0,C0D0,5,125.06,715.51,1,9
39,sybil_29,479.21,-1.6,5.4989,5.4989,90.0,C0D0,5,125.06,715.51,1,9
39,sybil_3,18.65,398.4,8.448,-0.6605,90.0,A2B2,8,136.85,716.18,1,1
39,sybil_4,18.65,398.4,0.0,0.0,94.55,A2B2,8,136.85,716.18,1,1
39,sybil_6,9.1,198.4,0.0,-2.8841,125.84,A1B1,5,161.24,795.32,1,2
39,sybil_7,9.1,198.4,7.5455,-5.348,270.0,B1A1,5,161.24,795.32,1,2
39,sybil_8,9.1,198.4,13.089,-7.2361,270.0,B1A1,5,161.24,795.32,1,2
39,sybil_9,130.14,201.6,23.9278,22.209,270.0,B1A1,5,83.98,711.22,1,3
40,legit_0,601.6,877.52,12.6576,-0.2596,0.0,D4D5,2,153.07,507.37,0,-1
40,legit_1,-1.6,376.97,13.0047,-0.4089,180.0,A2A1,8,152.55,737.49,0,-1
40,legit_2,598.4,693.6,13.6883,0.1772,180.0,D4D3,1,175.45,457.48,0,-1
40,legit_3,987.24,1001.6,7.0839,2.2158,270.0,F5E5,0,100.43,667.29,0,-1
40,legit_4,598.4,812.24,12.5705,-0.1538,180.0,D5D4,2,150.97,483.98,0,-1
40,legit_5,398.4,899.98,12.3031,-0.1966,180.0,C5C4,0,79.12,544.19,0,-1
40,legit_6,569.87,1001.6,7.317,1.6116,270.0,D5C5,1,143.23,568.82,0,-1
40,sybil_0,121.86,398.4,0.1279,-15.5468,90.0,A2B2,8,47.61,640.3,1,0
40,sybil_1,121.86,398.4,2.1601,-10.9019,90.0,A2B2,8,47.61,640.3,1,0
40,sybil_10,119.19,201.6,6.2603,6.0967,270.0,B1A1,5,87.22,718.02,1,3
40,sybil_11,119.19,201.6,4.9578,0.1168,270.0,B1A1,5,87.22,718.02,1,3
40,sybil_12,-1.6,457.68,4.7383,0.0913,180.0,A3A2,11,180.34,719.94,1,4
40,sybil_13,-1.6,457.68,11.2712,-3.452,180.0,A3A2,11,180.34,719.94,1,4
40,sybil_14,-1.6,457.68,0.0,-21.7652,180.0,A3A2,11,180.34,719.94,1,4
40,sybil_15,-1.6,584.24,8.9651,7.7756,180.0,A3A2,5,152.42,707.78,1,5
40,sybil_16,-1.6,584.24,0.0,0.0,0.0,A2A3,5,152.42,707.78,1,5
40,sybil_17,-1.6,584.24,0.0,-1.1473,0.0,A2A3,5,152.42,707.78,1,5
40,sybil_2,121.86,398.4,29.1667,9.5528,90.0,A2B2,8,47.61,640.3,1,0
40,sybil_24,587.81,-1.6,1.201,-10.2479,90.0,C0D0,5,183.79,707.28,1,8
40,sybil_25,587.81,-1.6,0.3454,-13.0218,90.0,C0D0,5,183.79,707.28,1,8
40,sybil_26,587.81,-1.6,8.3244,-12.9862,90.0,C0D0,5,183.79,707.28,1,8
40,sybil_27,492.14,-1.6,5.2923,-15.1828,90.0,C0D0,5,128.69,713.78,1,9
40,sybil_28,492.14,-1.6,6.4379,-7.5582,90.0,C0D0,5,128.69,713.78,1,9
40,sybil_29,492.14,-1.6,22.3257,16.8268,90.0,C0D0,5,128.69,713.78,1,9
40,sybil_3,24.24,398.4,0.2658,-8.1822,90.0,A2B2,8,131.49,711.84,1,1
40,sybil_4,24.24,398.4,0.0,0.0,92.97,A2B2,8,131.49,711.84,1,1
40,sybil_6,13.42,198.4,12.2168,12.2168,90.0,A1B1,5,157.48,792.15,1,2
40,sybil_7,13.42,198.4,0.0,-7.5455,270.0,B1A1,5,157.48,792.15,1,2
40,sybil_8,13.42,198.4,9.4375,-3.6515,270.0,B1A1,5,157.48,792.15,1,2
40,sybil_9,119.19,201.6,11.5253,-12.4024,270.0,B1A1,5,87.22,718.02,1,3
41,legit_0,601.6,890.91,13.3955,0.7379,0.0,D4D5,2,156.89,512.96,0,-1
41,legit_1,-1.6,363.49,13.4825,0.4778,180.0,A2A1,8,151.64,741.18,0,-1
41,legit_2,598.4,680.38,13.2175,-0.4708,180.0,D4D3,1,168.77,455.75,0,-1
41,legit_3,978.47,1001.6,8.7644,1.6805,270.0,F5E5,0,106.13,663.02,0,-1
41,legit_4,598.4,798.73,13.5044,0.9338,180.0,:D4_1,2,154.03,479.94,0,-1
41,legit_5,398.4,887.72,12.2597,-0.0434,180.0,C5C4,0,70.29,538.88,0,-1
41,legit_6,560.67,1001.6,9.196,1.879,270.0,D5C5,1,135.63,569.17,0,-1
41,sybil_0,133.52,398.4,2.1216,1.9938,90.0,A2B2,8,41.79,632.5,1,0
41,sybil_1,133.52,398.4,12.7403,10.5802,90.0,A2B2,8,41.79,632.5,1,0
41,sybil_10,107.8,201.6,2.9916,-3.2686,270.0,B1A1,5,91.87,725.27,1,3
41,sybil_11,107.8,201.6,0.0,-4.9578,270.0,B1A1,5,91.87,725.27,1,3
41,sybil_12,-1.6,446.44,14.7478,10.0095,180.0,A3A2,11,174.51,721.93,1,4
41,sybil_13,-1.6,446.44,11.9036,0.6324,180.0,A3A2,11,174.51,721.93,1,4
41,sybil_14,-1.6,446.44,24.0942,24.0942,180.0,A3A2,11,174.51,721.93,1,4
41,sybil_15,-1.6,577.14,5.9344,-3.0308,180.0,A3A2,5,153.31,707.96,1,5
41,sybil_16,-1.6,577.14,15.237,15.237,333.25,:A3_11,5,153.31,707.96,1,5
41,sybil_17,-1.6,577.14,14.5455,14.5455,0.0,A2A3,5,153.31,707.96,1,5
41,sybil_2,133.52,398.4,13.687,-15.4797,90.0,A2B2,8,41.79,632.5,1,0
41,sybil_24,598.75,-1.6,6.2753,5.0744,90.0,:D0_6,5,192.13,707.19,1,8
41,sybil_25,598.75,-1.6,18.712,18.3666,90.0,C0D0,5,192.13,707.19,1,8
41,sybil_26,598.75,-1.6,1.0199,-7.3045,90.0,C0D0,5,192.13,707.19,1,8
41,sybil_27,505.55,-1.6,3.4768,-1.8155,90.0,C0D0,5,133.69,712.21,1,9
41,sybil_28,505.55,-1.6,23.7688,17.3309,90.0,C0D0,5,133.69,712.21,1,9
41,sybil_29,505.55,-1.6,11.365,-10.9607,90.0,C0D0,5,133.69,712.21,1,9
41,sybil_3,31.53,398.4,22.3667,22.1009,90.0,A2B2,8,124.54,706.21,1,1
41,sybil_4,31.53,398.4,3.5415,3.5415,90.0,A2B2,8,124.54,706.21,1,1
41,sybil_6,19.8,198.4,8.3703,-3.8465,90.0,A1B1,5,151.99,787.5,1,2
41,sybil_7,19.8,198.4,4.066,4.066,267.79,:A1_5,5,151.99,787.5,1,2
41,sybil_8,19.8,198.4,15.8972,6.4596,270.0,B1A1,5,151.99,787.5,1,2
41,sybil_9,107.8,201.6,2.2674,-9.2579,270.0,B1A1,5,91.87,725.27,1,3
42,legit_0,601.6,904.33,13.4205,0.025,0.0,D4D5,2,161.74,518.81,0,-1
42,legit_1,-1.6,350.75,12.7409,-0.7416,180.0,A2A1,6,151.88,744.87,0,-1
42,legit_2,598.4,666.9,13.4782,0.2607,180.0,D4D3,1,162.78,454.24,0,-1
42,legit_3,967.65,1001.6,10.822,2.0575,270.0,F5E5,0,113.7,657.87,0,-1
42,legit_4,598.4,786.37,12.3601,-1.1442,180.0,D4D3,2,157.79,476.49,0,-1
42,legit_5,398.4,875.4,12.318,0.0584,180.0,C5C4,1,62.58,533.76,0,-1
42,legit_6,549.61,1001.6,11.0631,1.8671,270.0,D5C5,1,126.76,569.72,0,-1
42,legit_7,398.4,787.7,0.0,0.0,180.0,C4C3,1,73.47,504.96,0,-1
42,sybil_0,145.28,398.4,12.8248,10.7031,90.0,A2B2,5,38.69,624.9,1,0
42,sybil_1,145.28,398.4,0.5434,-12.197,90.0,A2B2,5,38.69,624.9,1,0
42,sybil_10,97.26,201.6,7.4934,4.5017,270.0,B1A1,5,97.16,732.12,1,3
42,sybil_11,97.26,201.6,24.4371,24.4371,270.0,B1A1,5,97.16,732.12,1,3
42,sybil_12,-1.6,434.35,13.2169,-1.5309,180.0,A3A2,9,168.85,724.23,1,4
42,sybil_13,-1.6,434.35,0.0,-11.9036,180.0,A3A2,9,168.85,724.23,1,4
42,sybil_14,-1.6,434.35,17.2126,-6.8816,180.0,A3A2,9,168.85,724.23,1,4
42,sybil_15,-1.6,567.48,0.0,-5.9344,180.0,A3A2,5,155.05,708.29,1,5
42,sybil_16,-1.6,567.48,1.067,-14.1701,224.37,A3A2,5,155.05,708.29,1,5
42,sybil_17,-1.6,567.48,13.0362,-1.5093,0.0,A2A3,5,155.05,708.29,1,5
42,sybil_2,145.28,398.4,22.3078,8.6208,90.0,A2B2,5,38.69,624.9,1,0
42,sybil_24,609.75,-1.6,0.0,-6.2753,90.0,D0E0,5,185.62,707.25,1,8
42,sybil_25,609.75,-1.6,13.5065,-5.2055,90.0,C0D0,5,185.62,707.25,1,8
42,sybil_26,609.75,-1.6,16.1992,15.1793,90.0,C0D0,5,185.62,707.25,1,8
42,sybil_27,518.6,-1.6,16.265,12.7882,90.0,C0D0,5,139.62,710.9,1,9
42,sybil_28,518.6,-1.6,0.0,-23.7688,90.0,C0D0,5,139.62,710.9,1,9
42,sybil_29,518.6,-1.6,21.5472,10.1822,90.0,C0D0,5,139.62,710.9,1,9
42,sybil_3,40.45,398.4,12.2121,-10.1546,90.0,A2B2,9,116.09,699.38,1,1
42,sybil_4,40.45,398.4,4.6429,1.1014,90.0,A2B2,9,116.09,699.38,1,1
42,sybil_5,40.45,398.4,8.555,0.0,98.83,A2B2,9,116.09,699.38,1,1
42,sybil_6,27.77,198.4,12.7073,4.337,90.0,A1B1,5,145.21,781.73,1,2
42,sybil_7,27.77,198.4,10.1993,6.1333,240.51,:A1_5,5,145.21,781.73,1,2
42,sybil_8,27.77,198.4,0.0,-15.8972,270.0,B1A1,5,145.21,781.73,1,2
42,sybil_9,97.26,201.6,5.8873,3.6198,270.0,B1A1,5,97.16,732.12,1,3
43,legit_0,601.6,916.96,12.6296,-0.7909,0.0,D4D5,2,167.17,524.54,0,-1
43,legit_1,-1.6,336.89,13.8614,1.1205,180.0,A2A1,9,153.35,749.1,0,-1
43,legit_2,598.4,653.27,13.6368,0.1586,180.0,D4D3,1,157.67,452.98,0,-1
43,legit_3,955.59,1001.6,12.0635,1.2415,270.0,F5E5,0,122.72,652.29,0,-1
43,legit_4,598.4,773.14,13.2372,0.8771,180.0,D4D3,2,162.77,473.04,0,-1
43,legit_5,398.4,863.66,11.7416,-0.5764,180.0,C5C4,1,56.77,529.09,0,-1
43,legit_6,536.01,1001.6,13.6046,2.5415,270.0,D5C5,1,116.38,570.6,0,-1
43,legit_7,398.4,786.23,1.4654,1.4654,180.0,C4C3,1,74.52,504.58,0,-1
43,sybil_0,157.5,398.4,24.1783,11.3535,90.0,A2B2,5,39.13,617.32,1,0
43,sybil_1,157.5,398.4,5.7992,5.2559,90.0,A2B2,5,39.13,617.32,1,0
43,sybil_10,86.43,201.6,4.4282,-3.0651,270.0,B1A1,5,103.44,739.3,1,3
43,sybil_11,86.43,201.6,11.8607,-12.5763,270.0,B1A1,5,103.44,739.3,1,3
43,sybil_12,-1.6,423.06,15.5345,2.3176,180.0,A3A2,9,164.19,726.53,1,4
43,sybil_13,-1.6,423.06,16.3719,16.3719,180.0,A3A2,9,164.19,726.53,1,4
43,sybil_14,-1.6,423.06,22.7329,5.5202,180.0,A3A2,9,164.19,726.53,1,4
43,sybil_15,-1.6,555.5,12.105,12.105,180.0,A3A2,5,158.0,708.86,1,5
43,sybil_16,-1.6,555.5,5.2636,4.1967,180.0,A3A2,5,158.0,708.86,1,5
43,sybil_17,-1.6,555.5,0.0,-13.0362,0.0,A2A3,5,158.0,708.86,1,5
43,sybil_2,157.5,398.4,3.0583,-19.2495,90.0,A2B2,5,39.13,617.32,1,0
43,sybil_24,621.69,-1.6,15.6371,15.6371,90.0,D0E0,5,176.77,707.45,1,8
43,sybil_25,621.69,-1.6,2.7569,-10.7496,90.0,:D0_6,5,176.77,707.45,1,8
43,sybil_26,621.69,-1.6,7.6241,-8.5751,90.0,C0D0,5,176.77,707.45,1,8
43,sybil_27,531.36,-1.6,18.5134,2.2484,90.0,C0D0,5,146.31,709.82,1,9
43,sybil_28,531.36,-1.6,7.9432,7.9432,90.0,C0D0,5,146.31,709.82,1,9
43,sybil_29,531.36,-1.6,3.8195,-17.7277,90.0,C0D0,5,146.31,709.82,1,9
43,sybil_3,51.52,398.4,25.5284,13.3163,90.0,A2B2,9,105.71,690.99,1,1
43,sybil_4,51.52,398.4,1.0719,-3.571,90.0,A2B2,9,105.71,690.99,1,1
43,sybil_5,51.52,398.4,4.277,-4.278,94.64,A2B2,9,105.71,690.99,1,1
43,sybil_6,37.6,198.4,2.8635,-9.8438,90.0,A1B1,6,137.04,774.67,1,2
43,sybil_7,37.6,198.4,19.632,9.4327,132.92,A1B1,6,137.04,774.67,1,2
43,sybil_8,37.6,198.4,22.7114,22.7114,270.0,B1A1,6,137.04,774.67,1,2
43,sybil_9,86.43,201.6,0.0,-5.8873,270.0,B1A1,5,103.44,739.3,1,3
44,legit_0,601.6,930.01,13.0444,0.4148,0.0,D4D5,1,173.56,530.69,0,-1
44,legit_1,-1.6,323.07,13.8136,-0.0478,180.0,A2A1,12,156.03,753.54,0,-1
44,legit_2,598.4,640.47,12.7963,-0.8405,180.0,D4D3,1,153.82,452.05,0,-1
44,legit_3,943.54,1001.6,12.0491,-0.0144,270.0,F5E5,0,132.22,646.87,0,-1
44,legit_4,598.4,759.71,13.4259,0.1887,180.0,D4D3,1,168.73,469.79,0,-1
44,legit_5,398.4,852.0,11.6646,-0.077,180.0,C5C4,1,52.98,524.69,0,-1
44,legit_6,522.36,1001.6,13.6514,0.0468,270.0,D5C5,1,106.69,571.72,0,-1
44,legit_7,398.4,782.81,3.4211,1.9557,180.0,C4C3,1,77.03,503.73,0,-1
44,sybil_0,169.34,398.4,12.8824,-11.2959,90.0,A2B2,5,43.0,610.29,1,0
44,sybil_1,169.34,398.4,4.1083,-1.6909,90.0,A2B2,5,43.0,610.29,1,0
44,sybil_10,75.4,201.6,8.3851,3.9569,270.0,B1A1,6,110.56,746.75,1,3
44,sybil_11,75.4,201.6,4.2505,-7.6103,270.0,B1A1,6,110.56,746.75,1,3
44,sybil_12,-1.6,412.47,14.518,-1.0165,180.0,A3A2,9,160.42,728.82,1,4
44,sybil_13,-1.6,412.47,18.172,1.8,180.0,A3A2,9,160.42,728.82,1,4
44,sybil_14,-1.6,412.47,14.7161,-8.0168,180.0,A3A2,9,160.42,728.82,1,4
44,sybil_15,-1.6,542.47,12.4798,0.3748,180.0,A3A2,5,162.15,709.69,1,5
44,sybil_16,-1.6,542.47,0.0,-5.2636,180.0,A3A2,5,162.15,709.69,1,5
44,sybil_17,-1.6,542.47,9.2642,9.2642,351.47,:A3_8,5,162.15,709.69,1,5
44,sybil_2,169.34,398.4,12.3446,9.2862,90.0,A2B2,5,43.0,610.29,1,0
44,sybil_24,633.81,-1.6,7.2499,-8.3873,90.0,D0E0,5,168.18,707.83,1,8
44,sybil_25,633.81,-1.6,0.0,-2.7569,90.0,D0E0,5,168.18,707.83,1,8
44,sybil_26,633.81,-1.6,15.1555,7.5314,90.0,C0D0,5,168.18,707.83,1,8
44,sybil_27,544.05,-1.6,16.5238,-1.9896,90.0,C0D0,5,153.73,708.93,1,9
44,sybil_28,544.05,-1.6,8.3083,0.3651,90.0,C0D0,5,153.73,708.93,1,9
44,sybil_29,544.05,-1.6,11.0731,7.2536,90.0,C0D0,5,153.73,708.93,1,9
44,sybil_3,63.87,398.4,15.0083,-10.5201,90.0,A2B2,9,94.31,681.74,1,1
44,sybil_4,63.87,398.4,15.1851,14.1132,90.0,A2B2,9,94.31,681.74,1,1
44,sybil_5,63.87,398.4,12.5101,8.2331,90.0,A2B2,9,94.31,681.74,1,1
44,sybil_6,49.97,198.4,16.5383,13.6748,90.0,A1B1,6,127.09,765.9,1,2
44,sybil_7,49.97,198.4,9.3104,-10.3216,90.0,A1B1,6,127.09,765.9,1,2
44,sybil_8,49.97,198.4,0.0,-22.7114,270.0,B1A1,6,127.09,765.9,1,2
44,sybil_9,75.4,201.6,4.12,4.12,270.0,B1A1,6,110.56,746.75,1,3
45,legit_0,601.6,943.42,13.4189,0.3745,0.0,D4D5,1,180.88,537.24,0,-1
45,legit_1,-1.6,310.35,12.7286,-1.085,180.0,A2A1,12,159.52,757.83,0,-1
45,legit_2,598.4,627.02,13.4492,0.653,180.0,D4D3,1,150.84,451.35,0,-1
45,legit_3,931.57,1001.6,11.9634,-0.0857,270.0,F5E5,0,142.03,641.65,0,-1
45,legit_4,598.4,746.46,13.2557,-0.1702,180.0,D4D3,1,175.42,466.83,0,-1
45,legit_5,398.4,839.79,12.2076,0.543,180.0,C5C4,1,51.6,520.35,0,-1
45,legit_6,509.32,1001.6,13.0401,-0.6113,270.0,D5C5,1,98.31,573.01,0,-1
45,legit_7,398.4,777.55,5.2617,1.8405,180.0,C4C3,1,81.01,502.44,0,-1
45,sybil_0,181.52,398.4,12.0292,-0.8532,90.0,A2B2,5,49.68,603.33,1,0
45,sybil_1,181.52,398.4,0.0,-4.1083,90.0,A2B2,5,49.68,603.33,1,0
45,sybil_10,64.7,201.6,16.3377,7.9526,270.0,B1A1,6,118.04,754.09,1,3
45,sybil_11,64.7,201.6,19.4881,15.2377,270.0,B1A1,6,118.04,754.09,1,3
45,sybil_12,-1.48,406.38,0.0,-14.518,178.66,:A2_1,9,158.42,730.11,1,4
45,sybil_13,-1.48,406.38,7.9453,-10.2266,180.0,A3A2,9,158.42,730.11,1,4
45,sybil_14,-1.48,406.38,15.2041,0.488,180.0,A3A2,9,158.42,730.11,1,4
45,sybil_15,-1.6,529.88,24.634,12.1542,180.0,A3A2,5,167.03,710.68,1,5
45,sybil_16,-1.6,529.88,5.0287,5.0287,180.0,A3A2,5,167.03,710.68,1,5
45,sybil_17,-1.6,529.88,16.5407,7.2765,276.25,:A3_11,5,167.03,710.68,1,5
45,sybil_2,181.52,398.4,8.4467,-3.8979,90.0,A2B2,5,49.68,603.33,1,0
45,sybil_24,645.1,-1.6,11.8074,4.5576,90.0,D0E0,5,160.59,708.32,1,8
45,sybil_25,645.1,-1.6,10.9858,10.9858,90.0,D0E0,5,160.59,708.32,1,8
45,sybil_26,645.1,-1.6,17.2874,2.1319,90.0,C0D0,5,160.59,708.32,1,8
45,sybil_27,557.69,-1.6,15.3673,-1.1565,90.0,C0D0,5,162.43,708.18,1,9
45,sybil_28,557.69,-1.6,13.0,4.6917,90.0,C0D0,5,162.43,708.18,1,9
45,sybil_29,557.69,-1.6,31.7821,20.709,90.0,C0D0,5,162.43,708.18,1,9
45,sybil_3,76.4,398.4,33.1364,18.1281,90.0,A2B2,9,83.01,672.49,1,1
45,sybil_4,76.4,398.4,17.4796,2.2945,90.0,A2B2,9,83.01,672.49,1,1
45,sybil_5,76.4,398.4,14.7674,2.2573,90.0,A2B2,9,83.01,672.49,1,1
45,sybil_6,62.17,198.4,2.3467,-14.1916,90.0,A1B1,6,117.73,757.38,1,2
45,sybil_7,62.17,198.4,5.6758,-3.6346,90.0,A1B1,6,117.73,757.38,1,2
45,sybil_8,62.17,198.4,11.3361,11.3361,254.13,:A1_5,6,117.73,757.38,1,2
45,sybil_9,64.7,201.6,0.0,-4.12,270.0,B1A1,6,118.04,754.09,1,3
46,legit_0,601.6,956.03,12.6092,-0.8097,0.0,D4D5,1,188.38,543.62,0,-1
46,legit_1,-1.6,297.4,12.9445,0.2159,180.0,A2A1,12,164.02,762.38,0,-1
46,legit_2,598.4,614.17,12.8538,-0.5954,180.0,D4D3,1,149.07,450.93,0,-1
46,legit_3,918.81,1001.6,12.761,0.7975,270.0,F5E5,0,152.83,636.23,0,-1
46,legit_4,598.4,733.78,12.6801,-0.5756,180.0,D4D3,1,182.5,464.24,0,-1
46,legit_5,398.4,828.13,11.6631,-0.5445,180.0,C5C4,1,52.95,516.49,0,-1
46,legit_6,495.85,1001.6,13.4634,0.4232,270.0,D5C5,1,90.82,574.58,0,-1
46,legit_7,398.4,770.35,7.2041,1.9425,180.0,C4C3,1,86.68,500.74,0,-1
46,sybil_0,189.19,398.4,0.0909,-11.9382,90.0,A2B2,5,54.87,599.07,1,0
46,sybil_1,189.19,398.4,11.3094,11.3094,90.0,A2B2,5,54.87,599.07,1,0
46,sybil_10,54.36,201.6,6.8339,-9.5037,270.0,B1A1,6,125.72,761.29,1,3
46,sybil_11,54.36,201.6,0.0,-19.4881,270.0,B1A1,6,125.72,761.29,1,3
46,sybil_12,0.49,400.78,11.32,11.32,158.16,:A2_9,9,154.97,729.86,1,4
46,sybil_13,0.49,400.78,15.7747,7.8294,180.0,A3A2,9,154.97,729.86,1,4
46,sybil_14,0.49,400.78,13.4396,-1.7645,180.0,A3A2,9,154.97,729.86,1,4
46,sybil_15,-1.6,517.27,28.4944,3.8605,180.0,A3A2,8,172.71,711.86,1,5
46,sybil_16,-1.6,517.27,11.8893,6.8606,180.0,A3A2,8,172.71,711.86,1,5
46,sybil_17,-1.6,517.27,0.0,-16.5407,196.7,A3A2,8,172.71,711.86,1,5
46,sybil_2,189.19,398.4,12.1251,3.6784,90.0,A2B2,5,54.87,599.07,1,0
46,sybil_24,656.42,-1.6,11.2276,-0.5798,90.0,D0E0,5,153.44,708.96,1,8
46,sybil_25,656.42,-1.6,19.6126,8.6268,90.0,D0E0,5,153.44,708.96,1,8
46,sybil_26,656.42,-1.6,15.3077,-1.9798,90.0,:D0_6,5,153.44,708.96,1,8
46,sybil_27,570.84,-1.6,11.6433,-3.724,90.0,C0D0,5,171.43,707.66,1,9
46,sybil_28,570.84,-1.6,16.8283,3.8283,90.0,C0D0,5,171.43,707.66,1,9
46,sybil_29,570.84,-1.6,32.7175,0.9355,90.0,C0D0,5,171.43,707.66,1,9
46,sybil_3,88.17,398.4,0.2778,-32.8586,90.0,A2B2,12,72.78,663.93,1,1
46,sybil_4,88.17,398.4,24.2999,6.8203,90.0,A2B2,12,72.78,663.93,1,1
46,sybil_5,88.17,398.4,0.0,-14.7674,90.0,A2B2,12,72.78,663.93,1,1
46,sybil_6,75.06,198.4,11.8411,9.4944,90.0,A1B1,6,108.46,748.52,1,2
46,sybil_7,75.06,198.4,3.7706,-1.9053,90.0,A1B1,6,108.46,748.52,1,2
46,sybil_8,75.06,198.4,7.5782,-3.7579,178.96,A1B1,6,108.46,748.52,1,2
46,sybil_9,54.36,201.6,0.0,0.0,270.0,B1A1,6,125.72,761.29,1,3
47,legit_0,601.6,968.87,12.837,0.2278,0.0,D4D5,1,185.4,550.31,0,-1
47,legit_1,-1.6,283.91,13.4868,0.5424,180.0,A2A1,9,169.62,767.33,0,-1
47,legit_2,598.4,600.59,13.5776,0.7237,180.0,:D3_1,1,148.4,450.77,0,-1
47,legit_3,905.95,1001.6,12.8591,0.0981,270.0,F5E5,0,164.0,630.95,0,-1
47,legit_4,598.4,720.85,12.9221,0.242,180.0,D4D3,1,190.31,461.82,0,-1
47,legit_5,398.4,815.89,12.2346,0.5715,180.0,C5C4,1,56.95,512.71,0,-1
47,legit_6,482.81,1001.6,13.0399,-0.4235,270.0,D5C5,1,84.99,576.37,0,-1
47,legit_7,398.4,760.69,9.6578,2.4536,180.0,C4C3,1,94.62,498.56,0,-1
47,sybil_0,192.53,398.4,11.8957,11.8047,90.0,A2B2,5,57.3,597.25,1,0
47,sybil_1,192.53,398.4,5.2031,-6.1063,90.0,A2B2,5,57.3,597.25,1,0
47,sybil_10,43.41,201.6,18.6055,11.7716,270.0,B1A1,6,134.24,769.01,1,3
47,sybil_11,43.41,201.6,0.0,0.0,270.0,B1A1,6,134.24,769.01,1,3
47,sybil_12,6.59,398.49,18.691,7.3709,105.97,:A2_9,9,148.48,725.59,1,4
47,sybil_13,6.59,398.49,15.1854,-0.5893,180.0,A3A2,9,148.48,725.59,1,4
47,sybil_14,6.59,398.49,15.3243,1.8847,180.0,A3A2,9,148.48,725.59,1,4
47,sybil_15,-1.6,503.87,17.3973,-11.0972,180.0,A3A2,8,179.51,713.32,1,5
47,sybil_16,-1.6,503.87,23.8785,11.9893,180.0,A3A2,8,179.51,713.32,1,5
47,sybil_17,-1.6,503.87,8.5805,8.5805,180.0,A3A2,8,179.51,713.32,1,5
47,sybil_2,192.53,398.4,6.1391,-5.986,90.0,A2B2,5,57.3,597.25,1,0
47,sybil_24,668.5,-1.6,13.8473,2.6197,90.0,D0E0,5,146.39,709.81,1,8
47,sybil_25,668.5,-1.6,0.0,-19.6126,90.0,D0E0,5,146.39,709.81,1,8
47,sybil_26,668.5,-1.6,20.612,5.3043,90.0,D0E0,5,146.39,709.81,1,8
47,sybil_27,583.57,-1.6,3.4905,-8.1528,90.0,C0D0,5,180.63,707.34,1,9
47,sybil_28,583.57,-1.6,4.6588,-12.1695,90.0,C0D0,5,180.63,707.34,1,9
47,sybil_29,583.57,-1.6,10.0731,-22.6444,90.0,C0D0,5,180.63,707.34,1,9
47,sybil_3,100.48,398.4,32.3737,32.0958,90.0,A2B2,11,62.67,655.14,1,1
47,sybil_4,100.48,398.4,25.2186,0.9186,90.0,A2B2,11,62.67,655.14,1,1
47,sybil_5,100.48,398.4,12.5697,12.5697,90.0,A2B2,11,62.67,655.14,1,1
47,sybil_6,87.58,198.4,22.6119,10.7708,90.0,A1B1,6,100.21,740.08,1,2
47,sybil_7,87.58,198.4,21.4575,17.6869,90.0,A1B1,6,100.21,740.08,1,2
47,sybil_8,87.58,198.4,8.7215,1.1433,93.22,A1B1,6,100.21,740.08,1,2
47,sybil_9,43.41,201.6,3.5522,3.5522,270.0,B1A1,6,134.24,769.01,1,3
48,legit_0,601.6,980.16,11.2936,-1.5434,0.0,D4D5,1,178.86,556.37,0,-1
48,legit_1,-1.6,270.88,13.0376,-0.4492,180.0,A2A1,9,175.86,772.3,0,-1
48,legit_2,598.4,587.22,13.3728,-0.2048,180.0,D3D2,1,148.95,450.9,0,-1
48,legit_3,893.08,1001.6,12.8695,0.0104,270.0,F5E5,0,163.16,625.83,0,-1
48,legit_4,598.4,707.72,13.1328,0.2107,180.0,D4D3,1,183.37,459.6,0,-1
48,legit_5,398.4,803.43,12.4638,0.2292,180.0,:C4_1,1,63.25,509.13,0,-1
48,legit_6,469.66,1001.6,13.1503,0.1104,270.0,D5C5,1,80.83,578.43,0,-1
48,legit_7,398.4,749.72,10.9688,1.311,180.0,C4C3,1,103.98,496.21,0,-1
48,legit_8,998.4,787.7,0.0,0.0,180.0,F4F3,0,73.47,588.94,0,-1
48,sybil_0,194.21,400.38,5.3731,-6.5226,61.47,:B2_15,5,59.88,595.83,1,0
48,sybil_1,194.21,400.38,5.345,0.1419,90.0,A2B2,5,59.88,595.83,1,0
48,sybil_10,31.9,201.6,9.0978,-9.5077,270.0,B1A1,6,143.55,777.24,1,3
48,sybil_11,31.9,201.6,5.6528,5.6528,270.0,B1A1,6,143.55,777.24,1,3
48,sybil_12,13.58,398.4,3.9989,-14.692,90.0,A2B2,9,141.72,720.14,1,4
48,sybil_13,13.58,398.4,0.0,-15.1854,180.0,A3A2,9,141.72,720.14,1,4
48,sybil_14,13.58,398.4,5.8365,-9.4878,180.0,A3A2,9,141.72,720.14,1,4
48,sybil_15,-1.6,490.81,2.4394,-14.9579,180.0,A3A2,8,186.83,714.94,1,5
48,sybil_16,-1.6,490.81,2.5919,-21.2867,180.0,A3A2,8,186.83,714.94,1,5
48,sybil_17,-1.6,490.81,0.0,-8.5805,180.0,A3A2,8,186.83,714.94,1,5
48,sybil_18,809.1,798.4,20.07,0.0,90.0,E4F4,0,72.27,510.15,1,6
48,sybil_2,194.21,400.38,5.6124,-0.5267,90.0,A2B2,5,59.88,595.83,1,0
48,sybil_24,680.67,-1.6,16.7293,2.882,90.0,D0E0,5,139.98,710.83,1,8
48,sybil_25,680.67,-1.6,12.4115,12.4115,90.0,D0E0,5,139.98,710.83,1,8
48,sybil_26,680.67,-1.6,22.5704,1.9584,90.0,D0E0,5,139.98,710.83,1,8
48,sybil_27,597.41,-1.6,4.8044,1.3139,90.0,:D0_6,5,191.09,707.2,1,9
48,sybil_28,597.41,-1.6,14.9881,10.3293,90.0,C0D0,5,191.09,707.2,1,9
48,sybil_29,597.41,-1.6,10.8653,0.7922,90.0,C0D0,5,191.09,707.2,1,9
48,sybil_3,112.19,398.4,8.4454,-23.9283,90.0,A2B2,11,53.89,646.94,1,1
48,sybil_4,112.19,398.4,0.0,-25.2186,90.0,A2B2,11,53.89,646.94,1,1
48,sybil_5,112.19,398.4,19.3646,6.7949,90.0,A2B2,11,53.89,646.94,1,1
48,sybil_6,99.35,198.4,1.4228,-21.189,90.0,A1B1,6,93.34,732.3,1,2
48,sybil_7,99.35,198.4,24.8897,3.4322,90.0,A1B1,6,93.34,732.3,1,2
48,sybil_8,99.35,198.4,1.7038,-7.0177,90.0,A1B1,6,93.34,732.3,1,2
48,sybil_9,31.9,201.6,0.0,-3.5522,269.69,:A1_5,6,143.55,777.24,1,3
49,legit_0,601.6,987.84,7.6755,-3.6181,0.0,D4D5,1,174.69,560.58,0,-1
49,legit_1,-1.6,258.12,12.7541,-0.2835,180.0,A2A1,9,182.65,777.34,0,-1
49,legit_2,598.4,574.59,12.6278,-0.7449,180.0,D3D2,1,150.56,451.28,0,-1
49,legit_3,880.73,1001.6,12.3582,-0.5113,270.0,F5E5,0,152.43,621.08,0,-1
49,legit_4,598.4,694.59,13.1264,-0.0064,180.0,D4D3,1,175.98,457.62,0,-1
49,legit_5,398.4,791.7,11.7304,-0.7334,180.0,C4C3,1,70.68,505.98,0,-1
49,legit_6,456.79,1001.6,12.8703,-0.2799,270.0,D5C5,1,78.69,580.74,0,-1
49,legit_7,398.4,737.02,12.7055,1.7367,180.0,C4C3,1,115.19,493.68,0,-1
49,legit_8,998.4,786.38,1.3189,1.3189,180.0,F4F3,0,74.41,588.62,0,-1
49,sybil_0,191.6,401.6,0.0,-5.3731,324.54,B2A2,5,58.83,596.96,1,0
49,sybil_1,191.6,401.6,6.3077,0.9627,90.0,A2B2,5,58.83,596.96,1,0
49,sybil_10,22.04,201.6,10.2315,1.1336,270.0,B1A1,6,151.77,784.37,1,3
49,sybil_11,22.04,201.6,2.6954,-2.9574,270.0,B1A1,6,151.77,784.37,1,3
49,sybil_12,22.14,398.4,6.6452,2.6463,90.0,A2B2,9,133.5,713.47,1,4
49,sybil_13,22.14,398.4,16.4484,16.4484,174.59,:A2_1,9,133.5,713.47,1,4
49,sybil_14,22.14,398.4,33.9338,28.0973,180.0,A3A2,9,133.5,713.47,1,4
49,sybil_15,-1.6,477.18,17.366,14.9266,180.0,A3A2,8,191.61,716.84,1,5
49,sybil_16,-1.6,477.18,24.554,21.9621,180.0,A3A2,8,191.61,716.84,1,5
49,sybil_17,-1.6,477.18,2.609,2.609,180.0,A3A2,8,191.61,716.84,1,5
49,sybil_18,810.89,798.4,0.0,-20.07,90.0,E4F4,0,73.74,510.73,1,6
49,sybil_2,191.6,401.6,17.4015,11.7891,90.0,A2B2,5,58.83,596.96,1,0
49,sybil_24,691.86,-1.6,12.1623,-4.567,90.0,D0E0,5,134.78,711.94,1,8
49,sybil_25,691.86,-1.6,9.0834,-3.3281,90.0,D0E0,5,134.78,711.94,1,8
49,sybil_26,691.86,-1.6,31.9718,9.4015,90.0,D0E0,5,134.78,711.94,1,8
49,sybil_27,610.85,-1.6,17.9352,13.1308,90.0,D0E0,5,184.79,707.26,1,9
49,sybil_28,610.85,-1.6,9.736,-5.2521,90.0,C0D0,5,184.79,707.26,1,9
49,sybil_29,610.85,-1.6,7.4819,-3.3834,90.0,C0D0,5,184.79,707.26,1,9
49,sybil_3,124.37,398.4,12.2223,3.7769,90.0,A2B2,11,46.17,638.6,1,1
49,sybil_4,124.37,398.4,27.7902,27.7902,90.0,A2B2,11,46.17,638.6,1,1
49,sybil_5,124.37,398.4,9.2938,-10.0708,90.0,A2B2,11,46.17,638.6,1,1
49,sybil_6,111.89,198.4,15.2232,13.8004,90.0,A1B1,6,87.17,724.2,1,2
49,sybil_7,111.89,198.4,25.8936,1.0039,90.0,A1B1,6,87.17,724.2,1,2
49,sybil_8,111.89,198.4,14.059,12.3552,90.0,A1B1,6,87.17,724.2,1,2
49,sybil_9,22.04,201.6,0.0,0.0,236.24,:A1_5,6,151.77,784.37,1,3
50,legit_0,601.6,991.9,4.0617,-3.6139,0.0,D4D5,0,172.58,562.84,0,-1
50,legit_1,-1.6,244.54,13.5794,0.8253,180.0,A2A1,6,190.56,782.9,0,-1
50,legit_2,598.4,561.17,13.4185,0.7906,180.0,D3D2,1,153.4,451.95,0,-1
50,legit_3,869.12,1001.6,11.603,-0.7552,270.0,F5E5,0,142.61,616.76,0,-1
50,legit_4,598.4,682.18,12.4177,-0.7086,180.0,D4D3,1,169.63,455.97,0,-1
50,legit_5,398.4,778.93,12.7676,1.0372,180.0,C4C3,1,79.95,502.78,0,-1
50,legit_6,443.46,1001.6,13.337,0.4666,270.0,D5C5,0,78.67,583.43,0,-1
50,legit_7,398.4,723.43,13.5865,0.881,180.0,C4C3,1,127.48,491.17,0,-1
50,legit_8,998.4,782.56,3.819,2.5001,180.0,F4F3,0,77.21,587.73,0,-1
50,sybil_0,186.4,401.6,0.0,0.0,270.0,B2A2,5,55.28,599.82,1,0
50,sybil_1,186.4,401.6,0.0,-6.3077,90.0,A2B2,5,55.28,599.82,1,0
50,sybil_10,14.72,201.6,9.3142,-0.9172,270.0,B1A1,6,157.98,789.71,1,3
50,sybil_11,14.72,201.6,2.202,-0.4934,270.0,B1A1,6,157.98,789.71,1,3
50,sybil_12,32.85,398.4,5.649,-0.9963,90.0,A2B2,8,123.28,705.2,1,4
50,sybil_13,32.85,398.4,12.0132,-4.4352,132.56,:A2_9,8,123.28,705.2,1,4
50,sybil_14,32.85,398.4,10.0257,-23.9081,180.0,A3A2,8,123.28,705.2,1,4
50,sybil_15,-1.6,464.18,5.5157,-11.8503,180.0,A3A2,5,183.95,718.86,1,5
50,sybil_16,-1.6,464.18,2.3225,-22.2315,180.0,A3A2,5,183.95,718.86,1,5
50,sybil_17,-1.6,464.18,0.0,-2.609,180.0,A3A2,5,183.95,718.86,1,5
50,sybil_18,814.78,798.4,0.0,0.0,90.0,E4F4,0,76.99,512.0,1,6
50,sybil_2,186.4,401.6,18.4148,1.0134,90.0,A2B2,5,55.28,599.82,1,0
50,sybil_24,703.14,-1.6,11.9815,-0.1808,90.0,D0E0,5,130.32,713.2,1,8
50,sybil_25,703.14,-1.6,16.178,7.0946,90.0,D0E0,5,130.32,713.2,1,8
50,sybil_26,703.14,-1.6,16.1167,-15.8552,90.0,D0E0,5,130.32,713.2,1,8
50,sybil_27,623.78,-1.6,15.2887,-2.6464,90.0,D0E0,5,175.27,707.51,1,9
50,sybil_28,623.78,-1.6,6.6301,-3.1059,90.0,C0D0,5,175.27,707.51,1,9
50,sybil_29,623.78,-1.6,11.8303,4.3484,90.0,C0D0,5,175.27,707.51,1,9
50,sybil_3,136.63,398.4,14.5977,2.3753,90.0,A2B2,8,40.66,630.46,1,1
50,sybil_4,136.63,398.4,16.1621,-11.628,90.0,A2B2,8,40.66,630.46,1,1
50,sybil_5,136.63,398.4,5.2747,-4.0191,90.0,A2B2,8,40.66,630.46,1,1
50,sybil_6,124.11,198.4,15.9204,0.6971,90.0,A1B1,6,82.57,716.5,1,2
50,sybil_7,124.11,198.4,13.3136,-12.5799,90.0,A1B1,6,82.57,716.5,1,2
50,sybil_8,124.11,198.4,16.8157,2.7567,90.0,A1B1,6,82.57,716.5,1,2
50,sybil_9,14.72,201.6,8.0729,8.0729,135.99,A1B1,6,157.98,789.71,1,3
51,legit_0,599.44,994.12,3.8558,-0.2059,327.34,:D5_5,0,172.36,564.08,0,-1
51,legit_1,-1.6,230.78,13.7636,0.1842,180.0,A2A1,6,187.76,788.73,0,-1
51,legit_2,598.4,548.68,12.494,-0.9245,180.0,D3D2,1,157.02,452.82,0,-1
51,legit_3,856.92,1001.6,12.1999,0.597,270.0,F5E5,0,132.59,612.38,0,-1
51,legit_4,598.4,669.07,13.1079,0.6902,180.0,D4D3,1,163.69,454.46,0,-1
51,legit_5,398.4,766.37,12.5654,-0.2022,180.0,C4C3,1,89.91,499.83,0,-1
51,legit_6,430.42,1001.6,13.0311,-0.3058,270.0,D5C5,0,80.81,586.35,0,-1
51,legit_7,398.4,709.77,13.6605,0.074,180.0,C4C3,1,121.29,488.86,0,-1
51,legit_8,998.4,776.48,6.0859,2.2669,180.0,F4F3,0,81.84,586.35,0,-1
51,sybil_0,178.63,401.6,13.4291,13.4291,270.0,B2A2,8,50.5,604.19,1,0
51,sybil_1,178.63,401.6,0.0,0.0,90.0,A2B2,8,50.5,604.19,1,0
51,sybil_10,10.66,201.6,7.7712,-1.543,270.0,B1A1,6,161.48,792.69,1,3
51,sybil_11,10.66,201.6,13.5727,11.3707,270.0,B1A1,6,161.48,792.69,1,3
51,sybil_12,43.86,398.4,6.6035,0.9546,90.0,A2B2,11,112.87,696.78,1,4
51,sybil_13,43.86,398.4,3.8478,-8.1654,94.79,A2B2,11,112.87,696.78,1,4
51,sybil_14,43.86,398.4,18.0757,8.05,180.0,A3A2,11,112.87,696.78,1,4
51,sybil_15,-1.6,451.71,8.1406,2.6249,180.0,A3A2,5,177.18,720.98,1,5
51,sybil_16,-1.6,451.71,22.4671,20.1446,180.0,A3A2,5,177.18,720.98,1,5
51,sybil_17,-1.6,451.71,16.2628,16.2628,180.0,A3A2,5,177.18,720.98,1,5
51,sybil_18,820.11,798.4,4.216,4.216,90.0,E4F4,1,81.52,513.78,1,6
51,sybil_19,820.11,798.4,0.0,0.0,90.0,E4F4,1,81.52,513.78,1,6
51,sybil_2,178.63,401.6,0.0,-18.4148,90.0,A2B2,8,50.5,604.19,1,0
51,sybil_24,714.15,-1.6,19.2858,7.3043,90.0,D0E0,5,126.77,714.59,1,8
51,sybil_25,714.15,-1.6,2.7362,-13.4418,90.0,D0E0,5,126.77,714.59,1,8
51,sybil_26,714.15,-1.6,11.0967,-5.0199,90.0,D0E0,5,126.77,714.59,1,8
51,sybil_27,636.47,-1.6,15.6998,0.411,90.0,D0E0,5,166.36,707.93,1,9
51,sybil_28,636.47,-1.6,26.9273,20.2972,90.0,:D0_6,5,166.36,707.93,1,9
51,sybil_29,636.47,-1.6,20.1312,8.3008,90.0,C0D0,5,166.36,707.93,1,9
51,sybil_3,149.04,398.4,19.5934,4.9957,90.0,A2B2,8,38.41,622.53,1,1
51,sybil_4,149.04,398.4,18.1214,1.9593,90.0,A2B2,8,38.41,622.53,1,1
51,sybil_5,149.04,398.4,12.4105,7.1357,90.0,A2B2,8,38.41,622.53,1,1
51,sybil_6,136.34,198.4,4.8041,-11.1163,90.0,A1B1,6,79.58,709.01,1,2
51,sybil_7,136.34,198.4,8.7941,-4.5195,90.0,A1B1,6,79.58,709.01,1,2
51,sybil_8,136.34,198.4,21.4768,4.6612,90.0,A1B1,6,79.58,709.01,1,2
51,sybil_9,10.66,201.6,11.3835,3.3106,90.0,A1B1,6,161.48,792.69,1,3
52,legit_0,598.4,991.72,2.792,-1.0637,238.54,D5D4,0,172.67,562.74,0,-1
52,legit_1,-1.6,217.3,13.479,-0.2846,180.0,A2A1,3,180.14,794.63,0,-1
52,legit_2,598.4,535.85,12.8289,0.3349,180.0,D3D2,1,161.67,453.96,0,-1
52,legit_3,844.74,1001.6,12.1781,-0.0218,270.0,F5E5,0,122.98,608.17,0,-1
52,legit_4,598.4,656.39,12.6774,-0.4305,180.0,D4D3,1,158.75,453.24,0,-1
52,legit_5,398.4,753.61,12.7556,0.1901,180.0,C4C3,1,100.63,497.03,0,-1
52,legit_6,417.63,1001.6,12.79,-0.2411,270.0,D5C5,0,84.82,589.48,0,-1
52,legit_7,398.4,696.16,13.6049,-0.0556,180.0,C4C3,1,109.13,486.77,0,-1
52,legit_8,998.4,768.6,7.8763,1.7904,180.0,F4F3,0,88.09,584.63,0,-1
52,sybil_0,169.49,401.6,1.7052,-11.7239,270.0,B2A2,8,45.94,609.45,1,0
52,sybil_1,169.49,401.6,0.0,0.0,81.13,:B2_15,8,45.94,609.45,1,0
52,sybil_10,7.62,201.6,0.0,-7.7712,270.0,B1A1,6,164.1,794.92,1,3
52,sybil_11,7.62,201.6,6.1411,-7.4317,270.0,B1A1,6,164.1,794.92,1,3
52,sybil_12,55.42,398.4,11.3487,4.7451,90.0,A2B2,11,102.08,688.05,1,4
52,sybil_13,55.42,398.4,0.0,-3.8478,90.0,A2B2,11,102.08,688.05,1,4
52,sybil_14,55.42,398.4,9.8234,-8.2523,180.0,A3A2,11,102.08,688.05,1,4
52,sybil_15,-1.6,437.94,12.6719,4.5313,180.0,A3A2,5,170.46,723.53,1,5
52,sybil_16,-1.6,437.94,11.9851,-10.482,180.0,A3A2,5,170.46,723.53,1,5
52,sybil_17,-1.6,437.94,7.1889,-9.0739,180.0,A3A2,5,170.46,723.53,1,5
52,sybil_18,827.73,798.4,3.6636,-0.5524,90.0,E4F4,1,88.16,516.39,1,6
52,sybil_19,827.73,798.4,0.0,0.0,90.0,E4F4,1,88.16,516.39,1,6
52,sybil_2,169.49,401.6,6.9501,6.9501,90.0,A2B2,8,45.94,609.45,1,0
52,sybil_24,725.72,-1.6,9.9207,-9.3651,90.0,D0E0,5,124.0,716.22,1,8
52,sybil_25,725.72,-1.6,3.9768,1.2406,90.0,D0E0,5,124.0,716.22,1,8
52,sybil_26,725.72,-1.6,10.0627,-1.034,90.0,D0E0,5,124.0,716.22,1,8
52,sybil_27,650.13,-1.6,10.3184,-5.3814,90.0,D0E0,5,157.36,708.59,1,9
52,sybil_28,650.13,-1.6,27.24,0.3127,90.0,D0E0,5,157.36,708.59,1,9
52,sybil_29,650.13,-1.6,3.7273,-16.4039,90.0,C0D0,5,157.36,708.59,1,9
52,sybil_3,160.35,398.4,11.8146,-7.7788,90.0,A2B2,8,39.77,615.61,1,1
52,sybil_4,160.35,398.4,7.7684,-10.3531,90.0,A2B2,8,39.77,615.61,1,1
52,sybil_5,160.35,398.4,6.7141,-5.6964,90.0,A2B2,8,39.77,615.61,1,1
52,sybil_6,148.51,198.4,8.6073,3.8032,90.0,A1B1,5,78.41,701.78,1,2
52,sybil_7,148.51,198.4,2.0867,-6.7074,90.0,A1B1,5,78.41,701.78,1,2
52,sybil_8,148.51,198.4,25.4559,3.9791,90.0,A1B1,5,78.41,701.78,1,2
52,sybil_9,7.62,201.6,16.6111,5.2275,90.0,A1B1,6,164.1,794.92,1,3
53,legit_0,598.4,986.75,4.9658,2.1738,180.0,D5D4,0,175.26,559.98,0,-1
53,legit_1,-1.6,208.32,8.979,-4.5,180.0,A2A1,3,175.45,798.66,0,-1
53,legit_2,598.4,522.24,13.6108,0.7819,180.0,D3D2,1,167.54,455.43,0,-1
53,legit_3,832.6,1001.6,12.1473,-0.0307,270.0,F5E5,0,113.88,604.14,0,-1
53,legit_4,598.4,643.2,13.1957,0.5183,180.0,D4D3,1,154.56,452.23,0,-1
53,legit_5,398.4,741.25,12.3559,-0.3997,180.0,C4C3,1,111.41,494.5,0,-1
53,legit_6,404.01,1001.6,13.6228,0.8328,270.0,:C5_0,0,90.89,593.11,0,-1
53,legit_7,398.4,682.64,13.519,-0.0859,180.0,C4C3,1,97.43,484.91,0,-1
53,legit_8,998.4,758.48,10.115,2.2387,180.0,F4F3,0,96.47,582.53,0,-1
53,sybil_0,158.16,401.6,11.6558,9.9505,270.0,B2A2,8,42.39,616.19,1,0
53,sybil_1,158.16,401.6,3.4757,3.4757,35.01,:B2_15,8,42.39,616.19,1,0
53,sybil_10,7.34,201.6,0.963,0.963,270.0,B1A1,3,164.35,795.13,1,3
53,sybil_11,7.34,201.6,0.0,-6.1411,270.0,B1A1,3,164.35,795.13,1,3
53,sybil_12,67.43,398.4,7.415,-3.9337,90.0,A2B2,11,91.07,679.1,1,4
53,sybil_13,67.43,398.4,11.9329,11.9329,90.0,A2B2,11,91.07,679.1,1,4
53,sybil_14,67.43,398.4,0.0,-9.8234,180.0,A3A2,11,91.07,679.1,1,4
53,sybil_15,-1.6,426.79,8.7682,-3.9037,180.0,A3A2,5,165.66,725.75,1,5
53,sybil_16,-1.6,426.79,15.2187,3.2336,180.0,A3A2,5,165.66,725.75,1,5
53,sybil_17,-1.6,426.79,19.2069,12.018,180.0,A3A2,5,165.66,725.75,1,5
53,sybil_18,837.36,798.4,2.6773,-0.9863,90.0,E4F4,1,96.76,519.79,1,6
53,sybil_19,837.36,798.4,10.2789,10.2789,90.0,E4F4,1,96.76,519.79,1,6
53,sybil_2,158.16,401.6,1.525,-5.4251,90.0,A2B2,8,42.39,616.19,1,0
53,sybil_24,737.12,-1.6,0.0,-9.9207,90.0,D0E0,5,122.28,718.0,1,8
53,sybil_25,737.12,-1.6,15.1854,11.2086,90.0,D0E0,5,122.28,718.0,1,8
53,sybil_26,737.12,-1.6,13.8559,3.7932,90.0,D0E0,5,122.28,718.0,1,8
53,sybil_27,663.0,-1.6,22.0472,11.7288,90.0,D0E0,5,149.52,709.4,1,9
53,sybil_28,663.0,-1.6,9.8704,-17.3696,90.0,D0E0,5,149.52,709.4,1,9
53,sybil_29,663.0,-1.6,24.3746,20.6473,90.0,C0D0,5,149.52,709.4,1,9
53,sybil_3,169.51,398.4,7.2899,-4.5247,90.0,A2B2,8,43.07,610.19,1,1
53,sybil_4,169.51,398.4,14.854,7.0856,90.0,A2B2,8,43.07,610.19,1,1
53,sybil_5,169.51,398.4,4.3997,-2.3144,90.0,A2B2,8,43.07,610.19,1,1
53,sybil_6,161.38,198.4,0.0,-8.6073,90.0,A1B1,2,79.22,694.38,1,2
53,sybil_7,161.38,198.4,17.2742,15.1874,90.0,A1B1,2,79.22,694.38,1,2
53,sybil_8,161.38,198.4,3.0848,-22.3712,90.0,A1B1,2,79.22,694.38,1,2
53,sybil_9,7.34,201.6,0.5438,-16.0672,90.0,A1B1,3,164.35,795.13,1,3
54,legit_0,598.4,980.34,6.4143,1.4485,180.0,D5D4,0,178.76,556.47,0,-1
54,legit_1,-1.11,203.76,4.5994,-4.3796,174.35,:A1_1,3,172.77,800.38,0,-1
54,legit_2,598.4,509.11,13.1242,-0.4866,180.0,D3D2,1,174.02,457.1,0,-1
54,legit_3,819.8,1001.6,12.7967,0.6493,270.0,F5E5,0,104.97,600.08,0,-1
54,legit_4,598.4,630.03,13.1622,-0.0336,180.0,D4D3,1,151.41,451.48,0,-1
54,legit_5,398.4,729.05,12.2002,-0.1557,180.0,C4C3,2,122.36,492.18,0,-1
54,legit_6,390.6,1001.6,13.4155,-0.2073,270.0,C5B5,0,98.36,596.94,0,-1
54,legit_7,398.4,669.97,12.6709,-0.8481,180.0,C4C3,2,86.94,483.36,0,-1
54,legit_8,998.4,745.78,12.7022,2.5872,180.0,F4F3,0,107.42,580.04,0,-1
54,legit_9,401.6,812.3,0.0,0.0,0.0,C4C5,2,55.77,510.65,0,-1
54,sybil_0,146.13,401.6,5.4981,-6.1577,270.0,B2A2,11,41.78,623.63,1,0
54,sybil_1,146.13,401.6,12.0057,8.5301,315.56,B2A2,11,41.78,623.63,1,0
54,sybil_10,7.32,201.6,4.436,3.473,270.0,B1A1,3,164.37,795.14,1,3
54,sybil_11,7.32,201.6,1.2512,1.2512,270.0,B1A1,3,164.37,795.14,1,3
54,sybil_12,78.65,398.4,9.9928,2.5778,90.0,A2B2,11,81.03,670.84,1,4
54,sybil_13,78.65,398.4,16.3209,4.3881,90.0,A2B2,11,81.03,670.84,1,4
54,sybil_14,78.65,398.4,0.0881,0.0881,173.78,:A2_1,11,81.03,670.84,1,4
54,sybil_15,-1.6,418.05,0.0,-8.7682,180.0,A3A2,8,162.34,727.6,1,5
54,sybil_16,-1.6,418.05,14.869,-0.3497,180.0,A3A2,8,162.34,727.6,1,5
54,sybil_17,-1.6,418.05,11.8645,-7.3424,180.0,A3A2,8,162.34,727.6,1,5
54,sybil_18,849.08,798.4,6.6196,3.9424,90.0,E4F4,2,107.46,524.06,1,6
54,sybil_19,849.08,798.4,0.0,-10.2789,90.0,E4F4,2,107.46,524.06,1,6
54,sybil_2,146.13,401.6,0.0,-1.525,90.0,A2B2,11,41.78,623.63,1,0
54,sybil_20,849.08,798.4,0.0,0.0,90.0,E4F4,2,107.46,524.06,1,6
54,sybil_24,749.2,-1.6,12.5633,12.5633,90.0,D0E0,5,121.6,720.07,1,8
54,sybil_25,749.2,-1.6,20.5236,5.3382,90.0,D0E0,5,121.6,720.07,1,8
54,sybil_26,749.2,-1.6,23.501,9.6451,90.0,D0E0,5,121.6,720.07,1,8
54,sybil_27,675.44,-1.6,18.4492,-3.598,90.0,D0E0,5,142.64,710.37,1,9
54,sybil_28,675.44,-1.6,11.7315,1.8612,90.0,D0E0,5,142.64,710.37,1,9
54,sybil_29,675.44,-1.6,8.3215,-16.0531,90.0,:D0_6,5,142.64,710.37,1,9
54,sybil_3,175.53,398.4,4.397,-2.8929,90.0,A2B2,8,46.11,606.72,1,1
54,sybil_4,175.53,398.4,10.6226,-4.2314,90.0,A2B2,8,46.11,606.72,1,1
54,sybil_5,175.53,398.4,12.6938,8.2941,90.0,A2B2,8,46.11,606.72,1,1
54,sybil_6,173.89,198.4,20.3523,20.3523,90.0,A1B1,2,81.96,687.44,1,2
54,sybil_7,173.89,198.4,0.0,-17.2742,90.0,A1B1,2,81.96,687.44,1,2
54,sybil_8,173.89,198.4,13.9282,10.8434,90.0,A1B1,2,81.96,687.44,1,2
54,sybil_9,7.32,201.6,20.0337,19.4899,90.0,A1B1,3,164.37,795.14,1,3
55,legit_0,598.4,971.36,8.9812,2.5669,180.0,D5D4,0,183.92,551.63,0,-1
55,legit_1,3.46,198.93,6.9394,2.34,129.87,:A1_9,3,166.45,799.23,0,-1
55,legit_2,598.4,495.59,13.5199,0.3957,180.0,D3D2,1,181.45,459.08,0,-1
55,legit_3,807.95,1001.6,11.8471,-0.9495,270.0,F5E5,0,97.49,596.52,0,-1
55,legit_4,598.4,616.96,13.0762,-0.086,180.0,D4D3,1,149.37,451.0,0,-1
55,legit_5,398.4,716.52,12.5302,0.33,180.0,C4C3,2,127.44,489.97,0,-1
55,legit_6,376.71,1001.6,13.8864,0.4708,270.0,C5B5,0,107.32,601.17,0,-1
55,legit_7,398.4,657.14,12.8315,0.1606,180.0,C4C3,1,76.99,482.0,0,-1
55,legit_8,998.4,732.17,13.6082,0.9061,180.0,F4F3,0,119.54,577.57,0,-1
55,legit_9,401.6,814.55,2.248,2.248,0.0,C4C5,1,54.68,511.31,0,-1
55,sybil_0,134.73,401.6,18.6918,13.1937,270.0,B2A2,11,44.31,630.97,1,0
55,sybil_1,134.73,401.6,4.4591,-7.5466,270.0,B2A2,11,44.31,630.97,1,0
55,sybil_10,7.3,201.6,14.8145,10.3785,270.0,B1A1,3,164.38,795.15,1,3
55,sybil_11,7.3,201.6,0.0,-1.2512,270.0,B1A1,3,164.38,795.15,1,3
55,sybil_12,89.84,398.4,5.3542,-4.6386,90.0,A2B2,11,71.37,662.73,1,4
55,sybil_13,89.84,398.4,10.5518,-5.7691,90.0,A2B2,11,71.37,662.73,1,4
55,sybil_14,89.84,398.4,24.7258,24.6377,132.12,:A2_9,11,71.37,662.73,1,4
55,sybil_15,-1.6,413.24,11.8043,11.8043,180.0,A3A2,8,160.68,728.65,1,5
55,sybil_16,-1.6,413.24,13.2978,-1.5712,180.0,A3A2,8,160.68,728.65,1,5
55,sybil_17,-1.6,413.24,23.0614,11.1968,180.0,A3A2,8,160.68,728.65,1,5
55,sybil_18,862.96,798.4,0.0,-6.6196,90.0,E4F4,2,120.37,529.33,1,6
55,sybil_19,862.96,798.4,18.934,18.934,90.0,E4F4,2,120.37,529.33,1,6
55,sybil_2,134.73,401.6,3.6695,3.6695,90.0,A2B2,11,44.31,630.97,1,0
55,sybil_20,862.96,798.4,13.0625,13.0625,90.0,E4F4,2,120.37,529.33,1,6
55,sybil_24,760.15,-1.6,17.9954,5.4321,90.0,D0E0,5,122.02,722.11,1,8
55,sybil_25,760.15,-1.6,17.2338,-3.2899,90.0,D0E0,5,122.02,722.11,1,8
55,sybil_26,760.15,-1.6,13.1473,-10.3537,90.0,D0E0,5,122.02,722.11,1,8
55,sybil_27,688.08,-1.6,12.2898,-6.1594,90.0,D0E0,5,136.46,711.55,1,9
55,sybil_28,688.08,-1.6,8.393,-3.3386,90.0,D0E0,5,136.46,711.55,1,9
55,sybil_29,688.08,-1.6,17.6626,9.3412,90.0,D0E0,5,136.46,711.55,1,9
55,sybil_3,180.46,398.4,5.6168,1.2199,90.0,A2B2,8,49.02,603.92,1,1
55,sybil_4,180.46,398.4,5.8277,-4.7949,90.0,A2B2,8,49.02,603.92,1,1
55,sybil_5,180.46,398.4,29.8639,17.1701,90.0,A2B2,8,49.02,603.92,1,1
55,sybil_6,184.23,198.4,11.5228,-8.8294,90.0,A1B1,2,85.55,681.88,1,2
55,sybil_7,184.23,198.4,6.3438,6.3438,90.0,A1B1,2,85.55,681.88,1,2
55,sybil_8,184.23,198.4,24.9366,11.0085,90.0,A1B1,2,85.55,681.88,1,2
55,sybil_9,7.3,201.6,0.0,-20.0337,90.0,A1B1,3,164.38,795.15,1,3
56,legit_0,598.4,960.45,10.9083,1.9271,180.0,D5D4,0,190.56,545.9,0,-1
56,legit_1,11.23,198.4,7.8172,0.8777,91.57,A1B1,3,159.38,793.75,0,-1
56,legit_2,598.4,482.09,13.5027,-0.0172,180.0,D3D2,1,189.54,461.3,0,-1
56,legit_3,796.03,1001.6,11.9212,0.074,270.0,:E5_0,0,90.92,593.12,0,-1
56,legit_4,598.4,603.64,13.3177,0.2415,180.0,:D3_1,1,148.44,450.78,0,-1
56,legit_5,398.4,704.76,11.7664,-0.7638,180.0,C4C3,2,116.78,488.06,0,-1
56,legit_6,363.22,1001.6,13.4852,-0.4012,270.0,C5B5,0,116.95,605.5,0,-1
56,legit_7,398.4,643.27,13.8767,1.0452,180.0,C4C3,1,67.34,480.79,0,-1
56,legit_8,998.4,718.79,13.3802,-0.228,180.0,F4F3,3,129.52,575.32,0,-1
56,legit_9,401.6,819.27,4.7239,2.4758,0.0,C4C5,1,52.65,512.72,0,-1
56,sybil_0,123.46,401.6,0.3664,-18.3255,270.0,B2A2,11,49.34,638.47,1,0
56,sybil_1,123.46,401.6,8.4793,4.0202,270.0,B2A2,11,49.34,638.47,1,0
56,sybil_10,7.3,201.6,0.0,-14.8145,270.0,B1A1,3,164.38,795.15,1,3
56,sybil_11,7.3,201.6,0.0,0.0,270.0,B1A1,3,164.38,795.15,1,3
56,sybil_12,101.21,398.4,16.0747,10.7205,90.0,A2B2,11,62.09,654.62,1,4
56,sybil_13,101.21,398.4,16.7944,6.2426,90.0,A2B2,11,62.09,654.62,1,4
56,sybil_14,101.21,398.4,8.31,-16.4158,93.65,A2B2,11,62.09,654.62,1,4
56,sybil_15,-1.49,406.44,0.0,-11.8043,178.76,:A2_1,8,158.45,730.1,1,5
56,sybil_16,-1.49,406.44,3.1753,-10.1225,180.0,A3A2,8,158.45,730.1,1,5
56,sybil_17,-1.49,406.44,7.7765,-15.2849,180.0,A3A2,8,158.45,730.1,1,5
56,sybil_18,876.1,798.4,12.4458,12.4458,90.0,E4F4,4,132.78,534.51,1,6
56,sybil_19,876.1,798.4,3.868,-15.066,90.0,E4F4,4,132.78,534.51,1,6
56,sybil_2,123.46,401.6,1.2521,-2.4174,86.96,:B2_15,11,49.34,638.47,1,0
56,sybil_20,876.1,798.4,9.8267,-3.2358,90.0,E4F4,4,132.78,534.51,1,6
56,sybil_21,807.6,798.4,7.489,0.0,90.0,E4F4,3,71.05,509.66,1,7
56,sybil_24,771.63,-1.6,14.306,-3.6894,90.0,D0E0,5,123.51,724.43,1,8
56,sybil_25,771.63,-1.6,12.5312,-4.7026,90.0,D0E0,5,123.51,724.43,1,8
56,sybil_26,771.63,-1.6,15.9531,2.8058,90.0,D0E0,5,123.51,724.43,1,8
56,sybil_27,700.07,-1.6,15.6278,3.338,90.0,D0E0,5,131.45,712.84,1,9
56,sybil_28,700.07,-1.6,14.8571,6.4642,90.0,D0E0,5,131.45,712.84,1,9
56,sybil_29,700.07,-1.6,12.9814,-4.6813,90.0,D0E0,5,131.45,712.84,1,9
56,sybil_3,182.8,398.4,0.0,-5.6168,90.0,A2B2,8,50.5,602.62,1,1
56,sybil_4,182.8,398.4,11.1243,5.2966,90.0,A2B2,8,50.5,602.62,1,1
56,sybil_5,182.8,398.4,20.7851,-9.0788,90.0,A2B2,8,50.5,602.62,1,1
56,sybil_6,190.07,198.4,3.72,-7.8028,90.0,A1B1,2,88.05,678.8,1,2
56,sybil_7,190.07,198.4,8.1373,1.7935,90.0,A1B1,2,88.05,678.8,1,2
56,sybil_8,190.07,198.4,20.6771,-4.2595,90.0,A1B1,2,88.05,678.8,1,2
56,sybil_9,7.3,201.6,24.0638,24.0638,90.0,A1B1,3,164.38,795.15,1,3
57,legit_0,598.4,947.5,12.9537,2.0454,180.0,D5D4,0,183.24,539.28,0,-1
57,legit_1,20.88,198.4,9.6448,1.8276,90.0,A1B1,3,151.06,786.71,0,-1
57,legit_2,598.4,468.7,13.3928,-0.1099,180.0,D3D2,1,183.95,463.76,0,-1
57,legit_3,783.64,1001.6,12.3936,0.4724,270.0,E5D5,0,85.31,589.81,0,-1
57,legit_4,598.4,590.39,13.2451,-0.0726,180.0,D3D2,1,148.71,450.85,0,-1
57,legit_5,398.4,692.9,11.8574,0.0911,180.0,C4C3,2,106.27,486.3,0,-1
57,legit_6,350.25,1001.6,12.9726,-0.5126,270.0,C5B5,0,126.87,609.88,0,-1
57,legit_7,398.4,630.46,12.8045,-1.0722,180.0,C4C3,1,59.92,479.92,0,-1
57,legit_8,998.4,705.89,12.9026,-0.4776,180.0,F4F3,3,117.79,573.34,0,-1
57,legit_9,401.6,825.33,6.0594,1.3355,0.0,C4C5,1,50.57,514.59,0,-1
57,sybil_0,111.46,401.6,3.492,3.1256,270.0,B2A2,11,56.71,646.69,1,0
57,sybil_1,111.46,401.6,6.3927,-2.0866,270.0,B2A2,11,56.71,646.69,1,0
57,sybil_10,6.09,200.86,0.2401,0.2401,261.21,:A1_5,3,165.07,796.39,1,3
57,sybil_11,6.09,200.86,0.0,0.0,270.0,B1A1,3,165.07,796.39,1,3
57,sybil_12,112.62,398.4,12.3172,-3.7575,90.0,A2B2,11,53.59,646.64,1,4
57,sybil_13,112.62,398.4,21.2465,4.4521,90.0,A2B2,11,53.59,646.64,1,4
57,sybil_14,112.62,398.4,11.2365,2.9265,90.0,A2B2,11,53.59,646.64,1,4
57,sybil_15,1.15,400.27,0.0,0.0,150.71,:A2_9,8,154.2,729.46,1,5
57,sybil_16,1.15,400.27,9.1795,6.0042,180.0,A3A2,8,154.2,729.46,1,5
57,sybil_17,1.15,400.27,23.2946,15.5181,180.0,A3A2,8,154.2,729.46,1,5
57,sybil_18,888.86,798.4,20.3283,7.8825,90.0,E4F4,4,144.95,539.72,1,6
57,sybil_19,888.86,798.4,0.0,-3.868,90.0,E4F4,4,144.95,539.72,1,6
57,sybil_2,111.46,401.6,0.5931,-0.659,54.2,:B2_15,11,56.71,646.69,1,0
57,sybil_20,888.86,798.4,0.0,-9.8267,90.0,E4F4,4,144.95,539.72,1,6
57,sybil_21,809.33,798.4,0.0,-7.489,90.0,E4F4,3,72.46,510.22,1,7
57,sybil_24,783.44,-1.6,20.1774,5.8714,90.0,D0E0,5,126.11,726.98,1,8
57,sybil_25,783.44,-1.6,3.3546,-9.1766,90.0,D0E0,5,126.11,726.98,1,8
57,sybil_26,783.44,-1.6,15.2489,-0.7042,90.0,D0E0,5,126.11,726.98,1,8
57,sybil_27,711.5,-1.6,14.5399,-1.0878,90.0,D0E0,5,127.55,714.24,1,9
57,sybil_28,711.5,-1.6,18.9507,4.0935,90.0,D0E0,5,127.55,714.24,1,9
57,sybil_29,711.5,-1.6,14.1404,1.159,90.0,D0E0,5,127.55,714.24,1,9
57,sybil_3,184.66,398.4,0.0,0.0,90.0,A2B2,8,51.73,601.57,1,1
57,sybil_4,184.66,398.4,5.8784,-5.2458,90.0,A2B2,8,51.73,601.57,1,1
57,sybil_5,184.66,398.4,12.2281,-8.557,90.0,A2B2,8,51.73,601.57,1,1
57,sybil_6,195.52,197.89,1.9029,-1.8171,95.91,:B1_12,2,90.21,676.24,1,2
57,sybil_7,195.52,197.89,6.6564,-1.4809,90.0,A1B1,2,90.21,676.24,1,2
57,sybil_8,195.52,197.89,9.1351,-11.542,90.0,A1B1,2,90.21,676.24,1,2
57,sybil_9,6.09,200.86,22.3448,-1.7191,90.0,A1B1,3,165.07,796.39,1,3
58,legit_0,598.4,934.04,13.4544,0.5007,180.0,D5D4,0,175.69,532.64,0,-1
58,legit_1,32.07,198.4,11.1864,1.5417,90.0,A1B1,3,141.62,778.63,0,-1
58,legit_2,598.4,455.04,13.6591,0.2664,180.0,D3D2,1,176.22,466.52,0,-1
58,legit_3,772.05,1001.6,11.5912,-0.8023,270.0,E5D5,0,81.44,586.93,0,-1
58,legit_4,598.4,576.95,13.4421,0.197,180.0,D3D2,1,150.18,451.19,0,-1
58,legit_5,398.4,680.11,12.7855,0.9281,180.0,C4C3,1,95.29,484.58,0,-1
58,legit_6,337.22,1001.6,13.0355,0.0629,270.0,C5B5,0,137.36,614.47,0,-1
58,legit_7,398.4,617.11,13.3519,0.5474,180.0,C4C3,1,54.36,479.3,0,-1
58,legit_8,998.4,693.21,12.6818,-0.2208,180.0,F4F3,3,106.54,571.56,0,-1
58,legit_9,401.6,832.81,7.4821,1.4227,0.0,C4C5,0,48.93,516.99,0,-1
58,sybil_0,99.65,401.6,14.4439,10.9519,270.0,B2A2,11,65.31,654.96,1,0
58,sybil_1,99.65,401.6,7.7229,1.3302,270.0,B2A2,11,65.31,654.96,1,0
58,sybil_10,6.35,198.97,0.2739,0.0337,219.89,:A1_5,3,163.92,797.08,1,3
58,sybil_11,6.35,198.97,4.801,4.801,270.0,B1A1,3,163.92,797.08,1,3
58,sybil_12,124.84,398.4,17.6215,5.3043,90.0,A2B2,11,45.91,638.28,1,4
58,sybil_13,124.84,398.4,10.2881,-10.9584,90.0,A2B2,11,45.91,638.28,1,4
58,sybil_14,124.84,398.4,0.0,-11.2365,90.0,A2B2,11,45.91,638.28,1,4
58,sybil_15,8.24,398.4,8.9095,8.9095,96.77,A2B2,8,146.87,724.32,1,5
58,sybil_16,8.24,398.4,1.5726,-7.6069,180.0,A3A2,8,146.87,724.32,1,5
58,sybil_17,8.24,398.4,7.7176,-15.577,180.0,A3A2,8,146.87,724.32,1,5
58,sybil_18,902.4,798.4,18.4232,-1.9051,90.0,E4F4,4,153.35,545.43,1,6
58,sybil_19,902.4,798.4,25.97,25.97,90.0,E4F4,4,153.35,545.43,1,6
58,sybil_2,99.65,401.6,0.0,-0.5931,341.06,B2A2,11,65.31,654.96,1,0
58,sybil_20,902.4,798.4,6.2451,6.2451,90.0,E4F4,4,153.35,545.43,1,6
58,sybil_21,813.18,798.4,0.6488,0.6488,90.0,E4F4,3,75.65,511.48,1,7
58,sybil_24,792.23,-1.6,16.4195,-3.7579,90.0,D0E0,5,128.73,729.0,1,8
58,sybil_25,792.23,-1.6,23.3672,20.0126,90.0,D0E0,5,128.73,729.0,1,8
58,sybil_26,792.23,-1.6,13.5458,-1.7031,90.0,D0E0,5,128.73,729.0,1,8
58,sybil_27,724.27,-1.6,11.7164,-2.8236,90.0,D0E0,5,124.29,716.01,1,9
58,sybil_28,724.27,-1.6,7.6906,-11.26,90.0,D0E0,5,124.29,716.01,1,9
58,sybil_29,724.27,-1.6,14.6293,0.489,90.0,D0E0,5,124.29,716.01,1,9
58,sybil_3,187.64,398.4,6.3572,6.3572,90.0,A2B2,8,53.77,599.93,1,1
58,sybil_4,187.64,398.4,5.4887,-0.3897,90.0,A2B2,8,53.77,599.93,1,1
58,sybil_5,187.64,398.4,9.5547,-2.6734,90.0,A2B2,8,53.77,599.93,1,1
58,sybil_6,198.31,193.46,7.4107,5.5079,150.97,:B1_12,2,87.92,677.09,1,2
58,sybil_7,198.31,193.46,16.436,9.7796,90.0,A1B1,2,87.92,677.09,1,2
58,sybil_8,198.31,193.46,18.3688,9.2337,90.0,A1B1,2,87.92,677.09,1,2
58,sybil_9,6.35,198.97,13.7277,-8.6171,90.0,A1B1,3,163.92,797.08,1,3
59,legit_0,598.4,921.42,12.6192,-0.8352,180.0,D5D4,0,169.27,526.62,0,-1
59,legit_1,45.82,198.4,13.7578,2.5714,90.0,A1B1,3,130.38,768.83,0,-1
59,legit_2,598.4,442.31,12.7264,-0.9327,180.0,D3D2,1,169.7,469.32,0,-1
59,legit_3,759.89,1001.6,12.1553,0.5641,270.0,E5D5,0,79.02,584.15,0,-1
59,legit_4,598.4,564.66,12.2934,-1.1487,180.0,D3D2,1,152.55,451.75,0,-1
59,legit_5,398.4,667.6,12.512,-0.2735,180.0,C4C3,1,85.05,483.1,0,-1
59,legit_6,324.21,1001.6,13.0025,-0.033,270.0,C5B5,0,148.22,619.23,0,-1
59,legit_7,398.4,603.47,13.6397,0.2878,180.0,:C3_1,1,51.72,479.02,0,-1
59,legit_8,998.4,680.12,13.0932,0.4114,180.0,F4F3,3,95.3,569.91,0,-1
59,legit_9,401.6,841.83,9.0123,1.5302,0.0,C4C5,0,48.43,520.04,0,-1
59,sybil_0,88.1,401.6,0.5918,-13.8521,270.0,B2A2,11,74.58,663.21,1,0
59,sybil_1,88.1,401.6,15.0488,7.3259,270.0,B2A2,11,74.58,663.21,1,0
59,sybil_10,8.85,198.4,5.3968,5.123,131.99,A1B1,3,161.46,795.51,1,3
59,sybil_11,8.85,198.4,12.754,7.9531,270.0,B1A1,3,161.46,795.51,1,3
59,sybil_12,136.61,398.4,7.4071,-10.2144,90.0,A2B2,11,40.67,630.48,1,4
59,sybil_13,136.61,398.4,12.3526,2.0645,90.0,A2B2,11,40.67,630.48,1,4
59,sybil_14,136.61,398.4,15.8852,15.8852,90.0,A2B2,11,40.67,630.48,1,4
59,sybil_15,17.5,398.4,28.0848,19.1753,90.0,A2B2,8,137.96,717.08,1,5
59,sybil_16,17.5,398.4,8.152,6.5794,176.22,:A2_1,8,137.96,717.08,1,5
59,sybil_17,17.5,398.4,9.7172,1.9996,180.0,A3A2,8,137.96,717.08,1,5
59,sybil_18,915.4,798.4,28.4654,10.0422,90.0,E4F4,5,140.89,551.1,1,6
59,sybil_19,915.4,798.4,8.6141,-17.3558,90.0,E4F4,5,140.89,551.1,1,6
59,sybil_2,88.1,401.6,0.6014,0.6014,271.42,B2A2,11,74.58,663.21,1,0
59,sybil_20,915.4,798.4,9.3143,3.0692,90.0,E4F4,5,140.89,551.1,1,6
59,sybil_21,818.56,798.4,3.8349,3.1861,90.0,E4F4,4,80.19,513.26,1,7
59,sybil_22,818.56,798.4,12.6051,0.0,90.0,E4F4,4,80.19,513.26,1,7
59,sybil_24,796.48,-1.07,6.3113,-10.1082,83.94,:E0_7,5,129.69,729.59,1,8
59,sybil_25,796.48,-1.07,16.6088,-6.7585,90.0,D0E0,5,129.69,729.59,1,8
59,sybil_26,796.48,-1.07,11.2387,-2.3071,90.0,D0E0,5,129.69,729.59,1,8
59,sybil_27,736.82,-1.6,10.6198,-1.0966,90.0,D0E0,5,122.31,717.95,1,9
59,sybil_28,736.82,-1.6,0.0,-7.6906,90.0,D0E0,5,122.31,717.95,1,9
59,sybil_29,736.82,-1.6,15.0496,0.4203,90.0,D0E0,5,122.31,717.95,1,9
59,sybil_3,190.66,398.4,15.2583,8.9012,90.0,A2B2,8,55.92,598.27,1,1
59,sybil_4,190.66,398.4,17.3605,11.8718,90.0,A2B2,8,55.92,598.27,1,1
59,sybil_5,190.66,398.4,7.5683,-1.9864,90.0,A2B2,8,55.92,598.27,1,1
59,sybil_6,198.4,188.33,3.7202,-3.6906,179.14,B1B0,2,83.74,679.71,1,2
59,sybil_7,198.4,188.33,16.1209,-0.315,90.0,A1B1,2,83.74,679.71,1,2
59,sybil_8,198.4,188.33,12.8604,-5.5085,90.0,A1B1,2,83.74,679.71,1,2
59,sybil_9,8.85,198.4,7.8876,-5.8401,90.0,A1B1,3,161.46,795.51,1,3
60,legit_0,598.4,908.1,13.3259,0.7067,180.0,D5D4,0,163.28,520.5,0,-1
60,legit_1,58.7,198.4,12.8803,-0.8775,90.0,A1B1,6,120.34,759.79,0,-1
60,legit_10,387.7,601.6,0.0,0.0,270.0,C3B3,2,62.32,482.61,0,-1
60,legit_2,598.4,429.21,13.0979,0.3714,180.0,D3D2,1,163.75,472.45,0,-1
60,legit_3,747.6,1001.6,12.2974,0.1421,270.0,E5D5,0,78.44,581.59,0,-1
60,legit_4,598.4,551.6,13.0635,0.7701,180.0,D3D2,1,156.09,452.6,0,-1
60,legit_5,398.4,655.38,12.2215,-0.2905,180.0,C4C3,2,75.69,481.83,0,-1
60,legit_6,311.55,1001.6,12.6589,-0.3436,270.0,C5B5,0,159.1,624.03,0,-1
60,legit_7,398.4,590.45,13.0154,-0.6243,180.0,C3C2,2,52.48,479.1,0,-1
60,legit_8,998.4,666.96,13.1557,0.0625,180.0,F4F3,3,84.54,568.44,0,-1
60,legit_9,401.6,852.2,10.3776,1.3653,0.0,C4C5,0,49.91,523.75,0,-1
60,sybil_0,76.9,401.6,6.9579,6.3661,270.0,B2A2,11,84.11,671.35,1,0
60,sybil_1,76.9,401.6,14.9895,-0.0592,270.0,B2A2,11,84.11,671.35,1,0
60,sybil_10,13.14,198.4,5.5057,0.1088,90.0,A1B1,3,157.72,792.36,1,3
60,sybil_11,13.14,198.4,0.0,-12.754,270.0,B1A1,3,157.72,792.36,1,3
60,sybil_12,148.39,398.4,1.206,-6.2011,90.0,A2B2,11,38.43,622.94,1,4
60,sybil_13,148.39,398.4,14.666,2.3134,90.0,A2B2,11,38.43,622.94,1,4
60,sybil_14,148.39,398.4,20.8192,4.934,90.0,A2B2,11,38.43,622.94,1,4
60,sybil_15,28.91,398.4,7.3727,-20.7121,90.0,A2B2,8,127.03,708.23,1,5
60,sybil_16,28.91,398.4,11.4886,3.3366,146.92,:A2_9,8,127.03,708.23,1,5
60,sybil_17,28.91,398.4,5.1121,-4.605,180.0,A3A2,8,127.03,708.23,1,5
60,sybil_18,928.53,798.4,7.0157,-21.4497,90.0,E4F4,5,128.39,557.01,1,6
60,sybil_19,928.53,798.4,16.2257,7.6116,90.0,E4F4,5,128.39,557.01,1,6
60,sybil_2,76.9,401.6,6.5714,5.97,270.0,B2A2,11,84.11,671.35,1,0
60,sybil_20,928.53,798.4,16.4421,7.1278,90.0,E4F4,5,128.39,557.01,1,6
60,sybil_21,826.48,798.4,18.4229,14.588,90.0,E4F4,4,87.06,515.96,1,7
60,sybil_22,826.48,798.4,11.9763,-0.6287,90.0,E4F4,4,87.06,515.96,1,7
60,sybil_24,801.09,3.64,26.43,20.1187,38.03,:E0_10,5,127.09,727.0,1,8
60,sybil_25,801.09,3.64,9.9221,-6.6866,90.0,D0E0,5,127.09,727.0,1,8
60,sybil_26,801.09,3.64,5.8957,-5.343,90.0,D0E0,5,127.09,727.0,1,8
60,sybil_27,748.91,-1.6,18.3186,7.6988,90.0,D0E0,5,121.6,720.02,1,9
60,sybil_28,748.91,-1.6,16.303,16.303,90.0,D0E0,5,121.6,720.02,1,9
60,sybil_29,748.91,-1.6,20.6199,5.5703,90.0,D0E0,5,121.6,720.02,1,9
60,sybil_3,192.88,398.46,0.0,-15.2583,89.36,:B2_15,8,57.6,597.04,1,1
60,sybil_4,192.88,398.46,0.0,-17.3605,90.0,A2B2,8,57.6,597.04,1,1
60,sybil_5,192.88,398.46,4.1688,-3.3995,90.0,A2B2,8,57.6,597.04,1,1
60,sybil_6,198.4,180.77,0.0,-3.7202,180.0,B1B0,3,77.69,683.69,1,2
60,sybil_7,198.4,180.77,7.9081,-8.2128,90.0,A1B1,3,77.69,683.69,1,2
60,sybil_8,198.4,180.77,12.659,-0.2013,90.0,A1B1,3,77.69,683.69,1,2
60,sybil_9,13.14,198.4,17.8854,9.9979,90.0,A1B1,3,157.72,792.36,1,3
61,legit_0,598.4,895.15,12.9432,-0.3828,180.0,D5D4,0,158.32,514.78,0,-1
61,legit_1,71.95,198.4,13.2507,0.3704,90.0,A1B1,6,110.62,750.64,0,-1
61,legit_10,385.3,601.6,2.3968,2.3968,270.0,C3B3,2,64.72,483.43,0,-1
61,legit_2,598.4,416.29,12.9191,-0.1788,180.0,D3D2,1,158.72,475.77,0,-1
61,legit_3,735.64,1001.6,11.9525,-0.345,270.0,E5D5,0,79.7,579.35,0,-1
61,legit_4,598.4,538.96,12.6317,-0.4318,180.0,D3D2,1,160.46,453.66,0,-1
61,legit_5,398.4,642.88,12.5023,0.2808,180.0,C4C3,2,67.09,480.76,0,-1
61,legit_6,298.05,1001.6,13.5005,0.8416,270.0,C5B5,0,167.53,629.34,0,-1
61,legit_7,398.4,576.79,13.6654,0.65,180.0,C3C2,2,56.58,479.55,0,-1
61,legit_8,998.4,654.26,12.6993,-0.4564,180.0,F4F3,0,74.88,567.22,0,-1
61,legit_9,401.6,864.35,12.1431,1.7655,0.0,C4C5,0,54.18,528.36,0,-1
61,sybil_0,64.96,401.6,1.1871,-5.7708,270.0,B2A2,11,94.67,680.15,1,0
61,sybil_1,64.96,401.6,0.0,-14.9895,270.0,B2A2,11,94.67,680.15,1,0
61,sybil_10,19.31,198.4,3.5225,-1.9832,90.0,A1B1,3,152.4,787.86,1,3
61,sybil_11,19.31,198.4,2.0117,2.0117,261.81,:A1_5,3,152.4,787.86,1,3
61,sybil_12,157.05,398.4,7.8742,6.6683,90.0,A2B2,11,39.04,617.6,1,4
61,sybil_13,157.05,398.4,23.1919,8.5259,90.0,A2B2,11,39.04,617.6,1,4
61,sybil_14,157.05,398.4,11.4457,-9.3735,90.0,A2B2,11,39.04,617.6,1,4
61,sybil_15,40.09,398.4,18.7945,11.4217,90.0,A2B2,8,116.43,699.66,1,5
61,sybil_16,40.09,398.4,4.2749,-7.2137,95.58,A2B2,8,116.43,699.66,1,5
61,sybil_17,40.09,398.4,9.7329,4.6208,180.0,A3A2,8,116.43,699.66,1,5
61,sybil_18,941.42,798.4,8.2864,1.2706,90.0,E4F4,4,116.27,562.98,1,6
61,sybil_19,941.42,798.4,7.825,-8.4007,90.0,E4F4,4,116.27,562.98,1,6
61,sybil_2,64.96,401.6,5.0213,-1.5501,270.0,B2A2,11,94.67,680.15,1,0
61,sybil_20,941.42,798.4,11.6007,-4.8414,90.0,E4F4,4,116.27,562.98,1,6
61,sybil_21,836.19,798.4,16.7069,-1.716,90.0,E4F4,4,95.7,519.37,1,7
61,sybil_22,836.19,798.4,0.0,-11.9763,90.0,E4F4,4,95.7,519.37,1,7
61,sybil_24,801.6,10.13,0.0,-26.43,3.37,E0E1,5,121.39,722.04,1,8
61,sybil_25,801.6,10.13,10.1185,0.1964,88.11,:E0_7,5,121.39,722.04,1,8
61,sybil_26,801.6,10.13,16.026,10.1303,90.0,D0E0,5,121.39,722.04,1,8
61,sybil_27,760.05,-1.6,19.8086,1.49,90.0,D0E0,5,122.01,722.09,1,9
61,sybil_28,760.05,-1.6,16.7907,0.4877,90.0,D0E0,5,122.01,722.09,1,9
61,sybil_29,760.05,-1.6,27.8724,7.2525,90.0,D0E0,5,122.01,722.09,1,9
61,sybil_3,194.06,400.69,5.8504,5.8504,53.99,:B2_15,8,59.97,595.84,1,1
61,sybil_4,194.06,400.69,0.0,0.0,90.0,A2B2,8,59.97,595.84,1,1
61,sybil_5,194.06,400.69,18.9684,14.7996,90.0,A2B2,8,59.97,595.84,1,1
61,sybil_6,198.4,171.2,12.274,12.274,180.0,B1B0,3,70.45,688.82,1,2
61,sybil_7,198.4,171.2,2.6898,-5.2184,109.52,:B1_12,3,70.45,688.82,1,2
61,sybil_8,198.4,171.2,0.0,-12.659,90.0,A1B1,3,70.45,688.82,1,2
61,sybil_9,19.31,198.4,14.8419,-3.0435,90.0,A1B1,3,152.4,787.86,1,3
62,legit_0,598.4,882.42,12.7354,-0.2078,180.0,D5D4,0,154.34,509.39,0,-1
62,legit_1,85.22,198.4,13.2678,0.0171,90.0,A1B1,6,101.7,741.66,0,-1
62,legit_10,381.22,601.6,4.0827,1.6859,270.0,C3B3,2,68.8,484.85,0,-1
62,legit_2,598.4,403.39,12.9001,-0.019,180.0,:D2_1,1,154.61,479.33,0,-1
62,legit_3,723.08,1001.6,12.5633,0.6109,270.0,E5D5,0,82.89,577.26,0,-1
62,legit_4,598.4,526.17,12.7913,0.1595,180.0,D3D2,1,165.75,454.98,0,-1
62,legit_5,398.4,630.58,12.303,-0.1993,180.0,C4C3,2,59.98,479.92,0,-1
62,legit_6,285.18,1001.6,12.8789,-0.6216,270.0,C5B5,0,156.27,634.58,0,-1
62,legit_7,398.4,563.61,13.1802,-0.4852,180.0,C3C2,2,63.14,480.29,0,-1
62,legit_8,998.4,640.62,13.6399,0.9406,180.0,F4F3,0,65.67,566.14,0,-1
62,legit_9,401.6,876.08,11.7333,-0.4098,0.0,C4C5,0,60.37,533.05,0,-1
62,sybil_0,53.71,401.6,8.3849,7.1978,270.0,B2A2,11,104.89,688.56,1,0
62,sybil_1,53.71,401.6,9.4371,9.4371,270.0,B2A2,11,104.89,688.56,1,0
62,sybil_10,28.0,198.4,13.1654,9.6429,90.0,A1B1,3,145.02,781.56,1,3
62,sybil_11,28.0,198.4,0.0,-2.0117,174.59,A1B1,3,145.02,781.56,1,3
62,sybil_12,164.07,398.4,0.0,-7.8742,90.0,A2B2,11,40.89,613.39,1,4
62,sybil_13,164.07,398.4,17.4338,-5.7581,90.0,A2B2,11,40.89,613.39,1,4
62,sybil_14,164.07,398.4,9.279,-2.1667,90.0,A2B2,11,40.89,613.39,1,4
62,sybil_15,51.13,398.4,8.0526,-10.7419,90.0,A2B2,11,106.06,691.28,1,5
62,sybil_16,51.13,398.4,4.3906,0.1157,90.0,A2B2,11,106.06,691.28,1,5
62,sybil_17,51.13,398.4,0.0,-9.7329,180.0,A3A2,11,106.06,691.28,1,5
62,sybil_18,954.8,798.4,16.8322,8.5458,90.0,E4F4,5,103.9,569.36,1,6
62,sybil_19,954.8,798.4,11.8521,4.0271,90.0,E4F4,5,103.9,569.36,1,6
62,sybil_2,53.71,401.6,15.8439,10.8227,270.0,B2A2,11,104.89,688.56,1,0
62,sybil_20,954.8,798.4,17.6569,6.0562,90.0,E4F4,5,103.9,569.36,1,6
62,sybil_21,847.96,798.4,10.4103,-6.2966,90.0,E4F4,5,106.42,523.65,1,7
62,sybil_22,847.96,798.4,0.0,0.0,90.0,E4F4,5,106.42,523.65,1,7
62,sybil_23,847.96,798.4,0.0,0.0,90.0,E4F4,5,106.42,523.65,1,7
62,sybil_24,801.6,19.18,6.0654,6.0654,0.0,E0E1,5,113.25,714.98,1,8
62,sybil_25,801.6,19.18,1.1065,-9.012,52.17,:E0_10,5,113.25,714.98,1,8
62,sybil_26,801.6,19.18,17.6525,1.6265,90.0,D0E0,5,113.25,714.98,1,8
62,sybil_27,767.68,-1.6,0.0,-19.8086,90.0,D0E0,5,122.88,723.61,1,9
62,sybil_28,767.68,-1.6,1.824,-14.9667,90.0,D0E0,5,122.88,723.61,1,9
62,sybil_29,767.68,-1.6,24.5966,-3.2759,90.0,D0E0,5,122.88,723.61,1,9
62,sybil_3,192.21,401.6,5.6586,-0.1918,345.13,B2A2,11,59.26,596.62,1,1
62,sybil_4,192.21,401.6,10.3982,10.3982,90.0,A2B2,11,59.26,596.62,1,1
62,sybil_5,192.21,401.6,16.4909,-2.4776,90.0,A2B2,11,59.26,596.62,1,1
62,sybil_6,198.4,159.32,12.7103,0.4364,180.0,B1B0,3,62.36,695.33,1,2
62,sybil_7,198.4,159.32,20.8976,18.2078,174.12,B1B0,3,62.36,695.33,1,2
62,sybil_8,198.4,159.32,8.5252,8.5252,90.0,A1B1,3,62.36,695.33,1,2
62,sybil_9,28.0,198.4,0.0,-14.8419,90.0,A1B1,3,145.02,781.56,1,3
63,legit_0,598.4,869.03,13.3891,0.6537,180.0,D5D4,0,151.21,503.97,0,-1
63,legit_1,98.68,198.4,13.4587,0.1909,90.0,A1B1,6,93.7,732.74,0,-1
63,legit_10,375.42,601.6,5.7989,1.7161,270.0,C3B3,2,74.6,486.89,0,-1
63,legit_2,598.4,389.94,13.454,0.5539,180.0,D2D1,1,151.39,483.31,0,-1
63,legit_3,710.64,1001.6,12.4441,-0.1192,270.0,E5D5,0,87.73,575.44,0,-1
63,legit_4,598.4,513.64,12.5341,-0.2572,180.0,D3D2,1,171.7,456.5,0,-1
63,legit_5,398.4,618.74,11.8374,-0.4656,180.0,C4C3,2,54.9,479.36,0,-1
63,legit_6,271.39,1001.6,13.7903,0.9114,270.0,C5B5,0,144.5,640.38,0,-1
63,legit_7,398.4,550.25,13.3623,0.1821,180.0,C3C2,2,71.68,481.32,0,-1
63,legit_8,998.4,627.56,13.0655,-0.5744,180.0,F4F3,0,58.5,565.35,0,-1
63,legit_9,401.6,888.03,11.9539,0.2206,0.0,C4C5,0,68.19,538.05,0,-1
63,sybil_0,42.14,401.6,13.3187,4.9338,270.0,B2A2,11,115.61,697.32,1,0
63,sybil_1,42.14,401.6,8.4009,-1.0362,270.0,B2A2,11,115.61,697.32,1,0
63,sybil_10,38.51,198.4,5.4646,-7.7008,90.0,A1B1,3,136.3,774.02,1,3
63,sybil_11,38.51,198.4,11.5839,11.5839,90.0,A1B1,3,136.3,774.02,1,3
63,sybil_12,168.02,398.4,3.6544,3.6544,90.0,A2B2,11,42.42,611.06,1,4
63,sybil_13,168.02,398.4,5.7709,-11.6629,90.0,A2B2,11,42.42,611.06,1,4
63,sybil_14,168.02,398.4,0.0,-9.279,90.0,A2B2,11,42.42,611.06,1,4
63,sybil_15,63.5,398.4,13.3411,5.2885,90.0,A2B2,11,94.64,682.02,1,5
63,sybil_16,63.5,398.4,3.0441,-1.3466,90.0,A2B2,11,94.64,682.02,1,5
63,sybil_17,63.5,398.4,11.1487,11.1487,175.99,:A2_1,11,94.64,682.02,1,5
63,sybil_18,968.49,798.4,16.6032,-0.229,90.0,E4F4,5,91.51,576.1,1,6
63,sybil_19,968.49,798.4,15.8486,3.9965,90.0,E4F4,5,91.51,576.1,1,6
63,sybil_2,42.14,401.6,1.547,-14.297,270.0,B2A2,11,115.61,697.32,1,0
63,sybil_20,968.49,798.4,4.8212,-12.8356,90.0,E4F4,5,91.51,576.1,1,6
63,sybil_21,860.59,798.4,20.7381,10.3278,90.0,E4F4,5,118.16,528.42,1,7
63,sybil_22,860.59,798.4,13.8658,13.8658,90.0,E4F4,5,118.16,528.42,1,7
63,sybil_23,860.59,798.4,0.0,0.0,90.0,E4F4,5,118.16,528.42,1,7
63,sybil_24,801.6,30.09,16.642,10.5766,0.0,E0E1,5,103.67,706.56,1,8
63,sybil_25,801.6,30.09,23.1938,22.0873,7.41,E0E1,5,103.67,706.56,1,8
63,sybil_26,801.6,30.09,15.453,-2.1995,90.0,D0E0,5,103.67,706.56,1,8
63,sybil_27,774.18,-1.6,13.1347,13.1347,90.0,D0E0,5,123.98,724.96,1,9
63,sybil_28,774.18,-1.6,8.1195,6.2955,90.0,D0E0,5,123.98,724.96,1,9
63,sybil_29,774.18,-1.6,18.0837,-6.5129,90.0,D0E0,5,123.98,724.96,1,9
63,sybil_3,187.65,401.6,0.9926,-4.666,270.0,B2A2,11,56.11,599.13,1,1
63,sybil_4,187.65,401.6,0.0,-10.3982,90.0,A2B2,11,56.11,599.13,1,1
63,sybil_5,187.65,401.6,1.6797,-14.8111,90.0,A2B2,11,56.11,599.13,1,1
63,sybil_6,198.4,147.19,13.3169,0.6066,180.0,B1B0,3,55.52,702.16,1,2
63,sybil_7,198.4,147.19,0.3839,-20.5137,180.0,B1B0,3,55.52,702.16,1,2
63,sybil_8,198.4,147.19,7.238,-1.2871,90.0,A1B1,3,55.52,702.16,1,2
63,sybil_9,38.51,198.4,20.6366,20.6366,90.0,A1B1,3,136.3,774.02,1,3
64,legit_0,598.4,856.03,12.9982,-0.3909,180.0,D5D4,0,149.26,498.96,0,-1
64,legit_1,112.2,198.4,13.5173,0.0585,90.0,A1B1,6,87.04,724.0,0,-1
64,legit_10,367.88,601.6,7.5375,1.7386,270.0,C3B3,2,82.13,489.6,0,-1
64,legit_2,598.4,376.56,13.385,-0.069,180.0,D2D1,1,149.32,487.54,0,-1
64,legit_3,697.88,1001.6,12.757,0.3128,270.0,E5D5,0,94.14,573.82,0,-1
64,legit_4,598.4,501.05,12.591,0.0568,180.0,D3D2,1,178.37,458.25,0,-1
64,legit_5,398.4,608.89,9.8513,-1.9861,180.0,C4C3,2,52.36,479.09,0,-1
64,legit_6,258.37,1001.6,13.0109,-0.7793,270.0,C5B5,0,133.76,646.03,0,-1
64,legit_7,398.4,537.45,12.7959,-0.5664,180.0,C3C2,2,81.09,482.55,0,-1
64,legit_8,998.4,615.44,12.12,-0.9455,180.0,F4F3,0,53.86,564.87,0,-1
64,legit_9,401.6,899.96,11.9294,-0.0246,0.0,C4C5,0,77.06,543.23,0,-1
64,sybil_0,30.03,401.6,0.0306,-13.2882,270.0,B2A2,8,126.97,706.59,1,0
64,sybil_1,30.03,401.6,16.425,8.024,270.0,B2A2,8,126.97,706.59,1,0
64,sybil_10,49.53,198.4,9.6535,4.1889,90.0,A1B1,3,127.44,766.21,1,3
64,sybil_11,49.53,198.4,13.2563,1.6725,90.0,A1B1,3,127.44,766.21,1,3
64,sybil_12,171.98,398.4,5.046,1.3916,90.0,A2B2,11,44.24,608.76,1,4
64,sybil_13,171.98,398.4,6.1889,0.418,90.0,A2B2,11,44.24,608.76,1,4
64,sybil_14,171.98,398.4,17.0863,17.0863,90.0,A2B2,11,44.24,608.76,1,4
64,sybil_15,75.17,398.4,15.9312,2.5901,90.0,A2B2,11,84.11,673.39,1,5
64,sybil_16,75.17,398.4,20.3621,17.318,90.0,A2B2,11,84.11,673.39,1,5
64,sybil_17,75.17,398.4,10.6864,-0.4623,136.48,:A2_9,11,84.11,673.39,1,5
64,sybil_18,980.7,798.4,18.5924,1.9892,90.0,E4F4,5,80.83,582.28,1,6
64,sybil_19,980.7,798.4,6.0639,-9.7846,90.0,E4F4,5,80.83,582.28,1,6
64,sybil_2,30.03,401.6,16.0332,14.4862,270.0,B2A2,8,126.97,706.59,1,0
64,sybil_20,980.7,798.4,0.0,-4.8212,90.0,E4F4,5,80.83,582.28,1,6
64,sybil_21,873.44,798.4,17.45,-3.2881,90.0,E4F4,5,130.26,533.45,1,7
64,sybil_22,873.44,798.4,4.4508,-9.415,90.0,E4F4,5,130.26,533.45,1,7
64,sybil_23,873.44,798.4,8.1677,8.1677,90.0,E4F4,5,130.26,533.45,1,7
64,sybil_24,801.6,41.36,3.6492,-12.9927,0.0,E0E1,5,94.06,697.96,1,8
64,sybil_25,801.6,41.36,1.6524,-21.5414,0.0,E0E1,5,94.06,697.96,1,8
64,sybil_26,801.6,41.36,6.6946,-8.7584,84.65,:E0_7,5,94.06,697.96,1,8
64,sybil_27,783.16,-1.6,7.2116,-5.9231,90.0,D0E0,5,126.04,726.92,1,9
64,sybil_28,783.16,-1.6,4.3261,-3.7934,90.0,D0E0,5,126.04,726.92,1,9
64,sybil_29,783.16,-1.6,11.0955,-6.9882,90.0,D0E0,5,126.04,726.92,1,9
64,sybil_3,181.69,401.6,3.1857,2.1931,270.0,B2A2,8,52.29,602.46,1,1
64,sybil_4,181.69,401.6,8.3047,8.3047,86.24,:B2_15,8,52.29,602.46,1,1
64,sybil_5,181.69,401.6,7.6199,5.9402,90.0,A2B2,8,52.29,602.46,1,1
64,sybil_6,198.4,134.85,13.7257,0.4088,180.0,B1B0,3,50.63,709.33,1,2
64,sybil_7,198.4,134.85,18.8801,18.4962,180.0,B1B0,3,50.63,709.33,1,2
64,sybil_8,198.4,134.85,10.0948,2.8568,108.75,:B1_12,3,50.63,709.33,1,2
64,sybil_9,49.53,198.4,5.4522,-15.1844,90.0,A1B1,3,127.44,766.21,1,3
65,legit_0,598.4,842.2,13.8328,0.8346,180.0,D5D4,0,148.42,493.92,0,-1
65,legit_1,125.44,198.4,13.2405,-0.2767,90.0,A1B1,6,82.16,715.68,0,-1
65,legit_10,358.35,601.6,9.5323,1.9948,270.0,C3B3,2,91.66,493.12,0,-1
65,legit_2,598.4,363.86,12.6952,-0.6898,180.0,D2D1,1,148.45,491.8,0,-1
65,legit_3,685.88,1001.6,11.999,-0.758,270.0,E5D5,0,101.28,572.5,0,-1
65,legit_4,598.4,488.64,12.4069,-0.184,180.0,D3D2,1,185.54,460.19,0,-1
65,legit_5,397.44,603.73,5.3513,-4.5,191.32,:C3_0,2,52.69,479.34,0,-1
65,legit_6,245.07,1001.6,13.3043,0.2934,270.0,C5B5,0,123.23,651.99,0,-1
65,legit_7,398.4,524.57,12.8815,0.0856,180.0,C3C2,2,91.39,484.0,0,-1
65,legit_8,998.4,607.82,7.62,-4.5,180.0,F4F3,0,52.19,564.7,0,-1
65,legit_9,401.6,911.5,11.5327,-0.3966,0.0,C4C5,0,86.34,548.4,0,-1
65,sybil_0,18.73,401.6,5.2227,5.1922,270.0,B2A2,5,137.71,715.35,1,0
65,sybil_1,18.73,401.6,6.094,-10.331,270.0,B2A2,5,137.71,715.35,1,0
65,sybil_10,60.66,198.4,27.7245,18.071,90.0,A1B1,3,118.86,758.43,1,3
65,sybil_11,60.66,198.4,4.905,-8.3514,90.0,A1B1,3,118.86,758.43,1,3
65,sybil_12,174.83,398.4,2.3699,-2.6761,90.0,A2B2,8,45.73,607.12,1,4
65,sybil_13,174.83,398.4,1.2615,-4.9274,90.0,A2B2,8,45.73,607.12,1,4
65,sybil_14,174.83,398.4,14.3672,-2.7191,90.0,A2B2,8,45.73,607.12,1,4
65,sybil_15,86.86,398.4,1.7773,-14.1539,90.0,A2B2,11,73.9,664.88,1,5
65,sybil_16,86.86,398.4,4.9751,-15.387,90.0,A2B2,11,73.9,664.88,1,5
65,sybil_17,86.86,398.4,8.954,-1.7324,94.32,A2B2,11,73.9,664.88,1,5
65,sybil_18,988.9,798.4,18.0604,-0.5321,90.0,E4F4,5,73.91,586.53,1,6
65,sybil_19,988.9,798.4,11.0076,4.9437,90.0,E4F4,5,73.91,586.53,1,6
65,sybil_2,18.73,401.6,8.5446,-7.4886,270.0,B2A2,5,137.71,715.35,1,0
65,sybil_20,988.9,798.4,17.6277,17.6277,90.0,E4F4,5,73.91,586.53,1,6
65,sybil_21,885.78,798.4,12.3479,-5.1022,90.0,E4F4,5,142.01,538.45,1,7
65,sybil_22,885.78,798.4,15.1522,10.7014,90.0,E4F4,5,142.01,538.45,1,7
65,sybil_23,885.78,798.4,12.6232,4.4554,90.0,E4F4,5,142.01,538.45,1,7
65,sybil_24,801.6,52.6,11.717,8.0678,0.0,E0E1,5,84.88,689.48,1,8
65,sybil_25,801.6,52.6,16.8507,15.1983,0.0,E0E1,5,84.88,689.48,1,8
65,sybil_26,801.6,52.6,13.8119,7.1173,42.15,:E0_10,5,84.88,689.48,1,8
65,sybil_27,787.65,-1.6,6.3324,-0.8792,90.0,D0E0,5,127.29,727.93,1,9
65,sybil_28,787.65,-1.6,14.1161,9.7901,90.0,D0E0,5,127.29,727.93,1,9
65,sybil_29,787.65,-1.6,2.5792,-8.5163,90.0,D0E0,5,127.29,727.93,1,9
65,sybil_3,173.16,401.6,0.0,-3.1857,270.0,B2A2,8,47.61,607.32,1,1
65,sybil_4,173.16,401.6,9.3905,1.0858,38.17,:B2_15,8,47.61,607.32,1,1
65,sybil_5,173.16,401.6,0.0467,-7.5733,90.0,A2B2,8,47.61,607.32,1,1
65,sybil_6,198.4,122.24,2.7514,-10.9743,180.0,B1B0,3,48.45,716.91,1,2
65,sybil_7,198.4,122.24,5.3007,-13.5793,180.0,B1B0,3,48.45,716.91,1,2
65,sybil_8,198.4,122.24,9.6352,-0.4596,176.09,B1B0,3,48.45,716.91,1,2
65,sybil_9,60.66,198.4,4.271,-1.1812,90.0,A1B1,3,118.86,758.43,1,3
66,legit_0,598.4,828.37,13.8267,-0.0061,180.0,D5D4,0,148.85,489.16,0,-1
66,legit_1,139.28,198.4,13.8415,0.601,90.0,A1B1,7,79.13,707.24,0,-1
66,legit_10,346.97,601.6,11.3804,1.8481,270.0,C3B3,2,103.04,497.45,0,-1
66,legit_11,-1.6,187.7,0.0,0.0,180.0,A1A0,4,166.03,808.25,0,-1
66,legit_2,598.4,351.24,12.6195,-0.0757,180.0,D2D1,1,148.66,496.27,0,-1
66,legit_3,673.42,1001.6,12.4597,0.4607,270.0,E5D5,0,109.6,571.35,0,-1
66,legit_4,598.4,475.35,13.2905,0.8836,180.0,D3D2,1,187.96,462.51,0,-1
66,legit_5,392.77,601.6,5.3967,0.0454,248.16,C3B3,2,57.25,480.89,0,-1
66,legit_6,232.19,1001.6,12.883,-0.4213,270.0,C5B5,0,113.58,657.95,0,-1
66,legit_7,398.4,511.51,13.0573,0.1759,180.0,C3C2,2,102.43,485.68,0,-1
66,legit_8,996.01,602.41,6.2811,-1.3389,209.01,:F3_0,0,54.04,563.37,0,-1
66,legit_9,401.6,923.26,11.761,0.2283,0.0,C4C5,0,96.3,553.84,0,-1
66,sybil_0,11.54,401.6,0.0,-5.2227,270.0,B2A2,5,144.58,720.97,1,0
66,sybil_1,11.54,401.6,16.574,10.48,270.0,B2A2,5,144.58,720.97,1,0
66,sybil_10,71.7,198.4,8.8447,-18.8798,90.0,A1B1,4,110.8,750.82,1,3
66,sybil_11,71.7,198.4,16.0609,11.156,90.0,A1B1,4,110.8,750.82,1,3
66,sybil_12,177.12,398.4,0.0,-2.3699,90.0,A2B2,8,47.01,605.81,1,4
66,sybil_13,177.12,398.4,4.7591,3.4976,90.0,A2B2,8,47.01,605.81,1,4
66,sybil_14,177.12,398.4,11.9637,-2.4035,90.0,A2B2,8,47.01,605.81,1,4
66,sybil_15,97.94,398.4,16.3383,14.5609,90.0,A2B2,11,64.69,656.94,1,5
66,sybil_16,97.94,398.4,7.0237,2.0486,90.0,A2B2,11,64.69,656.94,1,5
66,sybil_17,97.94,398.4,19.2308,10.2768,90.0,A2B2,11,64.69,656.94,1,5
66,sybil_18,992.88,798.46,12.3999,-5.6604,89.36,:F4_8,5,70.63,588.63,1,6
66,sybil_19,992.88,798.46,22.1489,11.1412,90.0,E4F4,5,70.63,588.63,1,6
66,sybil_2,11.54,401.6,0.0,-8.5446,270.0,B2A2,5,144.58,720.97,1,0
66,sybil_20,992.88,798.46,12.8711,-4.7566,90.0,E4F4,5,70.63,588.63,1,6
66,sybil_21,899.28,798.4,7.6237,-4.7242,90.0,E4F4,5,154.96,544.1,1,7
66,sybil_22,899.28,798.4,5.03,-10.1221,90.0,E4F4,5,154.96,544.1,1,7
66,sybil_23,899.28,798.4,0.0,-12.6232,90.0,E4F4,5,154.96,544.1,1,7
66,sybil_24,801.6,63.56,2.7118,-9.0052,0.0,E0E1,5,76.47,681.33,1,8
66,sybil_25,801.6,63.56,11.9749,-4.8757,0.0,E0E1,5,76.47,681.33,1,8
66,sybil_26,801.6,63.56,0.0,-13.8119,3.02,E0E1,5,76.47,681.33,1,8
66,sybil_27,793.95,-1.44,15.9726,9.6402,88.11,:E0_7,5,129.14,729.28,1,9
66,sybil_28,793.95,-1.44,3.8377,-10.2784,90.0,D0E0,5,129.14,729.28,1,9
66,sybil_29,793.95,-1.44,26.9509,24.3717,90.0,D0E0,5,129.14,729.28,1,9
66,sybil_3,163.34,401.6,12.0859,12.0859,270.0,B2A2,8,43.69,613.08,1,1
66,sybil_4,163.34,401.6,7.52,-1.8705,316.03,B2A2,8,43.69,613.08,1,1
66,sybil_5,163.34,401.6,0.0,-0.0467,90.0,A2B2,8,43.69,613.08,1,1
66,sybil_6,198.4,109.38,12.3581,9.6067,180.0,B1B0,3,49.55,724.94,1,2
66,sybil_7,198.4,109.38,8.0134,2.7126,180.0,B1B0,3,49.55,724.94,1,2
66,sybil_8,198.4,109.38,12.5404,2.9052,180.0,B1B0,3,49.55,724.94,1,2
66,sybil_9,71.7,198.4,3.5759,-0.6951,90.0,A1B1,4,110.8,750.82,1,3
67,legit_0,598.4,815.72,12.6563,-1.1704,180.0,D5D4,0,150.37,485.06,0,-1
67,legit_1,152.51,198.4,13.23,-0.6115,90.0,A1B1,6,78.44,699.45,0,-1
67,legit_10,334.26,601.6,12.7119,1.3315,270.0,C3B3,2,115.75,502.44,0,-1
67,legit_11,-1.6,185.71,1.9873,1.9873,180.0,A1A0,3,165.23,809.19,0,-1
67,legit_2,598.4,337.57,13.674,1.0544,180.0,D2D1,1,150.09,501.4,0,-1
67,legit_3,660.86,1001.6,12.5629,0.1032,270.0,E5D5,0,118.71,570.38,0,-1
67,legit_4,598.4,463.01,12.3439,-0.9466,180.0,D3D2,1,180.65,464.88,0,-1
67,legit_5,386.03,601.6,6.7435,1.3468,270.0,C3B3,2,63.99,483.18,0,-1
67,legit_6,218.67,1001.6,13.5154,0.6324,270.0,C5B5,0,104.22,664.4,0,-1
67,legit_7,398.4,498.8,12.71,-0.3473,180.0,C3C2,2,113.59,487.52,0,-1
67,legit_8,990.51,601.6,5.6577,-0.6234,264.57,F3E3,0,59.51,560.44,0,-1
67,legit_9,401.6,934.7,11.4385,-0.3226,0.0,C4C5,0,106.35,559.28,0,-1
67,sybil_0,6.5,401.7,5.5219,5.5219,271.15,:A2_3,8,149.44,724.9,1,0
67,sybil_1,6.5,401.7,16.8931,0.3191,270.0,B2A2,8,149.44,724.9,1,0
67,sybil_10,82.1,198.4,18.104,9.2593,90.0,A1B1,4,103.72,743.76,1,3
67,sybil_11,82.1,198.4,24.3899,8.329,90.0,A1B1,4,103.72,743.76,1,3
67,sybil_12,179.56,398.4,14.9684,14.9684,90.0,A2B2,8,48.46,604.43,1,4
67,sybil_13,179.56,398.4,0.0,-4.7591,90.0,A2B2,8,48.46,604.43,1,4
67,sybil_14,179.56,398.4,3.0835,-8.8803,90.0,A2B2,8,48.46,604.43,1,4
67,sybil_15,109.84,398.4,23.309,6.9707,90.0,A2B2,11,55.57,648.57,1,5
67,sybil_16,109.84,398.4,17.296,10.2722,90.0,A2B2,11,55.57,648.57,1,5
67,sybil_17,109.84,398.4,12.94,-6.2908,90.0,A2B2,11,55.57,648.57,1,5
67,sybil_18,993.04,801.44,4.2701,-8.1298,15.95,:F4_8,5,68.78,589.48,1,6
67,sybil_19,993.04,801.44,9.2301,-12.9187,90.0,E4F4,5,68.78,589.48,1,6
67,sybil_2,6.5,401.7,0.0,0.0,270.0,B2A2,8,149.44,724.9,1,0
67,sybil_20,993.04,801.44,13.9672,1.0961,90.0,E4F4,5,68.78,589.48,1,6
67,sybil_21,912.25,798.4,0.0,-7.6237,90.0,E4F4,5,143.9,549.71,1,7
67,sybil_22,912.25,798.4,18.2179,13.1878,90.0,E4F4,5,143.9,549.71,1,7
67,sybil_23,912.25,798.4,0.8994,0.8994,90.0,E4F4,5,143.9,549.71,1,7
67,sybil_24,801.6,74.47,5.9217,3.2099,0.0,E0E1,5,68.81,673.33,1,8
67,sybil_25,801.6,74.47,1.8141,-10.1608,0.0,E0E1,5,68.81,673.33,1,8
67,sybil_26,801.6,74.47,4.3483,4.3483,0.0,E0E1,5,68.81,673.33,1,8
67,sybil_27,800.43,2.31,8.0028,-7.9698,47.88,:E0_10,5,128.04,727.88,1,9
67,sybil_28,800.43,2.31,3.2755,-0.5622,90.0,D0E0,5,128.04,727.88,1,9
67,sybil_29,800.43,2.31,8.5438,-18.4071,90.0,D0E0,5,128.04,727.88,1,9
67,sybil_3,151.15,401.6,8.4627,-3.6232,270.0,B2A2,11,41.62,620.49,1,1
67,sybil_4,151.15,401.6,12.0314,4.5115,270.0,B2A2,11,41.62,620.49,1,1
67,sybil_5,151.15,401.6,0.0,0.0,90.0,A2B2,11,41.62,620.49,1,1
67,sybil_6,198.4,97.29,16.6752,4.3171,180.0,B1B0,3,53.46,732.74,1,2
67,sybil_7,198.4,97.29,16.7717,8.7583,180.0,B1B0,3,53.46,732.74,1,2
67,sybil_8,198.4,97.29,5.4208,-7.1196,180.0,B1B0,3,53.46,732.74,1,2
67,sybil_9,82.1,198.4,10.3018,6.7259,98.26,:B1_12,4,103.72,743.76,1,3
68,legit_1,166.08,198.4,13.571,0.341,90.0,A1B1,6,80.03,691.75,0,-1
68,legit_10,320.65,601.6,13.6051,0.8932,270.0,C3B3,2,129.36,507.99,0,-1
68,legit_11,-1.6,182.23,3.4807,1.4935,180.0,A1A0,3,163.88,810.86,0,-1
68,legit_2,598.4,324.31,13.2556,-0.4184,180.0,D2D1,1,152.63,506.63,0,-1
68,legit_3,648.09,1001.6,12.766,0.203,270.0,E5D5,0,128.58,569.6,0,-1
68,legit_4,598.4,449.57,13.4387,1.0948,180.0,D3D2,1,173.33,467.7,0,-1
68,legit_5,377.39,601.6,8.6399,1.8964,270.0,C3B3,2,72.63,486.19,0,-1
68,legit_6,209.66,1001.6,9.0154,-4.5,270.0,C5B5,0,98.52,668.83,0,-1
68,legit_7,398.4,485.81,12.9965,0.2864,180.0,C3C2,2,125.31,489.58,0,-1
68,legit_8,983.08,601.6,7.4239,1.7662,270.0,F3E3,0,66.94,556.55,0,-1
68,legit_9,401.6,946.99,12.2982,0.8598,0.0,C4C5,0,117.43,565.27,0,-1
68,sybil_0,2.11,404.48,11.2738,5.7519,304.98,:A2_3,8,154.43,727.71,1,0
68,sybil_1,2.11,404.48,7.6069,-9.2861,270.0,B2A2,8,154.43,727.71,1,0
68,sybil_10,92.42,198.4,3.8995,-14.2044,90.0,A1B1,4,97.27,736.86,1,3
68,sybil_11,92.42,198.4,5.7275,-18.6624,90.0,A1B1,4,97.27,736.86,1,3
68,sybil_12,181.77,398.4,7.7162,-7.2522,90.0,A2B2,8,49.84,603.19,1,4
68,sybil_13,181.77,398.4,16.9556,16.9556,90.0,A2B2,8,49.84,603.19,1,4
68,sybil_14,181.77,398.4,28.6801,25.5967,90.0,A2B2,8,49.84,603.19,1,4
68,sybil_15,120.69,398.4,0.0,-23.309,90.0,A2B2,11,48.31,641.09,1,5
68,sybil_16,120.69,398.4,23.9607,6.6647,90.0,A2B2,11,48.31,641.09,1,5
68,sybil_17,120.69,398.4,5.0865,-7.8535,90.0,A2B2,11,48.31,641.09,1,5
68,sybil_18,989.24,801.6,0.0,-4.2701,279.57,F4E4,5,71.87,587.53,1,6
68,sybil_19,989.24,801.6,0.0,-9.2301,90.0,E4F4,5,71.87,587.53,1,6
68,sybil_2,2.11,404.48,20.2115,20.2115,270.0,B2A2,8,154.43,727.71,1,0
68,sybil_20,989.24,801.6,11.3565,-2.6106,90.0,E4F4,5,71.87,587.53,1,6
68,sybil_21,924.84,798.4,17.1462,17.1462,90.0,E4F4,5,131.9,555.33,1,7
68,sybil_22,924.84,798.4,0.0,-18.2179,90.0,E4F4,5,131.9,555.33,1,7
68,sybil_23,924.84,798.4,10.6747,9.7753,90.0,E4F4,5,131.9,555.33,1,7
68,sybil_24,801.6,86.0,28.1266,22.2048,0.0,E0E1,5,61.79,665.03,1,8
68,sybil_25,801.6,86.0,18.0574,16.2432,0.0,E0E1,5,61.79,665.03,1,8
68,sybil_26,801.6,86.0,6.8878,2.5395,0.0,E0E1,5,61.79,665.03,1,8
68,sybil_27,801.6,10.79,4.4676,-3.5352,2.29,E0E1,5,120.79,721.52,1,9
68,sybil_28,801.6,10.79,11.647,8.3715,90.0,D0E0,5,120.79,721.52,1,9
68,sybil_29,801.6,10.79,0.0,-8.5438,90.0,D0E0,5,120.79,721.52,1,9
68,sybil_3,138.91,401.6,8.1792,-0.2834,270.0,B2A2,11,43.05,628.25,1,1
68,sybil_4,138.91,401.6,9.8013,-2.2301,270.0,B2A2,11,43.05,628.25,1,1
68,sybil_5,138.91,401.6,0.0,0.0,81.9,:B2_15,11,43.05,628.25,1,1
68,sybil_6,198.4,84.78,2.0298,-14.6455,180.0,B1B0,3,59.86,741.03,1,2
68,sybil_7,198.4,84.78,20.1541,3.3824,180.0,B1B0,3,59.86,741.03,1,2
68,sybil_8,198.4,84.78,15.3263,9.9055,180.0,B1B0,3,59.86,741.03,1,2
68,sybil_9,92.42,198.4,17.3633,7.0615,164.58,B1B0,4,97.27,736.86,1,3
69,legit_1,178.66,198.4,12.5777,-0.9932,90.0,A1B1,6,83.47,684.85,0,-1
69,legit_10,307.17,601.6,13.4846,-0.1205,270.0,C3B3,1,142.84,513.67,0,-1
69,legit_11,-1.6,176.74,5.4903,2.0096,180.0,A1A0,3,161.87,813.52,0,-1
69,legit_2,598.4,311.16,13.1492,-0.1064,180.0,D2D1,1,156.23,512.08,0,-1
69,legit_3,635.24,1001.6,12.8477,0.0818,270.0,E5D5,0,138.98,569.0,0,-1
69,legit_4,598.4,436.71,12.8528,-0.5859,180.0,D3D2,1,167.06,470.63,0,-1
69,legit_5,366.5,601.6,10.8873,2.2474,270.0,C3B3,2,83.52,490.1,0,-1
69,legit_6,204.83,1001.26,4.8579,-4.1574,266.1,:B5_1,0,95.95,671.07,0,-1
69,legit_7,398.4,473.08,12.7246,-0.2718,180.0,C3C2,1,124.3,491.79,0,-1
69,legit_8,973.33,601.6,9.7569,2.333,270.0,F3E3,0,76.69,551.51,0,-1
69,legit_9,401.6,959.26,12.2678,-0.0304,0.0,C4C5,0,128.71,571.41,0,-1
69,sybil_0,1.6,408.99,0.0,-11.2738,351.49,A2A3,8,156.28,727.07,1,0
69,sybil_1,1.6,408.99,14.1417,6.5348,270.0,B2A2,8,156.28,727.07,1,0
69,sybil_10,103.91,198.4,4.7665,0.867,90.0,A1B1,4,90.95,729.34,1,3
69,sybil_11,103.91,198.4,18.1725,12.445,90.0,A1B1,4,90.95,729.34,1,3
69,sybil_12,185.38,398.4,0.0,-7.7162,90.0,A2B2,8,52.22,601.17,1,4
69,sybil_13,185.38,398.4,0.0,-16.9556,90.0,A2B2,8,52.22,601.17,1,4
69,sybil_14,185.38,398.4,11.4117,-17.2684,90.0,A2B2,8,52.22,601.17,1,4
69,sybil_15,131.21,398.4,13.2801,13.2801,90.0,A2B2,11,42.75,634.03,1,5
69,sybil_16,131.21,398.4,16.9417,-7.019,90.0,A2B2,11,42.75,634.03,1,5
69,sybil_17,131.21,398.4,1.8461,-3.2404,90.0,A2B2,11,42.75,634.03,1,5
69,sybil_18,983.42,801.6,11.4786,11.4786,270.0,F4E4,5,76.86,584.5,1,6
69,sybil_19,983.42,801.6,3.9948,3.9948,90.0,E4F4,5,76.86,584.5,1,6
69,sybil_2,1.6,408.99,8.4368,-11.7747,270.0,B2A2,8,156.28,727.07,1,0
69,sybil_20,983.42,801.6,7.1139,-4.2426,90.0,E4F4,5,76.86,584.5,1,6
69,sybil_21,938.09,798.4,1.9258,-15.2204,90.0,E4F4,5,119.39,561.42,1,7
69,sybil_22,938.09,798.4,12.9888,12.9888,90.0,E4F4,5,119.39,561.42,1,7
69,sybil_23,938.09,798.4,12.2872,1.6126,90.0,E4F4,5,119.39,561.42,1,7
69,sybil_24,801.6,96.98,5.4551,-22.6714,0.0,E0E1,5,56.5,657.28,1,8
69,sybil_25,801.6,96.98,20.5348,2.4775,0.0,E0E1,5,56.5,657.28,1,8
69,sybil_26,801.6,96.98,17.7854,10.8976,0.0,E0E1,5,56.5,657.28,1,8
69,sybil_27,801.6,20.69,18.2732,13.8056,0.0,E0E1,5,111.92,713.81,1,9
69,sybil_28,801.6,20.69,4.5418,-7.1052,85.11,:E0_7,5,111.92,713.81,1,9
69,sybil_29,801.6,20.69,5.4994,5.4994,90.0,D0E0,5,111.92,713.81,1,9
69,sybil_3,127.31,401.6,0.0,-8.1792,270.0,B2A2,11,47.38,635.88,1,1
69,sybil_4,127.31,401.6,11.732,1.9306,270.0,B2A2,11,47.38,635.88,1,1
69,sybil_5,127.31,401.6,17.2838,17.2838,345.13,B2A2,11,47.38,635.88,1,1
69,sybil_6,198.4,72.27,32.5469,30.5171,180.0,B1B0,3,67.98,749.52,1,2
69,sybil_7,198.4,72.27,3.7187,-16.4354,180.0,B1B0,3,67.98,749.52,1,2
69,sybil_8,198.4,72.27,25.0505,9.7242,180.0,B1B0,3,67.98,749.52,1,2
69,sybil_9,103.91,198.4,8.4319,-8.9313,180.0,B1B0,4,90.95,729.34,1,3
70,legit_1,187.17,198.4,8.5076,-4.0702,90.0,A1B1,6,86.76,680.32,0,-1
70,legit_10,293.29,601.6,13.8774,0.3928,270.0,C3B3,1,143.3,519.72,0,-1
70,legit_11,-1.6,169.77,6.9731,1.4828,180.0,A1A0,3,159.56,816.94,0,-1
70,legit_2,598.4,298.64,12.5194,-0.6297,180.0,D2D1,1,160.58,517.49,0,-1
70,legit_3,623.24,1001.6,12.002,-0.8458,270.0,E5D5,0,149.05,568.61,0,-1
70,legit_4,598.4,423.85,12.8619,0.0092,180.0,D3D2,1,161.55,473.8,0,-1
70,legit_5,354.05,601.6,12.4531,1.5658,270.0,C3B3,2,95.97,494.74,0,-1
70,legit_6,199.59,997.72,6.6576,1.7997,228.11,:B5_9,0,96.07,671.9,0,-1
70,legit_7,398.4,459.83,13.2465,0.5218,180.0,C3C2,1,112.38,494.29,0,-1
70,legit_8,961.0,601.6,12.3308,2.5739,270.0,F3E3,0,89.02,545.29,0,-1
70,legit_9,401.6,970.82,11.5583,-0.7095,0.0,C4C5,0,119.43,577.34,0,-1
70,sybil_0,1.6,415.08,24.1142,24.1142,0.0,A2A3,8,158.29,725.71,1,0
70,sybil_1,1.6,415.08,18.5978,4.4561,270.0,B2A2,8,158.29,725.71,1,0
70,sybil_10,114.61,198.4,2.2219,-2.5446,90.0,A1B1,4,86.02,722.47,1,3
70,sybil_11,114.61,198.4,6.757,-11.4155,90.0,A1B1,4,86.02,722.47,1,3
70,sybil_12,189.21,398.4,16.5903,16.5903,90.0,A2B2,8,54.89,599.06,1,4
70,sybil_13,189.21,398.4,0.0,0.0,90.0,A2B2,8,54.89,599.06,1,4
70,sybil_14,189.21,398.4,7.3384,-4.0733,90.0,A2B2,8,54.89,599.06,1,4
70,sybil_15,142.02,398.4,13.8708,0.5907,90.0,A2B2,11,39.22,626.98,1,5
70,sybil_16,142.02,398.4,8.1405,-8.8011,90.0,A2B2,11,39.22,626.98,1,5
70,sybil_17,142.02,398.4,19.3038,17.4577,90.0,A2B2,11,39.22,626.98,1,5
70,sybil_18,975.9,801.6,19.6785,8.1999,270.0,F4E4,5,83.46,580.66,1,6
70,sybil_19,975.9,801.6,0.0928,-3.902,77.94,:F4_8,5,83.46,580.66,1,6
70,sybil_2,1.6,415.08,10.8348,2.398,270.0,B2A2,8,158.29,725.71,1,0
70,sybil_20,975.9,801.6,0.0,-7.1139,90.0,E4F4,5,83.46,580.66,1,6
70,sybil_21,951.54,798.4,26.5236,24.5977,90.0,E4F4,5,106.89,567.79,1,7
70,sybil_22,951.54,798.4,18.4386,5.4498,90.0,E4F4,5,106.89,567.79,1,7
70,sybil_23,951.54,798.4,3.9277,-8.3596,90.0,E4F4,5,106.89,567.79,1,7
70,sybil_24,801.6,108.27,7.186,1.7308,0.0,E0E1,5,52.92,649.51,1,8
70,sybil_25,801.6,108.27,0.0,-20.5348,0.0,E0E1,5,52.92,649.51,1,8
70,sybil_26,801.6,108.27,11.533,-6.2524,0.0,E0E1,5,52.92,649.51,1,8
70,sybil_27,801.6,32.19,6.5132,-11.7599,0.0,E0E1,5,101.85,704.95,1,9
70,sybil_28,801.6,32.19,7.2588,2.7169,47.28,:E0_10,5,101.85,704.95,1,9
70,sybil_29,801.6,32.19,0.0,-5.4994,90.0,D0E0,5,101.85,704.95,1,9
70,sybil_3,114.9,401.6,4.7916,4.7916,270.0,B2A2,11,54.43,644.31,1,1
70,sybil_4,114.9,401.6,0.0,-11.732,270.0,B2A2,11,54.43,644.31,1,1
70,sybil_5,114.9,401.6,19.521,2.2372,270.0,B2A2,11,54.43,644.31,1,1
70,sybil_6,198.4,60.09,10.0882,-22.4587,180.0,B1B0,3,77.02,757.94,1,2
70,sybil_7,198.4,60.09,11.0704,7.3516,180.0,B1B0,3,77.02,757.94,1,2
70,sybil_8,198.4,60.09,7.8446,-17.2059,180.0,B1B0,3,77.02,757.94,1,2
70,sybil_9,114.61,198.4,7.6821,-0.7499,180.0,B1B0,4,86.02,722.47,1,3
71,legit_1,191.17,198.4,4.0076,-4.5,90.0,A1B1,3,88.55,678.22,0,-1
71,legit_10,279.91,601.6,13.3819,-0.4955,270.0,C3B3,1,129.92,525.74,0,-1
71,legit_11,-1.6,161.39,8.3737,1.4005,180.0,A1A0,3,157.15,821.11,0,-1
71,legit_2,598.4,286.1,12.5398,0.0204,180.0,D2D1,1,165.78,523.13,0,-1
71,legit_3,611.18,1001.6,12.0561,0.0541,270.0,E5D5,0,159.42,568.38,0,-1
71,legit_4,598.4,411.22,12.6286,-0.2333,180.0,D3D2,1,156.99,477.14,0,-1
71,legit_5,342.2,601.6,11.8456,-0.6075,270.0,C3B3,1,107.81,499.3,0,-1
71,legit_6,198.4,989.67,8.2672,1.6096,183.04,B5B4,0,102.48,668.45,0,-1
71,legit_7,398.4,446.28,13.5541,0.3076,180.0,C3C2,0,100.53,497.05,0,-1
71,legit_8,947.88,601.6,13.1114,0.7806,270.0,F3E3,0,102.13,538.84,0,-1
71,legit_9,401.6,982.36,11.5441,-0.0142,0.0,C4C5,0,108.97,583.39,0,-1
71,sybil_0,1.6,423.23,7.7507,-16.3635,0.0,A2A3,5,161.31,723.95,1,0
71,sybil_1,1.6,423.23,20.5595,1.9617,270.0,B2A2,5,161.31,723.95,1,0
71,sybil_10,125.16,198.4,7.1489,4.927,90.0,A1B1,4,82.24,715.85,1,3
71,sybil_11,125.16,198.4,6.223,-0.5339,90.0,A1B1,4,82.24,715.85,1,3
71,sybil_12,192.07,398.4,7.1186,-9.4717,90.0,A2B2,8,56.96,597.49,1,4
71,sybil_13,192.07,398.4,2.3679,2.3679,90.0,A2B2,8,56.96,597.49,1,4
71,sybil_14,192.07,398.4,12.213,4.8745,90.0,A2B2,8,56.96,597.49,1,4
71,sybil_15,151.44,398.4,15.3586,1.4878,90.0,A2B2,8,38.43,621.04,1,5
71,sybil_16,151.44,398.4,9.9048,1.7643,90.0,A2B2,8,38.43,621.04,1,5
71,sybil_17,151.44,398.4,10.4832,-8.8207,90.0,A2B2,8,38.43,621.04,1,5
71,sybil_18,967.05,801.6,20.9423,1.2638,270.0,F4E4,5,91.41,576.23,1,6
71,sybil_19,967.05,801.6,0.0,-0.0928,350.3,F4E4,5,91.41,576.23,1,6
71,sybil_2,1.6,423.23,21.994,11.1593,270.0,B2A2,5,161.31,723.95,1,0
71,sybil_20,967.05,801.6,0.0,0.0,90.0,E4F4,5,91.41,576.23,1,6
71,sybil_21,963.67,798.4,13.1902,-13.3334,90.0,E4F4,5,95.83,573.7,1,7
71,sybil_22,963.67,798.4,8.9038,-9.5348,90.0,E4F4,5,95.83,573.7,1,7
71,sybil_23,963.67,798.4,3.8377,-0.09,90.0,E4F4,5,95.83,573.7,1,7
71,sybil_24,801.6,120.34,4.5659,-2.6201,0.0,E0E1,5,51.6,641.43,1,8
71,sybil_25,801.6,120.34,11.2431,11.2431,0.0,E0E1,5,51.6,641.43,1,8
71,sybil_26,801.6,120.34,2.508,-9.025,0.0,E0E1,5,51.6,641.43,1,8
71,sybil_27,801.6,44.96,15.5103,8.9971,0.0,E0E1,5,91.07,695.23,1,9
71,sybil_28,801.6,44.96,10.9,3.6412,4.26,E0E1,5,91.07,695.23,1,9
71,sybil_29,801.6,44.96,7.0185,7.0185,89.72,:E0_7,5,91.07,695.23,1,9
71,sybil_3,102.59,401.6,12.6281,7.8365,270.0,B2A2,11,63.08,652.89,1,1
71,sybil_4,102.59,401.6,13.54,13.54,270.0,B2A2,11,63.08,652.89,1,1
71,sybil_5,102.59,401.6,9.0882,-10.4328,270.0,B2A2,11,63.08,652.89,1,1
71,sybil_6,198.4,47.15,4.698,-5.3902,180.0,B1B0,2,87.47,767.04,1,2
71,sybil_7,198.4,47.15,9.7374,-1.3329,180.0,B1B0,2,87.47,767.04,1,2
71,sybil_8,198.4,47.15,4.0927,-3.7519,180.0,B1B0,2,87.47,767.04,1,2
71,sybil_9,125.16,198.4,7.1299,-0.5522,180.0,B1B0,4,82.24,715.85,1,3
72,legit_1,197.49,198.4,6.3135,2.3059,90.0,:B1_13,3,91.66,674.96,0,-1
72,legit_10,266.93,601.6,12.978,-0.4039,270.0,C3B3,1,116.94,531.76,0,-1
72,legit_11,-1.6,151.16,10.23,1.8563,180.0,A1A0,3,154.77,826.31,0,-1
72,legit_12,412.3,798.4,0.0,0.0,90.0,C4D4,0,56.14,503.55,0,-1
72,legit_2,598.4,273.52,12.5796,0.0398,180.0,D2D1,1,171.76,529.0,0,-1
72,legit_3,599.44,1001.6,11.7409,-0.3152,270.0,:D5_0,0,168.76,568.32,0,-1
72,legit_4,598.4,398.45,12.777,0.1484,180.0,:D2_1,1,153.3,480.76,0,-1
72,legit_5,330.26,601.6,11.941,0.0954,270.0,C3B3,1,119.75,504.05,0,-1
72,legit_6,198.4,978.91,10.7614,2.4942,180.0,B5B4,0,112.08,663.11,0,-1
72,legit_7,398.4,433.12,13.1595,-0.3945,180.0,C3C2,0,89.49,499.94,0,-1
72,legit_8,934.39,601.6,13.4901,0.3787,270.0,F3E3,0,115.62,532.38,0,-1
72,legit_9,401.6,989.41,7.0441,-4.5,0.0,C4C5,0,102.71,587.15,0,-1
72,sybil_0,1.6,433.78,8.0844,0.3337,0.0,A2A3,5,165.73,721.8,1,0
72,sybil_1,1.6,433.78,20.01,-0.5495,270.0,B2A2,5,165.73,721.8,1,0
72,sybil_10,135.83,198.4,19.6042,12.4553,90.0,A1B1,4,79.67,709.32,1,3
72,sybil_11,135.83,198.4,8.6058,2.3828,90.0,A1B1,4,79.67,709.32,1,3
72,sybil_12,194.04,399.27,11.4544,4.3357,79.54,:B2_15,8,59.0,596.21,1,4
72,sybil_13,194.04,399.27,10.6991,8.3311,90.0,A2B2,8,59.0,596.21,1,4
72,sybil_14,194.04,399.27,0.0,-12.213,90.0,A2B2,8,59.0,596.21,1,4
72,sybil_15,157.17,398.4,5.839,-9.5196,90.0,A2B2,8,39.06,617.52,1,5
72,sybil_16,157.17,398.4,2.9553,-6.9495,90.0,A2B2,8,39.06,617.52,1,5
72,sybil_17,157.17,398.4,6.4661,-4.0171,90.0,A2B2,8,39.06,617.52,1,5
72,sybil_18,955.69,801.6,20.37,-0.5723,270.0,F4E4,5,101.82,570.65,1,6
72,sybil_19,955.69,801.6,8.7177,8.7177,270.0,F4E4,5,101.82,570.65,1,6
72,sybil_2,1.6,433.78,21.83,-0.164,270.0,B2A2,5,165.73,721.8,1,0
72,sybil_20,955.69,801.6,1.4946,1.4946,90.0,E4F4,5,101.82,570.65,1,6
72,sybil_21,971.82,798.4,13.5757,0.3854,90.0,E4F4,5,88.56,577.77,1,7
72,sybil_22,971.82,798.4,0.0,-8.9038,90.0,E4F4,5,88.56,577.77,1,7
72,sybil_23,971.82,798.4,9.1885,5.3509,90.0,E4F4,5,88.56,577.77,1,7
72,sybil_24,801.6,132.44,13.3623,8.7965,0.0,E0E1,5,53.08,633.6,1,8
72,sybil_25,801.6,132.44,24.0094,12.7664,0.0,E0E1,5,53.08,633.6,1,8
72,sybil_26,801.6,132.44,15.1295,12.6215,0.0,E0E1,5,53.08,633.6,1,8
72,sybil_27,801.6,57.42,10.5162,-4.9941,0.0,E0E1,5,81.11,685.89,1,9
72,sybil_28,801.6,57.42,7.3728,-3.5272,0.0,E0E1,5,81.11,685.89,1,9
72,sybil_29,801.6,57.42,2.3254,-4.6931,66.35,:E0_10,5,81.11,685.89,1,9
72,sybil_3,90.49,401.6,4.6827,-7.9454,270.0,B2A2,11,72.61,661.49,1,1
72,sybil_4,90.49,401.6,3.5602,-9.9798,270.0,B2A2,11,72.61,661.49,1,1
72,sybil_5,90.49,401.6,17.9778,8.8896,270.0,B2A2,11,72.61,661.49,1,1
72,sybil_6,198.4,35.22,15.7124,11.0144,180.0,B1B0,2,97.62,775.54,1,2
72,sybil_7,198.4,35.22,9.1732,-0.5643,180.0,B1B0,2,97.62,775.54,1,2
72,sybil_8,198.4,35.22,2.9858,-1.1069,180.0,B1B0,2,97.62,775.54,1,2
72,sybil_9,135.83,198.4,18.4869,11.357,180.0,B1B0,4,79.67,709.32,1,3
73,legit_1,206.32,198.4,8.8306,2.5171,90.0,:B1_13,3,96.53,670.49,0,-1
73,legit_10,253.94,601.6,12.9944,0.0164,270.0,C3B3,1,103.95,537.95,0,-1
73,legit_11,-1.6,138.68,12.4878,2.2578,180.0,A1A0,0,152.75,832.81,0,-1
73,legit_12,413.75,798.4,1.4461,1.4461,90.0,C4D4,0,55.18,503.13,0,-1
73,legit_2,598.4,260.93,12.5959,0.0163,180.0,D2D1,1,178.43,535.09,0,-1
73,legit_3,587.47,1001.6,11.9737,0.2328,270.0,D5C5,0,158.25,568.4,0,-1
73,legit_4,598.4,385.24,13.2064,0.4294,180.0,D2D1,1,150.53,484.76,0,-1
73,legit_5,318.01,601.6,12.2503,0.3093,270.0,C3B3,1,132.0,509.09,0,-1
73,legit_6,198.4,966.76,12.1553,1.3939,180.0,B5B4,0,123.15,657.21,0,-1
73,legit_7,398.4,419.38,13.741,0.5814,180.0,C3C2,0,78.67,503.19,0,-1
73,legit_8,921.44,601.6,12.9586,-0.5315,270.0,F3E3,0,128.57,526.36,0,-1
73,legit_9,401.79,994.1,4.7093,-2.3348,2.14,:C5_3,0,98.5,589.63,0,-1
73,sybil_0,1.6,445.57,16.7354,8.651,0.0,A2A3,5,171.3,719.54,1,0
73,sybil_1,1.6,445.57,0.0,-20.01,270.0,B2A2,5,171.3,719.54,1,0
73,sybil_10,146.72,198.4,12.7413,-6.8629,90.0,A1B1,3,78.47,702.83,1,3
73,sybil_11,146.72,198.4,16.2717,7.6658,90.0,A1B1,3,78.47,702.83,1,3
73,sybil_12,193.16,401.36,4.7281,-6.7262,20.58,:B2_15,8,59.78,596.16,1,4
73,sybil_13,193.16,401.36,0.0,-10.6991,90.0,A2B2,8,59.78,596.16,1,4
73,sybil_14,193.16,401.36,5.2289,5.2289,90.0,A2B2,8,59.78,596.16,1,4
73,sybil_15,162.75,398.4,0.0,-5.839,90.0,A2B2,8,40.46,614.17,1,5
73,sybil_16,162.75,398.4,7.5148,4.5595,90.0,A2B2,8,40.46,614.17,1,5
73,sybil_17,162.75,398.4,14.8883,8.4221,90.0,A2B2,8,40.46,614.17,1,5
73,sybil_18,942.89,801.6,0.0,-20.37,270.0,F4E4,5,113.78,564.54,1,6
73,sybil_19,942.89,801.6,10.4101,1.6924,270.0,F4E4,5,113.78,564.54,1,6
73,sybil_2,1.6,445.57,0.0,-21.83,270.0,B2A2,5,171.3,719.54,1,0
73,sybil_20,942.89,801.6,0.0,-1.4946,90.0,E4F4,5,113.78,564.54,1,6
73,sybil_21,978.76,798.4,9.2732,-4.3024,90.0,E4F4,5,82.49,581.29,1,7
73,sybil_22,978.76,798.4,18.7237,18.7237,90.0,E4F4,5,82.49,581.29,1,7
73,sybil_23,978.76,798.4,13.3037,4.1152,90.0,E4F4,5,82.49,581.29,1,7
73,sybil_24,801.6,144.02,16.1355,2.7732,0.0,E0E1,5,56.92,626.33,1,8
73,sybil_25,801.6,144.02,11.2988,-12.7107,0.0,E0E1,5,56.92,626.33,1,8
73,sybil_26,801.6,144.02,16.644,1.5144,0.0,E0E1,5,56.92,626.33,1,8
73,sybil_27,801.6,69.4,14.7387,4.2225,0.0,E0E1,5,72.27,677.03,1,9
73,sybil_28,801.6,69.4,7.2016,-0.1712,0.0,E0E1,5,72.27,677.03,1,9
73,sybil_29,801.6,69.4,7.5582,5.2328,7.23,E0E1,5,72.27,677.03,1,9
73,sybil_3,78.79,401.6,13.8156,9.133,270.0,B2A2,11,82.47,669.96,1,1
73,sybil_4,78.79,401.6,0.0,-3.5602,270.0,B2A2,11,82.47,669.96,1,1
73,sybil_5,78.79,401.6,1.7558,-16.222,270.0,B2A2,11,82.47,669.96,1,1
73,sybil_6,198.4,22.23,13.4087,-2.3036,180.0,B1B0,2,109.1,784.93,1,2
73,sybil_7,198.4,22.23,8.5803,-0.5929,180.0,B1B0,2,109.1,784.93,1,2
73,sybil_8,198.4,22.23,13.17,10.1842,180.0,B1B0,2,109.1,784.93,1,2
73,sybil_9,146.72,198.4,13.1105,-5.3764,180.0,B1B0,3,78.47,702.83,1,3
74,legit_1,216.76,198.4,10.4412,1.6107,90.0,B1C1,3,102.97,665.33,0,-1
74,legit_10,240.22,601.6,13.7173,0.7229,270.0,C3B3,1,90.24,544.68,0,-1
74,legit_11,-1.6,125.7,12.9722,0.4844,180.0,A1A0,0,151.71,839.72,0,-1
74,legit_12,417.28,798.4,3.5305,2.0844,90.0,C4D4,0,52.93,502.11,0,-1
74,legit_2,598.4,248.37,12.5599,-0.036,180.0,D2D1,1,185.7,541.37,0,-1
74,legit_3,574.61,1001.6,12.8626,0.8889,270.0,D5C5,0,147.22,568.67,0,-1
74,legit_4,598.4,371.9,13.3401,0.1337,180.0,D2D1,1,148.88,489.07,0,-1
74,legit_5,305.34,601.6,12.6701,0.4198,270.0,C3B3,1,144.67,514.46,0,-1
74,legit_6,198.4,953.01,13.7427,1.5874,180.0,B5B4,0,122.94,650.7,0,-1
74,legit_7,398.4,405.93,13.4496,-0.2914,180.0,:C2_1,0,69.08,506.6,0,-1
74,legit_8,908.77,601.6,12.6668,-0.2917,270.0,F3E3,0,141.24,520.63,0,-1
74,legit_9,404.83,998.06,5.3234,0.614,39.53,:C5_3,0,93.56,590.94,0,-1
74,sybil_0,1.6,457.77,14.6496,-2.0858,0.0,A2A3,5,177.71,717.38,1,0
74,sybil_1,1.6,457.77,0.0,0.0,283.25,:A2_3,5,177.71,717.38,1,0
74,sybil_10,157.25,198.4,18.6683,5.927,90.0,A1B1,3,78.73,696.73,1,3
74,sybil_11,157.25,198.4,7.3591,-8.9125,90.0,A1B1,3,78.73,696.73,1,3
74,sybil_12,190.06,401.6,2.9165,-1.8116,289.55,B2A2,8,57.75,597.8,1,4
74,sybil_13,190.06,401.6,23.4494,23.4494,90.0,A2B2,8,57.75,597.8,1,4
74,sybil_14,190.06,401.6,2.6847,-2.5443,90.0,A2B2,8,57.75,597.8,1,4
74,sybil_15,166.66,398.4,10.5305,10.5305,90.0,A2B2,8,41.86,611.86,1,5
74,sybil_16,166.66,398.4,17.3309,9.8161,90.0,A2B2,8,41.86,611.86,1,5
74,sybil_17,166.66,398.4,9.2159,-5.6724,90.0,A2B2,8,41.86,611.86,1,5
74,sybil_18,929.85,801.6,11.4604,11.4604,270.0,F4E4,5,126.13,558.48,1,6
74,sybil_19,929.85,801.6,0.0,-10.4101,270.0,F4E4,5,126.13,558.48,1,6
74,sybil_2,1.6,457.77,11.4654,11.4654,270.0,B2A2,5,177.71,717.38,1,0
74,sybil_20,929.85,801.6,6.4423,6.4423,51.04,:F4_8,5,126.13,558.48,1,6
74,sybil_21,983.6,798.4,4.2765,-4.9967,90.0,E4F4,5,78.36,583.77,1,7
74,sybil_22,983.6,798.4,2.0875,-16.6362,90.0,E4F4,5,78.36,583.77,1,7
74,sybil_23,983.6,798.4,8.385,-4.9188,90.0,E4F4,5,78.36,583.77,1,7
74,sybil_24,801.6,155.73,13.7636,-2.3719,0.0,E0E1,5,62.76,619.19,1,8
74,sybil_25,801.6,155.73,9.4319,-1.8669,0.0,E0E1,5,62.76,619.19,1,8
74,sybil_26,801.6,155.73,8.4477,-8.1962,0.0,E0E1,5,62.76,619.19,1,8
74,sybil_27,801.6,81.54,6.7705,-7.9682,0.0,E0E1,5,64.36,668.22,1,9
74,sybil_28,801.6,81.54,29.0769,21.8754,0.0,E0E1,5,64.36,668.22,1,9
74,sybil_29,801.6,81.54,12.7126,5.1545,0.0,E0E1,5,64.36,668.22,1,9
74,sybil_3,66.5,401.6,0.0,-13.8156,270.0,B2A2,11,93.29,679.01,1,1
74,sybil_4,66.5,401.6,19.2122,19.2122,270.0,B2A2,11,93.29,679.01,1,1
74,sybil_5,66.5,401.6,2.8016,1.0457,270.0,B2A2,11,93.29,679.01,1,1
74,sybil_6,198.4,13.19,5.3946,-8.0142,180.0,B1B0,2,117.26,791.53,1,2
74,sybil_7,198.4,13.19,13.9315,5.3512,180.0,B1B0,2,117.26,791.53,1,2
74,sybil_8,198.4,13.19,21.9041,8.734,180.0,B1B0,2,117.26,791.53,1,2
74,sybil_9,157.25,198.4,16.2494,3.1389,180.0,B1B0,3,78.73,696.73,1,3
75,legit_1,228.83,198.4,12.0707,1.6295,90.0,B1C1,3,111.18,659.53,0,-1
75,legit_10,227.54,601.6,12.6786,-1.0387,270.0,C3B3,1,77.56,551.07,0,-1
75,legit_11,-1.6,112.83,12.8721,-0.1001,180.0,A1A0,0,151.77,846.76,0,-1
75,legit_12,422.7,798.4,5.4229,1.8924,90.0,C4D4,0,49.76,500.6,0,-1
75,legit_2,598.4,234.84,13.5254,0.9655,180.0,D2D1,1,187.65,548.35,0,-1
75,legit_3,562.49,1001.6,12.1196,-0.743,270.0,D5C5,0,137.11,569.09,0,-1
75,legit_4,598.4,359.63,12.2731,-1.067,180.0,D2D1,1,148.4,493.27,0,-1
75,legit_5,292.8,601.6,12.5409,-0.1292,270.0,C3B3,1,142.81,519.94,0,-1
75,legit_6,198.4,939.84,13.1702,-0.5725,180.0,B5B4,0,110.96,644.63,0,-1
75,legit_7,398.4,392.4,13.5292,0.0797,180.0,C2C1,0,60.93,510.3,0,-1
75,legit_8,894.88,601.6,13.8897,1.2229,270.0,F3E3,0,144.89,514.55,0,-1
75,legit_9,409.52,998.4,4.7138,-0.6096,84.76,C5D5,0,91.09,589.85,0,-1
75,sybil_0,1.6,469.9,16.2946,1.645,0.0,A2A3,5,184.66,715.4,1,0
75,sybil_1,1.6,469.9,0.0,0.0,333.91,:A2_3,5,184.66,715.4,1,0
75,sybil_10,167.85,198.4,0.0,-18.6683,90.0,A1B1,3,80.41,690.76,1,3
75,sybil_11,167.85,198.4,21.9174,14.5583,90.0,A1B1,3,80.41,690.76,1,3
75,sybil_12,185.54,401.6,11.8032,8.8867,270.0,B2A2,8,54.71,600.3,1,4
75,sybil_13,185.54,401.6,0.0,-23.4494,90.0,A2B2,8,54.71,600.3,1,4
75,sybil_14,185.54,401.6,1.4561,-1.2285,90.0,A2B2,8,54.71,600.3,1,4
75,sybil_15,169.64,398.4,7.1288,-3.4017,90.0,A2B2,8,43.13,610.11,1,5
75,sybil_16,169.64,398.4,0.0,-17.3309,90.0,A2B2,8,43.13,610.11,1,5
75,sybil_17,169.64,398.4,17.1039,7.8881,90.0,A2B2,8,43.13,610.11,1,5
75,sybil_18,916.68,801.6,14.1386,2.6782,270.0,F4E4,5,138.74,552.55,1,6
75,sybil_19,916.68,801.6,9.2168,9.2168,270.0,F4E4,5,138.74,552.55,1,6
75,sybil_2,1.6,469.9,16.4845,5.0191,270.0,B2A2,5,184.66,715.4,1,0
75,sybil_20,916.68,801.6,0.0,-6.4423,310.22,F4E4,5,138.74,552.55,1,6
75,sybil_21,988.03,798.4,3.884,-0.3925,90.0,E4F4,5,74.64,586.07,1,7
75,sybil_22,988.03,798.4,9.4578,7.3703,90.0,E4F4,5,74.64,586.07,1,7
75,sybil_23,988.03,798.4,16.0909,7.7059,90.0,E4F4,5,74.64,586.07,1,7
75,sybil_24,801.6,167.75,6.3967,-7.3669,0.0,E0E1,5,70.3,612.07,1,8
75,sybil_25,801.6,167.75,1.1745,-8.2573,0.0,E0E1,5,70.3,612.07,1,8
75,sybil_26,801.6,167.75,17.9161,9.4684,0.0,E0E1,5,70.3,612.07,1,8
75,sybil_27,801.6,94.48,6.2705,-0.4999,0.0,E0E1,5,57.57,659.03,1,9
75,sybil_28,801.6,94.48,19.536,-9.5409,0.0,E0E1,5,57.57,659.03,1,9
75,sybil_29,801.6,94.48,17.062,4.3494,0.0,E0E1,5,57.57,659.03,1,9
75,sybil_3,54.5,401.6,25.5904,25.5904,270.0,B2A2,11,104.16,687.96,1,1
75,sybil_4,54.5,401.6,9.3489,-9.8634,270.0,B2A2,11,104.16,687.96,1,1
75,sybil_5,54.5,401.6,16.586,13.7844,270.0,B2A2,11,104.16,687.96,1,1
75,sybil_6,198.4,8.65,0.0,-5.3946,180.0,B1B0,2,121.41,794.86,1,2
75,sybil_7,198.4,8.65,8.8792,-5.0523,180.0,B1B0,2,121.41,794.86,1,2
75,sybil_8,198.4,8.65,3.2154,-18.6887,180.0,B1B0,2,121.41,794.86,1,2
75,sybil_9,167.85,198.4,1.6502,-14.5992,180.0,B1B0,3,80.41,690.76,1,3
76,legit_1,241.76,198.4,12.9289,0.8582,90.0,B1C1,3,120.69,653.5,0,-1
76,legit_10,217.17,601.6,10.3748,-2.3038,270.0,C3B3,1,67.19,556.41,0,-1
76,legit_11,-1.6,99.71,13.1269,0.2548,180.0,A1A0,0,152.95,854.1,0,-1
76,legit_12,430.41,798.4,7.7152,2.2923,90.0,C4D4,0,45.98,498.54,0,-1
76,legit_2,598.4,221.36,13.4827,-0.0427,180.0,D2D1,1,179.71,555.54,0,-1
76,legit_3,550.51,1001.6,11.9752,-0.1444,270.0,D5C5,1,127.47,569.67,0,-1
76,legit_4,598.4,346.44,13.1877,0.9146,180.0,D2D1,1,149.02,498.04,0,-1
76,legit_5,280.01,601.6,12.7837,0.2428,270.0,C3B3,1,130.02,525.69,0,-1
76,legit_6,198.4,927.16,12.6802,-0.49,180.0,B5B4,0,99.7,638.95,0,-1
76,legit_7,398.4,379.68,12.7171,-0.8121,180.0,C2C1,0,55.23,514.05,0,-1
76,legit_8,881.93,601.6,12.953,-0.9367,270.0,F3E3,0,131.94,509.06,0,-1
76,legit_9,415.68,998.4,6.1552,1.4415,90.0,C5D5,1,88.52,588.23,0,-1
76,sybil_0,1.6,481.39,0.0,-16.2946,0.0,A2A3,5,189.98,713.68,1,0
76,sybil_1,1.6,481.39,0.0,0.0,357.88,A2A3,5,189.98,713.68,1,0
76,sybil_10,178.62,198.4,6.0816,6.0816,90.0,A1B1,3,83.46,684.88,1,3
76,sybil_11,178.62,198.4,6.9743,-14.9432,90.0,A1B1,3,83.46,684.88,1,3
76,sybil_12,179.47,401.6,4.7981,-7.0051,270.0,B2A2,8,50.98,603.71,1,4
76,sybil_13,179.47,401.6,8.2804,8.2804,72.87,:B2_15,8,50.98,603.71,1,4
76,sybil_14,179.47,401.6,11.2623,9.8061,90.0,A2B2,8,50.98,603.71,1,4
76,sybil_15,171.73,398.4,0.0,-7.1288,90.0,A2B2,8,44.12,608.9,1,5
76,sybil_16,171.73,398.4,1.8734,1.8734,90.0,A2B2,8,44.12,608.9,1,5
76,sybil_17,171.73,398.4,4.7484,-12.3555,90.0,A2B2,8,44.12,608.9,1,5
76,sybil_18,904.06,801.6,5.9221,-8.2165,270.0,F4E4,5,150.91,547.03,1,6
76,sybil_19,904.06,801.6,9.0496,-0.1671,270.0,F4E4,5,150.91,547.03,1,6
76,sybil_2,1.6,481.39,8.4168,-8.0676,270.0,B2A2,5,189.98,713.68,1,0
76,sybil_20,904.06,801.6,19.0902,19.0902,270.0,F4E4,5,150.91,547.03,1,6
76,sybil_21,990.97,798.4,0.0,-3.884,90.0,E4F4,5,72.21,587.61,1,7
76,sybil_22,990.97,798.4,2.0783,-7.3795,90.0,E4F4,5,72.21,587.61,1,7
76,sybil_23,990.97,798.4,19.7335,3.6426,90.0,E4F4,5,72.21,587.61,1,7
76,sybil_24,801.6,178.92,16.0202,9.6235,0.0,E0E1,5,78.32,605.61,1,8
76,sybil_25,801.6,178.92,6.6047,5.4302,0.0,E0E1,5,78.32,605.61,1,8
76,sybil_26,801.6,178.92,16.6955,-1.2206,0.0,E0E1,5,78.32,605.61,1,8
76,sybil_27,801.6,107.15,14.8127,8.5422,0.0,E0E1,5,53.18,650.27,1,9
76,sybil_28,801.6,107.15,21.7076,2.1717,0.0,E0E1,5,53.18,650.27,1,9
76,sybil_29,801.6,107.15,13.6828,-3.3792,0.0,E0E1,5,53.18,650.27,1,9
76,sybil_3,42.11,401.6,13.5266,-12.0638,270.0,B2A2,11,115.63,697.34,1,1
76,sybil_4,42.11,401.6,15.2931,5.9443,270.0,B2A2,11,115.63,697.34,1,1
76,sybil_5,42.11,401.6,17.8288,1.2428,270.0,B2A2,11,115.63,697.34,1,1
76,sybil_6,196.94,2.97,16.6198,16.6198,197.39,:B0_0,2,126.1,799.73,1,2
76,sybil_7,196.94,2.97,1.1395,-7.7397,180.0,B1B0,2,126.1,799.73,1,2
76,sybil_8,196.94,2.97,16.9968,13.7814,180.0,B1B0,2,126.1,799.73,1,2
76,sybil_9,178.62,198.4,7.0278,5.3775,180.0,B1B0,3,83.46,684.88,1,3
77,legit_1,254.78,198.4,13.0195,0.0906,90.0,B1C1,3,130.86,647.62,0,-1
77,legit_10,210.6,601.6,6.5652,-3.8096,270.0,C3B3,1,60.62,559.85,0,-1
77,legit_11,-1.6,87.35,12.3521,-0.7747,180.0,A1A0,0,155.08,861.17,0,-1
77,legit_12,440.69,798.4,10.2731,2.5579,90.0,C4D4,0,42.63,495.98,0,-1
77,legit_2,598.4,208.48,12.8787,-0.604,180.0,D2D1,1,172.78,562.63,0,-1
77,legit_3,538.8,1001.6,11.7145,-0.2607,270.0,D5C5,1,118.46,570.41,0,-1
77,legit_4,598.4,333.76,12.6806,-0.5071,180.0,D2D1,1,150.7,502.88,0,-1
77,legit_5,267.21,601.6,12.8062,0.0225,270.0,C3B3,1,117.22,531.63,0,-1
77,legit_6,198.4,913.94,13.2279,0.5477,180.0,B5B4,0,88.37,633.19,0,-1
77,legit_7,398.4,366.21,13.4778,0.7607,180.0,C2C1,0,51.97,518.33,0,-1
77,legit_8,868.65,601.6,13.2737,0.3207,270.0,F3E3,0,118.66,503.61,0,-1
77,legit_9,424.29,998.4,8.6069,2.4516,90.0,C5D5,1,85.56,586.07,0,-1
77,sybil_0,1.6,493.1,12.3109,12.3109,0.0,A2A3,5,182.89,712.08,1,0
77,sybil_1,1.6,493.1,19.3112,19.3112,0.0,A2A3,5,182.89,712.08,1,0
77,sybil_10,186.86,198.4,15.9359,9.8543,90.0,A1B1,3,86.63,680.48,1,3
77,sybil_11,186.86,198.4,11.6293,4.655,90.0,A1B1,3,86.63,680.48,1,3
77,sybil_12,171.92,401.6,18.4381,13.64,270.0,B2A2,8,47.02,608.04,1,4
77,sybil_13,171.92,401.6,0.766,-7.5144,10.99,:B2_15,8,47.02,608.04,1,4
77,sybil_14,171.92,401.6,3.2805,-7.9818,90.0,A2B2,8,47.02,608.04,1,4
77,sybil_15,176.36,398.4,6.4999,6.4999,90.0,A2B2,8,46.58,606.25,1,5
77,sybil_16,176.36,398.4,0.9378,-0.9355,90.0,A2B2,8,46.58,606.25,1,5
77,sybil_17,176.36,398.4,8.3043,3.5559,90.0,A2B2,8,46.58,606.25,1,5
77,sybil_18,891.3,801.6,15.6468,9.7247,270.0,F4E4,5,146.42,541.62,1,6
77,sybil_19,891.3,801.6,15.9785,6.9289,270.0,F4E4,5,146.42,541.62,1,6
77,sybil_2,1.6,493.1,0.0,-8.4168,272.76,:A2_3,5,182.89,712.08,1,0
77,sybil_20,891.3,801.6,11.7781,-7.3121,270.0,F4E4,5,146.42,541.62,1,6
77,sybil_21,993.28,798.72,0.0,0.0,86.28,:F4_8,5,70.15,588.9,1,7
77,sybil_22,993.28,798.72,2.417,0.3387,90.0,E4F4,5,70.15,588.9,1,7
77,sybil_23,993.28,798.72,16.2022,-3.5313,90.0,E4F4,5,70.15,588.9,1,7
77,sybil_24,801.6,189.11,5.9774,-10.0429,0.0,E0E1,5,86.25,599.84,1,8
77,sybil_25,801.6,189.11,2.4665,-4.1381,0.0,E0E1,5,86.25,599.84,1,8
77,sybil_26,801.6,189.11,9.0598,-7.6358,0.0,E0E1,5,86.25,599.84,1,8
77,sybil_27,801.6,119.23,20.2743,5.4615,0.0,E0E1,5,51.61,642.17,1,9
77,sybil_28,801.6,119.23,10.3078,-11.3998,0.0,E0E1,5,51.61,642.17,1,9
77,sybil_29,801.6,119.23,16.2353,2.5524,0.0,E0E1,5,51.61,642.17,1,9
77,sybil_3,30.48,401.6,0.0,-13.5266,270.0,B2A2,11,126.55,706.25,1,1
77,sybil_4,30.48,401.6,11.6468,-3.6463,270.0,B2A2,11,126.55,706.25,1,1
77,sybil_5,30.48,401.6,13.0748,-4.7539,270.0,B2A2,11,126.55,706.25,1,1
77,sybil_6,192.08,1.6,2.5313,-14.0884,254.84,B0A0,2,125.65,803.02,1,2
77,sybil_7,192.08,1.6,0.1236,-1.0159,180.0,B1B0,2,125.65,803.02,1,2
77,sybil_8,192.08,1.6,8.0094,-8.9874,180.0,B1B0,2,125.65,803.02,1,2
77,sybil_9,186.86,198.4,13.587,6.5592,180.0,B1B0,3,86.63,680.48,1,3
78,legit_1,267.84,198.4,13.06,0.0405,90.0,B1C1,3,141.54,641.9,0,-1
78,legit_10,207.12,601.54,3.5025,-3.0628,269.36,:B3_7,1,57.14,561.7,0,-1
78,legit_11,-1.6,74.29,13.0631,0.7109,180.0,A1A0,0,158.34,868.8,0,-1
78,legit_12,453.17,798.4,12.4808,2.2077,90.0,C4D4,0,41.72,493.19,0,-1
78,legit_13,998.4,587.7,0.0,0.0,180.0,F3F2,1,53.05,564.78,0,-1
78,legit_2,598.4,195.8,12.6787,-0.2,180.0,:D1_1,1,166.64,569.8,0,-1
78,legit_3,526.16,1001.6,12.6347,0.9202,270.0,D5C5,1,109.3,571.38,0,-1
78,legit_4,598.4,321.27,12.4914,-0.1891,180.0,D2D1,1,153.37,507.87,0,-1
78,legit_5,255.07,601.6,12.1357,-0.6705,270.0,C3B3,1,105.08,537.4,0,-1
78,legit_6,198.4,900.74,13.1981,-0.0298,180.0,B5B4,0,77.66,627.62,0,-1
78,legit_7,398.4,353.09,13.1118,-0.366,180.0,C2C1,0,52.06,522.84,0,-1
78,legit_8,855.17,601.6,13.4825,0.2088,270.0,F3E3,1,105.18,498.28,0,-1
78,legit_9,434.75,998.4,10.4677,1.8609,90.0,C5D5,1,83.01,583.59,0,-1
78,sybil_0,1.6,504.62,1.0882,-11.2227,0.0,A2A3,5,176.41,710.66,1,0
78,sybil_1,1.6,504.62,20.3549,1.0437,0.0,A2A3,5,176.41,710.66,1,0
78,sybil_10,191.44,198.4,23.2973,7.3614,90.0,A1B1,3,88.68,678.09,1,3
78,sybil_11,191.44,198.4,8.0131,-3.6162,90.0,A1B1,3,88.68,678.09,1,3
78,sybil_12,162.09,401.6,0.0,-18.4381,270.0,B2A2,8,43.32,613.82,1,4
78,sybil_13,162.09,401.6,5.6663,4.9002,287.71,B2A2,8,43.32,613.82,1,4
78,sybil_14,162.09,401.6,0.0,-3.2805,90.0,A2B2,8,43.32,613.82,1,4
78,sybil_15,178.66,398.4,10.4104,3.9105,90.0,A2B2,5,47.92,604.94,1,5
78,sybil_16,178.66,398.4,3.0813,2.1435,90.0,A2B2,5,47.92,604.94,1,5
78,sybil_17,178.66,398.4,4.8741,-3.4302,90.0,A2B2,5,47.92,604.94,1,5
78,sybil_18,878.64,801.6,4.0302,-11.6165,270.0,F4E4,5,134.25,536.42,1,6
78,sybil_19,878.64,801.6,17.2096,1.231,270.0,F4E4,5,134.25,536.42,1,6
78,sybil_2,1.6,504.62,0.0,0.0,311.66,:A2_3,5,176.41,710.66,1,0
78,sybil_20,878.64,801.6,14.7539,2.9758,270.0,F4E4,5,134.25,536.42,1,6
78,sybil_21,993.4,801.2,4.5306,4.5306,30.58,:F4_8,5,68.62,589.6,1,7
78,sybil_22,993.4,801.2,7.4264,5.0095,90.0,E4F4,5,68.62,589.6,1,7
78,sybil_23,993.4,801.2,15.4016,-0.8006,90.0,E4F4,5,68.62,589.6,1,7
78,sybil_24,801.29,194.96,14.1161,8.1387,356.45,:E1_10,5,90.83,596.49,1,8
78,sybil_25,801.29,194.96,8.2103,5.7437,0.0,E0E1,5,90.83,596.49,1,8
78,sybil_26,801.29,194.96,6.2586,-2.8011,0.0,E0E1,5,90.83,596.49,1,8
78,sybil_27,801.6,132.5,18.652,-1.6223,0.0,E0E1,5,53.09,633.56,1,9
78,sybil_28,801.6,132.5,15.7306,5.4228,0.0,E0E1,5,53.09,633.56,1,9
78,sybil_29,801.6,132.5,7.5537,-8.6815,0.0,E0E1,5,53.09,633.56,1,9
78,sybil_3,20.75,401.6,13.6552,13.6552,270.0,B2A2,8,135.78,713.78,1,1
78,sybil_4,20.75,401.6,7.8627,-3.7841,270.0,B2A2,8,135.78,713.78,1,1
78,sybil_5,20.75,401.6,16.4402,3.3654,270.0,B2A2,8,135.78,713.78,1,1
78,sybil_6,185.56,1.6,9.0432,6.5118,270.0,B0A0,2,123.63,806.1,1,2
78,sybil_7,185.56,1.6,0.8861,0.7626,180.0,B1B0,2,123.63,806.1,1,2
78,sybil_8,185.56,1.6,1.8152,-6.1941,180.0,B1B0,2,123.63,806.1,1,2
78,sybil_9,191.44,198.4,22.9668,9.3798,180.0,B1B0,3,88.68,678.09,1,3
79,legit_1,281.11,198.4,13.268,0.2081,90.0,B1C1,3,152.76,636.27,0,-1
79,legit_10,206.15,599.1,3.304,-0.1984,226.7,:B3_7,1,56.15,562.21,0,-1
79,legit_11,-1.6,62.22,12.0729,-0.9902,180.0,A1A0,0,162.24,875.99,0,-1
79,legit_12,466.06,798.4,12.8961,0.4154,90.0,C4D4,0,44.59,490.69,0,-1
79,legit_13,998.4,585.89,1.8143,1.8143,180.0,F3F2,0,53.5,564.83,0,-1
79,legit_2,598.4,182.86,12.9446,0.2659,180.0,D1D0,1,161.16,577.34,0,-1
79,legit_3,514.17,1001.6,11.9952,-0.6395,270.0,D5C5,1,101.31,572.5,0,-1
79,legit_4,598.4,308.75,12.5157,0.0243,180.0,D2D1,1,157.0,513.1,0,-1
79,legit_5,242.67,601.6,12.4051,0.2694,270.0,C3B3,1,92.68,543.47,0,-1
79,legit_6,198.4,888.15,12.5903,-0.6077,180.0,B5B4,0,68.27,622.5,0,-1
79,legit_7,398.4,339.48,13.617,0.5052,180.0,C2C1,0,55.53,527.88,0,-1
79,legit_8,841.6,601.6,13.5674,0.0849,270.0,F3E3,0,91.62,493.1,0,-1
79,legit_9,446.97,998.4,12.2111,1.7434,90.0,C5D5,1,81.66,580.94,0,-1
79,sybil_0,1.6,516.47,23.2359,22.1477,0.0,A2A3,5,170.29,709.37,1,0
79,sybil_1,1.6,516.47,11.5115,-8.8434,0.0,A2A3,5,170.29,709.37,1,0
79,sybil_10,195.57,197.86,13.3591,-9.9382,96.26,:B1_12,3,90.21,676.23,1,3
79,sybil_11,195.57,197.86,6.2024,-1.8106,90.0,A1B1,3,90.21,676.23,1,3
79,sybil_12,150.8,401.6,7.6263,7.6263,270.0,B2A2,8,41.61,620.7,1,4
79,sybil_13,150.8,401.6,0.0,-5.6663,270.0,B2A2,8,41.61,620.7,1,4
79,sybil_14,150.8,401.6,0.0,0.0,90.0,A2B2,8,41.61,620.7,1,4
79,sybil_15,181.02,398.4,0.0,-10.4104,90.0,A2B2,5,49.36,603.61,1,5
79,sybil_16,181.02,398.4,1.4037,-1.6776,90.0,A2B2,5,49.36,603.61,1,5
79,sybil_17,181.02,398.4,0.0,-4.8741,90.0,A2B2,5,49.36,603.61,1,5
79,sybil_18,866.01,801.6,23.1209,19.0906,270.0,F4E4,5,122.2,531.41,1,6
79,sybil_19,866.01,801.6,0.5149,-16.6946,270.0,F4E4,5,122.2,531.41,1,6
79,sybil_2,1.6,516.47,17.7358,17.7358,357.12,A2A3,5,170.29,709.37,1,0
79,sybil_20,866.01,801.6,11.7947,-2.9592,270.0,F4E4,5,122.2,531.41,1,6
79,sybil_21,991.1,801.6,5.4808,0.9502,310.55,F4E4,5,70.32,588.49,1,7
79,sybil_22,991.1,801.6,6.5284,-0.898,90.0,E4F4,5,70.32,588.49,1,7
79,sybil_23,991.1,801.6,6.5312,-8.8704,90.0,E4F4,5,70.32,588.49,1,7
79,sybil_24,798.08,200.19,0.0,-14.1161,321.61,:E1_18,5,93.5,592.71,1,8
79,sybil_25,798.08,200.19,2.2242,-5.9861,0.0,E0E1,5,93.5,592.71,1,8
79,sybil_26,798.08,200.19,2.4274,-3.8312,0.0,E0E1,5,93.5,592.71,1,8
79,sybil_27,801.6,145.64,6.5841,-12.0678,0.0,E0E1,5,57.62,625.33,1,9
79,sybil_28,801.6,145.64,15.6739,-0.0566,0.0,E0E1,5,57.62,625.33,1,9
79,sybil_29,801.6,145.64,20.3424,12.7887,0.0,E0E1,5,57.62,625.33,1,9
79,sybil_3,12.08,401.6,5.0287,-8.6265,270.0,B2A2,8,144.06,720.54,1,1
79,sybil_4,12.08,401.6,12.4331,4.5704,270.0,B2A2,8,144.06,720.54,1,1
79,sybil_5,12.08,401.6,5.3852,-11.055,270.0,B2A2,8,144.06,720.54,1,1
79,sybil_6,176.59,1.6,22.3225,13.2793,270.0,B0A0,2,121.35,810.42,1,2
79,sybil_7,176.59,1.6,2.4174,1.5312,198.3,:B0_0,2,121.35,810.42,1,2
79,sybil_8,176.59,1.6,0.0,-1.8152,180.0,B1B0,2,121.35,810.42,1,2
79,sybil_9,195.57,197.86,2.937,-20.0298,180.0,B1B0,3,90.21,676.23,1,3
80,legit_1,294.39,198.4,13.2825,0.0145,90.0,B1C1,3,164.3,630.81,0,-1
80,legit_10,208.5,598.4,2.5681,-0.7359,141.56,B3C3,1,58.52,560.96,0,-1
80,legit_11,-1.6,49.48,12.7376,0.6647,180.0,A1A0,0,167.2,883.72,0,-1
80,legit_12,479.75,798.4,13.6832,0.787,90.0,C4D4,0,51.14,488.42,0,-1
80,legit_13,998.4,581.97,3.9181,2.1038,180.0,F3F2,0,54.66,564.95,0,-1
80,legit_2,598.4,169.26,13.5989,0.6544,180.0,D1D0,1,156.36,585.49,0,-1
80,legit_3,501.79,1001.6,12.3753,0.3801,270.0,D5C5,1,93.96,573.85,0,-1
80,legit_4,598.4,296.48,12.2767,-0.239,180.0,D2D1,1,161.42,518.45,0,-1
80,legit_5,230.89,601.6,11.7739,-0.6312,270.0,C3B3,1,80.91,549.36,0,-1
80,legit_6,198.4,875.39,12.7545,0.1642,180.0,B5B4,0,59.96,617.52,0,-1
80,legit_7,398.4,326.41,13.062,-0.555,180.0,C2C1,0,61.57,533.02,0,-1
80,legit_8,828.39,601.6,13.2161,-0.3513,270.0,F3E3,0,78.4,488.25,0,-1
80,legit_9,458.97,998.4,12.0075,-0.2036,90.0,C5D5,1,82.09,578.57,0,-1
80,sybil_0,1.6,528.38,19.1335,-4.1024,0.0,A2A3,5,164.78,708.24,1,0
80,sybil_1,1.6,528.38,17.718,6.2065,0.0,A2A3,5,164.78,708.24,1,0
80,sybil_10,198.14,194.61,18.9513,5.5922,137.77,:B1_12,3,88.79,676.58,1,3
80,sybil_11,198.14,194.61,12.9835,6.7811,90.0,A1B1,3,88.79,676.58,1,3
80,sybil_12,139.07,401.6,10.1311,2.5048,270.0,B2A2,8,43.01,628.15,1,4
80,sybil_13,139.07,401.6,11.7411,11.7411,270.0,B2A2,8,43.01,628.15,1,4
80,sybil_14,139.07,401.6,6.2193,6.2193,55.14,:B2_15,8,43.01,628.15,1,4
80,sybil_15,184.38,398.4,0.0,0.0,90.0,A2B2,5,51.54,601.73,1,5
80,sybil_16,184.38,398.4,0.0,-1.4037,90.0,A2B2,5,51.54,601.73,1,5
80,sybil_17,184.38,398.4,11.7531,11.7531,90.0,A2B2,5,51.54,601.73,1,5
80,sybil_18,852.47,801.6,12.4358,-10.685,270.0,F4E4,5,109.43,526.22,1,6
80,sybil_19,852.47,801.6,1.0847,0.5698,270.0,F4E4,5,109.43,526.22,1,6
80,sybil_2,1.6,528.38,10.0771,-7.6587,0.0,A2A3,5,164.78,708.24,1,0
80,sybil_20,852.47,801.6,7.0094,-4.7854,270.0,F4E4,5,109.43,526.22,1,6
80,sybil_21,987.19,801.6,2.974,-2.5068,270.0,F4E4,5,73.62,586.46,1,7
80,sybil_22,987.19,801.6,6.0305,-0.498,90.0,E4F4,5,73.62,586.46,1,7
80,sybil_23,987.19,801.6,0.0,-6.5312,90.0,E4F4,5,73.62,586.46,1,7
80,sybil_24,791.55,201.6,1.6808,1.6808,276.1,E1D1,5,91.57,590.14,1,8
80,sybil_25,791.55,201.6,2.4279,0.2037,0.0,E0E1,5,91.57,590.14,1,8
80,sybil_26,791.55,201.6,8.7995,6.3721,0.0,E0E1,5,91.57,590.14,1,8
80,sybil_27,801.6,158.24,18.7972,12.2131,0.0,E0E1,5,64.23,617.69,1,9
80,sybil_28,801.6,158.24,13.7899,-1.8841,0.0,E0E1,5,64.23,617.69,1,9
80,sybil_29,801.6,158.24,11.0319,-9.3106,0.0,E0E1,5,64.23,617.69,1,9
80,sybil_3,7.91,401.6,11.2934,6.2648,270.0,B2A2,8,148.06,723.81,1,1
80,sybil_4,7.91,401.6,1.0591,-11.374,270.0,B2A2,8,148.06,723.81,1,1
80,sybil_5,7.91,401.6,3.8623,-1.5229,270.0,B2A2,8,148.06,723.81,1,1
80,sybil_6,165.17,1.6,0.0,-22.3225,270.0,B0A0,2,119.37,816.07,1,2
80,sybil_7,165.17,1.6,0.0,-2.4174,257.77,B0A0,2,119.37,816.07,1,2
80,sybil_8,165.17,1.6,20.3171,20.3171,180.0,B1B0,2,119.37,816.07,1,2
80,sybil_9,198.14,194.61,21.7518,18.8148,180.0,B1B0,3,88.79,676.58,1,3
81,legit_1,307.43,198.4,13.0363,-0.2462,90.0,B1C1,4,162.71,625.64,0,-1
81,legit_10,212.95,598.4,4.4479,1.8799,90.0,B3C3,1,62.97,558.62,0,-1
81,legit_11,-1.6,36.34,13.1437,0.4061,180.0,A1A0,0,173.15,891.84,0,-1
81,legit_12,492.39,798.4,12.6464,-1.0367,90.0,C4D4,0,59.4,486.62,0,-1
81,legit_13,998.4,576.34,5.6325,1.7144,180.0,F3F2,0,56.77,565.17,0,-1
81,legit_2,598.4,156.27,12.9933,-0.6057,180.0,D1D0,1,152.77,593.5,0,-1
81,legit_3,489.32,1001.6,12.4728,0.0975,270.0,D5C5,1,87.71,575.44,0,-1
81,legit_4,598.4,283.53,12.9485,0.6718,180.0,D2D1,1,166.95,524.32,0,-1
81,legit_5,218.78,601.6,12.1115,0.3376,270.0,C3B3,1,68.8,555.58,0,-1
81,legit_6,198.4,862.55,12.8469,0.0923,180.0,B5B4,0,53.39,612.73,0,-1
81,legit_7,398.4,312.99,13.4232,0.3612,180.0,C2C1,1,69.8,538.58,0,-1
81,legit_8,817.62,601.6,10.7621,-2.454,270.0,F3E3,0,67.64,484.44,0,-1
81,legit_9,470.32,998.4,11.3454,-0.662,90.0,C5D5,1,84.09,576.56,0,-1
81,sybil_0,1.6,540.2,6.1132,-13.0203,0.0,A2A3,5,160.0,707.28,1,0
81,sybil_1,1.6,540.2,17.8338,0.1157,0.0,A2A3,5,160.0,707.28,1,0
81,sybil_10,198.4,189.41,13.6643,-5.287,177.38,B1B0,3,84.62,679.15,1,3
81,sybil_11,198.4,189.41,0.0,-12.9835,90.0,A1B1,3,84.62,679.15,1,3
81,sybil_12,127.21,401.6,16.8833,6.7522,270.0,B2A2,8,47.43,635.95,1,4
81,sybil_13,127.21,401.6,6.2873,-5.4538,270.0,B2A2,8,47.43,635.95,1,4
81,sybil_14,127.21,401.6,14.9568,8.7375,337.88,B2A2,8,47.43,635.95,1,4
81,sybil_15,188.25,398.4,15.1182,15.1182,90.0,A2B2,5,54.2,599.59,1,5
81,sybil_16,188.25,398.4,7.367,7.367,90.0,A2B2,5,54.2,599.59,1,5
81,sybil_17,188.25,398.4,9.542,-2.211,90.0,A2B2,5,54.2,599.59,1,5
81,sybil_18,839.51,801.6,1.732,-10.7039,270.0,F4E4,5,97.4,521.45,1,6
81,sybil_19,839.51,801.6,12.2231,11.1384,270.0,F4E4,5,97.4,521.45,1,6
81,sybil_2,1.6,540.2,11.8412,1.7641,0.0,A2A3,5,160.0,707.28,1,0
81,sybil_20,839.51,801.6,6.0925,-0.9169,270.0,F4E4,5,97.4,521.45,1,6
81,sybil_21,981.18,801.6,0.0,-2.974,270.0,F4E4,5,78.81,583.35,1,7
81,sybil_22,981.18,801.6,14.8718,8.8413,64.51,:F4_8,5,78.81,583.35,1,7
81,sybil_23,981.18,801.6,0.0,0.0,90.0,E4F4,5,78.81,583.35,1,7
81,sybil_24,783.44,201.6,5.1591,3.4782,270.0,E1D1,5,88.19,588.01,1,8
81,sybil_25,783.44,201.6,0.0,-2.4279,354.99,:E1_10,5,88.19,588.01,1,8
81,sybil_26,783.44,201.6,0.0,-8.7995,0.0,E0E1,5,88.19,588.01,1,8
81,sybil_27,801.6,167.18,14.1613,-4.6359,0.0,E0E1,5,69.92,612.4,1,9
81,sybil_28,801.6,167.18,14.0086,0.2187,0.0,E0E1,5,69.92,612.4,1,9
81,sybil_29,801.6,167.18,9.5347,-1.4972,0.0,E0E1,5,69.92,612.4,1,9
81,sybil_3,3.47,402.72,4.7112,-6.5823,283.24,:A2_3,8,152.63,727.05,1,1
81,sybil_4,3.47,402.72,9.3481,8.289,270.0,B2A2,8,152.63,727.05,1,1
81,sybil_5,3.47,402.72,16.2232,12.3609,270.0,B2A2,8,152.63,727.05,1,1
81,sybil_6,152.16,1.6,9.9155,9.9155,270.0,B0A0,2,118.42,822.68,1,2
81,sybil_7,152.16,1.6,7.888,7.888,270.0,B0A0,2,118.42,822.68,1,2
81,sybil_8,152.16,1.6,0.0,-20.3171,180.0,B1B0,2,118.42,822.68,1,2
81,sybil_9,198.4,189.41,10.8899,-10.8619,180.0,B1B0,3,84.62,679.15,1,3
82,legit_1,320.04,198.4,12.6159,-0.4205,90.0,B1C1,4,151.78,620.79,0,-1
82,legit_10,219.34,598.4,6.3892,1.9413,90.0,B3C3,1,69.36,555.29,0,-1
82,legit_11,-1.6,24.32,12.0168,-1.1269,180.0,A1A0,3,179.27,899.39,0,-1
82,legit_12,506.25,798.4,13.8512,1.2048,90.0,C4D4,0,69.96,484.93,0,-1
82,legit_13,998.4,569.01,7.3294,1.6969,180.0,F3F2,0,60.19,565.53,0,-1
82,legit_2,598.4,142.99,13.2773,0.2841,180.0,D1D0,1,150.17,601.92,0,-1
82,legit_3,476.91,1001.6,12.4146,-0.0582,270.0,D5C5,1,82.89,577.26,0,-1
82,legit_4,598.4,270.76,12.7626,-0.186,180.0,D2D1,1,173.16,530.32,0,-1
82,legit_5,211.17,601.6,7.6115,-4.5,270.0,C3B3,1,61.19,559.56,0,-1
82,legit_6,198.4,849.0,13.5495,0.7027,180.0,B5B4,0,49.23,607.99,0,-1
82,legit_7,398.4,299.1,13.8881,0.4649,180.0,C2C1,1,79.82,544.59,0,-1
82,legit_8,810.25,601.6,7.3698,-3.3924,270.0,F3E3,0,60.28,481.91,0,-1
82,legit_9,481.99,998.4,11.6735,0.328,90.0,C5D5,1,87.65,574.71,0,-1
82,sybil_0,1.6,551.78,13.4907,7.3775,0.0,A2A3,5,156.04,706.5,1,0
82,sybil_1,1.6,551.78,0.0,-17.8338,0.0,A2A3,5,156.04,706.5,1,0
82,sybil_10,198.4,181.67,0.0,-13.6643,180.0,B1B0,3,78.39,683.22,1,3
82,sybil_11,198.4,181.67,3.8798,3.8798,100.76,:B1_12,3,78.39,683.22,1,3
82,sybil_12,115.91,401.6,18.5443,1.6609,270.0,B2A2,8,53.79,643.62,1,4
82,sybil_13,115.91,401.6,9.9399,3.6526,270.0,B2A2,8,53.79,643.62,1,4
82,sybil_14,115.91,401.6,3.1852,-11.7716,270.86,B2A2,8,53.79,643.62,1,4
82,sybil_15,190.43,398.4,0.0,-15.1182,90.0,A2B2,5,55.76,598.39,1,5
82,sybil_16,190.43,398.4,0.0,-7.367,90.0,A2B2,5,55.76,598.39,1,5
82,sybil_17,190.43,398.4,9.2673,-0.2747,90.0,A2B2,5,55.76,598.39,1,5
82,sybil_18,826.81,801.6,9.4736,7.7416,270.0,F4E4,5,85.87,516.96,1,6
82,sybil_19,826.81,801.6,16.0975,3.8744,270.0,F4E4,5,85.87,516.96,1,6
82,sybil_2,1.6,551.78,0.0,-11.8412,0.0,A2A3,5,156.04,706.5,1,0
82,sybil_20,826.81,801.6,7.9323,1.8398,270.0,F4E4,5,85.87,516.96,1,6
82,sybil_21,973.16,801.6,15.2839,15.2839,270.0,F4E4,5,85.9,579.28,1,7
82,sybil_22,973.16,801.6,0.0,-14.8718,331.15,F4E4,5,85.9,579.28,1,7
82,sybil_23,973.16,801.6,10.9626,10.9626,90.0,E4F4,5,85.9,579.28,1,7
82,sybil_24,773.67,201.6,4.4846,-0.6745,270.0,E1D1,5,84.96,585.57,1,8
82,sybil_25,773.67,201.6,0.0,0.0,321.5,:E1_18,5,84.96,585.57,1,8
82,sybil_26,773.67,201.6,12.3387,12.3387,0.0,E0E1,5,84.96,585.57,1,8
82,sybil_27,801.6,174.64,6.9123,-7.249,0.0,E0E1,5,75.15,608.07,1,9
82,sybil_28,801.6,174.64,12.0944,-1.9141,0.0,E0E1,5,75.15,608.07,1,9
82,sybil_29,801.6,174.64,14.0888,4.5541,0.0,E0E1,5,75.15,608.07,1,9
82,sybil_3,1.6,407.2,14.461,9.7499,337.84,A2A3,8,155.73,727.48,1,1
82,sybil_4,1.6,407.2,10.1757,0.8277,270.0,B2A2,8,155.73,727.48,1,1
82,sybil_5,1.6,407.2,1.6604,-14.5628,270.0,B2A2,8,155.73,727.48,1,1
82,sybil_6,139.44,1.6,12.9551,3.0397,270.0,B0A0,3,118.87,829.33,1,2
82,sybil_7,139.44,1.6,16.9738,9.0858,270.0,B0A0,3,118.87,829.33,1,2
82,sybil_8,139.44,1.6,6.8573,6.8573,193.13,:B0_0,3,118.87,829.33,1,2
82,sybil_9,198.4,181.67,0.0,-10.8899,180.0,B1B0,3,78.39,683.22,1,3
83,legit_1,333.67,198.4,13.6336,1.0177,90.0,B1C1,4,140.28,615.74,0,-1
83,legit_10,228.16,598.4,8.8165,2.4273,90.0,B3C3,1,78.17,550.75,0,-1
83,legit_11,-1.6,12.62,11.6975,-0.3193,180.0,A1A0,3,185.78,906.85,0,-1
83,legit_12,519.24,798.4,12.9994,-0.8518,90.0,C4D4,0,80.78,483.59,0,-1
83,legit_13,998.4,560.15,8.8585,1.5291,180.0,F3F2,0,65.2,566.08,0,-1
83,legit_2,598.4,129.35,13.6382,0.3609,180.0,D1D0,1,148.69,610.8,0,-1
83,legit_3,464.62,1001.6,12.2822,-0.1324,270.0,D5C5,1,79.75,579.3,0,-1
83,legit_4,598.4,257.62,13.144,0.3814,180.0,D2D1,1,180.29,536.73,0,-1
83,legit_5,203.99,601.14,7.2104,-0.4011,264.73,:B3_6,1,54.0,563.36,0,-1
83,legit_6,198.4,836.12,12.8753,-0.6743,180.0,B5B4,0,48.56,603.8,0,-1
83,legit_7,398.4,286.42,12.6848,-1.2033,180.0,C2C1,1,89.87,550.29,0,-1
83,legit_8,800.41,601.6,9.8444,2.4746,270.0,:E3_5,0,50.44,478.62,0,-1
83,legit_9,493.38,998.4,11.3842,-0.2893,90.0,C5D5,1,92.41,573.12,0,-1
83,sybil_0,1.6,562.85,1.7932,-11.6975,0.0,A2A3,5,152.98,705.91,1,0
83,sybil_1,1.6,562.85,3.662,3.662,0.0,A2A3,5,152.98,705.91,1,0
83,sybil_10,198.4,171.66,19.3885,19.3885,180.0,B1B0,3,70.79,688.57,1,3
83,sybil_11,198.4,171.66,17.3862,13.5063,166.52,B1B0,3,70.79,688.57,1,3
83,sybil_12,104.37,401.6,3.6573,-14.887,270.0,B2A2,8,61.75,651.63,1,4
83,sybil_13,104.37,401.6,8.9137,-1.0262,270.0,B2A2,8,61.75,651.63,1,4
83,sybil_14,104.37,401.6,0.0,-3.1852,270.0,B2A2,8,61.75,651.63,1,4
83,sybil_15,193.71,399.01,7.2135,7.2135,82.8,:B2_15,5,58.59,596.45,1,5
83,sybil_16,193.71,399.01,2.0565,2.0565,90.0,A2B2,5,58.59,596.45,1,5
83,sybil_17,193.71,399.01,0.0,-9.2673,90.0,A2B2,5,58.59,596.45,1,5
83,sybil_18,816.75,801.6,5.8617,-3.6119,270.0,F4E4,5,77.01,513.54,1,6
83,sybil_19,816.75,801.6,19.1281,3.0306,270.0,F4E4,5,77.01,513.54,1,6
83,sybil_2,1.6,562.85,0.0,0.0,0.0,A2A3,5,152.98,705.91,1,0
83,sybil_20,816.75,801.6,8.402,0.4697,270.0,F4E4,5,77.01,513.54,1,6
83,sybil_21,962.8,801.6,2.9344,-12.3495,270.0,F4E4,5,95.28,574.13,1,7
83,sybil_22,962.8,801.6,14.0674,14.0674,270.0,F4E4,5,95.28,574.13,1,7
83,sybil_23,962.8,801.6,3.2497,-7.7129,90.0,E4F4,5,95.28,574.13,1,7
83,sybil_24,762.1,201.6,15.2351,10.7506,270.0,E1D1,5,82.49,582.88,1,8
83,sybil_25,762.1,201.6,17.979,17.979,278.29,E1D1,5,82.49,582.88,1,8
83,sybil_26,762.1,201.6,8.8171,-3.5216,359.22,:E1_10,5,82.49,582.88,1,8
83,sybil_27,801.6,178.7,12.061,5.1487,0.0,E0E1,5,78.16,605.73,1,9
83,sybil_28,801.6,178.7,18.1514,6.0569,0.0,E0E1,5,78.16,605.73,1,9
83,sybil_29,801.6,178.7,0.0,-14.0888,0.0,E0E1,5,78.16,605.73,1,9
83,sybil_3,1.6,414.78,10.463,-3.998,0.0,A2A3,8,158.19,725.78,1,1
83,sybil_4,1.6,414.78,0.0,-10.1757,270.0,B2A2,8,158.19,725.78,1,1
83,sybil_5,1.6,414.78,24.888,23.2276,270.0,B2A2,8,158.19,725.78,1,1
83,sybil_6,127.18,1.6,12.6838,-0.2714,270.0,B0A0,3,120.58,835.92,1,2
83,sybil_7,127.18,1.6,16.0517,-0.9221,270.0,B0A0,3,120.58,835.92,1,2
83,sybil_8,127.18,1.6,23.1053,16.248,260.24,B0A0,3,120.58,835.92,1,2
83,sybil_9,198.4,171.66,15.9023,15.9023,180.0,B1B0,3,70.79,688.57,1,3
84,legit_1,347.39,198.4,13.7171,0.0835,90.0,B1C1,2,129.13,610.87,0,-1
84,legit_10,238.76,598.4,10.6039,1.7874,90.0,B3C3,1,88.77,545.41,0,-1
84,legit_11,-1.6,3.22,9.3998,-2.2976,180.0,A1A0,3,191.36,912.92,0,-1
84,legit_12,532.7,798.4,13.4593,0.4599,90.0,C4D4,0,92.58,482.43,0,-1
84,legit_13,998.4,549.39,10.7551,1.8966,180.0,F3F2,0,72.28,566.9,0,-1
84,legit_14,201.6,212.3,0.0,0.0,0.0,B1B2,4,105.74,665.82,0,-1
84,legit_2,598.4,115.67,13.6748,0.0366,180.0,D1D0,1,148.46,619.95,0,-1
84,legit_3,452.16,1001.6,12.4593,0.1771,270.0,D5C5,1,78.43,581.64,0,-1
84,legit_4,598.4,245.06,12.5651,-0.5789,180.0,D2D1,1,187.71,543.06,0,-1
84,legit_5,198.91,596.39,7.3194,0.1089,218.35,:B3_6,1,49.05,566.1,0,-1
84,legit_6,198.4,822.63,13.4909,0.6156,180.0,B5B4,0,51.42,599.75,0,-1
84,legit_7,398.4,273.35,13.0671,0.3822,180.0,C2C1,1,100.85,556.36,0,-1
84,legit_8,789.04,601.6,11.3667,1.5223,270.0,E3D3,0,39.08,474.96,0,-1
84,legit_9,504.77,998.4,11.3949,0.0108,90.0,C5D5,1,98.28,571.72,0,-1
84,sybil_0,1.6,574.93,6.1388,4.3456,0.0,A2A3,2,150.5,705.44,1,0
84,sybil_1,1.6,574.93,0.0,-3.662,0.0,A2A3,2,150.5,705.44,1,0
84,sybil_10,198.4,160.22,20.8873,1.4988,180.0,B1B0,3,62.93,694.83,1,3
84,sybil_11,198.4,160.22,8.1908,-9.1954,180.0,B1B0,3,62.93,694.83,1,3
84,sybil_12,92.25,401.6,6.6336,2.9763,270.0,B2A2,8,71.17,660.23,1,4
84,sybil_13,92.25,401.6,16.5043,7.5906,270.0,B2A2,8,71.17,660.23,1,4
84,sybil_14,92.25,401.6,0.0,0.0,270.0,B2A2,8,71.17,660.23,1,4
84,sybil_15,193.22,401.32,15.9419,8.7285,23.37,:B2_15,5,59.79,596.14,1,5
84,sybil_16,193.22,401.32,3.4566,1.4001,90.0,A2B2,5,59.79,596.14,1,5
84,sybil_17,193.22,401.32,0.0,0.0,90.0,A2B2,5,59.79,596.14,1,5
84,sybil_18,809.99,801.6,4.4079,-1.4538,270.0,F4E4,5,71.23,511.31,1,6
84,sybil_19,809.99,801.6,1.3441,-17.784,270.0,F4E4,5,71.23,511.31,1,6
84,sybil_2,1.6,574.93,6.6933,6.6933,0.0,A2A3,2,150.5,705.44,1,0
84,sybil_20,809.99,801.6,17.7784,9.3765,270.0,F4E4,5,71.23,511.31,1,6
84,sybil_21,950.45,801.6,6.7779,3.8435,270.0,F4E4,5,106.7,568.13,1,7
84,sybil_22,950.45,801.6,14.5777,0.5103,270.0,F4E4,5,106.7,568.13,1,7
84,sybil_23,950.45,801.6,0.0,-3.2497,84.05,:F4_8,5,106.7,568.13,1,7
84,sybil_24,750.59,201.6,20.6224,5.3873,270.0,E1D1,5,81.6,580.43,1,8
84,sybil_25,750.59,201.6,7.4582,-10.5208,270.0,E1D1,5,81.6,580.43,1,8
84,sybil_26,750.59,201.6,16.9568,8.1397,337.08,:E1_18,5,81.6,580.43,1,8
84,sybil_27,801.6,184.09,14.5428,2.4818,0.0,E0E1,5,82.28,602.66,1,9
84,sybil_28,801.6,184.09,0.0,-18.1514,0.0,E0E1,5,82.28,602.66,1,9
84,sybil_29,801.6,184.09,13.1061,13.1061,0.0,E0E1,5,82.28,602.66,1,9
84,sybil_3,1.6,424.42,0.4817,-9.9814,0.0,A2A3,5,161.78,723.7,1,1
84,sybil_4,1.6,424.42,0.0,0.0,270.0,B2A2,5,161.78,723.7,1,1
84,sybil_5,1.6,424.42,0.3177,-24.5703,270.0,B2A2,5,161.78,723.7,1,1
84,sybil_6,114.27,1.6,11.4753,-1.2085,270.0,B0A0,3,123.67,843.04,1,2
84,sybil_7,114.27,1.6,21.9011,5.8494,270.0,B0A0,3,123.67,843.04,1,2
84,sybil_8,114.27,1.6,2.8419,-20.2634,270.0,B0A0,3,123.67,843.04,1,2
84,sybil_9,198.4,160.22,7.2691,-8.6332,180.0,B1B0,3,62.93,694.83,1,3
85,legit_1,360.03,198.4,12.6384,-1.0787,90.0,B1C1,1,119.34,606.56,0,-1
85,legit_10,251.18,598.4,12.4166,1.8127,90.0,B3C3,1,101.19,539.29,0,-1
85,legit_11,0.59,-0.99,5.0425,-4.3573,152.37,:A0_0,3,192.26,914.22,0,-1
85,legit_12,546.43,798.4,13.7218,0.2625,90.0,C4D4,0,105.02,481.48,0,-1
85,legit_13,998.4,536.5,12.8922,2.1371,180.0,F3F2,0,81.82,568.09,0,-1
85,legit_14,201.6,213.92,1.6202,1.6202,0.0,B1B2,3,107.16,665.01,0,-1
85,legit_2,598.4,102.78,12.8935,-0.7813,180.0,D1D0,1,149.4,628.79,0,-1
85,legit_3,440.12,1001.6,12.0421,-0.4172,270.0,D5C5,1,79.02,584.15,0,-1
85,legit_4,598.4,231.53,13.5269,0.9618,180.0,D2D1,4,185.64,550.1,0,-1
85,legit_5,198.4,590.01,6.4163,-0.903,183.6,B3B2,1,49.42,566.46,0,-1
85,legit_6,198.4,808.8,13.8259,0.335,180.0,B5B4,0,57.58,595.94,0,-1
85,legit_7,398.4,260.72,12.6288,-0.4383,180.0,C2C1,1,111.89,562.41,0,-1
85,legit_8,776.21,601.6,12.8322,1.4656,270.0,E3D3,0,26.26,471.01,0,-1
85,legit_9,516.23,998.4,11.4639,0.0689,90.0,C5D5,1,105.1,570.5,0,-1
85,sybil_0,1.6,585.18,31.3385,25.1997,0.0,A2A3,5,149.14,705.18,1,0
85,sybil_1,1.6,585.18,0.0,0.0,0.0,A2A3,5,149.14,705.18,1,0
85,sybil_10,198.4,148.89,20.712,-0.1754,180.0,B1B0,3,56.37,701.19,1,3
85,sybil_11,198.4,148.89,13.2487,5.0579,180.0,B1B0,3,56.37,701.19,1,3
85,sybil_12,80.1,401.6,7.7792,1.1457,270.0,B2A2,8,81.34,669.01,1,4
85,sybil_13,80.1,401.6,25.85,9.3457,270.0,B2A2,8,81.34,669.01,1,4
85,sybil_14,80.1,401.6,24.9764,24.9764,270.0,B2A2,8,81.34,669.01,1,4
85,sybil_15,190.2,401.6,0.0,-15.9419,291.67,B2A2,5,57.85,597.73,1,5
85,sybil_16,190.2,401.6,11.326,7.8694,90.0,A2B2,5,57.85,597.73,1,5
85,sybil_17,190.2,401.6,5.8924,5.8924,90.0,A2B2,5,57.85,597.73,1,5
85,sybil_18,802.93,803.11,11.2937,6.8858,288.13,:E4_4,5,64.52,509.47,1,6
85,sybil_19,802.93,803.11,9.2889,7.9448,270.0,F4E4,5,64.52,509.47,1,6
85,sybil_2,1.6,585.18,5.0237,-1.6695,0.0,A2A3,5,149.14,705.18,1,0
85,sybil_20,802.93,803.11,10.1991,-7.5793,270.0,F4E4,5,64.52,509.47,1,6
85,sybil_21,937.85,801.6,14.0708,7.293,270.0,F4E4,5,118.55,562.17,1,7
85,sybil_22,937.85,801.6,7.6285,-6.9492,270.0,F4E4,5,118.55,562.17,1,7
85,sybil_23,937.85,801.6,0.0,0.0,18.17,:F4_8,5,118.55,562.17,1,7
85,sybil_24,739.44,201.6,8.322,-12.3004,270.0,E1D1,6,82.28,578.28,1,8
85,sybil_25,739.44,201.6,4.7242,-2.734,270.0,E1D1,6,82.28,578.28,1,8
85,sybil_26,739.44,201.6,0.0,-16.9568,282.57,E1D1,6,82.28,578.28,1,8
85,sybil_27,801.6,190.66,6.1039,-8.4389,0.0,E0E1,5,87.5,598.97,1,9
85,sybil_28,801.6,190.66,14.6597,14.6597,0.0,E0E1,5,87.5,598.97,1,9
85,sybil_29,801.6,190.66,14.962,1.856,0.0,E0E1,5,87.5,598.97,1,9
85,sybil_3,1.6,435.6,0.0,-0.4817,0.0,A2A3,8,166.55,721.44,1,1
85,sybil_4,1.6,435.6,6.216,6.216,301.09,:A2_3,8,166.55,721.44,1,1
85,sybil_5,1.6,435.6,12.9243,12.6067,270.0,B2A2,8,166.55,721.44,1,1
85,sybil_6,102.45,1.6,0.0,-11.4753,270.0,B0A0,3,127.59,849.72,1,2
85,sybil_7,102.45,1.6,28.0836,6.1825,270.0,B0A0,3,127.59,849.72,1,2
85,sybil_8,102.45,1.6,11.9017,9.0599,270.0,B0A0,3,127.59,849.72,1,2
85,sybil_9,198.4,148.89,13.3857,6.1166,188.03,:B0_0,3,56.37,701.19,1,3
86,legit_1,373.33,198.4,13.3011,0.6628,90.0,B1C1,1,109.66,602.23,0,-1
86,legit_10,264.36,598.4,13.1863,0.7697,90.0,B3C3,1,114.37,532.97,0,-1
86,legit_11,5.76,-1.6,5.2846,0.2421,95.35,A0B0,3,188.65,911.24,0,-1
86,legit_12,560.15,798.4,13.727,0.0052,90.0,C4D4,0,117.75,480.75,0,-1
86,legit_13,998.4,522.62,13.8841,0.9919,180.0,F3F2,0,93.01,569.59,0,-1
86,legit_14,201.6,217.63,3.7103,2.0901,0.0,B1B2,3,110.43,663.16,0,-1
86,legit_2,598.4,89.14,13.6379,0.7444,180.0,D1D0,1,151.57,638.37,0,-1
86,legit_3,427.61,1001.6,12.514,0.4718,270.0,D5C5,1,81.54,587.01,0,-1
86,legit_4,598.4,218.59,12.9413,-0.5856,180.0,D2D1,4,178.16,557.05,0,-1
86,legit_5,198.4,582.04,7.9748,1.5585,180.0,B3B2,1,51.63,566.68,0,-1
86,legit_6,198.4,796.13,12.676,-1.1499,180.0,:B4_1,0,65.32,592.7,0,-1
86,legit_7,398.4,247.78,12.944,0.3152,180.0,C2C1,1,123.52,568.78,0,-1
86,legit_8,762.55,601.6,13.6623,0.8301,270.0,E3D3,0,12.65,467.0,0,-1
86,legit_9,528.55,998.4,12.3134,0.8495,90.0,C5D5,1,113.26,569.38,0,-1
86,sybil_0,1.6,591.19,0.0,-31.3385,0.0,A2A3,5,148.66,705.09,1,0
86,sybil_1,1.6,591.19,19.7943,19.7943,0.0,A2A3,5,148.66,705.09,1,0
86,sybil_10,198.4,137.93,13.19,-7.522,180.0,B1B0,3,51.62,707.52,1,3
86,sybil_11,198.4,137.93,14.1596,0.9109,180.0,B1B0,3,51.62,707.52,1,3
86,sybil_12,68.55,401.6,15.5245,7.7453,270.0,B2A2,8,91.45,677.49,1,4
86,sybil_13,68.55,401.6,0.0,-25.85,270.0,B2A2,8,91.45,677.49,1,4
86,sybil_14,68.55,401.6,8.4712,-16.5052,270.0,B2A2,8,91.45,677.49,1,4
86,sybil_15,185.65,401.6,2.0633,2.0633,270.0,B2A2,5,54.79,600.24,1,5
86,sybil_16,185.65,401.6,0.0,-11.326,90.0,A2B2,5,54.79,600.24,1,5
86,sybil_17,185.65,401.6,0.0,-5.8924,90.0,A2B2,5,54.79,600.24,1,5
86,sybil_18,801.6,809.24,18.7079,7.4142,353.01,E4E5,5,60.07,510.77,1,6
86,sybil_19,801.6,809.24,24.5581,15.2692,270.0,F4E4,5,60.07,510.77,1,6
86,sybil_2,1.6,591.19,13.5987,8.575,0.0,A2A3,5,148.66,705.09,1,0
86,sybil_20,801.6,809.24,21.7274,11.5283,270.0,F4E4,5,60.07,510.77,1,6
86,sybil_21,925.33,801.6,22.732,8.6611,270.0,F4E4,5,130.45,556.42,1,7
86,sybil_22,925.33,801.6,8.902,1.2735,270.0,F4E4,5,130.45,556.42,1,7
86,sybil_23,925.33,801.6,10.4787,10.4787,295.03,F4E4,5,130.45,556.42,1,7
86,sybil_24,727.56,201.6,6.315,-2.007,270.0,E1D1,6,84.63,576.21,1,8
86,sybil_25,727.56,201.6,10.5652,5.841,270.0,E1D1,6,84.63,576.21,1,8
86,sybil_26,727.56,201.6,0.0,0.0,270.0,E1D1,6,84.63,576.21,1,8
86,sybil_27,801.18,195.73,5.5086,-0.5953,355.18,:E1_10,5,91.4,596.04,1,9
86,sybil_28,801.18,195.73,4.613,-10.0466,0.0,E0E1,5,91.4,596.04,1,9
86,sybil_29,801.18,195.73,10.437,-4.525,0.0,E0E1,5,91.4,596.04,1,9
86,sybil_3,1.6,447.23,17.7927,17.7927,0.0,A2A3,8,172.14,719.24,1,1
86,sybil_4,1.6,447.23,0.0,-6.216,352.01,A2A3,8,172.14,719.24,1,1
86,sybil_5,1.6,447.23,5.6805,-7.2439,270.0,B2A2,8,172.14,719.24,1,1
86,sybil_6,90.11,1.6,14.7647,14.7647,270.0,B0A0,3,132.68,856.84,1,2
86,sybil_7,90.11,1.6,19.6758,-8.4079,270.0,B0A0,3,132.68,856.84,1,2
86,sybil_8,90.11,1.6,8.8483,-3.0535,270.0,B0A0,3,132.68,856.84,1,2
86,sybil_9,198.4,137.93,5.65,-7.7358,254.29,B0A0,3,51.62,707.52,1,3
87,legit_1,383.83,198.4,10.494,-2.8071,90.0,B1C1,1,102.59,598.97,0,-1
87,legit_10,278.15,598.4,13.7898,0.6035,90.0,B3C3,1,128.16,526.55,0,-1
87,legit_11,13.56,-1.6,7.797,2.5124,90.0,A0B0,3,182.76,906.18,0,-1
87,legit_12,572.79,798.4,12.6361,-1.0909,90.0,C4D4,0,129.64,480.26,0,-1
87,legit_13,998.4,508.79,13.821,-0.0631,180.0,F3F2,0,104.79,571.3,0,-1
87,legit_14,201.6,223.62,5.9909,2.2806,0.0,B1B2,3,115.76,660.21,0,-1
87,legit_2,598.4,76.12,13.0232,-0.6147,180.0,D1D0,1,154.75,647.73,0,-1
87,legit_3,415.77,1001.6,11.8371,-0.6769,270.0,D5C5,1,85.55,589.96,0,-1
87,legit_4,598.4,207.78,10.8078,-2.1335,180.0,D2D1,4,172.42,563.02,0,-1
87,legit_5,198.4,572.35,9.6841,1.7093,180.0,B3B2,1,55.74,567.09,0,-1
87,legit_6,198.4,782.83,13.3021,0.6261,180.0,B4B3,0,74.91,589.53,0,-1
87,legit_7,398.4,234.89,12.8883,-0.0557,180.0,C2C1,1,125.95,575.3,0,-1
87,legit_8,749.38,601.6,13.1679,-0.4944,270.0,E3D3,0,1.72,463.46,0,-1
87,legit_9,540.61,998.4,12.0643,-0.2491,90.0,C5D5,1,121.94,568.47,0,-1
87,sybil_0,0.71,594.04,6.0053,6.0053,349.29,:A3_11,5,149.41,705.79,1,0
87,sybil_1,0.71,594.04,16.841,-2.9532,0.0,A2A3,5,149.41,705.79,1,0
87,sybil_10,198.4,127.4,20.4382,7.2482,180.0,B1B0,3,48.96,713.78,1,3
87,sybil_11,198.4,127.4,7.8176,-6.342,180.0,B1B0,3,48.96,713.78,1,3
87,sybil_12,57.43,401.6,12.8505,-2.674,270.0,B2A2,8,101.49,685.77,1,4
87,sybil_13,57.43,401.6,3.1061,3.1061,270.0,B2A2,8,101.49,685.77,1,4
87,sybil_14,57.43,401.6,5.7432,-2.728,270.0,B2A2,8,101.49,685.77,1,4
87,sybil_15,179.33,401.6,5.5973,3.534,270.0,B2A2,5,50.9,603.79,1,5
87,sybil_16,179.33,401.6,0.0,0.0,75.6,:B2_15,5,50.9,603.79,1,5
87,sybil_17,179.33,401.6,0.0,0.0,90.0,A2B2,5,50.9,603.79,1,5
87,sybil_18,801.6,818.21,21.4798,2.7719,0.0,E4E5,5,56.01,513.41,1,6
87,sybil_19,801.6,818.21,1.4663,-23.0918,270.0,F4E4,5,56.01,513.41,1,6
87,sybil_2,0.71,594.04,14.5117,0.9129,0.0,A2A3,5,149.41,705.79,1,0
87,sybil_20,801.6,818.21,11.6723,-10.0552,270.0,F4E4,5,56.01,513.41,1,6
87,sybil_21,912.23,801.6,17.569,-5.163,270.0,F4E4,5,143.03,550.58,1,7
87,sybil_22,912.23,801.6,4.2836,-4.6184,270.0,F4E4,5,143.03,550.58,1,7
87,sybil_23,912.23,801.6,0.7426,-9.7361,270.0,F4E4,5,143.03,550.58,1,7
87,sybil_24,716.16,201.6,8.811,2.496,270.0,E1D1,6,88.34,574.44,1,8
87,sybil_25,716.16,201.6,0.0,-10.5652,270.0,E1D1,6,88.34,574.44,1,8
87,sybil_26,716.16,201.6,14.5473,14.5473,270.0,E1D1,6,88.34,574.44,1,8
87,sybil_27,797.1,200.78,2.8785,-2.6301,313.93,:E1_18,5,93.51,592.11,1,9
87,sybil_28,797.1,200.78,0.0,-4.613,0.0,E0E1,5,93.51,592.11,1,9
87,sybil_29,797.1,200.78,12.9966,2.5595,0.0,E0E1,5,93.51,592.11,1,9
87,sybil_3,1.6,459.43,1.5837,-16.209,0.0,A2A3,8,178.63,717.1,1,1
87,sybil_4,1.6,459.43,12.7462,12.7462,0.0,A2A3,8,178.63,717.1,1,1
87,sybil_5,1.6,459.43,0.0,-5.6805,272.95,:A2_3,8,178.63,717.1,1,1
87,sybil_6,77.13,1.6,13.109,-1.6557,270.0,B0A0,3,139.03,864.49,1,2
87,sybil_7,77.13,1.6,13.1024,-6.5734,270.0,B0A0,3,139.03,864.49,1,2
87,sybil_8,77.13,1.6,7.984,-0.8643,270.0,B0A0,3,139.03,864.49,1,2
87,sybil_9,198.4,127.4,17.2392,11.5893,270.0,B0A0,3,48.96,713.78,1,3
88,legit_1,389.82,198.4,5.994,-4.5,90.0,B1C1,1,98.83,597.17,0,-1
88,legit_10,290.76,598.4,12.6054,-1.1844,90.0,B3C3,1,140.77,520.85,0,-1
88,legit_11,23.04,-1.6,9.4739,1.6769,90.0,A0B0,3,175.8,900.1,0,-1
88,legit_12,583.58,798.4,10.7933,-1.8428,90.0,C4D4,0,139.91,480.0,0,-1
88,legit_13,998.4,495.04,13.7534,-0.0676,180.0,F3F2,0,116.96,573.2,0,-1
88,legit_14,201.6,231.64,8.0137,2.0228,0.0,B1B2,3,122.98,656.32,0,-1
88,legit_2,598.4,62.51,13.6064,0.5832,180.0,D1D0,1,159.15,657.71,0,-1
88,legit_3,403.23,1001.6,12.5393,0.7022,270.0,:C5_0,1,91.29,593.32,0,-1
88,legit_4,595.96,202.38,6.3078,-4.5,209.67,:D1_0,4,167.6,566.07,0,-1
88,legit_5,198.4,561.35,11.008,1.324,180.0,B3B2,1,61.94,567.75,0,-1
88,legit_6,198.4,769.62,13.209,-0.0931,180.0,B4B3,0,85.42,586.6,0,-1
88,legit_7,398.4,222.1,12.7907,-0.0976,180.0,C2C1,1,114.4,581.94,0,-1
88,legit_8,736.75,601.6,12.6338,-0.5341,270.0,E3D3,0,13.35,461.35,0,-1
88,legit_9,552.55,998.4,11.9412,-0.123,90.0,C5D5,1,131.06,567.75,0,-1
88,sybil_0,-1.45,593.02,11.6111,5.6058,284.97,:A3_11,5,151.61,707.54,1,0
88,sybil_1,-1.45,593.02,13.8224,-3.0186,0.0,A2A3,5,151.61,707.54,1,0
88,sybil_10,198.4,116.98,3.5791,-16.8591,180.0,B1B0,3,48.49,720.16,1,3
88,sybil_11,198.4,116.98,2.7753,-5.0423,180.0,B1B0,3,48.49,720.16,1,3
88,sybil_12,46.18,401.6,12.0737,-0.7768,270.0,B2A2,8,111.84,694.25,1,4
88,sybil_13,46.18,401.6,11.4748,8.3687,270.0,B2A2,8,111.84,694.25,1,4
88,sybil_14,46.18,401.6,9.8043,4.0611,270.0,B2A2,8,111.84,694.25,1,4
88,sybil_15,171.1,401.6,5.8577,0.2604,270.0,B2A2,5,46.65,608.51,1,5
88,sybil_16,171.1,401.6,2.1061,2.1061,7.88,:B2_15,5,46.65,608.51,1,5
88,sybil_17,171.1,401.6,1.8506,1.8506,90.0,A2B2,5,46.65,608.51,1,5
88,sybil_18,801.6,829.71,29.7696,8.2898,0.0,E4E5,5,52.62,517.0,1,6
88,sybil_19,801.6,829.71,0.0,-1.4663,273.32,:E4_4,5,52.62,517.0,1,6
88,sybil_2,-1.45,593.02,11.4774,-3.0342,0.0,A2A3,5,151.61,707.54,1,0
88,sybil_20,801.6,829.71,14.392,2.7197,270.0,F4E4,5,52.62,517.0,1,6
88,sybil_21,899.22,801.6,5.3888,-12.1802,270.0,F4E4,5,154.08,544.96,1,7
88,sybil_22,899.22,801.6,11.647,7.3634,270.0,F4E4,5,154.08,544.96,1,7
88,sybil_23,899.22,801.6,11.9499,11.2073,270.0,F4E4,5,154.08,544.96,1,7
88,sybil_24,704.17,201.6,0.0,-8.811,270.0,E1D1,6,93.59,572.8,1,8
88,sybil_25,704.17,201.6,20.6695,20.6695,270.0,E1D1,6,93.59,572.8,1,8
88,sybil_26,704.17,201.6,22.1228,7.5755,270.0,E1D1,6,93.59,572.8,1,8
88,sybil_27,788.64,201.6,0.59,-2.2886,271.36,E1D1,5,90.29,589.36,1,9
88,sybil_28,788.64,201.6,7.4095,7.4095,359.96,:E1_10,5,90.29,589.36,1,9
88,sybil_29,788.64,201.6,0.0,-12.9966,0.0,E0E1,5,90.29,589.36,1,9
88,sybil_3,1.6,472.04,19.1688,17.5852,0.0,A2A3,8,185.95,715.06,1,1
88,sybil_4,1.6,472.04,6.5425,-6.2037,0.0,A2A3,8,185.95,715.06,1,1
88,sybil_5,1.6,472.04,0.0,0.0,328.66,:A2_3,8,185.95,715.06,1,1
88,sybil_6,65.11,1.6,7.8171,-5.2919,270.0,B0A0,3,145.68,871.72,1,2
88,sybil_7,65.11,1.6,16.1089,3.0065,270.0,B0A0,3,145.68,871.72,1,2
88,sybil_8,65.11,1.6,24.1693,16.1853,270.0,B0A0,3,145.68,871.72,1,2
88,sybil_9,198.4,116.98,9.5276,-7.7117,270.0,B0A0,3,48.49,720.16,1,3
89,legit_1,395.86,197.68,6.1696,0.1756,98.38,:C1_12,1,94.69,595.8,0,-1
89,legit_10,304.17,598.4,13.4132,0.8078,90.0,B3C3,1,145.84,514.96,0,-1
89,legit_11,34.51,-1.6,11.4762,2.0023,90.0,A0B0,3,167.7,892.82,0,-1
89,legit_12,590.1,798.4,6.5182,-4.2751,90.0,C4D4,0,146.15,479.9,0,-1
89,legit_13,998.4,482.19,12.8468,-0.9065,180.0,F3F2,0,128.61,575.17,0,-1
89,legit_14,201.6,241.56,9.9263,1.9126,0.0,B1B2,3,129.19,651.58,0,-1
89,legit_2,598.4,49.14,13.3729,-0.2335,180.0,D1D0,0,164.45,667.71,0,-1
89,legit_3,391.0,1001.6,12.2364,-0.3028,270.0,C5B5,0,98.12,596.82,0,-1
89,legit_4,590.72,201.6,5.3839,-0.9239,263.29,D1C1,3,162.67,566.54,0,-1
89,legit_5,198.4,548.75,12.5937,1.5857,180.0,B3B2,1,70.49,568.72,0,-1
89,legit_6,198.4,756.61,13.0122,-0.1968,180.0,B4B3,0,96.42,583.91,0,-1
89,legit_7,398.4,210.63,11.4714,-1.3193,180.0,C2C1,1,104.29,588.03,0,-1
89,legit_8,723.13,601.6,13.6214,0.9876,270.0,E3D3,0,26.92,459.33,0,-1
89,legit_9,564.24,998.4,11.6837,-0.2576,90.0,C5D5,0,140.39,567.21,0,-1
89,sybil_0,-1.6,590.08,3.7583,-7.8528,199.81,A3A2,5,151.92,707.69,1,0
89,sybil_1,-1.6,590.08,21.3223,7.4999,0.0,A2A3,5,151.92,707.69,1,0
89,sybil_10,198.4,106.34,12.3578,8.7787,180.0,B1B0,3,50.29,726.88,1,3
89,sybil_11,198.4,106.34,14.4954,11.7201,180.0,B1B0,3,50.29,726.88,1,3
89,sybil_12,34.15,401.6,12.6755,0.6018,270.0,B2A2,8,123.1,703.43,1,4
89,sybil_13,34.15,401.6,10.5408,-0.934,270.0,B2A2,8,123.1,703.43,1,4
89,sybil_14,34.15,401.6,17.9215,8.1172,270.0,B2A2,8,123.1,703.43,1,4
89,sybil_15,160.33,401.6,6.6817,0.824,270.0,B2A2,5,42.86,614.87,1,5
89,sybil_16,160.33,401.6,17.5426,15.4365,278.87,B2A2,5,42.86,614.87,1,5
89,sybil_17,160.33,401.6,0.0,-1.8506,90.0,A2B2,5,42.86,614.87,1,5
89,sybil_18,801.6,843.0,17.17,-12.5996,0.0,E4E5,5,51.69,521.46,1,6
89,sybil_19,801.6,843.0,10.7839,10.7839,318.62,:E4_4,5,51.69,521.46,1,6
89,sybil_2,-1.6,590.08,23.0059,11.5285,0.0,A2A3,5,151.92,707.69,1,0
89,sybil_20,801.6,843.0,9.0025,-5.3895,270.0,F4E4,5,51.69,521.46,1,6
89,sybil_21,886.99,801.6,20.2905,14.9017,270.0,F4E4,5,142.27,539.83,1,7
89,sybil_22,886.99,801.6,6.7329,-4.9141,270.0,F4E4,5,142.27,539.83,1,7
89,sybil_23,886.99,801.6,17.715,5.765,270.0,F4E4,5,142.27,539.83,1,7
89,sybil_24,693.11,201.6,0.0,0.0,270.0,E1D1,6,99.48,571.48,1,8
89,sybil_25,693.11,201.6,11.2587,-9.4107,270.0,E1D1,6,99.48,571.48,1,8
89,sybil_26,693.11,201.6,13.9317,-8.1911,270.0,E1D1,6,99.48,571.48,1,8
89,sybil_27,778.07,201.6,7.5472,6.9572,270.0,E1D1,5,86.29,586.65,1,9
89,sybil_28,778.07,201.6,0.0,-7.4095,337.69,:E1_18,5,86.29,586.65,1,9
89,sybil_29,778.07,201.6,2.8408,2.8408,0.0,E0E1,5,86.29,586.65,1,9
89,sybil_3,1.6,484.22,12.1472,-7.0216,0.0,A2A3,8,188.22,713.28,1,1
89,sybil_4,1.6,484.22,0.0,-6.5425,0.0,A2A3,8,188.22,713.28,1,1
89,sybil_5,1.6,484.22,9.5354,9.5354,0.0,A2A3,8,188.22,713.28,1,1
89,sybil_6,52.73,1.6,14.4047,6.5876,270.0,B0A0,3,153.23,879.3,1,2
89,sybil_7,52.73,1.6,13.1972,-2.9117,270.0,B0A0,3,153.23,879.3,1,2
89,sybil_8,52.73,1.6,31.8719,7.7026,270.0,B0A0,3,153.23,879.3,1,2
89,sybil_9,198.4,106.34,9.5676,0.0401,270.0,B0A0,3,50.29,726.88,1,3
90,legit_1,398.4,192.16,6.4817,0.3122,164.34,C1C0,1,88.71,598.14,0,-1
90,legit_10,317.26,598.4,13.0855,-0.3278,90.0,B3C3,1,132.75,509.4,0,-1
90,legit_11,46.54,-1.6,12.0241,0.5479,90.0,A0B0,3,159.66,885.3,0,-1
90,legit_12,599.0,798.4,8.8999,2.3817,90.0,:D4_13,0,154.7,479.85,0,-1
90,legit_13,998.4,468.48,13.7193,0.8724,180.0,F3F2,0,120.12,577.45,0,-1
90,legit_14,201.6,253.49,11.9268,2.0006,0.0,B1B2,0,118.35,646.0,0,-1
90,legit_15,12.3,798.4,0.0,0.0,90.0,A4B4,0,143.85,720.37,0,-1
90,legit_2,598.4,35.64,13.5009,0.1281,180.0,D1D0,0,170.7,678.0,0,-1
90,legit_3,379.01,1001.6,11.9859,-0.2506,270.0,C5B5,0,105.76,600.45,0,-1
90,legit_4,582.84,201.6,7.8766,2.4927,270.0,D1C1,3,155.9,566.66,0,-1
90,legit_5,198.4,536.71,12.045,-0.5488,180.0,B3B2,4,79.68,569.84,0,-1
90,legit_6,198.4,743.31,13.2924,0.2802,180.0,B4B3,0,108.12,581.35,0,-1
90,legit_7,397.28,203.47,7.3914,-4.08,193.18,:C1_0,1,98.73,592.22,0,-1
90,legit_8,710.37,601.6,12.7567,-0.8647,270.0,E3D3,0,39.66,457.64,0,-1
90,legit_9,576.7,998.4,12.4647,0.781,90.0,C5D5,0,150.7,566.8,0,-1
90,sybil_0,-1.6,585.22,30.1441,26.3859,180.0,A3A2,5,152.32,707.77,1,0
90,sybil_1,-1.6,585.22,17.033,-4.2893,0.0,A2A3,5,152.32,707.77,1,0
90,sybil_10,198.4,95.66,13.2663,0.9084,180.0,B1B0,2,54.17,733.8,1,3
90,sybil_11,198.4,95.66,1.7911,-12.7043,180.0,B1B0,2,54.17,733.8,1,3
90,sybil_12,22.28,401.6,0.0,-12.6755,270.0,B2A2,8,134.33,712.59,1,4
90,sybil_13,22.28,401.6,14.7701,4.2293,270.0,B2A2,8,134.33,712.59,1,4
90,sybil_14,22.28,401.6,6.9293,-10.9922,270.0,B2A2,8,134.33,712.59,1,4
90,sybil_15,148.04,401.6,15.1164,8.4347,270.0,B2A2,6,41.65,622.43,1,5
90,sybil_16,148.04,401.6,22.3576,4.815,270.0,B2A2,6,41.65,622.43,1,5
90,sybil_17,148.04,401.6,7.4769,7.4769,89.36,:B2_15,6,41.65,622.43,1,5
90,sybil_18,801.6,856.47,27.8517,10.6817,0.0,E4E5,5,54.16,526.34,1,6
90,sybil_19,801.6,856.47,0.0,-10.7839,359.08,E4E5,5,54.16,526.34,1,6
90,sybil_2,-1.6,585.22,18.9564,-4.0495,0.0,A2A3,5,152.32,707.77,1,0
90,sybil_20,801.6,856.47,22.5199,13.5174,270.0,F4E4,5,54.16,526.34,1,6
90,sybil_21,874.06,801.6,7.7606,-12.5299,270.0,F4E4,5,129.86,534.58,1,7
90,sybil_22,874.06,801.6,30.3731,23.6403,270.0,F4E4,5,129.86,534.58,1,7
90,sybil_23,874.06,801.6,16.1703,-1.5446,270.0,F4E4,5,129.86,534.58,1,7
90,sybil_24,681.79,201.6,13.1798,13.1798,270.0,E1D1,6,106.36,570.31,1,8
90,sybil_25,681.79,201.6,11.9518,0.6931,270.0,E1D1,6,106.36,570.31,1,8
90,sybil_26,681.79,201.6,4.8387,-9.0931,270.0,E1D1,6,106.36,570.31,1,8
90,sybil_27,765.6,201.6,16.2979,8.7507,270.0,E1D1,5,83.08,583.67,1,9
90,sybil_28,765.6,201.6,4.708,4.708,280.16,E1D1,5,83.08,583.67,1,9
90,sybil_29,765.6,201.6,2.8358,-0.0051,0.0,E0E1,5,83.08,583.67,1,9
90,sybil_3,1.6,496.42,11.4829,-0.6643,0.0,A2A3,8,180.97,711.66,1,1
90,sybil_4,1.6,496.42,5.4515,5.4515,0.0,A2A3,8,180.97,711.66,1,1
90,sybil_5,1.6,496.42,0.0,-9.5354,0.0,A2A3,8,180.97,711.66,1,1
90,sybil_6,39.9,1.6,3.5859,-10.8188,270.0,B0A0,3,161.68,887.29,1,2
90,sybil_7,39.9,1.6,11.3081,-1.889,270.0,B0A0,3,161.68,887.29,1,2
90,sybil_8,39.9,1.6,21.5991,-10.2729,270.0,B0A0,3,161.68,887.29,1,2
90,sybil_9,198.4,95.66,18.8298,9.2622,270.0,B0A0,2,54.17,733.8,1,3
91,legit_1,398.4,183.32,8.8433,2.3616,180.0,C1C0,1,81.68,603.1,0,-1
91,legit_10,330.76,598.4,13.4995,0.4141,90.0,B3C3,0,119.25,503.85,0,-1
91,legit_11,59.18,-1.6,12.6443,0.6201,90.0,A0B0,3,151.77,877.52,0,-1
91,legit_12,609.74,798.4,10.7352,1.8353,90.0,D4E4,0,146.3,479.9,0,-1
91,legit_13,998.4,455.8,12.6796,-1.0397,180.0,F3F2,0,108.81,579.74,0,-1
91,legit_14,201.6,267.05,13.5658,1.639,0.0,B1B2,0,106.31,639.83,0,-1
91,legit_15,14.06,798.4,1.7588,1.7588,90.0,A4B4,0,142.16,718.99,0,-1
91,legit_2,598.4,22.71,12.9336,-0.5673,180.0,D1D0,0,177.45,688.0,0,-1
91,legit_3,366.59,1001.6,12.4233,0.4375,270.0,C5B5,0,114.47,604.4,0,-1
91,legit_4,573.1,201.6,9.7398,1.8632,270.0,D1C1,3,147.69,566.9,0,-1
91,legit_5,198.4,523.9,12.8091,0.7641,180.0,B3B2,3,90.19,571.22,0,-1
91,legit_6,198.4,729.58,13.7316,0.4392,180.0,B4B3,0,120.56,578.9,0,-1
91,legit_7,390.75,201.6,7.1151,-0.2764,263.08,C1B1,1,100.84,595.14,0,-1
91,legit_8,697.36,601.6,13.0137,0.257,270.0,E3D3,0,52.67,456.11,0,-1
91,legit_9,588.22,998.4,11.5158,-0.9488,90.0,C5D5,0,160.51,566.57,0,-1
91,sybil_0,-1.6,578.15,8.8579,-21.2862,180.0,A3A2,5,153.17,707.93,1,0
91,sybil_1,-1.6,578.15,19.0232,1.9902,0.0,A2A3,5,153.17,707.93,1,0
91,sybil_10,198.4,85.22,0.0,-13.2663,180.0,B1B0,2,59.6,740.74,1,3
91,sybil_11,198.4,85.22,2.8383,1.0472,180.0,B1B0,2,59.6,740.74,1,3
91,sybil_12,13.86,401.6,13.69,13.69,270.0,B2A2,8,142.35,719.15,1,4
91,sybil_13,13.86,401.6,5.8438,-8.9263,270.0,B2A2,8,142.35,719.15,1,4
91,sybil_14,13.86,401.6,16.6361,9.7068,270.0,B2A2,8,142.35,719.15,1,4
91,sybil_15,134.93,401.6,16.3777,1.2613,270.0,B2A2,6,44.25,630.84,1,5
91,sybil_16,134.93,401.6,0.0,-22.3576,270.0,B2A2,6,44.25,630.84,1,5
91,sybil_17,134.93,401.6,3.7336,-3.7433,43.9,:B2_15,6,44.25,630.84,1,5
91,sybil_18,801.6,870.16,19.1255,-8.7262,0.0,E4E5,5,59.77,531.64,1,6
91,sybil_19,801.6,870.16,21.9324,21.9324,0.0,E4E5,5,59.77,531.64,1,6
91,sybil_2,-1.6,578.15,17.8339,-1.1225,0.0,A2A3,5,153.17,707.93,1,0
91,sybil_20,801.6,870.16,6.4012,-16.1187,270.0,F4E4,5,59.77,531.64,1,6
91,sybil_21,861.5,801.6,18.5115,10.7509,270.0,F4E4,5,117.92,529.66,1,7
91,sybil_22,861.5,801.6,8.4346,-21.9385,270.0,F4E4,5,117.92,529.66,1,7
91,sybil_23,861.5,801.6,10.9931,-5.1772,270.0,F4E4,5,117.92,529.66,1,7
91,sybil_24,669.96,201.6,17.6196,4.4398,270.0,E1D1,6,114.3,569.26,1,8
91,sybil_25,669.96,201.6,7.6622,-4.2896,270.0,E1D1,6,114.3,569.26,1,8
91,sybil_26,669.96,201.6,3.1158,-1.7229,270.0,E1D1,6,114.3,569.26,1,8
91,sybil_27,751.89,201.6,21.1371,4.8393,270.0,E1D1,5,81.62,580.7,1,9
91,sybil_28,751.89,201.6,9.6383,4.9303,270.0,E1D1,5,81.62,580.7,1,9
91,sybil_29,751.89,201.6,10.246,7.4102,355.65,:E1_10,5,81.62,580.7,1,9
91,sybil_3,1.6,508.45,3.74,-7.7429,0.0,A2A3,8,174.37,710.23,1,1
91,sybil_4,1.6,508.45,5.0791,-0.3725,0.0,A2A3,8,174.37,710.23,1,1
91,sybil_5,1.6,508.45,3.2851,3.2851,0.0,A2A3,8,174.37,710.23,1,1
91,sybil_6,27.43,1.6,6.7238,3.1378,270.0,B0A0,3,170.42,895.17,1,2
91,sybil_7,27.43,1.6,16.3596,5.0514,270.0,B0A0,3,170.42,895.17,1,2
91,sybil_8,27.43,1.6,11.6935,-9.9056,270.0,B0A0,3,170.42,895.17,1,2
91,sybil_9,198.4,85.22,12.3098,-6.52,270.0,B0A0,2,59.6,740.74,1,3
92,legit_1,398.4,173.11,10.2067,1.3634,180.0,C1C0,1,74.05,608.95,0,-1
92,legit_10,344.21,598.4,13.4572,-0.0423,90.0,B3C3,0,105.8,498.52,0,-1
92,legit_11,71.88,-1.6,12.6996,0.0553,90.0,A0B0,6,144.53,869.85,0,-1
92,legit_12,622.89,798.4,13.1495,2.4143,90.0,D4E4,0,133.75,480.14,0,-1
92,legit_13,998.4,443.04,12.7587,0.0791,180.0,F3F2,0,97.76,582.22,0,-1
92,legit_14,201.6,280.54,13.4815,-0.0843,0.0,B1B2,3,94.75,633.88,0,-1
92,legit_15,18.0,798.4,3.9383,2.1795,90.0,A4B4,0,138.4,715.92,0,-1
92,legit_2,598.4,9.21,13.5013,0.5677,180.0,D1D0,0,185.2,698.6,0,-1
92,legit_3,354.4,1001.6,12.1866,-0.2367,270.0,C5B5,0,123.64,608.46,0,-1
92,legit_4,560.81,201.6,12.2887,2.5489,270.0,D1C1,3,137.62,567.35,0,-1
92,legit_5,198.4,512.14,11.7575,-1.0516,180.0,B3B2,3,100.31,572.65,0,-1
92,legit_6,198.4,716.41,13.1722,-0.5593,180.0,B4B3,0,126.07,576.73,0,-1
92,legit_7,382.1,201.6,8.651,1.5359,270.0,C1B1,1,106.15,597.74,0,-1
92,legit_8,684.42,601.6,12.9342,-0.0795,270.0,E3D3,0,65.6,454.78,0,-1
92,legit_9,599.89,998.4,11.6733,0.1575,90.0,:D5_7,0,170.66,566.5,0,-1
92,sybil_0,-1.6,568.59,0.0,-8.8579,180.0,A3A2,5,154.82,708.25,1,0
92,sybil_1,-1.6,568.59,9.7261,-9.297,0.0,A2A3,5,154.82,708.25,1,0
92,sybil_10,198.4,73.74,14.0806,14.0806,180.0,B1B0,3,66.95,748.51,1,3
92,sybil_11,198.4,73.74,3.0764,0.238,180.0,B1B0,3,66.95,748.51,1,3
92,sybil_12,8.63,401.6,11.6389,-2.0512,270.0,B2A2,8,147.37,723.25,1,4
92,sybil_13,8.63,401.6,34.4201,28.5763,270.0,B2A2,8,147.37,723.25,1,4
92,sybil_14,8.63,401.6,7.3185,-9.3175,270.0,B2A2,8,147.37,723.25,1,4
92,sybil_15,122.1,401.6,14.149,-2.2287,270.0,B2A2,7,50.09,639.39,1,5
92,sybil_16,122.1,401.6,11.3579,11.3579,270.0,B2A2,7,50.09,639.39,1,5
92,sybil_17,122.1,401.6,14.5066,10.773,295.79,B2A2,7,50.09,639.39,1,5
92,sybil_18,801.6,883.81,1.4203,-17.7053,0.0,E4E5,5,67.69,537.23,1,6
92,sybil_19,801.6,883.81,29.4483,7.5159,0.0,E4E5,5,67.69,537.23,1,6
92,sybil_2,-1.6,568.59,0.5912,-17.2427,0.0,A2A3,5,154.82,708.25,1,0
92,sybil_20,801.6,883.81,5.6157,-0.7855,277.49,:E4_4,5,67.69,537.23,1,6
92,sybil_21,848.59,801.6,11.7351,-6.7764,270.0,F4E4,5,105.81,524.77,1,7
92,sybil_22,848.59,801.6,19.2605,10.8259,270.0,F4E4,5,105.81,524.77,1,7
92,sybil_23,848.59,801.6,10.9066,-0.0865,270.0,F4E4,5,105.81,524.77,1,7
92,sybil_24,658.13,201.6,16.1395,-1.4801,270.0,E1D1,6,122.88,568.39,1,8
92,sybil_25,658.13,201.6,10.8782,3.216,270.0,E1D1,6,122.88,568.39,1,8
92,sybil_26,658.13,201.6,21.6159,18.5001,270.0,E1D1,6,122.88,568.39,1,8
92,sybil_27,738.61,201.6,22.5513,1.4142,270.0,E1D1,5,82.39,578.12,1,9
92,sybil_28,738.61,201.6,8.1045,-1.5338,270.0,E1D1,5,82.39,578.12,1,9
92,sybil_29,738.61,201.6,4.3034,-5.9426,323.25,:E1_18,5,82.39,578.12,1,9
92,sybil_3,1.6,519.93,15.7361,11.9961,0.0,A2A3,8,168.62,709.02,1,1
92,sybil_4,1.6,519.93,7.4171,2.3381,0.0,A2A3,8,168.62,709.02,1,1
92,sybil_5,1.6,519.93,10.089,6.8038,0.0,A2A3,8,168.62,709.02,1,1
92,sybil_6,15.37,1.6,19.748,13.0242,270.0,B0A0,3,179.29,902.91,1,2
92,sybil_7,15.37,1.6,20.8122,4.4526,270.0,B0A0,3,179.29,902.91,1,2
92,sybil_8,15.37,1.6,9.6211,-2.0724,270.0,B0A0,3,179.29,902.91,1,2
92,sybil_9,198.4,73.74,12.9975,0.6876,270.0,B0A0,3,66.95,748.51,1,3
93,legit_1,398.4,161.28,11.8258,1.6191,180.0,C1C0,1,66.08,615.88,0,-1
93,legit_10,357.53,598.4,13.3133,-0.144,90.0,B3C3,0,92.49,493.43,0,-1
93,legit_11,84.2,-1.6,12.3158,-0.3839,90.0,A0B0,5,138.26,862.54,0,-1
93,legit_12,635.63,798.4,12.7465,-0.403,90.0,D4E4,0,121.7,480.56,0,-1
93,legit_13,998.4,429.85,13.1911,0.4325,180.0,F3F2,0,86.84,584.97,0,-1
93,legit_14,201.6,294.15,13.619,0.1375,0.0,B1B2,3,83.66,628.07,0,-1
93,legit_15,23.7,798.4,5.7009,1.7626,90.0,A4B4,0,132.98,711.49,0,-1
93,legit_3,342.59,1001.6,11.813,-0.3736,270.0,C5B5,0,132.98,612.55,0,-1
93,legit_4,547.66,201.6,13.1564,0.8678,270.0,D1C1,3,127.26,568.03,0,-1
93,legit_5,198.4,500.41,11.7321,-0.0253,180.0,B3B2,3,110.73,574.22,0,-1
93,legit_6,198.4,702.85,13.5567,0.3845,180.0,B4B3,0,113.67,574.68,0,-1
93,legit_7,371.82,201.6,10.2764,1.6255,270.0,C1B1,1,113.0,600.96,0,-1
93,legit_8,671.41,601.6,13.0075,0.0733,270.0,E3D3,0,78.6,453.64,0,-1
93,legit_9,611.78,998.4,11.8905,0.2172,90.0,D5E5,0,160.51,566.57,0,-1
93,sybil_0,-1.6,556.89,18.6608,18.6608,180.0,A3A2,5,157.61,708.79,1,0
93,sybil_1,-1.6,556.89,7.6886,-2.0376,0.0,A2A3,5,157.61,708.79,1,0
93,sybil_10,198.4,63.49,14.9422,0.8617,180.0,B1B0,3,74.41,755.58,1,3
93,sybil_11,198.4,63.49,0.0,-3.0764,180.0,B1B0,3,74.41,755.58,1,3
93,sybil_12,2.06,400.28,7.0275,-4.6114,255.04,:A2_4,8,153.33,728.74,1,4
93,sybil_13,2.06,400.28,9.9114,-24.5087,270.0,B2A2,8,153.33,728.74,1,4
93,sybil_14,2.06,400.28,9.0971,1.7785,270.0,B2A2,8,153.33,728.74,1,4
93,sybil_15,108.66,401.6,1.5953,-12.5537,270.0,B2A2,7,58.65,648.63,1,5
93,sybil_16,108.66,401.6,11.9273,0.5693,270.0,B2A2,7,58.65,648.63,1,5
93,sybil_17,108.66,401.6,14.3218,-0.1848,270.0,B2A2,7,58.65,648.63,1,5
93,sybil_18,801.6,897.31,24.827,23.4067,0.0,E4E5,5,77.12,543.02,1,6
93,sybil_19,801.6,897.31,17.4811,-11.9672,0.0,E4E5,5,77.12,543.02,1,6
93,sybil_2,-1.6,556.89,16.7658,16.1746,0.0,A2A3,5,157.61,708.79,1,0
93,sybil_20,801.6,897.31,2.0581,-3.5576,333.67,:E4_4,5,77.12,543.02,1,6
93,sybil_21,835.17,801.6,4.9757,-6.7594,270.0,F4E4,5,93.43,519.89,1,7
93,sybil_22,835.17,801.6,0.4201,-18.8404,270.0,F4E4,5,93.43,519.89,1,7
93,sybil_23,835.17,801.6,16.7744,5.8678,270.0,F4E4,5,93.43,519.89,1,7
93,sybil_24,645.94,201.6,16.0512,-0.0883,270.0,E1D1,6,132.24,567.67,1,8
93,sybil_25,645.94,201.6,21.4409,10.5626,270.0,E1D1,6,132.24,567.67,1,8
93,sybil_26,645.94,201.6,7.2791,-14.3369,270.0,E1D1,6,132.24,567.67,1,8
93,sybil_27,724.85,201.6,12.1273,-10.4241,270.0,E1D1,5,85.39,575.77,1,9
93,sybil_28,724.85,201.6,6.3024,-1.8021,270.0,E1D1,5,85.39,575.77,1,9
93,sybil_29,724.85,201.6,8.94,4.6366,275.29,E1D1,5,85.39,575.77,1,9
93,sybil_3,1.6,532.42,12.0786,-3.6575,0.0,A2A3,8,163.06,707.89,1,1
93,sybil_4,1.6,532.42,8.1253,0.7082,0.0,A2A3,8,163.06,707.89,1,1
93,sybil_5,1.6,532.42,32.3625,22.2736,0.0,A2A3,8,163.06,707.89,1,1
93,sybil_7,26.95,1.6,12.1559,-8.6562,270.0,B0A0,2,170.76,895.48,1,2
93,sybil_8,26.95,1.6,15.2036,5.5825,270.0,B0A0,2,170.76,895.48,1,2
93,sybil_9,198.4,63.49,20.472,7.4746,270.0,B0A0,3,74.41,755.58,1,3
94,legit_1,398.4,148.27,13.0169,1.1911,180.0,C1C0,2,58.84,623.72,0,-1
94,legit_10,371.31,598.4,13.7884,0.4751,90.0,B3C3,0,78.7,488.36,0,-1
94,legit_11,97.23,-1.6,13.0303,0.7145,90.0,A0B0,5,132.56,854.97,0,-1
94,legit_12,649.35,798.4,13.7203,0.9738,90.0,D4E4,0,108.91,481.23,0,-1
94,legit_13,998.4,417.87,11.9798,-1.2113,180.0,F3F2,0,77.53,587.64,0,-1
94,legit_14,201.6,306.93,12.7788,-0.8402,0.0,B1B2,3,74.02,622.8,0,-1
94,legit_15,31.45,798.4,7.7557,2.0548,90.0,A4B4,0,125.63,705.5,0,-1
94,legit_3,330.39,1001.6,12.194,0.381,270.0,C5B5,0,143.01,616.94,0,-1
94,legit_4,534.28,201.6,13.3785,0.222,270.0,D1C1,4,117.31,568.93,0,-1
94,legit_5,198.4,488.11,12.3036,0.5715,180.0,B3B2,3,121.91,576.03,0,-1
94,legit_6,198.4,689.68,13.1766,-0.3801,180.0,B4B3,0,101.9,572.88,0,-1
94,legit_7,359.6,201.6,12.2218,1.9454,270.0,C1B1,1,121.78,604.95,0,-1
94,legit_8,657.6,601.6,13.8099,0.8024,270.0,E3D3,0,92.41,452.64,0,-1
94,legit_9,623.48,998.4,11.6985,-0.1921,90.0,D5E5,0,150.55,566.8,0,-1
94,sybil_0,-1.6,545.81,26.4067,7.7459,180.0,A3A2,5,160.99,709.46,1,0
94,sybil_1,-1.6,545.81,3.6106,-4.078,0.0,A2A3,5,160.99,709.46,1,0
94,sybil_10,198.4,52.41,8.8071,-6.1351,180.0,B1B0,3,83.13,763.32,1,3
94,sybil_11,198.4,52.41,15.0413,15.0413,180.0,B1B0,3,83.13,763.32,1,3
94,sybil_12,-1.35,394.58,2.3791,-4.6484,201.45,:A2_4,8,155.25,732.8,1,4
94,sybil_13,-1.35,394.58,21.9913,12.0799,270.0,B2A2,8,155.25,732.8,1,4
94,sybil_14,-1.35,394.58,24.4694,15.3723,270.0,B2A2,8,155.25,732.8,1,4
94,sybil_15,95.04,401.6,19.3983,17.803,270.0,B2A2,7,68.93,658.23,1,5
94,sybil_16,95.04,401.6,17.0709,5.1437,270.0,B2A2,7,68.93,658.23,1,5
94,sybil_17,95.04,401.6,13.5903,-0.7314,270.0,B2A2,7,68.93,658.23,1,5
94,sybil_18,801.6,910.8,1.4384,-23.3887,0.0,E4E5,5,87.61,549.03,1,6
94,sybil_19,801.6,910.8,19.2188,1.7376,0.0,E4E5,5,87.61,549.03,1,6
94,sybil_2,-1.6,545.81,27.4506,10.6848,0.0,A2A3,5,160.99,709.46,1,0
94,sybil_20,801.6,910.8,0.1039,-1.9542,0.0,E4E5,5,87.61,549.03,1,6
94,sybil_21,822.16,801.6,23.6311,18.6554,270.0,F4E4,5,81.74,515.36,1,7
94,sybil_22,822.16,801.6,14.5554,14.1353,270.0,F4E4,5,81.74,515.36,1,7
94,sybil_23,822.16,801.6,0.0,-16.7744,270.0,F4E4,5,81.74,515.36,1,7
94,sybil_24,634.41,201.6,10.5434,-5.5077,270.0,E1D1,6,141.49,567.15,1,8
94,sybil_25,634.41,201.6,7.7827,-13.6582,270.0,E1D1,6,141.49,567.15,1,8
94,sybil_26,634.41,201.6,12.3866,5.1075,270.0,E1D1,6,141.49,567.15,1,8
94,sybil_27,712.2,201.6,11.962,-0.1653,270.0,E1D1,5,89.93,573.88,1,9
94,sybil_28,712.2,201.6,16.7689,10.4665,270.0,E1D1,5,89.93,573.88,1,9
94,sybil_29,712.2,201.6,18.6129,9.673,270.0,E1D1,5,89.93,573.88,1,9
94,sybil_3,1.6,544.08,11.0712,-1.0073,0.0,A2A3,8,158.58,707.0,1,1
94,sybil_4,1.6,544.08,18.7568,10.6315,0.0,A2A3,8,158.58,707.0,1,1
94,sybil_5,1.6,544.08,17.6107,-14.7518,0.0,A2A3,8,158.58,707.0,1,1
94,sybil_7,13.88,1.6,1.6908,-10.4651,270.0,B0A0,2,180.41,903.87,1,2
94,sybil_8,13.88,1.6,14.8636,-0.34,270.0,B0A0,2,180.41,903.87,1,2
94,sybil_9,198.4,52.41,0.0,-20.472,270.0,B0A0,3,83.13,763.32,1,3
95,legit_1,398.4,135.24,13.0248,0.0079,180.0,C1C0,2,53.8,631.82,0,-1
95,legit_10,381.98,598.4,10.6687,-3.1197,90.0,B3C3,0,68.04,484.58,0,-1
95,legit_11,109.88,-1.6,12.6555,-0.3748,90.0,A0B0,4,128.05,847.78,0,-1
95,legit_12,662.77,798.4,13.4145,-0.3058,90.0,D4E4,0,96.64,482.09,0,-1
95,legit_13,998.4,410.11,7.757,-4.2228,180.0,F3F2,0,71.93,589.46,0,-1
95,legit_14,201.6,319.76,12.8296,0.0508,0.0,B1B2,3,65.43,617.71,0,-1
95,legit_15,40.78,798.4,9.3225,1.5667,90.0,A4B4,0,116.88,698.36,0,-1
95,legit_3,317.64,1001.6,12.7544,0.5604,270.0,C5B5,0,153.84,621.7,0,-1
95,legit_4,521.09,201.6,13.187,-0.1915,270.0,D1C1,4,108.22,570.03,0,-1
95,legit_5,198.4,475.9,12.2088,-0.0948,180.0,B3B2,3,125.6,577.97,0,-1
95,legit_6,198.4,675.86,13.8153,0.6387,180.0,B4B3,0,89.99,571.19,0,-1
95,legit_7,346.19,201.6,13.4095,1.1877,270.0,C1B1,1,132.04,609.53,0,-1
95,legit_8,644.64,601.6,12.9649,-0.845,270.0,E3D3,0,105.37,451.89,0,-1
95,legit_9,635.36,998.4,11.881,0.1825,90.0,D5E5,0,140.71,567.19,0,-1
95,sybil_0,-1.6,534.56,0.0,-26.4067,180.0,A3A2,8,165.12,710.29,1,0
95,sybil_1,-1.6,534.56,0.0,-3.6106,349.29,:A3_11,8,165.12,710.29,1,0
95,sybil_10,198.4,41.46,7.6147,-1.1924,180.0,B1B0,3,92.26,771.08,1,3
95,sybil_11,198.4,41.46,3.3459,-11.6954,180.0,B1B0,3,92.26,771.08,1,3
95,sybil_12,-1.6,388.55,2.5931,0.214,181.21,A2A1,8,154.26,734.5,1,4
95,sybil_13,-1.6,388.55,0.0,-21.9913,270.0,B2A2,8,154.26,734.5,1,4
95,sybil_14,-1.6,388.55,20.0551,-4.4143,270.0,B2A2,8,154.26,734.5,1,4
95,sybil_15,81.85,401.6,6.5935,-12.8048,270.0,B2A2,7,79.85,667.74,1,5
95,sybil_16,81.85,401.6,26.1062,9.0353,270.0,B2A2,7,79.85,667.74,1,5
95,sybil_17,81.85,401.6,9.231,-4.3593,270.0,B2A2,7,79.85,667.74,1,5
95,sybil_18,801.6,923.59,12.5491,11.1107,0.0,E4E5,5,98.23,554.93,1,6
95,sybil_19,801.6,923.59,25.9206,6.7018,0.0,E4E5,5,98.23,554.93,1,6
95,sybil_2,-1.6,534.56,9.2676,-18.183,0.0,A2A3,8,165.12,710.29,1,0
95,sybil_20,801.6,923.59,0.0,-0.1039,0.0,E4E5,5,98.23,554.93,1,6
95,sybil_21,812.95,801.6,5.5055,-18.1255,270.0,F4E4,5,73.74,512.28,1,7
95,sybil_22,812.95,801.6,11.8525,-2.7029,270.0,F4E4,5,73.74,512.28,1,7
95,sybil_23,812.95,801.6,0.0,0.0,270.0,F4E4,5,73.74,512.28,1,7
95,sybil_24,622.81,201.6,8.3757,-2.1677,270.0,E1D1,6,151.11,566.78,1,8
95,sybil_25,622.81,201.6,13.181,5.3983,270.0,E1D1,6,151.11,566.78,1,8
95,sybil_26,622.81,201.6,11.3632,-1.0234,270.0,E1D1,6,151.11,566.78,1,8
95,sybil_27,699.13,201.6,16.4873,4.5253,270.0,E1D1,5,96.16,572.18,1,9
95,sybil_28,699.13,201.6,8.1965,-8.5724,270.0,E1D1,5,96.16,572.18,1,9
95,sybil_29,699.13,201.6,11.2075,-7.4054,270.0,E1D1,5,96.16,572.18,1,9
95,sybil_3,1.6,556.21,20.9728,9.9016,0.0,A2A3,5,154.73,706.25,1,1
95,sybil_4,1.6,556.21,14.5233,-4.2335,0.0,A2A3,5,154.73,706.25,1,1
95,sybil_5,1.6,556.21,22.2805,4.6698,0.0,A2A3,5,154.73,706.25,1,1
95,sybil_8,39.68,1.6,19.8892,5.0256,270.0,B0A0,1,161.83,887.42,1,2
95,sybil_9,198.4,41.46,13.5328,13.5328,270.0,B0A0,3,92.26,771.08,1,3
96,legit_1,398.4,121.68,13.5597,0.535,180.0,C1C0,2,51.63,640.55,0,-1
96,legit_10,389.07,598.4,7.0846,-3.5841,90.0,B3C3,0,60.95,482.14,0,-1
96,legit_11,121.95,-1.6,12.0692,-0.5863,90.0,A0B0,4,124.79,841.08,0,-1
96,legit_12,675.85,798.4,13.0811,-0.3334,90.0,D4E4,3,85.02,483.14,0,-1
96,legit_13,998.89,406.47,3.7878,-3.9692,174.26,:F2_2,0,69.08,590.6,0,-1
96,legit_14,201.6,333.01,13.2429,0.4133,0.0,B1B2,4,58.23,612.69,0,-1
96,legit_15,52.5,798.4,11.7213,2.3989,90.0,A4B4,1,106.01,689.47,0,-1
96,legit_16,-1.6,787.7,0.0,0.0,180.0,A4A3,1,160.37,728.86,0,-1
96,legit_3,305.67,1001.6,11.9657,-0.7887,270.0,C5B5,0,164.25,626.32,0,-1
96,legit_4,508.52,201.6,12.5693,-0.6176,270.0,D1C1,4,100.42,571.3,0,-1
96,legit_5,198.4,463.9,12.0017,-0.207,180.0,B3B2,4,114.62,580.04,0,-1
96,legit_6,198.4,662.83,13.0258,-0.7895,180.0,B4B3,0,79.31,569.79,0,-1
96,legit_7,333.21,201.6,12.985,-0.4245,270.0,C1B1,1,142.47,614.17,0,-1
96,legit_8,631.47,601.6,13.1678,0.2028,270.0,E3D3,0,118.54,451.33,0,-1
96,legit_9,646.99,998.4,11.6336,-0.2474,90.0,D5E5,0,131.41,567.73,0,-1
96,sybil_0,-1.6,522.58,7.9126,7.9126,180.0,A3A2,11,170.23,711.34,1,0
96,sybil_1,-1.6,522.58,3.9053,3.9053,297.28,:A3_11,11,170.23,711.34,1,0
96,sybil_10,198.4,30.69,1.4438,-6.1709,180.0,B1B0,3,101.58,778.8,1,3
96,sybil_11,198.4,30.69,21.6215,18.2756,180.0,B1B0,3,101.58,778.8,1,3
96,sybil_12,-1.6,380.79,4.4543,1.8612,180.0,A2A1,8,153.02,736.49,1,4
96,sybil_13,-1.6,380.79,7.9694,7.9694,252.01,:A2_4,8,153.02,736.49,1,4
96,sybil_14,-1.6,380.79,24.6936,4.6385,270.0,B2A2,8,153.02,736.49,1,4
96,sybil_15,68.98,401.6,17.2643,10.6708,270.0,B2A2,10,91.07,677.17,1,5
96,sybil_16,68.98,401.6,13.3362,-12.77,270.0,B2A2,10,91.07,677.17,1,5
96,sybil_17,68.98,401.6,15.0465,5.8155,270.0,B2A2,10,91.07,677.17,1,5
96,sybil_18,801.6,936.29,1.8686,-10.6805,0.0,E4E5,5,109.24,560.96,1,6
96,sybil_19,801.6,936.29,0.0,-25.9206,0.0,E4E5,5,109.24,560.96,1,6
96,sybil_2,-1.6,522.58,1.169,-8.0986,0.0,A2A3,11,170.23,711.34,1,0
96,sybil_20,801.6,936.29,4.5035,4.5035,0.0,E4E5,5,109.24,560.96,1,6
96,sybil_21,808.25,801.6,1.789,-3.7165,270.0,F4E4,6,69.77,510.75,1,7
96,sybil_22,808.25,801.6,0.6127,-11.2398,270.0,F4E4,6,69.77,510.75,1,7
96,sybil_23,808.25,801.6,4.1923,4.1923,270.0,F4E4,6,69.77,510.75,1,7
96,sybil_24,613.65,201.6,10.7992,2.4235,270.0,E1D1,6,158.9,566.6,1,8
96,sybil_25,613.65,201.6,15.8997,2.7187,270.0,E1D1,6,158.9,566.6,1,8
96,sybil_26,613.65,201.6,12.2731,0.9099,270.0,E1D1,6,158.9,566.6,1,8
96,sybil_27,685.81,201.6,20.2297,3.7424,270.0,E1D1,5,103.82,570.7,1,9
96,sybil_28,685.81,201.6,5.4317,-2.7648,270.0,E1D1,5,103.82,570.7,1,9
96,sybil_29,685.81,201.6,15.5274,4.3199,270.0,E1D1,5,103.82,570.7,1,9
96,sybil_3,1.6,566.7,8.2498,-12.723,0.0,A2A3,5,152.09,705.74,1,1
96,sybil_4,1.6,566.7,22.7603,8.2371,0.0,A2A3,5,152.09,705.74,1,1
96,sybil_5,1.6,566.7,17.7125,-4.5679,0.0,A2A3,5,152.09,705.74,1,1
96,sybil_8,25.96,1.6,10.6334,-9.2559,270.0,B0A0,1,171.48,896.1,1,2
96,sybil_9,198.4,30.69,19.3229,5.7901,270.0,B0A0,3,101.58,778.8,1,3
97,legit_1,398.4,108.34,13.3446,-0.2152,180.0,C1C0,2,52.9,649.46,0,-1
97,legit_10,397.47,598.4,8.4006,1.316,90.0,:C3_13,0,52.56,479.32,0,-1
97,legit_11,134.19,-1.6,12.2349,0.1657,90.0,A0B0,4,122.62,834.45,0,-1
97,legit_12,689.69,798.4,13.8466,0.7654,90.0,D4E4,3,73.26,484.49,0,-1
97,legit_13,1001.03,406.34,2.756,-1.0318,130.31,:F2_9,0,67.42,591.78,0,-1
97,legit_14,201.6,346.08,13.0701,-0.1729,0.0,B1B2,1,53.45,608.01,0,-1
97,legit_15,65.53,798.4,13.0331,1.3118,90.0,A4B4,1,94.16,679.73,0,-1
97,legit_16,-1.6,785.59,2.1074,2.1074,180.0,A4A3,1,161.07,728.39,0,-1
97,legit_3,293.09,1001.6,12.5854,0.6196,270.0,C5B5,0,163.16,631.34,0,-1
97,legit_4,495.03,201.6,13.4956,0.9262,270.0,D1C1,4,93.2,572.91,0,-1
97,legit_5,198.4,451.13,12.7624,0.7607,180.0,B3B2,1,103.19,582.4,0,-1
97,legit_6,198.4,649.78,13.0501,0.0243,180.0,B4B3,0,69.43,568.6,0,-1
97,legit_7,320.24,201.6,12.9672,-0.0178,270.0,C1B1,1,153.28,618.97,0,-1
97,legit_8,619.41,601.6,12.0615,-1.1063,270.0,E3D3,0,130.6,450.99,0,-1
97,legit_9,658.8,998.4,11.802,0.1684,90.0,D5E5,0,122.38,568.43,0,-1
97,sybil_0,-1.6,511.3,4.984,-2.9285,180.0,A3A2,11,175.64,712.48,1,0
97,sybil_1,-1.6,511.3,2.217,-1.6883,215.66,A3A2,11,175.64,712.48,1,0
97,sybil_10,198.4,19.28,21.9025,20.4587,180.0,B1B0,3,111.75,787.08,1,3
97,sybil_11,198.4,19.28,0.0,-21.6215,180.0,B1B0,3,111.75,787.08,1,3
97,sybil_12,-1.6,371.19,14.989,10.5347,180.0,A2A1,8,152.01,739.05,1,4
97,sybil_13,-1.6,371.19,5.4942,-2.4752,197.88,:A2_4,8,152.01,739.05,1,4
97,sybil_14,-1.6,371.19,13.1136,-11.58,270.0,B2A2,8,152.01,739.05,1,4
97,sybil_15,56.01,401.6,4.2097,-13.0546,270.0,B2A2,8,102.79,686.83,1,5
97,sybil_16,56.01,401.6,12.0945,-1.2417,270.0,B2A2,8,102.79,686.83,1,5
97,sybil_17,56.01,401.6,8.6653,-6.3812,270.0,B2A2,8,102.79,686.83,1,5
97,sybil_18,801.6,950.11,3.2444,1.3758,0.0,E4E5,5,121.6,567.73,1,6
97,sybil_19,801.6,950.11,4.903,4.903,0.0,E4E5,5,121.6,567.73,1,6
97,sybil_2,-1.6,511.3,0.0,-1.169,0.0,A2A3,11,175.64,712.48,1,0
97,sybil_20,801.6,950.11,5.0325,0.529,0.0,E4E5,5,121.6,567.73,1,6
97,sybil_21,802.86,803.23,17.3597,15.5707,289.66,:E4_4,6,64.4,509.48,1,7
97,sybil_22,802.86,803.23,6.6882,6.0755,270.0,F4E4,6,64.4,509.48,1,7
97,sybil_23,802.86,803.23,16.3298,12.1375,270.0,F4E4,6,64.4,509.48,1,7
97,sybil_24,608.99,201.6,8.0748,-2.7244,270.0,E1D1,6,162.92,566.54,1,8
97,sybil_25,608.99,201.6,18.0258,2.126,270.0,E1D1,6,162.92,566.54,1,8
97,sybil_26,608.99,201.6,7.1346,-5.1386,270.0,E1D1,6,162.92,566.54,1,8
97,sybil_27,672.39,201.6,18.6554,-1.5743,270.0,E1D1,5,112.61,569.46,1,9
97,sybil_28,672.39,201.6,8.2726,2.841,270.0,E1D1,5,112.61,569.46,1,9
97,sybil_29,672.39,201.6,16.2061,0.6787,270.0,E1D1,5,112.61,569.46,1,9
97,sybil_3,1.6,573.73,2.0588,-6.191,0.0,A2A3,5,150.71,705.48,1,1
97,sybil_4,1.6,573.73,6.4746,-16.2858,0.0,A2A3,5,150.71,705.48,1,1
97,sybil_5,1.6,573.73,15.9836,-1.7289,0.0,A2A3,5,150.71,705.48,1,1
97,sybil_8,12.93,1.6,23.9498,13.3165,270.0,B0A0,1,181.13,904.48,1,2
97,sybil_9,198.4,19.28,11.882,-7.4409,270.0,B0A0,3,111.75,787.08,1,3
98,legit_1,398.4,94.73,13.6086,0.2641,180.0,C1C0,2,57.46,658.86,0,-1
98,legit_10,408.05,598.4,10.5822,2.1817,90.0,C3D3,0,41.98,475.88,0,-1
98,legit_11,146.74,-1.6,12.5545,0.3196,90.0,A0B0,3,121.64,827.82,0,-1
98,legit_12,702.89,798.4,13.1992,-0.6474,90.0,D4E4,3,62.85,486.01,0,-1
98,legit_13,1001.6,408.8,2.6384,-0.1177,43.1,F2F3,0,68.73,591.5,0,-1
98,legit_14,201.6,359.05,12.9727,-0.0973,0.0,B1B2,1,51.61,603.67,0,-1
98,legit_15,78.74,798.4,13.2075,0.1744,90.0,A4B4,1,82.52,670.0,0,-1
98,legit_16,-1.6,781.38,4.2087,2.1014,180.0,A4A3,1,162.54,727.48,0,-1
98,legit_3,281.45,1001.6,11.6334,-0.952,270.0,C5B5,0,153.06,636.12,0,-1
98,legit_4,481.83,201.6,13.1941,-0.3015,270.0,D1C1,4,87.59,574.74,0,-1
98,legit_5,198.4,438.44,12.6971,-0.0653,180.0,B3B2,1,92.17,584.92,0,-1
98,legit_6,198.4,636.4,13.3822,0.3321,180.0,B4B3,0,60.56,567.6,0,-1
98,legit_7,306.63,201.6,13.6113,0.6441,270.0,C1B1,1,164.97,624.21,0,-1
98,legit_8,611.32,601.6,8.0948,-3.9666,270.0,E3D3,0,138.69,450.85,0,-1
98,legit_9,670.89,998.4,12.0899,0.2879,90.0,D5E5,3,113.66,569.33,0,-1
98,sybil_0,-1.6,499.61,26.637,21.653,180.0,A3A2,11,181.83,713.82,1,0
98,sybil_1,-1.6,499.61,12.5487,10.3317,180.0,A3A2,11,181.83,713.82,1,0
98,sybil_10,198.4,11.5,1.094,-20.8085,180.0,B1B0,3,118.8,792.77,1,3
98,sybil_11,198.4,11.5,22.3464,22.3464,180.0,B1B0,3,118.8,792.77,1,3
98,sybil_12,-1.6,359.5,6.0813,-8.9077,180.0,A2A1,8,151.6,742.31,1,4
98,sybil_13,-1.6,359.5,0.0,-5.4942,180.0,A2A1,8,151.6,742.31,1,4
98,sybil_14,-1.6,359.5,23.9891,10.8755,270.0,B2A2,8,151.6,742.31,1,4
98,sybil_15,42.26,401.6,14.534,10.3242,270.0,B2A2,8,115.49,697.23,1,5
98,sybil_16,42.26,401.6,13.2947,1.2003,270.0,B2A2,8,115.49,697.23,1,5
98,sybil_17,42.26,401.6,21.2272,12.5619,270.0,B2A2,8,115.49,697.23,1,5
98,sybil_18,801.6,963.5,16.9336,13.6892,0.0,E4E5,3,127.41,574.48,1,6
98,sybil_19,801.6,963.5,5.6838,0.7808,0.0,E4E5,3,127.41,574.48,1,6
98,sybil_2,-1.6,499.61,5.2199,5.2199,0.0,A2A3,11,181.83,713.82,1,0
98,sybil_20,801.6,963.5,27.1549,22.1225,0.0,E4E5,3,127.41,574.48,1,6
98,sybil_21,801.6,809.13,3.0978,-14.2619,352.36,E4E5,3,60.13,510.74,1,7
98,sybil_22,801.6,809.13,8.108,1.4198,270.0,F4E4,3,60.13,510.74,1,7
98,sybil_23,801.6,809.13,7.2248,-9.105,270.0,F4E4,3,60.13,510.74,1,7
98,sybil_24,606.09,200.86,10.5094,2.4347,261.23,:D1_7,6,165.07,566.93,1,8
98,sybil_25,606.09,200.86,0.39,-17.6358,270.0,E1D1,6,165.07,566.93,1,8
98,sybil_26,606.09,200.86,11.9905,4.856,270.0,E1D1,6,165.07,566.93,1,8
98,sybil_27,658.86,201.6,19.7039,1.0485,270.0,E1D1,5,122.34,568.44,1,9
98,sybil_28,658.86,201.6,14.3382,6.0656,270.0,E1D1,5,122.34,568.44,1,9
98,sybil_29,658.86,201.6,24.8365,8.6305,270.0,E1D1,5,122.34,568.44,1,9
98,sybil_3,1.6,579.9,10.9108,8.8521,0.0,A2A3,5,149.75,705.3,1,1
98,sybil_4,1.6,579.9,10.212,3.7374,0.0,A2A3,5,149.75,705.3,1,1
98,sybil_5,1.6,579.9,15.0619,-0.9217,0.0,A2A3,5,149.75,705.3,1,1
98,sybil_9,198.4,11.5,12.4773,0.5953,270.0,B0A0,3,118.8,792.77,1,3
99,legit_1,398.4,80.99,13.7365,0.1278,180.0,C1C0,1,64.68,668.61,0,-1
99,legit_10,421.18,598.4,13.1277,2.5455,90.0,C3D3,0,28.87,471.8,0,-1
99,legit_11,159.44,-1.6,12.6973,0.1428,90.0,A0B0,3,121.97,821.29,0,-1
99,legit_12,715.77,798.4,12.8803,-0.3189,90.0,D4E4,3,53.87,487.75,0,-1
99,legit_13,1001.6,413.33,4.5301,1.8917,0.0,F2F3,0,72.02,590.42,0,-1
99,legit_14,201.6,371.98,12.9305,-0.0423,0.0,B1B2,1,52.97,599.65,0,-1
99,legit_15,92.37,798.4,13.6307,0.4232,90.0,A4B4,1,71.08,660.15,0,-1
99,legit_16,-1.6,775.06,6.3247,2.1159,180.0,A4A3,1,164.92,726.13,0,-1
99,legit_3,268.82,1001.6,12.6317,0.9984,270.0,C5B5,0,142.36,641.47,0,-1
99,legit_4,468.3,201.6,13.5352,0.3411,270.0,D1C1,4,83.63,576.9,0,-1
99,legit_5,198.4,426.59,11.8427,-0.8544,180.0,B3B2,1,82.32,587.42,0,-1
99,legit_6,198.4,623.43,12.973,-0.4092,180.0,B4B3,0,53.77,566.89,0,-1
99,legit_7,293.67,201.6,12.9564,-0.6548,270.0,C1B1,0,165.23,629.37,0,-1
99,legit_8,601.91,601.6,9.4068,1.3119,270.0,:D3_5,0,148.1,450.78,0,-1
99,legit_9,683.24,998.4,12.3555,0.2656,90.0,D5E5,3,105.43,570.45,0,-1
99,sybil_0,-1.6,487.79,0.0,-26.637,180.0,A3A2,11,188.61,715.34,1,0
99,sybil_1,-1.6,487.79,9.7367,-2.8119,180.0,A3A2,11,188.61,715.34,1,0
99,sybil_10,198.33,6.68,13.429,12.335,180.85,:B0_0,3,123.19,796.35,1,3
99,sybil_11,198.33,6.68,16.4633,-5.8831,180.0,B1B0,3,123.19,796.35,1,3
99,sybil_12,-1.6,348.48,20.1429,14.0616,180.0,A2A1,8,152.04,745.54,1,4
99,sybil_13,-1.6,348.48,7.2072,7.2072,180.0,A2A1,8,152.04,745.54,1,4
99,sybil_14,-1.6,348.48,0.0,-23.9891,270.0,B2A2,8,152.04,745.54,1,4
99,sybil_15,29.89,401.6,0.0,-14.534,270.0,B2A2,8,127.11,706.7,1,5
99,sybil_16,29.89,401.6,11.9623,-1.3324,270.0,B2A2,8,127.11,706.7,1,5
99,sybil_17,29.89,401.6,16.1938,-5.0334,270.0,B2A2,8,127.11,706.7,1,5
99,sybil_18,801.6,976.41,15.5821,-1.3515,0.0,E4E5,3,115.73,581.15,1,6
99,sybil_19,801.6,976.41,25.2288,19.545,0.0,E4E5,3,115.73,581.15,1,6
99,sybil_2,-1.6,487.79,0.0,-5.2199,348.16,:A3_11,11,188.61,715.34,1,0
99,sybil_20,801.6,976.41,16.8259,-10.3291,0.0,E4E5,3,115.73,581.15,1,6
99,sybil_21,801.6,817.28,0.0,-3.0978,0.0,E4E5,3,56.38,513.13,1,7
99,sybil_22,801.6,817.28,16.3355,8.2275,270.0,F4E4,3,56.38,513.13,1,7
99,sybil_23,801.6,817.28,24.5076,17.2829,270.0,F4E4,3,56.38,513.13,1,7
99,sybil_24,606.24,199.04,0.0,-10.5094,223.66,:D1_7,6,164.06,567.97,1,8
99,sybil_25,606.24,199.04,7.1369,6.7469,270.0,E1D1,6,164.06,567.97,1,8
99,sybil_26,606.24,199.04,2.647,-9.3435,270.0,E1D1,6,164.06,567.97,1,8
99,sybil_27,646.33,201.6,6.6881,-13.0158,270.0,E1D1,5,131.93,567.69,1,9
99,sybil_28,646.33,201.6,11.1287,-3.2095,270.0,E1D1,5,131.93,567.69,1,9
99,sybil_29,646.33,201.6,15.7972,-9.0393,270.0,E1D1,5,131.93,567.69,1,9
99,sybil_3,1.6,584.17,1.196,-9.7148,0.0,A2A3,5,149.24,705.2,1,1
99,sybil_4,1.6,584.17,16.6005,6.3885,0.0,A2A3,5,149.24,705.2,1,1
99,sybil_5,1.6,584.17,23.0833,8.0215,0.0,A2A3,5,149.24,705.2,1,1
99,sybil_9,198.33,6.68,11.453,-1.0243,270.0,B0A0,3,123.19,796.35,1,3
100,legit_1,398.4,67.73,13.2668,-0.4697,180.0,C1C0,1,73.45,678.26,0,-1
100,legit_10,434.92,598.4,13.738,0.6103,90.0,C3D3,0,15.17,467.73,0,-1
100,legit_11,171.48,-1.6,12.0425,-0.6548,90.0,A0B0,3,123.48,815.28,0,-1
100,legit_12,729.51,798.4,13.7352,0.8548,90.0,D4E4,3,46.37,489.92,0,-1
100,legit_13,1001.6,420.2,6.8702,2.3401,0.0,F2F3,0,77.25,588.84,0,-1
100,legit_14,201.6,384.37,12.3922,-0.5383,0.0,B1B2,1,57.07,596.09,0,-1
100,legit_15,105.36,798.4,12.9877,-0.643,90.0,A4B4,1,61.02,650.94,0,-1
100,legit_16,-1.6,767.17,7.8903,1.5656,180.0,A4A3,1,168.19,724.53,0,-1
100,legit_3,256.13,1001.6,12.6889,0.0572,270.0,C5B5,0,131.95,647.02,0,-1
100,legit_4,455.87,201.6,12.4274,-1.1077,270.0,D1C1,1,81.81,579.16,0,-1
100,legit_5,198.4,414.85,11.7423,-0.1004,180.0,B3B2,1,73.15,590.07,0,-1
100,legit_6,198.4,612.15,11.2833,-1.6897,180.0,B4B3,0,49.9,566.51,0,-1
100,legit_7,281.08,201.6,12.5906,-0.3658,270.0,C1B1,0,154.41,634.56,0,-1
100,legit_8,590.27,601.6,11.6398,2.233,270.0,D3C3,0,140.28,450.83,0,-1
100,legit_9,695.73,998.4,12.4911,0.1356,90.0,D5E5,3,98.0,571.78,0,-1
100,sybil_0,-1.6,476.0,4.5657,4.5657,180.0,A3A2,11,190.89,717.02,1,0
100,sybil_1,-1.6,476.0,8.9622,-0.7746,180.0,A3A2,11,190.89,717.02,1,0
100,sybil_10,196.45,2.67,13.2537,-0.1753,203.81,:B0_0,3,126.19,800.18,1,3
100,sybil_11,196.45,2.67,18.0382,1.5749,180.0,B1B0,3,126.19,800.18,1,3
100,sybil_12,-1.6,336.51,5.4696,-14.6733,180.0,A2A1,8,153.41,749.22,1,4
100,sybil_13,-1.6,336.51,14.1658,6.9586,180.0,A2A1,8,153.41,749.22,1,4
100,sybil_14,-1.6,336.51,9.4122,9.4122,270.0,B2A2,8,153.41,749.22,1,4
100,sybil_15,22.03,401.6,18.4917,18.4917,270.0,B2A2,8,134.57,712.79,1,5
100,sybil_16,22.03,401.6,25.4507,13.4884,270.0,B2A2,8,134.57,712.79,1,5
100,sybil_17,22.03,401.6,9.3778,-6.816,270.0,B2A2,8,134.57,712.79,1,5
100,sybil_18,801.6,985.43,11.3375,-4.2446,0.0,E4E5,3,107.74,585.92,1,6
100,sybil_19,801.6,985.43,3.8505,-21.3783,0.0,E4E5,3,107.74,585.92,1,6
100,sybil_2,-1.6,476.0,16.3449,16.3449,288.15,:A3_11,11,190.89,717.02,1,0
100,sybil_20,801.6,985.43,18.4711,1.6452,0.0,E4E5,3,107.74,585.92,1,6
100,sybil_21,801.6,827.4,22.8423,22.8423,0.0,E4E5,3,53.12,516.26,1,7
100,sybil_22,801.6,827.4,14.1395,-2.196,292.98,:E4_4,3,53.12,516.26,1,7
100,sybil_23,801.6,827.4,6.2878,-18.2199,270.0,F4E4,3,53.12,516.26,1,7
100,sybil_24,608.86,198.4,0.0,0.0,131.67,D1E1,5,161.45,568.36,1,8
100,sybil_25,608.86,198.4,0.0,-7.1369,270.0,E1D1,5,161.45,568.36,1,8
100,sybil_26,608.86,198.4,6.7444,4.0973,270.0,E1D1,5,161.45,568.36,1,8
100,sybil_27,638.3,201.6,0.0,-6.6881,270.0,E1D1,5,138.33,567.31,1,9
100,sybil_28,638.3,201.6,17.3689,6.2402,270.0,E1D1,5,138.33,567.31,1,9
100,sybil_29,638.3,201.6,6.9371,-8.8601,270.0,E1D1,5,138.33,567.31,1,9
100,sybil_3,1.6,586.84,6.4293,5.2333,0.0,A2A3,5,148.98,705.15,1,1
100,sybil_4,1.6,586.84,21.0906,4.4901,0.0,A2A3,5,148.98,705.15,1,1
100,sybil_5,1.6,586.84,10.8156,-12.2677,0.0,A2A3,5,148.98,705.15,1,1
100,sybil_9,196.45,2.67,18.1934,6.7404,270.0,B0A0,3,126.19,800.18,1,3
101,legit_1,398.4,55.13,12.5914,-0.6754,180.0,C1C0,0,82.89,687.59,0,-1
101,legit_10,448.11,598.4,13.193,-0.545,90.0,C3D3,1,2.48,464.05,0,-1
101,legit_11,184.55,-1.6,13.0729,1.0304,90.0,A0B0,2,126.41,808.94,0,-1
101,legit_12,743.07,798.4,13.5622,-0.173,90.0,D4E4,3,42.17,492.43,0,-1
101,legit_13,1001.6,428.4,8.1957,1.3256,0.0,F2F3,0,83.79,587.03,0,-1
101,legit_14,201.6,392.26,7.8922,-4.5,0.0,B1B2,1,60.86,593.95,0,-1
101,legit_15,118.04,798.4,12.6853,-0.3025,90.0,A4B4,1,52.46,642.15,0,-1
101,legit_16,-1.6,757.09,10.077,2.1867,180.0,A4A3,1,172.79,722.58,0,-1
101,legit_3,243.55,1001.6,12.5839,-0.105,270.0,C5B5,0,122.06,652.68,0,-1
101,legit_4,443.32,201.6,12.5441,0.1167,270.0,D1C1,0,81.87,581.7,0,-1
101,legit_5,198.4,402.66,12.1929,0.4506,180.0,:B2_1,1,64.52,593.0,0,-1
101,legit_6,198.08,604.96,7.2127,-4.0706,183.69,:B3_0,0,48.33,566.56,0,-1
101,legit_7,267.34,201.6,13.7456,1.1549,270.0,C1B1,0,142.92,640.41,0,-1
101,legit_8,576.66,601.6,13.6086,1.9687,270.0,D3C3,1,126.67,451.08,0,-1
101,legit_9,706.99,998.4,11.2615,-1.2296,90.0,D5E5,3,92.24,573.17,0,-1
101,sybil_0,-1.6,464.11,15.72,11.1544,180.0,A3A2,11,183.91,718.87,1,0
101,sybil_1,-1.6,464.11,16.903,7.9409,180.0,A3A2,11,183.91,718.87,1,0
101,sybil_10,191.71,1.6,6.3639,-6.8898,257.13,B0A0,2,125.53,803.19,1,3
101,sybil_11,191.71,1.6,5.6134,-12.4248,180.0,B1B0,2,125.53,803.19,1,3
101,sybil_12,-1.6,325.03,16.2431,10.7735,180.0,A2A1,8,155.58,752.9,1,4
101,sybil_13,-1.6,325.03,5.6754,-8.4904,180.0,A2A1,8,155.58,752.9,1,4
101,sybil_14,-1.6,325.03,1.6435,-7.7686,261.18,:A2_4,8,155.58,752.9,1,4
101,sybil_15,16.81,401.6,1.0282,-17.4635,270.0,B2A2,8,139.54,716.85,1,5
101,sybil_16,16.81,401.6,0.96,-24.4907,270.0,B2A2,8,139.54,716.85,1,5
101,sybil_17,16.81,401.6,17.8247,8.4469,270.0,B2A2,8,139.54,716.85,1,5
101,sybil_18,801.6,991.17,10.661,-0.6766,0.0,E4E5,3,102.73,589.0,1,6
101,sybil_19,801.6,991.17,12.5386,8.688,0.0,E4E5,3,102.73,589.0,1,6
101,sybil_2,-1.6,464.11,4.475,-11.8699,207.73,A3A2,11,183.91,718.87,1,0
101,sybil_20,801.6,991.17,17.7599,-0.7112,0.0,E4E5,3,102.73,589.0,1,6
101,sybil_21,801.6,839.8,18.3681,-4.4742,0.0,E4E5,3,51.6,520.36,1,7
101,sybil_22,801.6,839.8,11.8238,-2.3157,356.17,E4E5,3,51.6,520.36,1,7
101,sybil_23,801.6,839.8,32.1021,25.8144,270.0,F4E4,3,51.6,520.36,1,7
101,sybil_24,614.25,198.4,0.0,0.0,90.0,D1E1,5,156.77,568.43,1,8
101,sybil_25,614.25,198.4,0.0881,0.0881,270.0,E1D1,5,156.77,568.43,1,8
101,sybil_26,614.25,198.4,0.0,-6.7444,270.0,E1D1,5,156.77,568.43,1,8
101,sybil_27,633.09,201.6,4.0555,4.0555,270.0,E1D1,5,142.57,567.1,1,9
101,sybil_28,633.09,201.6,6.3129,-11.056,270.0,E1D1,5,142.57,567.1,1,9
101,sybil_29,633.09,201.6,15.7549,8.8178,270.0,E1D1,5,142.57,567.1,1,9
101,sybil_3,1.6,589.17,5.76,-0.6694,0.0,A2A3,5,148.79,705.12,1,1
101,sybil_4,1.6,589.17,10.2629,-10.8277,0.0,A2A3,5,148.79,705.12,1,1
101,sybil_5,1.6,589.17,9.4445,-1.3712,0.0,A2A3,5,148.79,705.12,1,1
102,legit_1,398.4,42.26,12.8727,0.2813,180.0,C1C0,0,93.3,697.27,0,-1
102,legit_10,461.26,598.4,13.1527,-0.0402,90.0,C3D3,1,11.38,461.66,0,-1
102,legit_11,196.9,-1.6,12.3448,-0.7282,90.0,:B0_6,2,130.33,803.14,0,-1
102,legit_12,756.72,798.4,13.65,0.0878,90.0,D4E4,3,42.14,495.37,0,-1
102,legit_13,1001.6,437.99,9.5867,1.391,0.0,F2F3,0,91.78,585.01,0,-1
102,legit_14,204.17,397.7,6.4207,-1.4715,31.29,:B2_8,1,66.0,591.17,0,-1
102,legit_15,130.78,798.4,12.7348,0.0496,90.0,A4B4,1,45.83,633.58,0,-1
102,legit_16,-1.6,744.45,12.6433,2.5663,180.0,A4A3,1,179.2,720.31,0,-1
102,legit_17,8.3,-1.6,0.0,0.0,90.0,A0B0,0,186.72,909.59,0,-1
102,legit_3,230.88,1001.6,12.6674,0.0834,270.0,C5B5,0,112.64,658.56,0,-1
102,legit_4,430.65,201.6,12.6762,0.1321,270.0,D1C1,0,83.86,584.54,0,-1
102,legit_5,198.4,390.32,12.3403,0.1474,180.0,B2B1,1,57.11,596.17,0,-1
102,legit_6,193.1,601.64,6.4631,-0.7496,244.75,:B3_0,0,43.13,569.24,0,-1
102,legit_7,254.74,201.6,12.5994,-1.1462,270.0,C1B1,0,132.77,645.94,0,-1
102,legit_8,563.84,601.6,12.8185,-0.79,270.0,D3C3,1,113.85,451.51,0,-1
102,legit_9,718.76,998.4,11.7613,0.4998,90.0,D5E5,3,87.38,574.83,0,-1
102,sybil_0,-1.6,452.32,0.1402,-15.5799,180.0,A3A2,11,177.5,720.87,1,0
102,sybil_1,-1.6,452.32,15.3714,-1.5316,180.0,A3A2,11,177.5,720.87,1,0
102,sybil_10,185.2,1.6,4.2609,-2.103,270.0,B0A0,2,123.52,806.27,1,3
102,sybil_11,185.2,1.6,0.1303,-5.4831,182.44,:B0_0,2,123.52,806.27,1,3
102,sybil_12,-1.6,313.75,9.2843,-6.9589,180.0,A2A1,8,158.5,756.66,1,4
102,sybil_13,-1.6,313.75,20.328,14.6526,180.0,A2A1,8,158.5,756.66,1,4
102,sybil_14,-1.6,313.75,0.2495,-1.394,221.66,:A2_4,8,158.5,756.66,1,4
102,sybil_15,11.43,401.6,0.0,-1.0282,270.0,B2A2,8,144.68,721.05,1,5
102,sybil_16,11.43,401.6,12.9816,12.0217,270.0,B2A2,8,144.68,721.05,1,5
102,sybil_17,11.43,401.6,7.5726,-10.2521,270.0,B2A2,8,144.68,721.05,1,5
102,sybil_18,800.84,993.94,6.9887,-3.6723,350.96,:E5_5,6,99.96,590.28,1,6
102,sybil_19,800.84,993.94,14.1065,1.568,0.0,E4E5,6,99.96,590.28,1,6
102,sybil_2,-1.6,452.32,10.754,6.279,180.0,A3A2,11,177.5,720.87,1,0
102,sybil_20,800.84,993.94,16.1861,-1.5738,0.0,E4E5,6,99.96,590.28,1,6
102,sybil_21,801.6,852.41,1.2104,-17.1577,0.0,E4E5,6,53.07,524.84,1,7
102,sybil_22,801.6,852.41,0.0,-11.8238,0.0,E4E5,6,53.07,524.84,1,7
102,sybil_23,801.6,852.41,3.7617,-28.3404,270.0,F4E4,6,53.07,524.84,1,7
102,sybil_24,621.45,198.4,11.5558,11.5558,90.0,D1E1,5,150.57,568.57,1,8
102,sybil_25,621.45,198.4,3.1532,3.0651,263.6,:D1_7,5,150.57,568.57,1,8
102,sybil_26,621.45,198.4,1.2955,1.2955,270.0,E1D1,5,150.57,568.57,1,8
102,sybil_27,628.46,201.6,0.0,-4.0555,270.0,E1D1,5,146.39,566.94,1,9
102,sybil_28,628.46,201.6,10.6572,4.3443,270.0,E1D1,5,146.39,566.94,1,9
102,sybil_29,628.46,201.6,6.4316,-9.3233,270.0,E1D1,5,146.39,566.94,1,9
102,sybil_3,1.6,590.96,0.0,-5.76,0.0,A2A3,5,148.67,705.1,1,1
102,sybil_4,1.6,590.96,2.9047,-7.3582,0.0,A2A3,5,148.67,705.1,1,1
102,sybil_5,1.6,590.96,7.5602,-1.8843,0.0,A2A3,5,148.67,705.1,1,1
103,legit_1,398.4,28.5,13.7607,0.888,180.0,C1C0,0,105.05,707.78,0,-1
103,legit_10,474.78,598.4,13.5182,0.3655,90.0,C3D3,1,24.83,459.63,0,-1
103,legit_11,209.23,-1.6,12.3323,-0.0124,90.0,B0C0,2,135.26,797.51,0,-1
103,legit_12,770.0,798.4,13.2761,-0.3739,90.0,D4E4,3,46.16,498.64,0,-1
103,legit_13,1001.6,450.06,12.0757,2.489,0.0,F2F3,0,102.24,582.6,0,-1
103,legit_14,210.8,398.4,6.7461,0.3254,87.73,B2C2,1,71.91,587.5,0,-1
103,legit_15,144.23,798.4,13.4489,0.7141,90.0,A4B4,0,42.0,624.84,0,-1
103,legit_16,-1.6,731.69,12.7619,0.1186,180.0,A4A3,3,186.32,718.2,0,-1
103,legit_17,10.73,-1.6,2.4345,2.4345,90.0,A0B0,0,184.88,908.01,0,-1
103,legit_3,218.46,1001.6,12.4211,-0.2463,270.0,C5B5,0,104.08,664.5,0,-1
103,legit_4,419.15,201.6,11.4962,-1.1801,270.0,D1C1,0,87.24,587.35,0,-1
103,legit_5,198.4,377.5,12.8126,0.4723,180.0,B2B1,1,51.47,599.71,0,-1
103,legit_6,186.7,601.6,6.3989,-0.0642,270.0,B3A3,0,36.74,572.74,0,-1
103,legit_7,241.15,201.6,13.5906,0.9912,270.0,C1B1,0,122.34,652.1,0,-1
103,legit_8,551.01,601.6,12.8327,0.0142,270.0,D3C3,1,101.02,452.12,0,-1
103,legit_9,730.94,998.4,12.1834,0.4221,90.0,D5E5,3,83.8,576.77,0,-1
103,sybil_0,-1.6,440.15,6.1465,6.0063,180.0,A3A2,8,171.48,723.1,1,0
103,sybil_1,-1.6,440.15,3.5987,-11.7728,180.0,A3A2,8,171.48,723.1,1,0
103,sybil_10,176.48,1.6,8.0234,3.7625,270.0,B0A0,2,121.33,810.48,1,3
103,sybil_11,176.48,1.6,14.0813,13.951,226.8,:B0_0,2,121.33,810.48,1,3
103,sybil_12,-1.6,302.11,14.9183,5.634,180.0,A2A1,8,162.28,760.71,1,4
103,sybil_13,-1.6,302.11,19.6348,-0.6932,180.0,A2A1,8,162.28,760.71,1,4
103,sybil_14,-1.6,302.11,20.1195,19.87,185.3,A2A1,8,162.28,760.71,1,4
103,sybil_15,8.12,401.6,9.7063,9.7063,270.0,B2A2,8,147.86,723.65,1,5
103,sybil_16,8.12,401.6,2.625,-10.3566,270.0,B2A2,8,147.86,723.65,1,5
103,sybil_17,8.12,401.6,0.0,-7.5726,270.0,B2A2,8,147.86,723.65,1,5
103,sybil_18,798.4,992.38,24.6576,17.6689,260.99,E5E4,6,100.1,588.75,1,6
103,sybil_19,798.4,992.38,17.0058,2.8993,0.0,E4E5,6,100.1,588.75,1,6
103,sybil_2,-1.6,440.15,2.4453,-8.3087,180.0,A3A2,8,171.48,723.1,1,0
103,sybil_20,798.4,992.38,6.3057,-9.8804,0.0,E4E5,6,100.1,588.75,1,6
103,sybil_21,801.6,865.74,9.011,7.8006,0.0,E4E5,6,57.66,529.9,1,7
103,sybil_22,801.6,865.74,8.1786,8.1786,0.0,E4E5,6,57.66,529.9,1,7
103,sybil_23,801.6,865.74,0.0,-3.7617,278.22,:E4_4,6,57.66,529.9,1,7
103,sybil_24,630.87,198.4,1.3363,-10.2195,90.0,D1E1,5,142.62,568.84,1,8
103,sybil_25,630.87,198.4,4.8283,1.6751,198.63,:D1_7,5,142.62,568.84,1,8
103,sybil_26,630.87,198.4,0.0,-1.2955,270.0,E1D1,5,142.62,568.84,1,8
103,sybil_27,624.95,201.6,18.6052,18.6052,270.0,E1D1,5,149.32,566.84,1,9
103,sybil_28,624.95,201.6,12.743,2.0858,270.0,E1D1,5,149.32,566.84,1,9
103,sybil_29,624.95,201.6,6.7414,0.3098,270.0,E1D1,5,149.32,566.84,1,9
103,sybil_3,0.74,594.03,0.0,0.0,349.62,:A3_11,3,149.38,705.77,1,1
103,sybil_4,0.74,594.03,8.6072,5.7024,0.0,A2A3,3,149.38,705.77,1,1
103,sybil_5,0.74,594.03,2.743,-4.8172,0.0,A2A3,3,149.38,705.77,1,1
104,legit_1,398.4,15.21,13.2947,-0.4659,180.0,C1C0,0,116.81,718.07,0,-1
104,legit_10,487.67,598.4,12.8856,-0.6326,90.0,C3D3,1,37.7,457.89,0,-1
104,legit_11,221.27,-1.6,12.0357,-0.2966,90.0,B0C0,2,140.94,792.17,0,-1
104,legit_12,780.92,798.4,10.9196,-2.3566,90.0,D4E4,3,51.83,501.6,0,-1
104,legit_13,1001.6,463.89,13.8307,1.755,0.0,F2F3,0,114.61,580.04,0,-1
104,legit_14,219.09,398.4,8.2887,1.5426,90.0,B2C2,1,79.04,583.22,0,-1
104,legit_15,157.28,798.4,13.0578,-0.3911,90.0,A4B4,0,42.23,616.72,0,-1
104,legit_16,-1.6,719.05,12.6369,-0.125,180.0,A4A3,3,192.76,716.3,0,-1
104,legit_17,15.03,-1.6,4.2914,1.8569,90.0,A0B0,0,181.67,905.24,0,-1
104,legit_3,206.32,1001.6,12.1386,-0.2825,270.0,:B5_0,0,96.53,670.49,0,-1
104,legit_4,411.96,201.6,7.1934,-4.3027,270.0,D1C1,0,90.03,589.21,0,-1
104,legit_5,198.4,364.82,12.6799,-0.1327,180.0,B2B1,1,48.64,603.51,0,-1
104,legit_6,178.05,601.6,8.6466,2.2477,270.0,B3A3,0,28.1,577.55,0,-1
104,legit_7,228.1,201.6,13.0449,-0.5457,270.0,C1B1,0,112.95,658.2,0,-1
104,legit_8,537.83,601.6,13.1806,0.3479,270.0,D3C3,1,87.84,452.94,0,-1
104,legit_9,743.03,998.4,12.0927,-0.0907,90.0,D5E5,6,81.9,578.95,0,-1
104,sybil_0,-1.6,428.95,9.4031,3.2566,180.0,A3A2,8,166.54,725.31,1,0
104,sybil_1,-1.6,428.95,5.9033,2.3046,180.0,A3A2,8,166.54,725.31,1,0
104,sybil_10,166.23,1.6,18.3668,10.3434,270.0,B0A0,2,119.51,815.54,1,3
104,sybil_11,166.23,1.6,13.5986,-0.4827,268.14,B0A0,2,119.51,815.54,1,3
104,sybil_12,-1.6,290.42,16.4695,1.5512,180.0,A2A1,8,166.81,764.92,1,4
104,sybil_13,-1.6,290.42,21.431,1.7961,180.0,A2A1,8,166.81,764.92,1,4
104,sybil_14,-1.6,290.42,0.0,-20.1195,180.0,A2A1,8,166.81,764.92,1,4
104,sybil_15,7.59,401.6,0.0,-9.7063,270.0,B2A2,8,148.37,724.07,1,5
104,sybil_16,7.59,401.6,0.0,-2.625,270.0,B2A2,8,148.37,724.07,1,5
104,sybil_17,7.59,401.6,12.9944,12.9944,270.0,B2A2,8,148.37,724.07,1,5
104,sybil_18,798.4,986.13,13.7891,-10.8684,180.0,E5E4,6,105.61,585.39,1,6
104,sybil_19,798.4,986.13,12.0359,-4.9699,0.0,E4E5,6,105.61,585.39,1,6
104,sybil_2,-1.6,428.95,1.161,-1.2843,180.0,A3A2,8,166.54,725.31,1,0
104,sybil_20,798.4,986.13,13.0705,6.7648,0.0,E4E5,6,105.61,585.39,1,6
104,sybil_21,801.6,879.04,31.0504,22.0394,0.0,E4E5,7,64.71,535.25,1,7
104,sybil_22,801.6,879.04,0.9208,-7.2578,0.0,E4E5,7,64.71,535.25,1,7
104,sybil_23,801.6,879.04,25.6665,25.6665,346.6,E4E5,7,64.71,535.25,1,7
104,sybil_24,642.45,198.4,11.1516,9.8153,90.0,D1E1,5,133.09,569.31,1,8
104,sybil_25,642.45,198.4,0.0,-4.8283,110.04,D1E1,5,133.09,569.31,1,8
104,sybil_26,642.45,198.4,0.1142,0.1142,270.0,E1D1,5,133.09,569.31,1,8
104,sybil_27,622.2,201.6,5.1093,-13.4959,270.0,E1D1,5,151.63,566.77,1,9
104,sybil_28,622.2,201.6,11.4003,-1.3427,270.0,E1D1,5,151.63,566.77,1,9
104,sybil_29,622.2,201.6,12.6275,5.8861,270.0,E1D1,5,151.63,566.77,1,9
104,sybil_3,-1.2,593.41,5.5263,5.5263,300.74,:A3_11,3,151.34,707.33,1,1
104,sybil_4,-1.2,593.41,0.8118,-7.7954,0.0,A2A3,3,151.34,707.33,1,1
104,sybil_5,-1.2,593.41,3.7625,1.0195,0.0,A2A3,3,151.34,707.33,1,1
105,legit_10,501.0,598.4,13.3341,0.4485,90.0,C3D3,1,51.03,456.29,0,-1
105,legit_11,233.75,-1.6,12.4816,0.4458,90.0,B0C0,2,147.65,786.81,0,-1
105,legit_12,788.93,798.4,8.0102,-2.9093,90.0,D4E4,3,56.97,503.91,0,-1
105,legit_13,1001.6,477.28,13.3856,-0.4451,0.0,F2F3,0,126.87,577.75,0,-1
105,legit_14,228.78,398.4,9.6912,1.4025,90.0,B2C2,1,87.64,578.31,0,-1
105,legit_15,170.21,798.4,12.9311,-0.1267,90.0,A4B4,0,46.25,609.03,0,-1
105,legit_16,-1.6,706.15,12.8955,0.2586,180.0,A4A3,3,185.07,714.54,0,-1
105,legit_17,20.76,-1.6,5.7346,1.4432,90.0,A0B0,2,177.45,901.56,0,-1
105,legit_3,193.93,1001.6,12.3915,0.2529,270.0,:B5_0,0,89.87,676.79,0,-1
105,legit_4,407.44,201.6,4.524,-2.6694,270.0,D1C1,0,92.03,590.42,0,-1
105,legit_5,198.4,352.06,12.767,0.0871,180.0,B2B1,1,49.05,607.64,0,-1
105,legit_6,167.55,601.6,10.5093,1.8626,270.0,B3A3,0,17.62,583.48,0,-1
105,legit_7,217.28,201.6,10.823,-2.2219,270.0,C1B1,0,105.76,663.42,0,-1
105,legit_8,525.23,601.6,12.5984,-0.5822,270.0,D3C3,1,75.25,453.91,0,-1
105,legit_9,754.91,998.4,11.8783,-0.2145,90.0,D5E5,6,81.75,581.33,0,-1
105,sybil_0,-1.6,417.86,0.3321,-9.071,180.0,A3A2,8,162.27,727.64,1,0
105,sybil_1,-1.6,417.86,11.5576,5.6544,180.0,A3A2,8,162.27,727.64,1,0
105,sybil_10,155.14,1.6,17.1688,-1.198,270.0,B0A0,3,118.51,821.14,1,3
105,sybil_11,155.14,1.6,6.0708,-7.5278,270.0,B0A0,3,118.51,821.14,1,3
105,sybil_12,-1.6,279.12,15.432,-1.0374,180.0,A2A1,8,171.83,769.13,1,4
105,sybil_13,-1.6,279.12,5.0534,-16.3775,180.0,A2A1,8,171.83,769.13,1,4
105,sybil_14,-1.6,279.12,11.8629,11.8629,180.0,A2A1,8,171.83,769.13,1,4
105,sybil_15,7.34,401.6,8.1147,8.1147,270.0,B2A2,8,148.6,724.26,1,5
105,sybil_16,7.34,401.6,1.1796,1.1796,270.0,B2A2,8,148.6,724.26,1,5
105,sybil_17,7.34,401.6,4.5665,-8.4279,270.0,B2A2,8,148.6,724.26,1,5
105,sybil_18,798.4,977.86,4.1649,-9.6242,180.0,E5E4,6,113.03,581.01,1,6
105,sybil_19,798.4,977.86,0.0,-12.0359,0.0,E4E5,6,113.03,581.01,1,6
105,sybil_2,-1.6,417.86,5.1163,3.9552,180.0,A3A2,8,162.27,727.64,1,0
105,sybil_20,798.4,977.86,11.3743,-1.6962,0.0,E4E5,6,113.03,581.01,1,6
105,sybil_21,801.6,892.25,6.2532,-24.7972,0.0,E4E5,7,73.43,540.82,1,7
105,sybil_22,801.6,892.25,21.9733,21.0525,0.0,E4E5,7,73.43,540.82,1,7
105,sybil_23,801.6,892.25,19.2792,-6.3873,0.0,E4E5,7,73.43,540.82,1,7
105,sybil_24,654.03,198.4,4.7701,-6.3815,90.0,D1E1,5,123.92,569.94,1,8
105,sybil_25,654.03,198.4,8.8518,8.8518,90.0,D1E1,5,123.92,569.94,1,8
105,sybil_26,654.03,198.4,0.0,-0.1142,270.0,E1D1,5,123.92,569.94,1,8
105,sybil_27,620.15,201.6,6.4223,1.313,270.0,E1D1,5,153.36,566.72,1,9
105,sybil_28,620.15,201.6,14.1243,2.724,270.0,E1D1,5,153.36,566.72,1,9
105,sybil_29,620.15,201.6,5.4018,-7.2257,270.0,E1D1,5,153.36,566.72,1,9
105,sybil_3,-1.6,591.06,10.6244,5.0981,219.55,A3A2,3,151.86,707.68,1,1
105,sybil_4,-1.6,591.06,5.8226,5.0108,0.0,A2A3,3,151.86,707.68,1,1
105,sybil_5,-1.6,591.06,24.14,20.3775,0.0,A2A3,3,151.86,707.68,1,1
106,legit_10,514.7,598.4,13.6966,0.3625,90.0,C3D3,1,64.72,454.87,0,-1
106,legit_11,246.54,-1.6,12.789,0.3074,90.0,B0C0,2,155.26,781.48,0,-1
106,legit_12,792.88,798.46,3.973,-4.0373,89.36,:E4_15,3,59.71,505.1,0,-1
106,legit_13,1001.6,490.17,12.8879,-0.4976,0.0,F2F3,0,120.03,575.71,0,-1
106,legit_14,240.51,398.4,11.7333,2.0421,90.0,B2C2,1,98.32,572.5,0,-1
106,legit_15,181.37,798.4,11.1602,-1.7708,90.0,A4B4,0,52.11,602.64,0,-1
106,legit_16,-1.6,693.58,12.5707,-0.3248,180.0,A4A3,3,178.16,713.02,0,-1
106,legit_17,28.09,-1.6,7.3319,1.5974,90.0,A0B0,2,172.19,896.88,0,-1
106,legit_3,181.66,1001.6,12.2741,-0.1174,270.0,B5A5,0,84.55,683.25,0,-1
106,legit_4,402.35,204.08,6.0037,1.4797,300.09,:C1_4,0,96.64,590.46,0,-1
106,legit_5,198.4,339.68,12.3797,-0.3873,180.0,B2B1,2,52.49,611.93,0,-1
106,legit_6,155.09,601.6,12.4601,1.9509,270.0,B3A3,0,5.33,590.67,0,-1
106,legit_7,210.34,201.6,6.942,-3.881,270.0,C1B1,1,101.48,666.84,0,-1
106,legit_8,512.18,601.6,13.0449,0.4465,270.0,D3C3,1,62.21,455.11,0,-1
106,legit_9,766.71,998.4,11.7959,-0.0824,90.0,D5E5,6,83.29,583.93,0,-1
106,sybil_0,-1.6,405.65,25.5245,25.1923,180.0,:A2_0,8,158.32,730.37,1,0
106,sybil_1,-1.6,405.65,5.2032,-6.3545,180.0,A3A2,8,158.32,730.37,1,0
106,sybil_10,143.64,1.6,12.3965,-4.7723,270.0,B0A0,3,118.57,827.12,1,3
106,sybil_11,143.64,1.6,0.0,-6.0708,270.0,B0A0,3,118.57,827.12,1,3
106,sybil_12,-1.6,267.32,3.36,-12.0721,180.0,A2A1,8,177.68,773.69,1,4
106,sybil_13,-1.6,267.32,7.9625,2.909,180.0,A2A1,8,177.68,773.69,1,4
106,sybil_14,-1.6,267.32,9.4236,-2.4393,180.0,A2A1,8,177.68,773.69,1,4
106,sybil_15,7.3,401.6,2.9599,-5.1548,270.0,B2A2,8,148.64,724.29,1,5
106,sybil_16,7.3,401.6,2.6811,1.5015,270.0,B2A2,8,148.64,724.29,1,5
106,sybil_17,7.3,401.6,0.0,-4.5665,270.0,B2A2,8,148.64,724.29,1,5
106,sybil_18,798.4,968.29,7.4714,3.3064,180.0,E5E4,6,121.75,576.03,1,6
106,sybil_19,798.4,968.29,1.0689,1.0689,351.32,:E5_5,6,121.75,576.03,1,6
106,sybil_2,-1.6,405.65,8.8033,3.6871,180.0,A3A2,8,158.32,730.37,1,0
106,sybil_20,798.4,968.29,27.3166,15.9424,0.0,E4E5,6,121.75,576.03,1,6
106,sybil_21,801.6,904.74,14.9124,8.6592,0.0,E4E5,7,82.79,546.3,1,7
106,sybil_22,801.6,904.74,5.2884,-16.6849,0.0,E4E5,7,82.79,546.3,1,7
106,sybil_23,801.6,904.74,15.9172,-3.3619,0.0,E4E5,7,82.79,546.3,1,7
106,sybil_24,665.82,198.4,13.3511,8.581,90.0,D1E1,5,115.04,570.74,1,8
106,sybil_25,665.82,198.4,1.2785,-7.5733,90.0,D1E1,5,115.04,570.74,1,8
106,sybil_26,665.82,198.4,10.1434,10.1434,241.07,:D1_7,5,115.04,570.74,1,8
106,sybil_27,616.44,201.6,15.4449,9.0226,270.0,E1D1,5,156.51,566.64,1,9
106,sybil_28,616.44,201.6,4.4277,-9.6966,270.0,E1D1,5,156.51,566.64,1,9
106,sybil_29,616.44,201.6,11.2566,5.8547,270.0,E1D1,5,156.51,566.64,1,9
106,sybil_3,-1.6,587.21,19.717,9.0926,180.0,A3A2,3,152.14,707.73,1,1
106,sybil_4,-1.6,587.21,6.605,0.7824,0.0,A2A3,3,152.14,707.73,1,1
106,sybil_5,-1.6,587.21,15.5528,-8.5872,0.0,A2A3,3,152.14,707.73,1,1
107,legit_10,527.51,598.4,12.8149,-0.8817,90.0,C3D3,1,77.53,453.73,0,-1
107,legit_11,258.74,-1.6,12.2081,-0.5808,90.0,B0C0,2,163.13,776.56,0,-1
107,legit_12,793.85,800.9,3.3065,-0.6665,46.64,:E4_15,3,58.75,506.05,0,-1
107,legit_13,1001.6,502.89,12.7244,-0.1635,0.0,F2F3,0,108.5,573.88,0,-1
107,legit_14,253.37,398.4,12.8548,1.1215,90.0,B2C2,1,110.27,566.31,0,-1
107,legit_15,188.24,798.4,6.8625,-4.2977,90.0,A4B4,0,56.5,598.81,0,-1
107,legit_16,-1.6,680.18,13.4046,0.8339,180.0,A4A3,3,171.5,711.6,0,-1
107,legit_17,36.91,-1.6,8.8171,1.4852,90.0,A0B0,2,166.06,891.31,0,-1
107,legit_3,170.06,1001.6,11.5932,-0.681,270.0,B5A5,0,80.93,689.54,0,-1
107,legit_4,401.6,209.02,5.0804,-0.9234,351.67,C1C2,0,101.33,588.0,0,-1
107,legit_5,198.4,327.38,12.2968,-0.0829,180.0,B2B1,2,58.37,616.46,0,-1
107,legit_6,141.21,601.6,13.8796,1.4195,270.0,B3A3,3,8.94,599.71,0,-1
107,legit_7,201.0,201.6,9.3355,2.3935,270.0,:B1_5,1,96.23,671.53,0,-1
107,legit_8,498.74,601.6,13.4469,0.4021,270.0,D3C3,1,48.76,456.55,0,-1
107,legit_9,777.96,998.4,11.2518,-0.5441,90.0,D5E5,6,86.26,586.62,0,-1
107,sybil_0,-1.6,393.67,0.0,-25.5245,180.0,:A2_0,8,155.29,733.22,1,0
107,sybil_1,-1.6,393.67,10.1984,4.9953,180.0,A3A2,8,155.29,733.22,1,0
107,sybil_10,133.28,1.6,10.7591,-1.6373,270.0,B0A0,3,119.57,832.62,1,3
107,sybil_11,133.28,1.6,22.5766,22.5766,270.0,B0A0,3,119.57,832.62,1,3
107,sybil_12,-1.6,255.36,10.0033,6.6433,180.0,A2A1,8,184.21,778.45,1,4
107,sybil_13,-1.6,255.36,24.5133,16.5508,180.0,A2A1,8,184.21,778.45,1,4
107,sybil_14,-1.6,255.36,6.2895,-3.1341,180.0,A2A1,8,184.21,778.45,1,4
107,sybil_15,7.3,401.6,2.2172,-0.7427,270.0,B2A2,8,148.64,724.29,1,5
107,sybil_16,7.3,401.6,0.0,-2.6811,270.0,B2A2,8,148.64,724.29,1,5
107,sybil_17,7.3,401.6,6.9225,6.9225,270.0,B2A2,8,148.64,724.29,1,5
107,sybil_18,798.4,957.12,6.5149,-0.9565,180.0,E5E4,6,126.73,570.33,1,6
107,sybil_19,798.4,957.12,16.0465,14.9777,287.21,:E5_5,6,126.73,570.33,1,6
107,sybil_2,-1.6,393.67,0.0,-8.8033,180.0,A3A2,8,155.29,733.22,1,0
107,sybil_20,798.4,957.12,15.5174,-11.7993,0.0,E4E5,6,126.73,570.33,1,6
107,sybil_21,801.6,917.16,9.5866,-5.3258,0.0,E4E5,7,92.82,551.94,1,7
107,sybil_22,801.6,917.16,18.3803,13.0919,0.0,E4E5,7,92.82,551.94,1,7
107,sybil_23,801.6,917.16,13.013,-2.9042,0.0,E4E5,7,92.82,551.94,1,7
107,sybil_24,677.42,198.4,12.0837,-1.2674,90.0,D1E1,5,106.84,571.7,1,8
107,sybil_25,677.42,198.4,14.9169,13.6384,90.0,D1E1,5,106.84,571.7,1,8
107,sybil_26,677.42,198.4,7.3861,-2.7574,161.85,D1E1,5,106.84,571.7,1,8
107,sybil_27,612.1,201.6,2.7582,-12.6867,270.0,E1D1,5,160.23,566.58,1,9
107,sybil_28,612.1,201.6,0.0,-4.4277,270.0,E1D1,5,160.23,566.58,1,9
107,sybil_29,612.1,201.6,8.3004,-2.9562,270.0,E1D1,5,160.23,566.58,1,9
107,sybil_3,-1.6,580.93,4.0859,-15.6311,180.0,A3A2,4,152.79,707.86,1,1
107,sybil_4,-1.6,580.93,4.879,-1.726,350.07,:A3_11,4,152.79,707.86,1,1
107,sybil_5,-1.6,580.93,11.6909,-3.8619,0.0,A2A3,4,152.79,707.86,1,1
108,legit_10,540.8,598.4,13.2886,0.4737,90.0,C3D3,1,90.81,452.74,0,-1
108,legit_11,271.99,-1.6,13.2499,1.0418,90.0,B0C0,2,172.25,771.38,0,-1
108,legit_12,790.35,801.6,3.7127,0.4062,294.4,E4D4,6,55.7,505.19,0,-1
108,legit_13,1001.6,516.37,13.4845,0.7601,0.0,F2F3,0,96.62,572.12,0,-1
108,legit_14,266.38,398.4,13.0149,0.1601,90.0,B2C2,1,122.55,560.21,0,-1
108,legit_15,192.03,798.4,3.7946,-3.0679,90.0,A4B4,1,59.14,596.72,0,-1
108,legit_16,-1.6,667.28,12.8984,-0.5062,180.0,A4A3,4,165.86,710.44,0,-1
108,legit_17,48.16,-1.6,11.2478,2.4307,90.0,A0B0,2,158.61,884.3,0,-1
108,legit_18,212.3,798.4,0.0,0.0,90.0,B4C4,1,74.91,585.9,0,-1
108,legit_3,157.79,1001.6,12.2711,0.678,270.0,B5A5,0,78.79,696.42,0,-1
108,legit_4,401.6,216.65,7.6303,2.5499,0.0,C1C2,0,108.09,583.91,0,-1
108,legit_5,198.4,315.4,11.9814,-0.3153,180.0,B2B1,2,65.82,621.09,0,-1
108,legit_6,128.37,601.6,12.84,-1.0396,270.0,B3A3,4,21.69,608.71,0,-1
108,legit_7,189.36,201.6,11.6443,2.3088,270.0,B1A1,1,90.6,677.55,0,-1
108,legit_8,485.66,601.6,13.0828,-0.3642,270.0,D3C3,1,35.69,458.15,0,-1
108,legit_9,786.79,998.4,8.8359,-2.416,90.0,D5E5,6,89.51,588.88,0,-1
108,sybil_0,-1.6,381.8,5.3595,5.3595,180.0,A2A1,8,153.16,736.22,1,0
108,sybil_1,-1.6,381.8,0.0,-10.1984,180.0,A3A2,8,153.16,736.22,1,0
108,sybil_10,122.23,1.6,18.8738,8.1147,270.0,B0A0,3,121.61,838.63,1,3
108,sybil_11,122.23,1.6,22.4153,-0.1612,270.0,B0A0,3,121.61,838.63,1,3
108,sybil_12,-1.6,244.04,0.0,-10.0033,180.0,A2A1,5,190.86,783.1,1,4
108,sybil_13,-1.6,244.04,0.0,-24.5133,180.0,A2A1,5,190.86,783.1,1,4
108,sybil_14,-1.6,244.04,10.0259,3.7364,180.0,A2A1,5,190.86,783.1,1,4
108,sybil_15,7.3,401.6,0.0,-2.2172,270.0,B2A2,5,148.64,724.29,1,5
108,sybil_16,7.3,401.6,0.0,0.0,270.0,B2A2,5,148.64,724.29,1,5
108,sybil_17,7.3,401.6,12.8581,5.9355,270.0,B2A2,5,148.64,724.29,1,5
108,sybil_18,798.4,944.37,8.2884,1.7735,180.0,E5E4,7,115.04,563.98,1,6
108,sybil_19,798.4,944.37,4.7841,-11.2624,205.63,E5E4,7,115.04,563.98,1,6
108,sybil_2,-1.6,381.8,9.3189,9.3189,180.0,A3A2,8,153.16,736.22,1,0
108,sybil_20,798.4,944.37,4.6154,-10.902,0.0,E4E5,7,115.04,563.98,1,6
108,sybil_21,801.6,930.32,12.7037,3.1171,0.0,E4E5,7,104.02,558.11,1,7
108,sybil_22,801.6,930.32,5.2129,-13.1674,0.0,E4E5,7,104.02,558.11,1,7
108,sybil_23,801.6,930.32,6.6434,-6.3697,0.0,E4E5,7,104.02,558.11,1,7
108,sybil_24,689.37,198.4,27.851,15.7672,90.0,D1E1,5,99.11,572.87,1,8
108,sybil_25,689.37,198.4,24.2241,9.3072,90.0,D1E1,5,99.11,572.87,1,8
108,sybil_26,689.37,198.4,2.5411,-4.845,90.06,D1E1,5,99.11,572.87,1,8
108,sybil_27,610.6,201.6,1.3774,-1.3808,270.0,E1D1,5,161.52,566.56,1,9
108,sybil_28,610.6,201.6,23.9076,23.9076,270.0,E1D1,5,161.52,566.56,1,9
108,sybil_29,610.6,201.6,12.4966,4.1963,270.0,E1D1,5,161.52,566.56,1,9
108,sybil_3,-1.6,572.73,11.3293,7.2434,180.0,A3A2,4,154.03,708.09,1,1
108,sybil_4,-1.6,572.73,2.7202,-2.1587,267.95,A3A2,4,154.03,708.09,1,1
108,sybil_5,-1.6,572.73,0.0,-11.6909,0.0,A2A3,4,154.03,708.09,1,1
109,legit_10,554.3,598.4,13.497,0.2084,90.0,C3D3,1,104.31,451.95,0,-1
109,legit_11,284.0,-1.6,12.003,-1.2468,90.0,B0C0,0,180.95,766.85,0,-1
109,legit_12,784.43,801.6,5.9195,2.2069,270.0,E4D4,6,51.58,503.45,0,-1
109,legit_13,1001.6,530.12,13.7494,0.2649,0.0,F2F3,0,85.0,570.53,0,-1
109,legit_14,279.41,398.4,13.0306,0.0157,90.0,B2C2,1,134.99,554.29,0,-1
109,legit_15,197.24,796.6,5.7444,1.9498,111.92,:B4_12,1,64.14,593.44,0,-1
109,legit_16,-1.6,654.67,12.61,-0.2884,180.0,A4A3,4,161.16,709.49,0,-1
109,legit_17,60.17,-1.6,12.0166,0.7688,90.0,A0B0,2,151.18,876.92,0,-1
109,legit_18,213.68,798.4,1.3768,1.3768,90.0,B4C4,1,76.06,585.18,0,-1
109,legit_3,145.48,1001.6,12.3126,0.0415,270.0,B5A5,0,78.53,703.56,0,-1
109,legit_4,401.6,226.49,9.8392,2.2089,0.0,C1C2,0,116.97,578.74,0,-1
109,legit_5,198.4,303.64,11.7604,-0.221,180.0,B2B1,2,74.29,625.82,0,-1
109,legit_6,115.68,601.6,12.6886,-0.1513,270.0,B3A3,4,34.36,617.76,0,-1
109,legit_7,175.56,201.6,13.7942,2.1499,270.0,B1A1,1,85.51,684.92,0,-1
109,legit_8,473.04,601.6,12.6131,-0.4697,270.0,D3C3,1,23.1,459.88,0,-1
109,legit_9,791.69,998.4,4.8927,-3.9432,90.0,D5E5,6,91.63,590.18,0,-1
109,sybil_0,-1.6,369.74,14.8606,9.501,180.0,A2A1,8,151.91,739.44,1,0
109,sybil_1,-1.6,369.74,0.0,0.0,180.0,A3A2,8,151.91,739.44,1,0
109,sybil_10,111.87,1.6,8.4107,-10.4631,270.0,B0A0,2,124.39,844.39,1,3
109,sybil_11,111.87,1.6,0.0,-22.4153,270.0,B0A0,2,124.39,844.39,1,3
109,sybil_12,-1.6,231.84,19.0146,19.0146,180.0,A2A1,5,188.39,788.27,1,4
109,sybil_13,-1.6,231.84,13.6274,13.6274,180.0,A2A1,5,188.39,788.27,1,4
109,sybil_14,-1.6,231.84,4.4516,-5.5743,180.0,A2A1,5,188.39,788.27,1,4
109,sybil_15,5.55,401.36,0.0,0.0,267.29,:A2_4,5,150.25,725.73,1,5
109,sybil_16,5.55,401.36,16.3566,16.3566,270.0,B2A2,5,150.25,725.73,1,5
109,sybil_17,5.55,401.36,1.9887,-10.8694,270.0,B2A2,5,150.25,725.73,1,5
109,sybil_18,798.4,931.58,24.3447,16.0563,180.0,E5E4,7,103.58,557.78,1,6
109,sybil_19,798.4,931.58,3.3715,-1.4127,180.0,E5E4,7,103.58,557.78,1,6
109,sybil_2,-1.6,369.74,0.4144,-8.9045,180.0,A3A2,8,151.91,739.44,1,0
109,sybil_20,798.4,931.58,0.0,-4.6154,0.0,E4E5,7,103.58,557.78,1,6
109,sybil_21,801.6,942.72,3.7217,-8.982,0.0,E4E5,7,114.95,564.09,1,7
109,sybil_22,801.6,942.72,22.442,17.2291,0.0,E4E5,7,114.95,564.09,1,7
109,sybil_23,801.6,942.72,26.0146,19.3712,0.0,E4E5,7,114.95,564.09,1,7
109,sybil_24,701.13,198.4,11.9037,-15.9472,90.0,D1E1,5,92.38,574.21,1,8
109,sybil_25,701.13,198.4,5.3663,-18.8578,90.0,D1E1,5,92.38,574.21,1,8
109,sybil_26,701.13,198.4,9.8479,7.3068,90.0,D1E1,5,92.38,574.21,1,8
109,sybil_27,607.12,201.54,7.2796,5.9022,269.36,:D1_7,5,164.51,566.55,1,9
109,sybil_28,607.12,201.54,0.0,-23.9076,270.0,E1D1,5,164.51,566.55,1,9
109,sybil_29,607.12,201.54,0.0,-12.4966,270.0,E1D1,5,164.51,566.55,1,9
109,sybil_3,-1.6,562.72,11.4087,0.0794,180.0,A3A2,4,156.12,708.5,1,1
109,sybil_4,-1.6,562.72,7.8178,5.0976,180.0,A3A2,4,156.12,708.5,1,1
109,sybil_5,-1.6,562.72,0.0,0.0,0.0,A2A3,4,156.12,708.5,1,1
110,legit_10,567.32,598.4,13.0239,-0.4731,90.0,C3D3,1,117.33,451.37,0,-1
110,legit_11,297.15,-1.6,13.1552,1.1522,90.0,B0C0,0,190.89,762.05,0,-1
110,legit_12,777.18,801.6,7.2512,1.3317,270.0,E4D4,3,47.05,501.41,0,-1
110,legit_13,1001.6,543.01,12.8843,-0.8651,0.0,F2F3,0,74.77,569.23,0,-1
110,legit_14,293.0,398.4,13.5906,0.56,90.0,B2C2,1,148.07,548.3,0,-1
110,legit_15,198.4,790.08,6.7731,1.0287,176.29,B4B3,1,69.53,591.23,0,-1
110,legit_16,-1.6,642.08,12.5858,-0.0243,180.0,A4A3,4,157.33,708.73,0,-1
110,legit_17,71.78,-1.6,11.6101,-0.4065,90.0,A0B0,2,144.58,869.9,0,-1
110,legit_18,216.38,798.4,2.705,1.3282,90.0,B4C4,1,78.34,583.78,0,-1
110,legit_3,132.86,1001.6,12.6192,0.3066,270.0,B5A5,0,80.25,711.12,0,-1
110,legit_4,401.6,238.74,12.2544,2.4152,0.0,C1C2,0,128.23,572.43,0,-1
110,legit_5,198.4,290.83,12.8098,1.0494,180.0,B2B1,2,84.42,631.16,0,-1
110,legit_6,102.98,601.6,12.6922,0.0035,270.0,B3A3,4,47.04,626.95,0,-1
110,legit_7,161.9,201.6,13.6661,-0.1281,270.0,B1A1,1,82.46,692.5,0,-1
110,legit_8,460.16,601.6,12.8774,0.2643,270.0,D3C3,1,10.29,461.83,0,-1
110,legit_9,796.97,997.02,5.5987,0.706,106.45,:E5_6,6,95.36,590.87,0,-1
110,sybil_0,-1.6,357.68,1.9977,-12.8629,180.0,A2A1,8,151.62,742.84,1,0
110,sybil_1,-1.6,357.68,2.4917,2.4917,180.0,A3A2,8,151.62,742.84,1,0
110,sybil_10,101.25,1.6,21.5873,13.1766,270.0,B0A0,2,128.04,850.41,1,3
110,sybil_11,101.25,1.6,0.3012,0.3012,270.0,B0A0,2,128.04,850.41,1,3
110,sybil_12,-1.6,220.27,8.9982,-10.0165,180.0,A2A1,5,181.76,793.31,1,4
110,sybil_13,-1.6,220.27,18.437,4.8096,180.0,A2A1,5,181.76,793.31,1,4
110,sybil_14,-1.6,220.27,11.6308,7.1792,180.0,A2A1,5,181.76,793.31,1,4
110,sybil_15,1.87,400.16,0.785,0.785,254.05,:A2_4,5,153.48,728.91,1,5
110,sybil_16,1.87,400.16,1.0307,-15.3259,270.0,B2A2,5,153.48,728.91,1,5
110,sybil_17,1.87,400.16,8.2036,6.2149,270.0,B2A2,5,153.48,728.91,1,5
110,sybil_18,798.4,917.81,6.4065,-17.9382,180.0,E5E4,7,91.63,551.3,1,6
110,sybil_19,798.4,917.81,9.4948,6.1233,180.0,E5E4,7,91.63,551.3,1,6
110,sybil_2,-1.6,357.68,3.4934,3.079,180.0,A3A2,8,151.62,742.84,1,0
110,sybil_20,798.4,917.81,17.473,17.473,0.0,E4E5,7,91.63,551.3,1,6
110,sybil_21,801.6,956.2,3.8143,0.0926,0.0,E4E5,6,127.14,570.78,1,7
110,sybil_22,801.6,956.2,1.0336,-21.4084,0.0,E4E5,6,127.14,570.78,1,7
110,sybil_23,801.6,956.2,10.3195,-15.6951,0.0,E4E5,6,127.14,570.78,1,7
110,sybil_24,713.14,198.4,15.1238,3.2201,90.0,D1E1,5,86.63,575.78,1,8
110,sybil_25,713.14,198.4,16.1349,10.7686,90.0,D1E1,5,86.63,575.78,1,8
110,sybil_26,713.14,198.4,11.0294,1.1815,90.0,D1E1,5,86.63,575.78,1,8
110,sybil_27,606.65,198.77,0.0,-7.2796,208.53,:D1_7,5,163.56,568.13,1,9
110,sybil_28,606.65,198.77,0.0,0.0,270.0,E1D1,5,163.56,568.13,1,9
110,sybil_29,606.65,198.77,0.0,0.0,270.0,E1D1,5,163.56,568.13,1,9
110,sybil_3,-1.6,550.92,20.7714,9.3627,180.0,A3A2,4,159.35,709.13,1,1
110,sybil_4,-1.6,550.92,4.8481,-2.9697,180.0,A3A2,4,159.35,709.13,1,1
110,sybil_5,-1.6,550.92,8.6142,8.6142,0.0,A2A3,4,159.35,709.13,1,1
111,legit_10,579.15,598.4,11.8311,-1.1927,90.0,C3D3,1,129.16,451.02,0,-1
111,legit_11,309.74,-1.6,12.5854,-0.5699,90.0,B0C0,0,185.63,757.63,0,-1
111,legit_12,768.12,801.6,9.061,1.8098,270.0,E4D4,3,42.46,498.99,0,-1
111,legit_13,1001.6,556.24,13.229,0.3447,0.0,F2F3,0,65.25,568.12,0,-1
111,legit_14,306.55,398.4,13.5441,-0.0466,90.0,B2C2,0,148.5,542.52,0,-1
111,legit_15,198.4,781.9,8.1786,1.4055,180.0,B4B3,1,75.62,589.32,0,-1
111,legit_16,-1.6,629.11,12.9709,0.3852,180.0,A4A3,4,154.37,708.16,0,-1
111,legit_17,83.99,-1.6,12.2026,0.5924,90.0,A0B0,2,138.36,862.66,0,-1
111,legit_18,220.52,798.4,4.1432,1.4382,90.0,B4C4,1,81.88,581.65,0,-1
111,legit_3,120.89,1001.6,11.9701,-0.6491,270.0,B5A5,0,83.63,718.51,0,-1
111,legit_4,401.6,251.84,13.0972,0.8428,0.0,C1C2,0,118.5,565.85,0,-1
111,legit_5,198.4,278.1,12.7266,-0.0833,180.0,B2B1,1,95.13,636.63,0,-1
111,legit_6,89.57,601.6,13.4139,0.7218,270.0,B3A3,4,60.45,636.82,0,-1
111,legit_7,148.29,201.6,13.6067,-0.0594,270.0,B1A1,1,81.62,700.33,0,-1
111,legit_8,447.03,601.6,13.137,0.2596,270.0,D3C3,1,3.38,464.34,0,-1
111,legit_9,798.4,992.57,4.7788,-0.8199,160.51,E5E4,6,99.94,588.85,0,-1
111,sybil_0,-1.6,346.13,6.5172,4.5196,180.0,A2A1,8,152.23,746.25,1,0
111,sybil_1,-1.6,346.13,18.3624,15.8707,180.0,A3A2,8,152.23,746.25,1,0
111,sybil_10,90.35,1.6,14.3468,-7.2405,270.0,B0A0,2,132.58,856.71,1,3
111,sybil_11,90.35,1.6,25.1577,24.8565,270.0,B0A0,2,132.58,856.71,1,3
111,sybil_12,-1.6,208.99,11.7512,2.7531,180.0,A2A1,5,175.79,798.36,1,4
111,sybil_13,-1.6,208.99,9.5146,-8.9224,180.0,A2A1,5,175.79,798.36,1,4
111,sybil_14,-1.6,208.99,0.0,-11.6308,180.0,A2A1,5,175.79,798.36,1,4
111,sybil_15,-1.31,394.82,19.6183,18.8333,202.56,:A2_4,8,155.27,732.72,1,5
111,sybil_16,-1.31,394.82,13.7249,12.6942,270.0,B2A2,8,155.27,732.72,1,5
111,sybil_17,-1.31,394.82,1.3987,-6.8049,270.0,B2A2,8,155.27,732.72,1,5
111,sybil_18,798.4,905.06,7.2839,0.8774,180.0,E5E4,7,81.09,545.5,1,6
111,sybil_19,798.4,905.06,2.7652,-6.7296,180.0,E5E4,7,81.09,545.5,1,6
111,sybil_2,-1.6,346.13,20.7151,17.2217,180.0,A3A2,8,152.23,746.25,1,0
111,sybil_20,798.4,905.06,11.2201,-6.2529,0.0,E4E5,7,81.09,545.5,1,6
111,sybil_21,801.6,969.15,17.3175,13.5032,0.0,E4E5,6,122.27,577.38,1,7
111,sybil_22,801.6,969.15,0.0,-1.0336,0.0,E4E5,6,122.27,577.38,1,7
111,sybil_23,801.6,969.15,13.1715,2.852,0.0,E4E5,6,122.27,577.38,1,7
111,sybil_24,724.96,198.4,21.9005,6.7767,90.0,D1E1,5,82.3,577.56,1,8
111,sybil_25,724.96,198.4,30.7884,14.6535,90.0,D1E1,5,82.3,577.56,1,8
111,sybil_26,724.96,198.4,15.7746,4.7452,90.0,D1E1,5,82.3,577.56,1,8
111,sybil_27,609.94,198.4,0.0,0.0,109.59,D1E1,5,160.51,568.37,1,9
111,sybil_28,609.94,198.4,7.7811,7.7811,270.0,E1D1,5,160.51,568.37,1,9
111,sybil_29,609.94,198.4,18.2695,18.2695,270.0,E1D1,5,160.51,568.37,1,9
111,sybil_3,-1.6,538.38,23.8818,3.1104,180.0,A3A2,7,163.64,709.99,1,1
111,sybil_4,-1.6,538.38,4.3478,-0.5004,180.0,A3A2,7,163.64,709.99,1,1
111,sybil_5,-1.6,538.38,0.0,-8.6142,339.47,:A3_11,7,163.64,709.99,1,1
112,legit_10,587.62,598.4,8.4721,-3.3591,90.0,C3D3,0,137.63,450.86,0,-1
112,legit_11,322.15,-1.6,12.4136,-0.1718,90.0,B0C0,0,176.44,753.42,0,-1
112,legit_12,757.62,801.6,10.5019,1.4409,270.0,E4D4,3,39.15,496.4,0,-1
112,legit_13,1001.6,569.6,13.3626,0.1336,0.0,F2F3,0,57.16,567.24,0,-1
112,legit_14,319.97,398.4,13.4239,-0.1202,90.0,B2C2,0,135.58,536.98,0,-1
112,legit_15,198.4,772.36,9.5372,1.3586,180.0,B4B3,1,83.17,587.2,0,-1
112,legit_16,-1.6,616.91,12.2052,-0.7658,180.0,A4A3,4,152.54,707.81,0,-1
112,legit_17,95.49,-1.6,11.5067,-0.6958,90.0,A0B0,2,133.26,855.97,0,-1
112,legit_18,227.21,798.4,6.6882,2.545,90.0,B4C4,1,87.71,578.25,0,-1
112,legit_3,109.15,1001.6,11.7449,-0.2252,270.0,B5A5,0,88.41,725.96,0,-1
112,legit_4,401.6,264.7,12.8638,-0.2334,0.0,C1C2,0,106.88,559.56,0,-1
112,legit_5,198.4,265.23,12.8724,0.1458,180.0,B2B1,1,106.41,642.34,0,-1
112,legit_6,76.13,601.6,13.4459,0.032,270.0,B3A3,4,73.89,646.87,0,-1
112,legit_7,135.52,201.6,12.7741,-0.8326,270.0,B1A1,3,82.88,707.94,0,-1
112,legit_8,434.07,601.6,12.9605,-0.1765,270.0,D3C3,0,16.01,467.97,0,-1
112,legit_9,798.4,986.36,6.203,1.4241,180.0,E5E4,6,105.41,585.52,0,-1
112,sybil_0,-1.6,333.84,17.4539,10.9367,180.0,A2A1,7,153.84,750.06,1,0
112,sybil_1,-1.6,333.84,23.1464,4.784,180.0,A3A2,7,153.84,750.06,1,0
112,sybil_10,78.99,1.6,4.1934,-10.1534,270.0,B0A0,2,138.06,863.39,1,3
112,sybil_11,78.99,1.6,15.9392,-9.2185,270.0,B0A0,2,138.06,863.39,1,3
112,sybil_13,-1.6,223.32,4.703,-4.8116,180.0,A2A1,5,183.46,791.97,1,4
112,sybil_14,-1.6,223.32,6.4849,6.4849,180.0,A2A1,5,183.46,791.97,1,4
112,sybil_15,-1.6,387.26,0.0,-19.6183,180.0,A2A1,8,154.03,734.82,1,5
112,sybil_16,-1.6,387.26,16.4682,2.7433,270.0,B2A2,8,154.03,734.82,1,5
112,sybil_17,-1.6,387.26,0.0,-1.3987,270.0,B2A2,8,154.03,734.82,1,5
112,sybil_18,798.4,891.4,16.3335,9.0497,180.0,E5E4,7,70.6,539.49,1,6
112,sybil_19,798.4,891.4,7.9436,5.1783,180.0,E5E4,7,70.6,539.49,1,6
112,sybil_2,-1.6,333.84,10.7521,-9.963,180.0,A3A2,7,153.84,750.06,1,0
112,sybil_20,798.4,891.4,8.3392,-2.8809,0.0,E4E5,7,70.6,539.49,1,6
112,sybil_21,801.6,978.15,14.9004,-2.4171,0.0,E4E5,6,114.17,582.07,1,7
112,sybil_22,801.6,978.15,21.9257,21.9257,0.0,E4E5,6,114.17,582.07,1,7
112,sybil_23,801.6,978.15,19.3734,6.2019,0.0,E4E5,6,114.17,582.07,1,7
112,sybil_24,737.11,198.4,10.7023,-11.1982,90.0,D1E1,5,79.45,579.61,1,8
112,sybil_25,737.11,198.4,15.0267,-15.7617,90.0,D1E1,5,79.45,579.61,1,8
112,sybil_26,737.11,198.4,6.5326,-9.2421,90.0,D1E1,5,79.45,579.61,1,8
112,sybil_27,615.44,198.4,13.7084,13.7084,90.0,D1E1,5,155.73,568.45,1,9
112,sybil_28,615.44,198.4,0.0,-7.7811,270.0,E1D1,5,155.73,568.45,1,9
112,sybil_29,615.44,198.4,0.0,-18.2695,270.0,E1D1,5,155.73,568.45,1,9
112,sybil_3,-1.6,526.8,2.811,-21.0707,180.0,A3A2,7,168.35,710.95,1,1
112,sybil_4,-1.6,526.8,3.0263,-1.3214,180.0,A3A2,7,168.35,710.95,1,1
112,sybil_5,-1.6,526.8,0.0,0.0,245.0,A3A2,7,168.35,710.95,1,1
113,legit_10,591.6,598.4,3.9721,-4.5,90.0,C3D3,0,141.61,450.81,0,-1
113,legit_11,335.02,-1.6,12.8705,0.4569,90.0,B0C0,0,167.35,749.23,0,-1
113,legit_12,744.95,801.6,12.6662,2.1643,270.0,E4D4,3,38.73,493.63,0,-1
113,legit_13,1001.6,583.19,13.5905,0.2279,0.0,F2F3,0,51.24,566.64,0,-1
113,legit_14,333.19,398.4,13.2168,-0.2071,90.0,B2C2,1,122.96,531.72,0,-1
113,legit_15,198.4,761.15,11.2175,1.6803,180.0,B4B3,1,92.52,584.83,0,-1
113,legit_16,-1.6,609.2,7.7052,-4.5,180.0,A4A3,4,151.88,707.68,0,-1
113,legit_17,107.76,-1.6,12.2697,0.763,90.0,A0B0,2,128.73,848.97,0,-1
113,legit_18,236.33,798.4,9.1144,2.4262,90.0,B4C4,1,95.83,573.7,0,-1
113,legit_3,97.36,1001.6,11.79,0.0451,270.0,B5A5,0,94.44,733.61,0,-1
113,legit_4,401.6,277.46,12.7515,-0.1123,0.0,C1C2,1,95.69,553.51,0,-1
113,legit_5,198.4,253.52,11.7134,-1.159,180.0,B2B1,1,116.97,647.67,0,-1
113,legit_6,63.2,601.6,12.9258,-0.5202,270.0,B3A3,4,86.82,656.66,0,-1
113,legit_7,121.7,201.6,13.815,1.041,270.0,B1A1,3,86.37,716.44,0,-1
113,legit_8,420.68,601.6,13.3867,0.4262,270.0,D3C3,0,29.36,471.95,0,-1
113,legit_9,798.4,978.73,7.6288,1.4258,180.0,E5E4,6,112.24,581.47,0,-1
113,sybil_0,-1.6,322.13,11.0659,-6.388,180.0,A2A1,7,156.26,753.85,1,0
113,sybil_1,-1.6,322.13,10.1427,-13.0036,180.0,A3A2,7,156.26,753.85,1,0
113,sybil_10,67.71,1.6,11.1452,6.9518,270.0,B0A0,2,144.19,870.15,1,3
113,sybil_11,67.71,1.6,14.8841,-1.0551,270.0,B0A0,2,144.19,870.15,1,3
113,sybil_13,-1.6,210.52,12.2746,7.5716,180.0,A2A1,5,176.57,797.67,1,4
113,sybil_14,-1.6,210.52,5.8977,-0.5872,180.0,A2A1,5,176.57,797.67,1,4
113,sybil_15,-1.6,377.38,0.0,0.0,180.0,A2A1,8,152.59,737.38,1,5
113,sybil_16,-1.6,377.38,0.0446,-16.4236,270.0,B2A2,8,152.59,737.38,1,5
113,sybil_17,-1.6,377.38,0.0,0.0,270.0,B2A2,8,152.59,737.38,1,5
113,sybil_18,798.4,878.2,15.0381,-1.2955,180.0,E5E4,7,61.66,533.92,1,6
113,sybil_19,798.4,878.2,22.5997,14.6561,180.0,E5E4,7,61.66,533.92,1,6
113,sybil_2,-1.6,322.13,16.2164,5.4643,180.0,A3A2,7,156.26,753.85,1,0
113,sybil_20,798.4,878.2,0.0,-8.3392,340.61,:E5_5,7,61.66,533.92,1,6
113,sybil_21,801.6,983.22,0.0,-14.9004,0.0,E4E5,6,109.67,584.75,1,7
113,sybil_22,801.6,983.22,28.0559,6.1301,0.0,E4E5,6,109.67,584.75,1,7
113,sybil_23,801.6,983.22,7.5856,-11.7878,0.0,E4E5,6,109.67,584.75,1,7
113,sybil_24,748.79,198.4,20.6482,9.9459,90.0,D1E1,5,78.41,581.83,1,8
113,sybil_25,748.79,198.4,18.7087,3.682,90.0,D1E1,5,78.41,581.83,1,8
113,sybil_26,748.79,198.4,25.5326,19.0,90.0,D1E1,5,78.41,581.83,1,8
113,sybil_27,622.93,198.4,5.8955,-7.8129,90.0,D1E1,5,149.31,568.6,1,9
113,sybil_28,622.93,198.4,6.928,6.928,255.88,:D1_7,5,149.31,568.6,1,9
113,sybil_29,622.93,198.4,0.0,0.0,270.0,E1D1,5,149.31,568.6,1,9
113,sybil_3,-1.6,515.14,1.5971,-1.2139,180.0,A3A2,7,173.74,712.07,1,1
113,sybil_4,-1.6,515.14,5.2199,2.1936,180.0,A3A2,7,173.74,712.07,1,1
113,sybil_5,-1.6,515.14,2.9909,2.9909,180.0,A3A2,7,173.74,712.07,1,1
114,legit_10,597.47,598.4,5.8779,1.9058,90.0,:D3_13,0,147.48,450.78,0,-1
114,legit_11,347.72,-1.6,12.6953,-0.1751,90.0,B0C0,0,158.9,745.27,0,-1
114,legit_12,731.19,801.6,13.7563,1.09,270.0,E4D4,3,42.76,491.05,0,-1
114,legit_13,1001.6,596.2,13.0081,-0.5824,0.0,:F3_3,0,48.55,566.38,0,-1
114,legit_14,346.79,398.4,13.5989,0.3821,90.0,B2C2,1,110.12,526.5,0,-1
114,legit_15,198.4,748.53,12.6223,1.4049,180.0,B4B3,1,103.49,582.33,0,-1
114,legit_16,-0.71,605.96,3.5436,-4.1616,169.29,:A3_10,4,150.83,706.93,0,-1
114,legit_17,119.21,-1.6,11.4509,-0.8188,90.0,A0B0,2,125.44,842.58,0,-1
114,legit_18,247.13,798.4,10.8009,1.6865,90.0,B4C4,1,105.66,568.43,0,-1
114,legit_19,601.6,212.3,0.0,0.0,0.0,D1D2,3,174.76,560.51,0,-1
114,legit_3,85.36,1001.6,11.9924,0.2024,270.0,B5A5,0,101.61,741.56,0,-1
114,legit_4,401.6,290.17,12.7156,-0.0359,0.0,C1C2,1,84.96,547.65,0,-1
114,legit_5,198.4,241.49,12.0255,0.3121,180.0,B2B1,1,128.01,653.28,0,-1
114,legit_6,50.6,601.6,12.6025,-0.3233,270.0,B3A3,4,99.42,666.34,0,-1
114,legit_7,108.17,201.6,13.5357,-0.2793,270.0,B1A1,2,91.7,725.03,0,-1
114,legit_8,411.76,601.6,8.9183,-4.4683,270.0,D3C3,0,38.27,474.71,0,-1
114,legit_9,798.4,969.34,9.3965,1.7677,180.0,E5E4,6,120.78,576.57,0,-1
114,sybil_0,-1.6,310.83,13.9842,2.9183,180.0,A2A1,6,159.37,757.66,1,0
114,sybil_1,-1.6,310.83,24.8725,14.7297,180.0,A3A2,6,159.37,757.66,1,0
114,sybil_10,57.33,1.6,24.4025,13.2574,270.0,B0A0,2,150.36,876.47,1,3
114,sybil_11,57.33,1.6,24.914,10.03,270.0,B0A0,2,150.36,876.47,1,3
114,sybil_14,-1.6,271.14,21.0793,15.1817,180.0,A2A1,7,175.72,772.2,1,4
114,sybil_15,-1.6,365.94,12.5041,12.5041,180.0,A2A1,9,151.72,740.49,1,5
114,sybil_16,-1.6,365.94,6.4761,6.4315,270.0,B2A2,9,151.72,740.49,1,5
114,sybil_17,-1.6,365.94,0.0,0.0,270.0,B2A2,9,151.72,740.49,1,5
114,sybil_18,798.4,864.84,15.3092,0.2711,180.0,E5E4,7,54.4,528.55,1,6
114,sybil_19,798.4,864.84,25.6186,3.0189,180.0,E5E4,7,54.4,528.55,1,6
114,sybil_2,-1.6,310.83,11.4771,-4.7393,180.0,A3A2,6,159.37,757.66,1,0
114,sybil_20,798.4,864.84,6.4252,6.4252,234.58,E5E4,7,54.4,528.55,1,6
114,sybil_21,801.6,987.11,0.0,0.0,0.0,E4E5,6,106.26,586.82,1,7
114,sybil_22,801.6,987.11,9.4566,-18.5992,0.0,E4E5,6,106.26,586.82,1,7
114,sybil_23,801.6,987.11,10.1174,2.5318,0.0,E4E5,6,106.26,586.82,1,7
114,sybil_24,759.98,198.4,6.4164,-14.2319,90.0,D1E1,5,79.03,584.17,1,8
114,sybil_25,759.98,198.4,0.0,-18.7087,90.0,D1E1,5,79.03,584.17,1,8
114,sybil_26,759.98,198.4,17.9001,-7.6325,90.0,D1E1,5,79.03,584.17,1,8
114,sybil_27,631.77,198.4,5.6686,-0.227,90.0,D1E1,6,141.86,568.87,1,9
114,sybil_28,631.77,198.4,0.0,-6.928,190.82,:D1_7,6,141.86,568.87,1,9
114,sybil_29,631.77,198.4,8.7004,8.7004,270.0,E1D1,6,141.86,568.87,1,9
114,sybil_3,-1.6,503.17,14.5172,12.9201,180.0,A3A2,7,179.89,713.4,1,1
114,sybil_4,-1.6,503.17,16.4039,11.184,180.0,A3A2,7,179.89,713.4,1,1
114,sybil_5,-1.6,503.17,4.6282,1.6374,180.0,A3A2,7,179.89,713.4,1,1
115,legit_10,604.97,598.4,7.5003,1.6224,90.0,:D3_13,0,145.03,450.79,0,-1
115,legit_11,359.85,-1.6,12.1321,-0.5632,90.0,B0C0,0,151.37,741.65,0,-1
115,legit_12,718.4,801.6,12.7991,-0.9572,270.0,E4D4,3,49.73,489.0,0,-1
115,legit_13,1001.6,608.96,12.7659,-0.2422,0.0,F3F4,0,49.22,566.44,0,-1
115,legit_14,360.52,398.4,13.7363,0.1374,90.0,B2C2,1,97.37,521.44,0,-1
115,legit_15,198.4,734.88,13.6442,1.0218,180.0,B4B3,1,115.73,579.82,0,-1
115,legit_16,1.27,606.71,2.5431,-1.0005,116.06,:A3_10,4,148.88,705.34,0,-1
115,legit_17,130.46,-1.6,11.2444,-0.2065,90.0,A0B0,2,123.16,836.45,0,-1
115,legit_18,258.21,798.4,11.0798,0.2788,90.0,B4C4,1,115.93,563.15,0,-1
115,legit_19,601.6,213.65,1.3549,1.3549,0.0,D1D2,3,175.48,559.76,0,-1
115,legit_3,72.88,1001.6,12.4791,0.4867,270.0,B5A5,0,109.97,750.01,0,-1
115,legit_4,401.6,302.63,12.4544,-0.2612,0.0,C1C2,1,75.06,542.09,0,-1
115,legit_5,198.4,228.86,12.6339,0.6084,180.0,B2B1,1,119.13,659.32,0,-1
115,legit_6,36.94,601.6,13.6609,1.0584,270.0,B3A3,4,113.08,676.96,0,-1
115,legit_7,95.55,201.6,12.612,-0.9237,270.0,B1A1,5,98.1,733.24,0,-1
115,legit_8,407.34,601.6,4.4183,-4.5,270.0,D3C3,0,42.69,476.11,0,-1
115,legit_9,798.4,957.89,11.4479,2.0514,180.0,E5E4,6,127.44,570.72,0,-1
115,sybil_0,-1.6,299.42,6.0701,-7.9141,180.0,A2A1,7,163.25,761.66,1,0
115,sybil_1,-1.6,299.42,0.0,-24.8725,180.0,A3A2,7,163.25,761.66,1,0
115,sybil_10,46.97,1.6,16.4211,-7.9815,270.0,B0A0,2,156.95,882.87,1,3
115,sybil_11,46.97,1.6,10.7432,-14.1708,270.0,B0A0,2,156.95,882.87,1,3
115,sybil_14,-1.6,260.43,3.7769,-17.3024,180.0,A2A1,7,181.37,776.41,1,4
115,sybil_15,-1.6,352.78,20.9184,8.4143,180.0,A2A1,9,151.77,744.26,1,5
115,sybil_16,-1.6,352.78,0.0,-6.4761,270.0,B2A2,9,151.77,744.26,1,5
115,sybil_17,-1.6,352.78,16.0536,16.0536,270.0,B2A2,9,151.77,744.26,1,5
115,sybil_18,798.4,851.82,7.827,-7.4822,180.0,E5E4,7,49.82,523.61,1,6
115,sybil_19,798.4,851.82,20.8582,-4.7604,180.0,E5E4,7,49.82,523.61,1,6
115,sybil_2,-1.6,299.42,18.2687,6.7916,180.0,A3A2,7,163.25,761.66,1,0
115,sybil_20,798.4,851.82,22.1898,15.7646,180.0,E5E4,7,49.82,523.61,1,6
115,sybil_21,801.6,989.96,0.8038,0.8038,0.0,E4E5,6,103.78,588.35,1,7
115,sybil_22,801.6,989.96,0.0,-9.4566,0.0,E4E5,6,103.78,588.35,1,7
115,sybil_23,801.6,989.96,12.7842,2.6668,0.0,E4E5,6,103.78,588.35,1,7
115,sybil_24,770.94,198.4,3.2269,-3.1894,90.0,D1E1,5,81.15,586.67,1,8
115,sybil_25,770.94,198.4,20.6656,20.6656,90.0,D1E1,5,81.15,586.67,1,8
115,sybil_26,770.94,198.4,15.8532,-2.0469,90.0,D1E1,5,81.15,586.67,1,8
115,sybil_27,642.69,198.4,0.0,-5.6686,90.0,D1E1,6,132.9,569.32,1,9
115,sybil_28,642.69,198.4,0.9332,0.9332,100.29,D1E1,6,132.9,569.32,1,9
115,sybil_29,642.69,198.4,8.9222,0.2217,270.0,E1D1,6,132.9,569.32,1,9
115,sybil_3,-1.6,490.74,7.0777,-7.4395,180.0,A3A2,7,186.87,714.95,1,1
115,sybil_4,-1.6,490.74,20.3193,3.9153,180.0,A3A2,7,186.87,714.95,1,1
115,sybil_5,-1.6,490.74,3.728,-0.9003,180.0,A3A2,7,186.87,714.95,1,1
116,legit_10,615.03,598.4,10.0519,2.5516,90.0,D3E3,0,134.98,450.9,0,-1
116,legit_11,373.11,-1.6,13.2651,1.133,90.0,B0C0,0,143.87,737.88,0,-1
116,legit_12,704.86,801.6,13.5357,0.7366,270.0,E4D4,3,59.26,487.14,0,-1
116,legit_13,1001.6,622.6,13.6403,0.8744,0.0,F3F4,0,53.42,566.86,0,-1
116,legit_14,374.28,398.4,13.7564,0.0201,90.0,B2C2,1,84.9,516.58,0,-1
116,legit_15,198.4,722.12,12.7621,-0.882,180.0,B4B3,1,127.43,577.65,0,-1
116,legit_16,1.6,609.08,2.4677,-0.0754,36.32,A3A4,4,148.68,705.1,0,-1
116,legit_17,142.3,-1.6,11.846,0.6016,90.0,A0B0,2,121.84,830.14,0,-1
116,legit_18,269.84,798.4,11.6349,0.5551,90.0,B4C4,1,126.86,557.75,0,-1
116,legit_19,601.6,217.03,3.3793,2.0244,0.0,D1D2,3,177.31,557.9,0,-1
116,legit_3,61.28,1001.6,11.6025,-0.8766,270.0,B5A5,0,118.4,757.99,0,-1
116,legit_4,401.6,315.71,13.0886,0.6343,0.0,C1C2,1,65.6,536.46,0,-1
116,legit_5,198.4,216.94,11.9152,-0.7187,180.0,B2B1,1,108.35,665.15,0,-1
116,legit_6,23.67,601.6,13.2627,-0.3982,270.0,B3A3,4,126.34,687.41,0,-1
116,legit_7,82.09,201.6,13.4666,0.8546,270.0,B1A1,5,106.16,742.22,0,-1
116,legit_8,402.27,604.22,6.0865,1.6682,301.91,:C3_4,0,47.92,477.76,0,-1
116,legit_9,798.4,945.7,12.1905,0.7426,180.0,E5E4,6,116.25,564.63,0,-1
116,sybil_0,-1.6,287.42,7.554,1.4839,180.0,A2A1,7,168.08,766.02,1,0
116,sybil_1,-1.6,287.42,22.3631,22.3631,180.0,:A2_0,7,168.08,766.02,1,0
116,sybil_10,35.52,1.6,4.5983,-11.8228,270.0,B0A0,2,164.69,890.04,1,3
116,sybil_11,35.52,1.6,6.6726,-4.0707,270.0,B0A0,2,164.69,890.04,1,3
116,sybil_14,-1.6,249.7,9.4927,5.7158,180.0,A2A1,7,187.48,780.76,1,4
116,sybil_15,-1.6,339.11,26.4184,5.5,180.0,A2A1,9,153.03,748.4,1,5
116,sybil_16,-1.6,339.11,0.0,0.0,270.0,B2A2,9,153.03,748.4,1,5
116,sybil_17,-1.6,339.11,11.3645,-4.6891,270.0,B2A2,9,153.03,748.4,1,5
116,sybil_18,798.4,838.94,4.1403,-3.6867,180.0,E5E4,4,48.41,519.04,1,6
116,sybil_19,798.4,838.94,12.869,-7.9892,180.0,E5E4,4,48.41,519.04,1,6
116,sybil_2,-1.6,287.42,6.3406,-11.9281,180.0,A3A2,7,168.08,766.02,1,0
116,sybil_20,798.4,838.94,5.3921,-16.7977,180.0,E5E4,4,48.41,519.04,1,6
116,sybil_21,801.54,992.88,2.4379,1.6341,359.36,:E5_5,3,101.22,589.91,1,7
116,sybil_22,801.54,992.88,0.0,0.0,0.0,E4E5,3,101.22,589.91,1,7
116,sybil_23,801.54,992.88,14.6848,1.9005,0.0,E4E5,3,101.22,589.91,1,7
116,sybil_24,782.45,198.4,1.4549,-1.772,90.0,D1E1,5,84.85,589.51,1,8
116,sybil_25,782.45,198.4,11.3417,-9.3239,90.0,D1E1,5,84.85,589.51,1,8
116,sybil_26,782.45,198.4,9.5666,-6.2865,90.0,D1E1,5,84.85,589.51,1,8
116,sybil_27,655.92,198.4,29.5385,29.5385,90.0,D1E1,6,122.46,570.06,1,9
116,sybil_28,655.92,198.4,0.0,-0.9332,90.0,D1E1,6,122.46,570.06,1,9
116,sybil_29,655.92,198.4,0.0,-8.9222,269.55,:D1_7,6,122.46,570.06,1,9
116,sybil_3,-1.6,478.37,0.136,-6.9417,180.0,A3A2,7,192.34,716.67,1,1
116,sybil_4,-1.6,478.37,23.4306,3.1113,180.0,A3A2,7,192.34,716.67,1,1
116,sybil_5,-1.6,478.37,9.9387,6.2107,180.0,A3A2,7,192.34,716.67,1,1
117,legit_10,627.4,598.4,12.3734,2.3215,90.0,D3E3,0,122.61,451.19,0,-1
117,legit_11,385.79,-1.6,12.6807,-0.5844,90.0,B0C0,0,137.51,734.46,0,-1
117,legit_12,691.31,801.6,13.5534,0.0177,270.0,E4D4,3,70.14,485.56,0,-1
117,legit_13,1001.6,636.48,13.8753,0.235,0.0,F3F4,0,60.61,567.61,0,-1
117,legit_14,384.56,398.4,10.2815,-3.4749,90.0,B2C2,1,75.87,513.1,0,-1
117,legit_15,198.4,708.69,13.4252,0.663,180.0,B4B3,1,118.98,575.54,0,-1
117,legit_16,1.6,613.87,4.7865,2.3188,0.0,A3A4,4,149.05,705.17,0,-1
117,legit_17,154.11,-1.6,11.8031,-0.0429,90.0,A0B0,2,121.67,824.01,0,-1
117,legit_18,281.25,798.4,11.4022,-0.2327,90.0,B4C4,1,137.68,552.59,0,-1
117,legit_19,601.6,222.94,5.9078,2.5285,0.0,D1D2,3,180.61,554.69,0,-1
117,legit_3,49.25,1001.6,12.0266,0.4241,270.0,B5A5,0,127.66,766.4,0,-1
117,legit_4,401.6,328.52,12.8109,-0.2777,0.0,C1C2,1,57.73,531.18,0,-1
117,legit_6,10.01,601.6,13.664,0.4013,270.0,B3A3,4,140.0,698.29,0,-1
117,legit_7,69.04,201.6,13.0453,-0.4213,270.0,B1A1,7,114.95,751.1,0,-1
117,legit_8,401.6,609.67,5.5533,-0.5333,355.62,C3C4,0,49.36,478.06,0,-1
117,legit_9,798.4,933.54,12.164,-0.0264,180.0,E5E4,6,105.32,558.72,0,-1
117,sybil_0,-1.6,275.22,15.9518,8.3978,180.0,A2A1,7,173.69,770.62,1,0
117,sybil_1,-1.6,275.22,20.5919,-1.7711,180.0,A2A1,7,173.69,770.62,1,0
117,sybil_10,25.1,1.6,4.1394,-0.4588,270.0,B0A0,2,172.1,896.66,1,3
117,sybil_11,25.1,1.6,14.8773,8.2047,270.0,B0A0,2,172.1,896.66,1,3
117,sybil_14,-1.6,238.02,15.4126,5.9199,180.0,A2A1,7,192.13,785.63,1,4
117,sybil_15,-1.6,325.7,2.9619,-23.4566,180.0,A2A1,10,155.43,752.68,1,5
117,sybil_16,-1.6,325.7,3.3613,3.3613,270.0,B2A2,10,155.43,752.68,1,5
117,sybil_17,-1.6,325.7,0.0,-11.3645,270.0,B2A2,10,155.43,752.68,1,5
117,sybil_18,798.4,825.36,7.1027,2.9625,180.0,E5E4,4,50.57,514.59,1,6
117,sybil_19,798.4,825.36,21.2482,8.3791,180.0,E5E4,4,50.57,514.59,1,6
117,sybil_2,-1.6,275.22,12.5907,6.2501,180.0,A3A2,7,173.69,770.62,1,0
117,sybil_20,798.4,825.36,0.9654,-4.4268,180.0,E5E4,4,50.57,514.59,1,6
117,sybil_21,799.07,993.8,1.1819,-1.2561,315.06,:E5_5,3,99.19,589.71,1,7
117,sybil_22,799.07,993.8,0.0,0.0,0.0,E4E5,3,99.19,589.71,1,7
117,sybil_23,799.07,993.8,8.2695,-6.4153,0.0,E4E5,3,99.19,589.71,1,7
117,sybil_25,755.1,198.4,32.4141,21.0724,90.0,D1E1,4,78.57,583.12,1,8
117,sybil_26,755.1,198.4,26.1252,16.5585,90.0,D1E1,4,78.57,583.12,1,8
117,sybil_27,668.88,198.4,13.5518,-15.9867,90.0,D1E1,5,112.81,570.98,1,9
117,sybil_28,668.88,198.4,9.7804,9.7804,90.0,D1E1,5,112.81,570.98,1,9
117,sybil_29,668.88,198.4,7.9284,7.9284,235.99,:D1_7,5,112.81,570.98,1,9
117,sybil_3,-1.6,466.38,14.2451,14.1091,180.0,A3A2,7,185.2,718.51,1,1
117,sybil_4,-1.6,466.38,12.2714,-11.1592,180.0,A3A2,7,185.2,718.51,1,1
117,sybil_5,-1.6,466.38,14.9721,5.0334,180.0,A3A2,7,185.2,718.51,1,1
118,legit_10,641.15,598.4,13.753,1.3796,90.0,D3E3,0,108.86,451.72,0,-1
118,legit_11,398.45,-1.6,12.6574,-0.0233,90.0,:C0_6,0,132.07,731.24,0,-1
118,legit_12,678.11,801.6,13.1999,-0.3536,270.0,E4D4,3,81.51,484.25,0,-1
118,legit_13,1001.6,650.08,13.6027,-0.2726,0.0,F3F4,0,69.65,568.62,0,-1
118,legit_14,390.34,398.4,5.7815,-4.5,90.0,B2C2,1,70.95,511.2,0,-1
118,legit_15,198.4,695.87,12.8284,-0.5967,180.0,B4B3,1,107.39,573.71,0,-1
118,legit_16,1.6,620.79,6.9275,2.141,0.0,A3A4,0,149.85,705.32,0,-1
118,legit_17,165.55,-1.6,11.4432,-0.3599,90.0,A0B0,0,122.59,818.22,0,-1
118,legit_18,292.42,798.4,11.1756,-0.2266,90.0,B4C4,1,148.37,547.67,0,-1
118,legit_19,601.6,230.86,7.9133,2.0056,0.0,D1D2,3,185.23,550.46,0,-1
118,legit_3,37.35,1001.6,11.905,-0.1216,270.0,B5A5,0,137.25,774.85,0,-1
118,legit_4,401.6,341.37,12.8423,0.0314,0.0,C1C2,1,51.86,526.15,0,-1
118,legit_7,56.02,201.6,13.0187,-0.0266,270.0,B1A1,7,124.46,760.13,0,-1
118,legit_8,401.6,617.25,7.5813,2.028,0.0,C3C4,0,51.38,478.27,0,-1
118,legit_9,798.4,921.45,12.0895,-0.0745,180.0,E5E4,6,94.74,552.99,0,-1
118,sybil_0,-1.6,263.54,11.8479,-4.1039,180.0,A2A1,7,179.69,775.18,1,0
118,sybil_1,-1.6,263.54,7.2652,-13.3267,180.0,A2A1,7,179.69,775.18,1,0
118,sybil_10,14.35,1.6,8.8652,4.7258,270.0,B0A0,1,180.05,903.57,1,3
118,sybil_11,14.35,1.6,16.7474,1.8701,270.0,B0A0,1,180.05,903.57,1,3
118,sybil_14,-1.6,226.55,10.3372,-5.0754,180.0,A2A1,7,185.3,790.56,1,4
118,sybil_15,-1.6,312.37,16.187,13.2252,180.0,A2A1,10,158.9,757.13,1,5
118,sybil_16,-1.6,312.37,0.0,-3.3613,270.0,B2A2,10,158.9,757.13,1,5
118,sybil_17,-1.6,312.37,5.2828,5.2828,270.0,B2A2,10,158.9,757.13,1,5
118,sybil_18,798.4,813.74,18.8774,11.7746,180.0,E5E4,4,55.07,511.07,1,6
118,sybil_19,798.4,813.74,11.8053,-9.4429,180.0,E5E4,4,55.07,511.07,1,6
118,sybil_2,-1.6,263.54,26.1632,13.5725,180.0,A3A2,7,179.69,775.18,1,0
118,sybil_20,798.4,813.74,22.8153,21.8499,180.0,E5E4,4,55.07,511.07,1,6
118,sybil_21,798.4,990.56,3.0472,1.8654,208.47,E5E4,3,101.7,587.77,1,7
118,sybil_22,798.4,990.56,0.0,0.0,0.0,E4E5,3,101.7,587.77,1,7
118,sybil_23,798.4,990.56,10.1947,1.9253,0.0,E4E5,3,101.7,587.77,1,7
118,sybil_25,766.9,198.4,7.427,-24.9871,90.0,D1E1,4,80.2,585.72,1,8
118,sybil_26,766.9,198.4,0.0,-26.1252,90.0,D1E1,4,80.2,585.72,1,8
118,sybil_27,681.95,198.4,7.7155,-5.8363,90.0,D1E1,5,103.81,572.12,1,9
118,sybil_28,681.95,198.4,10.1813,0.401,90.0,D1E1,5,103.81,572.12,1,9
118,sybil_29,681.95,198.4,3.2909,-4.6375,124.96,D1E1,5,103.81,572.12,1,9
118,sybil_3,-1.6,453.81,3.9635,-10.2817,180.0,A3A2,5,178.28,720.61,1,1
118,sybil_4,-1.6,453.81,10.1231,-2.1482,180.0,A3A2,5,178.28,720.61,1,1
118,sybil_5,-1.6,453.81,15.3551,0.383,180.0,A3A2,5,178.28,720.61,1,1
119,legit_10,654.17,598.4,13.0165,-0.7365,90.0,D3E3,0,95.84,452.42,0,-1
119,legit_11,411.57,-1.6,13.114,0.4566,90.0,C0D0,0,127.53,728.12,0,-1
119,legit_12,665.08,801.6,13.0261,-0.1738,270.0,E4D4,3,93.2,483.18,0,-1
119,legit_13,1001.6,663.64,13.5553,-0.0474,0.0,F3F4,0,79.95,569.87,0,-1
119,legit_14,398.34,398.4,7.9915,2.2099,90.0,:C2_13,1,64.37,508.65,0,-1
119,legit_15,198.4,682.73,13.1311,0.3027,180.0,B4B3,0,95.85,572.01,0,-1
119,legit_16,1.6,630.26,9.4636,2.5361,0.0,A3A4,0,151.45,705.62,0,-1
119,legit_17,177.73,-1.6,12.1788,0.7356,90.0,A0B0,0,124.72,812.23,0,-1
119,legit_18,303.53,798.4,11.1052,-0.0704,90.0,B4C4,0,152.27,542.91,0,-1
119,legit_19,601.6,241.24,10.3881,2.4748,0.0,D1D2,3,190.07,545.02,0,-1
119,legit_3,24.9,1001.6,12.4514,0.5465,270.0,B5A5,0,147.64,783.8,0,-1
119,legit_4,401.6,354.25,12.881,0.0387,0.0,C1C2,1,48.74,521.42,0,-1
119,legit_7,42.47,201.6,13.5525,0.5337,270.0,B1A1,7,134.99,769.68,0,-1
119,legit_8,401.6,626.26,9.0134,1.432,0.0,C3C4,0,55.07,478.66,0,-1
119,legit_9,798.4,909.14,12.3041,0.2145,180.0,E5E4,6,84.4,547.34,0,-1
119,sybil_0,-1.6,252.1,0.0,-11.8479,180.0,A2A1,7,186.08,779.78,1,0
119,sybil_1,-1.6,252.1,11.8077,4.5425,180.0,A2A1,7,186.08,779.78,1,0
119,sybil_11,24.52,1.6,18.3845,1.637,270.0,B0A0,0,172.53,897.03,1,3
119,sybil_14,-1.6,214.94,15.9651,5.6279,180.0,A2A1,7,178.87,795.68,1,4
119,sybil_15,-1.6,299.31,0.0,-16.187,180.0,A2A1,10,163.3,761.7,1,5
119,sybil_16,-1.6,299.31,4.9025,4.9025,270.0,B2A2,10,163.3,761.7,1,5
119,sybil_17,-1.6,299.31,3.9108,-1.372,270.0,B2A2,10,163.3,761.7,1,5
119,sybil_18,798.32,806.63,0.1455,-18.7318,180.94,:E4_0,4,58.72,509.0,1,6
119,sybil_19,798.32,806.63,0.0,-11.8053,180.0,E5E4,4,58.72,509.0,1,6
119,sybil_2,-1.6,252.1,7.5431,-18.62,180.0,:A2_0,7,186.08,779.78,1,0
119,sybil_20,798.32,806.63,17.7568,-5.0585,180.0,E5E4,4,58.72,509.0,1,6
119,sybil_21,798.4,985.72,1.4538,-1.5934,180.0,E5E4,3,105.98,585.17,1,7
119,sybil_22,798.4,985.72,20.8354,20.8354,0.0,E4E5,3,105.98,585.17,1,7
119,sybil_23,798.4,985.72,6.6142,-3.5805,0.0,E4E5,3,105.98,585.17,1,7
119,sybil_25,779.27,198.4,19.9588,12.5318,90.0,D1E1,4,83.69,588.7,1,8
119,sybil_26,779.27,198.4,14.7408,14.7408,90.0,D1E1,4,83.69,588.7,1,8
119,sybil_27,695.68,198.4,6.5294,-1.1861,90.0,D1E1,5,95.38,573.56,1,9
119,sybil_28,695.68,198.4,16.6936,6.5123,90.0,D1E1,5,95.38,573.56,1,9
119,sybil_29,695.68,198.4,0.0,-3.2909,90.0,D1E1,5,95.38,573.56,1,9
119,sybil_3,-1.6,441.29,16.6721,12.7086,180.0,A3A2,5,172.02,722.89,1,1
119,sybil_4,-1.6,441.29,21.734,11.6109,180.0,A3A2,5,172.02,722.89,1,1
119,sybil_5,-1.6,441.29,15.6912,0.3362,180.0,A3A2,5,172.02,722.89,1,1
120,legit_10,667.25,598.4,13.0826,0.0661,90.0,D3E3,0,82.76,453.31,0,-1
120,legit_11,424.38,-1.6,12.8135,-0.3005,90.0,C0D0,0,124.27,725.27,0,-1
120,legit_12,651.85,801.6,13.2305,0.2044,270.0,E4D4,3,105.39,482.29,0,-1
120,legit_13,1001.6,676.58,12.9403,-0.615,0.0,F3F4,0,90.59,571.27,0,-1
120,legit_14,408.47,398.4,10.1349,2.1435,90.0,C2D2,1,56.56,505.54,0,-1
120,legit_15,198.4,668.91,13.8199,0.6888,180.0,B4B3,0,84.21,570.42,0,-1
120,legit_16,1.6,641.91,11.6557,2.192,0.0,A3A4,0,154.21,706.15,0,-1
120,legit_17,189.28,-1.6,11.5539,-0.6249,90.0,A0B0,0,127.79,806.7,0,-1
120,legit_18,315.09,798.4,11.5613,0.4561,90.0,B4C4,0,141.18,538.09,0,-1
120,legit_19,601.6,252.33,11.0886,0.7005,0.0,D1D2,3,183.34,539.37,0,-1
120,legit_20,187.7,1001.6,0.0,0.0,270.0,B5A5,0,86.99,680.04,0,-1
120,legit_3,12.55,1001.6,12.3452,-0.1063,270.0,B5A5,0,158.23,792.79,0,-1
120,legit_4,401.6,366.53,12.2806,-0.6004,0.0,C1C2,1,48.84,517.21,0,-1
120,legit_7,28.96,201.6,13.5146,-0.0379,270.0,B1A1,6,145.98,779.36,0,-1
120,legit_8,401.6,636.57,10.314,1.3006,0.0,C3C4,0,60.67,479.28,0,-1
120,legit_9,798.4,897.55,11.5897,-0.7143,180.0,E5E4,6,75.2,542.17,0,-1
120,sybil_0,-1.6,240.56,17.94,17.94,180.0,A2A1,6,193.0,784.56,1,0
120,sybil_1,-1.6,240.56,1.0998,-10.7079,180.0,A2A1,6,193.0,784.56,1,0
120,sybil_11,12.06,1.6,14.3771,-4.0074,270.0,B0A0,0,181.78,905.04,1,3
120,sybil_15,-1.6,286.16,19.0988,19.0988,180.0,A2A1,9,168.63,766.49,1,5
120,sybil_16,-1.6,286.16,6.2365,1.3339,270.0,B2A2,9,168.63,766.49,1,5
120,sybil_17,-1.6,286.16,0.0,-3.9108,270.0,B2A2,9,168.63,766.49,1,5
120,sybil_18,793.91,801.76,12.4189,12.2734,236.26,:E4_0,4,58.23,506.3,1,6
120,sybil_19,793.91,801.76,8.7734,8.7734,180.0,E5E4,4,58.23,506.3,1,6
120,sybil_2,-1.6,240.56,25.0359,17.4928,180.0,A2A1,6,193.0,784.56,1,0
120,sybil_20,793.91,801.76,8.1633,-9.5935,180.0,E5E4,4,58.23,506.3,1,6
120,sybil_21,798.4,978.99,11.8529,10.3992,180.0,E5E4,3,112.0,581.61,1,7
120,sybil_22,798.4,978.99,3.2277,-17.6077,328.41,:E5_5,3,112.0,581.61,1,7
120,sybil_23,798.4,978.99,14.7605,8.1462,0.0,E4E5,3,112.0,581.61,1,7
120,sybil_25,791.49,198.4,17.7669,-2.1919,90.0,D1E1,4,88.7,591.88,1,8
120,sybil_26,791.49,198.4,18.967,4.2262,90.0,D1E1,4,88.7,591.88,1,8
120,sybil_27,709.29,198.4,17.3651,10.8357,90.0,D1E1,5,88.34,575.25,1,9
120,sybil_28,709.29,198.4,4.2841,-12.4096,90.0,D1E1,5,88.34,575.25,1,9
120,sybil_29,709.29,198.4,0.0,0.0,90.0,D1E1,5,88.34,575.25,1,9
120,sybil_3,-1.6,429.02,19.4375,2.7655,180.0,A3A2,5,166.57,725.3,1,1
120,sybil_4,-1.6,429.02,3.586,-18.148,180.0,A3A2,5,166.57,725.3,1,1
120,sybil_5,-1.6,429.02,9.5588,-6.1324,180.0,A3A2,5,166.57,725.3,1,1
121,legit_10,680.23,598.4,12.9768,-0.1058,90.0,D3E3,0,69.79,454.39,0,-1
121,legit_11,437.3,-1.6,12.9226,0.1091,90.0,C0D0,0,122.26,722.61,0,-1
121,legit_12,638.41,801.6,13.4367,0.2062,270.0,E4D4,3,118.01,481.61,0,-1
121,legit_13,1001.6,690.44,13.863,0.9227,0.0,F3F4,0,102.58,572.98,0,-1
121,legit_14,420.51,398.4,12.0438,1.9089,90.0,C2D2,1,48.41,502.05,0,-1
121,legit_15,198.4,655.13,13.7888,-0.031,180.0,B4B3,0,73.36,569.06,0,-1
121,legit_16,1.6,655.0,13.0859,1.4302,0.0,A3A4,0,158.26,706.93,0,-1
121,legit_17,200.53,-1.6,11.2497,-0.3042,90.0,:B0_6,0,131.68,801.46,0,-1
121,legit_18,326.6,798.4,11.5116,-0.0497,90.0,B4C4,0,130.22,533.43,0,-1
121,legit_19,601.6,263.26,10.9284,-0.1602,0.0,D1D2,3,177.15,533.95,0,-1
121,legit_20,185.2,1001.6,2.5,2.5,270.0,B5A5,0,85.94,681.36,0,-1
121,legit_3,4.22,1001.6,8.3303,-4.0148,270.0,B5A5,0,165.52,798.91,0,-1
121,legit_4,401.6,379.4,12.8663,0.5856,0.0,C1C2,1,52.14,513.12,0,-1
121,legit_7,17.87,201.6,11.0846,-2.43,270.0,B1A1,6,155.29,787.4,0,-1
121,legit_8,401.6,649.24,12.6665,2.3525,0.0,C3C4,0,69.05,480.27,0,-1
121,legit_9,798.4,886.04,11.5104,-0.0794,180.0,E5E4,6,66.8,537.2,0,-1
121,sybil_0,-1.6,228.53,8.7344,-9.2056,180.0,A2A1,6,186.45,789.7,1,0
121,sybil_1,-1.6,228.53,17.7105,16.6106,180.0,A2A1,6,186.45,789.7,1,0
121,sybil_15,-1.6,273.02,7.9459,-11.1529,180.0,A2A1,9,174.78,771.47,1,5
121,sybil_16,-1.6,273.02,8.3856,2.1491,270.0,B2A2,9,174.78,771.47,1,5
121,sybil_17,-1.6,273.02,0.0,0.0,270.0,B2A2,9,174.78,771.47,1,5
121,sybil_18,787.12,801.6,14.6139,2.195,270.0,E4D4,4,53.41,504.23,1,6
121,sybil_19,787.12,801.6,15.68,6.9066,180.0,E5E4,4,53.41,504.23,1,6
121,sybil_2,-1.6,228.53,10.2593,-14.7766,180.0,A2A1,6,186.45,789.7,1,0
121,sybil_20,787.12,801.6,12.123,3.9597,180.0,E5E4,4,53.41,504.23,1,6
121,sybil_21,798.4,970.7,14.8763,3.0233,180.0,E5E4,3,119.54,577.27,1,7
121,sybil_22,798.4,970.7,8.3975,5.1698,224.68,E5E4,3,119.54,577.27,1,7
121,sybil_23,798.4,970.7,0.2914,-14.4691,0.0,E4E5,3,119.54,577.27,1,7
121,sybil_26,760.3,198.4,0.0,-18.967,90.0,D1E1,3,79.07,584.24,1,8
121,sybil_27,722.34,198.4,17.4238,0.0587,90.0,D1E1,4,83.14,577.14,1,9
121,sybil_28,722.34,198.4,14.8693,10.5852,90.0,D1E1,4,83.14,577.14,1,9
121,sybil_29,722.34,198.4,27.164,27.164,90.0,D1E1,4,83.14,577.14,1,9
121,sybil_3,-1.6,416.59,3.4482,-15.9893,180.0,A3A2,5,161.82,727.92,1,1
121,sybil_4,-1.6,416.59,24.7921,21.2061,180.0,A3A2,5,161.82,727.92,1,1
121,sybil_5,-1.6,416.59,9.3178,-0.2411,180.0,A3A2,5,161.82,727.92,1,1
122,legit_10,693.79,598.4,13.558,0.5812,90.0,D3E3,0,56.24,455.72,0,-1
122,legit_11,449.38,-1.6,12.0745,-0.8481,90.0,C0D0,0,121.6,720.33,0,-1
122,legit_12,624.85,801.6,13.5649,0.1282,270.0,E4D4,0,130.91,481.12,0,-1
122,legit_13,1001.6,704.15,13.7134,-0.1497,0.0,F3F4,0,114.85,574.87,0,-1
122,legit_14,433.68,398.4,13.1622,1.1183,90.0,C2D2,1,41.73,498.53,0,-1
122,legit_15,198.4,641.45,13.6777,-0.1112,180.0,B4B3,0,63.72,567.95,0,-1
122,legit_16,1.6,667.89,12.8854,-0.2005,0.0,A3A4,0,163.19,707.91,0,-1
122,legit_17,212.5,-1.6,11.9639,0.7142,90.0,B0C0,0,136.72,796.04,0,-1
122,legit_18,338.4,798.4,11.8034,0.2918,90.0,B4C4,1,119.1,528.8,0,-1
122,legit_19,601.6,274.06,10.7994,-0.129,0.0,D1D2,0,171.49,528.75,0,-1
122,legit_20,180.64,1001.6,4.558,2.058,270.0,B5A5,0,84.18,683.79,0,-1
122,legit_3,-0.63,1000.01,5.3492,-2.9811,250.56,:A5_0,0,170.56,801.77,0,-1
122,legit_4,401.6,392.09,12.6902,-0.176,0.0,C1C2,1,58.07,509.39,0,-1
122,legit_7,11.27,201.6,6.6021,-4.4825,270.0,B1A1,6,160.95,792.24,0,-1
122,legit_8,401.6,662.98,13.7411,1.0746,0.0,C3C4,1,79.43,481.6,0,-1
122,legit_9,798.4,874.32,11.7244,0.214,180.0,E5E4,6,59.33,532.33,0,-1
122,sybil_0,-1.6,216.71,14.0584,5.3241,180.0,A2A1,6,179.82,794.89,1,0
122,sybil_1,-1.6,216.71,7.0927,-10.6177,180.0,A2A1,6,179.82,794.89,1,0
122,sybil_15,-1.6,259.17,7.4209,-0.525,180.0,A2A1,9,182.07,776.92,1,5
122,sybil_16,-1.6,259.17,8.1419,-0.2437,270.0,B2A2,9,182.07,776.92,1,5
122,sybil_17,-1.6,259.17,0.0,0.0,270.0,B2A2,9,182.07,776.92,1,5
122,sybil_18,778.58,801.6,13.3528,-1.2611,270.0,E4D4,3,47.87,501.79,1,6
122,sybil_19,778.58,801.6,17.7527,2.0726,180.0,E5E4,3,47.87,501.79,1,6
122,sybil_2,-1.6,216.71,8.2742,-1.9852,180.0,A2A1,6,179.82,794.89,1,0
122,sybil_20,778.58,801.6,13.7466,1.6236,180.0,E5E4,3,47.87,501.79,1,6
122,sybil_21,798.4,960.08,23.3166,8.4403,180.0,E5E4,3,129.32,571.83,1,7
122,sybil_22,798.4,960.08,0.9306,-7.4669,180.0,E5E4,3,129.32,571.83,1,7
122,sybil_23,798.4,960.08,4.1245,3.8331,0.0,E4E5,3,129.32,571.83,1,7
122,sybil_26,773.21,198.4,19.1995,19.1995,90.0,D1E1,3,81.76,587.21,1,8
122,sybil_27,736.01,198.4,1.8513,-15.5724,90.0,D1E1,3,79.64,579.42,1,9
122,sybil_28,736.01,198.4,3.7533,-11.1159,90.0,D1E1,3,79.64,579.42,1,9
122,sybil_29,736.01,198.4,8.6193,-18.5447,90.0,D1E1,3,79.64,579.42,1,9
122,sybil_3,-1.6,404.95,5.1671,1.7189,180.0,:A2_0,5,158.12,730.53,1,1
122,sybil_4,-1.6,404.95,18.617,-6.1751,180.0,A3A2,5,158.12,730.53,1,1
122,sybil_5,-1.6,404.95,5.8631,-3.4547,180.0,A3A2,5,158.12,730.53,1,1
123,legit_10,706.56,598.4,12.7729,-0.785,90.0,D3E3,0,43.47,457.17,0,-1
123,legit_11,461.61,-1.6,12.2363,0.1617,90.0,C0D0,0,122.15,718.21,0,-1
123,legit_12,611.51,801.6,13.3425,-0.2223,270.0,E4D4,0,143.72,480.85,0,-1
123,legit_13,1001.6,717.33,13.1712,-0.5422,0.0,F3F4,0,126.92,576.87,0,-1
123,legit_14,446.62,398.4,12.944,-0.2181,90.0,C2D2,0,38.55,495.43,0,-1
123,legit_15,198.4,627.84,13.6115,-0.0662,180.0,B4B3,0,55.83,567.1,0,-1
123,legit_16,1.6,680.6,12.7135,-0.172,0.0,A3A4,0,168.87,709.07,0,-1
123,legit_17,224.96,-1.6,12.4619,0.498,90.0,B0C0,0,142.85,790.57,0,-1
123,legit_18,349.36,798.4,10.9611,-0.8423,90.0,B4C4,1,108.9,524.64,0,-1
123,legit_19,601.6,285.52,11.4608,0.6614,0.0,D1D2,0,166.04,523.4,0,-1
123,legit_20,173.55,1001.6,7.0887,2.5308,270.0,B5A5,0,81.86,687.62,0,-1
123,legit_3,-1.6,995.48,4.7292,-0.62,193.07,A5A4,0,173.57,800.4,0,-1
123,legit_7,7.12,201.54,4.1696,-2.4325,269.36,:A1_5,5,164.51,795.32,0,-1
123,legit_8,401.6,676.1,13.1128,-0.6283,0.0,C3C4,1,90.18,483.1,0,-1
123,legit_9,798.4,862.85,11.4701,-0.2543,180.0,E5E4,6,53.52,527.77,0,-1
123,sybil_1,-1.6,322.6,2.3862,-4.7065,180.0,A2A1,8,156.15,753.7,1,0
123,sybil_15,-1.6,245.83,3.6333,-3.7876,180.0,A2A1,8,189.78,782.36,1,5
123,sybil_16,-1.6,245.83,0.9183,-7.2236,270.0,B2A2,8,189.78,782.36,1,5
123,sybil_17,-1.6,245.83,0.0,0.0,270.0,B2A2,8,189.78,782.36,1,5
123,sybil_18,767.81,801.6,8.3924,-4.9603,270.0,E4D4,6,42.33,498.91,1,6
123,sybil_19,767.81,801.6,15.2373,-2.5153,180.0,E5E4,6,42.33,498.91,1,6
123,sybil_2,-1.6,322.6,15.0111,6.737,180.0,A2A1,8,156.15,753.7,1,0
123,sybil_20,767.81,801.6,10.8664,-2.8802,180.0,E5E4,6,42.33,498.91,1,6
123,sybil_21,798.4,947.81,25.3168,2.0003,180.0,E5E4,6,118.18,565.68,1,7
123,sybil_22,798.4,947.81,11.2086,10.278,180.0,E5E4,6,118.18,565.68,1,7
123,sybil_23,798.4,947.81,0.0,-4.1245,345.38,:E5_5,6,118.18,565.68,1,7
123,sybil_26,785.74,198.4,18.1248,-1.0747,90.0,D1E1,3,86.16,590.36,1,8
123,sybil_27,749.64,198.4,17.1206,15.2693,90.0,D1E1,3,78.4,582.0,1,9
123,sybil_28,749.64,198.4,0.0,-3.7533,90.0,D1E1,3,78.4,582.0,1,9
123,sybil_29,749.64,198.4,32.7864,24.1671,90.0,D1E1,3,78.4,582.0,1,9
123,sybil_3,-1.6,392.69,28.6133,23.4462,180.0,A2A1,7,155.08,733.47,1,1
123,sybil_4,-1.6,392.69,11.7111,-6.9059,180.0,A3A2,7,155.08,733.47,1,1
123,sybil_5,-1.6,392.69,15.7596,9.8965,180.0,A3A2,7,155.08,733.47,1,1
124,legit_10,720.07,598.4,13.5052,0.7322,90.0,D3E3,0,29.98,458.91,0,-1
124,legit_11,473.82,-1.6,12.2022,-0.0341,90.0,C0D0,0,123.91,716.29,0,-1
124,legit_13,1001.6,731.18,13.8565,0.6854,0.0,F3F4,0,119.1,579.17,0,-1
124,legit_14,460.27,398.4,13.6523,0.7082,90.0,C2D2,0,39.75,492.6,0,-1
124,legit_15,198.4,614.24,13.598,-0.0135,180.0,B4B3,0,50.45,566.56,0,-1
124,legit_16,1.6,693.69,13.0917,0.3782,0.0,A3A4,0,175.5,710.47,0,-1
124,legit_17,236.34,-1.6,11.3765,-1.0854,90.0,B0C0,0,149.13,785.72,0,-1
124,legit_18,361.49,798.4,12.1293,1.1682,90.0,B4C4,1,97.8,520.2,0,-1
124,legit_19,601.6,297.26,11.743,0.2823,0.0,D1D2,0,161.12,518.1,0,-1
124,legit_20,164.93,1001.6,8.6211,1.5324,270.0,B5A5,0,79.81,692.39,0,-1
124,legit_3,-1.6,988.7,6.7859,2.0567,180.0,A5A4,0,176.97,797.31,0,-1
124,legit_7,6.14,199.11,3.2987,-0.8709,226.84,:A1_5,5,164.17,797.17,0,-1
124,legit_8,401.6,688.98,12.8862,-0.2266,0.0,C3C4,1,101.29,484.78,0,-1
124,legit_9,798.4,850.52,12.3298,0.8597,180.0,E5E4,6,49.53,523.13,0,-1
124,sybil_1,-1.6,312.14,3.0821,0.6959,180.0,A2A1,8,158.98,757.21,1,0
124,sybil_15,-1.6,232.23,12.2513,8.618,180.0,A2A1,8,188.62,788.1,1,5
124,sybil_16,-1.6,232.23,0.3627,-0.5556,270.0,B2A2,8,188.62,788.1,1,5
124,sybil_17,-1.6,232.23,3.6519,3.6519,270.0,B2A2,8,188.62,788.1,1,5
124,sybil_18,754.99,801.6,33.0742,24.6818,270.0,E4D4,6,38.72,495.8,1,6
124,sybil_19,754.99,801.6,7.1893,-8.048,180.0,E5E4,6,38.72,495.8,1,6
124,sybil_2,-1.6,312.14,19.6205,4.6094,180.0,A2A1,8,158.98,757.21,1,0
124,sybil_20,754.99,801.6,11.5918,0.7254,180.0,E5E4,6,38.72,495.8,1,6
124,sybil_21,798.4,934.91,16.1965,-9.1203,180.0,E5E4,6,106.53,559.38,1,7
124,sybil_22,798.4,934.91,6.4918,-4.7168,180.0,E5E4,6,106.53,559.38,1,7
124,sybil_23,798.4,934.91,1.9167,1.9167,245.57,E5E4,6,106.53,559.38,1,7
124,sybil_27,762.74,198.4,27.0836,9.963,90.0,D1E1,2,79.43,584.78,1,9
124,sybil_28,762.74,198.4,1.1832,1.1832,90.0,D1E1,2,79.43,584.78,1,9
124,sybil_29,762.74,198.4,11.3773,-21.4091,90.0,D1E1,2,79.43,584.78,1,9
124,sybil_3,-1.6,380.32,14.3517,-14.2616,180.0,A2A1,7,152.96,736.61,1,1
124,sybil_4,-1.6,380.32,15.4473,3.7362,180.0,A3A2,7,152.96,736.61,1,1
124,sybil_5,-1.6,380.32,10.7673,-4.9923,180.0,A3A2,7,152.96,736.61,1,1
125,legit_10,732.84,598.4,12.7761,-0.7291,90.0,D3E3,0,17.23,460.75,0,-1
125,legit_11,486.11,-1.6,12.2918,0.0896,90.0,C0D0,0,126.85,714.56,0,-1
125,legit_13,1001.6,744.24,13.0597,-0.7968,0.0,F3F4,0,107.29,581.52,0,-1
125,legit_14,474.15,398.4,13.8789,0.2267,90.0,C2D2,0,45.36,490.15,0,-1
125,legit_15,198.4,601.34,12.9014,-0.6966,180.0,:B3_1,0,48.42,566.36,0,-1
125,legit_16,1.6,706.65,12.961,-0.1307,0.0,A3A4,0,182.75,712.05,0,-1
125,legit_17,248.76,-1.6,12.4261,1.0496,90.0,B0C0,0,156.65,780.57,0,-1
125,legit_18,373.43,798.4,11.9405,-0.1888,90.0,B4C4,1,87.14,515.99,0,-1
125,legit_19,601.6,307.91,10.6511,-1.0919,0.0,D1D2,0,157.28,513.46,0,-1
125,legit_20,154.55,1001.6,10.3794,1.7582,270.0,B5A5,0,78.53,698.28,0,-1
125,legit_3,-1.6,980.42,8.2825,1.4967,180.0,A5A4,0,181.38,793.61,0,-1
125,legit_7,9.65,198.4,3.7212,0.4225,114.39,A1B1,5,160.76,794.92,0,-1
125,legit_8,401.6,702.38,13.396,0.5098,0.0,C3C4,1,113.24,486.72,0,-1
125,legit_9,798.4,839.19,11.3268,-1.0029,180.0,E5E4,6,48.41,519.13,0,-1
125,sybil_1,-1.6,301.69,9.9842,6.902,180.0,A2A1,8,162.43,760.86,1,0
125,sybil_15,-1.6,218.94,11.4593,-0.792,180.0,A2A1,8,181.03,793.9,1,5
125,sybil_16,-1.6,218.94,10.4687,10.106,270.0,B2A2,8,181.03,793.9,1,5
125,sybil_17,-1.6,218.94,0.0,-3.6519,270.0,B2A2,8,181.03,793.9,1,5
125,sybil_18,741.98,801.6,23.8346,-9.2396,270.0,E4D4,6,39.23,493.03,1,6
125,sybil_19,741.98,801.6,0.0,-7.1893,204.61,:E4_0,6,39.23,493.03,1,6
125,sybil_2,-1.6,301.69,23.9316,4.3111,180.0,A2A1,8,162.43,760.86,1,0
125,sybil_20,741.98,801.6,14.1433,2.5515,180.0,E5E4,6,39.23,493.03,1,6
125,sybil_21,798.4,922.5,13.9736,-2.2229,180.0,E5E4,6,95.65,553.49,1,7
125,sybil_22,798.4,922.5,2.9653,-3.5265,180.0,E5E4,6,95.65,553.49,1,7
125,sybil_23,798.4,922.5,17.4943,15.5776,180.0,E5E4,6,95.65,553.49,1,7
125,sybil_27,776.33,198.4,18.7998,-8.2838,90.0,D1E1,2,82.7,587.97,1,9
125,sybil_28,776.33,198.4,18.6968,17.5136,90.0,D1E1,2,82.7,587.97,1,9
125,sybil_29,776.33,198.4,4.6671,-6.7102,90.0,D1E1,2,82.7,587.97,1,9
125,sybil_3,-1.6,368.87,4.7486,-9.603,180.0,A2A1,7,151.86,739.68,1,1
125,sybil_4,-1.6,368.87,16.0666,0.6194,180.0,:A2_0,7,151.86,739.68,1,1
125,sybil_5,-1.6,368.87,0.0,-10.7673,180.0,A3A2,7,151.86,739.68,1,1
126,legit_10,746.33,598.4,13.485,0.7089,90.0,D3E3,0,4.01,462.9,0,-1
126,legit_11,498.22,-1.6,12.1102,-0.1816,90.0,C0D0,0,130.81,713.04,0,-1
126,legit_13,1001.6,757.88,13.6339,0.5742,0.0,F3F4,0,95.33,584.17,0,-1
126,legit_14,487.45,398.4,13.2952,-0.5837,90.0,C2D2,1,53.64,488.16,0,-1
126,legit_15,198.4,588.15,13.1822,0.2809,180.0,B3B2,0,49.83,566.5,0,-1
126,legit_16,1.6,720.13,13.4806,0.5196,0.0,A3A4,0,190.76,713.9,0,-1
126,legit_17,260.67,-1.6,11.9042,-0.522,90.0,B0C0,0,164.42,775.79,0,-1
126,legit_18,383.72,798.4,10.2874,-1.6532,90.0,B4C4,1,78.25,512.5,0,-1
126,legit_19,601.6,319.27,11.354,0.7028,0.0,D1D2,1,153.89,508.69,0,-1
126,legit_20,143.1,1001.6,11.4545,1.0751,270.0,B5A5,1,78.7,704.97,0,-1
126,legit_21,587.7,1001.6,0.0,0.0,270.0,D5C5,0,158.45,568.4,0,-1
126,legit_3,-1.6,970.01,10.4064,2.1239,180.0,A5A4,1,187.3,789.07,0,-1
126,legit_7,15.17,198.4,5.5233,1.8021,90.0,A1B1,2,155.96,790.87,0,-1
126,legit_8,401.6,715.06,12.679,-0.717,0.0,C3C4,1,124.82,488.76,0,-1
126,legit_9,798.4,827.27,11.9248,0.598,180.0,E5E4,6,50.05,515.2,0,-1
126,sybil_1,-1.6,291.21,3.166,-6.8182,180.0,A2A1,7,166.48,764.63,1,0
126,sybil_16,7.3,401.6,8.4141,-2.0546,270.0,B2A2,6,148.64,724.29,1,5
126,sybil_17,7.3,401.6,0.0,0.0,270.0,B2A2,6,148.64,724.29,1,5
126,sybil_18,729.13,801.6,7.7776,-16.057,270.0,E4D4,6,43.7,490.69,1,6
126,sybil_19,729.13,801.6,15.1746,15.1746,265.57,E4D4,6,43.7,490.69,1,6
126,sybil_2,-1.6,291.21,20.8924,-3.0392,180.0,A2A1,7,166.48,764.63,1,0
126,sybil_20,729.13,801.6,8.6574,-5.4859,180.0,E5E4,6,43.7,490.69,1,6
126,sybil_21,798.4,909.47,9.1016,-4.872,180.0,E5E4,6,84.67,547.49,1,7
126,sybil_22,798.4,909.47,12.1689,9.2036,180.0,E5E4,6,84.67,547.49,1,7
126,sybil_23,798.4,909.47,8.8333,-8.661,180.0,E5E4,6,84.67,547.49,1,7
126,sybil_27,790.03,198.4,10.5734,-8.2264,90.0,D1E1,2,88.03,591.49,1,9
126,sybil_28,790.03,198.4,33.7974,15.1006,90.0,D1E1,2,88.03,591.49,1,9
126,sybil_29,790.03,198.4,17.1173,12.4502,90.0,D1E1,2,88.03,591.49,1,9
126,sybil_3,-1.6,356.88,13.3125,8.5639,180.0,A2A1,6,151.63,743.07,1,1
126,sybil_4,-1.6,356.88,21.2305,5.1639,180.0,A2A1,6,151.63,743.07,1,1
126,sybil_5,-1.6,356.88,18.392,18.392,180.0,A3A2,6,151.63,743.07,1,1
127,legit_10,760.12,598.4,13.7987,0.3137,90.0,D3E3,0,10.25,466.31,0,-1
127,legit_11,510.5,-1.6,12.2824,0.1722,90.0,C0D0,0,135.82,711.69,0,-1
127,legit_13,1001.6,771.18,13.308,-0.3259,0.0,F3F4,0,84.13,586.94,0,-1
127,legit_14,500.78,398.4,13.3307,0.0355,90.0,C2D2,1,63.66,486.45,0,-1
127,legit_15,198.4,574.41,13.7492,0.567,180.0,B3B2,0,54.75,566.99,0,-1
127,legit_16,1.6,733.45,13.317,-0.1636,0.0,A3A4,0,182.69,715.93,0,-1
127,legit_17,272.85,-1.6,12.1842,0.2801,90.0,B0C0,0,172.85,771.05,0,-1
127,legit_18,389.51,798.4,5.7874,-4.5,90.0,B4C4,1,73.42,510.6,0,-1
127,legit_19,601.6,330.02,10.7559,-0.5981,0.0,D1D2,1,151.4,504.34,0,-1
127,legit_20,132.3,1001.6,10.7969,-0.6576,270.0,B5A5,1,80.37,711.46,0,-1
127,legit_21,585.95,1001.6,1.746,1.746,270.0,D5C5,0,156.94,568.42,0,-1
127,legit_3,-1.6,957.64,12.3656,1.9592,180.0,A5A4,1,191.89,783.81,0,-1
127,legit_7,22.92,198.4,7.7483,2.225,90.0,A1B1,5,149.32,785.23,0,-1
127,legit_8,401.6,728.74,13.6825,1.0036,0.0,C3C4,1,121.33,491.16,0,-1
127,legit_9,798.4,815.59,11.6712,-0.2536,180.0,E5E4,6,54.21,511.61,0,-1
127,sybil_1,-1.6,280.77,0.0,-3.166,180.0,A2A1,7,171.06,768.51,1,0
127,sybil_16,7.3,401.6,0.0,-8.4141,270.0,B2A2,6,148.64,724.29,1,5
127,sybil_17,7.3,401.6,4.539,4.539,270.0,B2A2,6,148.64,724.29,1,5
127,sybil_18,716.3,801.6,8.6198,0.8422,270.0,E4D4,6,51.09,488.69,1,6
127,sybil_19,716.3,801.6,16.1562,0.9816,270.0,E4D4,6,51.09,488.69,1,6
127,sybil_2,-1.6,280.77,22.4802,1.5878,180.0,A2A1,7,171.06,768.51,1,0
127,sybil_20,716.3,801.6,24.4065,15.749,180.0,E5E4,6,51.09,488.69,1,6
127,sybil_21,798.4,897.24,8.5791,-0.5225,180.0,E5E4,6,74.96,542.03,1,7
127,sybil_22,798.4,897.24,4.193,-7.9759,180.0,E5E4,6,74.96,542.03,1,7
127,sybil_23,798.4,897.24,18.8161,9.9829,180.0,E5E4,6,74.96,542.03,1,7
127,sybil_28,748.0,198.4,9.1269,-24.6706,90.0,D1E1,1,78.43,581.67,1,9
127,sybil_29,748.0,198.4,18.1083,0.991,90.0,D1E1,1,78.43,581.67,1,9
127,sybil_3,-1.6,344.9,14.8888,1.5763,180.0,A2A1,7,152.35,746.62,1,1
127,sybil_4,-1.6,344.9,6.8121,-14.4184,180.0,A2A1,7,152.35,746.62,1,1
127,sybil_5,-1.6,344.9,22.0097,3.6176,180.0,A3A2,7,152.35,746.62,1,1
128,legit_10,773.21,598.4,13.0862,-0.7125,90.0,D3E3,0,23.27,470.11,0,-1
128,legit_11,523.4,-1.6,12.9044,0.622,90.0,C0D0,0,142.04,710.47,0,-1
128,legit_13,1001.6,784.86,13.6806,0.3725,0.0,F3F4,0,73.37,590.0,0,-1
128,legit_14,513.88,398.4,13.1022,-0.2285,90.0,C2D2,1,74.53,485.02,0,-1
128,legit_15,198.4,560.86,13.5462,-0.2031,180.0,B3B2,0,62.25,567.79,0,-1
128,legit_16,1.6,746.55,13.102,-0.215,0.0,A3A4,0,175.37,718.12,0,-1
128,legit_17,285.21,-1.6,12.364,0.1797,90.0,B0C0,0,181.85,766.4,0,-1
128,legit_18,397.09,798.4,7.5776,1.7903,90.0,:C4_13,1,67.31,508.17,0,-1
128,legit_19,601.6,340.86,10.833,0.0771,0.0,D1D2,1,149.63,500.14,0,-1
128,legit_20,121.39,1001.6,10.9141,0.1172,270.0,B5A5,1,83.46,718.2,0,-1
128,legit_21,581.95,1001.6,4.0041,2.2581,270.0,D5C5,0,153.48,568.49,0,-1
128,legit_3,-1.6,945.35,12.2982,-0.0674,180.0,A5A4,1,184.61,778.74,0,-1
128,legit_7,32.51,198.4,9.5865,1.8382,90.0,A1B1,5,141.25,778.32,0,-1
128,legit_8,401.6,742.27,13.5325,-0.1501,0.0,C3C4,1,109.06,493.74,0,-1
128,legit_9,798.4,804.15,11.4398,-0.2314,180.0,:E4_1,6,60.23,508.33,0,-1
128,sybil_1,-1.6,269.43,11.6699,11.6699,180.0,A2A1,7,176.59,772.86,1,0
128,sybil_16,7.3,401.6,14.1745,14.1745,270.0,B2A2,6,148.64,724.29,1,5
128,sybil_17,7.3,401.6,0.0,-4.539,270.0,B2A2,6,148.64,724.29,1,5
128,sybil_18,702.87,801.6,17.9006,9.2808,270.0,E4D4,6,60.8,486.89,1,6
128,sybil_19,702.87,801.6,23.2416,7.0854,270.0,E4D4,6,60.8,486.89,1,6
128,sybil_2,-1.6,269.43,7.8831,-14.5971,180.0,A2A1,7,176.59,772.86,1,0
128,sybil_20,702.87,801.6,30.2594,5.853,180.0,E5E4,6,60.8,486.89,1,6
128,sybil_21,798.4,884.11,17.6549,9.0758,180.0,E5E4,6,65.49,536.38,1,7
128,sybil_22,798.4,884.11,6.0471,1.8541,180.0,E5E4,6,65.49,536.38,1,7
128,sybil_23,798.4,884.11,24.8657,6.0496,180.0,E5E4,6,65.49,536.38,1,7
128,sybil_28,760.96,198.4,16.0022,6.8753,90.0,D1E1,1,79.16,584.38,1,9
128,sybil_29,760.96,198.4,22.7531,4.6448,90.0,D1E1,1,79.16,584.38,1,9
128,sybil_3,-1.6,332.49,7.4,-7.4888,180.0,A2A1,7,154.08,750.49,1,1
128,sybil_4,-1.6,332.49,20.2824,13.4703,180.0,A2A1,7,154.08,750.49,1,1
128,sybil_5,-1.6,332.49,22.8283,0.8187,180.0,:A2_0,7,154.08,750.49,1,1
129,legit_10,783.18,598.4,9.968,-3.1183,90.0,D3E3,0,33.22,473.13,0,-1
129,legit_11,536.36,-1.6,12.9596,0.0552,90.0,C0D0,0,149.15,709.45,0,-1
129,legit_13,1001.6,798.29,13.425,-0.2555,0.0,:F4_3,0,63.89,593.23,0,-1
129,legit_14,526.72,398.4,12.8357,-0.2664,90.0,C2D2,1,85.79,483.83,0,-1
129,legit_15,198.4,548.07,12.7897,-0.7564,180.0,B3B2,0,70.99,568.78,0,-1
129,legit_16,1.6,759.29,12.7416,-0.3604,0.0,A3A4,0,168.93,720.45,0,-1
129,legit_17,297.52,-1.6,12.3074,-0.0565,90.0,B0C0,0,191.18,761.92,0,-1
129,legit_18,406.33,798.4,9.2436,1.666,90.0,:C4_13,1,60.31,505.32,0,-1
129,legit_19,601.6,351.87,11.0124,0.1795,0.0,D1D2,1,148.62,496.05,0,-1
129,legit_20,109.76,1001.6,11.6234,0.7093,270.0,B5A5,1,88.12,725.56,0,-1
129,legit_21,575.7,1001.6,6.252,2.2479,270.0,D5C5,0,148.14,568.64,0,-1
129,legit_3,-1.6,933.27,12.0776,-0.2206,180.0,A5A4,1,177.99,773.92,0,-1
129,legit_7,44.22,198.4,11.7168,2.1303,90.0,A1B1,5,131.66,769.96,0,-1
129,legit_8,401.6,755.6,13.3318,-0.2006,0.0,C3C4,1,97.29,496.48,0,-1
129,legit_9,798.4,792.36,11.7986,0.3587,180.0,E4E3,6,67.92,505.17,0,-1
129,sybil_1,-1.6,258.28,27.9623,16.2924,180.0,A2A1,7,182.57,777.28,1,0
129,sybil_16,7.3,401.6,4.8984,-9.2761,270.0,B2A2,6,148.64,724.29,1,5
129,sybil_17,7.3,401.6,0.0,0.0,270.0,B2A2,6,148.64,724.29,1,5
129,sybil_18,689.08,801.6,16.732,-1.1686,270.0,E4D4,6,72.02,485.32,1,6
129,sybil_19,689.08,801.6,22.5123,-0.7293,270.0,E4D4,6,72.02,485.32,1,6
129,sybil_2,-1.6,258.28,15.6223,7.7392,180.0,A2A1,7,182.57,777.28,1,0
129,sybil_20,689.08,801.6,6.8523,-23.4072,180.0,E5E4,6,72.02,485.32,1,6
129,sybil_21,798.4,871.11,17.9179,0.263,180.0,E5E4,6,57.54,531.03,1,7
129,sybil_22,798.4,871.11,0.0,-6.0471,180.0,E5E4,6,57.54,531.03,1,7
129,sybil_23,798.4,871.11,12.3061,-12.5596,180.0,E5E4,6,57.54,531.03,1,7
129,sybil_28,773.85,198.4,22.9661,6.9638,90.0,D1E1,1,81.95,587.36,1,9
129,sybil_29,773.85,198.4,2.8671,-19.886,90.0,D1E1,1,81.95,587.36,1,9
129,sybil_3,-1.6,320.31,11.645,4.2451,180.0,A2A1,7,156.71,754.46,1,1
129,sybil_4,-1.6,320.31,7.0073,-13.2751,180.0,A2A1,7,156.71,754.46,1,1
129,sybil_5,-1.6,320.31,17.9498,-4.8785,180.0,A2A1,7,156.71,754.46,1,1
130,legit_10,789.05,598.4,5.87,-4.0979,90.0,D3E3,0,39.08,474.96,0,-1
130,legit_11,549.6,-1.6,13.2372,0.2776,90.0,C0D0,0,157.18,708.6,0,-1
130,legit_13,1001.6,811.9,13.613,0.188,0.0,F4F5,0,55.96,596.76,0,-1
130,legit_14,539.45,398.4,12.7377,-0.098,90.0,C2D2,1,97.35,482.85,0,-1
130,legit_15,198.4,534.61,13.46,0.6703,180.0,B3B2,0,81.35,570.05,0,-1
130,legit_16,1.6,772.02,12.7229,-0.0187,0.0,A3A4,1,163.23,722.97,0,-1
130,legit_17,309.48,-1.6,11.9568,-0.3506,90.0,B0C0,0,185.83,757.72,0,-1
130,legit_18,417.43,798.4,11.0973,1.8537,90.0,C4D4,1,52.84,502.07,0,-1
130,legit_19,601.6,363.44,11.5685,0.556,0.0,D1D2,1,148.44,491.94,0,-1
130,legit_20,98.12,1001.6,11.6449,0.0214,270.0,B5A5,1,94.01,733.11,0,-1
130,legit_21,567.37,1001.6,8.3238,2.0718,270.0,D5C5,0,141.15,568.9,0,-1
130,legit_3,-1.6,921.64,11.63,-0.4476,180.0,A5A4,2,172.18,769.42,0,-1
130,legit_7,57.57,198.4,13.3456,1.6288,90.0,A1B1,5,121.2,760.58,0,-1
130,legit_8,401.6,769.01,13.4094,0.0775,0.0,C3C4,1,85.92,499.46,0,-1
130,legit_9,798.4,780.12,12.2394,0.4408,180.0,E4E3,6,77.0,502.08,0,-1
130,sybil_1,-1.6,247.86,18.0397,-9.9226,180.0,A2A1,5,188.57,781.52,1,0
130,sybil_16,5.84,401.41,0.0,-4.8984,267.77,:A2_4,4,149.99,725.49,1,5
130,sybil_17,5.84,401.41,3.473,3.473,270.0,B2A2,4,149.99,725.49,1,5
130,sybil_18,676.17,801.6,21.592,4.86,270.0,E4D4,6,83.22,484.08,1,6
130,sybil_19,676.17,801.6,3.6704,-18.8419,270.0,E4D4,6,83.22,484.08,1,6
130,sybil_2,-1.6,247.86,14.8195,-0.8028,180.0,A2A1,5,188.57,781.52,1,0
130,sybil_20,676.17,801.6,10.0537,3.2014,180.0,E5E4,6,83.22,484.08,1,6
130,sybil_21,798.4,857.94,13.7429,-4.175,180.0,E5E4,6,51.62,525.89,1,7
130,sybil_22,798.4,857.94,21.8834,21.8834,180.0,E5E4,6,51.62,525.89,1,7
130,sybil_23,798.4,857.94,10.3237,-1.9824,180.0,E5E4,6,51.62,525.89,1,7
130,sybil_28,787.51,198.4,0.0736,-22.8925,90.0,D1E1,1,86.91,590.82,1,9
130,sybil_29,787.51,198.4,0.0,-2.8671,90.0,D1E1,1,86.91,590.82,1,9
130,sybil_3,-1.6,308.36,19.1144,7.4694,180.0,A2A1,7,160.16,758.52,1,1
130,sybil_4,-1.6,308.36,30.3245,23.3171,180.0,A2A1,7,160.16,758.52,1,1
130,sybil_5,-1.6,308.36,22.1688,4.219,180.0,A2A1,7,160.16,758.52,1,1
131,legit_10,797.44,598.4,8.3879,2.5178,90.0,:E3_13,0,47.46,477.65,0,-1
131,legit_11,562.01,-1.6,12.4045,-0.8326,90.0,C0D0,0,165.32,707.99,0,-1
131,legit_13,1001.6,824.71,12.8054,-0.8076,0.0,F4F5,0,50.76,600.35,0,-1
131,legit_14,552.14,398.4,12.687,-0.0507,90.0,C2D2,1,109.12,482.07,0,-1
131,legit_15,198.4,520.96,13.6527,0.1927,180.0,B3B2,0,92.68,571.56,0,-1
131,legit_16,1.6,785.19,13.1754,0.4525,0.0,A3A4,1,158.2,725.77,0,-1
131,legit_17,320.94,-1.6,11.4617,-0.4952,90.0,B0C0,0,177.32,753.82,0,-1
131,legit_18,428.86,798.4,11.4376,0.3403,90.0,C4D4,1,46.66,498.94,0,-1
131,legit_19,601.6,374.37,10.9364,-0.6321,0.0,D1D2,1,149.09,488.25,0,-1
131,legit_20,87.4,1001.6,10.7156,-0.9292,270.0,B5A5,1,100.32,740.2,0,-1
131,legit_21,557.01,1001.6,10.3622,2.0384,270.0,D5C5,0,132.66,569.34,0,-1
131,legit_3,-1.6,909.56,12.0791,0.4491,180.0,A5A4,2,166.8,764.91,0,-1
131,legit_7,71.18,198.4,13.6131,0.2675,90.0,A1B1,5,111.17,751.17,0,-1
131,legit_8,401.6,781.98,12.9643,-0.4451,0.0,C3C4,1,75.56,502.54,0,-1
131,legit_9,798.4,767.67,12.4513,0.2119,180.0,E4E3,6,87.03,499.15,0,-1
131,sybil_1,-1.6,236.94,10.9017,-7.138,180.0,A2A1,5,191.46,786.09,1,0
131,sybil_16,2.55,400.57,8.2401,8.2401,257.97,:A2_4,4,152.93,728.28,1,5
131,sybil_17,2.55,400.57,0.0,-3.473,270.0,B2A2,4,152.93,728.28,1,5
131,sybil_18,663.32,801.6,28.6384,7.0464,270.0,E4D4,6,94.81,483.05,1,6
131,sybil_19,663.32,801.6,15.8088,12.1384,270.0,E4D4,6,94.81,483.05,1,6
131,sybil_2,-1.6,236.94,16.7792,1.9597,180.0,A2A1,5,191.46,786.09,1,0
131,sybil_20,663.32,801.6,8.6195,-1.4341,214.86,:E4_0,6,94.81,483.05,1,6
131,sybil_21,798.4,844.52,19.7898,6.0469,180.0,E5E4,6,48.61,520.98,1,7
131,sybil_22,798.4,844.52,9.2327,-12.6507,180.0,E5E4,6,48.61,520.98,1,7
131,sybil_23,798.4,844.52,17.3388,7.0151,180.0,E5E4,6,48.61,520.98,1,7
131,sybil_29,761.96,198.4,8.9465,8.9465,90.0,D1E1,0,79.31,584.6,1,9
131,sybil_3,-1.6,296.11,16.0702,-3.0442,180.0,A2A1,7,164.51,762.85,1,1
131,sybil_4,-1.6,296.11,7.5845,-22.74,180.0,A2A1,7,164.51,762.85,1,1
131,sybil_5,-1.6,296.11,12.2436,-9.9253,180.0,A2A1,7,164.51,762.85,1,1
132,legit_10,808.35,598.4,10.9132,2.5253,90.0,E3F3,0,58.37,481.27,0,-1
132,legit_11,575.15,-1.6,13.1422,0.7377,90.0,C0D0,0,174.5,707.53,0,-1
132,legit_13,1001.6,837.89,13.1802,0.3748,0.0,F4F5,0,48.45,604.36,0,-1
132,legit_14,565.7,398.4,13.5566,0.8695,90.0,C2D2,1,121.9,481.44,0,-1
132,legit_15,198.4,507.53,13.4291,-0.2236,180.0,B3B2,0,104.37,573.25,0,-1
132,legit_16,1.6,799.04,13.8526,0.6772,0.0,:A4_7,1,153.95,728.94,0,-1
132,legit_17,332.8,-1.6,11.8565,0.3948,90.0,B0C0,0,168.89,749.94,0,-1
132,legit_18,440.73,798.4,11.8668,0.4293,90.0,C4D4,1,42.62,495.97,0,-1
132,legit_19,601.6,385.06,10.6896,-0.2467,0.0,D1D2,1,150.5,484.82,0,-1
132,legit_20,76.55,1001.6,10.8559,0.1402,270.0,B5A5,1,107.43,747.51,0,-1
132,legit_21,545.06,1001.6,11.948,1.5857,270.0,D5C5,0,123.22,569.99,0,-1
132,legit_22,612.3,598.4,0.0,0.0,90.0,D3E3,0,137.71,450.86,0,-1
132,legit_3,-1.6,896.86,12.6968,0.6177,180.0,A5A4,2,161.91,760.34,0,-1
132,legit_7,83.86,198.4,12.6741,-0.9391,90.0,A1B1,5,102.57,742.57,0,-1
132,legit_8,401.6,795.04,13.0634,0.0991,0.0,:C4_9,1,66.06,505.87,0,-1
132,legit_9,798.4,755.67,11.994,-0.4573,180.0,E4E3,3,97.23,496.5,0,-1
132,sybil_1,-1.6,225.58,15.4253,4.5236,180.0,A2A1,5,184.74,790.98,1,0
132,sybil_16,-0.99,396.75,12.6048,4.3647,221.61,:A2_4,4,155.4,731.99,1,5
132,sybil_17,-0.99,396.75,11.0033,11.0033,270.0,B2A2,4,155.4,731.99,1,5
132,sybil_18,649.58,801.6,7.6268,-21.0116,270.0,E4D4,2,107.51,482.16,1,6
132,sybil_19,649.58,801.6,11.2721,-4.5367,270.0,E4D4,2,107.51,482.16,1,6
132,sybil_2,-1.6,225.58,0.0,-16.7792,180.0,A2A1,5,184.74,790.98,1,0
132,sybil_20,649.58,801.6,11.0079,2.3884,267.51,E4D4,2,107.51,482.16,1,6
132,sybil_21,798.4,831.84,2.9641,-16.8257,180.0,E5E4,3,49.08,516.67,1,7
132,sybil_22,798.4,831.84,3.2265,-6.0062,180.0,E5E4,3,49.08,516.67,1,7
132,sybil_23,798.4,831.84,23.9625,6.6237,180.0,E5E4,3,49.08,516.67,1,7
132,sybil_29,775.18,198.4,16.6742,7.7277,90.0,D1E1,0,82.35,587.69,1,9
132,sybil_3,-1.6,283.83,6.1253,-9.9449,180.0,A2A1,7,169.66,767.36,1,1
132,sybil_4,-1.6,283.83,12.2876,4.7032,180.0,A2A1,7,169.66,767.36,1,1
132,sybil_5,-1.6,283.83,24.5078,12.2643,180.0,A2A1,7,169.66,767.36,1,1
133,legit_10,821.85,598.4,13.5026,2.5894,90.0,E3F3,1,71.87,485.92,0,-1
133,legit_11,588.28,-1.6,13.1295,-0.0128,90.0,C0D0,0,184.14,707.27,0,-1
133,legit_13,1001.6,851.06,13.1729,-0.0073,0.0,F4F5,0,49.65,608.69,0,-1
133,legit_14,579.14,398.4,13.4419,-0.1146,90.0,C2D2,1,134.73,481.02,0,-1
133,legit_15,198.4,494.79,12.7424,-0.6866,180.0,B3B2,0,115.81,575.03,0,-1
133,legit_16,1.6,811.68,12.6383,-1.2143,0.0,A4A5,1,151.08,732.03,0,-1
133,legit_17,344.05,-1.6,11.2537,-0.6028,90.0,B0C0,0,161.28,746.4,0,-1
133,legit_18,451.86,798.4,11.1254,-0.7414,90.0,C4D4,1,41.64,493.47,0,-1
133,legit_19,601.6,392.42,7.3556,-3.334,0.0,D1D2,1,151.9,482.56,0,-1
133,legit_20,64.74,1001.6,11.8071,0.9513,270.0,B5A5,1,115.83,755.6,0,-1
133,legit_21,531.56,1001.6,13.5025,1.5545,270.0,D5C5,0,113.13,570.94,0,-1
133,legit_22,614.04,598.4,1.7368,1.7368,90.0,D3E3,0,135.97,450.88,0,-1
133,legit_3,-1.6,884.69,12.1681,-0.5286,180.0,A5A4,2,158.05,756.14,0,-1
133,legit_7,97.14,198.4,13.2791,0.6051,90.0,A1B1,5,94.56,733.75,0,-1
133,legit_8,401.6,808.01,12.9713,-0.0921,0.0,C4C5,1,58.02,509.42,0,-1
133,legit_9,798.4,743.23,12.4438,0.4499,180.0,E4E3,4,108.2,493.93,0,-1
133,sybil_1,-1.6,214.62,11.5303,-3.895,180.0,A2A1,5,178.7,795.82,1,0
133,sybil_16,-1.6,389.95,0.0,-12.6048,183.5,A2A1,4,154.53,734.15,1,5
133,sybil_17,-1.6,389.95,0.0,-11.0033,268.62,:A2_4,4,154.53,734.15,1,5
133,sybil_18,636.64,801.6,6.9168,-0.7099,270.0,E4D4,2,119.69,481.53,1,6
133,sybil_19,636.64,801.6,4.4194,-6.8527,270.0,E4D4,2,119.69,481.53,1,6
133,sybil_2,-1.6,214.62,13.3795,13.3795,180.0,A2A1,5,178.7,795.82,1,0
133,sybil_20,636.64,801.6,15.5549,4.5469,270.0,E4D4,2,119.69,481.53,1,6
133,sybil_21,798.4,819.46,3.6937,0.7296,180.0,E5E4,3,52.58,512.77,1,7
133,sybil_22,798.4,819.46,17.3039,14.0774,180.0,E5E4,3,52.58,512.77,1,7
133,sybil_23,798.4,819.46,8.6305,-15.332,180.0,E5E4,3,52.58,512.77,1,7
133,sybil_29,788.46,198.4,14.1396,-2.5346,90.0,D1E1,0,87.33,591.07,1,9
133,sybil_3,-1.6,271.59,22.2224,16.0971,180.0,A2A1,7,175.5,772.02,1,1
133,sybil_4,-1.6,271.59,8.044,-4.2437,180.0,A2A1,7,175.5,772.02,1,1
133,sybil_5,-1.6,271.59,12.0137,-12.4941,180.0,A2A1,7,175.5,772.02,1,1
134,legit_10,835.62,598.4,13.7669,0.2644,90.0,E3F3,1,85.63,490.88,0,-1
134,legit_11,600.69,-1.6,12.4167,-0.7128,90.0,:D0_6,0,192.56,707.19,0,-1
134,legit_13,1001.6,864.39,13.3273,0.1544,0.0,F4F5,0,54.2,613.4,0,-1
134,legit_14,588.08,398.4,8.9419,-4.5,90.0,C2D2,1,143.32,480.86,0,-1
134,legit_15,198.4,481.29,13.4983,0.7559,180.0,B3B2,0,128.2,577.09,0,-1
134,legit_16,1.6,824.45,12.7699,0.1316,0.0,A4A5,1,149.21,735.35,0,-1
134,legit_17,355.54,-1.6,11.4941,0.2404,90.0,B0C0,0,153.98,742.92,0,-1
134,legit_18,463.92,798.4,12.0649,0.9395,90.0,C4D4,1,43.87,491.08,0,-1
134,legit_19,600.21,398.05,5.9119,-1.4437,344.43,:D2_18,1,154.55,480.88,0,-1
134,legit_20,53.02,1001.6,11.7221,-0.085,270.0,B5A5,1,124.71,763.76,0,-1
134,legit_21,517.94,1001.6,13.6172,0.1147,270.0,D5C5,0,103.74,572.13,0,-1
134,legit_22,618.33,598.4,4.2958,2.5589,90.0,D3E3,0,131.68,450.96,0,-1
134,legit_3,-1.6,873.1,11.5947,-0.5734,180.0,A5A4,2,155.17,752.29,0,-1
134,legit_7,110.75,198.4,13.6151,0.336,90.0,A1B1,4,87.68,724.93,0,-1
134,legit_8,401.6,821.8,13.7883,0.8171,0.0,C4C5,1,51.71,513.49,0,-1
134,legit_9,798.4,730.76,12.4663,0.0224,180.0,E4E3,4,119.48,491.53,0,-1
134,sybil_16,-1.6,381.24,12.0004,12.0004,180.0,A2A1,4,153.08,736.37,1,5
134,sybil_17,-1.6,381.24,0.0,0.0,234.66,:A2_4,4,153.08,736.37,1,5
134,sybil_18,623.26,801.6,17.9518,11.035,270.0,E4D4,2,132.43,481.08,1,6
134,sybil_19,623.26,801.6,20.7415,16.3221,270.0,E4D4,2,132.43,481.08,1,6
134,sybil_2,-1.6,227.93,7.3396,-6.0398,180.0,A2A1,4,186.1,789.96,1,0
134,sybil_20,623.26,801.6,11.9822,-3.5727,270.0,E4D4,2,132.43,481.08,1,6
134,sybil_21,798.4,809.54,14.1509,10.4571,180.0,E5E4,3,57.19,509.85,1,7
134,sybil_22,798.4,809.54,10.1196,-7.1843,180.0,E5E4,3,57.19,509.85,1,7
134,sybil_23,798.4,809.54,7.6683,-0.9622,180.0,E5E4,3,57.19,509.85,1,7
134,sybil_3,-1.6,259.25,13.2508,-8.9716,180.0,A2A1,6,182.02,776.88,1,1
134,sybil_4,-1.6,259.25,4.6433,-3.4007,180.0,A2A1,6,182.02,776.88,1,1
134,sybil_5,-1.6,259.25,34.0227,22.009,180.0,A2A1,6,182.02,776.88,1,1
135,legit_10,849.29,598.4,13.6666,-0.1003,90.0,E3F3,1,99.3,496.01,0,-1
135,legit_11,612.79,-1.6,12.0993,-0.3174,90.0,D0E0,0,183.34,707.28,0,-1
135,legit_13,1001.6,877.33,12.9395,-0.3878,0.0,F4F5,0,61.12,618.26,0,-1
135,legit_14,592.52,398.4,4.4419,-4.5,90.0,C2D2,1,147.6,480.81,0,-1
135,legit_15,198.4,467.74,13.5457,0.0474,180.0,B3B2,0,118.11,579.36,0,-1
135,legit_16,1.6,837.77,13.3169,0.5469,0.0,A4A5,1,148.42,739.02,0,-1
135,legit_17,367.03,-1.6,11.4813,-0.0128,90.0,B0C0,0,147.21,739.59,0,-1
135,legit_18,475.23,798.4,11.3121,-0.7528,90.0,C4D4,4,48.65,489.13,0,-1
135,legit_19,595.66,401.19,5.7762,-0.1357,300.8,:D2_18,1,151.37,479.98,0,-1
135,legit_20,42.37,1001.6,10.6488,-1.0733,270.0,B5A5,1,133.16,771.27,0,-1
135,legit_21,504.67,1001.6,13.2766,-0.3406,270.0,D5C5,0,95.58,573.52,0,-1
135,legit_22,624.4,598.4,6.0674,1.7716,90.0,D3E3,0,125.61,451.11,0,-1
135,legit_3,-1.6,861.36,11.7375,0.1428,180.0,A5A4,2,153.1,748.55,0,-1
135,legit_7,123.42,198.4,12.6664,-0.9487,90.0,A1B1,4,82.78,716.93,0,-1
135,legit_8,401.6,834.41,12.6089,-1.1794,0.0,C4C5,1,48.72,517.52,0,-1
135,legit_9,798.4,719.11,11.6551,-0.8111,180.0,E4E3,4,128.56,489.45,0,-1
135,sybil_16,-1.6,371.09,18.8379,6.8375,180.0,A2A1,4,152.01,739.07,1,5
135,sybil_17,-1.6,371.09,15.3564,15.3564,185.72,A2A1,4,152.01,739.07,1,5
135,sybil_18,609.9,801.6,7.1615,-10.7904,270.0,E4D4,3,145.27,480.83,1,6
135,sybil_19,609.9,801.6,10.8655,-9.876,270.0,E4D4,3,145.27,480.83,1,6
135,sybil_2,-1.6,216.67,8.3894,1.0498,180.0,A2A1,4,179.8,794.91,1,0
135,sybil_20,609.9,801.6,2.2882,-9.6939,270.0,E4D4,3,145.27,480.83,1,6
135,sybil_21,797.74,804.24,14.7069,0.5561,187.66,:E4_0,3,59.65,508.15,1,7
135,sybil_22,797.74,804.24,18.8329,8.7133,180.0,E5E4,3,59.65,508.15,1,7
135,sybil_23,797.74,804.24,2.9825,-4.6858,180.0,E5E4,3,59.65,508.15,1,7
135,sybil_3,-1.6,247.02,0.0,-13.2508,180.0,A2A1,6,189.07,781.87,1,1
135,sybil_4,-1.6,247.02,9.253,4.6097,180.0,A2A1,6,189.07,781.87,1,1
135,sybil_5,-1.6,247.02,25.9117,-8.111,180.0,A2A1,6,189.07,781.87,1,1
136,legit_10,862.42,598.4,13.1357,-0.5309,90.0,E3F3,1,112.43,501.12,0,-1
136,legit_11,624.92,-1.6,12.1271,0.0278,90.0,D0E0,0,174.45,707.54,0,-1
136,legit_13,1001.6,890.35,13.0195,0.08,0.0,F4F5,0,69.84,623.38,0,-1
136,legit_14,595.43,398.4,2.9126,-1.5293,90.0,:D2_13,1,150.42,480.79,0,-1
136,legit_15,198.4,454.71,13.0292,-0.5164,180.0,B3B2,0,106.36,581.72,0,-1
136,legit_16,1.6,851.1,13.3356,0.0187,0.0,A4A5,1,148.81,742.91,0,-1
136,legit_17,378.43,-1.6,11.4089,-0.0723,90.0,B0C0,0,141.1,736.42,0,-1
136,legit_18,486.48,798.4,11.2504,-0.0617,90.0,C4D4,1,55.33,487.43,0,-1
136,legit_19,589.91,401.6,5.7814,0.0052,273.43,D2C2,1,145.96,479.9,0,-1
136,legit_20,31.5,1001.6,10.8697,0.2209,270.0,B5A5,0,142.09,779.04,0,-1
136,legit_21,491.7,1001.6,12.9638,-0.3128,270.0,D5C5,0,88.8,575.12,0,-1
136,legit_22,632.01,598.4,7.6061,1.5387,90.0,D3E3,0,118.0,451.35,0,-1
136,legit_3,-1.6,848.88,12.477,0.7394,180.0,A5A4,1,151.86,744.76,0,-1
136,legit_7,136.16,198.4,12.74,0.0735,90.0,A1B1,3,79.61,709.12,0,-1
136,legit_8,401.6,848.23,13.8237,1.2148,0.0,C4C5,1,49.1,522.3,0,-1
136,legit_9,798.4,707.63,11.4779,-0.1772,180.0,E4E3,4,118.01,487.54,0,-1
136,sybil_16,-1.6,359.61,23.353,4.5151,180.0,A2A1,4,151.6,742.28,1,5
136,sybil_17,-1.6,359.61,3.147,-12.2095,180.0,A2A1,4,151.6,742.28,1,5
136,sybil_19,665.58,801.6,12.7048,1.8393,270.0,E4D4,4,92.74,483.21,1,6
136,sybil_20,665.58,801.6,0.0,-2.2882,270.0,E4D4,4,92.74,483.21,1,6
136,sybil_21,792.84,801.61,10.352,-4.3549,247.37,:E4_0,5,57.53,505.93,1,7
136,sybil_22,792.84,801.61,12.6349,-6.1979,180.0,E5E4,5,57.53,505.93,1,7
136,sybil_23,792.84,801.61,4.6126,1.6301,180.0,E5E4,5,57.53,505.93,1,7
136,sybil_3,-1.6,235.11,23.1044,23.1044,180.0,A2A1,5,190.35,786.87,1,1
136,sybil_4,-1.6,235.11,6.2364,-3.0166,180.0,A2A1,5,190.35,786.87,1,1
136,sybil_5,-1.6,235.11,21.9682,-3.9436,180.0,A2A1,5,190.35,786.87,1,1
137,legit_10,875.68,598.4,13.2538,0.1181,90.0,E3F3,1,125.69,506.47,0,-1
137,legit_11,638.13,-1.6,13.2057,1.0786,90.0,D0E0,0,165.23,708.0,0,-1
137,legit_13,1001.6,903.43,13.0786,0.0591,0.0,F4F5,0,79.78,628.74,0,-1
137,legit_14,599.82,398.4,4.3833,1.4707,90.0,:D2_13,1,154.66,480.78,0,-1
137,legit_15,198.4,441.15,13.5612,0.5319,180.0,B3B2,0,94.49,584.36,0,-1
137,legit_16,1.6,863.92,12.8163,-0.5193,0.0,A4A5,2,150.32,746.86,0,-1
137,legit_17,390.93,-1.6,12.4989,1.09,90.0,B0C0,0,135.19,733.13,0,-1
137,legit_18,497.89,798.4,11.4055,0.1551,90.0,C4D4,1,63.43,485.92,0,-1
137,legit_19,581.62,401.6,8.2907,2.5093,270.0,D2C2,1,138.04,480.04,0,-1
137,legit_20,20.09,1001.6,11.4126,0.543,270.0,B5A5,1,151.74,787.29,0,-1
137,legit_21,478.42,1001.6,13.2884,0.3246,270.0,D5C5,0,83.39,577.03,0,-1
137,legit_22,641.57,598.4,9.5655,1.9594,90.0,D3E3,0,108.44,451.74,0,-1
137,legit_3,-1.6,836.83,12.0554,-0.4216,180.0,A5A4,1,151.63,741.27,0,-1
137,legit_7,150.0,198.4,13.8382,1.0983,90.0,A1B1,0,78.4,700.91,0,-1
137,legit_8,401.6,861.52,13.2915,-0.5322,0.0,C4C5,1,52.97,527.26,0,-1
137,legit_9,798.4,695.78,11.8494,0.3714,180.0,E4E3,4,107.31,485.74,0,-1
137,sybil_16,-1.6,346.02,8.0616,-15.2914,180.0,A2A1,4,152.24,746.28,1,5
137,sybil_17,-1.6,346.02,29.7213,26.5744,180.0,A2A1,4,152.24,746.28,1,5
137,sybil_19,652.2,801.6,14.1845,1.4796,270.0,E4D4,4,105.07,482.31,1,6
137,sybil_20,652.2,801.6,20.1557,20.1557,270.0,E4D4,4,105.07,482.31,1,6
137,sybil_21,787.45,801.6,1.795,-8.557,270.0,E4D4,5,53.64,504.33,1,7
137,sybil_22,787.45,801.6,1.7036,-10.9313,180.0,E5E4,5,53.64,504.33,1,7
137,sybil_23,787.45,801.6,8.9273,4.3147,180.0,E5E4,5,53.64,504.33,1,7
137,sybil_3,-1.6,223.52,27.5927,4.4883,180.0,A2A1,4,183.57,791.88,1,1
137,sybil_4,-1.6,223.52,6.902,0.6656,180.0,A2A1,4,183.57,791.88,1,1
137,sybil_5,-1.6,223.52,9.9048,-12.0634,180.0,A2A1,4,183.57,791.88,1,1
138,legit_10,888.42,598.4,12.7418,-0.5119,90.0,E3F3,1,138.43,511.79,0,-1
138,legit_11,650.64,-1.6,12.5112,-0.6945,90.0,D0E0,0,157.03,708.61,0,-1
138,legit_13,1001.6,916.8,13.3759,0.2973,0.0,F4F5,0,90.78,634.42,0,-1
138,legit_14,606.68,398.4,6.866,2.4827,90.0,:D2_13,1,148.37,480.8,0,-1
138,legit_15,198.4,428.47,12.6838,-0.8773,180.0,B3B2,0,83.85,587.02,0,-1
138,legit_16,1.6,876.55,12.628,-0.1883,0.0,A4A5,2,152.83,750.93,0,-1
138,legit_17,403.29,-1.6,12.3538,-0.1452,90.0,:C0_6,0,130.26,730.07,0,-1
138,legit_18,509.17,798.4,11.2816,-0.124,90.0,C4D4,3,72.33,484.61,0,-1
138,legit_19,570.8,401.6,10.8233,2.5326,270.0,D2C2,1,127.76,480.33,0,-1
138,legit_20,9.83,1001.6,10.2529,-1.1598,270.0,B5A5,1,160.6,794.78,0,-1
138,legit_21,464.64,1001.6,13.7799,0.4915,270.0,D5C5,1,79.75,579.3,0,-1
138,legit_22,652.44,598.4,10.8708,1.3053,90.0,D3E3,0,97.57,452.32,0,-1
138,legit_23,991.7,1.6,0.0,0.0,270.0,F0E0,0,131.98,795.55,0,-1
138,legit_3,-1.6,824.54,12.2874,0.232,180.0,A5A4,1,152.39,737.89,0,-1
138,legit_7,163.55,198.4,13.5541,-0.2841,90.0,A1B1,0,79.56,693.16,0,-1
138,legit_8,401.6,874.29,12.7706,-0.5209,0.0,C4C5,2,59.32,532.32,0,-1
138,legit_9,798.4,684.28,11.4965,-0.3529,180.0,E4E3,4,97.19,484.14,0,-1
138,sybil_16,-1.6,332.85,0.8674,-7.1942,180.0,A2A1,4,154.01,750.37,1,5
138,sybil_17,-1.6,332.85,7.0888,-22.6325,180.0,A2A1,4,154.01,750.37,1,5
138,sybil_19,639.51,801.6,0.0,-14.1845,270.0,E4D4,5,116.98,481.65,1,6
138,sybil_20,639.51,801.6,0.7582,-19.3974,270.0,E4D4,5,116.98,481.65,1,6
138,sybil_21,780.39,801.6,4.5521,2.7571,270.0,E4D4,5,48.97,502.3,1,7
138,sybil_22,780.39,801.6,5.0598,3.3561,196.51,:E4_0,5,48.97,502.3,1,7
138,sybil_23,780.39,801.6,21.0251,12.0979,180.0,E5E4,5,48.97,502.3,1,7
138,sybil_3,-1.6,212.0,7.2576,-20.3351,180.0,A2A1,4,177.33,797.0,1,1
138,sybil_4,-1.6,212.0,14.9617,8.0597,180.0,A2A1,4,177.33,797.0,1,1
138,sybil_5,-1.6,212.0,6.681,-3.2238,180.0,A2A1,4,177.33,797.0,1,1
139,legit_10,901.69,598.4,13.2724,0.5306,90.0,E3F3,1,148.32,517.51,0,-1
139,legit_11,662.74,-1.6,12.1073,-0.4039,90.0,D0E0,0,149.67,709.38,0,-1
139,legit_13,1001.6,930.48,13.6782,0.3023,0.0,F4F5,0,102.61,640.42,0,-1
139,legit_14,615.45,398.4,8.7679,1.9019,90.0,D2E2,1,139.92,480.91,0,-1
139,legit_15,198.4,414.87,13.5989,0.915,180.0,B3B2,0,73.16,590.07,0,-1
139,legit_16,1.6,890.4,13.8475,1.2195,0.0,A4A5,2,156.72,755.61,0,-1
139,legit_17,415.48,-1.6,12.1927,-0.161,90.0,C0D0,0,126.41,727.22,0,-1
139,legit_18,520.14,798.4,10.9651,-0.3165,90.0,C4D4,3,81.55,483.51,0,-1
139,legit_19,559.32,401.6,11.4734,0.65,270.0,D2C2,1,116.97,480.78,0,-1
139,legit_20,4.08,1001.6,5.7529,-4.5,270.0,B5A5,1,165.65,799.02,0,-1
139,legit_21,450.87,1001.6,13.7608,-0.0191,270.0,D5C5,1,78.4,581.89,0,-1
139,legit_22,665.9,598.4,13.4581,2.5873,90.0,D3E3,0,84.11,453.21,0,-1
139,legit_23,989.83,1.6,1.8724,1.8724,270.0,F0E0,0,132.81,794.7,0,-1
139,legit_3,-1.6,814.57,9.9754,-2.312,180.0,A5A4,1,153.72,735.29,0,-1
139,legit_7,176.96,198.4,13.4103,-0.1438,90.0,A1B1,0,82.91,685.77,0,-1
139,legit_8,401.6,887.21,12.9203,0.1498,0.0,C4C5,2,67.61,537.7,0,-1
139,legit_9,798.4,672.03,12.252,0.7556,180.0,E4E3,4,86.78,482.61,0,-1
139,sybil_16,-1.6,319.66,15.0245,14.1571,180.0,A2A1,3,156.87,754.67,1,5
139,sybil_17,-1.6,319.66,18.0548,10.966,180.0,A2A1,3,156.87,754.67,1,5
139,sybil_19,625.98,801.6,2.3438,2.3438,270.0,E4D4,5,129.83,481.16,1,6
139,sybil_20,625.98,801.6,3.1726,2.4143,270.0,E4D4,5,129.83,481.16,1,6
139,sybil_21,771.95,801.6,0.0,-4.5521,270.0,E4D4,5,44.23,499.99,1,7
139,sybil_22,771.95,801.6,0.0,-5.0598,266.75,E4D4,5,44.23,499.99,1,7
139,sybil_23,771.95,801.6,9.3508,-11.6743,180.0,E5E4,5,44.23,499.99,1,7
139,sybil_4,-1.6,222.53,5.4855,-9.4762,180.0,A2A1,3,183.02,792.32,1,1
139,sybil_5,-1.6,222.53,4.1716,-2.5094,180.0,A2A1,3,183.02,792.32,1,1
140,legit_10,914.33,598.4,12.6383,-0.6341,90.0,E3F3,1,135.68,523.13,0,-1
140,legit_11,674.79,-1.6,12.0499,-0.0574,90.0,D0E0,0,142.98,710.32,0,-1
140,legit_13,1001.6,943.46,12.9765,-0.7017,0.0,F4F5,0,114.22,646.28,0,-1
140,legit_14,626.42,398.4,10.9652,2.1973,90.0,D2E2,1,129.41,481.17,0,-1
140,legit_15,198.4,401.94,12.9271,-0.6718,180.0,:B2_1,0,64.04,593.18,0,-1
140,legit_16,1.6,904.0,13.6041,-0.2434,0.0,A4A5,2,161.61,760.43,0,-1
140,legit_17,427.11,-1.6,11.6265,-0.5663,90.0,C0D0,0,123.74,724.69,0,-1
140,legit_18,531.07,798.4,10.9327,-0.0324,90.0,C4D4,2,91.12,482.56,0,-1
140,legit_19,547.85,401.6,11.4702,-0.0032,270.0,D2C2,1,106.33,481.39,0,-1
140,legit_20,-0.21,1000.52,4.5241,-1.2287,257.19,:A5_0,1,169.94,801.68,0,-1
140,legit_21,437.91,1001.6,12.9648,-0.796,270.0,D5C5,1,79.33,584.63,0,-1
140,legit_22,678.98,598.4,13.0839,-0.3742,90.0,D3E3,1,71.03,454.28,0,-1
140,legit_23,986.41,1.6,3.4169,1.5445,270.0,F0E0,0,134.4,793.17,0,-1
140,legit_3,-1.6,808.2,6.3632,-3.6121,180.0,A5A4,1,154.9,733.69,0,-1
140,legit_7,190.16,198.4,13.2022,-0.2081,90.0,A1B1,0,88.09,678.75,0,-1
140,legit_8,401.6,900.28,13.0658,0.1455,0.0,C4C5,1,77.31,543.37,0,-1
140,legit_9,798.4,659.82,12.2065,-0.0455,180.0,E4E3,5,76.95,481.27,0,-1
140,sybil_16,-1.6,306.75,13.0035,-2.021,180.0,A2A1,3,160.68,759.08,1,5
140,sybil_17,-1.6,306.75,16.6816,-1.3732,180.0,A2A1,3,160.68,759.08,1,5
140,sybil_19,613.11,801.6,5.6935,3.3496,270.0,E4D4,5,142.17,480.87,1,6
140,sybil_20,613.11,801.6,9.1767,6.0041,270.0,E4D4,5,142.17,480.87,1,6
140,sybil_21,761.52,801.6,3.9199,3.9199,270.0,E4D4,5,40.09,497.33,1,7
140,sybil_22,761.52,801.6,12.0246,12.0246,270.0,E4D4,5,40.09,497.33,1,7
140,sybil_23,761.52,801.6,3.1807,-6.1701,180.0,E5E4,5,40.09,497.33,1,7
140,sybil_4,-1.6,210.45,13.4895,8.0041,180.0,A2A1,3,176.53,797.7,1,1
140,sybil_5,-1.6,210.45,15.4455,11.2739,180.0,A2A1,3,176.53,797.7,1,1
141,legit_10,927.55,598.4,13.2212,0.5829,90.0,E3F3,1,122.46,529.18,0,-1
141,legit_11,686.88,-1.6,12.0893,0.0394,90.0,D0E0,0,137.0,711.43,0,-1
141,legit_13,1001.6,956.63,13.1736,0.1972,0.0,F4F5,0,126.27,652.39,0,-1
141,legit_14,639.4,398.4,12.9867,2.0216,90.0,D2E2,1,117.07,481.65,0,-1
141,legit_15,198.4,388.33,13.6096,0.6825,180.0,B2B1,0,56.08,596.7,0,-1
141,legit_16,1.6,917.58,13.5759,-0.0282,0.0,A4A5,2,167.45,765.44,0,-1
141,legit_17,438.97,-1.6,11.8673,0.2409,90.0,C0D0,0,122.1,722.28,0,-1
141,legit_18,542.85,798.4,11.7805,0.8478,90.0,C4D4,1,101.74,481.7,0,-1
141,legit_19,536.65,401.6,11.2011,-0.2691,270.0,D2C2,1,96.12,482.13,0,-1
141,legit_20,-1.59,996.84,4.0619,-0.4623,207.79,:A5_0,1,172.91,801.01,0,-1
141,legit_21,424.32,1001.6,13.5919,0.6271,270.0,D5C5,1,82.5,587.81,0,-1
141,legit_22,692.43,598.4,13.4427,0.3588,90.0,D3E3,1,57.6,455.58,0,-1
141,legit_23,980.74,1.6,5.674,2.2571,270.0,F0E0,0,137.17,790.66,0,-1
141,legit_3,-0.11,805.65,3.2196,-3.1437,160.96,:A4_10,1,153.99,731.88,0,-1
141,legit_8,401.6,913.35,13.0651,-0.0007,0.0,C4C5,1,87.88,549.25,0,-1
141,legit_9,798.4,647.73,12.0911,-0.1154,180.0,E4E3,2,67.98,480.14,0,-1
141,sybil_16,-1.6,292.95,18.7407,5.7372,180.0,A2A1,2,165.76,763.99,1,5
141,sybil_17,-1.6,292.95,18.9946,2.313,180.0,A2A1,2,165.76,763.99,1,5
141,sybil_20,680.16,801.6,31.6266,22.45,270.0,E4D4,4,79.7,484.44,1,6
141,sybil_21,749.13,801.6,7.6531,3.7333,270.0,E4D4,3,38.41,494.5,1,7
141,sybil_22,749.13,801.6,7.1129,-4.9117,270.0,E4D4,3,38.41,494.5,1,7
141,sybil_23,749.13,801.6,4.4542,1.2735,217.04,:E4_0,3,38.41,494.5,1,7
141,sybil_5,-1.6,227.35,5.4174,-10.028,180.0,A2A1,2,185.76,790.21,1,1
142,legit_10,940.72,598.4,13.1752,-0.0461,90.0,E3F3,1,109.29,535.39,0,-1
142,legit_11,699.41,-1.6,12.5234,0.4341,90.0,D0E0,0,131.71,712.76,0,-1
142,legit_13,1001.6,970.44,13.8091,0.6355,0.0,F4F5,0,119.78,658.98,0,-1
142,legit_14,652.06,398.4,12.6534,-0.3333,90.0,D2E2,1,105.2,482.31,0,-1
142,legit_15,198.4,375.14,13.1871,-0.4225,180.0,B2B1,0,50.71,600.4,0,-1
142,legit_16,1.6,930.37,12.7921,-0.7839,0.0,A4A5,2,173.75,770.35,0,-1
142,legit_17,451.24,-1.6,12.2647,0.3973,90.0,C0D0,0,121.61,719.99,0,-1
142,legit_18,554.39,798.4,11.5403,-0.2402,90.0,C4D4,1,112.37,481.03,0,-1
142,legit_19,525.73,401.6,10.9207,-0.2803,270.0,D2C2,1,86.4,483.0,0,-1
142,legit_20,-1.6,991.95,4.8852,0.8233,180.24,A5A4,1,175.31,798.79,0,-1
142,legit_21,410.86,1001.6,13.4588,-0.1331,270.0,D5C5,1,87.63,591.25,0,-1
142,legit_22,705.46,598.4,13.0323,-0.4104,90.0,D3E3,1,44.57,457.04,0,-1
142,legit_23,973.63,1.6,7.1097,1.4356,270.0,F0E0,0,140.89,787.57,0,-1
142,legit_3,1.6,807.51,2.766,-0.4536,84.75,A4A5,1,151.91,730.99,0,-1
142,legit_8,401.6,926.46,13.1174,0.0523,0.0,C4C5,1,99.09,555.35,0,-1
142,legit_9,798.4,636.03,11.7004,-0.3907,180.0,E4E3,2,60.34,479.24,0,-1
142,sybil_16,-1.6,280.27,16.4767,-2.2639,180.0,A2A1,2,171.29,768.7,1,5
142,sybil_17,-1.6,280.27,0.0,-18.9946,180.0,A2A1,2,171.29,768.7,1,5
142,sybil_20,667.25,801.6,31.1886,-0.438,270.0,E4D4,4,91.22,483.34,1,6
142,sybil_21,735.64,801.6,25.9703,18.3171,270.0,E4D4,3,41.0,491.83,1,7
142,sybil_22,735.64,801.6,17.8354,10.7225,270.0,E4D4,3,41.0,491.83,1,7
142,sybil_23,735.64,801.6,9.3472,4.893,268.58,E4D4,3,41.0,491.83,1,7
142,sybil_5,-1.6,213.58,12.1813,6.7639,180.0,A2A1,2,178.16,796.29,1,1
143,legit_10,953.51,598.4,12.7806,-0.3945,90.0,E3F3,0,96.51,541.58,0,-1
143,legit_11,711.79,-1.6,12.3866,-0.1367,90.0,D0E0,0,127.46,714.28,0,-1
143,legit_13,1001.6,983.65,13.2104,-0.5987,0.0,F4F5,0,107.82,665.45,0,-1
143,legit_14,664.88,398.4,12.8197,0.1662,90.0,D2E2,0,93.38,483.16,0,-1
143,legit_15,198.4,362.55,12.5973,-0.5898,180.0,B2B1,0,48.47,604.22,0,-1
143,legit_16,1.6,943.39,13.0186,0.2265,0.0,A4A5,2,180.86,775.52,0,-1
143,legit_17,463.12,-1.6,11.8818,-0.3829,90.0,C0D0,0,122.31,717.96,0,-1
143,legit_18,565.82,798.4,11.4266,-0.1137,90.0,C4D4,1,123.06,480.51,0,-1
143,legit_19,514.38,401.6,11.3508,0.4301,270.0,D2C2,0,76.65,484.07,0,-1
143,legit_20,-1.6,985.47,6.4819,1.5967,180.0,A5A4,1,178.66,795.86,0,-1
143,legit_21,397.54,1001.6,13.3159,-0.1429,270.0,:C5_0,1,94.33,594.93,0,-1
143,legit_22,718.36,598.4,12.8965,-0.1358,90.0,D3E3,1,31.68,458.68,0,-1
143,legit_23,965.13,1.6,8.494,1.3844,270.0,F0E0,0,145.67,783.94,0,-1
143,legit_3,1.6,812.88,5.3637,2.5978,0.0,A4A5,1,150.86,732.33,0,-1
143,legit_8,401.6,939.55,13.0895,-0.0278,0.0,C4C5,1,110.69,561.63,0,-1
143,legit_9,798.4,624.58,11.457,-0.2435,180.0,E4E3,1,54.28,478.57,0,-1
143,sybil_16,-1.6,266.41,23.8317,7.355,180.0,A2A1,1,178.16,774.04,1,5
143,sybil_17,-1.6,266.41,11.6854,11.6854,180.0,A2A1,1,178.16,774.04,1,5
143,sybil_20,654.36,801.6,4.688,-26.5006,270.0,E4D4,4,103.06,482.44,1,6
143,sybil_21,723.23,801.6,9.1033,-16.867,270.0,E4D4,3,46.81,489.73,1,7
143,sybil_22,723.23,801.6,29.052,11.2166,270.0,E4D4,3,46.81,489.73,1,7
143,sybil_23,723.23,801.6,15.015,5.6678,270.0,E4D4,3,46.81,489.73,1,7
144,legit_10,966.91,598.4,13.4042,0.6236,90.0,E3F3,0,83.11,548.25,0,-1
144,legit_11,724.83,-1.6,13.0321,0.6454,90.0,D0E0,0,124.18,716.09,0,-1
144,legit_14,678.14,398.4,13.2582,0.4385,90.0,D2E2,0,81.48,484.25,0,-1
144,legit_15,198.4,349.5,13.0442,0.4469,180.0,B2B1,0,49.53,608.5,0,-1
144,legit_16,1.6,956.36,12.9684,-0.0502,0.0,A4A5,2,188.58,780.86,0,-1
144,legit_17,474.8,-1.6,11.6758,-0.206,90.0,C0D0,0,124.1,716.15,0,-1
144,legit_18,577.78,798.4,11.9617,0.5352,90.0,C4D4,4,134.38,480.13,0,-1
144,legit_19,503.5,401.6,10.8763,-0.4745,270.0,D2C2,0,67.77,485.24,0,-1
144,legit_20,-1.6,976.85,8.6137,2.1318,180.0,A5A4,1,183.36,792.04,0,-1
144,legit_21,384.58,1001.6,12.9659,-0.3501,270.0,C5B5,1,102.11,598.74,0,-1
144,legit_22,731.92,598.4,13.5675,0.671,90.0,D3E3,1,18.15,460.61,0,-1
144,legit_23,954.66,1.6,10.4743,1.9803,270.0,F0E0,0,152.01,779.57,0,-1
144,legit_24,201.6,812.3,0.0,0.0,0.0,B4B5,0,58.56,595.18,0,-1
144,legit_3,1.6,820.61,7.7308,2.3671,0.0,A4A5,1,149.66,734.33,0,-1
144,legit_8,401.6,953.17,13.6127,0.5232,0.0,C4C5,1,123.08,568.34,0,-1
144,legit_9,798.4,612.49,12.0854,0.6284,180.0,E4E3,1,49.99,478.12,0,-1
144,sybil_16,-1.6,252.63,17.6164,-6.2154,180.0,A2A1,1,185.77,779.56,1,5
144,sybil_17,-1.6,252.63,20.5784,8.893,180.0,A2A1,1,185.77,779.56,1,5
144,sybil_20,641.14,801.6,2.7495,-1.9385,270.0,E4D4,4,115.44,481.73,1,6
144,sybil_21,709.83,801.6,18.0235,8.9202,270.0,E4D4,4,55.57,487.79,1,7
144,sybil_22,709.83,801.6,19.582,-9.4701,270.0,E4D4,4,55.57,487.79,1,7
144,sybil_23,709.83,801.6,10.9669,-4.0481,270.0,E4D4,4,55.57,487.79,1,7
145,legit_10,979.96,598.4,13.0537,-0.3505,90.0,E3F3,0,70.05,554.92,0,-1
145,legit_11,737.7,-1.6,12.8764,-0.1557,90.0,D0E0,0,122.22,718.1,0,-1
145,legit_14,691.31,398.4,13.1789,-0.0793,90.0,D2E2,0,70.13,485.56,0,-1
145,legit_15,198.4,336.3,13.1992,0.155,180.0,B2B1,0,53.89,613.15,0,-1
145,legit_16,1.6,970.01,13.6565,0.6881,0.0,A4A5,2,184.72,786.67,0,-1
145,legit_17,486.4,-1.6,11.6025,-0.0733,90.0,C0D0,0,126.93,714.52,0,-1
145,legit_18,586.01,798.4,8.2324,-3.7294,90.0,C4D4,4,142.23,479.96,0,-1
145,legit_19,492.83,401.6,10.6691,-0.2072,270.0,D2C2,0,59.71,486.56,0,-1
145,legit_20,-1.6,966.89,9.9652,1.3515,180.0,A5A4,2,189.15,787.72,0,-1
145,legit_21,370.85,1001.6,13.732,0.7661,270.0,C5B5,1,111.41,603.03,0,-1
145,legit_22,744.68,598.4,12.7608,-0.8067,90.0,D3E3,1,5.55,462.63,0,-1
145,legit_23,942.6,1.6,12.0595,1.5852,270.0,F0E0,0,159.85,774.68,0,-1
145,legit_24,201.6,814.48,2.1821,2.1821,0.0,B4B5,0,57.56,595.77,0,-1
145,legit_3,1.6,830.28,9.6695,1.9387,0.0,A4A5,2,148.72,736.93,0,-1
145,legit_8,401.6,965.87,12.7006,-0.9121,0.0,C4C5,1,123.97,574.78,0,-1
145,legit_9,798.4,601.11,11.3766,-0.7087,180.0,:E3_1,1,48.41,477.96,0,-1
145,sybil_16,-1.6,239.73,27.8822,10.2658,180.0,A2A1,1,193.18,784.91,1,5
145,sybil_17,-1.6,239.73,16.0548,-4.5235,180.0,A2A1,1,193.18,784.91,1,5
145,sybil_20,627.66,801.6,9.7061,6.9566,270.0,E4D4,4,128.22,481.21,1,6
145,sybil_21,696.9,801.6,24.9923,6.9688,270.0,E4D4,4,65.53,486.18,1,7
145,sybil_22,696.9,801.6,17.1945,-2.3875,270.0,E4D4,4,65.53,486.18,1,7
145,sybil_23,696.9,801.6,18.1722,7.2053,270.0,E4D4,4,65.53,486.18,1,7
146,legit_10,988.52,598.4,8.5537,-4.5,90.0,E3F3,0,61.5,559.39,0,-1
146,legit_11,750.79,-1.6,13.0886,0.2123,90.0,D0E0,0,121.6,720.36,0,-1
146,legit_14,705.15,398.4,13.8316,0.6527,90.0,D2E2,0,59.05,487.18,0,-1
146,legit_15,198.4,322.62,13.6814,0.4823,180.0,B2B1,0,61.15,618.28,0,-1
146,legit_16,1.6,982.42,12.404,-1.2525,0.0,A4A5,2,177.61,792.11,0,-1
146,legit_17,498.53,-1.6,12.1299,0.5274,90.0,C0D0,0,130.93,713.0,0,-1
146,legit_18,591.37,798.4,5.3561,-2.8763,90.0,C4D4,4,147.36,479.89,0,-1
146,legit_19,481.69,401.6,11.1484,0.4793,270.0,D2C2,0,52.29,488.13,0,-1
146,legit_20,-1.6,955.7,11.1916,1.2264,180.0,A5A4,2,190.71,783.0,0,-1
146,legit_21,358.01,1001.6,12.8395,-0.8925,270.0,C5B5,1,120.87,607.24,0,-1
146,legit_22,757.47,598.4,12.7854,0.0246,90.0,D3E3,1,7.64,465.57,0,-1
146,legit_23,929.13,1.6,13.4727,1.4132,270.0,F0E0,0,169.2,769.39,0,-1
146,legit_24,201.6,819.05,4.5654,2.3833,0.0,B4B5,0,55.69,597.05,0,-1
146,legit_3,1.6,842.49,12.2119,2.5424,0.0,A4A5,2,148.42,740.37,0,-1
146,legit_8,401.6,978.28,12.4186,-0.282,0.0,C4C5,1,112.64,581.24,0,-1
146,legit_9,798.4,588.76,12.3496,0.9729,180.0,E3E2,1,49.69,478.09,0,-1
146,sybil_16,-1.6,226.78,6.9967,-20.8854,180.0,A2A1,1,185.43,790.45,1,5
146,sybil_17,-1.6,226.78,16.3296,0.2748,180.0,A2A1,1,185.43,790.45,1,5
146,sybil_20,614.9,801.6,10.7376,1.0315,270.0,E4D4,4,140.45,480.9,1,6
146,sybil_21,684.68,801.6,3.5892,-21.4031,270.0,E4D4,4,75.77,484.87,1,7
146,sybil_22,684.68,801.6,0.0,-17.1945,270.0,E4D4,4,75.77,484.87,1,7
146,sybil_23,684.68,801.6,10.4577,-7.7145,270.0,E4D4,4,75.77,484.87,1,7
147,legit_10,994.93,598.1,6.4329,-2.1208,93.5,:F3_6,0,55.1,562.79,0,-1
147,legit_11,763.59,-1.6,12.8016,-0.287,90.0,D0E0,0,122.36,722.79,0,-1
147,legit_14,719.0,398.4,13.8563,0.0247,90.0,D2E2,0,49.35,489.09,0,-1
147,legit_15,198.4,308.94,13.6863,0.0048,180.0,B2B1,0,70.36,623.67,0,-1
147,legit_16,1.6,991.44,9.0232,-3.3808,0.0,A4A5,2,172.82,796.17,0,-1
147,legit_17,509.83,-1.6,11.2986,-0.8313,90.0,C0D0,0,135.52,711.76,0,-1
147,legit_18,598.49,798.4,7.1219,1.7659,90.0,:D4_13,3,154.21,479.85,0,-1
147,legit_19,471.0,401.6,10.6887,-0.4597,270.0,D2C2,0,46.6,489.83,0,-1
147,legit_20,-1.6,945.12,10.5791,-0.6125,180.0,A5A4,2,184.48,778.65,0,-1
147,legit_21,344.61,1001.6,13.393,0.5536,270.0,C5B5,1,131.35,611.84,0,-1
147,legit_22,770.99,598.4,13.5212,0.7358,90.0,D3E3,1,21.05,469.45,0,-1
147,legit_23,915.47,1.6,13.6542,0.1814,270.0,F0E0,0,179.21,764.22,0,-1
147,legit_24,201.6,825.33,6.2854,1.7199,0.0,B4B5,0,53.64,598.86,0,-1
147,legit_3,1.6,855.16,12.676,0.464,0.0,A4A5,2,149.17,744.14,0,-1
147,legit_8,401.6,987.14,8.8597,-3.5589,0.0,C4C5,1,104.71,585.94,0,-1
147,legit_9,798.4,576.45,12.3147,-0.0348,180.0,E3E2,1,53.83,478.53,0,-1
147,sybil_16,-1.6,214.05,17.4098,10.4131,180.0,A2A1,1,178.41,796.08,1,5
147,sybil_17,-1.6,214.05,10.8586,-5.4711,180.0,A2A1,1,178.41,796.08,1,5
147,sybil_21,672.14,801.6,24.3791,20.7899,270.0,E4D4,3,86.81,483.73,1,7
147,sybil_22,672.14,801.6,16.3635,16.3635,270.0,E4D4,3,86.81,483.73,1,7
147,sybil_23,672.14,801.6,21.015,10.5573,270.0,E4D4,3,86.81,483.73,1,7
148,legit_10,998.21,594.14,5.5282,-0.9046,143.82,:F3_6,0,52.12,564.57,0,-1
148,legit_11,776.54,-1.6,12.9468,0.1451,90.0,D0E0,1,124.46,725.47,0,-1
148,legit_14,732.32,398.4,13.3149,-0.5414,90.0,D2E2,0,42.28,491.24,0,-1
148,legit_15,198.4,295.42,13.511,-0.1752,180.0,B2B1,0,80.7,629.22,0,-1
148,legit_16,1.6,995.96,4.5232,-4.5,0.0,A4A5,2,170.54,798.24,0,-1
148,legit_17,521.91,-1.6,12.079,0.7803,90.0,C0D0,0,141.27,710.6,0,-1
148,legit_18,608.21,798.4,9.7216,2.5997,90.0,D4E4,3,147.77,479.88,0,-1
148,legit_19,459.46,401.6,11.5343,0.8456,270.0,D2C2,0,42.66,491.93,0,-1
148,legit_20,-1.6,933.83,11.2896,0.7105,180.0,A5A4,2,178.29,774.14,0,-1
148,legit_21,331.81,1001.6,12.8035,-0.5896,270.0,C5B5,1,141.83,616.42,0,-1
148,legit_22,781.89,598.4,10.9027,-2.6185,90.0,D3E3,1,31.93,472.73,0,-1
148,legit_23,901.62,1.6,13.8542,0.2,270.0,F0E0,1,189.83,759.17,0,-1
148,legit_24,201.6,834.12,8.786,2.5006,0.0,B4B5,0,51.93,601.51,0,-1
148,legit_3,1.6,867.64,12.4763,-0.1997,0.0,A4A5,2,150.95,748.04,0,-1
148,legit_8,401.6,991.95,4.8042,-4.0555,0.0,C4C5,1,100.48,588.52,0,-1
148,legit_9,798.4,565.19,11.2617,-1.053,180.0,E3E2,1,59.62,479.16,0,-1
148,sybil_17,-1.6,225.1,6.2955,-4.5631,180.0,A2A1,0,184.47,791.19,1,5
148,sybil_21,659.78,801.6,19.5387,-4.8404,270.0,E4D4,3,98.05,482.8,1,7
148,sybil_22,659.78,801.6,17.8691,1.5056,270.0,E4D4,3,98.05,482.8,1,7
148,sybil_23,659.78,801.6,10.3598,-10.6552,270.0,E4D4,3,98.05,482.8,1,7
149,legit_10,998.4,588.61,5.5412,0.013,178.68,F3F2,0,52.84,564.76,0,-1
149,legit_11,786.51,-1.6,9.9679,-2.9789,90.0,D0E0,1,126.96,727.67,0,-1
149,legit_14,745.91,398.4,13.5951,0.2802,90.0,D2E2,0,38.62,493.83,0,-1
149,legit_15,198.4,282.66,12.7658,-0.7452,180.0,B2B1,0,91.24,634.65,0,-1
149,legit_16,3.5,998.4,3.7227,-0.8005,27.14,A5B5,2,167.69,797.96,0,-1
149,legit_17,533.75,-1.6,11.8406,-0.2383,90.0,C0D0,0,147.65,709.64,0,-1
149,legit_18,619.87,798.4,11.6636,1.942,90.0,D4E4,3,136.61,480.07,0,-1
149,legit_19,447.85,401.6,11.6127,0.0784,270.0,D2C2,0,41.66,494.34,0,-1
149,legit_20,-1.6,922.67,11.1629,-0.1267,180.0,A5A4,2,172.67,769.81,0,-1
149,legit_21,319.17,1001.6,12.6371,-0.1664,270.0,C5B5,1,152.52,621.12,0,-1
149,legit_22,788.3,598.4,6.4027,-4.5,90.0,D3E3,1,38.33,474.73,0,-1
149,legit_23,888.55,1.6,13.0706,-0.7835,270.0,F0E0,1,182.25,754.59,0,-1
149,legit_24,201.6,844.31,10.1893,1.4033,0.0,B4B5,0,51.78,604.76,0,-1
149,legit_3,1.6,879.76,12.1156,-0.3606,0.0,A4A5,2,153.63,751.99,0,-1
149,legit_8,400.02,994.39,3.1673,-1.6369,339.69,:C5_5,1,99.13,590.29,0,-1
149,legit_9,798.4,553.89,11.3,0.0383,180.0,E3E2,1,66.85,480.0,0,-1
149,sybil_17,-1.6,212.19,6.5649,0.2694,180.0,A2A1,0,177.43,796.91,1,5
149,sybil_21,647.48,801.6,18.0006,-1.5381,270.0,E4D4,3,109.47,482.05,1,7
149,sybil_22,647.48,801.6,10.5229,-7.3463,270.0,E4D4,3,109.47,482.05,1,7
149,sybil_23,647.48,801.6,18.5449,8.1851,270.0,E4D4,3,109.47,482.05,1,7
150,legit_10,998.4,581.42,7.1947,1.6535,180.0,F3F2,0,54.84,564.97,0,-1
150,legit_11,793.07,-1.56,6.5673,-3.4005,89.56,:E0_7,1,128.97,729.17,0,-1
150,legit_14,759.77,398.4,13.8584,0.2633,90.0,D2E2,1,39.62,496.91,0,-1
150,legit_15,198.4,269.33,13.3258,0.56,180.0,B2B1,0,102.78,640.5,0,-1
150,legit_16,9.52,998.4,6.0181,2.2955,90.0,A5B5,2,162.46,793.52,0,-1
150,legit_17,545.46,-1.6,11.7159,-0.1248,90.0,C0D0,0,154.59,708.84,0,-1
150,legit_18,630.77,798.4,10.8923,-0.7713,90.0,D4E4,3,126.28,480.38,0,-1
150,legit_19,437.05,401.6,10.8009,-0.8118,270.0,D2C2,0,43.57,496.86,0,-1
150,legit_20,-1.6,912.09,10.5794,-0.5835,180.0,A5A4,2,167.87,765.84,0,-1
150,legit_21,305.94,1001.6,13.2324,0.5953,270.0,C5B5,1,164.01,626.22,0,-1
150,legit_22,792.59,598.4,4.2951,-2.1076,90.0,D3E3,1,42.62,476.09,0,-1
150,legit_23,874.77,1.6,13.7815,0.7108,270.0,F0E0,1,172.0,749.94,0,-1
150,legit_24,201.6,856.85,12.5459,2.3566,0.0,B4B5,0,54.28,609.04,0,-1
150,legit_25,991.7,1001.6,0.0,0.0,270.0,F5E5,0,97.7,669.5,0,-1
150,legit_3,1.6,891.44,11.6838,-0.4318,0.0,A4A5,2,157.06,755.97,0,-1
150,legit_8,398.4,991.68,3.4777,0.3104,237.12,C5C4,1,102.29,589.27,0,-1
150,legit_9,798.4,541.56,12.3278,1.0277,180.0,E3E2,2,75.88,481.13,0,-1
150,sybil_21,634.34,801.6,15.5296,-2.4711,270.0,E4D4,3,121.87,481.44,1,7
150,sybil_22,634.34,801.6,15.6981,5.1752,270.0,E4D4,3,121.87,481.44,1,7
150,sybil_23,634.34,801.6,20.1219,1.5769,270.0,E4D4,3,121.87,481.44,1,7
151,legit_10,998.4,572.82,8.5969,1.4021,180.0,F3F2,0,58.32,565.33,0,-1
151,legit_11,799.79,1.25,7.5847,1.0174,59.58,:E0_10,1,128.77,728.56,0,-1
151,legit_14,773.57,398.4,13.7949,-0.0635,90.0,D2E2,1,45.05,500.42,0,-1
151,legit_15,198.4,256.02,13.3124,-0.0134,180.0,B2B1,0,114.69,646.52,0,-1
151,legit_16,17.69,998.4,8.1622,2.1441,90.0,A5B5,2,155.45,787.54,0,-1
151,legit_17,556.73,-1.6,11.2633,-0.4526,90.0,C0D0,0,161.79,708.23,0,-1
151,legit_18,642.64,798.4,11.8755,0.9832,90.0,D4E4,3,115.14,480.88,0,-1
151,legit_19,426.5,401.6,10.5523,-0.2486,270.0,D2C2,0,47.78,499.57,0,-1
151,legit_20,-1.6,900.46,11.6252,1.0458,180.0,A5A4,2,163.21,761.62,0,-1
151,legit_21,292.15,1001.6,13.7851,0.5527,270.0,C5B5,1,162.34,631.72,0,-1
151,legit_22,798.8,598.4,6.2076,1.9125,90.0,:E3_13,1,48.83,478.1,0,-1
151,legit_23,861.65,1.6,13.1119,-0.6696,270.0,F0E0,1,162.74,745.71,0,-1
151,legit_24,201.6,870.07,13.2123,0.6665,0.0,B4B5,0,59.72,613.83,0,-1
151,legit_25,989.85,1001.6,1.8496,1.8496,270.0,F5E5,0,98.82,668.58,0,-1
151,legit_3,1.6,903.72,12.2771,0.5933,0.0,A4A5,2,161.5,760.32,0,-1
151,legit_8,398.4,986.52,5.1608,1.6832,180.0,C5C4,1,106.78,586.5,0,-1
151,legit_9,798.4,529.41,12.1457,-0.1821,180.0,E3E2,2,85.59,482.45,0,-1
151,sybil_21,620.85,801.6,20.8602,5.3306,270.0,E4D4,3,134.73,481.02,1,7
151,sybil_22,620.85,801.6,15.0067,-0.6914,270.0,E4D4,3,134.73,481.02,1,7
151,sybil_23,620.85,801.6,17.5167,-2.6051,270.0,E4D4,3,134.73,481.02,1,7
152,legit_10,998.4,562.29,10.5268,1.93,180.0,F3F2,0,63.91,565.94,0,-1
152,legit_11,801.6,8.18,7.3238,-0.2609,7.1,E0E1,1,123.15,723.56,0,-1
152,legit_14,783.91,398.4,10.3495,-3.4454,90.0,D2E2,1,51.23,503.3,0,-1
152,legit_15,198.4,243.16,12.8583,-0.4542,180.0,B2B1,0,126.47,652.49,0,-1
152,legit_16,28.4,998.4,10.7177,2.5555,90.0,A5B5,2,146.44,779.76,0,-1
152,legit_17,568.15,-1.6,11.427,0.1637,90.0,C0D0,0,169.55,707.75,0,-1
152,legit_18,654.38,798.4,11.7363,-0.1391,90.0,D4E4,3,104.28,481.53,0,-1
152,legit_19,416.65,401.6,9.8466,-0.7057,270.0,D2C2,0,53.32,502.29,0,-1
152,legit_20,-1.6,888.83,11.6367,0.0115,180.0,A5A4,2,159.27,757.54,0,-1
152,legit_21,278.51,1001.6,13.6413,-0.1437,270.0,C5B5,2,150.54,637.35,0,-1
152,legit_22,806.41,598.4,7.6151,1.4075,90.0,:E3_13,1,56.44,480.62,0,-1
152,legit_23,848.45,1.6,13.2054,0.0936,270.0,F0E0,1,153.98,741.63,0,-1
152,legit_24,201.6,883.48,13.4132,0.2009,0.0,B4B5,1,67.48,618.97,0,-1
152,legit_25,986.11,1001.6,3.745,1.8955,270.0,F5E5,0,101.14,666.73,0,-1
152,legit_3,1.6,915.49,11.7745,-0.5027,0.0,A4A5,2,166.5,764.66,0,-1
152,legit_8,398.4,978.88,7.6409,2.4801,180.0,C5C4,1,113.53,582.45,0,-1
152,legit_9,798.4,517.16,12.2504,0.1047,180.0,E3E2,2,95.94,483.95,0,-1
152,sybil_21,608.6,801.6,10.873,-9.9871,270.0,E4D4,3,146.52,480.82,1,7
152,sybil_22,608.6,801.6,17.724,2.7173,270.0,E4D4,3,146.52,480.82,1,7
152,sybil_23,608.6,801.6,1.1703,-16.3464,270.0,E4D4,3,146.52,480.82,1,7
153,legit_10,998.4,549.76,12.531,2.0042,180.0,F3F2,0,72.02,566.87,0,-1
153,legit_11,801.6,18.09,9.906,2.5822,0.0,E0E1,1,114.23,715.83,0,-1
153,legit_14,790.14,398.4,6.2253,-4.1242,90.0,D2E2,1,55.55,505.12,0,-1
153,legit_15,198.4,230.21,12.9515,0.0933,180.0,B2B1,0,120.37,658.67,0,-1
153,legit_16,41.21,998.4,12.804,2.0863,90.0,A5B5,2,135.99,770.58,0,-1
153,legit_17,579.55,-1.6,11.4024,-0.0246,90.0,C0D0,0,177.68,707.42,0,-1
153,legit_18,666.52,798.4,12.1381,0.4018,90.0,D4E4,2,93.27,482.37,0,-1
153,legit_19,409.9,401.6,6.7525,-3.0941,270.0,D2C2,0,57.78,504.25,0,-1
153,legit_20,-1.6,877.42,11.4055,-0.2312,180.0,A5A4,2,156.15,753.7,0,-1
153,legit_21,265.58,1001.6,12.9345,-0.7068,270.0,C5B5,2,139.66,642.88,0,-1
153,legit_22,816.22,598.4,9.8058,2.1906,90.0,E3F3,1,66.24,483.96,0,-1
153,legit_23,835.31,1.6,13.1433,-0.0621,270.0,F0E0,1,145.93,737.76,0,-1
153,legit_24,201.6,896.39,12.9114,-0.5019,0.0,B4B5,1,76.44,624.15,0,-1
153,legit_25,980.97,1001.6,5.1324,1.3873,270.0,F5E5,0,104.46,664.23,0,-1
153,legit_3,1.6,927.77,12.2798,0.5053,0.0,A4A5,2,172.41,769.34,0,-1
153,legit_8,398.4,969.18,9.6984,2.0575,180.0,C5C4,1,122.25,577.39,0,-1
153,legit_9,798.4,504.97,12.1938,-0.0565,180.0,E3E2,2,106.65,485.63,0,-1
153,sybil_22,618.72,801.6,3.3099,-14.4141,270.0,E4D4,2,136.78,480.97,1,7
153,sybil_23,618.72,801.6,0.662,-0.5083,270.0,E4D4,2,136.78,480.97,1,7
154,legit_10,998.4,536.14,13.6179,1.0869,180.0,F3F2,0,82.1,568.12,0,-1
154,legit_11,801.6,30.03,11.9447,2.0386,0.0,E0E1,1,103.71,706.61,0,-1
154,legit_14,795.68,397.79,5.634,-0.5912,97.06,:E2_12,1,59.29,506.96,0,-1
154,legit_15,198.4,216.82,13.3908,0.4393,180.0,B2B1,0,108.24,665.21,0,-1
154,legit_16,55.01,998.4,13.8072,1.0031,90.0,A5B5,2,125.22,760.83,0,-1
154,legit_17,591.79,-1.6,12.2307,0.8283,90.0,C0D0,0,186.79,707.23,0,-1
154,legit_18,678.6,798.4,12.083,-0.0551,90.0,D4E4,1,82.64,483.39,0,-1
154,legit_19,401.68,401.6,8.2208,1.4683,270.0,:C2_5,0,63.76,506.74,0,-1
154,legit_20,-1.6,865.9,11.5221,0.1166,180.0,A5A4,2,153.8,749.97,0,-1
154,legit_21,252.79,1001.6,12.7869,-0.1477,270.0,C5B5,1,129.28,648.5,0,-1
154,legit_22,827.35,598.4,11.1337,1.328,90.0,E3F3,1,77.37,487.88,0,-1
154,legit_23,821.7,1.6,13.6016,0.4582,270.0,F0E0,1,138.42,733.95,0,-1
154,legit_24,201.6,909.45,13.06,0.1486,0.0,B4B5,1,86.52,629.59,0,-1
154,legit_25,974.32,1001.6,6.6578,1.5255,270.0,F5E5,0,108.97,661.03,0,-1
154,legit_3,1.6,940.2,12.4332,0.1535,0.0,A4A5,2,179.06,774.24,0,-1
154,legit_8,398.4,957.72,11.4596,1.7612,180.0,C5C4,0,128.53,571.54,0,-1
154,legit_9,798.4,492.54,12.4303,0.2364,180.0,E3E2,2,117.86,487.52,0,-1
154,sybil_23,638.76,801.6,8.2052,7.5432,270.0,E4D4,1,117.68,481.62,1,7
155,legit_10,998.4,523.23,12.9097,-0.7082,180.0,F3F2,0,92.5,569.52,0,-1
155,legit_11,801.6,42.35,12.3143,0.3697,0.0,E0E1,1,93.23,697.21,0,-1
155,legit_14,798.39,392.86,5.9963,0.3622,157.2,:E2_12,1,58.49,509.17,0,-1
155,legit_15,198.4,207.5,9.3156,-4.0752,180.0,B2B1,0,100.0,669.87,0,-1
155,legit_16,68.3,998.4,13.2851,-0.5221,90.0,A5B5,1,115.47,751.61,0,-1
155,legit_17,603.3,-1.6,11.5166,-0.7141,90.0,:D0_6,0,190.54,707.2,0,-1
155,legit_18,690.09,798.4,11.4865,-0.5965,90.0,D4E4,1,72.94,484.53,0,-1
155,legit_19,391.33,401.6,10.3438,2.123,270.0,C2B2,0,71.92,510.01,0,-1
155,legit_20,-1.6,854.57,11.3305,-0.1916,180.0,A5A4,1,152.3,746.46,0,-1
155,legit_21,239.75,1001.6,13.0432,0.2564,270.0,C5B5,1,119.17,654.43,0,-1
155,legit_22,840.14,598.4,12.7895,1.6558,90.0,E3F3,1,90.16,492.55,0,-1
155,legit_23,808.92,1.6,12.7865,-0.815,270.0,F0E0,1,132.25,730.58,0,-1
155,legit_24,201.6,922.48,13.026,-0.0339,0.0,B4B5,1,97.29,635.2,0,-1
155,legit_25,965.94,1001.6,8.3733,1.7154,270.0,F5E5,0,114.94,657.07,0,-1
155,legit_3,1.6,952.06,11.859,-0.5742,0.0,A4A5,2,185.96,779.07,0,-1
155,legit_8,398.4,945.08,12.6413,1.1816,180.0,C5C4,0,117.06,565.24,0,-1
155,legit_9,798.4,481.0,11.5377,-0.8925,180.0,E3E2,2,128.46,489.43,0,-1
155,sybil_23,625.85,801.6,20.7207,12.5155,270.0,E4D4,1,129.95,481.15,1,7
156,legit_10,998.4,510.32,12.9176,0.0079,180.0,F3F2,0,103.47,571.1,0,-1
156,legit_11,801.6,55.51,13.1635,0.8491,0.0,E0E1,1,82.59,687.31,0,-1
156,legit_14,798.4,387.28,5.5799,-0.4164,180.0,E2E1,1,55.56,510.77,0,-1
156,legit_15,195.4,202.04,6.6873,-2.6283,216.5,:B1_0,0,93.76,674.18,0,-1
156,legit_16,81.42,998.4,13.1245,-0.1607,90.0,A5B5,3,106.59,742.67,0,-1
156,legit_17,615.05,-1.6,11.7482,0.2316,90.0,D0E0,0,181.65,707.32,0,-1
156,legit_18,702.08,798.4,11.9945,0.508,90.0,D4E4,1,63.46,485.91,0,-1
156,legit_19,379.53,401.6,11.8048,1.461,270.0,C2B2,0,81.83,513.91,0,-1
156,legit_20,-1.6,842.7,11.8635,0.5331,180.0,A5A4,1,151.62,742.95,0,-1
156,legit_21,227.1,1001.6,12.6503,-0.393,270.0,C5B5,2,109.96,660.35,0,-1
156,legit_22,853.01,598.4,12.8686,0.0791,90.0,E3F3,1,103.02,497.44,0,-1
156,legit_23,795.4,1.6,13.5183,0.7317,270.0,:E0_4,1,126.81,727.22,0,-1
156,legit_24,201.6,935.81,13.336,0.31,0.0,B4B5,2,108.82,641.12,0,-1
156,legit_25,956.21,1001.6,9.729,1.3557,270.0,F5E5,0,122.24,652.57,0,-1
156,legit_26,201.6,12.3,0.0,0.0,0.0,B0B1,0,119.42,790.7,0,-1
156,legit_3,1.6,964.44,12.3815,0.5225,0.0,A4A5,2,188.08,784.28,0,-1
156,legit_8,398.4,931.27,13.8107,1.1695,180.0,C5C4,0,104.84,558.55,0,-1
156,legit_9,798.4,468.58,12.4242,0.8864,180.0,E3E2,2,118.88,491.65,0,-1
156,sybil_23,612.94,801.6,14.6941,-6.0266,270.0,E4D4,1,142.34,480.87,1,7
157,legit_10,998.4,496.89,13.4286,0.5111,180.0,F3F2,0,115.3,572.94,0,-1
157,legit_11,801.6,68.1,12.592,-0.5714,0.0,E0E1,1,73.18,677.98,0,-1
157,legit_14,798.4,380.18,7.0982,1.5184,180.0,E2E1,1,52.44,512.88,0,-1
157,legit_15,188.56,201.6,6.8858,0.1985,268.76,B1A1,0,90.25,677.97,0,-1
157,legit_16,94.9,998.4,13.4762,0.3517,90.0,A5B5,3,98.46,733.67,0,-1
157,legit_17,627.25,-1.6,12.2041,0.4559,90.0,D0E0,0,172.78,707.6,0,-1
157,legit_18,713.89,798.4,11.813,-0.1815,90.0,D4E4,0,55.08,487.48,0,-1
157,legit_19,367.81,401.6,11.7232,-0.0815,270.0,C2B2,0,92.12,517.95,0,-1
157,legit_20,-1.6,831.56,11.1399,-0.7236,180.0,A5A4,1,151.83,739.8,0,-1
157,legit_21,215.56,1001.6,11.5393,-1.111,270.0,C5B5,2,102.2,665.92,0,-1
157,legit_22,865.89,598.4,12.8779,0.0094,90.0,E3F3,0,115.9,502.5,0,-1
157,legit_23,781.63,1.6,13.7729,0.2546,270.0,E0D0,1,122.55,724.04,0,-1
157,legit_24,201.6,949.63,13.8161,0.48,0.0,B4B5,2,121.17,647.45,0,-1
157,legit_25,945.09,1001.6,11.1257,1.3967,270.0,F5E5,0,130.97,647.56,0,-1
157,legit_26,201.6,14.29,1.9933,1.9933,0.0,B0B1,0,117.63,789.24,0,-1
157,legit_3,1.6,976.1,11.6536,-0.7279,0.0,A4A5,2,181.16,789.32,0,-1
157,legit_8,398.4,918.31,12.9513,-0.8594,180.0,C5C4,0,93.78,552.47,0,-1
157,legit_9,798.4,456.16,12.4215,-0.0027,180.0,E3E2,1,107.65,494.05,0,-1
158,legit_10,998.4,483.96,12.9299,-0.4988,180.0,F3F2,0,127.0,574.89,0,-1
158,legit_11,801.6,80.77,12.6619,0.0699,0.0,E0E1,1,64.82,668.78,0,-1
158,legit_14,798.4,371.57,8.6112,1.5129,180.0,E2E1,1,49.76,515.57,0,-1
158,legit_15,179.9,201.6,8.6568,1.771,270.0,B1A1,0,86.91,682.57,0,-1
158,legit_16,108.51,998.4,13.6122,0.136,90.0,A5B5,3,91.54,724.81,0,-1
158,legit_17,638.64,-1.6,11.385,-0.8191,90.0,D0E0,1,164.89,708.02,0,-1
158,legit_18,725.85,798.4,11.9595,0.1465,90.0,D4E4,0,48.1,489.31,0,-1
158,legit_19,356.97,401.6,10.8373,-0.8859,270.0,C2B2,0,101.91,521.84,0,-1
158,legit_20,-1.6,820.32,11.2453,0.1054,180.0,A5A4,0,152.87,736.78,0,-1
158,legit_21,207.95,1001.6,7.6044,-3.9349,270.0,C5B5,2,97.5,669.67,0,-1
158,legit_22,879.55,598.4,13.6649,0.787,90.0,E3F3,0,129.56,508.07,0,-1
158,legit_23,768.86,1.6,12.7688,-1.0041,270.0,E0D0,2,119.89,721.3,0,-1
158,legit_24,201.6,962.29,12.6609,-1.1551,0.0,B4B5,2,128.52,653.4,0,-1
158,legit_25,932.39,1001.6,12.6995,1.5738,270.0,F5E5,0,141.35,642.0,0,-1
158,legit_26,201.6,18.28,3.9826,1.9894,0.0,B0B1,0,114.06,786.32,0,-1
158,legit_3,1.6,987.95,11.8483,0.1947,0.0,A4A5,1,174.63,794.59,0,-1
158,legit_8,398.4,904.43,13.8866,0.9353,180.0,C5C4,0,82.54,546.16,0,-1
158,legit_9,798.4,444.11,12.0481,-0.3733,180.0,E3E2,1,97.04,496.55,0,-1
159,legit_10,998.4,470.4,13.5588,0.6289,180.0,F3F2,0,121.86,577.12,0,-1
159,legit_11,801.6,93.22,12.4501,-0.2118,0.0,E0E1,1,58.14,659.92,0,-1
159,legit_14,798.4,361.0,10.5665,1.9554,180.0,E2E1,1,48.41,519.06,0,-1
159,legit_15,169.67,201.6,10.2385,1.5817,270.0,B1A1,0,83.94,688.16,0,-1
159,legit_16,121.87,998.4,13.3542,-0.2579,90.0,A5B5,3,86.31,716.34,0,-1
159,legit_17,650.24,-1.6,11.5962,0.2112,90.0,D0E0,1,157.29,708.59,0,-1
159,legit_18,737.15,798.4,11.3008,-0.6586,90.0,D4E4,0,43.54,491.28,0,-1
159,legit_19,345.59,401.6,11.3768,0.5396,270.0,C2B2,0,112.39,526.06,0,-1
159,legit_20,-1.6,809.47,10.8512,-0.3941,180.0,A5A4,0,154.64,734.0,0,-1
159,legit_21,203.58,1001.08,4.4143,-3.1901,264.05,:B5_1,2,95.39,671.6,0,-1
159,legit_22,892.23,598.4,12.6768,-0.9881,90.0,E3F3,0,142.24,513.41,0,-1
159,legit_23,755.18,1.6,13.6745,0.9057,270.0,E0D0,2,118.51,718.61,0,-1
159,legit_24,201.6,975.38,13.0924,0.4315,0.0,B4B5,2,116.65,659.72,0,-1
159,legit_25,919.21,1001.6,13.1819,0.4824,270.0,F5E5,0,152.49,636.4,0,-1
159,legit_26,201.6,24.31,6.0387,2.056,0.0,B0B1,0,108.71,781.93,0,-1
159,legit_3,1.6,995.3,7.3483,-4.5,0.0,A4A5,1,170.87,797.94,0,-1
159,legit_8,398.4,891.11,13.322,-0.5646,180.0,C5C4,0,72.62,540.33,0,-1
159,legit_9,798.4,431.96,12.1454,0.0973,180.0,E3E2,1,86.72,499.23,0,-1
160,legit_10,998.4,456.67,13.7254,0.1667,180.0,F3F2,0,109.58,579.58,0,-1
160,legit_11,801.6,105.62,12.4067,-0.0434,0.0,E0E1,1,53.57,651.31,0,-1
160,legit_14,798.4,349.12,11.8886,1.322,180.0,E2E1,1,49.61,523.27,0,-1
160,legit_15,157.67,201.6,11.9932,1.7546,270.0,B1A1,0,81.96,694.9,0,-1
160,legit_16,135.35,998.4,13.4847,0.1305,90.0,A5B5,3,82.9,708.04,0,-1
160,legit_17,661.53,-1.6,11.2968,-0.2994,90.0,D0E0,1,150.38,709.3,0,-1
160,legit_18,748.26,798.4,11.1043,-0.1966,90.0,D4E4,0,41.64,493.49,0,-1
160,legit_19,334.44,401.6,11.1478,-0.229,270.0,C2B2,0,122.82,530.34,0,-1
160,legit_20,-1.6,797.6,11.862,1.0107,180.0,:A4_0,0,157.42,731.13,0,-1
160,legit_21,198.93,996.52,6.7866,2.3723,219.58,:B5_9,2,96.77,671.63,0,-1
160,legit_22,905.44,598.4,13.2057,0.5289,90.0,E3F3,0,144.57,519.16,0,-1
160,legit_23,742.32,1.6,12.8628,-0.8117,270.0,E0D0,2,118.65,716.31,0,-1
160,legit_24,201.6,984.57,9.1873,-3.9051,0.0,B4B5,2,108.49,664.25,0,-1
160,legit_25,906.04,1001.6,13.1623,-0.0196,270.0,F5E5,0,163.92,630.99,0,-1
160,legit_26,201.6,32.06,7.7489,1.7102,0.0,B0B1,0,101.96,776.32,0,-1
160,legit_3,2.13,998.08,2.9501,-4.3982,6.29,:A5_1,1,169.04,798.82,0,-1
160,legit_8,398.4,877.28,13.8251,0.5031,180.0,C5C4,0,63.66,534.52,0,-1
160,legit_9,798.4,419.48,12.4819,0.3365,180.0,E3E2,1,76.68,502.18,0,-1
161,legit_10,998.4,443.6,13.0739,-0.6516,180.0,F3F2,0,98.24,582.11,0,-1
161,legit_11,801.6,118.2,12.5757,0.169,0.0,E0E1,1,51.63,642.85,0,-1
161,legit_14,798.4,336.12,12.9966,1.1081,180.0,E2E1,1,53.97,528.17,0,-1
161,legit_15,144.85,201.6,12.8194,0.8263,270.0,B1A1,0,81.76,702.35,0,-1
161,legit_16,148.91,998.4,13.5606,0.0759,90.0,A5B5,3,81.61,699.97,0,-1
161,legit_17,673.73,-1.6,12.2001,0.9032,90.0,D0E0,1,143.54,710.23,0,-1
161,legit_18,759.42,798.4,11.1624,0.0581,90.0,D4E4,0,42.65,496.01,0,-1
161,legit_19,323.4,401.6,11.0425,-0.1053,270.0,C2B2,0,133.26,534.71,0,-1
161,legit_20,-1.6,786.12,11.4895,-0.3725,180.0,A4A3,0,160.89,728.51,0,-1
161,legit_21,198.4,987.99,8.5592,1.7726,180.32,B5B4,2,103.96,667.61,0,-1
161,legit_22,918.09,598.4,12.6553,-0.5503,90.0,E3F3,0,131.92,524.83,0,-1
161,legit_23,728.79,1.6,13.5281,0.6653,270.0,E0D0,2,120.28,714.12,0,-1
161,legit_24,201.6,990.26,5.689,-3.4983,0.0,B4B5,2,103.52,667.1,0,-1
161,legit_25,893.38,1001.6,12.6588,-0.5035,270.0,F5E5,0,163.42,625.95,0,-1
161,legit_26,201.6,41.6,9.5347,1.7859,0.0,B0B1,0,93.86,769.49,0,-1
161,legit_3,4.93,998.4,2.8668,-0.0832,55.52,A5B5,1,166.44,796.9,0,-1
161,legit_8,398.4,863.79,13.4878,-0.3373,180.0,C5C4,0,56.82,529.14,0,-1
161,legit_9,798.4,407.29,12.1928,-0.2891,180.0,E3E2,1,67.67,505.26,0,-1
162,legit_10,998.4,430.79,12.8118,-0.2621,180.0,F3F2,0,87.6,584.76,0,-1
162,legit_11,801.6,131.41,13.2089,0.6332,0.0,E0E1,0,52.85,634.26,0,-1
162,legit_14,798.4,322.24,13.8802,0.8835,180.0,E2E1,1,61.39,533.74,0,-1
162,legit_15,130.99,201.6,13.8624,1.0429,270.0,B1A1,0,83.78,710.69,0,-1
162,legit_16,162.42,998.4,13.5133,-0.0473,90.0,A5B5,2,82.54,692.2,0,-1
162,legit_17,685.79,-1.6,12.0585,-0.1416,90.0,D0E0,1,137.51,711.32,0,-1
162,legit_18,770.81,798.4,11.3869,0.2245,90.0,D4E4,0,46.51,498.85,0,-1
162,legit_19,311.77,401.6,11.6285,0.586,270.0,C2B2,0,144.35,539.46,0,-1
162,legit_20,-1.6,774.67,11.4438,-0.0458,180.0,A4A3,0,165.08,726.05,0,-1
162,legit_21,198.4,977.43,10.5639,2.0047,180.0,B5B4,2,113.42,662.38,0,-1
162,legit_22,931.68,598.4,13.59,0.9347,90.0,E3F3,0,118.33,531.11,0,-1
162,legit_23,715.7,1.6,13.0947,-0.4333,270.0,E0D0,1,123.27,712.24,0,-1
162,legit_24,202.34,995.9,5.7691,0.0801,8.62,:B5_3,2,99.06,669.58,0,-1
162,legit_25,880.31,1001.6,13.075,0.4162,270.0,F5E5,0,152.08,620.92,0,-1
162,legit_26,201.6,53.16,11.5612,2.0265,0.0,B0B1,0,84.44,761.3,0,-1
162,legit_27,-1.6,587.7,0.0,0.0,180.0,A3A2,0,152.1,707.72,0,-1
162,legit_3,9.85,998.4,4.9195,2.0527,90.0,A5B5,0,162.17,793.28,0,-1
162,legit_8,398.4,850.91,12.8872,-0.6006,180.0,C5C4,0,52.74,524.29,0,-1
162,legit_9,798.4,395.27,12.0184,-0.1744,180.0,:E2_1,1,59.89,508.49,0,-1
163,legit_10,998.4,417.36,13.4328,0.621,180.0,F3F2,0,77.15,587.75,0,-1
163,legit_11,801.6,144.43,13.024,-0.1849,0.0,E0E1,0,57.09,626.08,0,-1
163,legit_14,798.4,309.23,13.0134,-0.8668,180.0,E2E1,1,70.15,539.22,0,-1
163,legit_15,118.08,201.6,12.9128,-0.9496,270.0,B1A1,0,87.62,718.72,0,-1
163,legit_16,175.41,998.4,12.9877,-0.5255,90.0,A5B5,2,85.47,685.0,0,-1
163,legit_17,698.1,-1.6,12.3104,0.252,90.0,D0E0,1,132.21,712.62,0,-1
163,legit_18,782.53,798.4,11.7199,0.333,90.0,D4E4,0,52.81,502.06,0,-1
163,legit_19,301.06,401.6,10.7168,-0.9116,270.0,C2B2,0,154.64,543.96,0,-1
163,legit_20,-1.6,763.07,11.5981,0.1543,180.0,A4A3,0,170.0,723.72,0,-1
163,legit_21,198.4,965.44,11.9929,1.429,180.0,B5B4,2,124.37,656.57,0,-1
163,legit_22,944.57,598.4,12.8845,-0.7056,90.0,E3F3,0,105.45,537.23,0,-1
163,legit_23,701.94,1.6,13.7558,0.661,270.0,E0D0,1,127.78,710.5,0,-1
163,legit_24,207.45,998.4,6.0534,0.2843,70.71,B5C5,2,99.8,668.28,0,-1
163,legit_25,867.74,1001.6,12.5733,-0.5017,270.0,F5E5,0,141.45,616.26,0,-1
163,legit_26,201.6,65.59,12.4291,0.8679,0.0,B0B1,0,74.99,752.62,0,-1
163,legit_27,-1.6,586.2,1.5005,1.5005,180.0,A3A2,0,152.23,707.75,0,-1
163,legit_3,16.32,998.4,6.4668,1.5473,90.0,A5B5,0,156.62,788.54,0,-1
163,legit_8,398.4,837.37,13.5346,0.6474,180.0,C5C4,0,51.67,519.53,0,-1
163,legit_9,798.4,383.45,11.8182,-0.2002,180.0,E2E1,1,53.78,511.9,0,-1
164,legit_10,998.4,403.64,13.7137,0.2809,180.0,:F2_1,0,67.58,591.04,0,-1
164,legit_11,801.6,157.49,13.0605,0.0365,0.0,E0E1,1,63.78,618.14,0,-1
164,legit_14,798.4,295.4,13.8274,0.814,180.0,E2E1,2,80.72,545.29,0,-1
164,legit_15,104.6,201.6,13.4788,0.566,270.0,B1A1,0,93.38,727.33,0,-1
164,legit_16,187.74,998.4,12.3233,-0.6645,90.0,A5B5,2,89.9,678.4,0,-1
164,legit_17,710.43,-1.6,12.3269,0.0164,90.0,D0E0,1,127.88,714.11,0,-1
164,legit_18,789.75,798.4,7.2199,-4.5,90.0,D4E4,0,57.54,504.15,0,-1
164,legit_19,290.3,401.6,10.7575,0.0407,270.0,C2B2,0,146.34,548.6,0,-1
164,legit_20,-1.6,751.81,11.268,-0.3302,180.0,A4A3,0,175.39,721.61,0,-1
164,legit_21,198.4,952.06,13.38,1.3871,180.0,B5B4,2,122.06,650.25,0,-1
164,legit_22,957.89,598.4,13.3246,0.4401,90.0,E3F3,0,92.12,543.74,0,-1
164,legit_23,688.98,1.6,12.9628,-0.793,270.0,E0D0,1,133.2,709.07,0,-1
164,legit_24,215.23,998.4,7.7756,1.7222,90.0,B5C5,2,104.47,664.42,0,-1
164,legit_25,854.61,1001.6,13.1241,0.5508,270.0,F5E5,0,130.73,611.57,0,-1
164,legit_26,201.6,77.53,11.9391,-0.49,0.0,B0B1,0,66.83,744.43,0,-1
164,legit_27,-1.6,583.0,3.2012,1.7006,180.0,A3A2,0,152.55,707.81,0,-1
164,legit_3,24.5,998.4,8.1824,1.7155,90.0,A5B5,0,149.7,782.58,0,-1
164,legit_8,398.4,824.71,12.659,-0.8756,180.0,C5C4,0,53.82,515.41,0,-1
164,legit_9,798.4,371.54,11.9064,0.0882,180.0,E2E1,1,49.76,515.58,0,-1
165,legit_10,998.4,390.92,12.7201,-0.9936,180.0,F2F1,0,60.16,594.31,0,-1
165,legit_11,801.6,170.22,12.7279,-0.3326,0.0,E0E1,1,72.0,610.63,0,-1
165,legit_14,798.4,282.01,13.39,-0.4374,180.0,E2E1,2,91.79,551.39,0,-1
165,legit_15,90.88,201.6,13.7222,0.2434,270.0,B1A1,0,100.77,736.34,0,-1
165,legit_16,199.09,998.4,11.3569,-0.9664,90.0,:B5_7,2,95.23,672.51,0,-1
165,legit_17,722.8,-1.6,12.3762,0.0493,90.0,D0E0,1,124.6,715.8,0,-1
165,legit_18,795.37,797.98,5.6635,-1.5564,94.84,:E4_12,0,61.84,505.72,0,-1
165,legit_19,278.67,401.6,11.6283,0.8708,270.0,C2B2,0,135.23,553.75,0,-1
165,legit_20,-1.6,741.06,10.7473,-0.5207,180.0,A4A3,0,181.03,719.73,0,-1
165,legit_21,198.4,939.43,12.6272,-0.7527,180.0,B5B4,2,110.58,644.44,0,-1
165,legit_22,970.55,598.4,12.6628,-0.6618,90.0,E3F3,0,79.46,550.1,0,-1
165,legit_23,675.98,1.6,12.9986,0.0358,270.0,E0D0,1,139.63,707.86,0,-1
165,legit_24,224.67,998.4,9.4414,1.6658,90.0,B5C5,2,110.61,659.84,0,-1
165,legit_25,840.97,1001.6,13.6444,0.5203,270.0,F5E5,0,120.09,606.9,0,-1
165,legit_26,201.6,89.02,11.4928,-0.4464,0.0,B0B1,0,60.19,736.7,0,-1
165,legit_27,-1.6,577.4,5.5942,2.393,180.0,A3A2,0,153.27,707.95,0,-1
165,legit_3,34.98,998.4,10.4785,2.2962,90.0,A5B5,0,141.03,775.03,0,-1
165,legit_8,398.4,811.01,13.7044,1.0454,180.0,C5C4,0,59.19,511.28,0,-1
165,legit_9,798.4,359.74,11.8022,-0.1042,180.0,E2E1,1,48.4,519.5,0,-1
166,legit_10,998.4,377.95,12.9689,0.2488,180.0,F2F1,0,54.63,597.9,0,-1
166,legit_11,801.6,182.64,12.4197,-0.3082,0.0,E0E1,1,81.16,603.49,0,-1
166,legit_14,798.4,269.3,12.7033,-0.6867,180.0,E2E1,2,102.8,557.36,0,-1
166,legit_15,77.29,201.6,13.5907,-0.1315,270.0,B1A1,0,109.3,745.47,0,-1
166,legit_16,211.23,998.4,12.1354,0.7785,90.0,B5C5,2,102.02,666.4,0,-1
166,legit_17,734.89,-1.6,12.0884,-0.2878,90.0,D0E0,1,122.53,717.64,0,-1
166,legit_18,798.17,794.43,4.7692,-0.8943,140.32,:E4_12,0,66.3,505.64,0,-1
166,legit_19,268.11,401.6,10.5562,-1.0721,270.0,C2B2,0,125.23,558.55,0,-1
166,legit_20,-1.6,729.43,11.6329,0.8856,180.0,A4A3,0,187.64,717.84,0,-1
166,legit_21,198.4,925.82,13.6065,0.9793,180.0,B5B4,2,98.53,638.35,0,-1
166,legit_22,982.03,598.4,11.4783,-1.1845,90.0,E3F3,0,67.99,556.0,0,-1
166,legit_23,663.33,1.6,12.6524,-0.3462,270.0,E0D0,1,146.73,706.86,0,-1
166,legit_24,235.67,998.4,10.9987,1.5574,90.0,B5C5,2,118.31,654.64,0,-1
166,legit_25,828.33,1001.6,12.6354,-1.009,270.0,F5E5,0,110.83,602.76,0,-1
166,legit_26,201.6,100.74,11.7181,0.2253,0.0,B0B1,0,55.08,729.0,0,-1
166,legit_27,-1.6,569.26,8.1433,2.5491,180.0,A3A2,0,154.69,708.22,0,-1
166,legit_3,46.95,998.4,11.9701,1.4916,90.0,A5B5,0,131.45,766.51,0,-1
166,legit_9,798.4,348.52,11.2263,-0.5758,180.0,E2E1,1,49.74,523.48,0,-1
167,legit_10,998.4,364.51,13.4448,0.4758,180.0,F2F1,0,51.8,601.94,0,-1
167,legit_11,801.6,195.29,12.6514,0.2317,0.0,:E1_9,2,91.28,596.4,0,-1
167,legit_14,798.4,255.98,13.3269,0.6236,180.0,E2E1,2,114.73,563.81,0,-1
167,legit_15,63.94,201.6,13.3468,-0.244,270.0,B1A1,0,118.6,754.62,0,-1
167,legit_16,223.28,998.4,12.0567,-0.0786,90.0,B5C5,2,109.68,660.51,0,-1
167,legit_17,746.55,-1.6,11.656,-0.4324,90.0,D0E0,1,121.65,719.6,0,-1
167,legit_18,798.4,789.95,4.498,-0.2712,176.5,E4E3,0,69.62,504.54,0,-1
167,legit_19,256.85,401.6,11.2613,0.7051,270.0,C2B2,0,114.67,563.79,0,-1
167,legit_20,-1.6,717.78,11.6434,0.0106,180.0,A4A3,0,191.98,716.11,0,-1
167,legit_21,198.4,912.84,12.9876,-0.6189,180.0,B5B4,2,87.45,632.71,0,-1
167,legit_22,989.01,598.4,6.9783,-4.5,90.0,E3F3,0,61.01,559.65,0,-1
167,legit_23,650.55,1.6,12.7755,0.1231,270.0,E0D0,1,154.62,706.05,0,-1
167,legit_24,248.91,998.4,13.2389,2.2401,90.0,B5C5,2,128.22,648.56,0,-1
167,legit_25,815.78,1001.6,12.5565,-0.0788,270.0,F5E5,0,102.34,598.85,0,-1
167,legit_26,201.6,111.99,11.2476,-0.4705,0.0,B0B1,0,52.22,721.8,0,-1
167,legit_27,-1.6,558.81,10.4532,2.3098,180.0,A3A2,0,157.1,708.69,0,-1
167,legit_3,59.29,998.4,12.3389,0.3687,90.0,A5B5,0,122.01,757.85,0,-1
167,legit_9,798.4,336.93,11.5897,0.3633,180.0,E2E1,2,53.62,527.86,0,-1
168,legit_10,998.4,351.66,12.846,-0.5988,180.0,F2F1,0,52.27,606.11,0,-1
168,legit_11,801.6,207.6,12.3076,-0.3438,0.0,E1E2,2,101.67,589.67,0,-1
168,legit_14,798.4,243.34,12.6341,-0.6927,180.0,E2E1,2,126.3,570.1,0,-1
168,legit_15,50.29,201.6,13.6471,0.3004,270.0,B1A1,0,128.84,764.15,0,-1
168,legit_16,236.99,998.4,13.7041,1.6474,90.0,B5C5,2,119.27,654.02,0,-1
168,legit_17,758.15,-1.6,11.5974,-0.0586,90.0,D0E0,1,121.87,721.73,0,-1
168,legit_18,798.4,783.9,6.0509,1.5528,180.0,E4E3,0,74.09,503.02,0,-1
168,legit_19,245.08,401.6,11.7722,0.5109,270.0,C2B2,0,103.78,569.42,0,-1
168,legit_20,-1.6,706.19,11.5935,-0.0499,180.0,A4A3,0,185.09,714.55,0,-1
168,legit_21,198.4,900.23,12.6111,-0.3765,180.0,B5B4,2,77.26,627.41,0,-1
168,legit_22,995.39,597.96,6.431,-0.5473,95.03,:F3_6,0,54.64,563.04,0,-1
168,legit_23,636.95,1.6,13.5973,0.8218,270.0,E0D0,1,163.7,705.39,0,-1
168,legit_24,262.29,998.4,13.3814,0.1426,90.0,B5C5,2,138.81,642.6,0,-1
168,legit_25,802.13,1001.6,13.6427,1.0862,270.0,:E5_0,0,94.15,594.83,0,-1
168,legit_26,201.6,124.19,12.2088,0.9612,0.0,B0B1,0,51.77,714.22,0,-1
168,legit_27,-1.6,546.34,12.4698,2.0166,180.0,A3A2,0,160.82,709.42,0,-1
168,legit_28,801.6,612.3,0.0,0.0,0.0,E3E4,0,53.05,479.16,0,-1
168,legit_3,71.91,998.4,12.6209,0.282,90.0,A5B5,0,112.95,749.13,0,-1
168,legit_9,798.4,325.62,11.3056,-0.2841,180.0,E2E1,2,59.37,532.36,0,-1
169,legit_10,998.4,338.44,13.2184,0.3724,180.0,F2F1,0,55.92,610.71,0,-1
169,legit_11,801.6,220.13,12.5289,0.2213,0.0,E1E2,2,112.64,582.98,0,-1
169,legit_14,798.4,229.86,13.483,0.8489,180.0,E2E1,2,120.05,576.98,0,-1
169,legit_15,36.81,201.6,13.4786,-0.1685,270.0,B1A1,0,139.53,773.72,0,-1
169,legit_16,249.72,998.4,12.7307,-0.9735,90.0,B5C5,2,128.85,648.19,0,-1
169,legit_17,769.48,-1.6,11.3297,-0.2677,90.0,D0E0,1,123.15,723.98,0,-1
169,legit_18,798.4,775.48,8.4226,2.3717,180.0,E4E3,0,80.66,500.97,0,-1
169,legit_19,233.51,401.6,11.5706,-0.2017,270.0,C2B2,0,93.3,575.1,0,-1
169,legit_20,-1.6,694.74,11.4517,-0.1419,180.0,A4A3,0,178.77,713.15,0,-1
169,legit_21,198.4,886.76,13.4647,0.8536,180.0,B5B4,2,67.3,621.95,0,-1
169,legit_22,998.3,593.48,5.7011,-0.7298,150.76,:F3_6,0,52.11,564.63,0,-1
169,legit_23,623.57,1.6,13.3894,-0.2078,270.0,E0D0,1,173.22,704.95,0,-1
169,legit_24,275.45,998.4,13.1594,-0.222,90.0,B5C5,2,149.65,636.93,0,-1
169,legit_25,789.6,1001.6,12.5362,-1.1065,270.0,E5D5,0,87.83,591.37,0,-1
169,legit_26,201.6,135.76,11.5658,-0.643,0.0,B0B1,0,53.95,707.27,0,-1
169,legit_27,-1.6,533.57,12.7717,0.3019,180.0,A3A2,0,165.52,710.37,0,-1
169,legit_28,801.6,613.86,1.5567,1.5567,0.0,E3E4,0,53.43,479.2,0,-1
169,legit_3,84.12,998.4,12.2122,-0.4087,90.0,A5B5,0,104.87,740.85,0,-1
169,legit_9,798.4,314.31,11.306,0.0004,180.0,E2E1,2,66.56,537.05,0,-1
170,legit_10,998.4,324.79,13.6541,0.4357,180.0,F2F1,0,62.47,615.77,0,-1
170,legit_11,801.6,232.68,12.5522,0.0233,0.0,E1E2,2,123.93,576.43,0,-1
170,legit_14,798.4,216.76,13.1013,-0.3817,180.0,E2E1,2,108.19,583.86,0,-1
170,legit_15,23.47,201.6,13.3482,-0.1304,270.0,B1A1,0,150.56,783.33,0,-1
170,legit_16,262.28,998.4,12.5651,-0.1656,90.0,B5C5,2,138.8,642.6,0,-1
170,legit_17,781.45,-1.6,11.9756,0.6459,90.0,D0E0,0,125.6,726.54,0,-1
170,legit_18,798.4,764.95,10.5276,2.105,180.0,E4E3,1,89.3,498.53,0,-1
170,legit_19,221.78,401.6,11.7316,0.161,270.0,C2B2,0,82.96,581.01,0,-1
170,legit_20,-1.6,682.87,11.8678,0.4161,180.0,A4A3,0,172.77,711.87,0,-1
170,legit_21,198.4,873.31,13.4473,-0.0174,180.0,B5B4,1,58.76,616.73,0,-1
170,legit_22,998.4,587.02,6.4642,0.763,180.0,F3F2,0,53.21,564.8,0,-1
170,legit_23,609.84,1.6,13.7214,0.332,270.0,E0D0,0,183.47,704.69,0,-1
170,legit_24,289.18,998.4,13.7299,0.5705,90.0,B5C5,1,161.33,631.21,0,-1
170,legit_25,776.36,1001.6,13.2373,0.701,270.0,E5D5,0,82.71,587.98,0,-1
170,legit_26,201.6,147.21,11.4512,-0.1146,0.0,B0B1,0,58.34,700.61,0,-1
170,legit_27,-1.6,520.72,12.8464,0.0747,180.0,A3A2,0,171.08,711.51,0,-1
170,legit_28,801.6,617.45,3.5883,2.0316,0.0,E3E4,1,54.47,479.32,0,-1
170,legit_3,96.78,998.4,12.6539,0.4417,90.0,A5B5,0,97.42,732.44,0,-1
170,legit_9,798.4,303.1,11.2124,-0.0936,180.0,E2E1,2,74.7,541.88,0,-1
171,legit_10,998.4,310.99,13.7957,0.1417,180.0,F2F1,0,71.16,621.16,0,-1
171,legit_11,801.6,245.32,12.6366,0.0844,0.0,E1E2,2,125.76,570.01,0,-1
171,legit_14,798.4,202.9,13.8609,0.7597,180.0,:E1_1,2,95.99,591.32,0,-1
171,legit_15,10.2,201.6,13.2674,-0.0808,270.0,B1A1,0,161.87,793.02,0,-1
171,legit_16,275.57,998.4,13.2814,0.7163,90.0,B5C5,1,149.75,636.88,0,-1
171,legit_17,790.95,-1.6,9.5024,-2.4733,90.0,D0E0,0,128.31,728.7,0,-1
171,legit_18,798.4,753.24,11.7166,1.189,180.0,E4E3,1,99.35,495.98,0,-1
171,legit_19,213.3,401.6,8.4744,-3.2571,270.0,C2B2,0,75.75,585.37,0,-1
171,legit_20,-1.6,671.6,11.2641,-0.6037,180.0,A4A3,0,167.66,710.8,0,-1
171,legit_21,198.4,860.35,12.9626,-0.4846,180.0,B5B4,0,52.5,611.94,0,-1
171,legit_22,998.4,578.36,8.6637,2.1995,180.0,F3F2,0,55.95,565.08,0,-1
171,legit_23,596.49,1.6,13.3531,-0.3683,270.0,:D0_4,0,188.36,704.65,0,-1
171,legit_24,302.01,998.4,12.8323,-0.8975,90.0,B5C5,1,169.0,626.03,0,-1
171,legit_25,762.86,1001.6,13.4989,0.2617,270.0,E5D5,0,79.45,584.81,0,-1
171,legit_26,201.6,159.02,11.8057,0.3545,0.0,B0B1,0,64.69,693.93,0,-1
171,legit_27,-1.6,507.38,13.3393,0.493,180.0,A3A2,0,177.65,712.91,0,-1
171,legit_28,801.6,623.34,5.8974,2.309,0.0,E3E4,1,56.63,479.55,0,-1
171,legit_3,109.57,998.4,12.7899,0.136,90.0,A5B5,0,91.07,724.13,0,-1
171,legit_9,798.4,291.87,11.2282,0.0158,180.0,E2E1,2,83.57,546.88,0,-1
172,legit_10,998.4,298.36,12.6309,-1.1649,180.0,F2F1,0,80.39,626.31,0,-1
172,legit_11,801.6,257.75,12.438,-0.1986,0.0,E1E2,2,114.53,563.86,0,-1
172,legit_14,798.4,189.03,13.8655,0.0046,180.0,E1E0,2,84.31,598.98,0,-1
172,legit_16,288.16,998.4,12.591,-0.6905,90.0,B5C5,1,160.46,631.63,0,-1
172,legit_17,795.95,-1.15,5.0281,-4.4743,84.83,:E0_7,0,129.57,729.53,0,-1
172,legit_18,798.4,742.33,10.9043,-0.8122,180.0,E4E3,1,109.0,493.75,0,-1
172,legit_19,208.09,401.6,5.2179,-3.2566,270.0,C2B2,0,71.45,588.1,0,-1
172,legit_20,-1.6,660.48,11.123,-0.1412,180.0,A4A3,0,163.22,709.9,0,-1
172,legit_21,198.4,847.61,12.7389,-0.2237,180.0,B5B4,0,48.99,607.52,0,-1
172,legit_22,998.4,568.22,10.1432,1.4795,180.0,F3F2,0,60.6,565.58,0,-1
172,legit_23,582.62,1.6,13.8718,0.5186,270.0,D0C0,0,177.78,704.81,0,-1
172,legit_24,315.83,998.4,13.8222,0.9899,90.0,B5C5,1,157.03,620.65,0,-1
172,legit_25,749.68,1001.6,13.1789,-0.3201,270.0,E5D5,0,78.4,582.01,0,-1
172,legit_26,201.6,171.01,11.9945,0.1887,0.0,B0B1,0,72.56,687.33,0,-1
172,legit_27,-1.6,493.99,13.3876,0.0483,180.0,A3A2,0,184.99,714.52,0,-1
172,legit_28,801.6,630.54,7.1994,1.302,0.0,E3E4,1,59.96,479.92,0,-1
172,legit_3,121.29,998.4,11.7297,-1.0602,90.0,A5B5,0,86.5,716.7,0,-1
172,legit_9,798.4,280.32,11.5506,0.3224,180.0,E2E1,2,93.22,552.17,0,-1
173,legit_10,998.4,284.63,13.7294,1.0985,180.0,F2F1,0,91.34,632.11,0,-1
173,legit_11,801.6,269.84,12.0906,-0.3474,0.0,E1E2,2,103.88,558.03,0,-1
173,legit_14,798.4,175.93,13.1033,-0.7622,180.0,E1E0,2,73.96,606.41,0,-1
173,legit_16,300.81,998.4,12.6542,0.0632,90.0,B5C5,1,170.05,626.51,0,-1
173,legit_17,800.85,3.02,6.748,1.7199,43.12,:E0_10,0,127.55,727.43,0,-1
173,legit_18,798.4,730.88,11.4473,0.543,180.0,E4E3,1,119.37,491.55,0,-1
173,legit_19,201.43,401.6,6.6606,1.4427,270.0,:B2_5,0,66.15,591.64,0,-1
173,legit_20,-1.6,649.56,10.9209,-0.2021,180.0,A4A3,0,159.5,709.16,0,-1
173,legit_21,198.4,834.89,12.7232,-0.0157,180.0,B5B4,0,48.67,603.42,0,-1
173,legit_22,998.4,555.92,12.2979,2.1547,180.0,F3F2,0,67.87,566.39,0,-1
173,legit_23,569.58,1.6,13.0398,-0.832,270.0,D0C0,0,168.28,705.15,0,-1
173,legit_24,329.62,998.4,13.7922,-0.03,90.0,B5C5,1,145.43,615.48,0,-1
173,legit_25,737.04,1001.6,12.6472,-0.5316,270.0,E5D5,0,79.46,579.6,0,-1
173,legit_26,201.6,183.06,12.0453,0.0508,0.0,B0B1,0,81.48,680.87,0,-1
173,legit_27,-1.6,480.88,13.1123,-0.2753,180.0,A3A2,0,192.8,716.31,0,-1
173,legit_28,801.6,640.26,9.7222,2.5227,0.0,E3E4,1,65.45,480.56,0,-1
173,legit_3,133.34,998.4,12.0435,0.3138,90.0,A5B5,0,83.28,709.26,0,-1
173,legit_9,798.4,268.42,11.8996,0.349,180.0,E2E1,2,103.58,557.78,0,-1
174,legit_10,998.4,271.15,13.4787,-0.2507,180.0,F2F1,0,102.74,638.01,0,-1
174,legit_11,801.6,282.27,12.4225,0.3319,0.0,E1E2,2,93.3,552.2,0,-1
174,legit_14,798.4,163.32,12.6061,-0.4972,180.0,E1E0,2,64.96,613.75,0,-1
174,legit_16,314.55,998.4,13.743,1.0888,90.0,B5C5,1,158.13,621.14,0,-1
174,legit_17,801.6,10.06,7.1281,0.3802,3.48,E0E1,0,121.45,722.09,0,-1
174,legit_18,798.4,719.04,11.8414,0.3941,180.0,E4E3,1,128.51,489.44,0,-1
174,legit_19,192.98,401.6,8.4425,1.7819,270.0,:B2_5,0,59.82,596.2,0,-1
174,legit_20,-1.6,637.99,11.5677,0.6468,180.0,A4A3,0,156.29,708.53,0,-1
174,legit_21,198.4,821.62,13.2655,0.5423,180.0,B5B4,0,51.77,599.46,0,-1
174,legit_22,998.4,542.98,12.9423,0.6444,180.0,F3F2,0,76.9,567.47,0,-1
174,legit_23,556.17,1.6,13.4085,0.3687,270.0,D0C0,0,159.03,705.7,0,-1
174,legit_24,342.33,998.4,12.7023,-1.0899,90.0,B5C5,1,135.1,610.89,0,-1
174,legit_25,723.6,1001.6,13.4324,0.7851,270.0,E5D5,0,82.72,577.34,0,-1
174,legit_26,201.6,194.91,11.8498,-0.1954,0.0,:B1_9,0,90.96,674.67,0,-1
174,legit_27,-1.6,467.6,13.2794,0.1671,180.0,A3A2,0,185.9,718.31,0,-1
174,legit_28,801.6,652.59,12.3214,2.5992,0.0,E3E4,1,73.67,481.57,0,-1
174,legit_29,412.3,198.4,0.0,0.0,90.0,C1D1,0,86.99,590.87,0,-1
174,legit_3,146.18,998.4,12.8436,0.8001,90.0,A5B5,0,81.69,701.57,0,-1
174,legit_9,798.4,256.37,12.0532,0.1535,180.0,E2E1,2,114.37,563.62,0,-1
175,legit_10,998.4,257.91,13.2477,-0.231,180.0,F2F1,0,114.39,643.97,0,-1
175,legit_11,801.6,295.1,12.8324,0.4099,0.0,E1E2,2,82.91,546.37,0,-1
175,legit_14,798.4,150.37,12.9555,0.3494,180.0,E1E0,3,57.14,621.51,0,-1
175,legit_16,327.91,998.4,13.3545,-0.3885,90.0,B5C5,1,146.85,616.11,0,-1
175,legit_17,801.6,19.04,8.9844,1.8563,0.0,E0E1,1,113.38,715.09,0,-1
175,legit_18,798.4,706.95,12.0892,0.2477,180.0,E4E3,1,117.39,487.44,0,-1
175,legit_19,182.23,401.6,10.7526,2.3101,270.0,B2A2,0,52.62,602.15,0,-1
175,legit_20,-1.6,627.36,10.6289,-0.9388,180.0,A4A3,0,154.05,708.1,0,-1
175,legit_21,198.4,808.39,13.2335,-0.032,180.0,B5B4,0,57.81,595.83,0,-1
175,legit_22,998.4,529.56,13.411,0.4686,180.0,F3F2,0,87.31,568.81,0,-1
175,legit_23,543.51,1.6,12.6631,-0.7454,270.0,D0C0,0,150.87,706.41,0,-1
175,legit_24,355.99,998.4,13.6596,0.9573,90.0,B5C5,1,124.49,606.17,0,-1
175,legit_25,709.79,1001.6,13.8158,0.3835,270.0,E5D5,0,88.11,575.32,0,-1
175,legit_26,201.6,207.21,12.3001,0.4503,0.0,B1B2,0,101.33,668.38,0,-1
175,legit_27,-1.6,454.32,13.2848,0.0055,180.0,A3A2,0,178.54,720.52,0,-1
175,legit_28,801.6,666.35,13.7616,1.4402,0.0,E3E4,1,84.05,482.96,0,-1
175,legit_29,413.75,198.4,1.4488,1.4488,90.0,C1D1,0,86.38,590.49,0,-1
175,legit_3,157.84,998.4,11.6622,-1.1815,90.0,A5B5,0,81.98,694.8,0,-1
175,legit_9,798.4,244.06,12.3152,0.2621,180.0,E2E1,2,125.64,569.74,0,-1
176,legit_10,998.4,244.97,12.9415,-0.3063,180.0,F2F1,0,126.08,649.97,0,-1
176,legit_11,801.6,307.93,12.8283,-0.0041,0.0,E1E2,1,73.31,540.74,0,-1
176,legit_14,798.4,137.05,13.3204,0.3649,180.0,E1E0,2,51.31,629.75,0,-1
176,legit_16,340.54,998.4,12.6358,-0.7187,90.0,B5C5,1,136.52,611.53,0,-1
176,legit_17,801.6,30.35,11.311,2.3266,0.0,E0E1,1,103.44,706.36,0,-1
176,legit_18,798.4,695.22,11.7362,-0.353,180.0,E4E3,1,106.81,485.66,0,-1
176,legit_19,170.7,401.6,11.5262,0.7736,270.0,B2A2,0,46.47,608.74,0,-1
176,legit_20,-1.6,615.51,11.8552,1.2263,180.0,A4A3,0,152.39,707.78,0,-1
176,legit_21,198.4,795.64,12.7459,-0.4877,180.0,:B4_1,0,65.65,592.58,0,-1
176,legit_22,998.4,516.93,12.633,-0.778,180.0,F3F2,0,97.79,570.27,0,-1
176,legit_23,530.2,1.6,13.3088,0.6456,270.0,D0C0,0,143.0,707.35,0,-1
176,legit_24,368.96,998.4,12.976,-0.6836,90.0,B5C5,1,115.0,601.88,0,-1
176,legit_25,697.14,1001.6,12.6458,-1.17,270.0,E5D5,0,94.55,573.73,0,-1
176,legit_26,201.6,218.97,11.7594,-0.5408,0.0,B1B2,0,111.61,662.5,0,-1
176,legit_27,-1.6,441.22,13.0976,-0.1872,180.0,A3A2,0,171.99,722.9,0,-1
176,legit_28,801.6,679.68,13.3346,-0.427,0.0,E3E4,1,94.93,484.53,0,-1
176,legit_29,417.57,198.4,3.8194,2.3706,90.0,C1D1,0,84.84,589.5,0,-1
176,legit_3,170.54,998.4,12.6991,1.0369,90.0,A5B5,0,84.15,687.67,0,-1
176,legit_9,798.4,231.94,12.1154,-0.1999,180.0,E2E1,2,121.96,575.91,0,-1
177,legit_10,998.4,232.15,12.811,-0.1305,180.0,F2F1,0,123.45,656.07,0,-1
177,legit_11,801.6,320.39,12.4609,-0.3674,0.0,E1E2,1,65.05,535.48,0,-1
177,legit_14,798.4,124.01,13.0404,-0.28,180.0,E1E0,2,48.57,638.1,0,-1
177,legit_16,353.63,998.4,13.0852,0.4493,90.0,B5C5,1,126.28,606.97,0,-1
177,legit_17,801.6,42.3,11.9473,0.6363,0.0,E0E1,1,93.27,697.24,0,-1
177,legit_18,798.4,683.83,11.389,-0.3472,180.0,E4E3,1,96.8,484.08,0,-1
177,legit_19,160.17,401.6,10.5365,-0.9898,270.0,B2A2,0,42.82,614.97,0,-1
177,legit_20,-1.6,603.69,11.8232,-0.032,180.0,:A3_0,0,151.64,707.64,0,-1
177,legit_21,198.4,782.29,13.3584,0.6125,180.0,B4B3,0,75.32,589.41,0,-1
177,legit_22,998.4,503.49,13.4375,0.8045,180.0,F3F2,0,109.43,572.01,0,-1
177,legit_23,517.15,1.6,13.0444,-0.2643,270.0,D0C0,0,136.12,708.47,0,-1
177,legit_24,382.57,998.4,13.6052,0.6292,90.0,B5C5,1,105.86,597.6,0,-1
177,legit_25,684.27,1001.6,12.8719,0.2261,270.0,E5D5,0,102.31,572.34,0,-1
177,legit_26,201.6,230.27,11.3071,-0.4522,0.0,B1B2,0,121.75,656.97,0,-1
177,legit_27,-1.6,427.81,13.412,0.3143,180.0,A3A2,0,166.07,725.54,0,-1
177,legit_28,801.6,693.02,13.3384,0.0039,0.0,E3E4,1,106.37,486.32,0,-1
177,legit_29,423.14,198.4,5.5718,1.7524,90.0,C1D1,0,82.87,588.1,0,-1
177,legit_3,182.3,998.4,11.7572,-0.9419,90.0,A5B5,0,87.76,681.29,0,-1
177,legit_9,798.4,220.45,11.4897,-0.6257,180.0,E2E1,2,111.5,581.9,0,-1
178,legit_10,998.4,218.9,13.2493,0.4383,180.0,F2F1,0,111.56,662.53,0,-1
178,legit_11,801.6,333.05,12.6614,0.2005,0.0,E1E2,1,58.21,530.37,0,-1
178,legit_14,798.4,110.33,13.6813,0.6409,180.0,E1E0,2,49.36,647.19,0,-1
178,legit_16,366.84,998.4,13.2067,0.1216,90.0,B5C5,1,116.51,602.56,0,-1
178,legit_17,801.6,53.91,11.6107,-0.3367,0.0,E0E1,1,83.85,688.5,0,-1
178,legit_18,798.4,671.71,12.1159,0.7269,180.0,E4E3,1,86.52,482.58,0,-1
178,legit_19,149.42,401.6,10.7475,0.211,270.0,B2A2,0,41.6,621.57,0,-1
178,legit_20,-1.6,592.48,11.2064,-0.6168,180.0,A3A2,0,151.79,707.66,0,-1
178,legit_21,198.4,769.25,13.0312,-0.3272,180.0,B4B3,0,85.72,586.53,0,-1
178,legit_22,998.4,490.12,13.3748,-0.0627,180.0,F3F2,0,121.39,573.94,0,-1
178,legit_23,504.43,1.6,12.7257,-0.3187,270.0,D0C0,0,130.31,709.77,0,-1
178,legit_24,392.72,998.4,10.1539,-3.4514,90.0,B5C5,1,99.7,594.56,0,-1
178,legit_25,671.37,1001.6,12.8949,0.0229,270.0,E5D5,0,111.03,571.18,0,-1
178,legit_26,201.6,242.71,12.4334,1.1263,0.0,B1B2,0,128.14,651.03,0,-1
178,legit_27,-1.6,416.07,11.7338,-1.6781,180.0,A3A2,0,161.64,728.03,0,-1
178,legit_28,801.6,706.8,13.7799,0.4414,0.0,E3E4,1,118.61,488.38,0,-1
178,legit_29,430.99,198.4,7.8457,2.2739,90.0,C1D1,0,80.67,586.21,0,-1
178,legit_9,798.4,210.36,10.0927,-1.397,180.0,E2E1,2,102.5,587.28,0,-1
179,legit_10,998.4,208.91,9.9955,-3.2538,180.0,F2F1,0,102.8,667.52,0,-1
179,legit_11,801.6,345.9,12.8531,0.1917,0.0,E1E2,1,53.49,525.46,0,-1
179,legit_14,798.4,97.7,12.6237,-1.0575,180.0,E1E0,2,53.29,655.87,0,-1
179,legit_16,378.96,998.4,12.1245,-1.0822,90.0,B5C5,1,108.19,598.71,0,-1
179,legit_17,801.6,66.04,12.1232,0.5125,0.0,E0E1,2,74.66,679.5,0,-1
179,legit_18,798.4,660.77,10.9376,-1.1784,180.0,E4E3,1,77.69,481.37,0,-1
179,legit_19,138.83,401.6,10.5909,-0.1565,270.0,B2A2,1,43.07,628.3,0,-1
179,legit_20,-1.6,581.89,10.593,-0.6134,180.0,A3A2,0,152.68,707.83,0,-1
179,legit_21,198.4,756.23,13.0213,-0.01,180.0,B4B3,0,96.74,583.84,0,-1
179,legit_22,998.4,477.03,13.086,-0.2887,180.0,F3F2,0,127.9,576.0,0,-1
179,legit_23,491.38,1.6,13.0479,0.3222,270.0,D0C0,0,125.42,711.31,0,-1
179,legit_24,397.54,996.09,5.6539,-4.5,118.07,:C5_6,1,98.96,591.91,0,-1
179,legit_25,658.64,1001.6,12.73,-0.1648,270.0,E5D5,0,120.38,570.23,0,-1
179,legit_26,201.6,254.8,12.088,-0.3454,0.0,B1B2,0,117.18,645.4,0,-1
179,legit_27,-1.6,408.84,7.2338,-4.5,180.0,A3A2,1,159.27,729.64,0,-1
179,legit_28,801.6,719.65,12.8465,-0.9334,0.0,E3E4,1,130.3,490.51,0,-1
179,legit_29,441.19,198.4,10.2038,2.3581,90.0,C1D1,0,78.89,583.91,0,-1
179,legit_9,798.06,204.79,5.5927,-4.5,183.96,:E1_0,3,97.46,590.19,0,-1
180,legit_10,996.89,202.94,6.3477,-3.6478,198.03,:F1_0,0,98.48,669.78,0,-1
180,legit_11,801.6,359.16,13.2604,0.4074,0.0,E1E2,0,51.61,520.71,0,-1
180,legit_14,798.4,84.16,13.5388,0.9151,180.0,E1E0,2,60.22,665.45,0,-1
180,legit_16,391.77,998.4,12.8137,0.6891,90.0,B5C5,1,100.24,594.84,0,-1
180,legit_17,801.6,77.9,11.865,-0.2582,0.0,E0E1,2,66.6,670.84,0,-1
180,legit_18,798.4,648.78,11.9896,1.052,180.0,E4E3,1,68.72,480.23,0,-1
180,legit_19,128.07,401.6,10.7571,0.1662,270.0,B2A2,1,47.03,635.38,0,-1
180,legit_20,-1.6,570.09,11.7931,1.2002,180.0,A3A2,0,154.52,708.19,0,-1
180,legit_21,198.4,743.11,13.1203,0.0991,180.0,B4B3,0,108.3,581.31,0,-1
180,legit_22,998.4,463.85,13.181,0.095,180.0,F3F2,0,115.97,578.27,0,-1
180,legit_23,478.5,1.6,12.8854,-0.1625,270.0,D0C0,0,121.78,713.05,0,-1
180,legit_24,398.4,989.76,6.4944,0.8406,176.81,C5C4,1,103.95,588.24,0,-1
180,legit_25,644.97,1001.6,13.6718,0.9417,270.0,E5D5,0,131.06,569.44,0,-1
180,legit_26,201.6,267.25,12.4498,0.3618,0.0,B1B2,0,106.14,639.75,0,-1
180,legit_27,-0.71,405.95,3.1831,-4.0507,169.25,:A2_10,1,157.56,729.59,0,-1
180,legit_28,801.6,732.52,12.8746,0.0282,0.0,E3E4,1,119.22,492.82,0,-1
180,legit_29,452.97,198.4,11.7782,1.5744,90.0,C1D1,0,78.46,581.48,0,-1
180,legit_30,1001.6,8.3,0.0,0.0,0.0,F0F1,0,121.74,795.12,0,-1
180,legit_9,793.87,201.75,5.5112,-0.0815,236.62,:E1_0,2,92.78,590.69,0,-1
181,legit_10,990.58,201.6,6.6069,0.2593,264.1,F1E1,0,100.94,667.3,0,-1
181,legit_11,801.6,371.75,12.5836,-0.6768,0.0,E1E2,0,52.92,516.53,0,-1
181,legit_14,798.4,71.56,12.6063,-0.9325,180.0,E1E0,2,68.48,674.59,0,-1
181,legit_17,801.6,89.33,11.4284,-0.4367,0.0,E0E1,2,60.03,662.66,0,-1
181,legit_18,798.4,636.98,11.8019,-0.1877,180.0,E4E3,1,60.91,479.31,0,-1
181,legit_19,117.2,401.6,10.8743,0.1171,270.0,B2A2,2,52.98,642.73,0,-1
181,legit_20,-1.6,558.97,11.1256,-0.6675,180.0,A3A2,0,157.05,708.68,0,-1
181,legit_21,198.4,729.81,13.3002,0.1798,180.0,B4B3,0,120.35,578.94,0,-1
181,legit_22,998.4,450.54,13.31,0.129,180.0,F3F2,0,104.21,580.74,0,-1
181,legit_23,465.78,1.6,12.711,-0.1744,270.0,D0C0,0,119.45,714.97,0,-1
181,legit_24,398.4,980.76,9.0057,2.5112,180.0,C5C4,0,111.86,583.44,0,-1
181,legit_25,632.09,1001.6,12.8794,-0.7924,270.0,E5D5,0,141.59,568.88,0,-1
181,legit_26,201.6,279.47,12.2232,-0.2266,0.0,B1B2,1,95.64,634.35,0,-1
181,legit_27,1.6,407.54,3.4682,0.2851,83.7,A2A3,1,155.83,727.4,0,-1
181,legit_28,801.6,745.48,12.9637,0.0891,0.0,E3E4,1,107.68,495.35,0,-1
181,legit_29,466.05,198.4,13.0829,1.3047,90.0,C1D1,0,80.03,579.05,0,-1
181,legit_30,1001.6,9.83,1.5334,1.5334,0.0,F0F1,0,120.33,793.99,0,-1
181,legit_9,788.1,201.6,5.782,0.2709,269.51,E1D1,2,90.06,589.22,0,-1
182,legit_10,981.7,201.6,8.8832,2.2762,270.0,F1E1,0,106.41,662.92,0,-1
182,legit_11,801.6,384.09,12.344,-0.2396,0.0,E1E2,0,56.95,512.72,0,-1
182,legit_14,798.4,58.63,12.926,0.3197,180.0,E1E0,2,78.16,684.13,0,-1
182,legit_17,801.6,101.09,11.7584,0.33,0.0,E0E1,2,54.96,654.43,0,-1
182,legit_18,798.4,625.43,11.5494,-0.2525,180.0,E4E3,1,54.68,478.62,0,-1
182,legit_19,106.56,401.6,10.6391,-0.2352,270.0,B2A2,2,60.15,650.1,0,-1
182,legit_20,-1.6,548.27,10.6933,-0.4323,180.0,A3A2,1,160.18,709.29,0,-1
182,legit_21,198.4,715.93,13.878,0.5778,180.0,B4B3,0,125.63,576.65,0,-1
182,legit_22,998.4,437.55,12.9964,-0.3136,180.0,F3F2,0,93.14,583.34,0,-1
182,legit_23,451.93,1.6,13.851,1.1401,270.0,D0C0,0,118.42,717.31,0,-1
182,legit_24,398.4,970.03,10.7216,1.716,180.0,C5C4,0,121.47,577.83,0,-1
182,legit_25,618.69,1001.6,13.4053,0.526,270.0,E5D5,0,152.94,568.51,0,-1
182,legit_26,201.6,291.72,12.2508,0.0276,0.0,B1B2,1,85.59,629.09,0,-1
182,legit_27,1.6,412.81,5.2698,1.8016,0.0,A2A3,2,157.52,726.21,0,-1
182,legit_28,801.6,759.11,13.6234,0.6597,0.0,E3E4,1,95.95,498.21,0,-1
182,legit_29,479.34,198.4,13.2928,0.2099,90.0,C1D1,0,83.71,576.88,0,-1
182,legit_30,1001.6,13.31,3.4746,1.9413,0.0,F0F1,0,117.16,791.44,0,-1
182,legit_9,780.19,201.6,7.9077,2.1257,270.0,E1D1,2,87.01,587.18,0,-1
183,legit_10,970.59,201.6,11.1086,2.2254,270.0,F1E1,0,113.86,657.58,0,-1
183,legit_11,801.6,397.34,13.2516,0.9076,0.0,:E2_9,0,63.69,508.92,0,-1
183,legit_14,798.4,45.85,12.7812,-0.1448,180.0,E1E0,1,88.55,693.73,0,-1
183,legit_17,801.6,112.83,11.7469,-0.0115,0.0,E0E1,2,52.1,646.43,0,-1
183,legit_18,798.4,614.39,11.0427,-0.5067,180.0,E4E3,0,50.49,478.18,0,-1
183,legit_19,94.89,401.6,11.673,1.0339,270.0,B2A2,2,69.05,658.35,0,-1
183,legit_20,-1.6,537.15,11.1206,0.4273,180.0,A3A2,1,164.11,710.08,0,-1
183,legit_21,198.4,702.99,12.9402,-0.9378,180.0,B4B3,0,113.8,574.7,0,-1
183,legit_22,998.4,424.03,13.5126,0.5162,180.0,F3F2,0,82.24,586.24,0,-1
183,legit_23,438.94,1.6,12.998,-0.853,270.0,D0C0,0,118.92,719.74,0,-1
183,legit_24,398.4,956.78,13.2526,2.5309,180.0,C5C4,0,127.67,571.07,0,-1
183,legit_25,605.4,1001.6,13.2886,-0.1167,270.0,:D5_0,0,164.49,568.33,0,-1
183,legit_26,201.6,303.14,11.4217,-0.8291,0.0,B1B2,1,76.78,624.34,0,-1
183,legit_27,1.6,419.95,7.1377,1.8679,0.0,A2A3,2,160.05,724.65,0,-1
183,legit_28,801.6,772.66,13.5516,-0.0718,0.0,E3E4,0,84.84,501.28,0,-1
183,legit_29,491.69,198.4,12.3489,-0.9439,90.0,C1D1,0,88.8,575.12,0,-1
183,legit_30,1001.6,18.24,4.9278,1.4531,0.0,F0F1,0,112.69,787.84,0,-1
183,legit_9,770.96,201.6,9.2348,1.3271,270.0,E1D1,1,84.25,584.92,0,-1
184,legit_10,957.47,201.6,13.1274,2.0188,270.0,F1E1,0,123.37,651.46,0,-1
184,legit_11,801.6,409.71,12.3657,-0.8859,0.0,E2E3,0,71.65,505.62,0,-1
184,legit_14,798.4,32.04,13.8142,1.033,180.0,E1E0,1,100.4,704.26,0,-1
184,legit_17,801.6,124.5,11.6701,-0.0768,0.0,E0E1,2,51.8,638.71,0,-1
184,legit_18,798.4,607.54,6.8504,-4.1923,180.0,E4E3,0,48.98,478.02,0,-1
184,legit_19,83.98,401.6,10.901,-0.772,270.0,B2A2,2,78.03,666.19,0,-1
184,legit_20,-1.6,525.76,11.3963,0.2757,180.0,A3A2,1,168.8,711.04,0,-1
184,legit_21,198.4,690.36,12.6306,-0.3095,180.0,B4B3,0,102.51,572.97,0,-1
184,legit_22,998.4,410.78,13.2533,-0.2593,180.0,F3F2,0,72.4,589.3,0,-1
184,legit_23,425.07,1.6,13.8614,0.8633,270.0,D0C0,0,121.0,722.58,0,-1
184,legit_24,398.4,943.64,13.1411,-0.1114,180.0,C5C4,0,115.78,564.54,0,-1
184,legit_25,592.2,1001.6,13.1964,-0.0922,270.0,D5C5,0,162.38,568.35,0,-1
184,legit_26,201.6,314.59,11.4502,0.0286,0.0,B1B2,1,68.74,619.73,0,-1
184,legit_27,1.6,428.52,8.5713,1.4336,0.0,A2A3,2,163.46,722.86,0,-1
184,legit_28,801.6,784.25,11.5948,-1.9567,0.0,E3E4,0,75.96,504.09,0,-1
184,legit_29,504.04,198.4,12.3457,-0.0032,90.0,C1D1,0,95.22,573.59,0,-1
184,legit_30,1001.6,24.53,6.2971,1.3694,0.0,F0F1,0,107.04,783.26,0,-1
184,legit_9,759.27,201.6,11.6929,2.4581,270.0,E1D1,1,82.12,582.26,0,-1
185,legit_10,944.07,201.6,13.3937,0.2663,270.0,F1E1,0,133.71,645.41,0,-1
185,legit_11,801.6,422.74,13.0316,0.6659,0.0,E2E3,0,81.23,502.37,0,-1
185,legit_14,798.4,19.87,12.1661,-1.6481,180.0,E1E0,1,111.21,713.65,0,-1
185,legit_17,801.6,136.55,12.0428,0.3727,0.0,E0E1,2,54.19,630.99,0,-1
185,legit_18,796.37,602.62,5.587,-1.2634,204.7,:E3_0,0,46.45,477.31,0,-1
185,legit_19,73.4,401.6,10.5898,-0.3113,270.0,B2A2,3,87.17,673.92,0,-1
185,legit_20,-1.6,514.85,10.9085,-0.4878,180.0,A3A2,2,173.88,712.1,0,-1
185,legit_21,198.4,677.49,12.8777,0.247,180.0,B4B3,0,91.36,571.38,0,-1
185,legit_22,998.4,398.13,12.6549,-0.5984,180.0,:F2_1,0,64.16,592.43,0,-1
185,legit_23,413.92,1.6,11.1553,-2.7061,270.0,D0C0,0,123.78,725.04,0,-1
185,legit_24,398.4,930.24,13.4004,0.2592,180.0,C5C4,0,103.95,558.07,0,-1
185,legit_25,579.04,1001.6,13.1643,-0.0321,270.0,D5C5,0,150.99,568.56,0,-1
185,legit_26,201.6,326.15,11.5602,0.11,0.0,B1B2,1,61.71,615.26,0,-1
185,legit_27,1.6,439.68,11.1638,2.5925,0.0,A2A3,2,168.44,720.65,0,-1
185,legit_28,801.6,791.67,7.4108,-4.184,0.0,E3E4,0,70.7,505.98,0,-1
185,legit_29,517.47,198.4,13.4285,1.0829,90.0,C1D1,0,103.43,572.17,0,-1
185,legit_30,1001.6,32.17,7.6386,1.3415,0.0,F0F1,0,100.28,777.74,0,-1
185,legit_9,747.23,201.6,12.0405,0.3476,270.0,E1D1,1,81.65,579.76,0,-1
186,legit_10,930.23,201.6,13.8425,0.4488,270.0,F1E1,1,144.93,639.36,0,-1
186,legit_11,801.6,435.14,12.399,-0.6326,0.0,E2E3,0,91.15,499.49,0,-1
186,legit_14,798.4,11.85,8.0168,-4.1494,180.0,E1E0,1,118.48,719.89,0,-1
186,legit_17,801.6,148.86,12.3166,0.2738,0.0,E0E1,3,59.12,623.35,0,-1
186,legit_18,791.44,601.6,5.1435,-0.4434,258.83,E3D3,0,41.47,475.72,0,-1
186,legit_19,62.09,401.6,11.3022,0.7125,270.0,B2A2,2,97.25,682.28,0,-1
186,legit_20,-1.6,503.3,11.5472,0.6387,180.0,A3A2,2,179.81,713.38,0,-1
186,legit_21,198.4,664.43,13.0549,0.1773,180.0,B4B3,0,80.58,569.95,0,-1
186,legit_22,998.4,384.4,13.7274,1.0725,180.0,F2F1,0,57.08,596.08,0,-1
186,legit_23,407.26,1.6,6.6553,-4.5,270.0,D0C0,0,125.88,726.59,0,-1
186,legit_24,398.4,917.63,12.6132,-0.7872,180.0,C5C4,0,93.21,552.15,0,-1
186,legit_25,565.47,1001.6,13.5689,0.4045,270.0,D5C5,0,139.57,568.97,0,-1
186,legit_26,201.6,337.39,11.2403,-0.3199,0.0,B1B2,0,56.34,611.09,0,-1
186,legit_27,1.6,452.47,12.7849,1.6211,0.0,A2A3,2,174.85,718.3,0,-1
186,legit_28,802.85,796.76,5.3663,-2.0445,14.86,:E4_8,0,68.29,507.71,0,-1
186,legit_29,530.74,198.4,13.278,-0.1505,90.0,C1D1,0,112.54,571.01,0,-1
186,legit_30,1001.6,41.91,9.7337,2.0951,0.0,F0F1,0,91.88,770.76,0,-1
186,legit_31,587.7,1.6,0.0,0.0,270.0,D0C0,0,181.6,704.72,0,-1
186,legit_9,735.24,201.6,11.9892,-0.0513,270.0,E1D1,1,82.92,577.52,0,-1
187,legit_10,916.54,201.6,13.6865,-0.156,270.0,F1E1,1,156.43,633.57,0,-1
187,legit_11,801.6,447.26,12.1263,-0.2727,0.0,E2E3,0,101.38,496.84,0,-1
187,legit_14,798.4,8.32,3.5316,-4.4852,180.0,E1E0,0,121.72,722.66,0,-1
187,legit_17,801.6,161.19,12.3218,0.0051,0.0,E0E1,2,66.02,615.94,0,-1
187,legit_18,784.38,601.6,7.0626,1.919,270.0,E3D3,0,34.41,473.5,0,-1
187,legit_19,50.35,401.6,11.7438,0.4415,270.0,B2A2,2,107.99,691.09,0,-1
187,legit_20,-1.6,491.84,11.4659,-0.0813,180.0,A3A2,2,186.23,714.8,0,-1
187,legit_21,198.4,650.73,13.7033,0.6484,180.0,B4B3,0,70.11,568.68,0,-1
187,legit_22,998.4,370.84,13.554,-0.1734,180.0,F2F1,0,52.73,599.99,0,-1
187,legit_23,401.93,4.89,6.7602,0.1049,310.35,:C0_3,0,124.74,725.27,0,-1
187,legit_24,398.4,904.16,13.4638,0.8506,180.0,C5C4,0,82.34,546.04,0,-1
187,legit_25,552.04,1001.6,13.4246,-0.1443,270.0,D5C5,0,128.68,569.59,0,-1
187,legit_26,201.6,349.71,12.3173,1.077,0.0,B1B2,0,52.62,606.77,0,-1
187,legit_27,1.6,465.11,12.6389,-0.1461,0.0,A2A3,2,181.85,716.16,0,-1
187,legit_28,807.86,798.4,5.4574,0.0911,74.45,E4F4,0,71.26,509.75,0,-1
187,legit_29,543.77,198.4,13.0261,-0.252,90.0,C1D1,0,122.23,570.08,0,-1
187,legit_30,1001.6,54.11,12.2017,2.468,0.0,F0F1,0,81.76,762.13,0,-1
187,legit_31,585.61,1.6,2.0929,2.0929,270.0,D0C0,0,180.02,704.75,0,-1
187,legit_9,723.21,201.6,12.0243,0.0351,270.0,E1D1,1,85.88,575.51,0,-1
188,legit_10,903.39,201.6,13.1496,-0.5369,270.0,F1E1,1,167.79,628.19,0,-1
188,legit_11,801.6,460.48,13.2161,1.0898,0.0,E2E3,1,112.96,494.16,0,-1
188,legit_14,800.3,5.75,3.7886,0.257,153.36,:E0_2,0,124.83,725.15,0,-1
188,legit_17,801.6,172.92,11.7322,-0.5896,0.0,E0E1,2,73.91,609.06,0,-1
188,legit_18,775.68,601.6,8.6972,1.6346,270.0,E3D3,1,25.73,470.85,0,-1
188,legit_19,38.63,401.6,11.724,-0.0198,270.0,B2A2,2,118.89,700.0,0,-1
188,legit_20,-1.6,480.61,11.2248,-0.2411,180.0,A3A2,2,192.97,716.34,0,-1
188,legit_21,198.4,637.34,13.3887,-0.3146,180.0,B4B3,0,61.13,567.66,0,-1
188,legit_22,998.4,356.97,13.8699,0.3159,180.0,F2F1,0,51.69,604.34,0,-1
188,legit_23,401.6,10.85,5.9848,-0.7754,357.81,C0C1,0,119.4,720.68,0,-1
188,legit_24,398.4,890.6,13.5601,0.0963,180.0,C5C4,0,72.27,540.11,0,-1
188,legit_25,539.03,1001.6,13.0187,-0.4058,270.0,D5C5,0,118.63,570.39,0,-1
188,legit_26,201.6,362.12,12.4078,0.0905,0.0,B1B2,0,51.64,602.69,0,-1
188,legit_27,1.6,477.87,12.7646,0.1257,0.0,A2A3,2,189.52,714.19,0,-1
188,legit_28,815.27,798.4,7.4065,1.9491,90.0,E4F4,0,77.4,512.16,0,-1
188,legit_29,556.23,198.4,12.4588,-0.5673,90.0,C1D1,0,132.03,569.38,0,-1
188,legit_30,1001.6,66.7,12.5914,0.3897,0.0,F0F1,0,72.0,753.35,0,-1
188,legit_31,581.83,1.6,3.773,1.6801,270.0,D0C0,0,177.2,704.82,0,-1
188,legit_9,710.93,201.6,12.279,0.2547,270.0,E1D1,1,90.47,573.7,0,-1
189,legit_10,890.39,201.6,13.0037,-0.1459,270.0,F1E1,1,162.38,623.05,0,-1
189,legit_11,801.6,473.33,12.8474,-0.3687,0.0,E2E3,1,124.52,491.75,0,-1
189,legit_14,801.6,8.84,3.646,-0.1425,42.07,E0E1,0,122.55,723.04,0,-1
189,legit_17,801.6,184.62,11.7014,-0.0308,0.0,E0E1,2,82.69,602.37,0,-1
189,legit_18,764.71,601.6,10.9731,2.2759,270.0,E3D3,1,14.79,467.62,0,-1
189,legit_19,27.76,401.6,10.8695,-0.8544,270.0,B2A2,2,129.13,708.35,0,-1
189,legit_20,-1.6,469.88,10.7345,-0.4903,180.0,A3A2,2,187.23,717.95,0,-1
189,legit_21,198.4,623.45,13.8873,0.4986,180.0,B4B3,0,53.78,566.89,0,-1
189,legit_22,998.4,343.21,13.763,-0.1069,180.0,F2F1,0,54.26,609.01,0,-1
189,legit_23,401.6,18.56,7.7048,1.72,0.0,C0C1,0,112.4,714.67,0,-1
189,legit_24,398.4,877.09,13.5108,-0.0493,180.0,C5C4,0,63.55,534.45,0,-1
189,legit_25,526.09,1001.6,12.9403,-0.0784,270.0,D5C5,0,109.25,571.39,0,-1
189,legit_26,201.6,374.08,11.9619,-0.4459,0.0,B1B2,0,53.49,599.03,0,-1
189,legit_27,1.6,490.96,13.0873,0.3228,0.0,A2A3,2,184.15,712.36,0,-1
189,legit_28,824.32,798.4,9.0523,1.6458,90.0,E4F4,0,85.17,515.22,0,-1
189,legit_29,569.21,198.4,12.9854,0.5266,90.0,C1D1,1,142.68,568.84,0,-1
189,legit_30,1001.6,79.8,13.103,0.5116,0.0,F0F1,0,62.92,744.39,0,-1
189,legit_31,576.56,1.6,5.2711,1.4981,270.0,D0C0,0,173.31,704.94,0,-1
189,legit_9,699.42,201.6,11.5166,-0.7623,270.0,E1D1,2,96.01,572.21,0,-1
190,legit_10,877.51,201.6,12.8773,-0.1264,270.0,F1E1,1,151.39,618.13,0,-1
190,legit_11,801.6,486.35,13.0247,0.1772,0.0,E2E3,1,124.81,489.49,0,-1
190,legit_14,801.6,14.35,5.5044,1.8584,0.0,E0E1,0,117.58,718.74,0,-1
190,legit_17,801.6,196.12,11.5023,-0.1991,0.0,:E1_9,2,91.96,595.94,0,-1
190,legit_18,753.55,601.6,11.1557,0.1826,270.0,E3D3,1,3.9,464.49,0,-1
190,legit_19,16.79,401.6,10.968,0.0984,270.0,B2A2,2,139.56,716.86,0,-1
190,legit_20,-1.6,458.91,10.9628,0.2283,180.0,A3A2,2,181.02,719.73,0,-1
190,legit_21,198.4,611.92,11.5287,-2.3586,180.0,B4B3,0,49.85,566.5,0,-1
190,legit_22,998.4,330.29,12.922,-0.841,180.0,F2F1,0,59.54,613.7,0,-1
190,legit_23,401.6,28.15,9.5889,1.8841,0.0,C0C1,0,103.83,707.25,0,-1
190,legit_24,398.4,863.79,13.3067,-0.2041,180.0,C5C4,0,56.82,529.14,0,-1
190,legit_25,513.31,1001.6,12.7773,-0.163,270.0,D5C5,0,100.77,572.59,0,-1
190,legit_26,201.6,385.83,11.7553,-0.2066,0.0,B1B2,0,57.71,595.69,0,-1
190,legit_27,1.6,504.6,13.6356,0.5482,0.0,A2A3,2,176.42,710.67,0,-1
190,legit_28,835.41,798.4,11.092,2.0397,90.0,E4F4,0,95.0,519.09,0,-1
190,legit_29,581.44,198.4,12.2275,-0.7579,90.0,C1D1,1,153.05,568.5,0,-1
190,legit_30,1001.6,93.05,13.2453,0.1423,0.0,F0F1,0,55.4,735.52,0,-1
190,legit_31,569.6,1.6,6.9652,1.694,270.0,D0C0,0,168.29,705.15,0,-1
190,legit_9,688.16,201.6,11.2581,-0.2585,270.0,E1D1,2,102.39,570.95,0,-1
191,legit_10,863.86,201.6,13.6562,0.7789,270.0,F1E1,1,140.08,613.1,0,-1
191,legit_11,801.6,499.61,13.2579,0.2333,0.0,E2E3,1,112.87,487.39,0,-1
191,legit_14,801.6,21.97,7.6171,2.1127,0.0,E0E1,0,110.79,712.83,0,-1
191,legit_17,801.6,207.99,11.8657,0.3634,0.0,E1E2,2,102.0,589.46,0,-1
191,legit_18,741.89,601.6,11.6619,0.5062,270.0,E3D3,1,8.27,462.17,0,-1
191,legit_20,-1.6,447.39,11.5285,0.5657,180.0,A3A2,1,174.98,721.76,0,-1
191,legit_21,198.07,604.92,7.0287,-4.5,183.75,:B3_0,0,48.32,566.56,0,-1
191,legit_22,998.4,316.85,13.4418,0.5198,180.0,F2F1,0,67.27,618.84,0,-1
191,legit_23,401.6,39.16,11.0114,1.4225,0.0,C0C1,0,94.22,698.81,0,-1
191,legit_24,398.4,850.31,13.4758,0.1691,180.0,C5C4,0,52.62,524.07,0,-1
191,legit_25,500.27,1001.6,13.038,0.2607,270.0,D5C5,0,93.13,574.04,0,-1
191,legit_26,201.6,397.79,11.9607,0.2054,0.0,:B2_9,0,63.96,592.51,0,-1
191,legit_27,1.6,517.33,12.7298,-0.9057,0.0,A2A3,1,169.88,709.28,0,-1
191,legit_28,848.98,798.4,13.5678,2.4759,90.0,E4F4,0,107.36,524.03,0,-1
191,legit_29,589.17,198.4,7.7275,-4.5,90.0,C1D1,1,159.73,568.38,0,-1
191,legit_30,1001.6,105.91,12.8596,-0.3857,0.0,F0F1,0,50.41,727.15,0,-1
191,legit_31,560.49,1.6,9.1041,2.139,270.0,D0C0,0,161.95,705.5,0,-1
191,legit_9,676.27,201.6,11.8916,0.6335,270.0,E1D1,2,109.98,569.79,0,-1
192,legit_10,850.02,201.6,13.8327,0.1765,270.0,F1E1,1,129.09,608.22,0,-1
192,legit_11,801.6,512.39,12.7764,-0.4815,0.0,E2E3,1,101.68,485.57,0,-1
192,legit_14,801.6,30.96,8.9918,1.3747,0.0,E0E1,0,102.91,705.9,0,-1
192,legit_17,801.6,219.41,11.4219,-0.4438,0.0,E1E2,2,112.0,583.35,0,-1
192,legit_18,729.85,601.6,12.0373,0.3754,270.0,E3D3,1,20.21,460.3,0,-1
192,legit_20,-1.6,436.21,11.1725,-0.356,180.0,A3A2,1,169.68,723.86,0,-1
192,legit_21,192.47,601.6,7.0518,0.0231,251.58,B3A3,0,42.5,569.58,0,-1
192,legit_22,998.4,303.26,13.5884,0.1465,180.0,F2F1,0,76.69,624.29,0,-1
192,legit_23,401.6,52.26,13.107,2.0956,0.0,C0C1,1,83.25,688.9,0,-1
192,legit_24,398.4,836.84,13.4665,-0.0093,180.0,C5C4,0,51.7,519.35,0,-1
192,legit_25,487.72,1001.6,12.5508,-0.4872,270.0,D5C5,0,87.0,575.66,0,-1
192,legit_26,201.6,409.75,11.9563,-0.0044,0.0,B2B3,0,71.68,589.54,0,-1
192,legit_27,1.6,530.49,13.1684,0.4385,0.0,A2A3,1,163.87,708.05,0,-1
192,legit_28,862.24,798.4,13.267,-0.3009,90.0,E4F4,0,119.71,529.05,0,-1
192,legit_29,592.67,198.4,3.5045,-4.223,90.0,C1D1,1,162.8,568.34,0,-1
192,legit_30,1001.6,119.77,13.8669,1.0073,0.0,F0F1,0,48.4,718.43,0,-1
192,legit_31,549.79,1.6,10.7063,1.6021,270.0,D0C0,0,154.84,706.03,0,-1
192,legit_32,387.7,201.6,0.0,0.0,270.0,C1B1,1,102.66,596.05,0,-1
192,legit_9,664.18,201.6,12.0851,0.1935,270.0,E1D1,2,118.42,568.81,0,-1
193,legit_10,836.87,201.6,13.1547,-0.678,270.0,F1E1,1,119.18,603.78,0,-1
193,legit_11,801.6,524.6,12.2164,-0.56,0.0,E2E3,1,91.36,484.0,0,-1
193,legit_14,801.6,41.28,10.3245,1.3327,0.0,E0E1,0,94.12,698.02,0,-1
193,legit_17,801.6,231.3,11.8964,0.4746,0.0,E1E2,1,122.68,577.14,0,-1
193,legit_18,718.43,601.6,11.4197,-0.6177,270.0,E3D3,1,31.61,458.69,0,-1
193,legit_20,-1.6,424.51,11.7037,0.5311,180.0,A3A2,1,164.75,726.22,0,-1
193,legit_21,183.99,601.6,8.4803,1.4285,270.0,B3A3,0,34.03,574.24,0,-1
193,legit_22,998.4,290.37,12.8901,-0.6982,180.0,F2F1,0,86.67,629.66,0,-1
193,legit_23,401.6,66.06,13.7931,0.6861,0.0,C0C1,2,72.47,678.63,0,-1
193,legit_24,398.4,823.43,13.4119,-0.0546,180.0,C5C4,0,54.19,515.01,0,-1
193,legit_25,474.65,1001.6,13.0663,0.5155,270.0,D5C5,0,82.18,577.62,0,-1
193,legit_26,201.6,421.81,12.0599,0.1036,0.0,B2B3,0,80.52,586.74,0,-1
193,legit_27,1.6,543.97,13.4708,0.3024,0.0,A2A3,1,158.63,707.01,0,-1
193,legit_28,874.92,798.4,12.6728,-0.5942,90.0,E4F4,0,131.66,534.04,0,-1
193,legit_29,594.2,200.4,2.9058,-0.5987,61.11,:D1_15,1,165.1,567.2,0,-1
193,legit_30,1001.6,133.27,13.4987,-0.3682,0.0,F0F1,0,50.19,710.26,0,-1
193,legit_31,537.0,1.6,12.7872,2.0809,270.0,D0C0,1,146.93,706.84,0,-1
193,legit_32,386.3,201.6,1.3985,1.3985,270.0,C1B1,1,103.52,596.47,0,-1
193,legit_9,652.76,201.6,11.4237,-0.6614,270.0,E1D1,1,126.94,568.05,0,-1
194,legit_10,823.37,201.6,13.4963,0.3415,270.0,F1E1,2,109.74,599.44,0,-1
194,legit_11,801.6,537.79,13.1833,0.9669,0.0,E2E3,1,80.83,482.52,0,-1
194,legit_14,801.6,53.5,12.22,1.8955,0.0,E0E1,1,84.17,688.81,0,-1
194,legit_17,801.6,243.2,11.8965,0.0001,0.0,E1E2,1,127.69,571.08,0,-1
194,legit_18,706.5,601.6,11.9281,0.5084,270.0,E3D3,1,43.53,457.17,0,-1
194,legit_20,-1.6,412.82,11.6855,-0.0182,180.0,A3A2,1,160.54,728.74,0,-1
194,legit_21,173.72,601.6,10.2723,1.7921,270.0,B3A3,0,23.77,579.98,0,-1
194,legit_22,998.4,277.15,13.2175,0.3273,180.0,F2F1,1,97.6,635.36,0,-1
194,legit_23,401.6,79.04,12.9875,-0.8056,0.0,C0C1,2,63.4,669.14,0,-1
194,legit_24,398.4,810.71,12.724,-0.6879,180.0,C5C4,0,59.33,511.19,0,-1
194,legit_25,461.64,1001.6,13.0167,-0.0496,270.0,D5C5,0,79.26,579.84,0,-1
194,legit_26,201.6,433.09,11.2805,-0.7794,0.0,B2B3,0,89.47,584.27,0,-1
194,legit_27,1.6,557.29,13.3223,-0.1485,0.0,A2A3,1,154.42,706.19,0,-1
194,legit_28,888.66,798.4,13.7381,1.0653,90.0,E4F4,0,144.76,539.63,0,-1
194,legit_29,591.99,201.6,2.7033,-0.2025,337.48,D1C1,1,163.76,566.53,0,-1
194,legit_30,1001.6,146.2,12.9295,-0.5692,0.0,F0F1,1,55.04,702.73,0,-1
194,legit_31,523.34,1.6,13.6644,0.8772,270.0,D0C0,1,139.27,707.91,0,-1
194,legit_32,383.07,201.6,3.2287,1.8302,270.0,C1B1,1,105.54,597.44,0,-1
194,legit_9,641.45,201.6,11.3095,-0.1142,270.0,E1D1,1,135.8,567.45,0,-1
195,legit_10,810.7,201.6,12.6708,-0.8255,270.0,F1E1,2,101.7,595.57,0,-1
195,legit_11,801.6,550.9,13.1124,-0.071,0.0,E2E3,1,71.23,481.27,0,-1
195,legit_14,801.6,66.89,13.3887,1.1687,0.0,E0E1,1,74.05,678.87,0,-1
195,legit_17,801.6,255.59,12.3854,0.4889,0.0,E1E2,1,116.47,564.92,0,-1
195,legit_18,695.47,601.6,11.0345,-0.8936,270.0,E3D3,1,54.55,455.9,0,-1
195,legit_20,-1.6,402.2,10.6245,-1.061,180.0,:A2_0,0,157.36,731.18,0,-1
195,legit_21,161.73,601.6,11.9899,1.7176,270.0,B3A3,0,11.84,586.82,0,-1
195,legit_22,998.4,264.04,13.1068,-0.1106,180.0,F2F1,1,108.95,641.19,0,-1
195,legit_23,401.6,91.65,12.6071,-0.3805,0.0,C0C1,2,56.09,660.12,0,-1
195,legit_24,398.4,797.78,12.9323,0.2082,180.0,:C4_1,0,66.67,507.59,0,-1
195,legit_25,448.81,1001.6,12.8309,-0.1858,270.0,D5C5,0,78.41,582.31,0,-1
195,legit_26,201.6,444.37,11.2797,-0.0007,0.0,B2B3,0,98.9,581.95,0,-1
195,legit_27,1.6,570.98,13.6886,0.3663,0.0,A2A3,0,151.21,705.57,0,-1
195,legit_28,901.51,798.4,12.8552,-0.8828,90.0,E4F4,0,154.21,545.05,0,-1
195,legit_29,587.51,201.6,4.4756,1.7723,270.0,D1C1,1,159.9,566.58,0,-1
195,legit_30,1001.6,159.91,13.713,0.7835,0.0,F0F1,1,62.74,695.0,0,-1
195,legit_31,510.58,1.6,12.7547,-0.9097,270.0,D0C0,1,133.0,709.12,0,-1
195,legit_32,378.35,201.6,4.7223,1.4936,270.0,C1B1,1,108.59,598.9,0,-1
195,legit_9,628.95,201.6,12.5018,1.1923,270.0,E1D1,1,145.99,566.96,0,-1
196,legit_11,801.6,563.36,12.4637,-0.6486,0.0,E2E3,1,63.28,480.3,0,-1
196,legit_14,801.6,79.86,12.9734,-0.4153,0.0,E0E1,0,65.37,669.43,0,-1
196,legit_17,801.6,268.05,12.4669,0.0814,0.0,E1E2,0,105.44,558.88,0,-1
196,legit_18,683.84,601.6,11.6306,0.5961,270.0,E3D3,1,66.18,454.73,0,-1
196,legit_20,-1.6,391.53,10.6675,0.043,180.0,A2A1,0,154.84,733.75,0,-1
196,legit_21,148.48,601.6,13.2455,1.2555,270.0,B3A3,1,2.2,594.7,0,-1
196,legit_22,998.4,250.73,13.3191,0.2123,180.0,F2F1,1,120.84,647.28,0,-1
196,legit_23,401.6,105.37,13.7182,1.1112,0.0,C0C1,2,50.56,650.57,0,-1
196,legit_24,398.4,784.43,13.3409,0.4086,180.0,C4C3,0,75.83,504.13,0,-1
196,legit_25,436.23,1001.6,12.5732,-0.2577,270.0,D5C5,0,79.6,585.01,0,-1
196,legit_26,201.6,456.3,11.93,0.6503,0.0,B2B3,0,109.25,579.65,0,-1
196,legit_27,1.6,584.26,13.2818,-0.4068,0.0,A2A3,1,149.23,705.2,0,-1
196,legit_28,915.15,798.4,13.6397,0.7844,90.0,E4F4,0,141.12,550.99,0,-1
196,legit_29,580.95,201.6,6.5616,2.086,270.0,D1C1,1,154.29,566.7,0,-1
196,legit_30,1001.6,173.54,13.6256,-0.0874,0.0,F0F1,1,72.17,687.56,0,-1
196,legit_31,497.81,1.6,12.7673,0.0126,270.0,D0C0,1,127.69,710.52,0,-1
196,legit_32,371.88,201.6,6.4754,1.753,270.0,C1B1,1,112.97,600.94,0,-1
196,legit_9,616.66,201.6,12.2849,-0.217,270.0,E1D1,1,156.33,566.65,0,-1
197,legit_11,801.6,576.24,12.8805,0.4168,0.0,E2E3,1,56.81,479.57,0,-1
197,legit_14,801.6,92.67,12.8018,-0.1716,0.0,E0E1,0,58.39,660.31,0,-1
197,legit_17,801.6,280.02,11.9681,-0.4987,0.0,E1E2,0,95.18,553.24,0,-1
197,legit_18,672.24,601.6,11.598,-0.0326,270.0,E3D3,1,77.78,453.71,0,-1
197,legit_20,-1.6,380.9,10.6318,-0.0356,180.0,A2A1,0,153.03,736.46,0,-1
197,legit_21,135.62,601.6,12.8655,-0.38,270.0,B3A3,2,14.47,603.61,0,-1
197,legit_22,998.4,236.93,13.7959,0.4768,180.0,F2F1,1,127.81,653.78,0,-1
197,legit_23,401.6,118.86,13.4895,-0.2288,0.0,C0C1,2,48.41,641.48,0,-1
197,legit_24,398.4,771.66,12.7732,-0.5676,180.0,C4C3,0,85.63,501.05,0,-1
197,legit_25,422.51,1001.6,13.7253,1.1521,270.0,D5C5,0,83.08,588.26,0,-1
197,legit_26,201.6,468.38,12.0802,0.1502,0.0,B2B3,1,120.04,577.47,0,-1
197,legit_27,1.6,597.78,13.527,0.2452,0.0,:A3_7,1,148.42,705.05,0,-1
197,legit_28,928.54,798.4,13.3877,-0.252,90.0,E4F4,0,128.39,557.01,0,-1
197,legit_29,572.45,201.6,8.4999,1.9383,270.0,D1C1,0,147.15,566.92,0,-1
197,legit_30,1001.6,186.97,13.4295,-0.1961,0.0,F0F1,1,82.63,680.42,0,-1
197,legit_31,484.97,1.6,12.8484,0.081,270.0,D0C0,1,123.45,712.15,0,-1
197,legit_32,363.7,201.6,8.171,1.6956,270.0,C1B1,1,118.77,603.59,0,-1
198,legit_11,801.6,588.81,12.566,-0.3145,0.0,E2E3,1,52.8,479.14,0,-1
198,legit_14,801.6,105.77,13.1063,0.3045,0.0,E0E1,0,53.53,651.21,0,-1
198,legit_17,801.6,292.5,12.4793,0.5112,0.0,E1E2,1,84.96,547.54,0,-1
198,legit_18,661.18,601.6,11.0636,-0.5344,270.0,E3D3,1,88.84,452.87,0,-1
198,legit_20,-1.6,369.67,11.2279,0.5961,180.0,A2A1,0,151.91,739.46,0,-1
198,legit_21,121.87,601.6,13.7518,0.8864,270.0,B3A3,2,28.18,613.33,0,-1
198,legit_22,998.4,224.16,12.7731,-1.0228,180.0,F2F1,1,116.24,659.95,0,-1
198,legit_23,401.6,132.04,13.1841,-0.3053,0.0,C0C1,2,49.88,632.91,0,-1
198,legit_24,398.4,758.21,13.4485,0.6752,180.0,C4C3,0,96.7,498.02,0,-1
198,legit_25,409.6,1001.6,12.9027,-0.8226,270.0,D5C5,0,88.19,591.59,0,-1
198,legit_26,201.6,480.37,11.9861,-0.094,0.0,B2B3,1,130.29,575.46,0,-1
198,legit_27,1.6,610.67,12.8886,-0.6384,0.0,A3A4,1,148.78,705.12,0,-1
198,legit_28,942.3,798.4,13.7633,0.3757,90.0,E4F4,0,115.45,563.39,0,-1
198,legit_29,561.37,201.6,11.0805,2.5806,270.0,D1C1,0,138.06,567.32,0,-1
198,legit_30,1001.6,200.55,13.5764,0.1469,0.0,:F1_3,1,93.97,673.4,0,-1
198,legit_31,471.49,1.6,13.4762,0.6279,270.0,D0C0,1,120.33,714.08,0,-1
198,legit_32,353.25,201.6,10.4546,2.2836,270.0,C1B1,1,126.57,607.1,0,-1
198,legit_33,801.6,412.3,0.0,0.0,0.0,E2E3,1,73.47,504.96,0,-1
199,legit_11,801.6,601.96,13.1548,0.5888,0.0,:E3_9,0,51.64,479.02,0,-1
199,legit_14,801.6,119.57,13.8023,0.696,0.0,E0E1,0,51.6,641.94,0,-1
199,legit_17,801.6,304.12,11.6225,-0.8568,0.0,E1E2,1,76.06,542.39,0,-1
199,legit_18,649.67,601.6,11.5048,0.4412,270.0,E3D3,0,100.34,452.16,0,-1
199,legit_20,-1.6,358.84,10.8307,-0.3972,180.0,A2A1,0,151.6,742.5,0,-1
199,legit_21,108.53,601.6,13.3385,-0.4134,270.0,B3A3,2,41.5,622.92,0,-1
199,legit_22,998.4,210.54,13.6196,0.8465,180.0,F2F1,1,104.21,666.7,0,-1
199,legit_23,401.6,145.29,13.2441,0.06,0.0,C0C1,1,54.61,624.62,0,-1
199,legit_24,398.4,744.64,13.5749,0.1264,180.0,C4C3,0,108.43,495.18,0,-1
199,legit_25,395.82,1001.6,13.7894,0.8867,270.0,:C5_0,0,95.3,595.42,0,-1
199,legit_26,201.6,492.64,12.2748,0.2887,0.0,B2B3,1,119.11,573.56,0,-1
199,legit_27,1.6,624.31,13.6381,0.7495,0.0,A3A4,1,150.38,705.42,0,-1
199,legit_28,955.78,798.4,13.4759,-0.2874,90.0,E4F4,0,103.0,569.84,0,-1
199,legit_29,548.82,201.6,12.5503,1.4698,270.0,D1C1,0,128.15,567.96,0,-1
199,legit_30,1001.6,213.88,13.33,-0.2464,0.0,F1F2,1,105.62,666.68,0,-1
199,legit_31,457.84,1.6,13.6472,0.171,270.0,D0C0,0,118.66,716.28,0,-1
199,legit_32,340.57,201.6,12.6768,2.2222,270.0,C1B1,1,136.5,611.52,0,-1
199,legit_33,801.6,414.25,1.9471,1.9471,0.0,E2E3,1,74.87,504.46,0,-1
200,legit_11,801.6,614.11,12.1462,-1.0086,0.0,E3E4,0,53.49,479.21,0,-1
200,legit_14,801.6,132.72,13.1427,-0.6596,0.0,E0E1,0,53.14,633.42,0,-1
200,legit_17,801.6,315.52,11.3968,-0.2257,0.0,E1E2,1,68.12,537.51,0,-1
200,legit_18,638.11,601.6,11.5639,0.0591,270.0,E3D3,0,111.9,451.59,0,-1
200,legit_20,-1.6,347.24,11.6046,0.7739,180.0,A2A1,0,152.14,745.92,0,-1
200,legit_21,94.87,601.6,13.6613,0.3228,270.0,B3A3,2,55.16,632.91,0,-1
200,legit_22,998.4,196.69,13.8452,0.2256,180.0,:F1_1,1,92.43,673.75,0,-1
200,legit_23,401.6,158.43,13.1403,-0.1038,0.0,C0C1,2,61.8,616.66,0,-1
200,legit_24,398.4,731.89,12.7501,-0.8248,180.0,C4C3,0,119.8,492.7,0,-1
200,legit_25,383.22,1001.6,12.5947,-1.1946,270.0,C5B5,0,102.99,599.16,0,-1
200,legit_26,201.6,504.11,11.468,-0.8068,0.0,B2B3,1,108.89,571.92,0,-1
200,legit_27,1.6,637.43,13.119,-0.5191,0.0,A3A4,1,153.05,705.92,0,-1
200,legit_28,968.94,798.4,13.1641,-0.3117,90.0,E4F4,0,91.11,576.32,0,-1
200,legit_29,535.42,201.6,13.4021,0.8518,270.0,D1C1,1,118.13,568.84,0,-1
200,legit_30,1001.6,227.01,13.1292,-0.2008,0.0,F1F2,1,117.44,660.22,0,-1
200,legit_31,444.3,1.6,13.5398,-0.1074,270.0,D0C0,0,118.54,718.71,0,-1
200,legit_32,327.79,201.6,12.7837,0.1069,270.0,C1B1,1,146.95,616.15,0,-1
200,legit_33,801.6,418.51,4.2618,2.3146,0.0,E2E3,1,78.01,503.4,0,-1
201,legit_11,801.6,627.21,13.0991,0.9529,0.0,E3E4,0,58.33,479.74,0,-1
201,legit_14,801.6,145.53,12.8116,-0.3311,0.0,E0E1,0,57.57,625.4,0,-1
201,legit_17,801.6,326.76,11.238,-0.1588,0.0,E1E2,1,61.38,532.88,0,-1
201,legit_18,626.25,601.6,11.8575,0.2936,270.0,E3D3,0,123.76,451.16,0,-1
201,legit_20,-1.6,335.55,11.6903,0.0857,180.0,A2A1,0,153.56,749.52,0,-1
201,legit_21,82.01,601.6,12.8557,-0.8055,270.0,B3A3,2,68.01,642.45,0,-1
201,legit_22,998.4,182.92,13.7748,-0.0704,180.0,F1F0,1,81.37,680.95,0,-1
201,legit_23,401.6,171.17,12.7379,-0.4024,0.0,C0C1,2,70.43,609.16,0,-1
201,legit_24,398.4,719.18,12.7064,-0.0437,180.0,C4C3,0,129.87,490.43,0,-1
201,legit_25,370.17,1001.6,13.0496,0.4549,270.0,C5B5,0,111.89,603.24,0,-1
201,legit_26,201.6,516.12,12.0121,0.5441,0.0,B2B3,1,98.48,570.36,0,-1
201,legit_27,1.6,651.21,13.7757,0.6566,0.0,A3A4,1,156.99,706.68,0,-1
201,legit_28,980.39,798.4,11.4506,-1.7135,90.0,E4F4,0,81.09,582.12,0,-1
201,legit_29,523.12,201.6,12.2987,-1.1034,270.0,D1C1,1,109.57,569.85,0,-1
201,legit_30,1001.6,240.55,13.5498,0.4206,0.0,F1F2,1,128.88,653.72,0,-1
201,legit_31,431.34,1.6,12.9593,-0.5805,270.0,D0C0,0,119.86,721.26,0,-1
201,legit_32,314.54,201.6,13.2527,0.469,270.0,C1B1,1,158.14,621.14,0,-1
201,legit_33,801.6,424.11,5.6026,1.3409,0.0,E2E3,1,82.3,502.04,0,-1
202,legit_11,801.6,639.65,12.4432,-0.6559,0.0,E3E4,0,65.08,480.52,0,-1
202,legit_14,801.6,158.36,12.8339,0.0223,0.0,E0E1,0,64.3,617.62,0,-1
202,legit_17,801.6,338.8,12.0369,0.799,0.0,E1E2,1,55.79,528.14,0,-1
202,legit_18,614.73,601.6,11.5228,-0.3347,270.0,E3D3,0,135.28,450.9,0,-1
202,legit_20,-1.6,324.0,11.5451,-0.1451,180.0,A2A1,0,155.82,753.23,0,-1
202,legit_21,68.92,601.6,13.0943,0.2386,270.0,B3A3,1,81.1,652.31,0,-1
202,legit_22,998.4,170.11,12.8046,-0.9702,180.0,F1F0,1,71.93,687.82,0,-1
202,legit_23,401.6,184.62,13.4545,0.7166,0.0,C0C1,2,80.74,601.46,0,-1
202,legit_24,398.4,705.89,13.2876,0.5812,180.0,C4C3,0,117.8,488.24,0,-1
202,legit_25,356.99,1001.6,13.1804,0.1308,270.0,C5B5,0,121.64,607.58,0,-1
202,legit_26,201.6,527.68,11.5566,-0.4555,0.0,B2B3,0,88.84,569.02,0,-1
202,legit_27,1.6,664.6,13.3931,-0.3826,0.0,A3A4,1,161.85,707.65,0,-1
202,legit_28,988.28,798.4,7.8844,-3.5662,90.0,E4F4,0,74.43,586.2,0,-1
202,legit_29,510.71,201.6,12.4111,0.1123,270.0,D1C1,1,101.7,571.07,0,-1
202,legit_30,1001.6,253.27,12.7129,-0.8369,0.0,F1F2,1,117.19,647.78,0,-1
202,legit_31,418.26,1.6,13.0866,0.1273,270.0,D0C0,0,122.58,724.06,0,-1
202,legit_32,301.36,201.6,13.177,-0.0757,270.0,C1B1,1,169.57,626.29,0,-1
202,legit_33,801.6,431.72,7.604,2.0014,0.0,E2E3,1,88.35,500.26,0,-1
203,legit_11,801.6,652.23,12.5723,0.1291,0.0,E3E4,0,73.42,481.54,0,-1
203,legit_14,801.6,171.29,12.9303,0.0964,0.0,E0E1,0,72.76,610.0,0,-1
203,legit_17,801.6,350.36,11.5672,-0.4697,0.0,E1E2,1,52.49,523.83,0,-1
203,legit_20,-1.6,312.48,11.5184,-0.0267,180.0,A2A1,0,158.87,757.1,0,-1
203,legit_21,55.6,601.6,13.3166,0.2223,270.0,B3A3,1,94.41,662.48,0,-1
203,legit_22,998.4,156.77,13.3448,0.5402,180.0,F1F0,1,63.36,695.19,0,-1
203,legit_23,401.6,198.24,13.6155,0.161,0.0,:C1_9,2,92.0,593.87,0,-1
203,legit_24,398.4,692.28,13.6161,0.3285,180.0,C4C3,0,105.72,486.21,0,-1
203,legit_25,344.13,1001.6,12.8655,-0.3149,270.0,C5B5,0,131.74,612.01,0,-1
203,legit_26,201.6,539.48,11.7974,0.2408,0.0,B2B3,0,79.53,567.8,0,-1
203,legit_27,1.6,677.67,13.0708,-0.3223,0.0,A3A4,1,167.5,708.79,0,-1
203,legit_28,991.98,798.4,3.7025,-4.1819,90.0,E4F4,0,71.39,588.14,0,-1
203,legit_29,497.48,201.6,13.2264,0.8153,270.0,D1C1,1,94.41,572.6,0,-1
203,legit_30,1001.6,266.86,13.5931,0.8802,0.0,F1F2,1,104.96,641.6,0,-1
203,legit_31,407.57,1.6,10.6879,-2.3987,270.0,D0C0,0,125.77,726.51,0,-1
203,legit_32,288.53,201.6,12.826,-0.351,270.0,C1B1,1,160.78,631.47,0,-1
203,legit_33,801.6,441.44,9.7196,2.1155,0.0,E2E3,1,96.41,498.09,0,-1
204,legit_11,801.6,665.39,13.1602,0.5879,0.0,E3E4,0,83.29,482.85,0,-1
204,legit_14,801.6,184.73,13.4415,0.5112,0.0,E0E1,0,82.78,602.3,0,-1
204,legit_17,801.6,361.62,11.2611,-0.3061,0.0,E1E2,1,51.63,519.87,0,-1
204,legit_20,-1.6,301.31,11.1754,-0.3431,180.0,A2A1,0,162.56,760.99,0,-1
204,legit_21,41.89,601.6,13.7105,0.3939,270.0,B3A3,1,108.12,673.1,0,-1
204,legit_22,998.4,142.88,13.8844,0.5396,180.0,F1F0,1,56.45,703.1,0,-1
204,legit_23,401.6,211.48,13.2487,-0.3668,0.0,C1C2,2,103.5,586.67,0,-1
204,legit_24,398.4,678.84,13.4409,-0.1753,180.0,C4C3,0,94.22,484.42,0,-1
204,legit_25,330.49,1001.6,13.6396,0.7741,270.0,C5B5,0,142.93,616.91,0,-1
204,legit_26,201.6,550.77,11.2964,-0.501,0.0,B2B3,0,71.32,566.79,0,-1
204,legit_27,1.6,690.58,12.9104,-0.1603,0.0,A3A4,1,173.86,710.12,0,-1
204,legit_28,997.09,796.84,5.5192,1.8167,108.71,:F4_6,0,68.28,590.46,0,-1
204,legit_29,484.57,201.6,12.9133,-0.3131,270.0,D1C1,1,88.62,574.34,0,-1
204,legit_30,1001.6,280.62,13.7618,0.1687,0.0,F1F2,1,92.97,635.53,0,-1
204,legit_31,401.97,4.71,6.8763,-3.8116,307.81,:C0_3,0,124.89,725.41,0,-1
204,legit_32,275.58,201.6,12.9531,0.1271,270.0,C1B1,1,149.76,636.88,0,-1
204,legit_33,801.6,452.83,11.3955,1.6759,0.0,E2E3,1,106.21,495.69,0,-1
204,legit_34,198.4,387.7,0.0,0.0,180.0,B2B1,0,55.77,596.87,0,-1
205,legit_11,801.6,677.48,12.0973,-1.0629,0.0,E3E4,0,93.09,484.25,0,-1
205,legit_17,801.6,373.12,11.4979,0.2368,0.0,E1E2,1,53.24,516.09,0,-1
205,legit_20,-1.6,289.76,11.5447,0.3694,180.0,A2A1,0,167.08,765.16,0,-1
205,legit_21,28.53,601.6,13.3563,-0.3542,270.0,B3A3,1,121.48,683.56,0,-1
205,legit_22,998.4,129.61,13.2742,-0.6102,180.0,F1F0,0,52.49,710.94,0,-1
205,legit_23,401.6,224.13,12.6498,-0.5989,0.0,C1C2,2,114.83,579.97,0,-1
205,legit_24,398.4,665.79,13.0497,-0.3912,180.0,C4C3,0,83.61,482.9,0,-1
205,legit_25,317.31,1001.6,13.1755,-0.4641,270.0,C5B5,0,154.12,621.83,0,-1
205,legit_26,201.6,562.23,11.4596,0.1632,0.0,B2B3,0,63.95,565.94,0,-1
205,legit_27,1.6,703.91,13.3285,0.4181,0.0,A3A4,1,181.16,711.7,0,-1
205,legit_28,998.4,791.74,5.3962,-0.123,166.98,F4F3,0,70.65,589.9,0,-1
205,legit_29,471.37,201.6,13.1972,0.2839,270.0,D1C1,1,84.35,576.39,0,-1
205,legit_30,1001.6,294.3,13.6805,-0.0813,0.0,F1F2,0,81.6,629.69,0,-1
205,legit_31,401.6,11.3,6.6205,-0.2557,358.54,C0C1,0,118.99,720.33,0,-1
205,legit_32,261.83,201.6,13.7495,0.7964,270.0,C1B1,1,138.44,642.8,0,-1
205,legit_33,801.6,466.16,13.3258,1.9303,0.0,E2E3,1,118.03,493.07,0,-1
205,legit_34,198.4,385.18,2.5177,2.5177,180.0,B2B1,0,54.56,597.56,0,-1
206,legit_11,801.6,690.67,13.1899,1.0926,0.0,E3E4,0,104.33,485.99,0,-1
206,legit_17,801.6,384.63,11.5094,0.0115,0.0,E1E2,1,57.18,512.56,0,-1
206,legit_20,-1.6,278.26,11.5056,-0.0391,180.0,A2A1,0,172.23,769.46,0,-1
206,legit_21,15.16,601.6,13.3712,0.0149,270.0,B3A3,1,134.85,694.17,0,-1
206,legit_22,998.4,115.9,13.7047,0.4305,180.0,F1F0,0,51.76,719.34,0,-1
206,legit_23,401.6,237.52,13.3813,0.7315,0.0,C1C2,1,127.09,573.05,0,-1
206,legit_24,398.4,652.73,13.0564,0.0067,180.0,C4C3,0,73.78,481.59,0,-1
206,legit_25,304.28,1001.6,13.0257,-0.1498,270.0,C5B5,0,165.47,626.87,0,-1
206,legit_26,201.6,574.23,12.0019,0.5423,0.0,B2B3,0,57.68,565.26,0,-1
206,legit_27,1.6,716.96,13.0505,-0.278,0.0,A3A4,1,188.95,713.44,0,-1
206,legit_28,998.4,784.17,7.5662,2.17,180.0,F4F3,0,76.02,588.11,0,-1
206,legit_29,458.58,201.6,12.7914,-0.4059,270.0,D1C1,1,82.05,578.64,0,-1
206,legit_30,1001.6,307.17,12.865,-0.8155,0.0,F1F2,0,71.65,624.38,0,-1
206,legit_31,401.6,20.12,8.8179,2.1974,0.0,C0C1,0,110.99,713.46,0,-1
206,legit_32,248.62,201.6,13.2143,-0.5353,270.0,C1B1,0,128.0,648.69,0,-1
206,legit_33,801.6,478.77,12.6102,-0.7156,0.0,E2E3,1,129.49,490.78,0,-1
206,legit_34,198.4,380.21,4.9683,2.4506,180.0,B2B1,0,52.45,598.94,0,-1
207,legit_11,801.6,702.93,12.2624,-0.9275,0.0,E3E4,0,115.14,487.78,0,-1
207,legit_17,801.6,396.01,11.3781,-0.1313,0.0,:E2_9,1,62.92,509.29,0,-1
207,legit_20,-1.6,266.55,11.7053,0.1998,180.0,A2A1,0,178.09,773.99,0,-1
207,legit_22,998.4,102.54,13.3608,-0.3439,180.0,F1F0,0,54.47,727.83,0,-1
207,legit_23,401.6,250.88,13.3608,-0.0205,0.0,C1C2,1,119.38,566.33,0,-1
207,legit_24,398.4,638.9,13.8324,0.776,180.0,C4C3,0,64.62,480.46,0,-1
207,legit_25,290.87,1001.6,13.411,0.3853,270.0,C5B5,0,161.22,632.24,0,-1
207,legit_26,201.6,585.58,11.3474,-0.6546,0.0,B2B3,0,53.58,564.84,0,-1
207,legit_27,1.6,730.58,13.619,0.5685,0.0,A3A4,0,184.38,715.47,0,-1
207,legit_28,998.4,774.24,9.9341,2.3679,180.0,F4F3,0,83.59,585.86,0,-1
207,legit_29,446.07,201.6,12.5068,-0.2846,270.0,D1C1,1,81.69,581.12,0,-1
207,legit_30,1001.6,320.92,13.7472,0.8822,0.0,F1F2,0,62.21,618.94,0,-1
207,legit_31,401.6,30.87,10.7526,1.9347,0.0,C0C1,0,101.42,705.15,0,-1
207,legit_32,235.01,201.6,13.6083,0.394,270.0,C1B1,0,117.83,654.95,0,-1
207,legit_33,801.6,492.36,13.5936,0.9834,0.0,E2E3,1,119.37,488.52,0,-1
207,legit_34,198.4,373.35,6.8621,1.8938,180.0,B2B1,0,50.21,600.92,0,-1
208,legit_11,801.6,715.49,12.559,0.2966,0.0,E3E4,0,126.5,489.8,0,-1
208,legit_17,801.6,407.78,11.7718,0.3938,0.0,E2E3,1,70.32,506.12,0,-1
208,legit_20,-1.6,254.82,11.7277,0.0224,180.0,A2A1,0,184.51,778.67,0,-1
208,legit_22,998.4,88.78,13.7609,0.4001,180.0,F1F0,0,60.31,736.86,0,-1
208,legit_23,401.6,263.54,12.6676,-0.6932,0.0,C1C2,1,107.92,560.12,0,-1
208,legit_24,398.4,625.07,13.8319,-0.0005,180.0,C4C3,0,57.37,479.63,0,-1
208,legit_25,277.74,1001.6,13.1282,-0.2828,270.0,C5B5,0,149.88,637.68,0,-1
208,legit_26,201.6,597.89,12.3092,0.9618,0.0,:B3_9,0,51.64,564.64,0,-1
208,legit_27,1.6,744.31,13.7334,0.1144,0.0,A3A4,0,176.58,717.74,0,-1
208,legit_28,998.4,761.79,12.4499,2.5158,180.0,F4F3,0,93.7,583.2,0,-1
208,legit_29,433.38,201.6,12.6922,0.1854,270.0,D1C1,1,83.28,583.91,0,-1
208,legit_30,1001.6,334.0,13.0874,-0.6598,0.0,F1F2,0,54.94,613.99,0,-1
208,legit_31,401.6,44.03,13.1638,2.4112,0.0,C0C1,0,90.08,695.1,0,-1
208,legit_32,221.74,201.6,13.2647,-0.3436,270.0,C1B1,0,108.65,661.25,0,-1
208,legit_33,801.6,505.6,13.2397,-0.3539,0.0,E2E3,1,107.58,486.51,0,-1
208,legit_34,198.4,364.56,8.7922,1.9301,180.0,B2B1,0,48.61,603.59,0,-1
209,legit_11,801.6,728.42,12.9235,0.3645,0.0,E3E4,0,122.94,492.06,0,-1
209,legit_17,801.6,419.72,11.9348,0.1629,0.0,E2E3,1,78.92,503.11,0,-1
209,legit_20,-1.6,243.64,11.1809,-0.5468,180.0,A2A1,0,191.11,783.27,0,-1
209,legit_22,998.4,76.12,12.6584,-1.1025,180.0,F1F0,0,67.73,745.39,0,-1
209,legit_23,401.6,276.19,12.647,-0.0206,0.0,C1C2,1,96.78,554.1,0,-1
209,legit_24,398.4,612.46,12.6097,-1.2222,180.0,C4C3,0,53.08,479.17,0,-1
209,legit_25,264.63,1001.6,13.1167,-0.0115,270.0,C5B5,0,138.87,643.29,0,-1
209,legit_26,201.6,609.1,11.2065,-1.1026,0.0,B3B4,0,52.4,564.72,0,-1
209,legit_27,1.6,757.65,13.3373,-0.396,0.0,A3A4,0,169.72,720.14,0,-1
209,legit_28,998.4,748.52,13.2615,0.8116,180.0,F4F3,0,105.03,580.56,0,-1
209,legit_29,420.63,201.6,12.7521,0.0599,270.0,D1C1,2,86.73,586.97,0,-1
209,legit_30,1001.6,347.6,13.5964,0.5091,0.0,F1F2,0,49.96,609.15,0,-1
209,legit_31,401.6,57.25,13.219,0.0552,0.0,C0C1,1,79.25,685.16,0,-1
209,legit_32,212.98,201.6,8.7647,-4.5,270.0,C1B1,0,103.08,665.53,0,-1
209,legit_33,801.6,518.86,13.2629,0.0232,0.0,E2E3,1,96.16,484.71,0,-1
209,legit_34,198.4,354.41,10.1541,1.362,180.0,B2B1,0,48.72,606.85,0,-1
210,legit_11,801.6,741.11,12.6902,-0.2333,0.0,E3E4,0,111.54,494.47,0,-1
210,legit_17,801.6,431.02,11.3019,-0.6329,0.0,E2E3,2,87.78,500.42,0,-1
210,legit_20,-1.6,232.31,11.3287,0.1478,180.0,A2A1,0,188.67,788.07,0,-1
210,legit_22,998.4,62.3,13.8203,1.1619,180.0,F1F0,0,77.4,754.9,0,-1
210,legit_23,401.6,289.66,13.4687,0.8217,0.0,C1C2,1,85.38,547.88,0,-1
210,legit_24,398.4,599.77,12.6879,0.0782,180.0,:C3_1,0,51.6,479.01,0,-1
210,legit_25,251.94,1001.6,12.6924,-0.4243,270.0,C5B5,0,128.6,648.89,0,-1
210,legit_26,201.6,620.68,11.578,0.3714,0.0,B3B4,0,55.59,565.04,0,-1
210,legit_27,1.6,771.14,13.4912,0.1538,0.0,A3A4,0,163.6,722.79,0,-1
210,legit_28,998.4,734.71,13.8124,0.5509,180.0,F4F3,0,117.25,578.01,0,-1
210,legit_29,412.12,201.6,8.5058,-4.2463,270.0,D1C1,2,89.96,589.16,0,-1
210,legit_30,1001.6,361.25,13.6554,0.0589,0.0,F1F2,0,48.42,604.63,0,-1
210,legit_31,401.6,70.18,12.927,-0.2921,0.0,C0C1,1,69.46,675.6,0,-1
210,legit_32,208.49,201.6,4.4878,-4.2769,270.0,C1B1,1,100.4,667.76,0,-1
210,legit_33,801.6,532.41,13.5438,0.2809,0.0,E2E3,2,85.04,483.09,0,-1
210,legit_34,198.4,342.14,12.262,2.1079,180.0,B2B1,1,51.59,611.06,0,-1
210,legit_35,798.4,387.7,0.0,0.0,180.0,E2E1,2,55.77,510.65,0,-1
211,legit_11,801.6,754.31,13.2036,0.5134,0.0,E3E4,0,100.03,497.18,0,-1
211,legit_17,801.6,443.26,12.2463,0.9444,0.0,E2E3,2,97.96,497.7,0,-1
211,legit_20,-1.6,220.45,11.862,0.5333,180.0,A2A1,0,181.86,793.23,0,-1
211,legit_22,998.4,48.66,13.6477,-0.1726,180.0,F1F0,0,88.05,764.47,0,-1
211,legit_23,401.6,303.34,13.6829,0.2141,0.0,C1C2,1,74.52,541.77,0,-1
211,legit_24,398.4,586.95,12.8163,0.1284,180.0,C3C2,0,53.22,479.18,0,-1
211,legit_25,238.97,1001.6,12.963,0.2705,270.0,C5B5,0,118.59,654.79,0,-1
211,legit_26,201.6,631.89,11.2194,-0.3586,0.0,B3B4,0,60.66,565.58,0,-1
211,legit_27,1.6,784.26,13.1152,-0.376,0.0,A3A4,0,158.52,725.56,0,-1
211,legit_28,998.4,720.94,13.7754,-0.037,180.0,F4F3,0,129.76,575.67,0,-1
211,legit_29,407.57,201.6,4.5469,-3.9589,270.0,D1C1,2,91.97,590.38,0,-1
211,legit_30,1001.6,374.49,13.2307,-0.4247,0.0,F1F2,0,50.52,600.59,0,-1
211,legit_31,401.6,83.0,12.8162,-0.1107,0.0,C0C1,1,60.93,666.29,0,-1
211,legit_32,203.29,202.83,5.4688,0.9809,284.53,:B1_4,1,98.49,669.75,0,-1
211,legit_33,801.6,545.03,12.6268,-0.917,0.0,E2E3,1,75.39,481.8,0,-1
211,legit_34,198.4,329.33,12.8181,0.5561,180.0,B2B1,1,57.3,615.73,0,-1
211,legit_35,798.4,386.16,1.5401,1.5401,180.0,E2E1,1,55.02,511.1,0,-1
212,legit_11,801.6,767.4,13.0845,-0.1191,0.0,E3E4,0,89.07,500.06,0,-1
212,legit_17,801.6,455.69,12.4237,0.1774,0.0,E2E3,2,108.71,495.11,0,-1
212,legit_20,-1.6,208.74,11.712,-0.15,180.0,A2A1,0,175.66,798.47,0,-1
212,legit_22,998.4,35.37,13.2895,-0.3582,180.0,F1F0,0,99.12,773.95,0,-1
212,legit_23,401.6,315.98,12.6361,-1.0468,0.0,C1C2,1,65.43,536.35,0,-1
212,legit_24,398.4,574.31,12.6426,-0.1737,180.0,C3C2,0,57.64,479.66,0,-1
212,legit_25,225.75,1001.6,13.2222,0.2592,270.0,C5B5,0,109.02,660.99,0,-1
212,legit_26,201.6,643.56,11.6606,0.4412,0.0,B3B4,0,67.52,566.35,0,-1
212,legit_27,1.6,797.74,13.4845,0.3693,0.0,:A4_7,0,154.3,728.63,0,-1
212,legit_28,998.4,708.09,12.8454,-0.93,180.0,F4F3,0,119.78,573.67,0,-1
212,legit_29,400.63,201.6,6.9462,2.3993,270.0,:C1_5,2,95.37,592.3,0,-1
212,legit_30,1001.6,387.2,12.7151,-0.5156,0.0,F1F2,0,55.52,597.01,0,-1
212,legit_31,401.6,96.09,13.0979,0.2817,0.0,C0C1,1,53.98,657.0,0,-1
212,legit_32,201.6,208.01,5.6639,0.1952,345.41,B1B2,1,102.02,667.97,0,-1
212,legit_33,801.6,557.44,12.4115,-0.2153,0.0,E2E3,1,66.88,480.73,0,-1
212,legit_34,198.4,316.66,12.6627,-0.1554,180.0,B2B1,1,64.97,620.6,0,-1
212,legit_35,798.4,383.25,2.9108,1.3707,180.0,E2E1,1,53.69,511.96,0,-1
213,legit_11,801.6,780.26,12.8617,-0.2228,0.0,E3E4,0,78.94,503.1,0,-1
213,legit_17,801.6,466.99,11.3045,-1.1192,0.0,E2E3,2,118.78,492.91,0,-1
213,legit_20,-1.6,197.16,11.5837,-0.1283,180.0,:A1_0,0,170.11,803.8,0,-1
213,legit_22,998.4,21.98,13.3893,0.0998,180.0,F1F0,0,110.77,783.63,0,-1
213,legit_23,401.6,328.75,12.7702,0.1341,0.0,C1C2,1,57.61,531.09,0,-1
213,legit_24,398.4,561.32,12.9861,0.3435,180.0,C3C2,0,64.49,480.45,0,-1
213,legit_25,213.06,1001.6,12.6866,-0.5355,270.0,C5B5,0,100.62,667.14,0,-1
213,legit_26,201.6,655.08,11.5292,-0.1314,0.0,B3B4,0,75.48,567.29,0,-1
213,legit_27,1.6,811.24,13.5032,0.0187,0.0,A4A5,0,151.16,731.92,0,-1
213,legit_28,998.4,695.1,12.9928,0.1474,180.0,F4F3,0,108.2,571.82,0,-1
213,legit_29,391.32,201.6,9.3038,2.3576,270.0,C1B1,2,100.51,594.97,0,-1
213,legit_30,1001.6,400.23,13.032,0.3168,0.0,:F2_3,0,62.94,593.6,0,-1
213,legit_31,401.6,109.12,13.0272,-0.0707,0.0,C0C1,1,49.61,648.01,0,-1
213,legit_32,201.6,215.01,7.0032,1.3392,0.0,B1B2,1,108.12,664.46,0,-1
213,legit_33,801.6,571.01,13.5604,1.1489,0.0,E2E3,1,59.19,479.84,0,-1
213,legit_34,198.4,304.06,12.6068,-0.0559,180.0,B2B1,1,73.97,625.65,0,-1
213,legit_35,798.4,378.19,5.0613,2.1505,180.0,E2E1,1,51.7,513.49,0,-1
214,legit_11,801.6,790.79,10.5307,-2.3311,0.0,E3E4,0,71.3,505.75,0,-1
214,legit_17,801.6,478.78,11.7896,0.4851,0.0,E2E3,2,129.51,490.78,0,-1
214,legit_20,-1.6,186.12,11.0375,-0.5462,180.0,A1A0,0,165.39,809.0,0,-1
214,legit_22,998.4,8.42,13.5535,0.1641,180.0,F1F0,0,122.93,793.55,0,-1
214,legit_23,401.6,342.61,13.8614,1.0912,0.0,C1C2,1,51.43,525.68,0,-1
214,legit_24,398.4,548.2,13.1268,0.1407,180.0,C3C2,0,73.12,481.5,0,-1
214,legit_25,199.83,1001.6,13.2316,0.545,270.0,:B5_0,0,92.9,673.77,0,-1
214,legit_26,201.6,667.24,12.1539,0.6247,0.0,B3B4,0,84.76,568.47,0,-1
214,legit_27,1.6,823.93,12.6893,-0.8139,0.0,A4A5,0,149.27,735.21,0,-1
214,legit_28,998.4,681.5,13.5962,0.6034,180.0,F4F3,0,96.46,570.08,0,-1
214,legit_29,379.46,201.6,11.8673,2.5635,270.0,C1B1,2,107.86,598.56,0,-1
214,legit_30,1001.6,413.61,13.374,0.342,0.0,F2F3,0,72.22,590.36,0,-1
214,legit_31,401.6,122.44,13.3149,0.2876,0.0,C0C1,1,48.46,639.12,0,-1
214,legit_32,201.6,223.76,8.742,1.7388,0.0,B1B2,1,115.88,660.14,0,-1
214,legit_33,801.6,584.05,13.0449,-0.5155,0.0,E2E3,1,54.01,479.27,0,-1
214,legit_34,198.4,291.6,12.4547,-0.1521,180.0,B2B1,1,83.79,630.83,0,-1
214,legit_35,798.4,371.0,7.1901,2.1288,180.0,E2E1,1,49.63,515.75,0,-1
215,legit_11,802.74,796.57,6.0307,-4.5,13.53,:E4_8,0,68.32,507.63,0,-1
215,legit_17,801.6,491.1,12.321,0.5314,0.0,E2E3,2,120.5,488.72,0,-1
215,legit_20,-1.6,174.47,11.6459,0.6084,180.0,A1A0,0,161.09,814.63,0,-1
215,legit_23,401.6,356.42,13.8047,-0.0567,0.0,C1C2,0,48.53,520.65,0,-1
215,legit_24,398.4,534.68,13.5216,0.3948,180.0,C3C2,0,83.25,482.85,0,-1
215,legit_25,187.08,1001.6,12.7534,-0.4782,270.0,B5A5,0,86.73,680.37,0,-1
215,legit_26,201.6,679.33,12.0968,-0.0572,0.0,B3B4,0,94.64,569.82,0,-1
215,legit_27,1.6,837.59,13.6526,0.9633,0.0,A4A5,0,148.42,738.97,0,-1
215,legit_28,998.4,668.36,13.139,-0.4572,180.0,F4F3,0,85.65,568.59,0,-1
215,legit_29,366.02,201.6,13.4382,1.5709,270.0,C1B1,1,117.1,602.83,0,-1
215,legit_30,1001.6,426.58,12.9707,-0.4033,0.0,F2F3,0,82.31,587.43,0,-1
215,legit_31,401.6,135.16,12.7257,-0.5891,0.0,C0C1,1,50.72,630.94,0,-1
215,legit_32,201.6,234.59,10.835,2.093,0.0,B1B2,1,125.67,654.89,0,-1
215,legit_33,801.6,597.17,13.1204,0.0755,0.0,:E3_9,1,51.68,479.02,0,-1
215,legit_34,198.4,279.72,11.8805,-0.5742,180.0,B2B1,1,93.74,635.93,0,-1
215,legit_35,798.4,361.26,9.7414,2.5513,180.0,E2E1,1,48.42,518.98,0,-1
216,legit_11,808.26,798.4,6.0674,0.0367,76.93,E4F4,0,71.58,509.87,0,-1
216,legit_17,801.6,503.23,12.1239,-0.197,0.0,E2E3,1,109.67,486.86,0,-1
216,legit_20,-1.6,162.76,11.7184,0.0724,180.0,A1A0,0,157.51,820.43,0,-1
216,legit_23,401.6,369.59,13.1794,-0.6253,0.0,C1C2,0,49.34,516.2,0,-1
216,legit_24,398.4,520.93,13.7457,0.2241,180.0,C3C2,0,94.42,484.45,0,-1
216,legit_25,173.58,1001.6,13.5016,0.7482,270.0,B5A5,0,81.87,687.61,0,-1
216,legit_26,201.6,691.58,12.2431,0.1464,0.0,B3B4,0,105.11,571.35,0,-1
216,legit_27,1.6,850.22,12.6341,-1.0185,0.0,A4A5,0,148.75,742.65,0,-1
216,legit_28,998.4,654.78,13.5856,0.4466,180.0,F4F3,0,75.25,567.26,0,-1
216,legit_29,353.52,201.6,12.4984,-0.9398,270.0,C1B1,1,126.36,607.0,0,-1
216,legit_30,1001.6,440.33,13.7484,0.7777,0.0,F2F3,1,93.78,584.53,0,-1
216,legit_31,401.6,148.96,13.7958,1.0701,0.0,C0C1,1,56.4,622.37,0,-1
216,legit_32,201.6,246.92,12.3326,1.4975,0.0,B1B2,1,124.29,649.05,0,-1
216,legit_33,801.6,610.38,13.2082,0.0878,0.0,E3E4,1,52.63,479.12,0,-1
216,legit_34,198.4,267.48,12.2378,0.3573,180.0,B2B1,1,104.41,641.33,0,-1
216,legit_35,798.4,349.69,11.5619,1.8205,180.0,E2E1,0,49.49,523.05,0,-1
216,legit_36,1001.6,412.3,0.0,0.0,0.0,F2F3,1,71.26,590.67,0,-1
217,legit_11,816.49,798.4,8.2358,2.1684,90.0,E4F4,0,78.43,512.57,0,-1
217,legit_17,801.6,515.37,12.1413,0.0174,0.0,E2E3,1,99.12,485.17,0,-1
217,legit_20,-1.6,152.11,10.6469,-1.0714,180.0,A1A0,0,154.96,825.83,0,-1
217,legit_23,401.6,382.86,13.2671,0.0877,0.0,C1C2,1,53.53,512.07,0,-1
217,legit_24,398.4,508.17,12.7581,-0.9876,180.0,C3C2,1,105.33,486.15,0,-1
217,legit_25,160.92,1001.6,12.6528,-0.8487,270.0,B5A5,0,79.16,694.64,0,-1
217,legit_26,201.6,703.0,11.4263,-0.8168,0.0,B3B4,0,115.21,572.92,0,-1
217,legit_27,1.6,863.71,13.4864,0.8524,0.0,A4A5,0,150.28,746.79,0,-1
217,legit_28,998.4,641.13,13.6441,0.0585,180.0,F4F3,0,65.99,566.17,0,-1
217,legit_29,340.79,201.6,12.7273,0.229,270.0,C1B1,1,136.33,611.44,0,-1
217,legit_30,1001.6,453.84,13.5097,-0.2387,0.0,F2F3,1,105.58,581.88,0,-1
217,legit_31,401.6,162.25,13.2947,-0.5011,0.0,C0C1,1,64.25,614.39,0,-1
217,legit_32,201.6,259.73,12.8093,0.4767,0.0,B1B2,1,112.76,643.14,0,-1
217,legit_33,801.6,623.45,13.0688,-0.1393,0.0,E3E4,1,56.68,479.56,0,-1
217,legit_34,198.4,255.38,12.1026,-0.1353,180.0,B2B1,1,115.27,646.81,0,-1
217,legit_35,798.4,338.05,11.6439,0.082,180.0,E2E1,0,53.14,527.42,0,-1
217,legit_36,1001.6,414.51,2.2099,2.2099,0.0,F2F3,1,72.9,590.15,0,-1
218,legit_11,827.11,798.4,10.6207,2.385,90.0,E4F4,0,87.62,516.18,0,-1
218,legit_17,801.6,527.56,12.1972,0.0558,0.0,E2E3,1,88.93,483.65,0,-1
218,legit_20,-1.6,140.91,11.1953,0.5483,180.0,A1A0,0,153.04,831.63,0,-1
218,legit_23,401.6,396.64,13.7796,0.5125,0.0,:C2_9,1,60.71,508.11,0,-1
218,legit_24,398.4,495.53,12.6383,-0.1198,180.0,C3C2,1,116.52,488.02,0,-1
218,legit_25,148.03,1001.6,12.8992,0.2464,270.0,B5A5,0,78.42,702.06,0,-1
218,legit_26,201.6,714.66,11.6558,0.2295,0.0,B3B4,0,125.74,574.67,0,-1
218,legit_27,1.6,876.91,13.203,-0.2835,0.0,A4A5,0,152.92,751.05,0,-1
218,legit_28,998.4,627.47,13.6607,0.0166,180.0,F4F3,0,58.46,565.35,0,-1
218,legit_29,328.17,201.6,12.6274,-0.1,270.0,C1B1,3,146.64,616.01,0,-1
218,legit_30,1001.6,466.71,12.8704,-0.6393,0.0,F2F3,1,117.17,579.54,0,-1
218,legit_31,401.6,175.54,13.285,-0.0096,0.0,C0C1,1,73.67,606.64,0,-1
218,legit_32,201.6,273.56,13.8245,1.0152,0.0,B1B2,2,100.67,636.94,0,-1
218,legit_33,801.6,636.88,13.4286,0.3597,0.0,E3E4,1,63.42,480.32,0,-1
218,legit_34,198.4,243.53,11.8537,-0.2488,180.0,B2B1,2,126.13,652.32,0,-1
218,legit_35,798.4,326.48,11.568,-0.0759,180.0,E2E1,0,58.87,532.01,0,-1
218,legit_36,1001.6,418.45,3.9391,1.7293,0.0,F2F3,1,75.89,589.24,0,-1
219,legit_11,839.78,798.4,12.6703,2.0495,90.0,E4F4,0,98.95,520.66,0,-1
219,legit_17,801.6,540.02,12.4595,0.2624,0.0,E2E3,1,79.12,482.29,0,-1
219,legit_20,-1.6,129.39,11.5253,0.3301,180.0,A1A0,0,151.89,837.74,0,-1
219,legit_23,401.6,409.64,12.9944,-0.7852,0.0,C2C3,1,69.33,504.65,0,-1
219,legit_24,398.4,482.75,12.7859,0.1475,180.0,C3C2,1,128.1,490.1,0,-1
219,legit_25,135.44,1001.6,12.5827,-0.3165,270.0,B5A5,0,79.74,709.55,0,-1
219,legit_26,201.6,726.13,11.4666,-0.1892,0.0,B3B4,0,125.02,576.53,0,-1
219,legit_27,1.6,890.76,13.8477,0.6447,0.0,A4A5,0,156.84,755.74,0,-1
219,legit_28,998.4,614.48,12.991,-0.6697,180.0,F4F3,1,53.59,564.84,0,-1
219,legit_29,315.61,201.6,12.5576,-0.0697,270.0,C1B1,3,157.22,620.73,0,-1
219,legit_30,1001.6,480.48,13.7701,0.8997,0.0,F2F3,2,128.95,577.23,0,-1
219,legit_31,401.6,189.32,13.7794,0.4943,0.0,C0C1,1,84.54,598.82,0,-1
219,legit_32,201.6,286.32,12.7591,-1.0654,0.0,B1B2,2,89.95,631.39,0,-1
219,legit_33,801.6,650.25,13.3733,-0.0553,0.0,E3E4,1,72.02,481.37,0,-1
219,legit_34,198.4,231.78,11.7431,-0.1107,180.0,B2B1,2,121.81,657.91,0,-1
219,legit_35,798.4,315.04,11.4382,-0.1298,180.0,E2E1,0,66.06,536.74,0,-1
219,legit_36,1001.6,424.79,6.3383,2.3991,0.0,F2F3,1,80.87,587.82,0,-1
220,legit_11,852.49,798.4,12.7106,0.0404,90.0,E4F4,1,110.61,525.34,0,-1
220,legit_17,801.6,551.97,11.948,-0.5115,0.0,E2E3,1,70.49,481.17,0,-1
220,legit_20,-1.6,117.53,11.8552,0.3299,180.0,A1A0,0,151.62,844.17,0,-1
220,legit_23,401.6,422.94,13.3035,0.3091,0.0,C2C3,1,79.4,501.35,0,-1
220,legit_24,398.4,469.72,13.0285,0.2426,180.0,C3C2,1,121.25,492.41,0,-1
220,legit_25,121.66,1001.6,13.7843,1.2015,270.0,B5A5,0,83.37,718.03,0,-1
220,legit_26,201.6,737.42,11.2886,-0.178,0.0,B3B4,0,114.83,578.5,0,-1
220,legit_27,1.6,903.65,12.8976,-0.95,0.0,A4A5,0,161.48,760.3,0,-1
220,legit_28,998.4,600.6,13.8816,0.8906,180.0,:F3_1,1,51.6,564.64,0,-1
220,legit_29,303.23,201.6,12.3789,-0.1787,270.0,C1B1,2,167.93,625.55,0,-1
220,legit_30,1001.6,494.21,13.7322,-0.0378,0.0,F2F3,2,116.34,575.11,0,-1
220,legit_32,201.6,299.03,12.7171,-0.042,0.0,B1B2,2,79.87,626.03,0,-1
220,legit_33,801.6,662.76,12.5103,-0.8631,0.0,E3E4,2,81.25,482.57,0,-1
220,legit_34,198.4,219.62,12.1621,0.419,180.0,B2B1,2,110.76,663.83,0,-1
220,legit_35,798.4,302.91,12.1303,0.6921,180.0,E2E1,0,74.84,541.96,0,-1
220,legit_36,1001.6,432.68,7.8917,1.5534,0.0,F2F3,1,87.32,586.12,0,-1
221,legit_11,865.65,798.4,13.1564,0.4458,90.0,E4F4,1,122.9,530.38,0,-1
221,legit_17,801.6,563.19,11.2196,-0.7284,0.0,E2E3,1,63.38,480.32,0,-1
221,legit_20,-1.6,106.78,10.7521,-1.1031,180.0,A1A0,0,152.18,850.12,0,-1
221,legit_23,401.6,436.1,13.1572,-0.1463,0.0,C2C3,1,90.18,498.3,0,-1
221,legit_24,398.4,456.15,13.567,0.5386,180.0,C3C2,1,109.12,495.02,0,-1
221,legit_25,108.87,1001.6,12.7888,-0.9954,270.0,B5A5,1,88.53,726.13,0,-1
221,legit_26,201.6,749.32,11.908,0.6194,0.0,B3B4,0,104.33,580.72,0,-1
221,legit_27,1.6,916.32,12.6633,-0.2344,0.0,A4A5,1,166.87,764.96,0,-1
221,legit_28,998.4,588.0,12.5986,-1.283,180.0,F3F2,2,52.98,564.78,0,-1
221,legit_29,290.06,201.6,13.1671,0.7881,270.0,C1B1,2,162.1,630.84,0,-1
221,legit_30,1001.6,506.9,12.6961,-1.0361,0.0,F2F3,2,104.93,573.33,0,-1
221,legit_32,201.6,312.19,13.1521,0.435,0.0,B1B2,2,70.35,620.69,0,-1
221,legit_33,801.6,676.46,13.7043,1.194,0.0,E3E4,2,92.25,484.13,0,-1
221,legit_34,198.4,210.93,8.6911,-3.471,180.0,B2B1,2,103.01,668.15,0,-1
221,legit_35,798.4,290.87,12.0408,-0.0895,180.0,E2E1,0,84.39,547.33,0,-1
221,legit_36,1001.6,441.99,9.3064,1.4147,0.0,F2F3,2,95.21,584.19,0,-1
222,legit_11,878.13,798.4,12.4762,-0.6802,90.0,E4F4,1,134.71,535.33,0,-1
222,legit_17,801.6,574.54,11.3471,0.1275,0.0,E2E3,1,57.54,479.65,0,-1
222,legit_20,-1.6,95.46,11.3219,0.5698,180.0,A1A0,0,153.57,856.51,0,-1
222,legit_23,401.6,449.94,13.8453,0.6881,0.0,C2C3,1,102.14,495.32,0,-1
222,legit_24,398.4,442.62,13.5318,-0.0352,180.0,C3C2,1,97.41,497.84,0,-1
222,legit_25,95.21,1001.6,13.6635,0.8747,270.0,B5A5,1,95.65,735.02,0,-1
222,legit_26,201.6,760.77,11.4425,-0.4655,0.0,B3B4,0,94.55,582.99,0,-1
222,legit_27,1.6,929.23,12.9081,0.2448,0.0,A4A5,1,173.16,769.9,0,-1
222,legit_28,998.4,574.14,13.8634,1.2648,180.0,F3F2,2,57.72,565.27,0,-1
222,legit_29,276.78,201.6,13.2834,0.1163,270.0,C1B1,2,150.77,636.37,0,-1
222,legit_30,1001.6,520.01,13.1076,0.4115,0.0,F2F3,2,93.49,571.67,0,-1
222,legit_32,201.6,325.79,13.5995,0.4474,0.0,B1B2,2,61.91,615.39,0,-1
222,legit_33,801.6,689.18,12.7197,-0.9846,0.0,E3E4,2,103.04,485.78,0,-1
222,legit_34,198.63,205.59,5.3608,-3.3303,177.35,:B1_2,2,98.44,670.72,0,-1
222,legit_35,798.4,278.7,12.1693,0.1284,180.0,E2E1,0,94.61,552.92,0,-1
222,legit_36,1001.6,453.1,11.1119,1.8055,0.0,F2F3,2,104.93,582.02,0,-1
222,legit_37,998.4,187.7,0.0,0.0,180.0,F1F0,0,85.12,678.43,0,-1
223,legit_11,890.69,798.4,12.5616,0.0854,90.0,E4F4,1,146.71,540.48,0,-1
223,legit_17,801.6,586.82,12.2851,0.938,0.0,E2E3,1,53.26,479.19,0,-1
223,legit_20,-1.6,84.46,10.9966,-0.3253,180.0,A1A0,0,155.71,862.84,0,-1
223,legit_23,401.6,463.49,13.548,-0.2973,0.0,C2C3,1,114.25,492.61,0,-1
223,legit_24,398.4,429.82,12.803,-0.7288,180.0,C3C2,1,86.82,500.7,0,-1
223,legit_25,81.62,1001.6,13.5824,-0.0811,270.0,B5A5,1,104.03,744.08,0,-1
223,legit_26,201.6,772.6,11.8358,0.3934,0.0,B3B4,0,84.88,585.5,0,-1
223,legit_27,1.6,943.05,13.8239,0.9158,0.0,A4A5,1,180.67,775.39,0,-1
223,legit_28,998.4,561.01,13.132,-0.7314,180.0,F3F2,2,64.68,566.02,0,-1
223,legit_29,263.58,201.6,13.197,-0.0864,270.0,C1B1,1,139.86,642.04,0,-1
223,legit_30,1001.6,533.39,13.3752,0.2676,0.0,F2F3,2,82.34,570.18,0,-1
223,legit_32,201.6,338.62,12.837,-0.7625,0.0,B1B2,1,55.85,610.65,0,-1
223,legit_33,801.6,702.57,13.387,0.6673,0.0,E3E4,2,114.82,487.72,0,-1
223,legit_34,201.62,199.99,6.6593,1.2985,145.18,:B1_16,2,95.2,672.04,0,-1
223,legit_35,798.4,267.14,11.5654,-0.6039,180.0,E2E1,0,104.72,558.4,0,-1
223,legit_36,1001.6,464.77,11.6761,0.5642,0.0,F2F3,2,115.41,579.88,0,-1
223,legit_37,998.4,186.13,1.5724,1.5724,180.0,F1F0,0,83.88,679.25,0,-1
224,legit_11,903.25,798.4,12.5663,0.0047,90.0,E4F4,1,152.53,545.8,0,-1
224,legit_17,801.6,598.21,11.3813,-0.9038,0.0,:E3_9,1,51.63,479.02,0,-1
224,legit_20,-1.6,73.29,11.1745,0.1779,180.0,A1A0,0,158.63,869.39,0,-1
224,legit_23,401.6,476.57,13.0759,-0.472,0.0,C2C3,1,126.21,490.2,0,-1
224,legit_24,398.4,416.32,13.4926,0.6896,180.0,C3C2,1,76.39,503.94,0,-1
224,legit_25,68.03,1001.6,13.5957,0.0132,270.0,B5A5,1,113.43,753.33,0,-1
224,legit_26,201.6,784.0,11.3986,-0.4372,0.0,B3B4,0,76.15,588.07,0,-1
224,legit_27,1.6,956.16,13.1123,-0.7116,0.0,A4A5,1,188.46,780.78,0,-1
224,legit_28,998.4,547.87,13.1354,0.0034,180.0,F3F2,2,73.35,567.03,0,-1
224,legit_29,251.41,201.6,12.1683,-1.0287,270.0,C1B1,1,130.17,647.43,0,-1
224,legit_30,1001.6,546.84,13.4536,0.0784,0.0,F2F3,2,71.89,568.89,0,-1
224,legit_32,201.6,352.16,13.5326,0.6956,0.0,B1B2,0,52.19,605.94,0,-1
224,legit_33,801.6,716.26,13.6848,0.2978,0.0,E3E4,2,127.19,489.93,0,-1
224,legit_34,207.71,198.4,6.4205,-0.2388,99.99,B1C1,1,97.35,669.8,0,-1
224,legit_35,798.4,255.49,11.6533,0.0879,180.0,E2E1,0,115.18,564.05,0,-1
224,legit_36,1001.6,477.31,12.5392,0.8631,0.0,F2F3,2,126.9,577.74,0,-1
224,legit_37,998.4,182.37,3.7531,2.1807,180.0,F1F0,0,80.95,681.24,0,-1
225,legit_11,915.85,798.4,12.5958,0.0295,90.0,E4F4,1,140.45,551.3,0,-1
225,legit_17,801.6,609.49,11.2801,-0.1012,0.0,E3E4,1,52.46,479.1,0,-1
225,legit_20,-1.6,62.08,11.2047,0.0302,180.0,A1A0,0,162.29,876.07,0,-1
225,legit_23,401.6,489.35,12.7877,-0.2882,0.0,C2C3,1,120.77,488.03,0,-1
225,legit_24,398.4,402.64,13.6809,0.1883,180.0,:C2_1,1,66.94,507.48,0,-1
225,legit_25,55.28,1001.6,12.744,-0.8516,270.0,B5A5,1,122.95,762.17,0,-1
225,legit_26,201.6,791.53,7.533,-3.8656,0.0,B3B4,0,70.79,589.85,0,-1
225,legit_27,1.6,969.3,13.1387,0.0264,0.0,A4A5,1,185.14,786.36,0,-1
225,legit_28,998.4,534.05,13.8255,0.6901,180.0,F3F2,2,83.74,568.34,0,-1
225,legit_29,238.44,201.6,12.973,0.8047,270.0,C1B1,1,120.33,653.35,0,-1
225,legit_30,1001.6,560.6,13.7602,0.3066,0.0,F2F3,2,62.41,567.8,0,-1
225,legit_32,201.6,366.03,13.8773,0.3447,0.0,B1B2,0,51.95,601.46,0,-1
225,legit_33,801.6,729.29,13.0359,-0.6489,0.0,E3E4,2,122.14,492.22,0,-1
225,legit_34,215.94,198.4,8.2293,1.8088,90.0,B1C1,1,102.44,665.73,0,-1
225,legit_35,798.4,243.78,11.7101,0.0568,180.0,E2E1,0,125.9,569.88,0,-1
225,legit_36,1001.6,488.75,11.4415,-1.0976,0.0,F2F3,2,121.32,575.93,0,-1
225,legit_37,998.4,177.16,5.2188,1.4657,180.0,F1F0,0,77.0,684.02,0,-1
226,legit_11,928.74,798.4,12.893,0.2972,90.0,E4F4,1,128.19,557.1,0,-1
226,legit_17,801.6,621.88,12.394,1.1139,0.0,E3E4,1,56.05,479.49,0,-1
226,legit_20,-1.6,50.52,11.5663,0.3616,180.0,A1A0,0,166.76,883.09,0,-1
226,legit_23,401.6,502.43,13.0801,0.2924,0.0,C2C3,1,108.91,486.0,0,-1
226,legit_24,398.4,389.37,13.2765,-0.4044,180.0,C2C1,1,59.37,511.17,0,-1
226,legit_25,42.41,1001.6,12.8766,0.1325,270.0,B5A5,1,133.13,771.25,0,-1
226,legit_26,202.48,796.13,4.7637,-2.7693,10.28,:B4_8,0,68.4,590.51,0,-1
226,legit_27,1.6,982.43,13.1265,-0.0121,0.0,A4A5,1,177.6,792.12,0,-1
226,legit_28,998.4,520.8,13.2465,-0.579,180.0,F3F2,2,94.53,569.8,0,-1
226,legit_29,225.2,201.6,13.2405,0.2674,270.0,C1B1,1,110.97,659.59,0,-1
226,legit_30,1001.6,573.98,13.3842,-0.376,0.0,F2F3,2,54.95,567.01,0,-1
226,legit_32,201.6,379.11,13.0739,-0.8034,0.0,B1B2,0,55.02,597.57,0,-1
226,legit_33,801.6,742.44,13.1469,0.111,0.0,E3E4,2,110.37,494.74,0,-1
226,legit_34,226.05,198.4,10.1134,1.8841,90.0,B1C1,1,109.23,660.85,0,-1
226,legit_35,798.4,231.71,12.0664,0.3563,180.0,E2E1,0,121.74,576.03,0,-1
226,legit_36,1001.6,501.21,12.452,1.0105,0.0,F2F3,2,110.01,574.11,0,-1
226,legit_37,998.4,170.58,6.5736,1.3548,180.0,F1F0,0,72.26,687.57,0,-1
227,legit_11,941.93,798.4,13.1849,0.2918,90.0,E4F4,1,115.8,563.22,0,-1
227,legit_17,801.6,633.37,11.49,-0.904,0.0,E3E4,1,61.45,480.09,0,-1
227,legit_20,-1.6,38.82,11.6954,0.1292,180.0,A1A0,0,171.97,890.3,0,-1
227,legit_23,401.6,515.17,12.7389,-0.3412,0.0,C2C3,1,97.66,484.21,0,-1
227,legit_24,398.4,375.93,13.4327,0.1562,180.0,C2C1,1,54.0,515.21,0,-1
227,legit_25,28.73,1001.6,13.6812,0.8046,270.0,B5A5,1,144.41,781.04,0,-1
227,legit_26,206.68,798.33,5.0034,0.2397,62.39,:B4_8,0,70.35,588.83,0,-1
227,legit_27,1.6,991.78,9.3581,-3.7685,0.0,A4A5,1,172.64,796.33,0,-1
227,legit_28,998.4,507.68,13.1226,-0.1239,180.0,F3F2,2,105.76,571.44,0,-1
227,legit_29,215.01,201.6,10.195,-3.0455,270.0,C1B1,1,104.33,664.53,0,-1
227,legit_30,1001.6,587.83,13.8423,0.4582,0.0,F2F3,2,49.91,566.51,0,-1
227,legit_32,201.6,392.37,13.2651,0.1912,0.0,B1B2,0,60.91,593.92,0,-1
227,legit_33,801.6,755.52,13.0817,-0.0652,0.0,E3E4,2,98.99,497.44,0,-1
227,legit_34,238.65,198.4,12.599,2.4856,90.0,B1C1,1,118.35,654.93,0,-1
227,legit_35,798.4,220.16,11.5475,-0.5189,180.0,E2E1,0,111.24,582.05,0,-1
227,legit_36,1001.6,513.58,12.3737,-0.0783,0.0,F2F3,2,99.05,572.46,0,-1
227,legit_37,998.4,161.92,8.6609,2.0873,180.0,F1F0,0,66.48,692.32,0,-1
228,legit_11,954.36,798.4,12.4307,-0.7542,90.0,E4F4,0,104.3,569.15,0,-1
228,legit_17,801.6,645.6,12.2325,0.7425,0.0,E3E4,1,68.86,480.97,0,-1
228,legit_20,-1.6,27.3,11.519,-0.1764,180.0,A1A0,0,177.69,897.51,0,-1
228,legit_23,401.6,529.06,13.8842,1.1452,0.0,C2C3,1,85.88,482.49,0,-1
228,legit_24,398.4,362.66,13.2719,-0.1609,180.0,C2C1,0,51.67,519.52,0,-1
228,legit_25,16.09,1001.6,12.6334,-1.0478,270.0,B5A5,1,155.17,790.2,0,-1
228,legit_26,212.0,798.4,5.3332,0.3298,89.68,B4C4,0,74.67,586.05,0,-1
228,legit_27,1.6,996.64,4.8581,-4.5,0.0,A4A5,1,170.21,798.55,0,-1
228,legit_28,998.4,494.49,13.1862,0.0637,180.0,F3F2,2,117.45,573.28,0,-1
228,legit_29,209.31,201.6,5.695,-4.5,270.0,C1B1,1,100.88,667.35,0,-1
228,legit_30,1001.6,600.76,12.9339,-0.9084,0.0,:F3_3,2,48.41,566.36,0,-1
228,legit_32,201.6,406.09,13.7162,0.4511,0.0,:B2_9,0,69.19,590.43,0,-1
228,legit_33,801.6,768.13,12.6151,-0.4666,0.0,E3E4,1,88.47,500.23,0,-1
228,legit_34,251.53,198.4,12.8783,0.2793,90.0,B1C1,1,128.28,649.07,0,-1
228,legit_35,798.4,210.31,9.8536,-1.6938,180.0,E2E1,0,102.46,587.3,0,-1
228,legit_36,1001.6,525.41,11.8287,-0.545,0.0,F2F3,2,88.92,571.05,0,-1
228,legit_37,998.4,151.56,10.3627,1.7018,180.0,F1F0,0,60.49,698.13,0,-1
228,legit_38,387.7,601.6,0.0,0.0,270.0,C3B3,1,62.32,482.61,0,-1
229,legit_11,966.56,798.4,12.2031,-0.2276,90.0,E4F4,0,93.23,575.14,0,-1
229,legit_17,801.6,657.78,12.1814,-0.0511,0.0,E3E4,1,77.47,482.07,0,-1
229,legit_20,-1.6,16.3,11.0003,-0.5187,180.0,A1A0,0,183.67,904.49,0,-1
229,legit_23,401.6,542.33,13.2737,-0.6104,0.0,C2C3,1,75.29,481.06,0,-1
229,legit_24,398.4,349.49,13.1726,-0.0993,180.0,C2C1,0,52.66,524.14,0,-1
229,legit_25,5.73,1001.6,10.358,-2.2754,270.0,B5A5,1,164.19,797.8,0,-1
229,legit_26,219.48,798.4,7.4795,2.1463,90.0,B4C4,0,80.98,582.18,0,-1
229,legit_27,3.89,998.4,3.4304,-1.4277,34.58,A5B5,1,167.35,797.67,0,-1
229,legit_28,998.4,481.31,13.1778,-0.0085,180.0,F3F2,2,129.42,575.31,0,-1
229,legit_29,203.71,202.58,5.8009,0.1059,281.49,:B1_4,1,98.5,669.66,0,-1
229,legit_30,1001.6,614.04,13.2765,0.3426,0.0,F3F4,2,50.39,566.55,0,-1
229,legit_32,201.6,419.46,13.3744,-0.3418,0.0,B2B3,0,78.73,587.27,0,-1
229,legit_33,801.6,781.63,13.4911,0.876,0.0,E3E4,1,77.91,503.44,0,-1
229,legit_34,263.85,198.4,12.3182,-0.56,90.0,B1C1,1,138.23,643.63,0,-1
229,legit_35,798.72,204.98,5.3536,-4.5,176.35,:E1_2,0,97.95,590.27,0,-1
229,legit_36,1001.6,536.9,11.4952,-0.3336,0.0,F2F3,2,79.52,569.82,0,-1
229,legit_37,998.4,139.36,12.1941,1.8314,180.0,F1F0,0,55.11,705.15,0,-1
229,legit_38,386.03,601.6,1.6685,1.6685,270.0,C3B3,1,63.99,483.18,0,-1
230,legit_11,979.79,798.4,13.2281,1.025,90.0,E4F4,0,81.61,581.81,0,-1
230,legit_17,801.6,669.49,11.7088,-0.4726,0.0,E3E4,1,86.55,483.31,0,-1
230,legit_20,-1.6,6.67,9.6287,-1.3716,180.0,A1A0,0,189.28,910.68,0,-1
230,legit_23,401.6,554.98,12.6547,-0.619,0.0,C2C3,1,66.1,479.91,0,-1
230,legit_24,398.4,335.76,13.7317,0.5592,180.0,C2C1,0,57.01,529.31,0,-1
230,legit_25,0.07,1000.68,5.858,-4.5,259.18,:A5_0,1,169.62,801.56,0,-1
230,legit_26,228.54,798.4,9.0592,1.5797,90.0,B4C4,0,88.88,577.58,0,-1
230,legit_27,8.72,998.4,4.8241,1.3937,90.0,A5B5,1,163.15,794.11,0,-1
230,legit_28,998.4,467.97,13.3438,0.166,180.0,F3F2,1,119.67,577.54,0,-1
230,legit_29,201.6,207.5,5.6402,-0.1607,341.27,B1B2,1,101.58,668.23,0,-1
230,legit_30,1001.6,626.88,12.8389,-0.4376,0.0,F3F4,1,55.36,567.05,0,-1
230,legit_32,201.6,432.53,13.0623,-0.3121,0.0,B2B3,0,89.01,584.39,0,-1
230,legit_33,801.6,794.93,13.3064,-0.1848,0.0,:E4_9,1,68.51,506.83,0,-1
230,legit_34,275.67,198.4,11.8216,-0.4967,90.0,B1C1,1,148.12,638.55,0,-1
230,legit_35,801.47,200.08,5.8758,0.5221,146.9,:E1_16,0,95.19,593.73,0,-1
230,legit_36,1001.6,549.16,12.2535,0.7584,0.0,F2F3,2,70.2,568.69,0,-1
230,legit_37,998.4,127.04,12.3265,0.1324,180.0,F1F0,0,52.08,712.49,0,-1
230,legit_38,382.0,601.6,4.0332,2.3647,270.0,C3B3,1,68.02,484.58,0,-1
231,legit_11,991.79,798.4,11.9957,-1.2324,90.0,E4F4,0,71.55,588.04,0,-1
231,legit_17,801.6,680.78,11.2858,-0.423,0.0,E3E4,1,95.85,484.67,0,-1
231,legit_20,-1.37,1.56,5.1287,-4.5,177.31,:A0_0,0,192.2,913.84,0,-1
231,legit_23,401.6,568.47,13.4883,0.8336,0.0,C2C3,1,57.76,478.95,0,-1
231,legit_24,398.4,323.09,12.6706,-1.0611,180.0,C2C1,0,63.44,534.37,0,-1
231,legit_25,-1.6,995.95,5.2627,-0.5954,197.45,A5A4,1,173.34,800.61,0,-1
231,legit_26,238.93,798.4,10.3908,1.3316,90.0,B4C4,0,98.18,572.42,0,-1
231,legit_27,15.29,998.4,6.5684,1.7443,90.0,A5B5,1,157.5,789.29,0,-1
231,legit_28,998.4,454.81,13.1535,-0.1903,180.0,F3F2,1,107.95,579.93,0,-1
231,legit_29,201.6,214.99,7.4894,1.8492,0.0,B1B2,1,108.1,664.47,0,-1
231,legit_30,1001.6,640.23,13.3549,0.516,0.0,F3F4,1,62.94,567.86,0,-1
231,legit_32,201.6,446.24,13.7106,0.6483,0.0,B2B3,0,100.49,581.58,0,-1
231,legit_33,801.6,808.27,13.3335,0.0271,0.0,E4E5,1,60.58,510.49,0,-1
231,legit_34,287.95,198.4,12.2832,0.4617,90.0,B1C1,1,158.67,633.43,0,-1
231,legit_35,808.15,198.4,7.0248,1.149,97.32,E1F1,0,97.61,596.57,0,-1
231,legit_36,1001.6,560.78,11.6262,-0.6274,0.0,F2F3,2,62.29,567.79,0,-1
231,legit_37,998.4,115.16,11.8729,-0.4536,180.0,F1F0,0,51.83,719.8,0,-1
231,legit_38,376.0,601.6,6.0025,1.9693,270.0,C3B3,1,74.02,486.69,0,-1
232,legit_17,801.6,692.13,11.353,0.0672,0.0,E3E4,1,105.6,486.19,0,-1
232,legit_20,1.96,-1.42,4.8355,-0.2933,133.18,:A0_0,0,191.46,913.6,0,-1
232,legit_23,401.6,581.88,13.4109,-0.0773,0.0,C2C3,1,51.68,478.3,0,-1
232,legit_24,398.4,309.88,13.2121,0.5415,180.0,C2C1,1,71.94,539.91,0,-1
232,legit_25,-1.6,988.41,7.5489,2.2862,180.0,A5A4,1,177.12,797.18,0,-1
232,legit_26,251.0,798.4,12.0708,1.6799,90.0,B4C4,0,109.24,566.57,0,-1
232,legit_27,23.38,998.4,8.0912,1.5228,90.0,A5B5,1,150.64,783.4,0,-1
232,legit_28,998.4,442.08,12.7314,-0.4221,180.0,F3F2,1,96.95,582.41,0,-1
232,legit_29,201.6,224.15,9.1592,1.6698,0.0,B1B2,1,116.23,659.95,0,-1
232,legit_30,1001.6,653.33,13.1003,-0.2546,0.0,F3F4,1,72.02,568.9,0,-1
232,legit_32,201.6,458.84,12.6034,-1.1072,0.0,B2B3,0,111.5,579.18,0,-1
232,legit_33,801.6,821.13,12.8672,-0.4663,0.0,E4E5,1,54.94,514.3,0,-1
232,legit_34,300.72,198.4,12.7642,0.481,90.0,B1C1,2,168.62,628.28,0,-1
232,legit_35,817.27,198.4,9.1266,2.1019,90.0,E1F1,0,103.31,599.31,0,-1
232,legit_36,1001.6,573.03,12.2417,0.6155,0.0,F2F3,2,55.41,567.06,0,-1
232,legit_37,998.4,102.5,12.6678,0.7949,180.0,F1F0,0,54.49,727.86,0,-1
232,legit_38,367.78,601.6,8.212,2.2095,270.0,C3B3,1,82.23,489.64,0,-1
233,legit_17,801.6,704.37,12.24,0.887,0.0,E3E4,1,116.43,488.0,0,-1
233,legit_20,6.44,-1.6,4.4872,-0.3483,92.86,A0B0,0,188.14,910.8,0,-1
233,legit_23,401.6,595.29,13.4073,-0.0036,0.0,:C3_9,1,48.63,477.99,0,-1
233,legit_24,398.4,296.57,13.3056,0.0935,180.0,C2C1,1,81.77,545.72,0,-1
233,legit_25,-1.6,978.67,9.7363,2.1874,180.0,A5A4,1,182.35,792.84,0,-1
233,legit_26,262.79,798.4,11.7863,-0.2845,90.0,B4C4,0,120.22,561.01,0,-1
233,legit_27,33.99,998.4,10.6125,2.5213,90.0,A5B5,1,141.83,775.74,0,-1
233,legit_28,998.4,429.3,12.7798,0.0483,180.0,F3F2,0,86.4,585.08,0,-1
233,legit_29,201.6,234.64,10.4938,1.3345,0.0,B1B2,1,125.72,654.87,0,-1
233,legit_30,1001.6,666.44,13.1093,0.009,0.0,F3F4,1,82.2,570.16,0,-1
233,legit_32,201.6,471.82,12.9773,0.3739,0.0,B2B3,0,123.15,576.88,0,-1
233,legit_33,801.6,834.43,13.2978,0.4306,0.0,E4E5,1,51.9,518.55,0,-1
233,legit_34,313.57,198.4,12.8499,0.0856,90.0,B1C1,2,157.35,623.26,0,-1
233,legit_35,828.24,198.4,10.9658,1.8392,90.0,E1F1,0,110.76,602.73,0,-1
233,legit_36,1001.6,584.86,11.834,-0.4077,0.0,F2F3,1,50.71,566.59,0,-1
233,legit_37,998.4,89.88,12.619,-0.0488,180.0,F1F0,0,59.75,736.13,0,-1
233,legit_38,357.88,601.6,9.9065,1.6946,270.0,C3B3,1,92.14,493.29,0,-1
234,legit_17,801.6,716.5,12.126,-0.114,0.0,E3E4,1,127.41,489.97,0,-1
234,legit_20,12.9,-1.6,6.4615,1.9743,90.0,A0B0,0,183.26,906.61,0,-1
234,legit_23,401.6,608.29,12.9961,-0.4112,0.0,C3C4,1,49.1,478.03,0,-1
234,legit_24,398.4,283.42,13.1541,-0.1515,180.0,C2C1,1,92.35,551.67,0,-1
234,legit_25,-1.6,967.18,11.4908,1.7545,180.0,A5A4,1,188.97,787.85,0,-1
234,legit_26,275.1,798.4,12.3073,0.521,90.0,B4C4,0,131.83,555.36,0,-1
234,legit_27,46.71,998.4,12.7182,2.1058,90.0,A5B5,1,131.64,766.68,0,-1
234,legit_28,998.4,416.87,12.4344,-0.3453,180.0,F3F2,0,76.79,587.87,0,-1
234,legit_29,201.6,246.79,12.1473,1.6536,0.0,B1B2,1,124.41,649.12,0,-1
234,legit_30,1001.6,679.85,13.4061,0.2968,0.0,F3F4,1,93.37,571.66,0,-1
234,legit_32,201.6,484.65,12.8293,-0.1479,0.0,B2B3,0,126.37,574.78,0,-1
234,legit_33,801.6,847.86,13.428,0.1302,0.0,E4E5,1,52.2,523.18,0,-1
234,legit_34,326.39,198.4,12.8275,-0.0223,90.0,B1C1,2,146.37,618.41,0,-1
234,legit_35,840.27,198.4,12.0266,1.0608,90.0,E1F1,0,119.56,606.66,0,-1
234,legit_36,1001.6,592.75,7.8888,-3.9452,0.0,F2F3,1,48.94,566.41,0,-1
234,legit_37,998.4,77.84,12.0411,-0.578,180.0,F1F0,0,66.64,744.22,0,-1
234,legit_38,345.93,601.6,11.9458,2.0392,270.0,C3B3,1,104.08,497.85,0,-1
234,legit_39,587.7,401.6,0.0,0.0,270.0,D2C2,0,143.85,479.93,0,-1
235,legit_17,801.6,728.14,11.6454,-0.4806,0.0,E3E4,1,123.19,492.01,0,-1
235,legit_20,20.98,-1.6,8.0789,1.6174,90.0,A0B0,0,177.29,901.42,0,-1
235,legit_23,401.6,621.9,13.6129,0.6168,0.0,C3C4,1,53.12,478.45,0,-1
235,legit_24,398.4,269.9,13.5115,0.3573,180.0,C2C1,1,103.83,558.0,0,-1
235,legit_25,-1.6,953.54,13.6395,2.1487,180.0,A5A4,1,189.4,782.1,0,-1
235,legit_26,287.12,798.4,12.0231,-0.2841,90.0,B4C4,0,143.29,549.99,0,-1
235,legit_27,60.04,998.4,13.3359,0.6177,90.0,A5B5,1,121.45,757.32,0,-1
235,legit_28,998.4,407.98,8.8898,-3.5446,180.0,F3F2,0,70.46,589.97,0,-1
235,legit_29,201.6,260.05,13.2643,1.117,0.0,B1B2,0,112.48,642.99,0,-1
235,legit_30,1001.6,693.19,13.3472,-0.0589,0.0,F3F4,1,105.01,573.34,0,-1
235,legit_32,201.6,497.68,13.0332,0.2039,0.0,B2B3,0,114.6,572.82,0,-1
235,legit_33,801.6,861.22,13.3606,-0.0674,0.0,E4E5,1,55.79,528.15,0,-1
235,legit_34,338.47,198.4,12.0707,-0.7568,90.0,B1C1,1,136.33,614.02,0,-1
235,legit_35,852.49,198.4,12.2281,0.2015,90.0,E1F1,0,129.04,610.83,0,-1
235,legit_36,999.45,599.31,7.0503,-0.8385,337.66,:F3_10,1,50.55,565.21,0,-1
235,legit_37,998.4,66.31,11.5225,-0.5186,180.0,F1F0,0,74.46,752.12,0,-1
235,legit_38,333.22,601.6,12.7083,0.7626,270.0,C3B3,1,116.79,502.86,0,-1
235,legit_39,585.75,401.6,1.948,1.948,270.0,D2C2,0,141.98,479.96,0,-1
236,legit_17,801.6,740.54,12.4015,0.7561,0.0,E3E4,1,112.04,494.36,0,-1
236,legit_20,30.48,-1.6,9.503,1.4241,90.0,A0B0,0,170.5,895.36,0,-1
236,legit_23,401.6,635.65,13.7499,0.137,0.0,C3C4,1,60.11,479.22,0,-1
236,legit_24,398.4,256.78,13.1252,-0.3863,180.0,C2C1,1,115.4,564.33,0,-1
236,legit_25,-1.6,940.03,13.5102,-0.1292,180.0,A5A4,1,181.63,776.6,0,-1
236,legit_26,298.67,798.4,11.5447,-0.4784,90.0,B4C4,0,154.38,544.98,0,-1
236,legit_27,73.54,998.4,13.4959,0.16,90.0,A5B5,1,111.82,748.02,0,-1
236,legit_28,996.1,402.46,6.3464,-2.5434,208.0,:F2_0,0,68.62,590.1,0,-1
236,legit_29,201.6,273.35,13.2984,0.0341,0.0,B1B2,0,100.85,637.03,0,-1
236,legit_30,1001.6,706.51,13.3153,-0.0319,0.0,F3F4,1,116.99,575.22,0,-1
236,legit_32,201.6,511.52,13.8363,0.803,0.0,B2B3,1,102.43,570.94,0,-1
236,legit_33,801.6,874.55,13.3278,-0.0328,0.0,E4E5,1,62.1,533.41,0,-1
236,legit_34,350.69,198.4,12.2231,0.1524,90.0,B1C1,1,126.53,609.73,0,-1
236,legit_35,863.83,198.4,11.3371,-0.8911,90.0,E1F1,0,138.22,614.84,0,-1
236,legit_36,992.88,601.59,7.1243,0.074,283.5,:F3_10,1,57.15,561.7,0,-1
236,legit_37,998.4,54.19,12.1285,0.606,180.0,F1F0,0,83.63,760.57,0,-1
236,legit_38,320.46,601.6,12.7669,0.0585,270.0,C3B3,2,129.55,508.07,0,-1
236,legit_39,582.23,401.6,3.5209,1.5729,270.0,D2C2,0,138.62,480.02,0,-1
237,legit_17,801.6,752.02,11.4723,-0.9292,0.0,E3E4,1,102.0,496.69,0,-1
237,legit_20,41.28,-1.6,10.7972,1.2943,90.0,A0B0,0,163.12,888.57,0,-1
237,legit_23,401.6,649.22,13.5651,-0.1848,0.0,C3C4,1,69.03,480.27,0,-1
237,legit_24,398.4,243.77,13.0128,-0.1124,180.0,C2C1,1,127.17,570.79,0,-1
237,legit_25,-1.6,927.02,13.0133,-0.4969,180.0,A5A4,1,174.8,771.48,0,-1
237,legit_26,310.25,798.4,11.5865,0.0418,90.0,B4C4,0,145.81,540.09,0,-1
237,legit_27,86.83,998.4,13.2927,-0.2032,90.0,A5B5,1,103.19,739.03,0,-1
237,legit_28,990.19,401.6,6.0746,-0.2718,266.12,F2E2,0,72.86,587.2,0,-1
237,legit_29,201.6,286.56,13.2047,-0.0937,0.0,B1B2,0,89.76,631.29,0,-1
237,legit_30,1001.6,719.51,13.0025,-0.3129,0.0,F3F4,1,128.94,577.22,0,-1
237,legit_32,201.6,525.1,13.5887,-0.2476,0.0,B2B3,1,90.95,569.3,0,-1
237,legit_33,801.6,887.18,12.6278,-0.6999,0.0,E4E5,1,69.91,538.65,0,-1
237,legit_34,362.71,198.4,12.0169,-0.2062,90.0,B1C1,1,117.33,605.67,0,-1
237,legit_35,875.09,198.4,11.2582,-0.0789,90.0,E1F1,0,147.63,618.97,0,-1
237,legit_36,985.7,601.6,7.182,0.0576,270.0,F3E3,1,64.32,557.91,0,-1
237,legit_37,998.4,42.33,11.8567,-0.2718,180.0,F1F0,0,93.25,768.97,0,-1
237,legit_38,307.1,601.6,13.3607,0.5938,270.0,C3B3,2,142.91,513.7,0,-1
237,legit_39,576.56,401.6,5.6676,2.1467,270.0,D2C2,0,133.22,480.16,0,-1
238,legit_17,801.6,763.85,11.8373,0.365,0.0,E3E4,1,91.98,499.26,0,-1
238,legit_20,52.72,-1.6,11.4388,0.6416,90.0,A0B0,0,155.73,881.48,0,-1
238,legit_23,401.6,662.84,13.6215,0.0564,0.0,C3C4,1,79.32,481.59,0,-1
238,legit_24,398.4,230.14,13.6244,0.6116,180.0,C2C1,1,121.63,577.74,0,-1
238,legit_25,-1.6,914.16,12.8595,-0.1538,180.0,A5A4,1,168.76,766.61,0,-1
238,legit_26,322.64,798.4,12.3863,0.7998,90.0,B4C4,0,133.98,535.02,0,-1
238,legit_27,100.47,998.4,13.6382,0.3455,90.0,A5B5,1,95.46,730.02,0,-1
238,legit_28,982.33,401.6,7.8535,1.779,270.0,F2E2,0,79.43,583.12,0,-1
238,legit_29,201.6,298.99,12.429,-0.7757,0.0,B1B2,0,79.91,626.05,0,-1
238,legit_30,1001.6,732.31,12.7991,-0.2034,0.0,F3F4,1,118.07,579.37,0,-1
238,legit_32,201.6,538.73,13.6262,0.0375,0.0,B2B3,1,80.1,567.87,0,-1
238,legit_33,801.6,899.99,12.8177,0.1898,0.0,E4E5,1,79.13,544.19,0,-1
238,legit_34,375.56,198.4,12.8526,0.8357,90.0,B1C1,1,108.11,601.53,0,-1
238,legit_35,886.69,198.4,11.5965,0.3383,90.0,E1F1,0,157.57,623.35,0,-1
238,legit_36,976.45,601.6,9.2432,2.0613,270.0,F3E3,1,73.57,553.11,0,-1
238,legit_37,998.4,30.33,12.0023,0.1456,180.0,F1F0,0,103.46,777.57,0,-1
238,legit_38,293.88,601.6,13.2187,-0.142,270.0,C3B3,2,143.89,519.46,0,-1
238,legit_39,568.63,401.6,7.9359,2.2683,270.0,D2C2,0,125.71,480.4,0,-1
239,legit_17,801.6,775.3,11.4472,-0.39,0.0,E3E4,1,82.76,501.9,0,-1
239,legit_20,64.1,-1.6,11.3857,-0.0531,90.0,A0B0,0,148.88,874.53,0,-1
239,legit_23,401.6,675.47,12.6337,-0.9878,0.0,C3C4,2,89.66,483.02,0,-1
239,legit_24,398.4,216.63,13.511,-0.1133,180.0,C2C1,1,109.54,584.83,0,-1
239,legit_25,-1.6,901.6,12.5558,-0.3037,180.0,A5A4,0,163.64,762.03,0,-1
239,legit_26,335.08,798.4,12.4404,0.0541,90.0,B4C4,1,122.22,530.09,0,-1
239,legit_27,114.27,998.4,13.7994,0.1612,90.0,A5B5,0,89.08,721.13,0,-1
239,legit_28,972.29,401.6,10.0483,2.1947,270.0,F2E2,0,88.15,578.0,0,-1
239,legit_29,201.6,312.09,13.1081,0.6791,0.0,B1B2,0,70.41,620.72,0,-1
239,legit_30,1001.6,745.72,13.4108,0.6117,0.0,F3F4,1,105.98,581.8,0,-1
239,legit_32,201.6,551.72,12.9921,-0.6341,0.0,B2B3,1,70.66,566.71,0,-1
239,legit_33,801.6,912.59,12.6011,-0.2166,0.0,E4E5,1,89.06,549.84,0,-1
239,legit_34,385.72,198.4,10.1666,-2.686,90.0,B1C1,1,101.38,598.4,0,-1
239,legit_35,897.91,198.4,11.2252,-0.3713,90.0,E1F1,0,167.4,627.73,0,-1
239,legit_36,964.72,601.6,11.7277,2.4845,270.0,F3E3,1,85.29,547.15,0,-1
239,legit_37,998.4,18.28,12.0493,0.047,180.0,F1F0,0,114.06,786.32,0,-1
239,legit_38,281.26,601.6,12.6219,-0.5968,270.0,C3B3,2,131.26,525.13,0,-1
239,legit_39,558.55,401.6,10.076,2.1401,270.0,D2C2,0,116.25,480.82,0,-1
240,legit_17,801.6,786.8,11.5013,0.0541,0.0,E3E4,1,74.11,504.73,0,-1
240,legit_20,75.97,-1.6,11.8629,0.4771,90.0,A0B0,0,142.36,867.41,0,-1
240,legit_23,401.6,688.53,13.0575,0.4238,0.0,C3C4,1,100.89,484.71,0,-1
240,legit_24,398.4,203.88,12.748,-0.763,180.0,:C1_1,1,98.48,591.68,0,-1
240,legit_25,-1.6,888.58,13.0179,0.4621,180.0,A5A4,0,159.19,757.46,0,-1
240,legit_26,346.38,798.4,11.2965,-1.1439,90.0,B4C4,1,111.66,525.77,0,-1
240,legit_27,127.11,998.4,12.8421,-0.9573,90.0,A5B5,0,84.75,713.08,0,-1
240,legit_28,960.11,401.6,12.179,2.1307,270.0,F2E2,0,99.05,571.95,0,-1
240,legit_29,201.6,325.03,12.9309,-0.1772,0.0,B1B2,1,62.34,615.68,0,-1
240,legit_30,1001.6,758.76,13.0351,-0.3757,0.0,F3F4,0,94.57,584.34,0,-1
240,legit_32,201.6,565.41,13.6919,0.6998,0.0,B2B3,1,62.12,565.74,0,-1
240,legit_33,801.6,926.2,13.6044,1.0034,0.0,E4E5,1,100.46,556.15,0,-1
240,legit_34,391.39,198.4,5.6666,-4.5,90.0,B1C1,1,97.89,596.71,0,-1
240,legit_35,909.16,198.4,11.2504,0.0252,90.0,E1F1,0,161.19,632.25,0,-1
240,legit_36,953.09,601.6,11.6383,-0.0894,270.0,F3E3,0,96.93,541.37,0,-1
240,legit_37,998.4,9.69,8.5836,-3.4657,180.0,F1F0,0,121.78,792.62,0,-1
240,legit_38,268.15,601.6,13.1017,0.4798,270.0,C3B3,1,118.16,531.18,0,-1
240,legit_39,546.64,401.6,11.9098,1.8339,270.0,D2C2,0,105.22,481.46,0,-1
240,legit_40,187.7,201.6,0.0,0.0,270.0,B1A1,1,89.89,678.42,0,-1
241,legit_17,801.6,798.14,11.3398,-0.1615,0.0,:E4_9,1,66.44,507.69,0,-1
241,legit_20,87.61,-1.6,11.6411,-0.2218,90.0,A0B0,0,136.67,860.54,0,-1
241,legit_23,401.6,701.9,13.375,0.3176,0.0,C3C4,1,112.81,486.65,0,-1
241,legit_24,398.4,190.48,13.4021,0.6541,180.0,C1C0,1,87.35,599.07,0,-1
241,legit_25,-1.6,874.93,13.6494,0.6315,180.0,A5A4,0,155.57,752.88,0,-1
241,legit_26,358.73,798.4,12.3544,1.058,90.0,B4C4,1,100.3,521.2,0,-1
241,legit_27,139.97,998.4,12.8541,0.012,90.0,A5B5,0,82.21,705.26,0,-1
241,legit_28,947.32,401.6,12.7859,0.6069,270.0,F2E2,0,110.79,565.77,0,-1
241,legit_29,201.6,337.68,12.6515,-0.2794,0.0,B1B2,1,56.22,610.99,0,-1
241,legit_30,1001.6,772.22,13.4675,0.4324,0.0,F3F4,0,83.28,587.17,0,-1
241,legit_32,201.6,579.06,13.6429,-0.049,0.0,B2B3,1,55.69,565.05,0,-1
241,legit_33,801.6,938.95,12.7554,-0.8491,0.0,E4E5,1,111.6,562.25,0,-1
241,legit_34,393.97,198.4,2.583,-3.0836,90.0,:C1_13,1,96.36,595.95,0,-1
241,legit_35,921.2,198.4,12.0402,0.7898,90.0,E1F1,0,150.78,637.23,0,-1
241,legit_36,940.53,601.6,12.5577,0.9194,270.0,F3E3,0,109.48,535.29,0,-1
241,legit_37,998.4,3.68,6.0183,-2.5654,180.0,F1F0,0,127.26,797.06,0,-1
241,legit_38,254.83,601.6,13.3194,0.2177,270.0,C3B3,1,104.85,537.52,0,-1
241,legit_39,533.67,401.6,12.9749,1.0651,270.0,D2C2,0,93.44,482.36,0,-1
241,legit_40,185.82,201.6,1.8779,1.8779,270.0,B1A1,1,89.12,679.41,0,-1
242,legit_17,801.6,809.44,11.3007,-0.0391,0.0,E4E5,1,59.97,510.83,0,-1
242,legit_20,98.59,-1.6,10.9776,-0.6635,90.0,A0B0,0,132.02,854.19,0,-1
242,legit_23,401.6,715.42,13.5152,0.1402,0.0,C3C4,1,125.16,488.82,0,-1
242,legit_24,398.4,176.65,13.8352,0.433,180.0,C1C0,1,76.62,606.91,0,-1
242,legit_25,-1.6,861.9,13.028,-0.6213,180.0,A5A4,0,153.17,748.72,0,-1
242,legit_26,370.49,798.4,11.7598,-0.5947,90.0,B4C4,1,89.74,517.01,0,-1
242,legit_27,152.92,998.4,12.9513,0.0972,90.0,A5B5,0,81.65,697.64,0,-1
242,legit_28,933.97,401.6,13.354,0.5681,270.0,F2E2,0,123.26,559.51,0,-1
242,legit_29,201.6,350.54,12.8661,0.2146,0.0,B1B2,0,52.46,606.48,0,-1
242,legit_30,1001.6,783.66,11.4335,-2.034,0.0,F3F4,0,74.28,589.73,0,-1
242,legit_32,201.6,591.97,12.911,-0.7319,0.0,B2B3,1,52.22,564.7,0,-1
242,legit_33,801.6,952.61,13.654,0.8986,0.0,E4E5,1,123.87,568.97,0,-1
242,legit_34,399.09,198.4,5.1161,2.5331,90.0,:C1_13,1,93.48,594.49,0,-1
242,legit_35,933.45,198.4,12.2514,0.2111,90.0,E1F1,0,140.46,642.46,0,-1
242,legit_36,928.56,601.6,11.9714,-0.5863,270.0,F3E3,0,121.45,529.65,0,-1
242,legit_37,996.36,1.6,3.4914,-2.5269,209.59,F0E0,0,129.98,797.66,0,-1
242,legit_38,241.25,601.6,13.5868,0.2674,270.0,C3B3,1,91.26,544.17,0,-1
242,legit_39,520.08,401.6,13.5858,0.6109,270.0,D2C2,0,81.5,483.51,0,-1
242,legit_40,181.91,201.6,3.9121,2.0342,270.0,B1A1,0,87.62,681.5,0,-1
243,legit_17,801.6,820.81,11.3673,0.0666,0.0,E4E5,1,55.05,514.2,0,-1
243,legit_20,110.16,-1.6,11.5743,0.5968,90.0,A0B0,0,127.96,847.62,0,-1
243,legit_23,401.6,728.26,12.8454,-0.6699,0.0,C3C4,1,121.77,491.07,0,-1
243,legit_24,398.4,163.35,13.293,-0.5422,180.0,C1C0,1,67.39,614.65,0,-1
243,legit_25,-1.6,848.89,13.0177,-0.0103,180.0,A5A4,0,151.86,744.76,0,-1
243,legit_26,381.55,798.4,11.0564,-0.7033,90.0,B4C4,1,80.1,513.23,0,-1
243,legit_27,166.47,998.4,13.5572,0.6059,90.0,A5B5,0,83.25,689.93,0,-1
243,legit_28,920.59,401.6,13.3753,0.0213,270.0,F2E2,0,135.93,553.42,0,-1
243,legit_29,201.6,363.05,12.508,-0.3581,0.0,B1B2,0,51.69,602.39,0,-1
243,legit_30,1001.6,792.38,8.7205,-2.7129,0.0,F3F4,0,67.9,591.78,0,-1
243,legit_32,201.6,604.72,12.7555,-0.1555,0.0,:B3_9,1,51.82,564.66,0,-1
243,legit_33,801.6,965.49,12.8817,-0.7723,0.0,E4E5,1,125.6,575.49,0,-1
243,legit_34,406.22,198.4,7.134,2.0179,90.0,:C1_13,1,89.79,592.5,0,-1
243,legit_35,944.55,198.4,11.0944,-1.1569,90.0,E1F1,0,131.4,647.32,0,-1
243,legit_36,916.03,601.6,12.5293,0.5579,270.0,F3E3,0,133.98,523.89,0,-1
243,legit_37,990.82,1.6,5.5468,2.0554,270.0,F0E0,0,132.37,795.15,0,-1
243,legit_38,227.71,601.6,13.5401,-0.0467,270.0,C3B3,1,77.72,550.98,0,-1
243,legit_39,506.48,401.6,13.5986,0.0128,270.0,D2C2,0,70.15,484.9,0,-1
243,legit_40,176.0,201.6,5.9142,2.0021,270.0,B1A1,0,85.64,684.69,0,-1
244,legit_17,801.6,832.98,12.1666,0.7993,0.0,E4E5,1,52.08,518.06,0,-1
244,legit_20,121.66,-1.6,11.5046,-0.0698,90.0,A0B0,0,124.86,841.23,0,-1
244,legit_23,401.6,741.97,13.704,0.8587,0.0,C3C4,1,109.33,493.68,0,-1
244,legit_24,398.4,149.75,13.6043,0.3113,180.0,C1C0,1,59.56,622.81,0,-1
244,legit_25,-1.6,835.43,13.4597,0.4419,180.0,A5A4,0,151.67,740.87,0,-1
244,legit_26,388.2,798.4,6.6544,-4.4021,90.0,B4C4,1,74.5,511.02,0,-1
244,legit_27,178.9,998.4,12.4271,-1.1301,90.0,A5B5,0,86.57,683.11,0,-1
244,legit_28,907.69,401.6,12.9062,-0.4691,270.0,F2E2,0,148.27,547.72,0,-1
244,legit_29,201.6,375.74,12.6909,0.1829,0.0,B1B2,0,53.95,598.54,0,-1
244,legit_30,998.44,799.97,8.6399,-0.0806,325.91,:F4_10,0,65.27,591.97,0,-1
244,legit_32,201.6,617.6,12.8771,0.1215,0.0,B3B4,1,54.52,564.93,0,-1
244,legit_33,801.6,978.31,12.825,-0.0567,0.0,E4E5,1,114.03,582.15,0,-1
244,legit_34,415.19,198.4,8.9682,1.8342,90.0,C1D1,1,85.78,590.11,0,-1
244,legit_35,955.96,198.4,11.4086,0.3142,90.0,E1F1,0,122.44,652.46,0,-1
244,legit_36,903.53,601.6,12.5014,-0.0279,270.0,F3E3,0,146.48,518.31,0,-1
244,legit_37,983.42,1.6,7.397,1.8503,270.0,F0E0,0,135.84,791.85,0,-1
244,legit_38,217.15,601.6,10.5584,-2.9817,270.0,C3B3,1,67.17,556.42,0,-1
244,legit_39,492.92,401.6,13.5659,-0.0327,270.0,D2C2,0,59.77,486.55,0,-1
244,legit_40,167.99,201.6,8.0088,2.0947,270.0,B1A1,0,83.56,689.09,0,-1
245,legit_17,801.6,844.6,11.6265,-0.5401,0.0,E4E5,1,51.8,522.03,0,-1
245,legit_20,133.06,-1.6,11.3936,-0.111,90.0,A0B0,0,122.77,835.05,0,-1
245,legit_23,401.6,755.85,13.8867,0.1827,0.0,C3C4,1,97.07,496.54,0,-1
245,legit_24,398.4,135.9,13.8456,0.2412,180.0,C1C0,1,53.99,631.4,0,-1
245,legit_25,-1.6,822.19,13.238,-0.2217,180.0,A5A4,0,152.64,737.27,0,-1
245,legit_26,392.0,798.4,3.801,-2.8533,90.0,B4C4,1,71.38,509.79,0,-1
245,legit_27,187.47,998.4,8.5721,-3.855,90.0,A5B5,0,89.79,678.54,0,-1
245,legit_28,894.79,401.6,12.8925,-0.0137,270.0,F2E2,0,150.65,542.2,0,-1
245,legit_29,201.6,385.2,9.4603,-3.2306,0.0,B1B2,0,57.43,595.86,0,-1
245,legit_30,990.22,801.6,8.5655,-0.0744,273.93,F4E4,0,71.05,588.03,0,-1
245,legit_32,201.6,630.63,13.0305,0.1534,0.0,B3B4,1,60.01,565.51,0,-1
245,legit_33,801.6,987.26,8.9482,-3.8768,0.0,E4E5,1,106.13,586.9,0,-1
245,legit_34,426.13,198.4,10.9424,1.9742,90.0,C1D1,1,81.95,587.37,0,-1
245,legit_35,967.02,198.4,11.0678,-0.3408,90.0,E1F1,0,114.16,657.58,0,-1
245,legit_36,891.23,601.6,12.2919,-0.2095,270.0,F3E3,0,141.24,512.99,0,-1
245,legit_37,973.91,1.6,9.5155,2.1185,270.0,F0E0,0,140.74,787.69,0,-1
245,legit_38,210.4,601.6,6.7512,-3.8072,270.0,C3B3,1,60.42,559.96,0,-1
245,legit_39,479.61,401.6,13.3038,-0.2621,270.0,D2C2,0,51.06,488.44,0,-1
245,legit_40,158.14,201.6,9.8469,1.8381,270.0,B1A1,0,82.01,694.63,0,-1
246,legit_17,801.6,855.85,11.2431,-0.3834,0.0,E4E5,1,53.98,526.11,0,-1
246,legit_20,144.38,-1.6,11.3182,-0.0754,90.0,A0B0,0,121.73,829.05,0,-1
246,legit_23,401.6,769.72,13.8611,-0.0256,0.0,C3C4,1,85.34,499.62,0,-1
246,legit_24,398.4,122.35,13.5494,-0.2962,180.0,C1C0,1,51.65,640.11,0,-1
246,legit_25,-1.6,809.34,12.8525,-0.3854,180.0,A5A4,0,154.67,733.97,0,-1
246,legit_26,392.4,798.4,0.4029,-3.3982,90.0,B4C4,1,71.05,509.66,0,-1
246,legit_27,191.76,998.4,4.285,-4.287,90.0,A5B5,0,91.66,676.29,0,-1
246,legit_28,882.04,401.6,12.7492,-0.1433,270.0,F2E2,0,138.44,536.92,0,-1
246,legit_29,201.6,390.85,5.6457,-3.8146,0.0,B1B2,0,60.12,594.33,0,-1
246,legit_30,979.91,801.6,10.3054,1.7398,270.0,F4E4,0,79.92,582.71,0,-1
246,legit_32,201.6,643.98,13.3485,0.3181,0.0,B3B4,1,67.8,566.38,0,-1
246,legit_33,801.6,991.71,4.4482,-4.5,0.0,E4E5,1,102.26,589.29,0,-1
246,legit_34,438.69,198.4,12.5538,1.6113,90.0,C1D1,1,79.21,584.46,0,-1
246,legit_35,978.59,198.4,11.571,0.5032,90.0,E1F1,0,106.04,663.08,0,-1
246,legit_36,878.84,601.6,12.3965,0.1046,270.0,F3E3,1,128.85,507.78,0,-1
246,legit_37,962.27,1.6,11.6364,2.1209,270.0,F0E0,0,147.36,782.73,0,-1
246,legit_38,206.92,601.41,3.5381,-3.2131,267.81,:B3_7,1,56.93,561.8,0,-1
246,legit_39,466.49,401.6,13.1226,-0.1812,270.0,D2C2,0,44.75,490.62,0,-1
246,legit_40,146.56,201.6,11.5783,1.7313,270.0,B1A1,0,81.67,701.35,0,-1
246,legit_41,998.4,587.7,0.0,0.0,180.0,F3F2,1,53.05,564.78,0,-1
247,legit_17,801.6,867.81,11.9674,0.7242,0.0,E4E5,1,58.62,530.71,0,-1
247,legit_20,156.11,-1.6,11.7309,0.4127,90.0,A0B0,0,121.75,822.99,0,-1
247,legit_23,401.6,782.79,13.0744,-0.7866,0.0,C3C4,1,74.94,502.74,0,-1
247,legit_24,398.4,108.54,13.8102,0.2608,180.0,C1C0,1,52.86,649.32,0,-1
247,legit_25,-1.6,795.83,13.5076,0.6551,180.0,:A4_0,0,157.9,730.71,0,-1
247,legit_26,392.57,798.4,0.1623,-0.2406,90.0,B4C4,1,70.92,509.61,0,-1
247,legit_27,194.36,1000.07,3.4587,-0.8263,68.0,:B5_11,0,91.41,675.79,0,-1
247,legit_28,868.23,401.6,13.8159,1.0667,270.0,F2E2,0,125.33,531.39,0,-1
247,legit_29,200.71,394.04,3.4918,-2.1538,349.29,:B2_19,0,61.08,593.96,0,-1
247,legit_30,968.13,801.6,11.7841,1.4787,270.0,F4E4,0,90.43,576.76,0,-1
247,legit_32,201.6,657.57,13.5863,0.2378,0.0,B3B4,1,77.31,567.52,0,-1
247,legit_33,800.03,998.34,6.9524,2.5043,342.88,:E5_4,1,95.77,592.45,0,-1
247,legit_34,450.57,198.4,11.8827,-0.6711,90.0,C1D1,1,78.4,581.95,0,-1
247,legit_35,987.6,198.4,9.0029,-2.5681,90.0,E1F1,0,100.2,667.47,0,-1
247,legit_36,867.14,601.6,11.7011,-0.6954,270.0,F3E3,1,117.15,503.0,0,-1
247,legit_37,949.75,1.6,12.5173,0.8809,270.0,F0E0,0,155.14,777.56,0,-1
247,legit_38,206.04,599.18,2.933,-0.6051,229.99,:B3_7,1,56.04,562.27,0,-1
247,legit_39,453.88,401.6,12.6091,-0.5134,270.0,D2C2,0,41.78,493.05,0,-1
247,legit_40,133.88,201.6,12.6786,1.1003,270.0,B1A1,0,83.18,708.93,0,-1
247,legit_41,998.4,585.7,2.0046,2.0046,180.0,F3F2,1,53.55,564.84,0,-1
248,legit_17,801.6,880.07,12.2611,0.2938,0.0,E4E5,1,65.33,535.67,0,-1
248,legit_20,166.72,-1.6,10.6107,-1.1202,90.0,A0B0,0,122.74,817.64,0,-1
248,legit_23,401.6,796.4,13.6134,0.539,0.0,:C4_9,1,65.14,506.23,0,-1
248,legit_24,398.4,95.19,13.3552,-0.455,180.0,C1C0,1,57.26,658.54,0,-1
248,legit_25,-1.6,782.81,13.0216,-0.486,180.0,A4A3,0,162.03,727.78,0,-1
248,legit_26,392.69,798.4,0.1207,-0.0416,90.0,B4C4,1,70.82,509.57,0,-1
248,legit_27,192.12,1001.6,2.9283,-0.5304,342.23,B5A5,0,89.0,677.73,0,-1
248,legit_28,855.5,401.6,12.7286,-1.0873,270.0,F2E2,0,113.41,526.47,0,-1
248,legit_29,198.67,393.21,2.6421,-0.8497,292.68,:B2_19,0,58.92,595.26,0,-1
248,legit_30,955.33,801.6,12.798,1.0139,270.0,F4E4,0,102.16,570.48,0,-1
248,legit_32,201.6,670.53,12.9645,-0.6218,0.0,B3B4,1,87.39,568.82,0,-1
248,legit_33,793.43,1001.51,7.6867,0.7342,286.09,:E5_4,1,89.71,592.36,0,-1
248,legit_34,462.65,198.4,12.0789,0.1963,90.0,C1D1,1,79.41,579.66,0,-1
248,legit_35,992.1,198.4,4.5029,-4.5,90.0,E1F1,0,97.46,669.7,0,-1
248,legit_36,854.78,601.6,12.3554,0.6543,270.0,F3E3,1,104.79,498.12,0,-1
248,legit_37,937.73,1.6,12.0169,-0.5004,270.0,F0E0,0,163.16,772.75,0,-1
248,legit_38,209.19,598.4,3.3882,0.4552,123.8,B3C3,1,59.21,560.6,0,-1
248,legit_39,441.07,401.6,12.8072,0.1981,270.0,D2C2,0,42.55,495.89,0,-1
248,legit_40,120.8,201.6,13.087,0.4084,270.0,B1A1,0,86.67,717.01,0,-1
248,legit_41,998.4,582.31,3.3868,1.3822,180.0,F3F2,1,54.55,564.94,0,-1
249,legit_17,801.6,891.3,11.2273,-1.0338,0.0,E4E5,1,72.76,540.41,0,-1
249,legit_20,177.65,-1.6,10.9323,0.3217,90.0,A0B0,0,124.7,812.27,0,-1
249,legit_23,401.6,809.01,12.6068,-1.0066,0.0,C4C5,1,57.47,509.7,0,-1
249,legit_24,398.4,81.53,13.6613,0.3061,180.0,C1C0,1,64.36,668.23,0,-1
249,legit_25,-1.6,770.03,12.7765,-0.2451,180.0,A4A3,0,166.97,725.1,0,-1
249,legit_26,395.33,798.4,2.6428,2.5221,90.0,:C4_13,1,68.7,508.73,0,-1
249,legit_27,187.5,1001.6,4.6266,1.6982,270.0,B5A5,0,86.91,680.15,0,-1
249,legit_28,842.46,401.6,13.0444,0.3158,270.0,F2E2,0,101.38,521.63,0,-1
249,legit_29,198.4,390.44,2.8465,0.2044,206.11,B2B1,0,57.18,596.14,0,-1
249,legit_30,942.03,801.6,13.2978,0.4998,270.0,F4E4,0,114.59,564.13,0,-1
249,legit_32,201.6,684.39,13.8621,0.8976,0.0,B3B4,1,98.92,570.43,0,-1
249,legit_33,786.59,1001.6,6.8465,-0.8401,270.0,E5D5,1,86.52,590.58,0,-1
249,legit_34,475.13,198.4,12.4772,0.3983,90.0,C1D1,1,82.33,577.54,0,-1
249,legit_35,997.0,197.0,5.2146,0.7118,106.64,:F1_6,0,93.48,672.88,0,-1
249,legit_36,842.79,601.6,11.9921,-0.3633,270.0,F3E3,0,92.8,493.54,0,-1
249,legit_37,926.19,1.6,11.5422,-0.4747,270.0,F0E0,0,171.31,768.27,0,-1
249,legit_38,214.44,598.4,5.2521,1.8639,90.0,B3C3,1,64.46,557.84,0,-1
249,legit_39,428.3,401.6,12.7731,-0.0341,270.0,D2C2,0,46.92,499.09,0,-1
249,legit_40,107.16,201.6,13.6365,0.5496,270.0,B1A1,0,92.16,725.68,0,-1
249,legit_41,998.4,576.41,5.9027,2.5158,180.0,F3F2,0,56.74,565.16,0,-1
250,legit_17,801.6,903.53,12.232,1.0047,0.0,E4E5,1,81.85,545.76,0,-1
250,legit_20,188.48,-1.6,10.8319,-0.1004,90.0,A0B0,0,127.54,807.08,0,-1
250,legit_23,401.6,821.78,12.7682,0.1614,0.0,C4C5,1,51.72,513.48,0,-1
250,legit_24,398.4,68.07,13.4602,-0.2011,180.0,C1C0,0,73.21,678.01,0,-1
250,legit_25,-1.6,756.71,13.3187,0.5423,180.0,A4A3,0,172.97,722.51,0,-1
250,legit_26,400.54,798.4,5.2076,2.5648,90.0,:C4_13,1,64.63,507.09,0,-1
250,legit_27,181.21,1001.6,6.2873,1.6607,270.0,B5A5,0,84.38,683.48,0,-1
250,legit_28,828.94,401.6,13.5139,0.4694,270.0,F2E2,0,89.23,516.81,0,-1
250,legit_29,198.4,385.53,4.9138,2.0672,180.0,B2B1,0,54.72,597.46,0,-1
250,legit_30,928.63,801.6,13.4058,0.108,270.0,F4E4,0,127.3,557.92,0,-1
250,legit_32,201.6,698.03,13.633,-0.2291,0.0,B3B4,1,110.78,572.22,0,-1
250,legit_33,777.71,1001.6,8.8827,2.0362,270.0,E5D5,1,83.15,588.31,0,-1
250,legit_34,486.88,198.4,11.7548,-0.7224,90.0,C1D1,0,86.64,575.78,0,-1
250,legit_35,998.4,191.57,5.7405,0.5258,167.99,F1F0,0,88.24,676.4,0,-1
250,legit_36,830.89,601.6,11.8944,-0.0976,270.0,F3E3,0,80.91,489.16,0,-1
250,legit_37,914.22,1.6,11.9741,0.4319,270.0,F0E0,0,180.15,763.76,0,-1
250,legit_38,222.27,598.4,7.8226,2.5706,90.0,B3C3,1,72.28,553.77,0,-1
250,legit_39,418.07,401.6,10.2344,-2.5387,270.0,D2C2,0,52.44,501.89,0,-1
250,legit_40,94.25,201.6,12.9061,-0.7305,270.0,B1A1,0,98.82,734.1,0,-1
250,legit_41,998.4,568.51,7.8975,1.9948,180.0,F3F2,0,60.45,565.56,0,-1
251,legit_17,801.6,915.72,12.1818,-0.0502,0.0,E4E5,1,91.63,551.27,0,-1
251,legit_20,199.18,-1.6,10.6944,-0.1375,90.0,:B0_6,0,131.17,802.08,0,-1
251,legit_23,401.6,834.85,13.0691,0.3009,0.0,C4C5,1,48.67,517.66,0,-1
251,legit_24,398.4,55.47,12.5919,-0.8683,180.0,C1C0,0,82.62,687.33,0,-1
251,legit_25,-1.6,743.01,13.7051,0.3863,180.0,A4A3,0,179.97,720.06,0,-1
251,legit_26,407.72,798.4,7.182,1.9744,90.0,C4D4,1,59.31,504.9,0,-1
251,legit_27,172.73,1001.6,8.4831,2.1958,270.0,B5A5,0,81.63,688.07,0,-1
251,legit_28,816.25,401.6,12.6908,-0.823,270.0,F2E2,0,78.23,512.49,0,-1
251,legit_29,198.4,378.56,6.9696,2.0558,180.0,B2B1,0,51.84,599.41,0,-1
251,legit_30,915.98,801.6,12.6486,-0.7573,270.0,F4E4,0,139.42,552.24,0,-1
251,legit_32,201.6,711.41,13.387,-0.246,0.0,B3B4,1,122.78,574.17,0,-1
251,legit_33,767.46,1001.6,10.2489,1.3662,270.0,E5D5,1,80.32,585.85,0,-1
251,legit_34,498.62,198.4,11.7401,-0.0147,90.0,C1D1,0,92.25,574.24,0,-1
251,legit_35,998.4,184.17,7.4094,1.6689,180.0,F1F0,0,82.34,680.29,0,-1
251,legit_36,818.88,601.6,12.0191,0.1246,270.0,F3E3,0,68.89,484.88,0,-1
251,legit_37,902.34,1.6,11.8815,-0.0926,270.0,F0E0,0,189.27,759.43,0,-1
251,legit_38,232.08,598.4,9.8122,1.9896,90.0,B3C3,1,82.09,548.76,0,-1
251,legit_39,411.31,401.6,6.7536,-3.4807,270.0,D2C2,0,56.81,503.84,0,-1
251,legit_40,81.27,201.6,12.9835,0.0774,270.0,B1A1,0,106.69,742.77,0,-1
251,legit_41,998.4,559.15,9.3588,1.4613,180.0,F3F2,0,65.81,566.15,0,-1
252,legit_17,801.6,927.74,12.0247,-0.1571,0.0,E4E5,1,101.79,556.88,0,-1
252,legit_20,210.95,-1.6,11.7767,1.0823,90.0,B0C0,0,136.02,796.73,0,-1
252,legit_23,401.6,848.44,13.5972,0.5281,0.0,C4C5,1,49.13,522.38,0,-1
252,legit_24,398.4,42.12,13.3541,0.7622,180.0,C1C0,0,93.42,697.38,0,-1
252,legit_25,-1.6,729.39,13.6147,-0.0904,180.0,A4A3,0,187.66,717.84,0,-1
252,legit_26,416.29,798.4,8.5754,1.3935,90.0,C4D4,1,53.54,502.39,0,-1
252,legit_27,162.38,1001.6,10.3513,1.8682,270.0,B5A5,0,79.37,693.82,0,-1
252,legit_29,198.4,370.26,8.3025,1.3329,180.0,B2B1,0,49.47,601.84,0,-1
252,legit_30,903.04,801.6,12.941,0.2924,270.0,F4E4,0,151.9,546.59,0,-1
252,legit_32,201.6,725.12,13.7098,0.3228,0.0,B3B4,1,125.93,576.36,0,-1
252,legit_33,755.23,1001.6,12.2296,1.9807,270.0,E5D5,1,78.57,583.15,0,-1
252,legit_34,510.71,198.4,12.0835,0.3434,90.0,C1D1,0,99.16,572.86,0,-1
252,legit_35,998.4,175.13,9.0371,1.6277,180.0,F1F0,0,75.51,685.11,0,-1
252,legit_36,811.33,601.6,7.5412,-4.4779,270.0,F3E3,0,61.36,482.28,0,-1
252,legit_37,890.32,1.6,12.013,0.1315,270.0,F0E0,0,183.6,755.2,0,-1
252,legit_38,243.6,598.4,11.5192,1.707,90.0,B3C3,1,93.61,543.01,0,-1
252,legit_39,408.16,401.6,3.1564,-3.5972,270.0,D2C2,1,59.0,504.77,0,-1
252,legit_40,68.15,201.6,13.122,0.1385,270.0,B1A1,0,115.58,751.71,0,-1
252,legit_41,998.4,547.36,11.7893,2.4305,180.0,F3F2,0,73.71,567.08,0,-1
252,legit_42,401.6,412.3,0.0,0.0,0.0,C2C3,1,71.26,503.97,0,-1
253,legit_17,801.6,939.34,11.596,-0.4287,0.0,E4E5,1,111.94,562.44,0,-1
253,legit_20,221.99,-1.6,11.0333,-0.7435,90.0,B0C0,0,141.31,791.86,0,-1
253,legit_23,401.6,861.69,13.2441,-0.3531,0.0,C4C5,1,53.04,527.32,0,-1
253,legit_24,398.4,28.87,13.2516,-0.1025,180.0,C1C0,0,104.73,707.5,0,-1
253,legit_25,-1.6,716.45,12.9414,-0.6733,180.0,A4A3,0,191.16,715.93,0,-1
253,legit_26,427.38,798.4,11.0883,2.5129,90.0,C4D4,1,47.35,499.33,0,-1
253,legit_27,150.46,1001.6,11.9208,1.5695,270.0,B5A5,0,78.4,700.65,0,-1
253,legit_29,198.4,359.79,10.4652,2.1627,180.0,B2B1,0,48.4,605.1,0,-1
253,legit_30,889.53,801.6,13.5046,0.5636,270.0,F4E4,0,144.72,540.88,0,-1
253,legit_32,201.6,738.59,13.4703,-0.2395,0.0,B3B4,0,113.78,578.71,0,-1
253,legit_33,742.71,1001.6,12.5274,0.2978,270.0,E5D5,1,78.74,580.64,0,-1
253,legit_34,523.03,198.4,12.3279,0.2444,90.0,C1D1,0,107.15,571.66,0,-1
253,legit_35,998.4,164.38,10.7473,1.7103,180.0,F1F0,0,68.06,690.96,0,-1
253,legit_36,801.8,601.6,9.5374,1.9962,270.0,:E3_5,0,51.82,479.08,0,-1
253,legit_37,877.97,1.6,12.3504,0.3374,270.0,F0E0,0,174.34,751.0,0,-1
253,legit_38,257.34,598.4,13.7458,2.2266,90.0,B3C3,0,107.36,536.31,0,-1
253,legit_39,405.62,399.97,3.3289,0.1725,248.79,:C2_7,1,59.73,505.97,0,-1
253,legit_40,55.05,201.6,13.1023,-0.0196,270.0,B1A1,0,125.2,760.81,0,-1
253,legit_41,998.4,534.0,13.3591,1.5698,180.0,F3F2,0,83.78,568.34,0,-1
253,legit_42,401.6,414.54,2.2391,2.2391,0.0,C2C3,1,72.92,503.41,0,-1
254,legit_17,801.6,951.29,11.9525,0.3565,0.0,E4E5,1,122.67,568.32,0,-1
254,legit_20,233.48,-1.6,11.4925,0.4593,90.0,B0C0,0,147.5,786.92,0,-1
254,legit_23,401.6,874.39,12.7004,-0.5437,0.0,C4C5,1,59.37,532.36,0,-1
254,legit_24,398.4,17.63,11.2427,-2.0088,180.0,C1C0,0,114.64,716.19,0,-1
254,legit_25,-1.6,703.64,12.8079,-0.1335,180.0,A4A3,0,183.64,714.23,0,-1
254,legit_26,439.64,798.4,12.2527,1.1644,90.0,C4D4,1,42.87,496.23,0,-1
254,legit_27,136.58,1001.6,13.8711,1.9503,270.0,B5A5,0,79.54,708.86,0,-1
254,legit_29,198.4,346.77,13.0155,2.5502,180.0,B2B1,0,50.17,609.44,0,-1
254,legit_30,876.48,801.6,13.0463,-0.4582,270.0,F4E4,0,132.19,535.55,0,-1
254,legit_32,201.6,751.92,13.3268,-0.1435,0.0,B3B4,0,102.08,581.22,0,-1
254,legit_33,729.79,1001.6,12.9178,0.3904,270.0,E5D5,1,80.96,578.34,0,-1
254,legit_34,535.67,198.4,12.6387,0.3107,90.0,C1D1,0,116.13,570.63,0,-1
254,legit_35,998.4,152.24,12.1447,1.3974,180.0,F1F0,0,60.84,697.74,0,-1
254,legit_36,790.78,601.6,11.0145,1.4771,270.0,E3D3,0,40.81,475.51,0,-1
254,legit_37,865.54,1.6,12.4287,0.0783,270.0,F0E0,0,165.44,746.94,0,-1
254,legit_38,270.27,598.4,12.9264,-0.8194,90.0,B3C3,0,120.28,530.19,0,-1
254,legit_39,408.46,398.4,3.5598,0.2309,142.76,C2D2,1,56.57,505.54,0,-1
254,legit_40,41.82,201.6,13.2289,0.1266,270.0,B1A1,0,135.51,770.15,0,-1
254,legit_41,998.4,520.73,13.2743,-0.0848,180.0,F3F2,0,94.59,569.81,0,-1
254,legit_42,401.6,418.19,3.6495,1.4104,0.0,C2C3,1,75.69,502.5,0,-1
255,legit_17,801.6,962.82,11.5305,-0.422,0.0,E4E5,1,128.04,574.13,0,-1
255,legit_20,244.23,-1.6,10.7486,-0.744,90.0,B0C0,0,153.84,782.43,0,-1
255,legit_23,401.6,887.71,13.3194,0.6191,0.0,C4C5,1,67.96,537.91,0,-1
255,legit_24,398.4,10.88,6.7427,-4.5,180.0,C1C0,0,120.7,721.45,0,-1
255,legit_25,-1.6,690.47,13.1745,0.3666,180.0,A4A3,0,176.54,712.67,0,-1
255,legit_26,450.83,798.4,11.1954,-1.0573,90.0,C4D4,1,41.61,493.69,0,-1
255,legit_27,123.17,1001.6,13.4127,-0.4584,270.0,B5A5,0,82.86,717.09,0,-1
255,legit_29,198.4,334.54,12.2325,-0.7829,180.0,B2B1,0,54.69,613.8,0,-1
255,legit_30,863.41,801.6,13.0775,0.0311,270.0,F4E4,0,119.73,530.39,0,-1
255,legit_32,201.6,765.28,13.3565,0.0297,0.0,B3B4,0,90.81,583.93,0,-1
255,legit_33,717.19,1001.6,12.5944,-0.3233,270.0,E5D5,1,84.99,576.37,0,-1
255,legit_34,548.03,198.4,12.3585,-0.2802,90.0,C1D1,0,125.53,569.82,0,-1
255,legit_35,998.4,140.73,11.5025,-0.6422,180.0,F1F0,0,55.61,704.35,0,-1
255,legit_36,779.47,601.6,11.3155,0.301,270.0,E3D3,0,29.51,471.99,0,-1
255,legit_37,853.36,1.6,12.1828,-0.2458,270.0,F0E0,0,157.17,743.12,0,-1
255,legit_38,282.86,598.4,12.5929,-0.3335,90.0,B3C3,0,132.87,524.4,0,-1
255,legit_39,414.55,398.4,6.0875,2.5277,90.0,C2D2,1,52.26,503.75,0,-1
255,legit_40,28.77,201.6,13.0472,-0.1817,270.0,B1A1,0,146.13,779.5,0,-1
255,legit_41,998.4,508.41,12.3199,-0.9544,180.0,F3F2,0,105.13,571.35,0,-1
255,legit_42,401.6,423.73,5.543,1.8935,0.0,C2C3,1,80.03,501.16,0,-1
256,legit_17,801.6,975.07,12.2533,0.7228,0.0,E4E5,1,116.93,580.45,0,-1
256,legit_20,254.91,-1.6,10.6875,-0.0611,90.0,B0C0,1,160.6,778.08,0,-1
256,legit_23,401.6,900.55,12.8377,-0.4817,0.0,C4C5,1,77.51,543.49,0,-1
256,legit_24,398.4,7.97,2.9121,-3.8306,180.0,C1C0,1,123.34,723.73,0,-1
256,legit_25,-1.6,676.96,13.51,0.3355,180.0,A4A3,0,170.02,711.29,0,-1
256,legit_26,462.91,798.4,12.0774,0.8819,90.0,C4D4,1,43.56,491.27,0,-1
256,legit_27,110.08,1001.6,13.0948,-0.3179,270.0,B5A5,0,87.98,725.36,0,-1
256,legit_29,198.4,321.28,13.265,1.0325,180.0,B2B1,0,61.98,618.8,0,-1
256,legit_30,849.76,801.6,13.6465,0.569,270.0,F4E4,0,106.9,525.21,0,-1
256,legit_32,201.6,778.77,13.4927,0.1362,0.0,B3B4,0,80.07,586.87,0,-1
256,legit_33,704.7,1001.6,12.4907,-0.1037,270.0,E5D5,1,90.55,574.65,0,-1
256,legit_34,560.09,198.4,12.0574,-0.3011,90.0,C1D1,0,135.15,569.2,0,-1
256,legit_35,998.4,128.63,12.1068,0.6043,180.0,F1F0,0,52.32,711.53,0,-1
256,legit_36,767.23,601.6,12.2383,0.9228,270.0,E3D3,0,17.3,468.35,0,-1
256,legit_37,841.22,1.6,12.141,-0.0418,270.0,F0E0,0,149.47,739.47,0,-1
256,legit_38,296.48,598.4,13.6214,1.0286,90.0,B3C3,0,146.49,518.31,0,-1
256,legit_39,422.13,398.4,7.5781,1.4906,90.0,C2D2,1,47.45,501.6,0,-1
256,legit_40,18.07,201.6,10.7008,-2.3465,270.0,B1A1,0,155.13,787.26,0,-1
256,legit_41,998.4,495.97,12.4387,0.1188,180.0,F3F2,0,116.13,573.07,0,-1
256,legit_42,401.6,431.83,8.102,2.559,0.0,C2C3,1,86.62,499.26,0,-1
257,legit_17,801.6,985.29,10.2149,-2.0384,0.0,E4E5,1,107.86,585.85,0,-1
257,legit_20,266.67,-1.6,11.7594,1.072,90.0,B0C0,1,168.52,773.44,0,-1
257,legit_23,401.6,913.46,12.9125,0.0748,0.0,C4C5,1,87.97,549.3,0,-1
257,legit_24,399.43,5.89,2.4649,-0.4472,167.47,:C0_2,1,124.82,725.11,0,-1
257,legit_25,-1.6,663.46,13.503,-0.007,180.0,A4A3,0,164.34,710.13,0,-1
257,legit_26,474.95,798.4,12.0447,-0.0327,90.0,C4D4,1,48.51,489.17,0,-1
257,legit_27,96.84,1001.6,13.2403,0.1455,270.0,B5A5,0,94.73,733.95,0,-1
257,legit_29,198.4,307.9,13.3782,0.1132,180.0,B2B1,0,71.11,624.09,0,-1
257,legit_30,836.38,801.6,13.3764,-0.2701,270.0,F4E4,0,94.53,520.33,0,-1
257,legit_32,201.6,791.87,13.1001,-0.3926,0.0,B3B4,0,70.56,589.93,0,-1
257,legit_33,692.22,1001.6,12.4783,-0.0123,270.0,E5D5,1,97.39,573.17,0,-1
257,legit_34,572.32,198.4,12.2361,0.1786,90.0,C1D1,0,145.29,568.74,0,-1
257,legit_35,998.4,116.8,11.8243,-0.2825,180.0,F1F0,0,51.7,718.78,0,-1
257,legit_36,754.83,601.6,12.3941,0.1558,270.0,E3D3,0,5.09,464.84,0,-1
257,legit_37,828.54,1.6,12.6837,0.5427,270.0,F0E0,0,142.08,735.84,0,-1
257,legit_38,310.17,598.4,13.6806,0.0591,90.0,B3C3,0,139.84,512.39,0,-1
257,legit_39,432.3,398.4,10.1683,2.5902,90.0,C2D2,1,42.28,498.88,0,-1
257,legit_40,11.51,201.6,6.5571,-4.1437,270.0,B1A1,0,160.74,792.06,0,-1
257,legit_41,998.4,483.65,12.3134,-0.1253,180.0,F3F2,0,127.27,574.93,0,-1
257,legit_42,401.6,441.47,9.6402,1.5382,0.0,C2C3,1,94.77,497.11,0,-1
258,legit_17,801.6,991.0,5.7149,-4.5,0.0,E4E5,1,102.87,588.91,0,-1
258,legit_20,278.09,-1.6,11.4206,-0.3388,90.0,B0C0,1,176.62,769.06,0,-1
258,legit_23,401.6,926.67,13.2145,0.302,0.0,C4C5,0,99.27,555.45,0,-1
258,legit_24,401.32,6.79,2.48,0.0151,112.96,:C0_2,1,123.23,723.93,0,-1
258,legit_25,-1.6,650.53,12.9229,-0.5801,180.0,A4A3,0,159.8,709.22,0,-1
258,legit_26,487.33,798.4,12.3736,0.3289,90.0,C4D4,0,55.89,487.31,0,-1
258,legit_27,83.25,1001.6,13.5873,0.347,270.0,B5A5,0,102.97,742.98,0,-1
258,legit_29,198.4,295.1,12.7987,-0.5795,180.0,B2B1,0,80.96,629.36,0,-1
258,legit_30,823.55,801.6,12.8375,-0.5389,270.0,F4E4,0,82.97,515.84,0,-1
258,legit_32,201.6,805.33,13.4645,0.3644,0.0,:B4_9,0,62.16,593.32,0,-1
258,legit_33,679.48,1001.6,12.7467,0.2684,270.0,E5D5,1,105.45,571.88,0,-1
258,legit_34,583.2,198.4,10.8719,-1.3642,90.0,C1D1,0,154.56,568.47,0,-1
258,legit_35,998.4,105.73,11.0711,-0.7532,180.0,F1F0,0,53.54,725.77,0,-1
258,legit_36,742.94,601.6,11.8961,-0.498,270.0,E3D3,0,7.24,462.34,0,-1
258,legit_37,816.55,1.6,11.9859,-0.6978,270.0,F0E0,0,135.82,732.57,0,-1
258,legit_38,322.91,598.4,12.7404,-0.9402,90.0,B3C3,0,127.1,507.06,0,-1
258,legit_39,444.59,398.4,12.2946,2.1263,90.0,C2D2,1,38.78,495.89,0,-1
258,legit_40,4.94,201.92,6.598,0.0409,273.72,:A1_3,0,166.6,796.75,0,-1
258,legit_41,998.4,470.56,13.0944,0.781,180.0,F3F2,0,122.01,577.09,0,-1
258,legit_42,401.6,452.93,11.4597,1.8195,0.0,C2C3,1,104.78,494.7,0,-1
258,legit_43,991.7,1001.6,0.0,0.0,270.0,F5E5,0,97.7,669.5,0,-1
259,legit_17,800.89,993.87,3.0851,-2.6298,351.5,:E5_5,1,100.04,590.26,0,-1
259,legit_20,289.38,-1.6,11.2873,-0.1333,90.0,B0C0,1,184.97,764.86,0,-1
259,legit_23,401.6,940.33,13.6586,0.4441,0.0,C4C5,0,111.4,562.0,0,-1
259,legit_24,401.6,9.58,2.8786,0.3986,25.66,C0C1,1,120.56,721.67,0,-1
259,legit_25,-1.6,637.3,13.2367,0.3139,180.0,A4A3,0,156.12,708.5,0,-1
259,legit_26,499.07,798.4,11.7481,-0.6255,90.0,C4D4,0,64.33,485.77,0,-1
259,legit_27,70.32,1001.6,12.9331,-0.6542,270.0,B5A5,0,111.79,751.76,0,-1
259,legit_29,198.4,282.65,12.4471,-0.3515,180.0,B2B1,0,91.24,634.65,0,-1
259,legit_30,813.77,801.6,9.7751,-3.0624,270.0,F4E4,0,74.44,512.55,0,-1
259,legit_32,201.6,818.78,13.45,-0.0145,0.0,B4B5,0,55.79,596.97,0,-1
259,legit_33,666.99,1001.6,12.4848,-0.2619,270.0,E5D5,1,114.18,570.83,0,-1
259,legit_34,589.57,198.4,6.3719,-4.5,90.0,C1D1,0,160.08,568.38,0,-1
259,legit_35,998.4,93.86,11.8759,0.8048,180.0,F1F0,0,57.85,733.5,0,-1
259,legit_36,730.75,601.6,12.1904,0.2943,270.0,E3D3,0,19.32,460.43,0,-1
259,legit_37,807.69,1.6,8.86,-3.1259,270.0,F0E0,0,131.71,730.26,0,-1
259,legit_38,335.85,598.4,12.9443,0.204,90.0,B3C3,1,114.16,501.81,0,-1
259,legit_39,457.72,398.4,13.1331,0.8385,90.0,C2D2,1,39.17,493.09,0,-1
259,legit_40,1.67,206.7,6.242,-0.356,332.68,:A1_3,0,171.81,796.97,0,-1
259,legit_41,998.4,457.43,13.1282,0.0338,180.0,F3F2,0,110.25,579.44,0,-1
259,legit_42,401.6,465.54,12.6025,1.1428,0.0,C2C3,2,116.11,492.22,0,-1
259,legit_43,989.83,1001.6,1.8694,1.8694,270.0,F5E5,0,98.83,668.57,0,-1
260,legit_17,798.62,993.14,2.9778,-0.1073,289.8,:E5_5,1,99.55,589.22,0,-1
260,legit_20,301.0,-1.6,11.6194,0.3321,90.0,B0C0,1,192.32,760.68,0,-1
260,legit_23,401.6,954.13,13.7978,0.1392,0.0,C4C5,0,123.97,568.83,0,-1
260,legit_24,401.6,14.85,5.2649,2.3863,0.0,C0C1,1,115.76,717.56,0,-1
260,legit_25,-1.6,624.27,13.0268,-0.2099,180.0,A4A3,0,153.53,708.0,0,-1
260,legit_26,511.29,798.4,12.2161,0.468,90.0,C4D4,0,74.08,484.38,0,-1
260,legit_27,56.54,1001.6,13.7755,0.8424,270.0,B5A5,0,121.99,761.29,0,-1
260,legit_29,198.4,269.31,13.3472,0.9001,180.0,B2B1,0,102.8,640.51,0,-1
260,legit_30,808.5,801.6,5.2751,-4.5,270.0,F4E4,0,69.97,510.83,0,-1
260,legit_32,201.6,831.98,13.2006,-0.2493,0.0,B4B5,0,52.22,600.85,0,-1
260,legit_33,653.95,1001.6,13.0414,0.5566,270.0,E5D5,1,123.98,569.93,0,-1
260,legit_34,597.94,198.4,8.3736,2.0018,90.0,:D1_13,0,167.43,568.32,0,-1
260,legit_35,998.4,82.45,11.4024,-0.4735,180.0,F1F0,0,63.81,741.1,0,-1
260,legit_36,718.86,601.6,11.8869,-0.3036,270.0,E3D3,0,31.18,458.75,0,-1
260,legit_37,803.3,2.82,4.6617,-4.1982,284.48,:E0_3,0,128.73,728.19,0,-1
260,legit_38,348.97,598.4,13.1205,0.1761,90.0,B3C3,1,101.04,496.67,0,-1
260,legit_39,471.6,398.4,13.8794,0.7463,90.0,C2D2,1,44.06,490.57,0,-1
260,legit_40,1.6,212.85,6.1488,-0.0932,0.0,A1A2,0,175.05,794.23,0,-1
260,legit_41,998.4,443.93,13.4973,0.3692,180.0,F3F2,0,98.53,582.04,0,-1
260,legit_42,401.6,478.26,12.7229,0.1204,0.0,C2C3,2,127.78,489.9,0,-1
260,legit_43,986.3,1001.6,3.5303,1.6608,270.0,F5E5,0,101.02,666.83,0,-1
261,legit_17,798.4,991.06,2.1483,-0.8295,219.59,E5E4,0,101.26,588.04,0,-1
261,legit_20,312.4,-1.6,11.3969,-0.2226,90.0,B0C0,1,183.63,756.71,0,-1
261,legit_23,401.6,967.11,12.9823,-0.8155,0.0,C4C5,0,122.83,575.42,0,-1
261,legit_24,401.6,22.48,7.6359,2.371,0.0,C0C1,1,108.87,711.62,0,-1
261,legit_25,-1.6,610.86,13.4065,0.3796,180.0,A4A3,0,151.99,707.7,0,-1
261,legit_26,523.54,798.4,12.2505,0.0345,90.0,C4D4,0,84.49,483.19,0,-1
261,legit_27,43.28,1001.6,13.263,-0.5125,270.0,B5A5,0,132.42,770.63,0,-1
261,legit_29,198.4,256.13,13.1733,-0.1739,180.0,B2B1,0,114.59,646.47,0,-1
261,legit_30,801.72,801.6,6.7757,1.5006,270.0,:E4_5,0,64.42,508.67,0,-1
261,legit_32,201.6,845.87,13.8893,0.6886,0.0,B4B5,0,51.93,605.28,0,-1
261,legit_33,640.85,1001.6,13.0983,0.0569,270.0,E5D5,0,134.39,569.24,0,-1
261,legit_34,608.32,198.4,10.3819,2.0083,90.0,D1E1,0,161.92,568.35,0,-1
261,legit_35,998.4,71.48,10.9708,-0.4316,180.0,F1F0,0,70.83,748.56,0,-1
261,legit_36,706.98,601.6,11.8809,-0.006,270.0,E3D3,0,43.05,457.22,0,-1
261,legit_37,801.6,8.16,5.8174,1.1557,346.32,E0E1,0,123.17,723.58,0,-1
261,legit_38,362.33,598.4,13.3627,0.2422,90.0,B3C3,1,87.68,491.64,0,-1
261,legit_39,484.95,398.4,13.3454,-0.534,90.0,C2D2,1,51.92,488.51,0,-1
261,legit_40,1.6,221.28,8.4354,2.2866,0.0,A1A2,0,179.67,790.47,0,-1
261,legit_41,998.4,430.69,13.2469,-0.2505,180.0,F3F2,0,87.52,584.79,0,-1
261,legit_42,401.6,490.39,12.129,-0.5939,0.0,C2C3,2,119.82,487.86,0,-1
261,legit_43,980.75,1001.6,5.553,2.0227,270.0,F5E5,0,104.61,664.12,0,-1
262,legit_17,798.4,986.77,4.2877,2.1394,180.0,E5E4,0,105.05,585.74,0,-1
262,legit_20,323.04,-1.6,10.6394,-0.7575,90.0,B0C0,1,175.8,753.13,0,-1
262,legit_23,401.6,979.26,12.1528,-0.8294,0.0,C4C5,0,111.76,581.75,0,-1
262,legit_24,401.6,32.5,10.02,2.3841,0.0,C0C1,1,99.99,703.9,0,-1
262,legit_25,-1.6,598.07,12.7942,-0.6123,180.0,:A3_0,0,151.61,707.63,0,-1
262,legit_26,535.97,798.4,12.4245,0.174,90.0,C4D4,0,95.5,482.18,0,-1
262,legit_27,29.68,1001.6,13.5989,0.3359,270.0,B5A5,0,143.61,780.35,0,-1
262,legit_29,198.4,243.42,12.7078,-0.4655,180.0,B2B1,0,126.22,652.37,0,-1
262,legit_30,792.95,801.6,8.7752,1.9995,270.0,:E4_5,0,57.61,505.96,0,-1
262,legit_32,201.6,859.19,13.315,-0.5742,0.0,B4B5,0,55.05,609.86,0,-1
262,legit_33,627.37,1001.6,13.4843,0.386,270.0,E5D5,0,145.55,568.73,0,-1
262,legit_34,620.2,198.4,11.8771,1.4952,90.0,D1E1,0,151.64,568.54,0,-1
262,legit_35,998.4,59.34,12.1463,1.1755,180.0,F1F0,0,79.64,756.97,0,-1
262,legit_36,695.53,601.6,11.4475,-0.4334,270.0,E3D3,0,54.49,455.91,0,-1
262,legit_37,801.6,16.49,8.3332,2.5158,0.0,E0E1,0,115.66,717.07,0,-1
262,legit_38,375.32,598.4,12.9856,-0.377,90.0,B3C3,1,74.7,486.93,0,-1
262,legit_39,498.38,398.4,13.4324,0.0869,90.0,C2D2,1,61.77,486.74,0,-1
262,legit_40,1.6,232.12,10.8337,2.3984,0.0,A1A2,0,185.99,785.75,0,-1
262,legit_41,998.4,418.03,12.6552,-0.5917,180.0,F3F2,0,77.66,587.6,0,-1
262,legit_42,401.6,502.76,12.3731,0.2441,0.0,C2C3,2,108.62,485.95,0,-1
262,legit_43,973.04,1001.6,7.7027,2.1497,270.0,F5E5,0,109.86,660.42,0,-1
263,legit_17,798.4,980.49,6.2738,1.9861,180.0,E5E4,0,110.65,582.4,0,-1
263,legit_20,334.23,-1.6,11.196,0.5567,90.0,B0C0,1,167.89,749.48,0,-1
263,legit_23,401.6,987.75,8.4848,-3.668,0.0,C4C5,0,104.18,586.26,0,-1
263,legit_24,401.6,44.75,12.2516,2.2316,0.0,C0C1,1,89.47,694.56,0,-1
263,legit_25,-1.6,584.68,13.386,0.5918,180.0,A3A2,0,152.37,707.78,0,-1
263,legit_26,548.35,798.4,12.3814,-0.0431,90.0,C4D4,0,106.78,481.36,0,-1
263,legit_27,16.86,1001.6,12.8192,-0.7797,270.0,B5A5,0,154.51,789.64,0,-1
263,legit_29,198.4,230.48,12.9468,0.2389,180.0,B2B1,0,120.62,658.54,0,-1
263,legit_30,782.45,801.6,10.4982,1.723,270.0,E4D4,0,50.27,502.88,0,-1
263,legit_32,201.6,872.52,13.3291,0.0141,0.0,B4B5,0,60.99,614.75,0,-1
263,legit_33,614.92,1001.6,12.4482,-1.0362,270.0,E5D5,0,156.18,568.44,0,-1
263,legit_34,632.66,198.4,12.4613,0.5842,90.0,D1E1,0,141.12,568.9,0,-1
263,legit_35,998.4,48.29,11.0503,-1.0959,180.0,F1F0,0,88.35,764.74,0,-1
263,legit_36,683.21,601.6,12.3239,0.8764,270.0,E3D3,0,66.81,454.67,0,-1
263,legit_37,801.6,27.3,10.8121,2.4789,0.0,E0E1,0,106.09,708.71,0,-1
263,legit_38,385.04,598.4,9.7255,-3.2602,90.0,B3C3,1,64.98,483.52,0,-1
263,legit_39,512.08,398.4,13.6994,0.267,90.0,C2D2,0,73.0,485.2,0,-1
263,legit_40,1.6,244.47,12.3573,1.5236,0.0,A1A2,0,188.07,780.51,0,-1
263,legit_41,998.4,407.92,10.1168,-2.5384,180.0,F3F2,0,70.42,589.99,0,-1
263,legit_42,401.6,515.45,12.6865,0.3134,0.0,C2C3,1,97.43,484.18,0,-1
263,legit_43,962.82,1001.6,10.2219,2.5193,270.0,F5E5,0,117.25,655.62,0,-1
264,legit_17,798.4,972.67,7.8256,1.5519,180.0,E5E4,0,117.74,578.3,0,-1
264,legit_20,345.23,-1.6,10.9924,-0.2036,90.0,B0C0,1,160.51,746.04,0,-1
264,legit_23,401.6,991.73,3.9848,-4.5,0.0,C4C5,0,100.67,588.4,0,-1
264,legit_24,401.6,57.85,13.0902,0.8386,0.0,C0C1,1,78.78,684.72,0,-1
264,legit_25,-1.6,571.56,13.1208,-0.2652,180.0,A3A2,0,154.24,708.13,0,-1
264,legit_26,559.89,798.4,11.5469,-0.8344,90.0,C4D4,0,117.5,480.76,0,-1
264,legit_29,198.4,217.54,12.9364,-0.0104,180.0,B2B1,0,108.89,664.86,0,-1
264,legit_30,769.57,801.6,12.8817,2.3835,270.0,E4D4,0,43.1,499.36,0,-1
264,legit_32,201.6,885.27,12.7501,-0.5791,0.0,B4B5,0,68.64,619.68,0,-1
264,legit_33,601.4,1001.6,13.5226,1.0745,270.0,:D5_0,0,168.02,568.32,0,-1
264,legit_34,645.59,198.4,12.9233,0.4619,90.0,D1E1,0,130.57,569.47,0,-1
264,legit_35,998.4,37.21,11.0757,0.0254,180.0,F1F0,0,97.55,772.62,0,-1
264,legit_36,670.72,601.6,12.4865,0.1626,270.0,E3D3,0,79.29,453.58,0,-1
264,legit_37,801.6,39.01,11.7082,0.8961,0.0,E0E1,0,96.03,699.74,0,-1
264,legit_38,390.27,598.4,5.2255,-4.5,90.0,B3C3,1,59.75,481.73,0,-1
264,legit_39,524.9,398.4,12.8206,-0.8787,90.0,C2D2,0,84.17,483.98,0,-1
264,legit_40,1.6,257.67,13.1968,0.8395,0.0,A1A2,1,180.26,775.1,0,-1
264,legit_41,996.67,402.8,5.6168,-4.5,201.05,:F2_0,0,68.38,590.32,0,-1
264,legit_42,401.6,528.47,13.0226,0.3361,0.0,C2C3,1,86.37,482.55,0,-1
264,legit_43,950.75,1001.6,12.0707,1.8488,270.0,F5E5,0,126.48,650.1,0,-1
264,legit_44,-1.6,387.7,0.0,0.0,180.0,A2A1,1,154.11,734.71,0,-1
265,legit_17,798.4,962.55,10.1156,2.29,180.0,E5E4,1,127.03,573.09,0,-1
265,legit_20,356.57,-1.6,11.3425,0.35,90.0,B0C0,1,153.35,742.61,0,-1
265,legit_23,400.55,997.48,5.9188,1.934,347.76,:C5_4,0,96.2,591.81,0,-1
265,legit_24,401.6,70.96,13.1146,0.0245,0.0,C0C1,1,68.9,675.02,0,-1
265,legit_25,-1.6,558.45,13.1146,-0.0062,180.0,A3A2,0,157.19,708.71,0,-1
265,legit_26,571.92,798.4,12.028,0.481,90.0,C4D4,0,128.82,480.29,0,-1
265,legit_30,756.07,801.6,13.4942,0.6125,270.0,E4D4,0,38.88,496.04,0,-1
265,legit_32,201.6,898.64,13.3682,0.6181,0.0,B4B5,0,78.11,625.07,0,-1
265,legit_33,588.8,1001.6,12.5934,-0.9292,270.0,D5C5,0,159.41,568.38,0,-1
265,legit_34,658.01,198.4,12.4225,-0.5008,90.0,D1E1,0,120.87,570.19,0,-1
265,legit_35,998.4,25.31,11.8996,0.8238,180.0,F1F0,0,107.84,781.2,0,-1
265,legit_36,659.18,601.6,11.5384,-0.948,270.0,E3D3,0,90.83,452.74,0,-1
265,legit_37,801.6,51.69,12.6766,0.9684,0.0,E0E1,0,85.61,690.17,0,-1
265,legit_38,396.13,597.52,6.036,0.8105,100.33,:C3_12,1,53.92,479.77,0,-1
265,legit_39,538.74,398.4,13.8358,1.0152,90.0,C2D2,0,96.69,482.9,0,-1
265,legit_40,1.6,270.36,12.6855,-0.5113,0.0,A1A2,1,173.37,770.06,0,-1
265,legit_41,991.27,401.6,5.6584,0.0416,259.88,F2E2,0,71.97,587.77,0,-1
265,legit_42,401.6,541.35,12.8848,-0.1377,0.0,C2C3,1,76.04,481.16,0,-1
265,legit_43,938.04,1001.6,12.712,0.6413,270.0,F5E5,1,136.68,644.45,0,-1
265,legit_44,-1.6,385.16,2.5389,2.5389,180.0,A2A1,1,153.67,735.36,0,-1
266,legit_17,798.4,950.82,11.7369,1.6212,180.0,E5E4,1,120.93,567.17,0,-1
266,legit_20,368.33,-1.6,11.7583,0.4159,90.0,B0C0,1,146.48,739.22,0,-1
266,legit_23,394.89,1001.3,7.2251,1.3063,292.98,:C5_4,0,96.08,595.52,0,-1
266,legit_24,401.6,84.08,13.1188,0.0042,0.0,C0C1,1,60.27,665.51,0,-1
266,legit_25,-1.6,545.32,13.1259,0.0114,180.0,A3A2,0,161.16,709.49,0,-1
266,legit_26,582.97,798.4,11.0485,-0.9795,90.0,C4D4,0,139.33,480.01,0,-1
266,legit_30,743.33,801.6,12.7422,-0.752,270.0,E4D4,0,38.98,493.3,0,-1
266,legit_32,201.6,912.21,13.5742,0.206,0.0,B4B5,0,88.75,630.76,0,-1
266,legit_33,575.79,1001.6,13.0167,0.4233,270.0,D5C5,0,148.22,568.64,0,-1
266,legit_34,670.16,198.4,12.155,-0.2675,90.0,D1E1,0,111.89,571.08,0,-1
266,legit_35,998.4,13.67,11.6411,-0.2585,180.0,F1F0,0,118.19,789.7,0,-1
266,legit_36,647.32,601.6,11.8622,0.3238,270.0,E3D3,0,102.69,452.03,0,-1
266,legit_37,801.6,64.08,12.3927,-0.2839,0.0,E0E1,0,76.09,680.94,0,-1
266,legit_38,398.4,592.66,5.6666,-0.3694,159.45,C3C2,1,52.12,479.07,0,-1
266,legit_39,552.14,398.4,13.4006,-0.4351,90.0,C2D2,0,109.12,482.07,0,-1
266,legit_40,1.6,283.72,13.3656,0.6801,0.0,A1A2,1,166.86,764.95,0,-1
266,legit_41,984.24,401.6,7.0354,1.377,270.0,F2E2,0,77.82,584.1,0,-1
266,legit_42,401.6,553.59,12.2377,-0.6472,0.0,C2C3,1,67.05,480.03,0,-1
266,legit_43,924.18,1001.6,13.8586,1.1466,270.0,F5E5,1,148.25,638.49,0,-1
266,legit_44,-1.6,380.35,4.8156,2.2767,180.0,A2A1,1,152.96,736.6,0,-1
267,legit_17,798.4,939.58,11.2373,-0.4996,180.0,E5E4,1,110.72,561.64,0,-1
267,legit_20,379.21,-1.6,10.8796,-0.8788,90.0,B0C0,1,140.71,736.22,0,-1
267,legit_23,386.55,1001.6,8.3634,1.1383,270.0,C5B5,0,100.86,598.15,0,-1
267,legit_24,401.6,97.82,13.7443,0.6255,0.0,C0C1,1,53.24,655.79,0,-1
267,legit_25,-1.6,531.49,13.8302,0.7043,180.0,A3A2,0,166.36,710.54,0,-1
267,legit_26,589.81,798.4,6.838,-4.2105,90.0,C4D4,1,145.87,479.91,0,-1
267,legit_30,729.9,801.6,13.4251,0.6829,270.0,E4D4,1,43.34,490.82,0,-1
267,legit_32,201.6,925.77,13.5599,-0.0143,0.0,B4B5,0,100.09,636.64,0,-1
267,legit_33,562.31,1001.6,13.4751,0.4584,270.0,D5C5,0,136.97,569.1,0,-1
267,legit_34,682.81,198.4,12.6462,0.4912,90.0,D1E1,0,103.25,572.2,0,-1
267,legit_35,998.4,6.53,7.1411,-4.5,180.0,F1F0,0,124.65,794.95,0,-1
267,legit_36,635.33,601.6,11.9967,0.1344,270.0,E3D3,0,114.69,451.47,0,-1
267,legit_37,801.6,75.75,11.6672,-0.7255,0.0,E0E1,0,67.98,672.4,0,-1
267,legit_38,398.4,584.7,7.9561,2.2895,180.0,C3C2,1,53.82,479.25,0,-1
267,legit_39,564.94,398.4,12.8013,-0.5993,90.0,C2D2,0,121.18,481.47,0,-1
267,legit_40,1.6,296.67,12.9523,-0.4133,0.0,A1A2,1,161.35,760.18,0,-1
267,legit_41,975.58,401.6,8.6567,1.6213,270.0,F2E2,0,85.26,579.66,0,-1
267,legit_42,401.6,566.43,12.8343,0.5966,0.0,C2C3,1,58.9,479.08,0,-1
267,legit_43,911.32,1001.6,12.864,-0.9946,270.0,F5E5,1,159.31,633.13,0,-1
267,legit_44,-1.6,373.28,7.0633,2.2477,180.0,A2A1,1,152.18,738.48,0,-1
268,legit_17,798.4,927.87,11.707,0.4697,180.0,E5E4,1,100.32,556.02,0,-1
268,legit_20,388.23,-1.6,9.021,-1.8586,90.0,B0C0,1,136.39,733.83,0,-1
268,legit_23,375.95,1001.6,10.6026,2.2393,270.0,C5B5,0,107.84,601.41,0,-1
268,legit_24,401.6,110.78,12.9538,-0.7905,0.0,C0C1,1,49.27,646.89,0,-1
268,legit_25,-1.6,518.54,12.9549,-0.8753,180.0,A3A2,0,172.1,711.73,0,-1
268,legit_26,598.36,798.4,8.5557,1.7177,90.0,:D4_13,1,154.09,479.85,0,-1
268,legit_30,716.71,801.6,13.1957,-0.2294,270.0,E4D4,1,50.82,488.75,0,-1
268,legit_32,201.6,938.97,13.1973,-0.3626,0.0,B4B5,0,111.61,642.55,0,-1
268,legit_33,549.49,1001.6,12.8261,-0.649,270.0,D5C5,0,126.67,569.73,0,-1
268,legit_34,695.81,198.4,13.0005,0.3542,90.0,D1E1,0,95.31,573.58,0,-1
268,legit_35,998.39,3.15,3.3828,-3.7582,180.09,:F0_0,0,127.74,797.45,0,-1
268,legit_36,623.28,601.6,12.0483,0.0516,270.0,E3D3,0,126.73,451.08,0,-1
268,legit_37,801.6,87.21,11.4607,-0.2066,0.0,E0E1,0,61.14,664.17,0,-1
268,legit_38,398.4,574.84,9.8623,1.9062,180.0,C3C2,1,57.41,479.64,0,-1
268,legit_39,578.31,398.4,13.3706,0.5693,90.0,C2D2,0,133.93,481.04,0,-1
268,legit_40,1.6,310.09,13.421,0.4687,0.0,A1A2,1,156.57,755.44,0,-1
268,legit_41,964.54,401.6,11.0418,2.3852,270.0,F2E2,0,95.05,574.13,0,-1
268,legit_42,401.6,578.22,11.794,-1.0403,0.0,C2C3,1,53.07,478.45,0,-1
268,legit_43,898.71,1001.6,12.6051,-0.2589,270.0,F5E5,1,168.11,628.05,0,-1
268,legit_44,-1.6,363.64,9.6405,2.5772,180.0,A2A1,1,151.64,741.14,0,-1
269,legit_17,798.4,916.5,11.3699,-0.337,180.0,E5E4,2,90.53,550.7,0,-1
269,legit_20,392.75,-1.6,4.521,-4.5,90.0,B0C0,1,134.4,732.67,0,-1
269,legit_23,363.38,1001.6,12.563,1.9604,270.0,C5B5,0,116.83,605.45,0,-1
269,legit_24,401.6,123.51,12.7332,-0.2206,0.0,C0C1,1,48.53,638.42,0,-1
269,legit_25,-1.6,505.58,12.9529,-0.002,180.0,A3A2,0,178.6,713.12,0,-1
269,legit_26,608.53,798.4,10.1691,1.6134,90.0,D4E4,1,147.46,479.89,0,-1
269,legit_30,703.52,801.6,13.1895,-0.0061,270.0,E4D4,2,60.29,486.97,0,-1
269,legit_32,201.6,952.64,13.6761,0.4788,0.0,B4B5,0,123.9,648.85,0,-1
269,legit_33,536.79,1001.6,12.7002,-0.1259,270.0,D5C5,0,116.95,570.55,0,-1
269,legit_34,708.77,198.4,12.9567,-0.0437,90.0,D1E1,1,88.58,575.18,0,-1
269,legit_35,996.5,1.6,2.8279,-0.5549,207.1,F0E0,0,129.93,797.73,0,-1
269,legit_36,614.35,601.6,8.9256,-3.1227,270.0,E3D3,0,135.66,450.89,0,-1
269,legit_37,801.6,99.88,12.669,1.2083,0.0,E0E1,1,55.38,655.27,0,-1
269,legit_38,398.4,562.77,12.0687,2.2064,180.0,C3C2,1,63.63,480.34,0,-1
269,legit_39,587.18,398.4,8.8706,-4.5,90.0,C2D2,0,142.45,480.87,0,-1
269,legit_40,1.6,323.59,13.4964,0.0754,0.0,A1A2,1,152.8,750.88,0,-1
269,legit_41,951.53,401.6,13.0027,1.9609,270.0,F2E2,0,106.89,567.79,0,-1
269,legit_42,401.6,588.38,10.1596,-1.6343,0.0,C2C3,1,49.78,478.1,0,-1
269,legit_43,885.78,1001.6,12.9365,0.3314,270.0,F5E5,1,156.79,623.0,0,-1
269,legit_44,-1.6,352.03,11.6097,1.9692,180.0,A2A1,1,151.81,744.49,0,-1
270,legit_17,798.4,905.2,11.3014,-0.0685,180.0,E5E4,2,81.2,545.56,0,-1
270,legit_20,394.13,0.54,2.9937,-1.5273,57.66,:C0_11,1,131.88,730.63,0,-1
270,legit_23,349.69,1001.6,13.6892,1.1262,270.0,C5B5,0,127.31,610.07,0,-1
270,legit_24,401.6,136.2,12.6877,-0.0454,0.0,C0C1,1,51.04,630.28,0,-1
270,legit_25,-1.6,493.01,12.5751,-0.3778,180.0,A3A2,0,185.55,714.65,0,-1
270,legit_26,620.15,798.4,11.6144,1.4453,90.0,D4E4,1,136.35,480.08,0,-1
270,legit_30,690.36,801.6,13.1589,-0.0306,270.0,E4D4,2,70.93,485.45,0,-1
270,legit_32,201.6,966.25,13.6082,-0.068,0.0,B4B5,0,124.91,655.3,0,-1
270,legit_33,524.12,1001.6,12.6703,-0.0298,270.0,D5C5,0,107.89,571.56,0,-1
270,legit_34,720.68,198.4,11.9145,-1.0422,90.0,D1E1,1,83.7,576.89,0,-1
270,legit_35,991.79,1.6,4.7074,1.8794,270.0,F0E0,0,131.94,795.59,0,-1
270,legit_36,608.87,601.6,5.4817,-3.4438,270.0,E3D3,0,141.14,450.82,0,-1
270,legit_37,801.6,111.69,11.8076,-0.8614,0.0,E0E1,1,52.27,647.2,0,-1
270,legit_38,398.4,548.98,13.7872,1.7184,180.0,C3C2,1,72.56,481.43,0,-1
270,legit_39,592.12,398.4,4.9432,-3.9274,90.0,C2D2,0,147.22,480.81,0,-1
270,legit_40,1.6,336.53,12.9434,-0.5529,0.0,A1A2,1,150.24,746.71,0,-1
270,legit_41,938.99,401.6,12.5447,-0.458,270.0,F2E2,0,118.55,561.84,0,-1
270,legit_42,401.78,594.03,5.6596,-4.5,2.01,:C3_8,1,48.59,477.94,0,-1
270,legit_43,872.21,1001.6,13.5624,0.6258,270.0,F5E5,1,145.2,617.9,0,-1
270,legit_44,-1.6,339.96,12.0694,0.4596,180.0,A2A1,1,152.92,748.14,0,-1
270,legit_45,198.4,387.7,0.0,0.0,180.0,B2B1,0,55.77,596.87,0,-1
271,legit_17,798.4,893.22,11.9843,0.6828,180.0,E5E4,1,71.93,540.28,0,-1
271,legit_20,392.65,1.6,1.8729,-1.1208,0.71,C0B0,1,131.56,730.18,0,-1
271,legit_23,336.87,1001.6,12.8271,-0.8621,270.0,C5B5,1,137.64,614.59,0,-1
271,legit_24,401.6,149.38,13.1875,0.4998,0.0,C0C1,1,56.62,622.11,0,-1
271,legit_25,-1.6,479.93,13.0766,0.5015,180.0,A3A2,1,193.3,716.44,0,-1
271,legit_26,631.99,798.4,11.8389,0.2246,90.0,D4E4,1,125.13,480.42,0,-1
271,legit_30,676.67,801.6,13.6948,0.5359,270.0,E4D4,1,82.78,484.12,0,-1
271,legit_32,201.6,979.46,13.2072,-0.4009,0.0,B4B5,1,113.01,661.72,0,-1
271,legit_33,510.97,1001.6,13.1469,0.4766,270.0,D5C5,0,99.32,572.83,0,-1
271,legit_34,733.56,198.4,12.8831,0.9685,90.0,D1E1,1,80.1,578.99,0,-1
271,legit_35,985.22,1.6,6.5691,1.8618,270.0,F0E0,0,134.96,792.65,0,-1
271,legit_36,601.86,601.6,7.0133,1.5315,270.0,:D3_5,0,148.15,450.78,0,-1
271,legit_37,801.6,123.2,11.5147,-0.2929,0.0,E0E1,1,51.7,639.56,0,-1
271,legit_38,398.4,535.11,13.874,0.0868,180.0,C3C2,1,82.91,482.8,0,-1
271,legit_39,599.27,398.4,7.1485,2.2052,90.0,:D2_13,0,154.13,480.78,0,-1
271,legit_40,1.6,350.34,13.8021,0.8587,0.0,A1A2,2,148.71,742.48,0,-1
271,legit_41,925.8,401.6,13.1914,0.6467,270.0,F2E2,0,130.98,555.76,0,-1
271,legit_42,405.17,598.11,5.7356,0.0759,44.42,:C3_8,1,44.87,476.81,0,-1
271,legit_43,858.89,1001.6,13.3224,-0.2399,270.0,F5E5,1,134.18,613.08,0,-1
271,legit_44,-1.6,327.0,12.9577,0.8883,180.0,A2A1,1,155.15,752.25,0,-1
271,legit_45,198.4,385.73,1.9675,1.9675,180.0,B2B1,0,54.82,597.41,0,-1
272,legit_17,798.4,881.04,12.1726,0.1883,180.0,E5E4,1,63.46,535.1,0,-1
272,legit_20,389.47,1.6,3.1827,1.3098,282.26,C0B0,0,132.97,730.99,0,-1
272,legit_23,323.66,1001.6,13.2087,0.3816,270.0,C5B5,1,148.69,619.43,0,-1
272,legit_24,401.6,161.98,12.5991,-0.5884,0.0,C0C1,0,64.07,614.54,0,-1
272,legit_25,-1.6,466.88,13.0543,-0.0223,180.0,A3A2,1,185.49,718.43,0,-1
272,legit_26,644.11,798.4,12.1247,0.2858,90.0,D4E4,1,113.77,480.95,0,-1
272,legit_30,663.74,801.6,12.9205,-0.7744,270.0,E4D4,1,94.42,483.08,0,-1
272,legit_32,201.6,988.17,8.7072,-4.5,0.0,B4B5,1,105.34,666.05,0,-1
272,legit_33,498.05,1001.6,12.9199,-0.2271,270.0,D5C5,0,91.95,574.31,0,-1
272,legit_34,746.14,198.4,12.574,-0.3091,90.0,D1E1,1,78.5,581.3,0,-1
272,legit_35,977.17,1.6,8.0507,1.4816,270.0,F0E0,0,139.01,789.1,0,-1
272,legit_36,592.72,601.6,9.1384,2.1251,270.0,D3C3,0,142.73,450.8,0,-1
272,legit_37,801.6,135.23,12.0253,0.5106,0.0,E0E1,1,53.8,631.83,0,-1
272,legit_38,398.4,521.66,13.4502,-0.4238,180.0,C3C2,1,93.81,484.36,0,-1
272,legit_39,608.3,398.4,9.0243,1.8759,90.0,D2E2,0,146.81,480.82,0,-1
272,legit_40,1.6,363.56,13.2202,-0.5819,0.0,A1A2,2,148.44,738.65,0,-1
272,legit_41,913.47,401.6,12.3261,-0.8653,270.0,F2E2,0,142.72,550.25,0,-1
272,legit_42,410.25,598.4,5.1004,-0.6351,86.82,C3D3,1,39.79,475.19,0,-1
272,legit_43,845.61,1001.6,13.2777,-0.0447,270.0,F5E5,1,123.65,608.46,0,-1
272,legit_44,-1.6,314.74,12.2669,-0.6908,180.0,A2A1,1,158.21,756.33,0,-1
272,legit_45,198.4,381.26,4.4764,2.509,180.0,B2B1,0,52.86,598.65,0,-1
273,legit_17,798.4,868.97,12.0731,-0.0995,180.0,E5E4,1,56.41,530.18,0,-1
273,legit_20,384.99,1.6,4.4865,1.3038,270.0,C0B0,0,135.08,732.16,0,-1
273,legit_23,310.02,1001.6,13.6354,0.4267,270.0,C5B5,1,160.44,624.62,0,-1
273,legit_24,401.6,174.62,12.6338,0.0347,0.0,C0C1,0,72.98,607.17,0,-1
273,legit_25,-1.6,453.85,13.029,-0.0253,180.0,A3A2,1,178.3,720.6,0,-1
273,legit_26,655.44,798.4,11.329,-0.7958,90.0,D4E4,1,103.31,481.59,0,-1
273,legit_30,651.11,801.6,12.6304,-0.2901,270.0,E4D4,1,106.08,482.25,0,-1
273,legit_32,201.6,992.53,4.3692,-4.338,0.0,B4B5,1,101.55,668.25,0,-1
273,legit_33,484.52,1001.6,13.5306,0.6107,270.0,D5C5,0,85.66,576.12,0,-1
273,legit_34,758.96,198.4,12.8183,0.2444,90.0,D1E1,1,78.91,583.94,0,-1
273,legit_35,966.62,1.6,10.5494,2.4987,270.0,F0E0,0,144.81,784.57,0,-1
273,legit_36,581.41,601.6,11.3105,2.1722,270.0,D3C3,0,131.42,450.97,0,-1
273,legit_37,801.6,146.63,11.4068,-0.6185,0.0,E0E1,1,58.07,624.72,0,-1
273,legit_38,398.4,508.76,12.8954,-0.5548,180.0,C3C2,1,104.82,486.06,0,-1
273,legit_39,619.82,398.4,11.5196,2.4953,90.0,D2E2,0,135.73,481.0,0,-1
273,legit_40,1.6,377.15,13.5903,0.3701,0.0,A1A2,2,149.39,734.92,0,-1
273,legit_41,900.52,401.6,12.9511,0.625,270.0,F2E2,0,155.16,544.63,0,-1
273,legit_42,416.76,598.4,6.5124,1.412,90.0,C3D3,1,33.28,473.15,0,-1
273,legit_43,832.63,1001.6,12.9861,-0.2916,270.0,F5E5,1,113.9,604.15,0,-1
273,legit_44,-1.6,302.35,12.3833,0.1164,180.0,A2A1,1,162.19,760.62,0,-1
273,legit_45,198.4,374.29,6.9629,2.4865,180.0,B2B1,0,50.47,600.65,0,-1
274,legit_17,798.4,856.79,12.1826,0.1095,180.0,E5E4,2,51.23,525.46,0,-1
274,legit_20,378.4,1.6,6.5907,2.1042,270.0,C0B0,0,138.37,733.93,0,-1
274,legit_23,297.1,1001.6,12.9185,-0.7169,270.0,C5B5,1,166.69,629.72,0,-1
274,legit_24,401.6,187.44,12.8216,0.1878,0.0,C0C1,0,83.01,599.87,0,-1
274,legit_25,-1.6,440.6,13.2488,0.2198,180.0,A3A2,1,171.69,723.02,0,-1
274,legit_26,666.87,798.4,11.4265,0.0976,90.0,D4E4,2,92.96,482.4,0,-1
274,legit_30,637.84,801.6,13.277,0.6466,270.0,E4D4,1,118.55,481.58,0,-1
274,legit_32,199.64,999.0,6.891,2.5218,339.36,:B5_4,1,95.0,672.53,0,-1
274,legit_33,471.32,1001.6,13.1991,-0.3315,270.0,D5C5,0,81.25,578.16,0,-1
274,legit_34,771.03,198.4,12.0757,-0.7426,90.0,D1E1,1,81.17,586.69,0,-1
274,legit_35,955.43,1.6,11.1888,0.6394,270.0,F0E0,0,151.53,779.89,0,-1
274,legit_36,569.0,601.6,12.4077,1.0972,270.0,D3C3,1,119.01,451.31,0,-1
274,legit_37,801.6,158.85,12.2207,0.8139,0.0,E0E1,1,64.59,617.32,0,-1
274,legit_38,398.4,495.16,13.6082,0.7128,180.0,C3C2,1,116.85,488.08,0,-1
274,legit_39,633.63,398.4,13.8096,2.29,90.0,D2E2,0,122.55,481.41,0,-1
274,legit_40,1.6,390.05,12.9031,-0.6873,0.0,A1A2,2,151.41,731.6,0,-1
274,legit_41,887.25,401.6,13.2722,0.3211,270.0,F2E2,0,143.41,539.05,0,-1
274,legit_42,424.84,598.4,8.0802,1.5678,90.0,C3D3,2,25.21,470.69,0,-1
274,legit_43,820.12,1001.6,12.5087,-0.4774,270.0,F5E5,1,105.18,600.18,0,-1
274,legit_44,-1.6,289.36,12.9974,0.6141,180.0,A2A1,1,167.25,765.31,0,-1
274,legit_45,198.4,364.93,9.3679,2.405,180.0,B2B1,0,48.65,603.47,0,-1
275,legit_17,798.4,844.52,12.271,0.0884,180.0,E5E4,1,48.61,520.98,0,-1
275,legit_20,370.38,1.6,8.0101,1.4194,270.0,C0B0,0,142.68,736.14,0,-1
275,legit_23,283.87,1001.6,13.235,0.3165,270.0,C5B5,1,155.14,635.12,0,-1
275,legit_25,-1.6,427.41,13.1857,-0.0631,180.0,A3A2,1,165.91,725.62,0,-1
275,legit_26,678.07,798.4,11.2009,-0.2256,90.0,D4E4,2,83.09,483.34,0,-1
275,legit_30,624.88,801.6,12.9613,-0.3157,270.0,E4D4,1,130.88,481.12,0,-1
275,legit_32,192.89,1001.59,7.472,0.581,283.57,:B5_4,1,89.38,677.33,0,-1
275,legit_33,457.97,1001.6,13.3534,0.1543,270.0,D5C5,0,78.8,580.52,0,-1
275,legit_34,782.43,198.4,11.3934,-0.6823,90.0,D1E1,1,84.84,589.5,0,-1
275,legit_35,943.58,1.6,11.849,0.6602,270.0,F0E0,0,159.2,775.07,0,-1
275,legit_36,556.98,601.6,12.0171,-0.3907,270.0,D3C3,1,106.99,451.81,0,-1
275,legit_37,801.6,171.53,12.6753,0.4546,0.0,E0E1,1,72.92,609.86,0,-1
275,legit_38,398.4,482.13,13.0233,-0.5848,180.0,C3C2,1,128.67,490.2,0,-1
275,legit_39,647.29,398.4,13.6634,-0.1462,90.0,D2E2,0,109.65,482.04,0,-1
275,legit_40,1.6,403.09,13.0417,0.1387,0.0,:A2_7,2,154.53,728.43,0,-1
275,legit_41,873.77,401.6,13.4765,0.2043,270.0,F2E2,0,130.58,533.58,0,-1
275,legit_42,434.7,598.4,9.8646,1.7844,90.0,C3D3,2,15.38,467.79,0,-1
275,legit_43,812.11,1001.6,8.0087,-4.5,270.0,F5E5,0,100.02,597.75,0,-1
275,legit_44,-1.6,276.48,12.8796,-0.1179,180.0,A2A1,1,173.09,770.14,0,-1
275,legit_45,198.4,353.31,11.6174,2.2495,180.0,B2B1,0,48.86,607.22,0,-1
276,legit_17,798.4,832.83,11.6892,-0.5818,180.0,E5E4,1,48.93,517.0,0,-1
276,legit_20,360.3,1.6,10.0831,2.073,270.0,C0B0,0,148.54,739.03,0,-1
276,legit_23,271.05,1001.6,12.8214,-0.4136,270.0,C5B5,1,144.22,640.52,0,-1
276,legit_25,-1.6,413.73,13.6805,0.4949,180.0,A3A2,2,160.84,728.54,0,-1
276,legit_26,690.4,798.4,12.3325,1.1315,90.0,D4E4,2,72.68,484.56,0,-1
276,legit_30,615.68,801.6,9.1952,-3.7661,270.0,E4D4,1,139.7,480.91,0,-1
276,legit_32,184.91,1001.6,7.9847,0.5127,270.0,B5A5,1,85.82,681.52,0,-1
276,legit_33,444.96,1001.6,13.0104,-0.343,270.0,D5C5,0,78.56,583.11,0,-1
276,legit_34,789.32,198.4,6.8934,-4.5,90.0,D1E1,1,87.71,591.3,0,-1
276,legit_35,932.17,1.6,11.4155,-0.4335,270.0,F0E0,1,167.04,770.57,0,-1
276,legit_36,544.53,601.6,12.4561,0.439,270.0,D3C3,1,94.54,452.5,0,-1
276,legit_37,801.6,184.04,12.5155,-0.1598,0.0,E0E1,1,82.24,602.69,0,-1
276,legit_38,398.4,469.01,13.1274,0.1041,180.0,C3C2,1,120.6,492.54,0,-1
276,legit_39,661.03,398.4,13.745,0.0816,90.0,D2E2,0,96.9,482.88,0,-1
276,legit_40,1.6,416.61,13.5193,0.4775,0.0,A2A3,1,158.83,725.37,0,-1
276,legit_41,860.26,401.6,13.5119,0.0354,270.0,F2E2,0,117.85,528.29,0,-1
276,legit_42,446.89,598.4,12.1833,2.3187,90.0,C3D3,2,3.5,464.37,0,-1
276,legit_43,807.34,1001.6,4.7676,-3.2411,270.0,F5E5,0,97.13,596.34,0,-1
276,legit_44,-1.6,264.24,12.2405,-0.639,180.0,A2A1,1,179.31,774.9,0,-1
276,legit_45,198.4,340.39,12.9144,1.297,180.0,B2B1,0,52.22,611.68,0,-1
276,legit_46,1001.6,8.3,0.0,0.0,0.0,F0F1,1,121.74,795.12,0,-1
277,legit_17,798.4,821.38,11.4513,-0.238,180.0,E5E4,1,51.86,513.36,0,-1
277,legit_20,349.07,1.6,11.2321,1.1489,270.0,C0B0,0,155.58,742.38,0,-1
277,legit_23,257.21,1001.6,13.8371,1.0157,270.0,C5B5,1,132.82,646.54,0,-1
277,legit_25,-1.6,400.74,12.9905,-0.6901,180.0,:A2_0,2,156.98,731.52,0,-1
277,legit_26,702.58,798.4,12.1823,-0.1502,90.0,D4E4,2,63.08,485.97,0,-1
277,legit_30,610.48,801.6,5.1982,-3.997,270.0,E4D4,1,144.71,480.84,0,-1
277,legit_32,174.79,1001.6,10.1144,2.1298,270.0,B5A5,1,82.23,686.95,0,-1
277,legit_33,431.34,1001.6,13.6172,0.6067,270.0,D5C5,0,80.59,586.13,0,-1
277,legit_34,791.71,198.4,2.3934,-4.5,90.0,D1E1,1,88.81,591.94,0,-1
277,legit_35,921.0,1.6,11.1666,-0.2489,270.0,F0E0,1,175.1,766.29,0,-1
277,legit_36,533.15,601.6,11.3783,-1.0777,270.0,D3C3,1,83.16,453.28,0,-1
277,legit_37,801.6,195.98,11.941,-0.5745,0.0,:E1_9,1,91.85,596.01,0,-1
277,legit_38,398.4,456.23,12.7736,-0.3538,180.0,C3C2,0,109.19,495.0,0,-1
277,legit_39,674.58,398.4,13.5494,-0.1956,90.0,D2E2,0,84.63,483.94,0,-1
277,legit_40,1.6,429.92,13.304,-0.2153,0.0,A2A3,1,164.04,722.57,0,-1
277,legit_41,847.7,401.6,12.5566,-0.9554,270.0,F2E2,0,106.19,523.55,0,-1
277,legit_42,459.28,598.4,12.3928,0.2095,90.0,C3D3,1,9.42,461.98,0,-1
277,legit_43,806.15,999.1,3.5538,-1.2138,226.49,:E5_10,0,98.48,594.62,0,-1
277,legit_44,-1.6,251.81,12.4263,0.1858,180.0,A2A1,1,186.25,779.9,0,-1
277,legit_45,198.4,327.18,13.2162,0.3018,180.0,B2B1,0,58.48,616.54,0,-1
277,legit_46,1001.6,10.53,2.2328,2.2328,0.0,F0F1,1,119.69,793.48,0,-1
278,legit_17,798.4,810.05,11.3226,-0.1287,180.0,E5E4,1,56.91,510.0,0,-1
278,legit_20,337.27,1.6,11.7963,0.5643,270.0,C0B0,0,163.48,746.05,0,-1
278,legit_23,243.89,1001.6,13.3214,-0.5156,270.0,C5B5,1,122.32,652.53,0,-1
278,legit_25,-1.6,387.27,13.47,0.4796,180.0,A2A1,2,154.03,734.82,0,-1
278,legit_26,713.8,798.4,11.2183,-0.9639,90.0,D4E4,2,55.14,487.47,0,-1
278,legit_30,603.82,801.6,6.6626,1.4644,270.0,:D4_5,1,151.14,480.78,0,-1
278,legit_32,162.81,1001.6,11.9844,1.87,270.0,B5A5,1,79.44,693.58,0,-1
278,legit_33,418.47,1001.6,12.8647,-0.7525,270.0,D5C5,0,84.5,589.27,0,-1
278,legit_34,796.33,198.4,4.6137,2.2203,90.0,:E1_13,1,91.06,593.2,0,-1
278,legit_35,908.81,1.6,12.188,1.0214,270.0,F0E0,1,184.26,761.77,0,-1
278,legit_36,521.76,601.6,11.3922,0.0138,270.0,D3C3,1,71.77,454.21,0,-1
278,legit_37,801.6,207.52,11.5349,-0.4061,0.0,E1E2,1,101.6,589.71,0,-1
278,legit_38,398.4,443.01,13.2173,0.4437,180.0,C3C2,0,97.74,497.75,0,-1
278,legit_39,688.23,398.4,13.6472,0.0978,90.0,D2E2,1,72.73,485.23,0,-1
278,legit_40,1.6,442.84,12.9297,-0.3743,0.0,A2A3,1,169.96,720.05,0,-1
278,legit_41,835.04,401.6,12.6671,0.1105,270.0,F2E2,1,94.67,518.96,0,-1
278,legit_42,472.11,598.4,12.833,0.4402,90.0,C3D3,1,22.17,460.01,0,-1
278,legit_43,809.11,998.4,3.1706,-0.3832,125.59,E5F5,0,100.76,595.1,0,-1
278,legit_44,-1.6,239.37,12.441,0.0147,180.0,A2A1,1,192.96,785.06,0,-1
278,legit_45,198.4,313.69,13.483,0.2668,180.0,B2B1,0,66.98,621.77,0,-1
278,legit_46,1001.6,15.1,4.5638,2.331,0.0,F0F1,1,115.53,790.13,0,-1
279,legit_20,326.16,1.6,11.1106,-0.6858,270.0,C0B0,0,171.33,749.64,0,-1
279,legit_23,231.08,1001.6,12.8125,-0.5089,270.0,C5B5,1,112.78,658.47,0,-1
279,legit_25,-1.6,373.66,13.6135,0.1434,180.0,A2A1,2,152.21,738.38,0,-1
279,legit_26,725.9,798.4,12.1026,0.8843,90.0,D4E4,1,48.07,489.31,0,-1
279,legit_30,595.38,801.6,8.4445,1.7819,270.0,:D4_5,1,150.36,480.79,0,-1
279,legit_32,149.34,1001.6,13.4725,1.4881,270.0,B5A5,1,78.4,701.3,0,-1
279,legit_33,405.03,1001.6,13.4431,0.5784,270.0,:C5_0,0,90.38,592.83,0,-1
279,legit_34,802.82,198.4,6.4942,1.8805,90.0,:E1_13,1,94.53,595.03,0,-1
279,legit_35,896.9,1.6,11.9134,-0.2746,270.0,F0E0,1,188.67,757.5,0,-1
279,legit_36,509.18,601.6,12.5794,1.1872,270.0,D3C3,1,59.2,455.41,0,-1
279,legit_37,801.6,219.47,11.952,0.4171,0.0,E1E2,1,112.06,583.32,0,-1
279,legit_38,398.4,429.65,13.3645,0.1472,180.0,C3C2,0,86.68,500.74,0,-1
279,legit_39,701.29,398.4,13.0596,-0.5875,90.0,D2E2,1,62.03,486.7,0,-1
279,legit_40,1.6,456.01,13.1606,0.2309,0.0,A2A3,1,176.75,717.68,0,-1
279,legit_41,822.45,401.6,12.583,-0.0841,270.0,F2E2,1,83.55,514.58,0,-1
279,legit_42,484.97,598.4,12.857,0.024,90.0,C3D3,1,35.01,458.24,0,-1
279,legit_43,813.92,998.4,4.8102,1.6396,90.0,E5F5,0,103.66,596.53,0,-1
279,legit_44,-1.6,226.3,13.0719,0.6309,180.0,A2A1,1,185.15,790.67,0,-1
279,legit_45,198.4,300.99,12.7089,-0.7741,180.0,B2B1,0,76.32,626.91,0,-1
279,legit_46,1001.6,22.25,7.1567,2.5929,0.0,F0F1,1,109.07,784.91,0,-1
280,legit_20,315.52,1.6,10.6381,-0.4725,270.0,C0B0,0,179.17,753.19,0,-1
280,legit_23,218.36,1001.6,12.718,-0.0945,270.0,C5B5,1,104.02,664.55,0,-1
280,legit_25,-1.6,360.9,12.7559,-0.8575,180.0,A2A1,2,151.6,741.91,0,-1
280,legit_26,737.17,798.4,11.2646,-0.838,90.0,D4E4,0,43.53,491.28,0,-1
280,legit_30,585.46,801.6,9.9149,1.4704,270.0,D4C4,0,140.8,480.9,0,-1
280,legit_32,135.45,1001.6,13.882,0.4095,270.0,B5A5,1,79.74,709.55,0,-1
280,legit_33,391.59,1001.6,13.444,0.0009,270.0,C5B5,0,97.77,596.65,0,-1
280,legit_34,810.63,198.4,7.8147,1.3205,90.0,E1F1,1,99.11,597.31,0,-1
280,legit_35,885.77,1.6,11.1289,-0.7844,270.0,F0E0,1,180.15,753.63,0,-1
280,legit_36,497.8,601.6,11.3728,-1.2066,270.0,D3C3,1,47.83,456.66,0,-1
280,legit_37,801.6,231.03,11.5579,-0.3941,0.0,E1E2,1,122.43,577.28,0,-1
280,legit_38,398.4,416.77,12.88,-0.4845,180.0,C3C2,0,76.72,503.83,0,-1
280,legit_39,714.05,398.4,12.7597,-0.3,90.0,D2E2,1,52.6,488.37,0,-1
280,legit_40,1.6,469.11,13.1073,-0.0533,0.0,A2A3,1,184.2,715.52,0,-1
280,legit_41,813.83,401.6,8.6252,-3.9578,270.0,F2E2,1,76.19,511.69,0,-1
280,legit_42,497.95,598.4,12.9799,0.1229,90.0,C3D3,1,47.98,456.64,0,-1
280,legit_43,820.67,998.4,6.7518,1.9416,90.0,E5F5,0,107.95,598.6,0,-1
280,legit_44,-1.6,216.13,10.1685,-2.9034,180.0,A2A1,1,179.51,795.15,0,-1
280,legit_45,198.4,287.46,13.5204,0.8115,180.0,B2B1,0,87.2,632.59,0,-1
280,legit_46,1001.6,31.12,8.8637,1.707,0.0,F0F1,1,101.21,778.5,0,-1
281,legit_20,304.49,1.6,11.0347,0.3967,270.0,C0B0,0,187.59,757.01,0,-1
281,legit_23,205.54,1001.6,12.8166,0.0986,270.0,:B5_0,1,96.08,670.88,0,-1
281,legit_25,-1.6,348.13,12.7721,0.0161,180.0,A2A1,2,152.06,745.65,0,-1
281,legit_26,749.08,798.4,11.9133,0.6486,90.0,D4E4,0,41.61,493.67,0,-1
281,legit_30,573.93,801.6,11.5267,1.6117,270.0,D4C4,0,129.75,481.16,0,-1
281,legit_32,122.21,1001.6,13.2465,-0.6355,270.0,B5A5,1,83.18,717.69,0,-1
281,legit_33,378.95,1001.6,12.6387,-0.8053,270.0,C5B5,0,105.81,600.47,0,-1
281,legit_34,820.67,198.4,10.0357,2.221,90.0,E1F1,1,105.55,600.35,0,-1
281,legit_35,874.65,1.6,11.1201,-0.0088,270.0,F0E0,1,171.92,749.9,0,-1
281,legit_36,485.97,601.6,11.8379,0.4651,270.0,D3C3,1,36.0,458.11,0,-1
281,legit_37,801.6,243.01,11.9785,0.4206,0.0,E1E2,1,127.87,571.17,0,-1
281,legit_38,398.4,404.17,12.5959,-0.2842,180.0,:C2_1,0,67.93,507.07,0,-1
281,legit_39,727.48,398.4,13.4311,0.6714,90.0,D2E2,1,44.52,490.42,0,-1
281,legit_40,1.6,481.99,12.8736,-0.2337,0.0,A2A3,1,189.6,713.59,0,-1
281,legit_41,808.63,401.6,5.1954,-3.4298,270.0,F2E2,1,71.89,509.99,0,-1
281,legit_42,510.97,598.4,13.0203,0.0405,90.0,C3D3,1,60.99,455.23,0,-1
281,legit_43,829.75,998.4,9.0735,2.3217,90.0,E5F5,0,114.1,601.46,0,-1
281,legit_44,-1.6,209.69,6.4367,-3.7318,180.0,A2A1,1,176.15,798.04,0,-1
281,legit_45,198.4,274.15,13.3107,-0.2096,180.0,B2B1,0,98.55,638.36,0,-1
281,legit_46,1001.6,42.12,11.0011,2.1374,0.0,F0F1,1,91.7,770.61,0,-1
282,legit_20,293.03,1.6,11.4626,0.4279,270.0,C0B0,0,185.68,761.1,0,-1
282,legit_23,191.84,1001.6,13.7024,0.8858,270.0,B5A5,1,88.87,677.88,0,-1
282,legit_25,-1.6,334.54,13.5861,0.8141,180.0,A2A1,1,153.72,749.83,0,-1
282,legit_26,761.1,798.4,12.0194,0.1062,90.0,D4E4,0,43.06,496.41,0,-1
282,legit_30,561.32,801.6,12.6126,1.0859,270.0,D4C4,0,117.76,481.62,0,-1
282,legit_32,108.86,1001.6,13.35,0.1035,270.0,B5A5,2,88.54,726.14,0,-1
282,legit_33,366.13,1001.6,12.8221,0.1834,270.0,C5B5,0,114.81,604.55,0,-1
282,legit_34,832.35,198.4,11.6791,1.6434,90.0,E1F1,1,113.7,604.06,0,-1
282,legit_35,863.15,1.6,11.4993,0.3792,270.0,F0E0,1,163.77,746.18,0,-1
282,legit_36,474.1,601.6,11.8659,0.028,270.0,D3C3,1,24.15,459.72,0,-1
282,legit_37,801.6,255.55,12.5443,0.5658,0.0,E1E2,2,116.5,564.93,0,-1
282,legit_38,398.4,390.56,13.6138,1.018,180.0,C2C1,0,59.97,510.83,0,-1
282,legit_39,740.91,398.4,13.432,0.001,90.0,D2E2,1,39.46,492.83,0,-1
282,legit_40,1.6,494.96,12.9775,0.1039,0.0,A2A3,0,181.81,711.84,0,-1
282,legit_41,801.36,401.6,7.2755,2.08,270.0,:E2_5,2,66.09,507.68,0,-1
282,legit_42,523.92,598.4,12.9473,-0.073,90.0,C3D3,1,73.93,454.03,0,-1
282,legit_43,840.92,998.4,11.1717,2.0982,90.0,E5F5,0,122.17,605.12,0,-1
282,legit_44,-1.05,206.37,3.4862,-2.9504,173.49,:A1_2,1,174.0,799.14,0,-1
282,legit_45,198.4,261.37,12.7793,-0.5315,180.0,B2B1,0,109.86,644.08,0,-1
282,legit_46,1001.6,55.59,13.4737,2.4726,0.0,F0F1,1,80.57,761.09,0,-1
282,legit_47,8.3,998.4,0.0,0.0,90.0,A5B5,1,163.52,794.42,0,-1
283,legit_20,281.54,1.6,11.4895,0.0269,270.0,C0B0,0,176.98,765.34,0,-1
283,legit_23,178.83,1001.6,13.0085,-0.6938,270.0,B5A5,1,83.53,684.76,0,-1
283,legit_25,-1.6,321.01,13.5337,-0.0524,180.0,A2A1,1,156.53,754.22,0,-1
283,legit_26,772.84,798.4,11.7429,-0.2765,90.0,D4E4,0,47.46,499.39,0,-1
283,legit_30,547.56,801.6,13.765,1.1524,270.0,D4C4,0,104.84,482.33,0,-1
283,legit_32,96.24,1001.6,12.6224,-0.7276,270.0,B5A5,2,95.06,734.35,0,-1
283,legit_33,352.79,1001.6,13.3403,0.5182,270.0,C5B5,0,124.89,609.01,0,-1
283,legit_34,844.47,198.4,12.1234,0.4443,90.0,E1F1,1,122.77,608.08,0,-1
283,legit_35,852.02,1.6,11.1321,-0.3672,270.0,F0E0,0,156.29,742.71,0,-1
283,legit_36,462.38,601.6,11.7247,-0.1412,270.0,D3C3,1,12.48,461.48,0,-1
283,legit_37,801.6,267.37,11.8162,-0.7281,0.0,E1E2,3,106.03,559.21,0,-1
283,legit_38,398.4,377.47,13.0853,-0.5285,180.0,C2C1,0,54.48,514.73,0,-1
283,legit_39,754.01,398.4,13.1014,-0.3306,90.0,D2E2,2,38.61,495.57,0,-1
283,legit_40,1.6,508.65,13.682,0.7045,0.0,A2A3,0,174.26,710.21,0,-1
283,legit_41,792.05,401.6,9.3043,2.0288,270.0,E2D2,2,59.15,504.83,0,-1
283,legit_42,536.95,598.4,13.0281,0.0808,90.0,C3D3,1,86.96,453.01,0,-1
283,legit_43,854.37,998.4,13.4481,2.2764,90.0,E5F5,0,132.48,609.73,0,-1
283,legit_44,1.32,206.77,3.1655,-0.3208,113.47,:A1_10,1,172.15,797.2,0,-1
283,legit_45,198.4,248.77,12.6084,-0.1709,180.0,B2B1,0,121.31,649.87,0,-1
283,legit_46,1001.6,68.9,13.3051,-0.1686,0.0,F0F1,0,70.39,751.83,0,-1
283,legit_47,10.45,998.4,2.148,2.148,90.0,A5B5,1,161.66,792.84,0,-1
284,legit_20,270.31,1.6,11.2273,-0.2622,270.0,C0B0,0,168.8,769.61,0,-1
284,legit_23,165.68,1001.6,13.1488,0.1403,270.0,B5A5,1,79.95,691.97,0,-1
284,legit_25,-1.6,308.21,12.7993,-0.7344,180.0,A2A1,1,160.2,758.57,0,-1
284,legit_26,784.88,798.4,12.0385,0.2956,90.0,D4E4,0,54.29,502.73,0,-1
284,legit_30,533.8,801.6,13.7597,-0.0053,270.0,D4C4,0,92.18,483.26,0,-1
284,legit_32,83.12,1001.6,13.1152,0.4928,270.0,B5A5,2,103.05,743.07,0,-1
284,legit_33,339.92,1001.6,12.8672,-0.4732,270.0,C5B5,0,135.15,613.5,0,-1
284,legit_34,857.02,198.4,12.5488,0.4254,90.0,E1F1,1,132.67,612.41,0,-1
284,legit_35,840.27,1.6,11.7526,0.6205,270.0,F0E0,0,148.88,739.19,0,-1
284,legit_36,450.67,601.6,11.7056,-0.0191,270.0,D3C3,1,1.73,463.45,0,-1
284,legit_37,801.6,278.89,11.5237,-0.2925,0.0,E1E2,3,96.13,553.77,0,-1
284,legit_38,398.4,363.91,13.5678,0.4825,180.0,C2C1,0,51.75,519.1,0,-1
284,legit_39,767.8,398.4,13.7905,0.6891,90.0,D2E2,2,42.33,498.91,0,-1
284,legit_40,1.6,521.47,12.8224,-0.8596,0.0,A2A3,0,167.9,708.87,0,-1
284,legit_41,780.69,401.6,11.3627,2.0584,270.0,E2D2,2,51.7,501.54,0,-1
284,legit_42,549.91,598.4,12.9648,-0.0634,90.0,C3D3,1,99.92,452.18,0,-1
284,legit_43,867.8,998.4,13.4283,-0.0199,90.0,E5F5,0,143.3,614.53,0,-1
284,legit_44,1.6,209.69,3.0046,-0.1609,23.57,A1A2,1,173.4,795.66,0,-1
284,legit_45,198.4,235.26,13.508,0.8996,180.0,B2B1,0,125.01,656.24,0,-1
284,legit_46,1001.6,82.03,13.1361,-0.169,0.0,F0F1,0,61.51,742.88,0,-1
284,legit_47,13.94,998.4,3.4936,1.3456,90.0,A5B5,1,158.65,790.28,0,-1
285,legit_20,258.78,1.6,11.5264,0.2991,270.0,C0B0,0,160.79,774.13,0,-1
285,legit_23,152.81,1001.6,12.8739,-0.2749,270.0,B5A5,2,78.45,699.28,0,-1
285,legit_25,-1.6,294.66,13.5553,0.7559,180.0,A2A1,1,165.08,763.37,0,-1
285,legit_30,520.19,801.6,13.6109,-0.1489,270.0,D4C4,0,80.0,484.41,0,-1
285,legit_32,69.51,1001.6,13.6085,0.4934,270.0,B5A5,2,112.36,752.31,0,-1
285,legit_33,326.36,1001.6,13.5547,0.6875,270.0,C5B5,0,146.4,618.43,0,-1
285,legit_34,869.76,198.4,12.7417,0.193,90.0,E1F1,1,143.14,617.0,0,-1
285,legit_35,829.18,1.6,11.0831,-0.6695,270.0,F0E0,0,142.44,736.02,0,-1
285,legit_36,439.01,601.6,11.6622,-0.0434,270.0,D3C3,1,11.11,466.56,0,-1
285,legit_37,801.6,291.34,12.4482,0.9245,0.0,E1E2,3,85.89,548.06,0,-1
285,legit_38,398.4,350.09,13.8126,0.2447,180.0,C2C1,0,52.54,523.92,0,-1
285,legit_39,780.68,398.4,12.8776,-0.913,90.0,D2E2,2,49.15,502.38,0,-1
285,legit_40,1.6,534.6,13.1319,0.3095,0.0,A2A3,0,162.17,707.71,0,-1
285,legit_41,768.42,401.6,12.2728,0.9101,270.0,E2D2,2,45.49,498.23,0,-1
285,legit_42,562.82,598.4,12.9058,-0.0589,90.0,C3D3,1,112.83,451.55,0,-1
285,legit_43,880.63,998.4,12.8386,-0.5897,90.0,E5F5,0,154.03,619.3,0,-1
285,legit_44,1.6,215.09,5.401,2.3963,0.0,A1A2,1,176.25,793.22,0,-1
285,legit_45,198.4,222.23,13.0256,-0.4824,180.0,B2B1,0,113.11,662.55,0,-1
285,legit_46,1001.6,95.35,13.318,0.1819,0.0,F0F1,0,54.32,734.01,0,-1
285,legit_47,19.85,998.4,5.9107,2.4172,90.0,A5B5,2,153.61,785.96,0,-1
286,legit_20,247.08,1.6,11.7021,0.1758,270.0,C0B0,0,153.11,778.85,0,-1
286,legit_23,139.0,1001.6,13.8114,0.9375,270.0,B5A5,2,79.17,707.41,0,-1
286,legit_25,-1.6,281.94,12.7138,-0.8414,180.0,A2A1,1,170.52,768.07,0,-1
286,legit_30,507.16,801.6,13.0237,-0.5871,270.0,D4C4,0,68.86,485.72,0,-1
286,legit_32,56.77,1001.6,12.7427,-0.8659,270.0,B5A5,2,121.81,761.13,0,-1
286,legit_33,313.28,1001.6,13.0856,-0.4691,270.0,C5B5,0,157.61,623.37,0,-1
286,legit_34,881.74,198.4,11.9805,-0.7612,90.0,E1F1,2,153.31,621.47,0,-1
286,legit_35,817.83,1.6,11.3524,0.2693,270.0,F0E0,0,136.45,732.91,0,-1
286,legit_36,427.37,601.6,11.6408,-0.0213,270.0,D3C3,1,22.69,469.94,0,-1
286,legit_37,801.6,303.58,12.2399,-0.2083,0.0,E1E2,2,76.46,542.63,0,-1
286,legit_38,398.4,337.16,12.9317,-0.8809,180.0,C2C1,0,56.43,528.77,0,-1
286,legit_40,1.6,547.6,12.9962,-0.1357,0.0,A2A3,0,157.38,706.76,0,-1
286,legit_41,755.78,401.6,12.6389,0.3661,270.0,E2D2,1,42.0,495.15,0,-1
286,legit_42,575.68,598.4,12.8626,-0.0432,90.0,C3D3,1,125.69,451.11,0,-1
286,legit_43,893.58,998.4,12.9451,0.1065,90.0,E5F5,0,165.15,624.29,0,-1
286,legit_44,1.6,223.09,7.9905,2.5896,0.0,A1A2,1,180.69,789.68,0,-1
286,legit_45,198.4,212.33,9.9064,-3.1192,180.0,B2B1,0,104.24,667.45,0,-1
286,legit_46,1001.6,109.04,13.6876,0.3696,0.0,F0F1,1,49.63,725.16,0,-1
286,legit_47,27.6,998.4,7.7483,1.8376,90.0,A5B5,2,147.11,780.34,0,-1
287,legit_20,235.26,1.6,11.8221,0.1199,270.0,C0B0,0,145.9,783.77,0,-1
287,legit_23,125.94,1001.6,13.0599,-0.7515,270.0,B5A5,2,82.01,715.37,0,-1
287,legit_25,-1.6,269.01,12.9349,0.221,180.0,A2A1,1,176.81,773.03,0,-1
287,legit_30,493.62,801.6,13.5456,0.5219,270.0,D4C4,0,58.11,487.34,0,-1
287,legit_32,43.48,1001.6,13.2914,0.5488,270.0,B5A5,2,132.26,770.49,0,-1
287,legit_33,300.28,1001.6,12.9954,-0.0902,270.0,C5B5,0,169.0,628.45,0,-1
287,legit_34,894.33,198.4,12.587,0.6065,90.0,E1F1,2,164.25,626.32,0,-1
287,legit_36,416.79,601.6,10.577,-1.0638,270.0,D3C3,0,33.25,473.14,0,-1
287,legit_37,801.6,315.76,12.1756,-0.0643,0.0,E1E2,2,67.97,537.41,0,-1
287,legit_38,398.4,324.16,13.0054,0.0737,180.0,C2C1,0,62.83,533.93,0,-1
287,legit_40,1.6,560.3,12.7001,-0.2961,0.0,A2A3,0,153.62,706.03,0,-1
287,legit_41,743.48,401.6,12.2952,-0.3437,270.0,E2D2,1,42.11,492.51,0,-1
287,legit_42,585.74,598.4,10.0606,-2.8021,90.0,C3D3,0,135.75,450.89,0,-1
287,legit_43,907.06,998.4,13.4792,0.5341,90.0,E5F5,0,164.59,629.67,0,-1
287,legit_44,1.6,232.59,9.5097,1.5191,0.0,A1A2,1,186.28,785.54,0,-1
287,legit_45,198.6,205.78,6.5587,-3.3476,177.68,:B1_2,0,98.6,670.63,0,-1
287,legit_46,1001.6,122.23,13.194,-0.4936,0.0,F0F1,1,48.45,716.92,0,-1
287,legit_47,37.79,998.4,10.1899,2.4416,90.0,A5B5,2,138.74,773.02,0,-1
288,legit_20,223.49,1.6,11.773,-0.0491,270.0,C0B0,0,139.35,788.82,0,-1
288,legit_23,113.11,1001.6,12.8251,-0.2348,270.0,B5A5,2,86.64,723.42,0,-1
288,legit_25,-1.6,255.44,13.5723,0.6375,180.0,A2A1,1,184.16,778.42,0,-1
288,legit_30,480.3,801.6,13.3196,-0.2261,270.0,D4C4,0,48.91,489.19,0,-1
288,legit_32,29.76,1001.6,13.7226,0.4311,270.0,B5A5,2,143.55,780.29,0,-1
288,legit_33,287.23,1001.6,13.0512,0.0558,270.0,C5B5,0,158.05,633.73,0,-1
288,legit_34,907.31,198.4,12.9791,0.3921,90.0,E1F1,1,162.81,631.5,0,-1
288,legit_36,410.07,601.6,6.7161,-3.8609,270.0,D3C3,0,39.96,475.24,0,-1
288,legit_37,801.6,327.63,11.8772,-0.2984,0.0,E1E2,1,60.91,532.53,0,-1
288,legit_38,398.4,311.19,12.965,-0.0404,180.0,C2C1,0,71.03,539.34,0,-1
288,legit_40,1.6,573.35,13.0572,0.3571,0.0,A2A3,0,150.77,705.49,0,-1
288,legit_41,730.79,401.6,12.6895,0.3943,270.0,E2D2,1,45.82,490.14,0,-1
288,legit_42,591.3,598.4,5.5606,-4.5,90.0,C3D3,0,141.31,450.82,0,-1
288,legit_43,920.3,998.4,13.2437,-0.2354,90.0,E5F5,0,153.23,635.14,0,-1
288,legit_44,1.6,243.96,11.3612,1.8516,0.0,A1A2,1,188.38,780.73,0,-1
288,legit_45,202.4,199.52,7.7676,1.2089,137.31,:B1_16,0,95.23,671.89,0,-1
288,legit_46,1001.6,135.79,13.5609,0.3669,0.0,F0F1,1,50.91,708.77,0,-1
288,legit_47,50.08,998.4,12.2923,2.1024,90.0,A5B5,2,129.0,764.3,0,-1
288,legit_48,201.6,412.3,0.0,0.0,0.0,B2B3,0,73.47,588.94,0,-1
289,legit_20,212.59,1.6,10.8952,-0.8777,270.0,C0B0,0,133.93,793.62,0,-1
289,legit_23,99.35,1001.6,13.7642,0.9391,270.0,B5A5,2,93.34,732.3,0,-1
289,legit_25,-1.6,241.69,13.7462,0.1739,180.0,A2A1,1,192.3,784.09,0,-1
289,legit_30,466.5,801.6,13.7973,0.4778,270.0,D4C4,0,41.79,491.45,0,-1
289,legit_32,15.89,1001.6,13.8665,0.144,270.0,B5A5,2,155.35,790.35,0,-1
289,legit_33,274.07,1001.6,13.1564,0.1052,270.0,C5B5,0,146.77,639.23,0,-1
289,legit_34,920.26,198.4,12.9472,-0.0319,90.0,E1F1,1,151.59,636.84,0,-1
289,legit_36,401.43,601.6,8.6483,1.9322,270.0,:C3_5,0,48.6,478.02,0,-1
289,legit_37,801.6,340.24,12.6032,0.7261,0.0,E1E2,1,55.26,527.59,0,-1
289,legit_38,398.4,297.53,13.6636,0.6986,180.0,C2C1,0,81.03,545.29,0,-1
289,legit_40,1.6,586.96,13.6096,0.5524,0.0,A2A3,0,148.97,705.15,0,-1
289,legit_41,717.46,401.6,13.3378,0.6483,270.0,E2D2,1,52.82,488.0,0,-1
289,legit_42,599.18,598.4,7.8811,2.3206,90.0,:D3_13,0,149.19,450.77,0,-1
289,legit_43,933.89,998.4,13.5832,0.3395,90.0,E5F5,0,141.92,640.93,0,-1
289,legit_44,1.6,255.93,11.9696,0.6084,0.0,A1A2,1,181.26,775.8,0,-1
289,legit_45,209.19,198.4,6.9916,-0.776,94.89,B1C1,0,98.24,669.06,0,-1
289,legit_46,1001.6,148.39,12.5989,-0.962,0.0,F0F1,1,56.11,701.47,0,-1
289,legit_47,63.55,998.4,13.4705,1.1782,90.0,A5B5,2,118.88,754.89,0,-1
289,legit_48,201.6,414.45,2.1503,2.1503,0.0,B2B3,0,75.02,588.43,0,-1
290,legit_23,86.07,1001.6,13.276,-0.4882,270.0,B5A5,1,101.16,741.09,0,-1
290,legit_25,-1.6,228.87,12.8223,-0.9239,180.0,A2A1,1,186.64,789.55,0,-1
290,legit_30,452.93,801.6,13.565,-0.2324,270.0,D4C4,0,38.51,494.06,0,-1
290,legit_33,261.11,1001.6,12.9681,-0.1884,270.0,C5B5,0,135.98,644.82,0,-1
290,legit_34,933.05,198.4,12.7883,-0.1589,90.0,E1F1,1,140.8,642.28,0,-1
290,legit_36,391.0,601.6,10.4241,1.7758,270.0,C3B3,0,59.02,481.49,0,-1
290,legit_37,801.6,352.26,12.0215,-0.5817,0.0,E1E2,1,52.18,523.14,0,-1
290,legit_38,398.4,284.72,12.8079,-0.8558,180.0,C2C1,0,91.27,551.07,0,-1
290,legit_40,1.6,599.58,12.6206,-0.989,0.0,:A3_7,0,148.4,705.05,0,-1
290,legit_41,704.25,401.6,13.2071,-0.1307,270.0,E2D2,1,61.84,486.18,0,-1
290,legit_42,609.46,598.4,10.2839,2.4028,90.0,D3E3,0,140.54,450.82,0,-1
290,legit_43,947.56,998.4,13.6715,0.0883,90.0,E5F5,0,130.97,646.96,0,-1
290,legit_44,1.6,268.15,12.2288,0.2592,0.0,A1A2,1,174.52,770.92,0,-1
290,legit_45,218.25,198.4,9.0554,2.0638,90.0,B1C1,0,103.94,664.61,0,-1
290,legit_46,1001.6,161.03,12.6393,0.0404,0.0,F0F1,1,63.45,694.38,0,-1
290,legit_47,76.1,998.4,12.5451,-0.9255,90.0,A5B5,1,110.09,746.28,0,-1
290,legit_48,201.6,418.55,4.1026,1.9523,0.0,B2B3,0,78.04,587.48,0,-1
291,legit_23,72.63,1001.6,13.4395,0.1635,270.0,B5A5,1,110.15,750.18,0,-1
291,legit_25,-1.6,216.17,12.6946,-0.1278,180.0,A2A1,1,179.53,795.13,0,-1
291,legit_30,439.36,801.6,13.5728,0.0079,270.0,D4C4,0,39.85,497.12,0,-1
291,legit_33,247.9,1001.6,13.2018,0.2338,270.0,C5B5,0,125.43,650.7,0,-1
291,legit_34,945.55,198.4,12.5088,-0.2795,90.0,E1F1,1,130.6,647.77,0,-1
291,legit_36,378.47,601.6,12.5352,2.111,270.0,C3B3,0,71.55,485.81,0,-1
291,legit_37,801.6,364.63,12.3717,0.3502,0.0,E1E2,1,51.81,518.86,0,-1
291,legit_38,398.4,272.03,12.6949,-0.1129,180.0,C2C1,0,101.99,556.99,0,-1
291,legit_40,1.6,613.37,13.7851,1.1645,0.0,A3A4,0,149.0,705.16,0,-1
291,legit_41,691.14,401.6,13.1045,-0.1026,270.0,E2D2,1,72.07,484.64,0,-1
291,legit_42,621.28,598.4,11.8116,1.5277,90.0,D3E3,0,128.73,451.03,0,-1
291,legit_43,961.39,998.4,13.8292,0.1577,90.0,E5F5,0,120.46,653.27,0,-1
291,legit_44,1.6,281.28,13.1293,0.9005,0.0,A1A2,1,167.98,765.87,0,-1
291,legit_45,229.41,198.4,11.1655,2.1101,90.0,B1C1,0,111.59,659.25,0,-1
291,legit_46,1001.6,173.94,12.9102,0.271,0.0,F0F1,1,72.47,687.34,0,-1
291,legit_47,88.71,998.4,12.6133,0.0683,90.0,A5B5,1,102.05,737.78,0,-1
291,legit_48,201.6,424.35,5.7994,1.6968,0.0,B2B3,0,82.49,586.17,0,-1
292,legit_23,59.24,1001.6,13.3876,-0.0519,270.0,B5A5,1,119.93,759.41,0,-1
292,legit_25,-1.6,202.75,13.4233,0.7287,180.0,:A1_0,1,172.71,801.21,0,-1
292,legit_30,426.0,801.6,13.3577,-0.2151,270.0,D4C4,0,45.28,500.54,0,-1
292,legit_33,235.03,1001.6,12.8729,-0.3289,270.0,C5B5,1,115.66,656.62,0,-1
292,legit_34,958.0,198.4,12.4436,-0.0652,90.0,E1F1,1,120.88,653.39,0,-1
292,legit_36,366.08,601.6,12.3902,-0.145,270.0,C3B3,0,83.94,490.26,0,-1
292,legit_37,801.6,376.39,11.7651,-0.6066,0.0,E1E2,1,54.14,515.06,0,-1
292,legit_38,398.4,259.34,12.6835,-0.0115,180.0,C2C1,0,113.11,563.08,0,-1
292,legit_40,1.6,626.65,13.2846,-0.5005,0.0,A3A4,0,150.77,705.49,0,-1
292,legit_41,678.51,401.6,12.6393,-0.4652,270.0,E2D2,1,82.72,483.38,0,-1
292,legit_42,633.71,598.4,12.43,0.6184,90.0,D3E3,0,116.3,451.41,0,-1
292,legit_43,975.24,998.4,13.8558,0.0266,90.0,E5F5,0,110.67,659.8,0,-1
292,legit_44,1.6,294.12,12.838,-0.2913,0.0,A1A2,1,162.37,761.11,0,-1
292,legit_45,241.86,198.4,12.4527,1.2873,90.0,B1C1,0,120.77,653.45,0,-1
292,legit_46,1001.6,187.15,13.2099,0.2997,0.0,F0F1,1,82.78,680.33,0,-1
292,legit_47,101.36,998.4,12.6438,0.0304,90.0,A5B5,2,95.0,729.44,0,-1
292,legit_48,201.6,432.46,8.1065,2.3071,0.0,B2B3,0,88.95,584.41,0,-1
293,legit_23,45.51,1001.6,13.7313,0.3436,270.0,B5A5,1,130.63,769.04,0,-1
293,legit_25,-1.6,190.12,12.6311,-0.7922,180.0,A1A0,1,167.03,807.1,0,-1
293,legit_30,412.74,801.6,13.2642,-0.0935,270.0,D4C4,0,53.51,504.27,0,-1
293,legit_33,222.51,1001.6,12.5209,-0.352,270.0,C5B5,1,106.79,662.55,0,-1
293,legit_34,970.3,198.4,12.3008,-0.1427,90.0,E1F1,1,111.8,659.12,0,-1
293,legit_36,354.01,601.6,12.0685,-0.3216,270.0,C3B3,0,96.01,494.75,0,-1
293,legit_37,801.6,387.97,11.5726,-0.1925,0.0,E1E2,1,58.69,511.58,0,-1
293,legit_38,398.4,246.31,13.0329,0.3495,180.0,C2C1,0,124.85,569.52,0,-1
293,legit_40,1.6,639.8,13.1445,-0.1401,0.0,A3A4,0,153.64,706.04,0,-1
293,legit_41,665.8,401.6,12.707,0.0677,270.0,E2D2,1,93.92,482.32,0,-1
293,legit_42,645.99,598.4,12.2835,-0.1465,90.0,D3E3,0,104.02,451.96,0,-1
293,legit_43,987.13,998.4,11.8867,-1.9691,90.0,E5F5,0,103.01,665.58,0,-1
293,legit_44,1.6,307.19,13.0706,0.2326,0.0,A1A2,1,157.52,756.45,0,-1
293,legit_45,255.26,198.4,13.3924,0.9397,90.0,B1C1,0,131.25,647.41,0,-1
293,legit_46,1001.6,200.72,13.5637,0.3537,0.0,:F1_3,1,94.11,673.31,0,-1
293,legit_47,114.45,998.4,13.0918,0.448,90.0,A5B5,2,89.01,721.01,0,-1
293,legit_48,201.6,442.06,9.6003,1.4938,0.0,B2B3,0,96.93,582.42,0,-1
294,legit_23,31.82,1001.6,13.6968,-0.0344,270.0,B5A5,1,141.82,778.81,0,-1
294,legit_25,-1.6,177.49,12.6291,-0.002,180.0,A1A0,1,162.13,813.16,0,-1
294,legit_33,209.3,1001.6,13.2066,0.6857,270.0,C5B5,1,98.3,669.0,0,-1
294,legit_34,980.99,198.4,10.6911,-1.6098,90.0,E1F1,1,104.45,664.24,0,-1
294,legit_36,342.07,601.6,11.9407,-0.1279,270.0,C3B3,0,107.95,499.35,0,-1
294,legit_37,801.6,400.64,12.6703,1.0977,0.0,:E2_9,1,65.68,508.02,0,-1
294,legit_38,398.4,232.47,13.838,0.8051,180.0,C2C1,1,123.74,576.54,0,-1
294,legit_40,1.6,652.5,12.7047,-0.4398,0.0,A3A4,0,157.41,706.77,0,-1
294,legit_41,653.09,401.6,12.705,-0.002,270.0,E2D2,1,105.46,481.45,0,-1
294,legit_42,658.57,598.4,12.5797,0.2962,90.0,D3E3,0,91.44,452.7,0,-1
294,legit_43,995.07,998.4,7.9436,-3.9431,90.0,E5F5,0,98.36,669.54,0,-1
294,legit_44,1.6,320.45,13.2583,0.1878,0.0,A1A2,1,153.58,751.93,0,-1
294,legit_45,268.72,198.4,13.463,0.0706,90.0,B1C1,1,142.27,641.52,0,-1
294,legit_46,1001.6,213.8,13.089,-0.4746,0.0,F1F2,1,105.56,666.71,0,-1
294,legit_47,127.71,998.4,13.2676,0.1759,90.0,A5B5,2,84.59,712.71,0,-1
294,legit_48,201.6,453.53,11.4752,1.8749,0.0,B2B3,0,106.82,580.17,0,-1
294,legit_49,801.6,212.3,0.0,0.0,0.0,E1E2,0,105.74,587.14,0,-1
295,legit_23,18.56,1001.6,13.2571,-0.4398,270.0,B5A5,1,153.05,788.4,0,-1
295,legit_25,-1.6,164.48,13.0078,0.3787,180.0,A1A0,0,157.99,819.57,0,-1
295,legit_34,988.79,198.4,7.7978,-2.8933,90.0,E1F1,1,99.47,668.06,0,-1
295,legit_36,329.67,601.6,12.3999,0.4593,270.0,C3B3,0,120.34,504.29,0,-1
295,legit_37,801.6,413.32,12.6821,0.0118,0.0,E2E3,0,74.2,504.7,0,-1
295,legit_38,398.4,219.5,12.9738,-0.8642,180.0,C2C1,1,112.08,583.31,0,-1
295,legit_40,1.6,666.36,13.8533,1.1486,0.0,A3A4,0,162.56,707.79,0,-1
295,legit_41,640.67,401.6,12.4246,-0.2804,270.0,E2D2,0,116.98,480.78,0,-1
295,legit_42,670.8,598.4,12.2263,-0.3534,90.0,D3E3,0,79.22,453.59,0,-1
295,legit_43,998.34,997.2,3.9056,-4.038,105.4,:F5_1,0,97.59,670.59,0,-1
295,legit_44,1.6,332.65,12.2028,-1.0556,0.0,A1A2,0,150.9,747.94,0,-1
295,legit_45,281.98,198.4,13.2572,-0.2058,90.0,B1C1,1,153.51,635.91,0,-1
295,legit_46,1001.6,227.03,13.2239,0.1349,0.0,F1F2,1,117.46,660.21,0,-1
295,legit_47,140.66,998.4,12.947,-0.3206,90.0,A5B5,1,82.13,704.85,0,-1
295,legit_48,201.6,466.4,12.8686,1.3934,0.0,B2B3,0,118.25,577.82,0,-1
295,legit_49,801.6,213.81,1.508,1.508,0.0,E1E2,0,107.06,586.33,0,-1
296,legit_23,5.15,1001.6,13.4101,0.153,270.0,B5A5,1,164.71,798.23,0,-1
296,legit_25,-1.6,151.84,12.6369,-0.3709,180.0,A1A0,0,154.91,825.97,0,-1
296,legit_34,994.2,198.2,5.4235,-2.3743,92.29,:F1_6,1,96.07,670.85,0,-1
296,legit_36,317.81,601.6,11.8538,-0.5461,270.0,C3B3,0,132.2,509.17,0,-1
296,legit_37,801.6,425.6,12.283,-0.3992,0.0,E2E3,0,83.46,501.69,0,-1
296,legit_38,398.4,206.36,13.1336,0.1598,180.0,:C1_1,1,100.6,590.33,0,-1
296,legit_40,1.6,679.66,13.3033,-0.55,0.0,A3A4,0,168.43,708.98,0,-1
296,legit_41,627.97,401.6,12.6938,0.2692,270.0,E2D2,0,128.92,480.29,0,-1
296,legit_42,683.2,598.4,12.4029,0.1766,90.0,D3E3,0,66.82,454.67,0,-1
296,legit_43,998.4,993.87,3.3358,-0.5698,166.25,F5F4,0,100.41,668.92,0,-1
296,legit_44,1.6,344.88,12.2296,0.0268,0.0,A1A2,0,149.17,744.13,0,-1
296,legit_45,295.32,198.4,13.3449,0.0877,90.0,B1C1,1,165.12,630.44,0,-1
296,legit_46,1001.6,240.21,13.1822,-0.0417,0.0,F1F2,1,129.2,653.89,0,-1
296,legit_47,153.9,998.4,13.2383,0.2912,90.0,A5B5,1,81.69,697.07,0,-1
296,legit_48,201.6,479.46,13.0588,0.1902,0.0,B2B3,0,130.13,575.61,0,-1
296,legit_49,801.6,216.81,2.9977,1.4897,0.0,E1E2,0,109.7,584.73,0,-1
297,legit_25,-1.6,138.65,13.1989,0.562,180.0,A1A0,0,152.74,832.82,0,-1
297,legit_34,998.07,195.09,5.3084,-0.1151,130.69,:F1_6,1,91.29,674.41,0,-1
297,legit_36,305.47,601.6,12.3385,0.4847,270.0,C3B3,0,144.53,514.4,0,-1
297,legit_37,801.6,437.84,12.2365,-0.0465,0.0,E2E3,0,93.39,498.88,0,-1
297,legit_38,398.4,193.68,12.6862,-0.4474,180.0,:C1_1,1,89.95,597.29,0,-1
297,legit_40,1.6,692.87,13.2159,-0.0875,0.0,A3A4,0,175.07,710.38,0,-1
297,legit_41,617.31,401.6,10.6621,-2.0317,270.0,E2D2,0,139.06,480.02,0,-1
297,legit_42,695.39,598.4,12.1891,-0.2138,90.0,D3E3,0,54.64,455.9,0,-1
297,legit_43,998.4,988.21,5.6513,2.3155,180.0,F5F4,0,105.3,666.07,0,-1
297,legit_44,1.6,357.14,12.2557,0.0262,0.0,A1A2,0,148.43,740.48,0,-1
297,legit_45,307.72,198.4,12.3973,-0.9476,90.0,B1C1,1,162.45,625.52,0,-1
297,legit_46,1001.6,253.71,13.4952,0.313,0.0,F1F2,1,116.79,647.58,0,-1
297,legit_47,167.04,998.4,13.1372,-0.101,90.0,A5B5,0,83.36,689.62,0,-1
297,legit_48,201.6,492.05,12.5915,-0.4673,0.0,B2B3,0,119.65,573.65,0,-1
297,legit_49,801.6,221.26,4.4507,1.453,0.0,E1E2,0,113.65,582.38,0,-1
298,legit_25,-1.6,124.88,13.768,0.5691,180.0,A1A0,0,151.68,840.17,0,-1
298,legit_34,998.4,189.95,5.1554,-0.153,176.5,F1F0,1,86.93,677.25,0,-1
298,legit_36,292.96,601.6,12.517,0.1785,270.0,C3B3,1,142.97,519.87,0,-1
298,legit_37,801.6,449.29,11.454,-0.7825,0.0,E2E3,0,103.13,496.42,0,-1
298,legit_38,398.4,180.27,13.408,0.7218,180.0,C1C0,1,79.34,604.84,0,-1
298,legit_40,1.6,706.09,13.2155,-0.0003,0.0,A3A4,0,182.42,711.98,0,-1
298,legit_41,611.15,401.6,6.1621,-4.5,270.0,E2D2,0,144.95,479.92,0,-1
298,legit_42,708.1,598.4,12.7102,0.5211,90.0,D3E3,0,41.93,457.36,0,-1
298,legit_43,998.4,980.11,8.1028,2.4515,180.0,F5F4,0,112.43,662.05,0,-1
298,legit_44,1.6,369.13,11.9898,-0.2659,0.0,A1A2,0,148.68,737.09,0,-1
298,legit_45,320.57,198.4,12.8464,0.4491,90.0,B1C1,1,151.33,620.59,0,-1
298,legit_46,1001.6,267.38,13.6775,0.1822,0.0,F1F2,1,104.5,641.37,0,-1
298,legit_47,179.61,998.4,12.5711,-0.5661,90.0,A5B5,0,86.81,682.73,0,-1
298,legit_48,201.6,504.93,12.8744,0.2829,0.0,B2B3,1,108.17,571.81,0,-1
298,legit_49,801.6,227.81,6.556,2.1054,0.0,E1E2,0,119.52,578.95,0,-1
299,legit_25,-1.6,111.15,13.7248,-0.0432,180.0,A1A0,0,151.86,847.69,0,-1
299,legit_34,998.4,183.41,6.5457,1.3903,180.0,F1F0,1,81.75,680.69,0,-1
299,legit_36,281.51,601.6,11.4478,-1.0692,270.0,C3B3,1,131.52,525.01,0,-1
299,legit_37,801.6,461.04,11.7441,0.2901,0.0,E2E3,0,113.45,494.05,0,-1
299,legit_38,398.4,166.57,13.695,0.287,180.0,C1C0,1,69.51,612.76,0,-1
299,legit_40,1.6,719.93,13.842,0.6265,0.0,A3A4,0,190.8,713.87,0,-1
299,legit_41,603.28,401.6,7.874,1.7119,270.0,:D2_5,0,152.51,479.85,0,-1
299,legit_42,720.66,598.4,12.5595,-0.1507,90.0,D3E3,0,29.39,458.99,0,-1
299,legit_43,998.4,969.83,10.282,2.1792,180.0,F5F4,0,121.66,657.02,0,-1
299,legit_44,1.6,381.13,12.0056,0.0159,0.0,A1A2,0,149.9,733.87,0,-1
299,legit_45,333.21,198.4,12.6396,-0.2068,90.0,B1C1,1,140.67,615.91,0,-1
299,legit_46,1001.6,280.36,12.9791,-0.6984,0.0,F1F2,1,93.19,635.65,0,-1
299,legit_47,189.96,998.4,10.3469,-2.2243,90.0,A5B5,0,90.86,677.24,0,-1
299,legit_48,201.6,517.92,12.9901,0.1157,0.0,B2B3,1,96.95,570.15,0,-1
299,legit_49,801.6,236.96,9.1438,2.5878,0.0,E1E2,0,127.83,574.24,0,-1
300,legit_25,-1.6,97.53,13.6211,-0.1037,180.0,A1A0,0,153.26,855.33,0,-1
300,legit_34,998.4,174.7,8.7079,2.1623,180.0,F1F0,1,75.2,685.34,0,-1
300,legit_36,268.93,601.6,12.5818,1.134,270.0,C3B3,1,118.94,530.82,0,-1
300,legit_37,801.6,473.12,12.0875,0.3434,0.0,E2E3,1,124.34,491.78,0,-1
300,legit_38,398.4,153.0,13.574,-0.121,180.0,C1C0,1,61.25,620.84,0,-1
300,legit_40,1.6,733.21,13.2782,-0.5638,0.0,A3A4,0,182.83,715.89,0,-1
300,legit_41,592.88,401.6,10.3963,2.5223,270.0,:D2_5,0,148.81,479.88,0,-1
300,legit_42,733.07,598.4,12.4127,-0.1468,90.0,D3E3,1,17.01,460.78,0,-1
300,legit_43,998.4,957.77,12.0562,1.7742,180.0,F5F4,0,128.58,651.26,0,-1
300,legit_44,1.6,394.02,12.8888,0.8831,0.0,:A2_7,0,152.25,730.61,0,-1
300,legit_45,345.99,198.4,12.7801,0.1406,90.0,B1C1,1,130.25,611.36,0,-1
300,legit_46,1001.6,293.61,13.2479,0.2688,0.0,F1F2,1,82.16,629.98,0,-1
300,legit_47,195.96,997.62,6.1483,-4.1986,99.08,:B5_6,0,94.33,673.72,0,-1
300,legit_48,201.6,531.68,13.7583,0.7682,0.0,B2B3,1,85.62,568.58,0,-1
300,legit_49,801.6,248.54,11.5841,2.4403,0.0,E1E2,0,122.82,568.4,0,-1
300,legit_50,187.7,201.6,0.0,0.0,270.0,B1A1,0,89.89,678.42,0,-1
301,legit_25,-1.6,84.88,12.6471,-0.974,180.0,A1A0,0,155.61,862.6,0,-1
301,legit_34,998.4,163.54,11.1597,2.4518,180.0,F1F0,1,67.52,691.42,0,-1
301,legit_36,256.35,601.6,12.5786,-0.0033,270.0,C3B3,1,106.36,536.79,0,-1
301,legit_37,801.6,484.7,11.5726,-0.5149,0.0,E2E3,1,126.32,489.77,0,-1
301,legit_38,398.4,139.46,13.5396,-0.0344,180.0,C1C0,1,55.15,629.16,0,-1
301,legit_40,1.6,745.99,12.7777,-0.5006,0.0,A3A4,0,175.67,718.03,0,-1
301,legit_41,581.05,401.6,11.8318,1.4355,270.0,D2C2,0,137.49,480.05,0,-1
301,legit_42,745.81,598.4,12.7411,0.3284,90.0,D3E3,1,4.48,462.81,0,-1
301,legit_43,998.4,943.99,13.7849,1.7287,180.0,F5F4,0,116.09,644.84,0,-1
301,legit_44,1.6,406.88,12.8548,-0.034,0.0,:A2_7,0,155.63,727.56,0,-1
301,legit_45,359.44,198.4,13.4552,0.6751,90.0,B1C1,1,119.78,606.76,0,-1
301,legit_46,1001.6,307.47,13.8593,0.6115,0.0,F1F2,1,71.43,624.26,0,-1
301,legit_47,198.4,992.54,5.9886,-0.1597,160.83,B5B4,0,99.96,669.89,0,-1
301,legit_48,201.6,545.01,13.3337,-0.4246,0.0,B2B3,1,75.41,567.28,0,-1
301,legit_49,801.6,261.88,13.3436,1.7594,0.0,E1E2,0,110.86,561.85,0,-1
301,legit_50,185.97,201.6,1.7287,1.7287,270.0,B1A1,0,89.18,679.33,0,-1
302,legit_25,-1.6,71.4,13.489,0.8419,180.0,A1A0,0,159.2,870.51,0,-1
302,legit_34,998.4,151.75,11.7945,0.6348,180.0,F1F0,0,60.58,698.02,0,-1
302,legit_36,244.17,601.6,12.1829,-0.3957,270.0,C3B3,1,94.18,542.72,0,-1
302,legit_37,801.6,497.32,12.6237,1.0512,0.0,E2E3,1,114.92,487.74,0,-1
302,legit_38,398.4,126.11,13.3547,-0.1849,180.0,C1C0,1,51.96,637.67,0,-1
302,legit_40,1.6,759.07,13.084,0.3063,0.0,A3A4,0,169.03,720.41,0,-1
302,legit_41,567.89,401.6,13.1566,1.3248,270.0,D2C2,0,125.02,480.43,0,-1
302,legit_42,757.58,598.4,11.7697,-0.9715,90.0,D3E3,1,7.75,465.6,0,-1
302,legit_43,998.4,930.76,13.228,-0.5568,180.0,F5F4,0,104.4,638.86,0,-1
302,legit_44,1.6,420.03,13.1528,0.298,0.0,A2A3,0,160.08,724.63,0,-1
302,legit_45,372.82,198.4,13.3744,-0.0808,90.0,B1C1,1,110.02,602.4,0,-1
302,legit_46,1001.6,320.51,13.037,-0.8223,0.0,F1F2,0,62.47,619.1,0,-1
302,legit_47,198.4,984.31,8.2315,2.2429,180.0,B5B4,0,107.24,665.77,0,-1
302,legit_48,201.6,557.68,12.6679,-0.6658,0.0,B2B3,1,66.74,566.26,0,-1
302,legit_49,801.6,275.44,13.5517,0.2081,0.0,E1E2,0,99.06,555.38,0,-1
302,legit_50,182.83,201.6,3.1411,1.4124,270.0,B1A1,0,87.96,681.0,0,-1
303,legit_25,-1.6,58.64,12.7579,-0.7311,180.0,A1A0,0,163.55,878.15,0,-1
303,legit_34,998.4,140.02,11.7245,-0.07,180.0,F1F0,0,55.35,704.77,0,-1
303,legit_36,231.62,601.6,12.5487,0.3658,270.0,C3B3,1,81.63,549.0,0,-1
303,legit_37,801.6,508.97,11.647,-0.9767,0.0,E2E3,1,104.64,486.04,0,-1
303,legit_38,398.4,112.29,13.8212,0.4665,180.0,C1C0,1,52.17,646.79,0,-1
303,legit_40,1.6,772.13,13.0535,-0.0304,0.0,A3A4,0,163.19,722.99,0,-1
303,legit_41,555.14,401.6,12.7514,-0.4052,270.0,D2C2,0,113.07,480.99,0,-1
303,legit_42,769.4,598.4,11.8169,0.0473,90.0,D3E3,1,19.46,468.98,0,-1
303,legit_43,998.4,917.37,13.3909,0.1629,180.0,F5F4,0,93.0,632.98,0,-1
303,legit_44,1.6,432.63,12.5993,-0.5535,0.0,A2A3,0,165.22,722.03,0,-1
303,legit_45,383.16,198.4,10.3474,-3.027,90.0,B1C1,1,103.02,599.17,0,-1
303,legit_46,1001.6,334.16,13.6507,0.6136,0.0,F1F2,0,54.87,613.94,0,-1
303,legit_47,198.4,974.07,10.2382,2.0068,180.0,B5B4,0,116.47,660.74,0,-1
303,legit_48,201.6,570.64,12.9671,0.2992,0.0,B2B3,1,59.37,565.44,0,-1
303,legit_49,801.6,289.32,13.8863,0.3346,0.0,E1E2,0,87.51,548.97,0,-1
303,legit_50,177.96,201.6,4.8662,1.7251,270.0,B1A1,0,86.26,683.62,0,-1
304,legit_25,-1.6,45.0,13.6337,0.8758,180.0,A1A0,0,169.14,886.47,0,-1
304,legit_34,998.4,128.05,11.9732,0.2487,180.0,F1F0,0,52.22,711.88,0,-1
304,legit_36,219.37,601.6,12.248,-0.3007,270.0,C3B3,1,69.39,555.27,0,-1
304,legit_37,801.6,521.48,12.5145,0.8674,0.0,E2E3,1,93.96,484.38,0,-1
304,legit_38,398.4,99.62,12.6617,-1.1595,180.0,C1C0,1,55.48,655.44,0,-1
304,legit_40,1.6,785.4,13.2733,0.2197,0.0,A3A4,0,158.13,725.82,0,-1
304,legit_41,541.97,401.6,13.1718,0.4204,270.0,D2C2,0,100.94,481.76,0,-1
304,legit_42,780.49,598.4,11.0948,-0.7221,90.0,D3E3,1,30.53,472.3,0,-1
304,legit_43,998.4,904.07,13.2965,-0.0944,180.0,F5F4,0,82.27,627.32,0,-1
304,legit_44,1.6,444.65,12.0251,-0.5742,0.0,A2A3,0,170.85,719.71,0,-1
304,legit_45,389.61,198.4,6.4478,-3.8996,90.0,B1C1,1,98.96,597.23,0,-1
304,legit_46,1001.6,347.22,13.066,-0.5846,0.0,F1F2,0,50.06,609.28,0,-1
304,legit_47,198.4,961.41,12.6603,2.4221,180.0,B5B4,0,128.09,654.65,0,-1
304,legit_48,201.6,583.13,12.4809,-0.4862,0.0,B2B3,1,54.29,564.91,0,-1
304,legit_49,801.6,303.19,13.8651,-0.0212,0.0,E1E2,0,76.75,542.8,0,-1
304,legit_50,170.72,201.6,7.2434,2.3772,270.0,B1A1,0,84.19,687.58,0,-1
305,legit_25,-1.6,31.51,13.4956,-0.1381,180.0,A1A0,0,175.54,894.86,0,-1
305,legit_34,998.4,115.44,12.6117,0.6385,180.0,F1F0,0,51.8,719.63,0,-1
305,legit_36,211.62,601.6,7.748,-4.5,270.0,C3B3,1,61.64,559.32,0,-1
305,legit_37,801.6,533.62,12.1381,-0.3764,0.0,E2E3,1,84.08,482.96,0,-1
305,legit_38,398.4,86.99,12.6301,-0.0317,180.0,C1C0,1,61.25,664.32,0,-1
305,legit_40,1.6,798.22,12.8189,-0.4544,0.0,:A4_7,0,154.17,728.74,0,-1
305,legit_41,529.34,401.6,12.63,-0.5419,270.0,D2C2,0,89.58,482.7,0,-1
305,legit_42,788.53,598.4,8.0349,-3.0599,90.0,D3E3,1,38.56,474.8,0,-1
305,legit_43,998.4,890.59,13.4795,0.1829,180.0,F5F4,0,72.27,621.8,0,-1
305,legit_44,1.6,457.1,12.4431,0.418,0.0,A2A3,0,177.34,717.49,0,-1
305,legit_45,392.88,198.46,3.2895,-3.1583,89.36,:C1_15,1,97.04,596.24,0,-1
305,legit_46,1001.6,360.08,12.8609,-0.2051,0.0,F1F2,0,48.4,605.0,0,-1
305,legit_47,198.4,948.73,12.6783,0.018,180.0,B5B4,0,119.02,648.71,0,-1
305,legit_48,201.6,591.73,8.6031,-3.8779,0.0,B2B3,1,52.26,564.71,0,-1
305,legit_49,801.6,315.91,12.7186,-1.1464,0.0,E1E2,0,67.87,537.35,0,-1
305,legit_50,162.02,201.6,8.6965,1.4531,270.0,B1A1,0,82.48,692.43,0,-1
306,legit_25,-1.6,17.87,13.635,0.1394,180.0,A1A0,0,182.79,903.49,0,-1
306,legit_34,998.4,102.49,12.9507,0.339,180.0,F1F0,0,54.49,727.86,0,-1
306,legit_36,206.13,601.75,5.5053,-2.2427,271.76,:B3_4,1,56.15,562.22,0,-1
306,legit_37,801.6,545.58,11.9546,-0.1835,0.0,E2E3,1,75.0,481.74,0,-1
306,legit_38,398.4,73.21,13.7848,1.1547,180.0,C1C0,1,69.66,674.25,0,-1
306,legit_40,1.6,811.06,12.8426,0.0237,0.0,A4A5,0,151.2,731.87,0,-1
306,legit_41,516.65,401.6,12.6851,0.0551,270.0,D2C2,0,78.57,483.84,0,-1
306,legit_42,798.79,598.4,10.2621,2.2272,90.0,:E3_13,1,48.82,478.09,0,-1
306,legit_43,998.4,877.38,13.212,-0.2675,180.0,F5F4,0,63.72,616.6,0,-1
306,legit_44,1.6,470.04,12.9451,0.5019,0.0,A2A3,0,184.75,715.37,0,-1
306,legit_45,393.73,200.98,3.4533,0.1638,42.65,:C1_15,1,98.61,594.61,0,-1
306,legit_46,1001.6,372.83,12.7467,-0.1143,0.0,F1F2,0,50.07,601.08,0,-1
306,legit_47,198.4,935.76,12.965,0.2867,180.0,B5B4,0,107.3,642.78,0,-1
306,legit_48,203.58,597.35,6.2618,-2.3412,24.13,:B3_8,1,53.64,563.59,0,-1
306,legit_49,801.6,329.66,13.7511,1.0324,0.0,E1E2,0,59.86,531.72,0,-1
306,legit_50,151.8,201.6,10.221,1.5245,270.0,B1A1,0,81.62,698.28,0,-1
307,legit_25,-1.6,8.39,9.488,-4.1471,180.0,A1A0,0,188.26,909.58,0,-1
307,legit_34,998.4,90.42,12.0697,-0.881,180.0,F1F0,0,59.48,735.77,0,-1
307,legit_36,202.12,604.47,5.148,-0.3572,304.93,:B3_4,1,52.31,564.38,0,-1
307,legit_37,801.6,557.02,11.4422,-0.5124,0.0,E2E3,1,67.16,480.76,0,-1
307,legit_38,398.4,59.77,13.4386,-0.3462,180.0,C1C0,1,79.31,684.13,0,-1
307,legit_40,1.6,823.81,12.7466,-0.096,0.0,A4A5,0,149.28,735.18,0,-1
307,legit_41,503.66,401.6,12.9957,0.3106,270.0,D2C2,0,67.9,485.23,0,-1
307,legit_42,811.65,598.4,12.8576,2.5954,90.0,E3F3,1,61.67,482.39,0,-1
307,legit_43,998.4,864.77,12.6169,-0.595,180.0,F5F4,0,57.24,611.87,0,-1
307,legit_44,1.6,482.88,12.8395,-0.1056,0.0,A2A3,0,189.05,713.46,0,-1
307,legit_45,390.67,201.6,3.251,-0.2023,300.68,C1B1,1,100.89,595.17,0,-1
307,legit_46,1001.6,386.0,13.1724,0.4257,0.0,F1F2,0,54.94,597.33,0,-1
307,legit_47,198.4,922.25,13.5123,0.5473,180.0,B5B4,0,95.44,636.79,0,-1
307,legit_48,209.51,598.4,6.1477,-0.1141,84.66,B3C3,1,59.53,560.43,0,-1
307,legit_49,801.6,342.26,12.6053,-1.1458,0.0,E1E2,0,54.56,526.82,0,-1
307,legit_50,139.86,201.6,11.9468,1.7258,270.0,B1A1,0,82.23,705.33,0,-1
308,legit_25,-1.53,2.68,5.7131,-3.7749,179.14,:A0_0,0,191.64,913.22,0,-1
308,legit_34,998.4,78.13,12.2895,0.2198,180.0,F1F0,0,66.45,744.02,0,-1
308,legit_36,201.6,610.08,5.6817,0.5336,356.56,B3B4,1,52.58,564.74,0,-1
308,legit_37,801.6,569.57,12.5532,1.111,0.0,E2E3,1,59.9,479.92,0,-1
308,legit_38,398.4,46.48,13.2891,-0.1494,180.0,C1C0,0,89.82,694.08,0,-1
308,legit_40,1.6,837.09,13.2817,0.5352,0.0,A4A5,0,148.43,738.83,0,-1
308,legit_41,491.18,401.6,12.4811,-0.5145,270.0,D2C2,0,58.53,486.78,0,-1
308,legit_42,824.24,598.4,12.5949,-0.2626,90.0,E3F3,1,74.26,486.77,0,-1
308,legit_43,998.4,851.23,13.5387,0.9217,180.0,F5F4,0,52.81,607.09,0,-1
308,legit_44,1.6,495.03,12.1509,-0.6885,0.0,A2A3,0,181.77,711.83,0,-1
308,legit_45,384.99,201.6,5.6709,2.4199,270.0,C1B1,0,104.33,596.86,0,-1
308,legit_46,1001.6,399.37,13.3621,0.1897,0.0,:F2_3,1,62.39,593.82,0,-1
308,legit_47,198.4,908.88,13.3719,-0.1404,180.0,B5B4,0,84.18,631.03,0,-1
308,legit_48,217.88,598.4,8.3743,2.2266,90.0,B3C3,1,67.9,556.04,0,-1
308,legit_49,801.6,355.07,12.8105,0.2052,0.0,E1E2,0,51.83,522.14,0,-1
308,legit_50,126.55,201.6,13.3087,1.3618,270.0,B1A1,0,84.9,713.43,0,-1
308,legit_51,998.4,387.7,0.0,0.0,180.0,F2F1,1,58.56,595.18,0,-1
309,legit_25,1.51,-1.36,5.5057,-0.2074,140.02,:A0_0,0,191.77,913.86,0,-1
309,legit_34,998.4,66.27,11.8553,-0.4342,180.0,F1F0,0,74.49,752.15,0,-1
309,legit_36,201.6,617.29,7.2044,1.5227,0.0,B3B4,1,54.42,564.92,0,-1
309,legit_37,801.6,581.33,11.7552,-0.798,0.0,E2E3,1,54.88,479.36,0,-1
309,legit_38,398.4,33.31,13.1728,-0.1163,180.0,C1C0,0,100.89,704.1,0,-1
309,legit_40,1.6,850.69,13.5994,0.3176,0.0,A4A5,0,148.78,742.79,0,-1
309,legit_41,478.25,401.6,12.9289,0.4478,270.0,D2C2,0,50.28,488.65,0,-1
309,legit_42,836.75,598.4,12.5033,-0.0917,90.0,E3F3,1,86.76,491.3,0,-1
309,legit_43,998.4,837.52,13.7101,0.1714,180.0,F5F4,0,51.66,602.57,0,-1
309,legit_44,1.6,507.85,12.8177,0.6668,0.0,A2A3,0,174.68,710.3,0,-1
309,legit_45,377.53,201.6,7.4606,1.7897,270.0,C1B1,0,109.13,599.15,0,-1
309,legit_46,1001.6,412.69,13.3236,-0.0385,0.0,F2F3,1,71.55,590.58,0,-1
309,legit_47,198.4,896.16,12.7235,-0.6483,180.0,B5B4,0,74.14,625.74,0,-1
309,legit_48,228.36,598.4,10.4809,2.1066,90.0,B3C3,1,78.38,550.65,0,-1
309,legit_49,801.6,368.66,13.5923,0.7818,0.0,E1E2,0,52.32,517.53,0,-1
309,legit_50,113.93,201.6,12.6134,-0.6953,270.0,B1A1,0,89.21,721.34,0,-1
309,legit_51,998.4,386.05,1.6525,1.6525,180.0,F2F1,1,57.8,595.63,0,-1
310,legit_25,6.75,-1.6,5.2562,-0.2495,92.36,A0B0,0,187.9,910.6,0,-1
310,legit_34,998.4,54.14,12.1289,0.2736,180.0,F1F0,0,83.66,760.6,0,-1
310,legit_36,201.6,626.02,8.7328,1.5284,0.0,B3B4,1,57.79,565.27,0,-1
310,legit_38,398.4,21.14,12.1636,-1.0092,180.0,C1C0,0,111.51,713.46,0,-1
310,legit_40,1.6,863.33,12.6369,-0.9624,0.0,A4A5,0,150.22,746.67,0,-1
310,legit_41,466.02,401.6,12.2269,-0.702,270.0,D2C2,0,44.58,490.7,0,-1
310,legit_42,849.02,598.4,12.2729,-0.2304,90.0,E3F3,0,99.03,495.9,0,-1
310,legit_43,998.4,823.79,13.7292,0.0191,180.0,F5F4,0,54.09,598.41,0,-1
310,legit_44,1.6,520.77,12.9202,0.1025,0.0,A2A3,0,168.23,708.94,0,-1
310,legit_45,368.55,201.6,8.9868,1.5262,270.0,C1B1,0,115.3,602.01,0,-1
310,legit_46,1001.6,425.53,12.8432,-0.4804,0.0,F2F3,1,81.47,587.66,0,-1
310,legit_47,198.4,883.68,12.4754,-0.2482,180.0,B5B4,0,65.2,620.73,0,-1
310,legit_48,240.95,598.4,12.5854,2.1045,90.0,B3C3,1,90.96,544.32,0,-1
310,legit_49,801.6,381.87,13.2003,-0.392,0.0,E1E2,0,56.04,513.39,0,-1
310,legit_50,100.43,201.6,13.5074,0.894,270.0,B1A1,0,95.48,730.05,0,-1
310,legit_51,998.4,382.55,3.493,1.8406,180.0,F2F1,1,56.31,596.6,0,-1
311,legit_25,13.92,-1.6,7.1719,1.9156,90.0,A0B0,0,182.49,905.95,0,-1
311,legit_34,998.4,41.71,12.4305,0.3016,180.0,F1F0,0,93.76,769.41,0,-1
311,legit_36,201.6,636.18,10.1556,1.4229,0.0,B3B4,1,63.02,565.84,0,-1
311,legit_38,398.4,12.63,8.5176,-3.646,180.0,C1C0,0,119.13,720.08,0,-1
311,legit_40,1.6,877.2,13.8743,1.2373,0.0,A4A5,0,152.99,751.15,0,-1
311,legit_41,452.73,401.6,13.2948,1.0679,270.0,D2C2,0,41.69,493.29,0,-1
311,legit_42,860.96,598.4,11.9382,-0.3346,90.0,E3F3,0,110.97,500.54,0,-1
311,legit_43,998.4,811.11,12.6777,-1.0515,180.0,F5F4,0,59.14,594.85,0,-1
311,legit_44,1.6,533.42,12.6475,-0.2727,0.0,A2A3,0,162.65,707.81,0,-1
311,legit_45,357.73,201.6,10.8141,1.8273,270.0,C1B1,0,123.17,605.58,0,-1
311,legit_46,1001.6,438.6,13.0712,0.228,0.0,F2F3,1,92.31,584.88,0,-1
311,legit_47,198.4,871.15,12.5323,0.0569,180.0,B5B4,0,57.56,615.91,0,-1
311,legit_48,254.22,598.4,13.2748,0.6893,90.0,B3C3,1,104.24,537.81,0,-1
311,legit_49,801.6,395.08,13.2111,0.0108,0.0,:E2_9,0,62.39,509.55,0,-1
311,legit_50,87.18,201.6,13.2493,-0.2581,270.0,B1A1,0,102.98,738.8,0,-1
311,legit_51,998.4,377.16,5.3983,1.9053,180.0,F2F1,1,54.38,598.13,0,-1
312,legit_25,23.64,-1.6,9.7173,2.5454,90.0,A0B0,0,175.37,899.71,0,-1
312,legit_34,998.4,29.87,11.8452,-0.5853,180.0,F1F0,0,103.86,777.91,0,-1
312,legit_36,201.6,647.89,11.7159,1.5603,0.0,B3B4,1,70.4,566.68,0,-1
312,legit_38,398.4,8.43,4.1987,-4.3188,180.0,C1C0,0,122.93,723.37,0,-1
312,legit_40,1.6,890.8,13.6027,-0.2716,0.0,A4A5,0,156.85,755.75,0,-1
312,legit_41,439.54,401.6,13.1867,-0.1081,270.0,D2C2,0,42.89,496.25,0,-1
312,legit_42,873.26,598.4,12.3078,0.3695,90.0,E3F3,0,123.27,505.48,0,-1
312,legit_43,998.4,798.38,12.7285,0.0508,180.0,:F4_1,0,66.29,591.54,0,-1
312,legit_44,1.6,546.5,13.0844,0.4368,0.0,A2A3,0,157.75,706.83,0,-1
312,legit_45,345.43,201.6,12.3069,1.4928,270.0,C1B1,1,132.64,609.8,0,-1
312,legit_46,1001.6,451.54,12.9378,-0.1334,0.0,F2F3,1,103.55,582.32,0,-1
312,legit_47,198.4,857.55,13.5985,1.0662,180.0,B5B4,0,51.48,610.95,0,-1
312,legit_48,267.67,598.4,13.4453,0.1706,90.0,B3C3,1,117.68,531.41,0,-1
312,legit_49,801.6,408.07,12.9905,-0.2206,0.0,E2E3,0,70.52,506.05,0,-1
312,legit_50,73.58,201.6,13.6002,0.3509,270.0,B1A1,1,111.8,747.99,0,-1
312,legit_51,998.4,369.68,7.4716,2.0733,180.0,F2F1,1,52.5,600.34,0,-1
312,legit_52,198.4,187.7,0.0,0.0,180.0,B1B0,2,83.22,680.04,0,-1
313,legit_25,35.35,-1.6,11.7115,1.9942,90.0,A0B0,0,167.13,892.29,0,-1
313,legit_34,998.4,17.11,12.7596,0.9144,180.0,F1F0,0,115.11,787.18,0,-1
313,legit_36,201.6,659.98,12.0898,0.3739,0.0,B3B4,1,79.12,567.74,0,-1
313,legit_38,396.53,2.72,6.2897,2.0909,202.82,:C0_0,0,128.89,728.32,0,-1
313,legit_40,1.6,903.47,12.6642,-0.9385,0.0,A4A5,0,161.4,760.23,0,-1
313,legit_41,426.06,401.6,13.4754,0.2888,270.0,D2C2,0,47.99,499.68,0,-1
313,legit_42,885.12,598.4,11.8518,-0.456,90.0,E3F3,0,135.13,510.4,0,-1
313,legit_43,998.4,785.35,13.0286,0.3002,180.0,F4F3,0,75.16,588.38,0,-1
313,legit_44,1.6,559.45,12.9474,-0.137,0.0,A2A3,0,153.84,706.08,0,-1
313,legit_45,332.79,201.6,12.6405,0.3336,270.0,C1B1,1,142.82,614.32,0,-1
313,legit_46,1001.6,465.37,13.8326,0.8947,0.0,F2F3,1,115.96,579.78,0,-1
313,legit_47,198.4,844.13,13.4226,-0.176,180.0,B5B4,0,48.58,606.37,0,-1
313,legit_48,281.05,598.4,13.3771,-0.0683,90.0,B3C3,1,131.06,525.22,0,-1
313,legit_49,801.6,421.44,13.3717,0.3812,0.0,E2E3,0,80.23,502.69,0,-1
313,legit_50,59.8,201.6,13.7745,0.1743,270.0,B1A1,1,121.63,757.49,0,-1
313,legit_51,998.4,360.17,9.5189,2.0473,180.0,F2F1,1,51.6,603.31,0,-1
313,legit_52,198.4,186.3,1.401,1.401,180.0,B1B0,2,82.09,680.77,0,-1
314,legit_25,48.26,-1.6,12.9083,1.1968,90.0,A0B0,0,158.55,884.23,0,-1
314,legit_34,998.4,8.42,8.686,-4.0736,180.0,F1F0,0,122.93,793.55,0,-1
314,legit_36,201.6,672.45,12.4662,0.3764,0.0,B3B4,1,88.95,569.03,0,-1
314,legit_38,391.27,1.6,5.4998,-0.7898,259.9,C0B0,0,132.17,730.53,0,-1
314,legit_40,1.6,916.18,12.7106,0.0464,0.0,A4A5,0,166.81,764.91,0,-1
314,legit_41,415.42,401.6,10.6445,-2.8309,270.0,D2C2,0,54.1,502.64,0,-1
314,legit_42,897.92,598.4,12.8019,0.9501,90.0,E3F3,0,147.93,515.86,0,-1
314,legit_43,998.4,772.06,13.2877,0.2591,180.0,F4F3,0,85.31,585.38,0,-1
314,legit_44,1.6,572.16,12.7105,-0.2368,0.0,A2A3,0,150.99,705.53,0,-1
314,legit_45,320.25,201.6,12.5386,-0.1019,270.0,C1B1,1,153.28,618.97,0,-1
314,legit_46,1001.6,479.22,13.8494,0.0168,0.0,F2F3,1,128.67,577.43,0,-1
314,legit_47,198.4,831.35,12.7824,-0.6401,180.0,B5B4,0,49.17,602.33,0,-1
314,legit_48,294.81,598.4,13.7653,0.3882,90.0,B3C3,1,144.82,519.05,0,-1
314,legit_49,801.6,435.19,13.7505,0.3788,0.0,E2E3,0,91.19,499.47,0,-1
314,legit_50,47.08,201.6,12.7232,-1.0513,270.0,B1A1,0,131.34,766.42,0,-1
314,legit_51,998.4,349.35,10.8206,1.3017,180.0,F2F1,1,52.69,606.89,0,-1
314,legit_52,198.4,183.37,2.9268,1.5259,180.0,B1B0,1,79.74,682.31,0,-1
315,legit_25,61.03,-1.6,12.7717,-0.1366,90.0,A0B0,0,150.67,876.39,0,-1
315,legit_34,998.4,3.43,4.9905,-3.6955,180.0,F1F0,0,127.48,797.24,0,-1
315,legit_36,201.6,684.1,11.6557,-0.8104,0.0,B3B4,2,98.67,570.39,0,-1
315,legit_38,383.17,1.6,8.0947,2.5948,270.0,C0B0,0,135.96,732.64,0,-1
315,legit_40,1.6,929.01,12.8366,0.126,0.0,A4A5,0,173.05,769.82,0,-1
315,legit_41,409.28,401.6,6.1445,-4.5,270.0,D2C2,0,58.22,504.44,0,-1
315,legit_42,909.77,598.4,11.8483,-0.9536,90.0,E3F3,1,140.24,521.08,0,-1
315,legit_43,998.4,758.5,13.5625,0.2748,180.0,F4F3,0,96.46,582.53,0,-1
315,legit_44,1.6,584.6,12.4367,-0.2739,0.0,A2A3,0,149.2,705.19,0,-1
315,legit_45,307.65,201.6,12.5954,0.0568,270.0,C1B1,1,164.08,623.81,0,-1
315,legit_46,1001.6,492.44,13.2172,-0.6323,0.0,F2F3,1,117.95,575.37,0,-1
315,legit_47,198.4,818.93,12.4172,-0.3652,180.0,B5B4,1,52.79,598.7,0,-1
315,legit_48,308.51,598.4,13.6977,-0.0676,90.0,B3C3,1,141.5,513.1,0,-1
315,legit_49,801.6,447.81,12.6182,-1.1323,0.0,E2E3,0,101.85,496.73,0,-1
315,legit_50,33.39,201.6,13.687,0.9639,270.0,B1A1,0,142.32,776.17,0,-1
315,legit_51,998.4,336.99,12.3547,1.5342,180.0,F2F1,0,56.5,611.24,0,-1
315,legit_52,198.4,178.62,4.7541,1.8272,180.0,B1B0,1,76.02,684.84,0,-1
316,legit_25,74.42,-1.6,13.3867,0.6149,90.0,A0B0,0,143.18,868.33,0,-1
316,legit_34,997.23,1.66,2.3806,-2.6099,194.96,:F0_0,0,129.57,798.01,0,-1
316,legit_36,201.6,696.09,11.9905,0.3348,0.0,B3B4,1,109.07,571.95,0,-1
316,legit_38,373.42,1.6,9.7551,1.6604,270.0,C0B0,0,141.01,735.29,0,-1
316,legit_40,1.6,942.79,13.7785,0.9419,0.0,A4A5,0,180.52,775.28,0,-1
316,legit_41,404.31,402.22,5.0652,-1.0793,277.15,:C2_4,0,62.21,505.77,0,-1
316,legit_42,922.09,598.4,12.3234,0.4751,90.0,E3F3,1,127.92,526.66,0,-1
316,legit_43,998.4,744.85,13.6544,0.0919,180.0,F4F3,0,108.24,579.86,0,-1
316,legit_44,1.6,597.58,12.9805,0.5438,0.0,:A3_7,0,148.42,705.05,0,-1
316,legit_45,294.46,201.6,13.1935,0.598,270.0,C1B1,1,165.91,629.06,0,-1
316,legit_46,1001.6,505.53,13.0862,-0.1309,0.0,F2F3,1,106.15,573.52,0,-1
316,legit_47,198.4,806.16,12.7656,0.3484,180.0,:B4_1,1,59.06,595.24,0,-1
316,legit_48,322.31,598.4,13.8055,0.1078,90.0,B3C3,0,127.7,507.3,0,-1
316,legit_49,801.6,461.15,13.3423,0.7241,0.0,E2E3,0,113.55,494.03,0,-1
316,legit_50,20.66,201.6,12.7365,-0.9505,270.0,B1A1,0,152.93,785.37,0,-1
316,legit_51,998.4,323.94,13.0507,0.696,180.0,F2F1,0,62.95,616.1,0,-1
316,legit_52,198.4,172.04,6.5737,1.8197,180.0,B1B0,1,71.07,688.36,0,-1
317,legit_25,87.44,-1.6,13.0221,-0.3646,90.0,A0B0,0,136.75,860.64,0,-1
317,legit_34,993.74,1.6,3.4938,1.1132,258.1,F0E0,0,131.09,796.47,0,-1
317,legit_36,201.6,707.65,11.5572,-0.4333,0.0,B3B4,1,119.38,573.6,0,-1
317,legit_38,362.33,1.6,11.091,1.3359,270.0,C0B0,0,147.33,738.44,0,-1
317,legit_40,1.6,956.2,13.4109,-0.3676,0.0,A4A5,0,188.48,780.79,0,-1
317,legit_41,401.6,407.46,6.3024,1.2373,340.83,C2C3,0,67.79,505.21,0,-1
317,legit_42,933.88,598.4,11.7882,-0.5351,90.0,E3F3,2,116.13,532.14,0,-1
317,legit_43,998.4,732.04,12.8052,-0.8491,180.0,F4F3,1,119.66,577.54,0,-1
317,legit_44,1.6,609.59,12.0166,-0.9638,0.0,A3A4,0,148.71,705.1,0,-1
317,legit_45,281.28,201.6,13.1738,-0.0197,270.0,C1B1,1,154.58,634.47,0,-1
317,legit_46,1001.6,518.91,13.3837,0.2975,0.0,F2F3,1,94.44,571.81,0,-1
317,legit_47,198.4,793.3,12.8591,0.0935,180.0,:B4_1,1,67.25,592.01,0,-1
317,legit_48,335.69,598.4,13.3756,-0.4299,90.0,B3C3,0,114.32,501.87,0,-1
317,legit_49,801.6,474.74,13.5891,0.2468,0.0,E2E3,0,125.81,491.49,0,-1
317,legit_50,12.15,201.6,8.5032,-4.2333,270.0,B1A1,0,160.19,791.59,0,-1
317,legit_51,998.4,310.73,13.208,0.1573,180.0,F2F1,0,71.34,621.27,0,-1
317,legit_52,198.4,163.54,8.5093,1.9355,180.0,B1B0,1,65.1,693.0,0,-1
318,legit_25,100.36,-1.6,12.9239,-0.0982,90.0,A0B0,0,131.34,853.17,0,-1
318,legit_34,988.48,1.6,5.2591,1.7653,270.0,F0E0,0,133.43,794.1,0,-1
318,legit_36,201.6,719.31,11.662,0.1048,0.0,B3B4,1,129.99,575.41,0,-1
318,legit_38,349.3,1.6,13.0287,1.9377,270.0,C0B0,0,155.43,742.31,0,-1
318,legit_40,1.6,969.44,13.2418,-0.1691,0.0,A4A5,0,185.05,786.42,0,-1
318,legit_41,401.6,415.82,8.3532,2.0508,0.0,C2C3,0,73.88,503.09,0,-1
318,legit_42,945.96,598.4,12.081,0.2928,90.0,E3F3,2,104.05,537.9,0,-1
318,legit_43,998.4,718.56,13.4851,0.6798,180.0,F4F3,1,129.3,575.29,0,-1
318,legit_44,1.6,622.52,12.9206,0.9039,0.0,A3A4,0,150.1,705.36,0,-1
318,legit_45,268.44,201.6,12.8417,-0.3321,270.0,C1B1,1,143.83,639.93,0,-1
318,legit_46,1001.6,531.96,13.0519,-0.3318,0.0,F2F3,1,83.5,570.33,0,-1
318,legit_47,198.4,779.81,13.4983,0.6392,180.0,B4B3,1,77.24,588.85,0,-1
318,legit_48,348.37,598.4,12.68,-0.6956,90.0,B3C3,0,101.64,496.91,0,-1
318,legit_49,801.6,488.12,13.3803,-0.2088,0.0,E2E3,0,123.21,489.2,0,-1
318,legit_50,7.79,201.6,4.3641,-4.1392,270.0,B1A1,0,163.96,794.79,0,-1
318,legit_51,998.4,296.92,13.8068,0.5988,180.0,F2F1,0,81.49,626.91,0,-1
318,legit_52,198.4,152.54,10.9962,2.4869,180.0,B1B0,1,58.32,699.12,0,-1
318,legit_53,798.4,187.7,0.0,0.0,180.0,E1E0,0,83.22,599.73,0,-1
319,legit_25,113.98,-1.6,13.6137,0.6898,90.0,A0B0,0,126.82,845.49,0,-1
319,legit_34,981.13,1.6,7.3458,2.0867,270.0,F0E0,0,136.97,790.84,0,-1
319,legit_36,201.6,730.89,11.5765,-0.0855,0.0,B3B4,1,120.7,577.34,0,-1
319,legit_38,336.02,1.6,13.282,0.2534,270.0,C0B0,0,164.35,746.45,0,-1
319,legit_40,1.6,982.03,12.588,-0.6538,0.0,A4A5,0,177.82,791.94,0,-1
319,legit_41,401.6,426.56,10.7405,2.3873,0.0,C2C3,0,82.29,500.49,0,-1
319,legit_42,958.34,598.4,12.3773,0.2962,90.0,E3F3,2,91.68,543.96,0,-1
319,legit_43,998.4,705.9,12.6593,-0.8258,180.0,F4F3,1,117.8,573.34,0,-1
319,legit_44,1.6,635.6,13.0824,0.1618,0.0,A3A4,0,152.61,705.84,0,-1
319,legit_45,255.37,201.6,13.0723,0.2307,270.0,C1B1,1,133.27,645.66,0,-1
319,legit_46,1001.6,545.45,13.4854,0.4335,0.0,F2F3,1,72.93,569.01,0,-1
319,legit_47,198.4,766.89,12.9196,-0.5788,180.0,B4B3,1,87.68,586.02,0,-1
319,legit_48,361.84,598.4,13.4655,0.7855,90.0,B3C3,0,88.18,491.82,0,-1
319,legit_49,801.6,501.98,13.8659,0.4857,0.0,E2E3,0,110.77,487.04,0,-1
319,legit_50,5.98,199.25,3.7673,-0.5967,232.28,:A1_5,0,164.38,797.22,0,-1
319,legit_51,998.4,283.28,13.6435,-0.1633,180.0,F2F1,0,92.46,632.7,0,-1
319,legit_52,198.4,139.11,13.4318,2.4357,180.0,B1B0,1,52.04,706.83,0,-1
319,legit_53,798.4,186.09,1.6056,1.6056,180.0,E1E0,0,81.92,600.63,0,-1
320,legit_25,126.85,-1.6,12.8727,-0.741,90.0,A0B0,1,123.78,838.4,0,-1
320,legit_34,972.22,1.6,8.9162,1.5704,270.0,F0E0,0,141.66,786.96,0,-1
320,legit_36,201.6,742.63,11.7413,0.1649,0.0,B3B4,1,110.2,579.45,0,-1
320,legit_38,322.22,1.6,13.7958,0.5137,270.0,C0B0,0,174.2,750.94,0,-1
320,legit_40,1.6,991.08,9.0474,-3.5406,0.0,A4A5,0,173.0,796.01,0,-1
320,legit_41,401.6,439.45,12.8932,2.1527,0.0,C2C3,0,93.03,497.56,0,-1
320,legit_42,970.76,598.4,12.4262,0.049,90.0,E3F3,2,79.25,550.2,0,-1
320,legit_43,998.4,692.65,13.2457,0.5864,180.0,F4F3,2,106.05,571.49,0,-1
320,legit_44,1.6,648.33,12.7345,-0.3479,0.0,A3A4,0,156.07,706.51,0,-1
320,legit_45,241.88,201.6,13.4921,0.4198,270.0,C1B1,1,122.88,651.76,0,-1
320,legit_46,1001.6,558.25,12.8048,-0.6807,0.0,F2F3,2,63.92,567.97,0,-1
320,legit_47,198.4,754.16,12.7242,-0.1953,180.0,B4B3,1,98.54,583.43,0,-1
320,legit_48,375.31,598.4,13.4777,0.0122,90.0,B3C3,0,74.7,486.93,0,-1
320,legit_49,801.6,515.77,13.7872,-0.0788,0.0,E2E3,0,98.78,485.11,0,-1
320,legit_50,8.19,198.4,2.4782,-1.2891,151.6,A1B1,0,162.04,795.99,0,-1
320,legit_51,998.4,270.35,12.9303,-0.7131,180.0,F2F1,0,103.44,638.36,0,-1
320,legit_52,198.4,125.38,13.7232,0.2914,180.0,B1B0,2,48.7,715.0,0,-1
320,legit_53,798.4,182.33,3.7611,2.1555,180.0,E1E0,0,78.92,602.75,0,-1
321,legit_25,140.36,-1.6,13.513,0.6403,90.0,A0B0,1,121.98,831.16,0,-1
321,legit_34,961.84,1.6,10.3783,1.4621,270.0,F0E0,0,147.62,782.55,0,-1
321,legit_36,201.6,754.02,11.3873,-0.354,0.0,B3B4,1,100.28,581.63,0,-1
321,legit_38,308.67,1.6,13.5542,-0.2416,270.0,C0B0,0,184.37,755.55,0,-1
321,legit_40,1.6,996.22,5.1404,-3.907,0.0,A4A5,0,170.42,798.36,0,-1
321,legit_41,401.6,452.56,13.1072,0.214,0.0,C2C3,1,104.45,494.78,0,-1
321,legit_42,982.09,598.4,11.3242,-1.1021,90.0,E3F3,2,67.93,556.03,0,-1
321,legit_43,998.4,679.84,12.8093,-0.4364,180.0,F4F3,2,95.07,569.88,0,-1
321,legit_44,1.6,660.51,12.1757,-0.5588,0.0,A3A4,0,160.26,707.33,0,-1
321,legit_45,228.35,201.6,13.528,0.0359,270.0,C1B1,1,113.13,658.08,0,-1
321,legit_46,1001.6,570.92,12.6627,-0.1421,0.0,F2F3,2,56.47,567.17,0,-1
321,legit_47,198.4,741.43,12.7347,0.0105,180.0,B4B3,1,109.81,581.0,0,-1
321,legit_48,385.09,598.4,9.7761,-3.7016,90.0,B3C3,1,64.93,483.5,0,-1
321,legit_49,801.6,529.21,13.4419,-0.3453,0.0,E2E3,0,87.6,483.46,0,-1
321,legit_50,12.17,198.4,3.9834,1.5052,90.19,A1B1,0,158.57,793.07,0,-1
321,legit_51,998.4,257.36,12.9883,0.058,180.0,F2F1,0,114.88,644.22,0,-1
321,legit_52,198.4,111.94,13.4407,-0.2825,180.0,B1B0,2,49.07,723.32,0,-1
321,legit_53,798.4,176.06,6.2775,2.5165,180.0,E1E0,0,74.06,606.34,0,-1
322,legit_25,153.62,-1.6,13.2582,-0.2548,90.0,A0B0,2,121.65,824.26,0,-1
322,legit_34,949.78,1.6,12.057,1.6787,270.0,F0E0,0,155.12,777.57,0,-1
322,legit_36,201.6,766.37,12.355,0.9677,0.0,B3B4,1,89.91,584.16,0,-1
322,legit_38,295.24,1.6,13.4315,-0.1228,270.0,C0B0,2,187.38,760.3,0,-1
322,legit_40,3.83,998.4,3.7899,-1.3505,33.35,A5B5,0,167.4,797.71,0,-1
322,legit_41,401.6,464.81,12.2563,-0.8509,0.0,C2C3,1,115.45,492.36,0,-1
322,legit_42,989.14,598.4,7.0495,-4.2747,90.0,E3F3,2,60.89,559.72,0,-1
322,legit_43,998.4,666.08,13.7602,0.9509,180.0,F4F3,2,83.84,568.35,0,-1
322,legit_44,1.6,672.57,12.0572,-0.1184,0.0,A3A4,0,165.19,708.32,0,-1
322,legit_45,215.73,201.6,12.6171,-0.9109,270.0,C1B1,1,104.78,664.17,0,-1
322,legit_46,1001.6,583.73,12.8163,0.1536,0.0,F2F3,2,51.06,566.62,0,-1
322,legit_47,198.4,728.37,13.0524,0.3177,180.0,B4B3,1,121.67,578.69,0,-1
322,legit_48,391.01,598.4,5.9185,-3.8576,90.0,B3C3,1,59.01,481.48,0,-1
322,legit_49,801.6,542.75,13.5373,0.0954,0.0,E2E3,0,77.07,482.01,0,-1
322,legit_50,17.55,198.4,5.3793,1.396,90.0,A1B1,0,153.91,789.14,0,-1
322,legit_51,998.4,244.24,13.1244,0.1361,180.0,F2F1,0,126.74,650.31,0,-1
322,legit_52,198.4,98.15,13.7906,0.3499,180.0,B1B0,3,53.1,732.17,0,-1
322,legit_53,798.4,167.39,8.6678,2.3903,180.0,E1E0,0,67.74,611.36,0,-1
323,legit_25,166.89,-1.6,13.2737,0.0155,90.0,A0B0,2,122.77,817.55,0,-1
323,legit_34,937.43,1.6,12.353,0.296,270.0,F0E0,0,163.37,772.63,0,-1
323,legit_36,201.6,778.03,11.6536,-0.7014,0.0,B3B4,1,80.64,586.7,0,-1
323,legit_38,282.48,1.6,12.7576,-0.6738,270.0,C0B0,2,177.68,764.99,0,-1
323,legit_40,9.2,998.4,5.3716,1.5817,90.0,A5B5,0,162.73,793.75,0,-1
323,legit_41,401.6,478.22,13.405,1.1487,0.0,C2C3,1,127.74,489.91,0,-1
323,legit_42,993.98,598.23,4.8565,-2.193,91.94,:F3_6,2,56.05,562.28,0,-1
323,legit_43,998.4,652.75,13.3371,-0.4231,180.0,F4F3,2,73.79,567.09,0,-1
323,legit_44,1.6,685.68,13.1108,1.0536,0.0,A3A4,0,171.36,709.59,0,-1
323,legit_46,1001.6,596.83,13.1006,0.2843,0.0,:F3_3,2,48.5,566.37,0,-1
323,legit_47,198.4,715.01,13.366,0.3136,180.0,B4B3,1,124.78,576.51,0,-1
323,legit_48,396.63,597.22,5.8732,-0.0453,103.92,:C3_12,1,53.44,479.61,0,-1
323,legit_49,801.6,555.66,12.911,-0.6262,0.0,E2E3,0,68.03,480.87,0,-1
323,legit_50,25.5,198.4,7.9514,2.5721,90.0,A1B1,0,147.13,783.36,0,-1
323,legit_51,998.4,231.46,12.7827,-0.3417,180.0,F2F1,0,122.82,656.4,0,-1
323,legit_52,198.4,84.97,13.1875,-0.6031,180.0,B1B0,2,59.75,740.9,0,-1
323,legit_53,798.4,156.37,11.0137,2.3459,180.0,E1E0,0,60.54,617.89,0,-1
324,legit_25,179.73,-1.6,12.8306,-0.4431,90.0,A0B0,2,125.18,811.26,0,-1
324,legit_34,924.71,1.6,12.721,0.368,270.0,F0E0,0,172.39,767.7,0,-1
324,legit_36,201.6,789.95,11.9233,0.2697,0.0,B3B4,1,71.89,589.47,0,-1
324,legit_38,268.77,1.6,13.7077,0.9501,270.0,C0B0,2,167.7,770.21,0,-1
324,legit_40,16.98,998.4,7.7774,2.4059,90.0,A5B5,0,156.05,788.05,0,-1
324,legit_41,401.6,491.07,12.8505,-0.5545,0.0,C2C3,1,119.2,487.75,0,-1
324,legit_42,998.1,594.92,5.6987,0.8422,133.19,:F3_6,2,52.15,564.5,0,-1
324,legit_43,998.4,639.49,13.2553,-0.0818,180.0,F4F3,2,64.98,566.06,0,-1
324,legit_44,1.6,698.47,12.7941,-0.3168,0.0,A3A4,0,178.1,711.03,0,-1
324,legit_46,1001.6,609.7,12.8687,-0.2319,0.0,F3F4,2,49.36,566.45,0,-1
324,legit_47,198.4,701.38,13.6256,0.2596,180.0,B4B3,1,112.34,574.47,0,-1
324,legit_48,398.4,591.88,5.8652,-0.008,166.06,C3C2,1,52.23,479.08,0,-1
324,legit_49,801.6,569.04,13.3764,0.4654,0.0,E2E3,0,60.18,479.95,0,-1
324,legit_50,35.65,198.4,10.1526,2.2012,90.0,A1B1,0,138.64,776.06,0,-1
324,legit_51,998.4,217.9,13.5592,0.7765,180.0,F2F1,0,110.66,663.03,0,-1
324,legit_52,198.4,71.26,13.7027,0.5152,180.0,B1B0,2,68.69,750.21,0,-1
324,legit_53,798.4,143.08,13.2898,2.2761,180.0,E1E0,0,53.62,625.98,0,-1
324,legit_54,601.6,612.3,0.0,0.0,0.0,D3D4,0,148.91,450.89,0,-1
325,legit_34,911.71,1.6,12.9984,0.2774,270.0,F0E0,0,182.05,762.83,0,-1
325,legit_38,256.15,1.6,12.6213,-1.0864,270.0,C0B0,1,159.02,775.18,0,-1
325,legit_40,26.94,998.4,9.9637,2.1863,90.0,A5B5,0,147.65,780.82,0,-1
325,legit_41,401.6,504.21,13.1456,0.2951,0.0,C2C3,1,107.32,485.74,0,-1
325,legit_42,998.4,589.3,5.6361,-0.0626,177.56,F3F2,2,52.7,564.75,0,-1
325,legit_43,998.4,625.89,13.603,0.3477,180.0,F4F3,2,57.73,565.27,0,-1
325,legit_44,1.6,710.61,12.1439,-0.6501,0.0,A3A4,0,185.09,712.57,0,-1
325,legit_46,1001.6,622.59,12.8865,0.0177,0.0,F3F4,2,53.41,566.86,0,-1
325,legit_47,198.4,688.72,12.6626,-0.963,180.0,B4B3,0,101.06,572.76,0,-1
325,legit_48,398.4,584.22,7.662,1.7968,180.0,C3C2,1,53.96,479.26,0,-1
325,legit_49,801.6,581.82,12.7825,-0.594,0.0,E2E3,0,54.71,479.34,0,-1
325,legit_50,47.84,198.4,12.1849,2.0323,90.0,A1B1,0,128.78,767.4,0,-1
325,legit_51,998.4,208.07,9.8278,-3.7314,180.0,F2F1,0,102.07,667.94,0,-1
325,legit_52,198.4,58.42,12.8418,-0.8609,180.0,B1B0,1,78.32,759.1,0,-1
325,legit_53,798.4,129.84,13.2487,-0.0411,180.0,E1E0,0,49.39,634.33,0,-1
325,legit_54,601.6,614.2,1.9044,1.9044,0.0,D3D4,0,149.08,450.93,0,-1
326,legit_34,899.46,1.6,12.2519,-0.7465,270.0,F0E0,0,190.67,758.4,0,-1
326,legit_38,242.76,1.6,13.3903,0.769,270.0,C0B0,1,150.41,780.64,0,-1
326,legit_40,39.22,998.4,12.274,2.3103,90.0,A5B5,0,137.59,772.0,0,-1
326,legit_41,401.6,517.02,12.8081,-0.3375,0.0,C2C3,1,96.06,483.97,0,-1
326,legit_42,998.4,582.15,7.1498,1.5137,180.0,F3F2,2,54.6,564.94,0,-1
326,legit_43,998.4,614.66,11.2316,-2.3714,180.0,F4F3,2,53.64,564.84,0,-1
326,legit_44,1.6,723.61,12.998,0.854,0.0,A3A4,0,188.6,714.41,0,-1
326,legit_46,1001.6,635.68,13.0973,0.2108,0.0,F3F4,2,60.13,567.56,0,-1
326,legit_47,198.4,675.46,13.2652,0.6026,180.0,B4B3,0,89.64,571.15,0,-1
326,legit_48,398.4,574.31,9.9102,2.2482,180.0,C3C2,1,57.64,479.66,0,-1
326,legit_49,801.6,595.01,13.1848,0.4024,0.0,:E3_9,0,51.84,479.04,0,-1
326,legit_50,61.06,198.4,13.2172,1.0322,90.0,A1B1,0,118.57,758.15,0,-1
326,legit_51,996.72,202.83,5.714,-4.1138,200.41,:F1_0,0,98.49,669.75,0,-1
326,legit_52,198.4,44.84,13.5819,0.7401,180.0,B1B0,1,89.4,768.68,0,-1
326,legit_53,798.4,116.97,12.8678,-0.381,180.0,E1E0,0,48.49,642.73,0,-1
326,legit_54,601.6,617.94,3.7355,1.8311,0.0,D3D4,0,149.48,451.03,0,-1
327,legit_34,886.88,1.6,12.572,0.3201,270.0,F0E0,1,180.99,754.02,0,-1
327,legit_38,229.88,1.6,12.8739,-0.5165,270.0,C0B0,1,142.83,786.06,0,-1
327,legit_40,52.0,998.4,12.7847,0.5107,90.0,A5B5,0,127.52,762.95,0,-1
327,legit_41,401.6,530.51,13.4896,0.6815,0.0,C2C3,1,84.68,482.32,0,-1
327,legit_42,998.4,573.56,8.5955,1.4457,180.0,F3F2,2,57.98,565.29,0,-1
327,legit_43,998.4,607.92,6.7316,-4.5,180.0,F4F3,2,52.2,564.7,0,-1
327,legit_44,1.6,736.47,12.8534,-0.1446,0.0,A3A4,0,180.95,716.42,0,-1
327,legit_46,1001.6,649.29,13.6077,0.5104,0.0,F3F4,2,69.08,568.56,0,-1
327,legit_47,198.4,662.58,12.8766,-0.3887,180.0,B4B3,0,79.11,569.77,0,-1
327,legit_48,398.4,562.53,11.7834,1.8732,180.0,C3C2,1,63.77,480.36,0,-1
327,legit_49,801.6,608.65,13.6472,0.4623,0.0,E3E4,0,52.32,479.09,0,-1
327,legit_50,74.06,198.4,13.0023,-0.2149,90.0,A1B1,0,109.15,749.21,0,-1
327,legit_51,991.66,201.6,5.3282,-0.3858,257.48,F1E1,0,100.31,667.83,0,-1
327,legit_52,198.4,31.08,13.7564,0.1745,180.0,B1B0,1,101.24,778.52,0,-1
327,legit_53,798.4,103.87,13.0943,0.2265,180.0,E1E0,1,51.02,651.59,0,-1
327,legit_54,601.6,623.62,5.68,1.9445,0.0,D3D4,0,150.27,451.21,0,-1
328,legit_34,874.61,1.6,12.271,-0.301,270.0,F0E0,1,171.89,749.89,0,-1
328,legit_38,216.36,1.6,13.5291,0.6552,270.0,C0B0,1,135.73,791.95,0,-1
328,legit_40,65.84,998.4,13.8334,1.0487,90.0,A5B5,0,117.23,753.31,0,-1
328,legit_41,401.6,543.07,12.5598,-0.9298,0.0,C2C3,1,74.72,480.99,0,-1
328,legit_42,998.4,562.4,11.1564,2.5609,180.0,F3F2,2,63.85,565.93,0,-1
328,legit_43,996.5,602.7,5.8257,-0.9059,203.22,:F3_0,2,53.57,563.63,0,-1
328,legit_44,1.6,749.18,12.7142,-0.1392,0.0,A3A4,0,173.99,718.59,0,-1
328,legit_46,1001.6,663.1,13.8043,0.1966,0.0,F3F4,2,79.52,569.82,0,-1
328,legit_47,198.4,649.7,12.882,0.0054,180.0,B4B3,0,69.37,568.59,0,-1
328,legit_48,398.4,548.65,13.8777,2.0944,180.0,C3C2,1,72.8,481.46,0,-1
328,legit_49,801.6,622.19,13.534,-0.1132,0.0,E3E4,0,56.17,479.5,0,-1
328,legit_50,86.67,198.4,12.609,-0.3933,90.0,A1B1,0,100.79,740.69,0,-1
328,legit_51,984.28,201.6,7.3751,2.0469,270.0,F1E1,0,104.77,664.18,0,-1
328,legit_52,198.4,19.72,11.3578,-2.3986,180.0,B1B0,1,111.35,786.75,0,-1
328,legit_53,798.4,91.46,12.4113,-0.683,180.0,E1E0,1,56.19,660.25,0,-1
328,legit_54,601.6,630.9,7.2811,1.6012,0.0,D3D4,0,151.58,451.52,0,-1
329,legit_34,861.8,1.6,12.8138,0.5428,270.0,F0E0,1,162.84,745.75,0,-1
329,legit_40,78.55,998.4,12.7167,-1.1167,90.0,A5B5,0,108.46,744.61,0,-1
329,legit_41,401.6,555.95,12.8803,0.3205,0.0,C2C3,1,65.44,479.84,0,-1
329,legit_42,998.4,549.91,12.4901,1.3337,180.0,F3F2,2,71.91,566.86,0,-1
329,legit_43,990.45,601.6,6.2741,0.4484,264.89,F3E3,2,59.57,560.41,0,-1
329,legit_44,1.6,762.16,12.985,0.2707,0.0,A3A4,0,167.57,721.0,0,-1
329,legit_46,1001.6,676.36,13.2596,-0.5447,0.0,F3F4,2,90.4,571.25,0,-1
329,legit_47,198.4,637.22,12.4724,-0.4095,180.0,B4B3,0,61.06,567.66,0,-1
329,legit_48,398.4,534.98,13.6696,-0.2081,180.0,C3C2,1,83.01,482.81,0,-1
329,legit_49,801.6,635.28,13.0902,-0.4438,0.0,E3E4,0,62.51,480.21,0,-1
329,legit_50,100.55,198.4,13.8843,1.2753,90.0,A1B1,0,92.69,731.52,0,-1
329,legit_51,975.24,201.6,9.0449,1.6698,270.0,F1E1,0,110.67,659.8,0,-1
329,legit_52,198.4,11.65,8.0748,-3.283,180.0,B1B0,0,118.67,792.66,0,-1
329,legit_53,798.4,78.85,12.6084,0.1971,180.0,E1E0,1,63.53,669.28,0,-1
329,legit_54,601.6,639.79,8.8907,1.6096,0.0,D3D4,0,153.64,452.01,0,-1
330,legit_34,849.03,1.6,12.7708,-0.043,270.0,F0E0,1,154.35,741.8,0,-1
330,legit_40,91.22,998.4,12.6643,-0.0524,90.0,A5B5,0,100.57,736.11,0,-1
330,legit_41,401.6,569.06,13.1064,0.2261,0.0,C2C3,1,57.45,478.92,0,-1
330,legit_42,998.4,537.61,12.3003,-0.1898,180.0,F3F2,1,80.96,567.98,0,-1
330,legit_43,982.1,601.6,8.3546,2.0806,270.0,F3E3,2,67.92,556.03,0,-1
330,legit_44,1.6,774.45,12.2894,-0.6955,0.0,A3A4,0,162.23,723.47,0,-1
330,legit_46,1001.6,689.09,12.7317,-0.528,0.0,F3F4,1,101.39,572.81,0,-1
330,legit_47,198.4,624.19,13.0332,0.5608,180.0,B4B3,1,54.11,566.93,0,-1
330,legit_48,398.4,521.56,13.421,-0.2486,180.0,C3C2,1,93.89,484.37,0,-1
330,legit_49,801.6,648.47,13.1975,0.1073,0.0,E3E4,0,70.8,481.21,0,-1
330,legit_50,114.12,198.4,13.5737,-0.3106,90.0,A1B1,0,86.22,722.78,0,-1
330,legit_51,964.66,201.6,10.5782,1.5334,270.0,F1E1,0,118.08,654.79,0,-1
330,legit_52,198.4,7.37,4.2801,-3.7947,180.0,B1B0,0,122.59,795.81,0,-1
330,legit_53,798.4,65.94,12.9116,0.3032,180.0,E1E0,1,72.56,678.71,0,-1
330,legit_54,601.6,650.3,10.5105,1.6197,0.0,D3D4,0,156.69,452.74,0,-1
330,legit_55,198.4,587.7,0.0,0.0,180.0,B3B2,1,49.94,566.51,0,-1
331,legit_34,836.93,1.6,12.0991,-0.6717,270.0,F0E0,1,146.89,738.22,0,-1
331,legit_40,104.1,998.4,12.8792,0.215,90.0,A5B5,0,93.63,727.66,0,-1
331,legit_41,401.6,581.52,12.4637,-0.6427,0.0,C2C3,1,51.81,478.31,0,-1
331,legit_42,998.4,525.77,11.8359,-0.4645,180.0,F3F2,1,90.4,569.23,0,-1
331,legit_43,972.25,601.6,9.8535,1.4989,270.0,F3E3,2,77.77,550.96,0,-1
331,legit_44,1.6,787.72,13.2661,0.9767,0.0,A3A4,0,157.34,726.33,0,-1
331,legit_46,1001.6,702.71,13.6242,0.8925,0.0,F3F4,1,113.54,574.66,0,-1
331,legit_47,198.4,610.88,13.3115,0.2784,180.0,B4B3,1,49.61,566.48,0,-1
331,legit_48,398.4,508.51,13.0535,-0.3676,180.0,C3C2,1,105.04,486.1,0,-1
331,legit_49,801.6,661.59,13.1181,-0.0793,0.0,E3E4,0,80.35,482.45,0,-1
331,legit_50,127.47,198.4,13.3493,-0.2245,90.0,A1B1,0,81.57,714.42,0,-1
331,legit_51,951.68,201.6,12.9742,2.396,270.0,F1E1,0,127.77,648.82,0,-1
331,legit_52,200.34,5.77,2.8888,-1.3912,152.34,:B0_2,0,124.83,796.09,0,-1
331,legit_53,798.4,52.67,13.2772,0.3657,180.0,E1E0,1,82.92,688.59,0,-1
331,legit_54,601.6,662.4,12.099,1.5885,0.0,D3D4,0,160.99,453.79,0,-1
331,legit_55,198.4,585.35,2.3454,2.3454,180.0,B3B2,1,50.57,566.57,0,-1
332,legit_34,824.97,1.6,11.955,-0.1441,270.0,F0E0,1,140.14,734.85,0,-1
332,legit_40,117.4,998.4,13.301,0.4217,90.0,A5B5,0,87.87,719.15,0,-1
332,legit_41,401.6,594.96,13.4369,0.9731,0.0,:C3_9,1,48.66,477.99,0,-1
332,legit_42,998.4,513.79,11.9897,0.1538,180.0,F3F2,1,100.48,570.66,0,-1
332,legit_43,960.74,601.6,11.5022,1.6487,270.0,F3E3,2,89.27,545.16,0,-1
332,legit_44,1.6,800.29,12.5665,-0.6997,0.0,:A4_7,0,153.62,729.23,0,-1
332,legit_46,1001.6,716.52,13.8045,0.1803,0.0,F3F4,1,126.17,576.75,0,-1
332,legit_48,398.4,495.16,13.3476,0.2942,180.0,C3C2,1,116.85,488.08,0,-1
332,legit_49,801.6,675.33,13.7371,0.6189,0.0,E3E4,0,91.31,483.99,0,-1
332,legit_50,140.75,198.4,13.2718,-0.0774,90.0,A1B1,0,78.94,706.37,0,-1
332,legit_51,938.36,201.6,13.3246,0.3504,270.0,F1E1,0,138.28,642.89,0,-1
332,legit_52,201.6,7.67,2.4169,-0.472,79.5,B0B1,0,123.62,794.11,0,-1
332,legit_53,798.4,40.12,12.5412,-0.7361,180.0,E1E0,1,93.4,698.07,0,-1
332,legit_54,601.6,675.62,13.2223,1.1233,0.0,D3D4,0,166.56,455.18,0,-1
332,legit_55,198.4,581.6,3.7518,1.4063,180.0,B3B2,0,51.78,566.69,0,-1
333,legit_34,812.89,1.6,12.0813,0.1262,270.0,F0E0,1,134.07,731.61,0,-1
333,legit_40,130.31,998.4,12.9149,-0.386,90.0,A5B5,0,83.94,711.11,0,-1
333,legit_41,401.6,607.31,12.3561,-1.0807,0.0,C3C4,1,48.95,478.02,0,-1
333,legit_42,998.4,501.9,11.8802,-0.1094,180.0,F3F2,1,110.84,572.23,0,-1
333,legit_43,948.04,601.6,12.7053,1.2031,270.0,F3E3,2,101.97,538.91,0,-1
333,legit_44,1.6,813.35,13.0636,0.4972,0.0,A4A5,0,150.77,732.45,0,-1
333,legit_46,1001.6,729.61,13.0906,-0.7138,0.0,F3F4,1,120.54,578.9,0,-1
333,legit_48,398.4,481.89,13.2708,-0.0768,180.0,C3C2,1,128.89,490.24,0,-1
333,legit_49,801.6,687.97,12.6353,-1.1018,0.0,E3E4,0,101.98,485.61,0,-1
333,legit_50,154.13,198.4,13.387,0.1151,90.0,A1B1,0,78.51,698.52,0,-1
333,legit_51,924.51,201.6,13.8454,0.5209,270.0,F1E1,0,149.68,636.92,0,-1
333,legit_52,201.6,12.38,4.7094,2.2925,0.0,B0B1,0,119.36,790.65,0,-1
333,legit_53,798.4,27.67,12.4539,-0.0873,180.0,E1E0,1,104.25,707.61,0,-1
333,legit_54,601.6,688.36,12.7383,-0.484,0.0,D3D4,0,172.71,456.76,0,-1
333,legit_55,198.4,576.12,5.4812,1.7294,180.0,B3B2,0,53.97,566.91,0,-1
334,legit_40,143.6,998.4,13.2852,0.3703,90.0,A5B5,0,81.85,703.1,0,-1
334,legit_41,401.6,619.72,12.4094,0.0532,0.0,C3C4,0,52.26,478.36,0,-1
334,legit_42,998.4,489.76,12.1425,0.2623,180.0,F3F2,1,121.72,573.99,0,-1
334,legit_43,934.2,601.6,13.8403,1.1351,270.0,F3E3,1,115.81,532.29,0,-1
334,legit_44,1.6,826.52,13.1721,0.1085,0.0,A4A5,0,149.01,735.91,0,-1
334,legit_46,1001.6,743.21,13.6056,0.5149,0.0,F3F4,0,108.21,581.33,0,-1
334,legit_48,398.4,469.0,12.8876,-0.3832,180.0,C3C2,0,120.6,492.54,0,-1
334,legit_49,801.6,701.75,13.7799,1.1446,0.0,E3E4,0,114.08,487.6,0,-1
334,legit_50,167.82,198.4,13.6828,0.2959,90.0,A1B1,0,80.4,690.78,0,-1
334,legit_51,911.52,201.6,12.9909,-0.8545,270.0,F1E1,0,160.73,631.49,0,-1
334,legit_52,201.6,19.46,7.0837,2.3743,0.0,B0B1,0,113.01,785.46,0,-1
334,legit_53,798.4,16.4,11.2707,-1.1832,180.0,E1E0,0,114.35,716.35,0,-1
334,legit_54,601.6,702.1,13.7381,0.9998,0.0,D3D4,0,180.13,458.72,0,-1
334,legit_55,198.4,569.19,6.9272,1.446,180.0,B3B2,0,57.37,567.26,0,-1
335,legit_40,156.6,998.4,13.0022,-0.283,90.0,A5B5,0,81.87,695.52,0,-1
335,legit_41,401.6,632.24,12.5133,0.1039,0.0,C3C4,0,58.15,479.0,0,-1
335,legit_42,998.4,476.84,12.921,0.7784,180.0,F3F2,1,127.73,576.04,0,-1
335,legit_43,920.63,601.6,13.5671,-0.2732,270.0,F3E3,1,129.38,525.99,0,-1
335,legit_44,1.6,839.21,12.6842,-0.4879,0.0,A4A5,0,148.4,739.43,0,-1
335,legit_46,1001.6,756.08,12.8707,-0.7349,0.0,F3F4,0,96.87,583.81,0,-1
335,legit_48,398.4,455.78,13.2216,0.3339,180.0,C3C2,0,108.79,495.09,0,-1
335,legit_49,801.6,715.32,13.5799,-0.2,0.0,E3E4,0,126.34,489.77,0,-1
335,legit_50,179.93,198.4,12.1154,-1.5674,90.0,A1B1,0,83.92,684.17,0,-1
335,legit_51,898.76,201.6,12.7673,-0.2236,270.0,F1E1,0,169.67,626.34,0,-1
335,legit_52,201.6,28.76,9.3058,2.2222,0.0,B0B1,0,104.82,778.7,0,-1
335,legit_53,798.4,9.63,6.7707,-4.5,180.0,E1E0,0,120.52,721.63,0,-1
335,legit_54,601.6,715.76,13.6611,-0.077,0.0,D3D4,0,188.21,460.93,0,-1
335,legit_55,198.4,560.81,8.3828,1.4556,180.0,B3B2,0,62.28,567.79,0,-1
336,legit_40,169.85,998.4,13.2482,0.2459,90.0,A5B5,0,83.98,688.06,0,-1
336,legit_41,401.6,645.03,12.7941,0.2809,0.0,C3C4,0,66.11,479.92,0,-1
336,legit_42,998.4,464.05,12.7927,-0.1282,180.0,F3F2,0,116.14,578.23,0,-1
336,legit_43,907.96,601.6,12.6689,-0.8982,270.0,F3E3,0,142.05,520.28,0,-1
336,legit_44,1.6,851.71,12.5015,-0.1827,0.0,A4A5,0,148.86,743.1,0,-1
336,legit_46,1001.6,769.18,13.0925,0.2218,0.0,F3F4,0,85.78,586.51,0,-1
336,legit_48,398.4,442.27,13.5079,0.2863,180.0,C3C2,0,97.11,497.91,0,-1
336,legit_49,801.6,727.96,12.6319,-0.948,0.0,E3E4,0,123.35,491.98,0,-1
336,legit_50,187.86,198.4,7.9283,-4.1871,90.0,A1B1,0,87.06,679.96,0,-1
336,legit_51,885.95,201.6,12.8075,0.0402,270.0,F1E1,0,158.56,621.33,0,-1
336,legit_52,201.6,40.47,11.7064,2.4006,0.0,B0B1,0,94.8,770.29,0,-1
336,legit_53,797.44,3.73,6.0925,-0.6782,191.32,:E0_0,0,125.57,726.03,0,-1
336,legit_54,601.6,729.54,13.7832,0.1221,0.0,D3D4,0,184.99,463.42,0,-1
336,legit_55,198.4,550.92,9.8873,1.5046,180.0,B3B2,0,68.93,568.54,0,-1
336,legit_56,812.3,398.4,0.0,0.0,90.0,E2F2,0,73.18,512.07,0,-1
337,legit_40,183.66,998.4,13.8101,0.5619,90.0,A5B5,0,88.27,680.56,0,-1
337,legit_41,401.6,657.33,12.2968,-0.4974,0.0,C3C4,0,75.03,481.02,0,-1
337,legit_42,998.4,451.55,12.4969,-0.2959,180.0,F3F2,0,105.09,580.55,0,-1
337,legit_43,894.4,601.6,13.5634,0.8945,270.0,F3E3,0,144.41,514.34,0,-1
337,legit_44,1.6,864.88,13.1677,0.6663,0.0,A4A5,0,150.47,747.16,0,-1
337,legit_46,1001.6,782.57,13.3956,0.3031,0.0,F3F4,0,75.1,589.48,0,-1
337,legit_48,398.4,429.3,12.9753,-0.5326,180.0,C3C2,0,86.4,500.82,0,-1
337,legit_49,801.6,741.76,13.8034,1.1714,0.0,E3E4,0,110.97,494.6,0,-1
337,legit_50,192.26,198.4,4.3978,-3.5305,90.0,A1B1,1,89.06,677.66,0,-1
337,legit_51,872.98,201.6,12.9652,0.1577,270.0,F1E1,0,147.59,616.44,0,-1
337,legit_52,201.6,54.03,13.5609,1.8544,0.0,B0B1,1,83.75,760.68,0,-1
337,legit_53,792.25,1.6,5.9139,-0.1786,253.75,E0D0,0,125.71,726.47,0,-1
337,legit_54,601.6,742.95,13.4051,-0.3781,0.0,D3D4,0,177.32,466.09,0,-1
337,legit_55,198.4,539.28,11.6459,1.7586,180.0,B3B2,0,77.65,569.59,0,-1
337,legit_56,813.89,398.4,1.5935,1.5935,90.0,E2F2,0,74.54,512.59,0,-1
338,legit_40,196.59,998.4,12.936,-0.8741,90.0,:B5_7,0,93.97,673.79,0,-1
338,legit_41,401.6,669.76,12.4282,0.1314,0.0,C3C4,0,84.9,482.35,0,-1
338,legit_42,998.4,438.99,12.5568,0.06,180.0,F3F2,0,94.35,583.04,0,-1
338,legit_43,881.69,601.6,12.7083,-0.8551,270.0,F3E3,0,131.7,508.96,0,-1
338,legit_44,1.6,877.9,13.0266,-0.1411,0.0,A4A5,0,153.16,751.38,0,-1
338,legit_46,1001.6,791.47,8.8956,-4.5,0.0,F3F4,0,68.54,591.56,0,-1
338,legit_48,398.4,415.61,13.6821,0.7068,180.0,C3C2,0,75.86,504.12,0,-1
338,legit_49,801.6,755.38,13.6154,-0.188,0.0,E3E4,0,99.12,497.4,0,-1
338,legit_50,199.06,198.4,6.8026,2.4048,90.0,:B1_13,1,92.48,674.16,0,-1
338,legit_51,859.42,201.6,13.5675,0.6023,270.0,F1E1,0,136.49,611.51,0,-1
338,legit_52,201.6,67.47,13.4335,-0.1273,0.0,B0B1,1,73.64,751.32,0,-1
338,legit_53,784.56,1.6,7.6956,1.7817,270.0,E0D0,0,123.34,724.69,0,-1
338,legit_54,601.6,756.33,13.3811,-0.024,0.0,D3D4,0,170.36,469.01,0,-1
338,legit_55,198.4,526.63,12.6477,1.0018,180.0,B3B2,0,87.9,570.91,0,-1
338,legit_56,816.94,398.4,3.0427,1.4491,90.0,E2F2,0,77.17,513.6,0,-1
339,legit_40,209.36,998.4,12.7696,-0.1665,90.0,B5C5,0,100.91,667.32,0,-1
339,legit_41,401.6,683.2,13.4453,1.0171,0.0,C3C4,0,96.26,484.0,0,-1
339,legit_42,998.4,426.16,12.8326,0.2758,180.0,F3F2,0,83.9,585.77,0,-1
339,legit_43,868.05,601.6,13.6367,0.9283,270.0,F3E3,0,118.06,503.37,0,-1
339,legit_44,1.6,890.27,12.3675,-0.6591,0.0,A4A5,0,156.68,755.57,0,-1
339,legit_46,1001.17,795.83,4.3956,-4.5,355.02,:F4_4,0,65.85,592.39,0,-1
339,legit_48,398.4,401.74,13.8722,0.1901,180.0,:C2_1,0,66.37,507.72,0,-1
339,legit_49,801.6,768.55,13.1778,-0.4376,0.0,E3E4,0,88.13,500.33,0,-1
339,legit_50,208.39,198.4,9.3275,2.5249,90.0,B1C1,1,97.75,669.46,0,-1
339,legit_51,846.05,201.6,13.3669,-0.2006,270.0,F1E1,0,126.03,606.86,0,-1
339,legit_52,201.6,81.26,13.7954,0.3619,0.0,B0B1,1,64.52,741.9,0,-1
339,legit_53,774.75,1.6,9.8058,2.1102,270.0,E0D0,0,120.96,722.54,0,-1
339,legit_54,601.6,769.16,12.8301,-0.551,0.0,D3D4,0,164.44,472.05,0,-1
339,legit_55,198.4,514.0,12.6281,-0.0196,180.0,B3B2,0,98.68,572.41,0,-1
339,legit_56,822.57,398.4,5.6339,2.5913,90.0,E2F2,0,82.1,515.5,0,-1
340,legit_40,223.13,998.4,13.7714,1.0019,90.0,B5C5,0,109.58,660.58,0,-1
340,legit_41,401.6,696.24,13.0341,-0.4112,0.0,C3C4,0,107.72,485.81,0,-1
340,legit_42,998.4,414.33,11.8338,-0.9988,180.0,F3F2,0,74.93,588.46,0,-1
340,legit_43,855.04,601.6,13.017,-0.6197,270.0,F3E3,0,105.05,498.22,0,-1
340,legit_44,1.6,902.6,12.3308,-0.0367,0.0,A4A5,0,161.06,759.92,0,-1
340,legit_46,997.66,800.45,6.0738,1.6783,317.67,:F4_10,0,65.61,591.67,0,-1
340,legit_48,398.4,387.99,13.7528,-0.1194,180.0,C2C1,0,58.7,511.57,0,-1
340,legit_49,801.6,781.14,12.5869,-0.5908,0.0,E3E4,0,78.28,503.32,0,-1
340,legit_50,219.52,198.4,11.1373,1.8098,90.0,B1C1,1,104.79,663.99,0,-1
340,legit_51,833.08,201.6,12.9684,-0.3985,270.0,F1E1,0,116.45,602.54,0,-1
340,legit_52,201.6,94.21,12.9517,-0.8437,0.0,B0B1,1,57.68,733.26,0,-1
340,legit_53,763.3,1.6,11.4554,1.6496,270.0,E0D0,0,119.14,720.18,0,-1
340,legit_54,601.6,780.92,11.7643,-1.0658,0.0,D3D4,0,159.73,475.04,0,-1
340,legit_55,198.4,501.21,12.7976,0.1695,180.0,B3B2,0,110.01,574.11,0,-1
340,legit_56,829.61,398.4,7.0429,1.409,90.0,E2F2,0,88.39,517.93,0,-1
341,legit_40,235.84,998.4,12.7068,-1.0646,90.0,B5C5,0,118.44,654.56,0,-1
341,legit_41,401.6,708.5,12.2599,-0.7742,0.0,C3C4,0,118.8,487.68,0,-1
341,legit_42,998.4,402.42,11.911,0.0771,180.0,:F2_1,0,66.8,591.34,0,-1
341,legit_43,842.37,601.6,12.6691,-0.3479,270.0,F3E3,0,92.38,493.39,0,-1
341,legit_44,1.6,915.3,12.6992,0.3684,0.0,A4A5,0,166.41,764.58,0,-1
341,legit_46,990.87,801.6,6.9949,0.9211,274.99,F4E4,0,70.51,588.38,0,-1
341,legit_48,398.4,374.34,13.6495,-0.1033,180.0,C2C1,0,53.56,515.71,0,-1
341,legit_49,801.6,790.84,9.6976,-2.8893,0.0,E3E4,0,71.27,505.76,0,-1
341,legit_50,231.96,198.4,12.4405,1.3031,90.0,B1C1,1,113.42,658.05,0,-1
341,legit_51,820.78,201.6,12.3023,-0.6662,270.0,F1E1,0,108.02,598.63,0,-1
341,legit_52,201.6,108.08,13.8653,0.9136,0.0,B0B1,1,52.96,724.27,0,-1
341,legit_53,750.33,1.6,12.9704,1.515,270.0,E0D0,0,118.4,717.72,0,-1
341,legit_54,601.6,789.06,8.132,-3.6323,0.0,D3D4,0,156.9,477.22,0,-1
341,legit_55,198.4,488.25,12.9535,0.1559,180.0,B3B2,0,121.78,576.0,0,-1
341,legit_56,838.29,398.4,8.6767,1.6337,90.0,E2F2,0,96.28,521.01,0,-1
342,legit_40,249.05,998.4,13.2103,0.5035,90.0,B5C5,0,128.33,648.49,0,-1
342,legit_41,401.6,721.76,13.2636,1.0038,0.0,C3C4,1,127.76,489.91,0,-1
342,legit_42,998.4,390.27,12.1518,0.2408,180.0,F2F1,0,59.82,594.48,0,-1
342,legit_43,829.57,601.6,12.7939,0.1247,270.0,F3E3,0,79.59,488.68,0,-1
342,legit_44,1.6,928.07,12.7691,0.0699,0.0,A4A5,0,172.57,769.45,0,-1
342,legit_46,982.14,801.6,8.7271,1.7322,270.0,F4E4,0,77.97,583.85,0,-1
342,legit_48,398.4,360.96,13.3825,-0.267,180.0,C2C1,0,51.61,520.1,0,-1
342,legit_49,801.14,796.0,5.1976,-4.5,354.74,:E4_10,0,67.47,506.97,0,-1
342,legit_50,244.63,198.4,12.6617,0.2212,90.0,B1C1,1,122.88,652.19,0,-1
342,legit_51,811.91,201.6,8.8636,-3.4386,270.0,F1E1,0,102.43,595.93,0,-1
342,legit_52,201.6,121.69,13.6071,-0.2583,0.0,B0B1,1,51.63,715.75,0,-1
342,legit_53,737.46,1.6,12.8604,-0.11,270.0,E0D0,0,119.06,715.49,0,-1
342,legit_54,601.6,792.69,3.632,-4.5,0.0,D3D4,0,155.76,478.23,0,-1
342,legit_55,198.4,475.37,12.8776,-0.0759,180.0,B3B2,0,125.11,578.06,0,-1
342,legit_56,848.43,398.4,10.1417,1.4651,90.0,E2F2,0,105.66,524.71,0,-1
342,legit_57,412.3,598.4,0.0,0.0,90.0,C3D3,1,37.73,474.54,0,-1
343,legit_40,262.36,998.4,13.3054,0.0951,90.0,B5C5,0,138.86,642.57,0,-1
343,legit_41,401.6,734.06,12.3003,-0.9633,0.0,C3C4,1,116.47,492.15,0,-1
343,legit_42,998.4,377.93,12.3334,0.1817,180.0,F2F1,1,54.63,597.91,0,-1
343,legit_43,816.2,601.6,13.3743,0.5804,270.0,F3E3,0,66.22,483.95,0,-1
343,legit_44,1.6,940.04,11.9727,-0.7964,0.0,A4A5,0,178.97,774.17,0,-1
343,legit_46,972.07,801.6,10.0689,1.3418,270.0,F4E4,0,86.87,578.74,0,-1
343,legit_48,398.4,347.64,13.3162,-0.0663,180.0,C2C1,0,53.06,524.82,0,-1
343,legit_49,796.44,801.08,7.2909,2.0933,308.77,:E4_18,0,60.59,506.88,0,-1
343,legit_50,258.37,198.4,13.7388,1.0772,90.0,B1C1,1,133.75,646.03,0,-1
343,legit_51,807.55,201.6,4.3636,-4.5,270.0,F1E1,0,99.85,594.64,0,-1
343,legit_52,201.6,135.12,13.4373,-0.1698,0.0,B0B1,1,53.77,707.65,0,-1
343,legit_53,724.25,1.6,13.2161,0.3557,270.0,E0D0,0,121.17,713.44,0,-1
343,legit_54,598.9,793.55,3.8803,0.2483,306.27,:D4_19,0,155.98,478.47,0,-1
343,legit_55,198.4,462.15,13.2209,0.3433,180.0,B3B2,0,113.04,580.35,0,-1
343,legit_56,860.82,398.4,12.3923,2.2506,90.0,E2F2,1,117.29,529.4,0,-1
343,legit_57,413.95,598.4,1.6467,1.6467,90.0,C3D3,1,36.09,474.02,0,-1
344,legit_40,275.45,998.4,13.0904,-0.215,90.0,B5C5,0,149.65,636.93,0,-1
344,legit_41,401.6,747.12,13.0634,0.7631,0.0,C3C4,1,104.73,494.71,0,-1
344,legit_42,998.4,366.12,11.8096,-0.5238,180.0,F2F1,1,51.96,601.43,0,-1
344,legit_44,1.6,953.04,13.0017,1.029,0.0,A4A5,0,186.55,779.48,0,-1
344,legit_46,959.99,801.6,12.0868,2.0178,270.0,F4E4,0,97.86,572.74,0,-1
344,legit_48,398.4,334.8,12.8386,-0.4776,180.0,C2C1,0,57.42,529.69,0,-1
344,legit_49,788.71,801.6,7.7684,0.4775,271.47,E4D4,0,54.52,504.7,0,-1
344,legit_50,271.08,198.4,12.7116,-1.0273,90.0,B1C1,1,144.24,640.51,0,-1
344,legit_51,801.71,201.6,5.8419,1.4783,270.0,:E1_5,0,96.6,592.96,0,-1
344,legit_52,201.6,148.86,13.7373,0.3,0.0,B0B1,1,59.12,699.66,0,-1
344,legit_53,711.88,1.6,12.3705,-0.8456,270.0,E0D0,0,124.39,711.73,0,-1
344,legit_54,598.4,789.51,4.1886,0.3083,192.74,D4D3,0,156.75,477.34,0,-1
344,legit_55,198.4,449.27,12.88,-0.3409,180.0,B3B2,0,101.55,582.76,0,-1
344,legit_56,874.09,398.4,13.2622,0.8699,90.0,E2F2,1,129.89,534.59,0,-1
344,legit_57,417.12,598.4,3.1741,1.5274,90.0,C3D3,1,32.92,473.04,0,-1
345,legit_40,288.48,998.4,13.036,-0.0544,90.0,B5C5,0,160.74,631.49,0,-1
345,legit_41,401.6,760.5,13.3755,0.3121,0.0,C3C4,0,93.08,497.54,0,-1
345,legit_42,998.4,353.39,12.7337,0.924,180.0,F2F1,1,52.02,605.53,0,-1
345,legit_44,1.6,966.04,12.9996,-0.0021,0.0,A4A5,0,187.11,784.96,0,-1
345,legit_46,946.45,801.6,13.5312,1.4444,270.0,F4E4,0,110.44,566.22,0,-1
345,legit_48,398.4,321.59,13.2127,0.374,180.0,C2C1,0,64.33,534.99,0,-1
345,legit_49,778.41,801.6,10.2963,2.5279,270.0,E4D4,0,47.77,501.75,0,-1
345,legit_50,284.11,198.4,13.0349,0.3234,90.0,B1C1,1,155.35,635.02,0,-1
345,legit_51,793.4,201.6,8.309,2.4671,270.0,:E1_5,0,92.42,590.64,0,-1
345,legit_52,201.6,161.93,13.0691,-0.6682,0.0,B0B1,1,66.49,692.31,0,-1
345,legit_53,698.51,1.6,13.3657,0.9952,270.0,E0D0,0,129.11,710.1,0,-1
345,legit_54,598.4,783.27,6.2451,2.0565,180.0,D4D3,0,158.87,475.66,0,-1
345,legit_55,198.4,436.82,12.4522,-0.4278,180.0,B3B2,0,90.8,585.25,0,-1
345,legit_56,886.71,398.4,12.6233,-0.6389,90.0,E2F2,1,142.0,539.72,0,-1
345,legit_57,422.17,598.4,5.0447,1.8706,90.0,C3D3,0,27.88,471.5,0,-1
346,legit_40,301.17,998.4,12.6825,-0.3535,90.0,B5C5,0,169.74,626.37,0,-1
346,legit_41,401.6,773.1,12.6024,-0.7731,0.0,C3C4,0,82.57,500.41,0,-1
346,legit_42,998.4,341.45,11.9357,-0.798,180.0,F2F1,1,54.83,609.64,0,-1
346,legit_44,1.6,979.2,13.1558,0.1561,0.0,A4A5,0,179.4,790.68,0,-1
346,legit_46,932.89,801.6,13.5651,0.0339,270.0,F4E4,0,123.25,559.88,0,-1
346,legit_48,398.4,308.33,13.256,0.0433,180.0,C2C1,1,73.02,540.57,0,-1
346,legit_49,766.37,801.6,12.0342,1.7379,270.0,E4D4,0,41.75,498.54,0,-1
346,legit_50,297.43,198.4,13.3142,0.2792,90.0,B1C1,2,166.98,629.59,0,-1
346,legit_51,783.65,201.6,9.7522,1.4431,270.0,E1D1,0,88.27,588.06,0,-1
346,legit_52,201.6,175.04,13.1132,0.044,0.0,B0B1,1,75.45,685.16,0,-1
346,legit_53,685.11,1.6,13.4064,0.0407,270.0,E0D0,0,135.02,708.69,0,-1
346,legit_54,598.4,775.24,8.0306,1.7856,180.0,D4D3,0,161.92,473.57,0,-1
346,legit_55,198.4,424.25,12.5741,0.1219,180.0,B3B2,0,80.44,587.94,0,-1
346,legit_56,900.22,398.4,13.5062,0.8829,90.0,E2F2,1,154.63,545.38,0,-1
346,legit_57,429.35,598.4,7.1815,2.1368,90.0,C3D3,0,20.71,469.35,0,-1
347,legit_40,313.9,998.4,12.7375,0.055,90.0,B5C5,0,158.69,621.39,0,-1
347,legit_41,401.6,784.24,11.1437,-1.4588,0.0,C3C4,0,73.83,503.1,0,-1
347,legit_42,998.4,329.46,11.9971,0.0614,180.0,F2F1,1,59.96,614.01,0,-1
347,legit_44,1.6,989.14,9.94,-3.2157,0.0,A4A5,0,174.01,795.13,0,-1
347,legit_46,919.93,801.6,12.9588,-0.6063,270.0,F4E4,0,135.62,554.0,0,-1
347,legit_48,398.4,294.79,13.5426,0.2866,180.0,C2C1,1,83.16,546.51,0,-1
347,legit_49,752.56,801.6,13.8185,1.7843,270.0,E4D4,0,38.48,495.25,0,-1
347,legit_50,310.26,198.4,12.8296,-0.4846,90.0,B1C1,2,160.23,624.53,0,-1
347,legit_51,772.51,201.6,11.139,1.3868,270.0,E1D1,0,84.65,585.29,0,-1
347,legit_52,201.6,188.63,13.5884,0.4752,0.0,B0B1,1,85.86,677.94,0,-1
347,legit_53,672.91,1.6,12.1962,-1.2102,270.0,E0D0,0,141.28,707.6,0,-1
347,legit_54,598.4,764.89,10.3423,2.3117,180.0,D4D3,0,166.32,471.01,0,-1
347,legit_55,198.4,411.46,12.7894,0.2154,180.0,B3B2,0,70.64,590.87,0,-1
347,legit_56,913.85,398.4,13.6297,0.1235,90.0,E2F2,1,141.47,551.29,0,-1
347,legit_57,438.42,598.4,9.071,1.8895,90.0,C3D3,0,11.69,466.73,0,-1
348,legit_40,326.52,998.4,12.6175,-0.12,90.0,B5C5,0,148.01,616.62,0,-1
348,legit_41,401.6,791.94,7.6985,-3.4452,0.0,C3C4,0,68.21,505.06,0,-1
348,legit_42,998.4,316.65,12.8092,0.8121,180.0,F2F1,1,67.39,618.92,0,-1
348,legit_44,1.6,996.47,7.327,-2.613,0.0,A4A5,0,170.3,798.47,0,-1
348,legit_46,906.96,801.6,12.9724,0.0136,270.0,F4E4,0,148.11,548.28,0,-1
348,legit_48,398.4,281.23,13.5584,0.0158,180.0,C2C1,1,94.16,552.68,0,-1
348,legit_49,738.86,801.6,13.7006,-0.1179,270.0,E4D4,1,39.98,492.43,0,-1
348,legit_50,323.79,198.4,13.5367,0.7072,90.0,B1C1,2,148.58,619.38,0,-1
348,legit_51,759.81,201.6,12.6979,1.559,270.0,E1D1,0,82.19,582.38,0,-1
348,legit_52,201.6,201.64,13.0117,-0.5767,0.0,:B1_9,1,96.58,671.21,0,-1
348,legit_53,659.93,1.6,12.9849,0.7887,270.0,E0D0,0,148.77,706.63,0,-1
348,legit_54,598.4,752.36,12.5348,2.1925,180.0,D4D3,1,172.35,468.12,0,-1
348,legit_55,198.4,398.9,12.5541,-0.2353,180.0,:B2_1,0,62.1,593.94,0,-1
348,legit_56,927.25,398.4,13.4073,-0.2224,90.0,E2F2,1,128.61,557.3,0,-1
348,legit_57,449.12,598.4,10.7063,1.6353,90.0,C3D3,0,1.82,463.79,0,-1
348,legit_58,798.4,587.7,0.0,0.0,180.0,E3E2,0,49.94,478.12,0,-1
349,legit_40,340.39,998.4,13.8704,1.2529,90.0,B5C5,0,136.65,611.58,0,-1
349,legit_41,402.94,796.91,5.2635,-2.435,15.96,:C4_8,0,63.81,505.95,0,-1
349,legit_42,998.4,304.46,12.1855,-0.6237,180.0,F2F1,1,75.81,623.8,0,-1
349,legit_44,3.24,998.4,2.958,-4.369,22.46,A5B5,0,167.92,798.15,0,-1
349,legit_46,893.71,801.6,13.2462,0.2738,270.0,F4E4,0,148.75,542.63,0,-1
349,legit_48,398.4,268.03,13.2012,-0.3572,180.0,C2C1,1,105.46,558.89,0,-1
349,legit_49,725.28,801.6,13.5738,-0.1268,270.0,E4D4,1,45.67,490.06,0,-1
349,legit_50,336.41,198.4,12.6173,-0.9194,90.0,B1C1,2,138.02,614.76,0,-1
349,legit_51,746.46,201.6,13.3548,0.6569,270.0,E1D1,0,81.68,579.61,0,-1
349,legit_52,201.6,214.52,12.8751,-0.1366,0.0,B1B2,1,107.69,664.71,0,-1
349,legit_53,647.03,1.6,12.898,-0.0869,270.0,E0D0,0,156.91,705.86,0,-1
349,legit_54,598.4,739.55,12.8076,0.2728,180.0,D4D3,1,179.2,465.39,0,-1
349,legit_55,198.4,386.61,12.2965,-0.2576,180.0,B2B1,0,55.23,597.17,0,-1
349,legit_56,940.54,398.4,13.2851,-0.1221,90.0,E2F2,1,116.0,563.43,0,-1
349,legit_57,462.33,598.4,13.2076,2.5014,90.0,C3D3,0,12.44,461.49,0,-1
349,legit_58,798.4,585.78,1.917,1.917,180.0,E3E2,0,50.44,478.17,0,-1
350,legit_40,353.83,998.4,13.4423,-0.4281,90.0,B5C5,0,126.12,606.9,0,-1
350,legit_41,408.26,798.4,5.6786,0.4151,76.93,C4D4,0,58.93,504.74,0,-1
350,legit_42,998.4,292.06,12.4007,0.2152,180.0,F2F1,1,85.31,628.95,0,-1
350,legit_44,7.97,998.4,4.7266,1.7686,89.63,A5B5,0,163.8,794.66,0,-1
350,legit_46,880.78,801.6,12.9345,-0.3117,270.0,F4E4,0,136.3,537.29,0,-1
350,legit_48,398.4,254.17,13.8581,0.6569,180.0,C2C1,1,117.74,565.61,0,-1
350,legit_49,711.89,801.6,13.3873,-0.1865,270.0,E4D4,1,54.1,488.07,0,-1
350,legit_50,349.45,198.4,13.0394,0.4221,90.0,B1C1,1,127.5,610.16,0,-1
350,legit_51,733.11,201.6,13.3476,-0.0072,270.0,E1D1,0,83.33,577.15,0,-1
350,legit_52,201.6,227.75,13.2338,0.3587,0.0,B1B2,1,119.47,658.2,0,-1
350,legit_53,634.44,1.6,12.5829,-0.3152,270.0,E0D0,0,165.44,705.29,0,-1
350,legit_54,598.4,726.3,13.2486,0.441,180.0,D4D3,1,186.95,462.81,0,-1
350,legit_55,198.4,374.07,12.5415,0.245,180.0,B2B1,1,50.4,600.71,0,-1
350,legit_56,953.55,398.4,13.0082,-0.277,90.0,E2F2,1,103.82,569.62,0,-1
350,legit_57,475.96,598.4,13.6254,0.4178,90.0,C3D3,0,26.01,459.46,0,-1
350,legit_58,798.4,582.13,3.6485,1.7315,180.0,E3E2,0,51.59,478.29,0,-1
351,legit_40,366.8,998.4,12.9674,-0.4749,90.0,B5C5,0,116.54,602.58,0,-1
351,legit_41,415.87,798.4,7.612,1.9333,90.0,C4D4,0,53.81,502.51,0,-1
351,legit_42,998.4,280.02,12.0446,-0.3561,180.0,F2F1,1,95.18,634.11,0,-1
351,legit_44,14.95,998.4,6.9791,2.2525,90.0,A5B5,0,157.79,789.54,0,-1
351,legit_46,866.98,801.6,13.8007,0.8662,270.0,F4E4,0,123.12,531.79,0,-1
351,legit_48,398.4,241.33,12.8463,-1.0118,180.0,C2C1,1,129.41,572.02,0,-1
351,legit_49,698.77,801.6,13.1281,-0.2592,270.0,E4D4,1,64.03,486.4,0,-1
351,legit_50,362.22,198.4,12.7668,-0.2726,90.0,B1C1,1,117.7,605.84,0,-1
351,legit_51,720.19,201.6,12.9157,-0.4319,270.0,E1D1,0,86.87,575.04,0,-1
351,legit_52,201.6,240.65,12.898,-0.3358,0.0,B1B2,1,130.03,652.01,0,-1
351,legit_53,621.92,1.6,12.5231,-0.0597,270.0,E0D0,0,174.42,704.9,0,-1
351,legit_54,598.4,712.49,13.8136,0.5649,180.0,D4D3,1,186.22,460.38,0,-1
351,legit_55,198.4,361.0,13.0674,0.5258,180.0,B2B1,1,48.41,604.71,0,-1
351,legit_56,966.18,398.4,12.6301,-0.3781,90.0,E2F2,1,92.2,575.79,0,-1
351,legit_57,489.06,598.4,13.1,-0.5254,90.0,C3D3,0,39.09,457.71,0,-1
351,legit_58,798.4,576.3,5.8392,2.1907,180.0,E3E2,0,53.89,478.53,0,-1
352,legit_40,379.88,998.4,13.0746,0.1072,90.0,B5C5,0,107.59,598.43,0,-1
352,legit_41,425.01,798.4,9.1388,1.5268,90.0,C4D4,0,48.53,499.97,0,-1
352,legit_42,998.4,267.82,12.2004,0.1558,180.0,F2F1,1,105.64,639.49,0,-1
352,legit_44,23.92,998.4,8.9717,1.9926,90.0,A5B5,0,150.18,783.0,0,-1
352,legit_46,854.24,801.6,12.7356,-1.0651,270.0,F4E4,0,111.09,526.89,0,-1
352,legit_48,398.4,228.44,12.888,0.0417,180.0,C2C1,1,120.09,578.63,0,-1
352,legit_49,685.58,801.6,13.1886,0.0605,270.0,E4D4,1,75.0,484.96,0,-1
352,legit_50,376.06,198.4,13.847,1.0802,90.0,B1C1,1,107.77,601.37,0,-1
352,legit_51,706.39,201.6,13.7986,0.8829,270.0,E1D1,0,92.52,573.09,0,-1
352,legit_52,201.6,254.21,13.5637,0.6657,0.0,B1B2,1,117.7,645.67,0,-1
352,legit_53,608.7,1.6,13.2173,0.6942,270.0,E0D0,0,184.35,704.68,0,-1
352,legit_54,598.4,699.48,13.0097,-0.8039,180.0,D4D3,2,178.66,458.33,0,-1
352,legit_55,198.4,348.28,12.7219,-0.3455,180.0,B2B1,1,49.8,608.92,0,-1
352,legit_56,978.52,398.4,12.3442,-0.2858,90.0,E2F2,1,81.14,582.0,0,-1
352,legit_57,502.16,598.4,13.1051,0.0051,90.0,C3D3,1,52.19,456.16,0,-1
352,legit_58,798.4,568.03,8.2661,2.4269,180.0,E3E2,0,58.01,478.98,0,-1
353,legit_40,389.74,998.4,9.8614,-3.2132,90.0,B5C5,0,101.44,595.44,0,-1
353,legit_41,435.98,798.4,10.9782,1.8395,90.0,C4D4,0,43.9,497.12,0,-1
353,legit_42,998.4,254.91,12.9073,0.7069,180.0,F2F1,1,117.08,645.35,0,-1
353,legit_44,35.23,998.4,11.3131,2.3414,90.0,A5B5,0,140.82,774.85,0,-1
353,legit_46,840.71,801.6,13.5315,0.7959,270.0,F4E4,0,98.5,521.88,0,-1
353,legit_48,398.4,214.88,13.5599,0.6719,180.0,C2C1,1,108.0,585.76,0,-1
353,legit_49,672.7,801.6,12.8743,-0.3143,270.0,E4D4,1,86.31,483.78,0,-1
353,legit_50,385.57,198.4,9.5085,-4.3385,90.0,B1C1,1,101.48,598.44,0,-1
353,legit_51,692.66,201.6,13.737,-0.0616,270.0,E1D1,0,99.73,571.43,0,-1
353,legit_52,201.6,267.52,13.3097,-0.254,0.0,B1B2,1,105.9,639.62,0,-1
353,legit_53,596.07,1.6,12.6316,-0.5857,270.0,:D0_4,0,188.03,704.65,0,-1
353,legit_54,598.4,685.8,13.683,0.6733,180.0,D4D3,2,171.42,456.43,0,-1
353,legit_55,198.4,335.25,13.0256,0.3037,180.0,B2B1,1,54.36,613.54,0,-1
353,legit_56,987.07,398.4,8.554,-3.7903,90.0,E2F2,1,73.72,586.4,0,-1
353,legit_57,514.87,598.4,12.7123,-0.3929,90.0,C3D3,1,64.89,454.85,0,-1
353,legit_58,798.4,557.38,10.6457,2.3796,180.0,E3E2,0,64.49,479.72,0,-1
354,legit_40,395.8,997.72,6.1802,-3.6813,97.93,:C5_6,0,98.53,593.3,0,-1
354,legit_41,448.96,798.4,12.9715,1.9932,90.0,C4D4,0,41.61,494.09,0,-1
354,legit_42,998.4,243.11,11.8004,-1.1069,180.0,F2F1,0,127.77,650.85,0,-1
354,legit_44,47.34,998.4,12.1019,0.7888,90.0,A5B5,0,131.14,766.23,0,-1
354,legit_46,827.8,801.6,12.9092,-0.6223,270.0,F4E4,0,86.76,517.3,0,-1
354,legit_48,398.4,201.91,12.9714,-0.5884,180.0,:C1_1,1,96.81,592.76,0,-1
354,legit_49,659.73,801.6,12.9763,0.102,270.0,E4D4,1,98.1,482.79,0,-1
354,legit_50,390.9,198.4,5.3324,-4.176,90.0,B1C1,1,98.18,596.85,0,-1
354,legit_51,679.85,201.6,12.8073,-0.9297,270.0,E1D1,0,107.61,570.12,0,-1
354,legit_52,201.6,280.85,13.3309,0.0213,0.0,B1B2,1,94.48,633.75,0,-1
354,legit_53,582.79,1.6,13.2842,0.6527,270.0,D0C0,0,177.91,704.8,0,-1
354,legit_54,598.4,672.42,13.3775,-0.3055,180.0,D4D3,2,165.13,454.82,0,-1
354,legit_55,198.4,322.22,13.0318,0.0062,180.0,B2B1,1,61.4,618.43,0,-1
354,legit_56,992.11,398.4,5.035,-3.519,90.0,E2F2,0,69.47,589.03,0,-1
354,legit_57,528.66,598.4,13.7834,1.0712,90.0,C3D3,1,78.67,453.63,0,-1
354,legit_58,798.4,544.57,12.8172,2.1715,180.0,E3E2,0,73.59,480.84,0,-1
354,legit_59,412.3,398.4,0.0,0.0,90.0,C2D2,0,53.81,504.4,0,-1
355,legit_40,398.33,993.32,5.39,-0.7902,152.46,:C5_6,0,100.92,590.18,0,-1
355,legit_41,461.99,798.4,13.0391,0.0676,90.0,C4D4,0,43.29,491.44,0,-1
355,legit_42,998.4,230.3,12.813,1.0126,180.0,F2F1,0,121.77,656.96,0,-1
355,legit_44,59.48,998.4,12.1425,0.0406,90.0,A5B5,0,121.87,757.72,0,-1
355,legit_46,816.72,801.6,11.0784,-1.8308,270.0,F4E4,0,76.98,513.53,0,-1
355,legit_48,398.4,189.04,12.8624,-0.109,180.0,C1C0,1,86.2,599.88,0,-1
355,legit_49,646.68,801.6,13.0497,0.0734,270.0,E4D4,0,110.23,482.0,0,-1
355,legit_50,393.4,198.4,2.4932,-2.8392,90.0,:C1_13,1,96.7,596.12,0,-1
355,legit_51,666.75,201.6,13.098,0.2907,270.0,E1D1,0,116.57,569.01,0,-1
355,legit_52,201.6,293.85,12.9937,-0.3373,0.0,B1B2,1,83.9,628.2,0,-1
355,legit_53,570.65,1.6,12.1412,-1.143,270.0,D0C0,0,169.04,705.11,0,-1
355,legit_54,598.4,659.35,13.0681,-0.3094,180.0,D4D3,1,159.83,453.51,0,-1
355,legit_55,198.4,309.11,13.1126,0.0808,180.0,B2B1,1,70.23,623.6,0,-1
355,legit_56,997.54,396.09,6.263,1.228,118.04,:F2_6,0,63.67,592.49,0,-1
355,legit_57,541.31,598.4,12.6558,-1.1276,90.0,C3D3,1,91.33,452.71,0,-1
355,legit_58,798.4,530.94,13.6304,0.8132,180.0,E3E2,0,84.33,482.27,0,-1
355,legit_59,414.16,398.4,1.8603,1.8603,90.0,C2D2,0,52.53,503.86,0,-1
356,legit_40,398.4,987.06,6.2663,0.8763,180.0,C5C4,0,106.31,586.79,0,-1
356,legit_41,475.48,798.4,13.4828,0.4437,90.0,C4D4,0,48.78,489.09,0,-1
356,legit_42,998.4,217.43,12.8676,0.0546,180.0,F2F1,0,110.25,663.26,0,-1
356,legit_44,71.46,998.4,11.9831,-0.1595,90.0,A5B5,0,113.26,749.44,0,-1
356,legit_46,810.14,801.6,6.5784,-4.5,270.0,F4E4,0,71.36,511.36,0,-1
356,legit_48,398.4,176.02,13.0233,0.1609,180.0,C1C0,1,76.16,607.27,0,-1
356,legit_49,633.27,801.6,13.4097,0.36,270.0,E4D4,0,122.89,481.4,0,-1
356,legit_50,397.74,198.4,4.3458,1.8526,90.0,:C1_13,1,94.22,594.87,0,-1
356,legit_51,653.85,201.6,12.8969,-0.2011,270.0,E1D1,0,126.11,568.12,0,-1
356,legit_52,201.6,307.29,13.445,0.4513,0.0,B1B2,1,73.76,622.65,0,-1
356,legit_53,557.28,1.6,13.3714,1.2302,270.0,D0C0,0,159.77,705.65,0,-1
356,legit_54,598.4,645.66,13.6907,0.6226,180.0,D4D3,1,155.27,452.4,0,-1
356,legit_55,198.4,296.12,12.9859,-0.1267,180.0,B2B1,1,80.14,628.93,0,-1
356,legit_56,998.4,390.49,5.7687,-0.4943,174.68,F2F1,0,59.93,594.42,0,-1
356,legit_57,554.61,598.4,13.2952,0.6394,90.0,C3D3,1,104.62,451.93,0,-1
356,legit_58,798.4,518.17,12.7646,-0.8657,180.0,E3E2,0,95.07,483.82,0,-1
356,legit_59,418.46,398.4,4.2961,2.4358,90.0,C2D2,0,49.69,502.63,0,-1
357,legit_40,398.4,978.68,8.3806,2.1143,180.0,C5C4,0,113.71,582.34,0,-1
357,legit_41,488.86,798.4,13.3777,-0.1051,90.0,C4D4,1,56.92,487.1,0,-1
357,legit_44,84.7,998.4,13.2355,1.2524,90.0,A5B5,0,104.51,740.46,0,-1
357,legit_46,802.07,801.6,8.0704,1.4921,270.0,:E4_5,0,64.7,508.78,0,-1
357,legit_48,398.4,162.72,13.3045,0.2812,180.0,C1C0,1,66.99,615.03,0,-1
357,legit_49,621.02,801.6,12.2444,-1.1653,270.0,E4D4,1,134.57,481.02,0,-1
357,legit_50,404.31,198.4,6.5707,2.2249,90.0,:C1_13,1,90.74,593.03,0,-1
357,legit_51,640.73,201.6,13.1255,0.2286,270.0,E1D1,0,136.38,567.42,0,-1
357,legit_52,201.6,319.92,12.6232,-0.8217,0.0,B1B2,1,65.34,617.65,0,-1
357,legit_53,544.17,1.6,13.1053,-0.2661,270.0,D0C0,0,151.28,706.36,0,-1
357,legit_54,598.4,632.03,13.6277,-0.063,180.0,D4D3,1,151.82,451.58,0,-1
357,legit_55,198.4,282.8,13.3176,0.3317,180.0,B2B1,1,91.12,634.59,0,-1
357,legit_56,998.4,382.7,7.7902,2.0215,180.0,F2F1,0,56.37,596.55,0,-1
357,legit_57,567.99,598.4,13.3825,0.0873,90.0,C3D3,1,118.0,451.35,0,-1
357,legit_58,798.4,504.97,13.1987,0.434,180.0,E3E2,0,106.64,485.63,0,-1
357,legit_59,424.93,398.4,6.4713,2.1752,90.0,C2D2,0,45.86,500.83,0,-1
358,legit_40,398.4,968.9,9.7744,1.3939,180.0,C5C4,0,122.5,577.25,0,-1
358,legit_41,501.23,798.4,12.3756,-1.0021,90.0,C4D4,1,65.99,485.51,0,-1
358,legit_44,97.71,998.4,13.0134,-0.2221,90.0,A5B5,0,96.92,731.83,0,-1
358,legit_46,791.86,801.6,10.2158,2.1453,270.0,E4D4,0,56.8,505.64,0,-1
358,legit_48,398.4,149.99,12.7312,-0.5733,180.0,C1C0,1,59.68,622.67,0,-1
358,legit_49,612.32,801.6,8.7066,-3.5378,270.0,E4D4,1,142.94,480.86,0,-1
358,legit_50,413.08,198.4,8.767,2.1963,90.0,C1D1,1,86.66,590.66,0,-1
358,legit_51,627.81,201.6,12.9198,-0.2056,270.0,E1D1,0,146.93,566.92,0,-1
358,legit_52,201.6,332.51,12.5926,-0.0307,0.0,B1B2,1,58.47,612.88,0,-1
358,legit_53,531.06,1.6,13.1079,0.0026,270.0,D0C0,0,143.49,707.28,0,-1
358,legit_54,598.4,618.25,13.7802,0.1525,180.0,D4D3,1,149.52,451.04,0,-1
358,legit_55,198.4,269.47,13.3377,0.0201,180.0,B2B1,1,102.66,640.44,0,-1
358,legit_56,998.4,373.57,9.1293,1.339,180.0,F2F1,0,53.35,599.18,0,-1
358,legit_57,580.26,598.4,12.27,-1.1125,90.0,C3D3,1,130.27,450.99,0,-1
358,legit_58,798.4,491.65,13.3227,0.124,180.0,E3E2,0,118.67,487.66,0,-1
358,legit_59,433.47,398.4,8.5466,2.0753,90.0,C2D2,0,41.81,498.58,0,-1
359,legit_40,398.4,956.65,12.2528,2.4783,180.0,C5C4,0,127.55,571.0,0,-1
359,legit_41,513.93,798.4,12.701,0.3254,90.0,C4D4,1,76.27,484.11,0,-1
359,legit_44,109.85,998.4,12.1433,-0.8701,90.0,A5B5,0,90.94,723.95,0,-1
359,legit_46,779.45,801.6,12.4031,2.1874,270.0,E4D4,0,48.4,502.04,0,-1
359,legit_48,398.4,136.94,13.0489,0.3177,180.0,C1C0,1,54.31,630.75,0,-1
359,legit_49,608.11,801.6,4.2066,-4.5,270.0,E4D4,1,146.99,480.81,0,-1
359,legit_50,423.34,198.4,10.2603,1.4933,90.0,C1D1,1,82.81,588.05,0,-1
359,legit_51,616.77,201.6,11.0357,-1.8842,270.0,E1D1,0,156.23,566.65,0,-1
359,legit_52,201.6,345.54,13.0338,0.4413,0.0,B1B2,1,53.59,608.2,0,-1
359,legit_53,518.0,1.6,13.0661,-0.0418,270.0,D0C0,0,136.54,708.4,0,-1
359,legit_54,598.4,608.97,9.2802,-4.5,180.0,D4D3,1,148.67,450.84,0,-1
359,legit_55,198.4,257.2,12.2649,-1.0728,180.0,B2B1,1,113.62,645.98,0,-1
359,legit_56,998.4,362.64,10.9252,1.7959,180.0,F2F1,0,51.67,602.52,0,-1
359,legit_57,588.41,598.4,8.148,-4.122,90.0,C3D3,1,138.42,450.85,0,-1
359,legit_58,798.4,478.73,12.9218,-0.4009,180.0,E3E2,0,128.21,489.82,0,-1
359,legit_59,444.19,398.4,10.7153,2.1687,90.0,C2D2,0,38.84,495.98,0,-1
360,legit_40,398.4,942.95,13.6968,1.4441,180.0,C5C4,0,115.16,564.2,0,-1
360,legit_41,526.24,798.4,12.3114,-0.3896,90.0,C4D4,1,86.85,482.96,0,-1
360,legit_44,122.83,998.4,12.9791,0.8358,90.0,A5B5,0,86.0,715.73,0,-1
360,legit_46,766.4,801.6,13.0566,0.6535,270.0,E4D4,0,41.75,498.55,0,-1
360,legit_48,398.4,123.4,13.5323,0.4833,180.0,C1C0,1,51.71,639.42,0,-1
360,legit_49,602.1,801.6,6.0103,1.8038,270.0,:D4_5,1,152.8,480.78,0,-1
360,legit_50,435.41,198.4,12.0654,1.8051,90.0,C1D1,1,79.75,585.2,0,-1
360,legit_51,610.24,201.6,6.5357,-4.5,270.0,E1D1,0,161.84,566.55,0,-1
360,legit_52,201.6,358.83,13.2844,0.2505,0.0,B1B2,1,51.61,603.74,0,-1
360,legit_53,505.75,1.6,12.2458,-0.8202,270.0,D0C0,0,130.87,709.63,0,-1
360,legit_54,598.82,604.23,4.7802,-4.5,175.11,:D3_2,1,148.88,450.79,0,-1
360,legit_55,198.4,244.47,12.7252,0.4603,180.0,B2B1,1,125.25,651.87,0,-1
360,legit_56,998.4,349.63,13.0196,2.0944,180.0,F2F1,0,52.63,606.79,0,-1
360,legit_57,592.57,598.4,4.164,-3.9841,90.0,C3D3,1,142.58,450.81,0,-1
360,legit_58,798.4,465.09,13.6345,0.7126,180.0,E3E2,0,115.7,492.31,0,-1
360,legit_59,457.4,398.4,13.2139,2.4986,90.0,C2D2,0,39.11,493.16,0,-1
360,legit_60,1.6,8.3,0.0,0.0,0.0,A0A1,0,185.74,907.52,0,-1
361,legit_40,398.4,930.06,12.8972,-0.7996,180.0,C5C4,0,103.79,557.98,0,-1
361,legit_41,539.12,798.4,12.8733,0.5619,90.0,C4D4,1,98.35,481.96,0,-1
361,legit_44,135.27,998.4,12.4389,-0.5402,90.0,A5B5,0,82.92,708.09,0,-1
361,legit_46,752.84,801.6,13.555,0.4984,270.0,E4D4,0,38.51,495.31,0,-1
361,legit_48,398.4,110.15,13.2551,-0.2772,180.0,C1C0,2,52.53,648.24,0,-1
361,legit_49,593.93,801.6,8.1665,2.1562,270.0,:D4_5,1,148.97,480.8,0,-1
361,legit_50,448.76,198.4,13.3588,1.2934,90.0,C1D1,1,78.41,582.32,0,-1
361,legit_51,604.16,202.3,6.1977,-0.338,278.2,:D1_4,0,167.46,566.11,0,-1
361,legit_52,201.6,372.55,13.7199,0.4356,0.0,B1B2,1,53.1,599.49,0,-1
361,legit_53,493.21,1.6,12.538,0.2922,270.0,D0C0,1,126.04,711.08,0,-1
361,legit_54,602.88,599.23,6.7571,1.977,134.07,:D3_16,1,147.12,450.78,0,-1
361,legit_55,198.4,231.03,13.4455,0.7203,180.0,B2B1,1,121.12,658.27,0,-1
361,legit_56,998.4,335.97,13.6579,0.6383,180.0,F2F1,0,56.92,611.61,0,-1
361,legit_57,592.65,598.4,0.0759,-4.0881,90.0,C3D3,1,142.66,450.8,0,-1
361,legit_58,798.4,451.59,13.5041,-0.1304,180.0,E3E2,0,103.59,494.98,0,-1
361,legit_59,471.05,398.4,13.6479,0.434,90.0,C2D2,0,43.79,490.66,0,-1
361,legit_60,1.6,9.61,1.3133,1.3133,0.0,A0A1,0,184.95,906.67,0,-1
362,legit_40,398.4,917.29,12.7646,-0.1327,180.0,C5C4,0,92.93,552.0,0,-1
362,legit_41,552.08,798.4,12.9612,0.0879,90.0,C4D4,1,110.23,481.15,0,-1
362,legit_44,147.68,998.4,12.413,-0.0259,90.0,A5B5,0,81.63,700.69,0,-1
362,legit_46,739.56,801.6,13.2818,-0.2732,270.0,E4D4,0,39.79,492.56,0,-1
362,legit_48,398.4,97.41,12.7382,-0.5169,180.0,C1C0,2,56.33,656.98,0,-1
362,legit_49,583.77,801.6,10.1643,1.9978,270.0,D4C4,1,139.17,480.92,0,-1
362,legit_50,462.43,198.4,13.6626,0.3038,90.0,C1D1,2,79.38,579.7,0,-1
362,legit_51,601.6,207.56,6.2323,0.0346,341.97,D1D2,1,172.31,563.14,0,-1
362,legit_52,201.6,386.15,13.6014,-0.1185,0.0,B1B2,0,57.85,595.6,0,-1
362,legit_53,480.74,1.6,12.4773,-0.0607,270.0,D0C0,1,122.32,712.73,0,-1
362,legit_54,611.17,598.4,8.4091,1.652,91.67,D3E3,1,138.84,450.84,0,-1
362,legit_55,198.4,218.02,13.0105,-0.435,180.0,B2B1,0,109.32,664.62,0,-1
362,legit_56,998.4,322.12,13.8487,0.1909,180.0,F2F1,0,64.01,616.8,0,-1
362,legit_57,595.04,598.72,2.4117,2.3358,86.32,:D3_14,1,145.04,450.79,0,-1
362,legit_58,798.4,438.7,12.8852,-0.6189,180.0,E3E2,0,92.4,497.72,0,-1
362,legit_59,484.37,398.4,13.314,-0.3339,90.0,C2D2,0,51.53,488.59,0,-1
362,legit_60,1.6,12.4,2.7865,1.4732,0.0,A0A1,0,183.3,904.87,0,-1
363,legit_40,398.4,904.42,12.8673,0.1027,180.0,C5C4,0,82.54,546.16,0,-1
363,legit_41,564.67,798.4,12.5898,-0.3713,90.0,C4D4,1,121.98,480.55,0,-1
363,legit_44,160.9,998.4,13.2138,0.8008,90.0,A5B5,0,82.32,693.07,0,-1
363,legit_46,726.34,801.6,13.223,-0.0588,270.0,E4D4,0,45.1,490.23,0,-1
363,legit_48,398.4,83.53,13.8859,1.1477,180.0,C1C0,2,63.19,666.8,0,-1
363,legit_49,571.51,801.6,12.2618,2.0974,270.0,D4C4,1,127.43,481.23,0,-1
363,legit_50,475.74,198.4,13.3093,-0.3533,90.0,C1D1,2,82.52,577.44,0,-1
363,legit_51,601.6,216.17,8.6121,2.3798,0.0,D1D2,1,176.84,558.37,0,-1
363,legit_52,201.6,399.89,13.7465,0.145,0.0,:B2_9,0,65.22,591.98,0,-1
363,legit_53,468.18,1.6,12.5548,0.0775,270.0,D0C0,1,119.79,714.59,0,-1
363,legit_54,622.01,598.4,10.8417,2.4325,90.0,D3E3,1,128.0,451.05,0,-1
363,legit_55,198.4,204.64,13.3762,0.3657,180.0,:B1_1,0,97.5,671.31,0,-1
363,legit_56,998.4,308.74,13.3815,-0.4673,180.0,F2F1,0,72.74,622.07,0,-1
363,legit_57,599.3,600.54,4.7185,2.3068,67.72,:D3_14,1,149.3,450.77,0,-1
363,legit_58,798.4,425.3,13.4084,0.5232,180.0,E3E2,0,81.28,500.78,0,-1
363,legit_59,497.89,398.4,13.5274,0.2134,90.0,C2D2,0,61.39,486.8,0,-1
363,legit_60,1.6,16.86,4.4646,1.6781,0.0,A0A1,0,180.72,902.01,0,-1
364,legit_40,398.4,891.42,13.0005,0.1332,180.0,C5C4,0,72.85,540.46,0,-1
364,legit_41,577.59,798.4,12.9213,0.3315,90.0,C4D4,2,134.2,480.13,0,-1
364,legit_44,173.31,998.4,12.4139,-0.7999,90.0,A5B5,0,84.86,686.15,0,-1
364,legit_46,713.67,801.6,12.668,-0.5551,270.0,E4D4,1,52.86,488.32,0,-1
364,legit_48,398.4,70.49,13.039,-0.8469,180.0,C1C0,1,71.51,676.24,0,-1
364,legit_49,558.91,801.6,12.6003,0.3385,270.0,D4C4,1,115.48,481.73,0,-1
364,legit_50,489.31,198.4,13.5728,0.2635,90.0,C1D1,1,87.7,575.44,0,-1
364,legit_51,601.6,227.18,11.0045,2.3924,0.0,D1D2,1,183.06,552.41,0,-1
364,legit_52,201.6,413.78,13.8885,0.1421,0.0,B2B3,0,74.53,588.59,0,-1
364,legit_53,456.02,1.6,12.1636,-0.3912,270.0,D0C0,1,118.55,716.59,0,-1
364,legit_54,635.28,598.4,13.2629,2.4213,90.0,D3E3,1,114.73,451.47,0,-1
364,legit_55,198.4,192.16,12.4779,-0.8982,180.0,B1B0,0,86.89,677.71,0,-1
364,legit_56,998.4,295.68,13.0536,-0.3279,180.0,F2F1,0,82.46,627.43,0,-1
364,legit_57,601.45,606.12,6.1148,1.3963,18.19,:D3_14,1,148.68,450.8,0,-1
364,legit_58,798.4,415.61,9.6847,-3.7237,180.0,E3E2,0,73.72,503.14,0,-1
364,legit_59,511.63,398.4,13.735,0.2076,90.0,C2D2,0,72.61,485.25,0,-1
364,legit_60,1.6,23.83,6.9628,2.4983,0.0,A0A1,0,176.84,897.57,0,-1
365,legit_40,398.4,878.63,12.7909,-0.2096,180.0,C5C4,0,64.46,535.08,0,-1
365,legit_41,589.97,798.4,12.3778,-0.5435,90.0,C4D4,2,146.02,479.9,0,-1
365,legit_44,186.54,998.4,13.2225,0.8086,90.0,A5B5,0,89.41,679.04,0,-1
365,legit_46,700.84,801.6,12.8308,0.1628,270.0,E4D4,1,62.38,486.64,0,-1
365,legit_48,398.4,56.72,13.7691,0.73,180.0,C1C0,1,81.65,686.41,0,-1
365,legit_49,545.62,801.6,13.285,0.6848,270.0,D4C4,1,103.04,482.45,0,-1
365,legit_50,502.84,198.4,13.5281,-0.0447,90.0,C1D1,1,94.54,573.73,0,-1
365,legit_51,601.6,239.98,12.8034,1.7989,0.0,D1D2,1,190.84,545.67,0,-1
365,legit_52,201.6,426.83,13.048,-0.8405,0.0,B2B3,0,84.43,585.62,0,-1
365,legit_53,443.42,1.6,12.5939,0.4303,270.0,D0C0,1,118.58,718.87,0,-1
365,legit_54,648.26,598.4,12.9867,-0.2762,90.0,D3E3,1,101.75,452.08,0,-1
365,legit_55,198.4,179.7,12.4626,-0.0154,180.0,B1B0,0,76.86,684.26,0,-1
365,legit_56,998.4,282.54,13.1464,0.0928,180.0,F2F1,0,93.08,633.02,0,-1
365,legit_57,601.6,613.88,7.7802,1.6655,0.0,D3D4,1,149.05,450.93,0,-1
365,legit_58,798.4,409.1,6.5102,-3.1745,180.0,E3E2,0,68.95,504.79,0,-1
365,legit_59,525.2,398.4,13.5745,-0.1605,90.0,C2D2,0,84.44,483.96,0,-1
365,legit_60,1.6,33.39,9.5589,2.5961,0.0,A0A1,0,171.83,891.53,0,-1
366,legit_40,398.4,864.86,13.773,0.9821,180.0,C5C4,1,57.28,529.55,0,-1
366,legit_44,199.52,998.4,12.9823,-0.2402,90.0,:B5_7,0,95.45,672.29,0,-1
366,legit_46,687.31,801.6,13.5281,0.6973,270.0,E4D4,0,73.51,485.14,0,-1
366,legit_48,398.4,42.89,13.8284,0.0594,180.0,C1C0,1,92.78,696.8,0,-1
366,legit_49,532.16,801.6,13.465,0.1799,270.0,D4C4,1,90.69,483.39,0,-1
366,legit_50,515.65,198.4,12.8157,-0.7124,90.0,C1D1,1,102.26,572.35,0,-1
366,legit_51,601.6,252.63,12.65,-0.1534,0.0,D1D2,1,183.17,539.22,0,-1
366,legit_52,201.6,440.16,13.3287,0.2807,0.0,B2B3,0,95.33,582.8,0,-1
366,legit_53,430.79,1.6,12.6353,0.0415,270.0,D0C0,1,119.95,721.38,0,-1
366,legit_54,661.38,598.4,13.111,0.1243,90.0,D3E3,1,88.64,452.89,0,-1
366,legit_55,198.4,166.88,12.8262,0.3636,180.0,B1B0,0,67.38,691.17,0,-1
366,legit_56,998.4,269.64,12.9008,-0.2456,180.0,F2F1,0,104.06,638.68,0,-1
366,legit_57,601.6,624.19,10.3014,2.5212,0.0,D3D4,1,150.36,451.23,0,-1
366,legit_58,799.29,405.96,3.441,-3.0692,169.29,:E2_17,0,67.39,505.88,0,-1
366,legit_59,537.89,398.4,12.6917,-0.8827,90.0,C2D2,0,95.92,482.96,0,-1
366,legit_60,1.6,44.69,11.2997,1.7408,0.0,A0A1,0,166.42,884.5,0,-1
366,legit_61,1.6,212.3,0.0,0.0,0.0,A1A2,0,174.76,794.48,0,-1
367,legit_40,398.4,851.7,13.1587,-0.6143,180.0,C5C4,1,52.91,524.58,0,-1
367,legit_44,212.26,998.4,12.7413,-0.241,90.0,B5C5,0,102.64,665.89,0,-1
367,legit_46,674.1,801.6,13.2117,-0.3164,270.0,E4D4,0,85.06,483.9,0,-1
367,legit_48,398.4,30.01,12.8756,-0.9528,180.0,C1C0,1,103.73,706.62,0,-1
367,legit_49,518.72,801.6,13.4351,-0.0299,270.0,D4C4,1,78.72,484.54,0,-1
367,legit_50,528.59,198.4,12.9345,0.1188,90.0,C1D1,1,111.01,571.18,0,-1
367,legit_51,601.6,265.4,12.7652,0.1152,0.0,D1D2,2,175.99,532.91,0,-1
367,legit_52,201.6,453.46,13.2982,-0.0306,0.0,B2B3,0,106.76,580.18,0,-1
367,legit_53,417.57,1.6,13.213,0.5776,270.0,D0C0,1,122.76,724.21,0,-1
367,legit_54,674.94,598.4,13.5677,0.4567,90.0,D3E3,1,75.07,453.93,0,-1
367,legit_55,198.4,154.15,12.726,-0.1002,180.0,B1B0,0,59.24,698.22,0,-1
367,legit_56,998.4,256.9,12.7388,-0.1621,180.0,F2F1,0,115.29,644.44,0,-1
367,legit_57,601.6,636.32,12.1357,1.8343,0.0,D3D4,1,152.78,451.8,0,-1
367,legit_58,801.6,407.43,3.3647,-0.0763,87.51,E2E3,0,70.09,506.21,0,-1
367,legit_59,551.7,398.4,13.8102,1.1185,90.0,C2D2,1,108.71,482.09,0,-1
367,legit_60,1.6,57.31,12.6204,1.3207,0.0,A0A1,0,161.1,876.76,0,-1
367,legit_61,1.6,214.3,1.9983,1.9983,0.0,A1A2,0,175.83,793.58,0,-1
368,legit_40,398.4,838.88,12.8245,-0.3341,180.0,C5C4,1,51.61,520.04,0,-1
368,legit_44,224.91,998.4,12.653,-0.0884,90.0,B5C5,0,110.77,659.73,0,-1
368,legit_46,660.67,801.6,13.434,0.2223,270.0,E4D4,0,97.24,482.86,0,-1
368,legit_48,398.4,18.5,11.5092,-1.3664,180.0,C1C0,1,113.86,715.51,0,-1
368,legit_49,504.85,801.6,13.8753,0.4402,270.0,D4C4,1,66.95,485.98,0,-1
368,legit_50,541.52,198.4,12.9288,-0.0057,90.0,C1D1,1,120.51,570.22,0,-1
368,legit_51,601.6,278.68,13.2838,0.5186,0.0,D1D2,2,169.22,526.57,0,-1
368,legit_52,201.6,466.84,13.3829,0.0847,0.0,B2B3,0,118.65,577.74,0,-1
368,legit_53,404.62,1.6,12.9556,-0.2574,270.0,:C0_4,1,126.8,727.22,0,-1
368,legit_54,688.28,598.4,13.3382,-0.2295,90.0,D3E3,1,61.74,455.16,0,-1
368,legit_55,198.4,140.88,13.2698,0.5438,180.0,B1B0,0,52.71,705.8,0,-1
368,legit_56,998.4,244.16,12.7357,-0.003,180.0,F2F1,0,126.81,650.35,0,-1
368,legit_57,601.6,649.09,12.7653,0.6296,0.0,D3D4,1,156.31,452.65,0,-1
368,legit_58,801.6,412.21,4.7744,1.4097,0.0,E2E3,0,73.41,504.98,0,-1
368,legit_59,564.58,398.4,12.8743,-0.9359,90.0,C2D2,1,120.84,481.48,0,-1
368,legit_60,1.6,70.52,13.2114,0.591,0.0,A0A1,1,156.43,868.82,0,-1
368,legit_61,1.6,217.9,3.599,1.6007,0.0,A1A2,1,177.78,791.97,0,-1
369,legit_40,398.4,825.63,13.2493,0.4248,180.0,C5C4,1,53.56,515.7,0,-1
369,legit_44,237.7,998.4,12.7914,0.1385,90.0,B5C5,0,119.79,653.69,0,-1
369,legit_46,647.63,801.6,13.036,-0.3981,270.0,E4D4,1,109.34,482.05,0,-1
369,legit_48,398.4,10.82,7.6837,-3.8255,180.0,C1C0,1,120.76,721.5,0,-1
369,legit_49,491.94,801.6,12.9102,-0.9651,270.0,D4C4,1,56.86,487.55,0,-1
369,legit_50,555.09,198.4,13.5719,0.6431,90.0,C1D1,1,131.11,569.43,0,-1
369,legit_51,601.6,292.33,13.6503,0.3665,0.0,D1D2,2,163.1,520.3,0,-1
369,legit_52,201.6,480.32,13.4791,0.0962,0.0,B2B3,0,130.33,575.47,0,-1
369,legit_53,391.68,1.6,12.9346,-0.021,270.0,C0B0,1,131.98,730.42,0,-1
369,legit_54,701.2,598.4,12.9173,-0.4209,90.0,D3E3,1,48.83,456.54,0,-1
369,legit_55,198.4,128.34,12.5376,-0.7321,180.0,B1B0,0,49.11,713.21,0,-1
369,legit_56,998.4,231.22,12.9371,0.2013,180.0,F2F1,0,122.61,656.51,0,-1
369,legit_57,601.6,662.17,13.085,0.3196,0.0,D3D4,2,160.9,453.77,0,-1
369,legit_58,801.6,418.9,6.6926,1.9182,0.0,E2E3,0,78.31,503.31,0,-1
369,legit_59,577.59,398.4,13.0094,0.1351,90.0,C2D2,1,133.24,481.06,0,-1
369,legit_60,1.6,83.91,13.3892,0.1778,0.0,A0A1,1,152.73,860.93,0,-1
369,legit_61,1.6,224.01,6.1109,2.5119,0.0,A1A2,1,181.22,789.27,0,-1
370,legit_40,398.4,812.84,12.7833,-0.4661,180.0,C5C4,1,58.31,511.81,0,-1
370,legit_44,250.12,998.4,12.4151,-0.3764,90.0,B5C5,0,129.16,648.01,0,-1
370,legit_46,634.66,801.6,12.9696,-0.0663,270.0,E4D4,1,121.56,481.45,0,-1
370,legit_48,398.89,3.79,7.0691,-0.6146,174.39,:C0_1,1,126.96,726.89,0,-1
370,legit_49,478.54,801.6,13.4002,0.49,270.0,D4C4,1,47.84,489.46,0,-1
370,legit_50,568.88,198.4,13.7889,0.217,90.0,C1D1,1,142.4,568.85,0,-1
370,legit_51,601.6,306.17,13.837,0.1867,0.0,D1D2,2,157.86,514.21,0,-1
370,legit_52,201.6,493.23,12.9075,-0.5716,0.0,B2B3,0,118.59,573.47,0,-1
370,legit_53,378.29,1.6,13.3988,0.4642,270.0,C0B0,1,138.43,733.96,0,-1
370,legit_54,714.09,598.4,12.8876,-0.0298,90.0,D3E3,1,35.95,458.11,0,-1
370,legit_55,198.4,114.94,13.4015,0.8639,180.0,B1B0,0,48.66,721.43,0,-1
370,legit_56,998.4,217.62,13.6053,0.6682,180.0,F2F1,0,110.42,663.17,0,-1
370,legit_57,601.6,675.05,12.8814,-0.2036,0.0,D3D4,2,166.3,455.12,0,-1
370,legit_58,801.6,427.14,8.2365,1.5439,0.0,E2E3,0,84.68,501.33,0,-1
370,legit_59,586.16,398.4,8.572,-4.4374,90.0,C2D2,1,141.47,480.88,0,-1
370,legit_60,1.6,96.68,12.7747,-0.6145,0.0,A0A1,1,150.22,853.56,0,-1
370,legit_61,1.6,232.64,8.6302,2.5193,0.0,A1A2,1,186.31,785.52,0,-1
371,legit_44,262.78,998.4,12.664,0.2489,90.0,B5C5,0,139.21,642.39,0,-1
371,legit_46,621.7,801.6,12.958,-0.0116,270.0,E4D4,1,133.92,481.04,0,-1
371,legit_48,403.57,-1.08,7.0744,0.0053,128.72,:C0_1,1,129.68,729.59,0,-1
371,legit_49,464.66,801.6,13.8766,0.4764,270.0,D4C4,0,41.1,491.78,0,-1
371,legit_50,581.14,198.4,12.2597,-1.5292,90.0,C1D1,1,152.79,568.51,0,-1
371,legit_51,601.6,319.47,13.3024,-0.5346,0.0,D1D2,2,153.83,508.61,0,-1
371,legit_52,201.6,506.4,13.1684,0.2608,0.0,B2B3,0,106.89,571.62,0,-1
371,legit_53,365.44,1.6,12.8428,-0.556,270.0,C0B0,1,145.49,737.54,0,-1
371,legit_54,727.84,598.4,13.758,0.8705,90.0,D3E3,0,22.21,460.01,0,-1
371,legit_55,198.4,101.95,12.9921,-0.4093,180.0,B1B0,0,51.66,729.7,0,-1
371,legit_56,998.4,207.93,9.6857,-3.9195,180.0,F2F1,0,101.96,668.01,0,-1
371,legit_57,601.6,688.34,13.2828,0.4014,0.0,D3D4,1,172.7,456.76,0,-1
371,legit_58,801.6,437.9,10.7621,2.5257,0.0,E2E3,0,93.44,498.87,0,-1
371,legit_59,591.44,398.4,5.2828,-3.2892,90.0,C2D2,1,146.56,480.82,0,-1
371,legit_60,1.6,110.26,13.5785,0.8038,0.0,A0A1,1,148.72,845.91,0,-1
371,legit_61,1.6,242.97,10.3311,1.7009,0.0,A1A2,1,188.99,781.14,0,-1
372,legit_44,275.21,998.4,12.4277,-0.2363,90.0,B5C5,0,149.45,637.03,0,-1
372,legit_46,612.62,801.6,9.0867,-3.8713,270.0,E4D4,1,142.65,480.87,0,-1
372,legit_48,411.29,-1.6,7.7617,0.6873,91.47,C0D0,1,127.61,728.18,0,-1
372,legit_49,451.25,801.6,13.4121,-0.4645,270.0,D4C4,0,38.42,494.42,0,-1
372,legit_50,588.9,198.4,7.7597,-4.5,90.0,C1D1,1,159.5,568.38,0,-1
372,legit_51,601.6,333.17,13.7031,0.4007,0.0,D1D2,2,150.81,503.1,0,-1
372,legit_52,201.6,520.1,13.7046,0.5362,0.0,B2B3,0,95.11,569.88,0,-1
372,legit_53,352.39,1.6,13.0567,0.2139,270.0,C0B0,1,153.45,741.37,0,-1
372,legit_54,741.64,598.4,13.7937,0.0356,90.0,D3E3,0,8.51,462.12,0,-1
372,legit_55,198.4,89.12,12.8247,-0.1674,180.0,B1B0,0,57.41,738.12,0,-1
372,legit_56,995.95,202.37,6.4707,-3.215,209.76,:F1_0,0,98.52,669.59,0,-1
372,legit_57,601.6,701.77,13.4377,0.1549,0.0,D3D4,1,179.95,458.67,0,-1
372,legit_58,801.6,450.44,12.536,1.7739,0.0,E2E3,0,104.12,496.18,0,-1
372,legit_59,598.93,398.4,7.4916,2.2088,90.0,:D2_13,1,153.81,480.78,0,-1
372,legit_60,1.6,123.35,13.0908,-0.4877,0.0,A0A1,1,148.44,838.71,0,-1
372,legit_61,1.6,254.36,11.39,1.0589,0.0,A1A2,1,182.16,776.44,0,-1
372,legit_62,998.4,991.7,0.0,0.0,180.0,F5F4,0,102.27,667.83,0,-1
373,legit_44,287.88,998.4,12.6668,0.2391,90.0,B5C5,0,160.21,631.74,0,-1
373,legit_46,608.0,801.6,4.6181,-4.4686,270.0,E4D4,1,147.1,480.81,0,-1
373,legit_48,420.58,-1.6,9.2843,1.5226,90.0,C0D0,1,125.11,726.09,0,-1
373,legit_49,437.81,801.6,13.439,0.0269,270.0,D4C4,0,40.29,497.5,0,-1
373,legit_50,597.99,198.4,9.0964,1.3367,90.0,:D1_13,1,167.48,568.32,0,-1
373,legit_51,601.6,345.89,12.7121,-0.991,0.0,D1D2,2,149.07,498.25,0,-1
373,legit_52,201.6,533.42,13.3199,-0.3847,0.0,B2B3,0,84.23,568.4,0,-1
373,legit_53,339.27,1.6,13.1173,0.0607,270.0,C0B0,1,162.11,745.42,0,-1
373,legit_54,754.93,598.4,13.2895,-0.5042,90.0,D3E3,1,5.18,464.87,0,-1
373,legit_55,198.4,75.92,13.2046,0.3799,180.0,B1B0,0,65.46,747.02,0,-1
373,legit_56,990.15,201.6,5.9383,-0.5324,266.17,F1E1,0,101.19,667.08,0,-1
373,legit_57,601.6,715.08,13.307,-0.1307,0.0,D3D4,1,187.79,460.81,0,-1
373,legit_58,801.6,463.96,13.5218,0.9858,0.0,E2E3,1,116.06,493.49,0,-1
373,legit_59,608.06,398.4,9.1275,1.6359,90.0,D2E2,1,147.04,480.81,0,-1
373,legit_60,1.6,136.08,12.7301,-0.3607,0.0,A0A1,1,149.27,831.87,0,-1
373,legit_61,1.6,266.04,11.6814,0.2914,0.0,A1A2,1,175.64,771.76,0,-1
373,legit_62,998.4,989.44,2.2598,2.2598,180.0,F5F4,0,104.23,666.69,0,-1
374,legit_44,300.81,998.4,12.9331,0.2664,90.0,B5C5,0,170.05,626.51,0,-1
374,legit_46,602.04,801.6,5.9569,1.3388,270.0,:D4_5,1,152.86,480.78,0,-1
374,legit_48,431.77,-1.6,11.1919,1.9076,90.0,C0D0,1,122.96,723.72,0,-1
374,legit_49,424.93,801.6,12.874,-0.5649,270.0,D4C4,0,45.86,500.83,0,-1
374,legit_50,609.37,198.4,11.3739,2.2775,90.0,D1E1,0,161.01,568.36,0,-1
374,legit_51,601.6,358.55,12.6641,-0.048,0.0,D1D2,1,148.41,493.65,0,-1
374,legit_52,201.6,547.3,13.8772,0.5573,0.0,B2B3,0,73.76,567.08,0,-1
374,legit_53,326.02,1.6,13.2444,0.1271,270.0,C0B0,2,171.43,749.68,0,-1
374,legit_54,768.44,598.4,13.511,0.2215,90.0,D3E3,1,18.51,468.7,0,-1
374,legit_55,198.4,62.96,12.9571,-0.2476,180.0,B1B0,1,74.81,755.94,0,-1
374,legit_56,982.11,201.6,8.0462,2.1078,270.0,F1E1,0,106.15,663.12,0,-1
374,legit_57,601.6,728.65,13.5658,0.2588,0.0,D3D4,1,185.53,463.25,0,-1
374,legit_58,801.6,477.81,13.8478,0.326,0.0,E2E3,1,128.61,490.95,0,-1
374,legit_59,619.03,398.4,10.9714,1.8439,90.0,D2E2,1,136.48,480.98,0,-1
374,legit_60,1.6,149.22,13.1422,0.4121,0.0,A0A1,1,151.25,824.99,0,-1
374,legit_61,1.6,278.02,11.9767,0.2953,0.0,A1A2,1,169.54,767.11,0,-1
374,legit_62,998.4,985.28,4.1617,1.9019,180.0,F5F4,0,107.86,664.61,0,-1
375,legit_44,312.88,998.4,12.0701,-0.863,90.0,B5C5,0,159.56,621.78,0,-1
375,legit_46,593.66,801.6,8.3757,2.4189,270.0,:D4_5,1,148.71,480.8,0,-1
375,legit_48,444.31,-1.6,12.5424,1.3505,90.0,C0D0,1,121.73,721.26,0,-1
375,legit_49,411.56,801.6,13.3777,0.5037,270.0,D4C4,0,54.34,504.62,0,-1
375,legit_50,622.03,198.4,12.6603,1.2864,90.0,D1E1,0,150.08,568.58,0,-1
375,legit_51,601.6,372.18,13.6341,0.97,0.0,D1D2,1,148.9,488.98,0,-1
375,legit_52,201.6,560.1,12.8007,-1.0764,0.0,B2B3,0,65.23,566.09,0,-1
375,legit_53,313.29,1.6,12.7343,-0.5101,270.0,C0B0,2,180.85,753.96,0,-1
375,legit_54,781.58,598.4,13.1416,-0.3694,90.0,D3E3,1,31.62,472.64,0,-1
375,legit_55,198.4,50.64,12.3186,-0.6385,180.0,B1B0,1,84.57,764.57,0,-1
375,legit_56,971.56,201.6,10.5444,2.4982,270.0,F1E1,0,113.18,658.04,0,-1
375,legit_57,601.6,742.14,13.493,-0.0729,0.0,D3D4,1,177.76,465.93,0,-1
375,legit_58,801.6,491.3,13.4973,-0.3505,0.0,E2E3,1,120.32,488.68,0,-1
375,legit_59,631.56,398.4,12.5268,1.5554,90.0,D2E2,1,124.51,481.34,0,-1
375,legit_60,1.6,162.51,13.2877,0.1455,0.0,A0A1,1,154.37,818.22,0,-1
375,legit_61,1.6,289.2,11.184,-0.7927,0.0,A1A2,1,164.42,762.91,0,-1
375,legit_62,998.4,979.56,5.7199,1.5581,180.0,F5F4,0,112.92,661.77,0,-1
376,legit_44,325.06,998.4,12.1846,0.1144,90.0,B5C5,0,149.22,617.16,0,-1
376,legit_46,582.73,801.6,10.9315,2.5558,270.0,D4C4,1,138.18,480.94,0,-1
376,legit_48,457.51,-1.6,13.1992,0.6568,90.0,C0D0,0,121.83,718.9,0,-1
376,legit_50,635.26,198.4,13.2331,0.5728,90.0,D1E1,0,138.97,569.0,0,-1
376,legit_51,601.6,383.72,11.5376,-2.0965,0.0,D1D2,1,150.28,485.24,0,-1
376,legit_52,201.6,573.05,12.9513,0.1505,0.0,B2B3,0,58.21,565.32,0,-1
376,legit_53,299.96,1.6,13.3297,0.5954,270.0,C0B0,1,191.07,758.61,0,-1
376,legit_55,198.4,37.76,12.8874,0.5688,180.0,B1B0,1,95.43,773.73,0,-1
376,legit_56,959.25,201.6,12.3161,1.7717,270.0,F1E1,0,122.04,652.28,0,-1
376,legit_57,601.6,755.23,13.0911,-0.4018,0.0,D3D4,1,170.9,468.76,0,-1
376,legit_58,801.6,504.41,13.1038,-0.3935,0.0,E2E3,0,108.63,486.69,0,-1
376,legit_59,644.17,398.4,12.6116,0.0848,90.0,D2E2,1,112.58,481.88,0,-1
376,legit_60,1.6,175.67,13.1577,-0.13,0.0,A0A1,1,158.5,811.7,0,-1
376,legit_61,1.6,301.36,12.1623,0.9783,0.0,A1A2,1,159.56,758.5,0,-1
376,legit_62,998.4,972.42,7.1413,1.4214,180.0,F5F4,0,119.32,658.28,0,-1
377,legit_44,337.44,998.4,12.3724,0.1879,90.0,B5C5,0,139.03,612.64,0,-1
377,legit_46,570.08,801.6,12.6553,1.7238,270.0,D4C4,1,126.07,481.28,0,-1
377,legit_48,470.66,-1.6,13.1515,-0.0477,90.0,C0D0,0,123.34,716.77,0,-1
377,legit_50,648.78,198.4,13.5165,0.2834,90.0,D1E1,0,128.03,569.63,0,-1
377,legit_51,601.6,392.64,8.9192,-2.6185,0.0,D1D2,1,151.95,482.49,0,-1
377,legit_52,201.6,586.8,13.7485,0.7972,0.0,B2B3,0,53.26,564.81,0,-1
377,legit_53,286.78,1.6,13.1803,-0.1494,270.0,C0B0,1,180.91,763.39,0,-1
377,legit_55,198.4,24.27,13.4871,0.5997,180.0,B1B0,1,107.27,783.45,0,-1
377,legit_56,946.05,201.6,13.1949,0.8788,270.0,F1E1,0,132.15,646.29,0,-1
377,legit_57,601.6,768.42,13.1926,0.1015,0.0,D3D4,1,164.76,471.87,0,-1
377,legit_58,801.6,517.03,12.6255,-0.4783,0.0,E2E3,0,97.7,484.95,0,-1
377,legit_59,657.49,398.4,13.3199,0.7083,90.0,D2E2,1,100.16,482.64,0,-1
377,legit_60,1.6,185.88,10.2151,-2.9426,0.0,A0A1,1,162.37,806.75,0,-1
377,legit_61,1.6,313.53,12.1678,0.0055,0.0,A1A2,1,155.51,754.26,0,-1
377,legit_62,998.4,963.0,9.4155,2.2742,180.0,F5F4,0,127.87,653.74,0,-1
378,legit_44,350.48,998.4,13.0456,0.6732,90.0,B5C5,0,128.69,608.05,0,-1
378,legit_46,556.23,801.6,13.8511,1.1957,270.0,D4C4,1,112.95,481.86,0,-1
378,legit_48,483.46,-1.6,12.7963,-0.3552,90.0,C0D0,0,126.12,714.92,0,-1
378,legit_50,661.98,198.4,13.2051,-0.3114,90.0,D1E1,0,117.87,570.46,0,-1
378,legit_51,603.68,397.41,5.4646,-3.4545,25.3,:D2_8,1,151.03,481.08,0,-1
378,legit_52,201.6,600.4,13.603,-0.1455,0.0,:B3_9,0,51.6,564.64,0,-1
378,legit_53,274.49,1.6,12.292,-0.8883,270.0,C0B0,1,171.8,768.01,0,-1
378,legit_55,198.4,14.28,9.9928,-3.4943,180.0,B1B0,1,116.28,790.73,0,-1
378,legit_56,932.7,201.6,13.3542,0.1593,270.0,F1E1,1,142.89,640.42,0,-1
378,legit_57,601.6,781.78,13.3526,0.16,0.0,D3D4,1,159.41,475.26,0,-1
378,legit_58,801.6,529.91,12.8769,0.2514,0.0,E2E3,0,87.04,483.38,0,-1
378,legit_59,670.89,398.4,13.3953,0.0755,90.0,D2E2,1,87.94,483.63,0,-1
378,legit_60,1.6,192.0,6.1148,-4.1004,0.0,A0A1,1,164.94,803.85,0,-1
378,legit_61,1.6,325.18,11.6459,-0.5219,0.0,A1A2,1,152.43,750.36,0,-1
378,legit_62,998.4,952.45,10.5539,1.1384,180.0,F5F4,0,123.72,648.76,0,-1
378,legit_63,987.7,201.6,0.0,0.0,270.0,F1E1,1,102.66,665.86,0,-1
379,legit_44,363.49,998.4,13.0116,-0.034,90.0,B5C5,0,118.92,603.66,0,-1
379,legit_46,542.97,801.6,13.2575,-0.5935,270.0,D4C4,1,100.59,482.61,0,-1
379,legit_48,496.91,-1.6,13.4498,0.6534,90.0,C0D0,0,130.33,713.2,0,-1
379,legit_50,674.76,198.4,12.7763,-0.4287,90.0,D1E1,0,108.66,571.46,0,-1
379,legit_51,609.71,398.4,6.2332,0.7686,85.88,D2E2,1,145.45,480.83,0,-1
379,legit_52,201.6,614.0,13.5968,-0.0063,0.0,B3B4,0,53.46,564.83,0,-1
379,legit_53,262.04,1.6,12.4454,0.1534,270.0,C0B0,1,163.01,772.84,0,-1
379,legit_55,198.4,8.78,5.4928,-4.5,180.0,B1B0,1,121.29,794.77,0,-1
379,legit_56,920.01,201.6,12.6852,-0.669,270.0,F1E1,1,153.48,635.02,0,-1
379,legit_57,601.6,794.52,12.7407,-0.6119,0.0,:D4_9,1,155.21,478.74,0,-1
379,legit_58,801.6,543.08,13.1707,0.2938,0.0,E2E3,0,76.83,481.98,0,-1
379,legit_59,684.7,398.4,13.8134,0.4181,90.0,D2E2,1,75.75,484.87,0,-1
379,legit_60,0.15,194.33,2.9719,-3.1429,341.55,:A1_11,1,167.27,803.83,0,-1
379,legit_61,1.6,337.53,12.3543,0.7084,0.0,A1A2,1,150.09,746.4,0,-1
379,legit_62,998.4,941.06,11.385,0.8311,180.0,F5F4,0,113.47,643.5,0,-1
379,legit_63,986.31,201.6,1.3872,1.3872,270.0,F1E1,1,103.51,665.18,0,-1
380,legit_44,376.22,998.4,12.7283,-0.2833,90.0,B5C5,0,110.01,599.56,0,-1
380,legit_46,529.74,801.6,13.2303,-0.0273,270.0,D4C4,1,88.5,483.58,0,-1
380,legit_48,509.71,-1.6,12.8024,-0.6473,90.0,C0D0,0,135.47,711.77,0,-1
380,legit_50,688.02,198.4,13.2658,0.4895,90.0,D1E1,0,99.94,572.72,0,-1
380,legit_51,618.11,398.4,8.4025,2.1693,90.0,D2E2,1,137.37,480.96,0,-1
380,legit_52,201.6,627.0,13.0002,-0.5966,0.0,B3B4,0,58.24,565.32,0,-1
380,legit_53,249.12,1.6,12.9226,0.4771,270.0,C0B0,1,154.41,778.02,0,-1
380,legit_55,199.61,5.79,3.4849,-2.0079,164.95,:B0_2,1,124.52,796.41,0,-1
380,legit_56,906.59,201.6,13.4219,0.7367,270.0,F1E1,1,165.0,629.48,0,-1
380,legit_57,601.6,807.79,13.2701,0.5293,0.0,D4D5,1,151.86,482.62,0,-1
380,legit_58,801.6,556.56,13.4827,0.312,0.0,E2E3,0,67.45,480.8,0,-1
380,legit_59,697.54,398.4,12.8362,-0.9772,90.0,D2E2,1,65.02,486.25,0,-1
380,legit_60,-1.6,192.16,3.1369,0.165,253.57,A1A0,0,167.9,806.14,0,-1
380,legit_61,1.6,349.02,11.4924,-0.8618,0.0,A1A2,0,148.81,742.88,0,-1
380,legit_62,998.4,930.19,10.8718,-0.5132,180.0,F5F4,0,103.91,638.6,0,-1
380,legit_63,982.48,201.6,3.8377,2.4505,270.0,F1E1,1,105.92,663.3,0,-1
381,legit_44,389.15,998.4,12.9253,0.197,90.0,B5C5,0,101.79,595.62,0,-1
381,legit_46,516.57,801.6,13.1644,-0.0659,270.0,D4C4,1,76.86,484.75,0,-1
381,legit_48,522.64,-1.6,12.9228,0.1204,90.0,C0D0,0,141.64,710.54,0,-1
381,legit_50,701.71,198.4,13.69,0.4241,90.0,D1E1,0,92.08,574.28,0,-1
381,legit_51,628.02,398.4,9.9123,1.5098,90.0,D2E2,1,127.88,481.22,0,-1
381,legit_52,201.6,639.97,12.9705,-0.0297,0.0,B3B4,0,65.27,566.09,0,-1
381,legit_53,235.97,1.6,13.1544,0.2318,270.0,C0B0,1,146.32,783.48,0,-1
381,legit_55,201.6,7.2,2.7734,-0.7116,95.74,B0B1,1,124.04,794.45,0,-1
381,legit_56,893.19,201.6,13.3996,-0.0223,270.0,F1E1,1,164.81,624.14,0,-1
381,legit_57,601.6,820.55,12.7623,-0.5078,0.0,D4D5,1,149.67,486.6,0,-1
381,legit_58,801.6,570.1,13.5345,0.0518,0.0,E2E3,0,59.64,479.89,0,-1
381,legit_59,711.12,398.4,13.5839,0.7477,90.0,D2E2,1,54.65,487.96,0,-1
381,legit_60,-1.6,187.46,4.7002,1.5633,180.0,A1A0,0,165.93,808.36,0,-1
381,legit_61,1.6,361.2,12.1729,0.6805,0.0,A1A2,0,148.4,739.32,0,-1
381,legit_62,998.4,919.33,10.8628,-0.0089,180.0,F5F4,0,94.63,633.83,0,-1
381,legit_63,976.33,201.6,6.1492,2.3115,270.0,F1E1,1,109.94,660.32,0,-1
382,legit_44,402.2,998.4,13.0491,0.1238,90.0,:C5_7,0,94.57,591.86,0,-1
382,legit_46,503.45,801.6,13.1263,-0.0381,270.0,D4C4,1,65.81,486.14,0,-1
382,legit_48,535.8,-1.6,13.1624,0.2396,90.0,C0D0,0,148.82,709.49,0,-1
382,legit_50,714.44,198.4,12.7233,-0.9667,90.0,D1E1,0,86.09,575.97,0,-1
382,legit_51,640.53,398.4,12.5027,2.5904,90.0,D2E2,1,116.01,481.7,0,-1
382,legit_52,201.6,653.49,13.5206,0.5501,0.0,B3B4,0,74.32,567.15,0,-1
382,legit_53,222.91,1.6,13.0575,-0.0969,270.0,C0B0,1,139.05,789.07,0,-1
382,legit_55,201.6,12.24,5.0351,2.2617,0.0,B0B1,1,119.48,790.75,0,-1
382,legit_56,880.45,201.6,12.7415,-0.658,270.0,F1E1,1,153.87,619.23,0,-1
382,legit_57,601.6,834.04,13.4899,0.7277,0.0,D4D5,1,148.52,491.08,0,-1
382,legit_58,801.6,583.13,13.0312,-0.5033,0.0,E2E3,0,54.29,479.3,0,-1
382,legit_59,724.8,398.4,13.6756,0.0917,90.0,D2E2,1,45.93,489.98,0,-1
382,legit_60,-1.6,181.24,6.221,1.5208,180.0,A1A0,0,163.5,811.34,0,-1
382,legit_61,1.6,372.85,11.6493,-0.5236,0.0,A1A2,0,148.96,736.08,0,-1
382,legit_62,998.4,908.31,11.0227,0.1599,180.0,F5F4,0,85.61,629.1,0,-1
382,legit_63,968.48,201.6,7.8458,1.6966,270.0,F1E1,1,115.34,656.58,0,-1
383,legit_44,414.76,998.4,12.5631,-0.486,90.0,C5D5,0,88.88,588.47,0,-1
383,legit_46,489.84,801.6,13.6084,0.4821,270.0,D4C4,1,55.33,487.83,0,-1
383,legit_48,549.13,-1.6,13.3276,0.1651,90.0,C0D0,0,156.88,708.63,0,-1
383,legit_50,727.68,198.4,13.2477,0.5244,90.0,D1E1,1,81.51,577.99,0,-1
383,legit_51,653.53,398.4,13.0011,0.4985,90.0,D2E2,1,103.83,482.39,0,-1
383,legit_52,201.6,666.51,13.02,-0.5007,0.0,B3B4,0,84.18,568.39,0,-1
383,legit_53,212.35,1.6,10.5585,-2.499,270.0,C0B0,1,133.81,793.73,0,-1
383,legit_55,201.6,19.2,6.9632,1.9282,0.0,B0B1,1,113.24,785.65,0,-1
383,legit_56,866.66,201.6,13.7946,1.053,270.0,F1E1,2,142.36,614.12,0,-1
383,legit_57,601.6,846.69,12.6512,-0.8387,0.0,D4D5,1,148.55,495.52,0,-1
383,legit_58,801.6,596.94,13.8136,0.7824,0.0,:E3_9,0,51.69,479.02,0,-1
383,legit_59,737.77,398.4,12.9743,-0.7013,90.0,D2E2,1,40.3,492.23,0,-1
383,legit_60,-1.6,173.28,7.9573,1.7362,180.0,A1A0,0,160.69,815.21,0,-1
383,legit_61,1.6,384.58,11.7341,0.0848,0.0,A1A2,0,150.42,732.98,0,-1
383,legit_62,998.4,896.94,11.3641,0.3414,180.0,F5F4,0,76.84,624.37,0,-1
383,legit_63,959.04,201.6,9.4394,1.5936,270.0,F1E1,1,122.2,652.18,0,-1
384,legit_44,427.02,998.4,12.2589,-0.3042,90.0,C5D5,0,84.77,585.4,0,-1
384,legit_46,477.16,801.6,12.6775,-0.9309,270.0,D4C4,1,47.04,489.67,0,-1
384,legit_48,562.44,-1.6,13.3193,-0.0083,90.0,C0D0,0,165.62,707.97,0,-1
384,legit_50,740.53,198.4,12.8474,-0.4003,90.0,D1E1,1,78.97,580.24,0,-1
384,legit_51,666.39,398.4,12.8661,-0.135,90.0,D2E2,1,92.0,483.27,0,-1
384,legit_52,201.6,680.01,13.4987,0.4787,0.0,B3B4,0,95.2,569.9,0,-1
384,legit_53,206.09,1.76,6.2672,-4.2913,271.81,:B0_3,1,130.87,796.43,0,-1
384,legit_55,201.6,28.03,8.8291,1.8658,0.0,B0B1,1,105.46,779.23,0,-1
384,legit_56,854.06,201.6,12.6007,-1.1939,270.0,F1E1,2,132.24,609.62,0,-1
384,legit_57,601.6,859.91,13.2225,0.5712,0.0,D4D5,1,149.73,500.43,0,-1
384,legit_58,801.6,610.05,13.1104,-0.7032,0.0,E3E4,0,52.57,479.11,0,-1
384,legit_59,751.42,398.4,13.6474,0.6731,90.0,D2E2,1,38.43,495.0,0,-1
384,legit_60,-1.6,163.15,10.1392,2.1819,180.0,A1A0,0,157.62,820.24,0,-1
384,legit_61,1.6,395.98,11.3971,-0.337,0.0,:A2_7,0,152.7,730.13,0,-1
384,legit_62,998.4,886.58,10.3654,-0.9988,180.0,F5F4,0,69.51,620.2,0,-1
384,legit_63,947.47,201.6,11.571,2.1317,270.0,F1E1,1,131.04,646.93,0,-1
384,legit_64,-1.6,587.7,0.0,0.0,180.0,A3A2,0,152.1,707.72,0,-1
385,legit_44,439.73,998.4,12.7104,0.4516,90.0,C5D5,0,82.24,582.48,0,-1
385,legit_46,463.81,801.6,13.356,0.6785,270.0,D4C4,0,40.81,491.93,0,-1
385,legit_48,575.05,-1.6,12.6081,-0.7112,90.0,C0D0,0,174.43,707.54,0,-1
385,legit_50,753.87,198.4,13.3337,0.4863,90.0,D1E1,1,78.5,582.86,0,-1
385,legit_51,679.65,398.4,13.2571,0.391,90.0,D2E2,1,80.15,484.39,0,-1
385,legit_52,201.6,693.79,13.7793,0.2806,0.0,B3B4,0,107.04,571.64,0,-1
385,legit_53,201.86,5.41,6.1018,-0.1654,317.99,:B0_3,1,125.78,795.66,0,-1
385,legit_55,201.6,39.42,11.3926,2.5635,0.0,B0B1,1,95.68,771.04,0,-1
385,legit_56,840.85,201.6,13.2101,0.6095,270.0,F1E1,2,122.11,605.1,0,-1
385,legit_57,601.6,873.02,13.1038,-0.1187,0.0,D4D5,0,152.03,505.56,0,-1
385,legit_58,801.6,623.06,13.0043,-0.106,0.0,E3E4,0,56.52,479.54,0,-1
385,legit_59,764.86,398.4,13.4412,-0.2061,90.0,D2E2,1,41.17,498.16,0,-1
385,legit_60,-1.6,151.03,12.1148,1.9756,180.0,A1A0,0,154.74,826.38,0,-1
385,legit_61,1.6,407.3,11.327,-0.0701,0.0,A2A3,0,155.76,727.46,0,-1
385,legit_62,998.4,875.59,10.9863,0.621,180.0,F5F4,0,62.68,615.92,0,-1
385,legit_63,935.11,201.6,12.3632,0.7922,270.0,F1E1,1,140.92,641.47,0,-1
385,legit_64,-1.6,585.2,2.4953,2.4953,180.0,A3A2,0,152.32,707.77,0,-1
386,legit_44,452.37,998.4,12.6447,-0.0657,90.0,C5D5,0,81.63,579.84,0,-1
386,legit_46,450.46,801.6,13.3452,-0.0108,270.0,D4C4,0,38.4,494.59,0,-1
386,legit_48,588.55,-1.6,13.5007,0.8927,90.0,C0D0,0,184.35,707.27,0,-1
386,legit_50,767.72,198.4,13.8588,0.5251,90.0,D1E1,1,80.38,585.91,0,-1
386,legit_51,692.31,398.4,12.662,-0.5951,90.0,D2E2,1,69.3,485.66,0,-1
386,legit_52,201.6,707.64,13.8509,0.0716,0.0,B3B4,0,119.37,573.6,0,-1
386,legit_53,201.6,10.46,5.0715,-1.0303,357.17,B0B1,1,121.08,792.05,0,-1
386,legit_55,201.6,52.23,12.8018,1.4092,0.0,B0B1,1,85.18,761.95,0,-1
386,legit_56,827.88,201.6,12.9686,-0.2415,270.0,F1E1,2,112.8,600.86,0,-1
386,legit_57,601.6,886.15,13.1316,0.0279,0.0,D4D5,0,155.41,510.94,0,-1
386,legit_58,801.6,635.68,12.6197,-0.3846,0.0,E3E4,0,62.73,480.24,0,-1
386,legit_59,777.28,398.4,12.4246,-1.0166,90.0,D2E2,1,47.11,501.44,0,-1
386,legit_60,-1.6,137.77,13.2567,1.1419,180.0,A1A0,0,152.64,833.28,0,-1
386,legit_61,1.6,419.09,11.7804,0.4534,0.0,A2A3,0,159.73,724.84,0,-1
386,legit_62,998.4,864.47,11.1169,0.1306,180.0,F5F4,0,57.11,611.77,0,-1
386,legit_63,922.63,201.6,12.4791,0.1158,270.0,F1E1,1,151.27,636.12,0,-1
386,legit_64,-1.6,580.52,4.6879,2.1926,180.0,A3A2,0,152.85,707.87,0,-1
387,legit_44,465.16,998.4,12.7825,0.1378,90.0,C5D5,0,83.0,577.45,0,-1
387,legit_46,437.74,801.6,12.7196,-0.6256,270.0,D4C4,0,40.31,497.52,0,-1
387,legit_50,779.98,198.4,12.2545,-1.6042,90.0,D1E1,2,83.94,588.88,0,-1
387,legit_51,705.9,398.4,13.5853,0.9233,90.0,D2E2,1,58.48,487.27,0,-1
387,legit_52,201.6,720.85,13.2112,-0.6398,0.0,B3B4,0,129.84,575.66,0,-1
387,legit_53,201.6,16.93,6.4701,1.3986,0.0,B0B1,1,115.26,787.31,0,-1
387,legit_55,201.6,65.23,12.9999,0.1981,0.0,B0B1,1,75.25,752.87,0,-1
387,legit_56,817.02,201.6,10.8575,-2.1111,270.0,F1E1,2,105.59,597.47,0,-1
387,legit_57,601.6,898.78,12.6315,-0.5001,0.0,D4D5,0,159.62,516.36,0,-1
387,legit_58,801.6,649.48,13.7988,1.1791,0.0,E3E4,0,71.49,481.3,0,-1
387,legit_59,786.04,398.4,8.7561,-3.6685,90.0,D2E2,1,52.66,503.92,0,-1
387,legit_60,-1.6,124.77,12.9986,-0.2581,180.0,A1A0,0,151.68,840.23,0,-1
387,legit_61,1.6,431.4,12.3158,0.5354,0.0,A2A3,1,164.68,722.27,0,-1
387,legit_62,998.4,853.5,10.9734,-0.1435,180.0,F5F4,0,53.34,607.87,0,-1
387,legit_63,910.83,201.6,11.8022,-0.6769,270.0,F1E1,2,161.33,631.21,0,-1
387,legit_64,-1.6,573.5,7.0154,2.3275,180.0,A3A2,1,153.9,708.07,0,-1
388,legit_44,477.82,998.4,12.6643,-0.1182,90.0,C5D5,0,86.21,575.35,0,-1
388,legit_46,424.28,801.6,13.4643,0.7447,270.0,D4C4,0,46.22,501.01,0,-1
388,legit_50,788.06,198.4,8.0778,-4.1768,90.0,D1E1,2,87.15,590.96,0,-1
388,legit_51,719.63,398.4,13.7345,0.1492,90.0,D2E2,1,48.96,489.18,0,-1
388,legit_52,201.6,733.79,12.9422,-0.269,0.0,B3B4,0,118.08,577.85,0,-1
388,legit_53,201.6,25.25,8.3221,1.852,0.0,B0B1,1,107.89,781.25,0,-1
388,legit_55,201.6,77.89,12.6686,-0.3313,0.0,B0B1,1,66.6,744.18,0,-1
388,legit_56,810.61,201.6,6.4142,-4.4433,270.0,F1E1,2,101.64,595.54,0,-1
388,legit_57,601.6,911.9,13.1217,0.4902,0.0,D4D5,0,164.9,522.22,0,-1
388,legit_58,801.6,662.82,13.3407,-0.4581,0.0,E3E4,0,81.29,482.58,0,-1
388,legit_59,791.14,398.4,5.1046,-3.6514,90.0,D2E2,1,56.28,505.42,0,-1
388,legit_60,-1.6,111.01,13.7635,0.7649,180.0,A1A0,0,151.87,847.77,0,-1
388,legit_61,1.6,443.11,11.7121,-0.6036,0.0,A2A3,1,170.09,720.0,0,-1
388,legit_62,998.4,842.67,10.8301,-0.1433,180.0,F5F4,0,51.67,604.23,0,-1
388,legit_63,899.04,201.6,11.7875,-0.0147,270.0,F1E1,2,169.91,626.45,0,-1
388,legit_64,-1.6,564.88,8.6179,1.6026,180.0,A3A2,1,155.61,708.4,0,-1
389,legit_44,489.93,998.4,12.106,-0.5583,90.0,C5D5,1,90.84,573.58,0,-1
389,legit_46,414.2,801.6,10.0754,-3.3889,270.0,D4C4,0,52.5,503.85,0,-1
389,legit_50,792.2,198.4,4.1392,-3.9386,90.0,D1E1,2,89.03,592.07,0,-1
389,legit_51,732.86,398.4,13.2305,-0.504,90.0,D2E2,1,42.05,491.34,0,-1
389,legit_52,201.6,747.35,13.5584,0.6162,0.0,B3B4,0,106.05,580.34,0,-1
389,legit_53,201.6,35.96,10.7078,2.3857,0.0,B0B1,1,98.62,773.52,0,-1
389,legit_55,201.6,91.34,13.4505,0.7819,0.0,B0B1,1,59.02,735.16,0,-1
389,legit_56,802.63,201.6,7.9786,1.5644,270.0,:E1_5,2,97.1,593.22,0,-1
389,legit_57,601.6,925.42,13.5137,0.392,0.0,D4D5,1,171.23,528.5,0,-1
389,legit_58,801.6,676.0,13.1808,-0.1599,0.0,E3E4,0,91.86,484.07,0,-1
389,legit_59,797.91,398.4,6.7657,1.6611,90.0,:E2_13,1,61.4,507.48,0,-1
389,legit_60,-1.6,98.08,12.9322,-0.8313,180.0,A1A0,0,153.18,855.02,0,-1
389,legit_61,1.6,454.91,11.7926,0.0805,0.0,A2A3,1,176.15,717.87,0,-1
389,legit_62,998.4,831.63,11.044,0.2138,180.0,F5F4,0,52.28,600.74,0,-1
389,legit_63,886.29,201.6,12.7461,0.9586,270.0,F1E1,2,158.85,621.46,0,-1
389,legit_64,-1.6,553.77,11.1107,2.4928,180.0,A3A2,1,158.49,708.96,0,-1
390,legit_44,502.8,998.4,12.8728,0.7668,90.0,C5D5,1,97.19,571.95,0,-1
390,legit_46,408.63,801.6,5.5754,-4.5,270.0,D4C4,0,56.45,505.49,0,-1
390,legit_50,796.0,198.86,3.8383,-0.3009,84.74,:E1_14,2,91.29,592.86,0,-1
390,legit_51,745.48,398.4,12.6154,-0.615,90.0,D2E2,1,38.67,493.74,0,-1
390,legit_52,201.6,760.89,13.5379,-0.0205,0.0,B3B4,0,94.45,583.02,0,-1
390,legit_53,201.6,48.51,12.5499,1.8422,0.0,B0B1,1,88.17,764.58,0,-1
390,legit_55,201.6,104.43,13.0816,-0.369,0.0,B0B1,1,53.9,726.61,0,-1
390,legit_56,793.07,201.6,9.5588,1.5803,270.0,:E1_5,2,92.27,590.55,0,-1
390,legit_57,601.6,939.06,13.6439,0.1302,0.0,D4D5,1,178.42,535.09,0,-1
390,legit_58,801.6,689.48,13.4828,0.302,0.0,E3E4,0,103.29,485.82,0,-1
390,legit_59,807.0,398.4,9.0887,2.323,90.0,:E2_13,1,68.73,510.34,0,-1
390,legit_60,-1.6,85.19,12.8912,-0.041,180.0,A1A0,0,155.55,862.42,0,-1
390,legit_61,1.6,466.75,11.8423,0.0497,0.0,A2A3,1,182.81,715.9,0,-1
390,legit_62,998.4,820.09,11.5361,0.4921,180.0,F5F4,0,55.31,597.34,0,-1
390,legit_63,874.43,201.6,11.8606,-0.8854,270.0,F1E1,2,148.8,616.98,0,-1
390,legit_64,-1.6,540.32,13.4548,2.344,180.0,A3A2,1,162.92,709.84,0,-1
390,legit_65,998.4,991.7,0.0,0.0,180.0,F5F4,0,102.27,667.83,0,-1
391,legit_44,515.43,998.4,12.6282,-0.2446,90.0,C5D5,1,104.59,570.58,0,-1
391,legit_46,401.68,801.6,6.9482,1.3728,270.0,:C4_5,0,61.72,507.61,0,-1
391,legit_50,800.24,202.0,5.4902,1.6519,50.69,:E1_14,2,96.16,592.32,0,-1
391,legit_51,758.85,398.4,13.3715,0.7561,90.0,D2E2,1,39.41,496.69,0,-1
391,legit_52,201.6,773.51,12.6248,-0.9131,0.0,B3B4,0,84.16,585.7,0,-1
391,legit_53,201.6,61.21,12.696,0.1461,0.0,B0B1,1,78.23,755.66,0,-1
391,legit_55,201.6,117.57,13.1483,0.0668,0.0,B0B1,1,51.66,718.29,0,-1
391,legit_56,782.14,201.6,10.9248,1.3659,270.0,E1D1,2,87.7,587.67,0,-1
391,legit_57,601.6,952.05,12.9935,-0.6504,0.0,D4D5,1,185.95,541.58,0,-1
391,legit_58,801.6,702.56,13.0797,-0.4032,0.0,E3E4,0,114.81,487.72,0,-1
391,legit_59,818.36,398.4,11.3598,2.2711,90.0,E2F2,1,78.41,514.08,0,-1
391,legit_60,-1.6,72.59,12.5979,-0.2932,180.0,A1A0,0,158.84,869.8,0,-1
391,legit_61,1.6,478.57,11.8253,-0.0169,0.0,A2A3,1,189.95,714.08,0,-1
391,legit_62,998.4,809.78,10.3061,-1.23,180.0,F5F4,0,59.8,594.5,0,-1
391,legit_63,862.89,201.6,11.5425,-0.3182,270.0,F1E1,2,139.29,612.75,0,-1
391,legit_64,-1.6,526.83,13.4878,0.033,180.0,A3A2,1,168.33,710.94,0,-1
391,legit_65,998.4,989.87,1.8321,1.8321,180.0,F5F4,0,103.86,666.9,0,-1
392,legit_44,527.49,998.4,12.0626,-0.5656,90.0,C5D5,1,112.53,569.47,0,-1
392,legit_46,393.3,801.6,8.382,1.4337,270.0,:C4_5,0,68.48,510.25,0,-1
392,legit_50,801.6,208.94,7.2057,1.7156,5.3,E1E2,2,102.82,588.94,0,-1
392,legit_51,772.18,398.4,13.335,-0.0365,90.0,D2E2,1,44.35,500.05,0,-1
392,legit_52,201.6,786.78,13.2682,0.6433,0.0,B3B4,0,74.13,588.72,0,-1
392,legit_53,201.6,73.43,12.2224,-0.4736,0.0,B0B1,1,69.51,747.23,0,-1
392,legit_55,201.6,130.31,12.7378,-0.4105,0.0,B0B1,1,52.62,710.52,0,-1
392,legit_56,769.55,201.6,12.5913,1.6665,270.0,E1D1,2,83.91,584.59,0,-1
392,legit_57,601.6,964.81,12.7572,-0.2363,0.0,D4D5,1,187.86,548.17,0,-1
392,legit_58,801.6,715.84,13.2808,0.2011,0.0,E3E4,0,126.81,489.86,0,-1
392,legit_59,832.16,398.4,13.8028,2.443,90.0,E2F2,1,90.69,518.83,0,-1
392,legit_60,-1.6,59.5,13.0888,0.4908,180.0,A1A0,0,163.23,877.63,0,-1
392,legit_61,1.6,490.62,12.047,0.2217,0.0,A2A3,1,184.35,712.4,0,-1
392,legit_62,998.4,799.4,10.3785,0.0723,180.0,:F4_1,0,65.65,591.8,0,-1
392,legit_63,851.31,201.6,11.5777,0.0353,270.0,F1E1,2,130.09,608.67,0,-1
392,legit_64,-1.6,514.2,12.6284,-0.8593,180.0,A3A2,1,174.2,712.17,0,-1
392,legit_65,998.4,986.09,3.7763,1.9442,180.0,F5F4,0,107.15,665.01,0,-1
393,legit_44,540.16,998.4,12.6675,0.6049,90.0,C5D5,1,121.6,568.5,0,-1
393,legit_46,382.46,801.6,10.8313,2.4493,270.0,C4B4,0,77.69,513.8,0,-1
393,legit_50,801.6,218.08,9.1427,1.937,0.0,E1E2,2,110.83,584.06,0,-1
393,legit_51,784.93,398.4,12.748,-0.587,90.0,D2E2,1,51.91,503.6,0,-1
393,legit_52,201.6,799.65,12.8738,-0.3943,0.0,:B4_9,0,65.5,591.86,0,-1
393,legit_53,201.6,86.56,13.1319,0.9095,0.0,B0B1,1,61.49,738.34,0,-1
393,legit_55,201.6,142.69,12.376,-0.3618,0.0,B0B1,1,56.37,703.22,0,-1
393,legit_56,756.18,201.6,13.3757,0.7844,270.0,E1D1,2,81.83,581.59,0,-1
393,legit_57,601.6,977.24,12.4332,-0.324,0.0,D4D5,1,180.5,554.79,0,-1
393,legit_58,801.6,729.32,13.4794,0.1986,0.0,E3E4,0,122.12,492.23,0,-1
393,legit_59,845.89,398.4,13.728,-0.0748,90.0,E2F2,1,103.29,523.77,0,-1
393,legit_60,-1.6,45.64,13.864,0.7752,180.0,A1A0,0,168.86,886.08,0,-1
393,legit_61,1.6,502.66,12.0363,-0.0107,0.0,A2A3,1,177.48,710.89,0,-1
393,legit_62,998.4,788.73,10.6752,0.2968,180.0,F4F3,0,72.74,589.18,0,-1
393,legit_63,839.53,201.6,11.7844,0.2067,270.0,F1E1,2,121.13,604.66,0,-1
393,legit_64,-1.6,500.93,13.2729,0.6445,180.0,A3A2,1,181.1,713.66,0,-1
393,legit_65,998.4,980.07,6.0264,2.2502,180.0,F5F4,0,112.47,662.02,0,-1
394,legit_44,553.35,998.4,13.1952,0.5277,90.0,C5D5,1,131.68,567.71,0,-1
394,legit_46,369.23,801.6,13.2341,2.4028,270.0,C4B4,0,89.43,518.34,0,-1
394,legit_50,801.6,228.89,10.8049,1.6622,0.0,E1E2,2,120.5,578.39,0,-1
394,legit_52,201.6,812.58,12.929,0.0552,0.0,B4B5,0,58.43,595.25,0,-1
394,legit_53,201.6,99.41,12.8489,-0.283,0.0,B0B1,1,55.56,729.86,0,-1
394,legit_55,201.6,155.88,13.1901,0.8142,0.0,B0B1,1,62.85,695.69,0,-1
394,legit_56,742.61,201.6,13.5695,0.1938,270.0,E1D1,2,81.93,578.87,0,-1
394,legit_57,601.6,985.9,8.6602,-3.773,0.0,D4D5,1,175.72,559.51,0,-1
394,legit_58,801.6,741.99,12.672,-0.8074,0.0,E3E4,0,110.76,494.65,0,-1
394,legit_59,859.6,398.4,13.7091,-0.0189,90.0,E2F2,0,116.13,528.93,0,-1
394,legit_60,-1.6,31.87,13.763,-0.1009,180.0,A1A0,0,175.35,894.63,0,-1
394,legit_61,1.6,514.2,11.541,-0.4953,0.0,A2A3,1,171.42,709.61,0,-1
394,legit_62,998.4,778.19,10.538,-0.1373,180.0,F4F3,0,80.52,586.74,0,-1
394,legit_63,827.27,201.6,12.2596,0.4752,270.0,F1E1,2,112.38,600.67,0,-1
394,legit_64,-1.6,488.18,12.7507,-0.5223,180.0,A3A2,1,188.38,715.29,0,-1
394,legit_65,998.4,971.69,8.3772,2.3507,180.0,F5F4,0,119.98,657.92,0,-1
395,legit_44,566.45,998.4,13.1002,-0.095,90.0,C5D5,1,142.2,567.12,0,-1
395,legit_46,355.41,801.6,13.8172,0.5831,270.0,C4B4,0,102.08,523.3,0,-1
395,legit_50,801.6,241.71,12.8192,2.0144,0.0,E1E2,2,129.06,571.83,0,-1
395,legit_52,201.6,825.96,13.3792,0.4502,0.0,B4B5,0,53.48,599.04,0,-1
395,legit_53,201.6,112.77,13.3575,0.5086,0.0,B0B1,1,52.1,721.3,0,-1
395,legit_55,201.6,169.11,13.2346,0.0445,0.0,B0B1,1,71.24,688.37,0,-1
395,legit_56,729.81,201.6,12.798,-0.7715,270.0,E1D1,2,84.06,576.58,0,-1
395,legit_57,601.6,991.4,5.4995,-3.1607,0.0,D4D5,1,172.84,562.56,0,-1
395,legit_58,801.6,755.21,13.215,0.5429,0.0,E3E4,0,99.26,497.37,0,-1
395,legit_59,872.89,398.4,13.2906,-0.4185,90.0,E2F2,0,128.75,534.12,0,-1
395,legit_60,-1.6,19.05,12.8202,-0.9429,180.0,A1A0,0,182.13,902.74,0,-1
395,legit_61,1.6,526.53,12.329,0.7879,0.0,A2A3,1,165.59,708.4,0,-1
395,legit_62,998.4,766.86,11.3365,0.7985,180.0,F4F3,0,89.51,584.26,0,-1
395,legit_63,817.02,201.6,10.2444,-2.0152,270.0,F1E1,2,105.6,597.47,0,-1
395,legit_64,-1.6,475.3,12.8807,0.1301,180.0,A3A2,1,190.46,717.12,0,-1
395,legit_65,998.4,960.91,10.7761,2.3989,180.0,F5F4,0,129.79,652.75,0,-1
396,legit_44,578.97,998.4,12.5155,-0.5847,90.0,C5D5,1,152.62,566.74,0,-1
396,legit_46,342.19,801.6,13.2198,-0.5974,270.0,C4B4,1,114.44,528.24,0,-1
396,legit_50,801.6,255.38,13.6747,0.8554,0.0,E1E2,2,116.65,565.02,0,-1
396,legit_52,201.6,839.52,13.5542,0.175,0.0,B4B5,1,51.6,603.21,0,-1
396,legit_53,201.6,125.51,12.7409,-0.6166,0.0,B0B1,1,51.89,713.42,0,-1
396,legit_55,201.6,182.64,13.5265,0.2918,0.0,B0B1,1,81.16,681.1,0,-1
396,legit_56,717.07,201.6,12.7401,-0.0579,270.0,E1D1,2,87.99,574.58,0,-1
396,legit_57,601.6,992.4,0.9995,-4.5,0.0,D4D5,1,172.33,563.12,0,-1
396,legit_58,801.6,768.95,13.7405,0.5256,0.0,E3E4,0,87.81,500.42,0,-1
396,legit_59,885.83,398.4,12.9397,-0.3509,90.0,E2F2,0,141.15,539.35,0,-1
396,legit_60,-1.6,9.52,9.5376,-3.2825,180.0,A1A0,0,187.59,908.85,0,-1
396,legit_61,1.6,537.65,11.1204,-1.2086,0.0,A2A3,1,160.97,707.47,0,-1
396,legit_62,998.4,755.5,11.3527,0.0162,180.0,F4F3,0,99.01,581.93,0,-1
396,legit_63,810.27,201.6,6.7572,-3.4872,270.0,F1E1,2,101.44,595.44,0,-1
396,legit_64,-1.6,462.41,12.8899,0.0091,180.0,A3A2,1,182.95,719.15,0,-1
396,legit_65,998.4,948.18,12.7351,1.9591,180.0,F5F4,0,119.85,646.77,0,-1
396,legit_66,212.3,398.4,0.0,0.0,90.0,B2C2,0,73.18,586.72,0,-1
397,legit_44,591.28,998.4,12.3078,-0.2077,90.0,C5D5,1,163.15,566.54,0,-1
397,legit_46,329.13,801.6,13.0679,-0.1518,270.0,C4B4,1,126.83,533.32,0,-1
397,legit_50,801.6,268.98,13.6005,-0.0741,0.0,E1E2,2,104.63,558.44,0,-1
397,legit_52,201.6,852.3,12.7803,-0.7738,0.0,B4B5,1,53.04,607.45,0,-1
397,legit_53,201.6,138.93,13.4205,0.6796,0.0,B0B1,0,54.96,705.41,0,-1
397,legit_56,703.77,201.6,13.2943,0.5542,270.0,E1D1,2,93.78,572.75,0,-1
397,legit_57,601.6,992.69,0.2865,-0.7129,0.0,D4D5,1,172.18,563.28,0,-1
397,legit_58,801.6,782.41,13.4584,-0.2821,0.0,E3E4,0,77.33,503.63,0,-1
397,legit_59,898.75,398.4,12.9236,-0.016,90.0,E2F2,0,153.63,544.76,0,-1
397,legit_60,-1.6,4.06,5.4572,-4.0804,180.0,A1A0,0,190.85,912.37,0,-1
397,legit_61,1.6,549.96,12.3138,1.1934,0.0,A2A3,1,156.61,706.61,0,-1
397,legit_62,998.4,745.03,10.4741,-0.8786,180.0,F4F3,0,108.08,579.9,0,-1
397,legit_63,801.98,201.6,8.2805,1.5233,270.0,:E1_5,2,96.75,593.04,0,-1
397,legit_64,-1.6,449.77,12.6389,-0.2509,180.0,A3A2,1,176.18,721.32,0,-1
397,legit_65,998.4,935.16,13.0186,0.2835,180.0,F5F4,0,108.25,640.83,0,-1
397,legit_66,213.69,398.4,1.3887,1.3887,90.0,B2C2,0,74.37,586.0,0,-1
398,legit_44,604.37,998.4,13.0922,0.7844,90.0,:D5_7,1,166.93,566.51,0,-1
398,legit_46,315.68,801.6,13.4498,0.3818,270.0,C4B4,1,139.71,538.74,0,-1
398,legit_50,801.6,282.31,13.326,-0.2746,0.0,E1E2,2,93.27,552.18,0,-1
398,legit_52,201.6,865.52,13.2274,0.4471,0.0,B4B5,1,57.57,612.15,0,-1
398,legit_53,201.6,152.06,13.1296,-0.291,0.0,B0B1,0,60.75,697.84,0,-1
398,legit_56,690.45,201.6,13.3238,0.0295,270.0,E1D1,2,101.02,571.19,0,-1
398,legit_57,601.6,992.7,0.007,-0.2795,0.0,D4D5,1,172.18,563.28,0,-1
398,legit_58,801.6,791.75,9.3427,-4.1157,0.0,E3E4,0,70.65,506.0,0,-1
398,legit_59,911.93,398.4,13.1776,0.254,90.0,E2F2,0,143.31,550.45,0,-1
398,legit_60,0.09,-0.69,5.2993,-0.1579,159.23,:A0_0,0,192.46,914.35,0,-1
398,legit_61,1.6,561.76,11.8039,-0.5099,0.0,A2A3,1,153.25,705.96,0,-1
398,legit_62,998.4,733.6,11.4288,0.9547,180.0,F4F3,0,118.25,577.82,0,-1
398,legit_63,791.23,201.6,10.7516,2.4711,270.0,E1D1,2,91.43,590.06,0,-1
398,legit_64,-1.6,436.92,12.8535,0.2146,180.0,A3A2,1,170.0,723.73,0,-1
398,legit_65,998.4,922.2,12.9532,-0.0654,180.0,F5F4,0,97.06,635.08,0,-1
398,legit_66,217.48,398.4,3.7951,2.4064,90.0,B2C2,0,77.64,584.04,0,-1
399,legit_44,616.86,998.4,12.4872,-0.6051,90.0,D5E5,1,156.16,566.65,0,-1
399,legit_46,302.45,801.6,13.2237,-0.2261,270.0,C4B4,1,152.46,544.25,0,-1
399,legit_50,801.6,296.17,13.866,0.54,0.0,E1E2,1,82.07,545.89,0,-1
399,legit_52,201.6,878.4,12.8798,-0.3476,0.0,B4B5,1,64.32,617.0,0,-1
399,legit_53,201.6,164.68,12.6235,-0.506,0.0,B0B1,0,68.26,690.79,0,-1
399,legit_56,677.84,201.6,12.6102,-0.7136,270.0,E1D1,1,108.93,569.94,0,-1
399,legit_57,601.47,993.68,0.9905,0.9835,358.56,:D5_4,1,171.79,563.83,0,-1
399,legit_58,803.27,797.16,5.8776,-3.4651,20.18,:E4_8,0,68.36,507.95,0,-1
399,legit_59,925.33,398.4,13.3964,0.2188,90.0,E2F2,0,130.45,556.42,0,-1
399,legit_60,4.82,-1.6,4.9185,-0.3808,101.18,A0B0,0,189.38,911.86,0,-1
399,legit_61,1.6,573.51,11.7484,-0.0555,0.0,A2A3,1,150.75,705.49,0,-1
399,legit_62,998.4,723.1,10.5006,-0.9282,180.0,F4F3,0,127.78,576.03,0,-1
399,legit_63,778.82,201.6,12.4135,1.6619,270.0,E1D1,2,86.54,586.84,0,-1
399,legit_64,-1.6,423.94,12.9739,0.1204,180.0,A3A2,1,164.53,726.34,0,-1
399,legit_65,998.4,909.42,12.7809,-0.1724,180.0,F5F4,0,86.5,629.58,0,-1
399,legit_66,222.75,398.4,5.2676,1.4726,90.0,B2C2,0,82.26,581.35,0,-1
400,legit_44,629.22,998.4,12.3618,-0.1254,90.0,D5E5,1,145.76,566.97,0,-1
400,legit_46,289.63,801.6,12.8249,-0.3989,270.0,C4B4,1,144.81,549.77,0,-1
400,legit_50,801.6,310.02,13.8499,-0.016,0.0,E1E2,1,71.83,539.84,0,-1
400,legit_52,201.6,892.22,13.8118,0.9321,0.0,B4B5,1,73.41,622.45,0,-1
400,legit_53,201.6,177.99,13.3054,0.6819,0.0,B0B1,0,77.62,683.57,0,-1
400,legit_56,664.1,201.6,13.7375,1.1273,270.0,E1D1,1,118.48,568.81,0,-1
400,legit_57,600.99,996.75,3.1192,2.1287,352.97,:D5_4,1,170.69,565.56,0,-1
400,legit_58,808.61,798.4,5.6157,-0.2619,79.15,E4F4,0,71.87,509.99,0,-1
400,legit_59,939.02,398.4,13.6941,0.2976,90.0,E2F2,0,117.44,562.72,0,-1
400,legit_60,11.99,-1.6,7.1761,2.2576,90.0,A0B0,0,183.94,907.2,0,-1
400,legit_61,1.6,584.98,11.4689,-0.2795,0.0,A2A3,0,149.16,705.19,0,-1
400,legit_62,998.4,712.0,11.0959,0.5953,180.0,F4F3,0,123.32,574.26,0,-1
400,legit_63,767.18,201.6,11.6349,-0.7786,270.0,E1D1,2,83.39,584.04,0,-1
400,legit_64,-1.6,411.04,12.9051,-0.0688,180.0,A3A2,0,159.96,729.14,0,-1
400,legit_65,998.4,896.08,13.3483,0.5675,180.0,F5F4,0,76.2,624.02,0,-1
400,legit_66,230.55,398.4,7.8032,2.5356,90.0,B2C2,0,89.24,577.42,0,-1
401,legit_44,641.54,998.4,12.3262,-0.0356,90.0,D5E5,1,135.72,567.46,0,-1
401,legit_46,276.63,801.6,12.9974,0.1725,270.0,C4B4,1,132.32,555.54,0,-1
401,legit_50,801.6,323.06,13.0363,-0.8137,0.0,E1E2,1,63.46,534.38,0,-1
401,legit_52,201.6,905.71,13.4915,-0.3203,0.0,B4B5,1,83.55,628.01,0,-1
401,legit_53,201.6,190.62,12.6355,-0.6699,0.0,B0B1,0,87.47,676.9,0,-1
401,legit_56,651.23,201.6,12.8712,-0.8663,270.0,E1D1,1,128.12,567.96,0,-1
401,legit_57,597.4,1000.6,5.4193,2.3002,315.98,:D5_4,1,167.43,567.75,0,-1
401,legit_58,815.83,798.4,7.2183,1.6026,90.0,E4F4,0,77.87,512.35,0,-1
401,legit_59,952.76,398.4,13.7416,0.0475,90.0,E2F2,0,104.55,569.24,0,-1
401,legit_60,21.17,-1.6,9.1781,2.002,90.0,A0B0,0,177.15,901.29,0,-1
401,legit_61,1.6,596.28,11.2997,-0.1692,0.0,:A3_7,0,148.45,705.05,0,-1
401,legit_62,998.4,701.13,10.8732,-0.2228,180.0,F4F3,0,113.53,572.65,0,-1
401,legit_63,755.66,201.6,11.5224,-0.1125,270.0,E1D1,2,81.8,581.49,0,-1
401,legit_64,-1.6,397.74,13.2988,0.3937,180.0,:A2_0,0,156.23,732.24,0,-1
401,legit_65,998.4,883.4,12.6779,-0.6704,180.0,F5F4,0,67.42,618.94,0,-1
401,legit_66,239.93,398.4,9.3769,1.5737,90.0,B2C2,0,97.79,572.78,0,-1
402,legit_44,653.54,998.4,11.9954,-0.3308,90.0,D5E5,1,126.35,568.1,0,-1
402,legit_46,263.02,801.6,13.6081,0.6107,270.0,C4B4,1,119.37,561.77,0,-1
402,legit_50,801.6,336.31,13.2487,0.2124,0.0,E1E2,1,56.78,529.1,0,-1
402,legit_52,201.6,918.89,13.1783,-0.3132,0.0,B4B5,1,94.26,633.63,0,-1
402,legit_53,201.6,203.57,12.9431,0.3076,0.0,:B1_9,0,98.21,670.23,0,-1
402,legit_56,638.37,201.6,12.8615,-0.0097,270.0,E1D1,1,138.27,567.31,0,-1
402,legit_57,590.77,1001.6,6.7974,1.3781,274.83,D5C5,1,161.13,568.36,0,-1
402,legit_58,824.48,798.4,8.6493,1.431,90.0,E4F4,0,85.31,515.27,0,-1
402,legit_59,966.5,398.4,13.7405,-0.0011,90.0,E2F2,0,91.9,575.95,0,-1
402,legit_60,31.74,-1.6,10.5696,1.3915,90.0,A0B0,0,169.62,894.57,0,-1
402,legit_61,1.6,607.56,11.2758,-0.0239,0.0,A3A4,0,148.59,705.08,0,-1
402,legit_62,998.4,690.11,11.0177,0.1446,180.0,F4F3,0,103.84,571.15,0,-1
402,legit_63,743.01,201.6,12.6528,1.1304,270.0,E1D1,2,81.9,578.94,0,-1
402,legit_64,-1.6,384.88,12.8551,-0.4436,180.0,A2A1,0,153.63,735.43,0,-1
402,legit_65,998.4,869.85,13.5515,0.8736,180.0,F5F4,0,59.61,613.75,0,-1
402,legit_66,251.58,398.4,11.6512,2.2743,90.0,B2C2,0,108.6,567.16,0,-1
402,legit_67,812.3,998.4,0.0,0.0,90.0,E5F5,0,102.66,596.05,0,-1
403,legit_44,666.59,998.4,13.0473,1.0519,90.0,D5E5,2,116.69,568.99,0,-1
403,legit_46,249.37,801.6,13.6488,0.0408,270.0,C4B4,1,106.53,568.21,0,-1
403,legit_50,801.6,349.13,12.8197,-0.429,0.0,E1E2,0,52.73,524.27,0,-1
403,legit_52,201.6,932.54,13.6506,0.4723,0.0,B4B5,1,105.95,639.65,0,-1
403,legit_53,201.6,216.22,12.6531,-0.29,0.0,B1B2,0,109.18,663.86,0,-1
403,legit_56,625.64,201.6,12.7294,-0.1321,270.0,E1D1,1,148.74,566.86,0,-1
403,legit_57,581.87,1001.6,8.899,2.1016,270.0,D5C5,1,153.41,568.5,0,-1
403,legit_58,834.69,798.4,10.2154,1.5661,90.0,E4F4,0,94.36,518.84,0,-1
403,legit_59,979.28,398.4,12.773,-0.9676,90.0,E2F2,0,80.48,582.38,0,-1
403,legit_60,44.11,-1.6,12.3722,1.8026,90.0,A0B0,0,161.24,886.81,0,-1
403,legit_61,1.6,619.54,11.9838,0.708,0.0,A3A4,0,149.68,705.29,0,-1
403,legit_62,998.4,679.22,10.8895,-0.1282,180.0,F4F3,0,94.55,569.8,0,-1
403,legit_63,730.9,201.6,12.1133,-0.5395,270.0,E1D1,1,83.81,576.77,0,-1
403,legit_64,-1.6,372.26,12.6214,-0.2337,180.0,A2A1,0,152.09,738.75,0,-1
403,legit_65,998.4,856.26,13.5825,0.031,180.0,F5F4,0,54.1,608.83,0,-1
403,legit_66,264.44,398.4,12.8606,1.2094,90.0,B2C2,0,120.71,561.11,0,-1
403,legit_67,814.47,998.4,2.1728,2.1728,90.0,E5F5,1,104.0,596.7,0,-1
404,legit_44,679.44,998.4,12.8568,-0.1905,90.0,D5E5,2,107.87,570.08,0,-1
404,legit_46,235.48,801.6,13.8896,0.2408,270.0,C4B4,1,93.71,574.97,0,-1
404,legit_50,801.6,362.83,13.6976,0.878,0.0,E1E2,0,51.68,519.46,0,-1
404,legit_52,201.6,945.92,13.3845,-0.2661,0.0,B4B5,1,117.82,645.73,0,-1
404,legit_53,201.6,228.86,12.6423,-0.0109,0.0,B1B2,0,120.47,657.66,0,-1
404,legit_56,616.28,201.6,9.3614,-3.368,270.0,E1D1,1,156.65,566.64,0,-1
404,legit_57,570.65,1001.6,11.2209,2.3219,270.0,D5C5,1,143.88,568.79,0,-1
404,legit_58,847.49,798.4,12.796,2.5806,90.0,E4F4,0,105.99,523.48,0,-1
404,legit_59,992.69,398.4,13.4106,0.6377,90.0,E2F2,0,68.99,589.33,0,-1
404,legit_60,56.89,-1.6,12.7795,0.4073,90.0,A0B0,0,153.15,878.92,0,-1
404,legit_61,1.6,630.84,11.3012,-0.6826,0.0,A3A4,0,151.57,705.64,0,-1
404,legit_62,998.4,668.44,10.7782,-0.1113,180.0,F4F3,0,85.72,568.6,0,-1
404,legit_63,718.53,201.6,12.3615,0.2482,270.0,E1D1,1,87.46,574.79,0,-1
404,legit_64,-1.6,359.48,12.7815,0.16,180.0,A2A1,0,151.6,742.32,0,-1
404,legit_65,998.4,843.47,12.797,-0.7855,180.0,F5F4,0,51.72,604.49,0,-1
404,legit_66,278.1,398.4,13.6576,0.7969,90.0,B2C2,0,133.73,554.88,0,-1
404,legit_67,819.16,998.4,4.6863,2.5135,90.0,E5F5,1,106.97,598.13,0,-1
405,legit_44,692.07,998.4,12.6311,-0.2257,90.0,D5E5,2,100.07,571.37,0,-1
405,legit_46,222.82,801.6,12.663,-1.2267,270.0,C4B4,0,82.32,581.31,0,-1
405,legit_50,801.6,375.67,12.8465,-0.8511,0.0,E1E2,0,53.93,515.29,0,-1
405,legit_52,201.6,959.23,13.3095,-0.075,0.0,B4B5,0,129.92,651.95,0,-1
405,legit_53,201.6,241.35,12.4833,-0.1589,0.0,B1B2,0,129.39,651.68,0,-1
405,legit_56,610.56,201.6,5.7161,-3.6454,270.0,E1D1,1,161.56,566.56,0,-1
405,legit_57,557.13,1001.6,13.5216,2.3007,270.0,D5C5,1,132.75,569.33,0,-1
405,legit_58,860.43,798.4,12.9442,0.1482,90.0,E4F4,1,118.01,528.36,0,-1
405,legit_60,70.67,-1.6,13.7741,0.9946,90.0,A0B0,0,145.19,870.57,0,-1
405,legit_61,1.6,642.19,11.3456,0.0444,0.0,A3A4,0,154.28,706.16,0,-1
405,legit_62,998.4,657.95,10.4896,-0.2886,180.0,F4F3,0,77.6,567.55,0,-1
405,legit_63,706.55,201.6,11.9816,-0.3799,270.0,E1D1,1,92.45,573.11,0,-1
405,legit_64,-1.6,345.74,13.7353,0.9539,180.0,A2A1,0,152.27,746.37,0,-1
405,legit_65,998.4,830.86,12.6105,-0.1865,180.0,F5F4,1,52.4,600.51,0,-1
405,legit_66,290.83,398.4,12.733,-0.9245,90.0,B2C2,0,145.98,549.24,0,-1
405,legit_67,825.62,998.4,6.4605,1.7741,90.0,E5F5,1,111.25,600.14,0,-1
406,legit_44,705.25,998.4,13.1796,0.5485,90.0,D5E5,1,93.06,572.94,0,-1
406,legit_46,213.89,801.6,8.9335,-3.7295,270.0,C4B4,0,74.54,585.9,0,-1
406,legit_50,801.6,388.8,13.1282,0.2817,0.0,E1E2,0,59.09,511.33,0,-1
406,legit_52,201.6,973.12,13.888,0.5785,0.0,B4B5,0,118.69,658.62,0,-1
406,legit_53,201.6,254.18,12.833,0.3497,0.0,B1B2,0,117.73,645.69,0,-1
406,legit_56,603.32,201.6,7.2401,1.524,270.0,:D1_5,1,167.85,566.5,0,-1
406,legit_57,543.37,1001.6,13.7524,0.2308,270.0,D5C5,0,121.92,570.1,0,-1
406,legit_58,874.02,798.4,13.5842,0.6401,90.0,E4F4,1,130.81,533.68,0,-1
406,legit_60,83.64,-1.6,12.9676,-0.8066,90.0,A0B0,0,138.53,862.87,0,-1
406,legit_61,1.6,654.0,11.8165,0.4709,0.0,A3A4,0,157.92,706.87,0,-1
406,legit_62,998.4,647.23,10.7214,0.2318,180.0,F4F3,0,69.95,566.63,0,-1
406,legit_63,694.74,201.6,11.8143,-0.1673,270.0,E1D1,1,98.55,571.67,0,-1
406,legit_64,-1.6,331.93,13.8163,0.0809,180.0,A2A1,0,154.18,750.67,0,-1
406,legit_65,998.4,817.78,13.0797,0.4692,180.0,F5F4,1,56.18,596.69,0,-1
406,legit_66,304.5,398.4,13.664,0.931,90.0,B2C2,0,150.48,543.38,0,-1
406,legit_67,834.47,998.4,8.8484,2.3879,90.0,E5F5,1,117.45,602.99,0,-1
407,legit_44,717.67,998.4,12.4157,-0.7639,90.0,D5E5,1,87.77,574.66,0,-1
407,legit_46,208.64,801.6,5.2519,-3.6816,270.0,C4B4,0,70.09,588.64,0,-1
407,legit_50,801.6,402.28,13.4832,0.355,0.0,:E2_9,0,66.71,507.57,0,-1
407,legit_52,201.6,983.08,9.9659,-3.9221,0.0,B4B5,0,109.8,663.52,0,-1
407,legit_53,201.6,266.87,12.6942,-0.1388,0.0,B1B2,0,106.47,639.92,0,-1
407,legit_56,593.67,201.6,9.6505,2.4104,270.0,:D1_5,1,165.23,566.52,0,-1
407,legit_57,530.33,1001.6,13.0481,-0.7043,270.0,D5C5,0,112.24,571.04,0,-1
407,legit_58,887.1,798.4,13.0821,-0.5021,90.0,E4F4,1,143.27,538.99,0,-1
407,legit_60,97.36,-1.6,13.7206,0.753,90.0,A0B0,0,132.51,854.89,0,-1
407,legit_61,1.6,665.92,11.9187,0.1022,0.0,A3A4,0,162.38,707.75,0,-1
407,legit_62,998.4,636.45,10.7822,0.0609,180.0,F4F3,0,63.18,565.86,0,-1
407,legit_63,683.09,201.6,11.6518,-0.1625,270.0,E1D1,1,105.53,570.43,0,-1
407,legit_64,-1.6,318.78,13.1519,-0.6644,180.0,A2A1,0,157.11,754.97,0,-1
407,legit_65,998.4,805.1,12.6774,-0.4023,180.0,:F4_1,1,62.29,593.26,0,-1
407,legit_66,318.23,398.4,13.7307,0.0667,90.0,B2C2,0,137.25,537.69,0,-1
407,legit_67,845.26,998.4,10.7954,1.947,90.0,E5F5,1,125.43,606.59,0,-1
408,legit_44,730.14,998.4,12.4735,0.0578,90.0,D5E5,1,83.98,576.64,0,-1
408,legit_46,200.82,801.6,7.8143,2.5624,270.0,:B4_5,0,63.7,592.77,0,-1
408,legit_50,801.6,415.82,13.5374,0.0542,0.0,E2E3,0,76.02,504.07,0,-1
408,legit_52,201.6,989.6,6.5153,-3.4505,0.0,B4B5,0,104.09,666.77,0,-1
408,legit_53,201.6,279.05,12.1798,-0.5144,0.0,B1B2,1,96.0,634.53,0,-1
408,legit_56,581.81,201.6,11.8578,2.2073,270.0,D1C1,1,155.03,566.68,0,-1
408,legit_57,517.43,1001.6,12.9001,-0.148,270.0,D5C5,0,103.41,572.18,0,-1
408,legit_58,900.01,798.4,12.9051,-0.1771,90.0,E4F4,1,155.66,544.41,0,-1
408,legit_60,110.42,-1.6,13.068,-0.6526,90.0,A0B0,0,127.88,847.47,0,-1
408,legit_61,1.6,678.07,12.1489,0.2302,0.0,A3A4,0,167.68,708.83,0,-1
408,legit_62,998.4,625.62,10.8305,0.0482,180.0,F4F3,0,57.61,565.26,0,-1
408,legit_63,670.56,201.6,12.5226,0.8709,270.0,E1D1,1,113.88,569.31,0,-1
408,legit_64,-1.6,305.52,13.2532,0.1013,180.0,A2A1,0,161.09,759.5,0,-1
408,legit_65,998.4,791.73,13.3711,0.6936,180.0,F4F3,1,70.66,589.9,0,-1
408,legit_66,330.97,398.4,12.7462,-0.9846,90.0,B2C2,1,125.07,532.59,0,-1
408,legit_67,857.41,998.4,12.1495,1.3541,90.0,E5F5,1,134.89,610.8,0,-1
408,legit_68,201.6,412.3,0.0,0.0,0.0,B2B3,2,73.47,588.94,0,-1
409,legit_44,742.6,998.4,12.4518,-0.0217,90.0,D5E5,1,81.94,578.87,0,-1
409,legit_46,191.54,801.6,9.2771,1.4629,270.0,B4A4,0,56.57,597.78,0,-1
409,legit_50,801.6,429.54,13.7142,0.1767,0.0,E2E3,0,86.59,500.77,0,-1
409,legit_52,201.93,995.09,5.515,-1.0003,3.76,:B5_3,0,99.53,669.38,0,-1
409,legit_53,201.6,292.04,12.9898,0.81,0.0,B1B2,1,85.33,628.96,0,-1
409,legit_56,568.7,201.6,13.1111,1.2534,270.0,D1C1,1,144.05,567.04,0,-1
409,legit_57,504.77,1001.6,12.6593,-0.2409,270.0,D5C5,0,95.63,573.51,0,-1
409,legit_58,912.79,798.4,12.7842,-0.1208,90.0,E4F4,1,143.38,549.95,0,-1
409,legit_60,124.05,-1.6,13.6292,0.5612,90.0,A0B0,0,124.34,839.93,0,-1
409,legit_61,1.6,689.23,11.1625,-0.9864,0.0,A3A4,0,173.16,709.97,0,-1
409,legit_62,998.4,615.05,10.5749,-0.2555,180.0,F4F3,0,53.75,564.86,0,-1
409,legit_63,658.01,201.6,12.5505,0.0278,270.0,E1D1,1,122.96,568.38,0,-1
409,legit_64,-1.6,292.58,12.9451,-0.3081,180.0,A2A1,0,165.92,764.13,0,-1
409,legit_65,998.4,778.22,13.5113,0.1402,180.0,F4F3,1,80.5,586.74,0,-1
409,legit_66,344.74,398.4,13.7626,1.0164,90.0,B2C2,1,112.05,527.27,0,-1
409,legit_67,869.5,998.4,12.0857,-0.0638,90.0,E5F5,1,144.7,615.15,0,-1
409,legit_68,201.6,414.58,2.276,2.276,0.0,B2B3,2,75.11,588.4,0,-1
410,legit_44,755.23,998.4,12.633,0.1813,90.0,D5E5,1,81.77,581.39,0,-1
410,legit_46,180.15,801.6,11.3964,2.1193,270.0,B4A4,0,48.82,604.1,0,-1
410,legit_50,801.6,443.3,13.7652,0.051,0.0,E2E3,0,97.99,497.69,0,-1
410,legit_52,206.8,998.34,6.3123,0.7973,63.7,:B5_3,0,99.47,668.57,0,-1
410,legit_53,201.6,305.35,13.3088,0.319,0.0,B1B2,1,75.16,623.44,0,-1
410,legit_56,555.42,201.6,13.287,0.1759,270.0,D1C1,1,133.31,567.6,0,-1
410,legit_57,491.18,1001.6,13.5901,0.9308,270.0,D5C5,0,88.56,575.19,0,-1
410,legit_58,926.58,798.4,13.7896,1.0053,90.0,E4F4,1,130.24,556.12,0,-1
410,legit_60,137.56,-1.6,13.5026,-0.1266,90.0,A0B0,0,122.24,832.65,0,-1
410,legit_61,1.6,700.94,11.704,0.5415,0.0,A3A4,0,179.47,711.33,0,-1
410,legit_62,998.4,608.19,6.8515,-3.7235,180.0,F4F3,0,52.25,564.7,0,-1
410,legit_63,645.8,201.6,12.2129,-0.3376,270.0,E1D1,1,132.35,567.66,0,-1
410,legit_64,-1.6,279.39,13.1903,0.2452,180.0,A2A1,0,171.7,769.03,0,-1
410,legit_65,998.4,765.57,12.6437,-0.8675,180.0,F4F3,1,90.56,583.99,0,-1
410,legit_66,357.64,398.4,12.9003,-0.8622,90.0,B2C2,0,100.03,522.48,0,-1
410,legit_67,881.74,998.4,12.2396,0.1538,90.0,E5F5,1,154.96,619.72,0,-1
410,legit_68,201.6,419.09,4.516,2.24,0.0,B2B3,1,78.45,587.36,0,-1
411,legit_44,768.35,998.4,13.126,0.4929,90.0,D5E5,1,83.64,584.31,0,-1
411,legit_46,166.52,801.6,13.6254,2.229,270.0,B4A4,0,41.8,611.94,0,-1
411,legit_50,801.6,456.41,13.1113,-0.6539,0.0,E2E3,0,109.35,494.97,0,-1
411,legit_52,212.26,998.4,5.4631,-0.8492,90.0,B5C5,0,102.64,665.88,0,-1
411,legit_53,201.6,318.5,13.1531,-0.1556,0.0,B1B2,1,66.22,618.2,0,-1
411,legit_56,542.66,201.6,12.7614,-0.5256,270.0,D1C1,1,123.46,568.34,0,-1
411,legit_57,477.93,1001.6,13.2493,-0.3408,270.0,D5C5,0,83.23,577.1,0,-1
411,legit_58,940.01,798.4,13.4351,-0.3545,90.0,E4F4,1,117.59,562.32,0,-1
411,legit_60,150.79,-1.6,13.2371,-0.2655,90.0,A0B0,0,121.6,825.71,0,-1
411,legit_61,1.6,712.12,11.1862,-0.5177,0.0,A3A4,0,186.0,712.77,0,-1
411,legit_62,997.71,604.18,4.1287,-2.7228,188.04,:F3_0,1,52.46,564.29,0,-1
411,legit_63,633.86,201.6,11.9439,-0.269,270.0,E1D1,1,141.94,567.13,0,-1
411,legit_64,-1.6,266.23,13.1547,-0.0356,180.0,A2A1,0,178.26,774.11,0,-1
411,legit_65,998.4,752.6,12.9726,0.3289,180.0,F4F3,2,101.49,581.35,0,-1
411,legit_66,371.25,398.4,13.6145,0.7141,90.0,B2C2,0,87.61,517.63,0,-1
411,legit_67,894.16,998.4,12.4252,0.1856,90.0,E5F5,1,165.66,624.52,0,-1
411,legit_68,201.6,425.59,6.4973,1.9813,0.0,B2B3,1,83.45,585.9,0,-1
412,legit_44,781.25,998.4,12.8974,-0.2285,90.0,D5E5,1,87.38,587.45,0,-1
412,legit_46,152.69,801.6,13.8348,0.2094,270.0,B4A4,0,38.49,620.27,0,-1
412,legit_50,801.6,469.03,12.621,-0.4903,0.0,E2E3,0,120.63,492.53,0,-1
412,legit_52,219.11,998.4,6.8499,1.3868,90.0,B5C5,0,106.93,662.53,0,-1
412,legit_53,201.6,331.33,12.8237,-0.3295,0.0,B1B2,1,59.03,613.31,0,-1
412,legit_56,529.36,201.6,13.2996,0.5382,270.0,D1C1,1,113.82,569.31,0,-1
412,legit_57,464.24,1001.6,13.6846,0.4353,270.0,D5C5,0,79.68,579.37,0,-1
412,legit_58,952.77,798.4,12.7564,-0.6787,90.0,E4F4,1,105.75,568.38,0,-1
412,legit_60,164.52,-1.6,13.7286,0.4915,90.0,A0B0,0,122.46,818.74,0,-1
412,legit_61,1.6,724.11,11.9868,0.8005,0.0,A3A4,0,188.29,714.48,0,-1
412,legit_62,993.58,601.71,5.1067,0.9781,239.7,:F3_0,1,56.44,562.07,0,-1
412,legit_63,622.15,201.6,11.7082,-0.2357,270.0,E1D1,1,151.67,566.77,0,-1
412,legit_64,-1.6,252.42,13.8106,0.6558,180.0,A2A1,0,185.89,779.65,0,-1
412,legit_65,998.4,739.24,13.3579,0.3853,180.0,F4F3,2,113.2,578.83,0,-1
412,legit_66,382.63,398.4,11.3781,-2.2364,90.0,B2C2,0,77.54,513.75,0,-1
412,legit_67,905.58,998.4,11.4163,-1.0089,90.0,E5F5,1,165.88,629.07,0,-1
412,legit_68,201.6,434.66,9.0723,2.575,0.0,B2B3,1,90.76,583.94,0,-1
413,legit_44,794.15,998.4,12.8949,-0.0025,90.0,:E5_7,1,92.78,590.85,0,-1
413,legit_46,139.3,801.6,13.3881,-0.4466,270.0,B4A4,0,39.86,628.73,0,-1
413,legit_50,801.6,482.63,13.596,0.975,0.0,E2E3,0,128.21,490.12,0,-1
413,legit_52,227.81,998.4,8.7009,1.851,90.0,B5C5,0,112.75,658.34,0,-1
413,legit_53,201.6,343.79,12.4641,-0.3596,0.0,B1B2,1,54.09,608.81,0,-1
413,legit_56,515.63,201.6,13.7219,0.4223,270.0,D1C1,1,104.72,570.56,0,-1
413,legit_57,451.61,1001.6,12.6376,-1.047,270.0,D5C5,0,78.42,581.75,0,-1
413,legit_58,966.13,798.4,13.3577,0.6014,90.0,E4F4,1,93.62,574.92,0,-1
413,legit_60,178.22,-1.6,13.7,-0.0285,90.0,A0B0,0,124.83,811.99,0,-1
413,legit_61,1.6,736.08,11.9642,-0.0225,0.0,A3A4,0,181.17,716.35,0,-1
413,legit_62,988.74,601.6,4.8441,-0.2627,268.47,F3E3,1,61.28,559.51,0,-1
413,legit_63,613.04,201.6,9.1111,-2.5971,270.0,E1D1,1,159.43,566.59,0,-1
413,legit_64,-1.6,238.75,13.6747,-0.1359,180.0,A2A1,0,192.57,785.33,0,-1
413,legit_65,998.4,725.9,13.3472,-0.0107,180.0,F4F3,2,125.23,576.49,0,-1
413,legit_66,389.51,398.4,6.8781,-4.5,90.0,B2C2,0,71.65,511.47,0,-1
413,legit_67,917.63,998.4,12.0487,0.6325,90.0,E5F5,1,155.5,634.02,0,-1
413,legit_68,201.6,445.18,10.5232,1.4509,0.0,B2B3,1,99.59,581.79,0,-1
414,legit_44,807.34,998.4,13.194,0.2991,90.0,E5F5,1,99.73,594.58,0,-1
414,legit_46,126.19,801.6,13.1128,-0.2753,270.0,B4A4,1,45.18,637.38,0,-1
414,legit_50,801.6,495.88,13.2533,-0.3427,0.0,E2E3,0,116.2,487.96,0,-1
414,legit_52,238.42,998.4,10.6082,1.9073,90.0,B5C5,0,120.32,653.36,0,-1
414,legit_53,201.6,356.34,12.5505,0.0864,0.0,B1B2,1,51.73,604.55,0,-1
414,legit_56,502.58,201.6,13.0578,-0.6641,270.0,D1C1,1,97.07,571.98,0,-1
414,legit_57,438.56,1001.6,13.0489,0.4113,270.0,D5C5,0,79.23,584.49,0,-1
414,legit_58,979.3,798.4,13.1672,-0.1905,90.0,E4F4,1,82.03,581.56,0,-1
414,legit_60,190.9,-1.6,12.6759,-1.0241,90.0,A0B0,0,128.29,805.94,0,-1
414,legit_61,1.6,747.56,11.4871,-0.4771,0.0,A3A4,1,174.83,718.3,0,-1
414,legit_62,981.63,601.6,7.118,2.2739,270.0,F3E3,1,68.39,555.79,0,-1
414,legit_63,608.37,201.6,4.6717,-4.4395,270.0,E1D1,1,163.46,566.53,0,-1
414,legit_64,-1.6,224.98,13.7687,0.0941,180.0,A2A1,0,184.4,791.24,0,-1
414,legit_65,998.4,713.06,12.8326,-0.5146,180.0,F4F3,2,124.28,574.42,0,-1
414,legit_66,397.31,399.35,7.9537,1.0756,78.94,:C2_14,0,65.76,508.71,0,-1
414,legit_67,929.14,998.4,11.5114,-0.5374,90.0,E5F5,1,145.83,638.89,0,-1
414,legit_68,201.6,458.26,13.0771,2.5539,0.0,B2B3,1,110.99,579.28,0,-1
414,legit_69,412.3,-1.6,0.0,0.0,90.0,C0D0,0,127.31,727.95,0,-1
415,legit_44,819.65,998.4,12.3095,-0.8845,90.0,E5F5,1,107.28,598.28,0,-1
415,legit_46,112.97,801.6,13.2144,0.1017,270.0,B4A4,1,53.34,646.39,0,-1
415,legit_50,801.6,509.38,13.5013,0.2481,0.0,E2E3,0,104.28,485.98,0,-1
415,legit_52,250.65,998.4,12.2266,1.6184,90.0,B5C5,0,129.57,647.77,0,-1
415,legit_53,201.6,369.49,13.1441,0.5936,0.0,B1B2,1,52.46,600.4,0,-1
415,legit_56,489.83,201.6,12.7464,-0.3113,270.0,D1C1,1,90.8,573.6,0,-1
415,legit_57,424.76,1001.6,13.8002,0.7513,270.0,D5C5,0,82.36,587.7,0,-1
415,legit_58,992.13,798.4,12.8369,-0.3303,90.0,E4F4,1,71.27,588.22,0,-1
415,legit_60,203.7,-1.6,12.8049,0.129,90.0,:B0_6,0,132.93,800.01,0,-1
415,legit_61,1.6,759.41,11.8497,0.3625,0.0,A3A4,1,168.87,720.48,0,-1
415,legit_62,972.75,601.6,8.8775,1.7595,270.0,F3E3,1,77.27,551.22,0,-1
415,legit_63,603.72,202.57,4.836,0.1644,281.36,:D1_4,1,167.97,565.96,0,-1
415,legit_64,-1.6,211.65,13.3326,-0.4362,180.0,A2A1,0,177.15,797.16,0,-1
415,legit_65,998.4,699.66,13.3987,0.5661,180.0,F4F3,2,112.23,572.45,0,-1
415,legit_66,401.35,405.45,7.7606,-0.1931,21.3,:C2_14,0,66.58,505.82,0,-1
415,legit_67,940.67,998.4,11.532,0.0206,90.0,E5F5,1,136.42,643.9,0,-1
415,legit_68,201.6,471.92,13.6593,0.5821,0.0,B2B3,1,123.24,576.86,0,-1
415,legit_69,414.02,-1.6,1.7226,1.7226,90.0,C0D0,0,126.81,727.55,0,-1
416,legit_44,832.66,998.4,13.0139,0.7044,90.0,E5F5,1,116.15,602.4,0,-1
416,legit_46,100.17,801.6,12.8048,-0.4097,270.0,B4A4,1,62.91,655.36,0,-1
416,legit_50,801.6,522.75,13.3613,-0.14,0.0,E2E3,0,92.9,484.23,0,-1
416,legit_52,263.35,998.4,12.7011,0.4745,90.0,B5C5,1,139.66,642.14,0,-1
416,legit_53,201.6,382.14,12.6545,-0.4896,0.0,B1B2,1,56.15,596.71,0,-1
416,legit_56,476.7,201.6,13.1273,0.3808,270.0,D1C1,1,85.86,575.52,0,-1
416,legit_57,411.39,1001.6,13.3641,-0.4362,270.0,D5C5,1,87.39,591.11,0,-1
416,legit_60,217.42,-1.6,13.7202,0.9153,90.0,B0C0,0,139.04,793.86,0,-1
416,legit_61,1.6,770.9,11.484,-0.3657,0.0,A3A4,1,163.7,722.74,0,-1
416,legit_62,962.08,601.6,10.6702,1.7927,270.0,F3E3,1,87.94,545.83,0,-1
416,legit_63,601.6,207.31,5.4672,0.6312,339.04,D1D2,1,172.18,563.28,0,-1
416,legit_64,-1.6,198.54,13.106,-0.2266,180.0,:A1_0,0,170.74,803.15,0,-1
416,legit_65,998.4,686.4,13.2628,-0.1359,180.0,F4F3,1,100.64,570.68,0,-1
416,legit_66,401.6,412.54,7.11,-0.6506,0.0,C2C3,0,71.44,503.91,0,-1
416,legit_67,952.96,998.4,12.2921,0.7601,90.0,E5F5,1,126.79,649.4,0,-1
416,legit_68,201.6,485.29,13.3703,-0.289,0.0,B2B3,1,125.78,574.68,0,-1
416,legit_69,417.66,-1.6,3.6391,1.9165,90.0,C0D0,0,125.83,726.74,0,-1
417,legit_44,844.95,998.4,12.2819,-0.7321,90.0,E5F5,1,125.19,606.48,0,-1
417,legit_46,87.45,801.6,12.7176,-0.0871,270.0,B4A4,1,73.4,664.45,0,-1
417,legit_50,801.6,536.12,13.3718,0.0104,0.0,E2E3,0,82.12,482.69,0,-1
417,legit_52,276.6,998.4,13.2525,0.5514,90.0,B5C5,1,150.62,636.44,0,-1
417,legit_53,201.6,395.19,13.0542,0.3997,0.0,:B2_9,1,62.46,593.18,0,-1
417,legit_56,464.06,201.6,12.6395,-0.4878,270.0,D1C1,1,82.8,577.64,0,-1
417,legit_57,398.7,1001.6,12.6892,-0.6748,270.0,:C5_0,1,93.69,594.6,0,-1
417,legit_60,230.15,-1.6,12.7304,-0.9899,90.0,B0C0,0,145.64,788.34,0,-1
417,legit_61,1.6,782.38,11.4854,0.0014,0.0,A3A4,1,159.19,725.15,0,-1
417,legit_62,951.24,601.6,10.8441,0.1739,270.0,F3E3,1,98.78,540.47,0,-1
417,legit_63,601.6,214.26,6.95,1.4828,0.0,D1D2,1,175.8,559.42,0,-1
417,legit_64,-1.6,185.8,12.7376,-0.3684,180.0,A1A0,0,165.27,809.15,0,-1
417,legit_65,998.4,672.54,13.8616,0.5988,180.0,F4F3,1,89.02,569.04,0,-1
417,legit_66,401.6,421.59,9.0512,1.9412,0.0,C2C3,0,78.34,501.67,0,-1
417,legit_67,965.55,998.4,12.5888,0.2967,90.0,E5F5,1,117.43,655.21,0,-1
417,legit_68,201.6,498.16,12.8682,-0.5021,0.0,B2B3,1,114.17,572.75,0,-1
417,legit_69,422.69,-1.6,5.0258,1.3867,90.0,C0D0,0,124.63,725.63,0,-1
418,legit_44,857.92,998.4,12.9706,0.6887,90.0,E5F5,1,135.29,610.98,0,-1
418,legit_46,74.59,801.6,12.8595,0.1419,270.0,B4A4,1,84.62,673.82,0,-1
418,legit_50,801.6,548.79,12.672,-0.6998,0.0,E2E3,1,72.7,481.45,0,-1
418,legit_52,289.86,998.4,13.2565,0.004,90.0,B5C5,1,161.92,630.93,0,-1
418,legit_53,201.6,408.44,13.2475,0.1933,0.0,B2B3,1,70.78,589.86,0,-1
418,legit_56,450.87,201.6,13.1956,0.5561,270.0,D1C1,0,81.6,580.14,0,-1
418,legit_57,385.87,1001.6,12.8372,0.1479,270.0,C5B5,1,101.29,598.35,0,-1
418,legit_60,242.91,-1.6,12.7526,0.0222,90.0,B0C0,0,153.03,782.98,0,-1
418,legit_61,1.6,792.48,10.093,-1.3924,0.0,A3A4,1,155.82,727.41,0,-1
418,legit_62,940.31,601.6,10.9279,0.0837,270.0,F3E3,2,109.7,535.19,0,-1
418,legit_63,601.6,222.55,8.2911,1.3411,0.0,D1D2,0,180.38,554.9,0,-1
418,legit_64,-1.6,172.39,13.4103,0.6727,180.0,A1A0,0,160.4,815.65,0,-1
418,legit_65,998.4,659.42,13.1191,-0.7425,180.0,F4F3,1,78.7,567.69,0,-1
418,legit_66,401.6,432.83,11.2347,2.1835,0.0,C2C3,0,87.44,499.04,0,-1
418,legit_67,977.02,998.4,11.4631,-1.1257,90.0,E5F5,1,109.48,660.65,0,-1
418,legit_68,201.6,511.25,13.0878,0.2196,0.0,B2B3,1,102.66,570.98,0,-1
418,legit_69,429.37,-1.6,6.6854,1.6596,90.0,C0D0,0,123.34,724.22,0,-1
419,legit_44,870.02,998.4,12.1033,-0.8673,90.0,E5F5,1,145.13,615.35,0,-1
419,legit_46,61.33,801.6,13.255,0.3955,270.0,B4A4,1,96.62,683.63,0,-1
419,legit_50,801.6,562.09,13.2996,0.6276,0.0,E2E3,1,64.03,480.39,0,-1
419,legit_52,303.31,998.4,13.4578,0.2013,90.0,B5C5,1,167.86,625.52,0,-1
419,legit_53,201.6,420.77,12.3299,-0.9175,0.0,B2B3,1,79.72,586.97,0,-1
419,legit_56,437.19,201.6,13.6804,0.4849,270.0,D1C1,0,82.6,583.04,0,-1
419,legit_57,372.28,1001.6,13.5812,0.7441,270.0,C5B5,1,110.39,602.57,0,-1
419,legit_60,255.78,-1.6,12.873,0.1204,90.0,B0C0,0,161.17,777.74,0,-1
419,legit_61,3.65,797.39,5.593,-4.5,24.92,:A4_6,1,152.43,726.93,0,-1
419,legit_62,929.12,601.6,11.1846,0.2568,270.0,F3E3,2,120.89,529.91,0,-1
419,legit_63,601.6,232.4,9.8545,1.5635,0.0,D1D2,0,186.16,549.64,0,-1
419,legit_64,-1.6,159.01,13.3808,-0.0295,180.0,A1A0,0,156.54,822.32,0,-1
419,legit_65,998.4,645.54,13.882,0.763,180.0,F4F3,1,68.82,566.5,0,-1
419,legit_66,401.6,445.81,12.9859,1.7512,0.0,C2C3,0,98.52,496.18,0,-1
419,legit_67,988.63,998.4,11.6124,0.1493,90.0,E5F5,1,102.1,666.32,0,-1
419,legit_68,201.6,525.09,13.8444,0.7566,0.0,B2B3,1,90.96,569.3,0,-1
419,legit_69,437.7,-1.6,8.323,1.6376,90.0,C0D0,0,122.22,722.53,0,-1
420,legit_44,883.14,998.4,13.1239,1.0206,90.0,E5F5,1,156.16,620.26,0,-1
420,legit_46,47.85,801.6,13.483,0.228,270.0,B4A4,1,109.13,693.76,0,-1
420,legit_50,801.6,574.94,12.8534,-0.4463,0.0,E2E3,1,57.36,479.63,0,-1
420,legit_52,316.46,998.4,13.142,-0.3158,90.0,B5C5,1,156.5,620.41,0,-1
420,legit_53,201.6,433.65,12.8775,0.5475,0.0,B2B3,1,89.93,584.15,0,-1
420,legit_56,424.17,201.6,13.0191,-0.6613,270.0,D1C1,0,85.59,586.1,0,-1
420,legit_57,359.05,1001.6,13.2356,-0.3456,270.0,C5B5,1,120.08,606.89,0,-1
420,legit_60,269.59,-1.6,13.8149,0.9419,90.0,B0C0,0,170.56,772.31,0,-1
420,legit_61,8.47,798.4,5.0343,-0.5587,78.28,A4B4,1,147.51,723.37,0,-1
420,legit_62,917.6,601.6,11.5242,0.3396,270.0,F3E3,3,132.41,524.61,0,-1
420,legit_63,601.6,244.75,12.3517,2.4972,0.0,D1D2,0,187.89,543.21,0,-1
420,legit_64,-1.6,145.5,13.5148,0.134,180.0,A1A0,0,153.73,829.24,0,-1
420,legit_65,998.4,632.88,12.6559,-1.2261,180.0,F4F3,2,61.19,565.64,0,-1
420,legit_66,401.6,459.5,13.688,0.7021,0.0,C2C3,0,110.65,493.39,0,-1
420,legit_67,996.38,998.4,7.7556,-3.8568,90.0,E5F5,1,97.64,670.21,0,-1
420,legit_68,201.6,538.19,13.0988,-0.7457,0.0,B2B3,1,80.52,567.92,0,-1
420,legit_69,448.36,-1.6,10.6673,2.3443,90.0,C0D0,0,121.61,720.51,0,-1
420,legit_70,987.7,601.6,0.0,0.0,270.0,F3E3,2,62.32,558.96,0,-1
421,legit_44,895.74,998.4,12.5951,-0.5288,90.0,E5F5,1,167.03,625.14,0,-1
421,legit_46,34.08,801.6,13.7698,0.2868,270.0,B4A4,1,122.11,704.25,0,-1
421,legit_50,801.6,587.88,12.9395,0.0861,0.0,E2E3,1,53.0,479.16,0,-1
421,legit_52,330.27,998.4,13.8184,0.6764,90.0,B5C5,1,144.89,615.24,0,-1
421,legit_53,201.6,446.96,13.3127,0.4353,0.0,B2B3,1,101.12,581.44,0,-1
421,legit_56,410.78,201.6,13.3909,0.3718,270.0,D1C1,0,90.54,589.52,0,-1
421,legit_57,346.04,1001.6,13.012,-0.2236,270.0,C5B5,1,130.21,611.34,0,-1
421,legit_60,283.46,-1.6,13.8713,0.0563,90.0,B0C0,0,180.55,767.05,0,-1
421,legit_61,15.81,798.4,7.3414,2.307,90.0,A4B4,1,140.49,717.62,0,-1
421,legit_62,906.67,601.6,10.9285,-0.5957,270.0,F3E3,3,143.34,519.7,0,-1
421,legit_63,601.6,257.55,12.7974,0.4457,0.0,D1D2,0,180.33,536.76,0,-1
421,legit_64,-1.6,132.17,13.3244,-0.1904,180.0,A1A0,0,152.09,836.25,0,-1
421,legit_65,998.4,619.14,13.7397,1.0838,180.0,F4F3,2,55.04,564.99,0,-1
421,legit_66,401.6,472.32,12.8179,-0.8701,0.0,C2C3,0,122.3,490.96,0,-1
421,legit_67,998.4,996.54,3.2556,-4.5,116.31,F5F4,1,98.12,670.28,0,-1
421,legit_68,201.6,551.68,13.489,0.3903,0.0,B2B3,1,70.69,566.72,0,-1
421,legit_69,460.94,-1.6,12.572,1.9047,90.0,C0D0,0,122.09,718.32,0,-1
421,legit_70,985.12,601.6,2.5843,2.5843,270.0,F3E3,2,64.9,557.61,0,-1
422,legit_44,908.55,998.4,12.8147,0.2196,90.0,E5F5,1,163.3,630.28,0,-1
422,legit_46,21.26,801.6,12.8173,-0.9525,270.0,B4A4,1,134.34,714.15,0,-1
422,legit_52,343.68,998.4,13.407,-0.4115,90.0,B5C5,1,134.02,610.42,0,-1
422,legit_53,201.6,459.58,12.617,-0.6957,0.0,B2B3,1,112.15,579.04,0,-1
422,legit_57,333.38,1001.6,12.658,-0.354,270.0,C5B5,1,140.52,615.85,0,-1
422,legit_60,296.91,-1.6,13.4467,-0.4245,90.0,B0C0,0,190.71,762.14,0,-1
422,legit_61,25.33,798.4,9.5136,2.1722,90.0,A4B4,1,131.43,710.23,0,-1
422,legit_62,895.94,601.6,10.7347,-0.1937,270.0,F3E3,2,145.94,515.01,0,-1
422,legit_63,601.6,269.41,11.8602,-0.9372,0.0,D1D2,0,173.86,530.97,0,-1
422,legit_64,-1.6,118.98,13.1908,-0.1336,180.0,A1A0,0,151.6,843.38,0,-1
422,legit_65,998.4,605.99,13.1522,-0.5875,180.0,:F3_1,2,51.95,564.67,0,-1
422,legit_66,401.6,485.13,12.8068,-0.011,0.0,C2C3,0,124.65,488.73,0,-1
422,legit_67,998.4,991.75,4.7868,1.5312,180.0,F5F4,1,102.22,667.85,0,-1
422,legit_68,201.6,564.57,12.8892,-0.5999,0.0,B2B3,1,62.59,565.79,0,-1
422,legit_69,473.86,-1.6,12.926,0.3541,90.0,C0D0,0,123.92,716.29,0,-1
422,legit_70,980.25,601.6,4.8624,2.2781,270.0,F3E3,2,69.76,555.07,0,-1
423,legit_44,920.86,998.4,12.3024,-0.5122,90.0,E5F5,1,152.76,635.37,0,-1
423,legit_46,12.8,801.6,8.4617,-4.3557,270.0,B4A4,1,142.47,720.74,0,-1
423,legit_52,356.72,998.4,13.0357,-0.3713,90.0,B5C5,1,123.94,605.92,0,-1
423,legit_53,201.6,472.05,12.4682,-0.1488,0.0,B2B3,1,123.36,576.84,0,-1
423,legit_57,320.43,1001.6,12.9479,0.29,270.0,C5B5,1,151.44,620.64,0,-1
423,legit_60,309.56,-1.6,12.6483,-0.7985,90.0,B0C0,0,185.77,757.69,0,-1
423,legit_61,37.27,798.4,11.9466,2.4331,90.0,A4B4,1,120.16,701.03,0,-1
423,legit_62,884.56,601.6,11.3779,0.6432,270.0,F3E3,2,134.57,510.16,0,-1
423,legit_63,601.6,281.92,12.5042,0.644,0.0,D1D2,0,167.69,525.06,0,-1
423,legit_64,-1.6,105.21,13.7755,0.5847,180.0,A1A0,0,152.32,851.0,0,-1
423,legit_65,998.4,592.56,13.4314,0.2792,180.0,F3F2,2,52.13,564.69,0,-1
423,legit_66,401.6,498.63,13.503,0.6961,0.0,C2C3,0,112.33,486.57,0,-1
423,legit_67,998.4,984.74,7.0111,2.2243,180.0,F5F4,1,108.34,664.34,0,-1
423,legit_68,201.6,577.68,13.1144,0.2253,0.0,B2B3,1,56.22,565.11,0,-1
423,legit_69,486.94,-1.6,13.0806,0.1545,90.0,C0D0,0,127.09,714.45,0,-1
423,legit_70,974.07,601.6,6.1824,1.32,270.0,F3E3,2,75.95,551.89,0,-1
424,legit_44,933.24,998.4,12.3881,0.0857,90.0,E5F5,1,142.44,640.66,0,-1
424,legit_46,8.68,801.6,4.1267,-4.3349,270.0,B4A4,1,146.45,723.98,0,-1
424,legit_52,369.77,998.4,13.0557,0.02,90.0,B5C5,1,114.43,601.61,0,-1
424,legit_53,201.6,484.19,12.1423,-0.3259,0.0,B2B3,1,126.79,574.85,0,-1
424,legit_57,307.02,1001.6,13.4143,0.4663,270.0,C5B5,1,163.07,625.8,0,-1
424,legit_60,322.17,-1.6,12.6065,-0.0418,90.0,B0C0,0,176.43,753.42,0,-1
424,legit_61,48.5,798.4,11.226,-0.7206,90.0,A4B4,1,109.69,692.49,0,-1
424,legit_62,873.21,601.6,11.3454,-0.0325,270.0,F3E3,2,123.22,505.46,0,-1
424,legit_63,601.6,294.46,12.5416,0.0374,0.0,D1D2,0,162.23,519.35,0,-1
424,legit_64,-1.6,92.05,13.1546,-0.6209,180.0,A1A0,0,154.15,858.46,0,-1
424,legit_65,998.4,578.89,13.6731,0.2417,180.0,F3F2,2,55.75,565.06,0,-1
424,legit_66,401.6,512.42,13.7892,0.2862,0.0,C2C3,0,100.06,484.58,0,-1
424,legit_67,998.4,975.75,8.9896,1.9785,180.0,F5F4,1,116.32,659.9,0,-1
424,legit_68,201.6,591.45,13.7672,0.6528,0.0,B2B3,1,52.3,564.71,0,-1
424,legit_69,500.51,-1.6,13.571,0.4904,90.0,C0D0,0,131.67,712.77,0,-1
424,legit_70,966.35,601.6,7.7228,1.5405,270.0,F3E3,2,83.67,547.97,0,-1
425,legit_44,945.91,998.4,12.663,0.2749,90.0,E5F5,1,132.26,646.23,0,-1
425,legit_46,2.24,800.38,6.6628,2.5361,256.0,:A4_4,1,152.98,728.75,0,-1
425,legit_52,382.83,998.4,13.0607,0.005,90.0,B5C5,1,105.69,597.52,0,-1
425,legit_53,201.6,497.54,13.351,1.2087,0.0,B2B3,1,114.72,572.84,0,-1
425,legit_57,293.3,1001.6,13.7212,0.307,270.0,C5B5,1,163.34,631.26,0,-1
425,legit_60,334.8,-1.6,12.6308,0.0244,90.0,B0C0,0,167.51,749.3,0,-1
425,legit_61,60.38,798.4,11.8777,0.6517,90.0,A4B4,1,98.81,683.56,0,-1
425,legit_62,862.08,601.6,11.1349,-0.2105,270.0,F3E3,2,112.09,500.99,0,-1
425,legit_63,601.6,306.53,12.0699,-0.4718,0.0,D1D2,0,157.74,514.06,0,-1
425,legit_64,-1.6,78.33,13.7172,0.5626,180.0,A1A0,0,157.22,866.42,0,-1
425,legit_65,998.4,565.92,12.9659,-0.7072,180.0,F3F2,2,61.84,565.71,0,-1
425,legit_66,401.6,526.02,13.5996,-0.1896,0.0,C2C3,0,88.41,482.84,0,-1
425,legit_67,998.4,965.34,10.414,1.4244,180.0,F5F4,1,125.74,654.86,0,-1
425,legit_68,201.6,604.76,13.3135,-0.4538,0.0,:B3_9,1,51.82,564.66,0,-1
425,legit_69,513.62,-1.6,13.107,-0.464,90.0,C0D0,0,137.24,711.38,0,-1
425,legit_70,956.28,601.6,10.0709,2.3481,270.0,F3E3,2,93.74,542.94,0,-1
426,legit_44,958.1,998.4,12.1947,-0.4683,90.0,E5F5,1,122.9,651.75,0,-1
426,legit_46,-1.44,793.95,7.8402,1.1773,198.5,:A4_4,1,158.28,730.15,0,-1
426,legit_52,392.58,998.4,9.7478,-3.3129,90.0,B5C5,1,99.78,594.6,0,-1
426,legit_53,201.6,509.93,12.3856,-0.9654,0.0,B2B3,1,103.81,571.15,0,-1
426,legit_57,279.64,1001.6,13.6526,-0.0686,270.0,C5B5,1,151.5,636.88,0,-1
426,legit_60,348.29,-1.6,13.4962,0.8654,90.0,B0C0,0,158.53,745.1,0,-1
426,legit_61,71.86,798.4,11.4828,-0.3949,90.0,A4B4,1,88.52,675.05,0,-1
426,legit_62,851.62,601.6,10.4563,-0.6786,270.0,F3E3,1,101.63,496.9,0,-1
426,legit_63,601.6,318.56,12.0311,-0.0388,0.0,D1D2,0,154.08,508.98,0,-1
426,legit_64,-1.6,65.07,13.2677,-0.4495,180.0,A1A0,0,161.25,874.28,0,-1
426,legit_65,998.4,552.72,13.1976,0.2317,180.0,F3F2,1,69.98,566.63,0,-1
426,legit_66,401.6,538.82,12.7989,-0.8007,0.0,C2C3,0,78.01,481.41,0,-1
426,legit_67,998.4,952.9,12.4411,2.0272,180.0,F5F4,1,124.13,648.97,0,-1
426,legit_68,201.6,618.38,13.6185,0.305,0.0,B3B4,1,54.78,564.96,0,-1
426,legit_69,526.73,-1.6,13.1074,0.0004,90.0,C0D0,0,143.78,710.19,0,-1
426,legit_70,944.67,601.6,11.6105,1.5396,270.0,F3E3,2,105.35,537.28,0,-1
426,legit_71,787.7,401.6,0.0,0.0,270.0,E2D2,0,56.14,503.55,0,-1
427,legit_44,970.8,998.4,12.6978,0.503,90.0,E5F5,1,113.72,657.68,0,-1
427,legit_46,-1.6,786.02,7.94,0.0998,180.0,A4A3,1,160.92,728.49,0,-1
427,legit_52,397.52,996.14,5.736,-4.0118,117.47,:C5_6,1,98.93,591.95,0,-1
427,legit_53,201.6,522.68,12.7557,0.3701,0.0,B2B3,1,92.95,569.58,0,-1
427,legit_57,266.33,1001.6,13.3102,-0.3424,270.0,C5B5,1,140.28,642.55,0,-1
427,legit_60,361.2,-1.6,12.9087,-0.5875,90.0,B0C0,0,150.57,741.26,0,-1
427,legit_61,83.41,798.4,11.5526,0.0698,90.0,A4B4,1,78.51,666.6,0,-1
427,legit_62,840.07,601.6,11.548,1.0916,270.0,F3E3,1,90.09,492.53,0,-1
427,legit_63,601.6,330.34,11.7799,-0.2512,0.0,D1D2,0,151.34,504.22,0,-1
427,legit_64,-1.6,52.17,12.8924,-0.3754,180.0,A1A0,0,166.08,882.08,0,-1
427,legit_65,998.4,539.65,13.0741,-0.1235,180.0,F3F2,1,79.4,567.78,0,-1
427,legit_66,401.6,551.98,13.159,0.3601,0.0,C2C3,0,68.18,480.17,0,-1
427,legit_67,998.4,941.46,11.4332,-1.0079,180.0,F5F4,1,113.83,643.69,0,-1
427,legit_68,201.6,631.08,12.6961,-0.9223,0.0,B3B4,1,60.24,565.54,0,-1
427,legit_69,539.88,-1.6,13.1514,0.0441,90.0,C0D0,0,151.21,709.2,0,-1
427,legit_70,931.63,601.6,13.0359,1.4254,270.0,F3E3,2,118.38,531.08,0,-1
427,legit_71,785.96,401.6,1.7409,1.7409,270.0,E2D2,0,54.99,503.04,0,-1
428,legit_44,982.97,998.4,12.173,-0.5248,90.0,E5F5,1,105.6,663.54,0,-1
428,legit_46,-1.6,776.76,9.2666,1.3266,180.0,A4A3,1,164.26,726.49,0,-1
428,legit_52,398.4,990.08,6.2348,0.4988,176.3,C5C4,1,103.67,588.41,0,-1
428,legit_53,201.6,535.48,12.7949,0.0392,0.0,B2B3,1,82.62,568.19,0,-1
428,legit_57,252.86,1001.6,13.4677,0.1575,270.0,C5B5,1,129.34,648.47,0,-1
428,legit_60,373.99,-1.6,12.7858,-0.1229,90.0,B0C0,0,143.4,737.64,0,-1
428,legit_61,95.7,798.4,12.2856,0.7331,90.0,A4B4,1,68.4,657.77,0,-1
428,legit_62,829.67,601.6,10.4065,-1.1415,270.0,F3E3,1,79.68,488.71,0,-1
428,legit_63,601.6,341.95,11.61,-0.1699,0.0,D1D2,0,149.49,499.73,0,-1
428,legit_64,-1.6,38.64,13.5303,0.6379,180.0,A1A0,0,172.05,890.41,0,-1
428,legit_65,998.4,526.16,13.4936,0.4195,180.0,F3F2,1,90.09,569.18,0,-1
428,legit_66,401.6,564.69,12.7166,-0.4424,0.0,C2C3,0,59.91,479.19,0,-1
428,legit_67,998.4,929.63,11.8367,0.4034,180.0,F5F4,1,103.42,638.35,0,-1
428,legit_68,201.6,644.59,13.5117,0.8156,0.0,B3B4,1,68.2,566.42,0,-1
428,legit_69,553.68,-1.6,13.8008,0.6493,90.0,C0D0,0,159.8,708.38,0,-1
428,legit_70,918.1,601.6,13.529,0.4931,270.0,F3E3,2,131.91,524.83,0,-1
428,legit_71,781.9,401.6,4.059,2.3181,270.0,E2D2,0,52.42,501.88,0,-1
429,legit_44,995.61,998.4,12.6388,0.4658,90.0,E5F5,1,98.06,669.82,0,-1
429,legit_46,-1.6,765.94,10.8154,1.5488,180.0,A4A3,1,168.72,724.28,0,-1
429,legit_52,398.4,982.53,7.5471,1.3123,180.0,C5C4,0,110.28,584.38,0,-1
429,legit_53,201.6,547.7,12.2199,-0.5751,0.0,B2B3,1,73.47,567.05,0,-1
429,legit_57,239.1,1001.6,13.7637,0.296,270.0,C5B5,0,118.68,654.73,0,-1
429,legit_60,387.08,-1.6,13.0942,0.3083,90.0,B0C0,0,136.91,734.13,0,-1
429,legit_61,107.04,798.4,11.3438,-0.9418,90.0,A4B4,1,59.8,649.76,0,-1
429,legit_62,819.26,601.6,10.4039,-0.0026,270.0,F3E3,1,69.28,485.02,0,-1
429,legit_63,601.6,353.79,11.8381,0.2281,0.0,D1D2,0,148.53,495.35,0,-1
429,legit_64,-1.6,25.71,12.938,-0.5923,180.0,A1A0,0,178.53,898.52,0,-1
429,legit_65,998.4,512.95,13.2051,-0.2885,180.0,F3F2,1,101.19,570.76,0,-1
429,legit_66,401.6,577.99,13.2968,0.5802,0.0,C2C3,0,53.17,478.46,0,-1
429,legit_67,998.4,917.73,11.9,0.0634,180.0,F5F4,1,93.3,633.13,0,-1
429,legit_68,201.6,658.11,13.5228,0.0111,0.0,B3B4,1,77.72,567.57,0,-1
429,legit_69,566.83,-1.6,13.1556,-0.6452,90.0,C0D0,0,168.63,707.8,0,-1
429,legit_70,904.94,601.6,13.1578,-0.3712,270.0,F3E3,2,145.06,518.94,0,-1
429,legit_71,776.43,401.6,5.4719,1.4129,270.0,E2D2,0,49.29,500.36,0,-1
430,legit_46,-1.6,753.65,12.2927,1.4772,180.0,A4A3,1,174.47,721.94,0,-1
430,legit_52,398.4,972.87,9.6661,2.119,180.0,C5C4,0,118.91,579.3,0,-1
430,legit_53,201.6,560.17,12.4757,0.2558,0.0,B2B3,1,65.18,566.08,0,-1
430,legit_57,226.37,1001.6,12.7352,-1.0285,270.0,C5B5,0,109.45,660.7,0,-1
430,legit_60,400.89,-1.6,13.8098,0.7157,90.0,:C0_6,0,131.14,730.65,0,-1
430,legit_61,119.31,798.4,12.2698,0.926,90.0,A4B4,1,51.69,641.29,0,-1
430,legit_62,811.28,601.6,7.9794,-2.4245,270.0,F3E3,1,61.3,482.26,0,-1
430,legit_63,601.6,365.38,11.5973,-0.2408,0.0,D1D2,0,148.5,491.27,0,-1
430,legit_64,-1.6,13.26,12.4424,-0.4956,180.0,A1A0,0,185.41,906.44,0,-1
430,legit_65,998.4,500.35,12.6013,-0.6038,180.0,F3F2,1,112.22,572.44,0,-1
430,legit_66,401.6,587.54,9.5481,-3.7487,0.0,C2C3,0,49.98,478.12,0,-1
430,legit_67,998.4,905.73,12.0019,0.1019,180.0,F5F4,0,83.56,628.02,0,-1
430,legit_68,201.6,671.66,13.5468,0.024,0.0,B3B4,1,88.3,568.94,0,-1
430,legit_69,578.87,-1.6,12.0338,-1.1218,90.0,C0D0,0,177.18,707.44,0,-1
430,legit_70,891.49,601.6,13.4507,0.2929,270.0,F3E3,2,141.5,513.1,0,-1
430,legit_71,769.12,401.6,7.3049,1.833,270.0,E2D2,0,45.78,498.42,0,-1
431,legit_46,-1.6,740.31,13.3387,1.0461,180.0,A4A3,1,181.44,719.6,0,-1
431,legit_52,398.4,961.25,11.6121,1.946,180.0,C5C4,0,129.47,573.33,0,-1
431,legit_53,201.6,572.53,12.3541,-0.1216,0.0,B2B3,1,58.46,565.35,0,-1
431,legit_57,213.25,1001.6,13.1166,0.3814,270.0,C5B5,0,100.73,667.05,0,-1
431,legit_60,414.35,-1.6,13.4601,-0.3497,90.0,C0D0,0,126.72,727.48,0,-1
431,legit_61,130.98,798.4,11.6648,-0.605,90.0,A4B4,2,45.74,633.44,0,-1
431,legit_62,801.67,601.6,9.6134,1.634,270.0,:E3_5,1,51.69,479.04,0,-1
431,legit_63,601.6,377.78,12.3921,0.7947,0.0,D1D2,0,149.46,487.14,0,-1
431,legit_64,-1.6,3.27,9.9889,-2.4535,180.0,A1A0,0,191.33,912.88,0,-1
431,legit_65,998.4,486.47,13.881,1.2797,180.0,F3F2,0,124.71,574.49,0,-1
431,legit_66,401.6,592.59,5.0481,-4.5,0.0,C2C3,0,48.96,478.02,0,-1
431,legit_67,998.4,893.21,12.5121,0.5102,180.0,F5F4,0,74.12,622.86,0,-1
431,legit_68,201.6,685.32,13.6634,0.1166,0.0,B3B4,2,99.71,570.54,0,-1
431,legit_69,587.2,-1.6,8.3304,-3.7034,90.0,C0D0,0,183.33,707.28,0,-1
431,legit_70,878.1,601.6,13.3937,-0.057,270.0,F3E3,1,128.11,507.47,0,-1
431,legit_71,760.3,401.6,8.8187,1.5138,270.0,E2D2,0,42.86,496.22,0,-1
432,legit_46,-1.6,726.77,13.5434,0.2046,180.0,A4A3,0,189.22,717.44,0,-1
432,legit_52,398.4,947.48,13.7751,2.163,180.0,C5C4,0,119.22,566.43,0,-1
432,legit_53,201.6,585.12,12.5901,0.236,0.0,B2B3,1,53.7,564.85,0,-1
432,legit_60,427.46,-1.6,13.1033,-0.3567,90.0,C0D0,0,123.67,724.62,0,-1
432,legit_61,142.77,798.4,11.7896,0.1248,90.0,A4B4,1,42.22,625.77,0,-1
432,legit_62,790.73,601.6,10.9407,1.3273,270.0,E3D3,1,40.76,475.5,0,-1
432,legit_63,601.6,390.46,12.6799,0.2879,0.0,D1D2,1,151.49,483.15,0,-1
432,legit_64,1.34,-1.33,5.9341,-4.0548,142.59,:A0_0,0,191.89,913.95,0,-1
432,legit_65,998.4,473.55,12.9145,-0.9665,180.0,F3F2,0,124.73,576.58,0,-1
432,legit_66,400.04,594.38,2.5055,-2.5426,339.99,:C3_19,0,50.28,478.51,0,-1
432,legit_67,998.4,880.74,12.4702,-0.042,180.0,F5F4,0,65.75,617.9,0,-1
432,legit_68,201.6,698.74,13.4121,-0.2513,0.0,B3B4,2,111.41,572.32,0,-1
432,legit_69,591.65,-1.6,4.4466,-3.8838,90.0,C0D0,0,186.68,707.23,0,-1
432,legit_70,865.4,601.6,12.7021,-0.6916,270.0,F3E3,1,115.41,502.31,0,-1
432,legit_71,749.65,401.6,10.65,1.8313,270.0,E2D2,1,41.6,493.79,0,-1
432,legit_72,601.6,212.3,0.0,0.0,0.0,D1D2,0,174.76,560.51,0,-1
433,legit_46,-1.6,713.53,13.2354,-0.308,180.0,A4A3,0,189.4,715.52,0,-1
433,legit_52,398.4,934.04,13.441,-0.3341,180.0,C5C4,0,107.26,559.88,0,-1
433,legit_60,440.05,-1.6,12.5907,-0.5126,90.0,C0D0,0,122.01,722.08,0,-1
433,legit_61,154.56,798.4,11.7905,0.0008,90.0,A4B4,1,41.85,618.38,0,-1
433,legit_62,780.17,601.6,10.5569,-0.3838,270.0,E3D3,1,30.21,472.21,0,-1
433,legit_63,601.6,403.21,12.7541,0.0742,0.0,:D2_9,1,154.56,479.39,0,-1
433,legit_64,7.42,-1.6,6.0986,0.1645,91.27,A0B0,0,187.39,910.16,0,-1
433,legit_65,998.4,460.89,12.6639,-0.2506,180.0,F3F2,0,113.32,578.8,0,-1
433,legit_66,398.4,591.72,3.4546,0.9491,238.62,C3C2,0,52.26,479.08,0,-1
433,legit_67,998.4,869.01,11.735,-0.7351,180.0,F5F4,0,59.2,613.44,0,-1
433,legit_68,201.6,712.16,13.4231,0.011,0.0,B3B4,1,123.46,574.28,0,-1
433,legit_69,594.39,-0.02,3.4671,-0.9795,69.72,:D0_11,0,187.76,705.95,0,-1
433,legit_70,852.72,601.6,12.6822,-0.0199,270.0,F3E3,1,102.73,497.32,0,-1
433,legit_71,736.77,401.6,12.8822,2.2322,270.0,E2D2,1,43.65,491.21,0,-1
433,legit_72,601.6,213.61,1.3082,1.3082,0.0,D1D2,0,175.46,559.78,0,-1
434,legit_46,-1.6,700.39,13.1437,-0.0916,180.0,A4A3,0,181.82,713.82,0,-1
434,legit_52,398.4,921.03,13.0043,-0.4366,180.0,C5C4,0,96.07,553.73,0,-1
434,legit_60,453.59,-1.6,13.5429,0.9522,90.0,C0D0,1,121.65,719.57,0,-1
434,legit_61,165.81,798.4,11.2495,-0.5409,90.0,A4B4,1,44.5,611.61,0,-1
434,legit_62,768.93,601.6,11.2468,0.6899,270.0,E3D3,1,18.99,468.84,0,-1
434,legit_63,601.6,415.18,11.972,-0.7821,0.0,D2D3,1,158.33,476.07,0,-1
434,legit_64,15.44,-1.6,8.0192,1.9205,90.0,A0B0,0,181.37,904.97,0,-1
434,legit_65,998.4,447.67,13.2213,0.5574,180.0,F3F2,0,101.73,581.3,0,-1
434,legit_66,398.4,586.33,5.3954,1.9408,180.0,C3C2,0,53.38,479.2,0,-1
434,legit_67,998.4,857.41,11.5976,-0.1374,180.0,F5F4,0,54.46,609.23,0,-1
434,legit_68,201.6,724.88,12.7261,-0.6969,0.0,B3B4,1,126.15,576.32,0,-1
434,legit_69,591.16,1.6,3.9927,0.5256,312.27,D0C0,1,184.24,704.68,0,-1
434,legit_70,840.02,601.6,12.7002,0.018,270.0,F3E3,1,90.03,492.51,0,-1
434,legit_71,724.12,401.6,12.652,-0.2302,270.0,E2D2,1,48.99,489.03,0,-1
434,legit_72,601.6,217.4,3.7904,2.4823,0.0,D1D2,0,177.51,557.7,0,-1
435,legit_46,-1.6,686.59,13.8015,0.6577,180.0,A4A3,0,174.58,712.25,0,-1
435,legit_52,398.4,907.74,13.2893,0.285,180.0,C5C4,0,85.16,547.65,0,-1
435,legit_60,467.07,-1.6,13.4779,-0.065,90.0,C0D0,1,122.79,717.33,0,-1
435,legit_61,177.31,798.4,11.5044,0.2549,90.0,A4B4,1,49.76,604.94,0,-1
435,legit_62,758.32,601.6,10.6072,-0.6396,270.0,E3D3,1,8.47,465.81,0,-1
435,legit_63,601.6,427.61,12.4325,0.4605,0.0,D2D3,1,163.08,472.85,0,-1
435,legit_64,25.41,-1.6,9.9738,1.9546,90.0,A0B0,0,174.09,898.58,0,-1
435,legit_65,998.4,433.86,13.8115,0.5902,180.0,F3F2,0,90.1,584.11,0,-1
435,legit_66,398.4,578.51,7.8185,2.4231,180.0,C3C2,0,55.9,479.47,0,-1
435,legit_67,998.4,845.2,12.2141,0.6165,180.0,F5F4,0,51.86,605.06,0,-1
435,legit_68,201.6,738.22,13.3344,0.6083,0.0,B3B4,1,114.11,578.64,0,-1
435,legit_69,584.95,1.6,6.2166,2.224,270.0,D0C0,1,179.53,704.76,0,-1
435,legit_70,827.09,601.6,12.9298,0.2296,270.0,F3E3,1,77.1,487.78,0,-1
435,legit_71,710.91,401.6,13.2152,0.5632,270.0,E2D2,1,57.09,487.06,0,-1
435,legit_72,601.6,223.34,5.9456,2.1552,0.0,D1D2,0,180.84,554.47,0,-1
436,legit_46,-1.6,673.43,13.1545,-0.647,180.0,A4A3,0,168.45,710.97,0,-1
436,legit_52,398.4,894.44,13.3047,0.0153,180.0,C5C4,0,75.01,541.76,0,-1
436,legit_60,480.84,-1.6,13.7683,0.2903,90.0,C0D0,1,125.45,715.28,0,-1
436,legit_61,186.58,798.4,9.2652,-2.2393,90.0,A4B4,1,55.39,599.73,0,-1
436,legit_62,747.46,601.6,10.8537,0.2465,270.0,E3D3,1,3.0,463.1,0,-1
436,legit_63,601.6,440.36,12.7414,0.3089,0.0,D2D3,1,168.76,469.77,0,-1
436,legit_64,37.7,-1.6,12.2848,2.311,90.0,A0B0,0,165.53,890.82,0,-1
436,legit_65,998.4,420.64,13.2146,-0.5969,180.0,F3F2,0,79.62,587.0,0,-1
436,legit_66,398.4,568.96,9.5512,1.7327,180.0,C3C2,0,60.22,479.95,0,-1
436,legit_67,998.4,833.19,12.0062,-0.2079,180.0,F5F4,0,52.05,601.22,0,-1
436,legit_68,201.6,751.41,13.1898,-0.1446,0.0,B3B4,1,102.52,581.12,0,-1
436,legit_69,577.18,1.6,7.7644,1.5478,270.0,D0C0,1,173.76,704.93,0,-1
436,legit_70,816.84,601.6,10.2498,-2.68,270.0,F3E3,1,66.85,484.17,0,-1
436,legit_71,698.92,401.6,11.9902,-1.225,270.0,E2D2,1,65.88,485.53,0,-1
436,legit_72,601.6,231.8,8.4566,2.511,0.0,D1D2,0,185.8,549.96,0,-1
437,legit_46,-1.6,660.13,13.3027,0.1482,180.0,A4A3,0,163.09,709.87,0,-1
437,legit_52,398.4,881.65,12.7841,-0.5205,180.0,C5C4,0,66.31,536.33,0,-1
437,legit_60,494.26,-1.6,13.4263,-0.342,90.0,C0D0,1,129.4,713.52,0,-1
437,legit_61,191.34,798.4,4.7652,-4.5,90.0,A4B4,1,58.65,597.1,0,-1
437,legit_62,736.78,601.6,10.6826,-0.1711,270.0,E3D3,1,13.31,461.35,0,-1
437,legit_63,601.6,452.3,11.9474,-0.794,0.0,D2D3,1,174.76,467.1,0,-1
437,legit_64,51.05,-1.6,13.3547,1.0699,90.0,A0B0,0,156.77,882.51,0,-1
437,legit_65,998.4,409.44,11.2015,-2.0131,180.0,F3F2,0,71.46,589.62,0,-1
437,legit_66,398.4,557.62,11.3419,1.7907,180.0,C3C2,0,66.78,480.72,0,-1
437,legit_67,998.4,821.64,11.5509,-0.4553,180.0,F5F4,0,54.77,597.79,0,-1
437,legit_68,201.6,765.16,13.7502,0.5604,0.0,B3B4,1,90.9,583.9,0,-1
437,legit_69,567.19,1.6,9.9909,2.2265,270.0,D0C0,1,166.59,705.23,0,-1
437,legit_70,810.48,601.6,6.3596,-3.8902,270.0,F3E3,1,60.5,481.99,0,-1
437,legit_71,686.01,401.6,12.9096,0.9195,270.0,E2D2,1,76.33,484.1,0,-1
437,legit_72,601.6,242.48,10.6823,2.2256,0.0,D1D2,0,189.3,544.38,0,-1
438,legit_46,-1.6,647.09,13.0417,-0.261,180.0,A4A3,0,158.74,709.01,0,-1
438,legit_52,398.4,868.0,13.6554,0.8713,180.0,C5C4,0,58.71,530.79,0,-1
438,legit_60,507.81,-1.6,13.5485,0.1222,90.0,C0D0,1,134.64,711.97,0,-1
438,legit_61,192.32,798.4,0.9829,-3.7822,90.0,A4B4,1,59.35,596.56,0,-1
438,legit_62,725.67,601.6,11.1141,0.4315,270.0,E3D3,1,24.38,459.69,0,-1
438,legit_63,601.6,464.28,11.9763,0.0289,0.0,D2D3,1,181.37,464.62,0,-1
438,legit_64,64.78,-1.6,13.7319,0.3772,90.0,A0B0,1,148.49,874.12,0,-1
438,legit_65,997.03,403.05,6.7015,-4.5,196.3,:F2_0,0,68.26,590.45,0,-1
438,legit_66,398.4,544.84,12.7768,1.4349,180.0,C3C2,0,75.53,481.81,0,-1
438,legit_67,998.4,809.91,11.7255,0.1746,180.0,F5F4,0,59.73,594.53,0,-1
438,legit_68,201.6,777.79,12.6294,-1.1208,0.0,B3B4,1,80.83,586.65,0,-1
438,legit_69,555.6,1.6,11.5977,1.6068,270.0,D0C0,1,158.65,705.73,0,-1
438,legit_70,803.3,601.02,7.227,0.8674,263.3,:E3_6,1,53.31,479.57,0,-1
438,legit_71,673.94,401.6,12.068,-0.8416,270.0,E2D2,1,86.7,482.97,0,-1
438,legit_72,601.6,255.65,13.1683,2.486,0.0,D1D2,0,181.41,537.71,0,-1
438,legit_73,212.3,-1.6,0.0,0.0,90.0,B0C0,1,136.63,796.13,0,-1
439,legit_46,-1.6,633.59,13.4954,0.4537,180.0,A4A3,0,155.28,708.33,0,-1
439,legit_52,398.4,854.85,13.148,-0.5075,180.0,C5C4,0,53.69,525.74,0,-1
439,legit_60,521.54,-1.6,13.7351,0.1867,90.0,C0D0,1,141.09,710.63,0,-1
439,legit_61,192.56,798.4,0.2369,-0.7461,90.0,A4B4,1,59.51,596.43,0,-1
439,legit_62,715.32,601.6,10.3472,-0.7669,270.0,E3D3,1,34.72,458.28,0,-1
439,legit_63,601.6,476.56,12.2806,0.3043,0.0,D2D3,1,188.7,462.29,0,-1
439,legit_64,78.03,-1.6,13.2437,-0.4882,90.0,A0B0,1,141.3,866.18,0,-1
439,legit_65,991.33,401.6,6.0375,-0.664,259.5,F2E2,0,71.92,587.8,0,-1
439,legit_66,398.4,531.73,13.1121,0.3354,180.0,C3C2,0,85.58,483.17,0,-1
439,legit_67,998.4,797.94,11.9792,0.2537,180.0,:F4_1,0,66.57,591.43,0,-1
439,legit_68,201.6,788.31,10.5175,-2.1118,0.0,B3B4,1,73.04,589.08,0,-1
439,legit_69,542.44,1.6,13.1593,1.5616,270.0,D0C0,1,150.21,706.47,0,-1
439,legit_70,798.77,595.42,7.5977,0.3708,208.28,:E3_6,1,48.99,478.11,0,-1
439,legit_71,661.08,401.6,12.8575,0.7895,270.0,E2D2,2,98.17,481.97,0,-1
439,legit_72,601.6,269.08,13.4307,0.2624,0.0,D1D2,1,174.04,531.13,0,-1
439,legit_73,214.39,-1.6,2.0903,2.0903,90.0,B0C0,1,137.6,795.2,0,-1
440,legit_46,-1.6,619.75,13.8387,0.3433,180.0,A4A3,0,152.88,707.87,0,-1
440,legit_52,398.4,841.84,13.0076,-0.1403,180.0,C5C4,0,51.63,521.06,0,-1
440,legit_60,535.09,-1.6,13.5455,-0.1897,90.0,C0D0,1,148.41,709.54,0,-1
440,legit_61,192.68,798.4,0.1153,-0.1215,90.0,A4B4,1,59.6,596.37,0,-1
440,legit_62,704.75,601.6,10.5661,0.2189,270.0,E3D3,1,45.27,456.96,0,-1
440,legit_63,601.6,488.94,12.3843,0.1037,0.0,D2D3,1,185.35,460.14,0,-1
440,legit_64,91.55,-1.6,13.5186,0.2749,90.0,A0B0,1,134.92,858.25,0,-1
440,legit_65,983.75,401.6,7.5821,1.5446,270.0,F2E2,0,78.23,583.85,0,-1
440,legit_66,398.4,517.92,13.8096,0.6975,180.0,C3C2,0,96.95,484.83,0,-1
440,legit_67,998.4,785.86,12.0733,0.0941,180.0,F4F3,0,74.79,588.5,0,-1
440,legit_68,201.94,795.15,6.8685,-3.649,3.86,:B4_8,1,68.62,590.56,0,-1
440,legit_69,529.08,1.6,13.3511,0.1918,270.0,D0C0,1,142.38,707.44,0,-1
440,legit_70,798.4,587.63,7.8102,0.2125,180.0,E3E2,1,49.96,478.12,0,-1
440,legit_71,648.33,401.6,12.7465,-0.1111,270.0,E2D2,2,109.85,481.17,0,-1
440,legit_72,601.6,282.12,13.0418,-0.3889,0.0,D1D2,1,167.59,524.97,0,-1
440,legit_73,218.33,-1.6,3.9422,1.8519,90.0,B0C0,1,139.48,793.46,0,-1
441,legit_52,398.4,828.27,13.5775,0.5699,180.0,C5C4,0,52.92,516.53,0,-1
441,legit_60,548.08,-1.6,12.9875,-0.558,90.0,C0D0,1,156.22,708.69,0,-1
441,legit_61,194.3,798.4,1.6281,1.5127,90.0,:B4_13,1,60.77,595.48,0,-1
441,legit_62,693.34,601.6,11.4165,0.8504,270.0,E3D3,2,56.68,455.68,0,-1
441,legit_63,601.6,501.55,12.6068,0.2226,0.0,D2D3,2,178.09,458.17,0,-1
441,legit_64,104.95,-1.6,13.4016,-0.117,90.0,A0B0,1,129.68,850.56,0,-1
441,legit_65,974.69,401.6,9.0611,1.479,270.0,F2E2,0,86.04,579.21,0,-1
441,legit_66,398.4,504.78,13.1353,-0.6743,180.0,C3C2,0,108.3,486.63,0,-1
441,legit_67,998.4,773.43,12.4275,0.3542,180.0,F4F3,0,84.22,585.68,0,-1
441,legit_68,206.92,798.36,6.3741,-0.4945,64.95,:B4_8,1,70.53,588.71,0,-1
441,legit_69,515.82,1.6,13.2667,-0.0844,270.0,D0C0,1,135.46,708.6,0,-1
441,legit_70,798.4,577.52,10.1102,2.3,180.0,E3E2,1,53.37,478.48,0,-1
441,legit_71,636.19,401.6,12.1412,-0.6053,270.0,E2D2,2,121.17,480.59,0,-1
441,legit_72,601.6,295.41,13.2902,0.2484,0.0,D1D2,1,161.85,518.92,0,-1
441,legit_73,223.8,-1.6,5.4652,1.523,90.0,B0C0,1,142.24,791.07,0,-1
442,legit_52,398.4,814.62,13.6417,0.0642,180.0,C5C4,0,57.5,512.34,0,-1
442,legit_60,561.88,-1.6,13.7978,0.8103,90.0,C0D0,1,165.24,708.0,0,-1
442,legit_61,197.57,798.4,3.2614,1.6334,90.0,:B4_13,1,63.19,593.71,0,-1
442,legit_62,682.05,601.6,11.286,-0.1305,270.0,E3D3,2,67.97,454.56,0,-1
442,legit_63,601.6,513.76,12.2105,-0.3963,0.0,D2D3,2,171.64,456.48,0,-1
442,legit_64,118.66,-1.6,13.7138,0.3123,90.0,A0B0,1,125.57,842.89,0,-1
442,legit_65,963.83,401.6,10.8555,1.7944,270.0,F2E2,0,95.68,573.78,0,-1
442,legit_66,398.4,491.97,12.8097,-0.3256,180.0,C3C2,0,119.72,488.58,0,-1
442,legit_67,998.4,761.36,12.0744,-0.3531,180.0,F4F3,0,94.06,583.11,0,-1
442,legit_68,214.03,798.4,7.1121,0.7381,90.0,B4C4,1,76.36,585.0,0,-1
442,legit_69,502.13,1.6,13.6927,0.426,270.0,D0C0,1,129.37,710.03,0,-1
442,legit_70,798.4,565.08,12.4381,2.3279,180.0,E3E2,1,59.68,479.17,0,-1
442,legit_71,623.0,401.6,13.188,1.0468,270.0,E2D2,2,133.64,480.15,0,-1
442,legit_72,601.6,308.39,12.9752,-0.3151,0.0,D1D2,1,157.12,513.26,0,-1
442,legit_73,231.74,-1.6,7.9462,2.481,90.0,B0C0,1,146.52,787.66,0,-1
443,legit_60,574.6,-1.6,12.7276,-1.0702,90.0,C0D0,1,174.1,707.55,0,-1
443,legit_61,202.78,798.4,5.2161,1.9546,90.0,:B4_13,1,67.2,590.91,0,-1
443,legit_62,671.56,601.6,10.4936,-0.7924,270.0,E3D3,2,78.46,453.65,0,-1
443,legit_63,601.6,525.52,11.7597,-0.4508,0.0,D2D3,2,166.04,455.05,0,-1
443,legit_64,131.91,-1.6,13.2497,-0.4642,90.0,A0B0,1,122.94,835.67,0,-1
443,legit_65,950.82,401.6,13.0142,2.1587,270.0,F2E2,0,107.55,567.45,0,-1
443,legit_66,398.4,478.67,13.3042,0.4944,180.0,C3C2,0,129.4,490.8,0,-1
443,legit_67,998.4,749.48,11.8822,-0.1922,180.0,F4F3,0,104.2,580.74,0,-1
443,legit_68,222.77,798.4,8.7343,1.6222,90.0,B4C4,1,83.82,580.51,0,-1
443,legit_69,488.38,1.6,13.7488,0.0562,270.0,D0C0,1,124.46,711.7,0,-1
443,legit_70,798.4,552.1,12.9847,0.5466,180.0,E3E2,1,68.1,480.16,0,-1
443,legit_71,614.32,401.6,8.688,-4.5,270.0,E2D2,2,141.92,479.96,0,-1
443,legit_72,601.6,321.24,12.8533,-0.1219,0.0,D1D2,1,153.38,507.88,0,-1
443,legit_73,241.52,-1.6,9.7718,1.8256,90.0,B0C0,1,152.19,783.55,0,-1
444,legit_60,587.72,-1.6,13.1188,0.3912,90.0,C0D0,1,183.72,707.28,0,-1
444,legit_61,210.2,798.4,7.415,2.1989,90.0,B4C4,1,73.17,587.0,0,-1
444,legit_62,661.24,601.6,10.3207,-0.1729,270.0,E3D3,2,88.78,452.88,0,-1
444,legit_63,601.6,537.09,11.5689,-0.1908,0.0,D2D3,3,161.18,453.84,0,-1
444,legit_64,145.21,-1.6,13.3045,0.0549,90.0,A0B0,1,121.69,828.61,0,-1
444,legit_65,937.83,401.6,12.9926,-0.0216,270.0,F2E2,0,119.64,561.3,0,-1
444,legit_66,398.4,465.79,12.8819,-0.4223,180.0,C3C2,0,117.7,493.14,0,-1
444,legit_67,998.4,738.16,11.3208,-0.5614,180.0,F4F3,0,114.17,578.63,0,-1
444,legit_68,233.9,798.4,11.133,2.3987,90.0,B4C4,1,93.65,574.91,0,-1
444,legit_69,475.47,1.6,12.9098,-0.839,270.0,D0C0,1,121.11,713.48,0,-1
444,legit_70,798.4,538.9,13.1995,0.2148,180.0,E3E2,0,77.95,481.41,0,-1
444,legit_71,609.11,401.6,5.2069,-3.4811,270.0,E2D2,2,146.9,479.89,0,-1
444,legit_72,601.6,333.94,12.6974,-0.1559,0.0,D1D2,1,150.67,502.8,0,-1
444,legit_73,253.6,-1.6,12.088,2.3162,90.0,B0C0,1,159.75,778.61,0,-1
444,legit_74,612.3,598.4,0.0,0.0,90.0,D3E3,2,137.71,450.86,0,-1
445,legit_60,600.74,-1.6,13.0145,-0.1042,90.0,:D0_6,1,192.53,707.19,0,-1
445,legit_61,219.49,798.4,9.2894,1.8744,90.0,B4C4,1,80.99,582.18,0,-1
445,legit_62,649.97,601.6,11.2717,0.9511,270.0,E3D3,2,100.05,452.17,0,-1
445,legit_63,601.6,548.99,11.9008,0.3319,0.0,D2D3,3,156.92,452.8,0,-1
445,legit_64,158.5,-1.6,13.2832,-0.0213,90.0,A0B0,1,121.9,821.77,0,-1
445,legit_65,924.54,401.6,13.2838,0.2912,270.0,F2E2,0,132.17,555.2,0,-1
445,legit_66,398.4,453.12,12.664,-0.2179,180.0,C3C2,0,106.46,495.63,0,-1
445,legit_67,998.4,726.83,11.3225,0.0018,180.0,F4F3,0,124.37,576.65,0,-1
445,legit_68,246.78,798.4,12.8855,1.7525,90.0,B4C4,1,105.35,568.6,0,-1
445,legit_69,462.41,1.6,13.0551,0.1453,270.0,D0C0,1,119.05,715.52,0,-1
445,legit_70,798.4,526.28,12.6182,-0.5813,180.0,E3E2,0,88.19,482.81,0,-1
445,legit_71,602.53,400.56,6.7507,1.5438,257.84,:D2_6,2,152.94,480.15,0,-1
445,legit_72,601.6,347.34,13.4034,0.706,0.0,D1D2,1,148.94,497.71,0,-1
445,legit_73,266.19,-1.6,12.5841,0.4961,90.0,B0C0,1,168.18,773.63,0,-1
445,legit_74,614.1,598.4,1.8009,1.8009,90.0,D3E3,2,135.91,450.89,0,-1
446,legit_60,613.41,-1.6,12.6774,-0.3371,90.0,D0E0,0,182.87,707.29,0,-1
446,legit_61,231.31,798.4,11.8208,2.5315,90.0,B4C4,1,91.33,576.2,0,-1
446,legit_62,639.38,601.6,10.5908,-0.681,270.0,E3D3,2,110.64,451.64,0,-1
446,legit_63,601.6,560.69,11.7012,-0.1996,0.0,D2D3,2,153.52,451.98,0,-1
446,legit_64,171.53,-1.6,13.0295,-0.2537,90.0,A0B0,1,123.49,815.26,0,-1
446,legit_65,911.72,401.6,12.8219,-0.4619,270.0,F2E2,0,144.4,549.48,0,-1
446,legit_66,398.4,439.71,13.4109,0.7469,180.0,C3C2,0,94.96,498.47,0,-1
446,legit_67,998.4,714.56,12.271,0.9484,180.0,F4F3,0,125.65,574.65,0,-1
446,legit_68,260.6,798.4,13.8169,0.9314,90.0,B4C4,1,118.17,562.03,0,-1
446,legit_69,449.1,1.6,13.3122,0.257,270.0,D0C0,0,118.4,717.82,0,-1
446,legit_70,798.4,513.68,12.5962,-0.0221,180.0,E3E2,0,98.96,484.41,0,-1
446,legit_71,598.81,395.69,6.4261,-0.3246,211.14,:D2_6,1,153.03,481.58,0,-1
446,legit_72,601.6,359.94,12.5929,-0.8105,0.0,D1D2,1,148.4,493.16,0,-1
446,legit_73,279.35,-1.6,13.1644,0.5803,90.0,B0C0,1,177.53,768.59,0,-1
446,legit_74,618.21,598.4,4.1124,2.3114,90.0,D3E3,2,131.8,450.96,0,-1
447,legit_60,626.31,-1.6,12.8991,0.2217,90.0,D0E0,0,173.45,707.58,0,-1
447,legit_61,243.5,798.4,12.1897,0.3689,90.0,B4C4,1,102.33,570.19,0,-1
447,legit_62,628.75,601.6,10.6237,0.0329,270.0,E3D3,2,121.26,451.24,0,-1
447,legit_63,601.6,573.24,12.5463,0.8451,0.0,D2D3,2,150.79,451.33,0,-1
447,legit_64,184.66,-1.6,13.1324,0.1029,90.0,A0B0,1,126.44,808.89,0,-1
447,legit_65,898.06,401.6,13.6649,0.843,270.0,F2E2,1,153.79,543.58,0,-1
447,legit_66,398.4,426.99,12.7235,-0.6875,180.0,C3C2,0,84.56,501.36,0,-1
447,legit_67,998.4,702.57,11.9918,-0.2792,180.0,F4F3,0,114.82,572.86,0,-1
447,legit_68,274.12,798.4,13.5152,-0.3017,90.0,B4C4,1,130.9,555.8,0,-1
447,legit_69,435.81,1.6,13.2869,-0.0252,270.0,D0C0,1,119.25,720.36,0,-1
447,legit_70,798.4,500.03,13.6533,1.0572,180.0,E3E2,1,111.07,486.36,0,-1
447,legit_71,598.4,388.92,6.8047,0.3786,181.82,D2D1,1,151.19,483.62,0,-1
447,legit_72,601.6,372.36,12.4271,-0.1658,0.0,D1D2,1,148.91,488.92,0,-1
447,legit_73,292.54,-1.6,13.192,0.0276,90.0,B0C0,2,187.36,763.71,0,-1
447,legit_74,624.58,598.4,6.3714,2.2591,90.0,D3E3,2,125.43,451.11,0,-1
448,legit_60,640.16,-1.6,13.8493,0.9501,90.0,D0E0,0,163.86,708.09,0,-1
448,legit_61,255.48,798.4,11.9852,-0.2045,90.0,B4C4,1,113.39,564.44,0,-1
448,legit_62,617.72,601.6,11.0327,0.409,270.0,E3D3,2,132.29,450.95,0,-1
448,legit_63,601.6,584.9,11.6618,-0.8845,0.0,D2D3,2,149.17,450.95,0,-1
448,legit_64,198.25,-1.6,13.5885,0.4561,90.0,:B0_6,1,130.82,802.51,0,-1
448,legit_65,884.45,401.6,13.6105,-0.0544,270.0,F2E2,1,140.73,537.9,0,-1
448,legit_66,398.4,414.33,12.659,-0.0645,180.0,C3C2,0,74.93,504.44,0,-1
448,legit_67,998.4,690.91,11.6601,-0.3316,180.0,F4F3,0,104.53,571.26,0,-1
448,legit_68,286.92,798.4,12.8012,-0.714,90.0,B4C4,1,143.1,550.08,0,-1
448,legit_69,422.22,1.6,13.5967,0.3097,270.0,D0C0,1,121.62,723.19,0,-1
448,legit_70,798.4,486.3,13.7313,0.078,180.0,E3E2,1,123.57,488.53,0,-1
448,legit_71,598.4,380.64,8.2809,1.4763,180.0,D2D1,1,149.83,486.22,0,-1
448,legit_72,601.6,383.82,11.4533,-0.9738,0.0,D1D2,1,150.3,485.21,0,-1
448,legit_73,305.73,-1.6,13.1884,-0.0036,90.0,B0C0,2,188.68,759.02,0,-1
448,legit_74,633.44,598.4,8.8574,2.486,90.0,D3E3,2,116.57,451.4,0,-1
449,legit_60,653.28,-1.6,13.1169,-0.7323,90.0,D0E0,0,155.38,708.77,0,-1
449,legit_61,267.52,798.4,12.035,0.0498,90.0,B4C4,1,124.66,558.82,0,-1
449,legit_62,611.19,601.6,6.5327,-4.5,270.0,E3D3,2,138.82,450.84,0,-1
449,legit_63,601.6,597.12,12.2191,0.5573,0.0,:D3_9,2,148.43,450.78,0,-1
449,legit_64,211.37,-1.6,13.1171,-0.4714,90.0,B0C0,1,136.21,796.55,0,-1
449,legit_65,871.16,401.6,13.2847,-0.3258,270.0,F2E2,1,128.1,532.54,0,-1
449,legit_67,998.4,679.36,11.5536,-0.1066,180.0,F4F3,0,94.66,569.82,0,-1
449,legit_68,300.58,798.4,13.6611,0.8599,90.0,B4C4,1,155.1,544.16,0,-1
449,legit_69,409.01,1.6,13.2049,-0.3918,270.0,D0C0,1,125.29,726.18,0,-1
449,legit_70,798.4,472.65,13.6525,-0.0789,180.0,E3E2,1,122.6,490.9,0,-1
449,legit_71,598.4,370.82,9.8146,1.5337,180.0,D2D1,1,148.79,489.43,0,-1
449,legit_72,601.6,392.36,8.5473,-2.9059,0.0,D1D2,1,151.89,482.57,0,-1
449,legit_73,318.07,-1.6,12.3417,-0.8467,90.0,B0C0,2,179.42,754.78,0,-1
449,legit_74,643.74,598.4,10.2992,1.4418,90.0,D3E3,2,106.27,451.85,0,-1
450,legit_60,665.9,-1.6,12.6252,-0.4917,90.0,D0E0,1,147.85,709.61,0,-1
450,legit_61,279.2,798.4,11.6779,-0.3571,90.0,B4C4,1,135.73,553.51,0,-1
450,legit_62,607.01,601.57,4.1744,-2.3583,269.69,:D3_6,2,143.0,450.8,0,-1
450,legit_63,601.6,608.65,11.5298,-0.6893,0.0,D3D4,2,148.65,450.83,0,-1
450,legit_64,224.91,-1.6,13.546,0.4289,90.0,B0C0,1,142.82,790.59,0,-1
450,legit_65,858.49,401.6,12.6752,-0.6095,270.0,F2E2,1,116.19,527.61,0,-1
450,legit_67,998.4,667.46,11.8985,0.345,180.0,F4F3,0,84.93,568.49,0,-1
450,legit_68,313.85,798.4,13.2701,-0.391,90.0,B4C4,1,142.37,538.6,0,-1
450,legit_69,396.12,1.6,12.8911,-0.3138,270.0,:C0_4,1,130.08,729.3,0,-1
450,legit_70,798.4,459.06,13.592,-0.0605,180.0,E3E2,1,110.25,493.47,0,-1
450,legit_71,598.4,359.37,11.4503,1.6357,180.0,D2D1,1,148.4,493.36,0,-1
450,legit_72,603.58,397.35,5.6249,-2.9225,24.11,:D2_8,1,151.11,481.09,0,-1
450,legit_73,331.18,-1.6,13.1106,0.7689,90.0,B0C0,2,170.01,750.46,0,-1
450,legit_74,655.97,598.4,12.2302,1.9309,90.0,D3E3,2,94.04,452.53,0,-1
450,legit_75,787.7,1.6,0.0,0.0,270.0,E0D0,1,124.26,725.41,0,-1
451,legit_60,679.1,-1.6,13.1908,0.5656,90.0,D0E0,1,140.76,710.69,0,-1
451,legit_61,290.73,798.4,11.5395,-0.1384,90.0,B4C4,1,146.75,548.41,0,-1
451,legit_62,601.19,599.75,6.223,2.0486,250.35,:D3_6,2,148.81,450.77,0,-1
451,legit_63,601.6,621.07,12.4236,0.8938,0.0,D3D4,2,149.89,451.12,0,-1
451,legit_64,238.58,-1.6,13.6702,0.1242,90.0,B0C0,2,150.44,784.77,0,-1
451,legit_65,845.53,401.6,12.957,0.2817,270.0,F2E2,1,104.19,522.75,0,-1
451,legit_67,998.4,655.2,12.2619,0.3633,180.0,F4F3,0,75.56,567.3,0,-1
451,legit_68,327.25,798.4,13.3988,0.1287,90.0,B4C4,1,129.61,533.17,0,-1
451,legit_69,382.39,1.6,13.7275,0.8364,270.0,C0B0,2,136.34,732.85,0,-1
451,legit_70,798.4,445.64,13.4194,-0.1725,180.0,E3E2,1,98.37,496.22,0,-1
451,legit_71,598.4,347.33,12.0396,0.5893,180.0,D2D1,1,148.94,497.71,0,-1
451,legit_72,608.61,398.4,5.2482,-0.3767,79.12,D2E2,1,146.51,480.82,0,-1
451,legit_73,344.04,-1.6,12.8569,-0.2537,90.0,B0C0,2,161.29,746.4,0,-1
451,legit_74,667.77,598.4,11.7939,-0.4363,90.0,D3E3,2,82.25,453.35,0,-1
451,legit_75,786.34,1.6,1.3639,1.3639,270.0,E0D0,1,123.85,725.1,0,-1
452,legit_60,692.98,-1.6,13.8817,0.6908,90.0,D0E0,1,134.31,712.05,0,-1
452,legit_61,302.14,798.4,11.4045,-0.135,90.0,B4C4,1,153.6,543.5,0,-1
452,legit_62,598.69,594.8,5.7594,-0.4636,202.46,:D3_6,2,148.78,450.79,0,-1
452,legit_63,601.6,632.89,11.8166,-0.607,0.0,D3D4,2,152.0,451.62,0,-1
452,legit_64,251.45,-1.6,12.8657,-0.8045,90.0,B0C0,2,158.36,779.48,0,-1
452,legit_65,832.55,401.6,12.9788,0.0218,270.0,F2E2,1,92.44,518.08,0,-1
452,legit_67,998.4,643.57,11.6313,-0.6306,180.0,F4F3,0,67.53,566.35,0,-1
452,legit_68,340.01,798.4,12.7653,-0.6335,90.0,B4C4,1,117.59,528.19,0,-1
452,legit_69,368.98,1.6,13.4146,-0.3129,270.0,C0B0,2,143.47,736.54,0,-1
452,legit_70,798.4,432.72,12.9145,-0.5049,180.0,E3E2,1,87.36,499.06,0,-1
452,legit_71,598.4,334.39,12.9419,0.9023,180.0,D2D1,1,150.59,502.63,0,-1
452,legit_72,615.64,398.4,7.0329,1.7847,90.0,D2E2,1,139.74,480.91,0,-1
452,legit_73,356.18,-1.6,12.1422,-0.7146,90.0,B0C0,2,153.58,742.73,0,-1
452,legit_74,679.68,598.4,11.9166,0.1227,90.0,D3E3,2,70.34,454.34,0,-1
452,legit_75,783.24,1.6,3.0932,1.7292,270.0,E0D0,1,122.98,724.4,0,-1
453,legit_60,706.38,-1.6,13.4042,-0.4774,90.0,D0E0,1,129.19,713.6,0,-1
453,legit_61,314.34,798.4,12.1983,0.7939,90.0,B4C4,1,141.9,538.4,0,-1
453,legit_62,598.4,588.28,6.5368,0.7773,180.78,D3D2,2,148.86,450.88,0,-1
453,legit_63,601.6,644.86,11.9718,0.1552,0.0,D3D4,2,155.03,452.34,0,-1
453,legit_64,264.86,-1.6,13.415,0.5493,90.0,B0C0,2,167.27,774.14,0,-1
453,legit_65,820.75,401.6,11.7981,-1.1807,270.0,F2E2,1,82.08,514.0,0,-1
453,legit_67,998.4,631.8,11.764,0.1327,180.0,F4F3,0,60.61,565.58,0,-1
453,legit_68,352.79,798.4,12.7739,0.0086,90.0,B4C4,1,105.74,523.37,0,-1
453,legit_69,355.65,1.6,13.3274,-0.0872,270.0,C0B0,2,151.39,740.4,0,-1
453,legit_70,798.4,419.16,13.5652,0.6507,180.0,E3E2,1,76.43,502.26,0,-1
453,legit_71,598.4,321.95,12.4361,-0.5059,180.0,D2D1,1,153.2,507.59,0,-1
453,legit_72,624.94,398.4,9.3049,2.272,90.0,D2E2,1,130.82,481.13,0,-1
453,legit_73,368.16,-1.6,11.9781,-0.1641,90.0,B0C0,2,146.57,739.26,0,-1
453,legit_74,691.83,598.4,12.1519,0.2353,90.0,D3E3,2,58.19,455.52,0,-1
453,legit_75,777.73,1.6,5.5085,2.4153,270.0,E0D0,1,121.6,723.18,0,-1
454,legit_60,719.81,-1.6,13.4315,0.0273,90.0,D0E0,1,125.29,715.37,0,-1
454,legit_61,326.24,798.4,11.8975,-0.3008,90.0,B4C4,1,130.57,533.58,0,-1
454,legit_62,598.4,579.77,8.5097,1.9729,180.0,D3D2,2,149.77,451.09,0,-1
454,legit_63,601.6,657.49,12.6261,0.6543,0.0,D3D4,2,159.15,453.34,0,-1
454,legit_64,278.22,-1.6,13.3537,-0.0613,90.0,B0C0,2,176.71,769.01,0,-1
454,legit_65,812.3,401.6,8.452,-3.3461,270.0,F2E2,1,74.91,511.19,0,-1
454,legit_67,998.4,620.15,11.6556,-0.1085,180.0,F4F3,0,55.39,565.02,0,-1
454,legit_68,366.17,798.4,13.3856,0.6117,90.0,B4C4,1,93.58,518.53,0,-1
454,legit_69,342.68,1.6,12.9682,-0.3592,270.0,C0B0,2,159.8,744.35,0,-1
454,legit_70,798.4,407.81,11.3433,-2.2219,180.0,E3E2,1,68.03,505.12,0,-1
454,legit_71,598.4,309.26,12.6988,0.2627,180.0,D2D1,1,156.84,512.89,0,-1
454,legit_72,636.73,398.4,11.7817,2.4768,90.0,D2E2,1,119.61,481.53,0,-1
454,legit_73,380.12,-1.6,11.9578,-0.0203,90.0,B0C0,2,140.25,735.97,0,-1
454,legit_74,703.15,598.4,11.3141,-0.8378,90.0,D3E3,2,46.88,456.77,0,-1
454,legit_75,769.67,1.6,8.065,2.5565,270.0,E0D0,1,120.02,721.47,0,-1
455,legit_60,732.76,-1.6,12.9424,-0.4891,90.0,D0E0,1,122.82,717.3,0,-1
455,legit_61,338.41,798.4,12.1737,0.2761,90.0,B4C4,1,119.09,528.8,0,-1
455,legit_62,598.4,569.01,10.7644,2.2547,180.0,D3D2,2,151.6,451.53,0,-1
455,legit_63,601.6,669.63,12.1459,-0.4802,0.0,D3D4,2,163.92,454.52,0,-1
455,legit_64,292.07,-1.6,13.8567,0.503,90.0,B0C0,2,187.01,763.88,0,-1
455,legit_65,807.79,401.6,4.5099,-3.9421,270.0,F2E2,1,71.21,509.72,0,-1
455,legit_67,998.4,610.42,9.7223,-1.9333,180.0,F4F3,0,52.64,564.74,0,-1
455,legit_68,379.46,798.4,13.2858,-0.0998,90.0,B4C4,1,81.9,513.93,0,-1
455,legit_69,329.03,1.6,13.6497,0.6815,270.0,C0B0,2,169.27,748.7,0,-1
455,legit_70,795.53,402.12,6.8433,-4.5,214.91,:E2_0,2,62.02,505.75,0,-1
455,legit_71,598.4,297.03,12.2283,-0.4705,180.0,D2D1,1,161.21,518.2,0,-1
455,legit_72,649.02,398.4,12.2933,0.5116,90.0,D2E2,2,108.03,482.13,0,-1
455,legit_73,392.98,-1.6,12.8575,0.8997,90.0,:C0_6,2,134.31,732.61,0,-1
455,legit_74,715.04,598.4,11.8918,0.5777,90.0,D3E3,2,35.0,458.24,0,-1
455,legit_75,759.5,1.6,10.165,2.1,270.0,E0D0,1,118.78,719.43,0,-1
456,legit_60,745.67,-1.6,12.9132,-0.0292,90.0,D0E0,1,121.68,719.44,0,-1
456,legit_61,349.59,798.4,11.1781,-0.9956,90.0,B4C4,1,108.69,524.56,0,-1
456,legit_62,598.4,558.53,10.477,-0.2874,180.0,D3D2,2,154.09,452.12,0,-1
456,legit_63,601.6,681.92,12.2896,0.1437,0.0,D3D4,1,169.51,455.94,0,-1
456,legit_64,304.71,-1.6,12.6346,-1.2222,90.0,B0C0,2,189.46,759.38,0,-1
456,legit_65,801.34,399.84,6.8251,2.3152,251.16,:E2_6,2,64.98,508.15,0,-1
456,legit_67,998.08,604.96,5.4877,-4.2346,183.68,:F3_0,0,52.16,564.49,0,-1
456,legit_68,388.24,798.4,8.7858,-4.5,90.0,B4C4,1,74.46,511.01,0,-1
456,legit_69,316.32,1.6,12.7122,-0.9375,270.0,C0B0,2,178.57,752.92,0,-1
456,legit_70,789.65,401.6,5.9468,-0.8965,266.99,E2D2,2,57.47,504.12,0,-1
456,legit_71,598.4,284.78,12.2456,0.0173,180.0,D2D1,1,166.37,523.74,0,-1
456,legit_72,661.44,398.4,12.4163,0.123,90.0,D2E2,3,96.53,482.91,0,-1
456,legit_73,405.01,-1.6,12.0352,-0.8223,90.0,:C0_6,2,129.66,729.65,0,-1
456,legit_74,727.11,598.4,12.0703,0.1785,90.0,D3E3,1,22.95,459.9,0,-1
456,legit_75,747.84,1.6,11.6615,1.4964,270.0,E0D0,1,118.42,717.27,0,-1
456,legit_76,187.7,401.6,0.0,0.0,270.0,B2A2,0,56.14,599.1,0,-1
457,legit_60,758.67,-1.6,12.997,0.0837,90.0,D0E0,1,121.91,721.83,0,-1
457,legit_61,361.68,798.4,12.0917,0.9136,90.0,B4C4,1,97.63,520.13,0,-1
457,legit_62,598.4,547.49,11.0364,0.5594,180.0,D3D2,2,157.41,452.92,0,-1
457,legit_63,601.6,694.5,12.5799,0.2902,0.0,D3D4,1,175.94,457.61,0,-1
457,legit_64,317.51,-1.6,12.8009,0.1664,90.0,B0C0,2,179.83,754.98,0,-1
457,legit_65,798.4,392.77,7.9799,1.1547,192.99,E2E1,2,58.45,509.19,0,-1
457,legit_67,993.82,601.75,5.7378,0.2501,237.19,:F3_0,0,56.21,562.2,0,-1
457,legit_68,392.53,798.4,4.2858,-4.5,90.0,B4C4,1,70.95,509.62,0,-1
457,legit_69,302.99,1.6,13.334,0.6218,270.0,C0B0,2,188.76,757.54,0,-1
457,legit_70,782.12,401.6,7.5361,1.5893,270.0,E2D2,2,52.56,501.94,0,-1
457,legit_71,598.4,271.95,12.8304,0.5847,180.0,D2D1,1,172.55,529.75,0,-1
457,legit_72,674.59,398.4,13.1539,0.7376,90.0,D2E2,3,84.62,483.94,0,-1
457,legit_73,417.83,-1.6,12.8168,0.7816,90.0,C0D0,2,125.78,726.7,0,-1
457,legit_74,738.36,598.4,11.2543,-0.816,90.0,D3E3,1,11.75,461.6,0,-1
457,legit_75,734.59,1.6,13.2485,1.5871,270.0,E0D0,1,119.4,715.03,0,-1
457,legit_76,185.48,401.6,2.2205,2.2205,270.0,B2A2,0,54.67,600.34,0,-1
458,legit_60,772.33,-1.6,13.6626,0.6656,90.0,D0E0,1,123.63,724.57,0,-1
458,legit_61,373.92,798.4,12.2384,0.1467,90.0,B4C4,1,86.71,515.82,0,-1
458,legit_62,598.4,536.54,10.9518,-0.0846,180.0,D3D2,0,161.4,453.89,0,-1
458,legit_63,601.6,706.75,12.2509,-0.3289,0.0,D3D4,0,182.81,459.44,0,-1
458,legit_64,330.86,-1.6,13.3554,0.5545,90.0,B0C0,2,170.24,750.57,0,-1
458,legit_65,798.4,383.29,9.4807,1.5009,180.0,E2E1,2,53.71,511.94,0,-1
458,legit_67,988.9,601.6,4.9325,-0.8052,268.22,F3E3,0,61.12,559.59,0,-1
458,legit_68,399.37,798.4,6.8457,2.5599,90.0,:C4_13,1,65.52,507.45,0,-1
458,legit_69,289.95,1.6,13.0342,-0.2997,270.0,C0B0,2,183.32,762.22,0,-1
458,legit_70,772.74,401.6,9.3719,1.8358,270.0,E2D2,2,47.41,499.37,0,-1
458,legit_71,598.4,258.93,13.0166,0.1862,180.0,D2D1,0,179.55,536.08,0,-1
458,legit_72,687.07,398.4,12.479,-0.675,90.0,D2E2,2,73.72,485.11,0,-1
458,legit_73,430.72,-1.6,12.8888,0.072,90.0,C0D0,2,123.12,723.94,0,-1
458,legit_74,750.51,598.4,12.1469,0.8927,90.0,D3E3,0,1.68,463.7,0,-1
458,legit_75,720.73,1.6,13.8678,0.6192,270.0,E0D0,1,121.97,712.93,0,-1
458,legit_76,181.81,401.6,3.6704,1.4498,270.0,B2A2,0,52.37,602.39,0,-1
459,legit_60,785.83,-1.6,13.4984,-0.1642,90.0,D0E0,1,126.77,727.52,0,-1
459,legit_61,383.63,798.4,9.7104,-2.528,90.0,B4C4,1,78.33,512.53,0,-1
459,legit_62,598.4,526.22,10.3272,-0.6245,180.0,D3D2,0,165.73,454.97,0,-1
459,legit_63,601.6,718.83,12.0756,-0.1753,0.0,D3D4,0,190.11,461.46,0,-1
459,legit_64,343.74,-1.6,12.8799,-0.4755,90.0,B0C0,2,161.48,746.49,0,-1
459,legit_65,798.4,371.87,11.4253,1.9446,180.0,E2E1,2,49.83,515.47,0,-1
459,legit_67,981.61,601.6,7.2873,2.3547,270.0,F3E3,0,68.41,555.78,0,-1
459,legit_68,407.62,798.4,8.2451,1.3994,90.0,C4D4,1,59.39,504.93,0,-1
459,legit_69,276.25,1.6,13.698,0.6638,270.0,C0B0,1,173.09,767.33,0,-1
459,legit_70,761.9,401.6,10.8458,1.4739,270.0,E2D2,2,43.27,496.6,0,-1
459,legit_71,598.4,246.26,12.6747,-0.3419,180.0,D2D1,0,186.97,542.44,0,-1
459,legit_72,699.38,398.4,12.3085,-0.1705,90.0,D2E2,2,63.54,486.47,0,-1
459,legit_73,443.82,-1.6,13.0994,0.2106,90.0,C0D0,1,121.76,721.35,0,-1
459,legit_74,762.88,598.4,12.364,0.2171,90.0,D3E3,0,12.97,467.09,0,-1
459,legit_75,707.54,1.6,13.191,-0.6768,270.0,E0D0,1,125.78,711.17,0,-1
459,legit_76,176.45,401.6,5.3559,1.6855,270.0,B2A2,0,49.3,605.43,0,-1
460,legit_60,799.61,-1.6,13.7804,0.282,90.0,:E0_6,1,131.33,730.77,0,-1
460,legit_61,390.11,798.4,6.4791,-3.2313,90.0,B4C4,1,72.92,510.4,0,-1
460,legit_62,598.4,515.29,10.9245,0.5973,180.0,D3D2,0,170.87,456.29,0,-1
460,legit_63,601.6,730.97,12.1437,0.0681,0.0,D3D4,0,184.15,463.69,0,-1
460,legit_64,357.03,-1.6,13.2901,0.4102,90.0,B0C0,2,153.07,742.48,0,-1
460,legit_65,798.4,358.51,13.3602,1.9349,180.0,E2E1,2,48.42,519.92,0,-1
460,legit_67,972.48,601.6,9.1334,1.8462,270.0,F3E3,0,77.54,551.08,0,-1
460,legit_68,417.86,798.4,10.2389,1.9938,90.0,C4D4,1,52.57,501.95,0,-1
460,legit_69,262.76,1.6,13.4934,-0.2047,270.0,C0B0,1,163.5,772.55,0,-1
460,legit_70,748.77,401.6,13.1291,2.2833,270.0,E2D2,2,41.62,493.6,0,-1
460,legit_71,598.4,233.13,13.1269,0.4522,180.0,D2D1,0,186.61,549.25,0,-1
460,legit_72,712.7,398.4,13.3223,1.0138,90.0,D2E2,2,53.53,488.18,0,-1
460,legit_73,456.75,-1.6,12.9319,-0.1676,90.0,C0D0,1,121.79,719.03,0,-1
460,legit_74,774.64,598.4,11.7601,-0.6038,90.0,D3E3,0,24.69,470.53,0,-1
460,legit_75,694.81,1.6,12.7253,-0.4657,270.0,E0D0,1,130.63,709.69,0,-1
460,legit_76,169.7,401.6,6.7501,1.3942,270.0,B2A2,0,46.03,609.32,0,-1
461,legit_60,812.5,-1.6,12.8891,-0.8913,90.0,E0F0,1,136.72,734.02,0,-1
461,legit_61,398.07,798.4,7.961,1.4819,90.0,:C4_13,1,66.54,507.86,0,-1
461,legit_62,598.4,504.36,10.9283,0.0038,180.0,D3D2,0,176.55,457.77,0,-1
461,legit_63,601.6,742.98,12.0027,-0.1409,0.0,D3D4,0,177.3,466.1,0,-1
461,legit_64,370.17,-1.6,13.1406,-0.1496,90.0,B0C0,2,145.46,738.7,0,-1
461,legit_65,798.4,345.27,13.2374,-0.1228,180.0,E2E1,2,50.59,524.68,0,-1
461,legit_67,961.14,601.6,11.3357,2.2023,270.0,F3E3,0,88.87,545.36,0,-1
461,legit_68,429.84,798.4,11.9785,1.7396,90.0,C4D4,1,46.23,498.69,0,-1
461,legit_69,249.15,1.6,13.6115,0.1181,270.0,C0B0,1,154.43,778.01,0,-1
461,legit_70,735.01,401.6,13.7637,0.6346,270.0,E2D2,2,44.22,490.89,0,-1
461,legit_71,598.4,219.95,13.1842,0.0573,180.0,D2D1,0,178.92,556.31,0,-1
461,legit_72,725.82,398.4,13.1155,-0.2068,90.0,D2E2,2,45.38,490.15,0,-1
461,legit_73,469.14,-1.6,12.3895,-0.5423,90.0,C0D0,1,123.1,717.0,0,-1
461,legit_74,785.06,598.4,10.4264,-1.3338,90.0,D3E3,0,35.1,473.71,0,-1
461,legit_75,681.54,1.6,13.2742,0.5489,270.0,E0D0,1,136.77,708.35,0,-1
461,legit_76,161.39,401.6,8.3132,1.5631,270.0,B2A2,0,43.13,614.24,0,-1
462,legit_60,825.16,-1.6,12.6668,-0.2224,90.0,E0F0,0,142.95,737.4,0,-1
462,legit_61,408.53,798.4,10.4606,2.4996,90.0,C4D4,1,58.74,504.66,0,-1
462,legit_62,598.4,494.04,10.326,-0.6023,180.0,D3D2,0,182.35,459.32,0,-1
462,legit_63,601.6,755.49,12.5145,0.5118,0.0,D3D4,0,170.78,468.82,0,-1
462,legit_64,383.65,-1.6,13.4727,0.3321,90.0,B0C0,2,138.53,735.03,0,-1
462,legit_65,798.4,332.61,12.6625,-0.5749,180.0,E2E1,2,55.61,529.55,0,-1
462,legit_67,949.16,601.6,11.983,0.6473,270.0,F3E3,0,100.86,539.45,0,-1
462,legit_68,442.71,798.4,12.8747,0.8962,90.0,C4D4,1,42.23,495.5,0,-1
462,legit_69,235.58,1.6,13.5656,-0.0459,270.0,C0B0,1,146.09,783.64,0,-1
462,legit_70,721.76,401.6,13.2465,-0.5172,270.0,E2D2,2,50.28,488.65,0,-1
462,legit_71,598.4,206.87,13.076,-0.1082,180.0,:D1_1,0,171.96,563.53,0,-1
462,legit_72,739.07,398.4,13.2576,0.1421,90.0,D2E2,2,39.92,492.47,0,-1
462,legit_73,481.6,-1.6,12.4596,0.0701,90.0,C0D0,1,125.64,715.17,0,-1
462,legit_74,790.99,598.4,5.9264,-4.5,90.0,D3E3,0,41.02,475.58,0,-1
462,legit_75,668.51,1.6,13.0259,-0.2482,270.0,E0D0,0,143.73,707.25,0,-1
462,legit_76,150.97,401.6,10.4247,2.1115,270.0,B2A2,0,41.61,620.6,0,-1
462,legit_77,198.4,587.7,0.0,0.0,180.0,B3B2,0,49.94,566.51,0,-1
463,legit_60,838.37,-1.6,13.2028,0.536,90.0,E0F0,0,150.32,741.13,0,-1
463,legit_61,419.99,798.4,11.4609,1.0003,90.0,C4D4,1,51.3,501.35,0,-1
463,legit_62,598.4,482.93,11.1049,0.7788,180.0,D3D2,1,189.02,461.16,0,-1
463,legit_63,601.6,767.9,12.4064,-0.1081,0.0,D3D4,1,164.99,471.74,0,-1
463,legit_64,397.47,-1.6,13.8195,0.3468,90.0,:C0_6,1,132.46,731.49,0,-1
463,legit_65,798.4,319.26,13.3498,0.6873,180.0,E2E1,2,63.26,534.97,0,-1
463,legit_67,937.65,601.6,11.5079,-0.4751,270.0,F3E3,1,112.36,533.92,0,-1
463,legit_68,456.24,798.4,13.5244,0.6497,90.0,C4D4,2,42.06,492.56,0,-1
463,legit_69,222.15,1.6,13.4315,-0.1341,270.0,C0B0,0,138.65,789.4,0,-1
463,legit_70,708.34,401.6,13.4188,0.1723,270.0,E2D2,3,58.87,486.72,0,-1
463,legit_71,598.4,194.03,12.8401,-0.2358,180.0,:D1_1,0,165.84,570.82,0,-1
463,legit_72,751.34,398.4,12.2702,-0.9874,90.0,D2E2,2,38.42,494.98,0,-1
463,legit_73,494.78,-1.6,13.1855,0.7259,90.0,C0D0,1,129.58,713.45,0,-1
463,legit_74,795.88,597.67,5.0187,-0.9077,98.49,:E3_12,1,45.94,477.15,0,-1
463,legit_75,655.39,1.6,13.1251,0.0992,270.0,E0D0,0,151.56,706.34,0,-1
463,legit_76,138.92,401.6,12.0451,1.6205,270.0,B2A2,0,43.05,628.24,0,-1
463,legit_77,198.4,585.86,1.8368,1.8368,180.0,B3B2,0,50.42,566.56,0,-1
464,legit_60,851.05,-1.6,12.6885,-0.5143,90.0,E0F0,0,158.11,744.9,0,-1
464,legit_61,431.45,798.4,11.4595,-0.0014,90.0,C4D4,1,45.55,498.27,0,-1
464,legit_62,598.4,472.39,10.5402,-0.5647,180.0,D3D2,1,186.16,463.05,0,-1
464,legit_63,601.6,779.52,11.6212,-0.7852,0.0,D3D4,1,160.25,474.67,0,-1
464,legit_64,410.29,-1.6,12.8186,-1.001,90.0,C0D0,1,127.92,728.41,0,-1
464,legit_65,798.4,305.88,13.3782,0.0284,180.0,E2E1,2,72.61,540.67,0,-1
464,legit_67,926.05,601.6,11.6037,0.0958,270.0,F3E3,1,123.96,528.48,0,-1
464,legit_68,469.96,798.4,13.7284,0.204,90.0,C4D4,2,46.14,490.01,0,-1
464,legit_69,208.38,1.6,13.771,0.3395,270.0,C0B0,0,132.01,795.51,0,-1
464,legit_70,695.52,401.6,12.8219,-0.597,270.0,E2D2,3,68.55,485.13,0,-1
464,legit_71,598.4,181.19,12.8383,-0.0018,180.0,D1D0,0,160.52,578.33,0,-1
464,legit_72,763.64,398.4,12.2968,0.0266,90.0,D2E2,2,40.75,497.86,0,-1
464,legit_73,507.89,-1.6,13.105,-0.0805,90.0,C0D0,2,134.68,711.96,0,-1
464,legit_74,798.28,593.66,4.9506,-0.0681,148.82,:E3_12,1,48.69,477.96,0,-1
464,legit_75,641.5,1.6,13.8835,0.7584,270.0,E0D0,1,160.59,705.59,0,-1
464,legit_76,125.78,401.6,13.1389,1.0938,270.0,B2A2,0,48.14,636.91,0,-1
464,legit_77,198.4,581.45,4.4089,2.5721,180.0,B3B2,0,51.83,566.7,0,-1
465,legit_60,864.09,-1.6,13.0369,0.3484,90.0,E0F0,0,166.74,748.95,0,-1
465,legit_61,442.69,798.4,11.2402,-0.2193,90.0,C4D4,1,42.24,495.51,0,-1
465,legit_62,598.4,462.08,10.313,-0.2272,180.0,D3D2,1,180.12,465.06,0,-1
465,legit_63,601.6,791.8,12.284,0.6628,0.0,D3D4,1,156.03,477.98,0,-1
465,legit_64,424.0,-1.6,13.7178,0.8993,90.0,C0D0,1,124.35,725.35,0,-1
465,legit_65,798.4,292.92,12.9651,-0.413,180.0,E2E1,1,82.72,546.41,0,-1
465,legit_67,913.59,601.6,12.451,0.8472,270.0,F3E3,1,136.41,522.79,0,-1
465,legit_68,483.67,798.4,13.7065,-0.0219,90.0,C4D4,2,53.52,487.83,0,-1
465,legit_69,194.67,1.6,13.7097,-0.0613,270.0,:B0_4,0,126.55,801.8,0,-1
465,legit_70,682.89,401.6,12.625,-0.1969,270.0,E2D2,2,78.95,483.8,0,-1
465,legit_71,598.4,169.16,12.0366,-0.8017,180.0,D1D0,0,156.33,585.55,0,-1
465,legit_72,776.73,398.4,13.0909,0.7941,90.0,D2E2,2,46.79,501.28,0,-1
465,legit_73,520.6,-1.6,12.7112,-0.3939,90.0,C0D0,2,140.61,710.72,0,-1
465,legit_74,798.4,588.83,4.8415,-0.1091,178.33,E3E2,1,49.67,478.09,0,-1
465,legit_75,628.12,1.6,13.3821,-0.5015,270.0,E0D0,1,169.92,705.08,0,-1
465,legit_76,113.19,401.6,12.593,-0.5459,270.0,B2A2,0,55.55,645.49,0,-1
465,legit_77,198.4,575.09,6.3653,1.9564,180.0,B3B2,0,54.43,566.96,0,-1
466,legit_60,876.82,-1.6,12.7308,-0.3062,90.0,E0F0,0,175.7,753.08,0,-1
466,legit_61,454.45,798.4,11.7627,0.5226,90.0,C4D4,2,41.84,492.93,0,-1
466,legit_62,598.4,451.65,10.431,0.118,180.0,D3D2,1,174.42,467.24,0,-1
466,legit_63,601.6,804.54,12.7355,0.4515,0.0,:D4_9,2,152.58,481.65,0,-1
466,legit_64,436.66,-1.6,12.656,-1.0618,90.0,C0D0,1,122.33,722.74,0,-1
466,legit_65,798.4,279.91,13.0071,0.042,180.0,E2E1,1,93.58,552.36,0,-1
466,legit_67,901.45,601.6,12.1404,-0.3106,270.0,F3E3,1,148.55,517.41,0,-1
466,legit_68,497.08,798.4,13.4069,-0.2996,90.0,C4D4,2,62.82,486.02,0,-1
466,legit_69,181.71,1.6,12.9644,-0.7453,270.0,B0A0,0,122.57,807.95,0,-1
466,legit_70,670.2,401.6,12.6923,0.0673,270.0,E2D2,2,89.99,482.66,0,-1
466,legit_71,598.4,156.77,12.3916,0.355,180.0,D1D0,0,152.89,593.19,0,-1
466,legit_72,785.91,398.4,9.1742,-3.9168,90.0,D2E2,2,52.57,503.88,0,-1
466,legit_73,532.87,-1.6,12.265,-0.4461,90.0,C0D0,2,147.15,709.7,0,-1
466,legit_74,798.4,581.48,7.3559,2.5144,180.0,E3E2,1,51.82,478.31,0,-1
466,legit_75,616.18,1.6,11.9359,-1.4461,270.0,E0D0,1,178.68,704.78,0,-1
466,legit_76,99.82,401.6,13.3714,0.7784,270.0,B2A2,0,65.18,654.84,0,-1
466,legit_77,198.4,567.13,7.96,1.5947,180.0,B3B2,0,58.51,567.38,0,-1
467,legit_60,889.99,-1.6,13.1686,0.4379,90.0,E0F0,0,185.43,757.53,0,-1
467,legit_61,466.33,798.4,11.8789,0.1162,90.0,C4D4,2,44.69,490.64,0,-1
467,legit_62,598.4,440.84,10.8117,0.3806,180.0,D3D2,1,168.99,469.66,0,-1
467,legit_63,601.6,816.93,12.3911,-0.3444,0.0,D4D5,2,150.18,485.45,0,-1
467,legit_64,450.35,-1.6,13.6928,1.0368,90.0,C0D0,1,121.6,720.15,0,-1
467,legit_65,798.4,266.91,12.9952,-0.0119,180.0,E2E1,1,104.92,558.5,0,-1
467,legit_67,889.33,601.6,12.1248,-0.0156,270.0,F3E3,1,139.34,512.18,0,-1
467,legit_68,510.91,798.4,13.8346,0.4277,90.0,C4D4,2,73.76,484.42,0,-1
467,legit_69,167.85,1.6,13.8586,0.8942,270.0,B0A0,0,119.74,814.73,0,-1
467,legit_70,656.4,401.6,13.7993,1.1071,270.0,E2D2,2,102.43,481.65,0,-1
467,legit_71,598.4,144.67,12.0927,-0.2988,180.0,D1D0,1,150.44,600.83,0,-1
467,legit_72,790.78,398.4,4.8785,-4.2957,90.0,D2E2,2,56.02,505.32,0,-1
467,legit_73,545.86,-1.6,12.9962,0.7312,90.0,C0D0,2,154.84,708.82,0,-1
467,legit_74,798.4,572.18,9.2945,1.9386,180.0,E3E2,1,55.83,478.74,0,-1
467,legit_75,608.48,1.6,7.7013,-4.2346,270.0,E0D0,2,184.52,704.68,0,-1
467,legit_76,86.49,401.6,13.3312,-0.0402,270.0,B2A2,0,75.93,664.38,0,-1
467,legit_77,198.4,557.75,9.3808,1.4207,180.0,B3B2,0,64.25,568.01,0,-1
468,legit_60,903.1,-1.6,13.1134,-0.0552,90.0,E0F0,0,190.7,762.14,0,-1
468,legit_61,477.45,798.4,11.1151,-0.7638,90.0,C4D4,2,49.84,488.78,0,-1
468,legit_62,598.4,430.18,10.6594,-0.1522,180.0,D3D2,1,164.16,472.21,0,-1
468,legit_63,601.6,828.49,11.5593,-0.8317,0.0,D4D5,2,148.85,489.2,0,-1
468,legit_64,463.36,-1.6,13.0109,-0.6819,90.0,C0D0,2,122.33,717.92,0,-1
468,legit_65,798.4,253.05,13.8612,0.866,180.0,E2E1,1,117.39,565.25,0,-1
468,legit_67,877.69,601.6,11.6394,-0.4854,270.0,F3E3,1,127.7,507.3,0,-1
468,legit_68,523.92,798.4,13.0121,-0.8226,90.0,C4D4,2,84.83,483.16,0,-1
468,legit_69,154.41,1.6,13.434,-0.4247,270.0,B0A0,0,118.48,821.52,0,-1
468,legit_70,643.21,401.6,13.1949,-0.6045,270.0,E2D2,1,114.61,480.9,0,-1
468,legit_71,598.4,131.59,13.0878,0.9951,180.0,D1D0,2,148.85,609.33,0,-1
468,legit_72,797.99,398.4,7.2046,2.3262,90.0,:E2_13,1,61.46,507.5,0,-1
468,legit_73,557.99,-1.6,12.1288,-0.8674,90.0,C0D0,3,162.63,708.17,0,-1
468,legit_74,798.4,561.19,10.9902,1.6957,180.0,E3E2,1,62.04,479.44,0,-1
468,legit_75,602.9,3.16,5.9853,-1.7161,288.77,:D0_3,3,187.85,703.4,0,-1
468,legit_76,73.43,401.6,13.0584,-0.2728,270.0,B2A2,0,87.14,673.89,0,-1
468,legit_77,198.4,546.61,11.1397,1.7589,180.0,B3B2,0,72.06,568.91,0,-1
468,legit_78,212.3,998.4,0.0,0.0,90.0,B5C5,0,102.66,665.86,0,-1
469,legit_60,915.8,-1.6,12.6921,-0.4213,90.0,E0F0,0,181.1,766.77,0,-1
469,legit_61,489.63,798.4,12.1871,1.072,90.0,C4D4,2,57.46,486.99,0,-1
469,legit_62,598.4,419.46,10.7212,0.0618,180.0,D3D2,1,159.87,474.94,0,-1
469,legit_63,601.6,840.25,11.7661,0.2067,0.0,D4D5,2,148.4,493.23,0,-1
469,legit_64,476.96,-1.6,13.6013,0.5904,90.0,C0D0,2,124.55,715.83,0,-1
469,legit_65,798.4,240.09,12.9651,-0.8961,180.0,E2E1,0,129.31,571.74,0,-1
469,legit_67,865.82,601.6,11.8665,0.2271,270.0,F3E3,1,115.83,502.48,0,-1
469,legit_68,536.72,798.4,12.7909,-0.2212,90.0,C4D4,2,96.18,482.13,0,-1
469,legit_69,140.53,1.6,13.8854,0.4515,270.0,B0A0,0,118.78,828.76,0,-1
469,legit_70,629.54,401.6,13.6645,0.4697,270.0,E2D2,1,127.44,480.34,0,-1
469,legit_71,598.4,118.99,12.5964,-0.4915,180.0,D1D0,2,148.4,617.71,0,-1
469,legit_72,807.19,398.4,9.199,1.9944,90.0,:E2_13,0,68.88,510.4,0,-1
469,legit_73,570.53,-1.6,12.5431,0.4143,90.0,C0D0,3,171.22,707.67,0,-1
469,legit_74,798.4,549.45,11.7443,0.7541,180.0,E3E2,1,69.99,480.39,0,-1
469,legit_75,601.6,9.8,6.9231,0.9378,356.09,D0D1,3,184.84,698.14,0,-1
469,legit_76,60.28,401.6,13.1458,0.0874,270.0,B2A2,0,98.89,683.64,0,-1
469,legit_77,198.4,533.93,12.6775,1.5378,180.0,B3B2,0,81.9,570.12,0,-1
469,legit_78,213.65,998.4,1.346,1.346,90.0,B5C5,0,103.49,665.2,0,-1
470,legit_60,928.56,-1.6,12.7667,0.0746,90.0,E0F0,0,171.85,771.6,0,-1
470,legit_61,501.57,798.4,11.9388,-0.2483,90.0,C4D4,2,66.26,485.47,0,-1
470,legit_62,598.4,408.17,11.2881,0.567,180.0,D3D2,1,156.02,477.99,0,-1
470,legit_63,601.6,852.29,12.0368,0.2707,0.0,D4D5,2,148.91,497.57,0,-1
470,legit_64,489.64,-1.6,12.6759,-0.9255,90.0,C0D0,2,127.9,714.1,0,-1
470,legit_65,798.4,227.23,12.8588,-0.1063,180.0,E2E1,0,117.64,578.35,0,-1
470,legit_67,853.57,601.6,12.2528,0.3863,270.0,F3E3,1,103.58,497.65,0,-1
470,legit_68,549.43,798.4,12.7142,-0.0766,90.0,C4D4,2,107.78,481.3,0,-1
470,legit_69,126.72,1.6,13.8053,-0.0801,270.0,B0A0,0,120.67,836.17,0,-1
470,legit_70,618.36,401.6,11.1823,-2.4822,270.0,E2D2,1,138.06,480.04,0,-1
470,legit_71,598.4,105.82,13.1727,0.5763,180.0,D1D0,2,149.08,626.69,0,-1
470,legit_72,818.07,398.4,10.8813,1.6823,90.0,E2F2,1,78.15,513.98,0,-1
470,legit_73,582.47,-1.6,11.9382,-0.6049,90.0,C0D0,3,179.82,707.36,0,-1
470,legit_74,798.4,537.57,11.8769,0.1326,180.0,E3E2,2,78.99,481.54,0,-1
470,legit_75,601.6,18.68,8.8849,1.9618,0.0,D0D1,3,179.69,691.15,0,-1
470,legit_76,47.06,401.6,13.2172,0.0714,270.0,B2A2,0,111.02,693.58,0,-1
470,legit_77,198.4,520.19,13.7409,1.0635,180.0,B3B2,0,93.34,571.65,0,-1
470,legit_78,216.47,998.4,2.82,1.474,90.0,B5C5,0,105.24,663.82,0,-1
471,legit_60,941.5,-1.6,12.9379,0.1712,90.0,E0F0,0,162.97,776.65,0,-1
471,legit_61,513.4,798.4,11.8266,-0.1122,90.0,C4D4,2,75.83,484.17,0,-1
471,legit_63,601.6,863.97,11.6768,-0.3599,0.0,D4D5,2,150.32,501.99,0,-1
471,legit_64,503.35,-1.6,13.7068,1.0309,90.0,C0D0,3,132.79,712.45,0,-1
471,legit_65,798.4,214.44,12.7871,-0.0718,180.0,E2E1,0,106.12,585.09,0,-1
471,legit_67,842.24,601.6,11.328,-0.9249,270.0,F3E3,1,92.26,493.34,0,-1
471,legit_68,562.46,798.4,13.0277,0.3135,90.0,C4D4,2,119.91,480.64,0,-1
471,legit_69,112.95,1.6,13.7782,-0.0271,270.0,B0A0,0,124.06,843.78,0,-1
471,legit_70,611.08,401.6,7.2801,-3.9022,270.0,E2D2,0,145.01,479.92,0,-1
471,legit_71,598.4,93.21,12.6076,-0.5651,180.0,D1D0,3,150.8,635.49,0,-1
471,legit_72,830.45,398.4,12.3822,1.501,90.0,E2F2,1,89.15,518.23,0,-1
471,legit_73,595.41,-1.6,12.9407,1.0025,90.0,:D0_6,3,189.56,707.21,0,-1
471,legit_74,798.4,525.86,11.7069,-0.17,180.0,E3E2,2,88.54,482.86,0,-1
471,legit_75,601.6,29.52,10.8343,1.9495,0.0,D0D1,3,173.81,682.72,0,-1
471,legit_76,34.08,401.6,12.9812,-0.236,270.0,B2A2,0,123.16,703.48,0,-1
471,legit_77,198.4,506.83,13.3561,-0.3848,180.0,B3B2,0,104.99,573.34,0,-1
471,legit_78,221.46,998.4,4.9918,2.1718,90.0,B5C5,0,108.47,661.39,0,-1
472,legit_60,955.09,-1.6,13.5895,0.6516,90.0,E0F0,0,154.25,782.15,0,-1
472,legit_61,525.42,798.4,12.0263,0.1996,90.0,C4D4,2,86.14,483.03,0,-1
472,legit_63,601.6,876.33,12.3656,0.6888,0.0,D4D5,2,152.78,506.89,0,-1
472,legit_64,516.81,-1.6,13.4586,-0.2482,90.0,C0D0,3,138.74,711.07,0,-1
472,legit_65,798.4,200.93,13.5071,0.7201,180.0,:E1_1,0,94.3,592.39,0,-1
472,legit_67,830.06,601.6,12.1777,0.8497,270.0,F3E3,1,80.08,488.86,0,-1
472,legit_68,575.58,798.4,13.1242,0.0965,90.0,C4D4,2,132.29,480.18,0,-1
472,legit_69,100.35,1.6,12.5991,-1.1791,270.0,B0A0,0,128.39,850.92,0,-1
472,legit_70,604.28,402.23,6.9056,-0.3745,277.37,:D2_4,0,151.72,479.67,0,-1
472,legit_71,598.4,80.77,12.4423,-0.1653,180.0,D1D0,3,153.5,644.37,0,-1
472,legit_72,842.94,398.4,12.4939,0.1117,90.0,E2F2,1,100.56,522.7,0,-1
472,legit_73,607.43,-1.6,12.0149,-0.9258,90.0,D0E0,3,187.39,707.22,0,-1
472,legit_74,798.4,514.43,11.4286,-0.2782,180.0,E3E2,2,98.31,484.31,0,-1
472,legit_75,601.6,42.12,12.6004,1.766,0.0,D0D1,3,167.6,673.04,0,-1
472,legit_76,21.36,401.6,12.7187,-0.2625,270.0,B2A2,0,135.2,713.3,0,-1
472,legit_77,198.4,493.62,13.2132,-0.1429,180.0,B3B2,0,116.87,575.2,0,-1
472,legit_78,229.03,998.4,7.5765,2.5848,90.0,B5C5,0,113.6,657.76,0,-1
473,legit_60,968.9,-1.6,13.8119,0.2224,90.0,E0F0,0,146.16,787.93,0,-1
473,legit_61,536.93,798.4,11.5016,-0.5246,90.0,C4D4,2,96.37,482.11,0,-1
473,legit_63,601.6,888.09,11.7598,-0.6058,0.0,D4D5,2,156.0,511.76,0,-1
473,legit_64,530.37,-1.6,13.5646,0.106,90.0,C0D0,3,145.76,709.89,0,-1
473,legit_65,798.4,187.36,13.5764,0.0693,180.0,E1E0,0,82.94,599.92,0,-1
473,legit_67,818.15,601.6,11.9162,-0.2614,270.0,F3E3,1,68.17,484.63,0,-1
473,legit_68,585.29,798.4,9.7124,-3.4117,90.0,C4D4,2,141.55,479.97,0,-1
473,legit_69,86.47,1.6,13.8783,1.2792,270.0,B0A0,0,134.37,858.97,0,-1
473,legit_70,601.6,407.54,6.3488,-0.5569,341.76,D2D3,0,155.83,478.16,0,-1
473,legit_71,598.4,68.61,12.1614,-0.2808,180.0,D1D0,3,157.05,653.22,0,-1
473,legit_72,855.87,398.4,12.9207,0.4268,90.0,E2F2,1,112.61,527.5,0,-1
473,legit_73,619.53,-1.6,12.0993,0.0845,90.0,D0E0,3,178.35,707.4,0,-1
473,legit_74,798.4,503.27,11.1607,-0.268,180.0,E3E2,2,108.16,485.88,0,-1
473,legit_75,601.6,55.08,12.9682,0.3678,0.0,D0D1,3,161.98,663.25,0,-1
473,legit_76,12.64,401.6,8.7276,-3.9911,270.0,B2A2,0,143.52,720.11,0,-1
473,legit_77,198.4,480.08,13.537,0.3238,180.0,B3B2,0,129.32,577.29,0,-1
473,legit_78,238.73,998.4,9.6963,2.1198,90.0,B5C5,0,120.55,653.21,0,-1
474,legit_60,982.01,-1.6,13.1036,-0.7083,90.0,E0F0,0,139.32,793.61,0,-1
474,legit_61,548.57,798.4,11.6414,0.1398,90.0,C4D4,2,106.99,481.35,0,-1
474,legit_63,601.6,900.15,12.0621,0.3023,0.0,D4D5,2,160.13,516.96,0,-1
474,legit_64,543.88,-1.6,13.5134,-0.0512,90.0,C0D0,3,153.63,708.94,0,-1
474,legit_65,798.4,173.78,13.5753,-0.0011,180.0,E1E0,0,72.35,607.65,0,-1
474,legit_67,810.73,601.6,7.4162,-4.5,270.0,F3E3,1,60.75,482.07,0,-1
474,legit_68,590.51,798.4,5.2124,-4.5,90.0,C4D4,2,146.54,479.9,0,-1
474,legit_69,73.55,1.6,12.9171,-0.9612,270.0,B0A0,0,140.94,866.63,0,-1
474,legit_70,601.6,415.26,7.7187,1.3699,0.0,D2D3,0,158.36,476.05,0,-1
474,legit_71,598.4,55.35,13.2581,1.0967,180.0,D1D0,3,161.87,663.05,0,-1
474,legit_72,868.39,398.4,12.523,-0.3977,90.0,E2F2,1,124.46,532.34,0,-1
474,legit_73,631.53,-1.6,12.0082,-0.0911,90.0,D0E0,3,169.77,707.74,0,-1
474,legit_74,798.4,491.79,11.4862,0.3255,180.0,E3E2,2,118.54,487.64,0,-1
474,legit_75,601.6,68.94,13.8523,0.8841,0.0,D0D1,3,156.94,652.97,0,-1
474,legit_76,8.41,401.6,4.2276,-4.5,270.0,B2A2,0,147.58,723.42,0,-1
474,legit_77,198.4,466.36,13.7259,0.1889,180.0,B3B2,0,116.85,579.6,0,-1
474,legit_78,249.76,998.4,11.026,1.3297,90.0,B5C5,0,128.88,648.17,0,-1
474,legit_79,987.7,601.6,0.0,0.0,270.0,F3E3,0,62.32,558.96,0,-1
475,legit_60,992.61,-1.6,10.6055,-2.498,90.0,E0F0,0,134.46,798.34,0,-1
475,legit_61,559.84,798.4,11.2732,-0.3682,90.0,C4D4,2,117.45,480.76,0,-1
475,legit_63,601.6,912.18,12.0289,-0.0332,0.0,D4D5,2,165.02,522.35,0,-1
475,legit_64,557.61,-1.6,13.7247,0.2113,90.0,C0D0,3,162.38,708.19,0,-1
475,legit_65,798.4,160.11,13.6723,0.097,180.0,E1E0,0,62.86,615.66,0,-1
475,legit_67,805.46,601.85,5.293,-2.1232,272.86,:E3_4,1,55.49,480.3,0,-1
475,legit_68,598.19,798.4,7.6787,2.4663,90.0,:D4_13,2,153.91,479.85,0,-1
475,legit_69,60.14,1.6,13.4078,0.4907,270.0,B0A0,0,148.64,874.75,0,-1
475,legit_70,601.6,425.34,10.0744,2.3557,0.0,D2D3,0,162.15,473.42,0,-1
475,legit_71,598.4,43.13,12.2127,-1.0455,180.0,D1D0,3,167.13,672.27,0,-1
475,legit_72,881.64,398.4,13.2549,0.7319,90.0,E2F2,1,137.13,537.64,0,-1
475,legit_73,644.21,-1.6,12.6748,0.6666,90.0,D0E0,3,161.18,708.27,0,-1
475,legit_74,798.4,480.39,11.3954,-0.0908,180.0,E3E2,2,129.03,489.53,0,-1
475,legit_75,601.6,82.5,13.5656,-0.2867,0.0,D0D1,3,153.06,643.12,0,-1
475,legit_76,2.77,403.39,6.1732,1.9456,291.78,:A2_3,0,153.49,727.44,0,-1
475,legit_77,198.4,452.6,13.7573,0.0314,180.0,B3B2,0,104.49,582.12,0,-1
475,legit_78,262.64,998.4,12.8848,1.8588,90.0,B5C5,0,139.09,642.45,0,-1
475,legit_79,986.3,601.6,1.4013,1.4013,270.0,F3E3,0,63.72,558.23,0,-1
476,legit_60,998.7,-1.33,6.1055,-4.5,86.89,:F0_1,0,131.73,800.91,0,-1
476,legit_61,571.39,798.4,11.5533,0.2801,90.0,C4D4,2,128.32,480.31,0,-1
476,legit_63,601.6,924.33,12.1457,0.1168,0.0,D4D5,2,170.69,527.99,0,-1
476,legit_64,570.24,-1.6,12.6368,-1.0879,90.0,C0D0,3,171.01,707.68,0,-1
476,legit_65,798.4,147.29,12.8223,-0.85,180.0,E1E0,0,55.56,623.39,0,-1
476,legit_67,801.96,604.73,4.7677,-0.5254,308.02,:E3_4,1,52.18,479.15,0,-1
476,legit_68,608.01,798.4,9.8245,2.1458,90.0,D4E4,2,147.96,479.88,0,-1
476,legit_69,46.74,1.6,13.4071,-0.0007,270.0,B0A0,0,157.1,883.01,0,-1
476,legit_70,601.6,437.6,12.2619,2.1875,0.0,D2D3,0,167.46,470.42,0,-1
476,legit_71,598.4,30.14,12.9965,0.7838,180.0,D1D0,3,173.49,682.23,0,-1
476,legit_72,894.22,398.4,12.5788,-0.6761,90.0,E2F2,1,149.25,542.84,0,-1
476,legit_73,656.97,-1.6,12.7571,0.0822,90.0,D0E0,3,153.11,708.99,0,-1
476,legit_74,798.4,468.3,12.0892,0.6938,180.0,E3E2,2,118.63,491.7,0,-1
476,legit_75,601.6,95.54,13.0389,-0.5267,0.0,D0D1,3,150.4,633.85,0,-1
476,legit_76,1.6,408.62,5.4841,-0.6891,349.19,A2A3,0,156.16,727.16,0,-1
476,legit_77,198.4,439.68,12.9207,-0.8366,180.0,B3B2,0,93.23,584.66,0,-1
476,legit_78,275.35,998.4,12.7124,-0.1725,90.0,B5C5,0,149.57,636.97,0,-1
476,legit_79,982.83,601.6,3.4681,2.0667,270.0,F3E3,0,67.19,556.41,0,-1
477,legit_60,1001.52,2.65,5.2721,-0.8334,33.19,:F0_1,0,126.97,799.25,0,-1
477,legit_61,581.93,798.4,10.5344,-1.0189,90.0,C4D4,2,138.33,480.03,0,-1
477,legit_63,601.6,936.48,12.1497,0.0041,0.0,D4D5,2,177.01,533.82,0,-1
477,legit_64,583.32,-1.6,13.0745,0.4377,90.0,C0D0,3,180.45,707.35,0,-1
477,legit_65,798.4,133.99,13.2978,0.4755,180.0,E1E0,0,50.38,631.68,0,-1
477,legit_67,801.6,610.51,5.8082,1.0405,357.25,E3E4,0,52.66,479.12,0,-1
477,legit_68,619.63,798.4,11.6166,1.7921,90.0,D4E4,2,136.85,480.06,0,-1
477,legit_69,33.93,1.6,12.8075,-0.5996,270.0,B0A0,0,165.8,891.04,0,-1
477,legit_70,601.6,451.11,13.51,1.2481,0.0,D2D3,0,174.14,467.36,0,-1
477,legit_71,598.4,19.12,11.0167,-1.9797,180.0,D1D0,3,179.44,690.8,0,-1
477,legit_72,906.56,398.4,12.3332,-0.2456,90.0,E2F2,1,148.5,548.11,0,-1
477,legit_73,669.77,-1.6,12.804,0.0469,90.0,D0E0,3,145.68,709.91,0,-1
477,legit_74,798.4,456.25,12.0521,-0.0371,180.0,E3E2,1,107.73,494.03,0,-1
477,legit_75,601.6,108.62,13.0838,0.0449,0.0,D0D1,3,148.84,624.76,0,-1
477,legit_76,1.6,415.84,7.2241,1.74,0.0,A2A3,0,158.56,725.54,0,-1
477,legit_77,198.4,426.94,12.7412,-0.1795,180.0,B3B2,0,82.6,587.35,0,-1
477,legit_78,288.56,998.4,13.2087,0.4964,90.0,B5C5,0,160.8,631.46,0,-1
477,legit_79,977.65,601.6,5.1759,1.7079,270.0,F3E3,0,72.36,553.73,0,-1
478,legit_60,1001.6,8.05,5.4032,0.1311,0.24,F0F1,0,121.96,795.31,0,-1
478,legit_61,588.34,798.4,6.4073,-4.1271,90.0,C4D4,1,144.45,479.92,0,-1
478,legit_63,601.6,948.5,12.0216,-0.1281,0.0,D4D5,0,183.83,539.79,0,-1
478,legit_64,596.7,-1.6,13.3823,0.3078,90.0,:D0_6,3,190.55,707.2,0,-1
478,legit_65,798.4,120.69,13.3026,0.0048,180.0,E1E0,0,48.4,640.27,0,-1
478,legit_67,801.6,617.72,7.2095,1.4013,0.0,E3E4,0,54.56,479.33,0,-1
478,legit_68,633.48,798.4,13.8527,2.2361,90.0,D4E4,1,123.72,480.48,0,-1
478,legit_69,20.96,1.6,12.973,0.1654,270.0,B0A0,0,175.13,899.31,0,-1
478,legit_70,601.6,464.46,13.3506,-0.1594,0.0,D2D3,0,181.48,464.59,0,-1
478,legit_71,598.4,11.41,7.7081,-3.3087,180.0,D1D0,3,183.88,696.86,0,-1
478,legit_72,919.88,398.4,13.3256,0.9923,90.0,E2F2,1,135.67,553.97,0,-1
478,legit_73,682.18,-1.6,12.4066,-0.3974,90.0,D0E0,3,139.24,710.97,0,-1
478,legit_74,798.4,444.6,11.6483,-0.4038,180.0,E3E2,1,97.47,496.44,0,-1
478,legit_75,601.6,122.17,13.542,0.4582,0.0,D0D1,3,148.42,615.57,0,-1
478,legit_76,1.6,424.37,8.5291,1.305,0.0,A2A3,0,161.76,723.71,0,-1
478,legit_77,198.4,415.58,11.3563,-1.3849,180.0,B3B2,0,73.7,589.9,0,-1
478,legit_78,302.41,998.4,13.8487,0.64,90.0,B5C5,0,168.64,625.87,0,-1
478,legit_79,970.99,601.6,6.6689,1.493,270.0,F3E3,0,79.03,550.32,0,-1
479,legit_60,1001.6,15.81,7.761,2.3577,0.0,F0F1,0,114.88,789.61,0,-1
479,legit_61,596.63,798.4,8.2933,1.886,90.0,:D4_13,1,152.42,479.85,0,-1
479,legit_63,601.6,960.41,11.9123,-0.1093,0.0,D4D5,0,190.59,545.88,0,-1
479,legit_64,609.54,-1.6,12.8411,-0.5412,90.0,D0E0,3,185.78,707.24,0,-1
479,legit_65,798.4,107.17,13.5185,0.2158,180.0,E1E0,1,50.07,649.34,0,-1
479,legit_67,801.6,626.28,8.5661,1.3567,0.0,E3E4,0,57.91,479.69,0,-1
479,legit_68,646.85,798.4,13.3733,-0.4794,90.0,D4E4,1,111.22,481.09,0,-1
479,legit_69,10.58,1.6,10.3739,-2.5991,270.0,B0A0,0,182.91,906.01,0,-1
479,legit_70,601.6,477.16,12.6994,-0.6512,0.0,D2D3,0,189.07,462.18,0,-1
479,legit_71,598.18,5.68,5.7517,-1.9564,182.5,:D0_0,3,187.16,701.4,0,-1
479,legit_72,932.64,398.4,12.7614,-0.5641,90.0,E2F2,1,123.48,559.76,0,-1
479,legit_73,695.11,-1.6,12.9322,0.5256,90.0,D0E0,3,133.41,712.28,0,-1
479,legit_74,798.4,433.37,11.2285,-0.4198,180.0,E3E2,1,87.9,498.91,0,-1
479,legit_75,601.6,135.76,13.5954,0.0534,0.0,D0D1,2,149.23,606.59,0,-1
479,legit_76,1.6,434.53,10.1606,1.6315,0.0,A2A3,0,166.06,721.65,0,-1
479,legit_77,198.4,408.45,7.1317,-4.2246,180.0,B3B2,0,68.48,591.58,0,-1
479,legit_78,315.98,998.4,13.5713,-0.2774,90.0,B5C5,0,156.91,620.59,0,-1
479,legit_79,962.03,601.6,8.9592,2.2903,270.0,F3E3,0,87.99,545.8,0,-1
480,legit_60,1001.6,25.56,9.746,1.9851,0.0,F0F1,0,106.12,782.51,0,-1
480,legit_61,606.96,798.4,10.327,2.0337,90.0,:D4_13,1,148.97,479.87,0,-1
480,legit_63,601.6,973.15,12.7377,0.8254,0.0,D4D5,0,182.86,552.59,0,-1
480,legit_64,622.16,-1.6,12.6208,-0.2203,90.0,D0E0,2,176.43,707.46,0,-1
480,legit_65,798.4,93.93,13.2376,-0.2808,180.0,E1E0,1,54.97,658.51,0,-1
480,legit_67,801.6,636.19,9.9049,1.3387,0.0,E3E4,0,63.02,480.27,0,-1
480,legit_68,660.14,798.4,13.2847,-0.0886,90.0,D4E4,1,99.02,481.9,0,-1
480,legit_69,3.69,1.6,6.8902,-3.4837,270.0,B0A0,0,188.21,910.5,0,-1
480,legit_70,601.6,490.39,13.2359,0.5364,0.0,D2D3,1,184.49,459.9,0,-1
480,legit_71,594.81,1.89,5.4631,-0.2886,224.8,:D0_0,3,186.87,704.43,0,-1
480,legit_72,945.58,398.4,12.9356,0.1742,90.0,E2F2,1,111.26,565.81,0,-1
480,legit_73,707.56,-1.6,12.4557,-0.4765,90.0,D0E0,3,128.79,713.74,0,-1
480,legit_74,798.4,421.05,12.3235,1.095,180.0,E3E2,1,77.91,501.8,0,-1
480,legit_75,601.6,148.64,12.8774,-0.718,0.0,D0D1,1,151.14,598.31,0,-1
480,legit_76,1.6,446.59,12.0578,1.8972,0.0,A2A3,0,171.81,719.35,0,-1
480,legit_77,197.16,403.27,5.4514,-1.6803,194.67,:B2_0,0,64.0,593.52,0,-1
480,legit_78,328.73,998.4,12.7485,-0.8228,90.0,B5C5,0,146.17,615.81,0,-1
480,legit_79,951.42,601.6,10.6036,1.6444,270.0,F3E3,0,98.59,540.56,0,-1
480,legit_80,601.6,612.3,0.0,0.0,0.0,D3D4,1,148.91,450.89,0,-1
481,legit_60,1001.6,36.83,11.2722,1.5262,0.0,F0F1,0,96.23,774.39,0,-1
481,legit_61,618.64,798.4,11.6843,1.3573,90.0,D4E4,1,137.79,480.04,0,-1
481,legit_63,601.6,982.95,9.7963,-2.9414,0.0,D4D5,0,177.32,557.89,0,-1
481,legit_64,635.46,-1.6,13.2976,0.6768,90.0,D0E0,2,167.05,707.89,0,-1
481,legit_65,798.4,80.29,13.6429,0.4053,180.0,E1E0,1,62.61,668.24,0,-1
481,legit_67,801.6,648.47,12.2866,2.3817,0.0,E3E4,1,70.8,481.21,0,-1
481,legit_68,673.63,798.4,13.489,0.2043,90.0,D4E4,1,86.97,482.95,0,-1
481,legit_69,1.6,4.17,4.0374,-2.8528,310.03,A0A1,0,188.26,910.2,0,-1
481,legit_70,601.6,503.29,12.8942,-0.3417,0.0,D2D3,1,177.13,457.92,0,-1
481,legit_71,588.65,1.6,6.1792,0.7161,268.62,D0C0,2,182.32,704.71,0,-1
481,legit_72,958.01,398.4,12.4319,-0.5037,90.0,E2F2,0,99.68,571.78,0,-1
481,legit_73,720.57,-1.6,13.0043,0.5486,90.0,D0E0,3,125.11,715.48,0,-1
481,legit_74,798.4,408.85,12.203,-0.1205,180.0,E3E2,0,68.76,504.85,0,-1
481,legit_75,601.6,162.15,13.5113,0.6339,0.0,D0D1,0,154.27,589.85,0,-1
481,legit_76,1.6,460.33,13.7437,1.6859,0.0,A2A3,0,179.13,716.95,0,-1
481,legit_77,191.1,401.6,6.5269,1.0755,260.92,B2A2,0,58.48,597.23,0,-1
481,legit_78,342.59,998.4,13.8635,1.1151,90.0,B5C5,0,134.89,610.8,0,-1
481,legit_79,938.52,601.6,12.904,2.3004,270.0,F3E3,1,111.49,534.33,0,-1
481,legit_80,601.6,614.02,1.72,1.72,0.0,D3D4,1,149.06,450.93,0,-1
482,legit_60,1001.6,49.42,12.5872,1.315,0.0,F0F1,0,85.58,765.43,0,-1
482,legit_61,629.97,798.4,11.3261,-0.3582,90.0,D4E4,1,127.04,480.35,0,-1
482,legit_63,601.6,989.54,6.5914,-3.2049,0.0,D4D5,0,173.8,561.52,0,-1
482,legit_64,648.75,-1.6,13.293,-0.0046,90.0,D0E0,2,158.23,708.51,0,-1
482,legit_65,798.4,66.62,13.6633,0.0204,180.0,E1E0,1,72.05,678.21,0,-1
482,legit_67,801.6,660.48,12.0037,-0.2829,0.0,E3E4,1,79.5,482.34,0,-1
482,legit_68,687.49,798.4,13.8599,0.371,90.0,D4E4,1,75.09,484.26,0,-1
482,legit_69,1.6,9.71,5.5428,1.5054,0.0,A0A1,0,184.9,906.61,0,-1
482,legit_70,601.6,517.13,13.8409,0.9467,0.0,D2D3,1,169.97,456.05,0,-1
482,legit_71,579.9,1.6,8.7488,2.5697,270.0,D0C0,1,175.76,704.86,0,-1
482,legit_72,971.03,398.4,13.0166,0.5846,90.0,E2F2,0,87.81,578.21,0,-1
482,legit_73,733.34,-1.6,12.7704,-0.2339,90.0,D0E0,2,122.74,717.39,0,-1
482,legit_74,798.4,397.4,11.4456,-0.7574,180.0,:E2_1,0,61.17,507.9,0,-1
482,legit_75,601.6,175.76,13.6103,0.0989,0.0,D0D1,0,158.53,581.56,0,-1
482,legit_76,1.6,472.98,12.6454,-1.0983,0.0,A2A3,0,186.51,714.92,0,-1
482,legit_77,182.25,401.6,8.8506,2.3237,270.0,B2A2,0,52.64,602.14,0,-1
482,legit_78,356.48,998.4,13.8834,0.0198,90.0,B5C5,0,124.12,606.0,0,-1
482,legit_79,926.36,601.6,12.1602,-0.7439,270.0,F3E3,1,123.65,528.62,0,-1
482,legit_80,601.6,618.2,4.1831,2.4632,0.0,D3D4,1,149.51,451.03,0,-1
483,legit_60,1001.6,62.26,12.8411,0.2539,0.0,F0F1,0,75.34,756.43,0,-1
483,legit_61,641.32,798.4,11.3549,0.0288,90.0,D4E4,1,116.37,480.81,0,-1
483,legit_63,601.88,994.77,5.2469,-1.3444,3.23,:D5_3,0,170.89,564.45,0,-1
483,legit_64,661.36,-1.6,12.6034,-0.6896,90.0,D0E0,3,150.48,709.29,0,-1
483,legit_65,798.4,53.39,13.2305,-0.4328,180.0,E1E0,2,82.33,688.05,0,-1
483,legit_67,801.6,671.85,11.3751,-0.6286,0.0,E3E4,1,88.46,483.58,0,-1
483,legit_68,700.16,798.4,12.6691,-1.1908,90.0,D4E4,1,64.92,485.68,0,-1
483,legit_69,1.6,17.25,7.5432,2.0004,0.0,A0A1,0,180.5,901.76,0,-1
483,legit_70,601.6,529.84,12.7089,-1.132,0.0,D2D3,1,164.15,454.58,0,-1
483,legit_71,568.88,1.6,11.0225,2.2737,270.0,D0C0,1,167.78,705.17,0,-1
483,legit_72,981.54,398.4,10.514,-2.5025,90.0,E2F2,0,78.49,583.54,0,-1
483,legit_73,745.44,-1.6,12.0979,-0.6725,90.0,D0E0,2,121.69,719.4,0,-1
483,legit_74,798.4,385.76,11.6371,0.1915,180.0,E2E1,0,54.83,511.21,0,-1
483,legit_75,601.6,186.24,10.4771,-3.1332,0.0,D0D1,0,162.51,575.35,0,-1
483,legit_76,1.6,485.84,12.8588,0.2134,0.0,A2A3,0,187.23,713.05,0,-1
483,legit_77,171.93,401.6,10.3226,1.472,270.0,B2A2,0,47.03,608.03,0,-1
483,legit_78,370.34,998.4,13.8583,-0.0251,90.0,B5C5,0,114.04,601.43,0,-1
483,legit_79,913.66,601.6,12.7011,0.5409,270.0,F3E3,1,136.35,522.82,0,-1
483,legit_80,601.6,624.43,6.229,2.0459,0.0,D3D4,1,150.4,451.24,0,-1
484,legit_60,1001.6,75.98,13.7199,0.8788,0.0,F0F1,0,65.42,746.98,0,-1
484,legit_61,653.68,798.4,12.361,1.0061,90.0,D4E4,1,104.92,481.48,0,-1
484,legit_63,604.98,998.08,4.7991,-0.4478,41.63,:D5_3,0,166.56,566.33,0,-1
484,legit_64,674.74,-1.6,13.3795,0.7761,90.0,D0E0,3,143.01,710.31,0,-1
484,legit_65,798.4,39.93,13.4622,0.2317,180.0,E1E0,2,93.56,698.22,0,-1
484,legit_67,801.6,683.93,12.0759,0.7009,0.0,E3E4,2,98.52,485.07,0,-1
484,legit_68,713.45,798.4,13.2975,0.6284,90.0,D4E4,2,55.37,487.42,0,-1
484,legit_69,1.6,26.72,9.4677,1.9245,0.0,A0A1,0,175.28,895.73,0,-1
484,legit_70,601.6,543.11,13.2695,0.5605,0.0,D2D3,1,158.93,453.29,0,-1
484,legit_71,556.4,1.6,12.4764,1.4539,270.0,D0C0,1,159.19,705.69,0,-1
484,legit_72,989.17,398.4,7.6281,-2.886,90.0,E2F2,0,71.94,587.49,0,-1
484,legit_73,757.51,-1.6,12.0695,-0.0284,90.0,D0E0,2,121.83,721.61,0,-1
484,legit_74,798.4,374.53,11.2298,-0.4073,180.0,E2E1,0,50.54,514.63,0,-1
484,legit_75,601.66,193.19,6.9568,-3.5203,0.64,:D1_8,0,165.42,571.31,0,-1
484,legit_76,1.6,498.84,13.0018,0.143,0.0,A2A3,0,179.6,711.36,0,-1
484,legit_77,159.86,401.6,12.0739,1.7513,270.0,B2A2,0,42.75,615.16,0,-1
484,legit_78,384.0,998.4,13.6644,-0.1939,90.0,B5C5,0,104.95,597.16,0,-1
484,legit_79,900.4,601.6,13.2566,0.5555,270.0,F3E3,1,149.61,516.95,0,-1
484,legit_80,601.6,632.96,8.5259,2.2969,0.0,D3D4,1,152.02,451.62,0,-1
485,legit_60,1001.6,89.8,13.8169,0.0971,0.0,F0F1,0,57.05,737.68,0,-1
485,legit_61,665.67,798.4,11.9861,-0.3749,90.0,D4E4,1,94.03,482.31,0,-1
485,legit_63,610.46,998.4,5.507,0.7079,87.17,D5E5,0,161.65,566.56,0,-1
485,legit_64,688.6,-1.6,13.8655,0.486,90.0,D0E0,3,136.22,711.6,0,-1
485,legit_65,798.4,26.11,13.8258,0.3636,180.0,E1E0,2,105.63,708.82,0,-1
485,legit_67,801.6,696.21,12.2862,0.2102,0.0,E3E4,2,109.18,486.78,0,-1
485,legit_68,726.7,798.4,13.2449,-0.0526,90.0,D4E4,2,47.68,489.44,0,-1
485,legit_69,1.6,38.01,11.2927,1.825,0.0,A0A1,0,169.54,888.64,0,-1
485,legit_70,601.6,556.92,13.8141,0.5447,0.0,D2D3,1,154.53,452.22,0,-1
485,legit_71,543.9,1.6,12.4987,0.0224,270.0,D0C0,1,151.12,706.38,0,-1
485,legit_72,994.19,398.2,5.033,-2.595,92.28,:F2_6,0,67.63,590.17,0,-1
485,legit_73,769.85,-1.6,12.3379,0.2683,90.0,D0E0,2,123.21,724.05,0,-1
485,legit_74,798.4,362.68,11.8574,0.6276,180.0,E2E1,0,48.47,518.49,0,-1
485,legit_75,604.54,197.92,5.9119,-1.0448,35.71,:D1_8,0,165.02,568.6,0,-1
485,legit_76,1.6,511.81,12.9689,-0.0329,0.0,A2A3,0,172.63,709.86,0,-1
485,legit_77,146.46,401.6,13.4003,1.3264,270.0,B2A2,0,41.75,623.43,0,-1
485,legit_78,397.7,998.4,13.7027,0.0383,90.0,:C5_7,0,96.92,593.12,0,-1
485,legit_79,887.72,601.6,12.6855,-0.5711,270.0,F3E3,1,137.72,511.49,0,-1
485,legit_80,601.6,643.76,10.8041,2.2782,0.0,D3D4,1,154.72,452.27,0,-1
486,legit_60,1001.6,103.32,13.5192,-0.2978,0.0,F0F1,0,51.2,728.82,0,-1
486,legit_61,677.53,798.4,11.8595,-0.1266,90.0,D4E4,1,83.56,483.29,0,-1
486,legit_63,618.4,998.4,7.9415,2.4345,90.0,D5E5,0,154.84,566.68,0,-1
486,legit_64,702.03,-1.6,13.4324,-0.4331,90.0,D0E0,2,130.72,713.07,0,-1
486,legit_65,798.4,13.42,12.6841,-1.1418,180.0,E1E0,2,117.05,718.67,0,-1
486,legit_67,801.6,708.21,11.9968,-0.2894,0.0,E3E4,2,119.88,488.61,0,-1
486,legit_68,740.57,798.4,13.8702,0.6253,90.0,D4E4,2,42.66,491.93,0,-1
486,legit_69,1.6,51.55,13.5376,2.2449,0.0,A0A1,0,163.43,880.27,0,-1
486,legit_70,601.6,570.57,13.6488,-0.1654,0.0,D2D3,1,151.29,451.45,0,-1
486,legit_71,531.18,1.6,12.7182,0.2195,270.0,D0C0,0,143.56,707.27,0,-1
486,legit_72,998.1,394.89,5.5211,0.488,133.65,:F2_6,0,62.53,593.1,0,-1
486,legit_73,782.81,-1.6,12.9616,0.6237,90.0,D0E0,2,125.95,726.84,0,-1
486,legit_74,798.4,350.66,12.0196,0.1622,180.0,E2E1,0,49.29,522.7,0,-1
486,legit_75,610.97,198.4,6.4952,0.5832,88.01,D1E1,0,159.61,568.38,0,-1
486,legit_76,1.6,524.71,12.9047,-0.0642,0.0,A2A3,0,166.41,708.57,0,-1
486,legit_77,133.78,401.6,12.6763,-0.7241,270.0,B2A2,0,44.65,631.6,0,-1
486,legit_78,411.26,998.4,13.5523,-0.1504,90.0,C5D5,0,90.33,589.39,0,-1
486,legit_79,875.18,601.6,12.5359,-0.1496,270.0,F3E3,1,125.19,506.27,0,-1
486,legit_80,601.6,655.63,11.8689,1.0647,0.0,D3D4,1,158.48,453.18,0,-1
486,legit_81,212.3,798.4,0.0,0.0,90.0,B4C4,0,74.91,585.9,0,-1
487,legit_60,1001.6,116.14,12.8271,-0.692,0.0,F0F1,0,48.55,720.68,0,-1
487,legit_61,689.25,798.4,11.719,-0.1405,90.0,D4E4,2,73.63,484.44,0,-1
487,legit_63,628.75,998.4,10.3453,2.4037,90.0,D5E5,0,146.15,566.95,0,-1
487,legit_64,715.24,-1.6,13.2046,-0.2278,90.0,D0E0,1,126.47,714.74,0,-1
487,legit_67,801.6,720.68,12.4712,0.4744,0.0,E3E4,3,130.0,490.69,0,-1
487,legit_68,753.3,798.4,12.7285,-1.1417,90.0,D4E4,2,41.73,494.59,0,-1
487,legit_69,1.6,64.8,13.2454,-0.2922,0.0,A0A1,0,158.34,872.24,0,-1
487,legit_70,601.6,583.74,13.1687,-0.48,0.0,D2D3,1,149.29,450.98,0,-1
487,legit_71,519.0,1.6,12.1857,-0.5326,270.0,D0C0,0,137.04,708.3,0,-1
487,legit_72,998.4,388.93,5.9806,0.4596,178.17,F2F1,0,59.16,594.84,0,-1
487,legit_73,795.45,-1.6,12.6388,-0.3227,90.0,:E0_6,1,129.81,729.76,0,-1
487,legit_74,798.4,339.0,11.6554,-0.3643,180.0,E2E1,0,52.76,527.06,0,-1
487,legit_75,619.26,198.4,8.2888,1.7937,90.0,D1E1,0,152.44,568.52,0,-1
487,legit_76,1.6,537.36,12.6476,-0.2571,0.0,A2A3,0,161.08,707.49,0,-1
487,legit_77,121.11,401.6,12.6693,-0.0069,270.0,B2A2,0,50.65,640.06,0,-1
487,legit_78,424.1,998.4,12.8398,-0.7125,90.0,C5D5,0,85.61,586.11,0,-1
487,legit_79,862.24,601.6,12.9379,0.402,270.0,F3E3,1,112.25,501.05,0,-1
487,legit_80,601.6,667.48,11.8465,-0.0224,0.0,D3D4,1,163.02,454.3,0,-1
487,legit_81,214.44,798.4,2.1358,2.1358,90.0,B4C4,0,76.7,584.79,0,-1
488,legit_60,1001.6,129.75,13.6058,0.7787,0.0,F0F1,0,49.37,712.36,0,-1
488,legit_61,701.48,798.4,12.2372,0.5182,90.0,D4E4,2,63.91,485.84,0,-1
488,legit_63,640.25,998.4,11.5011,1.1558,90.0,D5E5,0,136.76,567.4,0,-1
488,legit_64,728.87,-1.6,13.6255,0.4209,90.0,D0E0,1,123.42,716.7,0,-1
488,legit_67,801.6,732.33,11.6468,-0.8243,0.0,E3E4,3,119.4,492.79,0,-1
488,legit_68,766.81,798.4,13.5097,0.7813,90.0,D4E4,2,44.87,497.82,0,-1
488,legit_69,1.6,77.51,12.712,-0.5334,0.0,A0A1,0,154.36,864.68,0,-1
488,legit_71,506.97,1.6,12.0274,-0.1582,270.0,D0C0,0,131.39,709.5,0,-1
488,legit_72,998.4,380.83,8.0976,2.117,180.0,F2F1,0,55.65,597.08,0,-1
488,legit_73,807.81,-1.6,12.3672,-0.2717,90.0,E0F0,1,134.64,732.81,0,-1
488,legit_74,798.4,327.46,11.5467,-0.1086,180.0,E2E1,0,58.32,531.61,0,-1
488,legit_75,628.9,198.4,9.6353,1.3465,90.0,D1E1,0,144.27,568.78,0,-1
488,legit_76,1.6,550.17,12.8068,0.1592,0.0,A2A3,0,156.54,706.6,0,-1
488,legit_77,107.93,401.6,13.1767,0.5074,270.0,B2A2,0,59.16,649.14,0,-1
488,legit_78,436.95,998.4,12.8534,0.0136,90.0,C5D5,0,82.64,583.1,0,-1
488,legit_79,848.98,601.6,13.259,0.3211,270.0,F3E3,1,99.0,495.89,0,-1
488,legit_80,601.6,680.12,12.6457,0.7992,0.0,D3D4,0,168.65,455.71,0,-1
488,legit_81,218.23,798.4,3.7892,1.6534,90.0,B4C4,0,79.91,582.83,0,-1
489,legit_60,1001.6,142.82,13.0688,-0.537,0.0,F0F1,0,53.51,704.67,0,-1
489,legit_61,713.52,798.4,12.0321,-0.2051,90.0,D4E4,2,55.33,487.43,0,-1
489,legit_63,652.4,998.4,12.1522,0.6511,90.0,D5E5,0,127.22,568.03,0,-1
489,legit_64,741.9,-1.6,13.0363,-0.5891,90.0,D0E0,1,121.87,718.8,0,-1
489,legit_67,801.6,744.84,12.5158,0.869,0.0,E3E4,3,108.25,495.22,0,-1
489,legit_68,779.8,798.4,12.9976,-0.5121,90.0,D4E4,2,51.17,501.29,0,-1
489,legit_69,1.6,90.83,13.3269,0.6149,0.0,A0A1,0,151.24,856.92,0,-1
489,legit_71,494.43,1.6,12.5397,0.5123,270.0,D0C0,0,126.46,710.93,0,-1
489,legit_72,998.4,370.4,10.4268,2.3292,180.0,F2F1,0,52.64,600.13,0,-1
489,legit_73,820.2,-1.6,12.3872,0.0201,90.0,E0F0,1,140.41,736.06,0,-1
489,legit_74,798.4,315.91,11.55,0.0032,180.0,E2E1,0,65.47,536.38,0,-1
489,legit_75,640.77,198.4,11.8787,2.2434,90.0,D1E1,0,134.45,569.23,0,-1
489,legit_76,1.6,563.33,13.1659,0.359,0.0,A2A3,0,152.86,705.89,0,-1
489,legit_77,94.58,401.6,13.3482,0.1715,270.0,B2A2,0,69.29,658.56,0,-1
489,legit_78,450.15,998.4,13.1998,0.3464,90.0,C5D5,0,81.6,580.28,0,-1
489,legit_79,835.92,601.6,13.0608,-0.1982,270.0,F3E3,1,85.94,490.99,0,-1
489,legit_80,601.6,692.49,12.3629,-0.2827,0.0,D3D4,0,174.86,457.32,0,-1
489,legit_81,223.77,798.4,5.541,1.7518,90.0,B4C4,0,84.69,580.0,0,-1
490,legit_60,1001.6,155.93,13.1131,0.0443,0.0,F0F1,0,60.28,697.22,0,-1
490,legit_61,725.71,798.4,12.1933,0.1613,90.0,D4E4,2,48.17,489.28,0,-1
490,legit_63,663.96,998.4,11.5586,-0.5936,90.0,D5E5,0,118.58,568.8,0,-1
490,legit_64,755.58,-1.6,13.6814,0.645,90.0,D0E0,1,121.73,721.24,0,-1
490,legit_67,801.6,756.84,11.9996,-0.5163,0.0,E3E4,2,97.86,497.72,0,-1
490,legit_68,788.3,798.4,8.4976,-4.5,90.0,D4E4,2,56.55,503.72,0,-1
490,legit_69,1.6,104.43,13.5983,0.2714,0.0,A0A1,0,149.21,849.17,0,-1
490,legit_71,481.63,1.6,12.8023,0.2625,270.0,D0C0,0,122.55,712.6,0,-1
490,legit_72,998.4,358.48,11.925,1.4982,180.0,F2F1,0,51.62,603.86,0,-1
490,legit_73,832.65,-1.6,12.4508,0.0636,90.0,E0F0,1,147.03,739.49,0,-1
490,legit_74,798.4,303.6,12.3039,0.754,180.0,E2E1,0,74.32,541.66,0,-1
490,legit_75,653.78,198.4,13.001,1.1223,90.0,D1E1,0,124.12,569.92,0,-1
490,legit_76,1.6,576.27,12.933,-0.2329,0.0,A2A3,0,150.29,705.4,0,-1
490,legit_77,81.21,401.6,13.377,0.0288,270.0,B2A2,0,80.39,668.2,0,-1
490,legit_78,462.87,998.4,12.7186,-0.4811,90.0,C5D5,0,82.61,577.86,0,-1
490,legit_79,823.67,601.6,12.256,-0.8048,270.0,F3E3,0,73.68,486.57,0,-1
490,legit_80,601.6,705.13,12.6428,0.2799,0.0,D3D4,0,181.86,459.19,0,-1
490,legit_81,230.97,798.4,7.2043,1.6633,90.0,B4C4,0,91.03,576.37,0,-1
491,legit_60,1001.6,169.45,13.5246,0.4114,0.0,F0F1,0,69.2,689.76,0,-1
491,legit_61,737.44,798.4,11.7261,-0.4672,90.0,D4E4,2,43.46,491.33,0,-1
491,legit_63,675.57,998.4,11.6133,0.0547,90.0,D5E5,0,110.44,569.73,0,-1
491,legit_64,769.33,-1.6,13.7476,0.0662,90.0,D0E0,1,123.13,723.95,0,-1
491,legit_67,801.6,768.46,11.6172,-0.3824,0.0,E3E4,2,88.21,500.3,0,-1
491,legit_68,794.46,798.16,6.1704,-2.3272,92.72,:E4_12,2,61.05,505.49,0,-1
491,legit_69,1.6,117.14,12.7097,-0.8886,0.0,A0A1,0,148.43,842.1,0,-1
491,legit_71,469.58,1.6,12.0548,-0.7475,270.0,D0C0,0,120.01,714.37,0,-1
491,legit_72,998.4,345.65,12.8226,0.8975,180.0,F2F1,0,53.56,608.16,0,-1
491,legit_73,844.73,-1.6,12.0805,-0.3703,90.0,E0F0,1,154.14,743.0,0,-1
491,legit_74,798.4,292.17,11.4332,-0.8708,180.0,E2E1,0,83.33,546.74,0,-1
491,legit_75,666.8,198.4,13.0194,0.0184,90.0,D1E1,0,114.32,570.81,0,-1
491,legit_76,1.6,586.97,10.7082,-2.2248,0.0,A2A3,0,148.97,705.15,0,-1
491,legit_77,68.02,401.6,13.1879,-0.1891,270.0,B2A2,0,91.93,677.88,0,-1
491,legit_78,476.04,998.4,13.175,0.4564,90.0,C5D5,0,85.65,575.63,0,-1
491,legit_79,814.8,601.6,8.8696,-3.3864,270.0,F3E3,0,64.82,483.47,0,-1
491,legit_80,601.6,716.89,11.757,-0.8858,0.0,D3D4,0,188.9,461.12,0,-1
491,legit_81,239.58,798.4,8.6118,1.4076,90.0,B4C4,0,98.77,572.1,0,-1
492,legit_60,1001.6,183.34,13.8824,0.3579,0.0,F0F1,1,79.71,682.33,0,-1
492,legit_61,749.28,798.4,11.844,0.1179,90.0,D4E4,2,41.61,493.71,0,-1
492,legit_63,687.64,998.4,12.0707,0.4574,90.0,D5E5,0,102.7,570.89,0,-1
492,legit_64,782.93,-1.6,13.5977,-0.1498,90.0,D0E0,1,125.98,726.87,0,-1
492,legit_67,801.6,780.94,12.483,0.8658,0.0,E3E4,2,78.42,503.27,0,-1
492,legit_68,798.27,793.68,6.4674,0.297,148.63,:E4_12,2,66.9,505.47,0,-1
492,legit_69,1.6,130.66,13.5214,0.8117,0.0,A0A1,0,148.78,834.76,0,-1
492,legit_71,456.62,1.6,12.954,0.8992,270.0,D0C0,0,118.58,716.49,0,-1
492,legit_72,998.4,332.87,12.7822,-0.0404,180.0,F2F1,1,58.3,612.74,0,-1
492,legit_73,857.74,-1.6,13.0066,0.9261,90.0,E0F0,1,162.46,746.95,0,-1
492,legit_74,798.4,280.4,11.7687,0.3355,180.0,E2E1,1,93.16,552.13,0,-1
492,legit_75,680.14,198.4,13.3462,0.3268,90.0,D1E1,1,105.01,571.95,0,-1
492,legit_76,1.65,593.18,6.2082,-4.5,0.62,:A3_6,0,148.5,705.03,0,-1
492,legit_77,54.65,401.6,13.3691,0.1811,270.0,B2A2,0,104.03,687.85,0,-1
492,legit_78,488.75,998.4,12.7044,-0.4706,90.0,C5D5,0,90.33,573.75,0,-1
492,legit_79,808.88,601.6,5.9202,-2.9493,270.0,F3E3,0,58.9,481.44,0,-1
492,legit_80,601.6,729.25,12.3611,0.6042,0.0,D3D4,0,185.17,463.36,0,-1
492,legit_81,250.2,798.4,10.6219,2.01,90.0,B4C4,1,108.5,566.95,0,-1
492,legit_82,212.3,798.4,0.0,0.0,90.0,B4C4,1,74.91,585.9,0,-1
493,legit_61,761.63,798.4,12.3475,0.5035,90.0,D4E4,2,43.19,496.54,0,-1
493,legit_63,699.69,998.4,12.0487,-0.022,90.0,D5E5,0,95.86,572.25,0,-1
493,legit_64,796.53,-1.6,13.6006,0.0028,90.0,:E0_6,1,130.2,730.02,0,-1
493,legit_67,801.6,792.43,11.49,-0.993,0.0,E3E4,2,70.18,506.18,0,-1
493,legit_68,798.4,787.32,6.3749,-0.0924,180.0,E4E3,2,71.54,503.87,0,-1
493,legit_69,1.6,143.4,12.7379,-0.7835,0.0,A0A1,0,150.23,828.02,0,-1
493,legit_71,444.46,1.6,12.1658,-0.7882,270.0,D0C0,0,118.53,718.68,0,-1
493,legit_72,998.4,319.43,13.4396,0.6574,180.0,F2F1,0,65.64,617.84,0,-1
493,legit_73,869.97,-1.6,12.2292,-0.7774,90.0,E0F0,1,170.82,750.84,0,-1
493,legit_74,798.4,268.74,11.664,-0.1047,180.0,E2E1,1,103.3,557.63,0,-1
493,legit_75,693.26,198.4,13.1235,-0.2227,90.0,D1E1,1,96.78,573.29,0,-1
493,legit_76,4.55,597.93,5.9432,-0.2651,35.91,:A3_6,0,145.46,702.67,0,-1
493,legit_77,41.46,401.6,13.1872,-0.1819,270.0,B2A2,0,116.24,697.83,0,-1
493,legit_78,502.16,998.4,13.4118,0.7074,90.0,C5D5,0,96.85,572.03,0,-1
493,legit_79,800.54,601.6,8.3348,2.4145,270.0,:E3_5,0,50.57,478.67,0,-1
493,legit_80,601.6,741.04,11.7896,-0.5715,0.0,D3D4,0,178.37,465.7,0,-1
493,legit_81,260.96,798.4,10.7559,0.134,90.0,B4C4,1,118.5,561.86,0,-1
493,legit_82,214.02,798.4,1.7178,1.7178,90.0,B4C4,1,76.35,585.0,0,-1
494,legit_61,773.76,798.4,12.1299,-0.2176,90.0,D4E4,1,47.91,499.64,0,-1
494,legit_63,711.6,998.4,11.9079,-0.1408,90.0,D5E5,0,90.18,573.79,0,-1
494,legit_64,809.49,-1.6,12.9569,-0.6436,90.0,E0F0,1,135.37,733.24,0,-1
494,legit_68,798.4,779.46,7.8568,1.4819,180.0,E4E3,1,77.51,501.92,0,-1
494,legit_69,1.6,156.97,13.5644,0.8266,0.0,A0A1,0,152.93,821.02,0,-1
494,legit_71,432.29,1.6,12.1702,0.0044,270.0,D0C0,0,119.72,721.07,0,-1
494,legit_72,998.4,306.88,12.5483,-0.8914,180.0,F2F1,0,74.05,622.82,0,-1
494,legit_73,882.81,-1.6,12.8419,0.6127,90.0,E0F0,1,180.07,755.08,0,-1
494,legit_74,798.4,256.56,12.1756,0.5116,180.0,E2E1,1,114.2,563.52,0,-1
494,legit_75,705.93,198.4,12.6622,-0.4613,90.0,D1E1,1,89.94,574.81,0,-1
494,legit_76,10.46,598.4,5.9651,0.022,87.17,A3B3,0,139.55,697.93,0,-1
494,legit_77,27.69,401.6,13.7702,0.583,270.0,B2A2,0,129.19,708.4,0,-1
494,legit_78,514.85,998.4,12.69,-0.7218,90.0,C5D5,0,104.23,570.64,0,-1
494,legit_79,790.19,601.6,10.3561,2.0214,270.0,E3D3,0,40.22,475.32,0,-1
494,legit_80,601.6,753.69,12.6539,0.8643,0.0,D3D4,0,171.67,468.42,0,-1
494,legit_81,272.95,798.4,11.9946,1.2387,90.0,B4C4,1,129.8,556.33,0,-1
494,legit_82,217.96,798.4,3.9398,2.222,90.0,B4C4,1,79.68,582.97,0,-1
495,legit_61,783.48,798.4,9.7263,-2.4036,90.0,D4E4,1,53.4,502.33,0,-1
495,legit_63,723.64,998.4,12.0403,0.1324,90.0,D5E5,0,85.75,575.58,0,-1
495,legit_64,822.55,-1.6,13.0653,0.1084,90.0,E0F0,1,141.6,736.69,0,-1
495,legit_68,798.4,769.14,10.3211,2.4642,180.0,E4E3,1,85.81,499.49,0,-1
495,legit_69,1.6,170.03,13.0657,-0.4987,0.0,A0A1,0,156.61,814.47,0,-1
495,legit_71,419.71,1.6,12.5735,0.4033,270.0,D0C0,0,122.21,723.74,0,-1
495,legit_72,998.4,293.98,12.9041,0.3558,180.0,F2F1,0,83.79,628.14,0,-1
495,legit_73,894.74,-1.6,11.9328,-0.9091,90.0,E0F0,1,189.04,759.18,0,-1
495,legit_74,798.4,244.95,11.6055,-0.5701,180.0,E2E1,1,124.81,569.29,0,-1
495,legit_75,718.68,198.4,12.752,0.0899,90.0,D1E1,1,84.42,576.59,0,-1
495,legit_76,18.47,598.4,8.0129,2.0477,90.0,A3B3,0,131.54,691.53,0,-1
495,legit_77,17.13,401.6,10.5587,-3.2115,270.0,B2A2,0,139.23,716.59,0,-1
495,legit_78,528.52,998.4,13.676,0.9861,90.0,C5D5,0,113.25,569.38,0,-1
495,legit_79,777.83,601.6,12.3517,1.9956,270.0,E3D3,0,27.88,471.5,0,-1
495,legit_80,601.6,766.46,12.7734,0.1194,0.0,D3D4,0,165.62,471.39,0,-1
495,legit_81,284.8,798.4,11.8411,-0.1535,90.0,B4C4,1,141.07,551.02,0,-1
495,legit_82,224.24,798.4,6.2846,2.3448,90.0,B4C4,1,85.1,579.76,0,-1
496,legit_61,789.41,798.4,5.9309,-3.7954,90.0,D4E4,1,57.31,504.05,0,-1
496,legit_63,735.5,998.4,11.8593,-0.181,90.0,D5E5,0,82.88,577.56,0,-1
496,legit_64,835.69,-1.6,13.138,0.0727,90.0,E0F0,1,148.76,740.36,0,-1
496,legit_68,798.4,756.96,12.1828,1.8617,180.0,E4E3,1,96.12,496.77,0,-1
496,legit_69,1.6,181.98,11.9509,-1.1148,0.0,A0A1,0,160.82,808.63,0,-1
496,legit_71,406.55,1.6,13.1614,0.5879,270.0,:C0_4,0,126.12,726.76,0,-1
496,legit_72,998.4,281.06,12.9242,0.0201,180.0,F2F1,0,94.31,633.66,0,-1
496,legit_73,907.85,-1.6,13.1124,1.1796,90.0,E0F0,1,187.06,763.86,0,-1
496,legit_74,798.4,233.32,11.6343,0.0289,180.0,E2E1,1,123.22,575.2,0,-1
496,legit_75,731.91,198.4,13.2303,0.4783,90.0,D1E1,1,80.46,578.7,0,-1
496,legit_76,28.07,598.4,9.5951,1.5822,90.0,A3B3,0,121.94,683.93,0,-1
496,legit_77,10.18,401.6,6.9591,-3.5995,270.0,B2A2,0,145.88,722.04,0,-1
496,legit_78,542.35,998.4,13.8285,0.1524,90.0,C5D5,0,123.24,568.36,0,-1
496,legit_79,764.54,601.6,13.2901,0.9383,270.0,E3D3,0,14.63,467.57,0,-1
496,legit_80,601.6,779.3,12.8341,0.0607,0.0,D3D4,0,160.33,474.61,0,-1
496,legit_81,296.15,798.4,11.3552,-0.4859,90.0,B4C4,1,151.96,546.06,0,-1
496,legit_82,232.63,798.4,8.3908,2.1061,90.0,B4C4,1,92.51,575.54,0,-1
497,legit_61,797.28,798.4,7.87,1.9391,90.0,:E4_13,1,62.98,506.42,0,-1
497,legit_63,747.36,998.4,11.8606,0.0013,90.0,D5E5,0,81.64,579.79,0,-1
497,legit_64,849.56,-1.6,13.8677,0.7297,90.0,E0F0,1,157.16,744.44,0,-1
497,legit_68,798.4,743.91,13.0409,0.8581,180.0,E4E3,2,107.59,494.06,0,-1
497,legit_69,1.6,189.43,7.4509,-4.5,0.0,A0A1,0,163.84,805.06,0,-1
497,legit_71,393.5,1.6,13.0467,-0.1147,270.0,:C0_4,0,131.19,729.96,0,-1
497,legit_72,998.4,268.27,12.7832,-0.141,180.0,F2F1,0,105.24,639.29,0,-1
497,legit_73,920.39,-1.6,12.5397,-0.5727,90.0,E0F0,1,177.72,768.49,0,-1
497,legit_74,798.4,221.78,11.5394,-0.095,180.0,E2E1,1,112.7,581.2,0,-1
497,legit_75,745.53,198.4,13.6209,0.3906,90.0,D1E1,1,78.53,581.18,0,-1
497,legit_76,39.09,598.4,11.0228,1.4277,90.0,A3B3,0,110.92,675.28,0,-1
497,legit_77,4.43,402.14,5.827,-1.1321,276.31,:A2_3,0,151.55,726.43,0,-1
497,legit_78,556.11,998.4,13.7612,-0.0673,90.0,C5D5,0,133.86,567.57,0,-1
497,legit_79,751.9,601.6,12.6442,-0.6459,270.0,E3D3,1,2.48,464.05,0,-1
497,legit_80,601.6,787.63,8.3341,-4.5,0.0,D3D4,0,157.37,476.83,0,-1
497,legit_81,307.41,798.4,11.2583,-0.0969,90.0,B4C4,1,148.54,541.28,0,-1
497,legit_82,243.21,798.4,10.5743,2.1835,90.0,B4C4,1,102.07,570.33,0,-1
498,legit_61,807.24,798.4,9.956,2.086,90.0,E4F4,2,70.76,509.55,0,-1
498,legit_63,759.39,998.4,12.0274,0.1667,90.0,D5E5,0,82.14,582.29,0,-1
498,legit_64,862.59,-1.6,13.0313,-0.8364,90.0,E0F0,1,165.72,748.47,0,-1
498,legit_68,798.4,730.08,13.8394,0.7985,180.0,E4E3,3,120.11,491.4,0,-1
498,legit_69,1.6,192.57,3.1346,-4.3164,0.0,A0A1,0,165.19,803.58,0,-1
498,legit_71,381.17,1.6,12.3321,-0.7146,270.0,C0B0,0,136.95,733.18,0,-1
498,legit_72,998.4,255.23,13.0391,0.2559,180.0,F2F1,0,116.78,645.2,0,-1
498,legit_73,932.87,-1.6,12.4781,-0.0615,90.0,E0F0,1,168.84,773.26,0,-1
498,legit_74,798.4,213.06,8.7192,-2.8202,180.0,E2E1,1,104.9,585.83,0,-1
498,legit_75,758.69,198.4,13.1627,-0.4582,90.0,D1E1,1,78.88,583.89,0,-1
498,legit_76,51.43,598.4,12.3352,1.3124,90.0,A3B3,0,98.59,665.7,0,-1
498,legit_77,1.69,406.6,5.574,-0.2531,331.62,:A2_3,0,155.46,727.55,0,-1
498,legit_78,569.61,998.4,13.4966,-0.2645,90.0,C5D5,0,144.79,567.01,0,-1
498,legit_79,739.35,601.6,12.5504,-0.0938,270.0,E3D3,1,10.77,461.76,0,-1
498,legit_80,601.6,792.57,4.9363,-3.3977,0.0,D3D4,0,155.8,478.19,0,-1
498,legit_81,318.88,798.4,11.4737,0.2154,90.0,B4C4,1,137.56,536.54,0,-1
498,legit_82,255.1,798.4,11.8946,1.3203,90.0,B4C4,1,113.04,564.62,0,-1
498,legit_83,798.4,787.7,0.0,0.0,180.0,E4E3,2,71.26,503.97,0,-1
499,legit_61,818.79,798.4,11.5498,1.5939,90.0,E4F4,2,80.39,513.34,0,-1
499,legit_63,772.01,998.4,12.6201,0.5927,90.0,D5E5,0,84.52,585.17,0,-1
499,legit_64,875.83,-1.6,13.2387,0.2074,90.0,E0F0,1,174.98,752.75,0,-1
499,legit_68,798.4,716.47,13.607,-0.2325,180.0,E4E3,3,126.12,489.0,0,-1
499,legit_69,-0.47,194.16,3.0916,-0.043,329.43,:A1_11,0,167.75,804.36,0,-1
499,legit_71,368.2,1.6,12.9674,0.6354,270.0,C0B0,0,143.91,736.75,0,-1
499,legit_72,998.4,242.32,12.9136,-0.1255,180.0,F2F1,0,128.5,651.22,0,-1
499,legit_73,945.95,-1.6,13.0756,0.5974,90.0,E0F0,1,160.04,778.43,0,-1
499,legit_74,798.4,207.82,5.2389,-3.4802,180.0,E2E1,1,100.28,588.64,0,-1
499,legit_75,772.23,198.4,13.535,0.3722,90.0,D1E1,1,81.49,586.97,0,-1
499,legit_76,64.76,598.4,13.3284,0.9932,90.0,A3B3,0,85.26,655.48,0,-1
499,legit_77,1.6,412.19,5.5959,0.022,359.99,A2A3,0,157.31,726.35,0,-1
499,legit_78,582.64,998.4,13.0295,-0.4671,90.0,C5D5,0,155.73,566.66,0,-1
499,legit_79,726.88,601.6,12.4665,-0.0839,270.0,E3D3,1,23.17,459.87,0,-1
499,legit_80,600.37,794.22,2.1562,-2.7801,344.65,:D4_19,0,156.48,478.65,0,-1
499,legit_81,330.04,798.4,11.1538,-0.3199,90.0,B4C4,1,126.97,532.07,0,-1
499,legit_82,267.87,798.4,12.7645,0.8699,90.0,B4C4,1,124.99,558.66,0,-1
499,legit_83,798.4,785.69,2.0091,2.0091,180.0,E4E3,2,72.75,503.46,0,-1
