step,vehicle_id,x,y,speed,accel,angle,edge_id,n_neighbors,min_rsu_dist,mean_rsu_dist,is_sybil,attacker_id
0,legit_0,787.7,401.6,0.0,0.0,270.0,E2D2,0,56.14,503.55,0,-1
1,legit_0,785.52,401.6,2.1817,2.1817,270.0,E2D2,0,54.7,502.91,0,-1
2,legit_0,780.9,401.6,4.6221,2.4405,270.0,E2D2,0,51.82,501.6,0,-1
3,legit_0,774.1,401.6,6.7966,2.1745,270.0,E2D2,0,48.08,499.73,0,-1
3,sybil_2,601.6,410.4,18.7415,0.0,0.0,D2D3,0,156.72,477.37,1,2
4,legit_0,765.91,401.6,8.1917,1.3951,270.0,E2D2,0,44.54,497.6,0,-1
4,sybil_2,601.6,412.11,0.0,-18.7415,0.0,D2D3,0,157.28,476.9,1,2
5,legit_0,756.32,401.6,9.586,1.3944,270.0,E2D2,0,42.08,495.28,0,-1
5,sybil_2,601.6,416.02,10.0354,10.0354,0.0,D2D3,0,158.62,475.84,1,2
6,legit_0,744.69,401.6,11.6307,2.0446,270.0,E2D2,2,41.94,492.75,0,-1
6,legit_1,412.3,598.4,0.0,0.0,90.0,C3D3,0,37.73,474.54,0,-1
6,sybil_2,601.6,421.38,8.1051,-1.9303,0.0,D2D3,2,160.59,474.43,1,2
6,sybil_3,601.6,411.9,0.0,0.0,0.0,D2D3,2,157.21,476.96,1,3
7,legit_0,731.21,401.6,13.4848,1.8541,270.0,E2D2,2,45.65,490.21,0,-1
7,legit_1,413.62,598.4,1.3189,1.3189,90.0,C3D3,0,36.42,474.13,0,-1
7,sybil_2,601.6,428.16,8.4103,0.3051,0.0,D2D3,2,163.3,472.71,1,2
7,sybil_3,601.6,414.47,2.8138,2.8138,0.0,D2D3,2,158.08,476.26,1,3
8,legit_0,717.82,401.6,13.3908,-0.094,270.0,E2D2,2,52.6,488.05,0,-1
8,legit_1,417.44,598.4,3.819,2.5001,90.0,C3D3,0,32.6,472.94,0,-1
8,sybil_2,601.6,437.45,16.8494,8.4391,0.0,D2D3,2,167.4,470.45,1,2
8,sybil_3,601.6,418.48,12.7584,9.9446,0.0,D2D3,2,159.51,475.19,1,3
9,legit_0,704.14,401.6,13.6795,0.2887,270.0,E2D2,2,61.92,486.17,0,-1
9,legit_1,423.52,598.4,6.0859,2.2669,90.0,C3D3,0,26.52,471.09,0,-1
9,sybil_2,601.6,448.41,15.4205,-1.4289,0.0,D2D3,2,172.74,467.95,1,2
9,sybil_3,601.6,424.69,0.0,-12.7584,0.0,D2D3,2,161.89,473.59,1,3
10,legit_0,691.26,401.6,12.8726,-0.8068,270.0,E2D2,2,71.98,484.66,0,-1
10,legit_1,431.4,598.4,7.8763,1.7904,90.0,C3D3,0,18.67,468.75,0,-1
10,sybil_2,601.6,460.59,0.0,-15.4205,0.0,D2D3,2,179.28,465.36,1,2
10,sybil_3,601.6,432.36,5.7101,5.7101,0.0,D2D3,2,165.1,471.68,1,3
11,legit_0,677.85,401.6,13.4167,0.5441,270.0,E2D2,2,83.29,483.32,0,-1
11,legit_1,441.52,598.4,10.115,2.2387,90.0,C3D3,0,8.63,465.85,0,-1
11,sybil_2,601.6,473.31,24.971,24.971,0.0,D2D3,2,186.71,462.88,1,2
11,sybil_3,601.6,442.5,17.2631,11.553,0.0,D2D3,2,169.79,469.28,1,3
11,sybil_6,198.4,790.3,0.0,0.0,180.0,B4B3,0,69.37,591.28,1,6
12,legit_0,664.89,401.6,12.9612,-0.4555,270.0,E2D2,2,94.74,482.25,0,-1
12,legit_1,454.22,598.4,12.7022,2.5872,90.0,C3D3,0,4.51,462.81,0,-1
12,legit_2,601.6,812.3,0.0,0.0,0.0,D4D5,0,150.96,484.0,0,-1
12,sybil_2,601.6,486.19,8.2162,-16.7548,0.0,D2D3,2,187.02,460.6,1,2
12,sybil_3,601.6,455.03,15.647,-1.6161,0.0,D2D3,2,176.22,466.52,1,3
12,sybil_6,198.4,788.38,0.0,0.0,180.0,B4B3,0,70.76,590.83,1,6
13,legit_0,651.68,401.6,13.202,0.2408,270.0,E2D2,2,106.76,481.36,0,-1
13,legit_1,467.83,598.4,13.6082,0.9061,90.0,C3D3,0,17.9,460.65,0,-1
13,legit_2,601.6,814.81,2.5069,2.5069,0.0,D4D5,0,150.52,484.78,0,-1
13,sybil_2,601.6,499.02,17.1306,8.9144,0.0,D2D3,2,179.5,458.55,1,2
13,sybil_3,601.6,468.02,21.1533,5.5063,0.0,D2D3,2,183.55,463.89,1,3
13,sybil_4,189.1,1001.6,1.7748,0.0,270.0,B5A5,0,87.61,679.31,1,4
13,sybil_6,198.4,784.74,8.2407,8.2407,180.0,B4B3,0,73.46,589.98,1,6
14,legit_0,638.98,401.6,12.701,-0.501,270.0,E2D2,2,118.56,480.71,0,-1
14,legit_1,481.21,598.4,13.3802,-0.228,90.0,C3D3,1,31.25,458.74,0,-1
14,legit_2,601.6,819.43,4.6246,2.1177,0.0,D4D5,0,149.82,486.24,0,-1
14,sybil_2,601.6,511.29,21.9091,4.7785,0.0,D2D3,3,172.89,456.81,1,2
14,sybil_3,601.6,481.4,22.5422,1.3889,0.0,D2D3,2,189.97,461.42,1,3
14,sybil_4,186.55,1001.6,13.7109,11.9361,270.0,B5A5,0,86.5,680.65,1,4
14,sybil_6,198.4,779.1,6.2909,-1.9498,180.0,B4B3,1,77.79,588.69,1,6
14,sybil_7,198.4,788.5,6.6787,0.0,180.0,B4B3,1,70.67,590.86,1,7
15,legit_0,626.12,401.6,12.8642,0.1632,270.0,E2D2,2,130.68,480.23,0,-1
15,legit_1,494.11,598.4,12.9026,-0.4776,90.0,C3D3,2,44.14,457.09,0,-1
15,legit_2,601.6,825.39,5.9631,1.3386,0.0,D4D5,0,149.12,488.18,0,-1
15,sybil_2,601.6,523.04,9.8248,-12.0842,0.0,D2D3,3,167.17,455.34,1,2
15,sybil_3,601.6,494.34,17.0616,-5.4806,0.0,D2D3,3,182.17,459.27,1,3
15,sybil_4,181.47,1001.6,8.4671,-5.2437,270.0,B5A5,0,84.48,683.35,1,4
15,sybil_6,198.4,771.01,8.4206,2.1297,180.0,B4B3,1,84.27,586.9,1,6
15,sybil_7,198.4,786.3,0.0,-6.6787,180.0,B4B3,1,72.29,590.34,1,7
16,legit_0,615.83,401.6,10.289,-2.5752,270.0,E2D2,2,140.47,479.99,0,-1
16,legit_1,506.79,598.4,12.6818,-0.2208,90.0,C3D3,2,56.81,455.66,0,-1
16,legit_2,601.6,832.98,7.5902,1.6271,0.0,D4D5,0,148.57,490.72,0,-1
16,sybil_2,601.6,535.74,6.213,-3.6119,0.0,D2D3,3,161.72,453.97,1,2
16,sybil_3,601.6,507.07,9.3438,-7.7177,0.0,D2D3,3,175.1,457.38,1,3
16,sybil_4,174.39,1001.6,11.3682,2.9011,270.0,B5A5,1,82.11,687.16,1,4
16,sybil_5,188.6,1001.6,7.2704,0.0,270.0,B5A5,1,87.39,679.57,1,5
16,sybil_6,198.4,761.04,0.0,-8.4206,180.0,B4B3,1,92.61,584.81,1,6
16,sybil_7,198.4,781.83,0.0,0.0,180.0,B4B3,1,75.67,589.31,1,7
17,legit_0,610.04,401.6,5.789,-4.5,270.0,E2D2,2,146.01,479.9,0,-1
17,legit_1,519.88,598.4,13.0932,0.4114,90.0,C3D3,2,69.9,454.38,0,-1
17,legit_2,601.6,841.94,8.9578,1.3676,0.0,D4D5,0,148.41,493.83,0,-1
17,sybil_2,601.6,547.94,15.4219,9.2089,0.0,D2D3,3,157.27,452.88,1,2
17,sybil_3,601.6,520.29,19.6408,10.297,0.0,D2D3,3,168.45,455.66,1,3
17,sybil_4,165.14,1001.6,0.0,-11.3682,270.0,B5A5,1,79.85,692.27,1,4
17,sybil_5,186.2,1001.6,0.0,-7.2704,270.0,B5A5,1,86.35,680.84,1,5
17,sybil_6,198.4,749.19,15.6761,15.6761,180.0,B4B3,1,102.9,582.46,1,6
17,sybil_7,198.4,774.84,14.3543,14.3543,180.0,B4B3,1,81.17,587.74,1,7
18,legit_0,603.54,402.68,6.7242,0.9352,282.69,:D2_4,1,152.55,479.54,0,-1
18,legit_1,533.04,598.4,13.1557,0.0625,90.0,C3D3,2,83.05,453.29,0,-1
18,legit_2,601.6,853.01,11.0633,2.1055,0.0,D4D5,0,148.97,497.84,0,-1
18,legit_3,798.4,787.7,0.0,0.0,180.0,E4E3,0,71.26,503.97,0,-1
18,sybil_2,601.6,559.95,11.7687,-3.6531,0.0,D2D3,2,153.71,452.03,1,2
18,sybil_3,601.6,533.41,13.2224,-6.4184,0.0,D2D3,3,162.66,454.21,1,3
18,sybil_4,153.88,1001.6,7.9674,7.9674,270.0,B5A5,1,78.5,698.66,1,4
18,sybil_5,181.44,1001.6,22.8256,22.8256,270.0,B5A5,1,84.47,683.36,1,5
18,sybil_6,198.4,736.16,1.5005,-14.1756,180.0,B4B3,1,114.56,580.05,1,6
18,sybil_7,198.4,766.09,4.662,-9.6923,180.0,B4B3,1,88.35,585.86,1,7
19,legit_0,601.6,407.73,5.6772,-1.047,343.65,D2D3,1,155.89,478.11,0,-1
19,legit_1,545.74,598.4,12.6993,-0.4564,90.0,C3D3,2,95.75,452.43,0,-1
19,legit_2,601.6,866.2,13.1937,2.1305,0.0,D4D5,0,150.69,502.86,0,-1
19,legit_3,798.4,786.37,1.3282,1.3282,180.0,E4E3,0,72.24,503.63,0,-1
19,sybil_2,601.6,572.31,1.4149,-10.3539,0.0,D2D3,2,150.96,451.37,1,2
19,sybil_3,601.6,547.23,9.7745,-3.448,0.0,D2D3,3,157.5,452.94,1,3
19,sybil_4,141.81,1001.6,5.8326,-2.1348,270.0,B5A5,1,78.83,705.73,1,4
19,sybil_5,174.46,1001.6,16.1658,-6.6598,270.0,B5A5,1,82.13,687.13,1,5
19,sybil_6,198.4,722.78,14.1719,12.6714,180.0,B4B3,1,126.82,577.76,1,6
19,sybil_7,198.4,755.66,6.3498,1.6878,180.0,B4B3,1,97.24,583.72,1,7
20,legit_0,601.6,414.98,7.2472,1.57,0.0,D2D3,1,158.26,476.12,0,-1
20,legit_1,559.38,598.4,13.6399,0.9406,90.0,C3D3,2,109.39,451.7,0,-1
20,legit_2,601.6,878.83,12.6296,-0.5642,0.0,D4D5,0,153.4,507.91,0,-1
20,legit_3,798.4,783.61,2.7664,1.4382,180.0,E4E3,0,74.32,502.94,0,-1
20,sybil_2,601.6,584.2,4.227,2.8121,0.0,D2D3,2,149.24,450.97,1,2
20,sybil_3,601.6,560.34,0.0,-9.7745,0.0,D2D3,3,153.61,452.0,1,3
20,sybil_4,129.87,1001.6,14.0249,8.1922,270.0,B5A5,1,80.94,712.95,1,4
20,sybil_5,165.29,1001.6,18.3303,2.1645,270.0,B5A5,1,79.88,692.19,1,5
20,sybil_6,198.4,709.78,30.3105,16.1386,180.0,B4B3,1,119.98,575.71,1,6
20,sybil_7,198.4,744.57,8.837,2.4872,180.0,B4B3,1,107.0,581.58,1,7
20,sybil_8,201.6,209.0,1.645,0.0,0.0,B1B2,0,102.88,667.47,1,8
21,legit_0,601.6,424.32,9.3436,2.0964,0.0,D2D3,1,161.74,473.68,0,-1
21,legit_1,572.44,598.4,13.0655,-0.5744,90.0,C3D3,2,122.45,451.2,0,-1
21,legit_2,601.6,891.87,13.0444,0.4148,0.0,D4D5,0,157.21,513.37,0,-1
21,legit_3,798.4,778.29,5.3114,2.545,180.0,E4E3,0,78.42,501.64,0,-1
21,sybil_2,601.6,591.72,16.6325,12.4056,0.0,D2D3,2,148.63,450.83,1,2
21,sybil_3,601.6,572.59,20.171,20.171,0.0,D2D3,3,150.91,451.36,1,3
21,sybil_4,117.93,1001.6,1.506,-12.5188,270.0,B5A5,1,84.7,720.37,1,4
21,sybil_5,154.61,1001.6,7.385,-10.9453,270.0,B5A5,1,78.54,698.24,1,5
21,sybil_6,198.4,697.1,8.9979,-21.3125,180.0,B4B3,1,108.49,573.87,1,6
21,sybil_7,198.4,734.3,1.2827,-7.5543,180.0,B4B3,1,116.25,579.72,1,7
21,sybil_8,201.6,210.3,7.8174,6.1725,0.0,B1B2,0,104.01,666.82,1,8
22,legit_0,601.6,436.16,11.843,2.4994,0.0,D2D3,1,166.8,470.76,0,-1
22,legit_1,583.39,598.4,10.9435,-2.122,90.0,C3D3,2,133.4,450.93,0,-1
22,legit_2,601.6,905.29,13.4189,0.3745,0.0,D4D5,0,162.13,519.24,0,-1
22,legit_3,798.4,770.56,7.7377,2.4262,180.0,E4E3,0,84.65,499.81,0,-1
22,sybil_2,601.15,595.95,6.274,-10.3585,354.82,:D3_10,2,148.9,450.79,1,2
22,sybil_3,601.6,580.9,9.5663,-10.6048,0.0,D2D3,3,149.62,451.06,1,3
22,sybil_4,106.1,1001.6,15.1961,13.69,270.0,B5A5,1,89.85,727.92,1,4
22,sybil_5,142.84,1001.6,10.6753,3.2903,270.0,B5A5,1,78.73,705.12,1,5
22,sybil_6,198.4,684.41,5.5789,-3.419,180.0,B4B3,1,97.3,572.21,1,6
22,sybil_7,198.4,724.0,2.3748,1.0921,180.0,B4B3,1,125.69,577.96,1,7
22,sybil_8,201.6,213.27,1.671,-6.1464,0.0,B1B2,0,106.59,665.33,1,8
23,legit_0,601.6,449.93,13.7656,1.9226,0.0,D2D3,2,173.52,467.62,0,-1
23,legit_1,589.83,598.4,6.4435,-4.5,90.0,C3D3,3,139.84,450.83,0,-1
23,legit_2,601.6,917.9,12.6092,-0.8097,0.0,D4D5,0,167.6,524.98,0,-1
23,legit_3,798.4,761.13,9.4242,1.6865,180.0,E4E3,0,92.53,497.68,0,-1
23,sybil_2,597.36,600.62,4.652,-1.6221,315.71,:D3_18,2,147.36,450.78,1,2
23,sybil_3,601.6,586.6,16.1549,6.5886,0.0,D2D3,3,149.0,450.91,1,3
23,sybil_4,94.98,1001.6,11.5274,-3.6687,270.0,B5A5,1,95.78,735.17,1,4
23,sybil_5,130.57,1001.6,5.3118,-5.3635,270.0,B5A5,1,80.77,712.52,1,5
23,sybil_6,198.4,671.43,20.3231,14.7442,180.0,B4B3,1,86.29,570.69,1,6
23,sybil_7,198.4,713.65,14.574,12.1991,180.0,B4B3,1,123.53,576.3,1,7
23,sybil_8,201.6,218.2,2.8697,1.1987,0.0,B1B2,1,110.93,662.88,1,8
23,sybil_9,201.6,207.7,0.0,0.0,0.0,B1B2,1,101.75,668.13,1,9
24,legit_0,601.6,462.83,12.901,-0.8646,0.0,D2D3,3,180.55,464.91,0,-1
24,legit_1,592.44,598.4,2.606,-3.8376,90.0,C3D3,3,142.45,450.81,0,-1
24,legit_2,601.6,930.74,12.837,0.2278,0.0,D4D5,0,173.94,531.04,0,-1
24,legit_3,798.4,750.33,10.8018,1.3776,180.0,E4E3,0,101.9,495.37,0,-1
24,legit_4,987.7,201.6,0.0,0.0,270.0,F1E1,0,102.66,665.86,0,-1
24,sybil_2,590.59,601.6,18.4422,13.7902,274.54,D3C3,3,140.6,450.82,1,2
24,sybil_3,601.49,593.56,0.0,-16.1549,358.75,:D3_10,3,148.65,450.81,1,3
24,sybil_4,83.67,1001.6,7.6874,-3.84,270.0,B5A5,1,102.69,742.7,1,4
24,sybil_5,117.61,1001.6,8.2341,2.9223,270.0,B5A5,1,84.83,720.57,1,5
24,sybil_6,198.4,657.79,15.2137,-5.1094,180.0,B4B3,1,75.38,569.31,1,6
24,sybil_7,198.4,703.24,16.9223,2.3483,180.0,B4B3,1,114.02,574.74,1,7
24,sybil_8,201.6,225.04,10.1631,7.2934,0.0,B1B2,1,117.03,659.52,1,8
24,sybil_9,201.6,210.17,0.0,0.0,0.0,B1B2,1,103.89,666.89,1,9
25,legit_0,601.6,475.85,13.015,0.114,0.0,D2D3,3,188.26,462.42,0,-1
25,legit_1,592.69,598.4,0.2569,-2.349,90.0,C3D3,3,142.7,450.8,0,-1
25,legit_2,601.6,943.48,12.7408,-0.0962,0.0,D4D5,0,180.92,537.27,0,-1
25,legit_3,798.4,738.97,11.3569,0.5551,180.0,E4E3,0,112.02,493.09,0,-1
25,legit_4,985.34,201.6,2.3616,2.3616,270.0,F1E1,0,104.11,664.7,0,-1
25,sybil_2,581.71,601.6,0.0,-18.4422,270.0,D3C3,3,131.72,450.96,1,2
25,sybil_3,598.93,599.68,17.9871,17.9871,331.63,:D3_18,3,148.93,450.77,1,3
25,sybil_4,71.92,1001.6,17.3338,9.6464,270.0,B5A5,1,110.65,750.66,1,4
25,sybil_5,105.73,1001.6,9.1141,0.8801,270.0,B5A5,1,90.04,728.16,1,5
25,sybil_6,198.4,644.37,7.3201,-7.8936,180.0,B4B3,1,65.66,568.16,1,6
25,sybil_7,198.4,692.76,19.2159,2.2936,180.0,B4B3,1,104.62,573.29,1,7
25,sybil_8,201.6,233.42,14.1085,3.9454,0.0,B1B2,1,124.6,655.46,1,8
25,sybil_9,201.6,214.86,0.0,0.0,0.0,B1B2,1,107.99,664.54,1,9
26,legit_0,601.6,488.57,12.721,-0.294,0.0,D2D3,3,185.58,460.2,0,-1
26,legit_1,595.4,598.4,2.705,2.448,90.0,:D3_13,3,145.41,450.79,0,-1
26,legit_2,601.6,956.53,13.0482,0.3073,0.0,D4D5,0,188.68,543.87,0,-1
26,legit_3,798.4,727.85,11.1243,-0.2327,180.0,E4E3,0,122.15,490.99,0,-1
26,legit_4,981.61,201.6,3.725,1.3634,270.0,F1E1,0,106.47,662.88,0,-1
26,sybil_2,570.34,601.6,9.6633,9.6633,270.0,D3C3,3,120.35,451.27,1,2
26,sybil_3,592.03,601.6,5.9942,-11.993,278.38,D3C3,3,142.04,450.81,1,3
26,sybil_4,60.11,1001.6,10.0441,-7.2897,270.0,B5A5,1,119.27,758.81,1,4
26,sybil_5,92.78,1001.6,14.4298,5.3156,270.0,B5A5,1,97.06,736.63,1,5
26,sybil_6,198.4,631.23,0.0,-7.3201,180.0,B4B3,1,57.6,567.29,1,6
26,sybil_7,198.4,681.28,10.5249,-8.691,180.0,B4B3,1,94.6,571.83,1,7
26,sybil_8,201.6,243.42,13.5317,-0.5768,0.0,B1B2,1,127.49,650.7,1,8
26,sybil_9,201.6,221.84,5.5471,5.5471,0.0,B1B2,1,114.17,661.08,1,9
27,legit_0,601.6,502.36,13.7879,1.0669,0.0,D2D3,3,177.64,458.06,0,-1
27,legit_1,600.61,598.4,5.2124,2.5074,90.0,:D3_13,3,149.4,450.77,0,-1
27,legit_2,601.6,969.8,13.2721,0.2239,0.0,D4D5,0,184.84,550.8,0,-1
27,legit_3,798.4,716.95,10.8976,-0.2266,180.0,E4E3,0,126.57,489.08,0,-1
27,legit_4,976.27,201.6,5.344,1.6191,270.0,F1E1,0,109.98,660.29,0,-1
27,sybil_2,558.52,601.6,25.5426,15.8793,270.0,D3C3,3,108.54,451.74,1,2
27,sybil_3,582.33,601.6,10.9357,4.9415,270.0,D3C3,3,132.34,450.95,1,3
27,sybil_4,47.82,1001.6,0.0,-10.0441,270.0,B5A5,1,128.79,767.41,1,4
27,sybil_5,80.74,1001.6,14.599,0.1692,270.0,B5A5,1,104.61,744.67,1,5
27,sybil_6,198.4,617.45,8.3602,8.3602,180.0,B4B3,1,51.45,566.66,1,6
27,sybil_7,198.4,669.95,11.0376,0.5127,180.0,B4B3,1,85.06,570.53,1,7
27,sybil_8,201.6,255.83,18.2739,4.7422,0.0,B1B2,1,116.25,644.92,1,8
27,sybil_9,201.6,231.4,20.3294,14.7824,0.0,B1B2,1,122.77,656.43,1,9
28,legit_0,601.6,515.43,13.0714,-0.7165,0.0,D2D3,3,170.81,456.27,0,-1
28,legit_1,607.97,598.4,7.364,2.1516,90.0,D3E3,3,142.03,450.81,0,-1
28,legit_2,601.6,981.92,12.1199,-1.1522,0.0,D4D5,0,177.88,557.33,0,-1
28,legit_3,798.4,706.12,10.8272,-0.0704,180.0,E4E3,0,116.64,487.31,0,-1
28,legit_4,969.2,201.6,7.0709,1.7269,270.0,F1E1,0,114.84,656.92,0,-1
28,sybil_2,546.65,601.6,11.815,-13.7276,270.0,D3C3,3,96.66,452.37,1,2
28,sybil_3,571.22,601.6,18.6588,7.7231,270.0,D3C3,3,121.23,451.24,1,3
28,sybil_4,35.72,1001.6,12.6155,12.6155,270.0,B5A5,1,138.59,776.01,1,4
28,sybil_5,68.31,1001.6,23.9981,9.3992,270.0,B5A5,1,113.23,753.14,1,5
28,sybil_6,198.4,607.48,9.7288,1.3686,180.0,B4B3,1,48.97,566.42,1,6
28,sybil_7,198.4,658.7,0.0,-11.0376,180.0,B4B3,1,76.08,569.39,1,7
28,sybil_8,201.6,269.21,19.4814,1.2075,0.0,B1B2,1,104.43,638.87,1,8
28,sybil_9,201.6,242.76,24.087,3.7575,0.0,B1B2,1,128.09,651.01,1,9
29,legit_0,601.6,529.28,13.8504,0.779,0.0,D2D3,3,164.39,454.64,0,-1
29,legit_1,617.66,598.4,9.6854,2.3215,90.0,D3E3,3,132.35,450.95,0,-1
29,legit_2,601.6,989.54,7.6199,-4.5,0.0,D4D5,0,173.8,561.53,0,-1
29,legit_3,798.4,694.84,11.2833,0.4561,180.0,E4E3,0,106.48,485.6,0,-1
29,legit_4,960.39,201.6,8.8057,1.7348,270.0,F1E1,0,121.19,652.81,0,-1
29,sybil_0,798.4,188.9,0.0,0.0,180.0,E1E0,0,84.2,599.05,1,0
29,sybil_2,534.15,601.6,13.2064,1.3915,270.0,D3C3,3,84.16,453.21,1,2
29,sybil_3,558.69,601.6,15.8679,-2.7909,270.0,D3C3,3,108.7,451.73,1,3
29,sybil_4,24.05,1001.6,0.0,-12.6155,270.0,B5A5,1,148.36,784.41,1,4
29,sybil_5,56.19,1001.6,8.8584,-15.1398,270.0,B5A5,1,122.26,761.54,1,5
29,sybil_6,196.21,602.52,9.2774,-0.4514,206.68,:B3_0,1,46.28,567.55,1,6
29,sybil_7,198.4,647.17,11.8566,11.8566,180.0,B4B3,1,67.58,568.38,1,7
29,sybil_8,201.6,281.9,20.909,1.4276,0.0,B1B2,1,93.61,633.29,1,8
29,sybil_9,201.6,256.5,27.7096,3.6227,0.0,B1B2,1,115.65,644.62,1,9
30,legit_0,601.6,542.87,13.5944,-0.256,0.0,D2D3,3,159.02,453.31,0,-1
30,legit_1,629.81,598.4,12.1484,2.463,90.0,D3E3,3,120.2,451.27,0,-1
30,legit_2,601.52,992.91,3.3967,-4.2232,359.13,:D5_5,0,172.13,563.41,0,-1
30,legit_3,798.4,683.61,11.2337,-0.0497,180.0,E4E3,0,96.61,484.05,0,-1
30,legit_4,949.32,201.6,11.0754,2.2697,270.0,F1E1,0,129.6,647.76,0,-1
30,legit_5,991.7,1001.6,0.0,0.0,270.0,F5E5,0,97.7,669.5,0,-1
30,sybil_0,798.4,187.27,0.998,0.998,180.0,E1E0,0,82.87,599.97,1,0
30,sybil_2,521.12,601.6,9.3035,-3.903,270.0,D3C3,3,71.14,454.27,1,2
30,sybil_3,545.36,601.6,0.0,-15.8679,270.0,D3C3,3,95.38,452.45,1,3
30,sybil_4,12.63,1001.6,10.7422,10.7422,270.0,B5A5,1,158.17,792.73,1,4
30,sybil_5,43.81,1001.6,12.8317,3.9733,270.0,B5A5,1,132.0,770.25,1,5
30,sybil_6,189.91,601.6,0.0,-9.2774,266.58,B3A3,1,39.94,570.98,1,6
30,sybil_7,198.4,635.75,0.0,-11.8566,180.0,B4B3,1,60.17,567.56,1,7
30,sybil_8,201.6,295.47,6.7342,-14.1747,0.0,B1B2,1,82.62,627.52,1,8
30,sybil_9,201.6,270.18,24.0256,-3.6841,0.0,B1B2,1,103.59,638.44,1,9
31,legit_0,601.6,556.02,13.1472,-0.4471,0.0,D2D3,3,154.78,452.28,0,-1
31,legit_1,642.83,598.4,13.0165,0.8681,90.0,D3E3,3,107.19,451.8,0,-1
31,legit_2,598.87,993.51,3.683,0.2862,304.7,:D5_5,0,172.17,563.74,0,-1
31,legit_3,798.4,672.08,11.5255,0.2918,180.0,E4E3,0,86.82,482.62,0,-1
31,legit_4,936.19,201.6,13.13,2.0546,270.0,F1E1,1,140.04,641.94,0,-1
31,legit_5,989.95,1001.6,1.7541,1.7541,270.0,F5E5,0,98.76,668.63,0,-1
31,sybil_0,798.4,184.0,8.7535,7.7555,180.0,E1E0,1,80.24,601.81,1,0
31,sybil_2,509.28,601.6,14.0597,4.7563,270.0,D3C3,3,59.3,455.4,1,2
31,sybil_3,532.33,601.6,20.6484,20.6484,270.0,D3C3,3,82.35,453.34,1,3
31,sybil_4,3.82,1001.6,1.6385,-9.1037,270.0,B5A5,1,165.88,799.21,1,4
31,sybil_5,30.93,1001.6,16.7778,3.9462,270.0,B5A5,1,142.57,779.45,1,5
31,sybil_6,181.17,601.6,20.5019,20.5019,270.0,B3A3,1,31.22,575.8,1,6
31,sybil_7,198.4,624.96,16.7816,16.7816,180.0,B4B3,1,54.46,566.96,1,7
31,sybil_8,201.6,308.45,21.5283,14.7941,0.0,B1B2,1,72.94,622.18,1,8
31,sybil_9,201.6,283.38,23.9436,-0.082,0.0,B1B2,1,92.37,632.65,1,9
32,legit_0,601.6,568.74,12.7175,-0.4297,0.0,D2D3,3,151.66,451.54,0,-1
32,legit_1,655.91,598.4,13.0826,0.0661,90.0,D3E3,2,94.11,452.53,0,-1
32,legit_2,598.4,990.91,2.7403,-0.9426,216.13,D5D4,0,173.09,562.29,0,-1
32,legit_3,798.4,661.4,10.6831,-0.8423,180.0,E4E3,0,78.18,481.44,0,-1
32,legit_4,922.58,201.6,13.6086,0.4786,270.0,F1E1,2,151.31,636.1,0,-1
32,legit_5,985.98,1001.6,3.9699,2.2158,270.0,F5E5,0,101.22,666.67,0,-1
32,sybil_0,798.4,179.0,18.3088,9.5553,180.0,E1E0,2,76.32,604.65,1,0
32,sybil_1,798.4,191.0,2.8452,0.0,180.0,E1E0,2,85.93,597.88,1,1
32,sybil_2,496.26,601.6,5.6431,-8.4166,270.0,D3C3,2,46.29,456.84,1,2
32,sybil_3,519.85,601.6,19.5939,-1.0545,270.0,D3C3,3,69.87,454.38,1,3
32,sybil_4,-0.54,1000.16,9.127,7.4885,252.61,:A5_0,1,170.4,801.77,1,4
32,sybil_5,19.51,1001.6,1.5571,-15.2207,270.0,B5A5,1,152.23,787.71,1,5
32,sybil_6,170.58,601.6,7.5408,-12.9611,270.0,B3A3,1,20.64,581.76,1,6
32,sybil_7,198.4,614.47,10.9369,-5.8447,180.0,B4B3,1,50.52,566.57,1,7
32,sybil_8,201.6,321.76,13.0266,-8.5017,0.0,B1B2,1,64.22,616.93,1,8
32,sybil_9,201.6,296.14,16.1201,-7.8235,0.0,B1B2,1,82.1,627.24,1,9
33,legit_0,601.6,582.39,13.6558,0.9383,0.0,D2D3,3,149.44,451.02,0,-1
33,legit_1,668.88,598.4,12.9768,-0.1058,90.0,D3E3,2,81.13,453.44,0,-1
33,legit_2,598.4,985.95,4.9559,2.2156,180.0,D5D4,0,175.69,559.54,0,-1
33,legit_3,798.4,649.55,11.8513,1.1682,180.0,E4E3,1,69.26,480.3,0,-1
33,legit_4,908.84,201.6,13.7365,0.1278,270.0,F1E1,2,163.05,630.4,0,-1
33,legit_5,980.33,1001.6,5.6504,1.6805,270.0,F5E5,0,104.89,663.91,0,-1
33,sybil_0,798.4,172.24,8.4136,-9.8953,180.0,E1E0,2,71.21,608.54,1,0
33,sybil_1,798.4,189.02,0.0,-2.8452,180.0,E1E0,2,84.3,598.98,1,1
33,sybil_2,483.34,601.6,13.8543,8.2112,270.0,D3C3,2,33.37,458.45,1,2
33,sybil_3,506.08,601.6,7.7472,-11.8467,270.0,D3C3,2,56.1,455.74,1,3
33,sybil_4,-1.6,995.63,6.3547,-2.7723,193.97,A5A4,1,173.5,800.46,1,4
33,sybil_5,10.97,1001.6,5.1457,3.5886,270.0,B5A5,1,159.61,793.95,1,5
33,sybil_6,158.03,601.6,7.0745,-0.4662,270.0,B3A3,1,8.19,588.95,1,6
33,sybil_7,198.4,608.35,0.0,-10.9369,180.0,B4B3,1,49.11,566.43,1,7
33,sybil_8,201.6,334.85,15.8225,2.7958,0.0,B1B2,1,57.4,612.02,1,8
33,sybil_9,201.6,309.98,11.1769,-4.9432,0.0,B1B2,1,71.87,621.57,1,9
34,legit_0,601.6,595.98,13.5921,-0.0637,0.0,:D3_9,3,148.45,450.79,0,-1
34,legit_1,682.44,598.4,13.558,0.5812,90.0,D3E3,2,67.58,454.59,0,-1
34,legit_2,598.4,978.48,7.4703,2.5144,180.0,D5D4,0,179.8,555.46,0,-1
34,legit_3,798.4,637.88,11.6626,-0.1888,180.0,E4E3,1,61.46,479.37,0,-1
34,legit_4,896.25,201.6,12.5914,-1.1451,270.0,F1E1,2,167.47,625.34,0,-1
34,legit_5,972.62,1001.6,7.7079,2.0575,270.0,F5E5,0,110.16,660.22,0,-1
34,sybil_0,798.4,163.48,3.6628,-4.7507,180.0,E1E0,2,65.06,613.66,1,0
34,sybil_1,798.4,185.3,0.8218,0.8218,180.0,E1E0,2,81.28,601.08,1,1
34,sybil_2,471.15,601.6,16.4746,2.6202,270.0,D3C3,2,21.21,460.15,1,2
34,sybil_3,493.24,601.6,20.7294,12.9822,270.0,D3C3,2,43.27,457.2,1,3
34,sybil_4,-1.6,988.45,9.8384,3.4837,180.0,A5A4,1,177.1,797.2,1,4
34,sybil_5,5.27,1001.6,0.0,-5.1457,270.0,B5A5,1,164.6,798.14,1,5
34,sybil_6,144.16,601.6,4.3438,-2.7307,270.0,B3A3,1,6.06,597.67,1,6
34,sybil_7,197.45,603.75,14.453,14.453,191.2,:B3_0,1,47.6,566.89,1,7
34,sybil_8,201.6,348.13,5.94,-9.8825,0.0,B1B2,1,52.95,607.31,1,8
34,sybil_9,201.6,323.18,19.2715,8.0947,0.0,B1B2,1,63.39,616.39,1,9
35,legit_0,601.6,609.61,13.63,0.0379,0.0,D3D4,3,148.71,450.85,0,-1
35,legit_1,695.22,598.4,12.7729,-0.785,90.0,D3E3,2,54.81,455.88,0,-1
35,legit_2,598.4,968.67,9.8099,2.3396,180.0,D5D4,0,185.52,550.21,0,-1
35,legit_3,798.4,626.62,11.2681,-0.3944,180.0,E4E3,1,55.24,478.68,0,-1
35,legit_4,883.38,201.6,12.8727,0.2813,270.0,F1E1,2,156.36,620.35,0,-1
35,legit_5,963.12,1001.6,9.4976,1.7897,270.0,F5E5,0,117.02,655.76,0,-1
35,sybil_0,798.4,153.39,10.4489,6.786,180.0,E1E0,2,58.8,619.68,1,0
35,sybil_1,798.4,179.23,4.6215,3.7997,180.0,E1E0,2,76.49,604.52,1,1
35,sybil_2,458.58,601.6,9.3201,-7.1545,270.0,D3C3,2,8.72,462.09,1,2
35,sybil_3,480.51,601.6,11.0829,-9.6465,270.0,D3C3,2,30.55,458.83,1,3
35,sybil_4,-1.6,979.81,13.281,3.4426,180.0,A5A4,1,181.71,793.35,1,4
35,sybil_5,0.51,1000.95,16.0092,16.0092,262.37,:A5_0,1,169.11,801.35,1,5
35,sybil_6,131.32,601.6,0.0,-4.3438,270.0,B3A3,1,18.75,606.63,1,6
35,sybil_7,194.02,601.77,0.0,-14.453,235.12,:B3_0,1,44.05,568.74,1,7
35,sybil_8,201.6,361.14,17.0353,11.0953,0.0,B1B2,1,51.61,603.0,1,8
35,sybil_9,201.6,336.33,21.4104,2.1388,0.0,B1B2,1,56.77,611.48,1,9
36,legit_0,601.6,622.28,12.6675,-0.9625,0.0,D3D4,2,150.06,451.16,0,-1
36,legit_1,708.72,598.4,13.5052,0.7322,90.0,D3E3,2,41.31,457.44,0,-1
36,legit_2,598.4,956.58,12.0964,2.2865,180.0,D5D4,0,188.71,543.9,0,-1
36,legit_3,798.4,615.76,10.8552,-0.4129,180.0,E4E3,1,50.9,478.22,0,-1
36,legit_4,869.62,201.6,13.7607,0.888,270.0,F1E1,2,144.8,615.2,0,-1
36,legit_5,952.16,1001.6,10.963,1.4654,270.0,F5E5,0,125.38,650.73,0,-1
36,legit_6,387.7,1001.6,0.0,0.0,270.0,C5B5,0,100.14,597.8,0,-1
36,sybil_0,798.4,140.88,5.4934,-4.9555,180.0,E1E0,2,52.71,627.35,1,0
36,sybil_1,798.4,171.81,12.7383,8.1168,180.0,E1E0,2,70.9,608.79,1,1
36,sybil_2,446.32,601.6,0.0,-9.3201,270.0,D3C3,1,4.01,464.53,1,2
36,sybil_3,467.62,601.6,0.0,-11.0829,270.0,D3C3,2,17.69,460.68,1,3
36,sybil_4,-1.6,968.75,10.0591,-3.2219,180.0,A5A4,1,188.04,788.52,1,4
36,sybil_5,-1.6,996.62,2.5655,-13.4437,205.31,A5A4,1,173.01,800.92,1,5
36,sybil_6,118.63,601.6,6.1052,6.1052,270.0,B3A3,1,31.41,615.64,1,6
36,sybil_7,189.29,601.6,22.5531,22.5531,267.59,B3A3,1,39.32,571.32,1,7
36,sybil_8,201.6,374.35,14.751,-2.2843,0.0,B1B2,1,53.56,598.95,1,8
36,sybil_9,201.6,349.53,1.8481,-19.5622,0.0,B1B2,1,52.65,606.83,1,9
37,legit_0,601.6,636.09,13.8087,1.1412,0.0,D3D4,2,152.73,451.79,0,-1
37,legit_1,721.5,598.4,12.7761,-0.7291,90.0,D3E3,2,28.55,459.11,0,-1
37,legit_2,598.4,942.96,13.622,1.5256,180.0,D5D4,0,180.62,537.01,0,-1
37,legit_3,798.4,604.67,11.093,0.2377,180.0,:E3_1,1,48.62,477.98,0,-1
37,legit_4,855.75,201.6,13.8712,0.1105,270.0,F1E1,2,133.57,610.21,0,-1
37,legit_5,940.11,1001.6,12.0491,1.0861,270.0,F5E5,0,134.99,645.36,0,-1
37,legit_6,385.1,1001.6,2.5964,2.5964,270.0,C5B5,0,101.77,598.58,0,-1
37,sybil_0,798.4,127.58,10.7807,5.2874,180.0,E1E0,2,48.99,635.78,1,0
37,sybil_1,798.4,162.26,7.1815,-5.5568,180.0,E1E0,2,64.25,614.38,1,1
37,sybil_2,433.4,601.6,15.3694,15.3694,270.0,D3C3,1,16.68,468.17,1,2
37,sybil_3,455.94,601.6,29.863,29.863,270.0,D3C3,2,6.15,462.52,1,3
37,sybil_4,-1.6,956.92,17.9109,7.8519,180.0,A5A4,1,191.45,783.51,1,4
37,sybil_5,-1.6,989.73,2.231,-0.3345,180.0,A5A4,1,176.44,797.78,1,5
37,sybil_6,105.93,601.6,12.1984,6.0933,270.0,B3A3,1,44.09,624.8,1,6
37,sybil_7,182.42,601.6,10.1295,-12.4237,270.0,B3A3,1,32.46,575.11,1,7
37,sybil_8,201.6,387.64,10.1774,-4.5736,0.0,B1B2,1,58.54,595.19,1,8
37,sybil_9,201.6,363.04,0.0,-1.8481,0.0,B1B2,1,51.69,602.4,1,9
38,legit_0,601.6,649.73,13.6388,-0.17,0.0,D3D4,1,156.51,452.7,0,-1
38,legit_1,734.98,598.4,13.485,0.7089,90.0,D3E3,2,15.1,461.07,0,-1
38,legit_2,598.4,929.85,13.1048,-0.5172,180.0,D5D4,0,173.48,530.61,0,-1
38,legit_3,798.4,593.59,11.075,-0.018,180.0,:E3_1,1,48.82,478.01,0,-1
38,legit_4,842.98,201.6,12.7659,-1.1053,270.0,F1E1,2,123.71,605.82,0,-1
38,legit_5,927.88,1001.6,12.2295,0.1804,270.0,F5E5,0,145.12,640.06,0,-1
38,legit_6,380.31,1001.6,4.7916,2.1952,270.0,C5B5,0,104.9,600.05,0,-1
38,sybil_0,798.4,114.49,23.0082,12.2274,180.0,E1E0,2,48.71,644.39,1,0
38,sybil_1,798.4,151.25,23.6606,16.479,180.0,E1E0,2,57.61,620.98,1,1
38,sybil_2,421.5,601.6,15.4624,0.0929,270.0,D3C3,1,28.55,471.7,1,2
38,sybil_3,443.62,601.6,7.7847,-22.0783,270.0,D3C3,1,6.58,465.27,1,3
38,sybil_4,-1.6,944.66,0.0,-17.9109,180.0,A5A4,1,184.22,778.46,1,4
38,sybil_5,-1.6,980.92,16.0496,13.8186,180.0,A5A4,1,181.11,793.84,1,5
38,sybil_6,92.49,601.6,10.7105,-1.4879,270.0,B3A3,1,57.53,634.66,1,6
38,sybil_7,173.92,601.6,18.3167,8.1873,270.0,B3A3,1,23.97,579.87,1,7
38,sybil_8,201.6,401.15,15.9631,5.7856,0.0,:B2_9,1,66.0,591.66,1,8
38,sybil_9,201.6,376.32,18.279,18.279,0.0,B1B2,1,54.12,598.37,1,9
39,legit_0,601.6,663.23,13.5017,-0.1371,0.0,D3D4,0,161.31,453.87,0,-1
39,legit_1,748.78,598.4,13.7987,0.3137,90.0,D3E3,1,2.01,463.34,0,-1
39,legit_2,598.4,917.2,12.6493,-0.4555,180.0,D5D4,0,167.28,524.65,0,-1
39,legit_3,798.4,581.87,11.7233,0.6483,180.0,E3E2,1,51.68,478.3,0,-1
39,legit_4,830.0,201.6,12.984,0.2181,270.0,F1E1,2,114.27,601.54,0,-1
39,legit_5,915.92,1001.6,11.9634,-0.2661,270.0,F5E5,0,155.32,635.03,0,-1
39,legit_6,373.84,1001.6,6.4741,1.6826,270.0,C5B5,0,109.3,602.07,0,-1
39,sybil_0,798.4,100.64,12.2527,-10.7555,180.0,E1E0,2,52.13,653.83,1,0
39,sybil_1,798.4,138.73,9.0457,-14.6148,180.0,E1E0,2,51.9,628.69,1,1
39,sybil_2,413.23,601.6,14.5975,-0.8649,270.0,D3C3,1,36.81,474.25,1,2
39,sybil_3,432.07,601.6,10.7859,3.0013,270.0,D3C3,1,18.0,468.55,1,3
39,sybil_4,-1.6,933.36,15.7372,15.7372,180.0,A5A4,1,178.04,773.95,1,4
39,sybil_5,-1.6,969.67,6.2169,-9.8327,180.0,A5A4,1,187.5,788.92,1,5
39,sybil_6,79.89,601.6,15.042,4.3315,270.0,B3A3,1,70.13,644.04,1,6
39,sybil_7,163.05,601.6,12.261,-6.0557,270.0,B3A3,1,13.15,586.06,1,7
39,sybil_8,201.6,414.52,20.4169,4.4538,0.0,B2B3,1,75.07,588.41,1,8
39,sybil_9,201.6,390.03,14.7594,-3.5195,0.0,B1B2,1,59.7,594.55,1,9
40,legit_0,601.6,675.89,12.6575,-0.8442,0.0,D3D4,0,166.68,455.21,0,-1
40,legit_1,761.87,598.4,13.0862,-0.7125,90.0,D3E3,1,11.97,466.81,0,-1
40,legit_2,598.4,904.17,13.0329,0.3836,180.0,D5D4,0,161.68,518.74,0,-1
40,legit_3,798.4,570.69,11.1825,-0.5407,180.0,E3E2,1,56.58,478.82,0,-1
40,legit_4,818.96,201.6,11.0384,-1.9456,270.0,F1E1,2,106.84,598.07,0,-1
40,legit_5,903.8,1001.6,12.1143,0.1509,270.0,F5E5,0,165.89,630.08,0,-1
40,legit_6,365.62,1001.6,8.2196,1.7455,270.0,C5B5,0,115.18,604.72,0,-1
40,sybil_0,798.4,87.93,22.7963,10.5436,180.0,E1E0,2,58.06,662.76,1,0
40,sybil_1,798.4,125.75,19.0986,10.0528,180.0,E1E0,2,48.74,636.96,1,1
40,sybil_2,408.41,601.6,9.5797,-5.0178,270.0,D3C3,1,41.62,475.77,1,2
40,sybil_3,422.99,601.6,12.7196,1.9337,270.0,D3C3,1,27.06,471.25,1,3
40,sybil_4,-1.6,921.38,0.0,-15.7372,180.0,A5A4,1,172.06,769.32,1,4
40,sybil_5,-1.6,956.88,8.5807,2.3639,180.0,A5A4,1,191.42,783.49,1,5
40,sybil_6,66.62,601.6,14.6389,-0.403,270.0,B3A3,1,83.39,654.06,1,6
40,sybil_7,151.73,601.6,0.0,-12.261,270.0,B3A3,1,2.36,592.65,1,7
40,sybil_8,201.6,427.12,12.9984,-7.4185,0.0,B2B3,1,84.66,585.56,1,8
40,sybil_9,201.6,403.08,14.6488,-0.1106,0.0,:B2_9,1,67.22,591.17,1,9
41,legit_0,601.6,689.51,13.6238,0.9663,0.0,D3D4,0,173.31,456.92,0,-1
41,legit_1,774.73,598.4,12.862,-0.2242,90.0,D3E3,1,24.78,470.56,0,-1
41,legit_2,598.4,891.5,12.6643,-0.3685,180.0,D5D4,0,157.08,513.21,0,-1
41,legit_3,798.4,559.44,11.244,0.0614,180.0,E3E2,1,63.15,479.57,0,-1
41,legit_4,811.9,201.6,7.057,-3.9815,270.0,F1E1,2,102.42,595.93,0,-1
41,legit_5,891.04,1001.6,12.761,0.6467,270.0,F5E5,0,161.37,625.04,0,-1
41,legit_6,355.69,1001.6,9.9321,1.7125,270.0,C5B5,0,122.64,608.02,0,-1
41,sybil_0,798.4,75.32,30.1726,7.3763,180.0,E1E0,2,65.87,671.84,1,0
41,sybil_1,798.4,112.92,0.0,-19.0986,180.0,E1E0,2,48.92,645.44,1,1
41,sybil_2,402.92,603.13,0.0079,-9.5717,288.36,:C3_4,1,47.18,477.54,1,2
41,sybil_3,418.0,601.6,12.0655,-0.6542,270.0,D3C3,1,32.04,472.77,1,3
41,sybil_4,-1.6,909.69,7.1618,7.1618,180.0,A5A4,1,166.85,764.96,1,4
41,sybil_5,-1.6,945.0,3.9654,-4.6153,180.0,A5A4,1,184.41,778.6,1,5
41,sybil_6,53.58,601.6,12.2288,-2.4102,270.0,B3A3,1,96.43,664.04,1,6
41,sybil_7,140.37,601.6,14.3363,14.3363,270.0,B3A3,1,9.76,600.3,1,7
41,sybil_8,201.6,440.1,9.0892,-3.9092,0.0,B2B3,1,95.28,582.81,1,8
41,sybil_9,201.6,416.87,1.9045,-12.7443,0.0,B2B3,1,76.79,587.87,1,9
42,legit_0,601.6,702.5,12.9906,-0.6332,0.0,D3D4,0,180.36,458.78,0,-1
42,legit_1,784.08,598.4,9.3502,-3.5118,90.0,D3E3,1,34.12,473.41,0,-1
42,legit_2,598.4,878.08,13.4255,0.7611,180.0,D5D4,0,153.21,507.6,0,-1
42,legit_3,798.4,547.71,11.73,0.486,180.0,E3E2,1,71.25,480.54,0,-1
42,legit_4,808.49,201.6,3.4139,-3.6431,270.0,F1E1,2,100.4,594.92,0,-1
42,legit_5,878.82,1001.6,12.2162,-0.5448,270.0,F5E5,0,150.8,620.36,0,-1
42,legit_6,344.72,1001.6,10.9704,1.0383,270.0,C5B5,0,131.27,611.8,0,-1
42,legit_7,187.7,801.6,0.0,0.0,270.0,B4A4,0,53.81,599.89,0,-1
42,sybil_0,798.4,62.0,6.6768,-23.4958,180.0,E1E0,2,75.54,681.63,1,0
42,sybil_1,798.4,100.0,6.0419,6.0419,180.0,E1E0,2,52.37,654.27,1,1
42,sybil_2,401.6,607.96,0.0,-0.0079,345.06,C3C4,1,49.05,478.03,1,2
42,sybil_3,412.23,601.6,1.4081,-10.6573,270.0,D3C3,1,37.8,474.56,1,3
42,sybil_4,-1.6,897.51,11.257,4.0952,180.0,A5A4,1,162.14,760.57,1,4
42,sybil_5,-1.6,932.02,24.6193,20.6539,180.0,A5A4,1,177.34,773.43,1,5
42,sybil_6,40.01,601.6,16.7465,4.5177,270.0,B3A3,1,110.01,674.56,1,6
42,sybil_7,129.99,601.6,19.7732,5.4368,270.0,B3A3,1,20.07,607.56,1,7
42,sybil_8,201.6,452.93,3.0126,-6.0766,0.0,B2B3,1,106.29,580.28,1,8
42,sybil_9,201.6,429.81,23.8952,21.9907,0.0,B2B3,1,86.81,584.97,1,9
43,legit_0,601.6,715.79,13.2916,0.3009,0.0,D3D4,1,188.23,460.94,0,-1
43,legit_1,790.56,598.4,6.4779,-2.8723,90.0,D3E3,1,40.59,475.44,0,-1
43,legit_2,598.4,864.55,13.5334,0.1079,180.0,D5D4,1,150.42,502.22,0,-1
43,legit_3,798.4,536.62,11.0901,-0.6399,180.0,E3E2,1,79.74,481.64,0,-1
43,legit_4,802.9,200.78,5.7011,2.2872,260.47,:E1_6,1,96.56,593.75,0,-1
43,legit_5,865.96,1001.6,12.8591,0.6429,270.0,F5E5,0,139.98,615.61,0,-1
43,legit_6,332.9,1001.6,11.812,0.8416,270.0,C5B5,0,140.92,616.02,0,-1
43,legit_7,185.65,801.6,2.0528,2.0528,270.0,B4A4,0,52.4,601.03,0,-1
43,sybil_0,798.4,48.32,12.7965,6.1197,180.0,E1E0,1,86.49,691.86,1,0
43,sybil_1,798.4,87.5,20.8023,14.7604,180.0,E1E0,2,58.3,663.07,1,1
43,sybil_2,401.6,615.05,0.5723,0.5723,0.0,C3C4,1,50.69,478.2,1,2
43,sybil_3,408.21,601.6,0.0,-1.4081,270.0,D3C3,1,41.82,475.83,1,3
43,sybil_4,-1.6,885.75,0.0,-11.257,180.0,A5A4,1,158.35,756.49,1,4
43,sybil_5,-1.6,920.1,10.8666,-13.7527,180.0,A5A4,1,171.46,768.84,1,5
43,sybil_6,26.38,601.6,21.7866,5.0401,270.0,B3A3,1,123.63,685.27,1,6
43,sybil_7,119.35,601.6,7.3836,-12.3895,270.0,B3A3,1,30.69,615.13,1,7
43,sybil_8,201.6,466.77,13.6319,10.6194,0.0,B2B3,1,118.58,577.75,1,8
43,sybil_9,201.6,443.2,13.056,-10.8393,0.0,B2B3,1,97.9,582.19,1,9
44,legit_0,601.6,728.83,13.0387,-0.2529,0.0,D3D4,1,185.42,463.29,0,-1
44,legit_1,798.08,599.81,7.7982,1.3203,74.31,:E3_14,1,48.08,477.86,0,-1
44,legit_2,598.4,851.11,13.4318,-0.1016,180.0,D5D4,1,148.82,497.14,0,-1
44,legit_3,798.4,525.51,11.1154,0.0253,180.0,E3E2,1,88.83,482.91,0,-1
44,legit_4,798.77,195.41,7.1428,1.4417,208.2,:E1_6,1,89.81,595.53,0,-1
44,legit_5,853.24,1001.6,12.7274,-0.1317,270.0,F5E5,0,129.63,611.09,0,-1
44,legit_6,321.71,1001.6,11.1904,-0.6216,270.0,C5B5,0,150.35,620.16,0,-1
44,legit_7,181.64,801.6,4.0109,1.9581,270.0,B4A4,0,49.75,603.27,0,-1
44,sybil_0,798.4,34.78,16.5391,3.7426,180.0,E1E0,1,98.01,702.15,1,0
44,sybil_1,798.4,75.01,19.4101,-1.3923,180.0,E1E0,2,66.08,672.06,1,1
44,sybil_2,401.6,623.84,3.4715,2.8992,0.0,C3C4,1,53.95,478.54,1,2
44,sybil_3,402.56,603.73,7.692,7.692,295.93,:C3_4,1,47.58,477.66,1,3
44,sybil_4,-1.6,873.92,27.6599,27.6599,180.0,A5A4,1,155.35,752.55,1,4
44,sybil_5,-1.6,907.58,21.1232,10.2566,180.0,A5A4,1,165.98,764.19,1,5
44,sybil_6,15.68,601.6,9.1611,-12.6255,270.0,B3A3,1,134.33,693.76,1,6
44,sybil_7,108.97,601.6,16.2819,8.8982,270.0,B3A3,1,41.06,622.6,1,7
44,sybil_8,201.6,480.39,0.0,-13.6319,0.0,B2B3,1,130.26,575.46,1,8
44,sybil_9,201.6,456.19,5.9905,-7.0654,0.0,B2B3,1,109.16,579.67,1,9
45,legit_0,601.6,742.67,13.834,0.7953,0.0,D3D4,1,177.47,466.04,0,-1
45,legit_1,801.56,606.91,8.3376,0.5394,14.51,:E3_14,1,52.02,479.05,0,-1
45,legit_2,598.4,837.76,13.3538,-0.078,180.0,D5D4,1,148.42,492.36,0,-1
45,legit_3,798.4,514.31,11.199,0.0836,180.0,E3E2,1,98.41,484.33,0,-1
45,legit_4,798.4,187.98,7.4503,0.3075,180.3,E1E0,1,83.45,599.57,0,-1
45,legit_5,840.37,1001.6,12.8695,0.1421,270.0,F5E5,0,119.64,606.7,0,-1
45,legit_6,309.61,1001.6,12.1018,0.9114,270.0,C5B5,0,160.8,624.78,0,-1
45,legit_7,175.58,801.6,6.0518,2.0409,270.0,B4A4,0,46.14,606.69,0,-1
45,sybil_0,798.4,22.12,15.0871,-1.452,180.0,E1E0,1,109.19,711.9,1,0
45,sybil_1,798.4,62.36,12.2171,-7.193,180.0,E1E0,2,75.27,681.37,1,1
45,sybil_2,401.6,633.95,4.1857,0.7142,0.0,C3C4,1,59.12,479.11,1,2
45,sybil_3,401.6,608.87,12.0272,4.3351,350.76,C3C4,1,49.21,478.04,1,3
45,sybil_4,-1.6,862.19,8.7784,-18.8815,180.0,A5A4,1,153.21,748.81,1,4
45,sybil_5,-1.6,895.35,12.0946,-9.0286,180.0,A5A4,1,161.39,759.81,1,5
45,sybil_6,9.32,601.6,1.538,-7.6231,270.0,B3A3,1,140.69,698.84,1,6
45,sybil_7,97.88,601.6,5.6998,-10.582,270.0,B3A3,2,52.15,630.69,1,7
45,sybil_8,201.6,494.08,20.9026,20.9026,0.0,B2B3,2,117.82,573.34,1,8
45,sybil_9,201.6,469.84,0.0,-5.9905,0.0,B2B3,1,121.35,577.22,1,9
46,legit_0,601.6,756.16,13.4958,-0.3382,0.0,D3D4,1,170.44,468.97,0,-1
46,legit_1,801.6,615.19,8.2867,-0.0508,0.0,E3E4,1,53.79,479.24,0,-1
46,legit_2,598.4,824.73,13.0329,-0.3209,180.0,D5D4,1,149.18,487.96,0,-1
46,legit_3,798.4,502.51,11.8025,0.6035,180.0,E3E2,1,108.85,485.99,0,-1
46,legit_4,798.4,178.45,9.533,2.0827,180.0,E1E0,1,75.89,604.97,0,-1
46,legit_5,828.78,1001.6,11.5848,-1.2847,270.0,F5E5,0,111.15,602.91,0,-1
46,legit_6,298.29,1001.6,11.3224,-0.7793,270.0,C5B5,0,167.74,629.25,0,-1
46,legit_7,167.83,801.6,7.7499,1.6982,270.0,B4A4,0,42.34,611.17,0,-1
46,sybil_0,798.4,12.76,7.358,-7.7291,180.0,E1E0,1,117.66,719.19,1,0
46,sybil_1,798.4,49.17,19.6684,7.4513,180.0,E1E0,2,85.79,691.22,1,1
46,sybil_2,401.6,646.58,16.0257,11.84,0.0,C3C4,1,67.17,480.04,1,2
46,sybil_3,401.6,616.28,9.1573,-2.8699,0.0,C3C4,1,51.06,478.23,1,3
46,sybil_4,-1.6,850.67,20.2259,11.4475,180.0,A5A4,1,151.98,745.29,1,4
46,sybil_5,-1.6,882.5,9.674,-2.4206,180.0,A5A4,1,157.44,755.4,1,5
46,sybil_6,6.06,600.84,7.61,6.072,260.94,:A3_5,1,143.94,701.46,1,6
46,sybil_7,86.37,601.6,16.4153,10.7154,270.0,B3A3,2,63.65,639.2,1,7
46,sybil_8,201.6,507.0,11.2485,-9.6541,0.0,B2B3,2,106.36,571.54,1,8
46,sybil_9,201.6,482.59,16.7385,16.7385,0.0,B2B3,1,128.25,575.1,1,9
47,legit_0,601.6,769.35,13.1906,-0.3052,0.0,D3D4,1,164.36,472.09,0,-1
47,legit_1,801.6,624.89,9.6962,1.4095,0.0,E3E4,1,57.29,479.62,0,-1
47,legit_2,598.4,811.66,13.0713,0.0384,180.0,D5D4,1,151.08,483.8,0,-1
47,legit_3,798.4,491.89,10.6181,-1.1844,180.0,E3E2,1,118.45,487.62,0,-1
47,legit_4,798.4,167.11,11.3418,1.8088,180.0,E1E0,1,67.54,611.53,0,-1
47,legit_5,816.42,1001.6,12.3582,0.7734,270.0,F5E5,0,102.76,599.05,0,-1
47,legit_6,286.67,1001.6,11.6158,0.2934,270.0,C5B5,0,157.56,633.96,0,-1
47,legit_7,157.83,801.6,10.0072,2.2573,270.0,B4A4,0,39.19,617.13,0,-1
47,sybil_0,798.4,7.89,0.0,-7.358,180.0,E1E0,1,122.11,723.0,1,0
47,sybil_1,798.4,35.42,15.1174,-4.551,180.0,E1E0,2,97.45,701.66,1,1
47,sybil_2,401.6,658.52,18.1099,2.0841,0.0,C3C4,1,75.94,481.14,1,2
47,sybil_3,401.6,625.54,11.2396,2.0822,0.0,C3C4,1,54.73,478.62,1,3
47,sybil_4,-1.6,839.07,17.2699,-2.956,180.0,A5A4,1,151.6,741.9,1,4
47,sybil_5,-1.6,870.75,0.0916,-9.5824,180.0,A5A4,1,154.69,751.53,1,5
47,sybil_6,6.55,598.83,4.092,-3.518,212.44,:A3_5,1,143.45,701.06,1,6
47,sybil_7,75.34,601.6,11.3126,-5.1027,270.0,B3A3,1,74.67,647.46,1,7
47,sybil_8,201.6,520.29,1.2695,-9.979,0.0,B2B3,1,94.95,569.86,1,8
47,sybil_9,201.6,495.94,18.2026,1.4641,0.0,B2B3,1,116.15,573.07,1,9
48,legit_0,601.6,782.36,13.0055,-0.1851,0.0,D3D4,1,159.2,475.41,0,-1
48,legit_1,801.6,636.18,11.2903,1.594,0.0,E3E4,0,63.02,480.27,0,-1
48,legit_2,598.4,798.74,12.9174,-0.1538,180.0,:D4_1,1,154.03,479.95,0,-1
48,legit_3,798.4,480.46,11.4259,0.8078,180.0,E3E2,0,128.96,489.52,0,-1
48,legit_4,798.4,153.36,13.7444,2.4027,180.0,E1E0,1,58.79,619.7,0,-1
48,legit_5,804.41,1001.6,12.0104,-0.3477,270.0,:E5_0,0,95.43,595.49,0,-1
48,legit_6,275.48,1001.6,11.1945,-0.4213,270.0,C5B5,0,147.96,638.63,0,-1
48,legit_7,145.56,801.6,12.2704,2.2632,270.0,B4A4,1,38.66,624.73,0,-1
48,legit_8,212.3,198.4,0.0,0.0,90.0,B1C1,0,100.14,667.52,0,-1
48,sybil_0,795.81,2.29,0.0,0.0,211.47,:E0_0,1,126.31,726.78,1,0
48,sybil_1,798.4,24.24,12.7474,-2.37,180.0,E1E0,2,107.3,710.26,1,1
48,sybil_2,401.6,670.7,6.4123,-11.6975,0.0,C3C4,1,85.68,482.46,1,2
48,sybil_3,401.6,636.85,0.0,-11.2396,0.0,C3C4,1,60.83,479.3,1,3
48,sybil_4,-1.6,827.9,6.5636,-10.7063,180.0,A5A4,2,152.08,738.8,1,4
48,sybil_5,-1.6,858.12,5.7779,5.6863,180.0,A5A4,1,152.68,747.55,1,5
48,sybil_6,9.36,598.4,0.0,-4.092,120.21,A3B3,1,140.65,698.81,1,6
48,sybil_7,64.88,601.6,16.7494,5.4368,270.0,B3A3,1,85.14,655.38,1,7
48,sybil_8,201.6,533.31,13.259,11.9895,0.0,B2B3,1,84.32,568.41,1,8
48,sybil_9,201.6,508.61,25.2856,7.083,0.0,B2B3,1,104.95,571.32,1,9
49,legit_0,601.6,792.54,10.1845,-2.8211,0.0,D3D4,1,155.8,478.19,0,-1
49,legit_1,801.6,649.56,13.3794,2.0891,0.0,E3E4,0,71.54,481.3,0,-1
49,legit_2,598.4,785.87,12.8677,-0.0498,180.0,D4D3,1,157.96,476.35,0,-1
49,legit_3,798.4,469.36,11.0981,-0.3278,180.0,E3E2,0,119.6,491.51,0,-1
49,legit_4,798.4,140.68,12.6877,-1.0567,180.0,E1E0,2,52.63,627.47,0,-1
49,legit_5,792.02,1001.6,12.3936,0.3831,270.0,E5D5,0,88.95,592.02,0,-1
49,legit_6,263.65,1001.6,11.8269,0.6324,270.0,C5B5,0,138.07,643.71,0,-1
49,legit_7,132.58,801.6,12.9786,0.7082,270.0,B4A4,2,42.17,633.12,0,-1
49,legit_8,214.16,198.4,1.8594,1.8594,90.0,B1C1,0,101.31,666.6,0,-1
49,sybil_0,789.43,1.6,3.8328,3.8328,267.35,E0D0,2,124.79,725.81,1,0
49,sybil_1,798.4,14.8,13.4601,0.7127,180.0,E1E0,2,115.8,717.59,1,1
49,sybil_2,401.6,683.02,8.2383,1.826,0.0,C3C4,1,96.1,483.98,1,2
49,sybil_3,401.6,650.0,12.7099,12.7099,0.0,C3C4,1,69.59,480.34,1,3
49,sybil_4,-1.6,816.42,12.676,6.1124,180.0,A5A4,2,153.42,735.76,1,4
49,sybil_5,-1.6,845.68,13.5175,7.7396,180.0,A5A4,2,151.71,743.81,1,5
49,sybil_6,14.85,598.4,7.311,7.311,90.0,A3B3,1,135.16,694.42,1,6
49,sybil_7,54.51,601.6,14.2051,-2.5443,270.0,B3A3,1,95.51,663.32,1,7
49,sybil_8,201.6,547.02,15.2236,1.9646,0.0,B2B3,1,73.95,567.11,1,8
49,sybil_9,201.6,522.05,21.3935,-3.8921,0.0,B2B3,1,93.48,569.65,1,9
50,legit_0,604.47,797.88,6.4902,-3.6943,34.95,:D4_8,1,151.5,479.71,0,-1
50,legit_1,801.6,662.47,12.9195,-0.4599,0.0,E3E4,0,81.03,482.54,0,-1
50,legit_2,598.4,772.92,12.9554,0.0877,180.0,D4D3,1,162.86,472.98,0,-1
50,legit_3,798.4,457.85,11.5122,0.4141,180.0,E3E2,0,109.17,493.71,0,-1
50,legit_4,798.4,126.96,13.716,1.0283,180.0,E1E0,2,48.9,636.18,0,-1
50,legit_5,780.43,1001.6,11.5912,-0.8023,270.0,E5D5,0,84.1,588.99,0,-1
50,legit_6,252.52,1001.6,11.132,-0.6949,270.0,C5B5,0,129.06,648.63,0,-1
50,legit_7,119.57,801.6,13.0126,0.034,270.0,B4A4,2,49.0,641.86,0,-1
50,legit_8,218.42,198.4,4.2631,2.4037,90.0,B1C1,0,104.06,664.52,0,-1
50,sybil_0,780.54,1.6,16.7429,12.9101,270.0,E0D0,2,122.28,723.8,1,0
50,sybil_1,798.4,9.06,11.2398,-2.2203,180.0,E1E0,2,121.04,722.08,1,1
50,sybil_2,401.6,694.79,9.7851,1.5468,0.0,C3C4,1,106.43,485.6,1,2
50,sybil_3,401.6,663.19,26.8685,14.1586,0.0,C3C4,1,79.6,481.63,1,3
50,sybil_4,-1.6,808.32,14.3847,1.7087,180.0,A5A4,2,154.87,733.72,1,4
50,sybil_5,-1.6,832.89,1.32,-12.1976,180.0,A5A4,2,151.77,740.17,1,5
50,sybil_6,22.12,598.4,6.8423,-0.4687,90.0,A3B3,1,127.89,688.64,1,6
50,sybil_7,43.08,601.6,25.1877,10.9826,270.0,B3A3,1,106.94,672.17,1,7
50,sybil_8,201.6,560.61,12.2631,-2.9605,0.0,B2B3,1,64.92,566.05,1,8
50,sybil_9,201.6,535.3,27.8254,6.432,0.0,B2B3,1,82.76,568.21,1,9
51,legit_0,610.84,798.4,6.4323,-0.0579,87.78,D4E4,1,145.25,479.91,0,-1
51,legit_1,801.6,675.65,13.1788,0.2593,0.0,E3E4,0,91.58,484.03,0,-1
51,legit_2,598.4,759.26,13.6544,0.699,180.0,D4D3,1,168.94,469.69,0,-1
51,legit_3,798.4,446.38,11.4699,-0.0423,180.0,E3E2,0,99.02,496.06,0,-1
51,legit_4,798.4,113.87,13.0893,-0.6267,180.0,E1E0,2,48.79,644.8,0,-1
51,legit_5,768.27,1001.6,12.1553,0.5641,270.0,E5D5,0,80.5,586.04,0,-1
51,legit_6,240.92,1001.6,11.5969,0.4649,270.0,C5B5,0,120.06,653.89,0,-1
51,legit_7,106.88,801.6,12.6898,-0.3228,270.0,B4A4,2,57.74,650.64,0,-1
51,legit_8,224.28,198.4,5.8561,1.5931,90.0,B1C1,0,108.0,661.7,0,-1
51,sybil_0,770.31,1.6,16.1443,-0.5986,270.0,E0D0,2,120.13,721.6,1,0
51,sybil_1,797.45,3.75,0.0,-11.2398,191.17,:E0_0,2,125.56,726.02,1,1
51,sybil_2,401.6,707.58,8.1883,-1.5967,0.0,C3C4,1,117.97,487.54,1,2
51,sybil_3,401.6,675.95,11.1314,-15.7371,0.0,C3C4,1,90.06,483.08,1,3
51,sybil_4,-1.1,803.73,7.5371,-6.8476,174.29,:A4_1,2,155.4,732.2,1,4
51,sybil_5,-1.6,822.51,10.5421,9.2222,180.0,A5A4,2,152.61,737.35,1,5
51,sybil_6,30.92,598.4,10.6219,3.7797,90.0,A3B3,1,119.09,681.68,1,6
51,sybil_7,32.34,601.6,9.6451,-15.5426,270.0,B3A3,1,117.67,680.57,1,7
51,sybil_8,201.6,574.09,15.6459,3.3828,0.0,B2B3,1,57.74,565.27,1,8
51,sybil_9,201.6,548.28,13.3833,-14.4421,0.0,B2B3,1,73.06,567.0,1,9
52,legit_0,619.18,798.4,8.3488,1.9166,90.0,D4E4,1,137.27,480.05,0,-1
52,legit_1,801.6,688.47,12.8123,-0.3665,0.0,E3E4,0,102.41,485.68,0,-1
52,legit_2,598.4,745.39,13.8686,0.2142,180.0,D4D3,1,175.99,466.61,0,-1
52,legit_3,798.4,435.06,11.326,-0.144,180.0,E3E2,0,89.31,498.53,0,-1
52,legit_4,798.4,100.15,13.7187,0.6294,180.0,E1E0,2,52.31,654.17,0,-1
52,legit_5,755.98,1001.6,12.2974,0.1421,270.0,E5D5,0,78.63,583.31,0,-1
52,legit_6,229.61,1001.6,11.3136,-0.2832,270.0,C5B5,0,111.73,659.16,0,-1
52,legit_7,94.72,801.6,12.1608,-0.529,270.0,B4A4,2,67.31,659.24,0,-1
52,legit_8,232.69,198.4,8.4091,2.553,90.0,B1C1,0,113.95,657.71,0,-1
52,sybil_0,758.29,1.6,7.9669,-8.1774,270.0,E0D0,2,118.69,719.2,1,0
52,sybil_1,792.23,1.6,14.35,14.35,253.89,E0D0,2,125.71,726.47,1,1
52,sybil_2,401.6,719.42,6.2934,-1.895,0.0,C3C4,1,128.85,489.5,1,2
52,sybil_3,401.6,689.44,8.7803,-2.3511,0.0,C3C4,1,101.7,484.84,1,3
52,sybil_4,2.85,799.25,10.1723,2.6353,134.3,:A4_9,2,152.69,728.0,1,4
52,sybil_5,-1.6,815.78,7.3134,-3.2287,180.0,A5A4,2,153.52,735.6,1,5
52,sybil_6,41.69,598.4,14.7021,4.0801,90.0,A3B3,1,108.32,673.25,1,6
52,sybil_7,21.63,601.6,10.6273,0.9822,270.0,B3A3,1,128.38,689.02,1,7
52,sybil_8,201.6,584.4,5.3486,-10.2973,0.0,B2B3,1,53.91,564.87,1,8
52,sybil_9,201.6,561.88,4.0789,-9.3045,0.0,B2B3,1,64.15,565.97,1,9
53,legit_0,629.55,798.4,10.3634,2.0146,90.0,D4E4,1,127.43,480.34,0,-1
53,legit_1,801.6,702.33,13.8612,1.049,0.0,E3E4,0,114.6,487.69,0,-1
53,legit_2,598.4,731.67,13.7208,-0.1477,180.0,D4D3,1,183.73,463.83,0,-1
53,legit_3,798.4,423.26,11.8011,0.4751,180.0,E3E2,0,79.65,501.27,0,-1
53,legit_4,798.4,86.94,13.211,-0.5077,180.0,E1E0,2,58.61,663.47,0,-1
53,legit_5,744.02,1001.6,11.9525,-0.345,270.0,E5D5,0,78.63,580.89,0,-1
53,legit_6,217.86,1001.6,11.7511,0.4375,270.0,C5B5,0,103.69,664.8,0,-1
53,legit_7,82.62,801.6,12.0925,-0.0683,270.0,B4A4,2,77.55,667.95,0,-1
53,legit_8,243.37,198.4,10.6844,2.2753,90.0,B1C1,0,121.92,652.76,0,-1
53,sybil_0,744.91,1.6,0.8194,-7.1475,270.0,E0D0,2,118.51,716.75,1,0
53,sybil_1,784.76,1.6,11.0509,-3.2991,270.0,E0D0,2,123.4,724.74,1,1
53,sybil_2,401.6,731.22,5.3407,-0.9527,0.0,C3C4,1,119.06,491.61,1,2
53,sybil_3,401.6,703.31,11.988,3.2077,0.0,C3C4,1,114.09,486.87,1,3
53,sybil_4,9.19,798.4,0.0,-10.1723,94.89,A4B4,2,146.82,722.81,1,4
53,sybil_5,-1.6,808.57,10.239,2.9256,180.0,A5A4,2,154.82,733.78,1,5
53,sybil_6,53.76,598.4,30.709,16.0069,90.0,A3B3,2,96.25,663.9,1,6
53,sybil_7,12.54,601.6,18.2398,7.6125,270.0,B3A3,1,137.47,696.27,1,7
53,sybil_8,201.6,590.71,12.4776,7.129,0.0,B2B3,2,52.43,564.72,1,8
53,sybil_9,201.6,572.65,17.6761,13.5973,0.0,B2B3,1,58.4,565.34,1,9
54,legit_0,641.99,798.4,12.4464,2.083,90.0,D4E4,1,115.74,480.85,0,-1
54,legit_1,801.6,715.93,13.606,-0.2553,0.0,E3E4,0,126.9,489.87,0,-1
54,legit_2,598.4,717.92,13.7504,0.0296,180.0,D4D3,1,189.55,461.3,0,-1
54,legit_3,798.4,412.31,10.9433,-0.8577,180.0,E3E2,0,71.27,503.97,0,-1
54,legit_4,798.4,74.23,12.7084,-0.5026,180.0,E1E0,2,66.61,672.63,0,-1
54,legit_5,731.46,1001.6,12.5633,0.6109,270.0,E5D5,0,80.56,578.62,0,-1
54,legit_6,210.61,1001.6,7.2511,-4.5,270.0,C5B5,0,99.09,668.36,0,-1
54,legit_7,69.96,801.6,12.6622,0.5697,270.0,B4A4,2,88.77,677.22,0,-1
54,legit_8,255.59,198.4,12.2212,1.5368,90.0,B1C1,0,131.52,647.26,0,-1
54,legit_9,612.3,-1.6,0.0,0.0,90.0,D0E0,1,183.71,707.28,0,-1
54,sybil_0,731.06,1.6,32.6486,31.8292,270.0,E0D0,3,119.9,714.47,1,0
54,sybil_1,775.98,1.6,8.4385,-2.6124,270.0,E0D0,2,121.22,722.8,1,1
54,sybil_2,401.6,743.06,3.9658,-1.3749,0.0,C3C4,1,108.35,493.89,1,2
54,sybil_3,401.6,715.94,7.9551,-4.033,0.0,C3C4,1,125.63,488.91,1,3
54,sybil_4,17.43,798.4,0.0,0.0,90.0,A4B4,2,138.95,716.37,1,4
54,sybil_5,-1.2,804.39,4.392,-5.847,175.39,:A4_1,2,155.34,732.44,1,5
54,sybil_6,67.64,598.4,23.3192,-7.3898,90.0,A3B3,3,82.38,653.29,1,6
54,sybil_7,7.94,601.6,0.0,-18.2398,270.0,B3A3,1,142.07,699.95,1,7
54,sybil_8,200.71,594.04,22.9527,10.4751,349.29,:B3_19,2,51.06,565.15,1,8
54,sybil_9,201.6,580.36,8.0619,-9.6142,0.0,B2B3,2,55.21,565.01,1,9
55,legit_0,654.59,798.4,12.5944,0.148,90.0,D4E4,1,104.09,481.54,0,-1
55,legit_1,801.6,729.25,13.3216,-0.2843,0.0,E3E4,0,122.18,492.22,0,-1
55,legit_2,598.4,705.24,12.6851,-1.0653,180.0,D4D3,1,181.93,459.21,0,-1
55,legit_4,798.4,60.88,13.3538,0.6454,180.0,E1E0,2,76.41,682.46,0,-1
55,legit_5,719.02,1001.6,12.4441,-0.1192,270.0,E5D5,0,84.3,576.64,0,-1
55,legit_6,207.86,1001.6,2.7511,-4.5,270.0,C5B5,0,97.44,669.72,0,-1
55,legit_7,57.93,801.6,12.0325,-0.6297,270.0,B4A4,2,99.76,686.17,0,-1
55,legit_8,268.11,198.4,12.5142,0.2931,90.0,B1C1,0,141.76,641.78,0,-1
55,legit_9,614.64,-1.6,2.3396,2.3396,90.0,D0E0,1,181.96,707.31,0,-1
55,sybil_0,717.31,1.6,14.8531,-17.7956,270.0,E0D0,3,122.83,712.46,1,0
55,sybil_1,765.31,1.6,22.6789,14.2404,270.0,E0D0,2,119.39,720.58,1,1
55,sybil_2,401.6,755.07,12.3284,8.3626,0.0,C3C4,1,97.76,496.37,1,2
55,sybil_3,401.6,728.97,20.8714,12.9163,0.0,C3C4,1,121.12,491.2,1,3
55,sybil_4,27.71,798.4,5.8972,5.8972,90.0,A4B4,2,129.17,708.38,1,4
55,sybil_5,2.53,799.44,22.9231,18.5312,136.43,:A4_9,2,152.95,728.3,1,5
55,sybil_6,80.72,598.4,18.9231,-4.3961,90.0,A3B3,3,69.3,643.42,1,6
55,sybil_7,5.99,600.78,0.69,0.69,260.24,:A3_5,1,144.01,701.51,1,7
55,sybil_8,198.4,592.66,8.7827,-14.17,270.8,B3B2,2,48.95,566.41,1,8
55,sybil_9,201.6,584.76,0.0,-8.0619,0.0,B2B3,2,53.8,564.86,1,9
56,legit_0,667.19,798.4,12.6016,0.0073,90.0,D4E4,2,92.67,482.42,0,-1
56,legit_1,801.6,743.07,13.8127,0.4911,0.0,E3E4,1,109.81,494.86,0,-1
56,legit_2,598.4,691.6,13.634,0.9488,180.0,D4D3,1,174.39,457.2,0,-1
56,legit_4,798.4,48.22,12.6626,-0.6912,180.0,E1E0,2,86.58,691.94,0,-1
56,legit_5,706.26,1001.6,12.757,0.3128,270.0,E5D5,0,89.78,574.85,0,-1
56,legit_6,205.81,1000.41,2.5266,-0.2245,255.31,:B5_10,0,97.2,670.14,0,-1
56,legit_7,46.15,801.6,11.7779,-0.2547,270.0,B4A4,2,110.72,695.05,0,-1
56,legit_8,280.82,198.4,12.7164,0.2021,90.0,B1C1,0,152.52,636.39,0,-1
56,legit_9,619.5,-1.6,4.8576,2.518,90.0,D0E0,2,178.37,707.4,0,-1
56,sybil_0,704.3,1.6,19.9603,5.1072,270.0,E0D0,3,126.91,710.78,1,0
56,sybil_1,752.46,1.6,11.9654,-10.7135,270.0,E0D0,3,118.43,718.1,1,1
56,sybil_2,401.6,767.75,15.819,3.4905,0.0,C3C4,1,86.96,499.17,1,2
56,sybil_3,401.6,741.78,20.152,-0.7194,0.0,C3C4,1,109.5,493.64,1,3
56,sybil_4,38.99,798.4,16.3493,10.4522,90.0,A4B4,2,118.55,699.72,1,4
56,sybil_5,9.46,798.4,1.6259,-21.2972,94.45,A4B4,2,146.56,722.59,1,5
56,sybil_6,94.16,598.4,23.8568,4.9337,90.0,A3B3,3,55.86,633.43,1,6
56,sybil_7,6.37,598.95,0.0,-0.69,219.17,:A3_5,1,143.63,701.21,1,7
56,sybil_8,198.4,587.8,4.7229,-4.0598,180.03,B3B2,2,49.91,566.51,1,8
56,sybil_9,201.6,588.67,6.6947,6.6947,0.0,B2B3,2,52.83,564.76,1,9
57,legit_0,680.83,798.4,13.6402,1.0385,90.0,D4E4,2,80.72,483.6,0,-1
57,legit_1,801.6,756.83,13.7616,-0.0512,0.0,E3E4,1,97.88,497.72,0,-1
57,legit_2,598.4,677.79,13.8111,0.1772,180.0,D4D3,1,167.55,455.44,0,-1
57,legit_4,798.4,34.54,13.6728,1.0103,180.0,E1E0,2,98.21,702.33,0,-1
57,legit_5,694.26,1001.6,11.999,-0.758,270.0,E5D5,0,96.19,573.4,0,-1
57,legit_6,207.08,998.48,2.6567,0.1301,190.74,:B5_10,0,99.52,668.5,0,-1
57,legit_7,33.07,801.6,13.075,1.2971,270.0,B4A4,2,123.07,705.03,0,-1
57,legit_8,293.41,198.4,12.5812,-0.1352,90.0,B1C1,0,163.44,631.21,0,-1
57,legit_9,626.04,-1.6,6.5428,1.6853,90.0,D0E0,2,173.65,707.57,0,-1
57,sybil_0,691.01,1.6,0.0,-19.9603,270.0,E0D0,3,132.28,709.28,1,0
57,sybil_1,739.85,1.6,0.4934,-11.472,270.0,E0D0,3,118.83,715.89,1,1
57,sybil_2,401.6,780.34,0.0,-15.819,0.0,C3C4,1,76.82,502.14,1,2
57,sybil_3,401.6,754.55,5.4737,-14.6783,0.0,C3C4,1,98.21,496.26,1,3
57,sybil_4,51.09,798.4,6.2634,-10.086,90.0,A4B4,2,107.3,690.53,1,4
57,sybil_5,18.32,798.4,23.6037,21.9778,90.0,A4B4,2,138.1,715.67,1,5
57,sybil_6,107.2,598.4,20.3511,-3.5058,90.0,A3B3,3,42.83,623.89,1,6
57,sybil_7,8.51,598.4,4.8051,4.8051,141.4,A3B3,1,141.5,699.49,1,7
57,sybil_8,198.4,580.58,8.5196,3.7968,180.0,B3B2,2,52.15,566.73,1,8
57,sybil_9,201.6,591.97,13.4769,6.7822,0.0,B2B3,2,52.22,564.7,1,9
58,legit_0,694.42,798.4,13.5849,-0.0553,90.0,D4E4,1,69.43,485.01,0,-1
58,legit_1,801.6,770.17,13.3384,-0.4231,0.0,E3E4,1,86.83,500.7,0,-1
58,legit_2,598.4,664.19,13.6011,-0.2101,180.0,D4D3,0,161.69,453.97,0,-1
58,legit_4,798.4,21.32,13.2253,-0.4475,180.0,E1E0,2,109.91,712.52,0,-1
58,legit_5,681.8,1001.6,12.4597,0.4607,270.0,E5D5,0,103.91,572.1,0,-1
58,legit_6,210.13,998.4,3.0759,0.4193,107.12,B5C5,0,101.36,666.94,0,-1
58,legit_7,20.55,801.6,12.5204,-0.5546,270.0,B4A4,2,135.02,714.7,0,-1
58,legit_8,305.13,198.4,11.7213,-0.8599,90.0,B1C1,0,164.73,626.54,0,-1
58,legit_9,634.93,-1.6,8.8907,2.3478,90.0,D0E0,2,167.41,707.87,0,-1
58,sybil_0,677.15,1.6,16.66,16.66,270.0,E0D0,3,139.02,707.96,1,0
58,sybil_1,726.7,1.6,27.5614,27.068,270.0,E0D0,3,120.67,713.81,1,1
58,sybil_2,401.6,788.44,12.4814,12.4814,0.0,C3C4,1,70.72,504.16,1,2
58,sybil_3,401.6,768.1,0.0,-5.4737,0.0,C3C4,1,86.67,499.25,1,3
58,sybil_4,62.72,798.4,24.9953,18.732,90.0,A4B4,2,96.69,681.82,1,4
58,sybil_5,29.51,798.4,8.52,-15.0837,90.0,A4B4,2,127.47,707.0,1,5
58,sybil_6,120.09,598.4,23.7083,3.3572,90.0,A3B3,3,29.95,614.59,1,6
58,sybil_7,13.09,598.4,0.7256,-4.0795,90.0,A3B3,1,136.92,695.83,1,7
58,sybil_8,198.4,571.74,20.2444,11.7248,180.0,B3B2,2,56.05,567.13,1,8
58,sybil_9,200.64,594.08,9.0166,-4.4603,348.39,:B3_19,2,50.99,565.19,1,9
59,legit_0,708.07,798.4,13.6517,0.0669,90.0,D4E4,1,59.07,486.68,0,-1
59,legit_1,801.6,783.01,12.8465,-0.492,0.0,E3E4,1,76.88,503.78,0,-1
59,legit_2,598.4,650.61,13.5841,-0.017,180.0,D4D3,0,156.79,452.77,0,-1
59,legit_4,798.4,12.59,8.7253,-4.5,180.0,E1E0,2,117.81,719.32,0,-1
59,legit_5,669.24,1001.6,12.5629,0.1032,270.0,E5D5,0,112.56,571.0,0,-1
59,legit_6,215.7,998.4,5.5681,2.4922,90.0,B5C5,0,104.76,664.19,0,-1
59,legit_7,11.79,801.6,8.7666,-3.7538,270.0,B4A4,2,143.45,721.54,0,-1
59,legit_8,317.09,198.4,11.9636,0.2423,90.0,B1C1,0,154.31,621.91,0,-1
59,legit_9,645.54,-1.6,10.6094,1.7187,90.0,D0E0,2,160.31,708.34,0,-1
59,sybil_0,663.9,1.6,9.71,-6.95,270.0,E0D0,3,146.4,706.9,1,0
59,sybil_1,712.98,1.6,23.5421,-4.0193,270.0,E0D0,3,124.05,711.87,1,1
59,sybil_2,401.6,792.47,0.6012,-11.8802,0.0,C3C4,1,67.84,505.19,1,2
59,sybil_3,401.6,777.58,13.6721,13.6721,0.0,C3C4,1,78.99,501.47,1,3
59,sybil_4,74.12,798.4,2.2999,-22.6955,90.0,A4B4,2,86.53,673.38,1,4
59,sybil_5,41.33,798.4,6.4484,-2.0717,90.0,A4B4,2,116.36,697.93,1,5
59,sybil_6,132.85,598.4,1.5027,-22.2056,90.0,A3B3,3,17.22,605.55,1,6
59,sybil_7,19.17,598.4,2.4929,1.7673,90.0,A3B3,1,130.84,690.98,1,7
59,sybil_8,198.4,560.65,20.2343,-0.0101,180.0,B3B2,2,62.38,567.8,1,8
59,sybil_9,198.4,592.37,4.1222,-4.8944,260.65,B3B2,2,49.0,566.42,1,9
60,legit_0,721.51,798.4,13.4457,-0.206,90.0,D4E4,0,50.42,488.61,0,-1
60,legit_10,787.7,201.6,0.0,0.0,270.0,E1D1,0,89.89,589.12,0,-1
60,legit_2,598.4,637.69,12.9191,-0.665,180.0,D4D3,0,153.11,451.88,0,-1
60,legit_4,798.4,8.37,4.2253,-4.5,180.0,E1E0,3,121.67,722.62,0,-1
60,legit_5,656.39,1001.6,12.8477,0.2848,270.0,E5D5,0,122.1,570.09,0,-1
60,legit_6,223.0,998.4,7.2964,1.7282,90.0,B5C5,0,109.49,660.65,0,-1
60,legit_7,7.52,801.6,4.2666,-4.5,270.0,B4A4,2,147.56,724.88,0,-1
60,legit_8,329.87,198.4,12.7792,0.8156,90.0,B1C1,0,143.45,617.13,0,-1
60,legit_9,657.78,-1.6,12.235,1.6257,90.0,D0E0,3,152.62,709.05,0,-1
60,sybil_0,651.14,1.6,0.0,-9.71,270.0,E0D0,3,154.24,706.09,1,0
60,sybil_1,699.29,1.6,24.2829,0.7408,270.0,E0D0,3,128.8,710.19,1,1
60,sybil_2,400.38,794.21,0.0,-0.6012,344.85,:C4_19,1,67.52,506.03,1,2
60,sybil_3,401.6,782.56,7.1081,-6.5639,0.0,C3C4,1,75.11,502.68,1,3
60,sybil_4,85.27,798.4,12.3036,10.0037,90.0,A4B4,2,76.94,665.25,1,4
60,sybil_5,53.76,798.4,12.1665,5.7181,90.0,A4B4,2,104.84,688.52,1,5
60,sybil_6,146.37,598.4,8.0072,6.5044,90.0,A3B3,3,3.96,596.14,1,6
60,sybil_7,27.01,598.4,0.0,-2.4929,90.0,A3B3,1,123.0,684.77,1,7
60,sybil_8,198.4,547.34,19.2727,-0.9616,180.0,B3B2,2,71.52,568.84,1,8
60,sybil_9,198.4,586.74,8.6403,4.5181,180.0,B3B2,2,50.18,566.53,1,9
61,legit_0,734.93,798.4,13.4205,-0.0252,90.0,D4E4,0,44.24,490.87,0,-1
61,legit_10,785.42,201.6,2.2758,2.2758,270.0,E1D1,0,88.96,588.52,0,-1
61,legit_2,598.4,623.91,13.7728,0.8537,180.0,D4D3,0,150.31,451.22,0,-1
61,legit_4,796.29,2.57,6.5107,2.2853,205.69,:E0_0,2,126.22,726.67,0,-1
61,legit_5,644.33,1001.6,12.0561,-0.7916,270.0,E5D5,0,131.57,569.4,0,-1
61,legit_6,231.76,998.4,8.7635,1.4671,90.0,B5C5,0,115.51,656.47,0,-1
61,legit_7,2.47,803.88,5.8618,1.5952,297.72,:A4_3,2,151.89,729.41,0,-1
61,legit_8,342.09,198.4,12.2237,-0.5555,90.0,B1C1,0,133.38,612.73,0,-1
61,legit_9,671.54,-1.6,13.7629,1.5279,90.0,D0E0,3,144.72,710.05,0,-1
61,sybil_0,637.86,1.6,9.6971,9.6971,270.0,E0D0,2,163.08,705.43,1,0
61,sybil_1,685.85,1.6,12.2836,-11.9993,270.0,E0D0,3,134.66,708.76,1,1
61,sybil_2,398.4,792.19,0.0,0.0,254.42,C4C3,1,70.35,506.11,1,2
61,sybil_3,401.6,786.7,0.2031,-6.905,0.0,C3C4,1,72.0,503.72,1,3
61,sybil_4,97.14,798.4,29.8692,17.5657,90.0,A4B4,2,67.27,656.74,1,4
61,sybil_5,65.96,798.4,19.7039,7.5374,90.0,A4B4,2,93.77,679.41,1,5
61,sybil_6,158.98,598.4,6.9328,-1.0744,90.0,A3B3,3,9.12,588.4,1,6
61,sybil_7,37.35,598.4,24.2641,24.2641,90.0,A3B3,1,112.67,676.64,1,7
61,sybil_8,198.4,534.5,2.0664,-17.2063,180.0,B3B2,2,81.45,570.06,1,8
61,sybil_9,198.4,579.4,3.5887,-5.0516,180.0,B3B2,2,52.6,566.77,1,9
62,legit_0,748.78,798.4,13.8475,0.427,90.0,D4E4,0,41.62,493.61,0,-1
62,legit_10,781.31,201.6,4.1111,1.8353,270.0,E1D1,0,87.4,587.46,0,-1
62,legit_2,598.4,612.84,11.0764,-2.6965,180.0,D4D3,0,148.95,450.9,0,-1
62,legit_4,790.84,1.6,5.6421,-0.8686,262.51,E0D0,2,125.25,726.14,0,-1
62,legit_5,632.34,1001.6,11.9959,-0.0602,270.0,E5D5,0,141.39,568.89,0,-1
62,legit_6,242.19,998.4,10.4293,1.6658,90.0,B5C5,0,123.12,651.62,0,-1
62,legit_7,1.6,808.59,4.8833,-0.9786,349.04,A4A5,2,151.69,731.26,0,-1
62,legit_8,354.53,198.4,12.4338,0.2101,90.0,B1C1,0,123.54,608.41,0,-1
62,legit_9,684.43,-1.6,12.8888,-0.8741,90.0,D0E0,3,138.15,711.19,0,-1
62,sybil_0,624.11,1.6,9.0227,-0.6744,270.0,E0D0,2,172.82,704.96,1,0
62,sybil_1,672.28,1.6,24.0579,11.7743,270.0,E0D0,3,141.63,707.55,1,1
62,sybil_2,398.4,787.48,11.8514,11.8514,180.0,C4C3,1,73.62,504.9,1,2
62,sybil_3,401.6,789.99,3.6068,3.4037,0.0,C3C4,1,69.6,504.55,1,3
62,sybil_4,108.48,798.4,17.0354,-12.8339,90.0,A4B4,2,58.77,648.75,1,4
62,sybil_5,78.15,798.4,12.8478,-6.856,90.0,A4B4,2,83.02,670.43,1,5
62,sybil_6,172.18,598.4,21.8309,14.8981,90.0,A3B3,3,22.24,580.85,1,6
62,sybil_7,48.19,598.4,6.9559,-17.3082,90.0,A3B3,1,101.83,668.2,1,7
62,sybil_8,198.4,521.88,22.6606,20.5943,180.0,B3B2,2,91.9,571.45,1,8
62,sybil_9,198.4,569.8,14.9161,11.3274,180.0,B3B2,2,57.05,567.23,1,9
63,legit_0,762.32,798.4,13.5371,-0.3104,90.0,D4E4,0,43.39,496.7,0,-1
63,legit_10,774.97,201.6,6.3461,2.2349,270.0,E1D1,0,85.33,585.88,0,-1
63,legit_2,598.56,606.08,6.7658,-4.3105,178.17,:D3_2,0,148.68,450.8,0,-1
63,legit_4,783.25,1.6,7.5904,1.9483,270.0,E0D0,2,122.98,724.4,0,-1
63,legit_5,620.51,1001.6,11.8311,-0.1648,270.0,E5D5,0,151.38,568.55,0,-1
63,legit_6,254.03,998.4,11.8416,1.4123,90.0,B5C5,0,132.22,646.25,0,-1
63,legit_7,1.6,815.16,6.57,1.6867,0.0,A4A5,2,150.46,732.92,0,-1
63,legit_8,366.53,198.4,11.9994,-0.4344,90.0,B1C1,0,114.52,604.42,0,-1
63,legit_9,698.29,-1.6,13.8584,0.9696,90.0,D0E0,3,132.14,712.64,0,-1
63,sybil_0,614.08,1.6,10.8413,1.8186,270.0,E0D0,2,180.26,704.75,1,0
63,sybil_1,659.56,1.6,19.3471,-4.7108,270.0,E0D0,3,148.99,706.61,1,1
63,sybil_2,398.4,780.48,15.0506,3.1992,180.0,C4C3,1,78.77,503.15,1,2
63,sybil_3,401.11,793.53,9.5701,5.9633,354.26,:C4_11,1,67.45,505.62,1,3
63,sybil_4,119.74,798.4,19.9509,2.9155,90.0,A4B4,2,51.44,640.99,1,4
63,sybil_5,90.51,798.4,8.5157,-4.3322,90.0,A4B4,2,72.59,661.48,1,5
63,sybil_6,182.45,598.4,7.6774,-14.1535,90.0,A3B3,3,32.49,575.09,1,6
63,sybil_7,59.1,598.4,28.8913,21.9354,90.0,A3B3,2,90.91,659.8,1,7
63,sybil_8,198.4,508.88,5.2654,-17.3953,180.0,B3B2,2,103.17,573.07,1,8
63,sybil_9,198.4,557.73,10.322,-4.5941,180.0,B3B2,3,64.26,568.01,1,9
64,legit_0,776.11,798.4,13.7924,0.2553,90.0,D4E4,0,49.12,500.27,0,-1
64,legit_10,766.06,201.6,8.9115,2.5654,270.0,E1D1,0,83.16,583.78,0,-1
64,legit_2,602.46,599.48,8.1419,1.376,136.9,:D3_16,0,147.54,450.78,0,-1
64,legit_4,774.09,1.6,9.1635,1.5731,270.0,E0D0,2,120.83,722.4,0,-1
64,legit_5,608.56,1001.6,11.952,0.1209,270.0,E5D5,0,161.72,568.36,0,-1
64,legit_6,265.73,998.4,11.693,-0.1487,90.0,B5C5,0,141.6,641.1,0,-1
64,legit_7,1.6,823.47,8.307,1.737,0.0,A4A5,2,149.32,735.09,0,-1
64,legit_8,378.54,198.4,12.0097,0.0103,90.0,B1C1,0,106.08,600.6,0,-1
64,legit_9,710.93,-1.6,12.6437,-1.2146,90.0,D0E0,3,127.72,714.17,0,-1
64,sybil_0,608.55,1.6,0.9554,-9.8859,270.0,E0D0,2,184.47,704.68,1,0
64,sybil_1,646.81,1.6,18.4978,-0.8493,270.0,E0D0,3,157.06,705.85,1,1
64,sybil_2,398.4,771.05,7.7987,-7.2519,180.0,C4C3,1,86.12,500.9,1,2
64,sybil_3,398.71,793.27,8.1633,-1.4068,295.17,:C4_19,1,69.39,506.3,1,3
64,sybil_4,131.4,798.4,8.5632,-11.3877,90.0,A4B4,2,45.57,633.17,1,4
64,sybil_5,103.26,798.4,2.9345,-5.5811,90.0,A4B4,2,62.57,652.41,1,5
64,sybil_6,189.05,598.4,3.4923,-4.1851,90.0,A3B3,3,39.08,571.45,1,6
64,sybil_7,70.17,598.4,11.7344,-17.1569,90.0,A3B3,2,79.85,651.37,1,7
64,sybil_8,198.4,496.17,25.1732,19.9078,180.0,B3B2,2,114.56,574.82,1,8
64,sybil_9,198.4,545.04,26.1802,15.8582,180.0,B3B2,3,73.23,569.05,1,9
65,legit_0,785.6,798.4,9.4849,-4.3075,90.0,D4E4,0,54.75,502.94,0,-1
65,legit_10,754.88,201.6,11.1769,2.2654,270.0,E1D1,0,81.75,581.32,0,-1
65,legit_2,609.94,598.4,7.6695,-0.4724,93.67,D3E3,0,140.07,450.83,0,-1
65,legit_4,762.48,1.6,11.6091,2.4456,270.0,E0D0,2,119.06,720.02,0,-1
65,legit_5,595.83,1001.6,12.7239,0.7718,270.0,:D5_0,0,165.57,568.32,0,-1
65,legit_6,277.2,998.4,11.471,-0.222,90.0,B5C5,0,151.12,636.19,0,-1
65,legit_7,1.6,834.19,10.7174,2.4104,0.0,A4A5,2,148.51,738.01,0,-1
65,legit_8,387.31,198.4,8.7766,-3.2331,90.0,B1C1,0,100.38,597.92,0,-1
65,legit_9,723.58,-1.6,12.6486,0.0048,90.0,D0E0,3,124.44,715.91,0,-1
65,sybil_0,605.9,0.61,7.5288,6.5734,257.96,:D0_9,2,187.13,705.45,1,0
65,sybil_1,633.05,1.6,18.2732,-0.2246,270.0,E0D0,3,166.42,705.24,1,1
65,sybil_2,398.4,759.69,23.3695,15.5708,180.0,C4C3,1,95.46,498.34,1,2
65,sybil_3,398.4,790.06,0.0,-8.1633,199.64,C4C3,1,71.81,505.56,1,3
65,sybil_4,143.23,798.4,22.9004,14.3372,90.0,A4B4,2,42.15,625.48,1,4
65,sybil_5,115.03,798.4,14.764,11.8295,90.0,A4B4,2,54.35,644.22,1,5
65,sybil_6,197.42,598.4,0.0,-3.4923,90.0,:B3_13,3,47.44,566.89,1,6
65,sybil_7,81.05,598.4,23.5858,11.8514,90.0,A3B3,2,68.96,643.17,1,7
65,sybil_8,198.4,482.91,21.9675,-3.2056,180.0,B3B2,2,126.7,576.84,1,8
65,sybil_9,198.4,531.88,11.6066,-14.5736,180.0,B3B2,3,83.57,570.34,1,9
66,legit_0,790.7,798.4,5.1076,-4.3773,90.0,D4E4,0,58.2,504.43,0,-1
66,legit_10,741.71,201.6,13.1677,1.9908,270.0,E1D1,0,82.02,578.7,0,-1
66,legit_11,601.6,412.3,0.0,0.0,0.0,D2D3,0,157.35,476.85,0,-1
66,legit_2,619.86,598.4,9.9215,2.252,90.0,D3E3,0,130.15,451.0,0,-1
66,legit_4,748.81,1.6,13.6745,2.0654,270.0,E0D0,3,118.41,717.44,0,-1
66,legit_5,584.04,1001.6,11.7883,-0.9355,270.0,D5C5,0,155.29,568.46,0,-1
66,legit_6,288.27,998.4,11.0782,-0.3928,90.0,B5C5,0,160.56,631.58,0,-1
66,legit_7,1.6,846.64,12.4548,1.7374,0.0,A4A5,1,148.55,741.59,0,-1
66,legit_8,392.17,198.4,4.8598,-3.9168,90.0,B1C1,0,97.42,596.48,0,-1
66,legit_9,736.47,-1.6,12.8883,0.2397,90.0,D0E0,3,122.35,717.89,0,-1
66,sybil_0,607.67,-1.6,20.7188,13.19,169.41,D0E0,3,187.2,707.23,1,0
66,sybil_1,623.01,1.6,15.7743,-2.4989,270.0,E0D0,3,173.63,704.93,1,1
66,sybil_2,398.4,746.89,13.9594,-9.41,180.0,C4C3,1,106.45,495.63,1,2
66,sybil_3,398.4,784.54,0.0,0.0,180.0,C4C3,1,75.75,504.16,1,3
66,sybil_4,154.41,798.4,13.2162,-9.6841,90.0,A4B4,1,41.83,618.48,1,4
66,sybil_5,127.65,798.4,16.4887,1.7247,90.0,A4B4,2,47.22,635.65,1,5
66,sybil_6,207.99,598.4,14.654,14.654,90.0,B3C3,3,58.01,561.24,1,6
66,sybil_7,91.73,598.4,10.9756,-12.6102,90.0,A3B3,2,58.29,635.22,1,7
66,sybil_8,198.4,469.96,12.684,-9.2835,180.0,B3B2,2,120.14,578.98,1,8
66,sybil_9,198.4,518.16,29.5906,17.984,180.0,B3B2,3,95.08,571.9,1,9
67,legit_0,798.4,798.4,7.6961,2.5885,90.0,:E4_13,0,63.82,506.76,0,-1
67,legit_10,728.35,201.6,13.3641,0.1965,270.0,E1D1,0,84.42,576.34,0,-1
67,legit_11,601.6,414.14,1.8422,1.8422,0.0,D2D3,0,157.97,476.35,0,-1
67,legit_2,631.74,598.4,11.876,1.9545,90.0,D3E3,0,118.27,451.34,0,-1
67,legit_4,735.28,1.6,13.5281,-0.1464,270.0,E0D0,3,119.31,715.14,0,-1
67,legit_5,571.25,1001.6,12.7961,1.0078,270.0,D5C5,0,144.39,568.77,0,-1
67,legit_6,300.32,998.4,12.0414,0.9632,90.0,B5C5,0,170.48,626.71,0,-1
67,legit_7,1.6,859.31,12.6655,0.2107,0.0,A4A5,0,149.65,745.41,0,-1
67,legit_8,398.99,200.36,7.25,2.3903,69.37,:C1_14,0,95.18,593.44,0,-1
67,legit_9,749.78,-1.6,13.3136,0.4253,90.0,D0E0,3,121.6,720.17,0,-1
67,sybil_0,613.09,-1.6,12.0353,-8.6835,90.0,D0E0,3,183.12,707.29,1,0
67,sybil_1,615.06,1.6,31.8127,16.0384,270.0,E0D0,3,179.52,704.77,1,1
67,sybil_2,398.4,734.55,7.8717,-6.0877,180.0,C4C3,1,117.4,493.21,1,2
67,sybil_3,398.4,776.7,9.915,9.915,180.0,C4C3,1,81.67,502.24,1,3
67,sybil_4,165.47,798.4,2.8517,-10.3645,90.0,A4B4,1,44.38,611.81,1,4
67,sybil_5,140.01,798.4,7.9675,-8.5212,90.0,A4B4,1,42.78,627.54,1,5
67,sybil_6,219.88,598.4,14.8542,0.2002,90.0,B3C3,3,69.9,555.01,1,6
67,sybil_7,102.77,598.4,10.1303,-0.8453,90.0,A3B3,2,47.25,627.11,1,7
67,sybil_8,198.4,457.1,8.4514,-4.2326,180.0,B3B2,2,108.49,581.27,1,8
67,sybil_9,198.4,504.51,11.9596,-17.631,180.0,B3B2,3,107.06,573.65,1,9
68,legit_0,807.53,798.4,9.13,1.4338,90.0,E4F4,0,70.99,509.64,0,-1
68,legit_10,714.87,201.6,13.4815,0.1174,270.0,E1D1,0,88.84,574.25,0,-1
68,legit_11,601.6,418.02,3.8806,2.0384,0.0,D2D3,0,159.34,475.31,0,-1
68,legit_2,644.34,598.4,12.6014,0.7255,90.0,D3E3,0,105.67,451.88,0,-1
68,legit_4,721.52,1.6,13.7558,0.2277,270.0,E0D0,3,121.78,713.05,0,-1
68,legit_5,559.35,1001.6,11.9021,-0.894,270.0,D5C5,0,134.55,569.23,0,-1
68,legit_6,311.23,998.4,10.9126,-1.1288,90.0,B5C5,0,160.99,622.42,0,-1
68,legit_7,1.6,871.97,12.6591,-0.0064,0.0,A4A5,0,151.8,749.43,0,-1
68,legit_8,401.49,206.42,6.78,-0.47,16.77,:C1_14,0,99.1,589.43,0,-1
68,legit_9,762.74,-1.6,12.9629,-0.3507,90.0,D0E0,2,122.27,722.62,0,-1
68,sybil_0,620.79,-1.6,12.7238,0.6885,90.0,D0E0,3,177.43,707.43,1,0
68,sybil_1,609.01,1.6,3.8943,-27.9184,270.0,E0D0,2,184.11,704.69,1,1
68,sybil_2,398.4,721.7,18.1289,10.2572,180.0,C4C3,1,129.07,490.86,1,2
68,sybil_3,398.4,766.98,2.5243,-7.3907,180.0,C4C3,1,89.41,499.97,1,3
68,sybil_4,176.99,798.4,11.9869,9.1352,90.0,A4B4,1,49.59,605.12,1,4
68,sybil_5,152.28,798.4,16.1596,8.1921,90.0,A4B4,1,41.66,619.79,1,5
68,sybil_6,233.58,598.4,14.733,-0.1212,90.0,B3C3,2,83.59,548.01,1,6
68,sybil_7,114.0,598.4,9.3891,-0.7412,90.0,A3B3,2,36.04,618.97,1,7
68,sybil_8,198.4,444.3,5.9699,-2.4815,180.0,B3B2,1,97.21,583.73,1,8
68,sybil_9,198.4,491.81,5.0538,-6.9058,180.0,B3B2,3,118.52,575.47,1,9
69,legit_0,818.96,798.4,11.43,2.3,90.0,E4F4,0,80.54,513.4,0,-1
69,legit_10,700.99,201.6,13.8784,0.3969,270.0,E1D1,0,95.19,572.41,0,-1
69,legit_11,601.6,423.69,5.6667,1.7861,0.0,D2D3,0,161.49,473.84,0,-1
69,legit_2,657.06,598.4,12.7177,0.1163,90.0,D3E3,0,92.96,452.6,0,-1
69,legit_4,708.52,1.6,12.9986,-0.7572,270.0,E0D0,3,125.45,711.3,0,-1
69,legit_5,547.52,1001.6,11.8236,-0.0786,270.0,D5C5,0,125.13,569.85,0,-1
69,legit_6,322.83,998.4,11.6039,0.6912,90.0,B5C5,0,151.1,618.0,0,-1
69,legit_7,1.6,883.92,11.9505,-0.7086,0.0,A4A5,0,154.76,753.39,0,-1
69,legit_8,401.6,213.37,6.9621,0.1821,0.0,C1C2,0,105.17,585.66,0,-1
69,legit_9,775.88,-1.6,13.1404,0.1775,90.0,D0E0,2,124.32,725.32,0,-1
69,sybil_0,630.12,-1.6,13.1094,0.3855,90.0,D0E0,3,170.75,707.69,1,0
69,sybil_1,605.96,0.71,4.2255,0.3312,259.29,:D0_9,2,187.03,705.37,1,1
69,sybil_2,398.4,709.04,11.2123,-6.9166,180.0,C4C3,1,120.63,488.74,1,2
69,sybil_3,398.4,755.25,4.5855,2.0612,180.0,C4C3,1,99.23,497.38,1,3
69,sybil_4,185.47,798.4,0.0,-11.9869,90.0,A4B4,1,54.67,600.34,1,4
69,sybil_5,164.54,798.4,0.0,-16.1596,90.0,A4B4,1,44.07,612.36,1,5
69,sybil_6,246.22,598.4,19.3409,4.608,90.0,B3C3,2,96.23,541.71,1,6
69,sybil_7,124.3,598.4,16.5665,7.1774,90.0,A3B3,2,25.75,611.59,1,7
69,sybil_8,198.4,431.15,19.1409,13.171,180.0,B3B2,1,86.06,586.44,1,8
69,sybil_9,198.4,478.06,16.6533,11.5995,180.0,B3B2,3,127.6,577.62,1,9
70,legit_0,831.69,798.4,12.7347,1.3048,90.0,E4F4,0,91.68,517.78,0,-1
70,legit_10,687.21,201.6,13.7816,-0.0968,270.0,E1D1,0,102.96,570.85,0,-1
70,legit_11,601.6,431.21,7.525,1.8583,0.0,D2D3,0,164.6,471.96,0,-1
70,legit_2,670.57,598.4,13.5172,0.7995,90.0,D3E3,0,79.44,453.57,0,-1
70,legit_4,695.87,1.6,12.6524,-0.3462,270.0,E0D0,3,130.19,709.8,0,-1
70,legit_5,534.72,1001.6,12.801,0.9774,270.0,D5C5,0,115.43,570.7,0,-1
70,legit_6,333.98,998.4,11.1439,-0.46,90.0,B5C5,0,141.85,613.89,0,-1
70,legit_7,1.6,896.56,12.6406,0.6902,0.0,A4A5,0,158.81,757.77,0,-1
70,legit_8,401.6,222.75,9.3773,2.4152,0.0,C1C2,0,113.58,580.69,0,-1
70,legit_9,786.16,-1.6,10.276,-2.8644,90.0,D0E0,2,126.86,727.6,0,-1
70,sybil_0,641.95,-1.6,12.9234,-0.186,90.0,D0E0,3,162.67,708.17,1,0
70,sybil_1,606.68,-1.26,5.3539,1.1284,207.13,:D0_9,2,187.73,706.94,1,1
70,sybil_2,398.4,696.08,7.9272,-3.2851,180.0,C4C3,1,109.06,486.76,1,2
70,sybil_3,398.4,742.58,0.3607,-4.2249,180.0,C4C3,1,110.25,494.76,1,3
70,sybil_4,190.96,798.4,3.0134,3.0134,90.0,A4B4,1,58.38,597.31,1,4
70,sybil_5,174.6,798.4,13.234,13.234,90.0,A4B4,1,48.33,606.49,1,5
70,sybil_6,258.9,598.4,15.489,-3.852,90.0,B3C3,2,108.91,535.57,1,6
70,sybil_7,135.53,598.4,6.0998,-10.4667,90.0,A3B3,2,14.56,603.67,1,7
70,sybil_8,198.4,417.61,10.8994,-8.2415,180.0,B3B2,1,75.24,589.43,1,8
70,sybil_9,198.4,465.27,5.4983,-11.155,180.0,B3B2,3,115.87,579.79,1,9
71,legit_0,845.0,798.4,13.3021,0.5674,90.0,E4F4,0,103.71,522.56,0,-1
71,legit_10,674.58,201.6,12.6272,-1.1543,270.0,E1D1,0,111.12,569.65,0,-1
71,legit_11,601.6,441.19,9.9778,2.4528,0.0,D2D3,0,169.16,469.58,0,-1
71,legit_2,684.28,598.4,13.7113,0.194,90.0,D3E3,0,65.73,454.77,0,-1
71,legit_4,683.1,1.6,12.7755,0.1231,270.0,E0D0,3,136.0,708.5,0,-1
71,legit_5,522.84,1001.6,11.8853,-0.9157,270.0,D5C5,0,107.01,571.67,0,-1
71,legit_6,345.6,998.4,11.6289,0.4851,90.0,B5C5,0,132.5,609.74,0,-1
71,legit_7,1.6,908.77,12.2101,-0.4305,0.0,A4A5,0,163.56,762.16,0,-1
71,legit_8,401.6,234.28,11.5314,2.1541,0.0,C1C2,0,124.11,574.7,0,-1
71,legit_9,792.69,-1.6,6.5335,-3.7425,90.0,D0E0,2,128.88,729.11,0,-1
71,sybil_0,654.65,-1.6,2.1386,-10.7848,90.0,D0E0,3,154.53,708.85,1,0
71,sybil_1,609.61,-1.6,10.1584,4.8045,115.16,D0E0,2,185.73,707.24,1,1
71,sybil_2,398.4,683.78,12.7233,4.7961,180.0,C4C3,1,98.4,485.06,1,2
71,sybil_3,398.4,729.71,20.6477,20.287,180.0,C4C3,1,121.76,492.3,1,3
71,sybil_4,193.21,798.68,9.4083,6.3949,86.79,:B4_15,1,59.79,596.14,1,4
71,sybil_5,180.64,798.4,5.2374,-7.9965,90.0,A4B4,1,51.67,603.05,1,5
71,sybil_6,272.61,598.4,5.9733,-9.5157,90.0,B3C3,1,122.62,529.1,1,6
71,sybil_7,146.9,598.4,8.5795,2.4796,90.0,A3B3,1,3.49,595.78,1,7
71,sybil_8,198.4,404.15,20.1249,9.2255,180.0,:B2_1,1,65.51,592.63,1,8
71,sybil_9,198.4,451.62,31.796,26.2977,180.0,B3B2,1,103.62,582.3,1,9
72,legit_0,858.77,798.4,13.7776,0.4754,90.0,E4F4,1,116.46,527.72,0,-1
72,legit_10,660.82,201.6,13.7548,1.1275,270.0,E1D1,0,120.88,568.57,0,-1
72,legit_11,601.6,453.57,12.3749,2.3971,0.0,D2D3,0,175.43,466.83,0,-1
72,legit_12,987.7,801.6,0.0,0.0,270.0,F4E4,1,73.18,586.72,0,-1
72,legit_2,697.4,598.4,13.111,-0.6002,90.0,D3E3,0,52.63,456.11,0,-1
72,legit_4,669.5,1.6,13.5973,0.8218,270.0,E0D0,3,143.17,707.32,0,-1
72,legit_5,510.68,1001.6,12.1527,0.2674,270.0,D5C5,0,99.14,572.86,0,-1
72,legit_6,357.47,998.4,11.8656,0.2366,90.0,B5C5,0,123.37,605.67,0,-1
72,legit_7,1.6,921.5,12.7285,0.5183,0.0,A4A5,0,169.31,766.92,0,-1
72,legit_8,401.6,246.61,12.3249,0.7934,0.0,C1C2,0,123.29,568.46,0,-1
72,legit_9,800.06,1.7,8.4992,1.9657,54.15,:E0_10,2,128.45,728.27,0,-1
72,sybil_0,668.04,-1.6,21.443,19.3044,90.0,D0E0,3,146.64,709.77,1,0
72,sybil_1,614.36,-1.6,0.0,-10.1584,90.0,D0E0,2,182.16,707.31,1,1
72,sybil_2,398.4,671.81,30.906,18.1827,180.0,C4C3,2,88.43,483.57,1,2
72,sybil_3,398.4,716.23,6.5634,-14.0843,180.0,C4C3,1,127.17,489.92,1,3
72,sybil_4,193.95,800.83,2.742,-6.6663,49.56,:B4_15,1,58.87,596.28,1,4
72,sybil_5,184.18,798.4,8.7173,3.4799,90.0,A4B4,1,53.84,601.06,1,5
72,sybil_6,286.13,598.4,5.0038,-0.9695,90.0,B3C3,2,136.14,522.92,1,6
72,sybil_7,157.54,598.4,21.3373,12.7578,90.0,A3B3,1,7.71,589.24,1,7
72,sybil_8,198.4,391.25,3.8131,-16.3118,180.0,B2B1,1,57.61,595.92,1,8
72,sybil_9,198.4,438.19,12.2825,-19.5134,180.0,B3B2,1,91.96,584.97,1,9
73,legit_0,872.15,798.4,13.3735,-0.404,90.0,E4F4,1,129.04,532.93,0,-1
73,legit_10,647.15,201.6,13.6754,-0.0794,270.0,E1D1,0,131.29,567.73,0,-1
73,legit_11,601.6,467.4,13.8282,1.4533,0.0,D2D3,0,183.18,464.01,0,-1
73,legit_12,985.78,801.6,1.9219,1.9219,270.0,F4E4,1,74.83,585.72,0,-1
73,legit_2,710.73,598.4,13.3382,0.2272,90.0,D3E3,0,39.3,457.69,0,-1
73,legit_4,656.11,1.6,13.3894,-0.2078,270.0,E0D0,3,151.11,706.38,0,-1
73,legit_5,498.54,1001.6,12.1409,-0.0118,270.0,D5C5,1,92.21,574.25,0,-1
73,legit_6,369.6,998.4,12.1337,0.2682,90.0,B5C5,1,114.55,601.67,0,-1
73,legit_7,1.6,934.19,12.6949,-0.0336,0.0,A4A5,0,175.77,771.85,0,-1
73,legit_8,401.6,258.82,12.2126,-0.1123,0.0,C1C2,0,112.16,562.42,0,-1
73,legit_9,801.6,10.15,8.7633,0.2641,3.32,E0E1,2,121.36,722.02,0,-1
73,sybil_0,681.93,-1.6,8.1662,-13.2768,90.0,D0E0,3,139.36,710.95,1,0
73,sybil_1,620.91,-1.6,11.6015,11.6015,90.0,D0E0,2,177.34,707.43,1,1
73,sybil_2,398.4,659.73,21.8075,-9.0985,180.0,C4C3,2,78.93,482.26,1,2
73,sybil_3,398.4,702.35,5.4702,-1.0932,180.0,C4C3,2,114.62,487.69,1,3
73,sybil_4,191.85,801.6,9.2139,6.4719,332.97,B4A4,1,56.8,597.61,1,4
73,sybil_5,188.44,798.4,4.9419,-3.7754,90.0,A4B4,1,56.64,598.69,1,5
73,sybil_6,299.77,598.4,19.3667,14.3629,90.0,B3C3,3,149.77,516.87,1,6
73,sybil_7,168.76,598.4,1.0713,-20.266,90.0,A3B3,1,18.83,582.79,1,7
73,sybil_8,198.4,377.78,18.8779,15.0647,180.0,B2B1,1,51.56,599.63,1,8
73,sybil_9,198.4,425.45,21.2193,8.9368,180.0,B3B2,1,81.4,587.68,1,9
74,legit_0,884.98,798.4,12.8303,-0.5432,90.0,E4F4,1,141.24,538.12,0,-1
74,legit_10,633.53,201.6,13.619,-0.0564,270.0,E1D1,0,142.21,567.12,0,-1
74,legit_11,601.6,481.05,13.6594,-0.1689,0.0,D2D3,0,190.19,461.48,0,-1
74,legit_12,981.39,801.6,4.3877,2.4658,270.0,F4E4,1,78.62,583.46,0,-1
74,legit_2,723.62,598.4,12.8876,-0.4506,90.0,D3E3,0,26.43,459.4,0,-1
74,legit_4,642.39,1.6,13.7214,0.332,270.0,E0D0,2,160.0,705.63,0,-1
74,legit_5,485.73,1001.6,12.8153,0.6744,270.0,D5C5,1,86.16,575.94,0,-1
74,legit_6,380.54,998.4,10.9385,-1.1953,90.0,B5C5,1,107.16,598.22,0,-1
74,legit_7,1.6,946.8,12.6089,-0.086,0.0,A4A5,0,182.84,776.91,0,-1
74,legit_8,401.6,271.0,12.1767,-0.0359,0.0,C1C2,0,101.31,556.55,0,-1
74,legit_9,801.6,20.68,10.5268,1.7635,0.0,E0E1,1,111.92,713.82,0,-1
74,sybil_0,694.86,-1.6,26.2112,18.0451,90.0,D0E0,3,133.52,712.26,1,0
74,sybil_1,629.09,-1.6,12.166,0.5645,90.0,D0E0,2,171.48,707.66,1,1
74,sybil_2,398.4,647.86,0.9756,-20.832,180.0,C4C3,2,70.38,481.16,1,2
74,sybil_3,398.4,689.55,13.5602,8.09,180.0,C4C3,2,103.35,485.83,1,3
74,sybil_4,187.27,801.6,0.0,-9.2139,270.0,B4A4,1,53.51,600.13,1,4
74,sybil_5,190.18,798.4,0.0,-4.9419,90.0,A4B4,1,57.84,597.73,1,5
74,sybil_6,313.34,598.4,14.1816,-5.1851,90.0,B3C3,3,136.67,511.05,1,6
74,sybil_7,179.33,598.4,7.8614,6.7901,90.0,A3B3,1,29.38,576.83,1,7
74,sybil_8,198.4,364.04,19.9799,1.1021,180.0,B2B1,1,48.57,603.75,1,8
74,sybil_9,198.4,411.95,17.104,-4.1153,180.0,B3B2,1,71.0,590.75,1,9
75,legit_0,898.85,798.4,13.8774,1.0471,90.0,E4F4,1,154.56,543.92,0,-1
75,legit_10,620.97,201.6,12.5638,-1.0552,270.0,E1D1,0,152.67,566.74,0,-1
75,legit_11,601.6,494.05,12.9932,-0.6662,0.0,D2D3,0,182.34,459.32,0,-1
75,legit_12,974.67,801.6,6.7191,2.3314,270.0,F4E4,1,84.55,580.04,0,-1
75,legit_2,737.42,598.4,13.7937,0.9061,90.0,D3E3,0,12.69,461.45,0,-1
75,legit_4,629.04,1.6,13.3531,-0.3683,270.0,E0D0,2,169.27,705.1,0,-1
75,legit_5,473.09,1001.6,12.6351,-0.1801,270.0,D5C5,1,81.73,577.87,0,-1
75,legit_6,390.11,998.4,9.5626,-1.3759,90.0,B5C5,1,101.22,595.33,0,-1
75,legit_7,1.6,959.65,12.8504,0.2415,0.0,A4A5,0,190.63,782.24,0,-1
75,legit_8,401.6,282.91,11.9154,-0.2612,0.0,C1C2,0,91.02,550.97,0,-1
75,legit_9,801.6,33.69,13.0036,2.4769,0.0,E0E1,1,100.56,703.81,0,-1
75,sybil_0,708.32,-1.6,0.0,-26.2112,90.0,D0E0,3,128.54,713.84,1,0
75,sybil_1,639.54,-1.6,1.8497,-10.3163,90.0,D0E0,2,164.28,708.06,1,1
75,sybil_2,398.4,635.91,4.2875,3.312,180.0,C4C3,2,62.87,480.26,1,2
75,sybil_3,398.4,676.19,13.7135,0.1533,180.0,C4C3,2,92.02,484.1,1,3
75,sybil_4,180.81,801.6,11.8469,11.8469,270.0,B4A4,1,49.23,603.73,1,4
75,sybil_5,193.39,798.8,0.0,0.0,85.36,:B4_15,1,59.84,596.07,1,5
75,sybil_6,327.15,598.4,10.2748,-3.9068,90.0,B3C3,3,122.86,505.32,1,6
75,sybil_7,188.13,598.4,0.2571,-7.6043,90.0,A3B3,1,38.17,571.95,1,7
75,sybil_8,198.4,350.78,24.4653,4.4854,180.0,B2B1,1,49.27,608.07,1,8
75,sybil_9,198.4,398.41,10.866,-6.238,180.0,:B2_1,1,61.79,594.07,1,9
76,legit_0,912.11,798.4,13.2585,-0.6189,90.0,E4F4,1,144.03,549.65,0,-1
76,legit_10,612.83,201.6,8.1392,-4.4246,270.0,E1D1,0,159.61,566.59,0,-1
76,legit_11,601.6,507.29,13.241,0.2478,0.0,D2D3,0,174.98,457.35,0,-1
76,legit_12,965.89,801.6,8.7861,2.067,270.0,F4E4,1,92.47,575.65,0,-1
76,legit_2,750.93,598.4,13.511,-0.2827,90.0,D3E3,0,1.85,463.8,0,-1
76,legit_4,615.81,1.6,13.2214,-0.1318,270.0,E0D0,2,178.95,704.78,0,-1
76,legit_5,461.07,1001.6,12.0239,-0.6113,270.0,D5C5,1,79.18,579.94,0,-1
76,legit_6,395.64,997.82,5.6208,-3.9418,96.76,:C5_6,1,98.54,593.4,0,-1
76,legit_7,1.6,972.64,12.9836,0.1332,0.0,A4A5,0,183.17,787.81,0,-1
76,legit_8,401.6,295.46,12.5497,0.6343,0.0,C1C2,0,80.67,545.26,0,-1
76,legit_9,801.6,46.93,13.2462,0.2426,0.0,E0E1,1,89.45,693.74,0,-1
76,sybil_0,722.09,-1.6,12.8951,12.8951,90.0,D0E0,3,124.76,715.69,1,0
76,sybil_1,652.22,-1.6,4.4571,2.6074,90.0,D0E0,2,156.04,708.7,1,1
76,sybil_2,398.4,623.03,17.1494,12.8618,180.0,C4C3,2,56.5,479.54,1,2
76,sybil_3,398.4,662.55,20.7622,7.0486,180.0,C4C3,2,81.09,482.55,1,3
76,sybil_4,172.88,801.6,0.0,-11.8469,270.0,B4A4,1,44.7,608.24,1,4
76,sybil_5,193.62,801.06,3.282,3.282,38.7,:B4_15,1,58.47,596.52,1,5
76,sybil_6,340.07,598.4,8.7437,-1.5311,90.0,B3C3,3,109.94,500.14,1,6
76,sybil_7,192.44,598.4,18.7966,18.5395,90.0,A3B3,1,42.47,569.6,1,7
76,sybil_8,198.4,337.76,17.6984,-6.767,180.0,B2B1,1,53.27,612.62,1,8
76,sybil_9,198.4,385.38,5.903,-4.963,180.0,B2B1,1,54.65,597.5,1,9
77,legit_0,925.38,798.4,13.2714,0.0129,90.0,E4F4,1,131.38,555.58,0,-1
77,legit_10,607.97,201.6,4.8526,-3.2866,270.0,E1D1,0,163.8,566.53,0,-1
77,legit_11,601.6,520.88,13.5952,0.3541,0.0,D2D3,0,168.17,455.59,0,-1
77,legit_12,954.71,801.6,11.1717,2.3856,270.0,F4E4,1,102.73,570.18,0,-1
77,legit_2,764.43,598.4,13.4994,-0.0116,90.0,D3E3,0,14.51,467.54,0,-1
77,legit_4,602.48,1.6,13.33,0.1086,270.0,:D0_4,2,189.15,704.64,0,-1
77,legit_5,448.62,1001.6,12.4471,0.4232,270.0,D5C5,1,78.41,582.35,0,-1
77,legit_6,398.34,993.24,5.6595,0.0387,153.27,:C5_6,1,100.98,590.14,0,-1
77,legit_7,1.6,984.27,11.6364,-1.3472,0.0,A4A5,0,176.6,792.94,0,-1
77,legit_8,401.6,307.73,12.272,-0.2777,0.0,C1C2,0,71.23,539.86,0,-1
77,legit_9,801.6,60.65,13.7227,0.4765,0.0,E0E1,2,78.64,683.48,0,-1
77,sybil_0,735.61,-1.6,12.3164,-0.5787,90.0,D0E0,3,122.45,717.76,1,0
77,sybil_1,665.46,-1.6,14.9783,10.5213,90.0,D0E0,3,148.1,709.58,1,1
77,sybil_2,398.4,612.35,5.447,-11.7024,180.0,C4C3,2,53.06,479.17,1,2
77,sybil_3,398.4,649.38,5.1482,-15.6139,180.0,C4C3,2,71.42,481.29,1,3
77,sybil_4,163.65,801.6,11.4431,11.4431,270.0,B4A4,1,40.75,613.63,1,4
77,sybil_5,190.95,801.6,13.8619,10.5799,307.17,B4A4,1,56.14,598.1,1,5
77,sybil_6,353.88,598.4,16.7387,7.995,90.0,B3C3,2,96.14,494.8,1,6
77,sybil_7,198.59,598.4,0.0,-18.7966,90.0,:B3_13,0,48.61,566.26,1,7
77,sybil_8,198.4,325.03,4.8297,-12.8687,180.0,B2B1,1,59.71,617.36,1,8
77,sybil_9,198.4,372.09,0.0,-5.903,180.0,B2B1,1,49.89,601.3,1,9
78,legit_0,938.53,798.4,13.1416,-0.1298,90.0,E4F4,1,118.98,561.62,0,-1
78,legit_10,602.95,203.09,5.3889,0.5363,287.77,:D1_4,0,168.9,565.66,0,-1
78,legit_11,601.6,533.95,13.0637,-0.5314,0.0,D2D3,0,162.44,454.15,0,-1
78,legit_12,941.82,801.6,12.896,1.7242,270.0,F4E4,1,114.8,564.03,0,-1
78,legit_13,-1.6,587.7,0.0,0.0,180.0,A3A2,0,152.1,707.72,0,-1
78,legit_2,777.52,598.4,13.0909,-0.4084,90.0,D3E3,0,27.56,471.4,0,-1
78,legit_4,588.76,1.6,13.7218,0.3918,270.0,D0C0,1,182.41,704.71,0,-1
78,legit_5,436.6,1001.6,12.0236,-0.4235,270.0,D5C5,1,79.54,584.93,0,-1
78,legit_6,398.4,988.16,5.0798,-0.5798,179.41,C5C4,1,105.34,587.38,0,-1
78,legit_7,1.6,992.39,8.1195,-3.517,0.0,A4A5,0,172.33,796.61,0,-1
78,legit_8,401.6,320.04,12.3034,0.0314,0.0,C1C2,0,62.77,534.65,0,-1
78,legit_9,801.6,73.36,12.7098,-1.0129,0.0,E0E1,2,69.55,674.14,0,-1
78,sybil_0,748.71,-1.6,4.245,-8.0714,90.0,D0E0,2,121.61,719.98,1,0
78,sybil_1,677.97,-1.6,1.6287,-13.3497,90.0,D0E0,3,141.33,710.59,1,1
78,sybil_2,398.57,605.99,2.2989,-3.1481,178.01,:C3_2,2,51.77,478.99,1,2
78,sybil_3,398.4,636.12,10.4311,5.2829,180.0,C4C3,2,62.99,480.27,1,3
78,sybil_4,152.02,801.6,6.983,-4.4601,270.0,B4A4,1,38.45,620.68,1,4
78,sybil_5,186.38,801.6,1.9123,-11.9496,270.0,B4A4,1,52.9,600.62,1,5
78,sybil_6,367.68,598.4,13.7671,-2.9716,90.0,B3C3,2,82.34,489.68,1,6
78,sybil_7,207.04,598.4,6.7123,6.7123,90.0,:B3_13,0,57.06,561.74,1,7
78,sybil_8,198.4,311.51,22.8411,18.0114,180.0,B2B1,1,68.51,622.64,1,8
78,sybil_9,198.4,358.98,13.6248,13.6248,180.0,B2B1,1,48.41,605.36,1,9
79,legit_0,952.33,798.4,13.808,0.6664,90.0,E4F4,1,106.16,568.17,0,-1
79,legit_10,601.6,209.23,6.4418,1.0529,352.95,D1D2,0,173.16,562.21,0,-1
79,legit_11,601.6,547.35,13.4048,0.3411,0.0,D2D3,0,157.46,452.93,0,-1
79,legit_12,928.85,801.6,12.9646,0.0686,270.0,F4E4,1,127.09,558.03,0,-1
79,legit_13,-1.6,585.5,2.2017,2.2017,180.0,A3A2,0,152.29,707.76,0,-1
79,legit_2,791.12,598.4,13.6014,0.5105,90.0,D3E3,0,41.15,475.62,0,-1
79,legit_4,574.91,1.6,13.8489,0.1271,270.0,D0C0,1,172.11,704.99,0,-1
79,legit_5,424.46,1001.6,12.134,0.1104,270.0,D5C5,1,82.45,587.78,0,-1
79,legit_6,398.4,981.33,6.8304,1.7507,180.0,C5C4,1,111.34,583.75,0,-1
79,legit_7,1.6,996.01,3.6195,-4.5,0.0,A4A5,0,170.52,798.26,0,-1
79,legit_8,401.6,332.38,12.3421,0.0387,0.0,C1C2,0,55.73,529.64,0,-1
79,legit_9,801.6,86.07,12.7047,-0.0051,0.0,E0E1,2,61.76,664.98,0,-1
79,sybil_0,761.88,-1.6,10.2066,5.9616,90.0,D0E0,2,122.18,722.45,1,0
79,sybil_1,690.62,-1.6,8.5374,6.9087,90.0,D0E0,3,135.32,711.81,1,1
79,sybil_2,401.7,599.94,0.0,-2.2989,144.16,:C3_16,2,48.3,477.93,1,2
79,sybil_3,398.4,624.55,9.5287,-0.9024,180.0,C4C3,2,57.14,479.61,1,3
79,sybil_4,140.44,801.6,18.0261,11.0432,270.0,B4A4,1,39.57,628.0,1,4
79,sybil_5,179.34,801.6,13.3248,11.4124,270.0,B4A4,1,48.33,604.56,1,5
79,sybil_6,380.06,598.4,13.3165,-0.4506,90.0,B3C3,2,69.96,485.25,1,6
79,sybil_7,217.89,598.4,7.6546,0.9423,90.0,B3C3,0,67.91,556.04,1,7
79,sybil_8,198.4,297.98,15.2323,-7.6088,180.0,B2B1,1,78.67,628.16,1,8
79,sybil_9,198.4,345.86,13.0148,-0.61,180.0,B2B1,1,50.42,609.75,1,9
80,legit_0,965.79,798.4,13.4526,-0.3554,90.0,E4F4,1,93.93,574.75,0,-1
80,legit_10,601.6,217.05,7.8186,1.3768,0.0,D1D2,0,177.31,557.89,0,-1
80,legit_11,601.6,560.19,12.8351,-0.5697,0.0,D2D3,0,153.65,452.01,0,-1
80,legit_12,915.91,801.6,12.9444,-0.0202,270.0,F4E4,1,139.48,552.21,0,-1
80,legit_13,-1.6,581.28,4.2153,2.0136,180.0,A3A2,0,152.75,707.85,0,-1
80,legit_4,561.9,1.6,13.0173,-0.8316,270.0,D0C0,1,162.91,705.44,0,-1
80,legit_5,412.61,1001.6,11.8541,-0.2799,270.0,D5C5,1,86.86,590.79,0,-1
80,legit_6,398.4,972.6,8.7366,1.9062,180.0,C5C4,1,119.15,579.16,0,-1
80,legit_7,2.53,998.3,2.6972,-0.9223,11.49,:A5_1,0,168.58,798.63,0,-1
80,legit_8,401.6,344.12,11.7417,-0.6004,0.0,C1C2,0,50.94,525.11,0,-1
80,legit_9,801.6,98.86,12.789,0.0843,0.0,E0E1,2,55.76,655.98,0,-1
80,sybil_0,774.98,-1.6,19.5361,9.3294,90.0,D0E0,2,124.14,725.13,1,0
80,sybil_1,704.36,-1.6,16.8328,8.2954,90.0,D0E0,3,129.88,713.35,1,1
80,sybil_2,407.8,598.4,8.6514,8.6514,99.46,C3D3,2,42.23,475.97,1,2
80,sybil_3,398.4,613.79,8.8699,-0.6589,180.0,C4C3,2,53.41,479.2,1,3
80,sybil_4,129.33,801.6,9.1241,-8.9021,270.0,B4A4,1,43.61,635.28,1,4
80,sybil_5,169.8,801.6,13.9006,0.5759,270.0,B4A4,1,43.21,610.02,1,5
80,sybil_6,388.26,598.4,11.1648,-2.1516,90.0,B3C3,2,61.76,482.42,1,6
80,sybil_7,229.41,598.4,11.354,3.6994,90.0,B3C3,0,79.43,550.12,1,7
80,sybil_8,198.4,284.18,25.8627,10.6304,180.0,B2B1,1,89.95,633.99,1,8
80,sybil_9,198.4,332.38,14.0095,0.9947,180.0,B2B1,1,55.73,614.59,1,9
81,legit_0,978.13,798.4,12.3414,-1.1112,90.0,E4F4,1,83.04,580.96,0,-1
81,legit_10,601.6,227.25,10.2021,2.3834,0.0,D1D2,0,183.1,552.38,0,-1
81,legit_11,601.6,573.03,12.8414,0.0063,0.0,D2D3,0,150.83,451.34,0,-1
81,legit_12,903.43,801.6,12.4783,-0.4661,270.0,F4E4,1,151.52,546.76,0,-1
81,legit_13,-1.6,574.48,6.8045,2.5891,180.0,A3A2,0,153.73,708.04,0,-1
81,legit_4,549.18,1.6,12.7129,-0.3043,270.0,D0C0,0,154.45,706.07,0,-1
81,legit_5,400.29,1001.6,12.3207,0.4666,270.0,:C5_0,1,92.83,594.15,0,-1
81,legit_6,398.4,961.77,10.8263,2.0897,180.0,C5C4,1,129.0,573.59,0,-1
81,legit_7,5.35,998.4,2.8185,0.1213,63.43,A5B5,0,166.08,796.6,0,-1
81,legit_8,401.6,356.45,12.3273,0.5856,0.0,C1C2,0,48.53,520.64,0,-1
81,legit_9,801.6,112.62,13.7577,0.9687,0.0,E0E1,2,52.13,646.57,0,-1
81,sybil_0,786.02,-1.6,18.8361,-0.6999,90.0,D0E0,2,126.82,727.56,1,0
81,sybil_1,716.98,-1.6,21.9222,5.0894,90.0,D0E0,2,126.0,714.98,1,1
81,sybil_2,416.07,598.4,0.0,-8.6514,90.0,C3D3,2,33.97,473.36,1,2
81,sybil_3,398.4,607.2,4.1048,-4.765,180.0,:C3_2,2,52.1,479.06,1,3
81,sybil_4,118.05,801.6,0.0,-9.1241,270.0,B4A4,1,49.95,642.9,1,4
81,sybil_5,158.4,801.6,10.9326,-2.968,270.0,B4A4,1,39.31,616.78,1,5
81,sybil_6,392.38,598.4,5.7321,-5.4327,90.0,B3C3,2,57.64,481.02,1,6
81,sybil_7,240.57,598.4,2.2679,-9.0861,90.0,B3C3,0,90.58,544.51,1,7
81,sybil_8,198.4,270.62,15.7856,-10.0771,180.0,B2B1,1,101.65,639.93,1,8
81,sybil_9,198.4,318.76,27.3323,13.3228,180.0,B2B1,1,63.59,619.78,1,9
82,legit_0,986.9,798.4,8.7721,-3.5694,90.0,E4F4,1,75.58,585.48,0,-1
82,legit_10,601.6,239.0,11.7474,1.5453,0.0,D1D2,0,190.22,546.18,0,-1
82,legit_11,601.6,583.97,10.9407,-1.9007,0.0,D2D3,0,149.26,450.98,0,-1
82,legit_12,890.08,801.6,13.3521,0.8738,270.0,F4E4,1,145.25,541.11,0,-1
82,legit_13,-1.6,565.5,8.9807,2.1762,180.0,A3A2,0,155.48,708.37,0,-1
82,legit_4,536.21,1.6,12.9701,0.2571,270.0,D0C0,0,146.46,706.9,0,-1
82,legit_5,387.89,1001.6,12.3993,0.0786,270.0,C5B5,1,100.02,597.75,0,-1
82,legit_6,398.4,950.59,11.1847,0.3584,180.0,C5C4,1,122.03,567.97,0,-1
82,legit_7,9.91,998.4,4.5597,1.7411,90.0,A5B5,0,162.13,793.24,0,-1
82,legit_8,401.6,368.84,12.3908,0.0635,0.0,C1C2,0,49.2,516.45,0,-1
82,legit_9,801.6,125.74,13.1259,-0.6318,0.0,E0E1,2,51.92,637.9,0,-1
82,sybil_0,792.56,-1.6,14.3861,-4.45,90.0,D0E0,2,128.83,729.08,1,0
82,sybil_1,730.06,-1.6,18.4155,-3.5067,90.0,D0E0,2,123.22,716.88,1,1
82,sybil_2,426.56,598.4,10.4092,10.4092,90.0,C3D3,2,23.49,470.18,1,2
82,sybil_3,400.51,600.75,1.8207,-2.2841,157.99,:C3_16,3,49.5,478.32,1,3
82,sybil_4,106.12,801.6,11.4214,11.4214,270.0,B4A4,1,58.31,651.17,1,4
82,sybil_5,145.98,801.6,7.6587,-3.2739,270.0,B4A4,1,38.61,624.46,1,5
82,sybil_6,392.64,598.4,19.2043,13.4721,90.0,B3C3,3,57.38,480.93,1,6
82,sybil_7,251.59,598.4,17.8866,15.6187,90.0,B3C3,2,101.61,539.09,1,7
82,sybil_8,198.4,257.76,25.9925,10.2069,180.0,B2B1,1,113.11,645.72,1,8
82,sybil_9,198.4,306.0,0.0,-27.3323,180.0,B2B1,1,72.52,624.86,1,9
83,legit_0,991.17,798.4,4.273,-4.499,90.0,E4F4,1,72.05,587.72,0,-1
83,legit_10,601.6,252.08,13.0868,1.3394,0.0,D1D2,0,183.49,539.49,0,-1
83,legit_11,601.6,591.85,7.8809,-3.0598,0.0,D2D3,0,148.62,450.83,0,-1
83,legit_12,876.94,801.6,13.1352,-0.2169,270.0,F4E4,1,132.62,535.74,0,-1
83,legit_13,-1.6,554.58,10.9179,1.9371,180.0,A3A2,0,158.26,708.91,0,-1
83,legit_4,523.26,1.6,12.9503,-0.0197,270.0,D0C0,0,139.23,707.92,0,-1
83,legit_5,375.13,1001.6,12.7544,0.3551,270.0,C5B5,1,108.4,601.66,0,-1
83,legit_6,398.4,939.39,11.1943,0.0096,180.0,C5C4,1,111.99,562.46,0,-1
83,legit_7,15.97,998.4,6.0597,1.5,90.0,A5B5,0,156.92,788.8,0,-1
83,legit_8,401.6,380.58,11.739,-0.6518,0.0,C1C2,0,52.59,512.76,0,-1
83,legit_9,801.6,139.63,13.8867,0.7608,0.0,E0E1,1,55.21,629.06,0,-1
83,sybil_0,799.94,1.51,6.4713,-7.9148,56.51,:E0_10,2,128.59,728.4,1,0
83,sybil_1,743.78,-1.6,12.4083,-6.0071,90.0,D0E0,1,121.76,719.12,1,1
83,sybil_2,438.59,598.4,20.2427,9.8335,90.0,C3D3,2,11.52,466.68,1,2
83,sybil_3,407.59,598.4,0.0,-1.8207,100.74,C3D3,3,42.44,476.03,1,3
83,sybil_4,93.9,801.6,9.2146,-2.2069,270.0,B4A4,1,67.98,659.82,1,4
83,sybil_5,133.16,801.6,14.6951,7.0364,270.0,B4A4,1,41.93,632.74,1,5
83,sybil_6,394.66,598.67,10.5552,-8.649,86.94,:C3_14,3,55.35,480.25,1,6
83,sybil_7,262.4,598.4,3.661,-14.2256,90.0,B3C3,2,112.41,533.9,1,7
83,sybil_8,198.4,244.49,15.1318,-10.8607,180.0,B2B1,1,125.24,651.87,1,8
83,sybil_9,198.4,292.15,0.0,0.0,180.0,B2B1,1,83.35,630.6,1,9
84,legit_0,993.94,799.16,2.9992,-1.2738,80.92,:F4_8,1,69.36,589.37,0,-1
84,legit_10,601.6,265.37,13.2883,0.2015,0.0,D1D2,0,176.0,532.92,0,-1
84,legit_11,603.33,597.2,5.8458,-2.035,21.0,:D3_8,0,146.7,450.78,0,-1
84,legit_12,864.32,801.6,12.6275,-0.5076,270.0,F4E4,1,120.59,530.75,0,-1
84,legit_13,-1.6,542.52,12.0574,1.1395,180.0,A3A2,0,162.13,709.68,0,-1
84,legit_14,401.6,212.3,0.0,0.0,0.0,C1C2,0,104.22,586.23,0,-1
84,legit_4,510.58,1.6,12.6792,-0.2712,270.0,D0C0,0,133.0,709.12,0,-1
84,legit_5,363.17,1001.6,11.9657,-0.7887,270.0,C5B5,1,116.99,605.52,0,-1
84,legit_6,398.4,927.7,11.6892,0.4949,180.0,C5C4,1,101.76,556.86,0,-1
84,legit_7,24.36,998.4,8.3925,2.3328,90.0,A5B5,0,149.81,782.69,0,-1
84,legit_8,401.6,387.85,7.2754,-4.4637,0.0,C1C2,0,55.84,510.6,0,-1
84,legit_9,801.6,153.11,13.4815,-0.4052,0.0,E0E1,1,61.31,620.77,0,-1
84,sybil_0,801.6,9.16,17.1615,10.6902,4.95,E0E1,2,122.27,722.8,1,0
84,sybil_1,757.16,-1.6,17.5937,5.1853,90.0,D0E0,1,121.81,721.54,1,1
84,sybil_2,451.07,598.4,9.34,-10.9027,90.0,C3D3,2,1.92,463.37,1,2
84,sybil_3,417.66,598.4,12.579,12.579,90.0,C3D3,3,32.38,472.87,1,3
84,sybil_4,82.03,801.6,17.6622,8.4476,270.0,B4A4,1,78.07,668.38,1,4
84,sybil_5,120.34,801.6,11.1945,-3.5006,270.0,B4A4,1,48.52,641.34,1,5
84,sybil_6,398.01,599.76,6.9864,-3.5688,74.7,:C3_14,3,52.0,479.14,1,6
84,sybil_7,273.92,598.4,11.7362,8.0752,90.0,B3C3,2,123.93,528.5,1,7
84,sybil_8,198.4,230.79,10.2247,-4.9071,180.0,B2B1,1,120.9,658.39,1,8
84,sybil_9,198.4,278.8,8.0831,8.0831,180.0,B2B1,1,94.53,636.33,1,9
85,legit_0,992.23,801.6,3.8684,0.8692,345.87,F4E4,1,69.37,589.09,0,-1
85,legit_10,601.6,278.54,13.1744,-0.1139,0.0,D1D2,0,169.29,526.63,0,-1
85,legit_11,609.13,598.4,6.0623,0.2164,82.35,D3E3,1,140.88,450.82,0,-1
85,legit_12,851.68,801.6,12.6315,0.0039,270.0,F4E4,1,108.69,525.93,0,-1
85,legit_13,-1.6,531.24,11.2836,-0.7738,180.0,A3A2,0,166.47,710.56,0,-1
85,legit_14,401.6,214.89,2.5944,2.5944,0.0,C1C2,0,106.52,584.85,0,-1
85,legit_4,497.54,1.6,13.0398,0.3606,270.0,D0C0,0,127.59,710.56,0,-1
85,legit_5,350.58,1001.6,12.5854,0.6196,270.0,C5B5,1,126.61,609.76,0,-1
85,legit_6,398.4,916.36,11.3421,-0.3471,180.0,C5C4,1,92.16,551.57,0,-1
85,legit_7,35.34,998.4,10.9813,2.5889,90.0,A5B5,0,140.73,774.77,0,-1
85,legit_8,401.6,392.25,4.4009,-2.8744,0.0,C1C2,0,58.16,509.34,0,-1
85,legit_9,801.6,166.0,12.8868,-0.5947,0.0,E0E1,1,69.12,613.09,0,-1
85,sybil_0,801.6,18.77,31.5656,14.4041,0.0,E0E1,2,113.62,715.3,1,0
85,sybil_1,770.55,-1.6,20.9157,3.322,90.0,D0E0,1,123.32,724.2,1,1
85,sybil_2,463.03,598.4,25.0515,15.7115,90.0,C3D3,3,13.12,461.38,1,2
85,sybil_3,429.73,598.4,17.6066,5.0276,90.0,C3D3,3,20.34,469.24,1,3
85,sybil_4,70.02,801.6,4.1843,-13.4779,270.0,B4A4,1,88.72,677.18,1,4
85,sybil_5,107.95,801.6,24.1762,12.9817,270.0,B4A4,1,56.95,649.89,1,5
85,sybil_6,401.07,603.5,0.0,-6.9864,39.39,:C3_14,3,49.05,478.15,1,6
85,sybil_7,284.85,598.4,1.5693,-10.1669,90.0,B3C3,2,134.86,523.5,1,7
85,sybil_8,198.4,218.02,17.3591,7.1344,180.0,B2B1,1,109.32,664.62,1,8
85,sybil_9,198.4,265.48,7.8173,-0.2658,180.0,B2B1,1,106.19,642.23,1,9
86,legit_0,986.73,801.6,5.4986,1.6302,270.0,F4E4,1,74.01,586.22,0,-1
86,legit_10,601.6,292.07,13.5244,0.3499,0.0,D1D2,0,163.21,520.42,0,-1
86,legit_11,617.6,598.4,8.4755,2.4132,90.0,D3E3,1,132.41,450.95,0,-1
86,legit_12,839.37,801.6,12.312,-0.3194,270.0,F4E4,1,97.27,521.4,0,-1
86,legit_13,-1.6,519.72,11.5178,0.2343,180.0,A3A2,0,171.54,711.61,0,-1
86,legit_14,401.6,219.47,4.5785,1.9842,0.0,C1C2,0,110.62,582.42,0,-1
86,legit_4,484.14,1.6,13.4085,0.3687,270.0,D0C0,0,123.22,712.26,0,-1
86,legit_5,338.95,1001.6,11.6334,-0.952,270.0,C5B5,1,135.94,613.84,0,-1
86,legit_6,398.4,904.6,11.7654,0.4232,180.0,C5C4,1,82.67,546.23,0,-1
86,legit_7,47.66,998.4,12.3217,1.3404,90.0,A5B5,0,130.89,766.0,0,-1
86,legit_8,400.09,394.35,2.7759,-1.625,340.78,:C2_19,0,60.59,509.22,0,-1
86,legit_9,801.6,178.99,12.9971,0.1103,0.0,E0E1,1,78.38,605.56,0,-1
86,sybil_0,801.6,30.64,28.8861,-2.6796,0.0,E0E1,2,103.18,706.14,1,0
86,sybil_1,782.7,-1.6,0.0,-20.9157,90.0,D0E0,1,125.92,726.81,1,1
86,sybil_2,475.67,598.4,20.0136,-5.0379,90.0,C3D3,3,25.72,459.5,1,2
86,sybil_3,442.75,598.4,19.2098,1.6032,90.0,C3D3,3,7.42,465.51,1,3
86,sybil_4,57.99,801.6,12.4698,8.2855,270.0,B4A4,1,99.7,686.12,1,4
86,sybil_5,95.26,801.6,26.9397,2.7635,270.0,B4A4,1,66.87,658.85,1,5
86,sybil_6,401.6,610.5,0.0,0.0,2.77,C3C4,3,49.53,478.08,1,6
86,sybil_7,295.5,598.4,11.9191,10.3498,90.0,B3C3,2,145.51,518.74,1,7
86,sybil_8,198.4,208.45,13.5403,-3.8188,180.0,B2B1,1,100.83,669.39,1,8
86,sybil_9,198.4,252.48,15.0208,7.2034,180.0,B2B1,1,117.91,648.15,1,9
87,legit_0,979.63,801.6,7.099,1.6004,270.0,F4E4,0,80.16,582.56,0,-1
87,legit_10,601.6,305.89,13.8171,0.2928,0.0,D1D2,0,157.96,514.33,0,-1
87,legit_11,628.06,598.4,10.4524,1.9769,90.0,D3E3,1,121.95,451.22,0,-1
87,legit_12,826.04,801.6,13.3366,1.0246,270.0,F4E4,0,85.18,516.69,0,-1
87,legit_13,-1.6,507.88,11.8435,0.3257,180.0,A3A2,0,177.4,712.86,0,-1
87,legit_14,401.6,225.41,5.9384,1.3598,0.0,C1C2,0,115.99,579.3,0,-1
87,legit_4,471.47,1.6,12.6631,-0.7454,270.0,D0C0,0,120.33,714.08,0,-1
87,legit_5,326.32,1001.6,12.6317,0.9984,270.0,C5B5,1,146.44,618.44,0,-1
87,legit_6,398.4,893.03,11.5687,-0.1966,180.0,C5C4,1,73.99,541.15,0,-1
87,legit_7,59.84,998.4,12.1773,-0.1444,90.0,A5B5,0,121.6,757.47,0,-1
87,legit_8,398.52,392.99,2.2169,-0.559,283.48,:C2_19,0,61.14,510.1,0,-1
87,legit_9,801.6,191.65,12.6565,-0.3406,0.0,E0E1,1,88.3,598.42,0,-1
87,sybil_0,801.6,43.82,10.5748,-18.3113,0.0,E0E1,2,92.01,696.09,1,0
87,sybil_1,790.76,-1.6,10.0581,10.0581,90.0,D0E0,1,128.25,728.66,1,1
87,sybil_2,487.57,598.4,17.1166,-2.897,90.0,C3D3,3,37.61,457.9,1,2
87,sybil_3,456.1,598.4,22.1577,2.9479,90.0,C3D3,3,6.3,462.5,1,3
87,sybil_4,46.89,801.6,14.1058,1.636,270.0,B4A4,1,110.03,694.49,1,4
87,sybil_5,82.24,801.6,10.1563,-16.7833,270.0,B4A4,1,77.89,668.23,1,5
87,sybil_6,401.6,619.83,9.8832,9.8832,0.0,C3C4,3,52.3,478.36,1,6
87,sybil_7,306.9,598.4,14.1103,2.1912,90.0,B3C3,2,143.11,513.79,1,7
87,sybil_8,196.52,202.71,11.0865,-2.4538,202.97,:B1_0,1,94.9,673.26,1,8
87,sybil_9,198.4,238.91,23.3656,8.3448,180.0,B2B1,1,128.38,654.5,1,9
88,legit_0,970.01,801.6,9.6209,2.5219,270.0,F4E4,0,88.73,577.7,0,-1
88,legit_10,601.6,319.69,13.8024,-0.0147,0.0,D1D2,0,153.78,508.52,0,-1
88,legit_11,640.61,598.4,12.552,2.0996,90.0,D3E3,1,109.4,451.7,0,-1
88,legit_12,816.11,801.6,9.9225,-3.4141,270.0,F4E4,0,76.46,513.33,0,-1
88,legit_13,-1.6,495.53,12.3461,0.5026,180.0,A3A2,0,184.11,714.33,0,-1
88,legit_14,401.6,233.76,8.3531,2.4147,0.0,C1C2,0,123.63,574.97,0,-1
88,legit_4,458.16,1.6,13.3088,0.6456,270.0,D0C0,0,118.68,716.22,0,-1
88,legit_5,313.63,1001.6,12.6889,0.0572,270.0,C5B5,1,157.3,623.23,0,-1
88,legit_6,398.4,881.5,11.5254,-0.0434,180.0,C5C4,1,66.22,536.27,0,-1
88,legit_7,71.75,998.4,11.9166,-0.2607,90.0,A5B5,0,113.05,749.24,0,-1
88,legit_8,398.4,390.16,2.8619,0.645,200.99,C2C1,0,59.77,510.94,0,-1
88,legit_9,801.6,205.01,13.3648,0.7083,0.0,:E1_9,1,99.45,591.07,0,-1
88,sybil_0,801.6,57.48,16.8527,6.2779,0.0,E0E1,2,81.06,685.83,1,0
88,sybil_1,795.22,-1.25,3.7668,-6.2912,86.02,:E0_7,1,129.41,729.43,1,1
88,sybil_2,499.72,598.4,7.0276,-10.089,90.0,C3D3,3,49.75,456.44,1,2
88,sybil_3,469.29,598.4,17.488,-4.6697,90.0,C3D3,2,19.36,460.43,1,3
88,sybil_4,35.57,801.6,31.5632,17.4574,270.0,B4A4,1,120.7,703.11,1,4
88,sybil_5,69.53,801.6,9.936,-0.2203,270.0,B4A4,1,89.16,677.54,1,5
88,sybil_6,401.6,631.34,7.5718,-2.3113,0.0,C3C4,3,57.66,478.94,1,6
88,sybil_7,317.48,598.4,18.2729,4.1626,90.0,B3C3,1,132.53,509.31,1,7
88,sybil_8,190.42,201.6,17.3753,6.2888,265.1,B1A1,1,91.06,676.99,1,8
88,sybil_9,198.4,225.98,12.8935,-10.4721,180.0,B2B1,1,116.51,660.72,1,9
89,legit_0,958.7,801.6,11.3099,1.689,270.0,F4E4,1,99.05,572.12,0,-1
89,legit_10,601.6,332.66,12.9669,-0.8355,0.0,D1D2,0,150.9,503.31,0,-1
89,legit_11,654.23,598.4,13.6249,1.0729,90.0,D3E3,1,95.78,452.42,0,-1
89,legit_12,809.64,801.6,6.4767,-3.4458,270.0,F4E4,1,70.93,511.2,0,-1
89,legit_13,-1.6,484.41,11.1207,-1.2254,180.0,A3A2,0,190.64,715.81,0,-1
89,legit_14,401.6,244.21,10.4444,2.0913,0.0,C1C2,1,125.5,569.66,0,-1
89,legit_4,445.12,1.6,13.0444,-0.2643,270.0,D0C0,0,118.5,718.55,0,-1
89,legit_5,301.04,1001.6,12.5839,-0.105,270.0,C5B5,0,168.33,628.15,0,-1
89,legit_6,398.4,869.92,11.5837,0.0584,180.0,C5C4,0,59.65,531.55,0,-1
89,legit_7,84.59,998.4,12.8368,0.9202,90.0,A5B5,0,104.58,740.54,0,-1
89,legit_8,398.4,384.95,5.211,2.3491,180.0,C2C1,1,57.32,512.46,0,-1
89,legit_9,801.6,217.75,12.7315,-0.6333,0.0,E1E2,1,110.53,584.23,0,-1
89,sybil_0,801.6,70.86,15.2199,-1.6328,0.0,E0E1,2,71.26,675.97,1,0
89,sybil_1,800.64,2.67,13.8248,10.0579,45.49,:E0_10,1,127.79,727.65,1,1
89,sybil_2,512.32,598.4,13.8876,6.86,90.0,C3D3,3,62.34,455.1,1,2
89,sybil_3,482.95,598.4,23.4826,5.9946,90.0,C3D3,2,32.99,458.5,1,3
89,sybil_4,23.29,801.6,11.012,-20.5512,270.0,B4A4,1,132.4,712.58,1,4
89,sybil_5,57.18,801.6,16.3603,6.4242,270.0,B4A4,1,100.45,686.74,1,5
89,sybil_6,401.6,644.76,6.74,-0.8318,0.0,C3C4,3,65.93,479.89,1,6
89,sybil_7,327.72,598.4,3.9604,-14.3125,90.0,B3C3,1,122.29,505.08,1,7
89,sybil_8,181.65,201.6,9.9633,-7.4121,270.0,B1A1,1,87.52,681.63,1,8
89,sybil_9,198.4,215.61,9.4817,-3.4118,180.0,B2B1,1,107.16,665.82,1,9
90,legit_0,945.32,801.6,13.379,2.0691,270.0,F4E4,1,111.5,565.68,0,-1
90,legit_10,601.6,345.95,13.2923,0.3254,0.0,D1D2,0,149.06,498.22,0,-1
90,legit_11,667.02,598.4,12.7871,-0.8378,90.0,D3E3,1,82.99,453.3,0,-1
90,legit_12,801.59,801.6,8.0507,1.574,270.0,:E4_5,1,64.31,508.62,0,-1
90,legit_13,-1.6,472.95,11.4631,0.3424,180.0,A3A2,0,189.05,717.48,0,-1
90,legit_14,401.6,255.15,10.9392,0.4948,0.0,C1C2,1,115.48,564.22,0,-1
90,legit_15,798.4,187.7,0.0,0.0,180.0,E1E0,2,83.22,599.73,0,-1
90,legit_4,432.39,1.6,12.7257,-0.3187,270.0,D0C0,0,119.7,721.05,0,-1
90,legit_5,288.38,1001.6,12.6674,0.0834,270.0,C5B5,0,159.04,633.26,0,-1
90,legit_6,398.4,858.91,11.0073,-0.5764,180.0,C5C4,0,54.96,527.27,0,-1
90,legit_7,96.79,998.4,12.1973,-0.6395,90.0,A5B5,0,97.42,732.43,0,-1
90,legit_8,398.4,377.47,7.4745,2.2635,180.0,C2C1,1,54.48,514.73,0,-1
90,legit_9,801.6,230.4,12.6529,-0.0785,0.0,E1E2,2,121.86,577.61,0,-1
90,sybil_0,801.6,84.29,0.0,-15.2199,0.0,E0E1,3,62.75,666.25,1,0
90,sybil_1,801.6,9.67,5.7793,-8.0454,4.11,E0E1,1,121.8,722.39,1,1
90,sybil_2,525.27,598.4,17.7381,3.8505,90.0,C3D3,3,75.29,453.91,1,2
90,sybil_3,496.21,598.4,24.0071,0.5245,90.0,C3D3,2,46.24,456.84,1,3
90,sybil_4,14.02,801.6,13.7414,2.7294,270.0,B4A4,1,141.3,719.79,1,4
90,sybil_5,44.26,801.6,0.0,-16.3603,270.0,B4A4,1,112.49,696.48,1,5
90,sybil_6,401.6,657.58,0.0,-6.74,0.0,C3C4,3,75.22,481.05,1,6
90,sybil_7,339.0,598.4,17.6612,13.7008,90.0,B3C3,1,111.01,500.56,1,7
90,sybil_8,170.63,201.6,13.8848,3.9216,270.0,B1A1,1,84.17,687.63,1,8
90,sybil_9,198.4,207.69,8.8547,-0.627,180.0,B2B1,1,100.16,669.77,1,9
91,legit_0,931.69,801.6,13.6314,0.2524,270.0,F4E4,1,124.39,559.33,0,-1
91,legit_10,601.6,358.57,12.6196,-0.6727,0.0,D1D2,0,148.41,493.65,0,-1
91,legit_11,680.39,598.4,13.3648,0.5777,90.0,D3E3,1,69.63,454.41,0,-1
91,legit_12,792.23,801.6,9.3597,1.309,270.0,E4D4,1,57.08,505.75,0,-1
91,legit_13,-1.6,461.62,11.3321,-0.131,180.0,A3A2,0,182.51,719.28,0,-1
91,legit_14,401.6,266.09,10.9392,-0.0,0.0,C1C2,1,105.65,558.9,0,-1
91,legit_15,798.4,185.35,2.3459,2.3459,180.0,E1E0,2,81.32,601.05,0,-1
91,legit_4,419.35,1.6,13.0479,0.3222,270.0,D0C0,0,122.3,723.82,0,-1
91,legit_5,275.96,1001.6,12.4211,-0.2463,270.0,C5B5,0,148.36,638.43,0,-1
91,legit_6,398.4,847.98,10.9303,-0.077,180.0,C5C4,0,52.21,523.23,0,-1
91,legit_7,109.37,998.4,12.5774,0.3801,90.0,A5B5,0,91.16,724.26,0,-1
91,legit_8,398.4,367.51,9.9678,2.4933,180.0,C2C1,1,52.14,517.91,0,-1
91,legit_9,801.6,243.89,13.4875,0.8345,0.0,E1E2,2,127.06,570.73,0,-1
91,sybil_0,801.6,97.18,11.1056,11.1056,0.0,E0E1,3,56.42,657.14,1,0
91,sybil_1,801.6,18.33,18.2256,12.4463,0.0,E0E1,1,114.01,715.64,1,1
91,sybil_2,538.23,598.4,17.0043,-0.7338,90.0,C3D3,2,88.24,452.92,1,2
91,sybil_3,509.99,598.4,12.3154,-11.6917,90.0,C3D3,2,60.01,455.33,1,3
91,sybil_4,9.04,801.6,12.2071,-1.5344,270.0,B4A4,1,146.1,723.69,1,4
91,sybil_5,32.25,801.6,10.5837,10.5837,270.0,B4A4,1,123.85,705.66,1,5
91,sybil_6,401.6,670.91,18.8879,18.8879,0.0,C3C4,2,85.85,482.48,1,6
91,sybil_7,350.33,598.4,5.0586,-12.6026,90.0,B3C3,1,99.68,496.15,1,7
91,sybil_8,158.18,201.6,27.914,14.0291,270.0,B1A1,1,82.01,694.61,1,8
91,sybil_9,196.33,202.6,4.8711,-3.9836,205.24,:B1_0,1,94.7,673.42,1,9
92,legit_0,918.34,801.6,13.348,-0.2833,270.0,F4E4,1,137.14,553.29,0,-1
92,legit_10,601.6,371.81,13.2397,0.6201,0.0,D1D2,0,148.87,489.1,0,-1
92,legit_11,693.93,598.4,13.5433,0.1785,90.0,D3E3,1,56.09,455.74,0,-1
92,legit_12,781.53,801.6,10.6914,1.3317,270.0,E4D4,1,49.69,502.62,0,-1
92,legit_13,-1.6,450.46,11.1575,-0.1746,180.0,A3A2,0,176.54,721.2,0,-1
92,legit_14,401.6,277.43,11.3393,0.4001,0.0,C1C2,1,95.71,553.52,0,-1
92,legit_15,798.4,180.55,4.8041,2.4581,180.0,E1E0,2,77.52,603.77,0,-1
92,legit_4,409.03,1.6,10.3118,-2.736,270.0,D0C0,0,125.29,726.17,0,-1
92,legit_5,263.82,1001.6,12.1386,-0.2825,270.0,C5B5,1,138.21,643.64,0,-1
92,legit_6,398.4,836.51,11.4733,0.543,180.0,C5C4,0,51.72,519.24,0,-1
92,legit_7,122.04,998.4,12.6748,0.0975,90.0,A5B5,1,86.26,716.23,0,-1
92,legit_8,398.4,356.11,11.3949,1.4271,180.0,C2C1,1,51.75,521.78,0,-1
92,legit_9,801.6,257.45,13.5593,0.0718,0.0,E1E2,2,114.8,564.01,0,-1
92,sybil_0,801.6,109.87,4.3895,-6.7161,0.0,E0E1,3,52.58,648.42,1,0
92,sybil_1,801.6,28.76,4.7103,-13.5153,0.0,E0E1,1,104.82,707.58,1,1
92,sybil_2,550.22,598.4,10.68,-6.3243,90.0,C3D3,2,100.23,452.16,1,2
92,sybil_3,522.98,598.4,24.8533,12.5379,90.0,C3D3,2,73.0,454.11,1,3
92,sybil_4,3.12,800.91,0.0,-12.2071,262.04,:A4_4,1,151.99,728.18,1,4
92,sybil_5,22.63,801.6,15.4926,4.9089,270.0,B4A4,1,133.03,713.09,1,5
92,sybil_6,401.6,683.76,17.8414,-1.0465,0.0,C3C4,2,96.74,484.07,1,6
92,sybil_7,360.73,598.4,10.4405,5.3819,90.0,B3C3,1,89.29,492.23,1,7
92,sybil_8,144.67,201.6,17.8838,-10.0301,270.0,B1A1,1,81.77,702.46,1,8
92,sybil_9,189.91,201.6,0.0,-4.8711,266.58,B1A1,1,90.84,677.26,1,9
93,legit_0,905.46,801.6,12.8858,-0.4622,270.0,F4E4,1,149.56,547.63,0,-1
93,legit_10,601.6,385.1,13.2951,0.0553,0.0,D1D2,0,150.51,484.81,0,-1
93,legit_11,706.66,598.4,12.7273,-0.816,90.0,D3E3,1,43.37,457.18,0,-1
93,legit_12,769.03,801.6,12.5012,1.8098,270.0,E4D4,1,42.86,499.23,0,-1
93,legit_13,-1.6,438.8,11.661,0.5035,180.0,A3A2,0,170.86,723.36,0,-1
93,legit_14,401.6,287.67,10.246,-1.0933,0.0,C1C2,1,87.03,548.78,0,-1
93,legit_15,798.4,173.33,7.2211,2.4171,180.0,E1E0,3,72.02,607.91,0,-1
93,legit_4,403.46,2.72,5.8118,-4.5,283.28,:C0_3,0,126.17,726.61,0,-1
93,legit_5,251.1,1001.6,12.7157,0.5772,270.0,C5B5,1,127.94,649.26,0,-1
93,legit_6,398.4,825.58,10.9288,-0.5445,180.0,C5C4,1,53.58,515.68,0,-1
93,legit_7,134.66,998.4,12.6166,-0.0582,90.0,A5B5,1,83.03,708.46,0,-1
93,legit_8,398.4,343.52,12.5919,1.197,180.0,C2C1,1,54.17,526.35,0,-1
93,legit_9,801.6,270.38,12.9358,-0.6235,0.0,E1E2,2,103.41,557.77,0,-1
93,sybil_0,801.6,123.15,10.5374,6.1479,0.0,E0E1,3,51.7,639.59,1,0
93,sybil_1,801.6,41.04,4.5966,-0.1137,0.0,E0E1,2,94.32,698.2,1,1
93,sybil_2,562.96,598.4,25.5133,14.8333,90.0,C3D3,2,112.97,451.54,1,2
93,sybil_3,536.12,598.4,1.9944,-22.8589,90.0,C3D3,1,86.13,453.06,1,3
93,sybil_4,-1.13,796.06,0.0,0.0,214.95,:A4_4,1,157.39,730.4,1,4
93,sybil_5,13.82,801.6,4.0437,-11.4489,270.0,B4A4,1,141.49,719.95,1,5
93,sybil_6,401.6,697.07,9.417,-8.4244,0.0,C3C4,2,108.47,485.93,1,6
93,sybil_7,371.32,598.4,12.4606,2.0201,90.0,B3C3,1,78.69,488.36,1,7
93,sybil_8,131.35,201.6,9.9879,-7.896,270.0,B1A1,1,83.7,710.47,1,8
93,sybil_9,181.84,201.6,18.8262,18.8262,270.0,B1A1,1,87.59,681.53,1,9
94,legit_0,892.67,801.6,12.7865,-0.0994,270.0,F4E4,1,147.75,542.19,0,-1
94,legit_10,601.6,398.01,12.9112,-0.3839,0.0,:D2_9,0,153.19,480.89,0,-1
94,legit_11,720.28,598.4,13.62,0.8927,90.0,D3E3,1,29.77,458.94,0,-1
94,legit_12,756.65,801.6,12.384,-0.1173,270.0,E4D4,1,38.97,496.18,0,-1
94,legit_13,-1.6,426.74,12.0596,0.3986,180.0,A3A2,0,165.64,725.76,0,-1
94,legit_14,401.6,297.91,10.2368,-0.0092,0.0,C1C2,1,78.73,544.17,0,-1
94,legit_15,798.4,164.07,9.2572,2.0361,180.0,E1E0,3,65.46,613.31,0,-1
94,legit_4,401.6,7.87,5.7262,-0.0857,344.55,C0C1,0,122.13,723.01,0,-1
94,legit_5,239.28,1001.6,11.8232,-0.8925,270.0,C5B5,1,118.82,654.64,0,-1
94,legit_6,398.4,814.75,10.8263,-0.1025,180.0,C5C4,1,57.45,512.37,0,-1
94,legit_7,147.14,998.4,12.4843,-0.1324,90.0,A5B5,1,81.65,701.0,0,-1
94,legit_8,398.4,331.29,12.226,-0.366,180.0,C2C1,1,59.05,531.07,0,-1
94,legit_9,801.6,283.71,13.3239,0.3882,0.0,E1E2,2,92.11,551.54,0,-1
94,sybil_0,801.6,135.82,15.9055,5.3681,0.0,E0E1,3,53.97,631.45,1,0
94,sybil_1,801.6,53.79,11.4418,6.8452,0.0,E0E1,2,83.94,688.59,1,1
94,sybil_2,575.68,598.4,12.8441,-12.6692,90.0,C3D3,2,125.69,451.11,1,2
94,sybil_3,549.76,598.4,14.8995,12.9051,90.0,C3D3,1,99.78,452.19,1,3
94,sybil_4,-1.6,789.19,15.6015,15.6015,182.25,A4A3,1,159.89,729.19,1,4
94,sybil_5,8.64,801.6,7.9723,3.9286,270.0,B4A4,1,146.48,724.01,1,5
94,sybil_6,401.6,710.65,3.4062,-6.0108,0.0,C3C4,2,120.77,488.03,1,6
94,sybil_7,382.1,598.4,17.1385,4.6779,90.0,B3C3,1,67.92,484.54,1,7
94,sybil_8,118.34,201.6,10.9619,0.9741,270.0,B1A1,1,87.53,718.55,1,8
94,sybil_9,171.58,201.6,8.3875,-10.4387,270.0,B1A1,1,84.4,687.1,1,9
95,legit_0,879.92,801.6,12.7466,-0.0399,270.0,F4E4,1,135.48,536.94,0,-1
95,legit_10,601.6,410.69,12.6743,-0.2369,0.0,D2D3,0,156.82,477.29,0,-1
95,legit_11,734.11,598.4,13.837,0.2171,90.0,D3E3,1,15.97,460.94,0,-1
95,legit_12,743.54,801.6,13.1074,0.7234,270.0,E4D4,1,38.94,493.34,0,-1
95,legit_13,-1.6,415.45,11.289,-0.7706,180.0,A3A2,0,161.42,728.16,0,-1
95,legit_14,401.6,308.13,10.2254,-0.0114,0.0,C1C2,1,70.94,539.69,0,-1
95,legit_15,798.4,152.55,11.5198,2.2626,180.0,E1E0,3,58.33,620.19,0,-1
95,legit_4,401.6,15.28,7.4074,1.6813,0.0,C0C1,0,115.36,717.22,0,-1
95,legit_5,226.9,1001.6,12.3768,0.5536,270.0,C5B5,1,109.82,660.44,0,-1
95,legit_6,398.4,807.67,7.0798,-3.7464,180.0,C5C4,1,60.89,510.32,0,-1
95,legit_7,159.8,998.4,12.6614,0.1771,90.0,A5B5,1,82.19,693.69,0,-1
95,legit_8,398.4,318.56,12.7312,0.5052,180.0,C2C1,1,66.18,536.24,0,-1
95,legit_9,801.6,296.55,12.8464,-0.4776,0.0,E1E2,2,81.78,545.72,0,-1
95,sybil_0,801.6,149.04,14.2664,-1.6391,0.0,E0E1,3,59.21,623.25,1,0
95,sybil_1,801.6,66.54,21.1714,9.7296,0.0,E0E1,2,74.3,679.13,1,1
95,sybil_2,588.49,598.4,13.4187,0.5746,90.0,C3D3,2,138.5,450.85,1,2
95,sybil_3,562.75,598.4,10.4189,-4.4807,90.0,C3D3,1,112.77,451.55,1,3
95,sybil_4,-1.6,780.92,4.9358,-10.6658,180.0,A4A3,1,162.7,727.38,1,4
95,sybil_5,1.83,800.14,0.0417,-7.9306,253.81,:A4_4,1,153.44,729.02,1,5
95,sybil_6,401.6,723.58,8.0296,4.6234,0.0,C3C4,2,126.08,490.23,1,6
95,sybil_7,389.12,598.4,12.3968,-4.7418,90.0,B3C3,1,60.9,482.12,1,7
95,sybil_8,104.76,201.6,9.7524,-1.2096,270.0,B1A1,1,93.3,727.23,1,8
95,sybil_9,159.0,201.6,21.2483,12.8609,270.0,B1A1,1,82.09,694.15,1,9
96,legit_0,867.24,801.6,12.6824,-0.0642,270.0,F4E4,1,123.37,531.89,0,-1
96,legit_10,601.6,423.41,12.7195,0.0452,0.0,D2D3,0,161.38,473.91,0,-1
96,legit_11,747.35,598.4,13.2332,-0.6038,90.0,D3E3,0,3.1,463.08,0,-1
96,legit_12,730.13,801.6,13.4094,0.302,270.0,E4D4,1,43.24,490.86,0,-1
96,legit_13,-1.6,403.2,12.2471,0.9581,180.0,:A2_0,0,157.64,730.94,0,-1
96,legit_14,401.6,318.32,10.1896,-0.0359,0.0,C1C2,1,63.87,535.36,0,-1
96,legit_15,798.4,141.45,11.1005,-0.4193,180.0,E1E0,2,52.94,626.99,0,-1
96,legit_16,991.7,1.6,0.0,0.0,270.0,F0E0,0,131.98,795.55,0,-1
96,legit_4,401.6,24.41,9.1275,1.72,0.0,C0C1,0,107.15,710.13,0,-1
96,legit_5,215.12,1001.6,11.7872,-0.5896,270.0,C5B5,1,101.91,666.13,0,-1
96,legit_6,398.83,804.18,3.5242,-3.5557,175.04,:C4_2,1,62.46,509.21,0,-1
96,legit_7,172.05,998.4,12.2442,-0.4172,90.0,A5B5,1,84.53,686.84,0,-1
96,legit_8,398.4,306.39,12.1762,-0.555,180.0,C2C1,1,74.41,541.41,0,-1
96,legit_9,801.6,310.1,13.5432,0.6969,0.0,E1E2,1,71.78,539.81,0,-1
96,sybil_0,801.6,162.39,23.4176,9.1512,0.0,E0E1,3,66.78,615.22,1,0
96,sybil_1,801.6,79.01,6.3997,-14.7717,0.0,E0E1,2,65.9,670.04,1,1
96,sybil_3,576.61,598.4,14.9557,4.5368,90.0,C3D3,0,126.62,451.08,1,3
96,sybil_4,-1.6,771.15,15.8641,10.9283,180.0,A4A3,1,166.5,725.33,1,4
96,sybil_5,-1.42,794.03,0.4362,0.3945,198.89,:A4_4,1,158.25,730.16,1,5
96,sybil_6,401.6,736.54,22.2039,14.1742,0.0,C3C4,2,114.22,492.62,1,6
96,sybil_7,394.84,598.69,6.5954,-5.8014,86.64,:C3_14,1,55.17,480.19,1,7
96,sybil_8,91.77,201.6,13.6963,3.9439,270.0,B1A1,1,100.25,735.75,1,8
96,sybil_9,145.2,201.6,6.6445,-14.6039,270.0,B1A1,1,81.74,702.15,1,9
97,legit_0,853.93,801.6,13.3098,0.6274,270.0,F4E4,1,110.8,526.77,0,-1
97,legit_10,601.6,436.95,13.5382,0.8187,0.0,D2D3,0,167.16,470.57,0,-1
97,legit_11,761.14,598.4,13.7951,0.5619,90.0,D3E3,0,11.26,466.6,0,-1
97,legit_12,717.68,801.6,12.4522,-0.9572,270.0,E4D4,1,50.19,488.89,0,-1
97,legit_13,-1.6,391.43,11.7716,-0.4755,180.0,A2A1,0,154.82,733.78,0,-1
97,legit_14,401.6,329.72,11.3987,1.2091,0.0,C1C2,1,57.09,530.7,0,-1
97,legit_15,798.4,130.15,11.2976,0.1971,180.0,E1E0,2,49.45,634.12,0,-1
97,legit_16,989.71,1.6,1.9928,1.9928,270.0,F0E0,0,132.87,794.65,0,-1
97,legit_4,401.6,35.42,11.0116,1.8841,0.0,C0C1,0,97.45,701.66,0,-1
97,legit_5,203.49,1001.6,11.6208,-0.1664,270.0,:B5_0,1,94.91,671.91,0,-1
97,legit_6,401.89,799.83,5.5561,2.032,141.94,:C4_16,1,62.68,507.06,0,-1
97,legit_7,184.76,998.4,12.716,0.4718,90.0,A5B5,1,88.7,679.97,0,-1
97,legit_8,398.4,293.85,12.5373,0.3612,180.0,C2C1,1,83.9,546.93,0,-1
97,legit_9,801.6,322.88,12.7867,-0.7565,0.0,E1E2,1,63.56,534.46,0,-1
97,sybil_0,801.6,175.15,13.5659,-9.8517,0.0,E0E1,3,75.52,607.77,1,0
97,sybil_1,801.6,91.57,17.6522,11.2525,0.0,E0E1,2,58.91,661.08,1,1
97,sybil_3,589.31,598.4,14.1721,-0.7835,90.0,C3D3,0,139.32,450.84,1,3
97,sybil_4,-1.6,759.99,0.0,-15.8641,180.0,A4A3,1,171.42,723.13,1,4
97,sybil_5,-1.6,787.02,6.4758,6.0396,180.0,A4A3,1,160.59,728.71,1,5
97,sybil_6,401.6,749.82,14.2937,-7.9102,0.0,C3C4,2,102.35,495.27,1,6
97,sybil_7,399.7,601.1,0.0,-6.5954,61.35,:C3_14,1,50.31,478.59,1,7
97,sybil_8,78.85,201.6,11.582,-2.1143,270.0,B1A1,1,108.27,744.41,1,8
97,sybil_9,132.47,201.6,20.3551,13.7106,270.0,B1A1,1,83.46,709.79,1,9
98,legit_0,841.15,801.6,12.7765,-0.5333,270.0,F4E4,1,98.91,522.04,0,-1
98,legit_10,601.6,450.62,13.671,0.1328,0.0,D2D3,0,173.88,467.47,0,-1
98,legit_11,774.56,598.4,13.4216,-0.3735,90.0,D3E3,0,24.61,470.51,0,-1
98,legit_12,704.49,801.6,13.1888,0.7366,270.0,E4D4,1,59.54,487.09,0,-1
98,legit_13,-1.6,379.3,12.1286,0.357,180.0,A2A1,0,152.82,736.88,0,-1
98,legit_14,401.6,340.77,11.0471,-0.3516,0.0,C1C2,1,52.08,526.38,0,-1
98,legit_15,798.4,118.55,11.6008,0.3032,180.0,E1E0,2,48.42,641.68,0,-1
98,legit_16,985.87,1.6,3.8421,1.8492,270.0,F0E0,0,134.65,792.93,0,-1
98,legit_4,401.6,47.86,12.4341,1.4225,0.0,C0C1,0,86.88,692.21,0,-1
98,legit_5,191.27,1001.6,12.2203,0.5994,270.0,B5A5,0,88.6,678.17,0,-1
98,legit_6,407.92,798.4,6.3127,0.7565,98.7,C4D4,1,59.17,504.84,0,-1
98,legit_8,398.4,280.85,13.0022,0.4649,180.0,C2C1,1,94.49,552.86,0,-1
98,legit_9,801.6,336.22,13.3395,0.5528,0.0,E1E2,0,56.82,529.13,0,-1
98,sybil_0,801.6,185.64,11.4259,-2.14,0.0,E0E1,2,83.49,601.79,1,0
98,sybil_1,801.6,104.9,4.7911,-12.8611,0.0,E0E1,2,53.76,651.81,1,1
98,sybil_4,-1.6,747.73,12.8233,12.8233,180.0,A4A3,1,177.47,720.88,1,4
98,sybil_5,-1.6,777.94,22.958,16.4822,180.0,A4A3,1,163.81,726.74,1,5
98,sybil_6,401.6,763.21,17.9918,3.6981,0.0,C3C4,1,90.77,498.14,1,6
98,sybil_7,401.5,606.47,0.0,0.0,16.54,:C3_14,0,48.93,478.04,1,7
98,sybil_8,65.34,201.6,6.8877,-4.6943,270.0,B1A1,1,117.58,753.65,1,8
98,sybil_9,119.79,201.6,16.8122,-3.5429,270.0,B1A1,1,87.01,717.64,1,9
99,legit_0,827.36,801.6,13.7913,1.0147,270.0,F4E4,1,86.37,517.15,0,-1
99,legit_10,601.6,464.35,13.7291,0.058,0.0,D2D3,0,181.41,464.61,0,-1
99,legit_11,784.31,598.4,9.7445,-3.6771,90.0,D3E3,0,34.34,473.48,0,-1
99,legit_12,691.28,801.6,13.2065,0.0177,270.0,E4D4,1,70.16,485.55,0,-1
99,legit_13,-1.6,367.42,11.8775,-0.2511,180.0,A2A1,0,151.78,740.08,0,-1
99,legit_14,401.6,352.0,11.2261,0.179,0.0,C1C2,1,49.06,522.22,0,-1
99,legit_15,798.4,106.59,11.9665,0.3657,180.0,E1E0,2,50.22,649.73,0,-1
99,legit_16,979.47,1.6,6.3907,2.5486,270.0,F0E0,0,137.81,790.11,0,-1
99,legit_4,401.6,61.24,13.3856,0.9515,0.0,C0C1,0,76.13,682.19,0,-1
99,legit_5,179.31,1001.6,11.9638,-0.2564,270.0,B5A5,0,83.7,684.5,0,-1
99,legit_6,415.87,798.4,7.9464,1.6338,90.0,C4D4,1,53.81,502.51,0,-1
99,legit_8,398.4,269.05,11.799,-1.2033,180.0,C2C1,1,104.57,558.4,0,-1
99,legit_9,801.6,349.35,13.1291,-0.2104,0.0,E1E2,0,52.69,524.19,0,-1
99,sybil_0,801.6,192.61,1.1545,-10.2714,0.0,E0E1,2,89.07,597.89,1,0
99,sybil_1,801.6,118.28,2.3299,-2.4611,0.0,E0E1,2,51.63,642.79,1,1
99,sybil_4,-1.6,735.61,12.8656,0.0423,180.0,A4A3,1,184.07,718.83,1,4
99,sybil_5,-1.6,766.37,18.8449,-4.1131,180.0,A4A3,1,168.54,724.37,1,5
99,sybil_6,401.6,776.09,12.8703,-5.1214,0.0,C3C4,1,80.17,501.11,1,6
99,sybil_7,401.6,612.25,10.9762,10.9762,0.0,C3C4,0,49.93,478.12,1,7
99,sybil_8,52.06,201.6,9.8816,2.9938,270.0,B1A1,1,127.48,762.9,1,8
99,sybil_9,106.68,201.6,26.8503,10.0381,270.0,B1A1,1,92.38,725.98,1,9
100,legit_0,814.38,801.6,12.9881,-0.8031,270.0,F4E4,1,74.96,512.75,0,-1
100,legit_10,601.6,477.81,13.4667,-0.2624,0.0,D2D3,0,189.48,462.06,0,-1
100,legit_11,790.2,598.4,5.8935,-3.8509,90.0,D3E3,0,40.23,475.33,0,-1
100,legit_12,678.43,801.6,12.8529,-0.3536,270.0,E4D4,1,81.22,484.28,0,-1
100,legit_13,-1.6,355.74,11.6858,-0.1918,180.0,A2A1,0,151.66,743.4,0,-1
100,legit_14,401.6,363.26,11.2613,0.0351,0.0,C1C2,1,48.51,518.3,0,-1
100,legit_15,798.4,95.36,11.2304,-0.7361,180.0,E1E0,2,54.31,657.51,0,-1
100,legit_16,971.67,1.6,7.8069,1.4162,270.0,F0E0,0,141.97,786.72,0,-1
100,legit_4,401.6,75.03,13.7931,0.4076,0.0,C0C1,0,66.06,672.05,0,-1
100,legit_5,167.38,1001.6,11.9295,-0.0344,270.0,B5A5,0,80.3,691.02,0,-1
100,legit_6,426.09,798.4,10.2247,2.2782,90.0,C4D4,1,47.98,499.68,0,-1
100,legit_8,398.4,256.87,12.1812,0.3822,180.0,C2C1,1,115.32,564.29,0,-1
100,legit_9,801.6,362.43,13.079,-0.0502,0.0,E1E2,0,51.66,519.6,0,-1
100,sybil_0,798.35,200.03,6.2707,5.1162,324.82,:E1_18,2,93.5,592.87,1,0
100,sybil_1,801.6,130.79,10.6629,8.333,0.0,E0E1,2,52.72,634.65,1,1
100,sybil_4,-1.6,723.47,14.054,1.1883,180.0,A4A3,1,191.21,716.94,1,4
100,sybil_5,-1.6,754.44,11.6805,-7.1644,180.0,A4A3,1,174.08,722.09,1,5
100,sybil_6,401.6,789.48,20.3037,7.4333,0.0,C3C4,1,69.97,504.42,1,6
100,sybil_7,401.6,620.04,7.5651,-3.4111,0.0,C3C4,0,52.38,478.37,1,7
100,sybil_8,39.23,201.6,15.2744,5.3928,270.0,B1A1,1,137.58,771.99,1,8
100,sybil_9,93.09,201.6,16.0524,-10.7979,270.0,B1A1,1,99.49,734.87,1,9
101,legit_10,601.6,491.14,13.3278,-0.1389,0.0,D2D3,0,184.05,459.78,0,-1
101,legit_11,795.67,597.8,5.5583,-0.3352,96.97,:E3_12,0,45.72,477.08,0,-1
101,legit_12,665.75,801.6,12.6792,-0.1738,270.0,E4D4,0,92.59,483.23,0,-1
101,legit_13,-1.6,344.01,11.7244,0.0387,180.0,A2A1,1,152.44,746.89,0,-1
101,legit_14,401.6,374.13,10.8679,-0.3933,0.0,C1C2,1,50.42,514.76,0,-1
101,legit_15,798.4,84.21,11.1431,-0.0873,180.0,E1E0,2,60.19,665.42,0,-1
101,legit_16,962.21,1.6,9.4533,1.6463,270.0,F0E0,0,147.39,782.71,0,-1
101,legit_4,401.6,88.02,12.9875,-0.8056,0.0,C0C1,0,58.01,662.7,0,-1
101,legit_5,154.59,1001.6,12.7885,0.859,270.0,B5A5,0,78.53,698.25,0,-1
101,legit_6,437.58,798.4,11.4927,1.268,90.0,C4D4,0,43.41,496.73,0,-1
101,legit_8,398.4,245.12,11.7429,-0.4383,180.0,C2C1,1,125.93,570.11,0,-1
101,legit_9,801.6,375.94,13.5091,0.4301,0.0,E1E2,0,54.01,515.2,0,-1
101,sybil_0,790.62,201.6,8.5672,2.2965,274.59,E1D1,2,91.15,589.89,1,0
101,sybil_1,801.6,144.32,15.2093,4.5463,0.0,E0E1,2,57.04,626.14,1,1
101,sybil_4,-1.6,711.71,24.6415,10.5876,180.0,A4A3,1,188.31,715.27,1,4
101,sybil_5,-1.6,741.84,7.817,-3.8635,180.0,A4A3,1,180.6,719.86,1,5
101,sybil_7,401.6,629.62,4.9603,-2.6048,0.0,C3C4,0,56.75,478.84,1,7
101,sybil_8,25.84,201.6,0.6611,-14.6133,270.0,B1A1,2,148.57,781.61,1,8
101,sybil_9,79.69,201.6,0.0,-16.0524,270.0,B1A1,1,107.71,743.84,1,9
102,legit_10,601.6,504.73,13.5922,0.2644,0.0,D2D3,0,176.35,457.71,0,-1
102,legit_11,798.4,592.72,6.1485,0.5902,158.7,E3E2,1,48.94,478.02,0,-1
102,legit_12,652.87,801.6,12.8836,0.2044,270.0,E4D4,0,104.45,482.35,0,-1
102,legit_13,-1.6,332.58,11.4324,-0.292,180.0,A2A1,2,154.06,750.46,0,-1
102,legit_14,401.6,384.34,10.2145,-0.6534,0.0,C1C2,0,54.18,511.63,0,-1
102,legit_15,798.4,72.11,12.1018,0.9587,180.0,E1E0,2,68.09,674.18,0,-1
102,legit_16,950.59,1.6,11.6284,2.1752,270.0,F0E0,0,154.6,777.9,0,-1
102,legit_17,801.6,612.3,0.0,0.0,0.0,E3E4,1,53.05,479.16,0,-1
102,legit_4,401.6,100.63,12.6071,-0.3805,0.0,C0C1,1,52.13,653.84,0,-1
102,legit_5,141.99,1001.6,12.5979,-0.1906,270.0,B5A5,0,78.81,705.62,0,-1
102,legit_6,448.82,798.4,11.2329,-0.2598,90.0,C4D4,0,41.62,494.12,0,-1
102,legit_8,398.4,233.07,12.0581,0.3152,180.0,C2C1,1,124.28,576.24,0,-1
102,legit_9,801.6,389.01,13.0755,-0.4336,0.0,E1E2,0,59.2,511.27,0,-1
102,sybil_0,780.03,201.6,8.1753,-0.3919,270.0,E1D1,2,86.95,587.14,1,0
102,sybil_1,801.6,157.62,20.8775,5.6682,0.0,E0E1,2,63.86,618.06,1,1
102,sybil_4,-1.6,699.44,17.9494,-6.6922,180.0,A4A3,1,181.3,713.71,1,4
102,sybil_5,-1.6,729.64,7.8929,0.0759,180.0,A4A3,1,187.51,717.88,1,5
102,sybil_7,401.6,640.36,7.7383,2.778,0.0,C3C4,0,63.02,479.55,1,7
102,sybil_8,12.83,201.6,17.1143,16.4533,270.0,B1A1,2,159.61,791.09,1,8
102,sybil_9,66.81,201.6,15.6615,15.6615,270.0,B1A1,2,116.53,752.64,1,9
103,legit_10,601.6,517.8,13.0691,-0.5231,0.0,D2D3,0,169.64,455.97,0,-1
103,legit_11,798.4,584.96,7.7616,1.6131,180.0,E3E2,1,50.68,478.2,0,-1
103,legit_12,639.78,801.6,13.0898,0.2062,270.0,E4D4,0,116.72,481.67,0,-1
103,legit_13,-1.6,320.23,12.3483,0.9159,180.0,A2A1,1,156.73,754.48,0,-1
103,legit_14,401.6,392.3,7.9594,-2.2551,0.0,C1C2,0,58.19,509.33,0,-1
103,legit_15,798.4,60.69,11.4188,-0.6831,180.0,E1E0,2,76.55,682.6,0,-1
103,legit_16,938.51,1.6,12.0789,0.4504,270.0,F0E0,0,162.63,773.05,0,-1
103,legit_17,801.6,614.1,1.8006,1.8006,0.0,E3E4,1,53.49,479.21,0,-1
103,legit_4,401.6,114.35,13.7182,1.1112,0.0,C0C1,1,48.73,644.48,0,-1
103,legit_5,129.31,1001.6,12.6839,0.086,270.0,B5A5,0,81.08,713.29,0,-1
103,legit_6,461.01,798.4,12.1937,0.9608,90.0,C4D4,0,43.03,491.63,0,-1
103,legit_8,398.4,221.06,12.0024,-0.0557,180.0,C2C1,1,113.47,582.48,0,-1
103,legit_9,801.6,401.75,12.7407,-0.3348,0.0,:E2_9,0,66.38,507.72,0,-1
103,sybil_0,767.65,201.6,9.5763,1.401,270.0,E1D1,2,83.49,584.14,1,0
103,sybil_1,801.6,170.13,14.9317,-5.9458,0.0,E0E1,2,71.94,610.68,1,1
103,sybil_4,-1.6,687.46,15.7684,-2.181,180.0,A4A3,1,175.02,712.35,1,4
103,sybil_5,-1.6,717.14,0.0,-7.8929,180.0,A4A3,1,191.58,716.02,1,5
103,sybil_7,401.6,651.19,6.2901,-1.4482,0.0,C3C4,0,70.45,480.44,1,7
103,sybil_9,53.55,201.6,0.0,-15.6615,270.0,B1A1,1,126.34,761.86,1,9
104,legit_10,601.6,530.56,12.761,-0.3081,0.0,D2D3,0,163.84,454.5,0,-1
104,legit_11,798.4,575.33,9.6275,1.8659,180.0,E3E2,1,54.32,478.58,0,-1
104,legit_12,626.56,801.6,13.218,0.1282,270.0,E4D4,0,129.27,481.17,0,-1
104,legit_13,-1.6,308.69,11.5457,-0.8027,180.0,A2A1,1,160.05,758.4,0,-1
104,legit_14,402.61,396.35,4.2553,-3.7041,11.88,:C2_8,0,59.73,507.88,0,-1
104,legit_15,798.4,48.77,11.9183,0.4995,180.0,E1E0,2,86.11,691.52,0,-1
104,legit_16,926.12,1.6,12.3913,0.3124,270.0,F0E0,1,171.36,768.24,0,-1
104,legit_17,801.6,617.28,3.1782,1.3776,0.0,E3E4,1,54.42,479.31,0,-1
104,legit_4,401.6,127.84,13.4895,-0.2288,0.0,C0C1,1,49.03,635.61,0,-1
104,legit_5,117.07,1001.6,12.2452,-0.4387,270.0,B5A5,0,85.04,720.91,0,-1
104,legit_6,472.34,798.4,11.3266,-0.8671,90.0,C4D4,0,47.22,489.6,0,-1
104,legit_8,398.4,209.16,11.9048,-0.0976,180.0,C2C1,1,103.01,588.82,0,-1
104,legit_9,801.6,415.31,13.5555,0.8148,0.0,E2E3,0,75.64,504.2,0,-1
104,sybil_0,754.87,201.6,22.2232,12.6469,270.0,E1D1,1,81.75,581.32,1,0
104,sybil_1,801.6,182.91,32.9267,17.995,0.0,E0E1,2,81.37,603.33,1,1
104,sybil_4,-1.6,676.32,17.6799,1.9115,180.0,A4A3,1,169.73,711.23,1,4
104,sybil_5,-1.6,705.02,0.0,0.0,180.0,A4A3,1,184.42,714.4,1,5
104,sybil_7,401.6,662.65,15.9766,9.6864,0.0,C3C4,0,79.17,481.57,1,7
104,sybil_9,40.78,201.6,2.8052,2.8052,270.0,B1A1,1,136.34,770.89,1,9
105,legit_10,601.6,543.71,13.1435,0.3825,0.0,D2D3,0,158.72,453.24,0,-1
105,legit_11,798.4,563.48,11.8541,2.2266,180.0,E3E2,2,60.63,479.28,0,-1
105,legit_12,613.88,801.6,12.683,-0.535,270.0,E4D4,1,141.43,480.88,0,-1
105,legit_13,-1.6,296.68,12.0121,0.4665,180.0,A2A1,1,164.29,762.64,0,-1
105,legit_14,407.18,398.4,5.2537,0.9984,67.58,:C2_8,0,57.52,505.93,0,-1
105,legit_15,798.4,37.44,11.3307,-0.5875,180.0,E1E0,1,95.7,700.12,0,-1
105,legit_16,914.25,1.6,11.8691,-0.5222,270.0,F0E0,1,180.13,763.77,0,-1
105,legit_17,801.6,621.9,4.6231,1.4448,0.0,E3E4,1,56.06,479.49,0,-1
105,legit_4,401.6,141.02,13.1841,-0.3053,0.0,C0C1,0,52.77,627.26,0,-1
105,legit_5,104.53,1001.6,12.5309,0.2857,270.0,B5A5,0,90.63,728.93,0,-1
105,legit_6,483.93,798.4,11.5955,0.2689,90.0,C4D4,2,53.68,487.79,0,-1
105,legit_9,801.6,428.56,13.2455,-0.31,0.0,E2E3,1,85.8,500.99,0,-1
105,sybil_0,741.58,201.6,19.2564,-2.9668,270.0,E1D1,1,82.03,578.67,1,0
105,sybil_1,801.6,191.2,11.7128,-21.2138,0.0,E0E1,1,87.93,598.67,1,1
105,sybil_4,-1.6,664.28,23.6872,6.0073,180.0,A4A3,1,164.66,710.19,1,4
105,sybil_5,-1.6,693.2,5.6323,5.6323,180.0,A4A3,1,177.96,712.98,1,5
105,sybil_7,401.6,674.16,12.6367,-3.3398,0.0,C3C4,1,88.55,482.87,1,7
105,sybil_9,27.34,201.6,0.4785,-2.3267,270.0,B1A1,1,147.32,780.53,1,9
106,legit_10,601.6,557.14,13.4335,0.29,0.0,D2D3,0,154.47,452.21,0,-1
106,legit_11,798.4,550.08,13.3966,1.5425,180.0,E3E2,2,69.53,480.33,0,-1
106,legit_13,-1.6,284.65,12.0251,0.0129,180.0,A2A1,1,169.29,767.05,0,-1
106,legit_14,412.29,398.4,5.1154,-0.1383,90.0,C2D2,0,53.82,504.41,0,-1
106,legit_15,798.4,26.62,10.8241,-0.5067,180.0,E1E0,1,105.18,708.42,0,-1
106,legit_16,902.26,1.6,11.9841,0.115,270.0,F0E0,1,189.33,759.4,0,-1
106,legit_17,801.6,628.86,6.9549,2.3319,0.0,E3E4,1,59.12,479.83,0,-1
106,legit_4,401.6,154.26,13.2441,0.06,0.0,C0C1,0,59.3,619.15,0,-1
106,legit_5,92.15,1001.6,12.3834,-0.1475,270.0,B5A5,0,97.43,737.04,0,-1
106,legit_6,495.55,798.4,11.6138,0.0183,90.0,C4D4,1,61.69,486.21,0,-1
106,legit_9,801.6,442.03,13.476,0.2305,0.0,E2E3,1,96.91,497.96,0,-1
106,sybil_0,728.85,201.6,29.8878,10.6314,270.0,E1D1,1,84.3,576.42,1,0
106,sybil_1,801.24,195.32,0.0,-11.7128,355.86,:E1_10,1,91.1,596.28,1,1
106,sybil_4,-1.6,652.96,16.4635,-7.2237,180.0,A4A3,1,160.59,709.37,1,4
106,sybil_5,-1.6,680.88,4.3598,-1.2725,180.0,A4A3,1,171.82,711.67,1,5
106,sybil_7,401.6,685.2,12.499,-0.1378,0.0,C3C4,1,97.98,484.26,1,7
106,sybil_9,13.6,201.6,18.2626,17.7841,270.0,B1A1,1,158.94,790.52,1,9
107,legit_10,601.6,570.28,13.1428,-0.2907,0.0,D2D3,0,151.35,451.47,0,-1
107,legit_11,798.4,536.76,13.3236,-0.073,180.0,E3E2,2,79.64,481.63,0,-1
107,legit_13,-1.6,272.86,11.7881,-0.237,180.0,A2A1,0,174.86,771.53,0,-1
107,legit_14,419.18,398.4,6.8816,1.7662,90.0,C2D2,0,49.24,502.42,0,-1
107,legit_15,798.4,16.91,9.711,-1.113,180.0,E1E0,1,113.89,715.95,0,-1
107,legit_16,890.0,1.6,12.2579,0.2738,270.0,F0E0,1,183.36,755.09,0,-1
107,legit_17,801.6,638.03,9.1728,2.2179,0.0,E3E4,1,64.1,480.4,0,-1
107,legit_4,401.6,167.4,13.1403,-0.1038,0.0,C0C1,0,67.75,611.35,0,-1
107,legit_5,79.49,1001.6,12.6574,0.274,270.0,B5A5,0,105.44,745.51,0,-1
107,legit_6,507.01,798.4,11.4654,-0.1484,90.0,C4D4,1,70.58,484.85,0,-1
107,legit_9,801.6,454.9,12.8655,-0.6105,0.0,E2E3,1,108.02,495.27,0,-1
107,sybil_0,716.26,201.6,9.2756,-20.6122,270.0,E1D1,1,88.3,574.46,1,0
107,sybil_1,797.55,200.51,0.0,0.0,316.97,:E1_18,1,93.5,592.39,1,1
107,sybil_4,-1.6,641.95,16.5552,0.0917,180.0,A4A3,1,157.3,708.73,1,4
107,sybil_5,-1.6,668.44,7.622,3.2622,180.0,A4A3,1,166.33,710.53,1,5
107,sybil_7,401.6,695.71,10.1091,-2.3899,0.0,C3C4,1,107.26,485.73,1,7
108,legit_10,601.6,583.06,12.7751,-0.3677,0.0,D2D3,0,149.36,451.0,0,-1
108,legit_11,798.4,523.36,13.3945,0.0709,180.0,E3E2,2,90.64,483.17,0,-1
108,legit_13,-1.6,261.04,11.8237,0.0356,180.0,A2A1,0,181.04,776.17,0,-1
108,legit_14,428.39,398.4,9.2146,2.333,90.0,C2D2,0,44.06,499.9,0,-1
108,legit_15,798.4,10.01,6.9024,-2.8087,180.0,E1E0,1,120.17,721.34,0,-1
108,legit_16,878.45,1.6,11.5579,-0.7,270.0,F0E0,1,174.69,751.16,0,-1
108,legit_17,801.6,648.94,10.91,1.7372,0.0,E3E4,1,71.12,481.25,0,-1
108,legit_18,387.7,801.6,0.0,0.0,270.0,C4B4,2,73.18,512.07,0,-1
108,legit_4,401.6,180.14,12.7379,-0.4024,0.0,C0C1,0,77.2,604.0,0,-1
108,legit_5,67.83,1001.6,11.6588,-0.9987,270.0,B5A5,0,113.57,753.47,0,-1
108,legit_6,518.87,798.4,11.8577,0.3923,90.0,C4D4,2,80.46,483.63,0,-1
108,legit_9,801.6,468.06,13.1615,0.296,0.0,E2E3,1,119.75,492.71,0,-1
108,sybil_0,703.19,201.6,1.3708,-7.9047,270.0,E1D1,1,94.07,572.68,1,0
108,sybil_1,790.47,201.6,0.5835,0.5835,274.34,E1D1,1,91.08,589.85,1,1
108,sybil_4,-1.6,629.85,24.9799,8.4247,180.0,A4A3,1,154.51,708.19,1,4
108,sybil_5,-1.6,656.32,16.898,9.276,180.0,A4A3,1,161.73,709.6,1,5
108,sybil_7,401.6,706.36,18.6913,8.5822,0.0,C3C4,2,116.85,487.34,1,7
109,legit_10,601.6,592.76,9.6996,-3.0754,0.0,D2D3,0,148.58,450.82,0,-1
109,legit_11,798.4,510.09,13.2748,-0.1198,180.0,E3E2,1,102.11,484.91,0,-1
109,legit_13,-1.6,249.41,11.6258,-0.198,180.0,A2A1,0,187.65,780.88,0,-1
109,legit_14,439.83,398.4,11.4423,2.2277,90.0,C2D2,0,39.72,497.01,0,-1
109,legit_15,798.16,5.52,4.5024,-2.3999,182.76,:E0_0,1,124.2,724.8,0,-1
109,legit_16,866.15,1.6,12.2921,0.7342,270.0,F0E0,1,165.86,747.14,0,-1
109,legit_17,801.6,662.01,13.0727,2.1627,0.0,E3E4,0,80.67,482.49,0,-1
109,legit_18,386.15,801.6,1.5497,1.5497,270.0,C4B4,2,74.51,512.58,0,-1
109,legit_5,55.06,1001.6,12.7696,1.1108,270.0,B5A5,0,123.12,762.33,0,-1
109,legit_6,530.99,798.4,12.1232,0.2655,90.0,C4D4,1,91.05,482.57,0,-1
109,legit_9,801.6,481.81,13.7518,0.5903,0.0,E2E3,1,128.96,490.26,0,-1
109,sybil_0,689.34,201.6,2.9999,1.6291,270.0,E1D1,1,101.68,571.07,1,0
109,sybil_1,780.76,201.6,13.999,13.4155,270.0,E1D1,1,87.21,587.32,1,1
109,sybil_4,-1.6,618.69,9.4417,-15.5382,180.0,A4A3,1,152.75,707.85,1,4
109,sybil_5,-1.6,644.34,14.9017,-1.9964,180.0,A4A3,1,157.95,708.85,1,5
109,sybil_7,401.6,717.2,13.145,-5.5464,0.0,C3C4,1,126.8,489.12,1,7
110,legit_10,603.76,597.46,5.4462,-4.2534,26.3,:D3_8,0,146.26,450.79,0,-1
110,legit_11,798.4,496.64,13.4453,0.1706,180.0,E3E2,1,114.13,486.88,0,-1
110,legit_13,-1.6,238.27,11.1402,-0.4856,180.0,A2A1,0,192.28,785.53,0,-1
110,legit_14,450.52,398.4,10.6898,-0.7525,90.0,C2D2,0,38.4,494.58,0,-1
110,legit_15,795.31,1.99,4.7905,0.2881,217.59,:E0_0,1,126.41,726.9,0,-1
110,legit_16,853.54,1.6,12.6135,0.3214,270.0,F0E0,1,157.29,743.18,0,-1
110,legit_17,801.6,674.16,12.1436,-0.9292,0.0,E3E4,0,90.34,483.85,0,-1
110,legit_18,382.96,801.6,3.1938,1.6441,270.0,C4B4,1,77.26,513.64,0,-1
110,legit_5,43.02,1001.6,12.0483,-0.7212,270.0,B5A5,0,132.63,770.81,0,-1
110,legit_6,542.06,798.4,11.0633,-1.0599,90.0,C4D4,0,101.02,481.76,0,-1
110,legit_9,801.6,494.7,12.8886,-0.8632,0.0,E2E3,1,117.26,488.15,0,-1
110,sybil_0,676.51,201.6,8.8388,5.8388,270.0,E1D1,1,109.81,569.82,1,0
110,sybil_1,768.96,201.6,7.348,-6.6509,270.0,E1D1,1,83.77,584.45,1,1
110,sybil_5,-1.6,631.81,10.0029,-4.8988,180.0,A4A3,0,154.9,708.26,1,5
110,sybil_7,401.6,728.55,11.7399,-1.405,0.0,C3C4,1,121.51,491.12,1,7
111,legit_10,610.08,598.4,6.508,1.0617,86.56,D3E3,0,139.93,450.83,0,-1
111,legit_11,798.4,483.27,13.3771,-0.0683,180.0,E3E2,1,126.37,489.04,0,-1
111,legit_13,-1.6,226.46,11.8117,0.6715,180.0,A2A1,0,185.25,790.6,0,-1
111,legit_14,461.59,398.4,11.0685,0.3787,90.0,C2D2,0,40.11,492.35,0,-1
111,legit_15,790.42,1.6,4.9278,0.1373,265.13,E0D0,1,125.11,726.04,0,-1
111,legit_16,841.04,1.6,12.4994,-0.1142,270.0,F0E0,1,149.36,739.42,0,-1
111,legit_17,801.6,686.66,12.5085,0.365,0.0,E3E4,0,100.86,485.44,0,-1
111,legit_18,377.89,801.6,5.0633,1.8695,270.0,C4B4,1,81.69,515.34,0,-1
111,legit_5,30.45,1001.6,12.5626,0.5143,270.0,B5A5,0,142.96,779.79,0,-1
111,legit_6,553.84,798.4,11.783,0.7197,90.0,C4D4,0,111.86,481.05,0,-1
111,legit_9,801.6,508.45,13.7503,0.8616,0.0,E2E3,1,105.09,486.11,0,-1
111,sybil_0,662.99,201.6,10.6599,1.8211,270.0,E1D1,1,119.28,568.73,1,0
111,sybil_1,755.78,201.6,36.9621,29.6141,270.0,E1D1,1,81.8,581.51,1,1
111,sybil_5,-1.6,619.28,9.6602,-0.3427,180.0,A4A3,0,152.82,707.86,1,5
111,sybil_7,401.6,739.82,5.0075,-6.7325,0.0,C3C4,1,111.26,493.25,1,7
112,legit_10,618.02,598.4,7.9357,1.4277,90.0,D3E3,0,131.99,450.96,0,-1
112,legit_11,798.4,469.5,13.7653,0.3882,180.0,E3E2,1,119.72,491.48,0,-1
112,legit_13,-1.6,215.08,11.3789,-0.4328,180.0,A2A1,0,178.95,795.62,0,-1
112,legit_14,472.13,398.4,10.537,-0.5315,90.0,C2D2,0,44.32,490.48,0,-1
112,legit_15,783.73,1.6,6.6861,1.7583,270.0,E0D0,1,123.11,724.51,0,-1
112,legit_16,829.57,1.6,11.47,-1.0293,270.0,F0E0,1,142.65,736.13,0,-1
112,legit_17,801.6,698.78,12.1185,-0.39,0.0,E3E4,0,111.45,487.15,0,-1
112,legit_18,371.32,801.6,6.5768,1.5135,270.0,C4B4,1,87.55,517.61,0,-1
112,legit_5,18.2,1001.6,12.2504,-0.3123,270.0,B5A5,0,153.35,788.66,0,-1
112,legit_6,565.15,798.4,11.3128,-0.4701,90.0,C4D4,0,122.44,480.53,0,-1
112,legit_9,801.6,521.69,13.2371,-0.5132,0.0,E2E3,1,93.78,484.36,0,-1
112,sybil_0,649.67,201.6,13.8261,3.1662,270.0,E1D1,1,129.32,567.87,1,0
112,sybil_1,742.59,201.6,19.1059,-17.8562,270.0,E1D1,1,81.94,578.87,1,1
112,sybil_7,401.6,750.14,0.0,-5.0075,0.0,C3C4,1,102.07,495.33,1,7
113,legit_10,627.26,598.4,9.2481,1.3124,90.0,D3E3,0,122.75,451.19,0,-1
113,legit_11,798.4,455.8,13.6977,-0.0676,180.0,E3E2,1,107.34,494.12,0,-1
113,legit_13,-1.6,207.66,7.4224,-3.9565,180.0,A2A1,0,175.12,798.96,0,-1
113,legit_14,482.37,398.4,10.2452,-0.2917,90.0,C2D2,0,50.22,488.88,0,-1
113,legit_15,774.83,1.6,8.9036,2.2175,270.0,E0D0,1,120.97,722.55,0,-1
113,legit_16,817.5,1.6,12.0746,0.6045,270.0,F0E0,1,136.29,732.82,0,-1
113,legit_17,801.6,710.96,12.1725,0.0541,0.0,E3E4,0,122.37,489.05,0,-1
113,legit_18,362.69,801.6,8.6249,2.0481,270.0,C4B4,1,95.38,520.66,0,-1
113,legit_5,8.09,1001.6,10.1114,-2.139,270.0,B5A5,0,162.12,796.06,0,-1
113,legit_6,577.29,798.4,12.1415,0.8286,90.0,C4D4,0,133.92,480.14,0,-1
113,legit_9,801.6,535.03,13.3385,0.1013,0.0,E2E3,1,82.97,482.81,0,-1
113,sybil_0,636.16,201.6,2.6965,-11.1295,270.0,E1D1,1,140.06,567.22,1,0
113,sybil_1,729.47,201.6,16.5252,-2.5807,270.0,E1D1,1,84.14,576.53,1,1
113,sybil_7,401.6,760.46,13.6172,13.6172,0.0,C3C4,1,93.11,497.54,1,7
114,legit_10,638.55,598.4,11.2865,2.0384,90.0,D3E3,0,111.46,451.61,0,-1
114,legit_11,798.4,442.0,13.8055,0.1078,180.0,E3E2,1,95.22,497.0,0,-1
114,legit_13,-1.08,203.57,4.1363,-3.2862,174.02,:A1_1,0,172.65,800.45,0,-1
114,legit_14,493.84,398.4,11.4681,1.2229,90.0,C2D2,0,58.28,487.31,0,-1
114,legit_15,764.45,1.6,10.3771,1.4736,270.0,E0D0,1,119.28,720.41,0,-1
114,legit_16,805.16,1.6,12.3404,0.2659,270.0,:E0_4,1,130.62,729.62,0,-1
114,legit_17,801.6,722.97,12.0111,-0.1615,0.0,E3E4,0,127.9,491.09,0,-1
114,legit_18,351.95,801.6,10.7395,2.1147,270.0,C4B4,1,105.3,524.57,0,-1
114,legit_19,412.3,198.4,0.0,0.0,90.0,C1D1,0,86.99,590.87,0,-1
114,legit_5,2.49,1001.5,5.6114,-4.5,268.83,:A5_0,0,167.1,800.14,0,-1
114,legit_6,588.83,798.4,11.5347,-0.6068,90.0,C4D4,0,144.93,479.92,0,-1
114,legit_9,801.6,548.63,13.6046,0.2662,0.0,E2E3,1,72.81,481.46,0,-1
114,sybil_0,623.54,201.6,8.4266,5.7301,270.0,E1D1,1,150.5,566.8,1,0
114,sybil_1,716.5,201.6,7.4025,-9.1227,270.0,E1D1,1,88.21,574.49,1,1
114,sybil_7,401.6,771.99,18.9433,5.326,0.0,C3C4,1,83.47,500.15,1,7
115,legit_10,651.22,598.4,12.6651,1.3786,90.0,D3E3,0,98.8,452.25,0,-1
115,legit_11,798.4,428.62,13.3756,-0.4299,180.0,E3E2,1,83.97,500.0,0,-1
115,legit_13,3.31,198.97,6.5879,2.4516,131.21,:A1_9,0,166.6,799.32,0,-1
115,legit_14,504.37,398.4,10.5314,-0.9367,90.0,C2D2,0,66.56,486.03,0,-1
115,legit_15,753.51,1.6,10.9334,0.5563,270.0,E0D0,1,118.45,718.3,0,-1
115,legit_16,792.68,1.6,12.4812,0.1408,270.0,E0D0,1,125.86,726.57,0,-1
115,legit_17,801.6,735.02,12.0566,0.0455,0.0,E3E4,0,116.97,493.29,0,-1
115,legit_18,339.82,801.6,12.1324,1.3929,270.0,C4B4,1,116.68,529.15,0,-1
115,legit_19,414.83,198.4,2.5299,2.5299,90.0,C1D1,0,85.93,590.21,0,-1
115,legit_5,-1.32,998.75,5.054,-0.5574,233.86,:A5_0,0,171.76,801.69,0,-1
115,legit_9,801.6,562.29,13.6613,0.0566,0.0,E2E3,1,63.91,480.38,0,-1
115,sybil_0,610.34,201.6,9.086,0.6594,270.0,E1D1,1,161.75,566.55,1,0
115,sybil_1,703.21,201.6,18.1033,10.7008,270.0,E1D1,1,94.06,572.68,1,1
115,sybil_7,401.6,782.49,10.2948,-8.6485,0.0,C3C4,1,75.17,502.67,1,7
116,legit_10,663.94,598.4,12.7257,0.0607,90.0,D3E3,1,86.07,453.07,0,-1
116,legit_11,798.4,415.94,12.68,-0.6956,180.0,E3E2,0,73.97,503.05,0,-1
116,legit_13,9.95,198.4,6.6899,0.102,93.65,A1B1,0,160.5,794.69,0,-1
116,legit_14,515.22,398.4,10.8521,0.3207,90.0,C2D2,0,75.69,484.88,0,-1
116,legit_15,741.51,1.6,12.0054,1.072,270.0,E0D0,1,118.7,716.17,0,-1
116,legit_16,780.39,1.6,12.2859,-0.1954,270.0,E0D0,1,122.24,723.76,0,-1
116,legit_17,801.6,746.95,11.9318,-0.1247,0.0,E3E4,0,106.4,495.65,0,-1
116,legit_18,326.49,801.6,13.3301,1.1977,270.0,C4B4,0,129.34,534.37,0,-1
116,legit_19,419.87,198.4,5.0428,2.5129,90.0,C1D1,0,83.99,588.92,0,-1
116,legit_5,-1.6,993.63,5.1388,0.0849,182.97,A5A4,0,174.48,799.55,0,-1
116,legit_9,801.6,574.92,12.6309,-1.0304,0.0,E2E3,1,57.37,479.63,0,-1
116,sybil_1,689.69,201.6,6.0243,-12.079,270.0,E1D1,0,101.47,571.11,1,1
117,legit_10,677.07,598.4,13.1321,0.4064,90.0,D3E3,1,72.94,454.11,0,-1
117,legit_11,798.4,402.48,13.4655,0.7855,180.0,:E2_1,0,64.4,506.53,0,-1
117,legit_13,17.99,198.4,8.0312,1.3413,90.0,A1B1,0,153.54,788.82,0,-1
117,legit_14,526.29,398.4,11.0609,0.2088,90.0,C2D2,0,85.4,483.86,0,-1
117,legit_15,729.98,1.6,11.5332,-0.4722,270.0,E0D0,1,120.08,714.3,0,-1
117,legit_16,767.9,1.6,12.4847,0.1988,270.0,E0D0,1,119.75,721.11,0,-1
117,legit_17,801.6,759.78,12.8234,0.8916,0.0,E3E4,0,95.38,498.36,0,-1
117,legit_18,312.97,801.6,13.5221,0.192,270.0,C4B4,0,142.31,539.85,0,-1
117,legit_19,427.49,198.4,7.6198,2.5771,90.0,C1D1,0,81.57,587.04,0,-1
117,legit_5,-1.6,986.62,7.0037,1.8649,180.0,A5A4,0,178.05,796.38,0,-1
117,legit_9,801.6,584.79,9.8715,-2.7594,0.0,E2E3,1,53.79,479.24,0,-1
117,sybil_1,676.75,201.6,13.134,7.1097,270.0,E1D1,0,109.66,569.84,1,1
118,legit_10,689.73,598.4,12.6516,-0.4805,90.0,D3E3,1,60.3,455.3,0,-1
118,legit_11,798.4,389.6,12.8815,-0.584,180.0,E2E1,0,56.73,510.1,0,-1
118,legit_13,28.08,198.4,10.0902,2.059,90.0,A1B1,0,144.95,781.5,0,-1
118,legit_14,537.43,398.4,11.1458,0.0849,90.0,C2D2,0,95.49,482.99,0,-1
118,legit_15,718.33,1.6,11.6428,0.1096,270.0,E0D0,1,122.56,712.6,0,-1
118,legit_16,756.4,1.6,11.5046,-0.9801,270.0,E0D0,1,118.57,718.84,0,-1
118,legit_17,801.6,772.16,12.3796,-0.4438,0.0,E3E4,0,85.24,501.16,0,-1
118,legit_18,300.32,801.6,12.649,-0.8731,270.0,C4B4,0,154.53,545.16,0,-1
118,legit_19,437.35,198.4,9.855,2.2351,90.0,C1D1,0,79.41,584.76,0,-1
118,legit_5,-1.6,977.39,9.2361,2.2324,180.0,A5A4,0,183.06,792.28,0,-1
118,legit_9,801.6,591.12,6.3243,-3.5471,0.0,E2E3,1,52.36,479.09,0,-1
118,sybil_1,663.07,201.6,14.5146,1.3807,270.0,E1D1,0,119.23,568.73,1,1
119,legit_10,702.56,598.4,12.8377,0.1861,90.0,D3E3,1,47.46,456.7,0,-1
119,legit_11,798.4,376.01,13.5906,0.7092,180.0,E2E1,0,50.98,514.17,0,-1
119,legit_13,39.43,198.4,11.3526,1.2624,90.0,A1B1,0,135.55,773.37,0,-1
119,legit_14,548.23,398.4,10.7945,-0.3513,90.0,C2D2,0,105.46,482.29,0,-1
119,legit_15,706.89,1.6,11.442,-0.2008,270.0,E0D0,1,126.0,711.09,0,-1
119,legit_16,744.11,1.6,12.2913,0.7867,270.0,E0D0,1,118.55,716.61,0,-1
119,legit_17,801.6,784.04,11.8785,-0.5011,0.0,E3E4,0,76.12,504.03,0,-1
119,legit_18,286.55,801.6,13.7697,1.1208,270.0,C4B4,0,141.85,551.12,0,-1
119,legit_19,448.73,198.4,11.387,1.5321,90.0,C1D1,0,78.41,582.33,0,-1
119,legit_5,-1.6,966.18,11.2064,1.9703,180.0,A5A4,0,189.57,787.42,0,-1
119,legit_9,800.52,594.14,3.4318,-2.8925,346.8,:E3_19,1,50.86,478.69,0,-1
119,sybil_1,650.28,201.6,5.8649,-8.6497,270.0,E1D1,0,128.85,567.91,1,1
120,legit_10,715.89,598.4,13.3232,0.4855,90.0,D3E3,1,34.15,458.35,0,-1
120,legit_11,798.4,362.46,13.5441,-0.0466,180.0,E2E1,0,48.46,518.57,0,-1
120,legit_13,51.05,198.4,11.617,0.2644,90.0,A1B1,0,126.25,765.14,0,-1
120,legit_14,558.93,398.4,10.7019,-0.0926,90.0,C2D2,0,115.5,481.73,0,-1
120,legit_15,695.65,1.6,11.2383,-0.2036,270.0,E0D0,1,130.28,709.78,0,-1
120,legit_16,731.9,1.6,12.2077,-0.0836,270.0,E0D0,1,119.78,714.6,0,-1
120,legit_17,801.6,791.88,7.8444,-4.0341,0.0,E3E4,0,70.56,506.03,0,-1
120,legit_18,273.08,801.6,13.4706,-0.2992,270.0,C4B4,0,128.93,557.15,0,-1
120,legit_19,460.73,198.4,11.9979,0.6108,90.0,C1D1,0,79.13,580.0,0,-1
120,legit_20,212.3,998.4,0.0,0.0,90.0,B5C5,0,102.66,665.86,0,-1
120,legit_5,-1.6,953.53,12.6526,1.4462,180.0,A5A4,0,189.4,782.09,0,-1
120,legit_9,798.4,591.77,3.953,0.5212,240.07,E3E2,1,49.1,478.03,0,-1
120,sybil_1,636.84,201.6,15.2087,9.3438,270.0,E1D1,0,139.51,567.25,1,1
121,legit_10,728.76,598.4,12.8771,-0.4461,90.0,D3E3,1,21.3,460.14,0,-1
121,legit_11,798.4,349.04,13.4239,-0.1202,180.0,E2E1,0,49.63,523.29,0,-1
121,legit_13,63.33,198.4,12.2885,0.6715,90.0,A1B1,0,116.87,756.57,0,-1
121,legit_14,570.35,398.4,11.4263,0.7244,90.0,C2D2,0,126.33,481.27,0,-1
121,legit_15,683.65,1.6,12.0043,0.7659,270.0,E0D0,1,135.72,708.55,0,-1
121,legit_16,720.16,1.6,11.7448,-0.4629,270.0,E0D0,1,122.1,712.85,0,-1
121,legit_17,801.09,796.38,4.5412,-3.3033,354.11,:E4_10,0,67.18,507.06,0,-1
121,legit_18,259.37,801.6,13.7098,0.2393,270.0,C4B4,0,115.91,563.48,0,-1
121,legit_19,472.65,198.4,11.9168,-0.0811,90.0,C1D1,0,81.61,577.94,0,-1
121,legit_20,213.7,998.4,1.4002,1.4002,90.0,B5C5,0,103.52,665.17,0,-1
121,legit_5,-1.6,941.68,11.85,-0.8026,180.0,A5A4,0,182.54,777.26,0,-1
121,legit_9,798.4,585.63,6.1406,2.1877,180.0,E3E2,1,50.49,478.18,0,-1
121,sybil_1,623.43,201.6,7.722,-7.4867,270.0,E1D1,0,150.6,566.8,1,1
122,legit_10,742.0,598.4,13.2363,0.3592,90.0,D3E3,1,8.16,462.18,0,-1
122,legit_11,798.4,335.82,13.2168,-0.2071,180.0,E2E1,0,54.1,528.29,0,-1
122,legit_13,74.85,198.4,11.5151,-0.7734,90.0,A1B1,0,108.6,748.67,0,-1
122,legit_14,581.7,398.4,11.343,-0.0832,90.0,C2D2,0,137.18,480.96,0,-1
122,legit_15,671.55,1.6,12.0952,0.0909,270.0,E0D0,1,142.03,707.49,0,-1
122,legit_16,708.69,1.6,11.4671,-0.2777,270.0,E0D0,1,125.4,711.32,0,-1
122,legit_17,796.97,800.86,6.3176,1.7765,313.07,:E4_18,0,61.14,506.99,0,-1
122,legit_18,246.06,801.6,13.3117,-0.3981,270.0,C4B4,0,103.45,569.81,0,-1
122,legit_19,485.2,198.4,12.5504,0.6336,90.0,C1D1,1,85.94,576.02,0,-1
122,legit_20,216.51,998.4,2.8125,1.4123,90.0,B5C5,0,105.27,663.79,0,-1
122,legit_5,-1.6,929.69,11.9939,0.144,180.0,A5A4,0,176.14,772.52,0,-1
122,legit_9,798.4,577.41,8.2214,2.0808,180.0,E3E2,1,53.41,478.48,0,-1
122,sybil_1,610.28,201.6,8.4734,0.7514,270.0,E1D1,1,161.8,566.55,1,1
123,legit_10,755.39,598.4,13.3924,0.1562,90.0,D3E3,1,5.63,465.0,0,-1
123,legit_11,798.4,322.22,13.5989,0.3821,180.0,E2E1,0,61.4,533.75,0,-1
123,legit_13,86.38,198.4,11.5285,0.0134,90.0,A1B1,0,100.97,740.88,0,-1
123,legit_14,588.81,398.4,7.1138,-4.2292,90.0,C2D2,0,144.02,480.85,0,-1
123,legit_15,659.56,1.6,11.9941,-0.1011,270.0,E0D0,1,148.99,706.61,0,-1
123,legit_16,696.33,1.6,12.3557,0.8886,270.0,E0D0,1,129.99,709.86,0,-1
123,legit_17,790.01,801.6,7.0483,0.7306,273.6,E4D4,0,55.46,505.09,0,-1
123,legit_18,232.76,801.6,13.2983,-0.0134,270.0,C4B4,0,91.23,576.32,0,-1
123,legit_19,497.96,198.4,12.7589,0.2085,90.0,C1D1,0,91.91,574.32,0,-1
123,legit_20,220.74,998.4,4.2248,1.4123,90.0,B5C5,0,107.99,661.74,0,-1
123,legit_5,-1.6,916.82,12.8607,0.8668,180.0,A5A4,0,169.95,767.6,0,-1
123,legit_9,798.4,566.72,10.685,2.4636,180.0,E3E2,1,58.74,479.06,0,-1
124,legit_10,768.25,598.4,12.853,-0.5394,90.0,D3E3,1,18.32,468.64,0,-1
124,legit_11,798.4,308.49,13.7363,0.1374,180.0,E2E1,0,70.68,539.54,0,-1
124,legit_13,98.01,198.4,11.6299,0.1013,90.0,A1B1,0,94.07,733.18,0,-1
124,legit_14,597.7,398.4,8.8854,1.7716,90.0,:D2_13,0,152.61,480.78,0,-1
124,legit_15,648.46,1.6,11.1012,-0.8929,270.0,E0D0,1,155.98,705.94,0,-1
124,legit_16,684.39,1.6,11.9393,-0.4164,270.0,E0D0,1,135.36,708.62,0,-1
124,legit_17,780.74,801.6,9.2711,2.2229,270.0,E4D4,0,49.19,502.4,0,-1
124,legit_18,220.99,801.6,11.7713,-1.5269,270.0,C4B4,0,80.71,582.25,0,-1
124,legit_19,510.12,198.4,12.1616,-0.5973,90.0,C1D1,0,98.8,572.92,0,-1
124,legit_20,227.45,998.4,6.7137,2.4889,90.0,B5C5,0,112.5,658.51,0,-1
124,legit_5,-1.6,905.03,11.7974,-1.0634,180.0,A5A4,0,164.96,763.26,0,-1
124,legit_9,798.4,554.12,12.6008,1.9158,180.0,E3E2,1,66.69,479.99,0,-1
125,legit_10,780.88,598.4,12.6387,-0.2143,90.0,D3E3,1,30.93,472.42,0,-1
125,legit_11,798.4,294.73,13.7564,0.0201,180.0,E2E1,0,81.26,545.59,0,-1
125,legit_13,110.22,198.4,12.2093,0.5794,90.0,A1B1,0,87.92,725.27,0,-1
125,legit_14,608.23,398.4,10.5344,1.649,90.0,D2E2,0,146.88,480.81,0,-1
125,legit_15,637.16,1.6,11.3026,0.2014,270.0,E0D0,1,163.56,705.4,0,-1
125,legit_16,672.14,1.6,12.2505,0.3112,270.0,E0D0,1,141.7,707.54,0,-1
125,legit_17,769.29,801.6,11.4532,2.182,270.0,E4D4,0,42.97,499.29,0,-1
125,legit_18,211.94,801.6,9.0473,-2.724,270.0,C4B4,0,72.88,586.91,0,-1
125,legit_19,522.6,198.4,12.4831,0.3215,90.0,C1D1,0,106.85,571.69,0,-1
125,legit_20,236.36,998.4,8.9111,2.1974,90.0,B5C5,0,118.81,654.31,0,-1
125,legit_5,-1.6,893.17,11.8555,0.0581,180.0,A5A4,0,160.65,759.05,0,-1
125,legit_9,798.4,540.91,13.207,0.6062,180.0,E3E2,1,76.38,481.2,0,-1
126,legit_10,789.02,598.4,8.1387,-4.5,90.0,D3E3,1,39.06,474.96,0,-1
126,legit_11,798.4,281.2,13.5321,-0.2243,180.0,E2E1,0,92.48,551.76,0,-1
126,legit_13,121.93,198.4,11.7133,-0.4961,90.0,A1B1,0,83.27,717.86,0,-1
126,legit_14,618.92,398.4,10.6913,0.157,90.0,D2E2,0,136.59,480.98,0,-1
126,legit_15,625.99,1.6,11.1705,-0.132,270.0,E0D0,1,171.46,705.01,0,-1
126,legit_16,659.86,1.6,12.279,0.0285,270.0,E0D0,1,148.8,706.63,0,-1
126,legit_17,756.65,801.6,12.6347,1.1816,270.0,E4D4,1,38.97,496.18,0,-1
126,legit_18,207.39,801.6,4.5473,-4.5,270.0,C4B4,0,69.05,589.29,0,-1
126,legit_19,534.36,198.4,11.7608,-0.7223,90.0,C1D1,0,115.17,570.73,0,-1
126,legit_20,247.64,998.4,11.2807,2.3696,90.0,B5C5,0,127.25,649.13,0,-1
126,legit_21,798.4,787.7,0.0,0.0,180.0,E4E3,1,71.26,503.97,0,-1
126,legit_5,-1.6,881.09,12.08,0.2245,180.0,A5A4,0,157.07,754.92,0,-1
126,legit_9,798.4,527.89,13.0215,-0.1855,180.0,E3E2,1,86.85,482.62,0,-1
127,legit_10,798.82,598.4,9.798,1.6593,90.0,:E3_13,1,48.85,478.1,0,-1
127,legit_11,798.4,268.11,13.0851,-0.447,180.0,E2E1,0,103.86,557.93,0,-1
127,legit_13,133.77,198.4,11.8442,0.131,90.0,A1B1,0,80.06,710.56,0,-1
127,legit_14,629.32,398.4,10.4009,-0.2905,90.0,D2E2,0,126.64,481.26,0,-1
127,legit_15,614.91,1.6,11.0714,-0.0992,270.0,E0D0,1,179.63,704.76,0,-1
127,legit_16,647.34,1.6,12.5247,0.2456,270.0,E0D0,1,156.71,705.88,0,-1
127,legit_17,744.35,801.6,12.3003,-0.3344,270.0,E4D4,1,38.81,493.51,0,-1
127,legit_18,201.44,799.91,6.3043,1.757,251.73,:B4_6,0,65.22,592.01,0,-1
127,legit_19,546.24,198.4,11.8746,0.1138,90.0,C1D1,0,124.13,569.92,0,-1
127,legit_20,261.02,998.4,13.3812,2.1005,90.0,B5C5,0,137.79,643.16,0,-1
127,legit_21,798.4,785.37,2.3303,2.3303,180.0,E4E3,1,72.99,503.38,0,-1
127,legit_5,-1.6,868.3,12.7962,0.7162,180.0,A5A4,0,154.22,750.74,0,-1
127,legit_9,798.4,514.41,13.4807,0.4592,180.0,E3E2,1,98.33,484.32,0,-1
128,legit_10,810.03,598.4,11.2052,1.4072,90.0,E3F3,1,60.05,481.83,0,-1
128,legit_11,798.4,254.61,13.4999,0.4148,180.0,E2E1,0,115.97,564.48,0,-1
128,legit_13,145.5,198.4,11.7302,-0.1141,90.0,A1B1,0,78.53,703.54,0,-1
128,legit_14,640.62,398.4,11.2931,0.8922,90.0,D2E2,0,115.93,481.7,0,-1
128,legit_15,608.26,1.6,6.6528,-4.4186,270.0,E0D0,1,184.68,704.68,0,-1
128,legit_16,634.67,1.6,12.6742,0.1496,270.0,E0D0,1,165.29,705.3,0,-1
128,legit_17,732.21,801.6,12.1379,-0.1624,270.0,E4D4,1,42.32,491.22,0,-1
128,legit_18,198.41,792.87,8.0123,1.708,193.45,:B4_6,0,67.57,591.9,0,-1
128,legit_19,558.88,198.4,12.6381,0.7635,90.0,C1D1,0,134.17,569.25,0,-1
128,legit_20,274.9,998.4,13.8709,0.4897,90.0,B5C5,0,149.19,637.17,0,-1
128,legit_21,798.4,780.5,4.8725,2.5422,180.0,E4E3,1,76.7,502.18,0,-1
128,legit_5,-1.6,856.32,11.9724,-0.8238,180.0,A5A4,0,152.48,747.0,0,-1
128,legit_9,798.4,500.69,13.7169,0.2363,180.0,E3E2,1,110.47,486.26,0,-1
129,legit_10,822.72,598.4,12.6959,1.4906,90.0,E3F3,1,72.74,486.23,0,-1
129,legit_11,798.4,241.8,12.8084,-0.6916,180.0,E2E1,0,127.72,570.87,0,-1
129,legit_13,156.67,198.4,11.1676,-0.5626,90.0,A1B1,0,78.68,697.06,0,-1
129,legit_14,650.93,398.4,10.3132,-0.9798,90.0,D2E2,0,106.25,482.24,0,-1
129,legit_15,602.96,3.07,5.6556,-0.9972,287.53,:D0_3,1,187.87,703.48,0,-1
129,legit_16,624.38,1.6,10.2833,-2.3909,270.0,E0D0,1,172.62,704.97,0,-1
129,legit_17,719.74,801.6,12.4717,0.3338,270.0,E4D4,1,48.89,489.2,0,-1
129,legit_18,198.4,783.84,9.026,1.0137,180.0,B4B3,0,74.14,589.77,0,-1
129,legit_19,570.99,198.4,12.1084,-0.5297,90.0,C1D1,0,144.17,568.78,0,-1
129,legit_20,287.87,998.4,12.976,-0.8949,90.0,B5C5,0,160.21,631.74,0,-1
129,legit_21,798.4,773.54,6.9573,2.0849,180.0,E4E3,1,82.22,500.51,0,-1
129,legit_5,-1.6,843.49,12.8284,0.856,180.0,A5A4,0,151.64,743.18,0,-1
129,legit_9,798.4,487.02,13.6696,-0.0474,180.0,E3E2,1,122.91,488.41,0,-1
130,legit_10,836.13,598.4,13.4042,0.7083,90.0,E3F3,1,86.14,491.07,0,-1
130,legit_11,798.4,229.0,12.8029,-0.0054,180.0,E2E1,0,119.26,577.43,0,-1
130,legit_13,167.77,198.4,11.094,-0.0736,90.0,A1B1,0,80.39,690.81,0,-1
130,legit_14,661.56,398.4,10.6326,0.3194,90.0,D2E2,0,96.42,482.92,0,-1
130,legit_15,601.6,8.34,5.5736,-0.0819,347.45,D0D1,1,185.72,699.29,0,-1
130,legit_16,615.19,1.6,9.1971,-1.0863,270.0,E0D0,1,179.43,704.77,0,-1
130,legit_17,707.62,801.6,12.1197,-0.3519,270.0,E4D4,1,57.19,487.5,0,-1
130,legit_18,198.4,772.26,11.5832,2.5573,180.0,B4B3,0,83.26,587.17,0,-1
130,legit_19,582.5,198.4,11.513,-0.5954,90.0,C1D1,0,153.96,568.48,0,-1
130,legit_20,300.54,998.4,12.6718,-0.3042,90.0,B5C5,0,170.28,626.62,0,-1
130,legit_21,798.4,764.05,9.492,2.5347,180.0,E4E3,1,90.06,498.33,0,-1
130,legit_5,-1.6,830.72,12.7729,-0.0555,180.0,A5A4,0,151.88,739.57,0,-1
130,legit_9,798.4,473.56,13.4615,-0.2081,180.0,E3E2,1,123.45,490.74,0,-1
131,legit_10,849.2,598.4,13.0764,-0.3278,90.0,E3F3,1,99.22,495.97,0,-1
131,legit_11,798.4,215.76,13.2454,0.4425,180.0,E2E1,0,107.29,584.39,0,-1
131,legit_13,179.84,198.4,12.0708,0.9768,90.0,A1B1,0,83.89,684.22,0,-1
131,legit_14,671.86,398.4,10.2979,-0.3347,90.0,D2E2,1,87.07,483.71,0,-1
131,legit_15,601.6,16.34,7.9997,2.4261,0.0,D0D1,1,181.02,692.99,0,-1
131,legit_16,607.61,1.6,7.5799,-1.6172,270.0,E0D0,1,185.19,704.67,0,-1
131,legit_17,694.86,801.6,12.7672,0.6474,270.0,E4D4,1,67.2,485.95,0,-1
131,legit_18,198.4,758.64,13.6151,2.0319,180.0,B4B3,0,94.67,584.32,0,-1
131,legit_19,589.51,198.4,7.013,-4.5,90.0,C1D1,0,160.03,568.38,0,-1
131,legit_20,313.24,998.4,12.7009,0.0291,90.0,B5C5,0,159.25,621.64,0,-1
131,legit_21,798.4,752.0,12.0492,2.5572,180.0,E4E3,1,100.43,495.72,0,-1
131,legit_5,-1.6,818.16,12.56,-0.2129,180.0,A5A4,0,153.16,736.21,0,-1
131,legit_9,798.4,459.93,13.6304,0.1689,180.0,E3E2,2,111.04,493.3,0,-1
132,legit_10,861.82,598.4,12.618,-0.4585,90.0,E3F3,0,111.83,500.88,0,-1
132,legit_11,798.4,203.14,12.612,-0.6333,180.0,:E1_1,0,96.2,591.18,0,-1
132,legit_13,188.12,198.4,8.2863,-3.7844,90.0,A1B1,0,87.18,679.82,0,-1
132,legit_14,682.65,398.4,10.7931,0.4952,90.0,D2E2,1,77.53,484.67,0,-1
132,legit_15,601.6,26.37,10.0356,2.0359,0.0,D0D1,1,175.47,685.15,0,-1
132,legit_16,598.27,1.6,9.331,1.7512,270.0,:D0_4,1,189.75,704.64,0,-1
132,legit_17,682.13,801.6,12.7283,-0.0388,270.0,E4D4,1,77.98,484.62,0,-1
132,legit_18,198.4,745.7,12.9458,-0.6693,180.0,B4B3,0,106.0,581.8,0,-1
132,legit_19,596.5,198.93,7.0288,0.0157,83.92,:D1_14,0,166.41,568.02,0,-1
132,legit_20,326.85,998.4,13.6052,0.9043,90.0,B5C5,0,147.73,616.5,0,-1
132,legit_21,798.4,738.96,13.036,0.9868,180.0,E4E3,1,112.03,493.09,0,-1
132,legit_22,787.7,1.6,0.0,0.0,270.0,E0D0,0,124.26,725.41,0,-1
132,legit_5,-1.6,809.1,9.0642,-3.4957,180.0,A5A4,0,154.72,733.91,0,-1
132,legit_9,798.4,447.17,12.7646,-0.8657,180.0,E3E2,1,99.7,495.9,0,-1
133,legit_10,874.69,598.4,12.8686,0.2506,90.0,E3F3,1,124.7,506.07,0,-1
133,legit_11,798.4,190.17,12.9759,0.3639,180.0,E1E0,0,85.24,598.34,0,-1
133,legit_13,192.17,198.4,4.0448,-4.2415,90.0,A1B1,0,89.02,677.71,0,-1
133,legit_14,693.67,398.4,11.0203,0.2271,90.0,D2E2,1,68.17,485.81,0,-1
133,legit_15,601.6,38.32,11.9417,1.9061,0.0,D0D1,1,169.4,675.94,0,-1
133,legit_16,587.12,1.6,11.1572,1.8261,270.0,D0C0,1,181.16,704.73,0,-1
133,legit_17,669.93,801.6,12.1987,-0.5296,270.0,E4D4,1,88.8,483.55,0,-1
133,legit_18,198.4,732.82,12.8779,-0.0678,180.0,B4B3,0,117.6,579.46,0,-1
133,legit_19,601.05,203.35,6.5571,-0.4717,40.98,:D1_14,0,170.69,565.51,0,-1
133,legit_20,339.97,998.4,13.1211,-0.4841,90.0,B5C5,0,136.99,611.73,0,-1
133,legit_21,798.4,726.1,12.8588,-0.1772,180.0,E4E3,2,123.75,490.68,0,-1
133,legit_22,786.01,1.6,1.6914,1.6914,270.0,E0D0,0,123.75,725.02,0,-1
133,legit_5,-1.22,804.56,4.5642,-4.5,175.67,:A4_1,0,155.32,732.5,0,-1
133,legit_9,798.4,433.97,13.1987,0.434,180.0,E3E2,1,88.4,498.78,0,-1
134,legit_10,888.35,598.4,13.6649,0.7963,90.0,E3F3,1,138.36,511.76,0,-1
134,legit_11,798.4,177.13,13.0349,0.059,180.0,E1E0,0,74.88,605.72,0,-1
134,legit_13,197.65,198.4,5.4864,1.4416,90.0,:B1_13,0,91.75,674.88,0,-1
134,legit_14,704.07,398.4,10.3962,-0.6241,90.0,D2E2,1,59.87,487.04,0,-1
134,legit_15,601.6,49.31,10.9954,-0.9464,0.0,D0D1,1,164.38,667.59,0,-1
134,legit_16,574.86,1.6,12.2619,1.1048,270.0,D0C0,1,172.07,704.99,0,-1
134,legit_17,656.85,801.6,13.0787,0.8801,270.0,E4D4,0,100.75,482.6,0,-1
134,legit_18,198.4,720.14,12.6768,-0.2011,180.0,B4B3,0,129.26,577.32,0,-1
134,legit_19,601.6,210.75,7.4407,0.8835,2.36,D1D2,0,173.95,561.37,0,-1
134,legit_20,352.9,998.4,12.927,-0.1941,90.0,B5C5,0,126.84,607.22,0,-1
134,legit_21,798.4,712.87,13.2303,0.3714,180.0,E4E3,1,122.81,488.4,0,-1
134,legit_22,781.93,1.6,4.0771,2.3856,270.0,E0D0,0,122.63,724.1,0,-1
134,legit_5,1.86,799.84,5.9095,1.3453,142.26,:A4_9,0,153.48,728.92,0,-1
134,legit_9,798.4,420.65,13.3227,0.124,180.0,E3E2,1,77.59,501.9,0,-1
135,legit_10,901.56,598.4,13.2057,-0.4592,90.0,E3F3,1,148.45,517.45,0,-1
135,legit_11,798.4,163.82,13.3142,0.2792,180.0,E1E0,0,65.29,613.46,0,-1
135,legit_13,205.35,198.4,7.6945,2.2081,90.0,:B1_13,0,95.97,670.98,0,-1
135,legit_14,714.41,398.4,10.3418,-0.0544,90.0,D2E2,1,52.36,488.42,0,-1
135,legit_15,601.6,60.19,10.8767,-0.1186,0.0,D0D1,1,160.0,659.44,0,-1
135,legit_16,562.6,1.6,12.2573,-0.0046,270.0,D0C0,1,163.39,705.41,0,-1
135,legit_17,644.12,801.6,12.7297,-0.349,270.0,E4D4,0,112.63,481.87,0,-1
135,legit_18,198.4,707.49,12.6553,-0.0214,180.0,B4B3,0,117.88,575.36,0,-1
135,legit_19,601.6,220.52,9.7764,2.3358,0.0,D1D2,0,179.24,556.0,0,-1
135,legit_20,366.71,998.4,13.8102,0.8832,90.0,B5C5,0,116.6,602.61,0,-1
135,legit_21,798.4,700.0,12.8774,-0.3529,180.0,E4E3,1,111.09,486.36,0,-1
135,legit_22,776.05,1.6,5.877,1.7999,270.0,E0D0,0,121.23,722.82,0,-1
135,legit_5,8.01,798.4,6.4347,0.5251,98.15,A4B4,0,147.96,723.73,0,-1
135,legit_9,798.4,407.72,12.9218,-0.4009,180.0,E3E2,1,67.97,505.14,0,-1
136,legit_10,915.15,598.4,13.59,0.3844,90.0,E3F3,1,134.86,523.5,0,-1
136,legit_11,798.4,150.99,12.8296,-0.4846,180.0,E1E0,0,57.47,621.13,0,-1
136,legit_13,215.55,198.4,10.2021,2.5076,90.0,B1C1,0,102.19,665.92,0,-1
136,legit_14,725.57,398.4,11.1576,0.8159,90.0,D2E2,0,45.51,490.11,0,-1
136,legit_15,601.6,71.69,11.5004,0.6237,0.0,D0D1,1,156.07,650.96,0,-1
136,legit_16,550.23,1.6,12.3668,0.1095,270.0,D0C0,1,155.13,706.01,0,-1
136,legit_17,631.13,801.6,12.9925,0.2628,270.0,E4D4,0,124.92,481.32,0,-1
136,legit_18,198.4,694.6,12.8845,0.2291,180.0,B4B3,0,106.26,573.53,0,-1
136,legit_19,601.6,232.26,11.7374,1.961,0.0,D1D2,0,186.08,549.71,0,-1
136,legit_20,379.95,998.4,13.2427,-0.5675,90.0,B5C5,0,107.54,598.4,0,-1
136,legit_21,798.4,686.36,13.6329,0.7556,180.0,E4E3,1,99.0,484.42,0,-1
136,legit_22,768.74,1.6,7.3174,1.4404,270.0,E0D0,0,119.87,721.28,0,-1
136,legit_5,15.78,798.4,7.7671,1.3324,90.0,A4B4,0,140.52,717.65,0,-1
137,legit_10,928.47,598.4,13.3246,-0.2654,90.0,E3F3,1,121.54,529.61,0,-1
137,legit_11,798.4,137.45,13.5367,0.7072,180.0,E1E0,1,51.45,629.49,0,-1
137,legit_13,226.64,198.4,11.084,0.8819,90.0,B1C1,0,109.63,660.57,0,-1
137,legit_14,736.47,398.4,10.8981,-0.2595,90.0,D2E2,0,40.72,491.98,0,-1
137,legit_15,601.6,82.56,10.871,-0.6294,0.0,D0D1,1,153.05,643.08,0,-1
137,legit_16,538.0,1.6,12.2332,-0.1337,270.0,D0C0,1,147.52,706.77,0,-1
137,legit_17,619.73,801.6,11.4021,-1.5904,270.0,E4D4,0,135.82,480.99,0,-1
137,legit_18,198.4,681.94,12.6628,-0.2216,180.0,B4B3,0,95.17,571.91,0,-1
137,legit_19,601.6,243.97,11.7106,-0.0269,0.0,D1D2,0,188.37,543.61,0,-1
137,legit_20,392.9,998.4,12.9499,-0.2928,90.0,:C5_7,0,99.59,594.51,0,-1
137,legit_21,798.4,672.78,13.5874,-0.0455,180.0,E4E3,1,87.4,482.7,0,-1
137,legit_22,759.96,1.6,8.7799,1.4626,270.0,E0D0,1,118.82,719.52,0,-1
137,legit_5,25.84,798.4,10.0594,2.2923,90.0,A4B4,0,130.95,709.83,0,-1
138,legit_10,941.96,598.4,13.4867,0.1621,90.0,E3F3,0,108.05,535.98,0,-1
138,legit_11,798.4,124.41,13.0394,-0.4973,180.0,E1E0,1,48.6,637.83,0,-1
138,legit_13,237.87,198.4,11.2334,0.1495,90.0,B1C1,0,117.76,655.3,0,-1
138,legit_14,747.65,398.4,11.1885,0.2904,90.0,D2E2,0,38.47,494.19,0,-1
138,legit_15,601.6,94.51,11.95,1.079,0.0,D0D1,1,150.57,634.58,0,-1
138,legit_16,526.18,1.6,11.8203,-0.4128,270.0,D0C0,1,140.79,707.67,0,-1
138,legit_17,611.32,801.6,8.404,-2.9981,270.0,E4D4,0,143.9,480.85,0,-1
138,legit_18,198.4,668.86,13.0793,0.4165,180.0,B4B3,0,84.17,570.42,0,-1
138,legit_19,601.6,255.85,11.8762,0.1657,0.0,D1D2,0,181.3,537.61,0,-1
138,legit_20,406.13,998.4,13.2324,0.2824,90.0,:C5_7,0,92.64,590.77,0,-1
138,legit_21,798.4,659.3,13.472,-0.1154,180.0,E4E3,0,76.55,481.22,0,-1
138,legit_22,749.59,1.6,10.3629,1.583,270.0,E0D0,1,118.4,717.58,0,-1
138,legit_23,401.6,412.3,0.0,0.0,0.0,C2C3,0,71.26,503.97,0,-1
138,legit_5,37.34,798.4,11.5025,1.4431,90.0,A4B4,0,120.1,700.98,0,-1
139,legit_10,955.66,598.4,13.7017,0.215,90.0,E3F3,0,94.35,542.64,0,-1
139,legit_11,798.4,110.57,13.847,0.8076,180.0,E1E0,1,49.31,647.03,0,-1
139,legit_13,249.69,198.4,11.8196,0.5862,90.0,B1C1,0,126.82,649.9,0,-1
139,legit_14,757.85,398.4,10.1967,-0.9918,90.0,D2E2,0,39.19,496.46,0,-1
139,legit_15,601.6,105.99,11.4827,-0.4673,0.0,D0D1,1,149.06,626.57,0,-1
139,legit_16,514.54,1.6,11.6384,-0.182,270.0,D0C0,1,134.85,708.72,0,-1
139,legit_17,600.47,801.6,10.8528,2.4489,270.0,:D4_5,0,154.38,480.78,0,-1
139,legit_18,198.4,655.83,13.0312,-0.0481,180.0,B4B3,0,73.89,569.13,0,-1
139,legit_19,601.6,268.04,12.1958,0.3196,0.0,D1D2,0,174.58,531.63,0,-1
139,legit_20,419.92,998.4,13.7851,0.5527,90.0,C5D5,0,86.97,587.15,0,-1
139,legit_21,798.4,646.22,13.0813,-0.3907,180.0,E4E3,0,66.93,480.01,0,-1
139,legit_22,736.71,1.6,12.8879,2.5249,270.0,E0D0,1,119.14,715.37,0,-1
139,legit_23,401.6,413.63,1.3256,1.3256,0.0,C2C3,0,72.24,503.64,0,-1
139,legit_5,49.92,798.4,12.5808,1.0783,90.0,A4B4,0,108.38,691.42,0,-1
140,legit_10,968.68,598.4,13.0213,-0.6804,90.0,E3F3,0,81.33,549.15,0,-1
140,legit_11,798.4,97.16,13.4084,-0.4385,180.0,E1E0,1,53.52,656.25,0,-1
140,legit_13,261.14,198.4,11.4543,-0.3653,90.0,B1C1,0,136.01,644.81,0,-1
140,legit_14,768.5,398.4,10.6467,0.45,90.0,D2E2,0,42.62,499.09,0,-1
140,legit_15,601.6,117.46,11.4704,-0.0123,0.0,D0D1,0,148.42,618.74,0,-1
140,legit_16,502.71,1.6,11.8343,0.1959,270.0,D0C0,0,129.6,709.96,0,-1
140,legit_17,588.32,801.6,12.145,1.2922,270.0,D4C4,0,143.56,480.85,0,-1
140,legit_18,198.4,642.71,13.1203,0.0891,180.0,B4B3,0,64.55,568.04,0,-1
140,legit_19,601.6,280.38,12.3386,0.1428,0.0,D1D2,0,168.41,525.78,0,-1
140,legit_20,433.07,998.4,13.1509,-0.6342,90.0,C5D5,0,83.34,583.98,0,-1
140,legit_21,798.4,632.95,13.273,0.1917,180.0,E4E3,0,58.55,479.04,0,-1
140,legit_22,722.84,1.6,13.8713,0.9834,270.0,E0D0,1,121.48,713.24,0,-1
140,legit_23,401.6,416.34,2.7166,1.391,0.0,C2C3,0,74.28,502.96,0,-1
140,legit_5,62.37,798.4,12.446,-0.1348,90.0,A4B4,0,97.01,682.08,0,-1
141,legit_10,980.6,598.4,11.9151,-1.1062,90.0,E3F3,0,69.42,555.25,0,-1
141,legit_11,798.4,83.58,13.5753,0.1669,180.0,E1E0,1,60.57,665.87,0,-1
141,legit_13,273.28,198.4,12.1389,0.6846,90.0,B1C1,0,146.1,639.57,0,-1
141,legit_14,779.27,398.4,10.7711,0.1244,90.0,D2E2,0,48.28,501.99,0,-1
141,legit_15,601.6,128.75,11.287,-0.1834,0.0,D0D1,0,148.66,611.2,0,-1
141,legit_16,490.43,1.6,12.2792,0.4449,270.0,D0C0,0,125.11,711.43,0,-1
141,legit_17,575.56,801.6,12.7662,0.6211,270.0,D4C4,0,131.3,481.11,0,-1
141,legit_18,198.4,628.83,13.878,0.7576,180.0,B4B3,0,56.34,567.16,0,-1
141,legit_19,601.6,292.07,11.6838,-0.6548,0.0,D1D2,0,163.21,520.42,0,-1
141,legit_20,446.66,998.4,13.592,0.4412,90.0,C5D5,0,81.67,581.0,0,-1
141,legit_21,798.4,620.11,12.8378,-0.4352,180.0,E4E3,0,52.41,478.38,0,-1
141,legit_22,709.39,1.6,13.4467,-0.4245,270.0,E0D0,1,125.17,711.41,0,-1
141,legit_23,401.6,421.55,5.2055,2.489,0.0,C2C3,0,78.3,501.68,0,-1
141,legit_5,75.07,798.4,12.7068,0.2608,90.0,A4B4,0,85.7,672.68,0,-1
142,legit_10,988.01,598.4,7.4151,-4.5,90.0,E3F3,0,62.01,559.13,0,-1
142,legit_11,798.4,70.76,12.8223,-0.753,180.0,E1E0,1,69.04,675.17,0,-1
142,legit_13,285.05,198.4,11.7644,-0.3745,90.0,B1C1,0,156.15,634.63,0,-1
142,legit_14,787.23,398.4,7.9563,-2.8148,90.0,D2E2,0,53.48,504.26,0,-1
142,legit_15,601.6,139.95,11.1991,-0.0878,0.0,D0D1,0,149.73,603.87,0,-1
142,legit_16,478.68,1.6,11.7424,-0.5368,270.0,D0C0,0,121.82,713.02,0,-1
142,legit_17,562.41,801.6,13.1457,0.3795,270.0,D4C4,0,118.79,481.57,0,-1
142,legit_18,198.4,616.2,12.6306,-1.2473,180.0,B4B3,0,51.04,566.62,0,-1
142,legit_19,601.6,304.78,12.7142,1.0304,0.0,D1D2,0,158.34,514.81,0,-1
142,legit_20,460.05,998.4,13.3884,-0.2036,90.0,C5D5,0,82.22,578.37,0,-1
142,legit_21,798.4,606.65,13.4663,0.6284,180.0,:E3_1,0,48.85,478.01,0,-1
142,legit_22,696.74,1.6,12.6483,-0.7985,270.0,E0D0,1,129.83,709.9,0,-1
142,legit_23,401.6,429.29,7.7462,2.5407,0.0,C2C3,0,84.52,499.85,0,-1
142,legit_5,86.79,798.4,11.713,-0.9938,90.0,A4B4,0,75.67,664.16,0,-1
143,legit_10,991.59,598.4,3.5799,-3.8351,90.0,E3F3,0,58.43,561.02,0,-1
143,legit_11,798.4,57.46,13.3026,0.4803,180.0,E1E0,1,79.08,685.01,0,-1
143,legit_13,297.03,198.4,11.9851,0.2206,90.0,B1C1,0,166.63,629.75,0,-1
143,legit_14,791.11,398.4,3.8808,-4.0755,90.0,D2E2,0,56.25,505.41,0,-1
143,legit_15,601.6,152.03,12.0832,0.8841,0.0,D0D1,0,151.82,596.16,0,-1
143,legit_16,466.46,1.6,12.2211,0.4788,270.0,D0C0,0,119.54,714.86,0,-1
143,legit_17,550.33,801.6,12.0873,-1.0584,270.0,D4C4,0,107.42,482.17,0,-1
143,legit_18,198.4,603.14,13.0549,0.4243,180.0,:B3_1,0,48.5,566.37,0,-1
143,legit_19,601.6,316.77,11.9861,-0.7282,0.0,D1D2,0,154.57,509.73,0,-1
143,legit_20,472.77,998.4,12.7263,-0.662,90.0,C5D5,0,84.72,576.15,0,-1
143,legit_21,798.4,594.04,12.6071,-0.8592,180.0,:E3_1,0,48.77,478.0,0,-1
143,legit_22,684.13,1.6,12.6065,-0.0418,270.0,E0D0,1,135.49,708.6,0,-1
143,legit_23,401.6,439.14,9.8418,2.0956,0.0,C2C3,0,92.76,497.63,0,-1
143,legit_5,99.15,798.4,12.3647,0.6517,90.0,A4B4,0,65.7,655.31,0,-1
144,legit_10,994.39,599.99,3.5294,-0.0505,69.58,:F3_8,0,55.61,562.5,0,-1
144,legit_11,798.4,44.22,13.2376,-0.065,180.0,E1E0,1,89.92,694.96,0,-1
144,legit_13,309.14,198.4,12.1096,0.1245,90.0,B1C1,0,161.21,624.97,0,-1
144,legit_14,797.4,398.4,6.2899,2.409,90.0,:E2_13,0,61.0,507.32,0,-1
144,legit_15,601.6,163.83,11.7965,-0.2867,0.0,D0D1,0,154.74,588.81,0,-1
144,legit_16,453.95,1.6,12.5146,0.2935,270.0,D0C0,0,118.47,716.95,0,-1
144,legit_17,538.36,801.6,11.9623,-0.125,270.0,D4C4,0,96.35,482.93,0,-1
144,legit_18,198.4,589.61,13.5372,0.4823,180.0,B3B2,0,49.5,566.47,0,-1
144,legit_19,601.6,329.54,12.7704,0.7843,0.0,D1D2,1,151.49,504.54,0,-1
144,legit_20,485.83,998.4,13.0544,0.328,90.0,C5D5,0,89.12,574.16,0,-1
144,legit_21,798.4,581.16,12.8744,0.2673,180.0,E3E2,0,51.94,478.33,0,-1
144,legit_22,671.5,1.6,12.6308,0.0244,270.0,E0D0,1,142.06,707.48,0,-1
144,legit_23,401.6,450.58,11.4397,1.5979,0.0,C2C3,0,102.7,495.19,0,-1
144,legit_24,612.3,398.4,0.0,0.0,90.0,D2E2,1,142.95,480.86,0,-1
144,legit_5,111.12,798.4,11.9698,-0.3949,90.0,A4B4,0,56.94,646.92,0,-1
145,legit_10,992.31,601.6,2.8322,-0.6972,348.81,F3E3,0,57.71,561.4,0,-1
145,legit_11,798.4,30.56,13.6633,0.4257,180.0,E1E0,1,101.7,705.39,0,-1
145,legit_13,320.84,198.4,11.6971,-0.4124,90.0,B1C1,0,151.09,620.49,0,-1
145,legit_14,805.37,398.4,7.9726,1.6827,90.0,:E2_13,0,67.38,509.82,0,-1
145,legit_15,601.6,175.1,11.2699,-0.5267,0.0,D0D1,0,158.3,581.96,0,-1
145,legit_16,442.34,1.6,11.605,-0.9097,270.0,D0C0,0,118.65,719.08,0,-1
145,legit_17,526.14,801.6,12.2209,0.2586,270.0,D4C4,0,85.28,483.88,0,-1
145,legit_18,198.4,576.58,13.0292,-0.508,180.0,B3B2,0,53.77,566.89,0,-1
145,legit_19,601.6,341.73,12.1928,-0.5776,0.0,D1D2,1,149.52,499.81,0,-1
145,legit_20,498.59,998.4,12.765,-0.2893,90.0,C5D5,0,94.97,572.46,0,-1
145,legit_21,798.4,567.66,13.5041,0.6297,180.0,E3E2,0,58.21,479.0,0,-1
145,legit_22,658.01,1.6,13.4962,0.8654,270.0,E0D0,1,149.94,706.5,0,-1
145,legit_23,401.6,463.3,12.7244,1.2847,0.0,C2C3,0,114.08,492.65,0,-1
145,legit_24,614.09,398.4,1.7943,1.7943,90.0,D2E2,1,141.23,480.89,0,-1
145,legit_5,123.16,798.4,12.0396,0.0698,90.0,A4B4,0,49.51,638.67,0,-1
146,legit_10,987.57,601.6,4.7411,1.9089,270.0,F3E3,0,62.45,558.89,0,-1
146,legit_11,798.4,18.73,11.8238,-1.8395,180.0,E1E0,0,112.24,714.53,0,-1
146,legit_13,333.13,198.4,12.2924,0.5953,90.0,B1C1,0,140.73,615.94,0,-1
146,legit_14,814.87,398.4,9.4993,1.5266,90.0,E2F2,0,75.38,512.91,0,-1
146,legit_15,601.6,186.41,11.3147,0.0449,0.0,D0D1,0,162.58,575.25,0,-1
146,legit_16,430.73,1.6,11.6176,0.0126,270.0,D0C0,0,119.96,721.39,0,-1
146,legit_17,514.25,801.6,11.8961,-0.3248,270.0,D4C4,0,74.85,484.98,0,-1
146,legit_18,198.4,563.02,13.5612,0.5319,180.0,B3B2,0,60.91,567.64,0,-1
146,legit_19,601.6,353.51,11.779,-0.4137,0.0,D1D2,1,148.54,495.45,0,-1
146,legit_20,511.37,998.4,12.7758,0.0108,90.0,C5D5,0,102.1,571.0,0,-1
146,legit_21,798.4,554.77,12.8852,-0.6189,180.0,E3E2,0,66.24,479.93,0,-1
146,legit_22,645.1,1.6,12.9087,-0.5875,270.0,E0D0,0,158.19,705.76,0,-1
146,legit_23,401.6,476.78,13.4845,0.7601,0.0,C2C3,0,126.42,490.16,0,-1
146,legit_24,617.72,398.4,3.6254,1.8311,90.0,D2E2,1,137.74,480.95,0,-1
146,legit_5,135.93,798.4,12.7726,0.7331,90.0,A4B4,0,43.91,630.19,0,-1
147,legit_10,980.96,601.6,6.6133,1.8722,270.0,F3E3,0,69.06,555.44,0,-1
147,legit_11,798.4,11.41,7.3238,-4.5,180.0,E1E0,0,118.89,720.24,0,-1
147,legit_13,345.43,198.4,12.2986,0.0062,90.0,B1C1,0,130.7,611.55,0,-1
147,legit_14,826.05,398.4,11.1773,1.678,90.0,E2F2,1,85.19,516.69,0,-1
147,legit_15,601.6,198.19,11.773,0.4582,0.0,:D1_9,0,167.74,568.44,0,-1
147,legit_16,419.03,1.6,11.6986,0.081,270.0,D0C0,0,122.38,723.89,0,-1
147,legit_17,501.52,801.6,12.73,0.8339,270.0,D4C4,0,64.25,486.36,0,-1
147,legit_18,198.4,550.33,12.6838,-0.8773,180.0,B3B2,0,69.35,568.59,0,-1
147,legit_19,601.6,365.44,11.9332,0.1542,0.0,D1D2,1,148.5,491.25,0,-1
147,legit_20,524.21,998.4,12.8448,0.0689,90.0,C5D5,0,110.3,569.75,0,-1
147,legit_21,798.4,541.37,13.4084,0.5232,180.0,E3E2,1,76.03,481.15,0,-1
147,legit_22,632.31,1.6,12.7858,-0.1229,270.0,E0D0,0,166.94,705.22,0,-1
147,legit_23,401.6,490.53,13.7494,0.2649,0.0,C2C3,0,119.69,487.84,0,-1
147,legit_24,623.86,398.4,6.1402,2.5148,90.0,D2E2,1,131.86,481.1,0,-1
147,legit_5,147.76,798.4,11.8308,-0.9418,90.0,A4B4,0,41.66,622.6,0,-1
148,legit_10,972.69,601.6,8.2673,1.654,270.0,F3E3,0,77.32,551.19,0,-1
148,legit_11,798.4,8.12,3.2931,-4.0307,180.0,E1E0,0,121.9,722.82,0,-1
148,legit_13,357.33,198.4,11.8988,-0.3998,90.0,B1C1,0,121.39,607.47,0,-1
148,legit_14,837.26,398.4,11.2138,0.0366,90.0,E2F2,1,95.34,520.64,0,-1
148,legit_15,601.6,209.19,11.0084,-0.7646,0.0,D1D2,0,173.14,562.23,0,-1
148,legit_16,406.7,1.6,12.3265,0.6279,270.0,:C0_4,0,126.07,726.72,0,-1
148,legit_17,489.29,801.6,12.2238,-0.5062,270.0,D4C4,0,54.94,487.91,0,-1
148,legit_18,198.4,537.41,12.9271,0.2432,180.0,B3B2,0,79.12,569.77,0,-1
148,legit_19,601.6,377.26,11.821,-0.1122,0.0,D1D2,1,149.4,487.31,0,-1
148,legit_20,537.91,998.4,13.6943,0.8495,90.0,C5D5,0,119.94,568.66,0,-1
148,legit_21,798.4,528.77,12.5964,-0.812,180.0,E3E2,1,86.12,482.52,0,-1
148,legit_22,619.22,1.6,13.0942,0.3083,270.0,E0D0,0,176.42,704.84,0,-1
148,legit_23,401.6,503.42,12.8843,-0.8651,0.0,C2C3,0,108.03,485.86,0,-1
148,legit_24,631.82,398.4,7.9636,1.8234,90.0,D2E2,1,124.26,481.35,0,-1
148,legit_5,160.52,798.4,12.7568,0.926,90.0,A4B4,0,42.91,614.76,0,-1
149,legit_10,962.06,601.6,10.6296,2.3623,270.0,F3E3,0,87.95,545.82,0,-1
149,legit_11,800.04,5.62,3.2909,-0.0022,158.74,:E0_2,0,124.85,725.18,0,-1
149,legit_13,369.01,198.4,11.6796,-0.2191,90.0,B1C1,0,112.72,603.62,0,-1
149,legit_14,847.86,398.4,10.5978,-0.616,90.0,E2F2,1,105.12,524.5,0,-1
149,legit_15,601.6,220.82,11.6294,0.621,0.0,D1D2,0,179.41,555.84,0,-1
149,legit_16,393.97,1.6,12.7254,0.399,270.0,:C0_4,0,130.99,729.84,0,-1
149,legit_17,477.36,801.6,11.9354,-0.2884,270.0,D4C4,0,47.15,489.64,0,-1
149,legit_18,198.4,524.71,12.6963,-0.2307,180.0,B3B2,0,89.51,571.13,0,-1
149,legit_19,601.6,390.03,12.7666,0.9456,0.0,D1D2,1,151.41,483.28,0,-1
149,legit_20,551.35,998.4,13.4452,-0.2491,90.0,C5D5,0,130.12,567.82,0,-1
149,legit_21,798.4,515.49,13.2751,0.6787,180.0,E3E2,1,97.38,484.17,0,-1
149,legit_22,608.25,1.6,10.9633,-2.1308,270.0,E0D0,0,184.69,704.68,0,-1
149,legit_23,401.6,516.65,13.229,0.3447,0.0,C2C3,0,96.39,484.02,0,-1
149,legit_24,641.86,398.4,10.0348,2.0712,90.0,D2E2,1,114.76,481.76,0,-1
149,legit_5,172.67,798.4,12.1518,-0.605,90.0,A4B4,0,47.38,607.6,0,-1
150,legit_10,948.84,601.6,13.2185,2.5889,270.0,F3E3,0,101.17,539.3,0,-1
150,legit_11,801.6,7.71,2.8012,-0.4897,78.09,E0E1,0,123.58,723.93,0,-1
150,legit_13,380.3,198.4,11.2964,-0.3832,90.0,B1C1,0,104.9,600.05,0,-1
150,legit_14,858.18,398.4,10.324,-0.2738,90.0,E2F2,1,114.79,528.38,0,-1
150,legit_15,601.6,232.64,11.8153,0.1859,0.0,D1D2,0,186.31,549.51,0,-1
150,legit_16,381.27,1.6,12.7002,-0.0253,270.0,C0B0,0,136.9,733.15,0,-1
150,legit_17,465.45,801.6,11.9111,-0.0243,270.0,D4C4,1,41.39,491.64,0,-1
150,legit_18,198.4,511.97,12.736,0.0397,180.0,B3B2,0,100.46,572.67,0,-1
150,legit_19,601.6,402.07,12.0378,-0.7288,0.0,:D2_9,1,154.25,479.71,0,-1
150,legit_20,564.68,998.4,13.3221,-0.123,90.0,C5D5,0,140.75,567.19,0,-1
150,legit_21,798.4,502.33,13.1634,-0.1117,180.0,E3E2,1,109.0,486.02,0,-1
150,legit_22,602.54,3.77,6.4633,-4.5,296.36,:D0_3,0,187.76,702.92,0,-1
150,legit_23,401.6,530.01,13.3626,0.1336,0.0,C2C3,0,85.1,482.38,0,-1
150,legit_24,653.8,398.4,11.9389,1.9042,90.0,D2E2,1,103.58,482.41,0,-1
150,legit_25,401.6,812.3,0.0,0.0,0.0,C4C5,1,55.77,510.65,0,-1
150,legit_5,184.95,798.4,12.2766,0.1248,90.0,A4B4,0,54.33,600.63,0,-1
151,legit_10,935.55,601.6,13.2952,0.0767,270.0,F3E3,0,114.46,532.93,0,-1
151,legit_11,801.6,12.38,4.6686,1.8674,0.0,E0E1,0,119.35,720.28,0,-1
151,legit_13,387.6,198.4,7.2991,-3.9973,90.0,B1C1,0,100.2,597.83,0,-1
151,legit_14,868.81,398.4,10.627,0.303,90.0,E2F2,1,124.86,532.5,0,-1
151,legit_15,601.6,243.76,11.1195,-0.6958,0.0,D1D2,0,188.51,543.72,0,-1
151,legit_16,368.61,1.6,12.6624,-0.0378,270.0,C0B0,0,143.68,736.64,0,-1
151,legit_17,453.15,801.6,12.2963,0.3852,270.0,D4C4,1,38.53,494.02,0,-1
151,legit_18,198.4,499.18,12.7946,0.0585,180.0,B3B2,0,111.84,574.39,0,-1
151,legit_19,601.6,414.6,12.5333,0.4955,0.0,D2D3,1,158.13,476.23,0,-1
151,legit_20,577.74,998.4,13.0645,-0.2576,90.0,C5D5,0,151.58,566.77,0,-1
151,legit_21,798.4,488.91,13.4187,0.2553,180.0,E3E2,1,121.17,488.1,0,-1
151,legit_22,601.6,9.39,5.8067,-0.6566,353.92,D0D1,0,185.09,698.46,0,-1
151,legit_23,401.6,543.6,13.5905,0.2279,0.0,C2C3,0,74.32,480.93,0,-1
151,legit_24,666.42,398.4,12.6277,0.6888,90.0,D2E2,1,91.97,483.28,0,-1
151,legit_25,401.6,814.55,2.248,2.248,0.0,C4C5,1,54.68,511.31,0,-1
152,legit_10,922.22,601.6,13.3307,0.0355,270.0,F3E3,0,127.79,526.72,0,-1
152,legit_11,801.6,18.64,6.2661,1.5976,0.0,E0E1,0,113.74,715.4,0,-1
152,legit_13,391.42,198.4,3.8175,-3.4816,90.0,B1C1,0,97.87,596.7,0,-1
152,legit_14,879.37,398.4,10.5603,-0.0667,90.0,E2F2,1,134.95,536.72,0,-1
152,legit_15,601.6,255.64,11.8825,0.763,0.0,D1D2,0,181.42,537.71,0,-1
152,legit_16,356.45,1.6,12.1643,-0.4981,270.0,C0B0,0,150.9,740.16,0,-1
152,legit_17,440.02,801.6,13.1336,0.8373,270.0,D4C4,1,39.68,496.96,0,-1
152,legit_18,198.4,486.3,12.8835,0.089,180.0,B3B2,0,123.58,576.31,0,-1
152,legit_19,601.6,427.21,12.6119,0.0787,0.0,D2D3,1,162.91,472.95,0,-1
152,legit_20,591.59,998.4,13.8456,0.781,90.0,C5D5,0,163.42,566.53,0,-1
152,legit_21,798.4,475.32,13.5902,0.1714,180.0,E3E2,2,125.07,490.42,0,-1
152,legit_22,601.6,17.5,8.1121,2.3054,0.0,D0D1,0,180.36,692.08,0,-1
152,legit_23,401.6,556.61,13.0081,-0.5824,0.0,C2C3,0,65.0,479.78,0,-1
152,legit_24,679.37,398.4,12.9401,0.3123,90.0,D2E2,2,80.4,484.36,0,-1
152,legit_25,401.6,819.27,4.7239,2.4758,0.0,C4C5,1,52.65,512.72,0,-1
153,legit_10,909.12,601.6,13.1022,-0.2285,270.0,F3E3,0,140.89,520.79,0,-1
153,legit_11,801.6,27.27,8.6319,2.3657,0.0,E0E1,0,106.12,708.73,0,-1
153,legit_13,396.74,198.4,5.3239,1.5064,90.0,:C1_13,0,94.78,595.15,0,-1
153,legit_14,889.91,398.4,10.5406,-0.0196,90.0,E2F2,1,145.08,541.04,0,-1
153,legit_15,601.6,266.7,11.0637,-0.8188,0.0,D1D2,0,175.29,532.27,0,-1
153,legit_16,345.0,1.6,11.4427,-0.7216,270.0,C0B0,0,158.25,743.63,0,-1
153,legit_17,427.81,801.6,12.2019,-0.9317,270.0,D4C4,1,44.35,500.06,0,-1
153,legit_18,198.4,473.56,12.7391,-0.1444,180.0,B3B2,0,123.44,578.36,0,-1
153,legit_19,601.6,439.78,12.5713,-0.0407,0.0,D2D3,1,168.49,469.91,0,-1
153,legit_20,604.48,998.4,12.8967,-0.9488,90.0,:D5_7,0,166.83,566.51,0,-1
153,legit_21,798.4,462.65,12.6681,-0.9221,180.0,E3E2,2,113.49,492.77,0,-1
153,legit_22,601.6,27.2,9.6995,1.5874,0.0,D0D1,0,175.03,684.51,0,-1
153,legit_23,401.6,569.32,12.7105,-0.2976,0.0,C2C3,0,57.31,478.9,0,-1
153,legit_24,692.47,398.4,13.1001,0.16,90.0,D2E2,2,69.17,485.68,0,-1
153,legit_25,401.6,825.33,6.0594,1.3355,0.0,C4C5,1,50.57,514.59,0,-1
154,legit_10,896.28,601.6,12.8357,-0.2664,270.0,F3E3,0,146.29,515.16,0,-1
154,legit_11,801.6,38.07,10.7996,2.1678,0.0,E0E1,0,96.82,700.46,0,-1
154,legit_13,403.81,198.4,7.0625,1.7386,90.0,:C1_13,0,91.0,593.17,0,-1
154,legit_14,900.62,398.4,10.7101,0.1695,90.0,E2F2,1,154.24,545.56,0,-1
154,legit_15,601.6,277.56,10.8571,-0.2065,0.0,D1D2,0,169.76,527.1,0,-1
154,legit_16,333.27,1.6,11.7365,0.2937,270.0,C0B0,0,166.27,747.32,0,-1
154,legit_17,416.78,801.6,11.0345,-1.1674,270.0,D4C4,1,50.78,503.1,0,-1
154,legit_18,198.4,459.67,13.8813,1.1422,180.0,B3B2,0,110.8,580.8,0,-1
154,legit_19,601.6,452.11,12.33,-0.2413,0.0,D2D3,1,174.66,467.14,0,-1
154,legit_20,617.42,998.4,12.9391,0.0424,90.0,D5E5,0,155.68,566.66,0,-1
154,legit_21,798.4,449.06,13.59,0.9219,180.0,E3E2,2,101.37,495.5,0,-1
154,legit_22,601.6,39.12,11.9208,2.2213,0.0,D0D1,0,169.01,675.33,0,-1
154,legit_23,401.6,582.04,12.7234,0.013,0.0,C2C3,0,51.62,478.29,0,-1
154,legit_24,705.08,398.4,12.6191,-0.4809,90.0,D2E2,2,59.09,487.17,0,-1
154,legit_25,401.6,832.81,7.4821,1.4227,0.0,C4C5,1,48.93,516.99,0,-1
155,legit_10,883.54,601.6,12.7377,-0.098,270.0,F3E3,0,133.55,509.73,0,-1
155,legit_11,801.6,50.32,12.2449,1.4453,0.0,E0E1,0,86.71,691.19,0,-1
155,legit_13,412.86,198.4,9.0573,1.9948,90.0,C1D1,0,86.75,590.72,0,-1
155,legit_14,911.49,398.4,10.866,0.1559,90.0,E2F2,1,143.74,550.26,0,-1
155,legit_15,601.6,288.7,11.1433,0.2862,0.0,D1D2,0,164.64,521.94,0,-1
155,legit_16,321.8,1.6,11.4732,-0.2633,270.0,C0B0,0,174.51,751.08,0,-1
155,legit_17,410.24,801.6,6.5345,-4.5,270.0,D4C4,1,55.27,505.01,0,-1
155,legit_18,198.4,446.98,12.699,-1.1823,180.0,B3B2,0,99.54,583.2,0,-1
155,legit_19,601.6,464.03,11.9195,-0.4105,0.0,D2D3,1,181.23,464.67,0,-1
155,legit_20,630.5,998.4,13.0794,0.1402,90.0,D5E5,0,144.7,567.01,0,-1
155,legit_21,798.4,435.45,13.6179,0.0279,180.0,E3E2,2,89.64,498.44,0,-1
155,legit_22,601.6,52.73,13.6103,1.6894,0.0,D0D1,0,162.94,665.01,0,-1
155,legit_23,401.6,591.88,9.8398,-2.8836,0.0,C2C3,0,49.08,478.03,0,-1
155,legit_24,717.93,398.4,12.8462,0.2271,90.0,D2E2,2,50.03,488.93,0,-1
155,legit_25,401.6,841.83,9.0123,1.5302,0.0,C4C5,1,48.43,520.04,0,-1
156,legit_10,870.86,601.6,12.687,-0.0507,270.0,F3E3,0,120.87,504.5,0,-1
156,legit_11,801.6,63.49,13.1688,0.9239,0.0,E0E1,0,76.53,681.38,0,-1
156,legit_13,423.58,198.4,10.7184,1.6612,90.0,C1D1,0,82.73,587.99,0,-1
156,legit_14,922.28,398.4,10.7901,-0.0759,90.0,E2F2,1,133.37,555.05,0,-1
156,legit_15,601.6,299.58,10.8758,-0.2675,0.0,D1D2,0,160.23,517.08,0,-1
156,legit_16,310.07,1.6,11.725,0.2518,270.0,C0B0,0,183.3,755.06,0,-1
156,legit_17,401.54,801.6,8.7033,2.1688,270.0,:C4_5,1,61.83,507.65,0,-1
156,legit_18,198.4,434.05,12.9237,0.2247,180.0,B3B2,0,88.47,585.83,0,-1
156,legit_19,601.6,476.23,12.1988,0.2793,0.0,D2D3,0,188.5,462.34,0,-1
156,legit_20,643.76,998.4,13.2619,0.1825,90.0,D5E5,0,133.96,567.56,0,-1
156,legit_21,798.4,422.46,12.9847,-0.6332,180.0,E3E2,2,79.02,501.46,0,-1
156,legit_22,601.6,65.61,12.8836,-0.7267,0.0,D0D1,0,158.05,655.42,0,-1
156,legit_23,404.75,598.05,7.4733,-2.3665,38.3,:C3_8,0,45.29,476.94,0,-1
156,legit_24,730.58,398.4,12.6503,-0.1958,90.0,D2E2,1,43.03,490.94,0,-1
156,legit_25,401.6,852.2,10.3776,1.3653,0.0,C4C5,1,49.91,523.75,0,-1
156,legit_26,201.6,612.3,0.0,0.0,0.0,B3B4,0,53.05,564.78,0,-1
157,legit_10,857.3,601.6,13.5566,0.8695,270.0,F3E3,0,107.31,499.11,0,-1
157,legit_11,801.6,76.33,12.8426,-0.3262,0.0,E0E1,0,67.6,671.98,0,-1
157,legit_13,435.8,198.4,12.2154,1.497,90.0,C1D1,0,79.68,585.11,0,-1
157,legit_14,933.41,398.4,11.1334,0.3433,90.0,E2F2,1,122.75,560.12,0,-1
157,legit_15,601.6,311.04,11.4587,0.5829,0.0,D1D2,0,156.27,512.13,0,-1
157,legit_16,298.43,1.6,11.6369,-0.0881,270.0,C0B0,0,189.87,759.15,0,-1
157,legit_17,390.69,801.6,10.8478,2.1445,270.0,C4B4,1,70.65,511.09,0,-1
157,legit_18,198.4,421.3,12.7551,-0.1687,180.0,B3B2,0,78.1,588.6,0,-1
157,legit_19,601.6,487.87,11.6382,-0.5606,0.0,D2D3,0,186.0,460.32,0,-1
157,legit_20,656.78,998.4,13.0145,-0.2474,90.0,D5E5,0,123.89,568.3,0,-1
157,legit_21,798.4,409.26,13.1995,0.2148,180.0,E3E2,2,69.06,504.75,0,-1
157,legit_22,601.6,79.48,13.8633,0.9797,0.0,D0D1,0,153.83,645.3,0,-1
157,legit_23,411.61,598.4,6.8803,-0.593,89.04,C3D3,0,38.43,474.76,0,-1
157,legit_24,743.55,398.4,12.9668,0.3165,90.0,D2E2,1,38.94,493.34,0,-1
157,legit_25,401.6,864.81,12.6116,2.234,0.0,C4C5,1,54.39,528.54,0,-1
157,legit_26,201.6,614.03,1.7275,1.7275,0.0,B3B4,0,53.47,564.83,0,-1
158,legit_10,843.47,601.6,13.8313,0.2747,270.0,F3E3,0,93.48,493.8,0,-1
158,legit_11,801.6,90.12,13.7869,0.9443,0.0,E0E1,0,59.63,662.1,0,-1
158,legit_13,447.7,198.4,11.9005,-0.3149,90.0,C1D1,0,78.43,582.54,0,-1
158,legit_14,944.2,398.4,10.7925,-0.3409,90.0,E2F2,1,112.55,565.15,0,-1
158,legit_15,601.6,323.11,12.0726,0.6138,0.0,D1D2,0,152.92,507.12,0,-1
158,legit_16,286.95,1.6,11.4827,-0.1542,270.0,C0B0,0,181.04,763.33,0,-1
158,legit_17,378.05,801.6,12.64,1.7922,270.0,C4B4,1,81.55,515.29,0,-1
158,legit_18,198.4,407.76,13.5406,0.7855,180.0,B3B2,0,67.99,591.75,0,-1
158,legit_19,601.6,500.44,12.573,0.9348,0.0,D2D3,0,178.7,458.34,0,-1
158,legit_20,669.96,998.4,13.1829,0.1684,90.0,D5E5,0,114.3,569.26,0,-1
158,legit_21,798.4,396.64,12.6182,-0.5813,180.0,:E2_1,2,60.71,508.11,0,-1
158,legit_22,601.6,92.85,13.376,-0.4873,0.0,D0D1,0,150.86,635.75,0,-1
158,legit_23,420.27,598.4,8.6647,1.7844,90.0,C3D3,0,29.77,472.07,0,-1
158,legit_24,756.35,398.4,12.805,-0.1618,90.0,D2E2,1,38.92,496.11,0,-1
158,legit_25,401.6,877.93,13.1142,0.5026,0.0,C4C5,1,61.49,533.81,0,-1
158,legit_26,201.6,617.26,3.2319,1.5044,0.0,B3B4,0,54.41,564.92,0,-1
159,legit_10,830.33,601.6,13.1415,-0.6898,270.0,F3E3,0,80.34,488.95,0,-1
159,legit_11,801.6,103.71,13.593,-0.1939,0.0,E0E1,0,54.11,652.62,0,-1
159,legit_13,459.98,198.4,12.2843,0.3838,90.0,C1D1,0,79.03,580.14,0,-1
159,legit_14,954.57,398.4,10.3648,-0.4278,90.0,E2F2,0,102.87,570.11,0,-1
159,legit_15,601.6,334.66,11.5454,-0.5272,0.0,D1D2,0,150.55,502.53,0,-1
159,legit_16,274.33,1.6,12.6229,1.1402,270.0,C0B0,0,171.69,768.07,0,-1
159,legit_17,366.02,801.6,12.0304,-0.6096,270.0,C4B4,1,92.34,519.47,0,-1
159,legit_18,198.4,394.49,13.2622,-0.2784,180.0,:B2_1,0,59.43,595.07,0,-1
159,legit_19,601.6,512.38,11.9388,-0.6342,0.0,D2D3,0,172.34,456.66,0,-1
159,legit_20,683.43,998.4,13.4708,0.2879,90.0,D5E5,0,105.31,570.47,0,-1
159,legit_21,798.4,383.21,13.4356,0.8174,180.0,E2E1,1,53.68,511.97,0,-1
159,legit_22,601.6,106.22,13.369,-0.0069,0.0,D0D1,0,149.04,626.41,0,-1
159,legit_23,431.25,598.4,10.9834,2.3187,90.0,C3D3,0,18.81,468.79,0,-1
159,legit_24,769.86,398.4,13.5111,0.7062,90.0,D2E2,1,43.23,499.44,0,-1
159,legit_25,401.6,891.26,13.3348,0.2206,0.0,C4C5,1,70.5,539.43,0,-1
159,legit_26,201.6,623.08,5.8221,2.5902,0.0,B3B4,0,56.53,565.14,0,-1
160,legit_10,817.52,601.6,12.8049,-0.3367,270.0,F3E3,0,67.54,484.41,0,-1
160,legit_11,801.6,117.09,13.3827,-0.2103,0.0,E0E1,0,51.68,643.58,0,-1
160,legit_13,471.88,198.4,11.9005,-0.3838,90.0,C1D1,0,81.4,578.07,0,-1
160,legit_14,964.77,398.4,10.2017,-0.1631,90.0,E2F2,0,93.48,575.1,0,-1
160,legit_15,601.6,346.07,11.4158,-0.1295,0.0,D1D2,0,149.05,498.18,0,-1
160,legit_16,261.9,1.6,12.4262,-0.1967,270.0,C0B0,0,162.91,772.89,0,-1
160,legit_17,353.2,801.6,12.8186,0.7883,270.0,C4B4,1,104.13,524.11,0,-1
160,legit_18,198.4,381.74,12.7528,-0.5094,180.0,B2B1,0,53.06,598.51,0,-1
160,legit_19,601.6,524.58,12.1924,0.2536,0.0,D2D3,0,166.47,455.16,0,-1
160,legit_20,697.17,998.4,13.7364,0.2656,90.0,D5E5,0,97.21,571.95,0,-1
160,legit_21,798.4,370.2,13.0134,-0.4222,180.0,E2E1,1,49.46,516.01,0,-1
160,legit_22,601.6,119.43,13.2063,-0.1628,0.0,D0D1,0,148.4,617.41,0,-1
160,legit_23,444.17,598.4,12.918,1.9346,90.0,C3D3,0,6.04,465.12,0,-1
160,legit_24,781.11,398.4,11.2508,-2.2603,90.0,D2E2,1,49.42,502.51,0,-1
160,legit_25,401.6,904.57,13.3102,-0.0246,0.0,C4C5,1,80.7,545.28,0,-1
160,legit_26,201.6,631.3,8.2186,2.3965,0.0,B3B4,0,60.35,565.55,0,-1
161,legit_11,801.6,129.73,12.6349,-0.7478,0.0,E0E1,0,52.51,635.33,0,-1
161,legit_13,483.09,198.4,11.2054,-0.695,90.0,C1D1,1,85.1,576.32,0,-1
161,legit_14,975.25,398.4,10.4866,0.285,90.0,E2F2,0,84.03,580.34,0,-1
161,legit_15,601.6,358.12,12.0494,0.6336,0.0,D1D2,0,148.41,493.8,0,-1
161,legit_16,250.31,1.6,11.5961,-0.8301,270.0,C0B0,0,155.18,777.54,0,-1
161,legit_17,340.61,801.6,12.5915,-0.2271,270.0,C4B4,1,115.93,528.85,0,-1
161,legit_18,198.4,368.48,13.2626,0.5098,180.0,B2B1,0,49.14,602.38,0,-1
161,legit_19,601.6,536.49,11.912,-0.2805,0.0,D2D3,0,161.42,453.9,0,-1
161,legit_20,710.04,998.4,12.8721,-0.8643,90.0,D5E5,0,90.86,573.58,0,-1
161,legit_21,798.4,356.37,13.8274,0.814,180.0,E2E1,1,48.54,520.67,0,-1
161,legit_22,601.6,132.7,13.2734,0.0671,0.0,D0D1,1,148.94,608.59,0,-1
161,legit_23,457.84,598.4,13.6648,0.7468,90.0,C3D3,0,8.0,462.21,0,-1
161,legit_24,787.93,398.4,6.8165,-4.4343,90.0,D2E2,1,53.98,504.47,0,-1
161,legit_25,401.6,917.49,12.9136,-0.3966,0.0,C4C5,1,91.36,551.16,0,-1
161,legit_26,201.6,641.81,10.5081,2.2895,0.0,B3B4,0,66.41,566.22,0,-1
162,legit_11,801.6,142.96,13.229,0.5941,0.0,E0E1,0,56.48,626.99,0,-1
162,legit_13,495.22,198.4,12.1272,0.9218,90.0,C1D1,1,90.5,574.66,0,-1
162,legit_14,985.19,398.4,9.9311,-0.5556,90.0,E2F2,0,75.34,585.42,0,-1
162,legit_15,601.6,369.18,11.0559,-0.9934,0.0,D1D2,0,148.68,489.98,0,-1
162,legit_16,238.01,1.6,12.2972,0.7011,270.0,C0B0,1,147.53,782.62,0,-1
162,legit_17,328.52,801.6,12.0948,-0.4967,270.0,C4B4,1,127.41,533.56,0,-1
162,legit_18,198.4,355.75,12.7268,-0.5358,180.0,B2B1,0,48.59,606.41,0,-1
162,legit_19,601.6,549.35,12.8602,0.9482,0.0,D2D3,1,156.81,452.77,0,-1
162,legit_20,723.91,998.4,13.872,1.0,90.0,D5E5,0,85.67,575.62,0,-1
162,legit_21,798.4,343.08,13.2873,-0.5401,180.0,E2E1,1,51.27,525.51,0,-1
162,legit_22,601.6,146.59,13.8873,0.6139,0.0,D0D1,1,150.76,599.61,0,-1
162,legit_23,471.53,598.4,13.6888,0.024,90.0,C3D3,1,21.58,460.1,0,-1
162,legit_24,792.1,398.4,4.1735,-2.6431,90.0,D2E2,1,56.99,505.71,0,-1
162,legit_25,401.6,930.63,13.1419,0.2283,0.0,C4C5,1,102.74,557.33,0,-1
162,legit_26,201.6,654.73,12.9264,2.4183,0.0,B3B4,0,75.22,567.26,0,-1
162,legit_27,187.7,1.6,0.0,0.0,270.0,B0A0,1,124.26,805.08,0,-1
163,legit_11,801.6,155.64,12.6807,-0.5483,0.0,E0E1,0,62.71,619.25,0,-1
163,legit_13,506.72,198.4,11.509,-0.6182,90.0,C1D1,1,96.77,573.29,0,-1
163,legit_14,990.62,398.4,5.4311,-4.5,90.0,E2F2,0,70.72,588.24,0,-1
163,legit_15,601.6,380.7,11.5265,0.4706,0.0,D1D2,0,149.84,486.2,0,-1
163,legit_16,225.5,1.6,12.5073,0.2101,270.0,C0B0,1,140.42,787.94,0,-1
163,legit_17,316.05,801.6,12.4696,0.3748,270.0,C4B4,0,139.35,538.58,0,-1
163,legit_18,198.4,342.61,13.1399,0.4131,180.0,B2B1,0,51.43,610.89,0,-1
163,legit_19,601.6,561.52,12.1774,-0.6828,0.0,D2D3,1,153.31,451.93,0,-1
163,legit_20,737.41,998.4,13.4963,-0.3758,90.0,D5E5,0,82.57,577.91,0,-1
163,legit_21,798.4,329.69,13.39,0.1028,180.0,E2E1,1,57.11,530.71,0,-1
163,legit_22,601.6,159.64,13.0501,-0.8372,0.0,D0D1,1,153.6,591.4,0,-1
163,legit_23,485.34,598.4,13.8116,0.1229,90.0,C3D3,1,35.37,458.19,0,-1
163,legit_24,797.85,398.4,5.7493,1.5758,90.0,:E2_13,1,61.36,507.46,0,-1
163,legit_25,401.6,943.45,12.8193,-0.3226,0.0,C4C5,0,114.21,563.53,0,-1
163,legit_26,201.6,667.69,12.9601,0.0336,0.0,B3B4,0,85.12,568.52,0,-1
163,legit_27,185.14,1.6,2.5613,2.5613,270.0,B0A0,1,123.5,806.3,0,-1
164,legit_11,801.6,168.68,13.0447,0.364,0.0,E0E1,1,70.94,611.52,0,-1
164,legit_13,518.76,198.4,12.0305,0.5215,90.0,C1D1,1,104.28,572.05,0,-1
164,legit_14,996.88,399.09,6.3449,0.9139,82.02,:F2_7,0,65.95,591.37,0,-1
164,legit_15,601.6,392.5,11.7916,0.265,0.0,D1D2,0,151.92,482.53,0,-1
164,legit_16,214.21,1.6,11.2892,-1.2181,270.0,C0B0,1,134.69,792.9,0,-1
164,legit_17,303.59,801.6,12.4623,-0.0073,270.0,C4B4,0,151.37,543.77,0,-1
164,legit_18,198.4,329.04,13.5693,0.4295,180.0,B2B1,0,57.45,615.84,0,-1
164,legit_19,601.6,574.12,12.595,0.4176,0.0,D2D3,1,150.64,451.3,0,-1
164,legit_20,750.05,998.4,12.6424,-0.8538,90.0,D5E5,0,81.6,580.32,0,-1
164,legit_21,798.4,316.51,13.1831,-0.207,180.0,E2E1,2,65.07,536.12,0,-1
164,legit_22,601.6,173.31,13.6722,0.6221,0.0,D0D1,1,157.68,583.04,0,-1
164,legit_23,499.19,598.4,13.8521,0.0405,90.0,C3D3,1,49.21,456.5,0,-1
164,legit_24,805.74,398.4,7.8814,2.1321,90.0,:E2_13,1,67.68,509.94,0,-1
164,legit_25,401.6,957.13,13.6791,0.8598,0.0,C4C5,0,126.73,570.33,0,-1
164,legit_26,201.6,680.58,12.8804,-0.0797,0.0,B3B4,0,95.68,569.96,0,-1
164,legit_27,180.4,1.6,4.735,2.1738,270.0,B0A0,1,122.24,808.58,0,-1
165,legit_11,801.6,181.85,13.1695,0.1247,0.0,E0E1,1,80.55,603.94,0,-1
165,legit_13,530.87,198.4,12.1147,0.0842,90.0,C1D1,1,112.63,571.0,0,-1
165,legit_14,1001.07,403.5,6.2885,-0.0564,39.46,:F2_7,0,65.47,592.51,0,-1
165,legit_15,601.6,404.49,11.9957,0.2041,0.0,:D2_9,0,154.93,479.02,0,-1
165,legit_16,207.42,1.6,6.7892,-4.5,270.0,C0B0,1,131.59,795.94,0,-1
165,legit_17,290.97,801.6,12.6168,0.1544,270.0,C4B4,1,146.11,549.18,0,-1
165,legit_18,198.4,316.16,12.878,-0.6913,180.0,B2B1,0,65.3,620.79,0,-1
165,legit_19,601.6,586.93,12.8058,0.2108,0.0,D2D3,1,148.97,450.91,0,-1
165,legit_20,763.19,998.4,13.1422,0.4998,90.0,D5E5,0,82.66,583.13,0,-1
165,legit_21,798.4,303.8,12.7033,-0.4798,180.0,E2E1,2,74.17,541.57,0,-1
165,legit_22,601.6,186.22,12.9083,-0.7639,0.0,D0D1,1,162.5,575.36,0,-1
165,legit_23,512.97,598.4,13.7791,-0.073,90.0,C3D3,1,62.99,455.03,0,-1
165,legit_24,816.19,398.4,10.4547,2.5734,90.0,E2F2,1,76.52,513.35,0,-1
165,legit_25,401.6,970.78,13.6487,-0.0304,0.0,C4C5,0,119.47,577.31,0,-1
165,legit_26,201.6,693.53,12.9531,0.0728,0.0,B3B4,1,106.82,571.61,0,-1
165,legit_27,174.22,1.6,6.1836,1.4485,270.0,B0A0,1,120.85,811.58,0,-1
166,legit_13,542.2,198.4,11.331,-0.7836,90.0,C1D1,1,121.03,570.18,0,-1
166,legit_14,1001.6,408.99,5.5282,-0.7603,5.22,F2F3,0,68.87,591.45,0,-1
166,legit_15,601.6,415.95,11.4556,-0.5401,0.0,D2D3,0,158.6,475.86,0,-1
166,legit_16,202.72,3.47,5.2832,-1.506,292.81,:B0_3,1,127.9,796.7,0,-1
166,legit_17,278.74,801.6,12.2289,-0.3878,270.0,C4B4,1,134.35,554.59,0,-1
166,legit_18,198.4,302.65,13.5184,0.6404,180.0,B2B1,0,75.05,626.23,0,-1
166,legit_19,601.6,598.89,11.9635,-0.8423,0.0,:D3_9,1,148.4,450.77,0,-1
166,legit_20,776.76,998.4,13.5643,0.4221,90.0,D5E5,0,85.88,586.32,0,-1
166,legit_21,798.4,291.2,12.6072,-0.0961,180.0,E2E1,1,84.12,547.18,0,-1
166,legit_22,601.6,199.79,13.5723,0.664,0.0,:D1_9,1,168.49,567.52,0,-1
166,legit_23,526.83,598.4,13.8599,0.0808,90.0,C3D3,1,76.84,453.78,0,-1
166,legit_24,828.24,398.4,12.053,1.5982,90.0,E2F2,1,87.16,517.46,0,-1
166,legit_25,401.6,981.63,10.8566,-2.7921,0.0,C4C5,0,109.63,583.0,0,-1
166,legit_26,201.6,706.3,12.7721,-0.181,0.0,B3B4,1,118.16,573.4,0,-1
166,legit_27,165.47,1.6,8.7505,2.5669,270.0,B0A0,1,119.41,815.92,0,-1
167,legit_13,554.17,198.4,11.9727,0.6416,90.0,C1D1,1,130.38,569.48,0,-1
167,legit_14,1001.6,416.97,7.9866,2.4584,0.0,F2F3,0,74.76,589.58,0,-1
167,legit_15,601.6,427.73,11.786,0.3304,0.0,D2D3,0,163.13,472.82,0,-1
167,legit_16,201.6,8.28,5.0518,-0.2314,347.1,B0B1,1,123.06,793.66,0,-1
167,legit_17,266.43,801.6,12.3089,0.08,270.0,C4B4,1,122.6,560.19,0,-1
167,legit_18,198.4,289.65,12.9948,-0.5236,180.0,B2B1,0,85.39,631.65,0,-1
167,legit_19,601.6,610.99,12.1,0.1365,0.0,D3D4,1,148.81,450.87,0,-1
167,legit_20,790.53,998.4,13.7757,0.2114,90.0,D5E5,0,91.11,589.87,0,-1
167,legit_21,798.4,277.87,13.3269,0.7196,180.0,E2E1,1,95.33,553.31,0,-1
167,legit_22,601.6,212.48,12.6868,-0.8855,0.0,D1D2,1,174.86,560.41,0,-1
167,legit_23,540.62,598.4,13.7966,-0.0634,90.0,C3D3,1,90.64,452.75,0,-1
167,legit_24,841.58,398.4,13.3355,1.2826,90.0,E2F2,1,99.3,522.2,0,-1
167,legit_25,401.6,989.17,7.5338,-3.3229,0.0,C4C5,0,102.92,587.02,0,-1
167,legit_26,201.6,719.19,12.8895,0.1174,0.0,B3B4,1,129.88,575.39,0,-1
167,legit_27,154.79,1.6,10.6775,1.9271,270.0,B0A0,1,118.5,821.33,0,-1
168,legit_13,566.36,198.4,12.1826,0.2099,90.0,C1D1,1,140.3,568.94,0,-1
168,legit_14,1001.6,427.18,10.2063,2.2197,0.0,F2F3,1,82.8,587.3,0,-1
168,legit_15,601.6,439.48,11.7441,-0.0419,0.0,D2D3,0,168.34,469.98,0,-1
168,legit_16,201.6,15.57,7.2922,2.2404,0.0,B0B1,1,116.48,788.3,0,-1
168,legit_17,254.06,801.6,12.368,0.0591,270.0,C4B4,1,110.92,565.98,0,-1
168,legit_18,198.4,276.17,13.4821,0.4874,180.0,B2B1,0,96.8,637.48,0,-1
168,legit_19,601.6,622.65,11.6621,-0.4379,0.0,D3D4,1,150.12,451.18,0,-1
168,legit_20,804.01,998.4,13.4736,-0.3021,90.0,:E5_7,0,97.85,593.61,0,-1
168,legit_21,798.4,264.9,12.9706,-0.3563,180.0,E2E1,1,106.71,559.47,0,-1
168,legit_22,601.6,225.41,12.9358,0.249,0.0,D1D2,1,182.03,553.36,0,-1
168,legit_23,554.36,598.4,13.7376,-0.0589,90.0,C3D3,1,104.37,451.94,0,-1
168,legit_24,854.79,398.4,13.2134,-0.1221,90.0,E2F2,2,111.61,527.1,0,-1
168,legit_25,401.6,992.2,3.0338,-4.5,0.0,C4C5,0,100.26,588.66,0,-1
168,legit_26,201.6,731.89,12.6998,-0.1896,0.0,B3B4,1,119.79,577.52,0,-1
168,legit_27,142.07,1.6,12.723,2.0454,270.0,B0A0,1,118.67,827.94,0,-1
168,legit_28,998.4,587.7,0.0,0.0,180.0,F3F2,0,53.05,564.78,0,-1
169,legit_13,577.59,198.4,11.2387,-0.9439,90.0,C1D1,1,149.76,568.59,0,-1
169,legit_14,1001.6,438.26,11.0783,0.8719,0.0,F2F3,2,92.02,584.95,0,-1
169,legit_15,601.6,451.28,11.8062,0.0621,0.0,D2D3,0,174.23,467.32,0,-1
169,legit_16,201.6,24.84,9.2614,1.9692,0.0,B0B1,1,108.25,781.55,0,-1
169,legit_17,241.4,801.6,12.6653,0.2973,270.0,C4B4,1,99.14,572.07,0,-1
169,legit_18,198.4,262.62,13.5531,0.0709,180.0,B2B1,0,108.75,643.51,0,-1
169,legit_19,601.6,635.58,12.9302,1.2681,0.0,D3D4,1,152.61,451.76,0,-1
169,legit_20,816.66,998.4,12.6538,-0.8198,90.0,E5F5,0,105.37,597.36,0,-1
169,legit_21,798.4,252.27,12.6341,-0.3365,180.0,E2E1,0,118.11,565.64,0,-1
169,legit_22,601.6,238.58,13.1671,0.2314,0.0,D1D2,1,189.96,546.4,0,-1
169,legit_23,568.06,598.4,13.6944,-0.0432,90.0,C3D3,1,118.07,451.35,0,-1
169,legit_24,867.73,398.4,12.9364,-0.277,90.0,E2F2,1,123.83,532.08,0,-1
169,legit_25,400.33,994.24,2.5683,-0.4654,344.1,:C5_5,0,99.11,590.11,0,-1
169,legit_26,201.6,745.13,13.2447,0.5448,0.0,B3B4,1,107.99,579.92,0,-1
169,legit_27,128.61,1.6,13.4544,0.7315,270.0,B0A0,1,120.32,835.14,0,-1
169,legit_28,998.4,585.85,1.8481,1.8481,180.0,F3F2,1,53.5,564.83,0,-1
170,legit_13,586.01,198.4,8.4135,-2.8251,90.0,C1D1,1,156.99,568.42,0,-1
170,legit_14,1001.6,448.71,10.4488,-0.6295,0.0,F2F3,2,101.05,582.87,0,-1
170,legit_15,601.6,462.5,11.2208,-0.5854,0.0,D2D3,1,180.36,464.98,0,-1
170,legit_16,201.6,35.98,11.1482,1.8868,0.0,B0B1,1,98.6,773.5,0,-1
170,legit_17,228.43,801.6,12.9676,0.3023,270.0,C4B4,1,87.33,578.48,0,-1
170,legit_18,198.4,249.35,13.2697,-0.2834,180.0,B2B1,0,120.78,649.6,0,-1
170,legit_19,601.6,647.64,12.0613,-0.869,0.0,D3D4,1,155.86,452.54,0,-1
170,legit_20,830.36,998.4,13.7012,1.0474,90.0,E5F5,0,114.53,601.66,0,-1
170,legit_21,798.4,239.58,12.6865,0.0524,180.0,E2E1,0,129.0,572.0,0,-1
170,legit_22,601.6,251.21,12.6315,-0.5356,0.0,D1D2,1,184.0,539.93,0,-1
170,legit_23,580.66,598.4,12.6012,-1.0932,90.0,C3D3,2,130.67,450.98,0,-1
170,legit_24,880.29,398.4,12.5583,-0.3781,90.0,E2F2,1,135.83,537.09,0,-1
170,legit_25,398.4,992.15,3.3549,0.7865,252.99,C5C4,0,101.89,589.53,0,-1
170,legit_26,201.6,758.03,12.8924,-0.3523,0.0,B3B4,1,96.86,582.43,0,-1
170,legit_27,116.0,1.6,12.6192,-0.8352,270.0,B0A0,1,123.19,842.08,0,-1
170,legit_28,998.4,582.58,3.27,1.4219,180.0,F3F2,1,54.46,564.93,0,-1
171,legit_13,591.57,198.4,5.557,-2.8565,90.0,C1D1,1,161.82,568.35,0,-1
171,legit_14,1001.6,459.31,10.5977,0.1489,0.0,F2F3,2,110.47,580.87,0,-1
171,legit_15,601.6,474.07,11.5615,0.3407,0.0,D2D3,1,187.17,462.74,0,-1
171,legit_16,201.6,47.47,11.483,0.3348,0.0,B0B1,1,89.01,765.32,0,-1
171,legit_17,217.8,801.6,10.6297,-2.3379,270.0,C4B4,1,77.92,583.88,0,-1
171,legit_18,198.4,235.86,13.4861,0.2165,180.0,B2B1,0,125.56,655.95,0,-1
171,legit_19,601.6,660.02,12.3786,0.3174,0.0,D3D4,1,160.08,453.57,0,-1
171,legit_20,843.58,998.4,13.219,-0.4822,90.0,E5F5,0,124.16,606.02,0,-1
171,legit_21,798.4,226.1,13.483,0.7965,180.0,E2E1,0,116.61,578.94,0,-1
171,legit_22,601.6,264.22,13.0069,0.3753,0.0,D1D2,1,176.63,533.48,0,-1
171,legit_23,588.76,598.4,8.1012,-4.5,90.0,C3D3,2,138.77,450.85,0,-1
171,legit_24,893.11,398.4,12.8214,0.263,90.0,E2F2,1,148.17,542.38,0,-1
171,legit_25,398.4,987.03,5.1161,1.7612,180.0,C5C4,0,106.33,586.78,0,-1
171,legit_26,201.6,771.23,13.2045,0.3121,0.0,B3B4,1,85.98,585.2,0,-1
171,legit_27,102.67,1.6,13.3259,0.7067,270.0,B0A0,1,127.51,849.59,0,-1
171,legit_28,998.4,577.97,4.6168,1.3468,180.0,F3F2,1,56.11,565.1,0,-1
172,legit_13,594.17,199.54,3.0583,-2.4987,75.9,:D1_15,1,164.66,567.68,0,-1
172,legit_14,1001.6,470.65,11.3485,0.7508,0.0,F2F3,2,120.78,578.86,0,-1
172,legit_15,601.6,485.27,11.2032,-0.3582,0.0,D2D3,1,187.58,460.75,0,-1
172,legit_16,201.6,59.37,11.898,0.415,0.0,B0B1,1,79.62,756.95,0,-1
172,legit_17,211.02,801.6,6.7837,-3.846,270.0,C4B4,1,72.09,587.39,0,-1
172,legit_18,198.4,222.71,13.153,-0.3331,180.0,B2B1,0,113.54,662.31,0,-1
172,legit_19,601.6,671.78,11.7613,-0.6174,0.0,D3D4,1,164.85,454.75,0,-1
172,legit_20,856.51,998.4,12.927,-0.2921,90.0,E5F5,0,134.17,610.48,0,-1
172,legit_21,798.4,213.41,12.6869,-0.7961,180.0,E2E1,0,105.2,585.64,0,-1
172,legit_22,601.6,277.1,12.8779,-0.129,0.0,D1D2,1,169.99,527.31,0,-1
172,legit_23,599.18,598.4,10.4218,2.3206,90.0,:D3_13,2,149.19,450.77,0,-1
172,legit_24,906.25,398.4,13.1459,0.3245,90.0,E2F2,1,148.79,547.98,0,-1
172,legit_25,398.4,980.56,6.4673,1.3513,180.0,C5C4,0,112.03,583.34,0,-1
172,legit_26,201.6,784.07,12.8382,-0.3662,0.0,B3B4,1,76.1,588.08,0,-1
172,legit_27,89.73,1.6,12.9432,-0.3828,270.0,B0A0,1,132.86,857.07,0,-1
172,legit_28,998.4,571.03,6.9319,2.3151,180.0,F3F2,1,59.17,565.42,0,-1
173,legit_13,592.87,201.55,2.7626,-0.2957,8.72,:D1_15,1,164.51,566.55,0,-1
173,legit_14,1001.6,481.92,11.2675,-0.081,0.0,F2F3,2,127.61,576.99,0,-1
173,legit_15,601.6,496.34,11.0719,-0.1314,0.0,D2D3,1,181.02,458.96,0,-1
173,legit_16,201.6,71.1,11.7297,-0.1683,0.0,B0B1,2,71.09,748.82,0,-1
173,legit_17,201.71,801.6,9.3028,2.5191,270.0,:B4_5,1,64.41,592.29,0,-1
173,legit_18,198.4,209.07,13.6359,0.4828,180.0,B2B1,1,101.37,669.08,0,-1
173,legit_19,601.6,683.92,12.1355,0.3743,0.0,D3D4,1,170.48,456.19,0,-1
173,legit_20,869.32,998.4,12.8162,-0.1107,90.0,E5F5,0,144.56,615.09,0,-1
173,legit_21,798.4,200.31,13.1013,0.4144,180.0,:E1_1,0,93.77,592.73,0,-1
173,legit_22,601.6,290.64,13.5393,0.6614,0.0,D1D2,1,163.81,521.07,0,-1
173,legit_23,612.13,598.4,12.9533,2.5315,90.0,D3E3,2,137.88,450.86,0,-1
173,legit_24,920.04,398.4,13.7907,0.6448,90.0,E2F2,1,135.51,554.05,0,-1
173,legit_25,398.4,971.57,8.9881,2.5207,180.0,C5C4,0,120.08,578.63,0,-1
173,legit_26,201.6,792.41,8.3382,-4.5,0.0,B3B4,1,70.2,590.06,0,-1
173,legit_27,76.99,1.6,12.7354,-0.2078,270.0,B0A0,1,139.1,864.58,0,-1
173,legit_28,998.4,562.2,8.8283,1.8964,180.0,F3F2,1,63.96,565.94,0,-1
174,legit_13,590.21,201.6,2.6736,-0.0889,291.86,D1C1,1,162.23,566.55,0,-1
174,legit_14,1001.6,493.23,11.3106,0.0431,0.0,F2F3,2,117.23,575.25,0,-1
174,legit_15,601.6,508.13,11.7886,0.7168,0.0,D2D3,2,174.54,457.24,0,-1
174,legit_16,201.6,82.72,11.6269,-0.1028,0.0,B0B1,1,63.66,740.92,0,-1
174,legit_17,190.29,801.6,11.4258,2.123,270.0,B4A4,1,55.66,598.47,0,-1
174,legit_18,198.4,196.18,12.888,-0.7479,180.0,:B1_1,1,90.26,675.64,0,-1
174,legit_19,601.6,696.77,12.853,0.7174,0.0,D3D4,2,177.16,457.93,0,-1
174,legit_20,882.42,998.4,13.0979,0.2817,90.0,E5F5,0,155.54,619.98,0,-1
174,legit_21,798.4,186.77,13.5374,0.4361,180.0,E1E0,0,82.47,600.25,0,-1
174,legit_22,601.6,303.61,12.975,-0.5642,0.0,D1D2,1,158.75,515.32,0,-1
174,legit_23,625.67,598.4,13.5336,0.5803,90.0,D3E3,3,124.34,451.14,0,-1
174,legit_24,933.6,398.4,13.5601,-0.2306,90.0,E2F2,1,122.57,560.21,0,-1
174,legit_25,398.4,960.92,10.6494,1.6613,180.0,C5C4,0,129.77,573.16,0,-1
174,legit_26,204.04,797.62,6.1145,-2.2237,29.61,:B4_8,1,68.67,590.05,0,-1
174,legit_27,63.6,1.6,13.3891,0.6537,270.0,B0A0,0,146.57,872.64,0,-1
174,legit_28,998.4,551.18,11.0229,2.1946,180.0,F3F2,1,71.03,566.76,0,-1
174,legit_29,612.3,598.4,0.0,0.0,90.0,D3E3,3,137.71,450.86,0,-1
175,legit_13,584.99,201.6,5.2225,2.5489,270.0,D1C1,1,157.73,566.62,0,-1
175,legit_14,1001.6,503.65,10.4218,-0.8888,0.0,F2F3,2,107.82,573.77,0,-1
175,legit_15,601.6,519.46,11.3336,-0.455,0.0,D2D3,2,168.85,455.77,0,-1
175,legit_16,201.6,95.2,12.4762,0.8492,0.0,B0B1,1,57.25,732.61,0,-1
175,legit_17,177.22,801.6,13.0693,1.6435,270.0,B4A4,1,47.07,605.76,0,-1
175,legit_18,198.4,182.54,13.6413,0.7533,180.0,B1B0,1,79.08,682.75,0,-1
175,legit_19,601.6,708.72,11.9465,-0.9064,0.0,D3D4,2,183.96,459.76,0,-1
175,legit_20,895.45,998.4,13.0272,-0.0707,90.0,E5F5,0,166.78,625.03,0,-1
175,legit_21,798.4,173.63,13.141,-0.3964,180.0,E1E0,0,72.24,607.74,0,-1
175,legit_22,601.6,316.34,12.7296,-0.2454,0.0,D1D2,1,154.69,509.9,0,-1
175,legit_23,638.35,598.4,12.6812,-0.8524,90.0,D3E3,3,111.66,451.6,0,-1
175,legit_24,947.34,398.4,13.7311,0.171,90.0,E2F2,2,109.61,566.64,0,-1
175,legit_25,398.4,947.68,13.2459,2.5966,180.0,C5C4,0,119.4,566.53,0,-1
175,legit_26,210.21,798.4,6.3178,0.2033,86.77,B4C4,1,73.18,586.99,0,-1
175,legit_27,50.6,1.6,12.9982,-0.3909,270.0,B0A0,0,154.59,880.61,0,-1
175,legit_28,998.4,537.57,13.6103,2.5874,180.0,F3F2,2,80.99,567.98,0,-1
175,legit_29,614.67,598.4,2.3656,2.3656,90.0,D3E3,3,135.34,450.89,0,-1
176,legit_13,577.55,201.6,7.4359,2.2134,270.0,D1C1,1,151.42,566.77,0,-1
176,legit_14,1001.6,514.54,10.8819,0.4601,0.0,F2F3,2,98.22,572.34,0,-1
176,legit_15,601.6,530.35,10.8857,-0.448,0.0,D2D3,2,163.93,454.52,0,-1
176,legit_16,201.6,107.62,12.4224,-0.0538,0.0,B0B1,1,53.06,724.57,0,-1
176,legit_17,164.35,801.6,12.8693,-0.2,270.0,B4A4,1,40.99,613.22,0,-1
176,legit_18,198.4,169.26,13.2833,-0.3581,180.0,B1B0,1,69.06,689.87,0,-1
176,legit_19,601.6,720.83,12.1133,0.1668,0.0,D3D4,2,190.33,461.82,0,-1
176,legit_20,908.95,998.4,13.5032,0.476,90.0,E5F5,0,162.95,630.44,0,-1
176,legit_21,798.4,160.55,13.081,-0.06,180.0,E1E0,0,63.14,615.4,0,-1
176,legit_22,601.6,329.74,13.3975,0.6679,0.0,D1D2,1,151.45,504.46,0,-1
176,legit_23,651.14,598.4,12.7932,0.112,90.0,D3E3,3,98.87,452.24,0,-1
176,legit_24,960.99,398.4,13.6563,-0.0748,90.0,E2F2,2,96.94,573.24,0,-1
176,legit_25,398.4,934.36,13.322,0.0761,180.0,C5C4,0,107.54,560.03,0,-1
176,legit_26,218.0,798.4,7.7853,1.4675,90.0,B4C4,1,79.71,582.95,0,-1
176,legit_27,36.77,1.6,13.8328,0.8346,270.0,B0A0,0,163.83,889.25,0,-1
176,legit_28,998.4,524.16,13.4072,-0.203,180.0,F3F2,2,91.73,569.41,0,-1
176,legit_29,618.56,598.4,3.8921,1.5265,90.0,D3E3,3,131.45,450.97,0,-1
177,legit_13,567.68,201.6,9.8713,2.4354,270.0,D1C1,1,143.2,567.07,0,-1
177,legit_14,1001.6,524.81,10.2745,-0.6074,0.0,F2F3,2,89.42,571.11,0,-1
177,legit_15,601.6,542.43,12.0824,1.1967,0.0,D2D3,2,159.18,453.35,0,-1
177,legit_16,201.6,119.53,11.9133,-0.5091,0.0,B0B1,1,51.6,717.08,0,-1
177,legit_17,152.43,801.6,11.9213,-0.948,270.0,B4A4,1,38.48,620.43,0,-1
177,legit_18,198.4,156.53,12.7245,-0.5588,180.0,B1B0,1,60.64,696.88,0,-1
177,legit_19,601.6,733.49,12.6547,0.5414,0.0,D3D4,2,182.67,464.18,0,-1
177,legit_20,922.6,998.4,13.6476,0.1444,90.0,E5F5,0,151.29,636.11,0,-1
177,legit_21,798.4,147.28,13.269,0.188,180.0,E1E0,0,55.56,623.4,0,-1
177,legit_22,601.6,343.17,13.4324,0.0349,0.0,D1D2,1,149.35,499.27,0,-1
177,legit_23,664.57,598.4,13.432,0.6388,90.0,D3E3,3,85.44,453.11,0,-1
177,legit_24,974.63,398.4,13.6374,-0.0189,90.0,E2F2,2,84.59,580.02,0,-1
177,legit_25,398.4,920.53,13.8251,0.5031,180.0,C5C4,0,95.64,553.5,0,-1
177,legit_26,227.33,798.4,9.3382,1.5528,90.0,B4C4,1,87.81,578.19,0,-1
177,legit_27,22.94,1.6,13.8267,-0.0061,270.0,B0A0,0,173.67,898.03,0,-1
177,legit_28,998.4,510.78,13.3819,-0.0254,180.0,F3F2,2,103.06,571.04,0,-1
177,legit_29,624.36,598.4,5.8018,1.9098,90.0,D3E3,3,125.65,451.11,0,-1
178,legit_13,555.68,201.6,12.0005,2.1292,270.0,D1C1,0,133.52,567.59,0,-1
178,legit_14,1001.6,535.09,10.2831,0.0086,0.0,F2F3,2,80.97,570.0,0,-1
178,legit_15,601.6,554.0,11.5656,-0.5168,0.0,D2D3,2,155.37,452.42,0,-1
178,legit_16,201.6,131.26,11.724,-0.1892,0.0,B0B1,1,52.81,709.95,0,-1
178,legit_17,139.34,801.6,13.0928,1.1714,270.0,B4A4,1,39.85,628.71,0,-1
178,legit_18,198.4,142.81,13.7209,0.9964,180.0,B1B0,1,53.51,704.67,0,-1
178,legit_19,601.6,745.96,12.4769,-0.1778,0.0,D3D4,0,175.69,466.73,0,-1
178,legit_20,935.91,998.4,13.3149,-0.3327,90.0,E5F5,0,140.26,641.82,0,-1
178,legit_21,798.4,133.42,13.8578,0.5888,180.0,E1E0,0,50.23,632.04,0,-1
178,legit_22,601.6,356.0,12.8344,-0.5981,0.0,D1D2,0,148.45,494.56,0,-1
178,legit_23,677.45,598.4,12.8763,-0.5557,90.0,D3E3,2,72.57,454.14,0,-1
178,legit_24,984.55,398.4,9.9238,-3.7136,90.0,E2F2,2,75.88,585.09,0,-1
178,legit_25,398.4,907.04,13.4878,-0.3373,180.0,C5C4,0,84.6,547.33,0,-1
178,legit_26,239.04,798.4,11.7099,2.3717,90.0,B4C4,1,98.28,572.37,0,-1
178,legit_27,12.06,1.6,10.8884,-2.9383,270.0,B0A0,0,181.79,905.05,0,-1
178,legit_28,998.4,497.98,12.7998,-0.5821,180.0,F3F2,2,114.32,572.78,0,-1
178,legit_29,631.76,598.4,7.3974,1.5956,90.0,D3E3,2,118.25,451.34,0,-1
179,legit_13,544.3,201.6,11.3829,-0.6176,270.0,D1C1,0,124.7,568.23,0,-1
179,legit_14,1001.6,545.83,10.7356,0.4525,0.0,F2F3,2,72.64,568.98,0,-1
179,legit_15,601.6,565.19,11.196,-0.3696,0.0,D2D3,2,152.43,451.72,0,-1
179,legit_16,201.6,143.92,12.6642,0.9401,0.0,B0B1,1,56.88,702.5,0,-1
179,legit_17,126.43,801.6,12.9048,-0.188,270.0,B4A4,1,45.06,637.22,0,-1
179,legit_18,198.4,129.52,13.2944,-0.4265,180.0,B1B0,1,49.33,712.5,0,-1
179,legit_19,601.6,758.83,12.872,0.3951,0.0,D3D4,0,169.15,469.59,0,-1
179,legit_20,948.64,998.4,12.7257,-0.5891,90.0,E5F5,0,130.12,647.45,0,-1
179,legit_21,798.4,120.64,12.7812,-1.0766,180.0,E1E0,0,48.4,640.3,0,-1
179,legit_22,601.6,368.92,12.9114,0.0771,0.0,D1D2,0,148.67,490.07,0,-1
179,legit_23,690.51,598.4,13.0552,0.179,90.0,D3E3,2,59.52,455.38,0,-1
179,legit_24,989.98,398.4,5.4238,-4.5,90.0,E2F2,2,71.26,587.91,0,-1
179,legit_25,398.4,894.16,12.8872,-0.6006,180.0,C5C4,0,74.8,541.64,0,-1
179,legit_26,252.07,798.4,13.0232,1.3133,90.0,B4C4,1,110.22,566.06,0,-1
179,legit_27,3.72,1.6,8.3368,-2.5516,270.0,B0A0,0,188.19,910.48,0,-1
179,legit_28,998.4,485.0,12.978,0.1782,180.0,F3F2,2,126.04,574.72,0,-1
179,legit_29,641.63,598.4,9.8708,2.4734,90.0,D3E3,2,108.38,451.75,0,-1
180,legit_13,531.99,201.6,12.3091,0.9262,270.0,D1C1,0,115.67,569.1,0,-1
180,legit_14,1001.6,556.52,10.686,-0.0496,0.0,F2F3,1,65.07,568.1,0,-1
180,legit_15,601.6,576.82,11.625,0.429,0.0,D2D3,2,150.2,451.2,0,-1
180,legit_16,201.6,155.92,12.0004,-0.6638,0.0,B0B1,1,62.87,695.66,0,-1
180,legit_17,113.96,801.6,12.4672,-0.4376,270.0,B4A4,0,52.66,645.71,0,-1
180,legit_18,198.4,115.92,13.5999,0.3055,180.0,B1B0,1,48.57,720.82,0,-1
180,legit_19,601.6,771.36,12.5279,-0.3441,0.0,D3D4,0,163.5,472.59,0,-1
180,legit_20,962.44,998.4,13.7958,1.0701,90.0,E5F5,0,119.69,653.76,0,-1
180,legit_21,798.4,107.47,13.1686,0.3874,180.0,E1E0,0,50.0,649.13,0,-1
180,legit_22,601.6,382.01,13.0909,0.1795,0.0,D1D2,0,150.02,485.78,0,-1
180,legit_23,703.8,598.4,13.2945,0.2393,90.0,D3E3,2,46.23,456.84,0,-1
180,legit_24,995.43,397.94,5.51,0.0862,95.31,:F2_6,1,66.46,590.9,0,-1
180,legit_25,398.4,880.62,13.5346,0.6474,180.0,C5C4,0,65.67,535.9,0,-1
180,legit_26,265.12,798.4,13.0541,0.0309,90.0,B4C4,0,122.41,559.93,0,-1
180,legit_27,1.6,3.94,3.8368,-4.5,305.46,A0A1,0,188.4,910.35,0,-1
180,legit_28,998.4,472.11,12.8952,-0.0828,180.0,F3F2,2,123.41,576.83,0,-1
180,legit_29,654.03,598.4,12.3988,2.528,90.0,D3E3,2,95.99,452.41,0,-1
180,legit_30,998.4,187.7,0.0,0.0,180.0,F1F0,0,85.12,678.43,0,-1
181,legit_13,519.98,201.6,12.0076,-0.3015,270.0,D1C1,0,107.5,570.14,0,-1
181,legit_14,1001.6,567.19,10.6739,-0.0121,0.0,F2F3,1,58.47,567.38,0,-1
181,legit_15,601.6,588.71,11.897,0.2721,0.0,D2D3,2,148.83,450.87,0,-1
181,legit_16,201.6,168.57,12.6462,0.6458,0.0,B0B1,1,70.86,688.66,0,-1
181,legit_17,102.0,801.6,11.9624,-0.5048,270.0,B4A4,0,61.47,654.06,0,-1
181,legit_18,198.4,102.94,12.9794,-0.6206,180.0,B1B0,1,51.32,729.06,0,-1
181,legit_19,601.6,783.53,12.1677,-0.3602,0.0,D3D4,0,158.78,475.73,0,-1
181,legit_20,975.73,998.4,13.2947,-0.5011,90.0,E5F5,0,110.34,660.03,0,-1
181,legit_21,798.4,93.73,13.7413,0.5727,180.0,E1E0,0,55.07,658.65,0,-1
181,legit_22,601.6,395.65,13.6469,0.556,0.0,:D2_9,0,152.62,481.59,0,-1
181,legit_23,716.56,598.4,12.7637,-0.5308,90.0,D3E3,2,33.47,458.44,0,-1
181,legit_24,998.27,393.68,5.4513,-0.0587,148.63,:F2_6,1,61.73,593.51,0,-1
181,legit_25,398.4,867.96,12.659,-0.8756,180.0,C5C4,1,58.69,530.77,0,-1
181,legit_26,277.36,798.4,12.2418,-0.8122,90.0,B4C4,1,133.98,554.34,0,-1
181,legit_27,1.6,9.88,5.947,2.1102,0.0,A0A1,0,184.79,906.49,0,-1
181,legit_28,998.4,459.12,12.9944,0.0992,180.0,F3F2,2,111.74,579.13,0,-1
181,legit_29,666.2,598.4,12.1706,-0.2281,90.0,D3E3,2,83.82,453.23,0,-1
181,legit_30,998.4,185.44,2.2635,2.2635,180.0,F1F0,0,83.33,679.62,0,-1
182,legit_13,507.63,201.6,12.3487,0.3411,270.0,D1C1,0,99.9,571.4,0,-1
182,legit_14,1001.6,578.61,11.4237,0.7497,0.0,F2F3,1,52.91,566.81,0,-1
182,legit_15,601.6,599.6,10.8832,-1.0139,0.0,:D3_9,2,148.4,450.77,0,-1
182,legit_16,201.6,180.7,12.1335,-0.5127,0.0,B0B1,1,79.67,682.13,0,-1
182,legit_17,88.83,801.6,13.1674,1.205,270.0,B4A4,0,72.22,663.45,0,-1
182,legit_18,198.4,89.36,13.5832,0.6038,180.0,B1B0,1,57.28,737.97,0,-1
182,legit_19,601.6,795.5,11.9673,-0.2005,0.0,:D4_9,0,154.93,479.02,0,-1
182,legit_20,987.91,998.4,12.1794,-1.1152,90.0,E5F5,0,102.54,665.97,0,-1
182,legit_21,798.4,79.94,13.7868,0.0455,180.0,E1E0,0,62.83,668.49,0,-1
182,legit_22,601.6,409.43,13.7794,0.1324,0.0,D2D3,0,156.42,477.64,0,-1
182,legit_23,729.94,598.4,13.3757,0.612,90.0,D3E3,2,20.12,460.31,0,-1
182,legit_24,998.4,388.34,5.3474,-0.1038,179.12,F2F1,1,58.87,595.0,0,-1
182,legit_25,398.4,854.26,13.7044,1.0454,180.0,C5C4,1,53.53,525.52,0,-1
182,legit_26,290.15,798.4,12.7848,0.543,90.0,B4C4,1,146.19,548.66,0,-1
182,legit_27,1.6,18.3,8.4181,2.4711,0.0,A0A1,0,179.9,901.09,0,-1
182,legit_28,998.4,445.91,13.2045,0.2101,180.0,F3F2,2,100.22,581.65,0,-1
182,legit_29,677.96,598.4,11.7657,-0.4049,90.0,D3E3,2,72.06,454.19,0,-1
182,legit_30,998.4,180.6,4.8349,2.5714,180.0,F1F0,0,79.59,682.18,0,-1
183,legit_13,496.39,201.6,11.241,-1.1077,270.0,D1C1,0,93.87,572.73,0,-1
183,legit_14,1001.6,589.57,10.9536,-0.4701,0.0,F2F3,0,49.51,566.47,0,-1
183,legit_15,601.6,610.73,11.134,0.2508,0.0,D3D4,2,148.79,450.86,0,-1
183,legit_16,201.6,192.83,12.1296,-0.0039,0.0,:B1_9,1,89.26,675.75,0,-1
183,legit_17,75.91,801.6,12.9287,-0.2387,270.0,B4A4,0,83.45,672.85,0,-1
183,legit_18,198.4,76.15,13.2037,-0.3795,180.0,B1B0,1,65.31,746.86,0,-1
183,legit_19,601.6,807.58,12.0818,0.1146,0.0,D4D5,0,151.9,482.56,0,-1
183,legit_20,996.35,998.4,8.4437,-3.7357,90.0,E5F5,0,97.65,670.19,0,-1
183,legit_21,798.4,67.08,12.8603,-0.9265,180.0,E1E0,0,71.71,677.87,0,-1
183,legit_22,601.6,423.22,13.7884,0.0091,0.0,D2D3,0,161.31,473.96,0,-1
183,legit_23,743.47,598.4,13.5309,0.1553,90.0,D3E3,2,6.72,462.42,0,-1
183,legit_24,998.4,380.52,7.8234,2.476,180.0,F2F1,1,55.53,597.17,0,-1
183,legit_25,398.4,841.13,13.1318,-0.5726,180.0,C5C4,1,51.61,520.81,0,-1
183,legit_26,303.33,798.4,13.1789,0.3941,90.0,B4C4,1,152.46,542.99,0,-1
183,legit_27,1.6,29.23,10.9257,2.5076,0.0,A0A1,0,173.96,894.15,0,-1
183,legit_28,998.4,432.19,13.7173,0.5128,180.0,F3F2,1,88.74,584.46,0,-1
183,legit_29,689.32,598.4,11.3587,-0.407,90.0,D3E3,2,60.7,455.26,0,-1
183,legit_30,998.4,173.58,7.0216,2.1867,180.0,F1F0,0,74.39,685.94,0,-1
184,legit_13,485.03,201.6,11.3577,0.1167,270.0,D1C1,0,88.8,574.27,0,-1
184,legit_14,1001.6,600.12,10.5488,-0.4048,0.0,:F3_3,0,48.4,566.36,0,-1
184,legit_15,601.6,621.71,10.9804,-0.1536,0.0,D3D4,1,149.98,451.14,0,-1
184,legit_16,201.6,204.61,11.7816,-0.348,0.0,:B1_9,1,99.11,669.69,0,-1
184,legit_17,63.61,801.6,12.2938,-0.635,270.0,B4A4,0,94.54,681.93,0,-1
184,legit_18,198.4,63.28,12.8777,-0.326,180.0,B1B0,1,74.57,755.72,0,-1
184,legit_19,601.6,819.63,12.0535,-0.0283,0.0,D4D5,0,149.79,486.31,0,-1
184,legit_20,998.4,995.88,3.9437,-4.5,129.07,F5F4,0,98.68,669.94,0,-1
184,legit_21,798.4,54.48,12.5991,-0.2612,180.0,E1E0,0,81.45,687.23,0,-1
184,legit_22,601.6,436.84,13.6194,-0.1691,0.0,D2D3,0,167.11,470.6,0,-1
184,legit_23,756.63,598.4,13.162,-0.369,90.0,D3E3,1,6.82,465.34,0,-1
184,legit_24,998.4,370.43,10.0902,2.2667,180.0,F2F1,1,52.64,600.12,0,-1
184,legit_25,398.4,827.33,13.8012,0.6694,180.0,C5C4,1,53.13,516.23,0,-1
184,legit_26,316.75,798.4,13.4267,0.2477,90.0,B4C4,1,139.59,537.41,0,-1
184,legit_27,1.6,41.88,12.652,1.7263,0.0,A0A1,0,167.71,886.23,0,-1
184,legit_28,998.4,418.57,13.6243,-0.093,180.0,F3F2,1,78.06,587.47,0,-1
184,legit_29,701.45,598.4,12.1287,0.77,90.0,D3E3,2,48.58,456.57,0,-1
184,legit_30,998.4,164.04,9.5363,2.5147,180.0,F1F0,0,67.84,691.15,0,-1
185,legit_13,473.54,201.6,11.4897,0.1321,270.0,D1C1,0,84.93,576.03,0,-1
185,legit_14,1001.6,611.54,11.4209,0.8721,0.0,F3F4,0,49.76,566.49,0,-1
185,legit_15,601.6,633.07,11.3586,0.3782,0.0,D3D4,1,152.04,451.63,0,-1
185,legit_16,201.6,216.9,12.2882,0.5066,0.0,B1B2,0,109.78,663.52,0,-1
185,legit_17,51.7,801.6,11.9091,-0.3846,270.0,B4A4,0,105.53,690.85,0,-1
185,legit_18,198.4,49.81,13.4618,0.5841,180.0,B1B0,0,85.26,765.15,0,-1
185,legit_19,601.6,832.2,12.5717,0.5182,0.0,D4D5,0,148.6,490.45,0,-1
185,legit_20,998.4,989.44,6.4421,2.4983,180.0,F5F4,0,104.23,666.69,0,-1
185,legit_21,798.4,40.97,13.5179,0.9188,180.0,E1E0,0,92.68,697.43,0,-1
185,legit_22,601.6,450.27,13.434,-0.1854,0.0,D2D3,0,173.7,467.54,0,-1
185,legit_23,769.42,598.4,12.7854,-0.3766,90.0,D3E3,1,19.48,468.99,0,-1
185,legit_24,998.4,358.66,11.7691,1.6789,180.0,F2F1,1,51.62,603.8,0,-1
185,legit_25,398.4,814.32,13.006,-0.7953,180.0,C5C4,1,57.64,512.25,0,-1
185,legit_26,329.83,798.4,13.0737,-0.353,90.0,B4C4,1,127.17,532.15,0,-1
185,legit_27,1.6,55.64,13.7607,1.1087,0.0,A0A1,0,161.75,877.78,0,-1
185,legit_28,998.4,408.41,10.1578,-3.4665,180.0,F3F2,1,70.75,589.87,0,-1
185,legit_29,713.9,598.4,12.4504,0.3217,90.0,D3E3,2,36.13,458.09,0,-1
185,legit_30,998.4,152.62,11.4257,1.8894,180.0,F1F0,0,61.04,697.53,0,-1
186,legit_13,461.97,201.6,11.5702,0.0805,270.0,D1C1,1,82.47,578.02,0,-1
186,legit_14,1001.6,621.91,10.3743,-1.0466,0.0,F3F4,0,53.13,566.83,0,-1
186,legit_15,601.6,644.3,11.2279,-0.1307,0.0,D3D4,1,154.87,452.3,0,-1
186,legit_16,201.6,229.56,12.6628,0.3746,0.0,B1B2,0,121.11,657.32,0,-1
186,legit_17,38.61,801.6,13.0882,1.1791,270.0,B4A4,0,117.82,700.78,0,-1
186,legit_18,198.4,36.22,13.5938,0.1319,180.0,B1B0,0,96.76,774.83,0,-1
186,legit_19,601.6,844.2,11.9974,-0.5743,0.0,D4D5,0,148.46,494.63,0,-1
186,legit_20,998.4,981.68,7.761,1.3189,180.0,F5F4,0,111.04,662.82,0,-1
186,legit_21,798.4,27.16,13.8024,0.2845,180.0,E1E0,0,104.7,708.0,0,-1
186,legit_22,601.6,462.89,12.6106,-0.8233,0.0,D2D3,0,180.58,464.9,0,-1
186,legit_23,781.66,598.4,12.2388,-0.5467,90.0,D3E3,1,31.7,472.66,0,-1
186,legit_24,998.4,345.29,13.373,1.6039,180.0,F2F1,1,53.66,608.29,0,-1
186,legit_25,398.4,800.5,13.8209,0.815,180.0,:C4_1,1,64.98,508.33,0,-1
186,legit_26,342.55,798.4,12.7265,-0.3472,90.0,B4C4,1,115.22,527.21,0,-1
186,legit_27,1.6,68.79,13.146,-0.6147,0.0,A0A1,0,156.99,869.85,0,-1
186,legit_28,996.1,402.46,6.781,-3.3768,208.02,:F2_0,1,68.62,590.1,0,-1
186,legit_29,725.81,598.4,11.9121,-0.5383,90.0,D3E3,2,24.24,459.71,0,-1
186,legit_30,998.4,139.35,13.2671,1.8414,180.0,F1F0,0,55.11,705.16,0,-1
186,legit_31,598.4,187.7,0.0,0.0,180.0,D1D0,1,163.11,574.5,0,-1
187,legit_13,450.6,201.6,11.3743,-0.1959,270.0,D1C1,1,81.6,580.19,0,-1
187,legit_14,1001.6,632.37,10.4599,0.0856,0.0,F3F4,0,58.23,567.35,0,-1
187,legit_15,601.6,656.05,11.7475,0.5196,0.0,D3D4,1,158.63,453.21,0,-1
187,legit_16,201.6,242.22,12.6575,-0.0053,0.0,B1B2,0,128.59,651.26,0,-1
187,legit_17,25.98,801.6,12.6301,-0.4581,270.0,B4A4,0,129.82,710.49,0,-1
187,legit_18,198.4,22.5,13.7178,0.124,180.0,B1B0,0,108.85,784.73,0,-1
187,legit_19,601.6,856.42,12.2182,0.2209,0.0,D4D5,0,149.31,499.11,0,-1
187,legit_20,998.4,971.38,10.2947,2.5337,180.0,F5F4,0,120.25,657.78,0,-1
187,legit_21,798.4,17.3,9.8662,-3.9363,180.0,E1E0,0,113.54,715.65,0,-1
187,legit_22,601.6,476.26,13.3744,0.7638,0.0,D2D3,0,188.52,462.34,0,-1
187,legit_23,789.4,598.4,7.7388,-4.5,90.0,D3E3,1,39.43,475.07,0,-1
187,legit_24,998.4,332.51,12.7743,-0.5988,180.0,F2F1,1,58.46,612.87,0,-1
187,legit_25,398.4,787.26,13.2341,-0.5868,180.0,C4C3,1,73.78,504.85,0,-1
187,legit_26,356.01,798.4,13.4534,0.7269,90.0,B4C4,1,102.79,522.19,0,-1
187,legit_27,1.6,82.52,13.7292,0.5832,0.0,A0A1,0,153.06,861.74,0,-1
187,legit_28,990.38,401.6,5.8793,-0.9018,265.33,F2E2,1,72.7,587.3,0,-1
187,legit_29,737.91,598.4,12.1006,0.1885,90.0,D3E3,2,12.19,461.53,0,-1
187,legit_30,998.4,125.57,13.7796,0.5125,180.0,F1F0,0,51.9,713.38,0,-1
187,legit_31,598.4,185.49,2.2057,2.2057,180.0,D1D0,1,162.21,575.79,0,-1
188,legit_13,438.3,201.6,12.3016,0.9273,270.0,D1C1,0,82.43,582.79,0,-1
188,legit_14,1001.6,643.01,10.6357,0.1759,0.0,F3F4,0,64.75,568.06,0,-1
188,legit_15,601.6,667.63,11.5839,-0.1636,0.0,D3D4,0,163.08,454.31,0,-1
188,legit_16,201.6,254.0,11.7807,-0.8768,0.0,B1B2,0,117.89,645.77,0,-1
188,legit_17,15.97,801.6,10.0186,-2.6115,270.0,B4A4,0,139.43,718.27,0,-1
188,legit_18,198.4,13.28,9.2178,-4.5,180.0,B1B0,0,117.18,791.46,0,-1
188,legit_19,601.6,868.4,11.9795,-0.2388,0.0,D4D5,0,151.09,503.72,0,-1
188,legit_20,998.4,959.09,12.2962,2.0015,180.0,F5F4,0,129.79,651.88,0,-1
188,legit_21,798.4,11.31,5.9833,-3.8829,180.0,E1E0,0,118.98,720.32,0,-1
188,legit_22,601.6,489.64,13.3824,0.0079,0.0,D2D3,0,184.94,460.03,0,-1
188,legit_23,795.68,597.79,6.3836,-1.3551,97.08,:E3_12,1,45.74,477.09,0,-1
188,legit_24,998.4,319.37,13.1466,0.3724,180.0,F2F1,1,65.68,617.86,0,-1
188,legit_25,398.4,773.65,13.613,0.3789,180.0,C4C3,1,84.05,501.51,0,-1
188,legit_26,368.28,798.4,12.2751,-1.1784,90.0,B4C4,1,91.7,517.78,0,-1
188,legit_27,1.6,96.14,13.6238,-0.1054,0.0,A0A1,0,150.31,853.87,0,-1
188,legit_28,982.61,401.6,7.7687,1.8894,270.0,F2E2,1,79.19,583.26,0,-1
188,legit_29,749.6,598.4,11.6903,-0.4103,90.0,D3E3,1,1.65,463.5,0,-1
188,legit_30,998.4,112.71,12.8624,-0.9172,180.0,F1F0,0,52.11,721.34,0,-1
188,legit_31,598.4,181.52,3.9722,1.7665,180.0,D1D0,0,160.65,578.13,0,-1
189,legit_13,426.28,201.6,12.0129,-0.2886,270.0,D1C1,0,84.98,585.58,0,-1
189,legit_14,1001.6,653.29,10.2884,-0.3473,0.0,F3F4,0,71.99,568.9,0,-1
189,legit_15,601.6,679.0,11.3689,-0.215,0.0,D3D4,0,168.12,455.58,0,-1
189,legit_16,201.6,265.71,11.7056,-0.0751,0.0,B1B2,0,107.49,640.44,0,-1
189,legit_17,9.79,801.6,6.1752,-3.8434,270.0,B4A4,0,145.37,723.1,0,-1
189,legit_18,198.4,8.33,4.9575,-4.2603,180.0,B1B0,0,121.71,795.1,0,-1
189,legit_19,601.6,880.91,12.5114,0.5319,0.0,D4D5,0,153.94,508.76,0,-1
189,legit_20,998.4,946.32,12.7706,0.4744,180.0,F5F4,0,118.18,645.91,0,-1
189,legit_21,798.93,3.51,7.8415,1.8582,173.94,:E0_1,0,126.35,726.57,0,-1
189,legit_22,601.6,502.41,12.7689,-0.6135,0.0,D2D3,0,177.61,458.05,0,-1
189,legit_23,798.4,591.93,6.9204,0.5368,165.77,E3E2,1,49.07,478.03,0,-1
189,legit_24,998.4,305.79,13.5823,0.4357,180.0,F2F1,1,74.85,623.26,0,-1
189,legit_25,398.4,760.51,13.1396,-0.4735,180.0,C4C3,1,94.77,498.52,0,-1
189,legit_26,380.73,798.4,12.4481,0.173,90.0,B4C4,1,80.8,513.5,0,-1
189,legit_27,1.6,109.76,13.6242,0.0004,0.0,A0A1,0,148.75,846.19,0,-1
189,legit_28,972.99,401.6,9.6224,1.8537,270.0,F2E2,1,87.53,578.36,0,-1
189,legit_29,761.01,598.4,11.4025,-0.2878,90.0,D3E3,1,11.12,466.56,0,-1
189,legit_30,998.4,99.24,13.4707,0.6084,180.0,F1F0,0,55.62,729.97,0,-1
189,legit_31,598.4,175.48,6.0402,2.068,180.0,D1D0,0,158.43,581.73,0,-1
190,legit_13,414.61,201.6,11.6776,-0.3353,270.0,D1C1,0,88.95,588.51,0,-1
190,legit_14,1001.6,663.87,10.5749,0.2864,0.0,F3F4,0,80.14,569.9,0,-1
190,legit_15,601.6,690.01,11.0085,-0.3604,0.0,D3D4,0,173.56,456.98,0,-1
190,legit_16,201.6,278.39,12.6858,0.9802,0.0,B1B2,0,96.55,634.82,0,-1
190,legit_17,4.49,802.11,5.3666,-0.8085,275.85,:A4_3,0,150.36,727.39,0,-1
190,legit_18,199.77,1.98,6.6175,1.66,164.6,:B0_1,0,128.09,799.16,0,-1
190,legit_19,601.6,892.76,11.8486,-0.6628,0.0,D4D5,0,157.5,513.75,0,-1
190,legit_20,998.4,933.4,12.9203,0.1498,180.0,F5F4,0,106.7,640.04,0,-1
190,legit_21,804.81,-1.26,8.0534,0.2119,115.94,:E0_1,0,133.07,731.79,0,-1
190,legit_22,601.6,515.8,13.3866,0.6177,0.0,D2D3,0,170.62,456.22,0,-1
190,legit_23,798.4,583.7,8.2266,1.3062,180.0,E3E2,1,51.07,478.24,0,-1
190,legit_24,998.4,292.06,13.724,0.1417,180.0,F2F1,1,85.31,628.95,0,-1
190,legit_25,398.4,747.33,13.1855,0.0459,180.0,C4C3,1,106.07,495.72,0,-1
190,legit_26,388.68,798.4,7.9481,-4.5,90.0,B4C4,1,74.1,510.87,0,-1
190,legit_27,1.6,122.36,12.5913,-1.0329,0.0,A0A1,0,148.42,839.25,0,-1
190,legit_28,961.9,401.6,11.093,1.4707,270.0,F2E2,1,97.43,572.83,0,-1
190,legit_29,773.06,598.4,12.0585,0.656,90.0,D3E3,1,23.12,470.06,0,-1
190,legit_30,998.4,86.48,12.7557,-0.715,180.0,F1F0,0,61.53,738.39,0,-1
190,legit_31,598.4,166.86,8.6219,2.5818,180.0,D1D0,0,155.62,586.95,0,-1
191,legit_14,1001.6,674.17,10.303,-0.2718,0.0,F3F4,0,88.57,571.0,0,-1
191,legit_15,601.6,701.0,10.9898,-0.0187,0.0,D3D4,0,179.51,458.55,0,-1
191,legit_16,201.6,289.99,11.5956,-1.0902,0.0,B1B2,0,86.97,629.82,0,-1
191,legit_17,1.66,806.75,5.7988,0.4321,333.16,:A4_3,0,152.02,730.75,0,-1
191,legit_18,206.86,-1.55,8.3565,1.739,104.72,:B0_1,0,134.19,798.54,0,-1
191,legit_19,601.6,904.46,11.6964,-0.1521,0.0,D4D5,0,161.79,518.86,0,-1
191,legit_20,998.4,920.33,13.0658,0.1455,180.0,F5F4,0,95.48,634.26,0,-1
191,legit_21,813.25,-1.6,8.4632,0.4099,90.0,E0F0,0,137.07,734.22,0,-1
191,legit_22,601.6,529.58,13.783,0.3965,0.0,D2D3,0,164.26,454.61,0,-1
191,legit_23,798.4,573.11,10.5899,2.3633,180.0,E3E2,1,55.37,478.69,0,-1
191,legit_24,998.4,279.5,12.5592,-1.1649,180.0,F2F1,1,95.62,634.33,0,-1
191,legit_25,398.4,734.65,12.6773,-0.5081,180.0,C4C3,1,117.31,493.22,0,-1
191,legit_26,398.59,798.4,9.9168,1.9688,90.0,:C4_13,1,66.13,507.7,0,-1
191,legit_27,1.6,136.1,13.7426,1.1513,0.0,A0A1,0,149.27,831.86,0,-1
191,legit_28,948.32,401.6,13.5757,2.4827,270.0,F2E2,1,109.86,566.25,0,-1
191,legit_29,782.84,598.4,9.7758,-2.2827,90.0,D3E3,1,32.88,473.03,0,-1
191,legit_30,998.4,73.84,12.6448,-0.1109,180.0,F1F0,0,69.24,746.95,0,-1
191,legit_31,598.4,156.92,9.9352,1.3133,180.0,D1D0,0,152.92,593.09,0,-1
192,legit_14,1001.6,685.0,10.8249,0.5218,0.0,F3F4,0,97.81,572.29,0,-1
192,legit_15,601.6,712.44,11.4423,0.4525,0.0,D3D4,0,186.19,460.37,0,-1
192,legit_16,201.6,301.8,11.8077,0.2121,0.0,B1B2,0,77.78,624.89,0,-1
192,legit_17,1.6,811.7,4.9584,-0.8403,359.19,A4A5,0,151.07,732.04,0,-1
192,legit_18,215.82,-1.6,8.9663,0.6098,90.0,B0C0,0,138.27,794.57,0,-1
192,legit_19,601.6,916.36,11.9032,0.2067,0.0,D4D5,0,166.89,524.26,0,-1
192,legit_20,998.4,907.27,13.0651,-0.0007,180.0,F5F4,0,84.78,628.66,0,-1
192,legit_21,823.18,-1.6,9.9305,1.4672,90.0,E0F0,0,141.92,736.86,0,-1
192,legit_22,601.6,542.83,13.246,-0.5371,0.0,D2D3,0,159.03,453.31,0,-1
192,legit_23,798.4,560.08,13.0312,2.4413,180.0,E3E2,1,62.74,479.52,0,-1
192,legit_24,998.4,265.84,13.6577,1.0985,180.0,F2F1,0,107.37,640.38,0,-1
192,legit_25,398.4,721.83,12.8155,0.1381,180.0,C4C3,1,128.94,490.89,0,-1
192,legit_26,410.14,798.4,11.5426,1.6257,90.0,C4D4,1,57.62,504.18,0,-1
192,legit_27,1.6,148.86,12.7632,-0.9794,0.0,A0A1,0,151.18,825.18,0,-1
192,legit_28,934.44,401.6,13.8832,0.3075,270.0,F2E2,0,122.82,559.72,0,-1
192,legit_29,788.82,598.4,5.9799,-3.796,90.0,D3E3,1,38.85,474.89,0,-1
192,legit_30,998.4,60.46,13.3773,0.7326,180.0,F1F0,0,78.79,756.18,0,-1
192,legit_31,598.4,145.31,11.6133,1.6781,180.0,D1D0,0,150.54,600.43,0,-1
193,legit_14,1001.6,696.13,11.1325,0.3076,0.0,F3F4,0,107.63,573.74,0,-1
193,legit_15,601.6,724.56,12.1195,0.6772,0.0,D3D4,0,188.01,462.49,0,-1
193,legit_16,201.6,313.45,11.656,-0.1517,0.0,B1B2,0,69.49,620.18,0,-1
193,legit_17,1.6,819.25,7.5516,2.5931,0.0,A4A5,0,149.84,733.98,0,-1
193,legit_18,226.31,-1.6,10.4893,1.523,90.0,B0C0,0,143.56,789.99,0,-1
193,legit_19,601.6,928.53,12.1739,0.2707,0.0,D4D5,0,172.8,529.98,0,-1
193,legit_20,998.4,894.15,13.1174,0.0523,180.0,F5F4,0,74.8,623.24,0,-1
193,legit_21,835.15,-1.6,11.9692,2.0388,90.0,E0F0,0,148.45,740.21,0,-1
193,legit_22,601.6,555.76,12.9338,-0.3121,0.0,D2D3,0,154.85,452.3,0,-1
193,legit_23,798.4,546.43,13.6525,0.6212,180.0,E3E2,2,72.2,480.66,0,-1
193,legit_24,998.4,252.44,13.407,-0.2507,180.0,F2F1,0,119.3,646.49,0,-1
193,legit_25,398.4,708.83,13.0054,0.19,180.0,C4C3,1,120.44,488.71,0,-1
193,legit_26,422.43,798.4,12.2974,0.7548,90.0,C4D4,1,49.9,500.67,0,-1
193,legit_27,1.6,162.65,13.7883,1.0251,0.0,A0A1,0,154.41,818.15,0,-1
193,legit_28,920.98,401.6,13.4553,-0.4279,270.0,F2E2,0,135.56,553.59,0,-1
193,legit_29,795.91,598.84,7.1162,1.1364,84.9,:E3_14,2,45.92,477.15,0,-1
193,legit_30,998.4,47.47,12.9918,-0.3855,180.0,F1F0,0,89.01,765.31,0,-1
193,legit_31,598.4,132.02,13.2906,1.6773,180.0,D1D0,0,148.89,609.04,0,-1
193,legit_32,787.7,601.6,0.0,0.0,270.0,E3D3,2,37.73,474.54,0,-1
194,legit_14,1001.6,706.87,10.7379,-0.3945,0.0,F3F4,0,117.32,575.27,0,-1
194,legit_15,601.6,736.45,11.8932,-0.2263,0.0,D3D4,0,180.96,464.77,0,-1
194,legit_16,201.6,325.93,12.4719,0.8159,0.0,B1B2,0,61.84,615.34,0,-1
194,legit_17,1.6,828.26,9.0042,1.4526,0.0,A4A5,0,148.86,736.38,0,-1
194,legit_18,239.28,-1.6,12.9703,2.481,90.0,B0C0,0,150.86,784.48,0,-1
194,legit_19,601.6,940.35,11.814,-0.3599,0.0,D4D5,0,179.14,535.72,0,-1
194,legit_20,998.4,881.06,13.0895,-0.0278,180.0,F5F4,0,65.94,618.03,0,-1
194,legit_21,848.52,-1.6,13.3676,1.3983,90.0,E0F0,0,156.5,744.13,0,-1
194,legit_22,601.6,569.44,13.6839,0.75,0.0,D2D3,0,151.51,451.5,0,-1
194,legit_23,798.4,532.84,13.592,-0.0605,180.0,E3E2,2,82.78,482.06,0,-1
194,legit_24,998.4,238.7,13.7423,0.3353,180.0,F2F1,0,129.43,652.93,0,-1
194,legit_25,398.4,696.18,12.6457,-0.3598,180.0,C4C3,1,109.15,486.77,0,-1
194,legit_26,434.88,798.4,12.4466,0.1492,90.0,C4D4,1,44.26,497.4,0,-1
194,legit_27,1.6,175.68,13.0308,-0.7575,0.0,A0A1,0,158.5,811.69,0,-1
194,legit_28,907.76,401.6,13.2263,-0.229,270.0,F2E2,0,148.2,547.75,0,-1
194,legit_29,800.97,603.21,7.0012,-0.1151,41.89,:E3_14,2,51.07,478.81,0,-1
194,legit_30,998.4,34.09,13.3804,0.3886,180.0,F1F0,0,100.22,774.87,0,-1
194,legit_31,598.4,120.0,12.0249,-1.2657,180.0,D1D0,0,148.4,617.03,0,-1
194,legit_32,785.79,601.6,1.9099,1.9099,270.0,E3D3,2,35.83,473.94,0,-1
195,legit_14,1001.6,718.19,11.3194,0.5814,0.0,F3F4,1,127.71,577.01,0,-1
195,legit_15,601.6,748.32,11.869,-0.0242,0.0,D3D4,0,174.43,467.24,0,-1
195,legit_16,201.6,338.35,12.42,-0.0519,0.0,B1B2,0,55.96,610.75,0,-1
195,legit_17,1.6,839.24,10.9829,1.9787,0.0,A4A5,0,148.4,739.44,0,-1
195,legit_18,252.4,-1.6,13.1156,0.1453,90.0,B0C0,0,158.97,779.1,0,-1
195,legit_19,601.6,952.85,12.5027,0.6888,0.0,D4D5,0,186.43,541.99,0,-1
195,legit_20,998.4,867.45,13.6127,0.5232,180.0,F5F4,1,58.45,612.86,0,-1
195,legit_21,862.04,-1.6,13.5174,0.1498,90.0,E0F0,1,165.35,748.3,0,-1
195,legit_22,601.6,582.93,13.4875,-0.1964,0.0,D2D3,0,149.38,451.0,0,-1
195,legit_23,798.4,519.42,13.4194,-0.1725,180.0,E3E2,2,94.0,483.66,0,-1
195,legit_24,998.4,225.52,13.176,-0.5663,180.0,F2F1,0,117.46,659.28,0,-1
195,legit_25,398.4,683.5,12.6867,0.041,180.0,C4C3,1,98.15,485.02,0,-1
195,legit_26,447.25,798.4,12.3642,-0.0823,90.0,C4D4,1,41.69,494.47,0,-1
195,legit_27,1.6,188.89,13.2114,0.1806,0.0,A0A1,0,163.61,805.32,0,-1
195,legit_28,894.64,401.6,13.1209,-0.1053,270.0,F2E2,0,150.5,542.13,0,-1
195,legit_29,801.6,609.61,6.4642,-0.5369,4.21,E3E4,2,52.49,479.11,0,-1
195,legit_30,998.4,20.58,13.5128,0.1324,180.0,F1F0,1,112.02,784.65,0,-1
195,legit_31,598.4,107.2,12.7937,0.7688,180.0,D1D0,0,148.95,625.74,0,-1
195,legit_32,782.03,601.6,3.7601,1.8502,270.0,E3D3,2,32.07,472.78,0,-1
196,legit_14,1001.6,729.22,11.0279,-0.2914,0.0,F3F4,1,120.9,578.83,0,-1
196,legit_15,601.6,759.67,11.35,-0.5191,0.0,D3D4,1,168.75,469.78,0,-1
196,legit_16,201.6,350.84,12.495,0.075,0.0,B1B2,0,52.41,606.38,0,-1
196,legit_17,1.6,851.74,12.4968,1.5139,0.0,A4A5,0,148.86,743.1,0,-1
196,legit_18,266.0,-1.6,13.6062,0.4906,90.0,B0C0,0,168.06,773.7,0,-1
196,legit_19,601.6,964.75,11.8969,-0.6058,0.0,D4D5,0,187.9,548.14,0,-1
196,legit_20,998.4,854.75,12.7006,-0.9121,180.0,F5F4,1,53.67,608.3,0,-1
196,legit_21,875.44,-1.6,13.4004,-0.1169,90.0,E0F0,1,174.7,752.62,0,-1
196,legit_22,601.6,591.96,9.0274,-4.4601,0.0,D2D3,0,148.62,450.82,0,-1
196,legit_23,798.4,506.5,12.9145,-0.5049,180.0,E3E2,3,105.28,485.41,0,-1
196,legit_24,998.4,215.06,10.4611,-2.715,180.0,F2F1,0,108.16,664.44,0,-1
196,legit_25,398.4,670.63,12.8638,0.1771,180.0,C4C3,1,87.47,483.44,0,-1
196,legit_26,460.25,798.4,13.0026,0.6384,90.0,C4D4,2,42.84,491.77,0,-1
196,legit_27,1.6,201.67,12.7747,-0.4367,0.0,:A1_7,0,169.39,799.33,0,-1
196,legit_28,880.93,401.6,13.7069,0.586,270.0,F2E2,1,137.38,536.46,0,-1
196,legit_29,801.6,618.07,8.455,1.9908,0.0,E3E4,2,54.67,479.34,0,-1
196,legit_30,998.4,10.47,10.1069,-3.4059,180.0,F1F0,1,121.08,792.05,0,-1
196,legit_31,598.4,94.22,12.9831,0.1893,180.0,D1D0,0,150.62,634.78,0,-1
196,legit_32,776.13,601.6,5.8989,2.1388,270.0,E3D3,2,26.18,470.98,0,-1
197,legit_14,1001.6,739.48,10.2611,-0.7669,0.0,F3F4,1,111.57,580.64,0,-1
197,legit_15,601.6,771.68,12.0066,0.6566,0.0,D3D4,1,163.37,472.67,0,-1
197,legit_16,201.6,362.57,11.7289,-0.7661,0.0,B1B2,0,51.66,602.55,0,-1
197,legit_17,1.6,863.8,12.061,-0.4358,0.0,A4A5,0,150.3,746.82,0,-1
197,legit_18,279.25,-1.6,13.2436,-0.3627,90.0,B0C0,0,177.46,768.63,0,-1
197,legit_19,601.6,976.95,12.1992,0.3023,0.0,D4D5,0,180.67,554.63,0,-1
197,legit_20,998.4,841.88,12.8642,0.1636,180.0,F5F4,1,51.63,603.97,0,-1
197,legit_21,888.81,-1.6,13.3673,-0.0332,90.0,E0F0,1,184.54,757.12,0,-1
197,legit_22,603.89,597.53,6.392,-2.6354,27.83,:D3_8,0,146.13,450.79,0,-1
197,legit_23,798.4,492.94,13.5652,0.6507,180.0,E3E2,3,117.49,487.45,0,-1
197,legit_24,998.4,208.28,6.7791,-3.682,180.0,F2F1,0,102.25,667.84,0,-1
197,legit_25,398.4,657.4,13.2369,0.3731,180.0,C4C3,0,77.18,482.03,0,-1
197,legit_26,473.06,798.4,12.8106,-0.1921,90.0,C4D4,1,47.56,489.48,0,-1
197,legit_27,1.6,215.34,13.6712,0.8965,0.0,A1A2,0,176.39,793.12,0,-1
197,legit_28,868.13,401.6,12.7953,-0.9116,270.0,F2E2,1,125.24,531.35,0,-1
197,legit_29,801.6,628.71,10.6445,2.1894,0.0,E3E4,2,59.05,479.82,0,-1
197,legit_30,998.4,3.24,7.2325,-2.8743,180.0,F1F0,1,127.66,797.38,0,-1
197,legit_31,598.4,81.72,12.4953,-0.4877,180.0,D1D0,0,153.26,643.68,0,-1
197,legit_32,768.87,601.6,7.2606,1.3618,270.0,E3D3,2,18.94,468.83,0,-1
198,legit_14,1001.6,749.69,10.2103,-0.0508,0.0,F3F4,1,102.47,582.55,0,-1
198,legit_15,601.6,783.3,11.624,-0.3826,0.0,D3D4,1,158.86,475.66,0,-1
198,legit_16,201.6,374.49,11.9159,0.187,0.0,B1B2,0,53.59,598.91,0,-1
198,legit_17,1.6,876.83,13.0264,0.9654,0.0,A4A5,0,152.9,751.02,0,-1
198,legit_18,293.07,-1.6,13.8238,0.5803,90.0,B0C0,0,187.77,763.52,0,-1
198,legit_19,601.6,985.93,8.9813,-3.218,0.0,D4D5,0,175.71,559.53,0,-1
198,legit_20,998.4,828.44,13.4448,0.5807,180.0,F5F4,1,52.88,599.78,0,-1
198,legit_21,902.09,-1.6,13.2844,-0.0828,90.0,E0F0,1,191.48,761.78,0,-1
198,legit_22,609.52,598.4,5.7947,-0.5973,84.71,D3E3,0,140.49,450.83,0,-1
198,legit_23,798.4,479.14,13.8,0.2348,180.0,E3E2,2,128.6,489.75,0,-1
198,legit_24,996.79,202.88,5.8356,-0.9435,199.39,:F1_0,0,98.49,669.76,0,-1
198,legit_25,398.4,644.18,13.2174,-0.0196,180.0,C4C3,0,67.93,480.86,0,-1
198,legit_26,486.27,798.4,13.2104,0.3999,90.0,C4D4,1,55.19,487.46,0,-1
198,legit_27,1.6,228.34,13.0012,-0.6701,0.0,A1A2,0,183.74,787.38,0,-1
198,legit_28,855.3,401.6,12.836,0.0407,270.0,F2E2,1,113.22,526.4,0,-1
198,legit_29,801.6,640.0,11.2912,0.6467,0.0,E3E4,1,65.29,480.54,0,-1
198,legit_30,995.48,1.6,3.9338,-3.2987,227.2,F0E0,1,130.35,797.26,0,-1
198,legit_31,598.4,69.59,12.1347,-0.3607,180.0,D1D0,0,156.73,652.5,0,-1
198,legit_32,759.75,601.6,9.1188,1.8582,270.0,E3D3,2,9.88,466.21,0,-1
198,legit_33,201.6,212.3,0.0,0.0,0.0,B1B2,0,105.74,665.82,0,-1
199,legit_14,1001.6,760.88,11.1926,0.9822,0.0,F3F4,1,92.75,584.78,0,-1
199,legit_15,601.6,794.6,11.3017,-0.3223,0.0,:D4_9,1,155.19,478.76,0,-1
199,legit_16,201.6,385.36,10.8793,-1.0365,0.0,B1B2,0,57.5,595.81,0,-1
199,legit_17,1.6,888.92,12.0953,-0.931,0.0,A4A5,0,156.26,755.1,0,-1
199,legit_18,306.92,-1.6,13.8514,0.0276,90.0,B0C0,0,187.77,758.6,0,-1
199,legit_19,601.6,990.91,4.983,-3.9983,0.0,D4D5,0,173.09,562.29,0,-1
199,legit_20,998.4,814.77,13.6667,0.2219,180.0,F5F4,1,57.44,595.85,0,-1
199,legit_21,915.6,-1.6,13.5102,0.2258,90.0,E0F0,1,181.24,766.7,0,-1
199,legit_22,617.03,598.4,7.5177,1.723,90.0,D3E3,1,132.98,450.94,0,-1
199,legit_23,798.4,465.87,13.2735,-0.5265,180.0,E3E2,2,116.41,492.16,0,-1
199,legit_24,990.79,201.6,6.2809,0.4453,262.83,F1E1,0,100.82,667.4,0,-1
199,legit_25,398.4,631.46,12.7139,-0.5035,180.0,C4C3,0,60.44,479.98,0,-1
199,legit_26,499.74,798.4,13.476,0.2656,90.0,C4D4,1,64.85,485.69,0,-1
199,legit_27,1.6,241.03,12.6948,-0.3064,0.0,A1A2,0,190.2,781.95,0,-1
199,legit_28,841.59,401.6,13.7068,0.8708,270.0,F2E2,1,100.6,521.31,0,-1
199,legit_29,801.6,651.84,11.8341,0.5429,0.0,E3E4,1,73.14,481.51,0,-1
199,legit_30,989.08,1.6,6.4059,2.4721,270.0,F0E0,1,133.16,794.37,0,-1
199,legit_31,598.4,57.04,12.5467,0.4121,180.0,D1D0,0,161.2,661.78,0,-1
199,legit_32,748.23,601.6,11.5246,2.4057,270.0,E3D3,3,2.39,463.24,0,-1
199,legit_33,201.6,213.82,1.5161,1.5161,0.0,B1B2,0,107.07,665.06,0,-1
200,legit_14,1001.6,771.29,10.4096,-0.783,0.0,F3F4,1,84.05,586.96,0,-1
200,legit_15,601.6,806.38,11.779,0.4773,0.0,:D4_9,1,152.16,482.2,0,-1
200,legit_16,201.6,391.74,6.3793,-4.5,0.0,B1B2,0,60.58,594.09,0,-1
200,legit_17,1.6,901.06,12.1402,0.0448,0.0,A4A5,0,160.47,759.37,0,-1
200,legit_18,320.77,-1.6,13.8478,-0.0036,90.0,B0C0,0,177.44,753.88,0,-1
200,legit_19,602.49,996.15,5.4138,0.4308,10.45,:D5_3,0,169.68,565.23,0,-1
200,legit_20,998.4,801.38,13.3885,-0.2783,180.0,:F4_1,1,64.45,592.3,0,-1
200,legit_21,928.95,-1.6,13.3524,-0.1578,90.0,E0F0,1,171.58,771.75,0,-1
200,legit_22,625.94,598.4,8.9067,1.389,90.0,D3E3,1,124.07,451.15,0,-1
200,legit_23,798.4,452.06,13.8044,0.5309,180.0,E3E2,1,104.01,494.88,0,-1
200,legit_24,982.8,201.6,7.9946,1.7137,270.0,F1E1,0,105.71,663.46,0,-1
200,legit_25,398.4,618.33,13.1301,0.4162,180.0,C4C3,0,54.76,479.35,0,-1
200,legit_26,512.87,798.4,13.1259,-0.3501,90.0,C4D4,1,75.39,484.22,0,-1
200,legit_27,1.6,254.83,13.7993,1.1045,0.0,A1A2,0,181.89,776.24,0,-1
200,legit_28,828.96,401.6,12.6347,-1.0721,270.0,F2E2,1,89.24,516.82,0,-1
200,legit_29,801.6,664.2,12.3596,0.5256,0.0,E3E4,1,82.36,482.72,0,-1
200,legit_30,980.62,1.6,8.4563,2.0504,270.0,F0E0,1,137.23,790.61,0,-1
200,legit_31,598.4,44.35,12.6922,0.1455,180.0,D1D0,0,166.57,671.34,0,-1
200,legit_32,735.18,601.6,13.0456,1.521,270.0,E3D3,2,14.9,461.1,0,-1
200,legit_33,201.6,217.54,3.7204,2.2042,0.0,B1B2,0,110.34,663.21,0,-1
201,legit_14,1001.6,781.55,10.2612,-0.1483,0.0,F3F4,1,75.89,589.24,0,-1
201,legit_15,601.6,818.15,11.7688,-0.0102,0.0,D4D5,1,150.0,485.83,0,-1
201,legit_16,200.42,394.19,2.9191,-3.4603,345.41,:B2_19,0,60.92,594.07,0,-1
201,legit_17,1.6,913.7,12.6423,0.5021,0.0,A4A5,0,165.69,763.99,0,-1
201,legit_18,333.77,-1.6,13.0012,-0.8467,90.0,B0C0,0,168.21,749.63,0,-1
201,legit_19,607.44,998.4,5.7497,0.3359,70.61,D5E5,0,164.26,566.53,0,-1
201,legit_20,998.4,788.12,13.2592,-0.1293,180.0,F4F3,1,73.17,589.04,0,-1
201,legit_21,941.99,-1.6,13.0329,-0.3195,90.0,E0F0,1,162.65,776.85,0,-1
201,legit_22,637.32,598.4,11.378,2.4712,90.0,D3E3,1,112.69,451.55,0,-1
201,legit_23,798.4,438.83,13.2286,-0.5759,180.0,E3E2,1,92.51,497.69,0,-1
201,legit_24,973.22,201.6,9.5819,1.5873,270.0,F1E1,0,112.05,658.83,0,-1
201,legit_25,398.4,605.71,12.6283,-0.5017,180.0,:C3_1,0,51.91,479.05,0,-1
201,legit_26,525.4,798.4,12.5243,-0.6016,90.0,C4D4,1,86.11,483.03,0,-1
201,legit_27,1.6,268.66,13.8226,0.0234,0.0,A1A2,0,174.26,770.73,0,-1
201,legit_28,817.79,401.6,11.1681,-1.4666,270.0,F2E2,1,79.53,513.0,0,-1
201,legit_29,801.6,676.27,12.0775,-0.2821,0.0,E3E4,1,92.09,484.11,0,-1
201,legit_30,970.53,1.6,10.0861,1.6298,270.0,F0E0,1,142.6,786.24,0,-1
201,legit_31,598.4,31.79,12.5622,-0.13,180.0,D1D0,0,172.64,680.96,0,-1
201,legit_32,722.5,601.6,12.6845,-0.361,270.0,E3D3,2,27.55,459.24,0,-1
201,legit_33,201.6,223.3,5.7657,2.0453,0.0,B1B2,0,115.47,660.37,0,-1
202,legit_14,1001.6,792.86,11.3137,1.0525,0.0,:F4_3,1,67.56,591.9,0,-1
202,legit_15,601.6,829.36,11.2116,-0.5572,0.0,D4D5,1,148.78,489.49,0,-1
202,legit_16,198.61,393.12,2.4238,-0.4953,289.06,:B2_19,0,58.82,595.32,0,-1
202,legit_17,1.6,926.36,12.661,0.0187,0.0,A4A5,0,171.7,768.79,0,-1
202,legit_18,347.54,-1.6,13.7701,0.7689,90.0,B0C0,0,159.01,745.33,0,-1
202,legit_19,615.25,998.4,7.8057,2.056,90.0,D5E5,0,157.53,566.62,0,-1
202,legit_20,998.4,774.84,13.2877,0.0286,180.0,F4F3,1,83.12,585.99,0,-1
202,legit_21,955.61,-1.6,13.6279,0.595,90.0,E0F0,1,153.93,782.37,0,-1
202,legit_22,650.08,598.4,12.7576,1.3796,90.0,D3E3,1,99.94,452.18,0,-1
202,legit_23,798.4,425.85,12.9857,-0.2429,180.0,E3E2,1,81.72,500.65,0,-1
202,legit_24,961.27,201.6,11.9481,2.3662,270.0,F1E1,0,120.55,653.21,0,-1
202,legit_25,398.4,592.8,12.9104,0.2821,180.0,C3C2,0,52.1,479.06,0,-1
202,legit_26,538.71,798.4,13.3113,0.787,90.0,C4D4,1,97.98,481.99,0,-1
202,legit_27,1.6,282.21,13.5518,-0.2708,0.0,A1A2,0,167.55,765.52,0,-1
202,legit_28,810.33,401.6,7.4541,-3.714,270.0,F2E2,1,73.29,510.55,0,-1
202,legit_29,801.6,687.73,11.4572,-0.6203,0.0,E3E4,1,101.78,485.58,0,-1
202,legit_30,958.64,1.6,11.891,1.8049,270.0,F0E0,1,149.55,781.22,0,-1
202,legit_31,598.4,19.57,12.2207,-0.3416,180.0,D1D0,0,179.19,690.45,0,-1
202,legit_32,708.94,601.6,13.5533,0.8688,270.0,E3D3,2,41.09,457.46,0,-1
202,legit_33,201.6,231.49,8.1914,2.4257,0.0,B1B2,0,122.86,656.38,0,-1
203,legit_14,1001.6,803.62,10.7576,-0.5561,0.0,:F4_3,1,60.55,594.58,0,-1
203,legit_15,601.6,840.71,11.3438,0.1322,0.0,D4D5,1,148.4,493.39,0,-1
203,legit_16,198.4,390.01,3.1684,0.7446,199.01,B2B1,1,56.95,596.25,0,-1
203,legit_17,1.6,938.51,12.1417,-0.5193,0.0,A4A5,0,178.12,773.56,0,-1
203,legit_18,361.09,-1.6,13.546,-0.224,90.0,B0C0,0,150.64,741.29,0,-1
203,legit_19,624.76,998.4,9.5159,1.7102,90.0,D5E5,0,149.47,566.83,0,-1
203,legit_20,998.4,761.27,13.5625,0.2748,180.0,F4F3,1,94.13,583.1,0,-1
203,legit_21,969.01,-1.6,13.3971,-0.2309,90.0,E0F0,1,146.1,787.98,0,-1
203,legit_22,663.46,598.4,13.3869,0.6293,90.0,D3E3,1,86.55,453.03,0,-1
203,legit_23,798.4,412.63,13.2173,0.2316,180.0,E3E2,1,71.5,503.89,0,-1
203,legit_24,947.51,201.6,13.761,1.8128,270.0,F1E1,0,131.01,646.94,0,-1
203,legit_25,398.4,579.99,12.8051,-0.1054,180.0,C3C2,0,55.34,479.41,0,-1
203,legit_26,550.98,798.4,12.2746,-1.0367,90.0,C4D4,1,109.21,481.21,0,-1
203,legit_27,1.6,295.76,13.5486,-0.0032,0.0,A1A2,0,161.71,760.51,0,-1
203,legit_28,807.38,401.6,2.9541,-4.5,270.0,F2E2,1,70.87,509.59,0,-1
203,legit_29,801.6,699.56,11.8307,0.3735,0.0,E3E4,1,112.14,487.27,0,-1
203,legit_30,945.84,1.6,12.7979,0.9069,270.0,F0E0,1,157.69,775.98,0,-1
203,legit_31,598.4,11.45,8.1203,-4.1004,180.0,D1D0,0,183.86,696.83,0,-1
203,legit_32,696.11,601.6,12.8322,-0.7211,270.0,E3D3,2,53.91,455.97,0,-1
203,legit_33,201.6,241.91,10.4195,2.2281,0.0,B1B2,1,128.87,651.41,0,-1
204,legit_14,1001.6,814.9,11.2779,0.5203,0.0,F4F5,1,54.52,597.58,0,-1
204,legit_15,601.6,852.05,11.3428,-0.0011,0.0,D4D5,1,148.89,497.48,0,-1
204,legit_16,198.4,385.26,4.7578,1.5894,180.0,B2B1,1,54.59,597.54,0,-1
204,legit_17,1.6,950.46,11.9534,-0.1883,0.0,A4A5,0,185.0,778.41,0,-1
204,legit_18,374.6,-1.6,13.5163,-0.0297,90.0,B0C0,0,143.08,737.47,0,-1
204,legit_19,636.07,998.4,11.3017,1.7859,90.0,D5E5,0,140.14,567.22,0,-1
204,legit_20,998.4,747.62,13.6544,0.0919,180.0,F4F3,1,105.82,580.39,0,-1
204,legit_21,982.47,-1.6,13.4634,0.0663,90.0,E0F0,1,139.09,793.82,0,-1
204,legit_22,676.25,598.4,12.7874,-0.5994,90.0,D3E3,1,73.77,454.04,0,-1
204,legit_23,798.4,399.28,13.3499,0.1326,180.0,:E2_1,1,62.33,507.39,0,-1
204,legit_24,934.42,201.6,13.083,-0.678,270.0,F1E1,0,141.48,641.17,0,-1
204,legit_25,398.4,566.41,13.5826,0.7775,180.0,C3C2,0,61.57,480.11,0,-1
204,legit_26,564.46,798.4,13.4794,1.2048,90.0,C4D4,1,121.79,480.56,0,-1
204,legit_27,1.6,309.04,13.2796,-0.2691,0.0,A1A2,0,156.91,755.81,0,-1
204,legit_28,807.3,401.6,0.0761,-2.878,270.0,F2E2,1,70.81,509.57,0,-1
204,legit_29,801.6,711.59,12.0284,0.1977,0.0,E3E4,0,122.94,489.15,0,-1
204,legit_30,932.25,1.6,13.5963,0.7984,270.0,F0E0,1,166.98,770.6,0,-1
204,legit_31,598.22,5.97,5.4919,-2.6284,182.02,:D0_0,0,187.01,701.17,0,-1
204,legit_32,682.45,601.6,13.6623,0.8301,270.0,E3D3,1,67.57,454.6,0,-1
204,legit_33,201.6,254.53,12.6196,2.2001,0.0,B1B2,1,117.41,645.52,0,-1
204,legit_34,812.3,998.4,0.0,0.0,90.0,E5F5,0,102.66,596.05,0,-1
205,legit_14,1001.6,825.69,10.7888,-0.489,0.0,F4F5,1,50.47,600.64,0,-1
205,legit_15,601.6,863.28,11.2345,-0.1083,0.0,D4D5,2,150.22,501.73,0,-1
205,legit_16,198.4,378.85,6.406,1.6482,180.0,B2B1,1,51.94,599.33,0,-1
205,legit_17,1.6,963.63,13.1728,1.2195,0.0,A4A5,0,188.58,783.93,0,-1
205,legit_18,388.28,-1.6,13.6702,0.1539,90.0,B0C0,0,136.37,733.82,0,-1
205,legit_19,648.43,998.4,12.3624,1.0606,90.0,D5E5,1,130.29,567.8,0,-1
205,legit_20,998.4,734.81,12.8052,-0.8491,180.0,F4F3,1,117.16,578.03,0,-1
205,legit_21,996.28,-1.6,13.8021,0.3387,90.0,E0F0,1,132.94,800.0,0,-1
205,legit_22,689.88,598.4,13.6348,0.8473,90.0,D3E3,1,60.14,455.32,0,-1
205,legit_23,798.4,386.12,13.1562,-0.1937,180.0,E2E1,1,55.0,511.11,0,-1
205,legit_24,921.0,201.6,13.4245,0.3415,270.0,F1E1,0,152.64,635.43,0,-1
205,legit_25,398.4,552.77,13.6403,0.0577,180.0,C3C2,0,69.95,481.11,0,-1
205,legit_26,577.09,798.4,12.6276,-0.8518,90.0,C4D4,1,133.72,480.14,0,-1
205,legit_27,1.6,322.04,12.9992,-0.2803,0.0,A1A2,0,153.18,751.4,0,-1
205,legit_28,805.48,401.6,1.8247,1.7486,270.0,:E2_5,1,69.34,508.98,0,-1
205,legit_29,801.6,723.83,12.2445,0.2161,0.0,E3E4,0,127.11,491.24,0,-1
205,legit_30,919.53,1.6,12.7159,-0.8804,270.0,F0E0,1,176.18,765.74,0,-1
205,legit_31,594.58,1.85,5.9882,0.4962,228.19,:D0_0,0,186.71,704.45,0,-1
205,legit_32,669.28,601.6,13.1679,-0.4944,270.0,E3D3,1,80.73,453.47,0,-1
205,legit_33,201.6,267.56,13.0281,0.4085,0.0,B1B2,1,105.87,639.61,0,-1
205,legit_34,813.62,998.4,1.3168,1.3168,90.0,E5F5,0,103.47,596.44,0,-1
206,legit_14,1001.6,836.56,10.8746,0.0858,0.0,F4F5,1,48.52,603.94,0,-1
206,legit_15,601.6,875.34,12.0599,0.8254,0.0,D4D5,2,152.55,506.49,0,-1
206,legit_16,198.4,369.87,8.9811,2.5752,180.0,B2B1,1,49.4,601.96,0,-1
206,legit_17,1.6,976.56,12.9295,-0.2434,0.0,A4A5,0,180.89,789.52,0,-1
206,legit_18,400.93,-1.6,12.6539,-1.0163,90.0,:C0_6,0,131.13,730.64,0,-1
206,legit_19,661.31,998.4,12.8796,0.5172,90.0,D5E5,1,120.52,568.61,0,-1
206,legit_20,998.4,721.33,13.4851,0.6798,180.0,F4F3,1,129.4,575.73,0,-1
206,legit_22,703.17,598.4,13.2889,-0.3459,90.0,D3E3,1,46.85,456.77,0,-1
206,legit_23,798.4,372.26,13.8609,0.7047,180.0,E2E1,1,49.93,515.35,0,-1
206,legit_24,908.4,201.6,12.599,-0.8255,270.0,F1E1,0,163.43,630.22,0,-1
206,legit_25,398.4,538.89,13.8753,0.235,180.0,C3C2,0,79.98,482.4,0,-1
206,legit_26,586.36,798.4,9.273,-3.3546,90.0,C4D4,1,142.57,479.95,0,-1
206,legit_27,1.6,335.46,13.4293,0.4301,0.0,A1A2,0,150.41,747.05,0,-1
206,legit_28,801.33,401.6,4.1478,2.3231,270.0,:E2_5,1,66.07,507.67,0,-1
206,legit_29,801.6,736.29,12.4539,0.2094,0.0,E3E4,0,115.84,493.54,0,-1
206,legit_30,905.77,1.6,13.7625,1.0466,270.0,F0E0,0,186.6,760.67,0,-1
206,legit_31,588.72,1.6,5.8807,-0.1074,268.51,D0C0,0,182.38,704.71,0,-1
206,legit_32,656.65,601.6,12.6338,-0.5341,270.0,E3D3,1,93.37,452.57,0,-1
206,legit_33,201.6,280.65,13.0875,0.0594,0.0,B1B2,1,94.65,633.84,0,-1
206,legit_34,817.32,998.4,3.7031,2.3863,90.0,E5F5,0,105.79,597.56,0,-1
207,legit_14,1001.6,847.5,10.9368,0.0622,0.0,F4F5,1,48.98,607.49,0,-1
207,legit_15,601.6,886.25,10.9012,-1.1587,0.0,D4D5,2,155.44,510.98,0,-1
207,legit_16,198.4,358.75,11.1153,2.1342,180.0,B2B1,1,48.42,605.43,0,-1
207,legit_17,1.6,988.65,12.0908,-0.8387,0.0,A4A5,0,174.26,794.91,0,-1
207,legit_18,414.44,-1.6,13.507,0.8531,90.0,C0D0,0,126.69,727.46,0,-1
207,legit_19,673.7,998.4,12.3896,-0.49,90.0,D5E5,2,111.72,569.57,0,-1
207,legit_20,998.4,708.67,12.6593,-0.8258,180.0,F4F3,1,120.3,573.75,0,-1
207,legit_22,716.74,598.4,13.5646,0.2758,90.0,D3E3,1,33.3,458.46,0,-1
207,legit_23,798.4,359.65,12.6091,-1.2518,180.0,E2E1,1,48.4,519.53,0,-1
207,legit_24,895.04,201.6,13.3572,0.7582,270.0,F1E1,0,166.42,624.87,0,-1
207,legit_25,398.4,525.29,13.6027,-0.2726,180.0,C3C2,0,90.8,483.92,0,-1
207,legit_26,591.61,798.4,5.2509,-4.0221,90.0,C4D4,1,147.6,479.89,0,-1
207,legit_27,1.6,348.42,12.9548,-0.4745,0.0,A1A2,0,148.85,743.06,0,-1
207,legit_28,795.19,401.6,6.1408,1.993,270.0,:E2_5,1,61.42,505.78,0,-1
207,legit_29,801.6,748.3,12.0072,-0.4466,0.0,E3E4,0,105.22,495.92,0,-1
207,legit_30,893.03,1.6,12.7446,-1.0178,270.0,F0E0,0,185.67,756.14,0,-1
207,legit_31,581.17,1.6,7.55,1.6693,270.0,D0C0,0,176.7,704.84,0,-1
207,legit_32,643.14,601.6,13.5076,0.8738,270.0,E3D3,1,106.87,451.82,0,-1
207,legit_33,201.6,293.93,13.2773,0.1898,0.0,B1B2,1,83.84,628.16,0,-1
207,legit_34,823.39,998.4,6.0741,2.371,90.0,E5F5,1,109.75,599.44,0,-1
208,legit_14,1001.6,858.35,10.8549,-0.0819,0.0,F4F5,0,51.76,611.23,0,-1
208,legit_15,601.6,897.83,11.5863,0.6852,0.0,D4D5,2,159.27,515.94,0,-1
208,legit_16,198.4,346.37,12.3879,1.2726,180.0,B2B1,1,50.28,609.58,0,-1
208,legit_17,1.6,996.24,7.5908,-4.5,0.0,A4A5,0,170.4,798.37,0,-1
208,legit_18,428.28,-1.6,13.8448,0.3378,90.0,C0D0,1,123.52,724.44,0,-1
208,legit_19,685.64,998.4,11.9432,-0.4464,90.0,D5E5,2,103.93,570.69,0,-1
208,legit_20,998.4,695.42,13.2457,0.5864,180.0,F4F3,0,108.48,571.86,0,-1
208,legit_22,730.53,598.4,13.7898,0.2251,90.0,D3E3,1,19.54,460.4,0,-1
208,legit_23,798.4,346.72,12.9315,0.3224,180.0,E2E1,1,50.19,524.15,0,-1
208,legit_24,881.84,201.6,13.2048,-0.1525,270.0,F1E1,0,155.05,619.76,0,-1
208,legit_25,398.4,511.73,13.5553,-0.0474,180.0,C3C2,0,102.24,485.65,0,-1
208,legit_26,597.24,796.6,6.1727,0.9219,112.02,:D4_12,1,153.51,479.33,0,-1
208,legit_27,1.6,361.17,12.7476,-0.2072,0.0,A1A2,0,148.4,739.32,0,-1
208,legit_28,787.58,401.6,7.6131,1.4723,270.0,E2D2,1,56.06,503.51,0,-1
208,legit_29,801.6,760.03,11.7319,-0.2753,0.0,E3E4,0,95.17,498.41,0,-1
208,legit_30,879.74,1.6,13.286,0.5413,270.0,F0E0,0,175.64,751.59,0,-1
208,legit_31,571.82,1.6,9.3466,1.7966,270.0,D0C0,1,169.88,705.08,0,-1
208,legit_32,629.52,601.6,13.6214,0.1138,270.0,E3D3,1,120.49,451.26,0,-1
208,legit_33,201.6,306.53,12.6041,-0.6732,0.0,B1B2,1,74.31,622.96,0,-1
208,legit_34,831.93,998.4,8.5376,2.4634,90.0,E5F5,1,115.63,602.16,0,-1
209,legit_14,1001.6,869.55,11.1922,0.3373,0.0,F4F5,0,56.71,615.31,0,-1
209,legit_15,601.6,909.2,11.3693,-0.217,0.0,D4D5,2,163.74,520.99,0,-1
209,legit_16,198.4,333.83,12.5358,0.1479,180.0,B2B1,1,55.02,614.06,0,-1
209,legit_17,3.16,998.39,3.0908,-4.5,20.96,:A5_1,0,168.0,798.21,0,-1
209,legit_18,441.2,-1.6,12.9188,-0.926,90.0,C0D0,1,121.92,721.85,0,-1
209,legit_19,697.81,998.4,12.1686,0.2253,90.0,D5E5,2,96.86,572.02,0,-1
209,legit_20,998.4,682.61,12.8093,-0.4364,180.0,F4F3,0,97.4,570.21,0,-1
209,legit_22,743.33,598.4,12.8008,-0.989,90.0,D3E3,1,6.86,462.4,0,-1
209,legit_23,798.4,333.44,13.2805,0.349,180.0,E2E1,2,55.21,529.22,0,-1
209,legit_24,868.81,201.6,13.025,-0.1797,270.0,F1E1,1,144.14,614.9,0,-1
209,legit_25,398.4,498.79,12.9403,-0.615,180.0,C3C2,0,113.6,487.52,0,-1
209,legit_26,598.4,790.81,6.0374,-0.1353,172.74,D4D3,1,156.34,477.7,0,-1
209,legit_27,1.6,374.39,13.2269,0.4793,0.0,A1A2,0,149.1,735.66,0,-1
209,legit_28,778.25,401.6,9.325,1.7119,270.0,E2D2,1,50.29,500.86,0,-1
209,legit_29,801.6,771.86,11.8335,0.1017,0.0,E3E4,0,85.47,501.09,0,-1
209,legit_30,866.58,1.6,13.1573,-0.1287,270.0,F0E0,0,166.16,747.28,0,-1
209,legit_31,560.24,1.6,11.5784,2.2317,270.0,D0C0,1,161.78,705.51,0,-1
209,legit_32,617.87,601.6,11.6467,-1.9747,270.0,E3D3,1,132.14,450.95,0,-1
209,legit_33,201.6,319.84,13.3101,0.706,0.0,B1B2,1,65.39,617.68,0,-1
209,legit_34,842.85,998.4,10.9217,2.3841,90.0,E5F5,1,123.61,605.77,0,-1
210,legit_14,1001.6,880.23,10.6886,-0.5037,0.0,F4F5,0,62.94,619.38,0,-1
210,legit_15,601.6,920.79,11.5855,0.2162,0.0,D4D5,2,168.96,526.32,0,-1
210,legit_16,198.4,321.49,12.3362,-0.1996,180.0,B2B1,1,61.85,618.71,0,-1
210,legit_17,6.19,998.4,3.0379,-0.053,77.1,A5B5,0,165.35,795.97,0,-1
210,legit_18,454.12,-1.6,12.9159,-0.0029,90.0,C0D0,1,121.67,719.48,0,-1
210,legit_19,710.56,998.4,12.7521,0.5836,90.0,D5E5,2,90.63,573.65,0,-1
210,legit_20,998.4,668.85,13.7602,0.9509,180.0,F4F3,0,86.04,568.64,0,-1
210,legit_22,756.88,598.4,13.5541,0.7533,90.0,D3E3,1,7.07,465.41,0,-1
210,legit_23,798.4,320.01,13.4341,0.1535,180.0,E2E1,2,62.78,534.66,0,-1
210,legit_24,855.05,201.6,13.7634,0.7384,270.0,F1E1,1,133.02,609.97,0,-1
210,legit_25,398.4,484.93,13.863,0.9227,180.0,C3C2,0,126.11,489.73,0,-1
210,legit_26,598.4,782.17,8.6352,2.5978,180.0,D4D3,1,159.27,475.37,0,-1
210,legit_27,1.6,387.16,12.7671,-0.4597,0.0,A1A2,0,150.87,732.32,0,-1
210,legit_28,767.23,401.6,11.0251,1.7001,270.0,E2D2,1,45.03,497.93,0,-1
210,legit_29,801.6,783.28,11.4239,-0.4097,0.0,E3E4,0,76.68,503.85,0,-1
210,legit_30,853.19,1.6,13.3941,0.2367,270.0,F0E0,0,157.06,743.07,0,-1
210,legit_31,547.36,1.6,12.884,1.3056,270.0,D0C0,1,153.29,706.17,0,-1
210,legit_32,610.72,601.6,7.1467,-4.5,270.0,E3D3,1,139.28,450.84,0,-1
210,legit_33,201.6,332.47,12.632,-0.6782,0.0,B1B2,1,58.48,612.89,0,-1
210,legit_34,856.01,998.4,13.1532,2.2316,90.0,E5F5,1,133.78,610.31,0,-1
210,legit_35,587.7,201.6,0.0,0.0,270.0,D1C1,0,160.06,566.58,0,-1
211,legit_14,1001.6,891.56,11.3278,0.6392,0.0,F4F5,0,70.72,623.87,0,-1
211,legit_15,601.6,932.23,11.4466,-0.1389,0.0,D4D5,1,174.73,531.76,0,-1
211,legit_16,198.4,309.98,11.5144,-0.8218,180.0,B2B1,1,69.6,623.25,0,-1
211,legit_17,11.3,998.4,5.1097,2.0718,90.0,A5B5,0,160.92,792.21,0,-1
211,legit_18,467.71,-1.6,13.5948,0.6789,90.0,C0D0,1,122.88,717.23,0,-1
211,legit_19,722.26,998.4,11.698,-1.0541,90.0,D5E5,2,86.19,575.36,0,-1
211,legit_20,998.4,655.52,13.3371,-0.4231,180.0,F4F3,0,75.79,567.33,0,-1
211,legit_22,769.5,598.4,12.6139,-0.9402,90.0,D3E3,0,19.56,469.01,0,-1
211,legit_23,798.4,306.31,13.6961,0.2621,180.0,E2E1,2,72.28,540.48,0,-1
211,legit_24,841.83,201.6,13.2213,-0.5422,270.0,F1E1,1,122.85,605.43,0,-1
211,legit_25,398.4,471.22,13.7134,-0.1497,180.0,C3C2,0,122.6,492.13,0,-1
211,legit_26,598.4,771.82,10.3496,1.7144,180.0,D4D3,0,163.31,472.71,0,-1
211,legit_27,1.6,400.77,13.6128,0.8456,0.0,:A2_7,0,153.9,728.98,0,-1
211,legit_28,753.73,401.6,13.4934,2.4683,270.0,E2D2,1,41.77,494.69,0,-1
211,legit_29,801.6,791.63,8.3426,-3.0812,0.0,E3E4,0,70.73,505.97,0,-1
211,legit_30,839.67,1.6,13.5221,0.128,270.0,F0E0,0,148.52,739.02,0,-1
211,legit_31,535.14,1.6,12.2139,-0.6701,270.0,D0C0,1,145.84,706.97,0,-1
211,legit_32,602.97,600.82,7.8591,0.7124,260.96,:D3_6,0,147.03,450.78,0,-1
211,legit_33,201.6,345.47,12.9955,0.3635,0.0,B1B2,1,53.61,608.23,0,-1
211,legit_34,869.1,998.4,13.0902,-0.0631,90.0,E5F5,1,144.37,615.01,0,-1
211,legit_35,585.39,201.6,2.3088,2.3088,270.0,D1C1,0,158.08,566.61,0,-1
212,legit_14,1001.6,902.89,11.3312,0.0035,0.0,F4F5,0,79.36,628.52,0,-1
212,legit_15,601.6,943.65,11.4185,-0.0281,0.0,D4D5,1,181.01,537.36,0,-1
212,legit_16,198.4,298.22,11.7593,0.2449,180.0,B2B1,1,78.48,628.05,0,-1
212,legit_17,18.45,998.4,7.1481,2.0384,90.0,A5B5,0,154.8,786.98,0,-1
212,legit_18,480.51,-1.6,12.8009,-0.7939,90.0,C0D0,1,125.37,715.32,0,-1
212,legit_19,734.92,998.4,12.6592,0.9612,90.0,D5E5,2,82.98,577.46,0,-1
212,legit_20,998.4,642.26,13.2553,-0.0818,180.0,F4F3,0,66.7,566.25,0,-1
212,legit_22,780.47,598.4,10.9704,-1.6435,90.0,D3E3,0,30.51,472.3,0,-1
212,legit_23,798.4,292.82,13.4962,-0.1999,180.0,E2E1,2,82.8,546.45,0,-1
212,legit_24,828.3,201.6,13.5326,0.3113,270.0,F1E1,1,113.09,600.99,0,-1
212,legit_25,398.4,458.05,13.1712,-0.5422,180.0,C3C2,0,110.8,494.64,0,-1
212,legit_26,598.4,759.11,12.7167,2.3671,180.0,D4D3,0,169.02,469.65,0,-1
212,legit_27,1.6,413.65,12.8757,-0.737,0.0,A2A3,0,157.8,726.03,0,-1
212,legit_28,740.4,401.6,13.3337,-0.1598,270.0,E2D2,1,42.69,491.9,0,-1
212,legit_29,802.56,796.27,4.8323,-3.5103,11.29,:E4_8,0,68.38,507.49,0,-1
212,legit_30,826.95,1.6,12.7162,-0.8059,270.0,F0E0,0,141.21,735.4,0,-1
212,legit_31,522.17,1.6,12.9738,0.7598,270.0,D0C0,1,138.66,708.02,0,-1
212,legit_32,598.63,594.44,8.2006,0.3415,200.78,:D3_6,0,148.74,450.8,0,-1
212,legit_33,201.6,359.34,13.8746,0.879,0.0,B1B2,1,51.6,603.58,0,-1
212,legit_34,882.21,998.4,13.1146,0.0245,90.0,E5F5,1,155.37,619.9,0,-1
212,legit_35,581.31,201.6,4.081,1.7723,270.0,D1C1,0,154.6,566.69,0,-1
213,legit_14,1001.6,914.17,11.2712,-0.06,0.0,F4F5,1,88.56,633.28,0,-1
213,legit_15,601.6,954.74,11.0839,-0.3345,0.0,D4D5,0,187.58,542.95,0,-1
213,legit_16,198.4,285.93,12.2861,0.5268,180.0,B2B1,1,88.48,633.24,0,-1
213,legit_17,27.81,998.4,9.3606,2.2125,90.0,A5B5,0,146.93,780.19,0,-1
213,legit_18,493.38,-1.6,12.8715,0.0706,90.0,C0D0,1,129.11,713.62,0,-1
213,legit_19,746.94,998.4,12.0163,-0.643,90.0,D5E5,1,81.66,579.7,0,-1
213,legit_20,998.4,628.66,13.603,0.3477,180.0,F4F3,0,59.02,565.41,0,-1
213,legit_22,788.09,598.4,7.6223,-3.3481,90.0,D3E3,0,38.12,474.66,0,-1
213,legit_23,798.4,279.94,12.8706,-0.6257,180.0,E2E1,2,93.55,552.35,0,-1
213,legit_24,814.52,201.6,13.7738,0.2412,270.0,F1E1,1,104.03,596.71,0,-1
213,legit_25,398.4,444.19,13.8565,0.6854,180.0,C3C2,0,98.74,497.5,0,-1
213,legit_26,598.4,745.79,13.3207,0.604,180.0,D4D3,0,175.78,466.69,0,-1
213,legit_27,1.6,426.3,12.6499,-0.2258,0.0,A2A3,0,162.54,723.31,0,-1
213,legit_28,727.73,401.6,12.6679,-0.6658,270.0,E2D2,1,47.19,489.62,0,-1
213,legit_29,806.5,798.3,4.6632,-0.1691,60.55,:E4_8,0,70.22,509.28,0,-1
213,legit_30,814.96,1.6,11.992,-0.7242,270.0,F0E0,0,135.05,732.15,0,-1
213,legit_31,509.76,1.6,12.407,-0.5668,270.0,D0C0,1,132.63,709.2,0,-1
213,legit_32,598.4,586.97,7.4815,-0.7192,180.0,D3D2,0,148.97,450.91,0,-1
213,legit_33,201.6,372.27,12.9264,-0.9482,0.0,B1B2,1,53.04,599.57,0,-1
213,legit_34,895.33,998.4,13.1188,0.0042,90.0,E5F5,2,166.67,624.98,0,-1
213,legit_35,575.14,201.6,6.1671,2.086,270.0,D1C1,0,149.4,566.84,0,-1
214,legit_14,1001.6,925.56,11.3956,0.1244,0.0,F4F5,1,98.3,638.24,0,-1
214,legit_15,601.6,965.72,10.9879,-0.096,0.0,D4D5,0,187.3,548.65,0,-1
214,legit_16,198.4,274.42,11.5118,-0.7743,180.0,B2B1,1,98.32,638.24,0,-1
214,legit_17,39.5,998.4,11.6879,2.3272,90.0,A5B5,0,137.36,771.8,0,-1
214,legit_18,506.21,-1.6,12.8323,-0.0392,90.0,C0D0,1,133.97,712.14,0,-1
214,legit_19,758.84,998.4,11.9017,-0.1146,90.0,D5E5,0,82.08,582.17,0,-1
214,legit_20,998.4,615.13,13.5278,-0.0752,180.0,F4F3,0,53.77,564.86,0,-1
214,legit_22,792.1,598.4,4.0096,-3.6128,90.0,D3E3,0,42.13,475.93,0,-1
214,legit_23,798.4,266.32,13.6199,0.7493,180.0,E2E1,0,105.44,558.79,0,-1
214,legit_25,398.4,431.13,13.0597,-0.7968,180.0,C3C2,0,87.88,500.4,0,-1
214,legit_26,598.4,732.93,12.8568,-0.4638,180.0,D4D3,0,182.99,464.07,0,-1
214,legit_27,1.6,439.19,12.8881,0.2382,0.0,A2A3,0,168.21,720.74,0,-1
214,legit_28,714.76,401.6,12.9671,0.2992,270.0,E2D2,0,54.52,487.61,0,-1
214,legit_29,811.08,798.4,4.5844,-0.0788,88.18,E4F4,0,73.9,510.79,0,-1
214,legit_30,807.47,1.6,7.492,-4.5,270.0,F0E0,0,131.61,730.21,0,-1
214,legit_31,497.76,1.6,12.0041,-0.4029,270.0,D0C0,1,127.67,710.53,0,-1
214,legit_32,598.4,577.98,8.9984,1.5169,180.0,D3D2,0,150.03,451.15,0,-1
214,legit_33,201.6,382.85,10.5772,-2.3492,0.0,B1B2,1,56.43,596.51,0,-1
214,legit_34,909.07,998.4,13.7443,0.6255,90.0,E5F5,1,162.85,630.49,0,-1
214,legit_35,567.04,201.6,8.1054,1.9383,270.0,D1C1,0,142.68,567.1,0,-1
215,legit_14,1001.6,936.36,10.7982,-0.5974,0.0,F4F5,1,107.83,643.05,0,-1
215,legit_15,601.6,976.94,11.2216,0.2336,0.0,D4D5,0,180.67,554.63,0,-1
215,legit_16,198.4,262.78,11.64,0.1282,180.0,B2B1,1,108.6,643.44,0,-1
215,legit_17,52.06,998.4,12.5661,0.8782,90.0,A5B5,0,127.47,762.9,0,-1
215,legit_18,519.78,-1.6,13.5628,0.7305,90.0,C0D0,1,140.2,710.79,0,-1
215,legit_19,771.09,998.4,12.2562,0.3545,90.0,D5E5,0,84.28,584.95,0,-1
215,legit_22,797.56,596.07,6.3043,2.2947,118.37,:E3_12,0,47.72,477.7,0,-1
215,legit_23,798.4,253.04,13.2862,-0.3337,180.0,E2E1,0,117.4,565.26,0,-1
215,legit_25,398.4,417.5,13.6339,0.5742,180.0,C3C2,0,77.26,503.65,0,-1
215,legit_26,598.4,720.44,12.4927,-0.3641,180.0,D4D3,0,190.57,461.75,0,-1
215,legit_27,1.6,451.82,12.6319,-0.2562,0.0,A2A3,0,174.51,718.41,0,-1
215,legit_28,701.72,401.6,13.0433,0.0761,270.0,E2D2,0,63.73,485.87,0,-1
215,legit_29,817.51,798.4,6.4322,1.8477,90.0,E4F4,0,79.3,512.91,0,-1
215,legit_30,802.43,3.95,5.8915,-1.6005,298.6,:E0_3,0,127.34,727.09,0,-1
215,legit_31,484.52,1.6,13.2342,1.2302,270.0,D0C0,1,123.33,712.21,0,-1
215,legit_32,598.4,566.9,11.0704,2.072,180.0,D3D2,0,152.05,451.63,0,-1
215,legit_33,201.6,390.71,7.8605,-2.7166,0.0,B1B2,1,60.05,594.37,0,-1
215,legit_34,922.03,998.4,12.9538,-0.7905,90.0,E5F5,1,151.77,635.86,0,-1
215,legit_35,556.35,201.6,10.6859,2.5806,270.0,D1C1,0,134.05,567.56,0,-1
216,legit_14,1001.6,947.01,10.6463,-0.1518,0.0,F4F5,1,117.44,647.91,0,-1
216,legit_15,601.6,988.9,11.9541,0.7325,0.0,D4D5,0,174.13,561.17,0,-1
216,legit_16,198.4,250.09,12.6898,1.0498,180.0,B2B1,1,120.09,649.25,0,-1
216,legit_17,64.32,998.4,12.2533,-0.3128,90.0,A5B5,0,118.32,754.36,0,-1
216,legit_18,532.57,-1.6,12.7925,-0.7704,90.0,C0D0,1,146.98,709.72,0,-1
216,legit_19,783.54,998.4,12.4449,0.1887,90.0,D5E5,0,88.22,588.03,0,-1
216,legit_22,798.4,590.86,5.3711,-0.9331,172.44,E3E2,0,49.26,478.05,0,-1
216,legit_23,798.4,240.21,12.8301,-0.4561,180.0,E2E1,0,129.2,571.68,0,-1
216,legit_25,398.4,404.19,13.308,-0.3259,180.0,:C2_1,0,67.93,507.07,0,-1
216,legit_26,598.4,706.98,13.4606,0.9678,180.0,D4D3,0,182.94,459.48,0,-1
216,legit_27,1.6,464.95,13.1296,0.4977,0.0,A2A3,0,181.76,716.19,0,-1
216,legit_28,688.9,401.6,12.8186,-0.2246,270.0,E2D2,0,73.92,484.4,0,-1
216,legit_29,826.08,798.4,8.5712,2.1391,90.0,E4F4,0,86.71,515.82,0,-1
216,legit_30,801.6,9.3,5.5055,-0.386,353.4,E0E1,0,122.13,722.68,0,-1
216,legit_31,471.56,1.6,12.9681,-0.2661,270.0,D0C0,1,120.35,714.07,0,-1
216,legit_32,598.4,553.49,13.4169,2.3466,180.0,D3D2,0,155.52,452.46,0,-1
216,legit_33,200.71,394.04,3.6341,-4.2264,349.29,:B2_19,1,61.08,593.96,0,-1
216,legit_34,934.76,998.4,12.7332,-0.2206,90.0,E5F5,1,141.2,641.32,0,-1
216,legit_35,543.98,201.6,12.3694,1.6835,270.0,D1C1,0,124.46,568.25,0,-1
216,legit_36,8.3,-1.6,0.0,0.0,90.0,A0B0,0,186.72,909.59,0,-1
217,legit_14,1001.6,958.03,11.0282,0.3818,0.0,F4F5,1,127.57,653.06,0,-1
217,legit_16,198.4,238.01,12.0863,-0.6035,180.0,B2B1,0,127.55,654.93,0,-1
217,legit_17,76.9,998.4,12.5779,0.3246,90.0,A5B5,0,109.56,745.73,0,-1
217,legit_18,545.42,-1.6,12.8528,0.0604,90.0,C0D0,1,154.57,708.85,0,-1
217,legit_19,796.03,998.4,12.4957,0.0508,90.0,:E5_7,0,93.69,591.37,0,-1
217,legit_22,798.4,583.59,7.261,1.8899,180.0,E3E2,0,51.1,478.24,0,-1
217,legit_23,798.4,227.55,12.6607,-0.1694,180.0,E2E1,0,117.94,578.18,0,-1
217,legit_25,398.4,390.96,13.2237,-0.0843,180.0,C2C1,0,60.18,510.71,0,-1
217,legit_26,598.4,693.88,13.0992,-0.3614,180.0,D4D3,0,175.6,457.52,0,-1
217,legit_27,1.6,478.52,13.5689,0.4393,0.0,A2A3,0,189.92,714.09,0,-1
217,legit_28,675.31,401.6,13.5944,0.7757,270.0,E2D2,0,85.5,483.09,0,-1
217,legit_29,836.45,798.4,10.3653,1.7941,90.0,E4F4,0,95.94,519.46,0,-1
217,legit_30,801.6,16.81,7.5107,2.0052,0.0,E0E1,0,115.37,716.82,0,-1
217,legit_31,458.59,1.6,12.9707,0.0026,270.0,D0C0,1,118.71,716.15,0,-1
217,legit_32,598.4,540.73,12.76,-0.657,180.0,D3D2,0,159.8,453.5,0,-1
217,legit_33,198.4,392.68,3.2541,-0.38,271.46,B2B1,0,58.4,595.55,0,-1
217,legit_34,947.95,998.4,13.1875,0.4544,90.0,E5F5,1,130.66,647.14,0,-1
217,legit_35,530.16,201.6,13.8253,1.4559,270.0,D1C1,0,114.38,569.25,0,-1
217,legit_36,10.02,-1.6,1.7248,1.7248,90.0,A0B0,0,185.42,908.47,0,-1
218,legit_14,1001.6,968.44,10.4033,-0.6249,0.0,F4F5,1,121.61,658.01,0,-1
218,legit_16,198.4,225.34,12.6691,0.5828,180.0,B2B1,0,115.93,661.03,0,-1
218,legit_17,89.97,998.4,13.0693,0.4915,90.0,A5B5,0,101.31,736.94,0,-1
218,legit_18,558.92,-1.6,13.498,0.6452,90.0,C0D0,1,163.25,708.13,0,-1
218,legit_19,808.41,998.4,12.3744,-0.1214,90.0,E5F5,0,100.35,594.89,0,-1
218,legit_22,798.4,574.72,8.8727,1.6117,180.0,E3E2,0,54.6,478.61,0,-1
218,legit_23,798.4,214.11,13.4405,0.7797,180.0,E2E1,0,105.82,585.27,0,-1
218,legit_25,398.4,378.29,12.6777,-0.546,180.0,C2C1,0,54.74,514.48,0,-1
218,legit_26,598.4,680.56,13.3204,0.2212,180.0,D4D3,0,168.85,455.77,0,-1
218,legit_27,1.6,491.59,13.0764,-0.4926,0.0,A2A3,0,183.78,712.28,0,-1
218,legit_28,662.26,401.6,13.048,-0.5464,270.0,E2D2,1,97.1,482.05,0,-1
218,legit_29,848.9,798.4,12.454,2.0887,90.0,E4F4,0,107.29,524.0,0,-1
218,legit_30,801.6,25.85,9.0362,1.5256,0.0,E0E1,0,107.36,709.83,0,-1
218,legit_31,445.66,1.6,12.9289,-0.0418,270.0,D0C0,1,118.48,718.45,0,-1
218,legit_32,598.4,527.32,13.4059,0.6459,180.0,D3D2,1,165.24,454.85,0,-1
218,legit_33,198.4,387.88,4.7972,1.5431,180.5,B2B1,0,55.86,596.82,0,-1
218,legit_34,960.55,998.4,12.5991,-0.5884,90.0,E5F5,1,121.08,652.88,0,-1
218,legit_35,517.44,201.6,12.7219,-1.1034,270.0,D1C1,0,105.86,570.38,0,-1
218,legit_36,13.58,-1.6,3.5519,1.827,90.0,A0B0,0,182.75,906.17,0,-1
219,legit_14,1001.6,979.01,10.5758,0.1725,0.0,F4F5,1,111.99,663.16,0,-1
219,legit_16,198.4,213.75,11.5848,-1.0844,180.0,B2B1,0,105.51,666.74,0,-1
219,legit_17,103.02,998.4,13.0503,-0.0191,90.0,A5B5,0,94.16,728.36,0,-1
219,legit_18,572.29,-1.6,13.3724,-0.1256,90.0,C0D0,1,172.46,707.62,0,-1
219,legit_19,820.28,998.4,11.8675,-0.5069,90.0,E5F5,0,107.69,598.47,0,-1
219,legit_22,798.4,564.51,10.2164,1.3437,180.0,E3E2,0,60.02,479.21,0,-1
219,legit_23,798.4,200.69,13.4188,-0.0217,180.0,:E1_1,0,94.09,592.52,0,-1
219,legit_25,398.4,364.76,13.5299,0.8522,180.0,C2C1,0,51.82,518.82,0,-1
219,legit_26,598.4,668.33,12.2248,-1.0956,180.0,D4D3,0,163.38,454.38,0,-1
219,legit_27,1.6,505.14,13.5474,0.4711,0.0,A2A3,0,176.13,710.6,0,-1
219,legit_28,648.93,401.6,13.3287,0.2807,270.0,E2D2,1,109.29,481.2,0,-1
219,legit_29,860.18,798.4,11.2791,-1.1749,90.0,E4F4,0,117.77,528.26,0,-1
219,legit_30,801.6,36.89,11.0407,2.0045,0.0,E0E1,0,97.83,701.36,0,-1
219,legit_31,433.55,1.6,12.1087,-0.8202,270.0,D0C0,1,119.54,720.81,0,-1
219,legit_32,598.4,513.9,13.423,0.0171,180.0,D3D2,1,171.57,456.47,0,-1
219,legit_33,198.4,380.79,7.0869,2.2897,180.0,B2B1,0,52.68,598.78,0,-1
219,legit_34,973.18,998.4,12.6338,0.0347,90.0,E5F5,1,112.07,658.81,0,-1
219,legit_35,504.6,201.6,12.8342,0.1123,270.0,D1C1,0,98.18,571.74,0,-1
219,legit_36,19.35,-1.6,5.7719,2.2201,90.0,A0B0,0,178.48,902.46,0,-1
220,legit_14,1001.6,989.87,10.8618,0.286,0.0,F4F5,1,102.3,668.55,0,-1
220,legit_17,115.27,998.4,12.2542,-0.796,90.0,A5B5,0,88.68,720.49,0,-1
220,legit_18,585.03,-1.6,12.7316,-0.6407,90.0,C0D0,0,181.71,707.32,0,-1
220,legit_19,832.25,998.4,11.9755,0.108,90.0,E5F5,0,115.86,602.27,0,-1
220,legit_22,798.4,552.62,11.8857,1.6692,180.0,E3E2,0,67.73,480.11,0,-1
220,legit_23,798.4,187.67,13.0176,-0.4012,180.0,E1E0,1,83.2,599.74,0,-1
220,legit_25,398.4,351.2,13.554,0.0241,180.0,C2C1,0,52.34,523.52,0,-1
220,legit_26,598.4,655.21,13.1207,0.8959,180.0,D4D3,0,158.34,453.14,0,-1
220,legit_27,1.6,518.69,13.5514,0.004,0.0,A2A3,0,169.21,709.15,0,-1
220,legit_28,635.63,401.6,13.2982,-0.0306,270.0,E2D2,1,121.7,480.56,0,-1
220,legit_29,871.69,798.4,11.5096,0.2305,90.0,E4F4,0,128.6,532.75,0,-1
220,legit_30,801.6,50.12,13.2334,2.1927,0.0,E0E1,1,86.86,691.34,0,-1
220,legit_31,421.15,1.6,12.4008,0.2922,270.0,D0C0,0,121.86,723.42,0,-1
220,legit_32,598.4,500.43,13.4654,0.0424,180.0,D3D2,1,178.71,458.34,0,-1
220,legit_33,198.4,372.39,8.4005,1.3136,180.0,B2B1,0,49.96,601.21,0,-1
220,legit_34,985.26,998.4,12.0742,-0.5596,90.0,E5F5,1,104.16,664.66,0,-1
220,legit_35,490.95,201.6,13.6496,0.8153,270.0,D1C1,0,91.3,573.44,0,-1
220,legit_36,26.83,-1.6,7.481,1.709,90.0,A0B0,0,173.08,897.68,0,-1
221,legit_14,1001.6,996.56,6.6845,-4.1773,0.0,F4F5,1,96.46,671.92,0,-1
221,legit_17,128.15,998.4,12.8813,0.6271,90.0,A5B5,0,84.47,712.44,0,-1
221,legit_18,597.95,-1.6,12.9285,0.1968,90.0,:D0_6,0,191.51,707.2,0,-1
221,legit_19,844.91,998.4,12.6576,0.6821,90.0,E5F5,1,125.17,606.47,0,-1
221,legit_22,798.4,539.75,12.8685,0.9828,180.0,E3E2,0,77.28,481.32,0,-1
221,legit_23,798.4,174.34,13.3351,0.3175,180.0,E1E0,1,72.77,607.33,0,-1
221,legit_25,398.4,337.33,13.8699,0.3159,180.0,C2C1,0,56.36,528.7,0,-1
221,legit_26,598.4,641.86,13.3509,0.2303,180.0,D4D3,0,154.19,452.14,0,-1
221,legit_27,1.6,531.87,13.1735,-0.3779,0.0,A2A3,0,163.29,707.93,0,-1
221,legit_28,622.31,401.6,13.326,0.0278,270.0,E2D2,1,134.3,480.13,0,-1
221,legit_29,883.34,798.4,11.6489,0.1393,90.0,E4F4,0,139.68,537.44,0,-1
221,legit_30,801.6,63.89,13.7653,0.5319,0.0,E0E1,1,76.23,681.09,0,-1
221,legit_31,408.81,1.6,12.3401,-0.0607,270.0,D0C0,0,125.36,726.22,0,-1
221,legit_32,598.4,487.41,13.0202,-0.4453,180.0,D3D2,1,186.27,460.39,0,-1
221,legit_33,198.4,362.35,10.0412,1.6408,180.0,B2B1,0,48.46,604.28,0,-1
221,legit_34,993.17,998.4,7.9109,-4.1633,90.0,E5F5,2,99.44,668.59,0,-1
221,legit_35,477.61,201.6,13.3365,-0.3131,270.0,D1C1,0,86.15,575.38,0,-1
221,legit_36,36.28,-1.6,9.4553,1.9743,90.0,A0B0,0,166.49,891.7,0,-1
222,legit_14,999.62,1000.87,5.0196,-1.6649,335.23,:F5_0,2,93.81,673.11,0,-1
222,legit_17,140.9,998.4,12.7482,-0.1331,90.0,A5B5,0,82.11,704.7,0,-1
222,legit_18,611.64,-1.6,13.6912,0.7627,90.0,D0E0,0,184.2,707.27,0,-1
222,legit_19,857.52,998.4,12.6123,-0.0453,90.0,E5F5,2,134.98,610.84,0,-1
222,legit_22,798.4,526.19,13.5622,0.6938,180.0,E3E2,0,88.26,482.82,0,-1
222,legit_23,798.4,160.46,13.8735,0.5384,180.0,E1E0,1,63.09,615.45,0,-1
222,legit_25,398.4,323.57,13.763,-0.1069,180.0,C2C1,1,63.16,534.17,0,-1
222,legit_26,598.4,629.1,12.7601,-0.5909,180.0,D4D3,0,151.23,451.44,0,-1
222,legit_27,1.6,545.35,13.4815,0.308,0.0,A2A3,0,158.14,706.91,0,-1
222,legit_28,613.22,401.6,9.0913,-4.2347,270.0,E2D2,1,142.97,479.95,0,-1
222,legit_29,894.95,798.4,11.6121,-0.0368,90.0,E4F4,0,150.8,542.27,0,-1
222,legit_30,801.6,77.75,13.8626,0.0973,0.0,E0E1,1,66.69,670.95,0,-1
222,legit_31,396.39,1.6,12.4176,0.0775,270.0,:C0_4,0,129.97,729.23,0,-1
222,legit_32,598.4,474.16,13.2544,0.2342,180.0,D3D2,1,187.23,462.73,0,-1
222,legit_33,198.4,350.31,12.0385,1.9973,180.0,B2B1,0,49.36,608.22,0,-1
222,legit_34,996.73,998.4,3.5675,-4.3434,90.0,E5F5,2,97.45,670.38,0,-1
222,legit_35,463.99,201.6,13.6204,0.2839,270.0,D1C1,1,82.79,577.65,0,-1
222,legit_36,47.36,-1.6,11.0727,1.6174,90.0,A0B0,1,159.13,884.79,0,-1
222,legit_37,1.6,8.3,0.0,0.0,0.0,A0A1,1,185.74,907.52,0,-1
223,legit_14,995.81,1001.6,3.9524,-1.0672,285.8,F5E5,2,95.31,671.56,0,-1
223,legit_17,153.5,998.4,12.6054,-0.1429,90.0,A5B5,0,81.68,697.3,0,-1
223,legit_18,624.5,-1.6,12.8579,-0.8333,90.0,D0E0,0,174.75,707.52,0,-1
223,legit_19,869.41,998.4,11.8844,-0.7279,90.0,E5F5,2,144.62,615.12,0,-1
223,legit_22,798.4,513.43,12.7565,-0.8057,180.0,E3E2,0,99.18,484.45,0,-1
223,legit_23,798.4,146.65,13.812,-0.0616,180.0,E1E0,1,55.25,623.78,0,-1
223,legit_25,398.4,310.65,12.922,-0.841,180.0,C2C1,1,71.4,539.57,0,-1
223,legit_26,598.4,616.77,12.3283,-0.4318,180.0,D4D3,0,149.34,450.99,0,-1
223,legit_27,1.6,558.21,12.8641,-0.6175,0.0,A2A3,0,154.17,706.14,0,-1
223,legit_28,608.62,401.6,4.5913,-4.5,270.0,E2D2,1,147.37,479.89,0,-1
223,legit_29,906.65,798.4,11.7033,0.0912,90.0,E4F4,0,149.26,547.27,0,-1
223,legit_30,801.6,90.95,13.1964,-0.6662,0.0,E0E1,1,59.22,661.52,0,-1
223,legit_31,383.52,1.6,12.8716,0.454,270.0,C0B0,0,135.79,732.55,0,-1
223,legit_32,598.4,460.71,13.4486,0.1942,180.0,D3D2,1,179.35,465.34,0,-1
223,legit_33,198.4,337.04,13.2712,1.2328,180.0,B2B1,0,53.57,612.88,0,-1
223,legit_34,998.4,995.84,3.6076,0.0401,129.96,F5F4,2,98.72,669.92,0,-1
223,legit_35,450.78,201.6,13.2145,-0.4059,270.0,D1C1,1,81.6,580.16,0,-1
223,legit_36,59.85,-1.6,12.4968,1.4241,90.0,A0B0,1,151.37,877.11,0,-1
223,legit_37,1.6,9.65,1.3478,1.3478,0.0,A0A1,1,184.93,906.65,0,-1
224,legit_14,989.45,1001.6,6.3602,2.4078,270.0,F5E5,2,99.06,668.38,0,-1
224,legit_17,166.38,998.4,12.8749,0.2695,90.0,A5B5,0,83.23,689.98,0,-1
224,legit_18,637.82,-1.6,13.315,0.4571,90.0,D0E0,0,165.44,707.98,0,-1
224,legit_19,881.4,998.4,11.991,0.1065,90.0,E5F5,2,154.67,619.59,0,-1
224,legit_22,798.4,499.91,13.5252,0.7686,180.0,E3E2,0,111.18,486.38,0,-1
224,legit_23,798.4,132.84,13.8124,0.0004,180.0,E1E0,1,50.07,632.41,0,-1
224,legit_25,398.4,297.21,13.4418,0.5198,180.0,C2C1,1,81.28,545.43,0,-1
224,legit_26,598.4,603.85,12.9216,0.5933,180.0,:D3_1,0,148.45,450.79,0,-1
224,legit_27,1.6,571.93,13.7155,0.8514,0.0,A2A3,0,151.03,705.54,0,-1
224,legit_28,602.16,401.6,6.4696,1.8784,270.0,:D2_5,1,153.59,479.85,0,-1
224,legit_29,918.49,798.4,11.8322,0.1289,90.0,E4F4,0,137.94,552.47,0,-1
224,legit_30,801.6,104.45,13.5015,0.3052,0.0,E0E1,1,53.89,652.12,0,-1
224,legit_31,371.37,1.6,12.1483,-0.7233,270.0,C0B0,0,142.13,735.86,0,-1
224,legit_32,598.4,448.03,12.684,-0.7646,180.0,D3D2,1,172.54,468.03,0,-1
224,legit_33,198.4,323.22,13.8242,0.5529,180.0,B2B1,0,60.79,618.05,0,-1
224,legit_34,998.4,989.82,6.0164,2.4089,180.0,F5F4,2,103.9,666.88,0,-1
224,legit_35,437.85,201.6,12.9299,-0.2846,270.0,D1C1,1,82.5,582.89,0,-1
224,legit_36,72.63,-1.6,12.7762,0.2795,90.0,A0B0,1,144.13,869.4,0,-1
224,legit_37,1.6,12.7,3.0505,1.7027,0.0,A0A1,1,183.13,904.68,0,-1
225,legit_14,981.69,1001.6,7.7542,1.394,270.0,F5E5,2,103.98,664.58,0,-1
225,legit_17,179.1,998.4,12.7235,-0.1514,90.0,A5B5,0,86.63,683.0,0,-1
225,legit_18,651.44,-1.6,13.6267,0.3116,90.0,D0E0,0,156.52,708.66,0,-1
225,legit_19,893.92,998.4,12.525,0.5341,90.0,E5F5,2,165.45,624.43,0,-1
225,legit_22,798.4,486.11,13.797,0.2719,180.0,E3E2,0,123.75,488.56,0,-1
225,legit_23,798.4,119.08,13.753,-0.0594,180.0,E1E0,1,48.41,641.33,0,-1
225,legit_25,398.4,283.62,13.5884,0.1465,180.0,C2C1,1,92.18,551.58,0,-1
225,legit_26,598.4,590.48,13.366,0.4445,180.0,D3D2,0,148.7,450.84,0,-1
225,legit_27,1.6,583.66,11.7317,-1.9838,0.0,A2A3,0,149.3,705.21,0,-1
225,legit_28,594.19,401.6,7.9657,1.496,270.0,:D2_5,1,150.07,479.87,0,-1
225,legit_29,930.48,798.4,11.9901,0.1578,90.0,E4F4,0,126.56,557.9,0,-1
225,legit_30,801.6,117.71,13.2602,-0.2414,0.0,E0E1,1,51.65,643.17,0,-1
225,legit_31,359.25,1.6,12.1204,-0.028,270.0,C0B0,0,149.18,739.34,0,-1
225,legit_32,598.4,434.33,13.6983,1.0143,180.0,D3D2,1,165.97,471.2,0,-1
225,legit_33,198.4,309.8,13.4154,-0.4088,180.0,B2B1,0,69.73,623.32,0,-1
225,legit_34,998.4,981.58,8.2411,2.2247,180.0,F5F4,2,111.13,662.77,0,-1
225,legit_35,424.73,201.6,13.1154,0.1854,270.0,D1C1,1,85.42,585.96,0,-1
225,legit_36,86.05,-1.6,13.4179,0.6416,90.0,A0B0,1,137.39,861.45,0,-1
225,legit_37,1.6,17.15,4.4544,1.4039,0.0,A0A1,1,180.56,901.82,0,-1
226,legit_14,972.46,1001.6,9.2375,1.4832,270.0,F5E5,2,110.27,660.14,0,-1
226,legit_17,192.24,998.4,13.1349,0.4114,90.0,A5B5,0,91.88,676.04,0,-1
226,legit_18,664.28,-1.6,12.8367,-0.79,90.0,D0E0,0,148.78,709.49,0,-1
226,legit_19,906.21,998.4,12.2896,-0.2354,90.0,E5F5,2,165.33,629.33,0,-1
226,legit_22,798.4,472.99,13.1214,-0.6757,180.0,E3E2,0,122.92,490.84,0,-1
226,legit_23,798.4,105.84,13.241,-0.512,180.0,E1E0,1,50.43,650.24,0,-1
226,legit_25,398.4,270.73,12.8901,-0.6982,180.0,C2C1,1,103.11,557.61,0,-1
226,legit_26,598.4,577.1,13.3826,0.0166,180.0,D3D2,0,150.16,451.18,0,-1
226,legit_27,1.6,592.23,8.5692,-3.1625,0.0,A2A3,0,148.6,705.08,0,-1
226,legit_28,584.06,401.6,10.125,2.1593,270.0,D2C2,1,140.37,479.99,0,-1
226,legit_29,941.88,798.4,11.4024,-0.5876,90.0,E4F4,0,115.85,563.2,0,-1
226,legit_30,801.6,131.49,13.7856,0.5254,0.0,E0E1,1,52.86,634.2,0,-1
226,legit_31,346.49,1.6,12.7633,0.6429,270.0,C0B0,0,157.27,743.17,0,-1
226,legit_32,598.4,420.67,13.6535,-0.0448,180.0,D3D2,1,160.32,474.62,0,-1
226,legit_33,198.4,296.59,13.213,-0.2024,180.0,B2B1,0,79.77,628.73,0,-1
226,legit_34,998.4,971.95,9.6337,1.3926,180.0,F5F4,2,119.74,658.05,0,-1
226,legit_35,414.86,201.6,9.8705,-3.2449,270.0,D1C1,1,88.84,588.45,0,-1
226,legit_36,99.41,-1.6,13.3648,-0.0531,90.0,A0B0,1,131.7,853.71,0,-1
226,legit_37,1.6,24.01,6.8534,2.399,0.0,A0A1,1,176.74,897.45,0,-1
227,legit_14,961.43,1001.6,11.0269,1.7894,270.0,F5E5,2,118.28,654.97,0,-1
227,legit_18,677.78,-1.6,13.5012,0.6645,90.0,D0E0,0,141.43,710.57,0,-1
227,legit_19,918.84,998.4,12.629,0.3395,90.0,E5F5,2,154.47,634.53,0,-1
227,legit_22,798.4,460.29,12.7015,-0.4198,180.0,E3E2,0,111.36,493.23,0,-1
227,legit_23,798.4,92.33,13.5158,0.2749,180.0,E1E0,1,55.75,659.64,0,-1
227,legit_25,398.4,257.51,13.2175,0.3273,180.0,C2C1,1,114.75,563.97,0,-1
227,legit_26,598.4,564.43,12.668,-0.7147,180.0,D3D2,0,152.6,451.76,0,-1
227,legit_27,5.29,598.13,7.6704,-0.8988,46.23,:A3_6,0,144.72,702.08,0,-1
227,legit_28,572.35,401.6,11.7144,1.5894,270.0,D2C2,1,129.23,480.28,0,-1
227,legit_29,953.11,798.4,11.2353,-0.1672,90.0,E4F4,0,105.44,568.55,0,-1
227,legit_30,801.6,144.93,13.4336,-0.352,0.0,E0E1,1,57.31,625.77,0,-1
227,legit_31,333.22,1.6,13.2632,0.4999,270.0,C0B0,0,166.3,747.34,0,-1
227,legit_32,598.4,407.69,12.9821,-0.6715,180.0,D3D2,1,155.88,478.12,0,-1
227,legit_33,198.4,283.96,12.6242,-0.5887,180.0,B2B1,0,90.13,634.09,0,-1
227,legit_34,998.4,960.83,11.1118,1.4782,180.0,F5F4,2,129.86,652.71,0,-1
227,legit_35,409.24,201.6,5.6242,-4.2463,270.0,D1C1,1,91.21,589.93,0,-1
227,legit_36,113.26,-1.6,13.8419,0.4771,90.0,A0B0,1,127.03,845.89,0,-1
227,legit_37,1.6,32.77,8.761,1.9076,0.0,A0A1,1,172.14,891.92,0,-1
228,legit_14,950.28,1001.6,11.1533,0.1264,270.0,F5E5,2,126.85,649.88,0,-1
228,legit_18,690.42,-1.6,12.6365,-0.8647,90.0,D0E0,1,135.41,711.78,0,-1
228,legit_19,931.56,998.4,12.7174,0.0883,90.0,E5F5,2,143.83,639.93,0,-1
228,legit_22,798.4,446.49,13.7966,1.095,180.0,E3E2,0,99.11,496.04,0,-1
228,legit_23,798.4,78.82,13.51,-0.0059,180.0,E1E0,2,63.55,669.3,0,-1
228,legit_25,398.4,244.4,13.1068,-0.1106,180.0,C2C1,1,126.59,570.47,0,-1
228,legit_26,598.4,551.06,13.3767,0.7087,180.0,D3D2,0,156.26,452.64,0,-1
228,legit_27,12.9,598.4,7.6308,-0.0395,90.0,A3B3,0,137.11,695.98,0,-1
228,legit_28,559.72,401.6,12.6307,0.9164,270.0,D2C2,1,117.34,480.76,0,-1
228,legit_29,965.07,798.4,11.9616,0.7263,90.0,E4F4,0,94.57,574.4,0,-1
228,legit_30,801.6,157.54,12.6115,-0.8221,0.0,E0E1,1,63.81,618.11,0,-1
228,legit_31,320.76,1.6,12.4622,-0.801,270.0,C0B0,0,175.28,751.43,0,-1
228,legit_32,598.4,394.44,13.2495,0.2674,180.0,:D2_1,1,152.34,481.95,0,-1
228,legit_33,198.4,270.37,13.5967,0.9724,180.0,B2B1,1,101.87,640.04,0,-1
228,legit_34,998.4,947.94,12.8909,1.7791,180.0,F5F4,2,119.64,646.67,0,-1
228,legit_35,402.79,203.36,6.9698,1.3456,291.38,:C1_4,1,95.8,590.74,0,-1
228,legit_36,126.88,-1.6,13.6201,-0.2218,90.0,A0B0,1,123.78,838.39,0,-1
228,legit_37,1.6,44.01,11.2449,2.4839,0.0,A0A1,1,166.72,884.91,0,-1
228,legit_38,198.4,187.7,0.0,0.0,180.0,B1B0,1,83.22,680.04,0,-1
229,legit_14,939.95,1001.6,10.3285,-0.8248,270.0,F5E5,2,135.12,645.29,0,-1
229,legit_18,703.75,-1.6,13.3311,0.6945,90.0,D0E0,1,130.1,713.27,0,-1
229,legit_19,944.43,998.4,12.8751,0.1577,90.0,E5F5,2,133.43,645.57,0,-1
229,legit_22,798.4,432.81,13.6761,-0.1205,180.0,E3E2,0,87.43,499.04,0,-1
229,legit_23,798.4,65.7,13.1167,-0.3933,180.0,E1E0,2,72.74,678.89,0,-1
229,legit_25,398.4,231.08,13.3191,0.2123,180.0,C2C1,1,122.48,577.26,0,-1
229,legit_26,598.4,537.54,13.5154,0.1387,180.0,D3D2,1,161.01,453.8,0,-1
229,legit_27,22.97,598.4,10.0674,2.4366,90.0,A3B3,0,127.04,687.97,0,-1
229,legit_28,546.88,401.6,12.8377,0.2069,270.0,D2C2,2,105.44,481.45,0,-1
229,legit_29,976.82,798.4,11.7432,-0.2184,90.0,E4F4,1,84.18,580.29,0,-1
229,legit_30,801.6,171.29,13.7563,1.1448,0.0,E0E1,1,72.76,610.0,0,-1
229,legit_31,308.34,1.6,12.4241,-0.0382,270.0,C0B0,0,184.63,755.66,0,-1
229,legit_32,598.4,381.51,12.9342,-0.3152,180.0,D2D1,1,149.95,485.94,0,-1
229,legit_33,198.4,257.43,12.9364,-0.6602,180.0,B2B1,1,113.42,645.87,0,-1
229,legit_34,998.4,934.35,13.5972,0.7062,180.0,F5F4,3,107.54,640.46,0,-1
229,legit_35,401.6,209.29,6.1865,-0.7833,353.31,C1C2,1,101.56,587.85,0,-1
229,legit_36,139.83,-1.6,12.9566,-0.6635,90.0,A0B0,1,122.02,831.44,0,-1
229,legit_37,1.6,55.84,11.8269,0.582,0.0,A0A1,1,161.68,877.66,0,-1
229,legit_38,198.4,185.43,2.2699,2.2699,180.0,B1B0,1,81.39,681.23,0,-1
230,legit_14,929.66,1001.6,10.2848,-0.0437,270.0,F5E5,2,143.62,640.82,0,-1
230,legit_18,717.36,-1.6,13.6147,0.2836,90.0,D0E0,1,125.9,715.03,0,-1
230,legit_19,957.33,998.4,12.9016,0.0266,90.0,E5F5,2,123.47,651.4,0,-1
230,legit_22,798.4,419.9,12.9186,-0.7574,180.0,E3E2,0,77.01,502.08,0,-1
230,legit_23,798.4,51.87,13.8345,0.7179,180.0,E1E0,2,83.57,689.19,0,-1
230,legit_25,398.4,217.29,13.7959,0.4768,180.0,C2C1,1,110.13,584.48,0,-1
230,legit_26,598.4,525.21,12.328,-1.1874,180.0,D3D2,1,166.18,455.09,0,-1
230,legit_27,34.87,598.4,11.9002,1.8328,90.0,A3B3,0,115.14,678.58,0,-1
230,legit_28,533.16,401.6,13.7174,0.8798,270.0,D2C2,2,92.99,482.39,0,-1
230,legit_29,989.13,798.4,12.311,0.5678,90.0,E4F4,1,73.73,586.64,0,-1
230,legit_30,801.6,184.86,13.5697,-0.1866,0.0,E0E1,1,82.89,602.23,0,-1
230,legit_31,295.59,1.6,12.7459,0.3219,270.0,C0B0,1,187.66,760.17,0,-1
230,legit_32,598.4,368.05,13.4603,0.5261,180.0,D2D1,1,148.62,490.36,0,-1
230,legit_33,198.4,243.66,13.7706,0.8342,180.0,B2B1,1,126.01,652.26,0,-1
230,legit_34,998.4,921.1,13.2441,-0.3531,180.0,F5F4,3,96.13,634.6,0,-1
230,legit_35,401.6,216.89,7.6053,1.4188,0.0,C1C2,1,108.31,583.79,0,-1
230,legit_36,153.39,-1.6,13.5534,0.5968,90.0,A0B0,1,121.65,824.38,0,-1
230,legit_37,1.6,67.5,11.6616,-0.1653,0.0,A0A1,0,157.41,870.62,0,-1
230,legit_38,198.4,181.67,3.762,1.4921,180.0,B1B0,1,78.39,683.22,0,-1
231,legit_14,918.8,1001.6,10.866,0.5812,270.0,F5E5,2,152.84,636.23,0,-1
231,legit_18,730.18,-1.6,12.8129,-0.8018,90.0,D0E0,1,123.21,716.9,0,-1
231,legit_19,969.13,998.4,11.7936,-1.108,90.0,E5F5,2,114.89,656.89,0,-1
231,legit_23,798.4,38.85,13.0156,-0.8189,180.0,E1E0,1,94.49,699.04,0,-1
231,legit_25,398.4,207.99,9.2959,-4.5,180.0,C2C1,1,102.01,589.45,0,-1
231,legit_26,598.4,512.68,12.5371,0.2092,180.0,D3D2,1,172.19,456.62,0,-1
231,legit_27,48.61,598.4,13.7385,1.8383,90.0,A3B3,0,101.41,667.88,0,-1
231,legit_28,520.41,401.6,12.7583,-0.9591,270.0,D2C2,2,81.78,483.48,0,-1
231,legit_30,801.6,198.42,13.5561,-0.0136,0.0,:E1_9,0,93.87,594.67,0,-1
231,legit_31,282.6,1.6,12.9875,0.2416,270.0,C0B0,1,177.77,764.94,0,-1
231,legit_32,598.4,354.97,13.0737,-0.3866,180.0,D2D1,1,148.49,494.92,0,-1
231,legit_33,198.4,230.86,12.8002,-0.9705,180.0,B2B1,1,120.96,658.35,0,-1
231,legit_34,998.4,908.4,12.7004,-0.5437,180.0,F5F4,2,85.68,629.14,0,-1
231,legit_35,401.6,226.52,9.6301,2.0248,0.0,C1C2,1,117.0,578.72,0,-1
231,legit_36,166.87,-1.6,13.4836,-0.0698,90.0,A0B0,1,122.76,817.56,0,-1
231,legit_37,1.6,78.88,11.3808,-0.2808,0.0,A0A1,0,153.99,863.87,0,-1
231,legit_38,198.4,176.26,5.4128,1.6508,180.0,B1B0,1,74.21,686.1,0,-1
232,legit_14,907.6,1001.6,11.1945,0.3285,270.0,F5E5,2,162.55,631.62,0,-1
232,legit_18,743.68,-1.6,13.502,0.689,90.0,D0E0,1,121.76,719.1,0,-1
232,legit_19,981.39,998.4,12.2623,0.4686,90.0,E5F5,2,106.61,662.77,0,-1
232,legit_23,798.4,25.25,13.6032,0.5876,180.0,E1E0,1,106.4,709.48,0,-1
232,legit_25,396.09,202.45,6.3677,-2.9282,208.08,:C1_0,1,98.51,593.12,0,-1
232,legit_26,598.4,499.93,12.7497,0.2125,180.0,D3D2,1,178.99,458.42,0,-1
232,legit_27,62.05,598.4,13.4398,-0.2987,90.0,A3B3,0,87.97,657.54,0,-1
232,legit_28,507.28,401.6,13.1301,0.3717,270.0,D2C2,2,70.79,484.82,0,-1
232,legit_30,801.6,211.67,13.2475,-0.3086,0.0,E1E2,0,105.19,587.47,0,-1
232,legit_31,270.32,1.6,12.2848,-0.7027,270.0,C0B0,1,168.8,769.61,0,-1
232,legit_32,598.4,341.77,13.2079,0.1342,180.0,D2D1,1,149.52,499.79,0,-1
232,legit_33,198.4,217.77,13.0906,0.2905,180.0,B2B1,1,109.09,664.74,0,-1
232,legit_34,998.4,895.08,13.3194,0.6191,180.0,F5F4,2,75.48,623.62,0,-1
232,legit_35,401.6,237.9,11.3831,1.753,0.0,C1C2,1,127.45,572.85,0,-1
232,legit_36,180.24,-1.6,13.3726,-0.111,90.0,A0B0,1,125.3,811.01,0,-1
232,legit_37,1.6,91.36,12.4774,1.0967,0.0,A0A1,0,151.14,856.61,0,-1
232,legit_38,198.4,169.04,7.2126,1.7997,180.0,B1B0,1,68.9,689.99,0,-1
233,legit_14,896.58,1001.6,11.0193,-0.1753,270.0,F5E5,1,166.23,627.21,0,-1
233,legit_18,756.43,-1.6,12.7553,-0.7466,90.0,D0E0,1,121.77,721.4,0,-1
233,legit_19,994.11,998.4,12.7243,0.462,90.0,E5F5,2,98.9,669.06,0,-1
233,legit_23,798.4,11.48,13.7694,0.1662,180.0,E1E0,1,118.83,720.19,0,-1
233,legit_25,390.12,201.6,6.1368,-0.2309,266.23,C1B1,1,101.21,595.33,0,-1
233,legit_26,598.4,486.53,13.3916,0.6419,180.0,D3D2,1,186.81,460.54,0,-1
233,legit_27,75.72,598.4,13.6721,0.2323,90.0,A3B3,0,74.3,647.17,0,-1
233,legit_28,493.57,401.6,13.7047,0.5747,270.0,D2C2,2,60.24,486.46,0,-1
233,legit_30,801.6,225.2,13.5344,0.2869,0.0,E1E2,0,117.18,580.31,0,-1
233,legit_31,257.67,1.6,12.6477,0.3629,270.0,C0B0,1,160.04,774.57,0,-1
233,legit_32,598.4,328.7,13.0643,-0.1436,180.0,D2D1,1,151.66,504.87,0,-1
233,legit_33,198.4,204.68,13.0865,-0.0042,180.0,:B1_1,1,97.54,671.29,0,-1
233,legit_34,998.4,882.25,12.8377,-0.4817,180.0,F5F4,1,66.69,618.49,0,-1
233,legit_35,401.6,251.09,13.1886,1.8055,0.0,C1C2,1,119.18,566.22,0,-1
233,legit_36,193.54,-1.6,13.2972,-0.0754,90.0,:B0_6,1,129.16,804.7,0,-1
233,legit_37,1.6,102.79,11.432,-1.0455,0.0,A0A1,0,149.39,850.1,0,-1
233,legit_38,198.4,159.59,9.4537,2.2412,180.0,B1B0,1,62.53,695.18,0,-1
234,legit_14,885.96,1001.6,10.6281,-0.3912,270.0,F5E5,0,156.94,623.07,0,-1
234,legit_18,769.09,-1.6,12.6503,-0.105,90.0,D0E0,0,123.09,723.9,0,-1
234,legit_25,382.45,201.6,7.6727,1.5359,270.0,C1B1,1,105.93,597.64,0,-1
234,legit_26,598.4,474.09,12.4483,-0.9433,180.0,D3D2,1,187.19,462.74,0,-1
234,legit_27,89.22,598.4,13.4976,-0.1745,90.0,A3B3,1,60.81,637.09,0,-1
234,legit_28,480.33,401.6,13.238,-0.4667,270.0,D2C2,2,51.48,488.33,0,-1
234,legit_30,801.6,238.75,13.5503,0.016,0.0,E1E2,0,129.48,573.33,0,-1
234,legit_31,244.69,1.6,12.9759,0.3282,270.0,C0B0,1,151.61,779.84,0,-1
234,legit_32,598.4,315.61,13.0924,0.0281,180.0,D2D1,1,154.9,510.21,0,-1
234,legit_33,198.4,191.75,12.9345,-0.1519,180.0,B1B0,1,86.55,677.93,0,-1
234,legit_34,998.4,869.33,12.9125,0.0748,180.0,F5F4,0,59.35,613.56,0,-1
234,legit_35,401.6,264.33,13.2356,0.047,0.0,C1C2,1,107.22,559.75,0,-1
234,legit_36,206.43,-1.6,12.8918,-0.4054,90.0,:B0_6,2,134.06,798.77,0,-1
234,legit_37,1.6,115.01,12.2158,0.7838,0.0,A0A1,0,148.48,843.28,0,-1
234,legit_38,198.4,147.57,12.0165,2.5628,180.0,B1B0,2,55.7,701.94,0,-1
234,legit_39,201.6,612.3,0.0,0.0,0.0,B3B4,1,53.05,564.78,0,-1
235,legit_14,875.32,1001.6,10.6348,0.0067,270.0,F5E5,0,147.82,619.05,0,-1
235,legit_18,781.15,-1.6,12.0627,-0.5877,90.0,D0E0,0,125.53,726.47,0,-1
235,legit_25,373.15,201.6,9.2981,1.6255,270.0,C1B1,1,112.09,600.54,0,-1
235,legit_26,598.4,460.98,13.1075,0.6592,180.0,D3D2,1,179.5,465.29,0,-1
235,legit_27,102.32,598.4,13.1088,-0.3889,90.0,A3B3,1,47.7,627.43,0,-1
235,legit_28,467.47,401.6,12.8629,-0.3751,270.0,D2C2,2,45.12,490.44,0,-1
235,legit_30,801.6,252.22,13.4719,-0.0784,0.0,E1E2,0,119.49,566.57,0,-1
235,legit_31,232.08,1.6,12.6155,-0.3604,270.0,C0B0,2,144.07,785.12,0,-1
235,legit_32,598.4,302.26,13.3467,0.2544,180.0,D2D1,0,159.24,515.9,0,-1
235,legit_33,198.4,178.03,13.7186,0.784,180.0,B1B0,1,75.56,685.15,0,-1
235,legit_34,998.4,856.12,13.2145,0.302,180.0,F5F4,0,54.06,608.78,0,-1
235,legit_35,401.6,277.01,12.6848,-0.5508,0.0,C1C2,2,96.07,553.71,0,-1
235,legit_36,219.71,-1.6,13.2821,0.3902,90.0,B0C0,2,140.17,792.85,0,-1
235,legit_37,1.6,126.42,11.4124,-0.8034,0.0,A0A1,0,148.54,837.04,0,-1
235,legit_38,198.4,135.54,12.0307,0.0142,180.0,B1B0,3,50.83,708.92,0,-1
235,legit_39,201.6,614.02,1.7175,1.7175,0.0,B3B4,1,53.47,564.83,0,-1
236,legit_14,863.91,1001.6,11.4108,0.776,270.0,F5E5,0,138.28,614.87,0,-1
236,legit_18,789.07,-1.6,7.921,-4.1417,90.0,D0E0,0,127.72,728.26,0,-1
236,legit_25,361.9,201.6,11.2435,1.9454,270.0,C1B1,1,120.08,604.18,0,-1
236,legit_26,598.4,448.42,12.562,-0.5454,180.0,D3D2,0,172.74,467.95,0,-1
236,legit_27,115.4,598.4,13.0798,-0.029,90.0,A3B3,1,34.63,617.95,0,-1
236,legit_28,454.03,401.6,13.4367,0.5738,270.0,D2C2,1,41.8,493.01,0,-1
236,legit_30,801.6,265.71,13.4842,0.0123,0.0,E1E2,0,107.49,560.0,0,-1
236,legit_31,219.09,1.6,12.991,0.3756,270.0,C0B0,2,137.08,790.74,0,-1
236,legit_32,598.4,288.99,13.2693,-0.0774,180.0,D2D1,0,164.51,521.81,0,-1
236,legit_33,198.4,164.58,13.4507,-0.2679,180.0,B1B0,1,65.8,692.43,0,-1
236,legit_34,998.4,842.46,13.6586,0.4441,180.0,F5F4,0,51.66,604.16,0,-1
236,legit_35,401.6,290.43,13.4141,0.7294,0.0,C1C2,2,84.75,547.53,0,-1
236,legit_36,232.48,-1.6,12.7657,-0.5163,90.0,B0C0,2,146.93,787.35,0,-1
236,legit_37,1.6,138.47,12.0559,0.6435,0.0,A0A1,0,149.55,830.61,0,-1
236,legit_38,198.4,124.48,11.0569,-0.9738,180.0,B1B0,3,48.61,715.54,0,-1
236,legit_39,201.6,618.25,4.2374,2.5199,0.0,B3B4,1,54.73,564.96,0,-1
237,legit_14,852.5,1001.6,11.4103,-0.0005,270.0,F5E5,0,129.05,610.83,0,-1
237,legit_18,792.81,-1.59,3.7408,-4.1802,89.94,:E0_8,0,128.91,729.13,0,-1
237,legit_25,348.54,201.6,13.363,2.1195,270.0,C1B1,1,130.2,608.72,0,-1
237,legit_26,598.4,436.12,12.2995,-0.2625,180.0,D3D2,0,166.78,470.77,0,-1
237,legit_27,128.66,598.4,13.2586,0.1788,90.0,A3B3,1,21.4,608.5,0,-1
237,legit_28,440.48,401.6,13.5583,0.1216,270.0,D2C2,1,42.68,496.03,0,-1
237,legit_30,801.6,279.38,13.6731,0.1889,0.0,E1E2,0,95.72,553.54,0,-1
237,legit_32,598.4,275.22,13.778,0.5087,180.0,D2D1,0,170.91,528.2,0,-1
237,legit_33,198.4,151.69,12.8938,-0.5569,180.0,B1B0,1,57.85,699.6,0,-1
237,legit_34,998.4,828.66,13.7978,0.1392,180.0,F5F4,0,52.83,599.85,0,-1
237,legit_35,401.6,304.24,13.8145,0.4003,0.0,C1C2,2,73.83,541.38,0,-1
237,legit_36,245.31,-1.6,12.8298,0.064,90.0,B0C0,1,154.5,781.99,0,-1
237,legit_37,1.6,150.51,12.0317,-0.0243,0.0,A0A1,0,151.5,824.33,0,-1
237,legit_38,198.4,112.41,12.0731,1.0162,180.0,B1B0,2,48.99,723.02,0,-1
237,legit_39,201.6,624.17,5.9123,1.6749,0.0,B3B4,1,56.98,565.19,0,-1
238,legit_14,842.31,1001.6,10.1881,-1.2222,270.0,F5E5,0,121.11,607.35,0,-1
238,legit_18,793.27,1.29,4.0975,0.3567,25.25,:E0_11,0,126.35,726.96,0,-1
238,legit_25,335.56,201.6,12.985,-0.378,270.0,C1B1,1,140.56,613.31,0,-1
238,legit_26,598.4,422.81,13.3035,1.004,180.0,D3D2,0,161.15,474.06,0,-1
238,legit_27,141.37,598.4,12.709,-0.5496,90.0,A3B3,1,8.78,599.6,0,-1
238,legit_28,427.05,401.6,13.4301,-0.1283,270.0,D2C2,1,47.51,499.42,0,-1
238,legit_30,801.6,292.16,12.7806,-0.8924,0.0,E1E2,0,85.23,547.69,0,-1
238,legit_32,598.4,262.19,13.0279,-0.7501,180.0,D2D1,0,177.73,534.47,0,-1
238,legit_33,198.4,138.51,13.1771,0.2833,180.0,B1B0,1,51.82,707.18,0,-1
238,legit_34,998.4,817.47,11.1925,-2.6053,180.0,F5F4,0,56.3,596.6,0,-1
238,legit_35,401.6,317.12,12.8771,-0.9374,0.0,C1C2,2,64.66,535.87,0,-1
238,legit_36,258.29,-1.6,12.9832,0.1535,90.0,B0C0,1,162.83,776.74,0,-1
238,legit_37,1.6,161.92,11.4136,-0.618,0.0,A0A1,0,154.21,818.52,0,-1
238,legit_38,198.4,101.02,11.3878,-0.6853,180.0,B1B0,2,51.99,730.3,0,-1
238,legit_39,201.6,631.96,7.7901,1.8778,0.0,B3B4,1,60.69,565.59,0,-1
239,legit_14,832.05,1001.6,10.2663,0.0782,270.0,F5E5,0,113.48,603.96,0,-1
239,legit_18,789.57,1.6,3.7891,-0.3084,283.49,E0D0,0,124.84,725.85,0,-1
239,legit_25,322.59,201.6,12.9672,-0.0178,270.0,C1B1,1,151.3,618.09,0,-1
239,legit_26,598.4,409.6,13.2134,-0.0901,180.0,D3D2,0,156.47,477.59,0,-1
239,legit_27,154.8,598.4,13.4296,0.7206,90.0,A3B3,1,5.06,590.83,0,-1
239,legit_28,416.73,401.6,10.3153,-3.1147,270.0,D2C2,1,53.27,502.27,0,-1
239,legit_30,801.6,304.99,12.8302,0.0496,0.0,E1E2,0,75.42,542.01,0,-1
239,legit_32,598.4,248.85,13.3359,0.308,180.0,D2D1,0,185.41,541.12,0,-1
239,legit_33,198.4,125.44,13.0639,-0.1133,180.0,B1B0,3,48.71,714.96,0,-1
239,legit_34,998.4,810.29,7.1779,-4.0147,180.0,F5F4,0,59.54,594.63,0,-1
239,legit_35,401.6,330.08,12.9589,0.0818,0.0,C1C2,1,56.9,530.56,0,-1
239,legit_36,270.89,-1.6,12.6016,-0.3817,90.0,B0C0,2,171.47,771.8,0,-1
239,legit_37,1.6,173.83,11.9086,0.495,0.0,A0A1,0,157.86,812.6,0,-1
239,legit_38,198.4,89.87,11.156,-0.2318,180.0,B1B0,2,57.01,737.63,0,-1
239,legit_39,201.6,641.84,9.8834,2.0933,0.0,B3B4,1,66.43,566.22,0,-1
240,legit_14,820.74,1001.6,11.3048,1.0386,270.0,F5E5,0,105.6,600.37,0,-1
240,legit_18,783.37,1.6,6.2044,2.4153,270.0,E0D0,0,123.01,724.43,0,-1
240,legit_25,308.98,201.6,13.6113,0.6441,270.0,C1B1,1,162.93,623.29,0,-1
240,legit_26,598.4,396.73,12.8671,-0.3464,180.0,:D2_1,0,152.88,481.27,0,-1
240,legit_27,168.09,598.4,13.2888,-0.1408,90.0,A3B3,1,18.16,583.17,0,-1
240,legit_28,410.68,401.6,6.0494,-4.2659,270.0,D2C2,1,57.24,504.02,0,-1
240,legit_30,801.6,317.62,12.6303,-0.1998,0.0,E1E2,0,66.77,536.63,0,-1
240,legit_32,598.4,235.38,13.4737,0.1379,180.0,D2D1,0,187.98,548.07,0,-1
240,legit_33,198.4,111.63,13.8175,0.7537,180.0,B1B0,3,49.12,723.52,0,-1
240,legit_34,998.53,807.0,3.326,-3.8519,178.5,:F4_2,0,61.14,593.83,0,-1
240,legit_35,401.6,343.0,12.9177,-0.0412,0.0,C1C2,1,51.3,525.54,0,-1
240,legit_36,284.27,-1.6,13.379,0.7774,90.0,B0C0,2,181.15,766.75,0,-1
240,legit_37,1.6,185.66,11.8327,-0.0759,0.0,A0A1,0,162.28,806.86,0,-1
240,legit_38,198.4,78.43,11.435,0.2791,180.0,B1B0,2,63.8,745.31,0,-1
240,legit_39,201.6,653.16,11.3161,1.4328,0.0,B3B4,1,74.08,567.12,0,-1
240,legit_40,601.6,812.3,0.0,0.0,0.0,D4D5,0,150.96,484.0,0,-1
241,legit_14,810.0,1001.6,10.7378,-0.567,270.0,F5E5,0,98.73,597.12,0,-1
241,legit_18,775.1,1.6,8.2681,2.0637,270.0,E0D0,0,121.03,722.61,0,-1
241,legit_25,296.02,201.6,12.9564,-0.6548,270.0,C1B1,1,167.27,628.43,0,-1
241,legit_26,598.4,383.42,13.3085,0.4414,180.0,D2D1,0,150.24,485.33,0,-1
241,legit_27,180.17,598.4,12.0815,-1.2073,90.0,A3B3,1,30.21,576.36,0,-1
241,legit_28,402.34,401.6,8.3453,2.2958,270.0,:C2_5,1,63.27,506.54,0,-1
241,legit_30,801.6,330.73,13.1049,0.4745,0.0,E1E2,0,59.32,531.29,0,-1
241,legit_32,598.4,221.57,13.8133,0.3396,180.0,D2D1,0,179.83,555.43,0,-1
241,legit_33,198.4,97.98,13.6448,-0.1728,180.0,B1B0,3,53.17,732.28,0,-1
241,legit_34,1000.59,805.9,2.7616,-0.5643,146.46,:F4_9,0,60.03,594.63,0,-1
241,legit_35,401.6,356.0,13.0003,0.0826,0.0,C1C2,1,48.57,520.8,0,-1
241,legit_36,296.85,-1.6,12.5813,-0.7978,90.0,B0C0,2,190.66,762.16,0,-1
241,legit_37,1.6,197.39,11.7331,-0.0995,0.0,:A1_7,0,167.37,801.32,0,-1
241,legit_38,198.4,66.28,12.1545,0.7195,180.0,B1B0,2,72.31,753.64,0,-1
241,legit_39,201.6,664.49,11.3301,0.0139,0.0,B3B4,1,82.59,568.19,0,-1
241,legit_40,601.6,813.78,1.481,1.481,0.0,D4D5,0,150.7,484.46,0,-1
242,legit_18,764.61,1.6,10.4951,2.227,270.0,E0D0,0,119.3,720.44,0,-1
242,legit_25,283.43,201.6,12.5906,-0.3658,270.0,C1B1,1,156.4,633.58,0,-1
242,legit_26,598.4,371.0,12.4235,-0.885,180.0,D2D1,0,148.81,489.37,0,-1
242,legit_27,188.4,598.4,8.2269,-3.8546,90.0,A3B3,1,38.43,571.81,0,-1
242,legit_28,392.66,401.6,9.6781,1.3328,270.0,C2B2,1,70.84,509.58,0,-1
242,legit_30,801.6,344.04,13.3118,0.2069,0.0,E1E2,0,54.01,526.15,0,-1
242,legit_32,598.4,207.84,13.7259,-0.0874,180.0,D2D1,0,172.45,562.99,0,-1
242,legit_33,198.4,85.17,12.8074,-0.8374,180.0,B1B0,3,59.63,740.76,0,-1
242,legit_34,1001.6,808.2,2.6758,-0.0858,61.08,F4F5,0,57.91,595.78,0,-1
242,legit_35,401.6,369.78,13.7794,0.7792,0.0,C1C2,1,49.38,516.15,0,-1
242,legit_36,310.66,-1.6,13.8106,1.2293,90.0,B0C0,2,184.94,757.31,0,-1
242,legit_37,1.6,209.61,12.2168,0.4836,0.0,A1A2,0,173.36,795.7,0,-1
242,legit_38,198.4,55.22,11.0622,-1.0924,180.0,B1B0,2,80.87,761.35,0,-1
242,legit_39,201.6,675.15,10.6621,-0.668,0.0,B3B4,1,91.16,569.33,0,-1
242,legit_40,601.6,817.35,3.5734,2.0924,0.0,D4D5,0,150.12,485.58,0,-1
243,legit_18,752.01,1.6,12.5951,2.1,270.0,E0D0,0,118.42,718.02,0,-1
243,legit_25,269.68,201.6,13.7456,1.1549,270.0,C1B1,1,144.85,639.39,0,-1
243,legit_26,598.4,357.52,13.4804,1.057,180.0,D2D1,0,148.42,494.02,0,-1
243,legit_27,198.35,598.4,9.9524,1.7255,90.0,:B3_13,1,48.38,566.39,0,-1
243,legit_28,381.54,401.6,11.1208,1.4427,270.0,C2B2,1,80.11,513.23,0,-1
243,legit_30,801.6,357.47,13.4334,0.1216,0.0,E1E2,0,51.66,521.3,0,-1
243,legit_32,598.4,193.96,13.884,0.1581,180.0,:D1_1,0,165.81,570.87,0,-1
243,legit_33,198.4,71.58,13.5922,0.7848,180.0,B1B0,3,68.46,749.99,0,-1
243,legit_34,1001.6,812.74,4.5362,1.8603,0.0,F4F5,0,55.55,596.99,0,-1
243,legit_35,401.6,382.91,13.1373,-0.6422,0.0,C1C2,1,53.55,512.06,0,-1
243,legit_36,324.48,-1.6,13.8207,0.0102,90.0,B0C0,2,174.76,752.65,0,-1
243,legit_37,1.6,221.8,12.184,-0.0327,0.0,A1A2,0,179.96,790.25,0,-1
243,legit_38,198.4,43.24,11.9799,0.9178,180.0,B1B0,2,90.75,769.82,0,-1
243,legit_39,201.6,685.67,10.5235,-0.1386,0.0,B3B4,1,100.01,570.59,0,-1
243,legit_40,601.6,823.35,6.0005,2.4271,0.0,D4D5,0,149.33,487.51,0,-1
244,legit_18,739.22,1.6,12.7864,0.1914,270.0,E0D0,0,118.89,715.79,0,-1
244,legit_25,257.09,201.6,12.5994,-1.1462,270.0,C1B1,0,134.63,644.89,0,-1
244,legit_26,598.4,344.53,12.989,-0.4914,180.0,D2D1,0,149.2,498.75,0,-1
244,legit_27,210.28,598.4,11.9343,1.9819,90.0,B3C3,1,60.31,560.02,0,-1
244,legit_28,367.95,401.6,13.5905,2.4697,270.0,C2B2,1,92.0,517.9,0,-1
244,legit_30,801.6,371.16,13.6864,0.253,0.0,E1E2,0,52.79,516.72,0,-1
244,legit_32,598.4,180.91,13.0505,-0.8335,180.0,D1D0,0,160.41,578.5,0,-1
244,legit_33,198.4,58.6,12.9869,-0.6053,180.0,B1B0,1,78.19,758.98,0,-1
244,legit_34,1001.6,819.58,6.8451,2.3089,0.0,F4F5,0,52.53,598.88,0,-1
244,legit_35,401.6,396.65,13.7416,0.6043,0.0,:C2_9,1,60.71,508.11,0,-1
244,legit_36,337.08,-1.6,12.5986,-1.2222,90.0,B0C0,1,165.94,748.58,0,-1
244,legit_37,1.6,233.72,11.9219,-0.2621,0.0,A1A2,0,186.96,785.06,0,-1
244,legit_38,198.4,31.71,11.5214,-0.4586,180.0,B1B0,2,100.68,778.06,0,-1
244,legit_39,201.6,696.98,11.3035,0.78,0.0,B3B4,1,109.85,572.07,0,-1
244,legit_40,601.6,831.01,7.6547,1.6542,0.0,D4D5,0,148.67,490.05,0,-1
245,legit_18,725.98,1.6,13.2485,0.4621,270.0,E0D0,0,120.81,713.7,0,-1
245,legit_25,243.49,201.6,13.5906,0.9912,270.0,C1B1,0,124.1,651.02,0,-1
245,legit_26,598.4,331.31,13.2212,0.2322,180.0,D2D1,0,151.15,503.84,0,-1
245,legit_27,223.31,598.4,13.0279,1.0936,90.0,B3C3,1,73.33,553.23,0,-1
245,legit_28,354.13,401.6,13.8174,0.2269,270.0,C2B2,1,104.51,522.88,0,-1
245,legit_30,801.6,384.8,13.6382,-0.0482,0.0,E1E2,0,57.25,512.51,0,-1
245,legit_32,598.4,167.37,13.5376,0.4872,180.0,D1D0,0,155.78,586.64,0,-1
245,legit_33,198.4,45.22,13.3787,0.3918,180.0,B1B0,1,89.08,768.41,0,-1
245,legit_34,1001.6,828.99,9.4075,2.5624,0.0,F4F5,0,49.64,601.62,0,-1
245,legit_35,401.6,410.34,13.6893,-0.0522,0.0,C2C3,1,69.84,504.47,0,-1
245,legit_36,349.85,-1.6,12.7649,0.1664,90.0,B0C0,0,157.53,744.62,0,-1
245,legit_37,1.6,245.46,11.7407,-0.1812,0.0,A1A2,0,187.46,780.1,0,-1
245,legit_38,198.4,19.7,12.0116,0.4902,180.0,B1B0,1,111.36,786.77,0,-1
245,legit_39,201.6,708.24,11.2598,-0.0436,0.0,B3B4,1,119.91,573.69,0,-1
245,legit_40,601.6,840.67,9.6583,2.0036,0.0,D4D5,0,148.4,493.38,0,-1
246,legit_18,712.11,1.6,13.8678,0.6192,270.0,E0D0,0,124.32,711.76,0,-1
246,legit_25,230.45,201.6,13.0449,-0.5457,270.0,C1B1,0,114.59,657.09,0,-1
246,legit_26,598.4,319.08,12.2357,-0.9855,180.0,D2D1,0,153.94,508.77,0,-1
246,legit_27,236.56,598.4,13.2508,0.2229,90.0,B3C3,1,86.58,546.51,0,-1
246,legit_28,341.06,401.6,13.069,-0.7484,270.0,C2B2,2,116.61,527.78,0,-1
246,legit_30,801.6,398.17,13.3709,-0.2673,0.0,:E2_9,0,64.18,508.69,0,-1
246,legit_32,598.4,154.12,13.2454,-0.2922,180.0,D1D0,0,152.27,594.84,0,-1
246,legit_33,198.4,32.39,12.8255,-0.5532,180.0,B1B0,1,100.09,777.58,0,-1
246,legit_34,1001.6,840.05,11.0576,1.6501,0.0,F4F5,0,48.4,605.04,0,-1
246,legit_35,401.6,423.8,13.4536,-0.2357,0.0,C2C3,2,80.08,501.14,0,-1
246,legit_36,363.17,-1.6,13.3195,0.5545,90.0,B0C0,0,149.42,740.69,0,-1
246,legit_37,1.6,256.69,11.2273,-0.5134,0.0,A1A2,0,180.82,775.49,0,-1
246,legit_38,198.4,11.96,7.7404,-4.2712,180.0,B1B0,1,118.38,792.43,0,-1
246,legit_39,201.6,719.13,10.8937,-0.3661,0.0,B3B4,1,129.82,575.38,0,-1
246,legit_40,601.6,852.1,11.4365,1.7782,0.0,D4D5,0,148.89,497.5,0,-1
246,legit_41,398.4,387.7,0.0,0.0,180.0,C2C1,2,58.56,511.65,0,-1
247,legit_18,698.92,1.6,13.191,-0.6768,270.0,E0D0,0,128.95,710.15,0,-1
247,legit_25,218.84,201.6,11.6053,-1.4396,270.0,C1B1,0,106.76,662.66,0,-1
247,legit_26,598.4,305.72,13.3577,1.122,180.0,D2D1,0,158.02,514.4,0,-1
247,legit_27,250.09,598.4,13.5246,0.2738,90.0,B3C3,1,100.1,539.82,0,-1
247,legit_28,327.57,401.6,13.4847,0.4158,270.0,C2B2,2,129.3,533.04,0,-1
247,legit_30,801.6,412.01,13.8432,0.4723,0.0,E2E3,0,73.27,505.03,0,-1
247,legit_32,598.4,141.41,12.712,-0.5334,180.0,D1D0,0,149.94,602.93,0,-1
247,legit_33,198.4,22.79,9.6026,-3.2229,180.0,B1B0,1,108.59,784.52,0,-1
247,legit_34,1001.6,852.83,12.7803,1.7227,0.0,F4F5,0,50.07,609.3,0,-1
247,legit_35,401.6,437.63,13.8334,0.3798,0.0,C2C3,2,91.48,497.96,0,-1
247,legit_36,376.01,-1.6,12.8439,-0.4755,90.0,B0C0,0,142.34,737.08,0,-1
247,legit_37,1.6,268.11,11.4254,0.1981,0.0,A1A2,0,174.55,770.94,0,-1
247,legit_38,198.4,8.16,3.8005,-3.94,180.0,B1B0,1,121.86,795.22,0,-1
247,legit_39,201.6,730.07,10.9356,0.0419,0.0,B3B4,1,121.44,577.2,0,-1
247,legit_40,601.6,863.94,11.8327,0.3962,0.0,D4D5,0,150.32,501.98,0,-1
247,legit_41,398.4,385.14,2.5552,2.5552,180.0,C2C1,2,57.4,512.41,0,-1
248,legit_18,686.19,1.6,12.7253,-0.4657,270.0,E0D0,0,134.5,708.8,0,-1
248,legit_25,211.12,201.6,7.7243,-3.881,270.0,C1B1,0,101.95,666.45,0,-1
248,legit_26,598.4,292.63,13.0891,-0.2686,180.0,D2D1,0,162.98,520.17,0,-1
248,legit_27,262.87,598.4,12.7831,-0.7415,90.0,B3C3,0,112.88,533.67,0,-1
248,legit_28,314.15,401.6,13.4207,-0.064,270.0,C2B2,2,142.07,538.47,0,-1
248,legit_30,801.6,424.8,12.7914,-1.0518,0.0,E2E3,0,82.84,501.88,0,-1
248,legit_32,598.4,128.08,13.3269,0.6149,180.0,D1D0,0,148.62,611.64,0,-1
248,legit_33,198.4,17.69,5.1026,-4.5,180.0,B1B0,1,113.18,788.24,0,-1
248,legit_34,1001.6,866.15,13.3235,0.5432,0.0,F4F5,0,55.01,614.05,0,-1
248,legit_35,401.6,450.71,13.0759,-0.7575,0.0,C2C3,2,102.81,495.16,0,-1
248,legit_36,389.27,-1.6,13.2541,0.4102,90.0,B0C0,0,135.92,733.56,0,-1
248,legit_37,1.6,279.5,11.3913,-0.0341,0.0,A1A2,0,168.83,766.54,0,-1
248,legit_38,199.1,3.09,5.1507,1.3502,171.85,:B0_1,1,126.8,798.64,0,-1
248,legit_39,201.6,741.83,11.7672,0.8316,0.0,B3B4,0,110.9,579.3,0,-1
248,legit_40,601.6,874.68,10.7404,-1.0923,0.0,D4D5,0,152.4,506.22,0,-1
248,legit_41,398.4,380.45,4.698,2.1427,180.0,C2C1,2,55.5,513.81,0,-1
249,legit_18,672.92,1.6,13.2742,0.5489,270.0,E0D0,1,141.28,707.6,0,-1
249,legit_25,201.0,201.6,10.1179,2.3935,270.0,:B1_5,0,96.23,671.53,0,-1
249,legit_26,598.4,279.91,12.7175,-0.3716,180.0,D2D1,0,168.63,526.0,0,-1
249,legit_27,276.54,598.4,13.6659,0.8828,90.0,B3C3,0,126.55,527.29,0,-1
249,legit_28,301.37,401.6,12.7859,-0.6349,270.0,C2B2,2,154.34,543.82,0,-1
249,legit_30,801.6,438.17,13.3712,0.5798,0.0,E2E3,0,93.67,498.81,0,-1
249,legit_32,598.4,114.49,13.5983,0.2714,180.0,D1D0,1,148.5,620.75,0,-1
249,legit_33,198.4,12.07,5.6167,0.514,180.0,B1B0,1,118.29,792.35,0,-1
249,legit_34,1001.6,879.13,12.979,-0.3446,0.0,F4F5,0,62.24,618.96,0,-1
249,legit_35,401.6,464.47,13.7602,0.6843,0.0,C2C3,2,115.13,492.43,0,-1
249,legit_36,402.37,-1.6,13.1046,-0.1496,90.0,:C0_6,0,130.6,730.29,0,-1
249,legit_37,1.6,290.74,11.2426,-0.1486,0.0,A1A2,0,163.76,762.34,0,-1
249,legit_38,203.71,-1.1,6.4795,1.3288,127.26,:B0_1,1,132.48,799.64,0,-1
249,legit_39,201.6,752.74,10.9042,-0.863,0.0,B3B4,0,101.38,581.38,0,-1
249,legit_40,601.6,886.5,11.8194,1.079,0.0,D4D5,0,155.51,511.09,0,-1
249,legit_41,398.4,373.77,6.6798,1.9819,180.0,C2C1,2,53.4,515.89,0,-1
250,legit_18,659.45,1.6,13.4727,0.1985,270.0,E0D0,1,149.06,706.6,0,-1
250,legit_25,189.18,201.6,11.8223,1.7044,270.0,B1A1,0,90.52,677.64,0,-1
250,legit_26,598.4,266.49,13.4187,0.7012,180.0,D2D1,0,175.4,532.38,0,-1
250,legit_27,289.37,598.4,12.8328,-0.8331,90.0,B3C3,0,139.38,521.47,0,-1
250,legit_28,287.99,401.6,13.3753,0.5894,270.0,C2B2,2,144.13,549.61,0,-1
250,legit_30,801.6,451.95,13.7748,0.4036,0.0,E2E3,0,105.44,495.87,0,-1
250,legit_32,598.4,101.78,12.7097,-0.8886,180.0,D1D0,1,149.51,629.49,0,-1
250,legit_34,1001.6,892.68,13.5539,0.5749,0.0,F4F5,0,71.54,624.33,0,-1
250,legit_35,401.6,477.2,12.7358,-1.0244,0.0,C2C3,2,126.8,490.09,0,-1
250,legit_36,415.72,-1.6,13.3512,0.2466,90.0,C0D0,0,126.34,727.17,0,-1
250,legit_37,1.6,302.37,11.6291,0.3865,0.0,A1A2,0,159.2,758.15,0,-1
250,legit_38,209.71,-1.6,6.0317,-0.4478,94.05,B0C0,0,135.47,797.29,0,-1
250,legit_39,201.6,763.87,11.1305,0.2264,0.0,B3B4,0,91.97,583.63,0,-1
250,legit_40,601.6,897.49,10.9882,-0.8312,0.0,D4D5,0,159.14,515.79,0,-1
250,legit_41,398.4,365.2,8.5624,1.8826,180.0,C2C1,2,51.86,518.67,0,-1
251,legit_18,646.42,1.6,13.0259,-0.4468,270.0,E0D0,1,157.31,705.83,0,-1
251,legit_25,175.58,201.6,13.6032,1.781,270.0,B1A1,0,85.51,684.91,0,-1
251,legit_26,598.4,253.8,12.6899,-0.7287,180.0,D2D1,0,182.48,538.63,0,-1
251,legit_27,302.31,598.4,12.9358,0.103,90.0,B3C3,1,147.7,515.77,0,-1
251,legit_28,275.1,401.6,12.8925,-0.4828,270.0,C2B2,1,131.84,555.36,0,-1
251,legit_30,801.6,465.37,13.4209,-0.3539,0.0,E2E3,0,117.33,493.22,0,-1
251,legit_32,598.4,88.25,13.5214,0.8117,180.0,D1D0,1,151.76,639.01,0,-1
251,legit_34,1001.6,905.49,12.8067,-0.7472,0.0,F4F5,0,81.44,629.6,0,-1
251,legit_35,401.6,489.99,12.7877,0.052,0.0,C2C3,2,120.19,487.93,0,-1
251,legit_36,429.03,-1.6,13.305,-0.0462,90.0,C0D0,0,123.4,724.29,0,-1
251,legit_37,1.6,313.93,11.5529,-0.0762,0.0,A1A2,0,155.39,754.13,0,-1
251,legit_38,218.27,-1.6,8.5612,2.5295,90.0,B0C0,0,139.45,793.49,0,-1
251,legit_39,201.6,774.71,10.8462,-0.2844,0.0,B3B4,0,83.22,585.96,0,-1
251,legit_40,601.6,908.74,11.2521,0.2639,0.0,D4D5,0,163.55,520.78,0,-1
251,legit_41,398.4,354.2,11.0041,2.4417,180.0,C2C1,2,51.92,522.45,0,-1
252,legit_18,633.29,1.6,13.1251,0.0992,270.0,E0D0,1,166.25,705.25,0,-1
252,legit_25,161.96,201.6,13.6153,0.0121,270.0,B1A1,0,82.47,692.46,0,-1
252,legit_26,598.4,241.17,12.6361,-0.0539,180.0,D2D1,0,190.12,545.06,0,-1
252,legit_27,314.92,598.4,12.6114,-0.3244,90.0,B3C3,1,135.09,510.38,0,-1
252,legit_28,262.35,401.6,12.7492,-0.1433,270.0,C2B2,1,119.81,561.21,0,-1
252,legit_30,801.6,478.81,13.4441,0.0232,0.0,E2E3,0,129.54,490.77,0,-1
252,legit_32,598.4,75.52,12.7379,-0.7835,180.0,D1D0,1,154.92,648.17,0,-1
252,legit_34,1001.6,919.3,13.8123,1.0056,0.0,F4F5,0,92.91,635.5,0,-1
252,legit_35,401.6,503.37,13.3842,0.5964,0.0,C2C3,1,108.07,485.86,0,-1
252,legit_36,442.36,-1.6,13.3334,0.0284,90.0,C0D0,0,121.84,721.63,0,-1
252,legit_37,1.6,326.03,12.1064,0.5535,0.0,A1A2,0,152.24,750.08,0,-1
252,legit_38,229.43,-1.6,11.1547,2.5935,90.0,B0C0,0,145.24,788.65,0,-1
252,legit_39,201.6,785.68,10.9694,0.1232,0.0,B3B4,0,74.92,588.46,0,-1
252,legit_40,601.6,919.38,10.6427,-0.6094,0.0,D4D5,0,168.3,525.66,0,-1
252,legit_41,398.4,341.82,12.3847,1.3806,180.0,C2C1,1,54.71,526.99,0,-1
252,legit_42,198.4,987.7,0.0,0.0,180.0,B5B4,0,104.22,667.46,0,-1
253,legit_18,619.91,1.6,13.3821,0.257,270.0,E0D0,1,175.9,704.86,0,-1
253,legit_25,149.23,201.6,12.7271,-0.8882,270.0,B1A1,0,81.6,699.78,0,-1
253,legit_26,598.4,227.71,13.4583,0.8223,180.0,D2D1,0,183.37,552.13,0,-1
253,legit_27,327.79,598.4,12.8701,0.2587,90.0,B3C3,1,122.22,505.06,0,-1
253,legit_28,248.54,401.6,13.8159,1.0667,270.0,C2B2,0,106.96,567.76,0,-1
253,legit_30,801.6,492.13,13.3166,-0.1275,0.0,E2E3,0,119.58,488.55,0,-1
253,legit_32,598.4,61.95,13.5644,0.8266,180.0,D1D0,1,159.35,658.13,0,-1
253,legit_34,1001.6,932.33,13.0309,-0.7815,0.0,F4F5,0,104.25,641.24,0,-1
253,legit_35,401.6,517.12,13.7463,0.3621,0.0,C2C3,1,95.98,483.96,0,-1
253,legit_36,455.31,-1.6,12.9518,-0.3816,90.0,C0D0,0,121.72,719.27,0,-1
253,legit_37,1.6,338.23,12.1947,0.0883,0.0,A1A2,0,149.99,746.18,0,-1
253,legit_38,240.83,-1.6,11.4068,0.2521,90.0,B0C0,0,151.78,783.84,0,-1
253,legit_39,201.6,792.15,6.4694,-4.5,0.0,B3B4,0,70.37,590.0,0,-1
253,legit_40,601.6,931.18,11.8017,1.159,0.0,D4D5,0,174.17,531.25,0,-1
253,legit_41,398.4,328.6,13.2121,0.8273,180.0,C2C1,0,60.4,532.14,0,-1
253,legit_42,198.4,986.02,1.6809,1.6809,180.0,B5B4,0,105.71,666.62,0,-1
254,legit_18,607.3,1.6,12.6077,-0.7744,270.0,E0D0,2,185.42,704.67,0,-1
254,legit_25,136.3,201.6,12.9316,0.2045,270.0,B1A1,0,82.74,707.46,0,-1
254,legit_26,598.4,216.58,11.1282,-2.3301,180.0,D2D1,0,177.06,558.15,0,-1
254,legit_27,340.58,598.4,12.7948,-0.0753,90.0,B3C3,1,109.43,499.94,0,-1
254,legit_28,235.81,401.6,12.7286,-1.0873,270.0,C2B2,0,95.36,573.96,0,-1
254,legit_30,801.6,505.86,13.725,0.4084,0.0,E2E3,0,107.36,486.48,0,-1
254,legit_32,598.4,48.89,13.0657,-0.4987,180.0,D1D0,2,164.56,667.91,0,-1
254,legit_34,1001.6,945.66,13.3276,0.2968,0.0,F4F5,0,116.22,647.29,0,-1
254,legit_35,401.6,530.2,13.0801,-0.6662,0.0,C2C3,1,84.94,482.35,0,-1
254,legit_36,469.08,-1.6,13.766,0.8142,90.0,C0D0,2,123.09,717.01,0,-1
254,legit_37,1.6,350.53,12.3065,0.1118,0.0,A1A2,0,148.7,742.42,0,-1
254,legit_38,252.01,-1.6,11.1824,-0.2244,90.0,B0C0,0,158.72,779.25,0,-1
254,legit_39,202.92,796.87,5.0171,-1.4522,15.72,:B4_8,0,68.27,590.46,0,-1
254,legit_40,601.6,942.96,11.7788,-0.0229,0.0,D4D5,0,180.62,537.01,0,-1
254,legit_41,398.4,315.3,13.3056,0.0935,180.0,C2C1,0,68.27,537.6,0,-1
254,legit_42,198.4,982.62,3.3995,1.7186,180.0,B5B4,0,108.75,664.94,0,-1
255,legit_25,122.85,201.6,13.4519,0.5203,270.0,B1A1,0,86.0,715.72,0,-1
255,legit_26,598.4,209.03,7.5457,-3.5826,180.0,D2D1,0,173.06,562.32,0,-1
255,legit_27,353.65,598.4,13.0721,0.2774,90.0,B3C3,1,96.36,494.89,0,-1
255,legit_28,222.78,401.6,13.0309,0.3023,270.0,C2B2,0,83.83,580.5,0,-1
255,legit_30,801.6,518.54,12.6837,-1.0413,0.0,E2E3,0,96.43,484.75,0,-1
255,legit_32,598.4,35.58,13.3051,0.2394,180.0,D1D0,1,170.73,678.04,0,-1
255,legit_34,1001.6,959.25,13.5915,0.2639,0.0,F4F5,0,128.7,653.63,0,-1
255,legit_35,401.6,544.04,13.8423,0.7622,0.0,C2C3,1,73.98,480.89,0,-1
255,legit_36,482.02,-1.6,12.9448,-0.8212,90.0,C0D0,1,125.75,715.11,0,-1
255,legit_37,1.6,361.97,11.4317,-0.8748,0.0,A1A2,0,148.41,739.1,0,-1
255,legit_38,263.71,-1.6,11.6923,0.5099,90.0,B0C0,0,166.48,774.6,0,-1
255,legit_39,208.0,798.4,5.4634,0.4463,75.35,B4C4,0,71.38,588.15,0,-1
255,legit_40,601.6,954.7,11.7411,-0.0377,0.0,D4D5,0,187.56,542.93,0,-1
255,legit_41,398.4,302.14,13.1541,-0.1515,180.0,C2C1,0,77.52,543.25,0,-1
255,legit_42,198.4,977.73,4.892,1.4924,180.0,B5B4,0,113.15,662.53,0,-1
256,legit_25,109.14,201.6,13.7062,0.2543,270.0,B1A1,0,91.26,724.4,0,-1
256,legit_26,599.29,205.96,3.374,-4.1717,169.29,:D1_17,0,172.27,564.04,0,-1
256,legit_27,366.4,598.4,12.7416,-0.3305,90.0,B3C3,1,83.62,490.14,0,-1
256,legit_28,213.49,401.6,9.2822,-3.7487,270.0,C2B2,0,75.91,585.28,0,-1
256,legit_30,801.6,531.35,12.808,0.1243,0.0,E2E3,0,85.88,483.21,0,-1
256,legit_32,598.4,22.73,12.8534,-0.4517,180.0,D1D0,1,177.44,687.99,0,-1
256,legit_34,1001.6,972.22,12.9644,-0.6271,0.0,F4F5,0,118.15,659.84,0,-1
256,legit_35,401.6,557.71,13.6679,-0.1744,0.0,C2C3,1,64.27,479.7,0,-1
256,legit_36,495.62,-1.6,13.5932,0.6484,90.0,C0D0,1,129.87,713.35,0,-1
256,legit_37,1.6,373.78,11.815,0.3833,0.0,A1A2,0,149.04,735.82,0,-1
256,legit_38,275.78,-1.6,12.0743,0.382,90.0,B0C0,0,174.95,769.94,0,-1
256,legit_39,215.74,798.4,7.7394,2.2759,90.0,B4C4,0,77.8,584.11,0,-1
256,legit_40,601.6,966.56,11.8556,0.1144,0.0,D4D5,0,186.79,549.09,0,-1
256,legit_41,398.4,288.63,13.5115,0.3573,180.0,C2C1,0,88.07,549.29,0,-1
256,legit_42,198.4,970.74,6.9853,2.0934,180.0,B5B4,0,119.5,659.13,0,-1
257,legit_25,95.33,201.6,13.8095,0.1033,270.0,B1A1,0,98.22,733.39,0,-1
257,legit_26,601.25,206.67,2.4917,-0.8823,117.79,:D1_17,0,172.16,563.64,0,-1
257,legit_27,378.54,598.4,12.1397,-0.6019,90.0,B3C3,1,71.48,485.79,0,-1
257,legit_28,208.18,401.6,5.3112,-3.971,270.0,C2B2,0,71.52,588.05,0,-1
257,legit_30,801.6,544.98,13.6281,0.8201,0.0,E2E3,0,75.43,481.8,0,-1
257,legit_32,598.4,13.96,8.7721,-4.0813,180.0,D1D0,1,182.4,694.86,0,-1
257,legit_34,1001.6,985.46,13.2461,0.2817,0.0,F4F5,0,106.21,666.35,0,-1
257,legit_35,401.6,570.45,12.7389,-0.929,0.0,C2C3,1,56.71,478.84,0,-1
257,legit_36,508.64,-1.6,13.0219,-0.5712,90.0,C0D0,1,135.0,711.88,0,-1
257,legit_37,1.6,385.08,11.3037,-0.5113,0.0,A1A2,0,150.51,732.85,0,-1
257,legit_38,286.81,-1.6,11.028,-1.0463,90.0,B0C0,0,183.04,765.81,0,-1
257,legit_39,225.74,798.4,9.9989,2.2596,90.0,B4C4,0,86.41,579.0,0,-1
257,legit_40,601.6,977.22,10.6665,-1.189,0.0,D4D5,0,180.51,554.78,0,-1
257,legit_41,398.4,275.51,13.1252,-0.3863,180.0,C2C1,0,99.0,555.35,0,-1
257,legit_42,198.4,961.52,9.2258,2.2405,180.0,B5B4,0,127.99,654.7,0,-1
258,legit_25,82.07,201.6,13.2682,-0.5413,270.0,B1A1,0,106.18,742.23,0,-1
258,legit_26,601.6,209.11,2.5522,0.0605,35.55,D1D2,0,173.1,562.27,0,-1
258,legit_27,387.42,598.4,8.8824,-3.2573,90.0,B3C3,1,62.6,482.7,0,-1
258,legit_28,202.75,403.41,5.9768,0.6656,292.13,:B2_4,0,68.32,590.48,0,-1
258,legit_30,801.6,557.57,12.5927,-1.0355,0.0,E2E3,0,66.81,480.72,0,-1
258,legit_32,598.4,9.29,4.6641,-4.108,180.0,D1D0,1,185.15,698.54,0,-1
258,legit_34,1001.6,996.25,10.7863,-2.4598,0.0,F4F5,0,96.73,671.77,0,-1
258,legit_35,401.6,583.38,12.9339,0.195,0.0,C2C3,1,51.17,478.25,0,-1
258,legit_36,521.27,-1.6,12.6305,-0.3914,90.0,C0D0,1,140.95,710.66,0,-1
258,legit_37,1.6,397.07,11.9838,0.6801,0.0,:A2_7,0,152.96,729.87,0,-1
258,legit_38,298.43,-1.6,11.6172,0.5892,90.0,B0C0,0,191.88,761.6,0,-1
258,legit_39,237.43,798.4,11.6897,1.6907,90.0,B4C4,0,96.82,573.16,0,-1
258,legit_40,601.6,985.61,8.3886,-2.2779,0.0,D4D5,0,175.87,559.35,0,-1
258,legit_41,398.4,262.49,13.0128,-0.1124,180.0,C2C1,0,110.32,561.55,0,-1
258,legit_42,198.4,949.9,11.6138,2.3881,180.0,B5B4,0,120.09,649.25,0,-1
258,legit_43,1.6,612.3,0.0,0.0,0.0,A3A4,0,148.91,705.14,0,-1
259,legit_25,69.35,201.6,12.7197,-0.5485,270.0,B1A1,0,114.73,750.89,0,-1
259,legit_26,601.6,214.12,5.0081,2.4559,0.0,D1D2,0,175.73,559.5,0,-1
259,legit_27,391.8,598.4,4.3824,-4.5,90.0,B3C3,1,58.22,481.22,0,-1
259,legit_28,201.6,409.43,6.2618,0.285,354.16,B2B3,0,71.45,589.62,0,-1
259,legit_30,801.6,571.37,13.8055,1.2128,0.0,E2E3,0,59.01,479.81,0,-1
259,legit_32,596.86,2.92,6.7697,2.1056,198.49,:D0_0,1,187.82,703.6,0,-1
259,legit_34,998.78,1001.32,6.2863,-4.5,324.38,:F5_0,0,93.88,672.92,0,-1
259,legit_35,401.6,596.51,13.123,0.1891,0.0,:C3_9,1,48.53,477.98,0,-1
259,legit_36,534.35,-1.6,13.0867,0.4562,90.0,C0D0,1,147.99,709.59,0,-1
259,legit_37,1.6,409.01,11.9393,-0.0445,0.0,A2A3,0,156.28,727.07,0,-1
259,legit_38,309.88,-1.6,11.4527,-0.1645,90.0,B0C0,0,185.53,757.58,0,-1
259,legit_39,248.79,798.4,11.3578,-0.3319,90.0,B4C4,1,107.19,567.63,0,-1
259,legit_40,601.6,990.7,5.0848,-3.3039,0.0,D4D5,0,173.2,562.17,0,-1
259,legit_41,398.4,248.87,13.6244,0.6116,180.0,C2C1,0,122.53,568.24,0,-1
259,legit_42,198.4,936.75,13.1526,1.5387,180.0,B5B4,1,108.18,643.23,0,-1
259,legit_43,1.6,614.63,2.329,2.329,0.0,A3A4,0,149.12,705.18,0,-1
260,legit_25,55.46,201.6,13.8864,1.1667,270.0,B1A1,0,124.88,760.52,0,-1
260,legit_26,601.6,220.47,6.3437,1.3357,0.0,D1D2,0,179.21,556.03,0,-1
260,legit_27,396.44,598.4,4.6416,0.2592,90.0,:C3_13,1,53.58,479.66,0,-1
260,legit_28,201.6,418.1,8.6763,2.4146,0.0,B2B3,0,77.71,587.58,0,-1
260,legit_30,801.6,584.19,12.8147,-0.9908,0.0,E2E3,0,53.97,479.26,0,-1
260,legit_32,591.31,1.6,5.8403,-0.9294,259.63,D0C0,1,184.36,704.68,0,-1
260,legit_34,993.56,1001.6,5.2444,-1.0419,272.86,F5E5,0,96.6,670.43,0,-1
260,legit_35,401.6,609.47,12.9583,-0.1646,0.0,C3C4,1,49.32,478.06,0,-1
260,legit_36,547.25,-1.6,12.8911,-0.1956,90.0,C0D0,1,155.7,708.74,0,-1
260,legit_37,1.6,420.53,11.522,-0.4172,0.0,A2A3,0,160.27,724.53,0,-1
260,legit_38,320.86,-1.6,10.9794,-0.4733,90.0,B0C0,0,177.38,753.85,0,-1
260,legit_39,259.58,798.4,10.7913,-0.5665,90.0,B4C4,1,117.21,562.51,0,-1
260,legit_40,602.01,995.35,4.692,-0.3927,4.71,:D5_3,0,170.49,564.77,0,-1
260,legit_41,398.4,235.36,13.511,-0.1133,180.0,C2C1,0,126.37,575.06,0,-1
260,legit_42,198.4,923.54,13.2143,0.0618,180.0,B5B4,1,96.54,637.35,0,-1
260,legit_43,1.6,619.4,4.7723,2.4434,0.0,A3A4,0,149.66,705.28,0,-1
261,legit_25,42.87,201.6,12.5905,-1.2958,270.0,B1A1,0,134.67,769.4,0,-1
261,legit_26,601.6,228.47,8.001,1.6573,0.0,D1D2,0,183.81,551.73,0,-1
261,legit_27,403.67,598.4,7.2288,2.5872,90.0,:C3_13,1,46.36,477.29,0,-1
261,legit_28,201.6,428.81,10.7062,2.0299,0.0,B2B3,0,86.01,585.19,0,-1
261,legit_30,801.6,592.5,8.3147,-4.5,0.0,E2E3,0,52.14,479.07,0,-1
261,legit_32,583.71,1.6,7.6025,1.7622,270.0,D0C0,1,178.6,704.79,0,-1
261,legit_34,986.29,1001.6,7.2671,2.0227,270.0,F5E5,0,101.02,666.82,0,-1
261,legit_35,401.6,622.19,12.722,-0.2363,0.0,C3C4,1,53.24,478.46,0,-1
261,legit_36,560.25,-1.6,13.0031,0.1119,90.0,C0D0,1,164.14,708.07,0,-1
261,legit_37,1.6,432.19,11.6579,0.1359,0.0,A2A3,0,165.03,722.11,0,-1
261,legit_38,332.15,-1.6,11.2923,0.3129,90.0,B0C0,0,169.34,750.15,0,-1
261,legit_39,270.12,798.4,10.5431,-0.2481,90.0,B4C4,1,127.12,557.62,0,-1
261,legit_40,606.19,998.26,5.4223,0.7303,57.3,:D5_3,0,165.42,566.43,0,-1
261,legit_41,398.4,222.61,12.748,-0.763,180.0,C2C1,0,114.85,581.67,0,-1
261,legit_42,198.4,910.63,12.9078,-0.3065,180.0,B5B4,1,85.62,631.77,0,-1
261,legit_43,1.6,626.22,6.8197,2.0473,0.0,A3A4,0,150.7,705.48,0,-1
262,legit_25,30.23,201.6,12.6448,0.0542,270.0,B1A1,0,144.93,778.45,0,-1
262,legit_26,601.6,238.02,9.5579,1.5569,0.0,D1D2,0,189.61,546.69,0,-1
262,legit_27,412.41,598.4,8.7396,1.5107,90.0,C3D3,1,37.62,474.5,0,-1
262,legit_28,201.6,441.79,12.9837,2.2775,0.0,B2B3,0,96.71,582.47,0,-1
262,legit_30,799.25,599.49,7.5791,-0.7356,335.39,:E3_18,0,49.25,478.24,0,-1
262,legit_32,574.3,1.6,9.4061,1.8037,270.0,D0C0,1,171.67,705.0,0,-1
262,legit_34,976.87,1001.6,9.4168,2.1497,270.0,F5E5,0,107.21,662.25,0,-1
262,legit_35,401.6,634.78,12.5906,-0.1314,0.0,C3C4,1,59.6,479.16,0,-1
262,legit_36,572.85,-1.6,12.5984,-0.4047,90.0,C0D0,1,172.85,707.6,0,-1
262,legit_37,1.6,444.08,11.8914,0.2335,0.0,A2A3,0,170.56,719.82,0,-1
262,legit_38,343.49,-1.6,11.3437,0.0514,90.0,B0C0,0,161.65,746.57,0,-1
262,legit_39,281.52,798.4,11.3969,0.8538,90.0,B4C4,1,137.94,552.47,0,-1
262,legit_40,610.99,998.4,4.8046,-0.6177,88.03,D5E5,0,161.19,566.56,0,-1
262,legit_41,398.4,211.31,11.3048,-1.4433,180.0,C2C1,0,104.88,587.67,0,-1
262,legit_42,198.4,897.99,12.6421,-0.2657,180.0,B5B4,1,75.53,626.49,0,-1
262,legit_43,1.6,635.24,9.0209,2.2012,0.0,A3A4,0,152.53,705.82,0,-1
263,legit_25,18.23,201.6,11.996,-0.6488,270.0,B1A1,0,154.99,787.14,0,-1
263,legit_26,601.6,249.0,10.9774,1.4194,0.0,D1D2,0,185.32,541.05,0,-1
263,legit_27,422.8,598.4,10.3863,1.6467,90.0,C3D3,1,27.25,471.3,0,-1
263,legit_28,201.6,454.74,12.9513,-0.0324,0.0,B2B3,0,107.88,579.94,0,-1
263,legit_30,791.82,601.6,7.898,0.3188,277.11,E3D3,0,41.85,475.84,0,-1
263,legit_32,562.52,1.6,11.7874,2.3813,270.0,D0C0,1,163.33,705.41,0,-1
263,legit_34,964.94,1001.6,11.9361,2.5193,270.0,F5E5,0,115.68,656.6,0,-1
263,legit_35,401.6,648.42,13.6425,1.0519,0.0,C3C4,1,68.46,480.2,0,-1
263,legit_36,584.06,-1.6,11.2139,-1.3844,90.0,C0D0,1,180.99,707.33,0,-1
263,legit_37,1.6,456.04,11.959,0.0676,0.0,A2A3,0,176.77,717.67,0,-1
263,legit_38,354.63,-1.6,11.1354,-0.2083,90.0,B0C0,0,154.54,743.19,0,-1
263,legit_39,292.63,798.4,11.1124,-0.2845,90.0,B4C4,1,148.57,547.58,0,-1
263,legit_40,617.76,998.4,6.7691,1.9645,90.0,D5E5,0,155.39,566.67,0,-1
263,legit_41,397.69,204.14,7.2873,-4.0175,188.33,:C1_0,0,99.08,591.74,0,-1
263,legit_42,198.4,884.14,13.8459,1.2038,180.0,B5B4,1,65.5,620.91,0,-1
263,legit_43,1.6,646.09,10.8461,1.8252,0.0,A3A4,0,155.39,706.37,0,-1
264,legit_25,10.58,201.6,7.647,-4.349,270.0,B1A1,0,161.54,792.74,0,-1
264,legit_26,601.6,261.8,12.7987,1.8213,0.0,D1D2,0,177.95,534.66,0,-1
264,legit_27,434.71,598.4,11.9137,1.5274,90.0,C3D3,1,15.37,467.79,0,-1
264,legit_28,201.6,468.49,13.7485,0.7972,0.0,B2B3,0,120.14,577.45,0,-1
264,legit_30,781.57,601.6,10.2454,2.3475,270.0,E3D3,0,31.61,472.64,0,-1
264,legit_32,549.1,1.6,13.4139,1.6265,270.0,D0C0,1,154.4,706.07,0,-1
264,legit_34,951.8,1001.6,13.1388,1.2027,270.0,F5E5,0,125.66,650.57,0,-1
264,legit_35,401.6,662.16,13.7411,0.0985,0.0,C3C4,1,78.78,481.52,0,-1
264,legit_36,591.51,-1.6,7.4442,-3.7697,90.0,C0D0,1,186.58,707.23,0,-1
264,legit_37,1.6,467.82,11.7861,-0.1729,0.0,A2A3,0,183.44,715.72,0,-1
264,legit_38,366.09,-1.6,11.4575,0.3221,90.0,B0C0,0,147.74,739.85,0,-1
264,legit_39,304.27,798.4,11.6334,0.521,90.0,B4C4,1,151.56,542.6,0,-1
264,legit_40,626.82,998.4,9.0616,2.2925,90.0,D5E5,0,147.76,566.89,0,-1
264,legit_41,391.04,201.6,7.6067,0.3194,261.3,C1B1,0,100.67,595.06,0,-1
264,legit_42,198.4,871.37,12.774,-1.0719,180.0,B5B4,1,57.67,615.99,0,-1
264,legit_43,1.6,658.46,12.3724,1.5263,0.0,A3A4,0,159.5,707.18,0,-1
264,legit_44,412.3,398.4,0.0,0.0,90.0,C2D2,0,53.81,504.4,0,-1
265,legit_25,7.12,201.54,3.4824,-4.1646,269.36,:A1_5,0,164.51,795.32,0,-1
265,legit_26,601.6,274.04,12.2386,-0.5601,0.0,D1D2,0,171.5,528.76,0,-1
265,legit_27,447.87,598.4,13.1606,1.247,90.0,C3D3,1,2.66,464.11,0,-1
265,legit_28,201.6,482.1,13.603,-0.1455,0.0,B2B3,0,128.7,575.18,0,-1
265,legit_30,769.87,601.6,11.6993,1.4538,270.0,E3D3,0,19.94,469.12,0,-1
265,legit_32,535.59,1.6,13.514,0.1001,270.0,D0C0,1,146.09,706.94,0,-1
265,legit_34,939.09,1001.6,12.712,-0.4268,270.0,F5E5,0,135.82,644.91,0,-1
265,legit_35,401.6,675.51,13.3458,-0.3953,0.0,C3C4,2,89.69,483.03,0,-1
265,legit_36,595.08,-1.27,3.5973,-3.8469,86.26,:D0_7,1,189.09,706.95,0,-1
265,legit_37,1.6,479.18,11.3545,-0.4316,0.0,A2A3,0,190.33,714.0,0,-1
265,legit_38,377.26,-1.6,11.1688,-0.2887,90.0,B0C0,0,141.7,736.74,0,-1
265,legit_39,315.61,798.4,11.3493,-0.2841,90.0,B4C4,2,140.68,537.87,0,-1
265,legit_40,638.25,998.4,11.4359,2.3743,90.0,D5E5,0,138.37,567.31,0,-1
265,legit_41,380.91,201.6,10.132,2.5253,270.0,C1B1,0,106.92,598.11,0,-1
265,legit_42,198.4,857.68,13.6849,0.9109,180.0,B5B4,1,51.53,610.99,0,-1
265,legit_43,1.6,671.94,13.4845,1.1121,0.0,A3A4,0,164.92,708.26,0,-1
265,legit_44,413.98,398.4,1.6759,1.6759,90.0,C2D2,0,52.65,503.91,0,-1
266,legit_25,5.96,199.28,3.0374,-0.445,233.24,:A1_5,0,164.42,797.22,0,-1
266,legit_26,601.6,287.36,13.3209,1.0823,0.0,D1D2,0,165.22,522.56,0,-1
266,legit_27,461.3,598.4,13.4268,0.2662,90.0,C3D3,1,11.41,461.65,0,-1
266,legit_28,201.6,495.66,13.566,-0.037,0.0,B2B3,0,116.4,573.11,0,-1
266,legit_30,756.53,601.6,13.3399,1.6406,270.0,E3D3,0,6.73,465.31,0,-1
266,legit_32,522.75,1.6,12.8378,-0.6762,270.0,D0C0,2,138.96,707.97,0,-1
266,legit_34,925.23,1001.6,13.8586,1.1466,270.0,F5E5,0,147.36,638.93,0,-1
266,legit_35,401.6,688.62,13.1128,-0.233,0.0,C3C4,2,100.98,484.73,0,-1
266,legit_36,599.59,0.92,5.1695,1.5721,63.49,:D0_10,1,191.2,705.19,0,-1
266,legit_37,1.6,491.62,12.439,1.0845,0.0,A2A3,0,183.76,712.27,0,-1
266,legit_38,389.15,-1.6,11.892,0.7233,90.0,B0C0,1,135.98,733.59,0,-1
266,legit_39,326.49,798.4,10.8708,-0.4784,90.0,B4C4,2,130.33,533.48,0,-1
266,legit_40,649.75,998.4,11.4972,0.0613,90.0,D5E5,0,129.26,567.88,0,-1
266,legit_41,369.37,201.6,11.5395,1.4075,270.0,C1B1,0,114.72,601.74,0,-1
266,legit_42,198.4,844.96,12.7195,-0.9655,180.0,B5B4,1,48.65,606.64,0,-1
266,legit_43,1.6,685.23,13.2846,-0.2,0.0,A3A4,0,171.13,709.55,0,-1
266,legit_44,417.9,398.4,3.9242,2.2484,90.0,C2D2,0,50.05,502.79,0,-1
267,legit_25,8.78,198.4,3.116,0.0786,133.63,A1B1,0,161.52,795.55,0,-1
267,legit_26,601.6,300.82,13.4636,0.1427,0.0,D1D2,0,159.76,516.53,0,-1
267,legit_27,474.48,598.4,13.1795,-0.2473,90.0,C3D3,1,24.53,459.67,0,-1
267,legit_28,201.6,509.19,13.53,-0.036,0.0,B2B3,0,104.45,571.25,0,-1
267,legit_30,743.19,601.6,13.3409,0.0009,270.0,E3D3,0,6.99,462.38,0,-1
267,legit_32,509.23,1.6,13.5165,0.6788,270.0,D0C0,2,132.39,709.26,0,-1
267,legit_34,912.63,1001.6,12.5963,-1.2623,270.0,F5E5,0,158.17,633.67,0,-1
267,legit_35,401.6,701.51,12.8862,-0.2266,0.0,C3C4,2,112.45,486.59,0,-1
267,legit_36,601.57,7.0,6.523,1.3536,14.08,:D0_10,1,186.55,700.35,0,-1
267,legit_37,1.6,503.02,11.4038,-1.0352,0.0,A2A3,0,177.28,710.85,0,-1
267,legit_38,400.83,-1.6,11.6803,-0.2118,90.0,:C0_6,1,131.17,730.66,0,-1
267,legit_39,337.4,798.4,10.9126,0.0418,90.0,B4C4,2,120.04,529.19,0,-1
267,legit_40,661.43,998.4,11.6756,0.1784,90.0,D5E5,0,120.43,568.61,0,-1
267,legit_41,355.89,201.6,13.4806,1.9411,270.0,C1B1,0,124.56,606.2,0,-1
267,legit_42,198.4,831.36,13.6053,0.8858,180.0,B5B4,1,49.17,602.33,0,-1
267,legit_43,1.6,698.37,13.1445,-0.1401,0.0,A3A4,0,178.04,711.02,0,-1
267,legit_44,424.34,398.4,6.4435,2.5192,90.0,C2D2,0,46.18,500.99,0,-1
268,legit_25,13.57,198.4,4.7843,1.6683,90.0,A1B1,0,157.35,792.04,0,-1
268,legit_26,601.6,313.42,12.5916,-0.872,0.0,D1D2,0,155.54,511.13,0,-1
268,legit_27,487.4,598.4,12.9253,-0.2542,90.0,C3D3,1,37.44,457.92,0,-1
268,legit_28,201.6,522.46,13.2713,-0.2587,0.0,B2B3,0,93.14,569.61,0,-1
268,legit_30,729.89,601.6,13.3073,-0.0335,270.0,E3D3,0,20.18,460.3,0,-1
268,legit_32,496.34,1.6,12.8968,-0.6198,270.0,D0C0,2,127.14,710.7,0,-1
268,legit_34,899.77,1001.6,12.864,0.2677,270.0,F5E5,0,169.05,628.47,0,-1
268,legit_35,401.6,714.9,13.396,0.5098,0.0,C3C4,2,124.68,488.73,0,-1
268,legit_36,601.6,14.57,7.5728,1.0497,0.0,D0D1,1,182.04,694.38,0,-1
268,legit_37,1.6,514.61,11.5864,0.1826,0.0,A2A3,0,171.21,709.56,0,-1
268,legit_38,412.29,-1.6,11.462,-0.2182,90.0,C0D0,1,127.31,727.95,0,-1
268,legit_39,349.11,798.4,11.7124,0.7998,90.0,B4C4,1,109.13,524.74,0,-1
268,legit_40,672.97,998.4,11.5459,-0.1297,90.0,D5E5,0,112.21,569.51,0,-1
268,legit_41,343.07,201.6,12.8234,-0.6573,270.0,C1B1,0,134.51,610.63,0,-1
268,legit_42,198.4,818.71,12.6498,-0.9555,180.0,B5B4,0,52.88,598.64,0,-1
268,legit_43,1.6,711.08,12.7047,-0.4398,0.0,A3A4,0,185.37,712.63,0,-1
268,legit_44,432.15,398.4,7.8033,1.3598,90.0,C2D2,0,42.35,498.92,0,-1
269,legit_25,20.4,198.4,6.837,2.0526,90.0,A1B1,0,151.46,787.06,0,-1
269,legit_26,601.6,325.87,12.455,-0.1366,0.0,D1D2,0,152.27,506.0,0,-1
269,legit_27,501.19,598.4,13.7914,0.8661,90.0,C3D3,0,51.22,456.27,0,-1
269,legit_28,201.6,536.33,13.865,0.5936,0.0,B2B3,0,81.96,568.11,0,-1
269,legit_30,717.11,601.6,12.773,-0.5344,270.0,E3D3,0,32.93,458.51,0,-1
269,legit_32,483.18,1.6,13.1593,0.2625,270.0,D0C0,2,122.96,712.39,0,-1
269,legit_34,886.28,1001.6,13.487,0.623,270.0,F5E5,0,157.22,623.2,0,-1
269,legit_35,401.6,727.58,12.679,-0.717,0.0,C3C4,1,122.39,490.95,0,-1
269,legit_36,601.6,24.18,9.6132,2.0404,0.0,D0D1,1,176.65,686.85,0,-1
269,legit_37,1.6,526.28,11.6745,0.0881,0.0,A2A3,0,165.7,708.42,0,-1
269,legit_38,424.0,-1.6,11.7063,0.2442,90.0,C0D0,1,124.35,725.35,0,-1
269,legit_39,360.88,798.4,11.7665,0.0541,90.0,B4C4,1,98.35,520.42,0,-1
269,legit_40,684.39,998.4,11.4185,-0.1273,90.0,D5E5,0,104.71,570.56,0,-1
269,legit_41,329.84,201.6,13.2313,0.4079,270.0,C1B1,0,145.25,615.4,0,-1
269,legit_42,198.4,805.31,13.3962,0.7464,180.0,:B4_1,0,59.55,595.02,0,-1
269,legit_43,1.6,724.93,13.8533,1.1486,0.0,A3A4,0,187.79,714.6,0,-1
269,legit_44,442.01,398.4,9.8645,2.0613,90.0,C2D2,0,39.22,496.49,0,-1
270,legit_25,29.07,198.4,8.6646,1.8276,90.0,A1B1,0,144.12,780.79,0,-1
270,legit_26,601.6,338.94,13.0699,0.6149,0.0,D1D2,0,149.89,500.87,0,-1
270,legit_27,514.82,598.4,13.6254,-0.166,90.0,C3D3,0,64.84,454.85,0,-1
270,legit_28,201.6,549.07,12.7409,-1.1241,0.0,B2B3,0,72.5,566.93,0,-1
270,legit_30,703.9,601.6,13.2142,0.4412,270.0,E3D3,0,46.13,456.86,0,-1
270,legit_32,469.83,1.6,13.3511,0.1918,270.0,D0C0,2,120.05,714.33,0,-1
270,legit_34,873.68,1001.6,12.6051,-0.8819,270.0,F5E5,0,146.43,618.44,0,-1
270,legit_35,401.6,741.26,13.6825,1.0036,0.0,C3C4,1,109.96,493.54,0,-1
270,legit_36,601.6,35.4,11.2201,1.6069,0.0,D0D1,1,170.82,678.18,0,-1
270,legit_37,1.6,538.15,11.8721,0.1976,0.0,A2A3,0,160.77,707.43,0,-1
270,legit_38,436.17,-1.6,12.1689,0.4627,90.0,C0D0,1,122.38,722.84,0,-1
270,legit_39,371.5,798.4,10.6226,-1.1439,90.0,B4C4,1,88.84,516.66,0,-1
270,legit_40,696.17,998.4,11.7804,0.3619,90.0,D5E5,0,97.76,571.83,0,-1
270,legit_41,317.09,201.6,12.7431,-0.4882,270.0,C1B1,0,155.96,620.17,0,-1
270,legit_42,198.4,792.68,12.6261,-0.77,180.0,B4B3,0,67.69,591.86,0,-1
270,legit_43,1.6,738.24,13.3033,-0.55,0.0,A3A4,0,179.94,716.71,0,-1
270,legit_44,454.36,398.4,12.349,2.4845,90.0,C2D2,0,38.65,493.77,0,-1
270,legit_45,8.3,-1.6,0.0,0.0,90.0,A0B0,0,186.72,909.59,0,-1
271,legit_25,39.42,198.4,10.3473,1.6827,90.0,A1B1,0,135.56,773.37,0,-1
271,legit_26,601.6,351.65,12.7053,-0.3646,0.0,D1D2,1,148.63,496.13,0,-1
271,legit_27,527.92,598.4,13.1,-0.5254,90.0,C3D3,0,77.94,453.69,0,-1
271,legit_28,201.6,562.91,13.8439,1.103,0.0,B2B3,0,63.55,565.9,0,-1
271,legit_30,690.63,601.6,13.2733,0.0591,270.0,E3D3,0,59.4,455.39,0,-1
271,legit_32,456.56,1.6,13.2667,-0.0844,270.0,D0C0,1,118.58,716.5,0,-1
271,legit_34,860.74,1001.6,12.9365,0.3314,270.0,F5E5,0,135.68,613.73,0,-1
271,legit_35,401.6,754.8,13.5325,-0.1501,0.0,C3C4,1,97.99,496.31,0,-1
271,legit_36,601.6,48.1,12.6947,1.4747,0.0,D0D1,0,164.9,668.5,0,-1
271,legit_37,1.6,550.59,12.4361,0.564,0.0,A2A3,0,156.41,706.57,0,-1
271,legit_38,448.32,-1.6,12.1526,-0.0164,90.0,C0D0,1,121.61,720.52,0,-1
271,legit_39,382.94,798.4,11.4356,0.8129,90.0,B4C4,1,78.92,512.76,0,-1
271,legit_40,706.92,998.4,10.7546,-1.0259,90.0,D5E5,0,92.27,573.16,0,-1
271,legit_41,304.43,201.6,12.6594,-0.0838,270.0,C1B1,0,166.88,625.07,0,-1
271,legit_42,198.4,779.37,13.3092,0.6831,180.0,B4B3,0,77.58,588.75,0,-1
271,legit_43,1.6,751.45,13.2159,-0.0875,0.0,A3A4,0,172.81,719.0,0,-1
271,legit_44,467.29,398.4,12.9325,0.5835,90.0,C2D2,1,42.11,491.31,0,-1
271,legit_45,9.99,-1.6,1.689,1.689,90.0,A0B0,0,185.44,908.49,0,-1
272,legit_25,51.63,198.4,12.2104,1.863,90.0,A1B1,0,125.79,764.73,0,-1
272,legit_26,601.6,364.94,13.2969,0.5916,0.0,D1D2,1,148.48,491.42,0,-1
272,legit_27,541.02,598.4,13.1051,0.0051,90.0,C3D3,1,91.04,452.73,0,-1
272,legit_28,201.6,576.57,13.6593,-0.1847,0.0,B2B3,0,56.67,565.16,0,-1
272,legit_30,677.06,601.6,13.5669,0.2936,270.0,E3D3,1,72.96,454.11,0,-1
272,legit_32,442.87,1.6,13.6927,0.426,270.0,D0C0,1,118.61,718.98,0,-1
272,legit_34,847.18,1001.6,13.5624,0.6258,270.0,F5E5,1,124.86,609.0,0,-1
272,legit_35,401.6,768.13,13.3318,-0.2006,0.0,C3C4,1,86.65,499.25,0,-1
272,legit_36,601.6,61.69,13.5978,0.9031,0.0,D0D1,0,159.44,658.32,0,-1
272,legit_37,1.6,562.99,12.3965,-0.0396,0.0,A2A3,0,152.95,705.9,0,-1
272,legit_38,459.4,-1.6,11.0854,-1.0671,90.0,C0D0,1,121.96,718.58,0,-1
272,legit_39,389.87,798.4,6.9356,-4.5,90.0,B4C4,1,73.12,510.48,0,-1
272,legit_40,717.86,998.4,10.9367,0.1822,90.0,D5E5,1,87.7,574.69,0,-1
272,legit_41,291.8,201.6,12.6315,-0.0279,270.0,C1B1,0,163.6,630.13,0,-1
272,legit_42,198.4,766.2,13.172,-0.1373,180.0,B4B3,0,88.25,585.88,0,-1
272,legit_43,1.6,764.67,13.2155,-0.0003,0.0,A3A4,0,166.43,721.49,0,-1
272,legit_44,481.14,398.4,13.8519,0.9194,90.0,C2D2,1,49.44,489.07,0,-1
272,legit_45,13.32,-1.6,3.3267,1.6377,90.0,A0B0,0,182.95,906.34,0,-1
273,legit_25,65.51,198.4,13.8786,1.6682,90.0,A1B1,0,115.26,755.07,0,-1
273,legit_26,601.6,377.16,12.2205,-1.0764,0.0,D1D2,1,149.39,487.34,0,-1
273,legit_27,553.74,598.4,12.7123,-0.3929,90.0,C3D3,1,103.75,451.97,0,-1
273,legit_28,201.6,589.94,13.3703,-0.289,0.0,B2B3,0,52.57,564.74,0,-1
273,legit_30,663.83,601.6,13.2322,-0.3347,270.0,E3D3,1,86.19,453.06,0,-1
273,legit_32,429.12,1.6,13.7488,0.0562,270.0,D0C0,1,120.23,721.72,0,-1
273,legit_34,833.86,1001.6,13.3224,-0.2399,270.0,F5E5,1,114.8,604.55,0,-1
273,legit_35,401.6,781.54,13.4094,0.0775,0.0,C3C4,1,75.9,502.43,0,-1
273,legit_36,601.6,74.75,13.0513,-0.5465,0.0,D0D1,0,155.15,648.73,0,-1
273,legit_37,1.6,574.58,11.5906,-0.8059,0.0,A2A3,0,150.56,705.45,0,-1
273,legit_38,471.56,-1.6,12.1587,1.0732,90.0,C0D0,1,123.5,716.63,0,-1
273,legit_39,394.54,798.15,4.6891,-2.2465,92.86,:C4_12,1,69.48,508.91,0,-1
273,legit_40,729.71,998.4,11.8503,0.9136,90.0,D5E5,1,84.08,576.57,0,-1
273,legit_41,278.42,201.6,13.3851,0.7536,270.0,C1B1,0,152.15,635.68,0,-1
273,legit_42,198.4,752.87,13.3324,0.1604,180.0,B4B3,0,99.67,583.17,0,-1
273,legit_43,1.6,778.51,13.842,0.6265,0.0,A3A4,0,160.64,724.32,0,-1
273,legit_44,494.41,398.4,13.2657,-0.5863,90.0,C2D2,1,58.71,487.23,0,-1
273,legit_45,18.92,-1.6,5.6048,2.2781,90.0,A0B0,0,178.8,902.73,0,-1
274,legit_25,78.34,198.4,12.8317,-1.0469,90.0,A1B1,0,106.22,746.3,0,-1
274,legit_26,601.6,390.1,12.9414,0.7209,0.0,D1D2,1,151.42,483.26,0,-1
274,legit_27,567.52,598.4,13.7834,1.0712,90.0,C3D3,1,117.53,451.37,0,-1
274,legit_30,650.14,601.6,13.6866,0.4544,270.0,E3D3,1,99.87,452.18,0,-1
274,legit_32,416.21,1.6,12.9098,-0.839,270.0,D0C0,1,123.13,724.52,0,-1
274,legit_34,820.58,1001.6,13.2777,-0.0447,270.0,F5E5,1,105.49,600.32,0,-1
274,legit_35,401.6,791.87,10.3367,-3.0727,0.0,C3C4,1,68.25,505.04,0,-1
274,legit_36,601.6,88.47,13.7257,0.6744,0.0,D0D1,1,151.71,638.85,0,-1
274,legit_37,1.6,586.05,11.4696,-0.121,0.0,A2A3,0,149.05,705.17,0,-1
274,legit_38,482.9,-1.6,11.3393,-0.8193,90.0,C0D0,2,125.97,714.99,0,-1
274,legit_39,398.09,794.95,5.0951,0.406,132.66,:C4_12,1,68.73,506.93,0,-1
274,legit_40,741.3,998.4,11.5921,-0.2583,90.0,D5E5,1,82.06,578.62,0,-1
274,legit_41,264.66,201.6,13.758,0.3729,270.0,C1B1,0,140.73,641.57,0,-1
274,legit_42,198.4,739.44,13.4267,0.0944,180.0,B4B3,0,111.6,580.64,0,-1
274,legit_43,1.6,789.53,11.0218,-2.8202,0.0,A3A4,0,156.75,726.74,0,-1
274,legit_44,508.23,398.4,13.8236,0.5579,90.0,C2D2,1,69.76,485.61,0,-1
274,legit_45,26.56,-1.6,7.6435,2.0388,90.0,A0B0,0,173.27,897.85,0,-1
275,legit_25,91.32,198.4,12.9859,0.1543,90.0,A1B1,0,97.93,737.59,0,-1
275,legit_27,579.18,598.4,11.6589,-2.1246,90.0,C3D3,1,129.19,451.02,0,-1
275,legit_30,637.16,601.6,12.9826,-0.704,270.0,E3D3,1,112.85,451.55,0,-1
275,legit_32,403.15,1.6,13.0551,0.1453,270.0,:C0_4,1,127.33,727.57,0,-1
275,legit_34,807.59,1001.6,12.9861,-0.2916,270.0,F5E5,1,97.28,596.41,0,-1
275,legit_35,403.7,797.42,6.2565,-4.0801,25.56,:C4_8,1,62.9,505.86,0,-1
275,legit_36,601.6,102.12,13.645,-0.0807,0.0,D0D1,1,149.47,629.26,0,-1
275,legit_37,1.6,598.46,12.4168,0.9472,0.0,:A3_7,0,148.41,705.05,0,-1
275,legit_38,494.77,-1.6,11.8693,0.53,90.0,C0D0,2,129.58,713.45,0,-1
275,legit_39,398.4,790.45,4.5278,-0.5673,174.93,C4C3,1,71.54,505.66,0,-1
275,legit_40,752.73,998.4,11.4223,-0.1698,90.0,D5E5,1,81.65,580.87,0,-1
275,legit_41,252.07,201.6,12.5914,-1.1666,270.0,C1B1,0,130.68,647.13,0,-1
275,legit_42,198.4,726.11,13.3351,-0.0917,180.0,B4B3,0,123.75,578.31,0,-1
275,legit_43,2.35,795.92,6.5218,-4.5,8.77,:A4_6,0,154.09,727.61,0,-1
275,legit_44,522.03,398.4,13.7957,-0.0279,90.0,C2D2,0,81.63,484.24,0,-1
275,legit_45,36.61,-1.6,10.0499,2.4063,90.0,A0B0,0,166.26,891.5,0,-1
276,legit_25,104.73,198.4,13.4078,0.4218,90.0,A1B1,1,90.53,728.8,0,-1
276,legit_27,587.59,598.4,8.4119,-3.2469,90.0,C3D3,1,137.6,450.86,0,-1
276,legit_30,624.53,601.6,12.624,-0.3586,270.0,E3D3,1,125.48,451.11,0,-1
276,legit_32,390.42,1.6,12.7281,-0.327,270.0,C0B0,1,132.54,730.75,0,-1
276,legit_34,794.17,1001.6,13.4231,0.4369,270.0,:E5_0,1,89.99,592.61,0,-1
276,legit_35,410.07,798.4,6.5733,0.3167,86.54,C4D4,1,57.66,504.2,0,-1
276,legit_36,601.6,115.96,13.8463,0.2013,0.0,D0D1,0,148.45,619.75,0,-1
276,legit_37,1.6,610.38,11.9198,-0.497,0.0,A3A4,0,148.76,705.11,0,-1
276,legit_38,506.5,-1.6,11.7321,-0.1373,90.0,C0D0,1,134.09,712.11,0,-1
276,legit_39,398.4,784.45,5.9957,1.4678,180.0,C4C3,1,75.82,504.14,0,-1
276,legit_40,764.45,998.4,11.7223,0.3,90.0,D5E5,1,82.87,583.41,0,-1
276,legit_41,238.96,201.6,13.103,0.5116,270.0,C1B1,1,120.72,653.11,0,-1
276,legit_42,198.4,713.0,13.1047,-0.2304,180.0,B4B3,0,122.93,576.2,0,-1
276,legit_43,8.34,798.4,6.9131,0.3913,77.43,A4B4,0,147.65,723.48,0,-1
276,legit_44,535.62,398.4,13.5861,-0.2095,90.0,C2D2,0,93.83,483.12,0,-1
276,legit_45,49.04,-1.6,12.4297,2.3798,90.0,A0B0,1,158.05,883.75,0,-1
276,legit_46,1.6,8.3,0.0,0.0,0.0,A0A1,1,185.74,907.52,0,-1
277,legit_25,117.41,198.4,12.6768,-0.7309,90.0,A1B1,1,84.9,720.7,0,-1
277,legit_27,591.89,598.4,4.2967,-4.1152,90.0,C3D3,1,141.9,450.81,0,-1
277,legit_30,611.47,601.6,13.0652,0.4412,270.0,E3D3,1,138.54,450.85,0,-1
277,legit_32,376.77,1.6,13.6564,0.9283,270.0,C0B0,1,139.22,734.37,0,-1
277,legit_34,780.83,1001.6,13.3415,-0.0816,270.0,E5D5,1,84.24,589.09,0,-1
277,legit_35,418.9,798.4,8.83,2.2567,90.0,C4D4,1,51.94,501.65,0,-1
277,legit_36,601.6,128.65,12.6852,-1.161,0.0,D0D1,0,148.65,611.26,0,-1
277,legit_37,1.6,622.09,11.7021,-0.2176,0.0,A3A4,0,150.03,705.35,0,-1
277,legit_38,517.39,-1.6,10.8825,-0.8495,90.0,C0D0,1,139.02,711.01,0,-1
277,legit_39,398.4,776.0,8.4537,2.458,180.0,C4C3,1,82.21,502.07,0,-1
277,legit_40,775.5,998.4,11.0541,-0.6682,90.0,D5E5,1,85.49,586.01,0,-1
277,legit_41,225.72,201.6,13.2453,0.1423,270.0,C1B1,1,111.32,659.34,0,-1
277,legit_42,198.4,700.23,12.77,-0.3346,180.0,B4B3,0,111.31,574.31,0,-1
277,legit_43,17.22,798.4,8.8809,1.9678,90.0,A4B4,0,139.15,716.53,0,-1
277,legit_44,549.31,398.4,13.6908,0.1046,90.0,C2D2,0,106.47,482.23,0,-1
277,legit_45,62.67,-1.6,13.6273,1.1976,90.0,A0B0,1,149.71,875.4,0,-1
277,legit_46,1.6,10.29,1.9871,1.9871,0.0,A0A1,1,184.55,906.23,0,-1
278,legit_25,131.27,198.4,13.8614,1.1846,90.0,A1B1,1,80.61,712.09,0,-1
278,legit_27,598.32,598.4,6.4309,2.1342,90.0,:D3_13,0,148.33,450.78,0,-1
278,legit_32,363.3,1.6,13.4704,-0.186,270.0,C0B0,0,146.75,738.16,0,-1
278,legit_34,768.04,1001.6,12.7851,-0.5564,270.0,E5D5,1,80.45,585.99,0,-1
278,legit_35,430.04,798.4,11.1399,2.3099,90.0,C4D4,1,46.14,498.63,0,-1
278,legit_36,601.6,141.87,13.2212,0.5359,0.0,D0D1,0,150.0,602.64,0,-1
278,legit_37,1.6,633.76,11.6717,-0.0304,0.0,A3A4,0,152.19,705.76,0,-1
278,legit_38,529.02,-1.6,11.6302,0.7477,90.0,C0D0,0,145.02,710.0,0,-1
278,legit_39,398.4,765.24,10.7542,2.3005,180.0,C4C3,1,90.84,499.57,0,-1
278,legit_40,786.6,998.4,11.0982,0.044,90.0,D5E5,1,89.43,588.83,0,-1
278,legit_41,216.11,201.6,9.6088,-3.6365,270.0,C1B1,1,105.02,663.99,0,-1
278,legit_42,198.4,687.09,13.1395,0.3695,180.0,B4B3,0,99.64,572.55,0,-1
278,legit_43,28.0,798.4,10.7817,1.9008,90.0,A4B4,0,128.9,708.16,0,-1
278,legit_44,562.3,398.4,12.9954,-0.6954,90.0,C2D2,0,118.69,481.58,0,-1
278,legit_45,75.7,-1.6,13.0338,-0.5934,90.0,A0B0,1,142.5,867.56,0,-1
278,legit_46,1.6,14.11,3.821,1.8339,0.0,A0A1,1,182.31,903.77,0,-1
279,legit_25,144.16,198.4,12.8943,-0.9671,90.0,A1B1,1,78.62,704.34,0,-1
279,legit_27,606.25,598.4,7.9319,1.501,90.0,:D3_13,0,143.76,450.8,0,-1
279,legit_32,350.7,1.6,12.599,-0.8715,270.0,C0B0,0,154.53,741.88,0,-1
279,legit_34,755.19,1001.6,12.8496,0.0645,270.0,E5D5,1,78.57,583.14,0,-1
279,legit_35,443.57,798.4,13.5215,2.3817,90.0,C4D4,1,42.09,495.31,0,-1
279,legit_36,601.6,155.58,13.7129,0.4917,0.0,D0D1,0,152.61,593.93,0,-1
279,legit_37,1.6,645.65,11.8914,0.2197,0.0,A3A4,0,155.26,706.35,0,-1
279,legit_38,540.06,-1.6,11.0483,-0.5819,90.0,C0D0,0,151.32,709.19,0,-1
279,legit_39,398.4,754.37,10.8713,0.1171,180.0,C4C3,1,99.97,497.19,0,-1
279,legit_40,798.17,998.4,11.5734,0.4752,90.0,:E5_7,1,94.76,591.96,0,-1
279,legit_41,209.48,201.6,6.6313,-2.9775,270.0,C1B1,1,100.98,667.27,0,-1
279,legit_42,198.4,674.41,12.6835,-0.456,180.0,B4B3,0,88.77,571.03,0,-1
279,legit_43,40.14,798.4,12.1371,1.3554,90.0,A4B4,0,117.48,698.85,0,-1
279,legit_44,575.95,398.4,13.6497,0.6543,90.0,C2D2,0,131.68,481.1,0,-1
279,legit_45,88.33,-1.6,12.6207,-0.4131,90.0,A0B0,1,136.35,860.12,0,-1
279,legit_46,1.6,20.06,5.9526,2.1316,0.0,A0A1,1,178.91,899.96,0,-1
280,legit_25,157.11,198.4,12.9479,0.0536,90.0,A1B1,1,78.72,696.81,0,-1
280,legit_27,616.57,598.4,10.318,2.3861,90.0,D3E3,0,133.44,450.93,0,-1
280,legit_32,337.92,1.6,12.7811,0.1822,270.0,C0B0,0,163.04,745.84,0,-1
280,legit_34,741.47,1001.6,13.7269,0.8772,270.0,E5D5,1,78.86,580.41,0,-1
280,legit_35,456.71,798.4,13.1469,-0.3746,90.0,C4D4,1,42.14,492.47,0,-1
280,legit_36,601.6,169.15,13.5719,-0.141,0.0,D0D1,0,156.33,585.56,0,-1
280,legit_37,1.6,657.09,11.4371,-0.4544,0.0,A3A4,0,159.0,707.08,0,-1
280,legit_38,551.13,-1.6,11.0657,0.0174,90.0,C0D0,0,158.16,708.52,0,-1
280,legit_39,398.4,742.77,11.6027,0.7314,180.0,C4C3,1,110.07,494.8,0,-1
280,legit_40,809.7,998.4,11.5287,-0.0446,90.0,E5F5,1,101.11,595.27,0,-1
280,legit_41,202.78,203.36,7.2181,0.5868,291.5,:B1_4,1,98.67,669.73,0,-1
280,legit_42,198.4,660.78,13.6337,0.9501,180.0,B4B3,0,77.69,569.59,0,-1
280,legit_43,52.87,798.4,12.7299,0.5928,90.0,A4B4,0,105.67,689.2,0,-1
280,legit_44,585.43,398.4,9.4788,-4.1709,90.0,C2D2,0,140.77,480.9,0,-1
280,legit_45,101.58,-1.6,13.2545,0.6338,90.0,A0B0,1,130.89,852.48,0,-1
280,legit_46,1.6,27.97,7.9063,1.9537,0.0,A0A1,1,174.62,894.94,0,-1
281,legit_25,170.99,198.4,13.8832,0.9353,90.0,A1B1,1,81.16,689.03,0,-1
281,legit_27,628.37,598.4,11.8025,1.4845,90.0,D3E3,0,121.64,451.23,0,-1
281,legit_32,324.61,1.6,13.3066,0.5255,270.0,C0B0,0,172.46,750.15,0,-1
281,legit_34,727.78,1001.6,13.6892,-0.0377,270.0,E5D5,1,81.49,578.01,0,-1
281,legit_35,470.29,798.4,13.5762,0.4293,90.0,C4D4,1,46.28,489.95,0,-1
281,legit_36,601.6,182.48,13.3266,-0.2453,0.0,D0D1,0,161.02,577.56,0,-1
281,legit_37,1.6,669.41,12.3237,0.8866,0.0,A3A4,1,163.83,708.04,0,-1
281,legit_38,562.72,-1.6,11.5861,0.5205,90.0,C0D0,0,165.81,707.96,0,-1
281,legit_39,398.4,731.28,11.4908,-0.1119,180.0,C4C3,1,120.34,492.59,0,-1
281,legit_40,821.37,998.4,11.6718,0.143,90.0,E5F5,1,108.41,598.81,0,-1
281,legit_41,201.6,209.81,6.7037,-0.5144,356.12,B1B2,1,103.58,667.06,0,-1
281,legit_42,198.4,648.1,12.6801,-0.9536,180.0,B4B3,0,68.23,568.46,0,-1
281,legit_43,65.68,798.4,12.8198,0.0899,90.0,A4B4,1,94.02,679.61,0,-1
281,legit_44,590.61,398.4,5.183,-4.2958,90.0,C2D2,0,145.76,480.83,0,-1
281,legit_45,115.39,-1.6,13.8077,0.5532,90.0,A0B0,1,126.43,844.7,0,-1
281,legit_46,1.6,37.23,9.2642,1.3579,0.0,A0A1,1,169.92,889.13,0,-1
282,legit_25,183.87,198.4,12.8803,-1.0029,90.0,A1B1,1,85.41,682.06,0,-1
282,legit_27,641.81,598.4,13.4393,1.6368,90.0,D3E3,0,108.2,451.75,0,-1
282,legit_32,310.93,1.6,13.685,0.3784,270.0,C0B0,0,182.65,754.77,0,-1
282,legit_34,714.84,1001.6,12.9345,-0.7547,270.0,E5D5,1,85.92,576.03,0,-1
282,legit_35,483.12,798.4,12.8348,-0.7414,90.0,C4D4,1,53.18,487.91,0,-1
282,legit_36,601.6,192.0,9.5219,-3.8047,0.0,D0D1,0,164.94,571.99,0,-1
282,legit_37,1.6,681.39,11.9758,-0.3479,0.0,A3A4,1,169.25,709.15,0,-1
282,legit_38,574.66,-1.6,11.9412,0.3551,90.0,C0D0,0,174.14,707.55,0,-1
282,legit_39,398.4,719.9,11.384,-0.1069,180.0,C4C3,1,130.53,490.55,0,-1
282,legit_40,832.82,998.4,11.4478,-0.2239,90.0,E5F5,1,116.27,602.45,0,-1
282,legit_41,201.6,218.17,8.3614,1.6576,0.0,B1B2,1,110.91,662.89,0,-1
282,legit_42,198.4,634.94,13.1552,0.4751,180.0,B4B3,0,59.7,567.51,0,-1
282,legit_43,79.06,798.4,13.3769,0.5571,90.0,A4B4,1,82.24,669.77,0,-1
282,legit_44,598.05,398.4,7.4374,2.2545,90.0,:D2_13,0,152.95,480.78,0,-1
282,legit_45,128.66,-1.6,13.2731,-0.5346,90.0,A0B0,1,123.46,837.42,0,-1
282,legit_46,1.6,47.83,10.5941,1.33,0.0,A0A1,1,165.02,882.56,0,-1
282,legit_47,1001.6,812.3,0.0,0.0,0.0,F4F5,0,55.77,596.87,0,-1
283,legit_27,655.34,598.4,13.5338,0.0944,90.0,D3E3,0,94.67,452.49,0,-1
283,legit_32,297.94,1.6,12.9822,-0.7027,270.0,C0B0,0,189.49,759.33,0,-1
283,legit_34,701.38,1001.6,13.4604,0.526,270.0,E5D5,1,92.25,574.24,0,-1
283,legit_35,496.9,798.4,13.7743,0.9395,90.0,C4D4,1,62.69,486.04,0,-1
283,legit_36,603.18,197.11,5.5212,-4.0007,19.0,:D1_8,0,165.84,569.06,0,-1
283,legit_37,1.6,692.8,11.417,-0.5588,0.0,A3A4,1,175.03,710.37,0,-1
283,legit_38,585.64,-1.6,10.9792,-0.962,90.0,C0D0,0,182.16,707.31,0,-1
283,legit_39,398.4,709.07,10.8257,-0.5583,180.0,C4C3,1,120.66,488.74,0,-1
283,legit_40,844.61,998.4,11.7885,0.3406,90.0,E5F5,1,124.94,606.37,0,-1
283,legit_41,201.6,228.06,9.886,1.5247,0.0,B1B2,0,119.75,658.05,0,-1
283,legit_42,198.4,622.32,12.62,-0.5351,180.0,B4B3,0,53.3,566.84,0,-1
283,legit_43,91.69,798.4,12.6286,-0.7483,90.0,A4B4,1,71.63,660.63,0,-1
283,legit_44,607.46,398.4,9.4118,1.9744,90.0,D2E2,0,147.62,480.81,0,-1
283,legit_45,142.33,-1.6,13.6738,0.4007,90.0,A0B0,0,121.84,830.12,0,-1
283,legit_46,1.6,59.09,11.2624,0.6683,0.0,A0A1,0,160.41,875.68,0,-1
283,legit_47,1001.6,814.85,2.5523,2.5523,0.0,F4F5,0,54.54,597.57,0,-1
284,legit_27,668.37,598.4,13.0258,-0.508,90.0,D3E3,0,81.65,453.4,0,-1
284,legit_32,285.26,1.6,12.6863,-0.2959,270.0,C0B0,1,179.76,763.95,0,-1
284,legit_34,688.04,1001.6,13.3437,-0.1167,270.0,E5D5,0,99.93,572.73,0,-1
284,legit_35,509.92,798.4,13.0214,-0.7528,90.0,C4D4,0,72.94,484.53,0,-1
284,legit_36,609.21,198.4,6.3134,0.7922,82.82,D1E1,0,161.15,568.36,0,-1
284,legit_37,1.6,704.1,11.2986,-0.1184,0.0,A3A4,1,181.27,711.72,0,-1
284,legit_38,597.67,-1.6,12.0344,1.0551,90.0,:D0_6,0,191.29,707.2,0,-1
284,legit_39,398.4,697.47,11.5985,0.7728,180.0,C4C3,0,110.29,486.96,0,-1
284,legit_40,855.66,998.4,11.0491,-0.7394,90.0,E5F5,0,133.5,610.18,0,-1
284,legit_41,201.6,239.85,11.7915,1.9055,0.0,B1B2,0,130.49,652.38,0,-1
284,legit_42,198.4,612.18,10.1421,-2.4779,180.0,B4B3,0,49.91,566.51,0,-1
284,legit_43,105.55,798.4,13.8591,1.2305,90.0,A4B4,1,60.88,650.8,0,-1
284,legit_44,619.07,398.4,11.6041,2.1923,90.0,D2E2,0,136.45,480.98,0,-1
284,legit_45,155.02,-1.6,12.6828,-0.991,90.0,A0B0,1,121.7,823.54,0,-1
284,legit_46,1.6,71.03,11.9391,0.6767,0.0,A0A1,0,156.27,868.52,0,-1
284,legit_47,1001.6,818.9,4.0502,1.4979,0.0,F4F5,0,52.8,598.69,0,-1
285,legit_27,682.15,598.4,13.7758,0.75,90.0,D3E3,0,67.87,454.57,0,-1
285,legit_32,272.18,1.6,13.0735,0.3872,270.0,C0B0,1,170.14,768.89,0,-1
285,legit_34,674.71,1001.6,13.3262,-0.0175,270.0,E5D5,0,108.7,571.46,0,-1
285,legit_35,522.88,798.4,12.9598,-0.0617,90.0,C4D4,0,83.92,483.25,0,-1
285,legit_36,617.0,198.4,7.7962,1.4828,90.0,D1E1,0,154.39,568.47,0,-1
285,legit_37,1.6,716.45,12.3521,1.0536,0.0,A3A4,1,188.64,713.37,0,-1
285,legit_38,608.91,-1.6,11.243,-0.7914,90.0,D0E0,0,186.26,707.24,0,-1
285,legit_39,398.4,686.69,10.7818,-0.8167,180.0,C4C3,0,100.88,485.44,0,-1
285,legit_40,867.32,998.4,11.6629,0.6138,90.0,E5F5,0,142.91,614.36,0,-1
285,legit_41,201.6,253.57,13.7182,1.9266,0.0,B1B2,0,118.28,645.97,0,-1
285,legit_42,198.26,606.25,5.9383,-4.2038,181.56,:B3_0,0,48.67,566.47,0,-1
285,legit_43,118.92,798.4,13.3717,-0.4874,90.0,A4B4,1,51.93,641.55,0,-1
285,legit_44,631.94,398.4,12.8743,1.2702,90.0,D2E2,0,124.15,481.35,0,-1
285,legit_45,167.65,-1.6,12.6348,-0.048,90.0,A0B0,1,122.87,817.18,0,-1
285,legit_46,1.6,82.29,11.2588,-0.6803,0.0,A0A1,0,153.12,861.88,0,-1
285,legit_47,1001.6,824.77,5.8666,1.8164,0.0,F4F5,0,50.74,600.37,0,-1
286,legit_27,695.49,598.4,13.3471,-0.4287,90.0,D3E3,0,54.53,455.91,0,-1
286,legit_32,259.21,1.6,12.9706,-0.1029,270.0,C0B0,1,161.08,773.96,0,-1
286,legit_34,662.05,1001.6,12.6562,-0.67,270.0,E5D5,0,117.82,570.47,0,-1
286,legit_35,535.99,798.4,13.1149,0.1551,90.0,C4D4,0,95.53,482.18,0,-1
286,legit_36,626.2,198.4,9.1967,1.4005,90.0,D1E1,0,146.54,568.69,0,-1
286,legit_37,1.6,728.49,12.0354,-0.3168,0.0,A3A4,1,185.63,715.15,0,-1
286,legit_38,620.47,-1.6,11.5549,0.3119,90.0,D0E0,0,177.67,707.42,0,-1
286,legit_39,398.4,675.79,10.8983,0.1165,180.0,C4C3,0,91.69,484.05,0,-1
286,legit_40,878.54,998.4,11.222,-0.441,90.0,E5F5,0,152.26,618.52,0,-1
286,legit_41,201.6,266.97,13.4044,-0.3138,0.0,B1B2,0,106.38,639.87,0,-1
286,legit_42,194.95,601.91,5.8999,-0.0384,222.71,:B3_0,0,44.99,568.23,0,-1
286,legit_43,132.35,798.4,13.4271,0.0554,90.0,A4B4,1,45.19,632.54,0,-1
286,legit_44,645.45,398.4,13.5137,0.6394,90.0,D2E2,0,111.37,481.94,0,-1
286,legit_45,181.26,-1.6,13.6048,0.97,90.0,A0B0,1,125.55,810.52,0,-1
286,legit_46,1.6,94.4,12.114,0.8552,0.0,A0A1,0,150.59,854.87,0,-1
286,legit_47,1001.6,832.5,7.726,1.8594,0.0,F4F5,0,48.98,602.68,0,-1
287,legit_27,708.94,598.4,13.4455,0.0984,90.0,D3E3,0,41.09,457.46,0,-1
287,legit_32,245.89,1.6,13.3234,0.3527,270.0,C0B0,1,152.36,779.34,0,-1
287,legit_34,648.78,1001.6,13.2707,0.6145,270.0,E5D5,0,128.03,569.64,0,-1
287,legit_35,548.98,798.4,12.9909,-0.124,90.0,C4D4,0,107.37,481.32,0,-1
287,legit_36,637.25,198.4,11.053,1.8563,90.0,D1E1,0,137.33,569.08,0,-1
287,legit_37,1.6,739.87,11.3853,-0.6501,0.0,A3A4,0,179.02,716.98,0,-1
287,legit_38,631.45,-1.6,10.983,-0.572,90.0,D0E0,0,169.82,707.74,0,-1
287,legit_39,398.4,665.26,10.528,-0.3703,180.0,C4C3,0,83.2,482.84,0,-1
287,legit_40,889.98,998.4,11.4336,0.2116,90.0,E5F5,0,162.03,622.89,0,-1
287,legit_41,201.6,280.35,13.3764,-0.0279,0.0,B1B2,0,94.9,633.96,0,-1
287,legit_42,188.98,601.6,5.9873,0.0874,268.08,B3A3,0,39.02,571.49,0,-1
287,legit_43,145.84,798.4,13.4895,0.0624,90.0,A4B4,0,41.81,623.82,0,-1
287,legit_44,658.11,398.4,12.6548,-0.859,90.0,D2E2,0,99.59,482.68,0,-1
287,legit_45,194.07,-1.6,12.8146,-0.7902,90.0,:B0_6,1,129.34,804.45,0,-1
287,legit_46,1.6,105.83,11.4322,-0.6818,0.0,A0A1,0,149.07,848.39,0,-1
287,legit_47,1001.6,842.21,9.7109,1.9849,0.0,F4F5,0,48.45,605.74,0,-1
288,legit_27,722.21,598.4,13.2722,-0.1733,90.0,D3E3,0,27.84,459.2,0,-1
288,legit_32,232.72,1.6,13.174,-0.1493,270.0,C0B0,1,144.43,784.85,0,-1
288,legit_34,636.08,1001.6,12.7086,-0.5621,270.0,E5D5,0,138.29,569.03,0,-1
288,legit_35,561.66,798.4,12.6744,-0.3165,90.0,C4D4,0,119.16,480.68,0,-1
288,legit_36,650.56,198.4,13.3108,2.2578,90.0,D1E1,0,126.63,569.73,0,-1
288,legit_37,1.6,751.69,11.8126,0.4273,0.0,A3A4,0,172.69,719.04,0,-1
288,legit_38,643.1,-1.6,11.6454,0.6625,90.0,D0E0,0,161.91,708.22,0,-1
288,legit_39,398.4,654.15,11.1175,0.5895,180.0,C4C3,0,74.79,481.72,0,-1
288,legit_40,901.35,998.4,11.3698,-0.0638,90.0,E5F5,0,169.58,627.37,0,-1
288,legit_41,201.6,292.98,12.6317,-0.7447,0.0,B1B2,0,84.58,628.56,0,-1
288,legit_42,180.58,601.6,8.4001,2.4128,270.0,B3A3,0,30.63,576.13,0,-1
288,legit_43,159.32,798.4,13.4783,-0.0111,90.0,A4B4,0,42.63,615.49,0,-1
288,legit_44,670.98,398.4,12.8722,0.2174,90.0,D2E2,0,87.85,483.64,0,-1
288,legit_45,207.63,-1.6,13.5578,0.7432,90.0,B0C0,1,134.56,798.23,0,-1
288,legit_46,1.6,117.21,11.3796,-0.0527,0.0,A0A1,1,148.43,842.06,0,-1
288,legit_47,1001.6,854.08,11.8756,2.1647,0.0,F4F5,0,50.41,609.73,0,-1
288,legit_48,-1.6,187.7,0.0,0.0,180.0,A1A0,1,166.03,808.25,0,-1
289,legit_27,735.4,598.4,13.1911,-0.0811,90.0,D3E3,0,14.69,461.14,0,-1
289,legit_32,218.9,1.6,13.8177,0.6437,270.0,C0B0,1,136.99,790.82,0,-1
289,legit_34,622.98,1001.6,13.099,0.3904,270.0,E5D5,0,149.27,568.61,0,-1
289,legit_35,574.3,798.4,12.6421,-0.0324,90.0,C4D4,0,131.08,480.22,0,-1
289,legit_36,664.09,198.4,13.5317,0.2209,90.0,D1E1,0,116.3,570.61,0,-1
289,legit_37,1.6,763.93,12.2393,0.4267,0.0,A3A4,0,166.76,721.35,0,-1
289,legit_38,654.72,-1.6,11.6221,-0.0234,90.0,D0E0,0,154.48,708.85,0,-1
289,legit_39,398.4,642.84,11.3091,0.1916,180.0,C4C3,0,67.06,480.75,0,-1
289,legit_40,912.87,998.4,11.5237,0.1538,90.0,E5F5,0,159.57,632.05,0,-1
289,legit_41,201.6,306.48,13.4945,0.8628,0.0,B1B2,0,74.35,622.98,0,-1
289,legit_42,169.97,601.6,10.6159,2.2158,270.0,B3A3,0,20.03,582.1,0,-1
289,legit_43,172.94,798.4,13.6241,0.1458,90.0,A4B4,0,47.51,607.45,0,-1
289,legit_44,683.88,398.4,12.8987,0.0266,90.0,D2E2,0,76.46,484.79,0,-1
289,legit_45,220.3,-1.6,12.6689,-0.8888,90.0,B0C0,1,140.46,792.6,0,-1
289,legit_46,1.6,128.93,11.7161,0.3365,0.0,A0A1,1,148.67,835.69,0,-1
289,legit_47,1001.6,867.07,12.9844,1.1088,0.0,F4F5,0,55.45,614.39,0,-1
289,legit_48,-1.6,185.52,2.1776,2.1776,180.0,A1A0,1,165.15,809.29,0,-1
290,legit_27,748.34,598.4,12.9394,-0.2517,90.0,D3E3,0,2.31,463.26,0,-1
290,legit_32,206.01,1.6,12.8913,-0.9265,270.0,:B0_4,1,130.98,796.58,0,-1
290,legit_34,610.2,1001.6,12.7756,-0.3233,270.0,E5D5,0,160.28,568.37,0,-1
290,legit_35,584.53,798.4,10.2325,-2.4096,90.0,C4D4,0,140.82,479.98,0,-1
290,legit_36,677.78,198.4,13.6864,0.1547,90.0,D1E1,0,106.59,571.73,0,-1
290,legit_37,1.6,775.67,11.7392,-0.5,0.0,A3A4,0,161.75,723.72,0,-1
290,legit_38,665.81,-1.6,11.0866,-0.5355,90.0,D0E0,0,147.9,709.6,0,-1
290,legit_39,398.4,632.25,10.587,-0.7221,180.0,C4C3,0,60.85,480.02,0,-1
290,legit_40,924.58,998.4,11.7093,0.1856,90.0,E5F5,1,149.63,636.94,0,-1
290,legit_41,201.6,319.88,13.3977,-0.0968,0.0,B1B2,0,65.36,617.66,0,-1
290,legit_42,157.12,601.6,12.849,2.2332,270.0,B3A3,0,7.3,589.48,0,-1
290,legit_43,182.86,798.4,9.9193,-3.7048,90.0,A4B4,0,53.01,601.8,0,-1
290,legit_44,697.42,398.4,13.5372,0.6385,90.0,D2E2,0,65.11,486.24,0,-1
290,legit_45,233.51,-1.6,13.2151,0.5462,90.0,B0C0,1,147.52,786.91,0,-1
290,legit_46,1.6,140.99,12.0593,0.3432,0.0,A0A1,1,149.88,829.28,0,-1
290,legit_47,1001.6,880.47,13.3997,0.4153,0.0,F4F5,1,63.09,619.47,0,-1
290,legit_48,-1.6,181.69,3.8352,1.6576,180.0,A1A0,1,163.67,811.13,0,-1
291,legit_27,761.37,598.4,13.0256,0.0862,90.0,D3E3,0,11.48,466.67,0,-1
291,legit_32,192.61,1.6,13.3938,0.5025,270.0,B0A0,1,125.84,802.76,0,-1
291,legit_34,597.53,1001.6,12.6719,-0.1037,270.0,:D5_0,0,167.07,568.32,0,-1
291,legit_35,590.27,798.4,5.7325,-4.5,90.0,C4D4,0,146.31,479.9,0,-1
291,legit_36,691.4,198.4,13.6226,-0.0638,90.0,D1E1,0,97.88,573.08,0,-1
291,legit_37,1.6,786.07,10.404,-1.3352,0.0,A3A4,0,157.9,725.96,0,-1
291,legit_38,677.56,-1.6,11.75,0.6634,90.0,D0E0,0,141.54,710.55,0,-1
291,legit_39,398.4,620.51,11.7389,1.1519,180.0,C4C3,0,55.53,479.43,0,-1
291,legit_40,935.28,998.4,10.7004,-1.0089,90.0,E5F5,1,140.78,641.54,0,-1
291,legit_41,201.6,333.02,13.1448,-0.2529,0.0,B1B2,0,58.23,612.69,0,-1
291,legit_42,143.54,601.6,13.579,0.7299,270.0,B3A3,0,6.65,598.09,0,-1
291,legit_43,188.86,798.4,6.0038,-3.9156,90.0,A4B4,0,56.93,598.46,0,-1
291,legit_44,710.33,398.4,12.9155,-0.6216,90.0,D2E2,0,55.21,487.86,0,-1
291,legit_45,247.09,-1.6,13.576,0.3609,90.0,B0C0,1,155.61,781.26,0,-1
291,legit_46,1.6,152.64,11.6514,-0.4079,0.0,A0A1,1,151.95,823.23,0,-1
291,legit_47,1001.6,893.46,12.9953,-0.4044,0.0,F4F5,1,72.12,624.64,0,-1
291,legit_48,-1.6,176.47,5.2136,1.3784,180.0,A1A0,1,161.78,813.65,0,-1
292,legit_27,774.68,598.4,13.3151,0.2895,90.0,D3E3,0,24.73,470.55,0,-1
292,legit_32,178.87,1.6,13.7477,0.3539,270.0,B0A0,1,121.87,809.32,0,-1
292,legit_34,583.8,1001.6,13.7265,1.0546,270.0,D5C5,0,155.08,568.46,0,-1
292,legit_35,597.84,798.4,7.5784,1.8459,90.0,:D4_13,0,153.59,479.85,0,-1
292,legit_36,704.7,198.4,13.2971,-0.3255,90.0,D1E1,0,90.55,574.65,0,-1
292,legit_37,1.6,792.14,6.0754,-4.3286,0.0,A3A4,0,155.93,727.33,0,-1
292,legit_38,688.75,-1.6,11.1946,-0.5554,90.0,D0E0,0,136.15,711.61,0,-1
292,legit_39,398.4,609.56,10.9481,-0.7909,180.0,C4C3,0,52.48,479.1,0,-1
292,legit_40,946.61,998.4,11.3328,0.6325,90.0,E5F5,1,131.71,646.54,0,-1
292,legit_41,201.6,346.61,13.5888,0.444,0.0,B1B2,0,53.31,607.83,0,-1
292,legit_42,129.7,601.6,13.8414,0.2624,270.0,B3A3,0,20.36,607.77,0,-1
292,legit_43,195.29,798.02,6.4629,0.4591,94.33,:B4_12,0,61.75,594.85,0,-1
292,legit_44,723.44,398.4,13.1116,0.196,90.0,D2E2,0,46.69,489.77,0,-1
292,legit_45,260.22,-1.6,13.1302,-0.4458,90.0,B0C0,1,164.12,775.97,0,-1
292,legit_46,1.6,164.26,11.6234,-0.028,0.0,A0A1,1,154.86,817.34,0,-1
292,legit_47,1001.6,906.12,12.6615,-0.3338,0.0,F4F5,1,81.94,629.87,0,-1
292,legit_48,-1.6,168.81,7.6628,2.4492,180.0,A1A0,1,159.26,817.41,0,-1
293,legit_27,784.51,598.4,9.8282,-3.4868,90.0,D3E3,0,34.55,473.54,0,-1
293,legit_32,165.12,1.6,13.7435,-0.0042,270.0,B0A0,1,119.36,816.09,0,-1
293,legit_34,570.64,1001.6,13.1604,-0.566,270.0,D5C5,0,143.88,568.79,0,-1
293,legit_35,607.12,798.4,9.2735,1.6951,90.0,:D4_13,0,148.81,479.88,0,-1
293,legit_36,717.28,198.4,12.5763,-0.7208,90.0,D1E1,0,84.96,576.38,0,-1
293,legit_37,3.12,797.07,5.3097,-0.7657,18.21,:A4_6,0,153.03,727.27,0,-1
293,legit_38,700.49,-1.6,11.7403,0.5457,90.0,D0E0,0,131.29,712.89,0,-1
293,legit_39,398.4,598.72,10.844,-0.104,180.0,:C3_1,0,51.62,479.01,0,-1
293,legit_40,957.41,998.4,10.7955,-0.5374,90.0,E5F5,1,123.42,651.43,0,-1
293,legit_41,201.6,359.73,13.1226,-0.4661,0.0,B1B2,0,51.6,603.45,0,-1
293,legit_42,116.37,601.6,13.3298,-0.5115,270.0,B3A3,0,33.67,617.26,0,-1
293,legit_43,198.4,792.34,6.9613,0.4985,163.05,B4B3,0,67.92,591.77,0,-1
293,legit_44,736.42,398.4,12.9804,-0.1312,90.0,D2E2,0,40.73,491.98,0,-1
293,legit_45,273.75,-1.6,13.5266,0.3964,90.0,B0C0,1,173.49,770.71,0,-1
293,legit_46,1.6,176.36,12.1001,0.4767,0.0,A0A1,1,158.74,811.36,0,-1
293,legit_47,1001.6,919.41,13.2858,0.6243,0.0,F4F5,1,93.0,635.55,0,-1
293,legit_48,-1.6,159.66,9.1503,1.4876,180.0,A1A0,1,156.7,821.99,0,-1
294,legit_27,790.47,598.4,5.9641,-3.8642,90.0,D3E3,0,40.5,475.41,0,-1
294,legit_32,151.26,1.6,13.8642,0.1207,270.0,B0A0,1,118.41,823.14,0,-1
294,legit_34,557.13,1001.6,13.5121,0.3517,270.0,D5C5,0,132.75,569.33,0,-1
294,legit_35,618.02,798.4,10.9001,1.6266,90.0,D4E4,0,138.38,480.03,0,-1
294,legit_36,731.11,198.4,13.8315,1.2552,90.0,D1E1,0,80.64,578.56,0,-1
294,legit_37,8.13,798.4,5.3048,-0.005,76.14,A4B4,0,147.84,723.64,0,-1
294,legit_38,712.54,-1.6,12.0547,0.3144,90.0,D0E0,0,127.24,714.38,0,-1
294,legit_39,398.4,587.91,10.8127,-0.0313,180.0,C3C2,0,53.0,479.16,0,-1
294,legit_40,968.23,998.4,10.8161,0.0206,90.0,E5F5,1,115.52,656.46,0,-1
294,legit_41,201.6,372.79,13.0538,-0.0688,0.0,B1B2,0,53.16,599.41,0,-1
294,legit_42,103.77,601.6,12.6014,-0.7284,270.0,B3A3,0,46.26,626.38,0,-1
294,legit_43,198.4,783.7,8.6466,1.6853,180.0,B4B3,0,74.25,589.73,0,-1
294,legit_44,749.65,398.4,13.222,0.2416,90.0,D2E2,0,38.4,494.61,0,-1
294,legit_45,287.2,-1.6,13.4561,-0.0705,90.0,B0C0,1,183.33,765.66,0,-1
294,legit_46,1.6,186.48,10.1212,-1.9789,0.0,A0A1,1,162.61,806.47,0,-1
294,legit_47,1001.6,932.41,13.0039,-0.2818,0.0,F4F5,1,104.32,641.28,0,-1
294,legit_48,-1.6,148.69,10.9735,1.8232,180.0,A1A0,1,154.29,827.59,0,-1
294,legit_49,1001.6,612.3,0.0,0.0,0.0,F3F4,0,49.94,566.51,0,-1
295,legit_27,797.05,596.92,6.9357,0.9717,107.7,:E3_12,0,47.15,477.53,0,-1
295,legit_32,137.38,1.6,13.8733,0.0091,270.0,B0A0,0,119.07,830.43,0,-1
295,legit_34,543.48,1001.6,13.6481,0.136,270.0,D5C5,0,122.01,570.09,0,-1
295,legit_35,631.19,798.4,13.1754,2.2753,90.0,D4E4,0,125.88,480.4,0,-1
295,legit_36,744.94,198.4,13.8293,-0.0022,90.0,D1E1,0,78.56,581.07,0,-1
295,legit_37,15.69,798.4,7.5582,2.2535,90.0,A4B4,0,140.61,717.72,0,-1
295,legit_38,723.91,-1.6,11.3618,-0.6928,90.0,D0E0,0,124.37,715.96,0,-1
295,legit_39,398.4,576.3,11.6021,0.7894,180.0,C3C2,0,56.78,479.57,0,-1
295,legit_40,979.14,998.4,10.9176,0.1016,90.0,E5F5,1,108.07,661.68,0,-1
295,legit_41,201.6,386.07,13.2808,0.2269,0.0,B1B2,0,57.81,595.62,0,-1
295,legit_42,91.04,601.6,12.7289,0.1275,270.0,B3A3,0,58.98,635.73,0,-1
295,legit_43,198.4,772.94,10.7585,2.112,180.0,B4B3,0,82.7,587.32,0,-1
295,legit_44,762.83,398.4,13.1854,-0.0365,90.0,D2E2,0,40.49,497.66,0,-1
295,legit_45,300.74,-1.6,13.5406,0.0845,90.0,B0C0,0,192.52,760.77,0,-1
295,legit_46,1.6,192.55,6.0648,-4.0564,0.0,A0A1,1,165.18,803.59,0,-1
295,legit_47,1001.6,946.23,13.8131,0.8092,0.0,F4F5,1,116.73,647.55,0,-1
295,legit_48,-1.6,135.9,12.7862,1.8126,180.0,A1A0,1,152.43,834.27,0,-1
295,legit_49,1001.6,614.44,2.135,2.135,0.0,F3F4,0,50.51,566.57,0,-1
296,legit_27,798.4,590.16,7.0605,0.1248,176.16,E3E2,0,49.39,478.06,0,-1
296,legit_32,123.81,1.6,13.5718,-0.3016,270.0,B0A0,0,121.26,837.76,0,-1
296,legit_34,530.09,1001.6,13.3902,-0.2579,270.0,D5C5,0,112.08,571.06,0,-1
296,legit_35,644.26,798.4,13.0684,-0.107,90.0,D4E4,0,113.63,480.96,0,-1
296,legit_36,758.41,198.4,13.4733,-0.356,90.0,D1E1,0,78.85,583.83,0,-1
296,legit_37,25.73,798.4,10.0453,2.4871,90.0,A4B4,0,131.05,709.91,0,-1
296,legit_38,734.98,-1.6,11.0731,-0.2887,90.0,D0E0,0,122.52,717.65,0,-1
296,legit_39,398.4,565.74,10.5641,-1.0379,180.0,C3C2,0,61.94,480.15,0,-1
296,legit_40,989.92,998.4,10.7793,-0.1383,90.0,E5F5,1,101.33,666.97,0,-1
296,legit_41,201.6,398.71,12.6434,-0.6374,0.0,:B2_9,0,64.51,592.28,0,-1
296,legit_42,77.37,601.6,13.6669,0.938,270.0,B3A3,0,72.65,645.93,0,-1
296,legit_43,198.4,760.48,12.4543,1.6958,180.0,B4B3,0,93.09,584.69,0,-1
296,legit_44,775.7,398.4,12.8709,-0.3145,90.0,D2E2,0,46.21,501.0,0,-1
296,legit_45,314.45,-1.6,13.7122,0.1716,90.0,B0C0,0,182.1,756.01,0,-1
296,legit_46,3.87,197.52,5.7811,-0.2837,27.6,:A1_6,1,165.42,799.58,0,-1
296,legit_47,1001.6,959.17,12.9479,-0.8652,0.0,F4F5,1,128.63,653.59,0,-1
296,legit_48,-1.6,122.45,13.4529,0.6667,180.0,A1A0,1,151.62,841.49,0,-1
296,legit_49,1001.6,618.27,3.8312,1.6961,0.0,F3F4,0,51.73,566.69,0,-1
297,legit_27,798.4,581.53,8.6304,1.5698,180.0,E3E2,0,51.8,478.31,0,-1
297,legit_32,110.12,1.6,13.6904,0.1186,270.0,B0A0,0,124.94,845.37,0,-1
297,legit_34,516.57,1001.6,13.5207,0.1305,270.0,D5C5,0,102.85,572.26,0,-1
297,legit_35,657.18,798.4,12.9146,-0.1538,90.0,D4E4,0,101.72,481.7,0,-1
297,legit_36,771.64,198.4,13.2296,-0.2437,90.0,D1E1,0,81.33,586.83,0,-1
297,legit_37,37.98,798.4,12.2519,2.2066,90.0,A4B4,0,119.49,700.49,0,-1
297,legit_38,746.19,-1.6,11.206,0.1329,90.0,D0E0,0,121.66,719.54,0,-1
297,legit_39,398.4,554.69,11.0483,0.4842,180.0,C3C2,0,68.67,480.95,0,-1
297,legit_40,996.55,998.4,6.624,-4.1553,90.0,E5F5,1,97.55,670.29,0,-1
297,legit_41,201.6,412.26,13.555,0.9116,0.0,B2B3,0,73.44,588.94,0,-1
297,legit_42,64.61,601.6,12.7632,-0.9038,270.0,B3A3,0,85.41,655.59,0,-1
297,legit_43,198.4,747.1,13.3832,0.9289,180.0,B4B3,0,104.75,582.06,0,-1
297,legit_44,785.32,398.4,9.6197,-3.2511,90.0,D2E2,0,52.18,503.71,0,-1
297,legit_45,327.22,-1.6,12.765,-0.9472,90.0,B0C0,0,172.8,751.75,0,-1
297,legit_46,9.14,198.4,5.4407,-0.3404,82.41,A1B1,1,161.21,795.29,0,-1
297,legit_47,1001.6,972.64,13.4706,0.5227,0.0,F4F5,1,117.76,660.05,0,-1
297,legit_48,-1.6,108.68,13.7691,0.3162,180.0,A1A0,1,152.02,849.06,0,-1
297,legit_49,1001.6,624.33,6.0628,2.2316,0.0,F3F4,0,54.17,566.93,0,-1
298,legit_27,798.4,571.45,10.0822,1.4518,180.0,E3E2,0,56.19,478.78,0,-1
298,legit_32,97.0,1.6,13.12,-0.5704,270.0,B0A0,1,129.72,852.85,0,-1
298,legit_34,502.97,1001.6,13.5966,0.0759,270.0,D5C5,0,94.62,573.72,0,-1
298,legit_35,669.79,798.4,12.6109,-0.3037,90.0,D4E4,0,90.36,482.63,0,-1
298,legit_36,782.23,198.4,10.5898,-2.6398,90.0,D1E1,0,84.77,589.45,0,-1
298,legit_37,50.31,798.4,12.3217,0.0698,90.0,A4B4,0,108.03,691.13,0,-1
298,legit_38,757.24,-1.6,11.0561,-0.1499,90.0,D0E0,0,121.82,721.55,0,-1
298,legit_39,398.4,543.02,11.6672,0.6189,180.0,C3C2,0,76.87,481.99,0,-1
298,legit_40,998.4,996.3,3.3321,-3.2919,120.8,F5F4,1,98.33,670.16,0,-1
298,legit_41,201.6,425.35,13.0878,-0.4672,0.0,B2B3,0,83.27,585.95,0,-1
298,legit_42,51.62,601.6,12.9933,0.2302,270.0,B3A3,0,98.4,665.55,0,-1
298,legit_43,198.4,733.8,13.3034,-0.0798,180.0,B4B3,0,116.71,579.63,0,-1
298,legit_44,790.44,398.4,5.1197,-4.5,90.0,D2E2,0,55.77,505.21,0,-1
298,legit_45,340.08,-1.6,12.8596,0.0946,90.0,B0C0,0,163.92,747.63,0,-1
298,legit_46,16.64,198.4,7.5,2.0593,90.0,A1B1,1,154.7,789.8,0,-1
298,legit_47,1001.6,985.87,13.2307,-0.24,0.0,F4F5,1,105.84,666.55,0,-1
298,legit_48,-1.6,95.39,13.2934,-0.4758,180.0,A1A0,2,153.59,856.56,0,-1
298,legit_49,1001.6,631.86,7.5309,1.4681,0.0,F3F4,0,57.94,567.32,0,-1
299,legit_27,798.4,559.59,11.8592,1.777,180.0,E3E2,0,63.05,479.56,0,-1
299,legit_32,83.41,1.6,13.5889,0.4689,270.0,B0A0,1,135.84,860.77,0,-1
299,legit_34,489.43,1001.6,13.5493,-0.0473,270.0,D5C5,0,87.75,575.43,0,-1
299,legit_35,682.86,798.4,13.073,0.4621,90.0,D4E4,0,78.98,483.79,0,-1
299,legit_36,788.5,198.4,6.2712,-4.3187,90.0,D1E1,0,87.34,591.08,0,-1
299,legit_37,62.41,798.4,12.1067,-0.215,90.0,A4B4,0,96.96,682.05,0,-1
299,legit_38,768.65,-1.6,11.4077,0.3516,90.0,D0E0,0,123.02,723.81,0,-1
299,legit_39,398.4,532.46,10.5599,-1.1074,180.0,C3C2,0,84.99,483.09,0,-1
299,legit_40,998.4,991.22,5.0801,1.748,180.0,F5F4,1,102.69,667.59,0,-1
299,legit_41,201.6,439.2,13.8444,0.7566,0.0,B2B3,0,94.52,583.0,0,-1
299,legit_42,38.42,601.6,13.1977,0.2044,270.0,B3A3,0,111.59,675.81,0,-1
299,legit_43,198.4,721.17,12.6263,-0.6771,180.0,B4B3,0,128.31,577.49,0,-1
299,legit_44,792.96,398.5,2.5453,-2.5745,88.8,:E2_15,0,57.69,505.94,0,-1
299,legit_45,353.88,-1.6,13.803,0.9434,90.0,B0C0,0,155.0,743.41,0,-1
299,legit_46,25.7,198.4,9.0608,1.5608,90.0,A1B1,1,146.96,783.22,0,-1
299,legit_47,1001.6,995.62,9.7485,-3.4822,0.0,F4F5,1,97.27,671.45,0,-1
299,legit_48,-1.6,81.75,13.6372,0.3439,180.0,A1A0,2,156.35,864.42,0,-1
299,legit_49,1001.6,640.89,9.0268,1.4959,0.0,F3F4,0,63.36,567.91,0,-1
300,legit_27,798.4,545.99,13.6015,1.7423,180.0,E3E2,1,72.53,480.7,0,-1
300,legit_32,69.65,1.6,13.7629,0.1741,270.0,B0A0,1,143.09,868.98,0,-1
300,legit_34,476.08,1001.6,13.3427,-0.2066,270.0,D5C5,0,82.62,577.39,0,-1
300,legit_35,696.56,798.4,13.7044,0.6315,90.0,D4E4,0,67.72,485.25,0,-1
300,legit_36,794.62,198.14,6.137,-0.1342,92.99,:E1_12,0,89.98,592.88,0,-1
300,legit_37,74.22,798.4,11.8093,-0.2974,90.0,A4B4,0,86.45,673.31,0,-1
300,legit_38,780.34,-1.6,11.6892,0.2815,90.0,D0E0,0,125.33,726.29,0,-1
300,legit_39,398.4,521.51,10.95,0.3901,180.0,C3C2,0,93.93,484.38,0,-1
300,legit_40,998.4,984.21,7.0141,1.934,180.0,F5F4,1,108.81,664.07,0,-1
300,legit_41,201.6,451.98,12.7883,-1.0562,0.0,B2B3,0,105.47,580.46,0,-1
300,legit_42,24.63,601.6,13.7851,0.5874,270.0,B3A3,0,125.38,686.65,0,-1
300,legit_43,198.4,707.55,13.6171,0.9907,180.0,B4B3,0,117.94,575.37,0,-1
300,legit_44,794.25,400.29,2.4761,-0.0692,63.43,:E2_15,1,59.85,505.85,0,-1
300,legit_45,367.12,-1.6,13.2401,-0.5629,90.0,B0C0,0,147.16,739.56,0,-1
300,legit_46,36.72,198.4,11.0216,1.9607,90.0,A1B1,1,137.76,775.3,0,-1
300,legit_47,999.44,1000.97,6.1636,-3.5849,332.74,:F5_0,1,93.81,673.08,0,-1
300,legit_48,-1.6,68.73,13.0186,-0.6187,180.0,A1A0,2,160.04,872.1,0,-1
300,legit_49,1001.6,652.19,11.3038,2.277,0.0,F3F4,0,71.18,568.8,0,-1
300,legit_50,212.3,998.4,0.0,0.0,90.0,B5C5,0,102.66,665.86,0,-1
301,legit_27,798.4,532.58,13.4086,-0.1929,180.0,E3E2,1,83.0,482.09,0,-1
301,legit_32,56.97,1.6,12.6794,-1.0835,270.0,B0A0,1,150.58,876.69,0,-1
301,legit_34,463.06,1001.6,13.0237,-0.319,270.0,D5C5,0,79.48,579.58,0,-1
301,legit_35,709.65,798.4,13.0831,-0.6213,90.0,D4E4,0,57.96,486.89,0,-1
301,legit_36,798.29,193.54,6.4403,0.3033,150.1,:E1_12,0,87.98,596.43,0,-1
301,legit_37,86.56,798.4,12.3423,0.533,90.0,A4B4,0,75.86,664.32,0,-1
301,legit_38,791.88,-1.6,11.5429,-0.1463,90.0,D0E0,0,128.61,728.92,0,-1
301,legit_39,398.4,510.06,11.4533,0.5033,180.0,C3C2,0,103.69,485.88,0,-1
301,legit_40,998.4,975.07,9.1392,2.1251,180.0,F5F4,1,116.93,659.57,0,-1
301,legit_41,201.6,465.08,13.0988,0.3105,0.0,B2B3,0,117.07,578.05,0,-1
301,legit_42,14.78,601.6,9.8564,-3.9287,270.0,B3A3,0,135.23,694.48,0,-1
301,legit_43,198.4,693.68,13.8766,0.2596,180.0,B4B3,0,105.44,573.41,0,-1
301,legit_44,791.91,401.6,2.8917,0.4156,334.99,E2D2,1,59.05,504.79,0,-1
301,legit_45,380.35,-1.6,13.2281,-0.012,90.0,B0C0,0,140.13,735.91,0,-1
301,legit_46,48.48,198.4,11.7585,0.737,90.0,A1B1,0,128.27,766.95,0,-1
301,legit_47,993.11,1001.6,6.4416,0.278,272.13,F5E5,1,96.87,670.21,0,-1
301,legit_48,-1.6,55.28,13.4481,0.4295,180.0,A1A0,1,164.84,880.18,0,-1
301,legit_49,1001.6,664.57,12.3798,1.076,0.0,F3F4,0,80.7,569.97,0,-1
301,legit_50,213.67,998.4,1.3696,1.3696,90.0,B5C5,0,103.5,665.19,0,-1
302,legit_27,798.4,519.85,12.7303,-0.6784,180.0,E3E2,1,93.63,483.61,0,-1
302,legit_32,43.44,1.6,13.531,0.8516,270.0,B0A0,1,159.29,885.07,0,-1
302,legit_34,450.22,1001.6,12.8373,-0.1864,270.0,D5C5,0,78.4,582.02,0,-1
302,legit_35,722.72,798.4,13.0728,-0.0103,90.0,D4E4,0,49.75,488.8,0,-1
302,legit_36,798.4,187.35,6.198,-0.2424,180.0,E1E0,0,82.94,599.92,0,-1
302,legit_37,98.96,798.4,12.3982,0.0559,90.0,A4B4,0,65.84,655.45,0,-1
302,legit_38,803.65,-1.6,11.7678,0.2249,90.0,:E0_6,0,132.91,731.77,0,-1
302,legit_39,398.4,498.65,11.4141,-0.0392,180.0,C3C2,0,113.73,487.54,0,-1
302,legit_40,998.4,963.61,11.4547,2.3155,180.0,F5F4,1,127.31,654.03,0,-1
302,legit_41,201.6,478.42,13.3358,0.237,0.0,B2B3,0,129.17,575.78,0,-1
302,legit_42,9.26,601.6,5.5203,-4.3361,270.0,B3A3,0,140.75,698.89,0,-1
302,legit_43,198.4,680.76,12.9136,-0.963,180.0,B4B3,0,94.16,571.77,0,-1
302,legit_44,786.82,401.6,5.0908,2.199,270.0,E2D2,1,55.56,503.29,0,-1
302,legit_45,393.16,-1.6,12.8135,-0.4146,90.0,:C0_6,0,134.23,732.57,0,-1
302,legit_46,59.92,198.4,11.44,-0.3186,90.0,A1B1,0,119.42,758.94,0,-1
302,legit_47,985.12,1001.6,7.992,1.5505,270.0,F5E5,1,101.76,666.25,0,-1
302,legit_48,-1.6,41.84,13.4384,-0.0097,180.0,A1A0,1,170.56,888.42,0,-1
302,legit_49,1001.6,677.83,13.2577,0.8779,0.0,F3F4,0,91.65,571.42,0,-1
302,legit_50,216.68,998.4,3.0075,1.6379,90.0,B5C5,0,105.38,663.71,0,-1
303,legit_27,798.4,507.07,12.7777,0.0474,180.0,E3E2,1,104.78,485.33,0,-1
303,legit_32,30.76,1.6,12.6802,-0.8507,270.0,B0A0,1,168.04,893.05,0,-1
303,legit_34,437.21,1001.6,13.0165,0.1792,270.0,D5C5,0,79.44,584.79,0,-1
303,legit_35,736.24,798.4,13.5148,0.4419,90.0,D4E4,0,43.82,491.11,0,-1
303,legit_36,798.4,179.61,7.742,1.544,180.0,E1E0,0,76.79,604.3,0,-1
303,legit_37,111.15,798.4,12.1873,-0.2109,90.0,A4B4,0,56.92,646.9,0,-1
303,legit_38,815.4,-1.6,11.7497,-0.0181,90.0,E0F0,0,138.07,734.78,0,-1
303,legit_39,398.4,488.02,10.6288,-0.7853,180.0,C3C2,0,123.3,489.22,0,-1
303,legit_40,998.4,951.89,11.7265,0.2718,180.0,F5F4,1,123.21,648.5,0,-1
303,legit_41,201.6,492.19,13.7711,0.4353,0.0,B2B3,0,119.52,573.62,0,-1
303,legit_42,2.56,600.57,6.8706,1.3503,258.0,:A3_4,0,147.45,704.28,0,-1
303,legit_43,198.4,667.25,13.5163,0.6026,180.0,B4B3,0,82.85,570.25,0,-1
303,legit_44,780.13,401.6,6.6899,1.5992,270.0,E2D2,1,51.37,501.38,0,-1
303,legit_45,406.04,-1.6,12.8754,0.0619,90.0,:C0_6,0,129.3,729.41,0,-1
303,legit_46,71.75,198.4,11.8258,0.3858,90.0,A1B1,0,110.77,750.78,0,-1
303,legit_47,974.83,1001.6,10.2932,2.3012,270.0,F5E5,1,108.62,661.27,0,-1
303,legit_48,-1.6,28.21,13.6285,0.1901,180.0,A1A0,1,177.22,896.93,0,-1
303,legit_49,1001.6,690.24,12.4157,-0.842,0.0,F3F4,0,102.4,572.96,0,-1
303,legit_50,221.06,998.4,4.3835,1.3761,90.0,B5C5,0,108.2,661.58,0,-1
304,legit_27,798.4,493.99,13.0825,0.3049,180.0,E3E2,1,116.54,487.29,0,-1
304,legit_32,17.05,1.6,13.7074,1.0271,270.0,B0A0,1,178.03,901.82,0,-1
304,legit_34,424.2,1001.6,13.0055,-0.011,270.0,D5C5,0,82.54,587.84,0,-1
304,legit_35,749.53,798.4,13.293,-0.2217,90.0,D4E4,0,41.6,493.77,0,-1
304,legit_36,798.4,169.93,9.6839,1.9419,180.0,E1E0,0,69.54,609.88,0,-1
304,legit_37,122.68,798.4,11.5323,-0.655,90.0,A4B4,0,49.77,639.0,0,-1
304,legit_38,827.51,-1.6,12.1149,0.3651,90.0,E0F0,0,144.2,738.05,0,-1
304,legit_39,398.4,476.74,11.2764,0.6476,180.0,C3C2,0,127.64,491.14,0,-1
304,legit_40,998.4,940.43,11.4542,-0.2723,180.0,F5F4,1,112.91,643.22,0,-1
304,legit_41,201.6,505.27,13.0753,-0.6957,0.0,B2B3,1,107.88,571.77,0,-1
304,legit_42,-1.25,595.28,6.8669,-0.0038,206.93,:A3_4,0,151.32,707.36,0,-1
304,legit_43,198.4,654.12,13.1276,-0.3887,180.0,B4B3,1,72.6,568.97,0,-1
304,legit_44,771.62,401.6,8.5144,1.8244,270.0,E2D2,1,46.88,499.07,0,-1
304,legit_45,419.26,-1.6,13.2187,0.3434,90.0,C0D0,0,125.43,726.38,0,-1
304,legit_46,83.61,198.4,11.8632,0.0374,90.0,A1B1,0,102.73,742.74,0,-1
304,legit_47,962.96,1001.6,11.8659,1.5727,270.0,F5E5,1,117.14,655.68,0,-1
304,legit_48,-1.6,14.52,13.6931,0.0646,180.0,A1A0,1,184.68,905.63,0,-1
304,legit_49,1001.6,702.92,12.6771,0.2614,0.0,F3F4,0,113.73,574.69,0,-1
304,legit_50,227.38,998.4,6.3162,1.9326,90.0,B5C5,0,112.45,658.55,0,-1
305,legit_27,798.4,480.36,13.6234,0.5409,180.0,E3E2,1,129.05,489.54,0,-1
305,legit_32,3.78,1.6,13.2762,-0.4312,270.0,B0A0,1,188.15,910.44,0,-1
305,legit_34,411.21,1001.6,12.9917,-0.0139,270.0,D5C5,0,87.47,591.16,0,-1
305,legit_35,762.44,798.4,12.9076,-0.3854,90.0,D4E4,0,43.42,496.73,0,-1
305,legit_36,798.4,158.23,11.6991,2.0152,180.0,E1E0,0,61.68,616.78,0,-1
305,legit_37,134.98,798.4,12.2954,0.763,90.0,A4B4,0,44.23,630.81,0,-1
305,legit_38,838.41,-1.6,10.8989,-1.216,90.0,E0F0,0,150.34,741.15,0,-1
305,legit_39,398.4,465.71,11.0308,-0.2456,180.0,C3C2,0,117.63,493.16,0,-1
305,legit_40,998.4,929.38,11.0492,-0.4051,180.0,F5F4,1,103.21,638.24,0,-1
305,legit_41,201.6,518.19,12.9265,-0.1488,0.0,B2B3,1,96.72,570.11,0,-1
305,legit_42,-1.6,587.94,7.3637,0.4968,180.23,A3A2,0,152.08,707.72,0,-1
305,legit_43,198.4,640.99,13.133,0.0054,180.0,B4B3,1,63.42,567.92,0,-1
305,legit_44,760.63,401.6,10.9916,2.4772,270.0,E2D2,1,42.94,496.29,0,-1
305,legit_45,432.66,-1.6,13.3967,0.178,90.0,C0D0,0,122.83,723.54,0,-1
305,legit_46,96.02,198.4,12.4078,0.5446,90.0,A1B1,0,95.19,734.49,0,-1
305,legit_47,950.06,1001.6,12.9016,1.0357,270.0,F5E5,1,127.02,649.78,0,-1
305,legit_48,-1.6,3.82,10.7052,-2.9878,180.0,A1A0,1,191.0,912.53,0,-1
305,legit_49,1001.6,715.9,12.983,0.3058,0.0,F3F4,0,125.6,576.65,0,-1
305,legit_50,235.68,998.4,8.3057,1.9895,90.0,B5C5,0,118.32,654.63,0,-1
306,legit_27,798.4,467.35,13.0114,-0.612,180.0,E3E2,1,117.76,491.88,0,-1
306,legit_34,397.62,1001.6,13.5862,0.5945,270.0,:C5_0,0,94.29,594.9,0,-1
306,legit_35,776.0,798.4,13.5627,0.6551,90.0,D4E4,0,49.06,500.24,0,-1
306,legit_36,798.4,144.65,13.5734,1.8743,180.0,E1E0,1,54.32,625.01,0,-1
306,legit_37,147.1,798.4,12.1207,-0.1746,90.0,A4B4,0,41.7,623.02,0,-1
306,legit_38,850.25,-1.6,11.8353,0.9364,90.0,E0F0,0,157.6,744.65,0,-1
306,legit_39,398.4,454.44,11.2687,0.2379,180.0,C3C2,0,107.62,495.36,0,-1
306,legit_40,998.4,917.61,11.7699,0.7207,180.0,F5F4,1,93.2,633.08,0,-1
306,legit_41,201.6,530.79,12.6006,-0.3259,0.0,B2B3,1,86.33,568.68,0,-1
306,legit_42,-1.6,578.02,9.9285,2.5648,180.0,A3A2,0,153.19,707.93,0,-1
306,legit_43,198.4,628.26,12.7235,-0.4095,180.0,B4B3,1,56.05,567.13,0,-1
306,legit_44,747.61,401.6,13.0151,2.0235,270.0,E2D2,1,41.67,493.36,0,-1
306,legit_45,446.25,-1.6,13.592,0.1953,90.0,C0D0,0,121.66,720.9,0,-1
306,legit_46,108.4,198.4,12.3875,-0.0202,90.0,A1B1,0,88.75,726.43,0,-1
306,legit_47,936.57,1001.6,13.4938,0.5921,270.0,F5E5,1,137.89,643.81,0,-1
306,legit_48,1.07,-1.28,6.2052,-4.5,146.41,:A0_0,0,192.06,914.09,0,-1
306,legit_49,1001.6,728.8,12.8922,-0.0908,0.0,F3F4,0,121.28,578.76,0,-1
306,legit_50,246.36,998.4,10.6812,2.3755,90.0,B5C5,0,126.27,649.71,0,-1
306,legit_51,798.4,187.7,0.0,0.0,180.0,E1E0,1,83.22,599.73,0,-1
307,legit_27,798.4,453.75,13.6009,0.5895,180.0,E3E2,1,105.51,494.53,0,-1
307,legit_34,384.34,1001.6,13.2862,-0.3,270.0,C5B5,1,102.27,598.82,0,-1
307,legit_35,785.19,798.4,9.1957,-4.367,90.0,D4E4,0,54.49,502.82,0,-1
307,legit_36,798.4,130.97,13.6816,0.1082,180.0,E1E0,2,49.63,633.6,0,-1
307,legit_37,159.55,798.4,12.4508,0.33,90.0,A4B4,0,42.68,615.35,0,-1
307,legit_38,861.32,-1.6,11.0722,-0.7631,90.0,E0F0,1,164.86,748.07,0,-1
307,legit_39,398.4,443.52,10.924,-0.3448,180.0,C3C2,0,98.17,497.64,0,-1
307,legit_40,998.4,906.4,11.213,-0.5568,180.0,F5F4,1,84.09,628.3,0,-1
307,legit_41,201.6,544.6,13.8093,1.2087,0.0,B2B3,1,75.71,567.32,0,-1
307,legit_42,-1.6,566.5,11.5147,1.5862,180.0,A3A2,0,155.26,708.33,0,-1
307,legit_43,198.4,616.02,12.2381,-0.4854,180.0,B4B3,1,50.98,566.61,0,-1
307,legit_44,734.77,401.6,12.844,-0.1711,270.0,E2D2,1,44.3,490.84,0,-1
307,legit_45,459.69,-1.6,13.4404,-0.1516,90.0,C0D0,0,121.99,718.53,0,-1
307,legit_46,120.74,198.4,12.3382,-0.0493,90.0,A1B1,0,83.68,718.6,0,-1
307,legit_47,923.24,1001.6,13.3278,-0.1659,270.0,F5E5,1,149.05,638.09,0,-1
307,legit_48,7.05,-1.6,6.0043,-0.2009,91.86,A0B0,0,187.67,910.4,0,-1
307,legit_49,1001.6,741.17,12.3759,-0.5162,0.0,F3F4,0,110.04,580.95,0,-1
307,legit_50,258.38,998.4,12.0206,1.3394,90.0,B5C5,1,135.67,644.32,0,-1
307,legit_51,798.4,186.37,1.3328,1.3328,180.0,E1E0,1,82.14,600.47,0,-1
308,legit_27,798.4,440.2,13.5568,-0.0441,180.0,E3E2,1,93.67,497.39,0,-1
308,legit_34,371.55,1001.6,12.7869,-0.4993,270.0,C5B5,1,110.91,602.8,0,-1
308,legit_35,790.55,798.4,5.3558,-3.8399,90.0,D4E4,0,58.09,504.39,0,-1
308,legit_36,798.4,118.35,12.6236,-1.0579,180.0,E1E0,2,48.43,641.82,0,-1
308,legit_37,171.06,798.4,11.5106,-0.9402,90.0,A4B4,0,46.63,608.53,0,-1
308,legit_38,873.41,-1.6,12.0855,1.0133,90.0,E0F0,1,173.25,751.96,0,-1
308,legit_39,398.4,432.19,11.3323,0.4083,180.0,C3C2,0,88.73,500.16,0,-1
308,legit_40,998.4,895.02,11.3759,0.1629,180.0,F5F4,2,75.43,623.59,0,-1
308,legit_41,201.6,557.82,13.214,-0.5953,0.0,B2B3,1,66.65,566.25,0,-1
308,legit_42,-1.6,553.36,13.1385,1.6237,180.0,A3A2,0,158.61,708.98,0,-1
308,legit_43,198.4,607.71,8.3193,-3.9188,180.0,B4B3,1,49.01,566.42,0,-1
308,legit_44,721.74,401.6,13.0309,0.1869,270.0,E2D2,1,50.29,488.65,0,-1
308,legit_45,472.43,-1.6,12.7393,-0.7011,90.0,C0D0,0,123.65,716.5,0,-1
308,legit_46,132.8,198.4,12.0541,-0.2841,90.0,A1B1,0,80.27,711.16,0,-1
308,legit_47,909.43,1001.6,13.8066,0.4788,270.0,F5E5,1,160.95,632.36,0,-1
308,legit_48,15.5,-1.6,8.4453,2.4409,90.0,A0B0,0,181.32,904.93,0,-1
308,legit_49,1001.6,753.78,12.6119,0.236,0.0,F3F4,1,98.87,583.35,0,-1
308,legit_50,272.09,998.4,13.7038,1.6832,90.0,B5C5,1,146.85,638.36,0,-1
308,legit_51,798.4,183.47,2.9019,1.5691,180.0,E1E0,1,79.81,602.11,0,-1
309,legit_27,798.4,427.29,12.902,-0.6548,180.0,E3E2,1,82.89,500.31,0,-1
309,legit_34,358.51,1001.6,13.0432,0.2564,270.0,C5B5,1,120.49,607.07,0,-1
309,legit_35,793.93,799.16,3.6107,-1.7451,81.0,:E4_15,0,59.99,505.6,0,-1
309,legit_36,798.4,105.01,13.3441,0.7205,180.0,E1E0,2,50.67,650.82,0,-1
309,legit_37,182.69,798.4,11.6324,0.1218,90.0,A4B4,0,52.91,601.9,0,-1
309,legit_38,885.09,-1.6,11.6799,-0.4055,90.0,E0F0,1,181.75,755.85,0,-1
309,legit_39,398.4,420.8,11.389,0.0567,180.0,C3C2,0,79.74,502.84,0,-1
309,legit_40,998.4,883.74,11.2815,-0.0944,180.0,F5F4,1,67.65,619.08,0,-1
309,legit_41,201.6,571.07,13.2533,0.0392,0.0,B2B3,1,59.16,565.42,0,-1
309,legit_42,-1.6,540.16,13.2021,0.0637,180.0,A3A2,0,162.98,709.85,0,-1
309,legit_43,198.91,603.65,4.0953,-4.224,174.16,:B3_2,1,49.04,566.1,0,-1
309,legit_44,708.13,401.6,13.6081,0.5772,270.0,E2D2,1,59.02,486.69,0,-1
309,legit_45,485.67,-1.6,13.2454,0.5061,90.0,C0D0,0,126.72,714.62,0,-1
309,legit_46,144.5,198.4,11.7058,-0.3483,90.0,A1B1,0,78.59,704.14,0,-1
309,legit_47,896.31,1001.6,13.1189,-0.6877,270.0,F5E5,0,165.99,627.1,0,-1
309,legit_48,25.51,-1.6,10.012,1.5667,90.0,A0B0,0,174.02,898.52,0,-1
309,legit_49,1001.6,766.0,12.2187,-0.3932,0.0,F3F4,1,88.42,585.84,0,-1
309,legit_50,285.86,998.4,13.7714,0.0676,90.0,B5C5,1,158.48,632.57,0,-1
309,legit_51,798.4,178.36,5.1044,2.2025,180.0,E1E0,1,75.82,605.02,0,-1
310,legit_27,798.4,413.96,13.3384,0.4363,180.0,E3E2,1,72.48,503.55,0,-1
310,legit_34,345.86,1001.6,12.6503,-0.393,270.0,C5B5,1,130.36,611.4,0,-1
310,legit_35,792.56,801.6,3.5535,-0.0572,357.15,E4D4,0,57.32,505.85,0,-1
310,legit_36,798.4,92.37,12.6349,-0.7093,180.0,E1E0,2,55.73,659.61,0,-1
310,legit_37,189.82,798.4,7.1324,-4.5,90.0,A4B4,0,57.59,597.93,0,-1
310,legit_38,896.39,-1.6,11.3002,-0.3797,90.0,E0F0,1,190.3,759.76,0,-1
310,legit_39,398.4,409.07,11.7265,0.3375,180.0,C3C2,0,71.21,505.78,0,-1
310,legit_40,998.4,872.28,11.4644,0.1829,180.0,F5F4,1,60.86,614.66,0,-1
310,legit_41,201.6,583.75,12.6782,-0.5751,0.0,B2B3,1,54.1,564.89,0,-1
310,legit_42,-1.6,526.55,13.6119,0.4098,180.0,A3A2,0,168.46,710.97,0,-1
310,legit_43,198.94,603.45,0.208,-3.8873,173.82,:B3_2,1,49.06,566.08,0,-1
310,legit_44,695.43,401.6,12.7029,-0.9051,270.0,E2D2,1,68.62,485.12,0,-1
310,legit_45,498.76,-1.6,13.0918,-0.1536,90.0,C0D0,0,131.01,712.98,0,-1
310,legit_46,155.93,198.4,11.4317,-0.2741,90.0,A1B1,0,78.62,697.48,0,-1
310,legit_47,882.47,1001.6,13.8409,0.722,270.0,F5E5,0,153.93,621.74,0,-1
310,legit_48,37.78,-1.6,12.2696,2.2576,90.0,A0B0,0,165.47,890.76,0,-1
310,legit_49,1001.6,779.42,13.4128,1.1941,0.0,F3F4,1,77.54,588.76,0,-1
310,legit_50,298.57,998.4,12.7068,-1.0646,90.0,B5C5,1,169.5,627.4,0,-1
310,legit_51,798.4,171.01,7.3518,2.2474,180.0,E1E0,1,70.32,609.25,0,-1
311,legit_34,332.88,1001.6,12.9735,0.3232,270.0,C5B5,1,140.94,616.03,0,-1
311,legit_35,787.67,801.6,4.8901,1.3365,270.0,E4D4,0,53.79,504.39,0,-1
311,legit_36,798.4,78.95,13.4199,0.785,180.0,E1E0,2,63.46,669.21,0,-1
311,legit_37,199.13,798.4,9.3014,2.169,90.0,:B4_13,0,64.37,592.87,0,-1
311,legit_38,908.34,-1.6,11.9582,0.6579,90.0,E0F0,1,186.69,764.03,0,-1
311,legit_39,398.4,397.57,11.501,-0.2254,180.0,:C2_1,0,63.83,508.86,0,-1
311,legit_40,998.4,861.08,11.197,-0.2675,180.0,F5F4,1,55.74,610.54,0,-1
311,legit_41,201.6,596.68,12.934,0.2558,0.0,:B3_9,1,51.71,564.65,0,-1
311,legit_42,-1.6,512.68,13.8725,0.2606,180.0,A3A2,0,174.95,712.33,0,-1
311,legit_43,198.96,603.33,0.1249,-0.0831,173.49,:B3_2,1,49.08,566.07,0,-1
311,legit_44,682.3,401.6,13.123,0.4201,270.0,E2D2,0,79.46,483.74,0,-1
311,legit_45,511.76,-1.6,12.9911,-0.1006,90.0,C0D0,0,136.38,711.56,0,-1
311,legit_46,167.42,198.4,11.4888,0.0572,90.0,A1B1,0,80.31,691.0,0,-1
311,legit_47,869.39,1001.6,13.0765,-0.7644,270.0,F5E5,0,142.83,616.86,0,-1
311,legit_48,51.07,-1.6,13.292,1.0224,90.0,A0B0,0,156.76,882.5,0,-1
311,legit_49,1001.6,788.33,8.9128,-4.5,0.0,F3F4,1,70.8,590.82,0,-1
311,legit_50,311.78,998.4,13.2103,0.5035,90.0,B5C5,1,160.51,622.21,0,-1
311,legit_51,798.4,161.85,9.163,1.8112,180.0,E1E0,1,63.98,614.63,0,-1
312,legit_34,319.8,1001.6,13.0803,0.1069,270.0,C5B5,1,151.98,620.88,0,-1
312,legit_35,781.32,801.6,6.3411,1.451,270.0,E4D4,0,49.56,502.57,0,-1
312,legit_36,798.4,65.98,12.9721,-0.4479,180.0,E1E0,2,72.53,678.69,0,-1
312,legit_37,210.17,798.4,11.0443,1.7429,90.0,B4C4,0,73.15,587.01,0,-1
312,legit_38,920.42,-1.6,12.0728,0.1147,90.0,E0F0,1,177.7,768.5,0,-1
312,legit_39,398.4,386.61,10.9585,-0.5426,180.0,C2C1,0,58.06,511.97,0,-1
312,legit_40,998.4,850.48,10.6019,-0.595,180.0,F5F4,1,52.65,606.83,0,-1
312,legit_41,201.6,609.39,12.7059,-0.2282,0.0,B3B4,1,52.45,564.72,0,-1
312,legit_42,-1.6,499.3,13.374,-0.4984,180.0,A3A2,0,182.0,713.86,0,-1
312,legit_43,198.98,603.3,0.0265,-0.0985,173.33,:B3_2,1,49.09,566.06,0,-1
312,legit_44,669.49,401.6,12.8125,-0.3106,270.0,E2D2,0,90.62,482.6,0,-1
312,legit_45,524.59,-1.6,12.8353,-0.1559,90.0,C0D0,0,142.65,710.37,0,-1
312,legit_46,179.31,198.4,11.8821,0.3933,90.0,A1B1,0,83.7,684.51,0,-1
312,legit_47,855.57,1001.6,13.8241,0.7475,270.0,F5E5,1,131.5,611.9,0,-1
312,legit_48,63.75,-1.6,12.6815,-0.6105,90.0,A0B0,0,149.08,874.74,0,-1
312,legit_49,1001.6,792.74,4.4128,-4.5,0.0,F3F4,1,67.65,591.87,0,-1
312,legit_50,325.08,998.4,13.3054,0.0951,90.0,B5C5,1,149.21,617.16,0,-1
312,legit_51,798.4,150.56,11.287,2.124,180.0,E1E0,1,57.24,621.39,0,-1
312,legit_52,798.4,987.7,0.0,0.0,180.0,E5E4,1,104.22,586.23,0,-1
313,legit_34,306.11,1001.6,13.6925,0.6121,270.0,C5B5,1,163.86,626.15,0,-1
313,legit_35,772.89,801.6,8.4332,2.0921,270.0,E4D4,0,44.71,500.24,0,-1
313,legit_36,798.4,53.09,12.8891,-0.0829,180.0,E1E0,2,82.58,688.28,0,-1
313,legit_37,222.44,798.4,12.2741,1.2298,90.0,B4C4,0,83.54,580.67,0,-1
313,legit_38,932.02,-1.6,11.5992,-0.4736,90.0,E0F0,1,169.43,772.93,0,-1
313,legit_39,398.4,374.88,11.7341,0.7756,180.0,C2C1,0,53.7,515.54,0,-1
313,legit_40,998.4,838.96,11.5237,0.9217,180.0,F5F4,1,51.61,603.03,0,-1
313,legit_41,201.6,622.95,13.5585,0.8527,0.0,B3B4,1,56.47,565.14,0,-1
313,legit_42,-1.6,485.77,13.5351,0.1611,180.0,A3A2,0,189.82,715.62,0,-1
313,legit_43,199.73,602.05,1.4574,1.431,165.01,:B3_16,1,49.77,565.65,0,-1
313,legit_44,656.69,401.6,12.8038,-0.0087,270.0,E2D2,0,102.17,481.67,0,-1
313,legit_45,537.26,-1.6,12.6724,-0.1629,90.0,C0D0,0,149.67,709.38,0,-1
313,legit_46,187.88,198.4,8.5741,-3.308,90.0,A1B1,0,87.07,679.95,0,-1
313,legit_47,842.59,1001.6,12.9817,-0.8423,270.0,F5E5,1,121.32,607.44,0,-1
313,legit_48,76.85,-1.6,13.0926,0.4111,90.0,A0B0,0,141.91,866.88,0,-1
313,legit_49,1000.89,793.87,1.3428,-3.07,351.52,:F4_5,1,67.38,591.76,0,-1
313,legit_50,338.17,998.4,13.0904,-0.215,90.0,B5C5,1,138.43,612.37,0,-1
313,legit_51,798.4,137.44,13.1195,1.8325,180.0,E1E0,1,51.45,629.5,0,-1
313,legit_52,798.4,986.13,1.572,1.572,180.0,E5E4,1,105.61,585.39,0,-1
314,legit_34,293.0,1001.6,13.1047,-0.5878,270.0,C5B5,1,163.08,631.37,0,-1
314,legit_35,762.33,801.6,10.5587,2.1256,270.0,E4D4,0,40.33,497.53,0,-1
314,legit_36,798.4,40.37,12.7187,-0.1704,180.0,E1E0,1,93.18,697.89,0,-1
314,legit_37,234.87,798.4,12.4303,0.1562,90.0,B4C4,0,94.52,574.42,0,-1
314,legit_38,943.13,-1.6,11.1182,-0.4811,90.0,E0F0,0,161.89,777.3,0,-1
314,legit_39,398.4,364.02,10.8532,-0.8809,180.0,C2C1,0,51.76,519.06,0,-1
314,legit_40,998.4,827.26,11.6951,0.1714,180.0,F5F4,1,53.15,599.43,0,-1
314,legit_41,201.6,636.45,13.5014,-0.0572,0.0,B3B4,1,63.17,565.86,0,-1
314,legit_42,-1.6,472.99,12.7775,-0.7576,180.0,A3A2,0,189.07,717.47,0,-1
314,legit_43,201.66,599.96,2.9301,1.4726,144.7,:B3_16,1,51.66,564.61,0,-1
314,legit_44,643.64,401.6,13.0485,0.2447,270.0,E2D2,0,114.21,480.93,0,-1
314,legit_45,550.2,-1.6,12.9392,0.2668,90.0,C0D0,0,157.57,708.57,0,-1
314,legit_46,192.02,198.4,4.139,-4.4351,90.0,A1B1,0,88.95,677.79,0,-1
314,legit_47,829.7,1001.6,12.8913,-0.0904,270.0,F5E5,1,111.8,603.2,0,-1
314,legit_48,89.63,-1.6,12.7795,-0.3131,90.0,A0B0,0,135.76,859.37,0,-1
314,legit_49,1000.87,793.89,0.0289,-1.3139,351.33,:F4_5,1,67.38,591.76,0,-1
314,legit_50,351.21,998.4,13.036,-0.0544,90.0,B5C5,1,128.13,607.8,0,-1
314,legit_51,798.4,124.16,13.2847,0.1652,180.0,E1E0,1,48.58,638.0,0,-1
314,legit_52,798.4,982.14,3.9919,2.4199,180.0,E5E4,1,109.18,583.27,0,-1
315,legit_34,279.77,1001.6,13.2355,0.1308,270.0,C5B5,1,151.61,636.83,0,-1
315,legit_35,749.89,801.6,12.4411,1.8824,270.0,E4D4,0,38.4,494.66,0,-1
315,legit_36,798.4,26.59,13.7804,1.0617,180.0,E1E0,1,105.2,708.45,0,-1
315,legit_37,246.4,798.4,11.5303,-0.9,90.0,B4C4,0,105.0,568.78,0,-1
315,legit_38,954.31,-1.6,11.1738,0.0556,90.0,E0F0,0,154.74,781.83,0,-1
315,legit_39,398.4,353.1,10.9269,0.0737,180.0,C2C1,0,52.06,522.84,0,-1
315,legit_40,998.4,815.55,11.7142,0.0191,180.0,F5F4,1,57.1,596.07,0,-1
315,legit_41,201.6,650.1,13.6477,0.1464,0.0,B3B4,1,71.92,566.86,0,-1
315,legit_42,-1.6,459.96,13.0313,0.2538,180.0,A3A2,0,181.59,719.56,0,-1
315,legit_43,206.01,598.57,4.662,1.732,108.67,:B3_16,1,56.03,562.29,0,-1
315,legit_44,630.52,401.6,13.1213,0.0728,270.0,E2D2,0,126.52,480.37,0,-1
315,legit_45,563.22,-1.6,13.0226,0.0834,90.0,C0D0,0,166.15,707.94,0,-1
315,legit_46,198.54,198.4,6.5237,2.3847,90.0,:B1_13,0,92.21,674.42,0,-1
315,legit_47,816.84,1001.6,12.8606,-0.0308,270.0,F5E5,1,103.02,599.17,0,-1
315,legit_48,103.4,-1.6,13.7741,0.9946,90.0,A0B0,0,130.22,851.44,0,-1
315,legit_49,1000.86,793.91,0.024,-0.0049,351.16,:F4_5,1,67.37,591.75,0,-1
315,legit_50,363.89,998.4,12.6825,-0.3535,90.0,B5C5,1,118.63,603.53,0,-1
315,legit_51,798.4,110.34,13.8113,0.5266,180.0,E1E0,1,49.35,647.18,0,-1
315,legit_52,798.4,976.33,5.8071,1.8153,180.0,E5E4,1,114.41,580.21,0,-1
316,legit_34,266.85,1001.6,12.9206,-0.3149,270.0,C5B5,1,140.71,642.33,0,-1
316,legit_35,736.53,801.6,13.3587,0.9176,270.0,E4D4,0,40.69,492.0,0,-1
316,legit_36,798.4,13.2,13.3897,-0.3907,180.0,E1E0,1,117.25,718.84,0,-1
316,legit_37,258.71,798.4,12.3069,0.7766,90.0,B4C4,1,116.4,562.92,0,-1
316,legit_38,966.41,-1.6,12.1056,0.9318,90.0,E0F0,0,147.56,786.88,0,-1
316,legit_39,398.4,342.21,10.8865,-0.0404,180.0,C2C1,0,54.58,526.84,0,-1
316,legit_40,998.4,804.88,10.6627,-1.0515,180.0,:F4_1,1,62.42,593.2,0,-1
316,legit_41,201.6,662.93,12.831,-0.8168,0.0,B3B4,2,81.38,568.03,0,-1
316,legit_42,-1.6,446.19,13.7734,0.7421,180.0,A3A2,0,174.39,721.97,0,-1
316,legit_43,213.24,598.4,7.2368,2.5748,90.0,B3C3,1,63.26,558.47,0,-1
316,legit_44,617.73,401.6,12.7898,-0.3315,270.0,E2D2,0,138.66,480.02,0,-1
316,legit_45,577.01,-1.6,13.7892,0.7666,90.0,C0D0,0,175.84,707.49,0,-1
316,legit_46,207.38,198.4,8.8418,2.3181,90.0,B1C1,0,97.16,669.96,0,-1
316,legit_47,808.48,1001.6,8.3606,-4.5,270.0,F5E5,1,97.81,596.67,0,-1
316,legit_48,116.37,-1.6,12.9676,-0.8066,90.0,A0B0,0,126.17,844.16,0,-1
316,legit_49,1000.86,793.92,0.0016,-0.0223,351.15,:F4_5,1,67.37,591.75,0,-1
316,legit_50,376.63,998.4,12.7375,0.055,90.0,B5C5,1,109.74,599.44,0,-1
316,legit_51,798.4,97.51,12.8315,-0.9798,180.0,E1E0,1,53.37,656.0,0,-1
316,legit_52,798.4,968.28,8.0518,2.2447,180.0,E5E4,1,121.76,576.02,0,-1
317,legit_34,253.15,1001.6,13.6947,0.7741,270.0,C5B5,1,129.57,648.34,0,-1
317,legit_35,722.77,801.6,13.7616,0.403,270.0,E4D4,0,47.07,489.66,0,-1
317,legit_37,270.37,798.4,11.6607,-0.6462,90.0,B4C4,1,127.36,557.51,0,-1
317,legit_38,977.46,-1.6,11.0495,-1.0562,90.0,E0F0,0,141.59,791.62,0,-1
317,legit_39,398.4,330.62,11.5852,0.6986,180.0,C2C1,0,59.38,531.33,0,-1
317,legit_40,998.4,793.15,11.7349,1.0722,180.0,:F4_1,1,69.7,590.25,0,-1
317,legit_41,201.6,675.99,13.0604,0.2295,0.0,B3B4,2,91.85,569.43,0,-1
317,legit_42,-1.6,433.25,12.9325,-0.8409,180.0,A3A2,0,168.37,724.44,0,-1
317,legit_43,222.65,598.4,9.4159,2.1791,90.0,B3C3,1,72.67,553.57,0,-1
317,legit_45,587.12,-1.6,10.1069,-3.6823,90.0,C0D0,0,183.27,707.29,0,-1
317,legit_46,218.04,198.4,10.6576,1.8158,90.0,B1C1,0,103.81,664.71,0,-1
317,legit_47,803.71,1001.1,4.8032,-3.5574,264.26,:E5_1,1,95.45,595.01,0,-1
317,legit_48,130.09,-1.6,13.7206,0.753,90.0,A0B0,0,123.22,836.65,0,-1
317,legit_49,1000.86,793.92,0.0007,-0.0009,351.15,:F4_5,1,67.37,591.75,0,-1
317,legit_50,386.9,998.4,10.2743,-2.4632,90.0,B5C5,1,103.15,596.29,0,-1
317,legit_51,798.4,84.21,13.2988,0.4673,180.0,E1E0,0,60.19,665.42,0,-1
317,legit_52,798.4,957.9,10.3756,2.3238,180.0,E5E4,1,127.45,570.72,0,-1
318,legit_34,239.92,1001.6,13.2306,-0.4641,270.0,C5B5,0,119.3,654.35,0,-1
318,legit_35,709.53,801.6,13.2381,-0.5236,270.0,E4D4,0,55.79,487.75,0,-1
318,legit_37,282.15,798.4,11.7826,0.1219,90.0,B4C4,1,138.55,552.19,0,-1
318,legit_38,989.33,-1.6,11.8631,0.8136,90.0,E0F0,0,135.9,796.86,0,-1
318,legit_39,398.4,319.89,10.7294,-0.8558,180.0,C2C1,0,65.35,535.69,0,-1
318,legit_40,998.4,781.6,11.5501,-0.1848,180.0,F4F3,1,77.93,587.51,0,-1
318,legit_41,201.6,688.86,12.8712,-0.1892,0.0,B3B4,2,102.75,570.99,0,-1
318,legit_42,-1.6,419.68,13.5716,0.6391,180.0,A3A2,0,162.92,727.25,0,-1
318,legit_43,234.21,598.4,11.5602,2.1443,90.0,B3C3,1,84.23,547.69,0,-1
318,legit_45,593.83,-1.45,6.7206,-3.3863,88.31,:D0_7,0,188.25,707.1,0,-1
318,legit_46,229.41,198.4,11.3651,0.7075,90.0,B1C1,0,111.59,659.26,0,-1
318,legit_47,798.9,996.29,7.1424,2.3392,217.32,:E5_9,1,96.94,591.02,0,-1
318,legit_48,143.16,-1.6,13.068,-0.6526,90.0,A0B0,0,121.79,829.69,0,-1
318,legit_49,1000.86,793.92,0.0,-0.0007,351.15,:F4_5,1,67.37,591.75,0,-1
318,legit_50,393.92,998.24,7.0271,-3.2471,91.83,:C5_6,0,99.15,594.13,0,-1
318,legit_51,798.4,70.82,13.3941,0.0954,180.0,E1E0,0,69.0,675.13,0,-1
318,legit_52,798.4,944.97,12.9324,2.5568,180.0,E5E4,1,115.59,564.28,0,-1
318,legit_53,-1.6,187.7,0.0,0.0,180.0,A1A0,0,166.03,808.25,0,-1
319,legit_34,226.84,1001.6,13.0808,-0.1498,270.0,C5B5,0,109.78,660.47,0,-1
319,legit_35,696.77,801.6,12.7608,-0.4772,270.0,E4D4,0,65.63,486.16,0,-1
319,legit_37,294.59,798.4,12.4351,0.6525,90.0,B4C4,1,150.46,546.73,0,-1
319,legit_38,996.69,-1.6,7.3631,-4.5,90.0,E0F0,0,132.77,800.19,0,-1
319,legit_39,398.4,309.28,10.6165,-0.1129,180.0,C2C1,0,72.35,540.16,0,-1
319,legit_40,998.4,770.04,11.5543,0.0042,180.0,F4F3,1,86.93,584.94,0,-1
319,legit_41,201.6,701.55,12.6932,-0.178,0.0,B3B4,2,113.91,572.71,0,-1
319,legit_42,-1.6,407.06,12.626,-0.9456,180.0,:A2_0,0,158.73,730.05,0,-1
319,legit_43,246.93,598.4,12.7201,1.1599,90.0,B3C3,1,96.95,541.36,0,-1
319,legit_45,600.18,1.91,7.5861,0.8655,51.75,:D0_10,0,190.76,704.4,0,-1
319,legit_46,241.7,198.4,12.2955,0.9305,90.0,B1C1,0,120.65,653.53,0,-1
319,legit_47,798.4,987.66,8.671,1.5286,180.0,E5E4,1,104.26,586.21,0,-1
319,legit_48,156.66,-1.6,13.5026,0.4346,90.0,A0B0,0,121.78,822.71,0,-1
319,legit_49,999.01,793.71,2.2375,2.2375,311.99,:F4_11,1,68.87,590.71,0,-1
319,legit_50,398.18,994.35,6.336,-0.6912,141.57,:C5_6,0,100.11,590.78,0,-1
319,legit_51,798.4,57.97,12.8535,-0.5406,180.0,E1E0,0,78.68,684.63,0,-1
319,legit_52,798.4,932.37,12.5971,-0.3353,180.0,E5E4,1,104.28,558.16,0,-1
319,legit_53,-1.6,185.47,2.2269,2.2269,180.0,A1A0,0,165.13,809.31,0,-1
320,legit_34,214.9,1001.6,11.9464,-1.1344,270.0,C5B5,0,101.77,666.24,0,-1
320,legit_35,683.09,801.6,13.6815,0.9207,270.0,E4D4,0,77.15,484.72,0,-1
320,legit_37,307.03,798.4,12.4396,0.0045,90.0,B4C4,1,148.9,541.43,0,-1
320,legit_38,1000.86,0.37,4.8724,-2.4907,65.42,:F0_1,0,129.33,800.64,0,-1
320,legit_39,398.4,298.67,10.605,-0.0115,180.0,C2C1,0,80.15,544.78,0,-1
320,legit_40,998.4,758.29,11.7495,0.1952,180.0,F4F3,1,96.63,582.49,0,-1
320,legit_41,201.6,714.86,13.3126,0.6194,0.0,B3B4,2,125.92,574.7,0,-1
320,legit_42,-1.6,393.77,13.2841,0.6581,180.0,:A2_0,0,155.32,733.2,0,-1
320,legit_43,260.28,598.4,13.3454,0.6253,90.0,B3C3,1,110.29,534.91,0,-1
320,legit_45,601.6,9.44,7.8084,0.2223,4.5,D0D1,0,185.06,698.42,0,-1
320,legit_46,253.41,198.4,11.7031,-0.5925,90.0,B1C1,0,129.77,648.23,0,-1
320,legit_47,798.4,976.47,11.1897,2.5187,180.0,E5E4,1,114.29,580.28,0,-1
320,legit_48,169.9,-1.6,13.2371,-0.2655,90.0,A0B0,0,123.22,816.06,0,-1
320,legit_49,998.4,790.84,3.0492,0.8117,214.6,F4F3,1,71.27,589.69,0,-1
320,legit_50,398.4,988.52,5.8402,-0.4957,178.82,C5C4,0,105.03,587.58,0,-1
320,legit_51,798.4,44.94,13.022,0.1685,180.0,E1E0,0,89.31,694.41,0,-1
320,legit_52,798.4,919.52,12.851,0.2539,180.0,E5E4,1,93.09,552.1,0,-1
320,legit_53,-1.6,181.8,3.6686,1.4417,180.0,A1A0,0,163.71,811.07,0,-1
321,legit_34,207.45,1001.6,7.4464,-4.5,270.0,C5B5,0,97.2,669.93,0,-1
321,legit_35,669.21,801.6,13.8781,0.1966,270.0,E4D4,0,89.45,483.49,0,-1
321,legit_37,319.16,798.4,12.1334,-0.3062,90.0,B4C4,1,137.29,536.42,0,-1
321,legit_38,1001.6,4.54,4.3208,-0.5516,12.9,F0F1,0,125.19,797.89,0,-1
321,legit_39,398.4,287.72,10.9544,0.3495,180.0,C2C1,0,88.81,549.7,0,-1
321,legit_40,998.4,747.45,10.8472,-0.9024,180.0,F4F3,1,105.96,580.36,0,-1
321,legit_41,201.6,727.71,12.8471,-0.4655,0.0,B3B4,2,123.58,576.8,0,-1
321,legit_42,-1.6,380.38,13.3879,0.1038,180.0,A2A1,0,152.96,736.59,0,-1
321,legit_43,273.85,598.4,13.5756,0.2302,90.0,B3C3,1,123.86,528.53,0,-1
321,legit_45,601.6,19.53,10.0934,2.285,0.0,D0D1,0,179.21,690.48,0,-1
321,legit_46,264.98,198.4,11.5713,-0.1317,90.0,B1C1,0,139.16,643.14,0,-1
321,legit_47,798.4,963.96,12.5071,1.3174,180.0,E5E4,1,125.73,573.81,0,-1
321,legit_48,183.62,-1.6,13.7286,0.4915,90.0,A0B0,0,126.16,809.39,0,-1
321,legit_49,998.4,785.46,5.385,2.3358,180.0,F4F3,1,75.08,588.41,0,-1
321,legit_50,398.4,981.36,7.1634,1.3232,180.0,C5C4,0,111.32,583.76,0,-1
321,legit_51,798.4,31.79,13.1537,0.1317,180.0,E1E0,0,100.62,704.44,0,-1
321,legit_52,798.4,906.59,12.9318,0.0808,180.0,E5E4,1,82.32,546.18,0,-1
321,legit_53,-1.6,176.02,5.7872,2.1186,180.0,A1A0,0,161.62,813.87,0,-1
322,legit_34,200.46,999.16,7.6291,0.1827,244.42,:B5_9,0,95.29,672.2,0,-1
322,legit_35,655.76,801.6,13.4526,-0.4255,270.0,E4D4,0,101.76,482.53,0,-1
322,legit_37,331.47,798.4,12.3112,0.1777,90.0,B4C4,1,125.61,531.5,0,-1
322,legit_38,1001.6,10.26,5.7193,1.3985,0.0,F0F1,0,119.94,793.68,0,-1
322,legit_39,398.4,275.96,11.7595,0.8051,180.0,C2C1,1,98.62,555.14,0,-1
322,legit_40,998.4,736.35,11.1018,0.2546,180.0,F4F3,1,115.79,578.3,0,-1
322,legit_41,201.6,740.95,13.2405,0.3934,0.0,B3B4,1,111.68,579.14,0,-1
322,legit_42,-1.6,367.0,13.3822,-0.0058,180.0,A2A1,0,151.76,740.2,0,-1
322,legit_43,287.45,598.4,13.5975,0.0219,90.0,B3C3,0,137.46,522.33,0,-1
322,legit_45,601.6,31.94,12.4067,2.3133,0.0,D0D1,0,172.56,680.85,0,-1
322,legit_46,277.22,198.4,12.2394,0.668,90.0,B1C1,1,149.43,637.9,0,-1
322,legit_47,798.4,950.25,13.7107,1.2036,180.0,E5E4,1,120.41,566.89,0,-1
322,legit_48,197.32,-1.6,13.7,-0.0285,90.0,:B0_6,0,130.48,802.94,0,-1
322,legit_49,998.4,778.52,6.9443,1.5593,180.0,F4F3,1,80.27,586.81,0,-1
322,legit_50,398.4,972.02,9.3372,2.1738,180.0,C5C4,0,119.67,578.87,0,-1
322,legit_51,798.4,19.42,12.3728,-0.7809,180.0,E1E0,0,111.62,714.0,0,-1
322,legit_52,798.4,893.88,12.7109,-0.2209,180.0,E5E4,1,72.43,540.56,0,-1
322,legit_53,-1.6,167.69,8.3293,2.5421,180.0,A1A0,0,158.92,817.97,0,-1
323,legit_34,198.4,991.51,8.1052,0.4761,186.04,B5B4,0,100.86,669.37,0,-1
323,legit_35,642.67,801.6,13.0909,-0.3617,270.0,E4D4,0,113.99,481.8,0,-1
323,legit_37,342.89,798.4,11.4194,-0.8918,90.0,B4C4,1,114.9,527.08,0,-1
323,legit_38,1001.6,17.62,7.3588,1.6395,0.0,F0F1,0,113.24,788.29,0,-1
323,legit_39,398.4,265.06,10.8953,-0.8642,180.0,C2C1,1,108.05,560.31,0,-1
323,legit_40,998.4,724.71,11.6328,0.531,180.0,F4F3,1,126.31,576.29,0,-1
323,legit_41,201.6,753.89,12.9395,-0.301,0.0,B3B4,1,100.39,581.61,0,-1
323,legit_42,-1.6,353.37,13.6311,0.2489,180.0,A2A1,0,151.74,744.09,0,-1
323,legit_43,300.97,598.4,13.516,-0.0815,90.0,B3C3,0,149.04,516.35,0,-1
323,legit_45,601.6,45.05,13.1164,0.7097,0.0,D0D1,0,166.25,670.81,0,-1
323,legit_46,289.47,198.4,12.2551,0.0158,90.0,B1C1,1,160.0,632.81,0,-1
323,legit_47,798.4,936.97,13.2788,-0.4319,180.0,E5E4,1,108.38,560.37,0,-1
323,legit_48,210.95,-1.6,13.6215,-0.0786,90.0,B0C0,0,136.02,796.74,0,-1
323,legit_49,998.4,769.2,9.3183,2.374,180.0,F4F3,1,87.61,584.76,0,-1
323,legit_50,398.4,960.42,11.6073,2.2701,180.0,C5C4,0,130.24,572.91,0,-1
323,legit_51,798.4,11.54,7.8728,-4.5,180.0,E1E0,0,118.77,720.14,0,-1
323,legit_52,798.4,880.21,13.6649,0.9541,180.0,E5E4,1,62.93,534.75,0,-1
323,legit_53,-1.6,157.24,10.4476,2.1183,180.0,A1A0,0,156.11,823.21,0,-1
324,legit_34,198.4,982.01,9.5074,1.4023,180.0,B5B4,0,109.29,664.63,0,-1
324,legit_35,629.9,801.6,12.7651,-0.3257,270.0,E4D4,1,126.09,481.28,0,-1
324,legit_37,355.0,798.4,12.1066,0.6873,90.0,B4C4,0,103.71,522.56,0,-1
324,legit_38,1001.6,26.81,9.189,1.8302,0.0,F0F1,0,105.01,781.61,0,-1
324,legit_39,398.4,254.01,11.0552,0.1598,180.0,C2C1,1,117.88,565.69,0,-1
324,legit_40,998.4,713.94,10.7704,-0.8624,180.0,F4F3,1,125.08,574.56,0,-1
324,legit_41,201.6,766.51,12.6234,-0.3161,0.0,B3B4,0,89.79,584.19,0,-1
324,legit_42,-1.6,340.37,13.0032,-0.628,180.0,A2A1,0,152.87,748.01,0,-1
324,legit_43,314.72,598.4,13.7526,0.2366,90.0,B3C3,0,135.29,510.46,0,-1
324,legit_45,601.6,58.58,13.5254,0.409,0.0,D0D1,0,160.61,660.64,0,-1
324,legit_46,301.95,198.4,12.4782,0.2231,90.0,B1C1,1,167.53,627.79,0,-1
324,legit_47,798.4,923.14,13.8301,0.5514,180.0,E5E4,1,96.2,553.79,0,-1
324,legit_48,224.4,-1.6,13.4543,-0.1672,90.0,B0C0,0,142.55,790.81,0,-1
324,legit_49,998.4,757.43,11.7684,2.4501,180.0,F4F3,1,97.37,582.31,0,-1
324,legit_50,398.4,946.91,13.5108,1.9036,180.0,C5C4,0,118.71,566.14,0,-1
324,legit_51,799.07,3.15,8.4702,0.5974,172.23,:E0_1,0,126.74,726.89,0,-1
324,legit_52,798.4,867.61,12.5985,-1.0665,180.0,E5E4,1,55.72,529.64,0,-1
324,legit_53,-1.6,145.13,12.107,1.6594,180.0,A1A0,0,153.67,829.43,0,-1
324,legit_54,601.6,812.3,0.0,0.0,0.0,D4D5,1,150.96,484.0,0,-1
325,legit_34,198.4,970.7,11.3028,1.7954,180.0,B5B4,0,119.53,659.11,0,-1
325,legit_35,617.11,801.6,12.798,0.0329,270.0,E4D4,1,138.33,480.94,0,-1
325,legit_37,367.28,798.4,12.2793,0.1726,90.0,B4C4,1,92.59,518.14,0,-1
325,legit_38,1001.6,38.42,11.612,2.423,0.0,F0F1,0,94.86,773.25,0,-1
325,legit_39,398.4,243.14,10.864,-0.1912,180.0,C2C1,1,127.74,571.1,0,-1
325,legit_40,998.4,703.15,10.797,0.0265,180.0,F4F3,1,115.33,572.94,0,-1
325,legit_41,201.6,778.69,12.1785,-0.4449,0.0,B3B4,0,80.13,586.85,0,-1
325,legit_42,-1.6,327.65,12.7206,-0.2826,180.0,A2A1,0,155.01,752.04,0,-1
325,legit_43,327.54,598.4,12.8184,-0.9342,90.0,B3C3,0,122.47,505.16,0,-1
325,legit_45,601.6,71.35,12.7712,-0.7543,0.0,D0D1,0,156.17,651.21,0,-1
325,legit_46,314.16,198.4,12.2103,-0.2679,90.0,B1C1,1,156.84,623.03,0,-1
325,legit_47,798.4,910.55,12.5902,-1.24,180.0,E5E4,1,85.56,547.98,0,-1
325,legit_48,237.97,-1.6,13.5748,0.1205,90.0,B0C0,0,150.09,785.03,0,-1
325,legit_49,998.4,744.44,12.9841,1.2157,180.0,F4F3,1,108.6,579.79,0,-1
325,legit_50,398.4,933.6,13.3067,-0.2041,180.0,C5C4,1,106.88,559.67,0,-1
325,legit_51,805.66,-1.38,8.5069,0.0367,110.33,:E0_1,0,133.53,732.1,0,-1
325,legit_52,798.4,854.91,12.7077,0.1093,180.0,E5E4,1,50.64,524.75,0,-1
325,legit_53,-1.6,131.92,13.2119,1.1049,180.0,A1A0,0,152.07,836.39,0,-1
325,legit_54,601.6,814.83,2.5272,2.5272,0.0,D4D5,1,150.52,484.78,0,-1
326,legit_34,198.4,956.82,13.881,2.5782,180.0,B5B4,0,126.45,652.49,0,-1
326,legit_37,379.44,798.4,12.1564,-0.1228,90.0,B4C4,1,81.91,513.94,0,-1
326,legit_38,1001.6,49.5,11.0743,-0.5377,0.0,F0F1,0,85.52,765.38,0,-1
326,legit_39,398.4,232.09,11.0521,0.1881,180.0,C2C1,1,123.4,576.74,0,-1
326,legit_40,998.4,691.98,11.1695,0.3725,180.0,F4F3,1,105.46,571.4,0,-1
326,legit_41,201.6,787.14,8.4442,-3.7343,0.0,B3B4,0,73.87,588.8,0,-1
326,legit_42,-1.6,314.9,12.7414,0.0208,180.0,A2A1,0,158.16,756.27,0,-1
326,legit_43,341.26,598.4,13.7254,0.907,90.0,B3C3,0,108.75,499.67,0,-1
326,legit_45,601.6,84.56,13.2107,0.4395,0.0,D0D1,0,152.57,641.64,0,-1
326,legit_46,325.68,198.4,11.5194,-0.6909,90.0,B1C1,1,146.98,618.68,0,-1
326,legit_47,798.4,896.91,13.6478,1.0576,180.0,E5E4,1,74.7,541.88,0,-1
326,legit_48,251.11,-1.6,13.1332,-0.4416,90.0,B0C0,0,158.14,779.62,0,-1
326,legit_49,998.4,731.54,12.9059,-0.0782,180.0,F4F3,1,120.11,577.46,0,-1
326,legit_50,398.4,920.12,13.4758,0.1691,180.0,C5C4,1,95.3,553.31,0,-1
326,legit_51,813.67,-1.6,8.032,-0.4749,90.0,E0F0,0,137.26,734.33,0,-1
326,legit_52,798.4,842.13,12.7736,0.0658,180.0,E5E4,1,48.45,520.14,0,-1
326,legit_53,-1.6,118.74,13.1847,-0.0272,180.0,A1A0,0,151.61,843.51,0,-1
326,legit_54,601.6,819.43,4.6031,2.0759,0.0,D4D5,0,149.82,486.24,0,-1
327,legit_34,198.4,943.08,13.7485,-0.1325,180.0,B5B4,0,113.87,646.1,0,-1
327,legit_37,391.32,798.4,11.8882,-0.2682,90.0,B4C4,1,71.93,510.01,0,-1
327,legit_38,1001.6,61.41,11.9162,0.842,0.0,F0F1,0,75.99,757.02,0,-1
327,legit_39,398.4,220.98,11.1168,0.0647,180.0,C2C1,1,113.4,582.53,0,-1
327,legit_40,998.4,680.79,11.1858,0.0163,180.0,F4F3,1,95.86,569.99,0,-1
327,legit_41,201.6,792.26,5.1218,-3.3224,0.0,B3B4,0,70.3,590.03,0,-1
327,legit_42,-1.6,301.84,13.0636,0.3222,180.0,A2A1,0,162.37,760.8,0,-1
327,legit_43,354.57,598.4,13.3036,-0.4218,90.0,B3C3,0,95.45,494.54,0,-1
327,legit_45,601.6,97.72,13.1641,-0.0466,0.0,D0D1,0,150.06,632.32,0,-1
327,legit_46,337.23,198.4,11.5469,0.0275,90.0,B1C1,1,137.35,614.46,0,-1
327,legit_47,798.4,883.6,13.3057,-0.3421,180.0,E5E4,1,65.14,536.17,0,-1
327,legit_48,264.58,-1.6,13.4696,0.3364,90.0,B0C0,0,167.08,774.26,0,-1
327,legit_49,998.4,718.87,12.6664,-0.2395,180.0,F4F3,1,129.59,575.34,0,-1
327,legit_50,398.4,906.66,13.4665,-0.0093,180.0,C5C4,1,84.29,547.16,0,-1
327,legit_51,823.44,-1.6,9.7627,1.7306,90.0,E0F0,0,142.05,736.93,0,-1
327,legit_52,798.4,828.92,13.2124,0.4388,180.0,E5E4,1,49.65,515.73,0,-1
327,legit_53,-1.6,105.95,12.7897,-0.395,180.0,A1A0,0,152.25,850.59,0,-1
327,legit_54,601.6,825.57,6.1381,1.5349,0.0,D4D5,0,149.1,488.23,0,-1
328,legit_34,198.4,929.73,13.3435,-0.405,180.0,B5B4,1,101.95,640.08,0,-1
328,legit_38,1001.6,72.75,11.3337,-0.5826,0.0,F0F1,0,67.64,749.19,0,-1
328,legit_39,398.4,211.47,9.5091,-1.6077,180.0,C2C1,1,105.02,587.58,0,-1
328,legit_40,998.4,670.0,10.786,-0.3999,180.0,F4F3,1,86.97,568.76,0,-1
328,legit_41,199.09,793.84,3.9627,-1.1591,316.24,:B4_19,1,67.39,591.76,0,-1
328,legit_42,-1.6,288.92,12.9215,-0.1421,180.0,A2A1,0,167.44,765.47,0,-1
328,legit_43,368.12,598.4,13.5557,0.2521,90.0,B3C3,0,81.89,489.51,0,-1
328,legit_45,601.6,110.9,13.1753,0.0112,0.0,D0D1,0,148.68,623.2,0,-1
328,legit_46,348.42,198.4,11.1961,-0.3509,90.0,B1C1,1,128.31,610.51,0,-1
328,legit_47,798.4,870.2,13.4017,0.096,180.0,E5E4,1,57.05,530.67,0,-1
328,legit_48,277.39,-1.6,12.8113,-0.6583,90.0,B0C0,0,176.11,769.33,0,-1
328,legit_49,998.4,706.26,12.6096,-0.0568,180.0,F4F3,1,118.13,573.4,0,-1
328,legit_50,398.4,893.24,13.4119,-0.0546,180.0,C5C4,0,74.15,541.25,0,-1
328,legit_51,835.08,-1.6,11.6387,1.876,90.0,E0F0,0,148.41,740.18,0,-1
328,legit_52,798.4,816.28,12.6381,-0.5743,180.0,E5E4,1,53.9,511.82,0,-1
328,legit_53,-1.6,92.52,13.4263,0.6366,180.0,A1A0,0,154.07,858.19,0,-1
328,legit_54,601.6,833.03,7.4641,1.326,0.0,D4D5,0,148.56,490.73,0,-1
329,legit_34,198.4,915.98,13.7548,0.4113,180.0,B5B4,1,90.08,634.06,0,-1
329,legit_38,1001.6,84.47,11.7201,0.3865,0.0,F0F1,0,60.04,741.24,0,-1
329,legit_39,398.3,206.47,5.0091,-4.5,181.2,:C1_0,1,100.75,590.31,0,-1
329,legit_40,998.4,658.93,11.0786,0.2926,180.0,F4F3,1,78.32,567.64,0,-1
329,legit_41,198.4,790.18,3.8728,-0.0899,201.25,B4B3,1,69.46,591.25,0,-1
329,legit_42,-1.6,275.28,13.6394,0.718,180.0,A2A1,0,173.67,770.6,0,-1
329,legit_43,380.03,598.4,11.9087,-1.647,90.0,B3C3,0,69.99,485.26,0,-1
329,legit_45,601.6,123.82,12.924,-0.2513,0.0,D0D1,0,148.45,614.47,0,-1
329,legit_46,359.92,198.4,11.4977,0.3017,90.0,B1C1,1,119.42,606.6,0,-1
329,legit_47,798.4,857.34,12.8571,-0.5447,180.0,E5E4,1,51.41,525.66,0,-1
329,legit_48,290.35,-1.6,12.958,0.1467,90.0,B0C0,0,185.7,764.51,0,-1
329,legit_49,998.4,693.54,12.7186,0.1091,180.0,F4F3,1,106.83,571.61,0,-1
329,legit_50,398.4,880.52,12.724,-0.6879,180.0,C5C4,0,65.61,535.86,0,-1
329,legit_51,847.87,-1.6,12.7954,1.1568,90.0,E0F0,0,156.09,743.94,0,-1
329,legit_52,798.4,803.37,12.9118,0.2737,180.0,:E4_1,1,60.7,508.12,0,-1
329,legit_53,-1.6,79.43,13.0914,-0.3349,180.0,A1A0,0,156.93,865.78,0,-1
329,legit_54,601.6,842.16,9.1275,1.6634,0.0,D4D5,0,148.42,493.9,0,-1
330,legit_34,198.4,902.66,13.3197,-0.4351,180.0,B5B4,1,79.17,628.42,0,-1
330,legit_38,1001.6,95.74,11.2763,-0.4439,0.0,F0F1,0,54.14,733.75,0,-1
330,legit_39,396.28,202.57,4.6134,-0.3957,205.81,:C1_0,1,98.51,593.0,0,-1
330,legit_40,998.4,647.94,10.9896,-0.089,180.0,F4F3,1,70.43,566.69,0,-1
330,legit_41,198.4,784.41,5.7628,1.89,180.0,B4B3,1,73.71,589.9,0,-1
330,legit_42,-1.6,262.65,12.6322,-1.0072,180.0,A2A1,0,180.17,775.53,0,-1
330,legit_43,387.81,598.4,7.7784,-4.1303,90.0,B3C3,0,62.21,482.57,0,-1
330,legit_45,601.6,136.86,13.0329,0.1089,0.0,D0D1,0,149.35,605.88,0,-1
330,legit_46,372.07,198.4,12.1526,0.6549,90.0,B1C1,1,110.54,602.63,0,-1
330,legit_47,798.4,844.29,13.0521,0.195,180.0,E5E4,1,48.59,520.9,0,-1
330,legit_48,303.93,-1.6,13.5857,0.6277,90.0,B0C0,0,190.06,759.65,0,-1
330,legit_49,998.4,680.46,13.0881,0.3694,180.0,F4F3,1,95.58,569.95,0,-1
330,legit_50,398.4,867.59,12.9323,0.2082,180.0,C5C4,0,58.51,530.62,0,-1
330,legit_51,860.54,-1.6,12.6736,-0.1218,90.0,E0F0,0,164.34,747.83,0,-1
330,legit_52,798.4,789.63,13.745,0.8332,180.0,E4E3,1,69.86,504.46,0,-1
330,legit_53,-1.6,66.72,12.7047,-0.3866,180.0,A1A0,0,160.69,873.29,0,-1
330,legit_54,601.6,852.77,10.6126,1.4852,0.0,D4D5,0,148.95,497.75,0,-1
330,legit_55,-1.6,991.7,0.0,0.0,180.0,A5A4,0,175.44,798.67,0,-1
331,legit_34,198.4,888.8,13.8559,0.5362,180.0,B5B4,1,68.73,622.76,0,-1
331,legit_38,1001.6,107.61,11.8671,0.5908,0.0,F0F1,0,49.96,726.07,0,-1
331,legit_39,392.02,201.6,4.4577,-0.1557,255.23,C1B1,1,100.1,594.77,0,-1
331,legit_40,998.4,637.06,10.8808,-0.1088,180.0,F4F3,1,63.53,565.9,0,-1
331,legit_41,198.4,777.23,7.1789,1.4161,180.0,B4B3,1,79.26,588.27,0,-1
331,legit_42,-1.6,249.96,12.6895,0.0573,180.0,A2A1,0,187.33,780.66,0,-1
331,legit_43,392.35,598.4,4.5363,-3.2421,90.0,B3C3,0,57.68,481.03,0,-1
331,legit_45,601.6,149.73,12.8705,-0.1624,0.0,D0D1,0,151.35,597.62,0,-1
331,legit_46,382.97,198.4,10.8993,-1.2533,90.0,B1C1,1,103.15,599.23,0,-1
331,legit_47,798.4,831.59,12.7033,-0.3488,180.0,E5E4,1,49.13,516.59,0,-1
331,legit_48,317.51,-1.6,13.577,-0.0087,90.0,B0C0,0,179.83,754.97,0,-1
331,legit_49,998.4,668.24,12.2206,-0.8675,180.0,F4F3,1,85.55,568.57,0,-1
331,legit_50,398.4,854.54,13.0525,0.1203,180.0,C5C4,0,53.61,525.62,0,-1
331,legit_51,874.37,-1.6,13.8206,1.147,90.0,E0F0,0,173.93,752.27,0,-1
331,legit_52,798.4,776.23,13.3988,-0.3463,180.0,E4E3,1,80.06,501.15,0,-1
331,legit_53,-1.6,53.31,13.4109,0.7061,180.0,A1A0,0,165.62,881.38,0,-1
331,legit_54,601.6,865.63,12.8583,2.2456,0.0,D4D5,0,150.6,502.64,0,-1
331,legit_55,-1.6,990.26,1.4436,1.4436,180.0,A5A4,0,176.17,798.02,0,-1
332,legit_34,198.4,876.04,12.766,-1.0899,180.0,B5B4,1,60.34,617.76,0,-1
332,legit_38,1001.6,119.47,11.8643,-0.0028,0.0,F0F1,0,48.4,718.62,0,-1
332,legit_39,385.34,201.6,6.6799,2.2222,270.0,C1B1,1,104.11,596.76,0,-1
332,legit_40,998.4,626.48,10.5769,-0.3038,180.0,F4F3,1,58.0,565.3,0,-1
332,legit_41,198.4,768.7,8.5306,1.3516,180.0,B4B3,1,86.17,586.41,0,-1
332,legit_42,-1.6,237.22,12.7389,0.0494,180.0,A2A1,0,191.63,785.97,0,-1
332,legit_43,399.36,598.4,7.0185,2.4821,90.0,:C3_13,0,50.66,478.7,0,-1
332,legit_45,601.6,163.51,13.7831,0.9126,0.0,D0D1,0,154.65,589.01,0,-1
332,legit_46,389.44,198.4,6.473,-4.4264,90.0,B1C1,1,99.06,597.28,0,-1
332,legit_47,798.4,818.98,12.6078,-0.0954,180.0,E5E4,1,52.77,512.63,0,-1
332,legit_48,331.24,-1.6,13.7348,0.1577,90.0,B0C0,0,169.97,750.44,0,-1
332,legit_49,998.4,655.69,12.5494,0.3289,180.0,F4F3,1,75.92,567.35,0,-1
332,legit_50,398.4,841.49,13.0482,-0.0044,180.0,C5C4,0,51.62,520.94,0,-1
332,legit_51,887.95,-1.6,13.5841,-0.2366,90.0,E0F0,0,183.89,756.83,0,-1
332,legit_52,798.4,763.18,13.0428,-0.356,180.0,E4E3,1,90.79,498.14,0,-1
332,legit_53,-1.6,39.78,13.5315,0.1206,180.0,A1A0,0,171.52,889.7,0,-1
332,legit_54,601.6,878.44,12.8077,-0.0505,0.0,D4D5,0,153.3,507.75,0,-1
332,legit_55,-1.6,987.27,2.9848,1.5412,180.0,A5A4,0,177.71,796.67,0,-1
333,legit_34,198.4,863.08,12.9599,0.1939,180.0,B5B4,1,53.62,612.93,0,-1
333,legit_38,1001.6,130.55,11.0743,-0.79,0.0,F0F1,0,49.54,711.89,0,-1
333,legit_39,376.69,201.6,8.6426,1.9627,270.0,C1B1,1,109.69,599.42,0,-1
333,legit_40,998.4,615.14,11.3429,0.7659,180.0,F4F3,1,53.77,564.86,0,-1
333,legit_41,198.4,757.78,10.9243,2.3938,180.0,B4B3,1,95.41,584.15,0,-1
333,legit_42,-1.6,224.3,12.9156,0.1766,180.0,A2A1,0,184.02,791.54,0,-1
333,legit_43,408.35,598.4,8.9816,1.9631,90.0,C3D3,0,41.68,475.79,0,-1
333,legit_45,601.6,176.21,12.7022,-1.0808,0.0,D0D1,0,158.69,581.29,0,-1
333,legit_46,398.23,198.4,8.7869,2.3139,90.0,:C1_13,1,93.95,594.73,0,-1
333,legit_47,798.4,805.4,13.5758,0.968,180.0,:E4_1,1,59.49,508.68,0,-1
333,legit_48,344.96,-1.6,13.7134,-0.0213,90.0,B0C0,0,160.69,746.12,0,-1
333,legit_49,998.4,642.76,12.924,0.3746,180.0,F4F3,1,67.02,566.29,0,-1
333,legit_50,398.4,827.71,13.7784,0.7303,180.0,C5C4,0,53.04,516.36,0,-1
333,legit_51,900.55,-1.6,12.6,-0.9841,90.0,E0F0,0,192.67,761.23,0,-1
333,legit_52,798.4,750.42,12.7653,-0.2775,180.0,E4E3,1,101.82,495.39,0,-1
333,legit_53,-1.6,27.32,12.4652,-1.0663,180.0,A1A0,0,177.69,897.5,0,-1
333,legit_54,601.6,891.17,12.7279,-0.0798,0.0,D4D5,0,156.97,513.07,0,-1
333,legit_55,-1.6,982.97,4.3003,1.3156,180.0,A5A4,0,179.99,794.75,0,-1
334,legit_34,198.4,850.47,12.6033,-0.3565,180.0,B5B4,1,49.52,608.49,0,-1
334,legit_38,1001.6,142.02,11.4677,0.3934,0.0,F0F1,0,53.17,705.14,0,-1
334,legit_39,366.52,201.6,10.1786,1.536,270.0,C1B1,1,116.74,602.67,0,-1
334,legit_40,998.4,604.32,10.8176,-0.5253,180.0,:F3_1,1,51.78,564.66,0,-1
334,legit_41,198.4,745.45,12.327,1.4026,180.0,B4B3,1,106.22,581.75,0,-1
334,legit_42,-1.6,210.74,13.5638,0.6482,180.0,A2A1,0,176.68,797.57,0,-1
334,legit_43,419.3,598.4,10.9544,1.9728,90.0,C3D3,0,30.74,472.37,0,-1
334,legit_45,601.6,186.86,10.6503,-2.0519,0.0,D0D1,0,162.77,574.99,0,-1
334,legit_46,409.49,198.4,11.2572,2.4704,90.0,C1D1,1,88.25,591.62,0,-1
334,legit_47,798.4,792.73,12.667,-0.9088,180.0,E4E3,1,67.65,505.26,0,-1
334,legit_48,358.15,-1.6,13.1905,-0.5229,90.0,B0C0,0,152.39,742.15,0,-1
334,legit_49,998.4,629.79,12.9755,0.0515,180.0,F4F3,1,59.58,565.46,0,-1
334,legit_50,398.4,815.02,12.6862,-1.0923,180.0,C5C4,0,57.33,512.45,0,-1
334,legit_51,913.25,-1.6,12.701,0.101,90.0,E0F0,0,182.99,765.83,0,-1
334,legit_52,798.4,737.51,12.9077,0.1424,180.0,E4E3,1,113.34,492.81,0,-1
334,legit_53,-1.6,14.86,12.4608,-0.0044,180.0,A1A0,0,184.49,905.42,0,-1
334,legit_54,601.6,903.47,12.3042,-0.4237,0.0,D4D5,0,161.4,518.43,0,-1
334,legit_55,-1.6,976.73,6.2463,1.946,180.0,A5A4,0,183.43,791.99,0,-1
335,legit_34,198.4,837.46,13.0125,0.4092,180.0,B5B4,1,48.47,604.22,0,-1
335,legit_38,1001.6,153.26,11.2438,-0.2239,0.0,F0F1,0,58.73,698.72,0,-1
335,legit_39,354.84,201.6,11.6711,1.4925,270.0,C1B1,1,125.35,606.55,0,-1
335,legit_40,998.4,593.43,10.89,0.0725,180.0,:F3_1,1,52.02,564.68,0,-1
335,legit_41,198.4,732.04,13.4161,1.0891,180.0,B4B3,1,118.32,579.32,0,-1
335,legit_43,432.08,598.4,12.7835,1.8291,90.0,C3D3,0,17.99,468.55,0,-1
335,legit_45,601.63,193.01,6.1503,-4.5,0.34,:D1_8,0,165.36,571.41,0,-1
335,legit_46,421.49,198.4,12.004,0.7467,90.0,C1D1,1,83.42,588.51,0,-1
335,legit_47,798.4,779.03,13.7016,1.0346,180.0,E4E3,1,77.84,501.82,0,-1
335,legit_48,371.25,-1.6,13.0968,-0.0937,90.0,B0C0,0,144.88,738.4,0,-1
335,legit_49,998.4,616.61,13.1721,0.1966,180.0,F4F3,1,54.21,564.9,0,-1
335,legit_50,398.4,801.16,13.8587,1.1726,180.0,:C4_1,0,64.58,508.51,0,-1
335,legit_51,926.67,-1.6,13.423,0.722,90.0,E0F0,0,173.19,770.87,0,-1
335,legit_52,798.4,724.74,12.7739,-0.1339,180.0,E4E3,1,125.01,490.43,0,-1
335,legit_53,-1.6,4.54,10.3139,-2.1469,180.0,A1A0,0,190.56,912.06,0,-1
335,legit_54,601.6,916.38,12.9059,0.6017,0.0,D4D5,0,166.9,524.27,0,-1
335,legit_55,-1.6,968.03,8.6934,2.4471,180.0,A5A4,0,188.47,788.21,0,-1
336,legit_34,198.4,824.36,13.0971,0.0846,180.0,B5B4,1,50.86,600.25,0,-1
336,legit_38,1001.6,164.76,11.5049,0.2611,0.0,F0F1,0,65.93,692.32,0,-1
336,legit_39,343.31,201.6,11.5298,-0.1413,270.0,C1B1,1,134.31,610.54,0,-1
336,legit_40,998.4,582.68,10.7472,-0.1428,180.0,F3F2,1,54.43,564.93,0,-1
336,legit_41,198.4,718.36,13.6749,0.2588,180.0,B4B3,1,127.87,577.04,0,-1
336,legit_43,444.74,598.4,12.6559,-0.1276,90.0,C3D3,0,5.5,464.96,0,-1
336,legit_45,604.71,198.03,6.3016,0.1513,37.87,:D1_8,0,164.91,568.54,0,-1
336,legit_46,433.88,198.4,12.3848,0.3808,90.0,C1D1,1,80.04,585.54,0,-1
336,legit_47,798.4,765.63,13.4008,-0.3008,180.0,E4E3,1,88.73,498.69,0,-1
336,legit_48,384.53,-1.6,13.2805,0.1837,90.0,B0C0,0,138.11,734.8,0,-1
336,legit_49,998.4,607.21,9.4061,-3.766,180.0,F4F3,1,52.1,564.69,0,-1
336,legit_50,398.4,788.2,12.9645,-0.8942,180.0,C4C3,0,73.12,505.08,0,-1
336,legit_51,939.45,-1.6,12.779,-0.644,90.0,E0F0,0,164.34,775.84,0,-1
336,legit_52,798.4,711.35,13.3856,0.6117,180.0,E4E3,1,121.42,488.15,0,-1
336,legit_53,0.12,-0.71,5.8139,-4.5,158.86,:A0_0,0,192.45,914.35,0,-1
336,legit_54,601.6,928.15,11.7727,-1.1332,0.0,D4D5,0,172.61,529.8,0,-1
336,legit_55,-1.6,956.88,11.1521,2.4587,180.0,A5A4,0,191.42,783.49,0,-1
336,legit_56,-1.6,587.7,0.0,0.0,180.0,A3A2,0,152.1,707.72,0,-1
337,legit_34,198.4,811.7,12.6584,-0.4387,180.0,B5B4,1,56.06,596.71,0,-1
337,legit_38,1001.6,176.53,11.7685,0.2636,0.0,F0F1,0,74.42,685.95,0,-1
337,legit_39,332.77,201.6,10.5425,-0.9873,270.0,C1B1,1,142.83,614.32,0,-1
337,legit_40,998.4,572.07,10.6102,-0.137,180.0,F3F2,1,58.67,565.37,0,-1
337,legit_41,198.4,704.54,13.8229,0.1481,180.0,B4B3,1,115.2,574.93,0,-1
337,legit_43,457.89,598.4,13.1522,0.4963,90.0,C3D3,0,8.05,462.2,0,-1
337,legit_45,610.96,198.4,6.2748,-0.0268,87.98,D1E1,0,159.62,568.38,0,-1
337,legit_46,445.76,198.4,11.8812,-0.5036,90.0,C1D1,1,78.51,582.94,0,-1
337,legit_47,798.4,751.96,13.6769,0.2761,180.0,E4E3,1,100.47,495.71,0,-1
337,legit_48,397.38,-1.6,12.8538,-0.4268,90.0,:C0_6,0,132.5,731.51,0,-1
337,legit_49,995.59,602.16,6.1614,-3.2447,214.11,:F3_0,1,54.45,563.14,0,-1
337,legit_50,398.4,774.92,13.2761,0.3116,180.0,C4C3,0,83.05,501.81,0,-1
337,legit_51,952.75,-1.6,13.2984,0.5193,90.0,E0F0,0,155.7,781.19,0,-1
337,legit_52,798.4,697.52,13.8333,0.4478,180.0,E4E3,1,108.87,485.99,0,-1
337,legit_53,5.85,-1.6,5.9136,0.0997,94.86,A0B0,0,188.59,911.19,0,-1
337,legit_54,601.6,940.37,12.2248,0.4521,0.0,D4D5,0,179.16,535.73,0,-1
337,legit_55,-1.6,944.93,11.9521,0.8001,180.0,A5A4,0,184.37,778.57,0,-1
337,legit_56,-1.6,586.4,1.3019,1.3019,180.0,A3A2,0,152.21,707.75,0,-1
338,legit_38,1001.6,188.11,11.5796,-0.1889,0.0,F0F1,0,83.56,679.82,0,-1
338,legit_39,322.1,201.6,10.6678,0.1253,270.0,C1B1,1,151.71,618.27,0,-1
338,legit_40,998.4,561.0,11.0748,0.4646,180.0,F3F2,1,64.68,566.02,0,-1
338,legit_41,198.4,691.0,13.535,-0.2879,180.0,B4B3,0,103.07,573.05,0,-1
338,legit_43,471.62,598.4,13.7266,0.5744,90.0,C3D3,0,21.68,460.08,0,-1
338,legit_45,619.31,198.4,8.3497,2.0749,90.0,D1E1,0,152.4,568.52,0,-1
338,legit_46,458.12,198.4,12.3606,0.4794,90.0,C1D1,1,78.82,580.49,0,-1
338,legit_47,798.4,739.27,12.6813,-0.9956,180.0,E4E3,1,111.75,493.15,0,-1
338,legit_48,410.14,-1.6,12.7589,-0.0949,90.0,C0D0,0,127.97,728.45,0,-1
338,legit_49,990.14,601.6,5.5412,-0.6202,266.2,F3E3,1,59.89,560.24,0,-1
338,legit_50,398.4,761.1,13.8268,0.5507,180.0,C4C3,0,94.28,498.65,0,-1
338,legit_51,966.4,-1.6,13.6515,0.3531,90.0,E0F0,0,147.56,786.87,0,-1
338,legit_52,798.4,684.32,13.2014,-0.6319,180.0,E4E3,1,97.22,484.15,0,-1
338,legit_53,13.14,-1.6,7.2995,1.3859,90.0,A0B0,0,183.07,906.45,0,-1
338,legit_54,601.6,952.19,11.8155,-0.4093,0.0,D4D5,0,186.04,541.65,0,-1
338,legit_55,-1.6,933.94,10.9882,-0.9639,180.0,A5A4,0,178.35,774.18,0,-1
338,legit_56,-1.6,583.64,2.7601,1.4582,180.0,A3A2,0,152.48,707.8,0,-1
339,legit_38,1001.6,200.26,12.1441,0.5645,0.0,:F1_3,0,93.72,673.55,0,-1
339,legit_39,310.32,201.6,11.7829,1.1151,270.0,C1B1,0,161.77,622.77,0,-1
339,legit_40,998.4,549.65,11.3442,0.2694,180.0,F3F2,1,72.09,566.88,0,-1
339,legit_41,198.4,677.31,13.6909,0.1559,180.0,B4B3,0,91.21,571.36,0,-1
339,legit_43,484.99,598.4,13.3735,-0.3531,90.0,C3D3,0,35.03,458.23,0,-1
339,legit_45,629.57,198.4,10.2664,1.9167,90.0,D1E1,0,143.7,568.8,0,-1
339,legit_46,469.97,198.4,11.8524,-0.5082,90.0,C1D1,0,80.9,578.38,0,-1
339,legit_47,798.4,725.68,13.5949,0.9136,180.0,E4E3,1,124.14,490.6,0,-1
339,legit_48,423.65,-1.6,13.5108,0.7519,90.0,C0D0,0,124.42,725.42,0,-1
339,legit_49,982.07,601.6,8.0689,2.5277,270.0,F3E3,1,67.95,556.02,0,-1
339,legit_50,398.4,748.16,12.9409,-0.886,180.0,C4C3,0,105.35,495.89,0,-1
339,legit_51,979.52,-1.6,13.117,-0.5345,90.0,E0F0,0,140.55,792.52,0,-1
339,legit_52,798.4,671.56,12.755,-0.4464,180.0,E4E3,1,86.39,482.56,0,-1
339,legit_53,21.96,-1.6,8.8144,1.5149,90.0,A0B0,0,176.58,900.79,0,-1
339,legit_54,601.6,965.1,12.9073,1.0918,0.0,D4D5,0,187.68,548.32,0,-1
339,legit_55,-1.6,922.07,11.8725,0.8843,180.0,A5A4,0,172.39,769.59,0,-1
339,legit_56,-1.6,579.21,4.4248,1.6647,180.0,A3A2,0,153.02,707.9,0,-1
340,legit_38,1001.6,212.4,12.1477,0.0035,0.0,F1F2,0,104.31,667.41,0,-1
340,legit_39,299.48,201.6,10.8431,-0.9398,270.0,C1B1,0,170.3,627.04,0,-1
340,legit_40,998.4,538.56,11.0893,-0.2549,180.0,F3F2,1,80.23,567.89,0,-1
340,legit_41,198.4,664.55,12.7578,-0.9331,180.0,B4B3,0,80.68,569.97,0,-1
340,legit_43,498.17,598.4,13.1813,-0.1922,90.0,C3D3,0,48.2,456.61,0,-1
340,legit_45,641.82,198.4,12.2434,1.977,90.0,D1E1,0,133.6,569.28,0,-1
340,legit_46,481.7,198.4,11.7246,-0.1278,90.0,C1D1,0,84.56,576.53,0,-1
340,legit_47,798.4,711.83,13.8453,0.2503,180.0,E4E3,1,121.86,488.22,0,-1
340,legit_48,436.75,-1.6,13.1002,-0.4106,90.0,C0D0,0,122.32,722.72,0,-1
340,legit_49,972.51,601.6,9.5595,1.4906,270.0,F3E3,1,77.51,551.09,0,-1
340,legit_50,398.4,734.86,13.2974,0.3565,180.0,C4C3,0,117.12,493.26,0,-1
340,legit_51,989.6,-1.6,10.0787,-3.0382,90.0,E0F0,0,135.78,796.98,0,-1
340,legit_52,798.4,657.71,13.8499,1.0949,180.0,E4E3,1,75.32,481.06,0,-1
340,legit_53,32.26,-1.6,10.2972,1.4828,90.0,A0B0,0,169.26,894.24,0,-1
340,legit_54,601.6,977.03,11.9353,-0.972,0.0,D4D5,0,180.62,554.67,0,-1
340,legit_55,-1.6,911.03,11.0345,-0.838,180.0,A5A4,0,167.42,765.45,0,-1
340,legit_56,-1.6,572.6,6.618,2.1932,180.0,A3A2,0,154.06,708.1,0,-1
341,legit_38,1001.6,223.41,11.0035,-1.1441,0.0,F1F2,0,114.17,661.97,0,-1
341,legit_39,288.41,201.6,11.072,0.229,270.0,C1B1,0,160.67,631.52,0,-1
341,legit_40,998.4,527.85,10.7131,-0.3762,180.0,F3F2,1,88.7,569.0,0,-1
341,legit_41,198.4,651.81,12.7496,-0.0082,180.0,B4B3,0,70.9,568.77,0,-1
341,legit_43,510.79,598.4,12.6199,-0.5614,90.0,C3D3,0,60.81,455.25,0,-1
341,legit_45,654.65,198.4,12.8308,0.5874,90.0,D1E1,0,123.44,569.98,0,-1
341,legit_46,493.84,198.4,12.1452,0.4206,90.0,C1D1,0,89.83,574.84,0,-1
341,legit_47,798.4,698.25,13.5833,-0.262,180.0,E4E3,1,109.52,486.1,0,-1
341,legit_48,449.52,-1.6,12.7656,-0.3346,90.0,C0D0,0,121.6,720.3,0,-1
341,legit_49,960.36,601.6,12.1498,2.5902,270.0,F3E3,1,89.66,544.97,0,-1
341,legit_50,398.4,721.22,13.6378,0.3404,180.0,C4C3,0,129.5,490.78,0,-1
341,legit_51,996.67,-1.6,7.073,-3.0057,90.0,E0F0,0,132.78,800.18,0,-1
341,legit_52,798.4,644.87,12.8397,-1.0102,180.0,E4E3,1,66.0,479.9,0,-1
341,legit_53,43.89,-1.6,11.6382,1.3411,90.0,A0B0,0,161.38,886.94,0,-1
341,legit_54,601.6,986.53,9.4993,-2.436,0.0,D4D5,0,175.38,559.86,0,-1
341,legit_55,-1.6,899.35,11.6831,0.6486,180.0,A5A4,0,162.8,761.22,0,-1
341,legit_56,-1.6,564.66,7.94,1.322,180.0,A3A2,0,155.67,708.41,0,-1
342,legit_38,1001.6,235.46,12.0525,1.0489,0.0,F1F2,0,125.19,656.14,0,-1
342,legit_39,277.43,201.6,10.9721,-0.1,270.0,C1B1,0,151.32,636.09,0,-1
342,legit_40,998.4,516.47,11.3788,0.6657,180.0,F3F2,1,98.18,570.32,0,-1
342,legit_41,198.4,638.08,13.7221,0.9725,180.0,B4B3,0,61.59,567.71,0,-1
342,legit_43,523.41,598.4,12.6216,0.0018,90.0,C3D3,0,73.43,454.07,0,-1
342,legit_45,668.2,198.4,13.5517,0.7209,90.0,D1E1,1,113.3,570.92,0,-1
342,legit_46,506.03,198.4,12.1884,0.0433,90.0,C1D1,0,96.36,573.37,0,-1
342,legit_47,798.4,684.94,13.3055,-0.2778,180.0,E4E3,1,97.77,484.23,0,-1
342,legit_48,463.04,-1.6,13.5295,0.7639,90.0,C0D0,0,122.3,717.97,0,-1
342,legit_49,947.36,601.6,12.9931,0.8433,270.0,F3E3,1,102.65,538.58,0,-1
342,legit_50,398.4,708.58,12.6402,-0.9976,180.0,C4C3,0,120.22,488.67,0,-1
342,legit_51,1001.43,2.04,6.6948,-0.3782,42.07,:F0_1,0,127.57,799.67,0,-1
342,legit_52,798.4,632.1,12.7719,-0.0679,180.0,E4E3,1,58.08,478.99,0,-1
342,legit_53,56.57,-1.6,12.6722,1.034,90.0,A0B0,0,153.35,879.12,0,-1
342,legit_54,601.6,991.53,4.9993,-4.5,0.0,D4D5,0,172.77,562.63,0,-1
342,legit_55,-1.6,887.56,11.7893,0.1062,180.0,A5A4,0,158.89,757.11,0,-1
342,legit_56,-1.6,554.57,10.0857,2.1457,180.0,A3A2,0,158.26,708.91,0,-1
342,legit_57,812.3,198.4,0.0,0.0,90.0,E1F1,1,100.14,597.8,0,-1
343,legit_38,1001.6,246.62,11.1556,-0.8969,0.0,F1F2,0,123.28,650.87,0,-1
343,legit_39,266.53,201.6,10.9023,-0.0697,270.0,C1B1,0,142.26,640.75,0,-1
343,legit_40,998.4,504.85,11.6227,0.2439,180.0,F3F2,1,108.24,571.82,0,-1
343,legit_41,198.4,624.97,13.1143,-0.6078,180.0,B4B3,0,54.46,566.96,0,-1
343,legit_43,536.98,598.4,13.5701,0.9484,90.0,C3D3,0,87.0,453.0,0,-1
343,legit_45,681.28,198.4,13.0751,-0.4766,90.0,D1E1,1,104.26,572.05,0,-1
343,legit_46,518.31,198.4,12.2759,0.0874,90.0,C1D1,0,103.98,572.09,0,-1
343,legit_47,798.4,672.0,12.9434,-0.3621,180.0,E4E3,1,86.76,482.61,0,-1
343,legit_48,475.65,-1.6,12.6007,-0.9288,90.0,C0D0,0,124.27,716.02,0,-1
343,legit_49,934.65,601.6,12.7099,-0.2832,270.0,F3E3,2,115.36,532.5,0,-1
343,legit_50,398.4,695.7,12.8757,0.2354,180.0,C4C3,0,108.73,486.7,0,-1
343,legit_51,1001.6,8.69,6.6657,-0.0292,0.0,F0F1,0,121.38,794.83,0,-1
343,legit_52,798.4,618.68,13.4258,0.654,180.0,E4E3,2,51.88,478.32,0,-1
343,legit_53,70.17,-1.6,13.606,0.9338,90.0,A0B0,0,145.46,870.87,0,-1
343,legit_54,599.91,998.54,7.3649,2.3655,341.81,:D5_4,0,170.62,566.58,0,-1
343,legit_55,-1.6,876.05,11.5128,-0.2765,180.0,A5A4,0,155.83,753.25,0,-1
343,legit_56,-1.6,542.38,12.1861,2.1004,180.0,A3A2,0,162.18,709.69,0,-1
343,legit_57,814.62,198.4,2.3214,2.3214,90.0,E1F1,1,101.6,598.5,0,-1
344,legit_38,1001.6,257.99,11.378,0.2224,0.0,F1F2,0,112.91,645.62,0,-1
344,legit_39,255.81,201.6,10.7236,-0.1787,270.0,C1B1,0,133.62,645.46,0,-1
344,legit_40,998.4,493.86,10.9894,-0.6332,180.0,F3F2,1,118.02,573.38,0,-1
344,legit_41,198.4,611.45,13.5159,0.4016,180.0,B4B3,0,49.74,566.49,0,-1
344,legit_43,550.28,598.4,13.2909,-0.2792,90.0,C3D3,0,100.29,452.16,0,-1
344,legit_45,693.91,198.4,12.6299,-0.4452,90.0,D1E1,1,96.4,573.36,0,-1
344,legit_46,530.65,198.4,12.3425,0.0667,90.0,C1D1,0,112.48,571.01,0,-1
344,legit_47,798.4,659.05,12.9533,0.0099,180.0,E4E3,2,76.35,481.2,0,-1
344,legit_48,489.3,-1.6,13.6586,1.0579,90.0,C0D0,0,127.79,714.14,0,-1
344,legit_49,921.2,601.6,13.4562,0.7463,270.0,F3E3,3,128.81,526.25,0,-1
344,legit_50,398.4,682.96,12.7454,-0.1303,180.0,C4C3,0,97.7,484.95,0,-1
344,legit_51,1001.6,17.66,8.9659,2.3002,0.0,F0F1,0,113.21,788.26,0,-1
344,legit_52,798.4,608.41,10.2643,-3.1615,180.0,E4E3,2,49.13,478.04,0,-1
344,legit_53,83.88,-1.6,13.7074,0.1014,90.0,A0B0,0,138.41,862.73,0,-1
344,legit_54,593.82,1001.45,7.0689,-0.2959,287.87,:D5_4,0,163.87,568.25,0,-1
344,legit_55,-1.6,864.24,11.8084,0.2956,180.0,A5A4,0,153.53,749.45,0,-1
344,legit_56,-1.6,529.87,12.5103,0.3242,180.0,A3A2,0,167.03,710.68,0,-1
344,legit_57,819.3,198.4,4.6772,2.3559,90.0,E1F1,1,104.64,599.93,0,-1
345,legit_38,1001.6,269.94,11.946,0.568,0.0,F1F2,0,102.24,640.23,0,-1
345,legit_39,244.18,201.6,11.6281,0.9045,270.0,C1B1,0,124.61,650.71,0,-1
345,legit_40,998.4,482.62,11.2375,0.2481,180.0,F3F2,1,128.22,575.1,0,-1
345,legit_43,563.24,598.4,12.9592,-0.3316,90.0,C3D3,0,113.25,451.53,0,-1
345,legit_45,707.14,198.4,13.2366,0.6067,90.0,D1E1,1,89.35,574.97,0,-1
345,legit_46,542.84,198.4,12.1918,-0.1507,90.0,C1D1,0,121.51,570.13,0,-1
345,legit_47,798.4,645.75,13.3,0.3467,180.0,E4E3,2,66.6,479.97,0,-1
345,legit_48,502.62,-1.6,13.3118,-0.3468,90.0,C0D0,0,132.5,712.54,0,-1
345,legit_49,908.28,601.6,12.9223,-0.534,270.0,F3E3,3,141.73,520.42,0,-1
345,legit_50,398.4,670.27,12.6859,-0.0595,180.0,C4C3,0,87.18,483.4,0,-1
345,legit_51,1001.6,28.95,11.2961,2.3302,0.0,F0F1,0,103.11,780.06,0,-1
345,legit_52,796.97,602.98,5.7643,-4.5,197.07,:E3_0,2,47.06,477.51,0,-1
345,legit_53,96.65,-1.6,12.7703,-0.9372,90.0,A0B0,0,132.79,855.3,0,-1
345,legit_54,587.55,1001.6,6.2736,-0.7953,270.0,D5C5,0,158.33,568.4,0,-1
345,legit_55,-1.6,852.55,11.6893,-0.1191,180.0,A5A4,0,152.12,745.85,0,-1
345,legit_56,-1.6,517.77,12.1041,-0.4061,180.0,A3A2,0,172.47,711.81,0,-1
345,legit_57,825.63,198.4,6.3324,1.6552,90.0,E1F1,1,108.93,601.9,0,-1
346,legit_38,1001.6,280.95,11.0058,-0.9403,0.0,F1F2,0,92.69,635.39,0,-1
346,legit_39,233.67,201.6,10.513,-1.1151,270.0,C1B1,0,116.87,655.57,0,-1
346,legit_40,998.4,471.65,10.9719,-0.2657,180.0,F3F2,0,123.0,576.91,0,-1
346,legit_43,576.09,598.4,12.8527,-0.1066,90.0,C3D3,0,126.1,451.09,0,-1
346,legit_45,720.18,198.4,13.0388,-0.1978,90.0,D1E1,1,83.88,576.81,0,-1
346,legit_46,554.67,198.4,11.8261,-0.3658,90.0,C1D1,0,130.77,569.45,0,-1
346,legit_47,798.4,633.13,12.6188,-0.6812,180.0,E4E3,2,58.65,479.05,0,-1
346,legit_48,515.97,-1.6,13.3545,0.0427,90.0,C0D0,0,138.34,711.15,0,-1
346,legit_49,895.27,601.6,13.0092,0.0869,270.0,F3E3,2,145.28,514.72,0,-1
346,legit_50,398.4,656.58,13.69,1.0041,180.0,C4C3,0,76.58,481.95,0,-1
346,legit_51,1001.6,42.35,13.3962,2.1001,0.0,F0F1,0,91.5,770.45,0,-1
346,legit_52,791.8,601.6,5.4781,-0.2862,256.59,E3D3,2,41.83,475.84,0,-1
346,legit_53,110.06,-1.6,13.4143,0.644,90.0,A0B0,0,127.99,847.68,0,-1
346,legit_54,579.58,1001.6,7.97,1.6964,270.0,D5C5,0,151.45,568.54,0,-1
346,legit_55,-1.6,841.46,11.0856,-0.6038,180.0,A5A4,0,151.61,742.59,0,-1
346,legit_56,-1.6,505.52,12.2514,0.1473,180.0,A3A2,0,178.63,713.12,0,-1
346,legit_57,833.43,198.4,7.7994,1.467,90.0,E1F1,1,114.49,604.41,0,-1
347,legit_38,1001.6,292.5,11.5549,0.5491,0.0,F1F2,0,83.06,630.45,0,-1
347,legit_39,222.08,201.6,11.5852,1.0722,270.0,C1B1,0,108.88,661.09,0,-1
347,legit_40,998.4,460.01,11.635,0.6631,180.0,F3F2,0,112.54,578.96,0,-1
347,legit_43,589.29,598.4,13.1977,0.345,90.0,C3D3,0,139.29,450.84,0,-1
347,legit_45,733.08,198.4,12.8996,-0.1391,90.0,D1E1,1,80.2,578.9,0,-1
347,legit_46,566.29,198.4,11.6274,-0.1987,90.0,C1D1,0,140.25,568.94,0,-1
347,legit_47,798.4,620.12,13.0078,0.389,180.0,E4E3,2,52.42,478.38,0,-1
347,legit_48,529.19,-1.6,13.2184,-0.1361,90.0,C0D0,0,145.11,709.99,0,-1
347,legit_49,881.99,601.6,13.2762,0.267,270.0,F3E3,2,132.0,509.09,0,-1
347,legit_50,398.4,642.76,13.8276,0.1376,180.0,C4C3,0,67.01,480.75,0,-1
347,legit_51,1001.6,55.97,13.6186,0.2224,0.0,F0F1,0,80.27,760.82,0,-1
347,legit_52,783.75,601.6,8.0502,2.5721,270.0,E3D3,2,33.79,473.31,0,-1
347,legit_53,123.52,-1.6,13.4517,0.0374,90.0,A0B0,0,124.45,840.22,0,-1
347,legit_54,569.55,1001.6,10.0351,2.0651,270.0,D5C5,0,142.96,568.83,0,-1
347,legit_55,-1.6,829.47,11.9897,0.9041,180.0,A5A4,0,151.96,739.23,0,-1
347,legit_56,-1.6,493.45,12.0644,-0.187,180.0,A3A2,0,185.3,714.59,0,-1
347,legit_57,843.38,198.4,9.9486,2.1492,90.0,E1F1,1,121.93,607.71,0,-1
348,legit_38,1001.6,303.54,11.0395,-0.5154,0.0,F1F2,1,74.37,625.86,0,-1
348,legit_39,210.81,201.6,11.2752,-0.31,270.0,C1B1,0,101.76,666.6,0,-1
348,legit_40,998.4,449.21,10.8041,-0.8309,180.0,F3F2,1,103.06,581.0,0,-1
348,legit_45,745.79,198.4,12.7133,-0.1863,90.0,D1E1,1,78.51,581.24,0,-1
348,legit_46,578.31,198.4,12.0153,0.388,90.0,C1D1,0,150.37,568.57,0,-1
348,legit_47,798.4,606.26,13.8575,0.8497,180.0,:E3_1,2,48.8,478.0,0,-1
348,legit_48,542.95,-1.6,13.7589,0.5405,90.0,C0D0,0,153.05,709.0,0,-1
348,legit_49,869.59,601.6,12.3975,-0.8787,270.0,F3E3,2,119.6,503.99,0,-1
348,legit_50,398.4,629.32,13.4353,-0.3923,180.0,C4C3,0,59.35,479.85,0,-1
348,legit_51,1001.6,69.35,13.3792,-0.2394,0.0,F0F1,0,70.06,751.52,0,-1
348,legit_52,773.36,601.6,10.3932,2.343,270.0,E3D3,2,23.41,470.15,0,-1
348,legit_53,136.5,-1.6,12.9799,-0.4718,90.0,A0B0,0,122.35,833.21,0,-1
348,legit_54,557.16,1001.6,12.3823,2.3471,270.0,D5C5,0,132.78,569.33,0,-1
348,legit_55,-1.6,817.8,11.6724,-0.3172,180.0,A5A4,0,153.22,736.12,0,-1
348,legit_56,-1.6,480.94,12.5156,0.4513,180.0,A3A2,0,192.77,716.3,0,-1
348,legit_57,854.71,198.4,11.3325,1.3838,90.0,E1F1,1,130.81,611.6,0,-1
349,legit_38,1001.6,315.17,11.634,0.5946,0.0,F1F2,1,65.97,621.18,0,-1
349,legit_40,998.4,438.04,11.1716,0.3675,180.0,F3F2,1,93.55,583.24,0,-1
349,legit_45,758.35,198.4,12.5548,-0.1585,90.0,D1E1,1,78.84,583.81,0,-1
349,legit_46,589.85,198.4,11.5405,-0.4748,90.0,C1D1,0,160.33,568.37,0,-1
349,legit_47,798.4,592.45,13.8164,-0.0412,180.0,E3E2,2,48.99,478.02,0,-1
349,legit_48,555.8,-1.6,12.8559,-0.903,90.0,C0D0,0,161.19,708.27,0,-1
349,legit_49,856.18,601.6,13.4126,1.0152,270.0,F3E3,2,106.19,498.67,0,-1
349,legit_50,398.4,616.88,12.4393,-0.996,180.0,C4C3,0,54.29,479.3,0,-1
349,legit_51,1001.6,82.83,13.4824,0.1032,0.0,F0F1,0,61.03,742.34,0,-1
349,legit_52,760.86,601.6,12.4902,2.097,270.0,E3D3,2,10.98,466.52,0,-1
349,legit_53,149.44,-1.6,12.9411,-0.0388,90.0,A0B0,0,121.6,826.42,0,-1
349,legit_54,544.8,1001.6,12.3623,-0.02,270.0,D5C5,0,123.02,570.01,0,-1
349,legit_55,-1.6,806.08,11.7239,0.0515,180.0,:A4_0,0,155.35,733.16,0,-1
349,legit_56,-1.6,468.59,12.3485,-0.1671,180.0,A3A2,0,186.48,718.16,0,-1
349,legit_57,867.08,198.4,12.3672,1.0348,90.0,E1F1,1,140.9,616.02,0,-1
349,legit_58,201.6,212.3,0.0,0.0,0.0,B1B2,0,105.74,665.82,0,-1
350,legit_38,1001.6,326.07,10.8969,-0.7371,0.0,F1F2,1,59.11,616.96,0,-1
350,legit_40,998.4,426.63,11.4121,0.2405,180.0,F3F2,1,84.27,585.67,0,-1
350,legit_45,771.45,198.4,13.0978,0.5429,90.0,D1E1,1,81.28,586.79,0,-1
350,legit_47,798.4,579.09,13.3536,-0.4627,180.0,E3E2,2,52.72,478.41,0,-1
350,legit_48,569.21,-1.6,13.409,0.5531,90.0,C0D0,0,170.29,707.72,0,-1
350,legit_49,843.2,601.6,12.9775,-0.4351,270.0,F3E3,2,93.22,493.7,0,-1
350,legit_50,398.4,607.29,9.5955,-2.8439,180.0,C4C3,0,52.11,479.07,0,-1
350,legit_51,1001.6,96.35,13.5228,0.0405,0.0,F0F1,0,53.87,733.35,0,-1
350,legit_52,747.15,601.6,13.7098,1.2196,270.0,E3D3,2,3.26,463.05,0,-1
350,legit_53,162.13,-1.6,12.6899,-0.2512,90.0,A0B0,0,122.2,819.94,0,-1
350,legit_54,532.0,1001.6,12.804,0.4417,270.0,D5C5,0,113.45,570.91,0,-1
350,legit_55,-1.6,794.17,11.9032,0.1792,180.0,:A4_0,0,158.37,730.33,0,-1
350,legit_56,-1.6,456.83,11.7621,-0.5865,180.0,A3A2,0,179.88,720.09,0,-1
350,legit_57,879.7,198.4,12.618,0.2508,90.0,E1F1,1,151.55,620.69,0,-1
350,legit_58,201.6,214.52,2.2162,2.2162,0.0,B1B2,0,107.68,664.71,0,-1
351,legit_38,1001.6,337.31,11.2403,0.3434,0.0,F1F2,1,53.45,612.79,0,-1
351,legit_40,998.4,415.21,11.4157,0.0037,180.0,F3F2,1,75.57,588.25,0,-1
351,legit_45,784.47,198.4,13.019,-0.0787,90.0,D1E1,1,85.64,590.02,0,-1
351,legit_47,798.4,566.4,12.6937,-0.66,180.0,E3E2,2,58.92,479.08,0,-1
351,legit_48,582.73,-1.6,13.5181,0.1091,90.0,C0D0,0,180.01,707.36,0,-1
351,legit_49,830.82,601.6,12.3782,-0.5993,270.0,F3E3,2,80.84,489.13,0,-1
351,legit_50,395.59,602.15,6.2434,-3.352,214.15,:C3_0,0,54.45,479.95,0,-1
351,legit_51,1001.6,109.97,13.621,0.0982,0.0,F0F1,1,49.43,724.56,0,-1
351,legit_52,733.68,601.6,13.4703,-0.2395,270.0,E3D3,2,16.39,460.87,0,-1
351,legit_53,174.65,-1.6,12.52,-0.1699,90.0,A0B0,0,124.07,813.73,0,-1
351,legit_54,519.06,1001.6,12.94,0.136,270.0,D5C5,0,104.48,572.02,0,-1
351,legit_55,-1.6,782.44,11.7367,-0.1665,180.0,A4A3,0,162.16,727.7,0,-1
351,legit_56,-1.6,444.86,11.9654,0.2033,180.0,A3A2,0,173.74,722.22,0,-1
351,legit_57,891.75,198.4,12.0537,-0.5643,90.0,E1F1,2,161.99,625.31,0,-1
351,legit_58,201.6,218.8,4.2831,2.0669,0.0,B1B2,0,111.46,662.58,0,-1
352,legit_38,1001.6,348.8,11.4848,0.2444,0.0,F1F2,1,49.68,608.74,0,-1
352,legit_40,998.4,408.29,6.9157,-4.5,180.0,F3F2,1,70.67,589.89,0,-1
352,legit_47,798.4,553.55,12.8514,0.1577,180.0,E3E2,2,67.08,480.03,0,-1
352,legit_48,595.4,-1.6,12.67,-0.8481,90.0,:D0_6,0,189.55,707.21,0,-1
352,legit_49,818.8,601.6,12.0218,-0.3564,270.0,F3E3,2,68.82,484.85,0,-1
352,legit_50,389.91,601.6,5.7662,-0.4772,266.58,C3B3,0,60.12,481.86,0,-1
352,legit_51,1001.6,123.86,13.8829,0.2619,0.0,F0F1,1,48.55,715.93,0,-1
352,legit_52,720.36,601.6,13.3268,-0.1435,270.0,E3D3,2,29.69,458.95,0,-1
352,legit_53,187.4,-1.6,12.7481,0.2281,90.0,A0B0,0,127.22,807.59,0,-1
352,legit_54,507.18,1001.6,11.8798,-1.0602,270.0,D5C5,0,97.04,573.24,0,-1
352,legit_55,-1.6,770.41,12.0237,0.287,180.0,A4A3,0,166.81,725.18,0,-1
352,legit_56,-1.6,432.75,12.1161,0.1507,180.0,A3A2,0,168.15,724.55,0,-1
352,legit_57,903.3,198.4,11.5457,-0.508,90.0,E1F1,1,166.34,629.88,0,-1
352,legit_58,201.6,224.7,5.9016,1.6185,0.0,B1B2,0,116.73,659.68,0,-1
353,legit_38,1001.6,360.59,11.7955,0.3107,0.0,F1F2,1,48.4,604.84,0,-1
353,legit_40,999.13,406.1,2.4157,-4.5,171.27,:F2_2,1,68.65,590.82,0,-1
353,legit_47,798.4,540.21,13.3438,0.4924,180.0,E3E2,2,76.93,481.27,0,-1
353,legit_48,608.34,-1.6,12.9434,0.2734,90.0,D0E0,0,186.69,707.23,0,-1
353,legit_49,811.28,601.6,7.5218,-4.5,270.0,F3E3,2,61.3,482.26,0,-1
353,legit_50,382.58,601.6,7.3231,1.5568,270.0,C3B3,0,67.44,484.37,0,-1
353,legit_51,1001.6,136.85,12.997,-0.8858,0.0,F0F1,1,51.25,708.15,0,-1
353,legit_52,707.0,601.6,13.3565,0.0297,270.0,E3D3,2,43.03,457.23,0,-1
353,legit_53,199.9,-1.6,12.5074,-0.2408,90.0,:B0_6,0,131.44,801.75,0,-1
353,legit_54,494.98,1001.6,12.1936,0.3138,270.0,D5C5,0,90.39,574.69,0,-1
353,legit_55,-1.6,758.44,11.9738,-0.0499,180.0,A4A3,0,172.15,722.84,0,-1
353,legit_56,-1.6,420.97,11.7713,-0.3448,180.0,A3A2,0,163.4,726.97,0,-1
353,legit_57,915.02,198.4,11.7197,0.174,90.0,E1F1,1,156.1,634.66,0,-1
353,legit_58,201.6,232.66,7.9555,2.0539,0.0,B1B2,0,123.91,655.82,0,-1
354,legit_38,1001.6,372.11,11.5153,-0.2802,0.0,F1F2,1,49.89,601.29,0,-1
354,legit_40,999.14,406.09,0.0129,-2.4029,171.18,:F2_2,1,68.63,590.83,0,-1
354,legit_47,798.4,526.45,13.7557,0.4119,180.0,E3E2,2,88.05,482.79,0,-1
354,legit_48,620.95,-1.6,12.6018,-0.3417,90.0,D0E0,0,177.32,707.44,0,-1
354,legit_49,801.23,601.6,10.0556,2.5339,270.0,:E3_5,2,51.25,478.89,0,-1
354,legit_50,372.83,601.6,9.7523,2.4293,270.0,C3B3,0,77.19,487.81,0,-1
354,legit_51,1001.6,150.28,13.4274,0.4303,0.0,F0F1,1,57.09,700.4,0,-1
354,legit_52,694.39,601.6,12.6097,-0.7468,270.0,E3D3,2,55.63,455.79,0,-1
354,legit_53,212.36,-1.6,12.4525,-0.0549,90.0,B0C0,0,136.66,796.11,0,-1
354,legit_54,481.99,1001.6,12.9937,0.8001,270.0,D5C5,1,84.68,576.49,0,-1
354,legit_55,-1.6,746.61,11.832,-0.1419,180.0,A4A3,0,178.06,720.68,0,-1
354,legit_56,-1.6,410.82,10.1566,-1.6147,180.0,A3A2,0,159.89,729.19,0,-1
354,legit_57,926.88,198.4,11.8684,0.1487,90.0,E1F1,1,145.96,639.64,0,-1
354,legit_58,201.6,242.57,9.9149,1.9594,0.0,B1B2,0,128.27,651.1,0,-1
354,legit_59,387.7,1001.6,0.0,0.0,270.0,C5B5,1,100.14,597.8,0,-1
355,legit_38,1001.6,383.32,11.2142,-0.3011,0.0,F1F2,1,53.73,598.07,0,-1
355,legit_40,999.14,406.08,0.0039,-0.0089,171.15,:F2_2,1,68.63,590.83,0,-1
355,legit_47,798.4,513.21,13.2394,-0.5163,180.0,E3E2,2,99.37,484.48,0,-1
355,legit_48,633.75,-1.6,12.8008,0.199,90.0,D0E0,0,168.23,707.82,0,-1
355,legit_49,789.2,601.6,12.0207,1.965,270.0,E3D3,2,39.24,475.01,0,-1
355,legit_50,361.69,601.6,11.1419,1.3896,270.0,C3B3,0,88.33,491.87,0,-1
355,legit_51,1001.6,164.04,13.7626,0.3352,0.0,F0F1,1,65.44,692.72,0,-1
355,legit_52,680.9,601.6,13.4927,0.8829,270.0,E3D3,2,69.12,454.45,0,-1
355,legit_53,224.8,-1.6,12.4457,-0.0068,90.0,B0C0,0,142.76,790.64,0,-1
355,legit_54,470.18,1001.6,11.8123,-1.1815,270.0,D5C5,1,80.96,578.35,0,-1
355,legit_55,-1.6,734.36,12.248,0.4161,180.0,A4A3,0,184.78,718.62,0,-1
355,legit_56,-1.28,404.99,5.8496,-4.307,176.37,:A2_1,0,157.83,730.27,0,-1
355,legit_57,938.5,198.4,11.6191,-0.2493,90.0,E1F1,1,136.3,644.65,0,-1
355,legit_58,201.6,254.18,11.6046,1.6897,0.0,B1B2,0,117.73,645.69,0,-1
355,legit_59,386.24,1001.6,1.4575,1.4575,270.0,C5B5,1,101.05,598.24,0,-1
356,legit_38,1001.6,394.71,11.3929,0.1786,0.0,:F2_3,1,59.56,595.01,0,-1
356,legit_40,999.14,406.08,0.0009,-0.0031,171.15,:F2_2,1,68.63,590.83,0,-1
356,legit_47,798.4,500.3,12.9097,-0.3298,180.0,E3E2,1,110.83,486.32,0,-1
356,legit_48,646.51,-1.6,12.768,-0.0327,90.0,D0E0,0,159.67,708.39,0,-1
356,legit_49,776.53,601.6,12.6769,0.6562,270.0,E3D3,2,26.58,471.1,0,-1
356,legit_50,349.08,601.6,12.6106,1.4687,270.0,C3B3,0,100.93,496.63,0,-1
356,legit_51,1001.6,177.35,13.3051,-0.4575,0.0,F0F1,1,75.04,685.51,0,-1
356,legit_52,667.37,601.6,13.5325,0.0399,270.0,E3D3,1,82.65,453.32,0,-1
356,legit_53,237.3,-1.6,12.5033,0.0576,90.0,B0C0,0,149.7,785.31,0,-1
356,legit_54,457.33,1001.6,12.8491,1.0369,270.0,D5C5,1,78.74,580.64,0,-1
356,legit_55,-1.6,722.72,11.6444,-0.6037,180.0,A4A3,0,191.67,716.83,0,-1
356,legit_56,1.9,399.82,6.3901,0.5405,141.8,:A2_9,0,153.36,728.97,0,-1
356,legit_57,950.38,198.4,11.8724,0.2533,90.0,E1F1,1,126.77,649.93,0,-1
356,legit_58,201.6,268.07,13.8897,2.2851,0.0,B1B2,0,105.43,639.38,0,-1
356,legit_59,383.06,1001.6,3.1856,1.728,270.0,C5B5,1,103.09,599.21,0,-1
357,legit_38,1001.6,406.69,11.976,0.5831,0.0,:F2_3,1,67.25,592.01,0,-1
357,legit_40,999.14,406.08,0.0,-0.0009,171.15,:F2_2,1,68.63,590.83,0,-1
357,legit_47,798.4,486.42,13.8845,0.9748,180.0,E3E2,1,123.47,488.51,0,-1
357,legit_48,659.65,-1.6,13.1405,0.3724,90.0,D0E0,0,151.49,709.17,0,-1
357,legit_49,763.49,601.6,13.0413,0.3644,270.0,E3D3,2,13.58,467.27,0,-1
357,legit_50,335.89,601.6,13.1911,0.5805,270.0,C3B3,0,114.12,501.79,0,-1
357,legit_51,1001.6,190.49,13.1361,-0.169,0.0,F0F1,1,85.5,678.59,0,-1
357,legit_52,653.68,601.6,13.6883,0.1558,270.0,E3D3,1,96.34,452.39,0,-1
357,legit_53,250.91,-1.6,13.6028,1.0996,90.0,B0C0,0,158.02,779.7,0,-1
357,legit_54,445.42,1001.6,11.9073,-0.9419,270.0,D5C5,1,78.53,583.01,0,-1
357,legit_55,-1.6,711.21,11.5032,-0.1412,180.0,A4A3,0,188.02,715.21,0,-1
357,legit_56,7.89,398.4,6.2642,-0.1259,98.91,A2B2,0,147.21,724.6,0,-1
357,legit_57,962.7,198.4,12.3226,0.4501,90.0,E1F1,1,117.34,655.56,0,-1
357,legit_58,201.6,281.23,13.164,-0.7257,0.0,B1B2,0,94.17,633.58,0,-1
357,legit_59,377.88,1001.6,5.1728,1.9872,270.0,C5B5,1,106.52,600.8,0,-1
358,legit_38,1001.6,418.24,11.5467,-0.4293,0.0,F2F3,1,75.72,589.29,0,-1
358,legit_40,999.14,406.08,0.0,0.0,171.15,:F2_2,1,68.63,590.83,0,-1
358,legit_47,798.4,472.82,13.594,-0.2904,180.0,E3E2,1,122.77,490.87,0,-1
358,legit_48,672.54,-1.6,12.8865,-0.2539,90.0,D0E0,0,144.17,710.13,0,-1
358,legit_49,750.42,601.6,13.0615,0.0202,270.0,E3D3,2,1.66,463.68,0,-1
358,legit_50,322.51,601.6,13.3748,0.1836,270.0,C3B3,0,127.5,507.22,0,-1
358,legit_52,640.49,601.6,13.1904,-0.498,270.0,E3D3,1,109.52,451.69,0,-1
358,legit_53,263.79,-1.6,12.8788,-0.724,90.0,B0C0,0,166.53,774.57,0,-1
358,legit_54,432.65,1001.6,12.7712,0.8639,270.0,D5C5,1,80.3,585.83,0,-1
358,legit_55,-1.6,699.91,11.3011,-0.2021,180.0,A4A3,0,181.56,713.76,0,-1
358,legit_56,15.7,398.4,7.8089,1.5448,90.0,A2B2,0,139.69,718.48,0,-1
358,legit_57,974.26,198.4,11.561,-0.7615,90.0,E1F1,0,109.01,661.0,0,-1
358,legit_58,201.6,293.94,12.7118,-0.4522,0.0,B1B2,0,83.82,628.16,0,-1
358,legit_59,371.26,1001.6,6.6245,1.4517,270.0,C5B5,1,111.12,602.89,0,-1
359,legit_38,1001.6,430.41,12.1748,0.6281,0.0,F2F3,1,85.44,586.6,0,-1
359,legit_40,1000.44,405.82,1.483,1.483,150.23,:F2_9,1,67.5,591.59,0,-1
359,legit_47,798.4,459.32,13.5047,-0.0893,180.0,E3E2,0,110.48,493.42,0,-1
359,legit_48,685.53,-1.6,12.9923,0.1058,90.0,D0E0,0,137.63,711.29,0,-1
359,legit_49,737.67,601.6,12.752,-0.3095,270.0,E3D3,1,12.43,461.49,0,-1
359,legit_50,309.12,601.6,13.3943,0.0196,270.0,C3B3,0,140.89,512.84,0,-1
359,legit_52,627.31,601.6,13.1811,-0.0093,270.0,E3D3,1,122.7,451.19,0,-1
359,legit_53,277.41,-1.6,13.6281,0.7493,90.0,B0C0,0,176.13,769.32,0,-1
359,legit_54,420.56,1001.6,12.095,-0.6762,270.0,D5C5,1,83.75,588.74,0,-1
359,legit_55,-1.6,687.96,11.948,0.6468,180.0,A4A3,0,175.27,712.4,0,-1
359,legit_56,25.14,398.4,9.4425,1.6336,90.0,A2B2,0,130.63,711.14,0,-1
359,legit_57,984.83,198.4,10.5732,-0.9879,90.0,E1F1,0,101.95,666.11,0,-1
359,legit_58,201.6,307.78,13.8381,1.1263,0.0,B1B2,0,73.41,622.45,0,-1
359,legit_59,362.64,1001.6,8.6211,1.9966,270.0,C5B5,1,117.38,605.7,0,-1
360,legit_38,1001.6,441.49,11.0801,-1.0947,0.0,F2F3,1,94.78,584.29,0,-1
360,legit_40,1001.6,408.36,3.0112,1.5283,55.84,F2F3,1,68.42,591.6,0,-1
360,legit_47,798.4,446.61,12.7088,-0.7959,180.0,E3E2,0,99.21,496.01,0,-1
360,legit_48,698.89,-1.6,13.353,0.3607,90.0,D0E0,0,131.91,712.71,0,-1
360,legit_49,724.48,601.6,13.1949,0.443,270.0,E3D3,1,25.57,459.52,0,-1
360,legit_50,296.46,601.6,12.6535,-0.7408,270.0,C3B3,1,146.47,518.32,0,-1
360,legit_52,617.29,601.6,10.0203,-3.1608,270.0,E3D3,1,132.72,450.94,0,-1
360,legit_53,290.86,-1.6,13.4467,-0.1814,90.0,B0C0,0,186.09,764.32,0,-1
360,legit_54,410.95,1001.6,9.6044,-2.4906,270.0,D5C5,1,87.59,591.23,0,-1
360,legit_55,-1.6,676.95,11.0092,-0.9388,180.0,A4A3,0,170.01,711.29,0,-1
360,legit_56,36.51,398.4,11.3698,1.9273,90.0,A2B2,0,119.81,702.39,0,-1
360,legit_57,990.91,198.4,6.0732,-4.5,90.0,E1F1,0,98.18,669.11,0,-1
360,legit_58,201.6,321.27,13.4926,-0.3454,0.0,B1B2,0,64.52,617.12,0,-1
360,legit_59,351.51,1001.6,11.127,2.5059,270.0,C5B5,1,125.88,609.44,0,-1
360,legit_60,187.7,601.6,0.0,0.0,270.0,B3A3,1,37.73,572.19,0,-1
361,legit_38,1001.6,453.06,11.5644,0.4843,0.0,F2F3,1,104.89,582.03,0,-1
361,legit_40,1001.6,413.63,5.269,2.2578,0.0,F2F3,1,72.24,590.35,0,-1
361,legit_47,798.4,433.54,13.0712,0.3624,180.0,E3E2,0,88.04,498.88,0,-1
361,legit_48,712.56,-1.6,13.6703,0.3173,90.0,D0E0,0,127.23,714.38,0,-1
361,legit_49,711.74,601.6,12.7333,-0.4616,270.0,E3D3,1,38.29,457.81,0,-1
361,legit_50,283.52,601.6,12.9435,0.29,270.0,C3B3,1,133.53,524.1,0,-1
361,legit_52,611.1,601.6,6.1854,-3.8349,270.0,E3D3,1,138.91,450.84,0,-1
361,legit_53,303.91,-1.6,13.0475,-0.3991,90.0,B0C0,0,190.08,759.66,0,-1
361,legit_54,405.13,1001.3,5.8442,-3.7602,266.6,:C5_1,1,90.59,592.64,0,-1
361,legit_55,-1.6,664.72,12.2355,1.2263,180.0,A4A3,0,164.84,710.23,0,-1
361,legit_56,48.97,398.4,12.4649,1.0951,90.0,A2B2,0,108.08,692.91,0,-1
361,legit_57,993.89,199.13,3.2029,-2.8702,81.36,:F1_8,0,97.0,670.22,0,-1
361,legit_58,201.6,335.13,13.8544,0.3618,0.0,B1B2,0,57.28,611.91,0,-1
361,legit_59,338.15,1001.6,13.3663,2.2393,270.0,C5B5,1,136.59,614.13,0,-1
361,legit_60,185.18,601.6,2.5201,2.5201,270.0,B3A3,1,35.22,573.58,0,-1
362,legit_38,1001.6,464.0,10.9453,-0.619,0.0,F2F3,1,114.71,580.02,0,-1
362,legit_40,1001.6,420.53,6.8994,1.6304,0.0,F2F3,1,77.5,588.77,0,-1
362,legit_47,798.4,420.66,12.8725,-0.1987,180.0,E3E2,0,77.61,501.89,0,-1
362,legit_48,725.25,-1.6,12.6949,-0.9754,90.0,D0E0,0,124.09,716.15,0,-1
362,legit_49,698.83,601.6,12.9194,0.1861,270.0,E3D3,1,51.2,456.27,0,-1
362,legit_50,270.83,601.6,12.6921,-0.2514,270.0,C3B3,1,120.84,529.93,0,-1
362,legit_52,607.8,601.6,3.3009,-2.8844,270.0,E3D3,1,142.21,450.81,0,-1
362,legit_53,316.98,-1.6,13.0685,0.021,90.0,B0C0,0,180.23,755.15,0,-1
362,legit_54,399.66,997.84,6.8311,0.9869,228.88,:C5_9,1,96.35,592.26,0,-1
362,legit_55,-1.6,652.52,12.2034,-0.032,180.0,A4A3,0,160.44,709.34,0,-1
362,legit_56,61.36,398.4,12.3908,-0.0741,90.0,A2B2,1,96.6,683.6,0,-1
362,legit_57,993.9,200.87,2.0396,-1.1633,48.14,:F1_8,0,98.42,669.33,0,-1
362,legit_58,201.6,348.75,13.6278,-0.2266,0.0,B1B2,1,52.81,607.09,0,-1
362,legit_59,324.89,1001.6,13.2504,-0.1159,270.0,C5B5,1,147.64,618.97,0,-1
362,legit_60,181.12,601.6,4.0634,1.5433,270.0,B3A3,1,31.16,575.84,0,-1
363,legit_38,1001.6,475.78,11.7789,0.8336,0.0,F2F3,1,125.49,577.99,0,-1
363,legit_40,1001.6,429.68,9.1453,2.2459,0.0,F2F3,1,84.84,586.76,0,-1
363,legit_47,798.4,407.29,13.3755,0.503,180.0,E3E2,0,67.67,505.26,0,-1
363,legit_48,738.83,-1.6,13.5808,0.8858,90.0,D0E0,0,122.11,718.28,0,-1
363,legit_49,685.65,601.6,13.1733,0.254,270.0,E3D3,1,64.37,454.9,0,-1
363,legit_50,257.53,601.6,13.2942,0.602,270.0,C3B3,1,107.55,536.22,0,-1
363,legit_52,605.66,600.11,2.8077,-0.4932,251.08,:D3_7,1,144.34,450.79,0,-1
363,legit_53,330.18,-1.6,13.2034,0.1349,90.0,B0C0,0,170.71,750.79,0,-1
363,legit_54,398.4,991.41,6.6686,-0.1625,185.87,C5C4,1,102.52,589.13,0,-1
363,legit_55,-1.6,641.32,11.1968,-1.0066,180.0,A4A3,0,157.13,708.69,0,-1
363,legit_56,73.29,398.4,11.9278,-0.4629,90.0,A2B2,1,85.78,674.77,0,-1
363,legit_57,991.16,201.6,2.9591,0.9195,312.23,F1E1,0,100.6,667.58,0,-1
363,legit_58,201.6,362.41,13.6554,0.0276,0.0,B1B2,1,51.66,602.6,0,-1
363,legit_59,311.21,1001.6,13.6892,0.4389,270.0,C5B5,1,159.41,624.17,0,-1
363,legit_60,174.64,601.6,6.4742,2.4108,270.0,B3A3,1,24.69,579.46,0,-1
364,legit_38,1001.6,487.48,11.7016,-0.0773,0.0,F2F3,1,122.49,576.12,0,-1
364,legit_40,1001.6,441.12,11.4419,2.2966,0.0,F2F3,1,94.46,584.37,0,-1
364,legit_47,798.4,393.82,13.4669,0.0914,180.0,:E2_1,0,59.05,508.9,0,-1
364,legit_48,752.03,-1.6,13.1947,-0.3861,90.0,D0E0,0,121.62,720.58,0,-1
364,legit_49,673.25,601.6,12.3984,-0.775,270.0,E3D3,1,76.76,453.79,0,-1
364,legit_50,243.92,601.6,13.6179,0.3237,270.0,C3B3,1,93.93,542.85,0,-1
364,legit_52,607.76,598.4,3.0262,0.2185,166.12,D3E3,1,142.25,450.81,0,-1
364,legit_53,343.66,-1.6,13.4817,0.2783,90.0,B0C0,0,161.54,746.52,0,-1
364,legit_54,398.4,983.07,8.3414,1.6728,180.0,C5C4,1,109.81,584.66,0,-1
364,legit_55,-1.6,629.58,11.7391,0.5423,180.0,A4A3,0,154.46,708.18,0,-1
364,legit_56,85.44,398.4,12.1455,0.2177,90.0,A2B2,1,75.12,665.91,0,-1
364,legit_57,985.68,201.6,5.4793,2.5202,270.0,F1E1,0,103.9,664.87,0,-1
364,legit_58,201.6,375.83,13.4157,-0.2397,0.0,B1B2,1,53.97,598.52,0,-1
364,legit_59,298.38,1001.6,12.8271,-0.8621,270.0,C5B5,1,167.82,629.21,0,-1
364,legit_60,166.13,601.6,8.5085,2.0344,270.0,B3A3,1,16.21,584.29,0,-1
365,legit_38,1001.6,499.18,11.698,-0.0036,0.0,F2F3,1,111.84,574.39,0,-1
365,legit_40,1001.6,452.94,11.8229,0.381,0.0,F2F3,1,104.79,582.05,0,-1
365,legit_47,798.4,380.16,13.6648,0.1978,180.0,E2E1,0,52.43,512.89,0,-1
365,legit_48,765.46,-1.6,13.4355,0.2408,90.0,D0E0,0,122.58,723.16,0,-1
365,legit_49,660.86,601.6,12.3895,-0.0088,270.0,E3D3,1,89.15,452.85,0,-1
365,legit_50,231.01,601.6,12.9097,-0.7082,270.0,C3B3,1,81.02,549.31,0,-1
365,legit_52,612.25,598.4,4.4861,1.4599,90.0,D3E3,1,137.76,450.86,0,-1
365,legit_53,357.27,-1.6,13.6114,0.1298,90.0,B0C0,0,152.92,742.41,0,-1
365,legit_54,398.4,972.61,10.4557,2.1143,180.0,C5C4,1,119.14,579.17,0,-1
365,legit_55,-1.6,617.45,12.1254,0.3863,180.0,A4A3,0,152.6,707.82,0,-1
365,legit_56,97.22,398.4,11.7877,-0.3578,90.0,A2B2,1,65.27,657.45,0,-1
365,legit_57,978.14,201.6,7.5445,2.0652,270.0,F1E1,0,108.73,661.19,0,-1
365,legit_58,201.6,388.65,12.8263,-0.5894,0.0,B1B2,1,59.02,594.92,0,-1
365,legit_59,284.74,1001.6,13.6354,0.8083,270.0,C5B5,1,155.89,634.76,0,-1
365,legit_60,155.77,601.6,10.3594,1.8509,270.0,B3A3,1,5.99,590.27,0,-1
366,legit_38,1001.6,511.16,11.9764,0.2784,0.0,F2F3,1,101.17,572.77,0,-1
366,legit_40,1001.6,464.46,11.5141,-0.3088,0.0,F2F3,1,115.12,579.94,0,-1
366,legit_47,798.4,366.96,13.1967,-0.4681,180.0,E2E1,0,48.9,517.06,0,-1
366,legit_48,778.74,-1.6,13.2769,-0.1586,90.0,D0E0,0,124.95,725.94,0,-1
366,legit_49,648.47,601.6,12.3952,0.0057,270.0,E3D3,1,101.54,452.09,0,-1
366,legit_50,219.58,601.6,11.4296,-1.48,270.0,C3B3,1,69.6,555.16,0,-1
366,legit_52,618.47,598.4,6.2162,1.7301,90.0,D3E3,1,131.54,450.97,0,-1
366,legit_53,369.77,-1.6,12.4983,-1.1131,90.0,B0C0,0,145.68,738.81,0,-1
366,legit_54,398.4,960.79,11.8177,1.362,180.0,C5C4,1,129.9,573.1,0,-1
366,legit_55,-1.6,608.43,9.0209,-3.1046,180.0,A4A3,1,151.83,707.67,0,-1
366,legit_56,108.67,398.4,11.4412,-0.3465,90.0,A2B2,1,56.42,649.39,0,-1
366,legit_57,968.22,201.6,9.9158,2.3713,270.0,F1E1,0,115.52,656.46,0,-1
366,legit_58,201.6,401.27,12.6171,-0.2092,0.0,:B2_9,1,66.07,591.63,0,-1
366,legit_59,271.82,1001.6,12.9185,-0.7169,270.0,C5B5,1,144.87,640.19,0,-1
366,legit_60,144.08,601.6,11.6979,1.3385,270.0,B3A3,2,6.14,597.72,0,-1
366,legit_61,798.4,987.7,0.0,0.0,180.0,E5E4,0,104.22,586.23,0,-1
367,legit_38,1001.6,522.15,10.991,-0.9854,0.0,F2F3,1,91.67,571.42,0,-1
367,legit_40,1001.6,475.62,11.1685,-0.3457,0.0,F2F3,1,125.35,578.02,0,-1
367,legit_47,798.4,353.68,13.2786,0.082,180.0,E2E1,0,48.81,521.62,0,-1
367,legit_48,791.46,-1.6,12.7226,-0.5543,90.0,D0E0,0,128.47,728.82,0,-1
367,legit_49,636.18,601.6,12.2897,-0.1055,270.0,E3D3,1,113.83,451.51,0,-1
367,legit_50,211.65,601.6,7.9269,-3.5027,270.0,C3B3,1,61.67,559.3,0,-1
367,legit_52,627.07,598.4,8.6061,2.3899,90.0,D3E3,1,122.94,451.18,0,-1
367,legit_53,382.95,-1.6,13.1816,0.6833,90.0,B0C0,0,138.86,735.21,0,-1
367,legit_54,398.4,947.89,12.9022,1.0845,180.0,C5C4,1,119.59,566.63,0,-1
367,legit_55,-1.14,603.95,4.5209,-4.5,174.66,:A3_1,1,151.19,707.26,0,-1
367,legit_56,120.74,398.4,12.0783,0.6371,90.0,A2B2,1,48.28,641.06,0,-1
367,legit_57,956.14,201.6,12.086,2.1702,270.0,F1E1,0,124.37,650.85,0,-1
367,legit_58,201.6,414.61,13.3393,0.7222,0.0,B2B3,1,75.13,588.39,0,-1
367,legit_59,258.59,1001.6,13.235,0.3165,270.0,C5B5,1,133.93,645.93,0,-1
367,legit_60,130.34,601.6,13.7395,2.0416,270.0,B3A3,2,19.73,607.32,0,-1
367,legit_61,798.4,986.17,1.5307,1.5307,180.0,E5E4,0,105.58,585.42,0,-1
368,legit_38,1001.6,534.29,12.1396,1.1486,0.0,F2F3,1,81.61,570.09,0,-1
368,legit_40,1001.6,486.44,10.8132,-0.3552,0.0,F2F3,1,123.45,576.28,0,-1
368,legit_47,798.4,340.48,13.2028,-0.0759,180.0,E2E1,0,52.19,526.49,0,-1
368,legit_48,805.26,-1.6,13.8012,1.0786,90.0,:E0_6,0,133.57,732.17,0,-1
368,legit_49,623.59,601.6,12.587,0.2973,270.0,E3D3,1,126.42,451.09,0,-1
368,legit_50,202.08,601.6,9.5668,1.6399,270.0,:B3_5,1,52.11,564.38,0,-1
368,legit_52,638.1,598.4,11.0308,2.4247,90.0,D3E3,1,111.91,451.59,0,-1
368,legit_53,395.79,-1.6,12.8346,-0.347,90.0,:C0_6,0,133.14,731.91,0,-1
368,legit_54,398.4,935.06,12.8307,-0.0715,180.0,C5C4,0,108.16,560.37,0,-1
368,legit_55,2.58,599.41,6.126,1.6052,136.08,:A3_9,1,147.42,704.26,0,-1
368,legit_56,133.29,398.4,12.5507,0.4724,90.0,A2B2,1,41.88,632.65,0,-1
368,legit_57,944.73,201.6,11.4056,-0.6804,270.0,F1E1,0,133.19,645.7,0,-1
368,legit_58,201.6,427.28,12.6692,-0.6701,0.0,B2B3,1,84.79,585.53,0,-1
368,legit_59,245.77,1001.6,12.8214,-0.4136,270.0,C5B5,0,123.77,651.67,0,-1
368,legit_60,117.4,601.6,12.9416,-0.798,270.0,B3A3,2,32.64,616.52,0,-1
368,legit_61,798.4,983.33,2.8431,1.3124,180.0,E5E4,0,108.11,583.9,0,-1
369,legit_38,1001.6,545.69,11.4001,-0.7395,0.0,F2F3,1,72.75,568.99,0,-1
369,legit_40,1001.6,497.86,11.4193,0.606,0.0,F2F3,1,113.03,574.58,0,-1
369,legit_47,798.4,327.41,13.073,-0.1298,180.0,E2E1,0,58.35,531.63,0,-1
369,legit_48,818.77,-1.6,13.5107,-0.2905,90.0,E0F0,0,139.7,735.67,0,-1
369,legit_49,614.17,601.6,9.4245,-3.1625,270.0,E3D3,1,135.84,450.89,0,-1
369,legit_50,190.21,601.6,11.8705,2.3037,270.0,B3A3,1,40.25,570.81,0,-1
369,legit_52,650.52,598.4,12.416,1.3852,90.0,D3E3,1,99.49,452.21,0,-1
369,legit_53,408.98,-1.6,13.1905,0.3559,90.0,C0D0,0,128.33,728.72,0,-1
369,legit_54,398.4,923.03,12.031,-0.7996,180.0,C5C4,0,97.76,554.66,0,-1
369,legit_55,8.44,598.4,6.0233,-0.1027,96.12,A3B3,1,141.57,699.55,0,-1
369,legit_56,145.33,398.4,12.034,-0.5167,90.0,A2B2,1,38.68,624.87,0,-1
369,legit_57,932.56,201.6,12.1678,0.7622,270.0,F1E1,0,143.0,640.36,0,-1
369,legit_58,201.6,440.74,13.4587,0.7895,0.0,B2B3,1,95.82,582.68,0,-1
369,legit_59,231.93,1001.6,13.8371,1.0157,270.0,C5B5,0,113.4,658.07,0,-1
369,legit_60,104.26,601.6,13.1323,0.1907,270.0,B3A3,2,45.76,626.02,0,-1
369,legit_61,798.4,978.27,5.0524,2.2093,180.0,E5E4,0,112.65,581.23,0,-1
370,legit_38,1001.6,557.53,11.8453,0.4452,0.0,F2F3,1,64.39,568.02,0,-1
370,legit_40,1001.6,508.8,10.9458,-0.4735,0.0,F2F3,1,103.25,573.08,0,-1
370,legit_47,798.4,313.64,13.7651,0.6921,180.0,E2E1,0,67.02,537.34,0,-1
370,legit_48,832.2,-1.6,13.4267,-0.084,90.0,E0F0,0,146.78,739.37,0,-1
370,legit_49,608.61,601.6,5.5538,-3.8707,270.0,E3D3,1,141.4,450.82,0,-1
370,legit_50,177.6,601.6,12.6182,0.7477,270.0,B3A3,2,27.64,577.8,0,-1
370,legit_52,663.69,598.4,13.1742,0.7582,90.0,D3E3,1,86.32,453.05,0,-1
370,legit_53,421.63,-1.6,12.6505,-0.54,90.0,C0D0,0,124.87,725.86,0,-1
370,legit_54,398.4,911.13,11.8984,-0.1327,180.0,C5C4,0,87.88,549.18,0,-1
370,legit_55,16.07,598.4,7.6318,1.6085,90.0,A3B3,1,133.94,693.45,0,-1
370,legit_56,157.53,398.4,12.2058,0.1718,90.0,A2B2,1,39.13,617.3,0,-1
370,legit_57,920.5,201.6,12.0653,-0.1025,270.0,F1E1,0,153.07,635.22,0,-1
370,legit_58,201.6,454.08,13.3476,-0.1111,0.0,B2B3,2,107.3,580.06,0,-1
370,legit_59,218.61,1001.6,13.3214,-0.5156,270.0,C5B5,0,104.18,664.43,0,-1
370,legit_60,90.51,601.6,13.7505,0.6182,270.0,B3A3,2,59.51,636.12,0,-1
370,legit_61,798.4,971.29,6.9796,1.9272,180.0,E5E4,0,118.99,577.58,0,-1
371,legit_38,1001.6,569.03,11.4955,-0.3498,0.0,F2F3,1,57.46,567.27,0,-1
371,legit_40,1001.6,520.31,11.5033,0.5575,0.0,F2F3,1,93.24,571.64,0,-1
371,legit_47,798.4,299.97,13.6756,-0.0895,180.0,E2E1,1,77.11,543.26,0,-1
371,legit_48,844.89,-1.6,12.6878,-0.7389,90.0,E0F0,0,154.24,743.05,0,-1
371,legit_49,601.4,601.6,7.2138,1.66,270.0,:D3_5,1,148.61,450.78,0,-1
371,legit_50,164.01,601.6,13.5891,0.9709,270.0,B3A3,3,14.1,585.51,0,-1
371,legit_52,676.45,598.4,12.7592,-0.415,90.0,D3E3,1,73.57,454.06,0,-1
371,legit_53,434.25,-1.6,12.6164,-0.0341,90.0,C0D0,0,122.62,723.22,0,-1
371,legit_54,398.4,899.13,12.0011,0.1027,180.0,C5C4,0,78.48,543.81,0,-1
371,legit_55,25.15,598.4,9.0851,1.4533,90.0,A3B3,2,124.86,686.23,0,-1
371,legit_56,169.52,398.4,11.9855,-0.2202,90.0,A2B2,1,43.08,610.19,0,-1
371,legit_57,908.24,201.6,12.2573,0.192,270.0,F1E1,1,163.57,630.15,0,-1
371,legit_58,201.6,466.83,12.7424,-0.6053,0.0,B2B3,2,118.64,577.74,0,-1
371,legit_60,77.17,601.6,13.3423,-0.4081,270.0,B3A3,2,72.85,646.08,0,-1
371,legit_61,798.4,961.97,9.3254,2.3458,180.0,E5E4,0,127.57,572.79,0,-1
372,legit_38,1001.6,581.17,12.145,0.6495,0.0,F2F3,1,51.93,566.71,0,-1
372,legit_40,1001.6,532.01,11.7016,0.1983,0.0,F2F3,1,83.46,570.32,0,-1
372,legit_47,798.4,286.16,13.804,0.1284,180.0,E2E1,1,88.29,549.48,0,-1
372,legit_48,858.19,-1.6,13.3053,0.6175,90.0,E0F0,0,162.77,747.09,0,-1
372,legit_49,592.75,601.6,8.6522,1.4385,270.0,D3C3,1,142.76,450.8,0,-1
372,legit_50,150.63,601.6,13.3803,-0.2088,270.0,B3A3,4,1.72,593.32,0,-1
372,legit_52,689.24,598.4,12.7873,0.0282,90.0,D3E3,1,60.78,455.25,0,-1
372,legit_53,446.95,-1.6,12.706,0.0896,90.0,C0D0,0,121.64,720.77,0,-1
372,legit_54,398.4,887.0,12.1343,0.1332,180.0,C5C4,0,69.79,538.57,0,-1
372,legit_55,35.59,598.4,10.4328,1.3477,90.0,A3B3,3,114.42,678.02,0,-1
372,legit_56,180.82,398.4,11.3021,-0.6834,90.0,A2B2,1,49.24,603.72,0,-1
372,legit_57,896.43,201.6,11.8084,-0.4489,270.0,F1E1,1,167.63,625.42,0,-1
372,legit_58,201.6,480.62,13.7891,1.0468,0.0,B2B3,2,130.06,575.42,0,-1
372,legit_60,64.53,601.6,12.6398,-0.7025,270.0,B3A3,3,85.48,655.65,0,-1
372,legit_61,798.4,950.24,11.7298,2.4044,180.0,E5E4,0,120.4,566.88,0,-1
372,legit_62,1.6,612.3,0.0,0.0,0.0,A3A4,3,148.91,705.14,0,-1
373,legit_38,1001.6,588.82,7.645,-4.5,0.0,F2F3,1,49.67,566.48,0,-1
373,legit_40,1001.6,543.66,11.6511,-0.0506,0.0,F2F3,1,74.28,569.17,0,-1
373,legit_47,798.4,272.96,13.2001,-0.6039,180.0,E2E1,1,99.59,555.62,0,-1
373,legit_48,871.28,-1.6,13.0812,-0.224,90.0,E0F0,0,171.74,751.26,0,-1
373,legit_49,582.23,601.6,10.5131,1.8609,270.0,D3C3,1,132.24,450.95,0,-1
373,legit_50,136.84,601.6,13.7872,0.4069,270.0,B3A3,4,13.26,602.76,0,-1
373,legit_52,701.86,598.4,12.6184,-0.1689,90.0,D3E3,1,48.17,456.62,0,-1
373,legit_53,459.48,-1.6,12.5245,-0.1816,90.0,C0D0,0,121.97,718.56,0,-1
373,legit_54,398.4,875.07,11.9247,-0.2096,180.0,C5C4,0,62.39,533.62,0,-1
373,legit_55,47.42,598.4,11.8349,1.4021,90.0,A3B3,3,102.59,668.8,0,-1
373,legit_56,188.9,398.4,8.0776,-3.2245,90.0,A2B2,1,54.66,599.23,0,-1
373,legit_57,884.5,201.6,11.9338,0.1254,270.0,F1E1,1,157.32,620.78,0,-1
373,legit_58,201.6,493.43,12.8171,-0.972,0.0,B2B3,2,118.4,573.44,0,-1
373,legit_60,50.66,601.6,13.8659,1.2262,270.0,B3A3,3,99.35,666.29,0,-1
373,legit_61,798.4,937.24,12.9947,1.2649,180.0,E5E4,0,108.62,560.51,0,-1
373,legit_62,1.6,613.92,1.6226,1.6226,0.0,A3A4,3,149.05,705.17,0,-1
374,legit_38,1001.6,591.96,3.145,-4.5,0.0,F2F3,1,49.06,566.42,0,-1
374,legit_40,1001.6,555.07,11.4145,-0.2366,0.0,F2F3,1,66.04,568.21,0,-1
374,legit_47,798.4,259.67,13.288,0.0879,180.0,E2E1,1,111.39,562.0,0,-1
374,legit_48,885.11,-1.6,13.8351,0.7539,90.0,E0F0,0,181.77,755.86,0,-1
374,legit_49,569.32,601.6,12.91,2.3969,270.0,D3C3,1,119.34,451.3,0,-1
374,legit_50,123.3,601.6,13.5373,-0.2499,270.0,B3A3,4,26.75,612.31,0,-1
374,legit_52,715.21,598.4,13.3542,0.7357,90.0,D3E3,1,34.82,458.26,0,-1
374,legit_53,472.17,-1.6,12.6967,0.1722,90.0,C0D0,0,123.6,716.54,0,-1
374,legit_54,398.4,862.16,12.9068,0.9821,180.0,C5C4,0,56.16,528.51,0,-1
374,legit_55,58.41,598.4,10.9872,-0.8477,90.0,A3B3,3,91.61,660.33,0,-1
374,legit_56,198.82,398.4,9.9193,1.8417,90.0,:B2_13,1,62.11,593.84,0,-1
374,legit_57,872.99,201.6,11.507,-0.4268,270.0,F1E1,1,147.6,616.44,0,-1
374,legit_58,201.6,506.77,13.3392,0.5221,0.0,B2B3,2,106.56,571.57,0,-1
374,legit_60,37.22,601.6,13.4419,-0.424,270.0,B3A3,3,112.79,676.74,0,-1
374,legit_61,798.4,923.92,13.3248,0.3301,180.0,E5E4,0,96.88,554.15,0,-1
374,legit_62,1.6,617.16,3.2423,1.6197,0.0,A3A4,3,149.39,705.23,0,-1
375,legit_38,1000.71,594.04,2.3772,-0.7679,349.29,:F3_11,1,49.65,565.92,0,-1
375,legit_40,1001.6,565.9,10.8282,-0.5863,0.0,F2F3,1,59.21,567.46,0,-1
375,legit_47,798.4,246.33,13.3448,0.0568,180.0,E2E1,1,123.55,568.6,0,-1
375,legit_48,898.35,-1.6,13.2376,-0.5975,90.0,E0F0,0,191.82,760.45,0,-1
375,legit_49,555.89,601.6,13.4328,0.5229,270.0,D3C3,0,105.9,451.86,0,-1
375,legit_50,109.92,601.6,13.3764,-0.1608,270.0,B3A3,4,40.11,621.91,0,-1
375,legit_52,728.33,598.4,13.1189,-0.2353,90.0,D3E3,0,21.73,460.08,0,-1
375,legit_53,485.49,-1.6,13.3186,0.622,90.0,C0D0,0,126.67,714.64,0,-1
375,legit_54,398.4,849.87,12.2925,-0.6143,180.0,C5C4,0,52.54,523.91,0,-1
375,legit_55,70.28,598.4,11.8707,0.8836,90.0,A3B3,3,79.74,651.28,0,-1
375,legit_56,210.73,398.4,11.9141,1.9948,90.0,B2C2,1,71.85,587.54,0,-1
375,legit_57,860.48,201.6,12.5087,1.0017,270.0,F1E1,1,137.35,611.89,0,-1
375,legit_58,201.6,519.76,12.9869,-0.3523,0.0,B2B3,2,95.4,569.92,0,-1
375,legit_60,24.31,601.6,12.911,-0.5309,270.0,B3A3,3,125.7,686.9,0,-1
375,legit_61,798.4,910.71,13.208,-0.1168,180.0,E5E4,0,85.69,548.05,0,-1
375,legit_62,1.6,623.01,5.8416,2.5993,0.0,A3A4,3,150.17,705.38,0,-1
376,legit_38,999.08,593.82,1.9025,-0.4746,315.68,:F3_11,1,51.29,565.04,0,-1
376,legit_40,1001.6,576.56,10.6605,-0.1677,0.0,F2F3,1,53.78,566.89,0,-1
376,legit_47,798.4,232.63,13.7011,0.3563,180.0,E2E1,1,122.59,575.56,0,-1
376,legit_48,911.72,-1.6,13.3725,0.1348,90.0,E0F0,0,184.14,765.27,0,-1
376,legit_49,543.3,601.6,12.5884,-0.8444,270.0,D3C3,0,93.32,452.58,0,-1
376,legit_50,96.74,601.6,13.1848,-0.1916,270.0,B3A3,4,53.28,631.53,0,-1
376,legit_52,742.04,598.4,13.7078,0.589,90.0,D3E3,0,8.12,462.19,0,-1
376,legit_53,498.87,-1.6,13.3738,0.0552,90.0,C0D0,0,131.05,712.97,0,-1
376,legit_54,398.4,837.91,11.9584,-0.3341,180.0,C5C4,0,51.64,519.71,0,-1
376,legit_55,81.37,598.4,11.0893,-0.7814,90.0,A3B3,4,68.65,642.93,0,-1
376,legit_56,222.62,398.4,11.888,-0.0261,90.0,B2C2,1,82.15,581.42,0,-1
376,legit_57,848.1,201.6,12.3877,-0.121,270.0,F1E1,1,127.6,607.56,0,-1
376,legit_58,201.6,532.64,12.8793,-0.1076,0.0,B2B3,3,84.85,568.48,0,-1
376,legit_60,15.25,601.6,9.0627,-3.8483,270.0,B3A3,3,134.76,694.1,0,-1
376,legit_61,798.4,898.26,12.4475,-0.7605,180.0,E5E4,0,75.74,542.48,0,-1
376,legit_62,1.6,630.44,7.4301,1.5885,0.0,A3A4,3,151.49,705.63,0,-1
377,legit_38,998.4,591.89,2.135,0.2325,244.25,F3F2,1,52.23,564.7,0,-1
377,legit_40,1001.6,583.95,7.3878,-3.2727,0.0,F2F3,1,50.99,566.61,0,-1
377,legit_47,798.4,219.03,13.6002,-0.1009,180.0,E2E1,1,110.22,582.65,0,-1
377,legit_48,924.81,-1.6,13.0937,-0.2788,90.0,E0F0,0,174.52,770.16,0,-1
377,legit_49,531.12,601.6,12.1791,-0.4093,270.0,D3C3,0,81.14,453.44,0,-1
377,legit_50,84.04,601.6,12.6997,-0.4852,270.0,B3A3,4,65.98,640.94,0,-1
377,legit_52,755.09,598.4,13.0497,-0.6581,90.0,D3E3,0,5.33,464.91,0,-1
377,legit_53,512.52,-1.6,13.6514,0.2776,90.0,C0D0,0,136.73,711.49,0,-1
377,legit_54,398.4,825.53,12.3832,0.4248,180.0,C5C4,0,53.59,515.66,0,-1
377,legit_55,92.95,598.4,11.5843,0.495,90.0,A3B3,4,57.07,634.32,0,-1
377,legit_56,234.7,398.4,12.0819,0.1939,90.0,B2C2,0,93.0,575.36,0,-1
377,legit_57,835.74,201.6,12.3533,-0.0344,270.0,F1E1,1,118.37,603.41,0,-1
377,legit_58,201.6,545.76,13.1258,0.2465,0.0,B2B3,2,74.86,567.22,0,-1
377,legit_60,9.93,601.6,5.3176,-3.7451,270.0,B3A3,3,140.08,698.35,0,-1
377,legit_61,798.4,885.1,13.1655,0.718,180.0,E5E4,0,66.15,536.8,0,-1
377,legit_62,1.6,639.77,9.3297,1.8996,0.0,A3A4,3,153.64,706.04,0,-1
378,legit_38,998.4,587.49,4.4037,2.2688,180.0,F3F2,0,53.1,564.79,0,-1
378,legit_47,798.4,205.73,13.3012,-0.299,180.0,:E1_1,1,98.45,589.78,0,-1
378,legit_48,937.49,-1.6,12.6773,-0.4164,90.0,E0F0,0,165.66,775.07,0,-1
378,legit_49,518.35,601.6,12.7791,0.6,270.0,D3C3,0,68.36,454.52,0,-1
378,legit_50,71.21,601.6,12.8339,0.1342,270.0,B3A3,4,78.81,650.58,0,-1
378,legit_52,767.96,598.4,12.8717,-0.178,90.0,D3E3,0,18.03,468.56,0,-1
378,legit_53,525.34,-1.6,12.8188,-0.8326,90.0,C0D0,0,143.05,710.3,0,-1
378,legit_54,398.4,813.61,11.9171,-0.4661,180.0,C5C4,0,57.96,512.04,0,-1
378,legit_55,105.19,598.4,12.2385,0.6542,90.0,A3B3,4,44.84,625.34,0,-1
378,legit_56,246.62,398.4,11.9204,-0.1615,90.0,B2C2,0,103.97,569.53,0,-1
378,legit_57,823.57,201.6,12.1684,-0.1849,270.0,F1E1,1,109.87,599.5,0,-1
378,legit_58,201.6,558.53,12.7639,-0.362,0.0,B2B3,2,66.2,566.2,0,-1
378,legit_60,6.93,601.42,3.0522,-2.2654,267.94,:A3_5,3,143.07,700.76,0,-1
378,legit_61,798.4,871.98,13.1228,-0.0427,180.0,E5E4,0,58.01,531.38,0,-1
378,legit_62,1.6,651.03,11.262,1.9323,0.0,A3A4,3,156.93,706.67,0,-1
378,legit_63,198.4,787.7,0.0,0.0,180.0,B4B3,0,71.26,590.67,0,-1
379,legit_38,998.4,580.65,6.8392,2.4354,180.0,F3F2,0,55.11,564.99,0,-1
379,legit_47,798.4,192.65,13.0739,-0.2273,180.0,E1E0,1,87.3,596.96,0,-1
379,legit_48,950.18,-1.6,12.691,0.0137,90.0,E0F0,0,157.32,780.14,0,-1
379,legit_49,505.66,601.6,12.6823,-0.0968,270.0,D3C3,0,55.69,455.78,0,-1
379,legit_50,57.39,601.6,13.8157,0.9818,270.0,B3A3,4,92.62,661.11,0,-1
379,legit_52,780.58,598.4,12.6168,-0.2548,90.0,D3E3,0,30.62,472.33,0,-1
379,legit_53,538.89,-1.6,13.5565,0.7377,90.0,C0D0,0,150.63,709.27,0,-1
379,legit_55,116.15,598.4,10.9566,-1.2819,90.0,A3B3,4,33.89,617.42,0,-1
379,legit_56,258.01,398.4,11.3845,-0.536,90.0,B2C2,0,114.63,564.11,0,-1
379,legit_57,813.72,201.6,9.8555,-2.3129,270.0,F1E1,1,103.53,596.47,0,-1
379,legit_58,201.6,572.1,13.5733,0.8095,0.0,B2B3,2,58.66,565.37,0,-1
379,legit_60,6.58,598.81,3.6077,0.5555,211.2,:A3_5,3,143.42,701.04,0,-1
379,legit_61,798.4,859.08,12.8983,-0.2246,180.0,E5E4,0,52.02,526.32,0,-1
379,legit_62,1.6,662.93,11.9065,0.6445,0.0,A3A4,3,161.19,707.51,0,-1
379,legit_63,198.4,786.29,1.4134,1.4134,180.0,B4B3,0,72.3,590.34,0,-1
380,legit_38,998.4,572.29,8.361,1.5218,180.0,F3F2,0,58.57,565.36,0,-1
380,legit_47,798.4,179.13,13.5261,0.4523,180.0,E1E0,1,76.41,604.58,0,-1
380,legit_48,963.0,-1.6,12.8159,0.1249,90.0,E0F0,0,149.52,785.44,0,-1
380,legit_49,493.17,601.6,12.4916,-0.1906,270.0,D3C3,0,43.2,457.21,0,-1
380,legit_50,44.33,601.6,13.0639,-0.7518,270.0,B3A3,3,105.69,671.2,0,-1
380,legit_53,552.44,-1.6,13.5437,-0.0128,90.0,C0D0,0,159.0,708.45,0,-1
380,legit_55,128.21,598.4,12.0647,1.1081,90.0,A3B3,4,21.85,608.82,0,-1
380,legit_56,270.41,398.4,12.4021,1.0177,90.0,B2C2,0,126.38,558.36,0,-1
380,legit_57,808.36,201.6,5.3555,-4.5,270.0,F1E1,1,100.32,594.88,0,-1
380,legit_58,201.6,585.35,13.2465,-0.3268,0.0,B2B3,1,53.64,564.84,0,-1
380,legit_60,9.72,598.4,3.2628,-0.3449,113.08,A3B3,3,140.29,698.52,0,-1
380,legit_61,798.4,845.59,13.4919,0.5936,180.0,E5E4,0,48.72,521.36,0,-1
380,legit_62,1.6,675.84,12.9063,0.9998,0.0,A3A4,3,166.66,708.62,0,-1
380,legit_63,198.4,782.55,3.7406,2.3272,180.0,B4B3,0,75.12,589.47,0,-1
381,legit_38,998.4,561.78,10.5038,2.1428,180.0,F3F2,0,64.21,565.97,0,-1
381,legit_47,798.4,165.24,13.8874,0.3613,180.0,E1E0,1,66.25,612.62,0,-1
381,legit_48,975.62,-1.6,12.6197,-0.1961,90.0,E0F0,0,142.55,790.82,0,-1
381,legit_49,479.95,601.6,13.218,0.7263,270.0,D3C3,0,30.0,458.91,0,-1
381,legit_50,30.81,601.6,13.5218,0.4579,270.0,B3A3,3,119.21,681.78,0,-1
381,legit_53,565.27,-1.6,12.831,-0.7128,90.0,C0D0,0,167.55,707.86,0,-1
381,legit_55,139.3,598.4,11.0896,-0.9752,90.0,A3B3,3,10.82,601.04,0,-1
381,legit_56,281.88,398.4,11.4683,-0.9338,90.0,B2C2,0,137.36,553.19,0,-1
381,legit_57,803.84,202.49,4.6941,-0.6614,280.49,:E1_4,1,98.51,593.08,0,-1
381,legit_58,201.6,598.17,12.8219,-0.4247,0.0,:B3_9,1,51.63,564.64,0,-1
381,legit_60,14.91,598.4,5.1896,1.9268,90.0,A3B3,3,135.1,694.37,0,-1
381,legit_61,798.4,832.17,13.4123,-0.0796,180.0,E5E4,0,49.03,516.78,0,-1
381,legit_62,1.6,688.67,12.8293,-0.077,0.0,A3A4,2,172.87,709.91,0,-1
381,legit_63,198.4,777.14,5.4058,1.6652,180.0,B4B3,0,79.33,588.25,0,-1
382,legit_38,998.4,549.78,12.0044,1.5006,180.0,F3F2,0,72.0,566.87,0,-1
382,legit_47,798.4,151.92,13.3162,-0.5712,180.0,E1E0,1,57.98,620.57,0,-1
382,legit_48,987.69,-1.6,12.0683,-0.5515,90.0,E0F0,0,136.64,796.13,0,-1
382,legit_49,466.9,601.6,13.0555,-0.1625,270.0,D3C3,0,16.97,460.79,0,-1
382,legit_50,18.51,601.6,12.2925,-1.2293,270.0,B3A3,3,131.5,691.5,0,-1
382,legit_53,578.25,-1.6,12.9812,0.1502,90.0,C0D0,0,176.73,707.45,0,-1
382,legit_55,150.91,598.4,11.6114,0.5218,90.0,A3B3,3,1.84,593.14,0,-1
382,legit_56,294.41,398.4,12.5314,1.0631,90.0,B2C2,0,149.43,547.69,0,-1
382,legit_57,801.62,207.08,5.3739,0.6798,336.54,:E1_4,1,101.23,589.95,0,-1
382,legit_58,201.6,611.21,13.0371,0.2153,0.0,B3B4,1,52.8,564.76,0,-1
382,legit_60,22.39,598.4,7.4809,2.2913,90.0,A3B3,3,127.62,688.42,0,-1
382,legit_61,798.4,819.11,13.0588,-0.3535,180.0,E5E4,0,52.71,512.67,0,-1
382,legit_62,1.6,701.62,12.9514,0.1221,0.0,A3A4,2,179.86,711.41,0,-1
382,legit_63,198.4,770.05,7.0903,1.6845,180.0,B4B3,0,85.06,586.7,0,-1
383,legit_38,998.4,538.0,11.7802,-0.2242,180.0,F3F2,0,80.66,567.94,0,-1
383,legit_47,798.4,138.9,13.0182,-0.298,180.0,E1E0,1,51.96,628.58,0,-1
383,legit_48,996.02,-1.6,8.3334,-3.7348,90.0,E0F0,0,133.04,799.88,0,-1
383,legit_49,454.46,601.6,12.439,-0.6165,270.0,D3C3,0,4.74,462.77,0,-1
383,legit_50,10.72,601.6,7.7925,-4.5,270.0,B3A3,2,139.29,697.72,0,-1
383,legit_53,587.87,-1.6,9.6183,-3.3629,90.0,C0D0,0,183.83,707.28,0,-1
383,legit_55,162.89,598.4,11.976,0.3646,90.0,A3B3,2,12.99,586.15,0,-1
383,legit_56,305.98,398.4,11.5695,-0.9619,90.0,B2C2,0,149.05,542.76,0,-1
383,legit_57,801.6,212.95,5.8743,0.5004,0.0,E1E2,1,106.31,586.79,0,-1
383,legit_58,201.6,624.06,12.8514,-0.1857,0.0,B3B4,2,56.93,565.18,0,-1
383,legit_60,32.45,598.4,10.0598,2.5789,90.0,A3B3,3,117.56,680.48,0,-1
383,legit_61,798.4,805.86,13.256,0.1972,180.0,:E4_1,0,59.23,508.81,0,-1
383,legit_62,1.6,714.2,12.5733,-0.3781,0.0,A3A4,2,187.25,713.06,0,-1
383,legit_63,198.4,761.4,8.6494,1.5591,180.0,B4B3,1,92.31,584.88,0,-1
384,legit_38,998.4,526.94,11.0601,-0.7201,180.0,F3F2,0,89.44,569.1,0,-1
384,legit_47,798.4,126.06,12.8487,-0.1695,180.0,E1E0,1,48.78,636.77,0,-1
384,legit_48,1000.87,0.38,5.5588,-2.7747,65.23,:F0_1,0,129.32,800.64,0,-1
384,legit_49,441.27,601.6,13.194,0.7551,270.0,D3C3,0,8.88,465.92,0,-1
384,legit_50,7.12,601.54,3.6202,-4.1723,269.36,:A3_5,2,142.89,700.61,0,-1
384,legit_53,593.68,-1.47,5.8198,-3.7984,88.56,:D0_7,0,188.15,707.12,0,-1
384,legit_55,174.56,598.4,11.6688,-0.3071,90.0,A3B3,2,24.61,579.51,0,-1
384,legit_56,318.25,398.4,12.2701,0.7006,90.0,B2C2,0,137.23,537.68,0,-1
384,legit_57,801.6,221.0,8.0551,2.1808,0.0,E1E2,1,113.42,582.51,0,-1
384,legit_58,201.6,637.01,12.9562,0.1048,0.0,B3B4,2,63.5,565.89,0,-1
384,legit_60,44.05,598.4,11.6021,1.5422,90.0,A3B3,3,105.96,671.41,0,-1
384,legit_61,798.4,793.32,12.5351,-0.7209,180.0,:E4_1,0,67.24,505.42,0,-1
384,legit_62,1.6,726.74,12.5493,-0.024,0.0,A3A4,2,186.68,714.88,0,-1
384,legit_63,198.4,751.05,10.3497,1.7003,180.0,B4B3,1,101.26,582.82,0,-1
384,legit_64,598.4,787.7,0.0,0.0,180.0,D4D3,0,157.35,476.85,0,-1
385,legit_38,998.4,514.78,12.1562,1.0961,180.0,F3F2,0,99.62,570.53,0,-1
385,legit_47,798.4,112.76,13.291,0.4423,180.0,E1E0,1,48.94,645.54,0,-1
385,legit_48,1001.6,5.92,5.6784,0.1196,4.42,F0F1,0,123.93,796.88,0,-1
385,legit_49,428.92,601.6,12.3468,-0.8473,270.0,D3C3,0,21.14,469.48,0,-1
385,legit_50,5.8,599.6,2.6859,-0.9343,240.98,:A3_5,2,144.2,701.66,0,-1
385,legit_53,599.95,1.51,7.2766,1.4567,56.48,:D0_10,0,191.11,704.71,0,-1
385,legit_55,184.33,598.4,9.7677,-1.9012,90.0,A3B3,3,34.36,574.05,0,-1
385,legit_56,329.82,398.4,11.5664,-0.7037,90.0,B2C2,0,126.17,533.05,0,-1
385,legit_57,801.6,231.62,10.6114,2.5563,0.0,E1E2,1,122.97,576.98,0,-1
385,legit_58,201.6,649.88,12.8707,-0.0855,0.0,B3B4,2,71.77,566.84,0,-1
385,legit_60,56.68,598.4,12.6303,1.0282,90.0,A3B3,2,93.33,661.65,0,-1
385,legit_61,798.4,780.02,13.299,0.7639,180.0,E4E3,0,77.07,502.06,0,-1
385,legit_62,1.6,738.74,11.9983,-0.551,0.0,A3A4,1,179.65,716.79,0,-1
385,legit_63,198.4,738.27,12.7818,2.4321,180.0,B4B3,2,112.66,580.43,0,-1
385,legit_64,598.4,786.2,1.5007,1.5007,180.0,D4D3,0,157.85,476.44,0,-1
386,legit_38,998.4,503.05,11.7354,-0.4208,180.0,F3F2,0,109.83,572.07,0,-1
386,legit_47,798.4,99.75,13.0156,-0.2754,180.0,E1E0,1,52.47,654.45,0,-1
386,legit_48,1001.6,13.99,8.076,2.3976,0.0,F0F1,0,116.53,790.94,0,-1
386,legit_49,417.44,601.6,11.4741,-0.8726,270.0,D3C3,0,32.6,472.94,0,-1
386,legit_50,8.07,598.4,2.7532,0.0673,155.56,A3B3,1,141.94,699.84,0,-1
386,legit_53,601.6,8.44,7.275,-0.0016,6.12,D0D1,0,185.66,699.21,0,-1
386,legit_55,189.59,598.4,5.2677,-4.5,90.0,A3B3,3,39.63,571.15,0,-1
386,legit_56,342.18,398.4,12.3634,0.7969,90.0,B2C2,0,114.46,528.25,0,-1
386,legit_57,801.6,243.55,11.9306,1.3192,0.0,E1E2,1,127.37,570.9,0,-1
386,legit_58,201.6,662.92,13.0356,0.1649,0.0,B3B4,3,81.37,568.03,0,-1
386,legit_60,69.78,598.4,13.1001,0.4698,90.0,A3B3,3,80.23,651.66,0,-1
386,legit_61,798.4,766.89,13.1358,-0.1632,180.0,E4E3,0,87.68,498.97,0,-1
386,legit_62,1.6,751.73,12.9832,0.9849,0.0,A3A4,0,172.67,719.05,0,-1
386,legit_63,198.4,725.62,12.6482,-0.1336,180.0,B4B3,2,124.2,578.23,0,-1
386,legit_64,598.4,782.69,3.5067,2.006,180.0,D4D3,0,159.08,475.5,0,-1
387,legit_38,998.4,491.82,11.233,-0.5024,180.0,F3F2,0,119.86,573.68,0,-1
387,legit_47,798.4,86.27,13.4803,0.4647,180.0,E1E0,0,58.99,663.95,0,-1
387,legit_48,1001.6,23.97,9.9799,1.904,0.0,F0F1,0,107.54,783.66,0,-1
387,legit_49,410.47,601.6,6.9741,-4.5,270.0,D3C3,0,39.56,475.12,0,-1
387,legit_50,12.56,598.4,4.4889,1.7357,90.0,A3B3,1,137.45,696.25,0,-1
387,legit_53,601.6,18.28,9.8379,2.5629,0.0,D0D1,0,179.92,691.47,0,-1
387,legit_55,196.68,598.4,7.0907,1.8231,90.0,:B3_13,3,46.71,567.29,0,-1
387,legit_56,353.62,398.4,11.4388,-0.9245,90.0,B2C2,0,103.75,523.96,0,-1
387,legit_57,801.6,256.17,12.6258,0.6951,0.0,E1E2,0,115.94,564.63,0,-1
387,legit_58,201.6,675.6,12.6816,-0.354,0.0,B3B4,3,91.53,569.38,0,-1
387,legit_60,83.22,598.4,13.438,0.3379,90.0,A3B3,3,66.8,641.55,0,-1
387,legit_61,798.4,754.49,12.3957,-0.7401,180.0,E4E3,0,98.26,496.25,0,-1
387,legit_62,1.6,763.72,11.9962,-0.9869,0.0,A3A4,0,166.86,721.31,0,-1
387,legit_63,198.4,711.97,13.6464,0.9982,180.0,B4B3,2,121.99,576.04,0,-1
387,legit_64,598.4,777.03,5.6662,2.1595,180.0,D4D3,0,161.21,474.02,0,-1
388,legit_38,998.4,480.11,11.7016,0.4686,180.0,F3F2,0,130.52,575.5,0,-1
388,legit_47,798.4,73.43,12.8417,-0.6386,180.0,E1E0,0,67.17,673.22,0,-1
388,legit_48,1001.6,36.22,12.2508,2.2709,0.0,F0F1,0,96.75,774.82,0,-1
388,legit_49,401.48,601.6,8.9916,2.0175,270.0,:C3_5,0,48.55,478.0,0,-1
388,legit_50,18.8,598.4,6.2431,1.7542,90.0,A3B3,1,131.21,691.27,0,-1
388,legit_53,601.6,29.96,11.6864,1.8485,0.0,D0D1,0,173.58,682.37,0,-1
388,legit_55,205.12,598.4,8.4337,1.343,90.0,:B3_13,3,55.14,562.76,0,-1
388,legit_56,365.99,398.4,12.3698,0.931,90.0,B2C2,0,92.37,519.48,0,-1
388,legit_57,801.6,268.04,11.8677,-0.7581,0.0,E1E2,0,105.45,558.89,0,-1
388,legit_58,201.6,689.25,13.6493,0.9677,0.0,B3B4,3,103.09,571.04,0,-1
388,legit_60,96.73,598.4,13.5058,0.0678,90.0,A3B3,4,53.3,631.54,0,-1
388,legit_61,798.4,741.16,13.3278,0.9321,180.0,E4E3,0,110.05,493.52,0,-1
388,legit_62,1.6,776.22,12.5007,0.5045,0.0,A3A4,0,161.52,723.84,0,-1
388,legit_63,198.4,698.13,13.8484,0.202,180.0,B4B3,3,109.41,574.02,0,-1
388,legit_64,598.4,769.77,7.2514,1.5852,180.0,D4D3,0,164.18,472.2,0,-1
389,legit_38,998.4,468.39,11.7281,0.0265,180.0,F3F2,0,120.04,577.47,0,-1
389,legit_47,798.4,60.09,13.3369,0.4952,180.0,E1E0,0,77.02,683.05,0,-1
389,legit_48,1001.6,48.82,12.5989,0.3481,0.0,F0F1,0,86.07,765.85,0,-1
389,legit_49,390.3,601.6,11.1812,2.1896,270.0,C3B3,0,59.72,481.72,0,-1
389,legit_50,26.6,598.4,7.7953,1.5522,90.0,A3B3,1,123.41,685.09,0,-1
389,legit_53,601.6,43.02,13.0547,1.3683,0.0,D0D1,0,167.18,672.36,0,-1
389,legit_55,215.64,598.4,10.5185,2.0848,90.0,B3C3,3,65.66,557.21,0,-1
389,legit_56,378.42,398.4,12.4365,0.0667,90.0,B2C2,0,81.23,515.16,0,-1
389,legit_57,801.6,279.44,11.4047,-0.463,0.0,E1E2,0,95.66,553.51,0,-1
389,legit_58,201.6,702.2,12.9478,-0.7014,0.0,B3B4,3,114.49,572.81,0,-1
389,legit_60,110.1,598.4,13.3706,-0.1352,90.0,A3B3,4,39.93,621.78,0,-1
389,legit_61,798.4,727.91,13.2586,-0.0692,180.0,E4E3,0,122.1,491.0,0,-1
389,legit_62,1.6,788.51,12.29,-0.2108,0.0,A3A4,0,157.08,726.51,0,-1
389,legit_63,198.4,684.74,13.3812,-0.4672,180.0,B4B3,3,97.59,572.25,0,-1
389,legit_64,598.4,760.42,9.3591,2.1077,180.0,D4D3,0,168.39,469.95,0,-1
390,legit_38,998.4,457.01,11.3767,-0.3514,180.0,F3F2,0,109.88,579.52,0,-1
390,legit_47,798.4,46.37,13.7198,0.3829,180.0,E1E0,0,88.11,693.34,0,-1
390,legit_48,1001.6,61.46,12.6393,0.0404,0.0,F0F1,0,75.96,756.98,0,-1
390,legit_49,377.54,601.6,12.7578,1.5766,270.0,C3B3,1,72.48,486.14,0,-1
390,legit_50,36.57,598.4,9.978,2.1827,90.0,A3B3,1,113.44,677.25,0,-1
390,legit_53,601.6,55.62,12.5996,-0.4551,0.0,D0D1,0,161.76,662.85,0,-1
390,legit_55,227.81,598.4,12.1705,1.652,90.0,B3C3,4,77.82,550.93,0,-1
390,legit_56,386.54,398.4,8.1145,-4.322,90.0,B2C2,0,74.17,512.45,0,-1
390,legit_57,801.6,291.4,11.9594,0.5547,0.0,E1E2,0,85.84,548.03,0,-1
390,legit_58,201.6,715.42,13.2175,0.2697,0.0,B3B4,3,126.43,574.79,0,-1
390,legit_60,123.35,598.4,13.2483,-0.1222,90.0,A3B3,4,26.7,612.27,0,-1
390,legit_61,798.4,714.53,13.378,0.1194,180.0,E4E3,1,124.34,488.67,0,-1
390,legit_62,1.6,801.26,12.7491,0.4591,0.0,:A4_7,0,153.37,729.47,0,-1
390,legit_63,198.4,671.92,12.8258,-0.5555,180.0,B4B3,3,86.69,570.75,0,-1
390,legit_64,598.4,749.68,10.739,1.3798,180.0,D4D3,0,173.73,467.53,0,-1
390,legit_65,787.7,601.6,0.0,0.0,270.0,E3D3,1,37.73,474.54,0,-1
391,legit_38,998.4,445.41,11.6006,0.2239,180.0,F3F2,0,99.79,581.75,0,-1
391,legit_47,798.4,33.2,13.1658,-0.554,180.0,E1E0,0,99.38,703.36,0,-1
391,legit_48,1001.6,74.37,12.9102,0.271,0.0,F0F1,0,66.52,748.08,0,-1
391,legit_49,364.97,601.6,12.5732,-0.1846,270.0,C3B3,1,85.05,490.67,0,-1
391,legit_50,49.12,598.4,12.546,2.568,90.0,A3B3,1,100.89,667.48,0,-1
391,legit_53,601.6,68.06,12.4443,-0.1553,0.0,D0D1,0,157.23,653.62,0,-1
391,legit_55,239.3,598.4,11.4909,-0.6796,90.0,B3C3,4,89.31,545.14,0,-1
391,legit_56,391.74,398.4,5.2028,-2.9117,90.0,B2C2,0,69.78,510.75,0,-1
391,legit_57,801.6,303.15,11.7433,-0.2161,0.0,E1E2,0,76.78,542.81,0,-1
391,legit_58,201.6,728.76,13.3479,0.1303,0.0,B3B4,3,122.62,576.98,0,-1
391,legit_60,136.06,598.4,12.7107,-0.5376,90.0,A3B3,4,14.03,603.3,0,-1
391,legit_61,798.4,701.69,12.842,-0.5361,180.0,E4E3,1,112.62,486.62,0,-1
391,legit_62,1.6,813.79,12.5284,-0.2207,0.0,A4A5,0,150.7,732.56,0,-1
391,legit_63,198.4,658.85,13.0666,0.2409,180.0,B4B3,3,76.2,569.41,0,-1
391,legit_64,598.4,737.16,12.5144,1.7754,180.0,D4D3,0,180.55,464.91,0,-1
391,legit_65,785.99,601.6,1.7102,1.7102,270.0,E3D3,1,36.03,474.0,0,-1
392,legit_38,998.4,433.61,11.8032,0.2026,180.0,F3F2,0,89.89,584.16,0,-1
392,legit_47,798.4,20.43,12.7782,-0.3876,180.0,E1E0,0,110.71,713.22,0,-1
392,legit_48,1001.6,87.58,13.2099,0.2997,0.0,F0F1,0,58.25,739.15,0,-1
392,legit_49,352.14,601.6,12.8302,0.257,270.0,C3B3,1,97.88,495.46,0,-1
392,legit_50,62.85,598.4,13.7261,1.1801,90.0,A3B3,2,87.17,656.93,0,-1
392,legit_53,601.6,81.44,13.3812,0.937,0.0,D0D1,0,153.33,643.88,0,-1
392,legit_55,250.91,598.4,11.615,0.1241,90.0,B3C3,3,100.93,539.42,0,-1
392,legit_56,396.43,397.34,4.9138,-0.2891,102.51,:C2_12,0,65.3,509.54,0,-1
392,legit_57,801.6,315.64,12.4878,0.7445,0.0,E1E2,0,68.05,537.46,0,-1
392,legit_58,201.6,741.73,12.9705,-0.3774,0.0,B3B4,1,110.99,579.28,0,-1
392,legit_60,148.99,598.4,12.9329,0.2222,90.0,A3B3,3,1.89,594.37,0,-1
392,legit_61,798.4,688.67,13.0199,0.178,180.0,E4E3,1,101.02,484.73,0,-1
392,legit_62,1.6,826.18,12.3936,-0.1348,0.0,A4A5,0,149.04,735.82,0,-1
392,legit_63,198.4,645.28,13.577,0.5104,180.0,B4B3,4,66.28,568.23,0,-1
392,legit_64,598.4,724.81,12.3494,-0.1649,180.0,D4D3,0,187.86,462.54,0,-1
392,legit_65,782.05,601.6,3.9408,2.2306,270.0,E3D3,1,32.09,472.78,0,-1
393,legit_38,998.4,422.66,10.9455,-0.8577,180.0,F3F2,0,81.17,586.55,0,-1
393,legit_48,1001.6,101.15,13.5637,0.3537,0.0,F0F1,0,51.94,730.22,0,-1
393,legit_49,338.7,601.6,13.4403,0.6101,270.0,C3B3,2,111.32,500.68,0,-1
393,legit_50,75.52,598.4,12.669,-1.0571,90.0,A3B3,2,74.5,647.33,0,-1
393,legit_53,601.6,94.29,12.8489,-0.5324,0.0,D0D1,0,150.61,634.73,0,-1
393,legit_55,262.96,598.4,12.0506,0.4356,90.0,B3C3,3,112.98,533.63,0,-1
393,legit_56,398.4,392.72,5.2539,0.3402,158.72,C2C1,0,61.1,510.21,0,-1
393,legit_57,801.6,328.1,12.4631,-0.0247,0.0,E1E2,0,60.67,532.34,0,-1
393,legit_58,201.6,754.75,13.02,0.0495,0.0,B3B4,1,99.65,581.78,0,-1
393,legit_60,161.92,598.4,12.9299,-0.003,90.0,A3B3,3,12.03,586.71,0,-1
393,legit_61,798.4,675.89,12.7755,-0.2444,180.0,E4E3,1,90.01,483.08,0,-1
393,legit_62,1.6,839.0,12.8208,0.4272,0.0,A4A5,0,148.4,739.37,0,-1
393,legit_63,198.4,631.6,13.6783,0.1013,180.0,B4B3,5,57.8,567.31,0,-1
393,legit_64,598.4,712.75,12.0662,-0.2833,180.0,D4D3,0,186.37,460.42,0,-1
393,legit_65,775.9,601.6,6.1496,2.2087,270.0,E3D3,1,25.95,470.91,0,-1
394,legit_38,998.4,411.24,11.4227,0.4771,180.0,F3F2,0,72.72,589.19,0,-1
394,legit_48,1001.6,115.03,13.8854,0.3218,0.0,F0F1,0,48.65,721.38,0,-1
394,legit_49,325.98,601.6,12.7122,-0.7281,270.0,C3B3,2,124.03,505.79,0,-1
394,legit_50,88.54,598.4,13.0224,0.3533,90.0,A3B3,2,61.48,637.59,0,-1
394,legit_53,601.6,107.39,13.097,0.2481,0.0,D0D1,0,148.94,625.61,0,-1
394,legit_55,274.61,598.4,11.651,-0.3996,90.0,B3C3,3,124.63,528.17,0,-1
394,legit_56,398.4,385.68,7.0404,1.7865,180.0,C2C1,0,57.64,512.25,0,-1
394,legit_57,801.6,340.28,12.1799,-0.2832,0.0,E1E2,0,55.24,527.57,0,-1
394,legit_58,201.6,768.53,13.7793,0.7594,0.0,B3B4,1,88.15,584.62,0,-1
394,legit_60,175.35,598.4,13.4283,0.4984,90.0,A3B3,3,25.4,579.06,0,-1
394,legit_61,798.4,663.15,12.7451,-0.0304,180.0,E4E3,1,79.56,481.62,0,-1
394,legit_62,1.6,851.66,12.6547,-0.1661,0.0,A4A5,0,148.86,743.08,0,-1
394,legit_63,198.4,618.73,12.8714,-0.8069,180.0,B4B3,5,51.9,566.7,0,-1
394,legit_64,598.4,700.74,12.0109,-0.0552,180.0,D4D3,0,179.36,458.51,0,-1
394,legit_65,767.19,601.6,8.7105,2.5609,270.0,E3D3,1,17.26,468.34,0,-1
395,legit_48,1001.6,128.74,13.7099,-0.1755,0.0,F0F1,0,49.18,712.97,0,-1
395,legit_49,313.16,601.6,12.8233,0.1111,270.0,C3B3,3,136.85,511.12,0,-1
395,legit_50,102.04,598.4,13.5041,0.4818,90.0,A3B3,2,47.98,627.64,0,-1
395,legit_53,601.6,120.64,13.2494,0.1524,0.0,D0D1,0,148.4,616.6,0,-1
395,legit_55,286.47,598.4,11.8501,0.1991,90.0,B3C3,3,136.47,522.77,0,-1
395,legit_56,398.4,376.7,8.9842,1.9438,180.0,C2C1,0,54.23,514.97,0,-1
395,legit_57,801.6,352.8,12.517,0.3371,0.0,E1E2,0,52.1,522.95,0,-1
395,legit_58,201.6,780.65,12.117,-1.6623,0.0,B3B4,0,78.64,587.3,0,-1
395,legit_60,185.4,598.4,10.0516,-3.3767,90.0,A3B3,4,35.44,573.46,0,-1
395,legit_61,798.4,650.05,13.0973,0.3522,180.0,E4E3,1,69.62,480.34,0,-1
395,legit_62,1.6,864.68,13.0159,0.3612,0.0,A4A5,0,150.44,747.09,0,-1
395,legit_63,198.4,605.51,13.2208,0.3493,180.0,:B3_1,4,48.71,566.39,0,-1
395,legit_64,598.4,688.16,12.5798,0.5689,180.0,D4D3,0,172.61,456.73,0,-1
395,legit_65,756.83,601.6,10.3627,1.6522,270.0,E3D3,1,7.01,465.39,0,-1
396,legit_48,1001.6,141.82,13.0797,-0.6302,0.0,F0F1,0,53.09,705.25,0,-1
396,legit_49,300.46,601.6,12.6994,-0.1239,270.0,C3B3,3,149.55,516.57,0,-1
396,legit_50,115.21,598.4,13.163,-0.3411,90.0,A3B3,2,34.83,618.1,0,-1
396,legit_53,601.6,133.4,12.763,-0.4864,0.0,D0D1,0,149.0,608.14,0,-1
396,legit_55,298.36,598.4,11.8912,0.041,90.0,B3C3,3,148.36,517.49,0,-1
396,legit_56,398.4,365.17,11.5268,2.5426,180.0,C2C1,0,51.86,518.68,0,-1
396,legit_57,801.6,364.99,12.1992,-0.3178,0.0,E1E2,0,51.84,518.74,0,-1
396,legit_58,201.6,788.64,7.9929,-4.1241,0.0,B3B4,0,72.8,589.16,0,-1
396,legit_60,190.95,598.4,5.5516,-4.5,90.0,A3B3,4,40.98,570.41,0,-1
396,legit_61,798.4,637.38,12.6647,-0.4326,180.0,E4E3,1,61.16,479.34,0,-1
396,legit_62,1.6,876.51,11.8315,-1.1844,0.0,A4A5,0,152.82,750.92,0,-1
396,legit_63,198.4,591.91,13.5943,0.3735,180.0,B3B2,4,49.07,566.43,0,-1
396,legit_64,598.4,675.88,12.2745,-0.3053,180.0,D4D3,0,166.68,455.21,0,-1
396,legit_65,744.22,601.6,12.6107,2.2479,270.0,E3D3,1,6.0,462.55,0,-1
396,legit_66,387.7,1001.6,0.0,0.0,270.0,C5B5,0,100.14,597.8,0,-1
397,legit_48,1001.6,154.64,12.8162,-0.2635,0.0,F0F1,0,59.52,697.94,0,-1
397,legit_49,287.7,601.6,12.7631,0.0637,270.0,C3B3,3,137.71,522.21,0,-1
397,legit_50,128.88,598.4,13.6796,0.5166,90.0,A3B3,2,21.18,608.35,0,-1
397,legit_53,601.6,146.14,12.7449,-0.0181,0.0,D0D1,0,150.69,599.89,0,-1
397,legit_55,309.82,598.4,11.4594,-0.4318,90.0,B3C3,3,140.19,512.54,0,-1
397,legit_56,398.4,352.79,12.375,0.8482,180.0,C2C1,0,52.1,522.95,0,-1
397,legit_57,801.6,377.19,12.2002,0.001,0.0,E1E2,0,54.39,514.81,0,-1
397,legit_58,201.6,792.14,3.4929,-4.5,0.0,B3B4,0,70.38,590.0,0,-1
397,legit_60,196.75,597.15,6.0744,0.5228,104.83,:B3_12,4,46.84,567.26,0,-1
397,legit_61,798.4,624.42,12.9605,0.2957,180.0,E4E3,1,54.21,478.57,0,-1
397,legit_62,1.6,889.5,12.9921,1.1607,0.0,A4A5,0,156.44,755.3,0,-1
397,legit_63,198.4,578.5,13.4106,-0.1837,180.0,B3B2,4,52.96,566.81,0,-1
397,legit_64,598.4,663.6,12.2849,0.0104,180.0,D4D3,1,161.45,453.91,0,-1
397,legit_65,731.16,601.6,13.0583,0.4477,270.0,E3D3,2,18.91,460.49,0,-1
397,legit_66,386.27,1001.6,1.428,1.428,270.0,C5B5,0,101.03,598.23,0,-1
398,legit_48,1001.6,167.75,13.1173,0.3011,0.0,F0F1,0,67.99,690.69,0,-1
398,legit_49,274.94,601.6,12.7546,-0.0085,270.0,C3B3,4,124.95,528.02,0,-1
398,legit_50,142.69,598.4,13.8076,0.128,90.0,A3B3,3,7.48,598.68,0,-1
398,legit_53,601.6,158.88,12.7317,-0.0132,0.0,D0D1,0,153.41,591.87,0,-1
398,legit_55,321.41,598.4,11.5907,0.1314,90.0,B3C3,3,128.6,507.67,0,-1
398,legit_56,398.4,341.13,11.6619,-0.7131,180.0,C2C1,0,54.94,527.25,0,-1
398,legit_57,801.6,388.86,11.669,-0.5312,0.0,E1E2,0,59.12,511.32,0,-1
398,legit_58,200.19,794.3,2.7797,-0.7133,342.24,:B4_19,0,67.88,591.28,0,-1
398,legit_60,198.4,591.34,6.2651,0.1907,169.46,B3B2,4,49.17,566.44,0,-1
398,legit_61,798.4,612.19,12.2341,-0.7264,180.0,E4E3,1,49.91,478.12,0,-1
398,legit_62,1.6,901.81,12.3069,-0.6852,0.0,A4A5,0,160.76,759.64,0,-1
398,legit_63,198.4,565.04,13.4613,0.0506,180.0,B3B2,4,59.71,567.51,0,-1
398,legit_64,598.4,651.11,12.4892,0.2043,180.0,D4D3,1,156.95,452.81,0,-1
398,legit_65,718.67,601.6,12.4863,-0.572,270.0,E3D3,2,31.37,458.72,0,-1
398,legit_66,383.32,1001.6,2.9545,1.5266,270.0,C5B5,0,102.92,599.13,0,-1
399,legit_48,1001.6,179.5,11.7415,-1.3758,0.0,F0F1,0,76.7,684.37,0,-1
399,legit_49,262.41,601.6,12.5353,-0.2193,270.0,C3B3,4,112.42,533.89,0,-1
399,legit_50,155.51,598.4,12.8221,-0.9854,90.0,A3B3,3,5.74,590.42,0,-1
399,legit_53,601.6,171.75,12.8744,0.1427,0.0,D0D1,0,157.16,583.98,0,-1
399,legit_55,332.7,598.4,11.2956,-0.2951,90.0,B3C3,3,117.31,503.07,0,-1
399,legit_56,398.4,329.41,11.7199,0.058,180.0,C2C1,0,59.98,531.81,0,-1
399,legit_57,801.6,400.36,11.4919,-0.1771,0.0,:E2_9,0,65.51,508.09,0,-1
399,legit_58,198.4,791.65,3.708,0.9283,236.11,B4B3,0,68.42,591.61,0,-1
399,legit_60,198.4,582.5,8.8372,2.5721,180.0,B3B2,4,51.47,566.66,0,-1
399,legit_61,798.4,598.73,13.4632,1.2291,180.0,:E3_1,1,48.42,477.96,0,-1
399,legit_62,1.6,914.79,12.9797,0.6728,0.0,A4A5,0,166.18,764.39,0,-1
399,legit_63,198.4,551.91,13.1268,-0.3345,180.0,B3B2,4,68.23,568.46,0,-1
399,legit_64,598.4,638.38,12.7268,0.2376,180.0,D4D3,1,153.28,451.92,0,-1
399,legit_65,705.37,601.6,13.3019,0.8156,270.0,E3D3,2,44.66,457.03,0,-1
399,legit_66,378.83,1001.6,4.4845,1.5299,270.0,C5B5,0,105.88,600.51,0,-1
400,legit_48,1001.6,187.36,7.8626,-3.8789,0.0,F0F1,0,82.94,680.22,0,-1
400,legit_49,249.49,601.6,12.9207,0.3853,270.0,C3B3,4,99.5,540.11,0,-1
400,legit_50,169.35,598.4,13.8312,1.0091,90.0,A3B3,3,19.41,582.46,0,-1
400,legit_53,601.6,184.98,13.2269,0.3525,0.0,D0D1,0,162.0,576.09,0,-1
400,legit_55,344.73,598.4,12.0289,0.7332,90.0,B3C3,2,105.28,498.31,0,-1
400,legit_56,398.4,317.56,11.856,0.1361,180.0,C2C1,0,66.81,536.66,0,-1
400,legit_57,801.6,412.24,11.8875,0.3956,0.0,E2E3,0,73.43,504.97,0,-1
400,legit_58,198.4,786.03,5.6133,1.9054,180.0,B4B3,0,72.49,590.28,0,-1
400,legit_60,198.4,572.07,10.4319,1.5947,180.0,B3B2,4,55.88,567.11,0,-1
400,legit_61,798.4,585.3,13.4231,-0.0401,180.0,E3E2,1,50.58,478.19,0,-1
400,legit_62,1.6,926.82,12.0329,-0.9469,0.0,A4A5,0,171.93,768.97,0,-1
400,legit_63,198.4,538.67,13.2464,0.1197,180.0,B3B2,3,78.13,569.65,0,-1
400,legit_64,598.4,625.4,12.9782,0.2514,180.0,D4D3,1,150.56,451.28,0,-1
400,legit_65,692.06,601.6,13.313,0.0111,270.0,E3D3,2,57.97,455.54,0,-1
400,legit_66,372.64,1001.6,6.1978,1.7133,270.0,C5B5,0,110.14,602.45,0,-1
401,legit_48,1001.6,191.66,4.3004,-3.5622,0.0,F0F1,0,86.47,677.98,0,-1
401,legit_49,236.26,601.6,13.2315,0.3108,270.0,C3B3,4,86.27,546.66,0,-1
401,legit_50,182.02,598.4,12.6781,-1.1531,90.0,A3B3,3,32.06,575.33,0,-1
401,legit_53,601.6,197.77,12.7944,-0.4325,0.0,:D1_9,0,167.54,568.68,0,-1
401,legit_55,356.94,598.4,12.2089,0.18,90.0,B3C3,1,93.07,493.65,0,-1
401,legit_56,398.4,306.04,11.5143,-0.3417,180.0,C2C1,0,74.66,541.56,0,-1
401,legit_57,801.6,423.68,11.4392,-0.4483,0.0,E2E3,1,81.96,502.15,0,-1
401,legit_58,198.4,778.15,7.8856,2.2723,180.0,B4B3,0,78.54,588.47,0,-1
401,legit_60,198.4,559.88,12.1908,1.7589,180.0,B3B2,3,62.87,567.85,0,-1
401,legit_61,798.4,571.96,13.3471,-0.0761,180.0,E3E2,2,55.94,478.75,0,-1
401,legit_62,1.6,938.73,11.9148,-0.1181,0.0,A4A5,0,178.24,773.65,0,-1
401,legit_63,198.4,525.95,12.7107,-0.5357,180.0,B3B2,3,88.46,570.99,0,-1
401,legit_64,598.4,612.75,12.6538,-0.3244,180.0,D4D3,1,148.95,450.9,0,-1
401,legit_65,678.72,601.6,13.337,0.024,270.0,E3D3,2,71.3,454.26,0,-1
401,legit_66,364.21,1001.6,8.4293,2.2315,270.0,C5B5,0,116.22,605.18,0,-1
402,legit_48,1000.71,194.04,2.6815,-1.6189,349.29,:F1_11,0,88.95,676.29,0,-1
402,legit_49,223.53,601.6,12.7304,-0.5012,270.0,C3B3,3,73.54,553.12,0,-1
402,legit_53,601.6,210.29,12.5201,-0.2743,0.0,D1D2,0,173.71,561.62,0,-1
402,legit_55,368.91,598.4,11.972,-0.2369,90.0,B3C3,1,81.1,489.23,0,-1
402,legit_56,398.4,293.75,12.2908,0.7765,180.0,C2C1,0,83.97,546.97,0,-1
402,legit_57,801.6,435.37,11.6906,0.2514,0.0,E2E3,1,91.34,499.43,0,-1
402,legit_58,198.4,768.39,9.7551,1.8695,180.0,B4B3,1,86.43,586.34,0,-1
402,legit_60,198.4,546.14,13.7409,1.5502,180.0,B3B2,2,72.41,568.95,0,-1
402,legit_61,798.4,559.44,12.511,-0.8361,180.0,E3E2,2,63.15,479.57,0,-1
402,legit_62,1.6,951.5,12.7676,0.8528,0.0,A4A5,0,185.62,778.84,0,-1
402,legit_63,198.4,513.13,12.8278,0.1171,180.0,B3B2,2,99.45,572.52,0,-1
402,legit_64,598.4,600.09,12.6586,0.0048,180.0,:D3_1,1,148.4,450.77,0,-1
402,legit_65,665.27,601.6,13.4536,0.1166,270.0,E3D3,2,84.75,453.17,0,-1
402,legit_66,354.02,1001.6,10.1877,1.7584,270.0,C5B5,0,123.93,608.59,0,-1
402,legit_67,198.4,787.7,0.0,0.0,180.0,B4B3,1,71.26,590.67,0,-1
403,legit_48,998.74,193.31,2.5211,-0.1604,296.8,:F1_11,0,89.45,675.67,0,-1
403,legit_49,214.25,601.6,9.2774,-3.453,270.0,C3B3,2,64.27,557.94,0,-1
403,legit_53,601.6,223.59,13.3021,0.782,0.0,D1D2,0,180.98,554.34,0,-1
403,legit_55,380.8,598.4,11.8917,-0.0803,90.0,B3C3,0,69.22,484.99,0,-1
403,legit_56,398.4,282.02,11.7271,-0.5637,180.0,C2C1,0,93.5,552.31,0,-1
403,legit_57,801.6,447.36,11.9844,0.2938,0.0,E2E3,1,101.46,496.82,0,-1
403,legit_58,198.4,757.1,11.2889,1.5339,180.0,B4B3,1,95.99,584.01,0,-1
403,legit_60,198.4,533.31,12.8245,-0.9165,180.0,B3B2,2,82.4,570.19,0,-1
403,legit_61,798.4,547.13,12.3146,-0.1964,180.0,E3E2,1,71.68,480.6,0,-1
403,legit_62,1.6,963.31,11.8051,-0.9624,0.0,A4A5,0,188.79,783.79,0,-1
403,legit_63,198.4,499.77,13.3561,0.5283,180.0,B3B2,2,111.3,574.31,0,-1
403,legit_64,598.4,587.98,12.1083,-0.5503,180.0,D3D2,1,148.89,450.89,0,-1
403,legit_65,652.06,601.6,13.2022,-0.2513,270.0,E3D3,1,97.95,452.29,0,-1
403,legit_66,341.38,1001.6,12.6336,2.4459,270.0,C5B5,0,133.95,612.98,0,-1
403,legit_67,198.4,785.44,2.2637,2.2637,180.0,B4B3,1,72.94,590.14,0,-1
404,legit_48,998.4,189.88,3.5321,1.011,197.25,F1F0,0,86.86,677.29,0,-1
404,legit_49,208.91,601.6,5.333,-3.9444,270.0,C3B3,3,58.94,560.75,0,-1
404,legit_53,601.6,237.18,13.59,0.2879,0.0,D1D2,0,189.09,547.13,0,-1
404,legit_55,388.35,598.4,7.5419,-4.3498,90.0,B3C3,0,61.68,482.39,0,-1
404,legit_56,398.4,270.21,11.8119,0.0848,180.0,C2C1,0,103.56,557.85,0,-1
404,legit_57,801.6,459.65,12.2964,0.312,0.0,E2E3,1,112.22,494.32,0,-1
404,legit_58,198.4,744.14,12.9603,1.6714,180.0,B4B3,2,107.38,581.5,0,-1
404,legit_60,198.4,520.38,12.9361,0.1117,180.0,B3B2,2,93.18,571.63,0,-1
404,legit_61,798.4,534.42,12.7106,0.396,180.0,E3E2,1,81.51,481.88,0,-1
404,legit_62,1.6,976.35,13.0425,1.2373,0.0,A4A5,0,181.01,789.43,0,-1
404,legit_63,198.4,486.56,13.2132,-0.1429,180.0,B3B2,2,123.34,576.26,0,-1
404,legit_64,598.4,575.77,12.2139,0.1056,180.0,D3D2,1,150.37,451.23,0,-1
404,legit_65,638.85,601.6,13.2132,0.011,270.0,E3D3,1,111.16,451.62,0,-1
404,legit_66,328.12,1001.6,13.2668,0.6332,270.0,C5B5,0,144.92,617.78,0,-1
404,legit_67,198.4,780.93,4.508,2.2443,180.0,B4B3,1,76.37,589.1,0,-1
405,legit_48,998.4,185.03,4.8476,1.3155,180.0,F1F0,0,83.01,679.83,0,-1
405,legit_49,206.61,601.2,2.4286,-2.9044,265.36,:B3_7,3,56.62,561.97,0,-1
405,legit_53,601.6,250.85,13.6642,0.0742,0.0,D1D2,0,184.22,540.11,0,-1
405,legit_55,398.14,598.4,9.7906,2.2488,90.0,:C3_13,0,51.89,479.1,0,-1
405,legit_56,398.4,258.91,11.301,-0.5109,180.0,C2C1,0,113.5,563.29,0,-1
405,legit_57,801.6,472.0,12.3482,0.0518,0.0,E2E3,1,123.32,491.99,0,-1
405,legit_58,198.4,730.91,13.2295,0.2692,180.0,B4B3,2,119.34,579.13,0,-1
405,legit_60,198.4,507.01,13.363,0.4268,180.0,B3B2,2,104.83,573.32,0,-1
405,legit_61,798.4,521.17,13.2486,0.538,180.0,E3E2,1,92.5,483.44,0,-1
405,legit_62,1.6,988.54,12.1885,-0.854,0.0,A4A5,0,174.32,794.86,0,-1
405,legit_63,198.4,473.02,13.537,0.3238,180.0,B3B2,2,122.95,578.45,0,-1
405,legit_64,598.4,563.64,12.1275,-0.0863,180.0,D3D2,1,152.79,451.81,0,-1
405,legit_65,626.19,601.6,12.6584,-0.5548,270.0,E3D3,1,123.82,451.16,0,-1
405,legit_66,314.94,1001.6,13.1766,-0.0902,270.0,C5B5,0,156.16,622.73,0,-1
405,legit_67,198.4,774.48,6.4439,1.936,180.0,B4B3,1,81.45,587.66,0,-1
406,legit_48,998.4,177.69,7.3386,2.491,180.0,F1F0,0,77.4,683.73,0,-1
406,legit_49,206.45,598.9,3.0521,0.6235,216.37,:B3_7,3,56.46,562.05,0,-1
406,legit_53,601.6,263.27,12.417,-1.2472,0.0,D1D2,0,177.14,533.95,0,-1
406,legit_55,409.7,598.4,11.5601,1.7695,90.0,C3D3,0,40.34,475.36,0,-1
406,legit_56,398.4,246.56,12.3553,1.0543,180.0,C2C1,0,124.63,569.39,0,-1
406,legit_57,801.6,483.85,11.8449,-0.5033,0.0,E2E3,1,127.1,489.91,0,-1
406,legit_58,198.4,717.87,13.0436,-0.1859,180.0,B4B3,2,127.42,576.96,0,-1
406,legit_60,198.4,494.05,12.9652,-0.3977,180.0,B3B2,2,116.48,575.13,0,-1
406,legit_61,798.4,508.74,12.4295,-0.8191,180.0,E3E2,1,103.3,485.09,0,-1
406,legit_62,1.6,996.23,7.6885,-4.5,0.0,A4A5,0,170.41,798.36,0,-1
406,legit_63,198.4,459.29,13.7259,0.1889,180.0,B3B2,2,110.46,580.87,0,-1
406,legit_64,598.4,551.36,12.2841,0.1566,180.0,D3D2,1,156.17,452.62,0,-1
406,legit_65,616.56,601.6,9.633,-3.0254,270.0,E3D3,1,133.45,450.93,0,-1
406,legit_66,301.71,1001.6,13.2324,0.0558,270.0,C5B5,0,167.74,627.88,0,-1
406,legit_67,198.4,765.97,8.5177,2.0738,180.0,B4B3,1,88.45,585.83,0,-1
407,legit_48,998.4,168.96,8.7337,1.3951,180.0,F1F0,0,71.13,688.45,0,-1
407,legit_49,209.33,598.4,3.0324,-0.0197,120.82,B3C3,2,59.35,560.53,0,-1
407,legit_53,601.6,276.86,13.5911,1.1741,0.0,D1D2,0,170.1,527.43,0,-1
407,legit_55,420.99,598.4,11.2957,-0.2645,90.0,C3D3,0,29.05,471.85,0,-1
407,legit_56,398.4,234.47,12.0883,-0.267,180.0,C2C1,0,125.56,575.52,0,-1
407,legit_57,801.6,496.47,12.6273,0.7824,0.0,E2E3,1,115.67,487.87,0,-1
407,legit_58,198.4,704.27,13.5969,0.5533,180.0,B4B3,2,114.96,574.89,0,-1
407,legit_60,198.4,480.35,13.6971,0.7319,180.0,B3B2,2,129.07,577.25,0,-1
407,legit_61,798.4,496.24,12.5023,0.0727,180.0,E3E2,1,114.49,486.94,0,-1
407,legit_62,3.23,998.4,3.1885,-4.5,22.29,A5B5,0,167.93,798.16,0,-1
407,legit_63,198.4,445.54,13.7573,0.0314,180.0,B3B2,1,98.28,583.49,0,-1
407,legit_64,598.4,538.98,12.3732,0.0891,180.0,D3D2,1,160.45,453.66,0,-1
407,legit_65,610.01,601.6,6.547,-3.086,270.0,E3D3,1,140.0,450.83,0,-1
407,legit_66,288.37,1001.6,13.3376,0.1052,270.0,C5B5,0,159.04,633.26,0,-1
407,legit_67,198.4,755.49,10.4807,1.963,180.0,B4B3,1,97.39,583.69,0,-1
408,legit_48,998.4,158.8,10.1541,1.4205,180.0,F1F0,0,64.56,694.05,0,-1
408,legit_49,214.12,598.4,4.7916,1.7592,90.0,B3C3,3,64.14,558.01,0,-1
408,legit_53,601.6,289.89,13.0293,-0.5617,0.0,D1D2,0,164.13,521.41,0,-1
408,legit_55,432.42,598.4,11.4284,0.1327,90.0,C3D3,0,17.65,468.45,0,-1
408,legit_56,398.4,222.45,12.022,-0.0663,180.0,C2C1,0,114.71,581.75,0,-1
408,legit_57,801.6,508.07,11.5928,-1.0345,0.0,E2E3,1,105.42,486.16,0,-1
408,legit_58,198.4,690.87,13.4061,-0.1907,180.0,B4B3,2,102.95,573.04,0,-1
408,legit_60,198.4,467.33,13.0211,-0.6761,180.0,B3B2,2,117.74,579.43,0,-1
408,legit_61,798.4,483.81,12.4271,-0.0752,180.0,E3E2,1,125.87,488.95,0,-1
408,legit_62,8.13,998.4,4.8939,1.7054,89.88,A5B5,0,163.67,794.54,0,-1
408,legit_63,198.4,432.62,12.9207,-0.8366,180.0,B3B2,1,87.27,586.13,0,-1
408,legit_64,598.4,526.85,12.1321,-0.2411,180.0,D3D2,1,165.45,454.9,0,-1
408,legit_65,601.42,601.6,8.5914,2.0444,270.0,:D3_5,1,148.59,450.78,0,-1
408,legit_66,275.22,1001.6,13.1493,-0.1884,270.0,C5B5,0,147.74,638.74,0,-1
408,legit_67,198.4,742.88,12.6036,2.1229,180.0,B4B3,2,108.51,581.27,0,-1
408,legit_68,801.6,12.3,0.0,0.0,0.0,E0E1,0,119.42,720.34,0,-1
409,legit_48,998.4,146.4,12.3984,2.2443,180.0,F1F0,0,57.96,701.07,0,-1
409,legit_49,220.76,598.4,6.6398,1.8482,90.0,B3C3,3,70.78,554.55,0,-1
409,legit_53,601.6,303.15,13.264,0.2346,0.0,D1D2,0,158.92,515.52,0,-1
409,legit_55,443.74,598.4,11.3199,-0.1085,90.0,C3D3,1,6.46,465.23,0,-1
409,legit_56,398.4,210.58,11.871,-0.151,180.0,C2C1,0,104.24,588.06,0,-1
409,legit_57,801.6,520.59,12.5279,0.9351,0.0,E2E3,1,94.7,484.49,0,-1
409,legit_58,198.4,677.44,13.4301,0.024,180.0,B4B3,2,91.32,571.37,0,-1
409,legit_60,198.4,454.56,12.7755,-0.2456,180.0,B3B2,2,106.22,581.75,0,-1
409,legit_61,798.4,471.14,12.6738,0.2468,180.0,E3E2,1,121.22,491.18,0,-1
409,legit_62,14.56,998.4,6.4363,1.5424,90.0,A5B5,0,158.12,789.82,0,-1
409,legit_63,198.4,419.88,12.7412,-0.1795,180.0,B3B2,1,76.99,588.92,0,-1
409,legit_64,598.4,514.75,12.0984,-0.0337,180.0,D3D2,1,171.14,456.35,0,-1
409,legit_65,591.15,601.6,10.2697,1.6783,270.0,D3C3,2,141.16,450.82,0,-1
409,legit_66,261.84,1001.6,13.383,0.2338,270.0,C5B5,0,136.58,644.5,0,-1
409,legit_67,198.4,729.35,13.5283,0.9246,180.0,B4B3,2,120.77,578.86,0,-1
409,legit_68,801.6,13.95,1.6465,1.6465,0.0,E0E1,0,117.94,719.05,0,-1
410,legit_48,998.4,133.13,13.2758,0.8774,180.0,F1F0,0,53.24,708.83,0,-1
410,legit_49,228.73,598.4,7.9713,1.3316,90.0,B3C3,2,78.75,550.46,0,-1
410,legit_53,601.6,316.21,13.0634,-0.2006,0.0,D1D2,0,154.73,509.96,0,-1
410,legit_55,455.32,598.4,11.5764,0.2565,90.0,C3D3,1,5.55,462.63,0,-1
410,legit_57,801.6,533.17,12.5789,0.051,0.0,E2E3,1,84.43,483.01,0,-1
410,legit_58,198.4,663.59,13.8484,0.4183,180.0,B4B3,2,79.91,569.87,0,-1
410,legit_60,198.4,440.79,13.7678,0.9923,180.0,B3B2,1,94.18,584.44,0,-1
410,legit_61,798.4,458.6,12.54,-0.1338,180.0,E3E2,1,109.84,493.57,0,-1
410,legit_62,22.8,998.4,8.2394,1.8031,90.0,A5B5,0,151.12,783.81,0,-1
410,legit_63,198.4,409.27,10.6094,-2.1318,180.0,B3B2,1,69.06,591.39,0,-1
410,legit_64,598.4,501.83,12.9182,0.8198,180.0,D3D2,1,177.93,458.13,0,-1
410,legit_65,578.67,601.6,12.4769,2.2073,270.0,D3C3,2,128.68,451.03,0,-1
410,legit_66,248.78,1001.6,13.0541,-0.3289,270.0,C5B5,0,126.12,650.3,0,-1
410,legit_67,198.4,716.95,12.4043,-1.124,180.0,B4B3,2,126.57,576.81,0,-1
410,legit_68,801.6,16.94,2.9937,1.3472,0.0,E0E1,0,115.26,716.72,0,-1
411,legit_48,998.4,120.45,12.6783,-0.5975,180.0,F1F0,0,51.6,716.51,0,-1
411,legit_49,238.66,598.4,9.9318,1.9605,90.0,B3C3,2,88.68,545.46,0,-1
411,legit_53,601.6,329.83,13.6198,0.5564,0.0,D1D2,0,151.44,504.42,0,-1
411,legit_55,467.16,598.4,11.8418,0.2654,90.0,C3D3,1,17.23,460.75,0,-1
411,legit_57,801.6,545.1,11.925,-0.6539,0.0,E2E3,1,75.34,481.79,0,-1
411,legit_58,198.4,650.85,12.7408,-1.1077,180.0,B4B3,2,70.2,568.69,0,-1
411,legit_60,198.4,427.58,13.2037,-0.5641,180.0,B3B2,1,83.13,587.21,0,-1
411,legit_61,798.4,445.43,13.167,0.6269,180.0,E3E2,1,98.19,496.26,0,-1
411,legit_62,32.36,998.4,9.5553,1.3159,90.0,A5B5,0,143.17,776.91,0,-1
411,legit_63,197.24,403.4,6.1094,-4.5,193.69,:B2_0,1,64.15,593.44,0,-1
411,legit_64,598.4,488.88,12.9505,0.0323,180.0,D3D2,1,185.39,460.15,0,-1
411,legit_65,565.2,601.6,13.4689,0.992,270.0,D3C3,2,115.22,451.45,0,-1
411,legit_66,236.08,1001.6,12.7021,-0.352,270.0,C5B5,0,116.43,656.13,0,-1
411,legit_67,198.4,703.38,13.5743,1.17,180.0,B4B3,2,114.14,574.76,0,-1
411,legit_68,801.6,21.29,4.3459,1.3521,0.0,E0E1,0,111.39,713.35,0,-1
412,legit_48,998.4,106.62,13.8318,1.1535,180.0,F1F0,0,53.31,725.21,0,-1
412,legit_49,250.67,598.4,12.0084,2.0765,90.0,B3C3,2,100.68,539.54,0,-1
412,legit_53,601.6,343.25,13.4198,-0.2001,0.0,D1D2,1,149.34,499.23,0,-1
412,legit_55,478.16,598.4,11.0045,-0.8374,90.0,C3D3,1,28.21,459.15,0,-1
412,legit_57,801.6,556.53,11.4347,-0.4903,0.0,E2E3,1,67.47,480.8,0,-1
412,legit_58,198.4,638.1,12.7419,0.0011,180.0,B4B3,2,61.6,567.72,0,-1
412,legit_60,198.4,418.19,9.3956,-3.808,180.0,B3B2,1,75.69,589.3,0,-1
412,legit_61,798.4,433.07,12.3606,-0.8064,180.0,E3E2,1,87.65,498.98,0,-1
412,legit_62,43.75,998.4,11.3866,1.8314,90.0,A5B5,0,133.97,768.78,0,-1
412,legit_63,191.97,401.6,5.8191,-0.2903,255.54,B2A2,1,59.09,596.75,0,-1
412,legit_64,598.4,476.89,11.9944,-0.9561,180.0,D3D2,2,188.91,462.23,0,-1
412,legit_65,552.26,601.6,12.941,-0.5279,270.0,D3C3,2,102.28,452.05,0,-1
412,legit_66,222.69,1001.6,13.3878,0.6857,270.0,C5B5,0,106.92,662.46,0,-1
412,legit_67,198.4,690.17,13.2017,-0.3726,180.0,B4B3,2,102.34,572.95,0,-1
412,legit_68,801.6,27.71,6.4258,2.08,0.0,E0E1,0,105.73,708.39,0,-1
413,legit_48,998.4,93.94,12.6803,-1.1516,180.0,F1F0,0,57.81,733.44,0,-1
413,legit_49,263.29,598.4,12.6204,0.612,90.0,B3C3,2,113.3,533.47,0,-1
413,legit_53,601.6,356.59,13.3344,-0.0854,0.0,D1D2,1,148.44,494.35,0,-1
413,legit_55,490.07,598.4,11.9031,0.8986,90.0,C3D3,1,40.1,457.59,0,-1
413,legit_57,801.6,568.94,12.4097,0.975,0.0,E2E3,1,60.23,479.95,0,-1
413,legit_58,198.4,624.51,13.5964,0.8545,180.0,B4B3,2,54.25,566.94,0,-1
413,legit_60,198.4,409.31,8.8778,-0.5179,180.0,B3B2,1,69.09,591.38,0,-1
413,legit_61,798.4,420.61,12.4569,0.0963,180.0,E3E2,1,77.57,501.91,0,-1
413,legit_62,55.99,998.4,12.24,0.8533,90.0,A5B5,0,124.49,760.15,0,-1
413,legit_63,184.84,401.6,7.1267,1.3075,270.0,B2A2,1,54.26,600.69,0,-1
413,legit_64,598.4,463.67,13.2183,1.2239,180.0,D3D2,1,181.03,464.74,0,-1
413,legit_65,538.98,601.6,13.2819,0.3409,270.0,D3C3,1,89.0,452.86,0,-1
413,legit_66,213.15,1001.6,9.5409,-3.847,270.0,C5B5,0,100.67,667.1,0,-1
413,legit_67,198.4,677.76,12.4146,-0.787,180.0,B4B3,2,91.59,571.41,0,-1
413,legit_68,801.6,35.45,7.7381,1.3122,0.0,E0E1,0,99.05,702.46,0,-1
414,legit_48,998.4,80.49,13.4523,0.772,180.0,F1F0,0,64.99,742.43,0,-1
414,legit_49,275.83,598.4,12.54,-0.0804,90.0,B3C3,2,125.84,527.61,0,-1
414,legit_53,601.6,369.76,13.1735,-0.1609,0.0,D1D2,1,148.72,489.79,0,-1
414,legit_55,501.68,598.4,11.6178,-0.2853,90.0,C3D3,1,51.71,456.22,0,-1
414,legit_57,801.6,581.01,12.067,-0.3427,0.0,E2E3,0,54.98,479.37,0,-1
414,legit_58,198.4,611.6,12.913,-0.6834,180.0,B4B3,2,49.77,566.49,0,-1
414,legit_60,198.4,398.85,10.462,1.5842,180.0,:B2_1,1,62.06,593.95,0,-1
414,legit_61,798.4,407.63,12.9841,0.5272,180.0,E3E2,0,67.91,505.17,0,-1
414,legit_62,68.04,998.4,12.0542,-0.1858,90.0,A5B5,1,115.66,751.79,0,-1
414,legit_63,176.25,401.6,8.5868,1.4602,270.0,B2A2,1,49.19,605.54,0,-1
414,legit_64,598.4,451.43,12.2416,-0.9767,180.0,D3D2,1,174.3,467.29,0,-1
414,legit_65,526.33,601.6,12.6538,-0.6281,270.0,D3C3,1,76.34,453.82,0,-1
414,legit_66,208.11,1001.6,5.0409,-4.5,270.0,C5B5,1,97.59,669.59,0,-1
414,legit_67,198.4,664.25,13.5091,1.0944,180.0,B4B3,2,80.44,569.94,0,-1
414,legit_68,801.6,44.95,9.5044,1.7663,0.0,E0E1,0,91.07,695.24,0,-1
415,legit_48,998.4,66.74,13.7418,0.2895,180.0,F1F0,0,74.15,751.82,0,-1
415,legit_49,288.75,598.4,12.9235,0.3835,90.0,B3C3,2,138.76,521.74,0,-1
415,legit_53,601.6,383.36,13.5948,0.4214,0.0,D1D2,1,150.23,485.36,0,-1
415,legit_55,513.65,598.4,11.9709,0.3532,90.0,C3D3,1,63.67,454.97,0,-1
415,legit_57,801.6,593.32,12.315,0.2481,0.0,:E3_9,0,52.03,479.06,0,-1
415,legit_60,198.4,385.89,12.9554,2.4934,180.0,B2B1,1,54.89,597.36,0,-1
415,legit_61,798.4,395.16,12.4657,-0.5183,180.0,:E2_1,0,59.83,508.52,0,-1
415,legit_62,79.84,998.4,11.7965,-0.2577,90.0,A5B5,1,107.62,743.74,0,-1
415,legit_63,166.15,401.6,10.1025,1.5157,270.0,B2A2,1,44.63,611.41,0,-1
415,legit_64,598.4,439.44,11.9937,-0.2479,180.0,D3D2,1,168.32,469.99,0,-1
415,legit_65,513.51,601.6,12.8168,0.163,270.0,D3C3,1,63.53,454.98,0,-1
415,legit_66,205.85,1000.5,2.6907,-2.3502,256.45,:B5_10,1,97.16,670.16,0,-1
415,legit_67,198.4,651.42,12.8268,-0.6822,180.0,B4B3,2,70.62,568.74,0,-1
415,legit_68,801.6,55.89,10.9346,1.4302,0.0,E0E1,0,82.3,687.02,0,-1
415,legit_69,187.7,601.6,0.0,0.0,270.0,B3A3,2,37.73,572.19,0,-1
416,legit_48,998.4,54.08,12.6607,-1.0811,180.0,F1F0,0,83.71,760.65,0,-1
416,legit_49,301.26,598.4,12.51,-0.4135,90.0,B3C3,2,148.74,516.22,0,-1
416,legit_53,601.6,396.91,13.5507,-0.0441,0.0,:D2_9,1,152.92,481.22,0,-1
416,legit_55,525.07,598.4,11.4179,-0.5531,90.0,C3D3,1,75.09,453.93,0,-1
416,legit_57,801.6,604.8,11.4779,-0.8371,0.0,:E3_9,0,51.82,479.04,0,-1
416,legit_60,198.4,373.09,12.8,-0.1554,180.0,B2B1,1,50.14,601.0,0,-1
416,legit_61,798.4,382.87,12.2933,-0.1724,180.0,E2E1,0,53.53,512.07,0,-1
416,legit_62,92.78,998.4,12.9486,1.1521,90.0,A5B5,1,99.66,735.07,0,-1
416,legit_63,154.31,401.6,11.8456,1.7431,270.0,B2A2,1,41.82,618.54,0,-1
416,legit_64,598.4,427.13,12.3033,0.3096,180.0,D3D2,1,162.88,472.97,0,-1
416,legit_65,500.48,601.6,13.0297,0.2129,270.0,D3C3,1,50.51,456.35,0,-1
416,legit_66,207.96,998.4,3.6571,0.9664,159.15,B5C5,1,100.09,668.02,0,-1
416,legit_67,198.4,638.85,12.5731,-0.2537,180.0,B4B3,2,62.06,567.77,0,-1
416,legit_68,801.6,68.75,12.8636,1.9291,0.0,E0E1,0,72.72,677.51,0,-1
416,legit_69,185.63,601.6,2.0713,2.0713,270.0,B3A3,2,35.66,573.33,0,-1
417,legit_48,998.4,41.49,12.5907,-0.07,180.0,F1F0,0,93.95,769.56,0,-1
417,legit_49,314.08,598.4,12.8167,0.3067,90.0,B3C3,2,135.93,510.73,0,-1
417,legit_53,601.6,409.45,12.5452,-1.0055,0.0,D2D3,1,156.42,477.63,0,-1
417,legit_55,536.19,598.4,11.12,-0.2979,90.0,C3D3,1,86.21,453.06,0,-1
417,legit_57,801.6,616.23,11.4231,-0.0548,0.0,E3E4,0,54.09,479.28,0,-1
417,legit_60,198.4,360.35,12.7429,-0.057,180.0,B2B1,1,48.4,604.92,0,-1
417,legit_61,798.4,369.63,13.2383,0.945,180.0,E2E1,0,49.35,516.19,0,-1
417,legit_62,104.91,998.4,12.126,-0.8226,90.0,A5B5,1,93.23,727.13,0,-1
417,legit_63,141.37,401.6,12.9321,1.0865,270.0,B2A2,1,42.48,626.66,0,-1
417,legit_64,598.4,413.95,13.18,0.8767,180.0,D3D2,1,157.9,476.4,0,-1
417,legit_65,487.26,601.6,13.2233,0.1936,270.0,D3C3,1,37.29,457.94,0,-1
417,legit_66,213.41,998.4,5.4417,1.7846,90.0,B5C5,1,103.34,665.32,0,-1
417,legit_67,198.4,626.5,12.3524,-0.2207,180.0,B4B3,2,55.18,567.04,0,-1
417,legit_68,801.6,81.52,12.7692,-0.0944,0.0,E0E1,0,64.37,668.23,0,-1
417,legit_69,181.48,601.6,4.1531,2.0818,270.0,B3A3,2,31.52,575.64,0,-1
418,legit_48,998.4,28.65,12.8394,0.2487,180.0,F1F0,0,104.91,778.78,0,-1
418,legit_49,326.61,598.4,12.5313,-0.2854,90.0,B3C3,2,123.4,505.53,0,-1
418,legit_53,601.6,422.58,13.126,0.5808,0.0,D2D3,1,161.05,474.13,0,-1
418,legit_55,547.77,598.4,11.5785,0.4585,90.0,C3D3,1,97.78,452.3,0,-1
418,legit_57,801.6,628.52,12.2967,0.8736,0.0,E3E4,0,58.96,479.81,0,-1
418,legit_60,198.4,347.5,12.8501,0.1071,180.0,B2B1,1,49.99,609.19,0,-1
418,legit_61,798.4,356.39,13.243,0.0047,180.0,E2E1,0,48.53,520.66,0,-1
418,legit_62,117.92,998.4,13.0127,0.8867,90.0,A5B5,1,87.68,718.81,0,-1
418,legit_63,127.81,401.6,13.5609,0.6287,270.0,B2A2,1,47.15,635.55,0,-1
418,legit_64,598.4,400.84,13.1143,-0.0658,180.0,:D2_1,1,153.92,480.07,0,-1
418,legit_65,474.01,601.6,13.2446,0.0213,270.0,D3C3,2,24.07,459.74,0,-1
418,legit_66,220.15,998.4,6.7433,1.3016,90.0,B5C5,1,107.61,662.02,0,-1
418,legit_67,198.4,616.3,10.1973,-2.1551,180.0,B4B3,2,51.07,566.62,0,-1
418,legit_68,801.6,94.96,13.4411,0.6719,0.0,E0E1,0,57.35,658.69,0,-1
418,legit_69,175.94,601.6,5.5351,1.382,270.0,B3A3,1,25.99,578.73,0,-1
419,legit_48,998.4,16.07,12.5798,-0.2596,180.0,F1F0,0,116.03,787.93,0,-1
419,legit_49,340.06,598.4,13.4496,0.9183,90.0,B3C3,2,109.95,500.14,0,-1
419,legit_53,601.6,436.03,13.4512,0.3252,0.0,D2D3,1,166.74,470.79,0,-1
419,legit_55,559.49,598.4,11.7222,0.1437,90.0,C3D3,1,109.5,451.69,0,-1
419,legit_57,801.6,641.11,12.5835,0.2868,0.0,E3E4,0,65.97,480.62,0,-1
419,legit_60,198.4,333.7,13.8025,0.9525,180.0,B2B1,1,55.09,614.11,0,-1
419,legit_61,798.4,343.85,12.5396,-0.7034,180.0,E2E1,0,51.02,525.22,0,-1
419,legit_62,130.87,998.4,12.943,-0.0696,90.0,A5B5,1,83.81,710.77,0,-1
419,legit_63,114.62,401.6,13.1919,-0.369,270.0,B2A2,1,54.61,644.5,0,-1
419,legit_64,598.4,388.54,12.2954,-0.8189,180.0,D2D1,1,151.12,483.74,0,-1
419,legit_65,460.9,601.6,13.1177,-0.1269,270.0,D3C3,2,11.01,461.72,0,-1
419,legit_66,229.01,998.4,8.8637,2.1204,90.0,B5C5,1,113.59,657.77,0,-1
419,legit_67,198.4,608.91,7.3866,-2.8108,180.0,B4B3,2,49.21,566.44,0,-1
419,legit_68,801.6,107.63,12.664,-0.7771,0.0,E0E1,0,53.06,649.95,0,-1
419,legit_69,168.4,601.6,7.5447,2.0096,270.0,B3A3,1,18.47,583.0,0,-1
420,legit_48,998.4,7.46,8.6137,-3.966,180.0,F1F0,0,123.81,794.26,0,-1
420,legit_49,352.49,598.4,12.4301,-1.0195,90.0,B3C3,1,97.52,495.33,0,-1
420,legit_53,601.6,449.02,12.9887,-0.4625,0.0,D2D3,1,173.05,467.82,0,-1
420,legit_55,571.6,598.4,12.1041,0.3818,90.0,C3D3,1,121.61,451.23,0,-1
420,legit_57,801.6,653.2,12.094,-0.4895,0.0,E3E4,0,74.11,481.63,0,-1
420,legit_60,198.4,320.75,12.9507,-0.8518,180.0,B2B1,1,62.32,619.0,0,-1
420,legit_61,798.4,330.46,13.3886,0.849,180.0,E2E1,0,56.7,530.41,0,-1
420,legit_62,143.19,998.4,12.3219,-0.6211,90.0,A5B5,1,81.88,703.34,0,-1
420,legit_63,100.73,401.6,13.8868,0.695,270.0,B2A2,1,64.48,654.19,0,-1
420,legit_64,598.4,375.69,12.8492,0.5538,180.0,D2D1,1,149.23,487.82,0,-1
420,legit_65,447.3,601.6,13.5917,0.474,270.0,D3C3,2,3.13,464.26,0,-1
420,legit_66,239.86,998.4,10.8499,1.9861,90.0,B5C5,1,121.38,652.69,0,-1
420,legit_67,199.29,605.96,3.254,-4.1326,169.29,:B3_17,1,49.65,565.92,0,-1
420,legit_68,801.6,121.31,13.6869,1.0229,0.0,E0E1,0,51.62,640.79,0,-1
420,legit_69,159.29,601.6,9.108,1.5634,270.0,B3A3,1,9.42,588.23,0,-1
420,legit_70,991.7,1001.6,0.0,0.0,270.0,F5E5,0,97.7,669.5,0,-1
421,legit_48,998.4,3.35,4.1137,-4.5,180.0,F1F0,0,127.56,797.3,0,-1
421,legit_49,365.14,598.4,12.6432,0.2131,90.0,B3C3,1,84.88,490.6,0,-1
421,legit_53,601.6,461.58,12.566,-0.4227,0.0,D2D3,2,179.84,465.16,0,-1
421,legit_55,582.41,598.4,10.8178,-1.2862,90.0,C3D3,2,132.42,450.95,0,-1
421,legit_57,801.6,665.21,12.0108,-0.0832,0.0,E3E4,0,83.16,482.83,0,-1
421,legit_60,198.4,307.61,13.1388,0.1881,180.0,B2B1,1,71.33,624.21,0,-1
421,legit_61,798.4,317.79,12.6712,-0.7173,180.0,E2E1,0,64.22,535.59,0,-1
421,legit_62,155.04,998.4,11.8519,-0.47,90.0,A5B5,1,81.76,696.41,0,-1
421,legit_63,86.86,401.6,13.8711,-0.0158,270.0,B2A2,1,75.61,664.1,0,-1
421,legit_64,598.4,363.17,12.5282,-0.321,180.0,D2D1,1,148.43,492.04,0,-1
421,legit_65,434.82,601.6,12.487,-1.1047,270.0,D3C3,2,15.27,467.76,0,-1
421,legit_66,252.84,998.4,12.9745,2.1246,90.0,B5C5,1,131.28,646.79,0,-1
421,legit_67,201.38,606.87,2.7322,-0.5217,109.56,:B3_17,1,51.84,564.8,0,-1
421,legit_68,801.6,134.52,13.2068,-0.4802,0.0,E0E1,0,53.6,632.27,0,-1
421,legit_69,148.53,601.6,10.7575,1.6495,270.0,B3A3,1,2.17,594.67,0,-1
421,legit_70,990.19,1001.6,1.511,1.511,270.0,F5E5,0,98.61,668.75,0,-1
422,legit_48,996.27,1.6,3.2576,-0.8561,211.42,F0E0,0,130.02,797.62,0,-1
422,legit_49,377.83,598.4,12.6894,0.0462,90.0,B3C3,1,72.19,486.04,0,-1
422,legit_53,601.6,474.34,12.754,0.188,0.0,D2D3,2,187.34,462.69,0,-1
422,legit_55,589.03,598.4,6.62,-4.1979,90.0,C3D3,1,139.04,450.84,0,-1
422,legit_57,801.6,677.04,11.8295,-0.1814,0.0,E3E4,0,92.72,484.2,0,-1
422,legit_60,198.4,293.92,13.6865,0.5477,180.0,B2B1,0,81.91,629.85,0,-1
422,legit_61,798.4,305.38,12.4147,-0.2566,180.0,E2E1,0,72.98,540.89,0,-1
422,legit_62,167.24,998.4,12.2025,0.3505,90.0,A5B5,1,83.4,689.5,0,-1
422,legit_63,73.32,401.6,13.5403,-0.3308,270.0,B2A2,0,87.23,673.97,0,-1
422,legit_64,598.4,350.97,12.1949,-0.3333,180.0,D2D1,1,148.67,496.37,0,-1
422,legit_65,422.23,601.6,12.5915,0.1045,270.0,D3C3,1,27.82,471.48,0,-1
422,legit_66,266.12,998.4,13.2871,0.3127,90.0,B5C5,1,141.93,640.93,0,-1
422,legit_67,201.6,609.55,2.7449,0.0126,26.34,B3B4,1,52.48,564.73,0,-1
422,legit_68,801.6,147.25,12.7301,-0.4766,0.0,E0E1,0,58.35,624.34,0,-1
422,legit_69,135.85,601.6,12.6771,1.9196,270.0,B3A3,1,14.24,603.44,0,-1
422,legit_70,986.61,1001.6,3.5742,2.0632,270.0,F5E5,0,100.82,666.98,0,-1
423,legit_48,990.75,1.6,5.5147,2.2571,270.0,F0E0,0,132.4,795.12,0,-1
423,legit_49,390.0,598.4,12.1771,-0.5123,90.0,B3C3,1,60.02,481.82,0,-1
423,legit_53,601.6,487.86,13.5251,0.7711,0.0,D2D3,2,186.0,460.32,0,-1
423,legit_55,594.06,598.22,5.0393,-1.5807,92.07,:D3_12,1,144.07,450.79,0,-1
423,legit_57,801.6,689.68,12.6398,0.8103,0.0,E3E4,0,103.47,485.85,0,-1
423,legit_60,198.4,280.53,13.3896,-0.2969,180.0,B2B1,0,93.05,635.57,0,-1
423,legit_61,798.4,292.52,12.8584,0.4437,180.0,E2E1,1,83.05,546.59,0,-1
423,legit_62,179.22,998.4,11.981,-0.2214,90.0,A5B5,1,86.68,682.94,0,-1
423,legit_63,59.86,401.6,13.4652,-0.0751,270.0,B2A2,0,99.28,683.95,0,-1
423,legit_64,598.4,338.56,12.4141,0.2192,180.0,D2D1,1,149.94,501.02,0,-1
423,legit_65,413.48,601.6,8.7488,-3.8427,270.0,D3C3,1,36.56,474.17,0,-1
423,legit_66,279.41,998.4,13.2899,0.0028,90.0,B5C5,1,152.99,635.26,0,-1
423,legit_67,201.6,614.19,4.6447,1.8998,0.0,B3B4,1,53.52,564.83,0,-1
423,legit_68,801.6,160.23,12.9788,0.2487,0.0,E0E1,1,65.43,616.5,0,-1
423,legit_69,122.39,601.6,13.4601,0.7829,270.0,B3A3,1,27.65,612.95,0,-1
423,legit_70,981.51,1001.6,5.1086,1.5345,270.0,F5E5,0,104.11,664.49,0,-1
424,legit_48,983.28,1.6,7.4739,1.9592,270.0,F0E0,0,135.9,791.79,0,-1
424,legit_53,601.6,500.71,12.8517,-0.6735,0.0,D2D3,1,178.55,458.3,0,-1
424,legit_55,597.82,595.63,4.8421,-0.1971,123.72,:D3_12,1,147.89,450.79,0,-1
424,legit_57,801.6,701.75,12.0658,-0.574,0.0,E3E4,0,114.08,487.6,0,-1
424,legit_60,198.4,267.33,13.206,-0.1836,180.0,B2B1,0,104.55,641.4,0,-1
424,legit_61,798.4,279.53,12.984,0.1256,180.0,E2E1,1,93.9,552.54,0,-1
424,legit_62,192.2,998.4,12.9795,0.9984,90.0,A5B5,1,91.87,676.06,0,-1
424,legit_63,47.21,401.6,12.6494,-0.8158,270.0,B2A2,0,110.89,693.47,0,-1
424,legit_64,598.4,325.34,13.2183,0.8042,180.0,D2D1,0,152.39,506.22,0,-1
424,legit_65,409.11,601.6,4.3676,-4.3812,270.0,D3C3,0,40.92,475.55,0,-1
424,legit_66,292.97,998.4,13.5563,0.2664,90.0,B5C5,1,164.62,629.66,0,-1
424,legit_67,201.6,620.71,6.5198,1.875,0.0,B3B4,1,55.6,565.05,0,-1
424,legit_68,801.6,173.65,13.4214,0.4426,0.0,E0E1,1,74.44,608.64,0,-1
424,legit_69,109.7,601.6,12.6947,-0.7654,270.0,B3A3,1,40.33,622.07,0,-1
424,legit_70,974.62,1001.6,6.8911,1.7825,270.0,F5E5,0,108.76,661.17,0,-1
425,legit_48,974.37,1.6,8.9095,1.4356,270.0,F0E0,0,140.49,787.89,0,-1
425,legit_53,601.6,513.72,13.0081,0.1564,0.0,D2D3,1,171.66,456.49,0,-1
425,legit_55,598.4,590.34,5.3781,0.5359,175.61,D3D2,1,148.71,450.85,0,-1
425,legit_57,801.6,713.25,11.505,-0.5608,0.0,E3E4,0,124.45,489.43,0,-1
425,legit_60,198.4,254.07,13.261,0.055,180.0,B2B1,0,116.47,647.42,0,-1
425,legit_61,798.4,266.67,12.8612,-0.1228,180.0,E2E1,1,105.13,558.62,0,-1
425,legit_62,204.77,998.4,12.564,-0.4155,90.0,:B5_7,1,98.28,669.63,0,-1
425,legit_63,33.9,401.6,13.3124,0.663,270.0,B2A2,0,123.33,703.62,0,-1
425,legit_64,598.4,312.57,12.765,-0.4534,180.0,D2D1,0,155.79,511.48,0,-1
425,legit_65,402.62,601.6,6.4913,2.1237,270.0,:C3_5,0,47.41,477.63,0,-1
425,legit_66,305.66,998.4,12.6933,-0.863,90.0,B5C5,1,165.81,624.59,0,-1
425,legit_67,201.6,629.69,8.98,2.4602,0.0,B3B4,1,59.53,565.46,0,-1
425,legit_68,801.6,185.75,12.0967,-1.3247,0.0,E0E1,1,83.58,601.73,0,-1
425,legit_69,96.22,601.6,13.4763,0.7816,270.0,B3A3,1,53.8,631.91,0,-1
425,legit_70,966.25,1001.6,8.364,1.4729,270.0,F5E5,0,114.72,657.21,0,-1
426,legit_48,963.1,1.6,11.266,2.3565,270.0,F0E0,0,146.87,783.08,0,-1
426,legit_53,601.6,526.32,12.5946,-0.4135,0.0,D2D3,2,165.69,454.96,0,-1
426,legit_55,598.4,583.16,7.172,1.7939,180.0,D3D2,1,149.35,451.0,0,-1
426,legit_57,801.6,724.71,11.4604,-0.0447,0.0,E3E4,0,126.31,491.39,0,-1
426,legit_60,198.4,240.85,13.2148,-0.0462,180.0,B2B1,0,128.6,653.58,0,-1
426,legit_61,798.4,254.39,12.2863,-0.5749,180.0,E2E1,1,116.18,564.59,0,-1
426,legit_62,216.95,998.4,12.1799,-0.3841,90.0,B5C5,1,105.55,663.58,0,-1
426,legit_63,20.66,401.6,13.2323,-0.0801,270.0,B2A2,0,135.86,713.84,0,-1
426,legit_64,598.4,300.46,12.1088,-0.6561,180.0,D2D1,1,159.9,516.69,0,-1
426,legit_65,394.08,601.6,8.5372,2.0459,270.0,:C3_5,0,55.94,480.45,0,-1
426,legit_66,318.47,998.4,12.8077,0.1144,90.0,B5C5,1,154.78,619.64,0,-1
426,legit_67,201.6,640.38,10.6839,1.7039,0.0,B3B4,1,65.52,566.12,0,-1
426,legit_68,801.52,193.34,7.5967,-4.5,359.12,:E1_10,1,89.63,597.46,0,-1
426,legit_69,83.4,601.6,12.8186,-0.6577,270.0,B3A3,1,66.62,641.41,0,-1
426,legit_70,955.88,1001.6,10.3683,2.0042,270.0,F5E5,0,122.49,652.42,0,-1
426,legit_71,598.4,387.7,0.0,0.0,180.0,D2D1,2,150.96,484.0,0,-1
427,legit_48,950.45,1.6,12.6504,1.3844,270.0,F0E0,0,154.69,777.85,0,-1
427,legit_53,601.6,538.93,12.6124,0.0178,0.0,D2D3,1,160.48,453.67,0,-1
427,legit_55,598.4,574.33,8.8338,1.6618,180.0,D3D2,1,150.6,451.29,0,-1
427,legit_57,801.6,736.15,11.4424,-0.0179,0.0,E3E4,0,115.96,493.51,0,-1
427,legit_60,198.4,227.86,12.99,-0.2248,180.0,B2B1,0,118.22,659.8,0,-1
427,legit_61,798.4,241.41,12.9736,0.6873,180.0,E2E1,1,128.08,571.07,0,-1
427,legit_62,229.78,998.4,12.837,0.6571,90.0,B5C5,1,114.12,657.4,0,-1
427,legit_63,11.93,401.6,8.7323,-4.5,270.0,B2A2,0,144.2,720.66,0,-1
427,legit_64,598.4,288.35,12.1192,0.0104,180.0,D2D1,1,164.79,522.11,0,-1
427,legit_65,383.34,601.6,10.7431,2.2059,270.0,C3B3,0,66.68,484.11,0,-1
427,legit_66,331.47,998.4,12.9956,0.1879,90.0,B5C5,1,143.9,614.8,0,-1
427,legit_67,201.6,652.4,12.0232,1.3394,0.0,B3B4,1,73.54,567.06,0,-1
427,legit_68,798.61,199.87,7.4805,-0.1162,327.89,:E1_18,1,93.5,593.03,0,-1
427,legit_69,70.54,601.6,12.8669,0.0484,270.0,B3A3,1,79.48,651.09,0,-1
427,legit_70,943.36,1001.6,12.5252,2.1569,270.0,F5E5,0,132.36,646.79,0,-1
427,legit_71,598.4,386.4,1.305,1.305,180.0,D2D1,1,150.73,484.4,0,-1
428,legit_48,937.19,1.6,13.2636,0.6132,270.0,F0E0,0,163.54,772.53,0,-1
428,legit_53,601.6,552.13,13.2032,0.5908,0.0,D2D3,1,155.93,452.56,0,-1
428,legit_55,598.4,563.33,11.002,2.1682,180.0,D3D2,1,152.86,451.82,0,-1
428,legit_57,801.6,748.64,12.4854,1.043,0.0,E3E4,0,104.93,495.99,0,-1
428,legit_60,198.4,214.09,13.7667,0.7768,180.0,B2B1,0,105.81,666.57,0,-1
428,legit_61,798.4,228.41,13.002,0.0284,180.0,E2E1,1,118.72,577.74,0,-1
428,legit_62,242.3,998.4,12.5197,-0.3173,90.0,B5C5,1,123.2,651.57,0,-1
428,legit_63,7.7,401.6,4.2323,-4.5,270.0,B2A2,0,148.26,723.98,0,-1
428,legit_64,598.4,275.74,12.6068,0.4876,180.0,D2D1,1,170.65,527.95,0,-1
428,legit_65,370.9,601.6,12.4377,1.6946,270.0,C3B3,0,79.12,488.51,0,-1
428,legit_66,345.1,998.4,13.6348,0.6392,90.0,B5C5,1,132.9,609.92,0,-1
428,legit_67,201.6,665.57,13.1744,1.1511,0.0,B3B4,0,83.44,568.3,0,-1
428,legit_68,791.7,201.6,7.2749,-0.2055,276.39,E1D1,1,91.64,590.18,0,-1
428,legit_69,57.78,601.6,12.7544,-0.1125,270.0,B3A3,0,92.23,660.81,0,-1
428,legit_70,930.03,1001.6,13.3253,0.8001,270.0,F5E5,0,143.31,640.98,0,-1
428,legit_71,598.4,383.63,2.7624,1.4575,180.0,D2D1,1,150.27,485.27,0,-1
429,legit_48,923.92,1.6,13.2703,0.0067,270.0,F0E0,0,172.96,767.4,0,-1
429,legit_53,601.6,564.87,12.7333,-0.4699,0.0,D2D3,1,152.5,451.74,0,-1
429,legit_55,598.4,551.99,11.3338,0.3318,180.0,D3D2,1,155.97,452.57,0,-1
429,legit_57,801.6,760.76,12.1165,-0.3689,0.0,E3E4,0,94.56,498.57,0,-1
429,legit_60,198.4,200.46,13.6341,-0.1327,180.0,:B1_1,0,93.9,673.44,0,-1
429,legit_61,798.4,216.48,11.93,-1.0719,180.0,E2E1,1,107.94,584.0,0,-1
429,legit_62,255.14,998.4,12.8405,0.3208,90.0,B5C5,1,133.09,645.76,0,-1
429,legit_63,5.61,399.98,2.8599,-1.3724,249.0,:A2_5,0,149.82,726.01,0,-1
429,legit_64,598.4,263.44,12.3017,-0.3051,180.0,D2D1,1,177.05,533.86,0,-1
429,legit_65,358.09,601.6,12.8127,0.3751,270.0,C3B3,0,91.93,493.22,0,-1
429,legit_66,358.65,998.4,13.5485,-0.0863,90.0,B5C5,1,122.49,605.27,0,-1
429,legit_67,201.6,677.93,12.355,-0.8193,0.0,B3B4,0,93.46,569.65,0,-1
429,legit_68,781.97,201.6,9.733,2.4581,270.0,E1D1,1,87.64,587.63,0,-1
429,legit_69,44.79,601.6,12.9906,0.2362,270.0,B3A3,0,105.22,670.84,0,-1
429,legit_70,917.43,1001.6,12.5984,-0.7269,270.0,F5E5,0,154.01,635.66,0,-1
429,legit_71,598.4,378.36,5.2693,2.5068,180.0,D2D1,1,149.53,486.95,0,-1
430,legit_48,910.86,1.6,13.0576,-0.2127,270.0,F0E0,0,182.7,762.52,0,-1
430,legit_53,601.6,578.44,13.5738,0.8405,0.0,D2D3,1,149.96,451.14,0,-1
430,legit_55,598.4,540.68,11.3132,-0.0206,180.0,D3D2,1,159.82,453.5,0,-1
430,legit_57,801.6,772.24,11.4879,-0.6286,0.0,E3E4,0,85.17,501.18,0,-1
430,legit_60,198.4,187.27,13.1863,-0.4478,180.0,B1B0,0,82.87,680.26,0,-1
430,legit_61,798.4,208.08,8.3969,-3.5331,180.0,E2E1,1,100.5,588.5,0,-1
430,legit_62,267.45,998.4,12.3092,-0.5313,90.0,B5C5,1,143.02,640.36,0,-1
430,legit_63,7.72,398.4,2.8305,-0.0294,167.6,A2B2,0,147.37,724.73,0,-1
430,legit_64,598.4,250.49,12.9478,0.6462,180.0,D2D1,1,184.43,540.3,0,-1
430,legit_65,344.97,601.6,13.1194,0.3066,270.0,C3B3,0,105.04,498.22,0,-1
430,legit_66,371.33,998.4,12.6768,-0.8717,90.0,B5C5,1,113.35,601.12,0,-1
430,legit_67,201.6,690.34,12.4075,0.0525,0.0,B3B4,0,104.03,571.18,0,-1
430,legit_68,770.56,201.6,11.4078,1.6748,270.0,E1D1,1,84.15,584.83,0,-1
430,legit_69,32.03,601.6,12.764,-0.2266,270.0,B3A3,0,117.98,680.81,0,-1
430,legit_70,903.85,1001.6,13.5873,0.989,270.0,F5E5,0,165.85,630.1,0,-1
430,legit_71,598.4,371.72,6.6429,1.3736,180.0,D2D1,1,148.86,489.13,0,-1
431,legit_48,897.99,1.6,12.8752,-0.1824,270.0,F0E0,0,189.52,757.88,0,-1
431,legit_53,601.6,588.58,10.1376,-3.4362,0.0,D2D3,1,148.84,450.88,0,-1
431,legit_55,598.4,529.11,11.573,0.2598,180.0,D3D2,1,164.46,454.66,0,-1
431,legit_57,801.6,783.53,11.2835,-0.2043,0.0,E3E4,0,76.5,503.91,0,-1
431,legit_60,198.4,173.5,13.7769,0.5907,180.0,B1B0,0,72.14,687.58,0,-1
431,legit_61,796.96,202.98,5.4389,-2.958,197.1,:E1_0,1,95.35,590.87,0,-1
431,legit_62,279.53,998.4,12.0766,-0.2326,90.0,B5C5,1,153.09,635.21,0,-1
431,legit_63,12.79,398.4,5.0664,2.2359,90.0,A2B2,0,142.48,720.75,0,-1
431,legit_64,598.4,237.48,13.0091,0.0613,180.0,D2D1,1,189.27,546.97,0,-1
431,legit_65,332.07,601.6,12.9008,-0.2186,270.0,C3B3,0,117.94,503.32,0,-1
431,legit_66,384.53,998.4,13.1973,0.5204,90.0,B5C5,1,104.62,597.0,0,-1
431,legit_67,201.6,703.54,13.206,0.7985,0.0,B3B4,0,115.69,573.0,0,-1
431,legit_68,757.14,201.6,13.4214,2.0135,270.0,E1D1,1,81.91,581.8,0,-1
431,legit_69,20.36,601.6,11.666,-1.0981,270.0,B3A3,0,129.65,690.03,0,-1
431,legit_70,890.74,1001.6,13.1042,-0.4831,270.0,F5E5,0,161.11,624.92,0,-1
431,legit_71,598.4,362.99,8.7313,2.0885,180.0,D2D1,1,148.43,492.1,0,-1
432,legit_48,885.0,1.6,12.9843,0.1091,270.0,F0E0,0,179.57,753.37,0,-1
432,legit_53,601.8,594.2,5.6376,-4.5,2.3,:D3_8,1,148.31,450.8,0,-1
432,legit_55,598.4,517.01,12.0989,0.5259,180.0,D3D2,1,170.03,456.07,0,-1
432,legit_57,801.6,790.78,7.2513,-4.0323,0.0,E3E4,0,71.31,505.75,0,-1
432,legit_60,198.4,159.77,13.7257,-0.0512,180.0,B1B0,0,62.64,695.08,0,-1
432,legit_61,791.21,201.6,6.0689,0.63,260.29,E1D1,1,91.41,590.05,0,-1
432,legit_62,291.95,998.4,12.4207,0.3441,90.0,B5C5,1,163.73,630.07,0,-1
432,legit_63,19.33,398.4,6.5469,1.4805,90.0,A2B2,1,136.19,715.65,0,-1
432,legit_64,598.4,225.01,12.472,-0.5371,180.0,D2D1,2,181.79,553.58,0,-1
432,legit_65,319.57,601.6,12.4985,-0.4023,270.0,C3B3,0,130.44,508.44,0,-1
432,legit_66,397.23,998.4,12.7011,-0.4962,90.0,:C5_7,1,97.18,593.26,0,-1
432,legit_67,201.6,716.17,12.6264,-0.5796,0.0,B3B4,0,127.11,574.91,0,-1
432,legit_68,744.49,201.6,12.6449,-0.7765,270.0,E1D1,2,81.79,579.23,0,-1
432,legit_69,11.6,601.6,8.7615,-2.9044,270.0,B3A3,0,138.41,697.02,0,-1
432,legit_70,877.7,1001.6,13.0406,-0.0636,270.0,F5E5,0,149.85,619.94,0,-1
432,legit_71,598.4,351.71,11.2762,2.5449,180.0,D2D1,1,148.63,496.1,0,-1
432,legit_72,1.6,412.3,0.0,0.0,0.0,A2A3,1,157.35,726.33,0,-1
433,legit_48,871.53,1.6,13.4727,0.4884,270.0,F0E0,0,169.67,748.88,0,-1
433,legit_53,604.88,598.07,5.2727,-0.3649,40.21,:D3_8,1,145.13,450.79,0,-1
433,legit_55,598.4,504.89,12.1142,0.0153,180.0,D3D2,1,176.26,457.69,0,-1
433,legit_57,800.87,793.9,3.3383,-3.913,351.3,:E4_11,0,68.65,506.33,0,-1
433,legit_60,198.4,146.05,13.7232,-0.0025,180.0,B1B0,0,54.96,702.81,0,-1
433,legit_61,782.7,201.6,8.5008,2.4319,270.0,E1D1,1,87.91,587.82,0,-1
433,legit_62,304.38,998.4,12.4247,0.004,90.0,B5C5,1,166.93,625.1,0,-1
433,legit_63,28.04,398.4,8.7009,2.154,90.0,A2B2,1,127.87,708.91,0,-1
433,legit_64,598.4,212.67,12.3353,-0.1367,180.0,D2D1,2,174.96,560.3,0,-1
433,legit_65,306.21,601.6,13.3632,0.8647,270.0,C3B3,0,143.8,514.08,0,-1
433,legit_66,410.81,998.4,13.5812,0.8802,90.0,C5D5,1,90.52,589.51,0,-1
433,legit_67,201.6,729.64,13.4768,0.8504,0.0,B3B4,0,121.82,577.13,0,-1
433,legit_68,731.12,201.6,13.3701,0.7252,270.0,E1D1,2,83.75,576.8,0,-1
433,legit_69,3.78,601.11,7.8533,-0.9083,264.38,:A3_4,0,146.22,703.29,0,-1
433,legit_70,863.91,1001.6,13.7961,0.7556,270.0,F5E5,0,138.28,614.87,0,-1
433,legit_71,598.4,338.47,13.2462,1.97,180.0,D2D1,1,149.95,501.05,0,-1
433,legit_72,1.6,414.8,2.5043,2.5043,0.0,A2A3,1,158.2,725.77,0,-1
434,legit_48,858.02,1.6,13.5117,0.039,270.0,F0E0,0,160.27,744.56,0,-1
434,legit_53,609.99,598.4,5.1374,-0.1353,86.41,D3E3,1,140.01,450.83,0,-1
434,legit_55,598.4,493.26,11.6353,-0.4789,180.0,D3D2,1,182.8,459.44,0,-1
434,legit_57,798.77,793.36,2.6839,-0.6544,298.83,:E4_19,0,67.48,505.54,0,-1
434,legit_60,198.4,132.61,13.4407,-0.2825,180.0,B1B0,0,50.01,710.66,0,-1
434,legit_61,771.68,201.6,11.0232,2.5224,270.0,E1D1,1,84.43,585.09,0,-1
434,legit_62,317.0,998.4,12.626,0.2013,90.0,B5C5,1,156.04,620.2,0,-1
434,legit_63,38.54,398.4,10.5004,1.7994,90.0,A2B2,1,117.89,700.84,0,-1
434,legit_64,598.4,200.08,12.5944,0.2591,180.0,:D1_1,2,168.63,567.36,0,-1
434,legit_65,293.65,601.6,12.557,-0.8062,270.0,C3B3,0,143.66,519.56,0,-1
434,legit_66,423.53,998.4,12.7212,-0.86,90.0,C5D5,1,85.79,586.25,0,-1
434,legit_67,201.6,742.99,13.3463,-0.1305,0.0,B3B4,0,109.88,579.52,0,-1
434,legit_68,717.72,201.6,13.4052,0.0351,270.0,E1D1,2,87.75,574.67,0,-1
434,legit_69,-1.29,594.99,8.5267,0.6734,203.95,:A3_4,0,151.37,707.39,0,-1
434,legit_70,850.66,1001.6,13.2454,-0.5507,270.0,F5E5,0,127.59,610.19,0,-1
434,legit_71,598.4,325.45,13.0209,-0.2254,180.0,D2D1,1,152.37,506.17,0,-1
434,legit_72,1.6,419.44,4.6374,2.1332,0.0,A2A3,1,159.86,724.76,0,-1
435,legit_48,844.36,1.6,13.6542,0.1424,270.0,F0E0,0,151.4,740.4,0,-1
435,legit_53,617.09,598.4,7.0986,1.9612,90.0,D3E3,1,132.92,450.94,0,-1
435,legit_55,598.4,481.02,12.2395,0.6042,180.0,D3D2,1,190.21,461.49,0,-1
435,legit_57,798.4,790.69,2.7819,0.098,211.14,E4E3,0,69.1,504.73,0,-1
435,legit_60,198.4,118.82,13.7906,0.3499,180.0,B1B0,0,48.41,719.02,0,-1
435,legit_61,758.69,201.6,12.9903,1.9672,270.0,E1D1,1,82.06,582.13,0,-1
435,legit_62,329.31,998.4,12.3102,-0.3158,90.0,B5C5,1,145.69,615.59,0,-1
435,legit_63,51.44,398.4,12.9052,2.4048,90.0,A2B2,1,105.78,691.05,0,-1
435,legit_64,598.4,186.89,13.188,0.5936,180.0,D1D0,2,162.78,574.97,0,-1
435,legit_65,280.5,601.6,13.1508,0.5938,270.0,C3B3,0,130.51,525.47,0,-1
435,legit_66,436.41,998.4,12.8821,0.1608,90.0,C5D5,1,82.72,583.22,0,-1
435,legit_67,201.6,755.55,12.5539,-0.7924,0.0,B3B4,0,98.97,581.94,0,-1
435,legit_68,704.06,201.6,13.6598,0.2547,270.0,E1D1,2,93.64,572.79,0,-1
435,legit_69,-1.6,586.87,8.1394,-0.3873,180.0,A3A2,0,152.17,707.74,0,-1
435,legit_70,837.54,1001.6,13.1229,-0.1226,270.0,F5E5,0,117.51,605.75,0,-1
435,legit_71,598.4,311.92,13.5238,0.5029,180.0,D2D1,1,155.99,511.76,0,-1
435,legit_72,1.6,426.19,6.7483,2.1109,0.0,A2A3,1,162.49,723.34,0,-1
436,legit_48,831.68,1.6,12.6805,-0.9737,270.0,F0E0,0,143.84,736.72,0,-1
436,legit_53,626.39,598.4,9.299,2.2004,90.0,D3E3,1,123.62,451.16,0,-1
436,legit_55,598.4,469.26,11.7589,-0.4806,180.0,D3D2,1,184.28,463.65,0,-1
436,legit_57,798.4,786.18,4.5086,1.7267,180.0,E4E3,0,72.38,503.59,0,-1
436,legit_60,198.4,105.63,13.1875,-0.6031,180.0,B1B0,0,50.49,727.33,0,-1
436,legit_61,745.91,201.6,12.7837,-0.2066,270.0,E1D1,2,81.7,579.5,0,-1
436,legit_62,342.3,998.4,12.9866,0.6764,90.0,B5C5,1,135.12,610.9,0,-1
436,legit_63,64.34,398.4,12.9031,-0.0021,90.0,A2B2,1,93.87,681.39,0,-1
436,legit_64,598.4,174.75,12.1394,-1.0486,180.0,D1D0,3,158.18,582.17,0,-1
436,legit_65,267.49,601.6,13.0088,-0.142,270.0,C3B3,0,117.5,531.49,0,-1
436,legit_66,449.68,998.4,13.2679,0.3858,90.0,C5D5,1,81.6,580.38,0,-1
436,legit_67,201.6,767.93,12.381,-0.1729,0.0,B3B4,0,88.64,584.49,0,-1
436,legit_68,691.16,201.6,12.8975,-0.7623,270.0,E1D1,3,100.6,571.27,0,-1
436,legit_69,-1.6,576.77,10.0964,1.9571,180.0,A3A2,1,153.37,707.97,0,-1
436,legit_70,824.05,1001.6,13.4832,0.3603,270.0,F5E5,0,107.85,601.41,0,-1
436,legit_71,598.4,299.31,12.6165,-0.9073,180.0,D2D1,2,160.33,517.2,0,-1
436,legit_72,1.6,435.27,9.0833,2.335,0.0,A2A3,2,166.4,721.5,0,-1
437,legit_48,817.83,1.6,13.8542,1.1737,270.0,F0E0,0,136.45,732.91,0,-1
437,legit_53,637.18,598.4,10.7881,1.489,90.0,D3E3,1,112.83,451.55,0,-1
437,legit_55,598.4,458.03,11.2332,-0.5257,180.0,D3D2,1,177.85,465.89,0,-1
437,legit_57,798.4,780.2,5.9831,1.4745,180.0,E4E3,0,76.94,502.1,0,-1
437,legit_60,198.4,91.93,13.7027,0.5152,180.0,B1B0,0,55.95,736.26,0,-1
437,legit_61,732.92,201.6,12.9891,0.2054,270.0,E1D1,2,83.37,577.11,0,-1
437,legit_62,354.87,998.4,12.5752,-0.4115,90.0,B5C5,1,125.33,606.54,0,-1
437,legit_63,77.91,398.4,13.5628,0.6597,90.0,A2B2,1,81.68,671.39,0,-1
437,legit_64,598.4,162.38,12.3674,0.228,180.0,D1D0,3,154.33,589.7,0,-1
437,legit_65,255.08,601.6,12.4121,-0.5968,270.0,C3B3,0,105.09,537.4,0,-1
437,legit_66,463.08,998.4,13.4057,0.1378,90.0,C5D5,1,82.64,577.82,0,-1
437,legit_67,201.6,781.26,13.332,0.9511,0.0,B3B4,0,78.19,587.44,0,-1
437,legit_68,678.52,201.6,12.639,-0.2585,270.0,E1D1,3,108.48,570.0,0,-1
437,legit_69,-1.6,564.59,12.18,2.0836,180.0,A3A2,1,155.68,708.41,0,-1
437,legit_70,811.13,1001.6,12.9254,-0.5578,270.0,F5E5,0,99.41,597.45,0,-1
437,legit_71,598.4,286.62,12.6885,0.072,180.0,D2D1,2,165.55,522.9,0,-1
437,legit_72,1.6,446.58,11.3066,2.2233,0.0,A2A3,2,171.81,719.36,0,-1
438,legit_53,650.49,598.4,13.3132,2.5251,90.0,D3E3,0,99.52,452.2,0,-1
438,legit_55,598.4,447.04,10.9872,-0.246,180.0,D3D2,0,172.04,468.25,0,-1
438,legit_57,798.4,771.9,8.3001,2.317,180.0,E4E3,0,83.55,500.12,0,-1
438,legit_60,198.4,79.08,12.8418,-0.8609,180.0,B1B0,0,63.38,744.87,0,-1
438,legit_61,719.83,201.6,13.0898,0.1007,270.0,E1D1,3,87.0,574.99,0,-1
438,legit_62,367.08,998.4,12.2039,-0.3713,90.0,B5C5,1,116.34,602.49,0,-1
438,legit_63,91.32,398.4,13.415,-0.1479,90.0,A2B2,1,70.13,661.67,0,-1
438,legit_64,598.4,149.48,12.9083,0.5409,180.0,D1D0,3,151.3,597.78,0,-1
438,legit_65,242.18,601.6,12.8919,0.4798,270.0,C3B3,0,92.2,543.7,0,-1
438,legit_66,476.37,998.4,13.2875,-0.1182,90.0,C5D5,1,85.76,575.58,0,-1
438,legit_67,201.6,793.91,12.6511,-0.681,0.0,:B4_9,0,69.19,590.43,0,-1
438,legit_68,665.25,201.6,13.2725,0.6335,270.0,E1D1,3,117.65,568.89,0,-1
438,legit_69,-1.6,550.95,13.6428,1.4628,180.0,A3A2,1,159.34,709.13,0,-1
438,legit_70,798.25,1001.6,12.8769,-0.0485,270.0,:E5_0,0,92.06,593.74,0,-1
438,legit_71,598.4,273.74,12.878,0.1896,180.0,D2D1,3,171.65,528.9,0,-1
438,legit_72,1.6,459.99,13.4131,2.1065,0.0,A2A3,2,178.94,717.0,0,-1
438,legit_73,998.4,787.7,0.0,0.0,180.0,F4F3,0,73.47,588.94,0,-1
439,legit_53,663.17,598.4,12.681,-0.6321,90.0,D3E3,0,86.84,453.01,0,-1
439,legit_55,598.4,435.24,11.8033,0.8161,180.0,D3D2,0,166.38,470.98,0,-1
439,legit_57,798.4,761.59,10.3092,2.0091,180.0,E4E3,0,92.15,497.78,0,-1
439,legit_60,198.4,65.5,13.5819,0.7401,180.0,B1B0,0,72.89,754.18,0,-1
439,legit_61,707.51,201.6,12.3142,-0.7756,270.0,E1D1,3,92.0,573.24,0,-1
439,legit_62,379.3,998.4,12.224,0.02,90.0,B5C5,1,107.97,598.6,0,-1
439,legit_63,105.0,398.4,13.6787,0.2637,90.0,A2B2,1,59.16,651.95,0,-1
439,legit_64,598.4,136.77,12.7005,-0.2078,180.0,D1D0,3,149.35,605.93,0,-1
439,legit_65,229.08,601.6,13.1096,0.2177,270.0,C3B3,0,79.09,550.29,0,-1
439,legit_66,489.1,998.4,12.7292,-0.5583,90.0,C5D5,1,90.48,573.7,0,-1
439,legit_67,201.6,807.11,13.1989,0.5478,0.0,:B4_9,0,61.19,593.79,0,-1
439,legit_68,652.44,201.6,12.8046,-0.4679,270.0,E1D1,3,127.18,568.03,0,-1
439,legit_69,-1.6,538.22,12.7329,-0.9099,180.0,A3A2,1,163.71,710.0,0,-1
439,legit_70,785.5,1001.6,12.7503,-0.1266,270.0,E5D5,0,86.06,590.29,0,-1
439,legit_71,598.4,261.14,12.596,-0.2821,180.0,D2D1,3,178.31,534.99,0,-1
439,legit_72,1.6,473.42,13.4273,0.0142,0.0,A2A3,2,186.78,714.85,0,-1
439,legit_73,998.4,785.11,2.5932,2.5932,180.0,F4F3,0,75.34,588.33,0,-1
440,legit_53,676.55,598.4,13.3713,0.6902,90.0,D3E3,0,73.47,454.07,0,-1
440,legit_55,598.4,423.21,12.0281,0.2248,180.0,D3D2,0,161.3,473.96,0,-1
440,legit_57,798.4,749.01,12.581,2.2718,180.0,E4E3,0,103.07,495.1,0,-1
440,legit_60,198.4,51.75,13.7564,0.1745,180.0,B1B0,0,83.67,763.79,0,-1
440,legit_61,694.22,201.6,13.2896,0.9753,270.0,E1D1,3,98.84,571.61,0,-1
440,legit_62,389.22,998.4,9.9169,-2.307,90.0,B5C5,1,101.75,595.59,0,-1
440,legit_63,117.59,398.4,12.5932,-1.0855,90.0,A2B2,1,50.25,643.21,0,-1
440,legit_64,598.4,124.29,12.4838,-0.2166,180.0,D1D0,3,148.46,614.15,0,-1
440,legit_65,215.7,601.6,13.377,0.2674,270.0,C3B3,0,65.72,557.18,0,-1
440,legit_66,502.6,998.4,13.4959,0.7668,90.0,C5D5,1,97.08,571.97,0,-1
440,legit_67,201.6,820.24,13.1279,-0.071,0.0,B4B5,0,55.26,597.38,0,-1
440,legit_68,638.56,201.6,13.8827,1.0781,270.0,E1D1,3,138.12,567.32,0,-1
440,legit_69,-1.6,524.59,13.6255,0.8926,180.0,A3A2,1,169.32,711.15,0,-1
440,legit_70,771.83,1001.6,13.6706,0.9203,270.0,E5D5,0,81.38,586.88,0,-1
440,legit_71,598.4,248.51,12.6369,0.0409,180.0,D2D1,3,185.62,541.3,0,-1
440,legit_72,1.6,486.37,12.9503,-0.477,0.0,A2A3,2,186.91,712.98,0,-1
440,legit_73,998.4,780.36,4.7473,2.1541,180.0,F4F3,0,78.86,587.23,0,-1
441,legit_53,689.07,598.4,12.5278,-0.8434,90.0,D3E3,0,60.95,455.24,0,-1
441,legit_55,598.4,411.2,12.0047,-0.0234,180.0,D3D2,0,156.99,477.15,0,-1
441,legit_57,798.4,736.6,12.4099,-0.1711,180.0,E4E3,0,114.17,492.63,0,-1
441,legit_60,198.4,38.93,12.8207,-0.9357,180.0,B1B0,0,94.42,772.89,0,-1
441,legit_61,681.97,201.6,12.2531,-1.0365,270.0,E1D1,3,106.24,570.32,0,-1
441,legit_62,394.62,998.14,5.4169,-4.5,92.98,:C5_6,1,98.83,593.87,0,-1
441,legit_63,130.5,398.4,12.9075,0.3143,90.0,A2B2,0,43.07,634.5,0,-1
441,legit_64,598.4,111.55,12.7404,0.2566,180.0,D1D0,3,148.64,622.75,0,-1
441,legit_66,515.85,998.4,13.2514,-0.2446,90.0,C5D5,1,104.85,570.54,0,-1
441,legit_67,201.6,833.28,13.0479,-0.0801,0.0,B4B5,0,52.04,601.25,0,-1
441,legit_68,625.87,201.6,12.687,-1.1957,270.0,E1D1,3,148.55,566.87,0,-1
441,legit_69,-1.6,511.87,12.721,-0.9045,180.0,A3A2,1,175.35,712.42,0,-1
441,legit_70,759.19,1001.6,12.636,-1.0346,270.0,E5D5,0,78.94,584.0,0,-1
441,legit_71,598.4,234.94,13.5701,0.9332,180.0,D2D1,3,187.7,548.3,0,-1
441,legit_72,1.6,499.8,13.428,0.4777,0.0,A2A3,1,179.06,711.24,0,-1
441,legit_73,998.4,774.2,6.1551,1.4078,180.0,F4F3,0,83.62,585.85,0,-1
442,legit_53,702.13,598.4,13.0537,0.5259,90.0,D3E3,0,47.9,456.65,0,-1
442,legit_57,798.4,724.67,11.9247,-0.4852,180.0,E4E3,0,125.07,490.42,0,-1
442,legit_60,198.4,25.42,13.503,0.6823,180.0,B1B0,0,106.24,782.61,0,-1
442,legit_61,668.96,201.6,13.0068,0.7538,270.0,E1D1,3,115.0,569.18,0,-1
442,legit_62,398.22,994.09,5.8875,0.4706,144.28,:C5_6,1,100.31,590.63,0,-1
442,legit_63,143.3,398.4,12.7977,-0.1098,90.0,A2B2,0,38.98,626.16,0,-1
442,legit_64,598.4,99.53,12.0198,-0.7205,180.0,D1D0,3,149.81,631.06,0,-1
442,legit_66,528.53,998.4,12.6857,-0.5656,90.0,C5D5,1,113.25,569.38,0,-1
442,legit_67,201.6,845.7,12.4204,-0.6275,0.0,B4B5,0,51.91,605.23,0,-1
442,legit_68,616.04,201.6,9.83,-2.857,270.0,E1D1,3,156.85,566.64,0,-1
442,legit_69,-1.6,498.54,13.3357,0.6147,180.0,A3A2,1,182.42,713.95,0,-1
442,legit_70,746.43,1001.6,12.764,0.128,270.0,E5D5,0,78.48,581.36,0,-1
442,legit_71,598.4,221.95,12.9884,-0.5817,180.0,D2D1,3,180.04,555.23,0,-1
442,legit_72,1.6,513.35,13.5497,0.1218,0.0,A2A3,1,171.85,709.69,0,-1
442,legit_73,998.4,765.59,8.6164,2.4613,180.0,F4F3,0,90.55,583.99,0,-1
443,legit_53,715.74,598.4,13.6082,0.5545,90.0,D3E3,1,34.3,458.33,0,-1
443,legit_57,798.4,713.15,11.5248,-0.3999,180.0,E4E3,1,123.06,488.44,0,-1
443,legit_60,198.4,15.05,10.3717,-3.1313,180.0,B1B0,0,115.57,790.17,0,-1
443,legit_61,656.53,201.6,12.4331,-0.5737,270.0,E1D1,3,124.08,568.29,0,-1
443,legit_62,398.4,989.28,4.8302,-1.0573,177.6,C5C4,1,104.37,587.98,0,-1
443,legit_63,156.09,398.4,12.7925,-0.0053,90.0,A2B2,0,38.88,618.18,0,-1
443,legit_64,598.4,86.28,13.2455,1.2257,180.0,D1D0,3,152.18,640.41,0,-1
443,legit_66,541.82,998.4,13.2907,0.6049,90.0,C5D5,1,122.84,568.39,0,-1
443,legit_67,201.6,858.39,12.6909,0.2705,0.0,B4B5,0,54.78,609.58,0,-1
443,legit_68,610.53,201.6,5.5193,-4.3107,270.0,E1D1,3,161.59,566.56,0,-1
443,legit_69,-1.6,485.28,13.2568,-0.0789,180.0,A3A2,1,190.11,715.69,0,-1
443,legit_70,732.97,1001.6,13.4618,0.6978,270.0,E5D5,0,80.23,578.88,0,-1
443,legit_71,598.4,210.97,10.9816,-2.0068,180.0,D2D1,3,174.06,561.24,0,-1
443,legit_72,1.6,526.02,12.6752,-0.8745,0.0,A2A3,1,165.82,708.45,0,-1
443,legit_73,998.4,754.45,11.1426,2.5262,180.0,F4F3,0,99.91,581.72,0,-1
444,legit_53,729.2,598.4,13.4613,-0.1469,90.0,D3E3,1,20.86,460.2,0,-1
444,legit_57,798.4,701.6,11.5434,0.0185,180.0,E4E3,1,112.54,486.61,0,-1
444,legit_60,198.4,9.18,5.8717,-4.5,180.0,B1B0,0,120.93,794.48,0,-1
444,legit_61,644.15,201.6,12.3829,-0.0502,270.0,E1D1,3,133.65,567.58,0,-1
444,legit_62,398.4,982.33,6.9492,2.119,180.0,C5C4,0,110.46,584.27,0,-1
444,legit_63,168.92,398.4,12.8278,0.0353,90.0,A2B2,0,42.81,610.54,0,-1
444,legit_64,598.4,73.64,12.6458,-0.5997,180.0,D1D0,3,155.47,649.54,0,-1
444,legit_66,555.64,998.4,13.8183,0.5277,90.0,C5D5,0,133.49,567.59,0,-1
444,legit_67,201.6,871.96,13.5615,0.8706,0.0,B4B5,0,60.69,614.54,0,-1
444,legit_68,607.37,201.6,3.1588,-2.3606,270.0,E1D1,3,164.33,566.53,0,-1
444,legit_69,-1.6,471.5,13.782,0.5252,180.0,A3A2,1,188.19,717.7,0,-1
444,legit_70,719.09,1001.6,13.8748,0.413,270.0,E5D5,0,84.27,576.65,0,-1
444,legit_71,597.93,204.54,6.4816,-4.5,185.48,:D1_0,3,170.38,564.84,0,-1
444,legit_72,1.6,538.77,12.7445,0.0693,0.0,A2A3,1,160.54,707.38,0,-1
444,legit_73,998.4,741.38,13.0699,1.9273,180.0,F4F3,0,111.31,579.22,0,-1
444,legit_74,587.7,401.6,0.0,0.0,270.0,D2C2,0,143.85,479.93,0,-1
445,legit_53,742.01,598.4,12.8169,-0.6444,90.0,D3E3,1,8.14,462.19,0,-1
445,legit_57,798.4,689.17,12.4367,0.8933,180.0,E4E3,1,101.46,484.8,0,-1
445,legit_60,198.77,6.65,2.6408,-3.2309,175.7,:B0_2,0,123.4,796.17,0,-1
445,legit_61,631.37,201.6,12.7759,0.393,270.0,E1D1,3,143.98,567.04,0,-1
445,legit_62,398.4,973.43,8.8952,1.946,180.0,C5C4,0,118.4,579.6,0,-1
445,legit_63,181.8,398.4,12.8782,0.0504,90.0,A2B2,0,49.86,603.18,0,-1
445,legit_64,598.4,60.96,12.6766,0.0308,180.0,D1D0,3,159.71,658.86,0,-1
445,legit_66,569.37,998.4,13.7233,-0.095,90.0,C5D5,1,144.59,567.02,0,-1
445,legit_67,201.6,884.99,13.0292,-0.5323,0.0,B4B5,0,68.46,619.57,0,-1
445,legit_68,605.81,201.6,1.5588,-1.6,270.0,:D1_5,3,165.68,566.51,0,-1
445,legit_69,-1.6,457.71,13.789,0.007,180.0,A3A2,1,180.36,719.94,0,-1
445,legit_70,705.68,1001.6,13.4098,-0.465,270.0,E5D5,1,90.06,574.78,0,-1
445,legit_71,593.15,201.65,5.9657,-0.5159,244.25,:D1_0,3,164.79,566.49,0,-1
445,legit_72,1.6,551.83,13.0659,0.3214,0.0,A2A3,1,156.02,706.5,0,-1
445,legit_73,998.4,729.06,12.3144,-0.7555,180.0,F4F3,0,122.35,577.03,0,-1
445,legit_74,585.77,401.6,1.9302,1.9302,270.0,D2C2,0,142.0,479.96,0,-1
446,legit_53,754.56,598.4,12.5473,-0.2696,90.0,D3E3,1,4.83,464.77,0,-1
446,legit_57,798.4,676.54,12.6221,0.1854,180.0,E4E3,1,90.56,483.16,0,-1
446,legit_60,200.73,5.96,2.4854,-0.1553,143.01,:B0_2,0,124.81,795.77,0,-1
446,legit_61,621.14,201.6,10.2308,-2.5451,270.0,E1D1,2,152.52,566.74,0,-1
446,legit_62,398.4,962.05,11.3803,2.4851,180.0,C5C4,0,128.74,573.74,0,-1
446,legit_64,598.4,48.61,12.3515,-0.3252,180.0,D1D0,0,164.68,668.12,0,-1
446,legit_66,582.5,998.4,13.1386,-0.5847,90.0,C5D5,1,155.62,566.66,0,-1
446,legit_67,201.6,897.61,12.6234,-0.4058,0.0,B4B5,0,77.34,624.65,0,-1
446,legit_68,602.25,201.6,3.5615,2.0027,270.0,:D1_5,2,168.79,566.5,0,-1
446,legit_69,-1.6,444.78,12.9321,-0.8569,180.0,A3A2,1,173.69,722.23,0,-1
446,legit_70,693.06,1001.6,12.6197,-0.7901,270.0,E5D5,1,96.89,573.27,0,-1
446,legit_71,587.78,201.6,5.3724,-0.5933,270.0,D1C1,2,160.13,566.58,0,-1
446,legit_72,1.6,564.65,12.8131,-0.2528,0.0,A2A3,1,152.55,705.83,0,-1
446,legit_73,998.4,716.01,13.0547,0.7403,180.0,F4F3,0,126.96,574.88,0,-1
446,legit_74,581.54,401.6,4.2306,2.3003,270.0,D2C2,0,137.96,480.04,0,-1
447,legit_53,768.12,598.4,13.5636,1.0163,90.0,D3E3,1,18.2,468.61,0,-1
447,legit_57,798.4,664.77,11.7759,-0.8463,180.0,E4E3,1,80.85,481.79,0,-1
447,legit_60,201.6,8.73,3.0567,0.5712,44.95,B0B1,0,122.65,793.32,0,-1
447,legit_61,614.25,201.6,6.8942,-3.3365,270.0,E1D1,2,158.39,566.61,0,-1
447,legit_62,398.4,949.44,12.6092,1.2289,180.0,C5C4,0,121.0,567.4,0,-1
447,legit_64,598.4,35.54,13.0681,0.7166,180.0,D1D0,0,170.75,678.07,0,-1
447,legit_66,595.44,998.4,12.931,-0.2077,90.0,:D5_7,1,166.76,566.51,0,-1
447,legit_67,201.6,910.8,13.1945,0.5711,0.0,B4B5,0,87.61,630.16,0,-1
447,legit_68,596.34,201.6,5.9097,2.3482,270.0,:D1_5,2,167.55,566.5,0,-1
447,legit_69,-1.6,431.93,12.8493,-0.0828,180.0,A3A2,1,167.8,724.71,0,-1
447,legit_70,679.92,1001.6,13.1488,0.5291,270.0,E5D5,1,105.16,571.93,0,-1
447,legit_71,580.59,201.6,7.191,1.8186,270.0,D1C1,2,153.98,566.7,0,-1
447,legit_72,1.6,577.27,12.6263,-0.1868,0.0,A2A3,1,150.13,705.37,0,-1
447,legit_73,998.4,703.12,12.8871,-0.1676,180.0,F4F3,0,115.31,572.94,0,-1
447,legit_74,575.7,401.6,5.8436,1.6131,270.0,D2C2,0,132.4,480.18,0,-1
448,legit_53,780.31,598.4,12.1894,-1.3742,90.0,D3E3,1,30.36,472.25,0,-1
448,legit_57,798.4,652.57,12.1986,0.4227,180.0,E4E3,1,71.46,480.57,0,-1
448,legit_60,201.6,13.86,5.1312,2.0745,0.0,B0B1,0,118.01,789.55,0,-1
448,legit_61,608.88,201.6,5.3659,-1.5283,270.0,E1D1,2,163.01,566.54,0,-1
448,legit_62,398.4,937.27,12.1726,-0.4366,180.0,C5C4,0,110.11,561.44,0,-1
448,legit_64,598.4,23.11,12.4374,-0.6307,180.0,D1D0,0,177.23,687.69,0,-1
448,legit_66,608.69,998.4,13.2497,0.3187,90.0,D5E5,1,163.18,566.54,0,-1
448,legit_67,201.6,923.95,13.1496,-0.0448,0.0,B4B5,0,98.54,635.84,0,-1
448,legit_68,588.71,201.6,7.6299,1.7202,270.0,D1C1,2,160.93,566.57,0,-1
448,legit_69,-1.6,419.29,12.6403,-0.209,180.0,A3A2,0,162.78,727.33,0,-1
448,legit_70,667.2,1001.6,12.7124,-0.4364,270.0,E5D5,1,114.03,570.85,0,-1
448,legit_71,571.76,201.6,8.83,1.639,270.0,D1C1,2,146.57,566.94,0,-1
448,legit_72,1.6,586.78,9.5105,-3.1159,0.0,A2A3,0,148.99,705.16,0,-1
448,legit_73,998.4,690.08,13.0412,0.1541,180.0,F4F3,0,103.81,571.15,0,-1
448,legit_74,568.1,401.6,7.5953,1.7517,270.0,D2C2,0,125.21,480.42,0,-1
449,legit_53,788.0,598.4,7.6894,-4.5,90.0,D3E3,1,38.04,474.63,0,-1
449,legit_57,798.4,640.08,12.4874,0.2888,180.0,E4E3,1,62.84,479.53,0,-1
449,legit_60,201.6,21.26,7.3929,2.2617,0.0,B0B1,0,111.41,784.15,0,-1
449,legit_61,600.93,201.6,7.9532,2.5873,270.0,:D1_5,2,169.94,566.5,0,-1
449,legit_62,398.4,924.81,12.4575,0.285,180.0,C5C4,0,99.28,555.5,0,-1
449,legit_64,598.4,13.73,9.3753,-3.0621,180.0,D1D0,0,182.53,695.03,0,-1
449,legit_66,621.9,998.4,13.2182,-0.0315,90.0,D5E5,1,151.88,566.76,0,-1
449,legit_67,201.6,936.3,12.3477,-0.8019,0.0,B4B5,0,109.25,641.34,0,-1
449,legit_68,580.22,201.6,8.4904,0.8604,270.0,D1C1,2,153.67,566.71,0,-1
449,legit_69,-1.6,406.37,12.9163,0.276,180.0,:A2_0,0,158.53,730.21,0,-1
449,legit_70,654.0,1001.6,13.2087,0.4964,270.0,E5D5,1,123.95,569.94,0,-1
449,legit_71,561.1,201.6,10.6511,1.8211,270.0,D1C1,2,137.85,567.34,0,-1
449,legit_72,1.6,591.79,5.0105,-4.5,0.0,A2A3,0,148.63,705.09,0,-1
449,legit_73,998.4,677.71,12.3701,-0.6711,180.0,F4F3,0,93.28,569.63,0,-1
449,legit_74,558.11,401.6,9.9917,2.3963,270.0,D2C2,0,115.84,480.84,0,-1
450,legit_53,792.05,598.4,4.0501,-3.6393,90.0,D3E3,1,42.08,475.92,0,-1
450,legit_57,798.4,628.1,11.9785,-0.5089,180.0,E4E3,1,55.97,478.76,0,-1
450,legit_60,201.6,30.52,9.2587,1.8658,0.0,B0B1,0,103.29,777.44,0,-1
450,legit_61,591.74,201.6,9.1859,1.2327,270.0,D1C1,2,163.55,566.53,0,-1
450,legit_62,398.4,912.34,12.4729,0.0153,180.0,C5C4,0,88.86,549.73,0,-1
450,legit_64,598.4,8.85,4.8753,-4.5,180.0,D1D0,0,185.41,698.88,0,-1
450,legit_66,635.76,998.4,13.8535,0.6353,90.0,D5E5,1,140.39,567.21,0,-1
450,legit_67,201.6,948.95,12.6536,0.3058,0.0,B4B5,0,120.56,647.13,0,-1
450,legit_68,569.84,201.6,10.3806,1.8902,270.0,D1C1,2,144.98,567.0,0,-1
450,legit_69,-1.6,393.12,13.2496,0.3333,180.0,:A2_0,0,155.18,733.36,0,-1
450,legit_70,640.15,1001.6,13.8487,0.64,270.0,E5D5,1,134.96,569.21,0,-1
450,legit_71,548.98,201.6,12.1225,1.4714,270.0,D1C1,2,128.28,567.95,0,-1
450,legit_72,0.71,594.04,2.5456,-2.4648,349.29,:A3_11,0,149.41,705.79,0,-1
450,legit_73,998.4,664.44,13.2702,0.9001,180.0,F4F3,0,82.55,568.18,0,-1
450,legit_74,545.53,401.6,12.5812,2.5896,270.0,D2C2,0,104.19,481.53,0,-1
450,legit_75,212.3,198.4,0.0,0.0,90.0,B1C1,0,100.14,667.52,0,-1
451,legit_53,797.53,596.11,6.2994,2.2493,117.85,:E3_12,1,47.69,477.7,0,-1
451,legit_57,798.4,615.91,12.1905,0.212,180.0,E4E3,1,50.95,478.22,0,-1
451,legit_60,201.6,41.62,11.1047,1.846,0.0,B0B1,0,93.84,769.47,0,-1
451,legit_61,581.16,201.6,10.5788,1.3928,270.0,D1C1,2,154.47,566.69,0,-1
451,legit_62,398.4,900.39,11.9523,-0.5205,180.0,C5C4,0,79.43,544.37,0,-1
451,legit_64,597.61,4.02,4.9788,0.1034,189.21,:D0_0,0,187.72,702.72,0,-1
451,legit_66,649.09,998.4,13.3341,-0.5194,90.0,D5E5,1,129.77,567.84,0,-1
451,legit_67,201.6,962.56,13.603,0.9494,0.0,B4B5,0,128.28,653.53,0,-1
451,legit_68,558.14,201.6,11.7003,1.3197,270.0,D1C1,2,135.47,567.47,0,-1
451,legit_69,-1.6,379.53,13.5866,0.337,180.0,A2A1,0,152.85,736.81,0,-1
451,legit_70,626.57,1001.6,13.5713,-0.2774,270.0,E5D5,1,146.22,568.7,0,-1
451,legit_71,535.29,201.6,13.6961,1.5736,270.0,D1C1,2,118.03,568.85,0,-1
451,legit_72,-1.39,593.11,2.7567,0.2111,288.72,:A3_11,0,151.55,707.49,0,-1
451,legit_73,998.4,652.04,12.4026,-0.8675,180.0,F4F3,0,73.28,567.02,0,-1
451,legit_74,532.72,401.6,12.8091,0.2279,270.0,D2C2,0,92.59,482.43,0,-1
451,legit_75,213.75,198.4,1.45,1.45,90.0,B1C1,0,101.05,666.8,0,-1
452,legit_53,798.4,590.67,5.6057,-0.6937,173.57,E3E2,0,49.29,478.05,0,-1
452,legit_60,201.6,54.12,12.5033,1.3986,0.0,B0B1,1,83.68,760.62,0,-1
452,legit_61,568.88,201.6,12.2816,1.7028,270.0,D1C1,2,144.19,567.03,0,-1
452,legit_62,398.4,887.56,12.8236,0.8713,180.0,C5C4,0,70.18,538.81,0,-1
452,legit_64,592.89,1.61,5.6149,0.6361,246.88,:D0_0,0,185.56,704.66,0,-1
452,legit_66,662.09,998.4,13.0028,-0.3313,90.0,D5E5,1,119.94,568.66,0,-1
452,legit_67,201.6,975.9,13.3461,-0.2568,0.0,B4B5,0,116.18,659.98,0,-1
452,legit_68,545.5,201.6,12.6395,0.9392,270.0,D1C1,2,125.61,568.16,0,-1
452,legit_69,-1.6,365.74,13.7944,0.2078,180.0,A2A1,0,151.71,740.55,0,-1
452,legit_70,613.83,1001.6,12.7485,-0.8228,270.0,E5D5,1,157.13,568.42,0,-1
452,legit_71,522.18,201.6,13.1015,-0.5946,270.0,D1C1,2,108.95,569.93,0,-1
452,legit_72,-1.6,590.01,3.1658,0.409,198.91,A3A2,0,151.93,707.69,0,-1
452,legit_73,998.4,638.99,13.0474,0.6447,180.0,F4F3,0,64.67,566.02,0,-1
452,legit_74,519.58,401.6,13.1416,0.3324,270.0,D2C2,0,81.06,483.56,0,-1
452,legit_75,216.93,198.4,3.1841,1.7341,90.0,B1C1,1,103.09,665.25,0,-1
453,legit_53,798.4,583.18,7.4903,1.8846,180.0,E3E2,0,51.24,478.25,0,-1
453,legit_60,201.6,67.27,13.142,0.6387,0.0,B0B1,1,73.78,751.46,0,-1
453,legit_61,555.87,201.6,13.0147,0.7331,270.0,D1C1,2,133.67,567.58,0,-1
453,legit_62,398.4,875.25,12.3162,-0.5075,180.0,C5C4,0,62.49,533.69,0,-1
453,legit_64,586.97,1.6,5.9246,0.3097,270.0,D0C0,0,181.05,704.73,0,-1
453,legit_66,675.88,998.4,13.7847,0.7819,90.0,D5E5,1,110.24,569.76,0,-1
453,legit_67,201.6,985.0,9.101,-4.2452,0.0,B4B5,0,108.1,664.47,0,-1
453,legit_68,532.49,201.6,13.0075,0.368,270.0,D1C1,2,116.03,569.06,0,-1
453,legit_69,-1.6,352.16,13.577,-0.2174,180.0,A2A1,0,151.8,744.45,0,-1
453,legit_70,599.96,1001.6,13.8635,1.1151,270.0,:D5_0,1,169.22,568.32,0,-1
453,legit_71,508.53,201.6,13.6546,0.5531,270.0,D1C1,2,100.42,571.3,0,-1
453,legit_72,-1.6,584.88,5.1238,1.9581,180.0,A3A2,0,152.35,707.77,0,-1
453,legit_73,998.4,626.17,12.8205,-0.2268,180.0,F4F3,0,57.86,565.28,0,-1
453,legit_74,506.98,401.6,12.5928,-0.5488,270.0,D2C2,0,70.55,484.85,0,-1
453,legit_75,221.66,198.4,4.7238,1.5397,90.0,B1C1,1,106.21,662.96,0,-1
454,legit_53,798.4,573.68,9.4984,2.0081,180.0,E3E2,0,55.09,478.66,0,-1
454,legit_60,201.6,80.94,13.6757,0.5337,0.0,B0B1,1,64.72,742.12,0,-1
454,legit_61,542.57,201.6,13.2959,0.2813,270.0,D1C1,2,123.4,568.34,0,-1
454,legit_62,398.4,863.07,12.1758,-0.1403,180.0,C5C4,0,56.52,528.86,0,-1
454,legit_64,579.13,1.6,7.8394,1.9149,270.0,D0C0,0,175.19,704.88,0,-1
454,legit_66,689.29,998.4,13.4157,-0.369,90.0,D5E5,1,101.7,571.07,0,-1
454,legit_67,201.6,990.0,4.9947,-4.1062,0.0,B4B5,0,103.74,666.97,0,-1
454,legit_68,518.66,201.6,13.8296,0.8221,270.0,D1C1,2,106.64,570.26,0,-1
454,legit_69,-1.6,338.39,13.7728,0.1958,180.0,A2A1,0,153.13,748.63,0,-1
454,legit_70,586.71,1001.6,13.2509,-0.6126,270.0,D5C5,1,157.6,568.41,0,-1
454,legit_71,494.76,201.6,13.7714,0.1168,270.0,D1C1,2,93.07,572.94,0,-1
454,legit_72,-1.6,577.83,7.0546,1.9307,180.0,A3A2,0,153.21,707.94,0,-1
454,legit_73,998.4,614.92,11.2516,-1.5689,180.0,F4F3,0,53.71,564.85,0,-1
454,legit_74,494.13,401.6,12.852,0.2592,270.0,D2C2,0,60.65,486.39,0,-1
454,legit_75,227.91,198.4,6.2555,1.5317,90.0,B1C1,1,110.53,659.96,0,-1
455,legit_53,798.4,561.87,11.8157,2.3173,180.0,E3E2,0,61.62,479.39,0,-1
455,legit_60,201.6,94.07,13.1322,-0.5435,0.0,B0B1,1,57.75,733.35,0,-1
455,legit_61,530.36,201.6,12.2151,-1.0809,270.0,D1C1,2,114.52,569.23,0,-1
455,legit_62,398.4,850.33,12.7457,0.5699,180.0,C5C4,0,52.62,524.08,0,-1
455,legit_64,569.69,1.6,9.4405,1.6011,270.0,D0C0,0,168.36,705.15,0,-1
455,legit_66,702.78,998.4,13.4825,0.0668,90.0,D5E5,1,94.28,572.63,0,-1
455,legit_67,202.16,995.6,5.6827,0.688,6.49,:B5_3,0,99.22,669.52,0,-1
455,legit_68,505.94,201.6,12.715,-1.1146,270.0,D1C1,2,98.94,571.59,0,-1
455,legit_69,-1.6,325.71,12.6801,-1.0926,180.0,A2A1,0,155.43,752.67,0,-1
455,legit_70,573.86,1001.6,12.8541,-0.3968,270.0,D5C5,1,146.59,568.69,0,-1
455,legit_71,481.95,201.6,12.804,-0.9674,270.0,D1C1,2,87.63,574.72,0,-1
455,legit_72,-1.6,568.65,9.175,2.1204,180.0,A3A2,0,154.81,708.24,0,-1
455,legit_73,998.4,608.16,6.7516,-4.5,180.0,F4F3,0,52.24,564.7,0,-1
455,legit_74,480.38,401.6,13.7524,0.9005,270.0,D2C2,0,51.51,488.32,0,-1
455,legit_75,235.8,198.4,7.8831,1.6275,90.0,B1C1,1,116.22,656.26,0,-1
456,legit_53,798.4,548.87,12.9941,1.1783,180.0,E3E2,0,70.4,480.44,0,-1
456,legit_60,201.6,107.23,13.1544,0.0222,0.0,B0B1,1,53.16,724.82,0,-1
456,legit_61,518.06,201.6,12.2932,0.0782,270.0,D1C1,2,106.26,570.32,0,-1
456,legit_62,398.4,837.52,12.8099,0.0642,180.0,C5C4,0,51.66,519.58,0,-1
456,legit_64,558.41,1.6,11.2754,1.8349,270.0,D0C0,0,160.54,705.59,0,-1
456,legit_66,715.85,998.4,13.0719,-0.4105,90.0,D5E5,0,88.46,574.4,0,-1
456,legit_67,206.76,998.34,5.7008,0.0181,63.24,:B5_3,0,99.45,668.59,0,-1
456,legit_68,492.75,201.6,13.192,0.477,270.0,D1C1,2,92.12,573.2,0,-1
456,legit_69,-1.6,311.91,13.8049,1.1248,180.0,A2A1,0,159.05,757.29,0,-1
456,legit_70,560.91,1001.6,12.9513,0.0972,270.0,D5C5,0,135.82,569.16,0,-1
456,legit_71,468.86,201.6,13.0911,0.2871,270.0,D1C1,2,83.75,576.81,0,-1
456,legit_72,-1.6,557.65,11.0079,1.8329,180.0,A3A2,0,157.41,708.75,0,-1
456,legit_73,999.34,605.93,2.5617,-4.1899,168.61,:F3_9,0,51.0,565.18,0,-1
456,legit_74,466.92,401.6,13.4611,-0.2913,270.0,D2C2,1,44.91,490.54,0,-1
456,legit_75,245.49,198.4,9.692,1.8089,90.0,B1C1,1,123.55,651.8,0,-1
456,legit_76,387.7,401.6,0.0,0.0,270.0,C2B2,1,74.91,511.19,0,-1
457,legit_53,798.4,536.41,12.4659,-0.5282,180.0,E3E2,0,79.92,481.67,0,-1
457,legit_60,201.6,119.91,12.6807,-0.4736,0.0,B0B1,1,51.6,716.85,0,-1
457,legit_61,504.81,201.6,13.2579,0.9647,270.0,D1C1,2,98.3,571.72,0,-1
457,legit_62,398.4,825.32,12.1951,-0.6148,180.0,C5C4,0,53.65,515.6,0,-1
457,legit_64,545.19,1.6,13.2178,1.9424,270.0,D0C0,0,151.92,706.3,0,-1
457,legit_66,728.56,998.4,12.7101,-0.3618,90.0,D5E5,0,84.37,576.37,0,-1
457,legit_67,213.03,998.4,6.2781,0.5773,90.0,B5C5,0,103.11,665.5,0,-1
457,legit_68,480.09,201.6,12.6644,-0.5276,270.0,D1C1,2,86.97,575.0,0,-1
457,legit_69,-1.6,298.76,13.1405,-0.6644,180.0,A2A1,0,163.5,761.89,0,-1
457,legit_70,547.35,1001.6,13.5572,0.6059,270.0,D5C5,0,124.99,569.86,0,-1
457,legit_71,456.22,201.6,12.6459,-0.4451,270.0,D1C1,2,81.84,579.09,0,-1
457,legit_72,-1.6,544.89,12.7599,1.7519,180.0,A3A2,0,161.31,709.52,0,-1
457,legit_73,1001.39,606.88,2.6911,0.1293,109.0,:F3_9,0,49.1,566.29,0,-1
457,legit_74,453.22,401.6,13.6937,0.2326,270.0,D2C2,1,41.72,493.18,0,-1
457,legit_75,257.57,198.4,12.0834,2.3914,90.0,B1C1,1,133.11,646.38,0,-1
457,legit_76,385.61,401.6,2.0889,2.0889,270.0,C2B2,1,76.66,511.87,0,-1
458,legit_53,798.4,523.73,12.6781,0.2122,180.0,E3E2,0,90.33,483.12,0,-1
458,legit_60,201.6,133.5,13.5903,0.9095,0.0,B0B1,1,53.34,708.61,0,-1
458,legit_61,492.52,201.6,12.2845,-0.9734,270.0,D1C1,2,92.01,573.23,0,-1
458,legit_62,398.4,813.27,12.0471,-0.148,180.0,C5C4,0,58.11,511.94,0,-1
458,legit_64,531.96,1.6,13.2365,0.0188,270.0,D0C0,0,144.0,707.21,0,-1
458,legit_66,742.08,998.4,13.5243,0.8142,90.0,D5E5,0,81.98,578.77,0,-1
458,legit_67,221.9,998.4,8.8715,2.5934,90.0,B5C5,0,108.76,661.17,0,-1
458,legit_68,467.57,201.6,12.5178,-0.1466,270.0,D1C1,2,83.47,577.03,0,-1
458,legit_69,-1.6,284.9,13.8645,0.724,180.0,A2A1,0,169.18,766.96,0,-1
458,legit_70,534.31,1001.6,13.042,-0.5152,270.0,D5C5,0,115.13,570.73,0,-1
458,legit_71,443.21,201.6,13.0093,0.3634,270.0,D1C1,2,81.88,581.73,0,-1
458,legit_72,-1.6,531.91,12.9786,0.2188,180.0,A3A2,0,166.19,710.5,0,-1
458,legit_73,1001.6,609.74,2.9217,0.2307,22.72,F3F4,0,49.37,566.45,0,-1
458,legit_74,439.34,401.6,13.8815,0.1878,270.0,D2C2,1,42.94,496.3,0,-1
458,legit_75,270.0,198.4,12.4238,0.3403,90.0,B1C1,1,143.34,640.97,0,-1
458,legit_76,381.89,401.6,3.7198,1.6309,270.0,C2B2,1,79.81,513.11,0,-1
459,legit_53,798.4,511.16,12.5658,-0.1123,180.0,E3E2,0,101.17,484.76,0,-1
459,legit_60,201.6,146.81,13.3073,-0.283,0.0,B0B1,1,58.15,700.84,0,-1
459,legit_61,479.15,201.6,13.3666,1.0821,270.0,D1C1,2,86.65,575.14,0,-1
459,legit_64,519.02,1.6,12.9405,-0.296,270.0,D0C0,0,137.05,708.3,0,-1
459,legit_66,755.65,998.4,13.5688,0.0445,90.0,D5E5,0,81.8,581.48,0,-1
459,legit_67,233.34,998.4,11.4398,2.5683,90.0,B5C5,0,116.64,655.73,0,-1
459,legit_68,454.33,201.6,13.2391,0.7213,270.0,D1C1,2,81.71,579.46,0,-1
459,legit_69,-1.6,271.77,13.1265,-0.738,180.0,A2A1,0,175.4,771.95,0,-1
459,legit_70,521.04,1001.6,13.2629,0.2209,270.0,D5C5,0,105.8,571.84,0,-1
459,legit_71,430.25,201.6,12.9538,-0.0554,270.0,D1C1,3,83.96,584.63,0,-1
459,legit_72,-1.6,519.21,12.6989,-0.2797,180.0,A3A2,0,171.78,711.66,0,-1
459,legit_73,1001.6,615.25,5.5057,2.584,0.0,F3F4,0,50.74,566.59,0,-1
459,legit_74,426.52,401.6,12.8259,-1.0556,270.0,D2C2,1,47.77,499.56,0,-1
459,legit_75,282.94,198.4,12.9406,0.5168,90.0,B1C1,2,154.33,635.51,0,-1
459,legit_76,375.89,401.6,5.9975,2.2776,270.0,C2B2,1,84.98,515.14,0,-1
460,legit_53,798.4,498.53,12.6378,0.072,180.0,E3E2,0,112.43,486.59,0,-1
460,legit_60,201.6,160.62,13.8158,0.5086,0.0,B0B1,1,65.67,693.04,0,-1
460,legit_61,466.91,201.6,12.2468,-1.1198,270.0,D1C1,2,83.33,577.14,0,-1
460,legit_64,506.56,1.6,12.4544,-0.4861,270.0,D0C0,0,131.22,709.54,0,-1
460,legit_66,769.51,998.4,13.8606,0.2918,90.0,D5E5,0,83.9,584.58,0,-1
460,legit_67,246.76,998.4,13.4134,1.9736,90.0,B5C5,0,126.57,649.53,0,-1
460,legit_68,441.16,201.6,13.1666,-0.0725,270.0,D1C1,3,82.08,582.17,0,-1
460,legit_69,-1.6,257.99,13.7788,0.6523,180.0,A2A1,0,182.72,777.39,0,-1
460,legit_70,508.2,1001.6,12.8488,-0.4141,270.0,D5C5,0,97.64,573.13,0,-1
460,legit_71,418.27,201.6,11.9864,-0.9674,270.0,D1C1,3,87.55,587.57,0,-1
460,legit_72,-1.6,506.19,13.0229,0.324,180.0,A3A2,0,178.28,713.05,0,-1
460,legit_73,1001.6,622.91,7.666,2.1602,0.0,F3F4,0,53.55,566.87,0,-1
460,legit_74,416.65,401.6,9.8681,-2.9578,270.0,D2C2,1,53.32,502.29,0,-1
460,legit_75,296.06,198.4,13.1246,0.1841,90.0,B1C1,3,165.77,630.14,0,-1
460,legit_76,368.48,401.6,7.4098,1.4123,270.0,C2B2,1,91.52,517.71,0,-1
461,legit_53,798.4,484.95,13.5802,0.9424,180.0,E3E2,0,124.82,488.76,0,-1
461,legit_60,201.6,173.82,13.1993,-0.6166,0.0,B0B1,1,74.56,685.81,0,-1
461,legit_61,454.19,201.6,12.7143,0.4675,270.0,D1C1,3,81.71,579.48,0,-1
461,legit_64,494.09,1.6,12.4767,0.0224,270.0,D0C0,0,126.34,710.97,0,-1
461,legit_66,782.91,998.4,13.3958,-0.4648,90.0,D5E5,0,87.99,587.87,0,-1
461,legit_67,260.21,998.4,13.4517,0.0383,90.0,B5C5,0,137.13,643.52,0,-1
461,legit_68,428.6,201.6,12.5665,-0.6,270.0,D1C1,3,84.36,585.03,0,-1
461,legit_69,-1.6,245.26,12.7361,-1.0426,180.0,A2A1,0,190.13,782.6,0,-1
461,legit_70,495.02,1001.6,13.1786,0.3298,270.0,D5C5,0,90.41,574.69,0,-1
461,legit_71,410.78,201.6,7.4864,-4.5,270.0,D1C1,3,90.54,589.52,0,-1
461,legit_72,-1.6,493.05,13.1382,0.1153,180.0,A3A2,0,185.53,714.65,0,-1
461,legit_73,1001.6,632.18,9.2714,1.6054,0.0,F3F4,0,58.12,567.34,0,-1
461,legit_74,410.74,401.6,5.9129,-3.9552,270.0,D2C2,1,57.2,504.01,0,-1
461,legit_75,308.68,198.4,12.6196,-0.505,90.0,B1C1,4,161.61,625.15,0,-1
461,legit_76,359.2,401.6,9.2856,1.8759,270.0,C2B2,1,99.88,521.03,0,-1
462,legit_53,798.4,472.24,12.7048,-0.8754,180.0,E3E2,0,122.23,490.98,0,-1
462,legit_60,201.6,187.7,13.8789,0.6796,0.0,B0B1,1,85.12,678.43,0,-1
462,legit_61,441.97,201.6,12.2256,-0.4887,270.0,D1C1,3,81.99,581.99,0,-1
462,legit_64,481.39,1.6,12.6963,0.2195,270.0,D0C0,0,122.49,712.64,0,-1
462,legit_66,796.5,998.4,13.5879,0.1921,90.0,:E5_7,0,93.92,591.49,0,-1
462,legit_67,273.78,998.4,13.573,0.1213,90.0,B5C5,0,148.26,637.64,0,-1
462,legit_68,420.22,201.6,8.3766,-4.1899,270.0,D1C1,3,86.86,587.08,0,-1
462,legit_69,-1.6,232.36,12.8983,0.1622,180.0,A2A1,0,188.7,788.05,0,-1
462,legit_70,481.82,1001.6,13.198,0.0194,270.0,D5C5,1,84.61,576.51,0,-1
462,legit_71,401.78,201.6,9.0029,1.5165,270.0,:C1_5,3,94.78,591.97,0,-1
462,legit_72,-1.6,479.26,13.7923,0.6541,180.0,A3A2,0,192.88,716.54,0,-1
462,legit_73,1001.6,643.77,11.5895,2.3182,0.0,F3F4,0,65.26,568.12,0,-1
462,legit_74,403.54,401.08,7.2359,1.323,263.98,:C2_6,1,62.02,506.31,0,-1
462,legit_75,320.99,198.4,12.3081,-0.3115,90.0,B1C1,4,150.97,620.43,0,-1
462,legit_76,347.88,401.6,11.3229,2.0373,270.0,C2B2,1,110.27,525.2,0,-1
462,legit_77,587.7,1001.6,0.0,0.0,270.0,D5C5,1,158.45,568.4,0,-1
463,legit_53,798.4,458.97,13.267,0.5622,180.0,E3E2,0,110.17,493.49,0,-1
463,legit_61,432.03,201.6,9.9328,-2.2928,270.0,D1C1,3,83.55,584.22,0,-1
463,legit_64,469.23,1.6,12.1637,-0.5326,270.0,D0C0,0,119.95,714.43,0,-1
463,legit_66,809.62,998.4,13.1243,-0.4636,90.0,E5F5,0,101.06,595.25,0,-1
463,legit_67,287.18,998.4,13.3967,-0.1763,90.0,B5C5,0,159.61,632.03,0,-1
463,legit_68,411.95,201.6,8.2755,-0.101,270.0,D1C1,3,90.04,589.21,0,-1
463,legit_69,-1.6,218.64,13.7237,0.8253,180.0,A2A1,0,180.86,794.03,0,-1
463,legit_70,468.16,1001.6,13.6563,0.4584,270.0,D5C5,1,80.48,578.69,0,-1
463,legit_71,390.46,201.6,11.3233,2.3204,270.0,C1B1,3,101.02,595.23,0,-1
463,legit_72,-1.6,466.04,13.2152,-0.5771,180.0,A3A2,0,185.01,718.56,0,-1
463,legit_73,1001.6,656.34,12.565,0.9755,0.0,F3F4,0,74.27,569.17,0,-1
463,legit_74,398.76,395.34,7.9209,0.6851,207.55,:C2_6,1,62.24,509.36,0,-1
463,legit_75,333.75,198.4,12.7592,0.451,90.0,B1C1,3,140.22,615.72,0,-1
463,legit_76,334.23,401.6,13.6484,2.3255,270.0,C2B2,1,123.02,530.42,0,-1
463,legit_77,585.98,1001.6,1.7173,1.7173,270.0,D5C5,1,156.96,568.42,0,-1
464,legit_53,798.4,445.89,13.0868,-0.1803,180.0,E3E2,0,98.59,496.17,0,-1
464,legit_61,422.34,201.6,9.6908,-0.242,270.0,D1C1,3,86.16,586.55,0,-1
464,legit_64,456.71,1.6,12.5178,0.3541,270.0,D0C0,0,118.59,716.47,0,-1
464,legit_66,823.37,998.4,13.747,0.6227,90.0,E5F5,0,109.73,599.44,0,-1
464,legit_67,300.62,998.4,13.4418,0.0451,90.0,B5C5,0,170.22,626.58,0,-1
464,legit_68,407.59,201.6,4.3544,-3.9211,270.0,D1C1,3,91.96,590.38,0,-1
464,legit_69,-1.6,205.69,12.9473,-0.7764,180.0,:A1_0,0,174.14,799.86,0,-1
464,legit_70,455.28,1001.6,12.8814,-0.7749,270.0,D5C5,1,78.58,581.03,0,-1
464,legit_71,376.78,201.6,13.6762,2.3529,270.0,C1B1,3,109.64,599.39,0,-1
464,legit_72,-1.6,453.16,12.881,-0.3342,180.0,A3A2,0,177.94,720.72,0,-1
464,legit_73,1001.6,669.01,12.6691,0.1041,0.0,F3F4,0,84.29,570.43,0,-1
464,legit_74,398.4,386.67,8.6958,0.7748,180.0,C2C1,1,58.09,511.95,0,-1
464,legit_75,346.88,198.4,13.1276,0.3684,90.0,B1C1,3,129.54,611.05,0,-1
464,legit_76,320.37,401.6,13.8527,0.2043,270.0,C2B2,1,136.14,535.93,0,-1
464,legit_77,582.7,1001.6,3.2789,1.5615,270.0,D5C5,1,154.13,568.48,0,-1
465,legit_53,798.4,432.81,13.08,-0.0068,180.0,E3E2,0,87.43,499.04,0,-1
465,legit_61,416.83,201.6,5.5135,-4.1773,270.0,D1C1,3,88.08,587.94,0,-1
465,legit_64,444.67,1.6,12.0328,-0.485,270.0,D0C0,0,118.52,718.64,0,-1
465,legit_66,836.16,998.4,12.7961,-0.9509,90.0,E5F5,0,118.67,603.55,0,-1
465,legit_67,313.28,998.4,12.661,-0.7809,90.0,B5C5,1,159.22,621.63,0,-1
465,legit_68,401.78,201.6,5.8133,1.4589,270.0,:C1_5,3,94.78,591.97,0,-1
465,legit_69,-1.6,192.93,12.7577,-0.1896,180.0,:A1_0,0,168.23,805.77,0,-1
465,legit_70,441.95,1001.6,13.3282,0.4468,270.0,D5C5,2,78.81,583.75,0,-1
465,legit_71,363.07,201.6,13.7121,0.0359,270.0,C1B1,3,119.23,603.8,0,-1
465,legit_72,-1.6,440.22,12.9379,0.0568,180.0,A3A2,0,171.52,723.09,0,-1
465,legit_73,1001.6,681.32,12.3153,-0.3538,0.0,F3F4,0,94.64,571.83,0,-1
465,legit_74,398.4,375.7,10.9712,2.2755,180.0,C2C1,1,53.94,515.28,0,-1
465,legit_75,359.27,198.4,12.3967,-0.7309,90.0,B1C1,3,119.91,606.82,0,-1
465,legit_76,306.49,401.6,13.8881,0.0354,270.0,C2B2,1,149.42,541.66,0,-1
465,legit_77,577.61,1001.6,5.0899,1.8111,270.0,D5C5,1,149.77,568.59,0,-1
466,legit_53,798.4,420.08,12.7241,-0.3559,180.0,E3E2,0,77.15,502.04,0,-1
466,legit_61,410.05,201.6,6.7825,1.269,270.0,D1C1,3,90.86,589.71,0,-1
466,legit_64,431.74,1.6,12.932,0.8992,270.0,D0C0,0,119.8,721.18,0,-1
466,legit_66,849.38,998.4,13.2182,0.4221,90.0,E5F5,0,128.59,608.0,0,-1
466,legit_67,326.5,998.4,13.2191,0.5581,90.0,B5C5,1,148.02,616.63,0,-1
466,legit_68,393.82,201.6,7.9611,2.1478,270.0,:C1_5,3,99.07,594.24,0,-1
466,legit_69,-1.6,179.74,13.1963,0.4386,180.0,A1A0,0,162.94,812.07,0,-1
466,legit_70,428.24,1001.6,13.7118,0.3836,270.0,D5C5,2,81.36,586.86,0,-1
466,legit_71,350.27,201.6,12.8012,-0.9109,270.0,C1B1,3,128.86,608.12,0,-1
466,legit_72,-1.6,427.47,12.7538,-0.184,180.0,A3A2,0,165.93,725.61,0,-1
466,legit_73,1001.6,694.08,12.759,0.4437,0.0,F3F4,0,105.8,573.46,0,-1
466,legit_74,398.4,362.77,12.9372,1.966,180.0,C2C1,1,51.67,519.48,0,-1
466,legit_75,371.59,198.4,12.3196,-0.0771,90.0,B1C1,3,110.88,602.79,0,-1
466,legit_76,293.55,401.6,12.9328,-0.9554,270.0,C2B2,1,149.46,547.18,0,-1
466,legit_77,570.43,1001.6,7.1803,2.0903,270.0,D5C5,1,143.7,568.8,0,-1
467,legit_61,407.77,201.6,2.2825,-4.5,270.0,D1C1,4,91.88,590.33,0,-1
467,legit_64,419.31,1.6,12.4327,-0.4993,270.0,D0C0,0,122.31,723.83,0,-1
467,legit_66,862.31,998.4,12.9256,-0.2927,90.0,E5F5,0,138.82,612.55,0,-1
467,legit_67,339.91,998.4,13.4156,0.1965,90.0,B5C5,1,137.03,611.75,0,-1
467,legit_68,383.71,201.6,10.1025,2.1414,270.0,C1B1,4,105.13,597.25,0,-1
467,legit_69,-1.6,166.55,13.1844,-0.0119,180.0,A1A0,0,158.59,818.54,0,-1
467,legit_70,414.71,1001.6,13.5346,-0.1772,270.0,D5C5,2,85.98,590.24,0,-1
467,legit_71,336.52,201.6,13.7427,0.9415,270.0,C1B1,3,139.77,612.97,0,-1
467,legit_72,-1.6,413.7,13.7689,1.0151,180.0,A3A2,0,160.83,728.55,0,-1
467,legit_73,1001.6,706.99,12.9062,0.1472,0.0,F3F4,0,117.43,575.29,0,-1
467,legit_74,398.4,350.0,12.7675,-0.1697,180.0,C2C1,3,52.56,523.96,0,-1
467,legit_75,382.13,198.4,10.5365,-1.7831,90.0,B1C1,3,103.7,599.49,0,-1
467,legit_76,280.51,401.6,13.0433,0.1105,270.0,C2B2,1,136.98,552.92,0,-1
467,legit_77,561.35,1001.6,9.0819,1.9016,270.0,D5C5,1,136.18,569.14,0,-1
468,legit_61,407.44,201.6,0.3213,-1.9612,270.0,D1C1,4,92.03,590.42,0,-1
468,legit_64,407.17,1.6,12.1438,-0.2889,270.0,:C0_4,0,125.91,726.61,0,-1
468,legit_66,875.32,998.4,13.0112,0.0857,90.0,E5F5,0,149.54,617.31,0,-1
468,legit_67,352.48,998.4,12.5696,-0.846,90.0,B5C5,1,127.15,607.36,0,-1
468,legit_68,371.63,201.6,12.0876,1.9851,270.0,C1B1,4,113.14,601.02,0,-1
468,legit_69,-1.6,153.54,13.0104,-0.174,180.0,A1A0,0,155.27,825.1,0,-1
468,legit_70,401.19,1001.6,13.5193,-0.0153,270.0,:C5_0,2,92.35,593.89,0,-1
468,legit_71,322.9,201.6,13.6219,-0.1208,270.0,C1B1,4,151.04,617.97,0,-1
468,legit_72,-1.6,400.06,13.6374,-0.1315,180.0,:A2_0,0,156.8,731.68,0,-1
468,legit_73,1001.6,719.41,12.4217,-0.4845,0.0,F3F4,0,128.85,577.21,0,-1
468,legit_74,398.4,336.46,13.5426,0.7751,180.0,C2C1,4,56.72,529.04,0,-1
468,legit_75,388.8,198.4,6.6703,-3.8662,90.0,B1C1,4,99.46,597.48,0,-1
468,legit_76,267.55,401.6,12.9592,-0.0841,270.0,C2B2,1,124.69,558.8,0,-1
468,legit_77,549.76,1001.6,11.5903,2.5084,270.0,D5C5,1,126.88,569.72,0,-1
468,legit_78,198.4,187.7,0.0,0.0,180.0,B1B0,1,83.22,680.04,0,-1
469,legit_61,407.36,201.6,0.0865,-0.2348,270.0,D1C1,4,92.07,590.44,0,-1
469,legit_64,394.85,1.6,12.3124,0.1686,270.0,:C0_4,0,130.61,729.62,0,-1
469,legit_66,888.61,998.4,13.2862,0.2749,90.0,E5F5,0,160.84,622.36,0,-1
469,legit_67,366.02,998.4,13.5313,0.9617,90.0,B5C5,1,117.1,602.83,0,-1
469,legit_68,359.02,201.6,12.605,0.5174,270.0,C1B1,4,122.21,605.14,0,-1
469,legit_69,-1.6,139.81,13.7312,0.7207,180.0,A1A0,0,152.89,832.21,0,-1
469,legit_70,387.82,1001.6,13.3706,-0.1487,270.0,C5B5,2,100.07,597.77,0,-1
469,legit_71,310.11,201.6,12.7904,-0.8316,270.0,C1B1,4,161.95,622.85,0,-1
469,legit_72,-1.6,387.21,12.8492,-0.7882,180.0,A2A1,0,154.02,734.84,0,-1
469,legit_73,1001.6,731.55,12.1375,-0.2842,0.0,F3F4,0,118.76,579.24,0,-1
469,legit_74,398.4,323.63,12.8289,-0.7137,180.0,C2C1,3,63.13,534.15,0,-1
469,legit_75,396.89,198.4,8.0896,1.4193,90.0,:C1_13,4,94.7,595.11,0,-1
469,legit_76,254.59,401.6,12.9643,0.0052,270.0,C2B2,0,112.56,564.87,0,-1
469,legit_77,536.72,1001.6,13.0459,1.4556,270.0,D5C5,1,116.9,570.55,0,-1
469,legit_78,198.4,185.83,1.8703,1.8703,180.0,B1B0,1,81.71,681.02,0,-1
470,legit_61,407.31,201.6,0.047,-0.0395,270.0,D1C1,4,92.09,590.45,0,-1
470,legit_64,382.76,1.6,12.0914,-0.221,270.0,C0B0,0,136.16,732.75,0,-1
470,legit_66,901.42,998.4,12.8179,-0.4683,90.0,E5F5,0,169.51,627.4,0,-1
470,legit_67,379.43,998.4,13.4142,-0.1171,90.0,B5C5,2,107.88,598.56,0,-1
470,legit_68,345.3,201.6,13.7199,1.1149,270.0,C1B1,5,132.74,609.85,0,-1
470,legit_69,-1.6,126.7,13.1082,-0.623,180.0,A1A0,0,151.75,839.19,0,-1
470,legit_70,374.81,1001.6,13.012,-0.3586,270.0,C5B5,2,108.63,601.77,0,-1
470,legit_71,297.3,201.6,12.8153,0.0249,270.0,C1B1,5,168.39,627.91,0,-1
470,legit_72,-1.6,374.03,13.1789,0.3297,180.0,A2A1,0,152.25,738.28,0,-1
470,legit_73,1001.6,744.18,12.6285,0.4909,0.0,F3F4,0,107.35,581.51,0,-1
470,legit_74,398.4,310.07,13.5584,0.7295,180.0,C2C1,4,71.8,539.82,0,-1
470,legit_75,407.23,198.4,10.3397,2.2501,90.0,C1D1,4,89.31,592.23,0,-1
470,legit_76,241.01,401.6,13.5717,0.6074,270.0,C2B2,0,100.07,571.4,0,-1
470,legit_77,523.09,1001.6,13.6243,0.5784,270.0,D5C5,2,107.19,571.65,0,-1
470,legit_78,198.4,182.19,3.6405,1.7701,180.0,B1B0,2,78.8,682.94,0,-1
471,legit_61,407.3,201.6,0.0065,-0.0405,270.0,D1C1,4,92.1,590.45,0,-1
471,legit_64,370.33,1.6,12.4347,0.3433,270.0,C0B0,0,142.71,736.16,0,-1
471,legit_66,914.74,998.4,13.3209,0.503,90.0,E5F5,0,157.96,632.82,0,-1
471,legit_67,392.04,998.4,12.6078,-0.8064,90.0,B5C5,2,100.09,594.76,0,-1
471,legit_68,331.78,201.6,13.5192,-0.2007,270.0,C1B1,5,143.65,614.69,0,-1
471,legit_69,-1.6,113.58,13.1193,0.0111,180.0,A1A0,0,151.74,846.34,0,-1
471,legit_70,362.15,1001.6,12.658,-0.354,270.0,C5B5,2,117.75,605.86,0,-1
471,legit_71,283.5,201.6,13.7912,0.9759,270.0,C1B1,5,156.47,633.55,0,-1
471,legit_72,-1.6,361.3,12.73,-0.4489,180.0,A2A1,0,151.61,741.8,0,-1
471,legit_73,1001.6,756.6,12.4281,-0.2003,0.0,F3F4,0,96.42,583.91,0,-1
471,legit_74,398.4,296.43,13.641,0.0826,180.0,C2C1,4,81.88,545.78,0,-1
471,legit_75,419.75,198.4,12.5201,2.1804,90.0,C1D1,4,84.03,588.95,0,-1
471,legit_76,227.64,401.6,13.37,-0.2017,270.0,C2B2,0,88.09,578.04,0,-1
471,legit_77,509.65,1001.6,13.438,-0.1863,270.0,D5C5,2,98.51,572.97,0,-1
471,legit_78,198.4,176.23,5.9544,2.3139,180.0,B1B0,2,74.2,686.11,0,-1
472,legit_61,405.81,200.42,1.9685,1.962,255.4,:C1_7,4,91.76,591.5,0,-1
472,legit_64,357.79,1.6,12.5383,0.1036,270.0,C0B0,0,150.07,739.77,0,-1
472,legit_66,927.54,998.4,12.7961,-0.5248,90.0,E5F5,0,147.16,638.2,0,-1
472,legit_67,405.36,998.4,13.3268,0.7191,90.0,:C5_7,2,93.01,590.98,0,-1
472,legit_68,318.18,201.6,13.6058,0.0866,270.0,C1B1,5,155.04,619.76,0,-1
472,legit_69,-1.6,100.55,13.034,-0.0853,180.0,A1A0,0,152.84,853.63,0,-1
472,legit_70,349.2,1001.6,12.9479,0.29,270.0,C5B5,2,127.7,610.24,0,-1
472,legit_71,270.7,201.6,12.8013,-0.9898,270.0,C1B1,3,145.7,638.96,0,-1
472,legit_72,-1.6,347.6,13.7073,0.9772,180.0,A2A1,0,152.11,745.81,0,-1
472,legit_73,1001.6,769.68,13.0798,0.6517,0.0,F3F4,0,85.36,586.62,0,-1
472,legit_74,398.4,283.23,13.2012,-0.4398,180.0,C2C1,3,92.5,551.76,0,-1
472,legit_75,432.17,198.4,12.4236,-0.0965,90.0,C1D1,3,80.4,585.94,0,-1
472,legit_76,217.33,401.6,10.3172,-3.0528,270.0,C2B2,0,79.14,583.29,0,-1
472,legit_77,497.02,1001.6,12.6356,-0.8024,270.0,D5C5,2,91.42,574.44,0,-1
472,legit_78,198.4,168.7,7.5362,1.5818,180.0,B1B0,2,68.66,690.18,0,-1
473,legit_61,407.58,198.4,3.1857,1.2172,172.43,C1D1,4,89.14,592.13,0,-1
473,legit_64,344.69,1.6,13.1022,0.5638,270.0,C0B0,0,158.46,743.72,0,-1
473,legit_66,940.8,998.4,13.262,0.4658,90.0,E5F5,0,136.32,643.96,0,-1
473,legit_67,418.83,998.4,13.4702,0.1433,90.0,C5D5,2,87.35,587.43,0,-1
473,legit_68,305.06,201.6,13.1131,-0.4927,270.0,C1B1,5,166.33,624.83,0,-1
473,legit_69,-1.6,87.46,13.0858,0.0518,180.0,A1A0,0,155.05,861.1,0,-1
473,legit_70,335.79,1001.6,13.4143,0.4663,270.0,C5B5,2,138.53,614.98,0,-1
473,legit_71,257.66,201.6,13.0431,0.2417,270.0,C1B1,3,135.09,644.64,0,-1
473,legit_72,-1.6,334.09,13.509,-0.1982,180.0,A2A1,0,153.8,749.98,0,-1
473,legit_73,1001.6,782.32,12.639,-0.4409,0.0,F3F4,0,75.29,589.42,0,-1
473,legit_74,398.4,270.21,13.0173,-0.1839,180.0,C2C1,3,103.56,557.85,0,-1
473,legit_75,445.13,198.4,12.9576,0.534,90.0,C1D1,3,78.55,583.07,0,-1
473,legit_76,211.12,401.6,6.208,-4.1092,270.0,C2B2,0,73.93,586.51,0,-1
473,legit_77,483.31,1001.6,13.7072,1.0715,270.0,D5C5,2,85.18,576.29,0,-1
473,legit_78,198.4,158.72,9.9819,2.4457,180.0,B1B0,2,61.98,695.66,0,-1
474,legit_61,412.66,198.4,5.0779,1.8922,90.0,C1D1,3,86.84,590.78,0,-1
474,legit_64,332.56,1.6,12.1269,-0.9752,270.0,C0B0,1,166.77,747.55,0,-1
474,legit_66,953.91,998.4,13.1123,-0.1497,90.0,E5F5,0,126.06,649.84,0,-1
474,legit_67,432.3,998.4,13.4643,-0.0058,90.0,C5D5,2,83.5,584.16,0,-1
474,legit_68,292.39,201.6,12.6766,-0.4366,270.0,C1B1,4,164.11,629.9,0,-1
474,legit_69,-1.6,73.86,13.6064,0.5207,180.0,A1A0,0,158.47,869.06,0,-1
474,legit_70,322.13,1001.6,13.6526,0.2384,270.0,C5B5,2,149.99,620.0,0,-1
474,legit_71,243.8,201.6,13.8567,0.8136,270.0,C1B1,2,124.33,650.88,0,-1
474,legit_72,-1.6,320.67,13.4125,-0.0965,180.0,A2A1,0,156.62,754.33,0,-1
474,legit_73,1001.6,795.03,12.7049,0.0659,0.0,:F4_3,0,66.07,592.43,0,-1
474,legit_74,398.4,256.35,13.8581,0.8408,180.0,C2C1,3,115.78,564.54,0,-1
474,legit_75,458.02,198.4,12.8897,-0.0679,90.0,C1D1,2,78.81,580.51,0,-1
474,legit_76,208.32,401.6,2.7977,-3.4102,270.0,C2B2,0,71.64,587.98,0,-1
474,legit_77,470.18,1001.6,13.1276,-0.5796,270.0,D5C5,2,80.96,578.35,0,-1
474,legit_78,198.4,146.7,12.0182,2.0363,180.0,B1B0,3,55.28,702.44,0,-1
474,legit_79,212.3,-1.6,0.0,0.0,90.0,B0C0,2,136.63,796.13,0,-1
475,legit_61,420.12,198.4,7.4654,2.3875,90.0,C1D1,3,83.9,588.85,0,-1
475,legit_64,319.65,1.6,12.9107,0.7838,270.0,C0B0,1,176.1,751.8,0,-1
475,legit_66,966.98,998.4,13.0633,-0.049,90.0,E5F5,0,116.41,655.88,0,-1
475,legit_67,444.8,998.4,12.5018,-0.9625,90.0,C5D5,2,81.77,581.39,0,-1
475,legit_68,279.05,201.6,13.3394,0.6628,270.0,C1B1,4,152.68,635.41,0,-1
475,legit_69,-1.6,60.02,13.8335,0.2271,180.0,A1A0,0,163.03,877.32,0,-1
475,legit_70,308.82,1001.6,13.3102,-0.3424,270.0,C5B5,2,161.49,625.09,0,-1
475,legit_71,230.84,201.6,12.965,-0.8917,270.0,C1B1,2,114.86,656.91,0,-1
475,legit_72,-1.6,307.76,12.915,-0.4975,180.0,A2A1,0,160.35,758.72,0,-1
475,legit_73,1001.6,807.51,12.4861,-0.2188,0.0,F4F5,0,58.29,595.6,0,-1
475,legit_74,398.4,243.12,13.2325,-0.6256,180.0,C2C1,3,127.77,571.12,0,-1
475,legit_75,471.18,198.4,13.1611,0.2713,90.0,C1D1,2,81.21,578.18,0,-1
475,legit_76,205.87,400.54,2.8506,0.0529,257.06,:B2_7,0,69.03,589.54,0,-1
475,legit_77,456.45,1001.6,13.7316,0.604,270.0,D5C5,2,78.66,580.8,0,-1
475,legit_78,198.4,133.54,13.1589,1.1407,180.0,B1B0,3,50.26,710.1,0,-1
475,legit_79,213.71,-1.6,1.4147,1.4147,90.0,B0C0,2,137.28,795.5,0,-1
476,legit_61,429.55,198.4,9.4232,1.9579,90.0,C1D1,2,81.02,586.55,0,-1
476,legit_64,307.07,1.6,12.5807,-0.33,270.0,C0B0,1,185.6,756.1,0,-1
476,legit_66,980.01,998.4,13.0325,-0.0307,90.0,E5F5,0,107.5,662.1,0,-1
476,legit_67,457.17,998.4,12.37,-0.1318,90.0,C5D5,1,81.91,578.91,0,-1
476,legit_68,265.65,201.6,13.3964,0.057,270.0,C1B1,3,141.54,641.14,0,-1
476,legit_69,-1.6,46.26,13.76,-0.0734,180.0,A1A0,0,168.58,885.7,0,-1
476,legit_70,295.35,1001.6,13.4677,0.1575,270.0,C5B5,1,165.15,630.42,0,-1
476,legit_71,218.51,201.6,12.3267,-0.6383,270.0,C1B1,2,106.55,662.82,0,-1
476,legit_72,-1.6,294.71,13.045,0.13,180.0,A2A1,0,165.06,763.35,0,-1
476,legit_73,1001.6,820.04,12.5275,0.0414,0.0,F4F5,0,52.35,599.01,0,-1
476,legit_74,398.4,230.27,12.8463,-0.3862,180.0,C2C1,3,121.75,577.68,0,-1
476,legit_75,483.82,198.4,12.6449,-0.5162,90.0,C1D1,2,85.39,576.22,0,-1
476,legit_76,207.12,398.46,2.8402,-0.0104,189.31,:B2_7,0,68.86,589.42,0,-1
476,legit_77,443.06,1001.6,13.3924,-0.3391,270.0,D5C5,2,78.71,583.51,0,-1
476,legit_78,198.4,120.0,13.5388,0.3799,180.0,B1B0,3,48.4,718.29,0,-1
476,legit_79,216.45,-1.6,2.7386,1.3239,90.0,B0C0,2,138.57,794.29,0,-1
477,legit_61,440.72,198.4,11.1703,1.747,90.0,C1D1,2,78.95,584.02,0,-1
477,legit_64,294.72,1.6,12.348,-0.2327,270.0,C0B0,2,186.98,760.49,0,-1
477,legit_66,993.19,998.4,13.1798,0.1473,90.0,E5F5,0,99.43,668.6,0,-1
477,legit_67,469.76,998.4,12.5888,0.2188,90.0,C5D5,1,83.96,576.66,0,-1
477,legit_68,252.86,201.6,12.7931,-0.6033,270.0,C1B1,3,131.29,646.78,0,-1
477,legit_69,-1.6,32.98,13.2811,-0.4789,180.0,A1A0,0,174.8,893.94,0,-1
477,legit_70,281.59,1001.6,13.7637,0.296,270.0,C5B5,1,153.18,636.07,0,-1
477,legit_71,210.68,201.6,7.8267,-4.5,270.0,C1B1,2,101.69,666.67,0,-1
477,legit_72,-1.6,281.52,13.1991,0.1541,180.0,A2A1,0,170.71,768.23,0,-1
477,legit_73,1001.6,833.13,13.089,0.5615,0.0,F4F5,0,48.89,602.87,0,-1
477,legit_74,398.4,217.5,12.7722,-0.074,180.0,C2C1,3,110.31,584.36,0,-1
477,legit_75,497.35,198.4,13.5252,0.8802,90.0,C1D1,2,91.59,574.39,0,-1
477,legit_76,210.13,398.4,3.0314,0.1912,107.17,B2C2,0,71.35,587.85,0,-1
477,legit_77,429.34,1001.6,13.7216,0.3291,270.0,D5C5,2,81.08,586.6,0,-1
477,legit_78,198.4,106.71,13.2912,-0.2476,180.0,B1B0,4,50.19,726.64,0,-1
477,legit_79,221.35,-1.6,4.8933,2.1547,90.0,B0C0,2,140.99,792.14,0,-1
478,legit_61,453.41,198.4,12.6898,1.5195,90.0,C1D1,2,78.47,581.39,0,-1
478,legit_64,282.01,1.6,12.7078,0.3598,270.0,C0B0,2,177.33,765.16,0,-1
478,legit_67,482.36,998.4,12.6023,0.0136,90.0,C5D5,1,87.78,574.66,0,-1
478,legit_68,240.16,201.6,12.6942,-0.0989,270.0,C1B1,2,121.61,652.55,0,-1
478,legit_69,-1.6,19.77,13.2102,-0.0709,180.0,A1A0,0,181.74,902.28,0,-1
478,legit_70,268.86,1001.6,12.7352,-1.0285,270.0,C5B5,1,142.38,641.46,0,-1
478,legit_71,201.15,201.6,9.5325,1.7058,270.0,:B1_5,2,96.31,671.46,0,-1
478,legit_72,-1.6,268.87,12.6468,-0.5522,180.0,A2A1,0,176.88,773.08,0,-1
478,legit_73,1001.6,845.31,12.1809,-0.9081,0.0,F4F5,0,48.69,606.76,0,-1
478,legit_74,398.4,208.2,9.2974,-3.4749,180.0,C2C1,2,102.19,589.34,0,-1
478,legit_75,510.67,198.4,13.3165,-0.2087,90.0,C1D1,2,99.13,572.86,0,-1
478,legit_76,215.73,398.4,5.6026,2.5712,90.0,B2C2,0,76.13,584.94,0,-1
478,legit_77,418.11,1001.6,11.2316,-2.49,270.0,D5C5,2,84.64,589.36,0,-1
478,legit_78,198.4,94.06,12.6527,-0.6385,180.0,B1B0,4,54.91,734.86,0,-1
478,legit_79,228.52,-1.6,7.1721,2.2788,90.0,B0C0,2,144.75,789.04,0,-1
479,legit_61,465.78,198.4,12.3705,-0.3193,90.0,C1D1,2,79.97,579.1,0,-1
479,legit_64,269.26,1.6,12.7565,0.0487,270.0,C0B0,2,168.05,770.02,0,-1
479,legit_67,495.31,998.4,12.9487,0.3464,90.0,C5D5,1,93.34,572.87,0,-1
479,legit_68,227.32,201.6,12.8418,0.1476,270.0,C1B1,2,112.42,658.57,0,-1
479,legit_69,-1.6,6.72,13.0482,-0.162,180.0,A1A0,0,189.25,910.65,0,-1
479,legit_70,255.74,1001.6,13.1166,0.3814,270.0,C5B5,0,131.63,647.19,0,-1
479,legit_71,190.27,201.6,10.8835,1.351,270.0,B1A1,2,91.0,677.07,0,-1
479,legit_72,-1.6,255.63,13.2429,0.5961,180.0,A2A1,0,184.06,778.35,0,-1
479,legit_73,1001.6,858.62,13.3078,1.1269,0.0,F4F5,0,51.86,611.33,0,-1
479,legit_74,396.06,202.44,6.6143,-2.6831,208.46,:C1_0,2,98.52,593.14,0,-1
479,legit_75,523.19,198.4,12.5268,-0.7897,90.0,C1D1,2,107.26,571.64,0,-1
479,legit_76,223.01,398.4,7.2777,1.6751,90.0,B2C2,0,82.49,581.22,0,-1
479,legit_77,410.62,1001.6,7.4819,-3.7497,270.0,D5C5,1,87.73,591.31,0,-1
479,legit_78,198.4,80.84,13.2215,0.5688,180.0,B1B0,4,62.26,743.69,0,-1
479,legit_79,237.25,-1.6,8.7289,1.5568,90.0,B0C0,2,149.66,785.33,0,-1
480,legit_61,478.76,198.4,12.9859,0.6154,90.0,C1D1,2,83.51,576.97,0,-1
480,legit_64,256.92,1.6,12.3404,-0.4161,270.0,C0B0,2,159.53,774.87,0,-1
480,legit_67,507.78,998.4,12.4676,-0.4811,90.0,C5D5,1,99.98,571.38,0,-1
480,legit_68,216.99,201.6,10.3319,-2.5099,270.0,C1B1,2,105.58,663.56,0,-1
480,legit_70,242.72,1001.6,13.0213,-0.0953,270.0,C5B5,0,121.42,653.06,0,-1
480,legit_71,176.91,201.6,13.3562,2.4727,270.0,B1A1,2,85.92,684.19,0,-1
480,legit_72,-1.6,242.78,12.8457,-0.3972,180.0,A2A1,0,191.63,783.63,0,-1
480,legit_73,1001.6,871.57,12.9527,-0.3551,0.0,F4F5,1,57.79,616.07,0,-1
480,legit_74,389.81,201.6,6.409,-0.2053,266.73,C1B1,2,101.4,595.42,0,-1
480,legit_75,536.03,198.4,12.8382,0.3115,90.0,C1D1,2,116.4,570.6,0,-1
480,legit_76,231.86,398.4,8.8465,1.5688,90.0,B2C2,0,90.42,576.77,0,-1
480,legit_77,407.64,1001.6,2.9819,-4.5,270.0,D5C5,1,89.11,592.12,0,-1
480,legit_78,198.4,67.01,13.8212,0.5997,180.0,B1B0,4,71.76,753.13,0,-1
480,legit_79,247.68,-1.6,10.4307,1.7018,90.0,B0C0,2,155.97,781.01,0,-1
480,legit_80,987.7,801.6,0.0,0.0,270.0,F4E4,1,73.18,586.72,0,-1
481,legit_61,491.48,198.4,12.7189,-0.267,90.0,C1D1,2,88.7,575.15,0,-1
481,legit_64,243.78,1.6,13.139,0.7986,270.0,C0B0,2,151.04,780.21,0,-1
481,legit_67,520.7,998.4,12.924,0.4564,90.0,C5D5,1,107.97,570.07,0,-1
481,legit_68,210.33,201.6,6.6592,-3.6727,270.0,C1B1,2,101.48,666.84,0,-1
481,legit_70,229.17,1001.6,13.5523,0.531,270.0,C5B5,0,111.42,659.37,0,-1
481,legit_71,163.63,201.6,13.2868,-0.0694,270.0,B1A1,1,82.73,691.53,0,-1
481,legit_72,-1.6,229.16,13.6196,0.7739,180.0,A2A1,0,186.81,789.42,0,-1
481,legit_73,1001.6,884.78,13.2119,0.2592,0.0,F4F5,1,65.94,621.17,0,-1
481,legit_74,381.92,201.6,7.886,1.4769,270.0,C1B1,1,106.27,597.8,0,-1
481,legit_75,548.48,198.4,12.4491,-0.3891,90.0,C1D1,1,125.88,569.79,0,-1
481,legit_76,242.2,398.4,10.3436,1.4971,90.0,B2C2,0,99.88,571.68,0,-1
481,legit_77,405.62,999.97,2.8109,-0.171,248.85,:C5_10,1,91.51,591.77,0,-1
481,legit_78,198.4,53.29,13.7265,-0.0947,180.0,B1B0,3,82.42,762.7,0,-1
481,legit_79,259.61,-1.6,11.9295,1.4988,90.0,B0C0,2,163.71,776.21,0,-1
481,legit_80,985.61,801.6,2.085,2.085,270.0,F4E4,1,74.97,585.64,0,-1
482,legit_61,504.77,198.4,13.2864,0.5675,90.0,C1D1,2,95.64,573.51,0,-1
482,legit_64,231.6,1.6,12.1768,-0.9622,270.0,C0B0,2,143.8,785.33,0,-1
482,legit_67,533.16,998.4,12.4534,-0.4706,90.0,C5D5,1,116.5,569.01,0,-1
482,legit_68,201.32,201.6,9.0134,2.3542,270.0,:B1_5,1,96.4,671.37,0,-1
482,legit_70,217.01,1001.6,12.156,-1.3963,270.0,C5B5,0,103.13,665.21,0,-1
482,legit_71,150.42,201.6,13.2096,-0.0772,270.0,B1A1,1,81.6,699.09,0,-1
482,legit_72,-1.6,215.45,13.7053,0.0857,180.0,A2A1,0,179.15,795.45,0,-1
482,legit_73,1001.6,897.35,12.5669,-0.645,0.0,F4F5,1,75.04,626.23,0,-1
482,legit_74,372.28,201.6,9.638,1.7521,270.0,C1B1,1,112.69,600.81,0,-1
482,legit_75,561.51,198.4,13.0246,0.5755,90.0,C1D1,1,136.31,569.13,0,-1
482,legit_76,254.76,398.4,12.5607,2.2171,90.0,B2C2,0,111.58,565.65,0,-1
482,legit_77,408.6,998.4,3.7032,0.8922,138.61,C5D5,1,91.5,590.1,0,-1
482,legit_78,198.4,40.7,12.5923,-1.1342,180.0,B1B0,2,92.91,771.63,0,-1
482,legit_79,273.24,-1.6,13.6319,1.7024,90.0,B0C0,2,173.13,770.9,0,-1
482,legit_80,981.3,801.6,4.3103,2.2252,270.0,F4E4,1,78.7,583.42,0,-1
483,legit_61,517.97,198.4,13.1966,-0.0898,90.0,C1D1,1,103.76,572.13,0,-1
483,legit_64,219.71,1.6,11.8894,-0.2874,270.0,C0B0,2,137.4,790.47,0,-1
483,legit_67,546.32,998.4,13.1607,0.7074,90.0,C5D5,1,126.24,568.11,0,-1
483,legit_68,190.1,201.6,11.2141,2.2008,270.0,B1A1,1,90.92,677.16,0,-1
483,legit_70,207.94,1001.6,9.0685,-3.0876,270.0,C5B5,0,97.49,669.68,0,-1
483,legit_71,137.44,201.6,12.9745,-0.2351,270.0,B1A1,1,82.56,706.78,0,-1
483,legit_73,1001.6,910.77,13.4205,0.8536,0.0,F4F5,1,85.74,631.83,0,-1
483,legit_74,360.25,201.6,12.03,2.392,270.0,C1B1,0,121.3,604.73,0,-1
483,legit_75,574.48,198.4,12.9751,-0.0494,90.0,C1D1,1,147.11,568.67,0,-1
483,legit_76,267.46,398.4,12.7029,0.1421,90.0,B2C2,0,123.58,559.71,0,-1
483,legit_77,413.71,998.4,5.1032,1.4,90.0,C5D5,1,89.31,588.75,0,-1
483,legit_78,198.4,26.88,13.8127,1.2204,180.0,B1B0,2,104.94,781.55,0,-1
483,legit_79,286.39,-1.6,13.1474,-0.4845,90.0,B0C0,2,182.72,765.96,0,-1
483,legit_80,975.44,801.6,5.8656,1.5554,270.0,F4E4,1,83.87,580.43,0,-1
484,legit_61,530.4,198.4,12.4395,-0.7571,90.0,C1D1,1,112.3,571.03,0,-1
484,legit_64,212.32,1.6,7.3894,-4.5,270.0,C0B0,2,133.8,793.74,0,-1
484,legit_67,559.74,998.4,13.425,0.2643,90.0,C5D5,1,136.75,567.4,0,-1
484,legit_68,177.32,201.6,12.7791,1.565,270.0,B1A1,1,86.05,683.96,0,-1
484,legit_70,203.42,1001.06,4.5685,-4.5,263.78,:B5_1,0,95.31,671.67,0,-1
484,legit_71,123.68,201.6,13.7612,0.7868,270.0,B1A1,1,85.74,715.21,0,-1
484,legit_73,1001.6,923.29,12.5152,-0.9053,0.0,F4F5,1,96.33,637.24,0,-1
484,legit_74,347.22,201.6,13.0373,1.0073,270.0,C1B1,0,131.24,609.18,0,-1
484,legit_75,584.69,198.4,10.211,-2.7642,90.0,C1D1,1,155.85,568.44,0,-1
484,legit_76,280.79,398.4,13.3305,0.6276,90.0,B2C2,0,136.32,553.67,0,-1
484,legit_77,421.35,998.4,7.6416,2.5385,90.0,C5D5,1,86.48,586.79,0,-1
484,legit_78,198.4,17.08,9.804,-4.0087,180.0,B1B0,2,113.73,788.68,0,-1
484,legit_79,299.65,-1.6,13.263,0.1156,90.0,B0C0,2,192.83,761.16,0,-1
484,legit_80,967.16,801.6,8.2797,2.414,270.0,F4E4,1,91.31,576.28,0,-1
485,legit_61,542.96,198.4,12.5526,0.1131,90.0,C1D1,1,121.6,570.13,0,-1
485,legit_64,207.93,1.6,4.3923,-2.9972,270.0,C0B0,2,131.81,795.71,0,-1
485,legit_67,573.25,998.4,13.5101,0.0851,90.0,C5D5,1,147.82,566.89,0,-1
485,legit_68,164.19,201.6,13.1355,0.3563,270.0,B1A1,1,82.82,691.21,0,-1
485,legit_70,198.9,996.28,6.8574,2.2889,217.16,:B5_9,0,96.95,671.53,0,-1
485,legit_71,110.45,201.6,13.2318,-0.5294,270.0,B1A1,1,90.68,723.56,0,-1
485,legit_73,1001.6,936.6,13.3118,0.7966,0.0,F4F5,1,108.04,643.16,0,-1
485,legit_74,333.76,201.6,13.4591,0.4218,270.0,C1B1,0,142.02,613.97,0,-1
485,legit_75,590.4,198.4,5.711,-4.5,90.0,C1D1,1,160.81,568.37,0,-1
485,legit_76,294.29,398.4,13.4927,0.1622,90.0,B2C2,0,149.31,547.74,0,-1
485,legit_77,431.2,998.4,9.8483,2.2066,90.0,C5D5,1,83.74,584.41,0,-1
485,legit_78,198.4,10.63,6.4516,-3.3524,180.0,B1B0,2,119.6,793.41,0,-1
485,legit_79,313.1,-1.6,13.4497,0.1867,90.0,B0C0,2,183.11,756.47,0,-1
485,legit_80,956.28,801.6,10.8764,2.5967,270.0,F4E4,1,101.28,570.94,0,-1
486,legit_61,556.37,198.4,13.4127,0.8601,90.0,C1D1,1,132.14,569.37,0,-1
486,legit_64,206.83,1.36,1.1693,-3.2229,267.16,:B0_5,2,131.55,796.39,0,-1
486,legit_67,586.03,998.4,12.7785,-0.7316,90.0,C5D5,1,158.63,566.6,0,-1
486,legit_68,150.92,201.6,13.2703,0.1349,270.0,B1A1,2,81.61,698.8,0,-1
486,legit_70,198.4,989.07,7.2489,0.3915,182.06,B5B4,0,103.01,668.15,0,-1
486,legit_71,96.76,201.6,13.6905,0.4587,270.0,B1A1,2,97.43,732.45,0,-1
486,legit_73,1001.6,948.98,12.3792,-0.9325,0.0,F4F5,0,119.24,648.82,0,-1
486,legit_74,320.22,201.6,13.54,0.0809,270.0,C1B1,1,153.3,618.98,0,-1
486,legit_75,597.68,199.57,7.4894,1.7785,76.43,:D1_14,1,167.75,567.65,0,-1
486,legit_76,307.42,398.4,13.1284,-0.3643,90.0,B2C2,0,147.66,542.16,0,-1
486,legit_77,442.68,998.4,11.4842,1.6359,90.0,C5D5,1,81.93,581.84,0,-1
486,legit_78,198.88,3.81,6.855,0.4034,174.42,:B0_1,2,126.06,798.21,0,-1
486,legit_79,326.76,-1.6,13.659,0.2092,90.0,B0C0,2,173.13,751.9,0,-1
486,legit_80,942.84,801.6,13.4475,2.5711,270.0,F4E4,0,113.84,564.51,0,-1
486,legit_81,187.7,201.6,0.0,0.0,270.0,B1A1,3,89.89,678.42,0,-1
487,legit_61,569.7,198.4,13.3329,-0.0798,90.0,C1D1,1,143.09,568.82,0,-1
487,legit_64,206.25,0.97,0.6977,-0.4716,262.51,:B0_5,2,131.65,796.94,0,-1
487,legit_67,599.52,998.4,13.4872,0.7087,90.0,:D5_7,1,170.33,566.5,0,-1
487,legit_68,137.67,201.6,13.2494,-0.021,270.0,B1A1,2,82.53,706.64,0,-1
487,legit_70,198.4,980.23,8.832,1.5831,180.0,B5B4,0,110.89,663.76,0,-1
487,legit_71,83.9,201.6,12.8537,-0.8368,270.0,B1A1,2,105.01,741.0,0,-1
487,legit_73,1001.6,961.7,12.7239,0.3447,0.0,F4F5,0,127.82,654.79,0,-1
487,legit_74,307.17,201.6,13.0488,-0.4913,270.0,C1B1,1,164.5,624.0,0,-1
487,legit_75,601.29,205.06,6.9405,-0.5489,23.43,:D1_14,1,171.32,564.54,0,-1
487,legit_76,320.44,398.4,13.0198,-0.1086,90.0,B2C2,0,135.14,536.8,0,-1
487,legit_77,456.27,998.4,13.5909,2.1067,90.0,C5D5,1,81.84,579.08,0,-1
487,legit_78,204.08,-1.15,7.6151,0.7602,123.43,:B0_1,2,132.68,799.51,0,-1
487,legit_79,339.61,-1.6,12.8531,-0.8059,90.0,B0C0,2,164.23,747.78,0,-1
487,legit_80,929.81,801.6,13.0298,-0.4176,270.0,F4E4,0,126.18,558.46,0,-1
487,legit_81,186.32,201.6,1.3839,1.3839,270.0,B1A1,3,89.32,679.15,0,-1
488,legit_61,582.67,198.4,12.9644,-0.3685,90.0,C1D1,1,154.1,568.48,0,-1
488,legit_64,206.13,0.89,0.1437,-0.554,261.54,:B0_5,2,131.68,797.06,0,-1
488,legit_67,611.95,998.4,12.4285,-1.0587,90.0,D5E5,1,160.37,566.57,0,-1
488,legit_68,124.27,201.6,13.3989,0.1496,270.0,B1A1,2,85.56,714.84,0,-1
488,legit_70,198.4,969.51,10.7218,1.8899,180.0,B5B4,0,120.62,658.53,0,-1
488,legit_71,70.14,201.6,13.7636,0.9099,270.0,B1A1,2,114.18,750.35,0,-1
488,legit_73,1001.6,974.18,12.4826,-0.2413,0.0,F4F5,0,116.36,660.8,0,-1
488,legit_74,294.4,201.6,12.7686,-0.2802,270.0,C1B1,1,165.86,629.08,0,-1
488,legit_75,601.6,211.87,6.8237,-0.1168,0.54,D1D2,1,174.53,560.75,0,-1
488,legit_76,334.21,398.4,13.777,0.7572,90.0,B2C2,0,121.99,531.32,0,-1
488,legit_77,469.71,998.4,13.4437,-0.1472,90.0,C5D5,1,83.95,576.66,0,-1
488,legit_78,211.21,-1.6,7.1591,-0.4561,91.6,B0C0,2,136.14,796.62,0,-1
488,legit_79,352.82,-1.6,13.2123,0.3592,90.0,B0C0,2,155.66,743.73,0,-1
488,legit_80,916.73,801.6,13.0744,0.0446,270.0,F4E4,0,138.69,552.57,0,-1
488,legit_81,183.0,201.6,3.312,1.9281,270.0,B1A1,3,88.02,680.91,0,-1
489,legit_64,206.1,0.87,0.0406,-0.1031,261.26,:B0_5,1,131.68,797.09,0,-1
489,legit_67,625.46,998.4,13.5127,1.0842,90.0,D5E5,1,148.89,566.85,0,-1
489,legit_68,111.56,201.6,12.7127,-0.6863,270.0,B1A1,2,90.2,722.85,0,-1
489,legit_70,198.4,956.27,13.2442,2.5224,180.0,B5B4,0,125.94,652.22,0,-1
489,legit_71,56.41,201.6,13.7284,-0.0353,270.0,B1A1,2,124.17,759.85,0,-1
489,legit_73,1001.6,987.59,13.4037,0.9212,0.0,F4F5,0,104.32,667.41,0,-1
489,legit_74,281.07,201.6,13.3332,0.5646,270.0,C1B1,1,154.39,634.56,0,-1
489,legit_75,601.6,221.27,9.4067,2.583,0.0,D1D2,0,179.66,555.59,0,-1
489,legit_76,347.45,398.4,13.2417,-0.5352,90.0,B2C2,0,109.5,526.25,0,-1
489,legit_77,482.88,998.4,13.1694,-0.2743,90.0,C5D5,1,87.98,574.58,0,-1
489,legit_78,220.9,-1.6,9.6868,2.5278,90.0,B0C0,2,140.76,792.33,0,-1
489,legit_79,366.48,-1.6,13.6599,0.4476,90.0,B0C0,1,147.52,739.74,0,-1
489,legit_80,903.96,801.6,12.7687,-0.3057,270.0,F4E4,0,151.0,546.99,0,-1
489,legit_81,177.28,201.6,5.7277,2.4157,270.0,B1A1,3,86.04,683.99,0,-1
490,legit_64,206.26,-0.97,2.218,2.1774,223.01,:B0_9,1,133.42,798.38,0,-1
490,legit_67,638.19,998.4,12.7339,-0.7788,90.0,D5E5,1,138.42,567.31,0,-1
490,legit_68,97.85,201.6,13.7026,0.99,270.0,B1A1,2,96.84,731.73,0,-1
490,legit_70,198.4,943.15,13.1157,-0.1285,180.0,B5B4,0,113.94,646.14,0,-1
490,legit_71,43.21,201.6,13.2013,-0.527,270.0,B1A1,2,134.4,769.16,0,-1
490,legit_73,1001.6,996.49,8.9037,-4.5,0.0,F4F5,0,96.52,671.89,0,-1
490,legit_74,267.35,201.6,13.7134,0.3802,270.0,C1B1,1,142.94,640.4,0,-1
490,legit_75,601.6,232.63,11.3604,1.9537,0.0,D1D2,0,186.3,549.52,0,-1
490,legit_76,360.59,398.4,13.137,-0.1047,90.0,B2C2,0,97.31,521.41,0,-1
490,legit_77,496.49,998.4,13.6099,0.4406,90.0,C5D5,1,93.92,572.72,0,-1
490,legit_78,232.23,-1.6,11.3329,1.646,90.0,B0C0,2,146.79,787.45,0,-1
490,legit_79,379.97,-1.6,13.4842,-0.1757,90.0,B0C0,1,140.32,736.01,0,-1
490,legit_80,890.35,801.6,13.6134,0.8447,270.0,F4E4,0,145.51,541.22,0,-1
490,legit_81,169.03,201.6,8.2445,2.5168,270.0,B1A1,3,83.79,688.51,0,-1
491,legit_64,209.27,-1.6,3.2039,0.9859,121.97,B0C0,1,135.28,797.49,0,-1
491,legit_67,651.03,998.4,12.8428,0.1089,90.0,D5E5,1,128.27,567.95,0,-1
491,legit_68,84.82,201.6,13.0329,-0.6698,270.0,B1A1,2,104.44,740.38,0,-1
491,legit_70,198.4,929.33,13.8244,0.7087,180.0,B5B4,0,101.6,639.9,0,-1
491,legit_71,30.24,201.6,12.9693,-0.232,270.0,B1A1,2,144.92,778.43,0,-1
491,legit_73,999.45,1000.97,5.282,-3.6217,332.91,:F5_0,0,93.81,673.08,0,-1
491,legit_74,253.97,201.6,13.3796,-0.3338,270.0,C1B1,1,132.17,646.28,0,-1
491,legit_75,601.6,245.78,13.1499,1.7895,0.0,D1D2,0,187.26,542.69,0,-1
491,legit_76,373.82,398.4,13.2322,0.0952,90.0,B2C2,0,85.31,516.74,0,-1
491,legit_77,510.33,998.4,13.8343,0.2244,90.0,C5D5,1,101.48,571.11,0,-1
491,legit_78,245.49,-1.6,13.2571,1.9242,90.0,B0C0,2,154.61,781.91,0,-1
491,legit_79,389.81,-1.6,9.8378,-3.6464,90.0,B0C0,1,135.68,733.42,0,-1
491,legit_80,877.55,801.6,12.798,-0.8154,270.0,F4E4,0,133.21,535.98,0,-1
491,legit_81,158.59,201.6,10.4464,2.2019,270.0,B1A1,3,82.05,694.38,0,-1
492,legit_64,213.97,-1.6,4.6988,1.4948,90.0,B0C0,1,137.4,795.39,0,-1
492,legit_67,663.73,998.4,12.6983,-0.1445,90.0,D5E5,1,118.75,568.78,0,-1
492,legit_68,71.96,201.6,12.8614,-0.1715,270.0,B1A1,2,112.91,749.1,0,-1
492,legit_70,198.4,916.23,13.1001,-0.7243,180.0,B5B4,0,90.3,634.17,0,-1
492,legit_71,18.31,201.6,11.9276,-1.0417,270.0,B1A1,2,154.92,787.08,0,-1
492,legit_73,994.88,1001.6,4.6922,-0.5899,279.28,F5E5,0,95.84,671.09,0,-1
492,legit_74,240.53,201.6,13.4405,0.0609,270.0,C1B1,1,121.88,652.38,0,-1
492,legit_75,601.6,258.97,13.1844,0.0345,0.0,D1D2,0,179.53,536.06,0,-1
492,legit_76,384.37,398.4,10.5505,-2.6817,90.0,B2C2,0,76.04,513.16,0,-1
492,legit_77,523.42,998.4,13.0956,-0.7387,90.0,C5D5,1,109.77,569.82,0,-1
492,legit_78,258.19,-1.6,12.7049,-0.5522,90.0,B0C0,2,162.77,776.77,0,-1
492,legit_79,395.12,-1.27,5.3378,-4.5,86.19,:C0_7,1,133.11,731.81,0,-1
492,legit_80,864.25,801.6,13.2978,0.4998,270.0,F4E4,0,120.53,530.72,0,-1
492,legit_81,147.38,201.6,11.2045,0.7581,270.0,B1A1,3,81.64,700.86,0,-1
492,legit_82,812.3,198.4,0.0,0.0,90.0,E1F1,0,100.14,597.8,0,-1
493,legit_64,220.13,-1.6,6.1604,1.4617,90.0,B0C0,1,140.38,792.67,0,-1
493,legit_67,676.88,998.4,13.1504,0.452,90.0,D5E5,1,109.57,569.85,0,-1
493,legit_68,58.52,201.6,13.4444,0.583,270.0,B1A1,2,122.59,758.39,0,-1
493,legit_70,198.4,902.88,13.3466,0.2465,180.0,B5B4,0,79.35,628.51,0,-1
493,legit_71,10.89,201.6,7.4276,-4.5,270.0,B1A1,2,161.28,792.52,0,-1
493,legit_73,988.38,1001.6,6.4929,1.8008,270.0,F5E5,0,99.72,667.86,0,-1
493,legit_74,227.42,201.6,13.1115,-0.329,270.0,C1B1,1,112.48,658.53,0,-1
493,legit_75,601.6,272.37,13.3983,0.2139,0.0,D1D2,0,172.34,529.55,0,-1
493,legit_76,390.42,398.4,6.0505,-4.5,90.0,B2C2,0,70.88,511.18,0,-1
493,legit_77,536.39,998.4,12.97,-0.1256,90.0,C5D5,1,118.84,568.77,0,-1
493,legit_78,271.44,-1.6,13.2484,0.5435,90.0,B0C0,2,171.86,771.59,0,-1
493,legit_79,400.81,2.96,7.5066,2.1688,43.58,:C0_10,1,126.96,727.07,0,-1
493,legit_80,850.85,801.6,13.4058,0.108,270.0,F4E4,0,107.91,525.61,0,-1
493,legit_81,135.74,201.6,11.6404,0.4359,270.0,B1A1,3,82.84,707.8,0,-1
493,legit_82,814.77,198.4,2.474,2.474,90.0,E1F1,0,101.7,598.55,0,-1
494,legit_64,228.89,-1.6,8.7545,2.5941,90.0,B0C0,1,144.95,788.88,0,-1
494,legit_67,689.25,998.4,12.3675,-0.7829,90.0,D5E5,1,101.73,571.06,0,-1
494,legit_68,44.89,201.6,13.6292,0.1847,270.0,B1A1,2,133.07,767.97,0,-1
494,legit_70,198.4,889.66,13.2172,-0.1294,180.0,B5B4,0,69.35,623.11,0,-1
494,legit_71,4.88,201.93,6.0289,-1.3988,273.81,:A1_3,2,166.65,796.79,0,-1
494,legit_73,979.7,1001.6,8.6856,2.1926,270.0,F5E5,0,105.3,663.61,0,-1
494,legit_74,216.24,201.6,11.179,-1.9325,270.0,C1B1,1,105.1,663.92,0,-1
494,legit_75,601.6,285.43,13.0674,-0.3309,0.0,D1D2,0,166.08,523.44,0,-1
494,legit_76,398.26,398.4,7.839,1.7885,90.0,:C2_13,0,64.43,508.67,0,-1
494,legit_77,549.31,998.4,12.912,-0.058,90.0,C5D5,1,128.53,567.93,0,-1
494,legit_78,284.38,-1.6,12.94,-0.3084,90.0,B0C0,2,181.23,766.71,0,-1
494,legit_79,401.6,10.24,7.3928,-0.1138,3.18,C0C1,1,119.95,721.15,0,-1
494,legit_80,838.2,801.6,12.6486,-0.7573,270.0,F4E4,0,96.2,520.98,0,-1
494,legit_81,123.53,201.6,12.2067,0.5663,270.0,B1A1,3,85.78,715.3,0,-1
494,legit_82,819.64,198.4,4.8646,2.3907,90.0,E1F1,0,104.86,600.03,0,-1
495,legit_64,239.4,-1.6,10.5122,1.7577,90.0,B0C0,1,150.93,784.43,0,-1
495,legit_67,702.67,998.4,13.4194,1.0519,90.0,D5E5,1,94.33,572.61,0,-1
495,legit_68,31.41,201.6,13.4754,-0.1537,270.0,B1A1,2,143.95,777.59,0,-1
495,legit_70,198.4,875.82,13.8438,0.6266,180.0,B5B4,0,60.21,617.68,0,-1
495,legit_71,1.71,206.44,5.9173,-0.1115,329.89,:A1_3,2,171.64,797.06,0,-1
495,legit_73,969.33,1001.6,10.3692,1.6836,270.0,F5E5,0,112.49,658.66,0,-1
495,legit_74,209.56,201.6,6.679,-4.5,270.0,C1B1,1,101.03,667.22,0,-1
495,legit_75,601.6,298.52,13.0832,0.0158,0.0,D1D2,0,160.63,517.55,0,-1
495,legit_76,408.35,398.4,10.0824,2.2434,90.0,C2D2,0,56.65,505.58,0,-1
495,legit_77,562.4,998.4,13.0929,0.1808,90.0,C5D5,1,138.9,567.28,0,-1
495,legit_78,297.18,-1.6,12.7952,-0.1447,90.0,B0C0,2,190.91,762.04,0,-1
495,legit_79,401.6,20.05,9.8086,2.4158,0.0,C0C1,1,111.05,713.51,0,-1
495,legit_80,825.26,801.6,12.941,0.2924,270.0,F4E4,0,84.49,516.42,0,-1
495,legit_81,112.42,201.6,11.1169,-1.0898,270.0,B1A1,3,89.84,722.31,0,-1
495,legit_82,827.04,198.4,7.4012,2.5365,90.0,E1F1,0,109.92,602.35,0,-1
496,legit_64,252.17,-1.6,12.7723,2.26,90.0,B0C0,1,158.83,779.19,0,-1
496,legit_67,715.9,998.4,13.2289,-0.1905,90.0,D5E5,1,88.44,574.4,0,-1
496,legit_68,19.62,201.6,11.7909,-1.6845,270.0,B1A1,2,153.81,786.13,0,-1
496,legit_70,198.4,862.09,13.7275,-0.1163,180.0,B5B4,0,53.2,612.57,0,-1
496,legit_71,1.6,212.06,5.6328,-0.2846,359.78,A1A2,2,174.64,794.59,0,-1
496,legit_73,956.47,1001.6,12.8625,2.4933,270.0,F5E5,0,122.05,652.69,0,-1
496,legit_74,203.24,202.85,6.5965,-0.0825,284.87,:B1_4,1,98.49,669.75,0,-1
496,legit_75,601.6,311.9,13.3797,0.2964,0.0,D1D2,0,156.0,511.77,0,-1
496,legit_76,419.93,398.4,11.5813,1.4989,90.0,C2D2,0,48.77,502.21,0,-1
496,legit_77,575.13,998.4,12.7286,-0.3642,90.0,C5D5,1,149.38,566.84,0,-1
496,legit_78,310.08,-1.6,12.9021,0.1069,90.0,B0C0,2,185.38,757.51,0,-1
496,legit_79,401.6,32.01,11.9625,2.1539,0.0,C0C1,1,100.42,704.27,0,-1
496,legit_80,814.87,801.6,10.3874,-2.5536,270.0,F4E4,0,75.38,512.91,0,-1
496,legit_81,100.53,201.6,11.8861,0.7692,270.0,B1A1,3,95.42,729.98,0,-1
496,legit_82,835.82,198.4,8.7787,1.3775,90.0,E1F1,0,116.24,605.19,0,-1
497,legit_64,264.43,-1.6,12.2571,-0.5152,90.0,B0C0,2,166.97,774.31,0,-1
497,legit_67,728.9,998.4,13.0032,-0.2257,90.0,D5E5,1,84.28,576.43,0,-1
497,legit_68,11.42,201.6,8.205,-3.586,270.0,B1A1,2,160.82,792.13,0,-1
497,legit_70,198.4,849.24,12.8546,-0.8729,180.0,B5B4,0,49.27,608.07,0,-1
497,legit_71,1.6,219.03,6.9716,1.3388,0.0,A1A2,2,178.41,791.47,0,-1
497,legit_73,943.77,1001.6,12.6953,-0.1672,270.0,F5E5,0,132.03,646.97,0,-1
497,legit_74,201.6,208.63,6.2275,-0.369,349.26,B1B2,1,102.56,667.66,0,-1
497,legit_75,601.6,324.86,12.9614,-0.4183,0.0,D1D2,0,152.5,506.41,0,-1
497,legit_76,432.87,398.4,12.9387,1.3574,90.0,C2D2,0,42.05,498.74,0,-1
497,legit_77,585.72,998.4,10.5971,-2.1315,90.0,C5D5,1,158.37,566.61,0,-1
497,legit_78,323.44,-1.6,13.3649,0.4627,90.0,B0C0,2,175.51,752.99,0,-1
497,legit_79,401.6,45.36,13.3445,1.3821,0.0,C0C1,2,88.96,694.1,0,-1
497,legit_80,808.98,801.6,5.8874,-4.5,270.0,F4E4,0,70.38,510.98,0,-1
497,legit_81,88.18,201.6,12.3494,0.4632,270.0,B1A1,3,102.37,738.13,0,-1
497,legit_82,846.29,198.4,10.4684,1.6897,90.0,E1F1,0,124.17,608.69,0,-1
498,legit_64,277.26,-1.6,12.8302,0.5731,90.0,B0C0,2,176.02,769.38,0,-1
498,legit_67,742.45,998.4,13.5517,0.5485,90.0,D5E5,1,81.95,578.84,0,-1
498,legit_68,7.71,201.6,3.705,-4.5,270.0,B1A1,2,164.03,794.85,0,-1
498,legit_70,198.4,835.84,13.4029,0.5483,180.0,B5B4,0,48.58,603.71,0,-1
498,legit_71,1.6,228.23,9.1935,2.2219,0.0,A1A2,2,183.67,787.43,0,-1
498,legit_73,931.31,1001.6,12.4602,-0.2351,270.0,F5E5,1,142.25,641.53,0,-1
498,legit_74,201.6,217.28,8.6537,2.4262,0.0,B1B2,1,110.12,663.33,0,-1
498,legit_75,601.6,337.77,12.9155,-0.0459,0.0,D1D2,0,150.06,501.32,0,-1
498,legit_76,445.57,398.4,12.7053,-0.2334,90.0,C2D2,0,38.65,495.67,0,-1
498,legit_77,592.13,998.4,6.4099,-4.1872,90.0,C5D5,0,163.89,566.53,0,-1
498,legit_78,336.65,-1.6,13.2085,-0.1563,90.0,B0C0,2,166.24,748.71,0,-1
498,legit_79,401.6,59.1,13.7383,0.3938,0.0,C0C1,2,77.79,683.79,0,-1
498,legit_80,801.96,800.22,7.2898,1.4024,254.53,:E4_6,0,65.44,508.36,0,-1
498,legit_81,76.06,201.6,12.1186,-0.2307,270.0,B1A1,3,110.11,746.3,0,-1
498,legit_82,857.56,198.4,11.2767,0.8083,90.0,E1F1,0,133.1,612.61,0,-1
498,legit_83,787.7,1001.6,0.0,0.0,270.0,E5D5,2,86.99,590.87,0,-1
499,legit_64,289.97,-1.6,12.7073,-0.1229,90.0,B0C0,2,185.41,764.65,0,-1
499,legit_67,755.24,998.4,12.7878,-0.7639,90.0,D5E5,1,81.77,581.4,0,-1
499,legit_68,5.6,200.01,2.8377,-0.8673,249.54,:A1_5,2,165.08,797.14,0,-1
499,legit_70,198.4,823.1,12.7325,-0.6703,180.0,B5B4,0,51.26,599.89,0,-1
499,legit_71,1.6,239.66,11.4363,2.2428,0.0,A1A2,2,190.64,782.53,0,-1
499,legit_73,918.27,1001.6,13.042,0.5818,270.0,F5E5,1,153.3,636.01,0,-1
499,legit_74,201.6,227.79,10.503,1.8492,0.0,B1B2,1,119.5,658.18,0,-1
499,legit_75,601.6,350.58,12.8055,-0.1101,0.0,D1D2,0,148.7,496.52,0,-1
499,legit_76,459.41,398.4,13.8403,1.1351,90.0,C2D2,0,39.54,492.76,0,-1
499,legit_77,597.81,995.65,6.755,0.3451,123.43,:D5_6,0,170.18,564.94,0,-1
499,legit_78,349.25,-1.6,12.601,-0.6075,90.0,B0C0,2,157.91,744.8,0,-1
499,legit_79,401.6,71.73,12.6332,-1.1051,0.0,C0C1,2,68.36,674.46,0,-1
499,legit_80,798.62,794.31,7.1563,-0.1335,200.19,:E4_6,0,66.72,505.74,0,-1
499,legit_81,64.29,201.6,11.7727,-0.346,270.0,B1A1,3,118.34,754.38,0,-1
499,legit_82,868.12,198.4,10.558,-0.7187,90.0,E1F1,0,141.77,616.4,0,-1
499,legit_83,786.25,1001.6,1.4513,1.4513,270.0,E5D5,2,86.37,590.49,0,-1
