step,vehicle_id,x,y,speed,accel,angle,edge_id,n_neighbors,min_rsu_dist,mean_rsu_dist,is_sybil,attacker_id
0,legit_0,787.7,401.6,0.0,0.0,270.0,E2D2,0,56.14,503.55,0,-1
1,legit_0,785.52,401.6,2.1817,2.1817,270.0,E2D2,0,54.7,502.91,0,-1
2,legit_0,780.9,401.6,4.6221,2.4405,270.0,E2D2,0,51.82,501.6,0,-1
3,legit_0,774.1,401.6,6.7966,2.1745,270.0,E2D2,0,48.08,499.73,0,-1
4,legit_0,765.91,401.6,8.1917,1.3951,270.0,E2D2,0,44.54,497.6,0,-1
5,legit_0,756.32,401.6,9.586,1.3944,270.0,E2D2,0,42.08,495.28,0,-1
6,legit_0,744.69,401.6,11.6307,2.0446,270.0,E2D2,0,41.94,492.75,0,-1
6,legit_1,412.3,598.4,0.0,0.0,90.0,C3D3,0,37.73,474.54,0,-1
7,legit_0,731.21,401.6,13.4848,1.8541,270.0,E2D2,0,45.65,490.21,0,-1
7,legit_1,413.62,598.4,1.3189,1.3189,90.0,C3D3,0,36.42,474.13,0,-1
8,legit_0,717.82,401.6,13.3908,-0.094,270.0,E2D2,0,52.6,488.05,0,-1
8,legit_1,417.44,598.4,3.819,2.5001,90.0,C3D3,0,32.6,472.94,0,-1
9,legit_0,704.14,401.6,13.6795,0.2887,270.0,E2D2,0,61.92,486.17,0,-1
9,legit_1,423.52,598.4,6.0859,2.2669,90.0,C3D3,0,26.52,471.09,0,-1
10,legit_0,691.26,401.6,12.8726,-0.8068,270.0,E2D2,0,71.98,484.66,0,-1
10,legit_1,431.4,598.4,7.8763,1.7904,90.0,C3D3,0,18.67,468.75,0,-1
11,legit_0,677.85,401.6,13.4167,0.5441,270.0,E2D2,0,83.29,483.32,0,-1
11,legit_1,441.52,598.4,10.115,2.2387,90.0,C3D3,0,8.63,465.85,0,-1
12,legit_0,664.89,401.6,12.9612,-0.4555,270.0,E2D2,0,94.74,482.25,0,-1
12,legit_1,454.22,598.4,12.7022,2.5872,90.0,C3D3,0,4.51,462.81,0,-1
12,legit_2,601.6,812.3,0.0,0.0,0.0,D4D5,0,150.96,484.0,0,-1
13,legit_0,651.68,401.6,13.202,0.2408,270.0,E2D2,0,106.76,481.36,0,-1
13,legit_1,466.97,598.4,12.7513,0.0491,90.0,C3D3,0,17.04,460.78,0,-1
13,legit_2,601.6,814.81,2.5069,2.5069,0.0,D4D5,0,150.52,484.78,0,-1
14,legit_0,638.98,401.6,12.701,-0.501,270.0,E2D2,0,118.56,480.71,0,-1
14,legit_1,479.49,598.4,12.5233,-0.228,90.0,C3D3,0,29.54,458.97,0,-1
14,legit_2,601.6,819.43,4.6246,2.1177,0.0,D4D5,0,149.82,486.24,0,-1
15,legit_0,626.12,401.6,12.8642,0.1632,270.0,E2D2,0,130.68,480.23,0,-1
15,legit_1,491.54,598.4,12.0456,-0.4776,90.0,C3D3,0,41.57,457.4,0,-1
15,legit_2,601.6,825.39,5.9631,1.3386,0.0,D4D5,0,149.12,488.18,0,-1
16,legit_0,615.83,401.6,10.289,-2.5752,270.0,E2D2,0,140.47,479.99,0,-1
16,legit_1,503.36,598.4,11.8249,-0.2208,90.0,C3D3,1,53.39,456.03,0,-1
16,legit_2,601.6,832.98,7.5902,1.6271,0.0,D4D5,0,148.57,490.72,0,-1
16,sybil_16,601.6,609.1,0.0,0.0,0.0,D3D4,1,148.68,450.84,1,5
17,legit_0,610.04,401.6,5.789,-4.5,270.0,E2D2,0,146.01,479.9,0,-1
17,legit_1,515.6,598.4,12.2363,0.4114,90.0,C3D3,1,65.62,454.78,0,-1
17,legit_2,601.6,841.94,8.9578,1.3676,0.0,D4D5,0,148.41,493.83,0,-1
17,sybil_16,601.6,610.48,1.5987,1.5987,0.0,D3D4,1,148.77,450.86,1,5
18,legit_0,603.54,402.68,6.7242,0.9352,282.69,:D2_4,0,152.55,479.54,0,-1
18,legit_1,527.9,598.4,12.2988,0.0625,90.0,C3D3,1,77.91,453.69,0,-1
18,legit_2,601.6,853.01,11.0633,2.1055,0.0,D4D5,0,148.97,497.84,0,-1
18,legit_3,798.4,787.7,0.0,0.0,180.0,E4E3,0,71.26,503.97,0,-1
18,sybil_16,601.6,614.37,8.9485,7.3498,0.0,D3D4,1,149.09,450.94,1,5
19,legit_0,601.6,407.73,5.6772,-1.047,343.65,D2D3,0,155.89,478.11,0,-1
19,legit_1,539.74,598.4,11.8423,-0.4564,90.0,C3D3,2,89.75,452.81,0,-1
19,legit_2,601.6,866.2,13.1937,2.1305,0.0,D4D5,0,150.69,502.86,0,-1
19,legit_3,798.4,786.37,1.3282,1.3282,180.0,E4E3,0,72.24,503.63,0,-1
19,sybil_16,601.6,620.62,0.0,-8.9485,0.0,D3D4,2,149.83,451.11,1,5
19,sybil_17,601.6,620.62,0.0,0.0,0.0,D3D4,2,149.83,451.11,1,5
20,legit_0,601.6,415.12,7.3919,1.7147,0.0,D2D3,0,158.31,476.09,0,-1
20,legit_1,552.52,598.4,12.7829,0.9406,90.0,C3D3,2,102.54,452.04,0,-1
20,legit_2,601.6,878.83,12.6296,-0.5642,0.0,D4D5,0,153.4,507.91,0,-1
20,legit_3,798.4,783.61,2.7664,1.4382,180.0,E4E3,0,74.32,502.94,0,-1
20,sybil_16,601.6,629.08,3.8457,3.8457,0.0,D3D4,2,151.22,451.44,1,5
20,sybil_17,601.6,629.08,9.53,9.53,0.0,D3D4,2,151.22,451.44,1,5
21,legit_0,601.6,424.71,9.5844,2.1925,0.0,D2D3,0,161.89,473.58,0,-1
21,legit_1,564.73,598.4,12.2086,-0.5744,90.0,C3D3,2,114.74,451.47,0,-1
21,legit_2,601.6,891.87,13.0444,0.4148,0.0,D4D5,0,157.21,513.37,0,-1
21,legit_3,798.4,778.29,5.3114,2.545,180.0,E4E3,0,78.42,501.64,0,-1
21,sybil_16,601.6,639.87,23.6542,19.8085,0.0,D3D4,2,153.66,452.01,1,5
21,sybil_17,601.6,639.87,3.8529,-5.6771,0.0,D3D4,2,153.66,452.01,1,5
22,legit_0,601.6,435.74,11.0353,1.4509,0.0,D2D3,0,166.61,470.86,0,-1
22,legit_1,577.46,598.4,12.7248,0.5162,90.0,C3D3,3,127.47,451.06,0,-1
22,legit_2,601.6,905.29,13.4189,0.3745,0.0,D4D5,0,162.13,519.24,0,-1
22,legit_3,798.4,770.56,7.7377,2.4262,180.0,E4E3,0,84.65,499.81,0,-1
22,sybil_16,601.6,652.66,29.2433,5.5891,0.0,D3D4,3,157.47,452.93,1,5
22,sybil_17,601.6,652.66,7.2979,3.445,0.0,D3D4,3,157.47,452.93,1,5
22,sybil_18,601.6,611.8,15.5477,0.0,0.0,D3D4,3,148.87,450.88,1,6
23,legit_0,601.6,448.2,12.4524,1.417,0.0,D2D3,0,172.63,468.0,0,-1
23,legit_1,586.01,598.4,8.55,-4.1748,90.0,C3D3,3,136.02,450.88,0,-1
23,legit_2,601.6,917.9,12.6092,-0.8097,0.0,D4D5,0,167.6,524.98,0,-1
23,legit_3,798.4,761.13,9.4242,1.6865,180.0,E4E3,0,92.53,497.68,0,-1
23,sybil_16,601.6,666.49,33.2261,3.9828,0.0,D3D4,3,162.62,454.2,1,5
23,sybil_17,601.6,666.49,16.0186,8.7207,0.0,D3D4,3,162.62,454.2,1,5
23,sybil_18,601.6,613.31,0.0,-15.5477,0.0,D3D4,3,149.0,450.91,1,6
24,legit_0,601.6,462.06,13.8614,1.409,0.0,D2D3,1,180.11,465.07,0,-1
24,legit_1,591.34,598.4,5.3341,-3.2159,90.0,C3D3,5,141.35,450.82,0,-1
24,legit_2,601.6,930.74,12.837,0.2278,0.0,D4D5,0,173.94,531.04,0,-1
24,legit_3,798.4,750.21,10.9233,1.4991,180.0,E4E3,0,102.0,495.35,0,-1
24,legit_4,987.7,201.6,0.0,0.0,270.0,F1E1,0,102.66,665.86,0,-1
24,sybil_16,601.6,679.5,20.6775,-12.5486,0.0,D3D4,4,168.35,455.64,1,5
24,sybil_17,601.6,679.5,13.4843,-2.5343,0.0,D3D4,4,168.35,455.64,1,5
24,sybil_18,601.6,617.01,5.6085,5.6085,0.0,D3D4,4,149.37,451.0,1,6
24,sybil_19,601.6,617.01,13.6236,0.0,0.0,D3D4,4,149.37,451.0,1,6
24,sybil_32,791.3,1.6,0.0,0.0,270.0,E0D0,0,125.4,726.25,1,10
25,legit_0,601.6,475.87,13.8136,-0.0478,0.0,D2D3,3,188.28,462.41,0,-1
25,legit_1,599.22,598.4,7.8796,2.5455,90.0,:D3_13,5,149.23,450.77,0,-1
25,legit_2,601.6,943.48,12.7408,-0.0962,0.0,D4D5,0,180.92,537.27,0,-1
25,legit_3,798.4,737.23,12.9776,2.0543,180.0,E4E3,0,113.6,492.75,0,-1
25,legit_4,985.34,201.6,2.3616,2.3616,270.0,F1E1,0,104.11,664.7,0,-1
25,sybil_16,601.6,693.0,0.0,-20.6775,0.0,D3D4,4,175.13,457.39,1,5
25,sybil_17,601.6,693.0,3.7532,-9.7312,0.0,D3D4,4,175.13,457.39,1,5
25,sybil_18,601.6,622.04,11.1297,5.5211,0.0,D3D4,5,150.03,451.15,1,6
25,sybil_19,601.6,622.04,2.0352,-11.5884,0.0,D3D4,5,150.03,451.15,1,6
25,sybil_32,788.91,1.6,0.0,0.0,270.0,E0D0,0,124.63,725.69,1,10
26,legit_0,601.6,488.6,12.7286,-1.085,0.0,D2D3,3,185.56,460.2,0,-1
26,legit_1,609.61,598.4,10.3871,2.5074,90.0,D3E3,5,140.4,450.83,0,-1
26,legit_2,601.6,956.53,13.0482,0.3073,0.0,D4D5,0,188.68,543.87,0,-1
26,legit_3,798.4,724.12,13.1116,0.134,180.0,E4E3,0,125.58,490.32,0,-1
26,legit_4,981.61,201.6,3.725,1.3634,270.0,F1E1,0,106.47,662.88,0,-1
26,sybil_16,601.6,705.65,10.7873,10.7873,0.0,D3D4,4,182.17,459.27,1,5
26,sybil_17,601.6,705.65,17.8284,14.0753,0.0,D3D4,4,182.17,459.27,1,5
26,sybil_18,601.6,629.11,23.8313,12.7016,0.0,D3D4,5,151.23,451.44,1,6
26,sybil_19,601.6,629.11,5.3354,3.3002,0.0,D3D4,5,151.23,451.44,1,6
26,sybil_32,785.18,1.6,0.0,0.0,270.0,E0D0,0,123.52,724.84,1,10
27,legit_0,601.6,501.54,12.9445,0.2159,0.0,D2D3,3,178.09,458.18,0,-1
27,legit_1,622.32,598.4,12.7085,2.3215,90.0,D3E3,5,127.69,451.05,0,-1
27,legit_2,601.6,969.8,13.2721,0.2239,0.0,D4D5,0,184.84,550.8,0,-1
27,legit_3,798.4,711.23,12.8849,-0.2266,180.0,E4E3,1,121.31,488.13,0,-1
27,legit_4,976.27,201.6,5.344,1.6191,270.0,F1E1,0,109.98,660.29,0,-1
27,sybil_16,601.6,718.74,9.1022,-1.6851,0.0,D3D4,4,190.06,461.45,1,5
27,sybil_17,601.6,718.74,3.3888,-14.4396,0.0,D3D4,4,190.06,461.45,1,5
27,sybil_18,601.6,637.79,9.4051,-14.4262,0.0,D3D4,5,153.14,451.89,1,6
27,sybil_19,601.6,637.79,14.7084,9.373,0.0,D3D4,5,153.14,451.89,1,6
27,sybil_24,788.7,601.6,5.9326,0.0,270.0,E3D3,1,38.73,474.85,1,8
27,sybil_32,779.66,1.6,1.3482,1.3482,270.0,E0D0,1,122.06,723.6,1,10
27,sybil_33,791.2,1.6,0.0,0.0,270.0,E0D0,1,125.36,726.22,1,11
28,legit_0,601.6,515.03,13.4868,0.5424,0.0,D2D3,4,171.0,456.32,0,-1
28,legit_1,635.21,598.4,12.8961,0.1875,90.0,D3E3,6,114.8,451.47,0,-1
28,legit_2,601.6,981.92,12.1199,-1.1522,0.0,D4D5,0,177.88,557.33,0,-1
28,legit_3,798.4,698.42,12.8145,-0.0704,180.0,E4E3,1,109.68,486.13,0,-1
28,legit_4,969.2,201.6,7.0709,1.7269,270.0,F1E1,0,114.84,656.92,0,-1
28,sybil_16,601.6,732.35,26.941,17.8388,0.0,D3D4,5,183.33,463.96,1,5
28,sybil_17,601.6,732.35,16.7943,13.4055,0.0,D3D4,5,183.33,463.96,1,5
28,sybil_18,601.6,649.01,9.4264,0.0213,0.0,D3D4,6,156.28,452.64,1,6
28,sybil_19,601.6,649.01,13.9517,-0.7568,0.0,D3D4,6,156.28,452.64,1,6
28,sybil_20,601.6,649.01,0.0,0.0,0.0,D3D4,6,156.28,452.64,1,6
28,sybil_24,786.97,601.6,12.2469,6.3143,270.0,E3D3,1,37.01,474.31,1,8
28,sybil_32,772.05,1.6,4.9886,3.6404,270.0,E0D0,1,120.44,721.97,1,10
28,sybil_33,789.69,1.6,0.0,0.0,270.0,E0D0,1,124.87,725.87,1,11
29,legit_0,601.6,528.07,13.0376,-0.4492,0.0,D2D3,4,164.91,454.77,0,-1
29,legit_1,647.37,598.4,12.1595,-0.7365,90.0,D3E3,5,102.64,452.03,0,-1
29,legit_2,601.6,989.54,7.6199,-4.5,0.0,D4D5,0,173.8,561.53,0,-1
29,legit_3,798.4,685.15,13.2706,0.4561,180.0,E4E3,1,97.94,484.26,0,-1
29,legit_4,960.39,201.6,8.8057,1.7348,270.0,F1E1,0,121.19,652.81,0,-1
29,sybil_16,601.6,745.47,0.0,-26.941,0.0,D3D4,4,175.95,466.62,1,5
29,sybil_17,601.6,745.47,19.5475,2.7533,0.0,D3D4,4,175.95,466.62,1,5
29,sybil_18,601.6,659.41,12.7373,3.3109,0.0,D3D4,6,159.85,453.51,1,6
29,sybil_19,601.6,659.41,0.0,-13.9517,0.0,D3D4,6,159.85,453.51,1,6
29,sybil_20,601.6,659.41,5.7225,5.7225,0.0,D3D4,6,159.85,453.51,1,6
29,sybil_24,783.74,601.6,19.4794,7.2325,270.0,E3D3,2,33.78,473.3,1,8
29,sybil_32,761.88,1.6,0.0,-4.9886,270.0,E0D0,1,118.99,719.9,1,10
29,sybil_33,786.86,1.6,3.5731,3.5731,270.0,E0D0,1,124.01,725.22,1,11
30,legit_0,601.6,540.82,12.7541,-0.2835,0.0,D2D3,4,159.76,453.49,0,-1
30,legit_1,659.6,598.4,12.2257,0.0661,90.0,D3E3,6,90.42,452.77,0,-1
30,legit_2,601.54,992.88,3.3604,-4.2595,359.36,:D5_5,0,172.13,563.39,0,-1
30,legit_3,798.4,671.93,13.221,-0.0497,180.0,E4E3,2,86.7,482.6,0,-1
30,legit_4,949.32,201.6,11.0754,2.2697,270.0,F1E1,0,129.6,647.76,0,-1
30,legit_5,991.7,1001.6,0.0,0.0,270.0,F5E5,0,97.7,669.5,0,-1
30,sybil_16,601.6,758.99,26.2973,26.2973,0.0,D3D4,4,169.07,469.62,1,5
30,sybil_17,601.6,758.99,18.1762,-1.3714,0.0,D3D4,4,169.07,469.62,1,5
30,sybil_18,601.6,670.2,0.0,-12.7373,0.0,D3D4,6,164.17,454.58,1,6
30,sybil_19,601.6,670.2,17.545,17.545,0.0,D3D4,6,164.17,454.58,1,6
30,sybil_20,601.6,670.2,16.2378,10.5152,0.0,D3D4,6,164.17,454.58,1,6
30,sybil_24,777.92,601.6,3.1409,-16.3385,270.0,E3D3,3,27.96,471.52,1,8
30,sybil_25,777.92,601.6,0.0,0.0,270.0,E3D3,3,27.96,471.52,1,8
30,sybil_32,749.26,1.6,4.7921,4.7921,270.0,E0D0,2,118.4,717.52,1,10
30,sybil_33,782.15,1.6,6.3983,2.8252,270.0,E0D0,2,122.69,724.15,1,11
30,sybil_34,782.15,1.6,0.0,0.0,270.0,E0D0,2,122.69,724.15,1,11
31,legit_0,601.6,554.4,13.5794,0.8253,0.0,D2D3,5,155.25,452.39,0,-1
31,legit_1,671.72,598.4,12.1199,-0.1058,90.0,D3E3,8,78.3,453.66,0,-1
31,legit_2,598.96,993.65,3.5537,0.1933,309.75,:D5_5,0,172.18,563.82,0,-1
31,legit_3,798.4,658.42,13.5128,0.2918,180.0,E4E3,3,75.86,481.13,0,-1
31,legit_4,936.19,201.6,13.13,2.0546,270.0,F1E1,0,140.04,641.94,0,-1
31,legit_5,989.95,1001.6,1.7541,1.7541,270.0,F5E5,0,98.76,668.63,0,-1
31,sybil_16,601.6,772.2,19.8629,-6.4345,0.0,D3D4,4,163.16,472.8,1,5
31,sybil_17,601.6,772.2,11.0238,-7.1524,0.0,D3D4,4,163.16,472.8,1,5
31,sybil_18,601.6,681.52,23.7925,23.7925,0.0,D3D4,7,169.32,455.89,1,6
31,sybil_19,601.6,681.52,19.3044,1.7594,0.0,D3D4,7,169.32,455.89,1,6
31,sybil_20,601.6,681.52,0.6598,-15.5779,0.0,D3D4,7,169.32,455.89,1,6
31,sybil_21,601.6,611.5,0.0,0.0,0.0,D3D4,5,148.84,450.88,1,7
31,sybil_24,769.7,601.6,28.7996,25.6587,270.0,E3D3,3,19.76,469.07,1,8
31,sybil_25,769.7,601.6,3.2053,3.2053,270.0,E3D3,3,19.76,469.07,1,8
31,sybil_32,736.25,1.6,8.9568,4.1647,270.0,E0D0,2,119.2,715.3,1,10
31,sybil_33,775.26,1.6,10.0352,3.6369,270.0,E0D0,2,121.07,722.65,1,11
31,sybil_34,775.26,1.6,0.0,0.0,270.0,E0D0,2,121.07,722.65,1,11
32,legit_0,601.6,568.16,13.7636,0.1842,0.0,D2D3,5,151.78,451.57,0,-1
32,legit_1,684.42,598.4,12.701,0.5812,90.0,D3E3,8,65.6,454.78,0,-1
32,legit_2,598.4,991.21,2.6111,-0.9426,223.33,D5D4,0,172.94,562.45,0,-1
32,legit_3,798.4,645.75,12.6704,-0.8423,180.0,E4E3,3,66.6,479.97,0,-1
32,legit_4,922.58,201.6,13.6086,0.4786,270.0,F1E1,0,151.31,636.1,0,-1
32,legit_5,985.98,1001.6,3.9699,2.2158,270.0,F5E5,0,101.22,666.67,0,-1
32,sybil_16,601.6,784.77,19.833,-0.0299,0.0,D3D4,4,158.34,476.06,1,5
32,sybil_17,601.6,784.77,14.3459,3.3221,0.0,D3D4,4,158.34,476.06,1,5
32,sybil_18,601.6,692.24,11.0489,-12.7437,0.0,D3D4,7,174.73,457.29,1,6
32,sybil_19,601.6,692.24,6.7005,-12.6039,0.0,D3D4,7,174.73,457.29,1,6
32,sybil_20,601.6,692.24,15.6301,14.9703,0.0,D3D4,7,174.73,457.29,1,6
32,sybil_21,601.6,613.26,9.6421,9.6421,0.0,D3D4,5,148.99,450.91,1,7
32,sybil_24,759.06,601.6,0.0,-28.7996,270.0,E3D3,3,9.2,466.02,1,8
32,sybil_25,759.06,601.6,0.0,-3.2053,270.0,E3D3,3,9.2,466.02,1,8
32,sybil_32,723.52,1.6,18.2242,9.2674,270.0,E0D0,2,121.33,713.34,1,10
32,sybil_33,765.8,1.6,0.8729,-9.1623,270.0,E0D0,2,119.45,720.68,1,11
32,sybil_34,765.8,1.6,11.939,11.939,270.0,E0D0,2,119.45,720.68,1,11
33,legit_0,601.6,581.9,13.7319,-0.0317,0.0,D2D3,7,149.5,451.03,0,-1
33,legit_1,696.33,598.4,11.916,-0.785,90.0,D3E3,8,53.69,456.0,0,-1
33,legit_2,598.4,986.38,4.8266,2.2156,180.0,D5D4,0,175.46,559.78,0,-1
33,legit_3,798.4,631.91,13.8387,1.1682,180.0,E4E3,3,57.97,478.98,0,-1
33,legit_4,908.84,201.6,13.7365,0.1278,270.0,F1E1,0,163.05,630.4,0,-1
33,legit_5,980.33,1001.6,5.6504,1.6805,270.0,F5E5,0,104.89,663.91,0,-1
33,sybil_16,601.59,792.85,3.0967,-16.7363,359.92,:D4_10,4,155.72,478.27,1,5
33,sybil_17,601.59,792.85,0.0,-14.3459,0.0,D3D4,4,155.72,478.27,1,5
33,sybil_18,601.6,703.23,22.2773,11.2284,0.0,D3D4,7,180.78,458.89,1,6
33,sybil_19,601.6,703.23,0.0,-6.7005,0.0,D3D4,7,180.78,458.89,1,6
33,sybil_20,601.6,703.23,19.5214,3.8913,0.0,D3D4,7,180.78,458.89,1,6
33,sybil_21,601.6,616.55,3.4379,-6.2042,0.0,D3D4,7,149.32,450.99,1,7
33,sybil_24,746.46,601.6,8.7589,8.7589,270.0,E3D3,5,3.88,462.93,1,8
33,sybil_25,746.46,601.6,1.2245,1.2245,270.0,E3D3,5,3.88,462.93,1,8
33,sybil_32,710.27,1.6,15.6815,-2.5427,270.0,E0D0,3,124.89,711.52,1,10
33,sybil_33,753.79,1.6,8.6577,7.7848,270.0,E0D0,3,118.46,718.35,1,11
33,sybil_34,753.79,1.6,0.0,-11.939,270.0,E0D0,3,118.46,718.35,1,11
33,sybil_35,753.79,1.6,0.0,0.0,270.0,E0D0,3,118.46,718.35,1,11
34,legit_0,601.6,595.21,13.3156,-0.4163,0.0,:D3_9,7,148.48,450.79,0,-1
34,legit_1,708.98,598.4,12.6482,0.7322,90.0,D3E3,5,41.05,457.47,0,-1
34,legit_2,598.4,979.04,7.3411,2.5144,180.0,D5D4,0,179.49,555.76,0,-1
34,legit_3,798.4,618.26,13.6499,-0.1888,180.0,E4E3,3,51.73,478.3,0,-1
34,legit_4,895.58,201.6,13.2668,-0.4697,270.0,F1E1,0,166.89,625.08,0,-1
34,legit_5,972.62,1001.6,7.7079,2.0575,270.0,F5E5,0,110.16,660.22,0,-1
34,sybil_16,598.24,800.09,15.6519,12.5552,323.54,:D4_18,4,153.52,480.34,1,5
34,sybil_17,598.24,800.09,16.5888,16.5888,0.0,D3D4,4,153.52,480.34,1,5
34,sybil_18,601.6,714.17,11.1643,-11.113,0.0,D3D4,6,187.24,460.66,1,6
34,sybil_19,601.6,714.17,2.8223,2.8223,0.0,D3D4,6,187.24,460.66,1,6
34,sybil_20,601.6,714.17,15.5943,-3.9272,0.0,D3D4,6,187.24,460.66,1,6
34,sybil_21,601.6,622.4,2.3494,-1.0885,0.0,D3D4,7,150.08,451.17,1,7
34,sybil_24,733.32,601.6,5.4349,-3.3239,270.0,E3D3,5,16.76,460.82,1,8
34,sybil_25,733.32,601.6,4.315,3.0905,270.0,E3D3,5,16.76,460.82,1,8
34,sybil_32,696.46,1.6,15.1906,-0.491,270.0,E0D0,3,129.94,709.87,1,10
34,sybil_33,740.63,1.6,12.6606,4.003,270.0,E0D0,3,118.77,716.02,1,11
34,sybil_34,740.63,1.6,4.8748,4.8748,270.0,E0D0,3,118.77,716.02,1,11
34,sybil_35,740.63,1.6,6.8901,6.8901,270.0,E0D0,3,118.77,716.02,1,11
35,legit_0,601.6,606.46,11.2514,-2.0641,0.0,:D3_9,8,148.54,450.81,0,-1
35,legit_1,720.9,598.4,11.9192,-0.7291,90.0,D3E3,6,29.14,459.02,0,-1
35,legit_2,598.4,969.41,9.6276,2.2865,180.0,D5D4,0,185.07,550.6,0,-1
35,legit_3,798.4,605.0,13.2555,-0.3944,180.0,:E3_1,4,48.66,477.99,0,-1
35,legit_4,882.98,201.6,12.5914,-0.6754,270.0,F1E1,0,156.02,620.2,0,-1
35,legit_5,963.12,1001.6,9.4976,1.7897,270.0,F5E5,0,117.02,655.76,0,-1
35,sybil_0,588.6,201.6,0.0,0.0,270.0,D1C1,0,160.84,566.57,1,0
35,sybil_16,591.14,801.6,0.0,-15.6519,275.44,D4C4,4,146.27,480.82,1,5
35,sybil_17,591.14,801.6,13.0321,-3.5567,0.0,D3D4,4,146.27,480.82,1,5
35,sybil_18,601.6,725.04,15.1278,3.9635,0.0,D3D4,6,187.72,462.58,1,6
35,sybil_19,601.6,725.04,4.867,2.0447,0.0,D3D4,6,187.72,462.58,1,6
35,sybil_20,601.6,725.04,27.1279,11.5337,0.0,D3D4,6,187.72,462.58,1,6
35,sybil_21,601.6,630.24,10.95,8.6006,0.0,D3D4,8,151.45,451.49,1,7
35,sybil_24,720.25,601.6,12.6465,7.2116,270.0,E3D3,6,29.79,458.93,1,8
35,sybil_25,720.25,601.6,8.2884,3.9733,270.0,E3D3,6,29.79,458.93,1,8
35,sybil_26,720.25,601.6,4.3049,0.0,270.0,E3D3,6,29.79,458.93,1,8
35,sybil_32,682.77,1.6,17.5331,2.3426,270.0,E0D0,3,136.16,708.47,1,10
35,sybil_33,727.41,1.6,16.6948,4.0341,270.0,E0D0,3,120.54,713.91,1,11
35,sybil_34,727.41,1.6,24.9782,20.1033,270.0,E0D0,3,120.54,713.91,1,11
35,sybil_35,727.41,1.6,17.5916,10.7015,270.0,E0D0,3,120.54,713.91,1,11
36,legit_0,601.6,616.34,9.8779,-1.3735,0.0,D3D4,8,149.3,450.98,0,-1
36,legit_1,733.53,598.4,12.6281,0.7089,90.0,D3E3,6,16.55,460.85,0,-1
36,legit_2,598.4,957.45,11.9596,2.332,180.0,D5D4,0,189.25,544.35,0,-1
36,legit_3,798.4,591.94,13.0623,-0.1931,180.0,E3E2,4,49.07,478.03,0,-1
36,legit_4,870.11,201.6,12.8727,0.2813,270.0,F1E1,0,145.21,615.38,0,-1
36,legit_5,952.16,1001.6,10.963,1.4654,270.0,F5E5,0,125.38,650.73,0,-1
36,legit_6,387.7,1001.6,0.0,0.0,270.0,C5B5,0,100.14,597.8,0,-1
36,sybil_0,586.11,201.6,4.7583,4.7583,270.0,D1C1,0,158.69,566.6,1,0
36,sybil_16,582.38,801.6,3.3547,3.3547,270.0,D4C4,4,137.84,480.95,1,5
36,sybil_17,582.38,801.6,1.4633,-11.5687,0.0,D3D4,4,137.84,480.95,1,5
36,sybil_18,601.6,735.78,7.1907,-7.9371,0.0,D3D4,6,181.34,464.63,1,6
36,sybil_19,601.6,735.78,6.7002,1.8332,0.0,D3D4,6,181.34,464.63,1,6
36,sybil_20,601.6,735.78,14.6733,-12.4546,0.0,D3D4,6,181.34,464.63,1,6
36,sybil_21,601.6,639.6,13.5557,2.6058,0.0,D3D4,8,153.59,452.0,1,7
36,sybil_24,706.98,601.6,24.2359,11.5894,270.0,E3D3,6,43.05,457.22,1,8
36,sybil_25,706.98,601.6,13.2215,4.9331,270.0,E3D3,6,43.05,457.22,1,8
36,sybil_26,706.98,601.6,8.6117,4.3068,270.0,E3D3,6,43.05,457.22,1,8
36,sybil_32,669.89,1.6,0.0,-17.5331,270.0,E0D0,4,142.95,707.36,1,10
36,sybil_33,714.67,1.6,15.2721,-1.4227,270.0,E0D0,4,123.56,712.1,1,11
36,sybil_34,714.67,1.6,21.6278,-3.3504,270.0,E0D0,4,123.56,712.1,1,11
36,sybil_35,714.67,1.6,18.6101,1.0185,270.0,E0D0,4,123.56,712.1,1,11
36,sybil_36,788.3,1.6,8.8171,0.0,270.0,E0D0,4,124.44,725.55,1,12
37,legit_0,601.6,627.68,11.3422,1.4643,0.0,D3D4,9,150.96,451.37,0,-1
37,legit_1,746.47,598.4,12.9418,0.3137,90.0,D3E3,5,3.88,462.93,0,-1
37,legit_2,598.4,944.35,13.1048,1.1453,180.0,D5D4,2,181.41,537.7,0,-1
37,legit_3,798.4,578.77,13.1699,0.1075,180.0,E3E2,4,52.85,478.42,0,-1
37,legit_4,856.35,201.6,13.7607,0.888,270.0,F1E1,0,134.05,610.43,0,-1
37,legit_5,940.05,1001.6,12.1112,1.1482,270.0,F5E5,0,135.04,645.33,0,-1
37,legit_6,385.1,1001.6,2.5964,2.5964,270.0,C5B5,0,101.77,598.58,0,-1
37,sybil_0,581.75,201.6,16.7166,11.9582,270.0,D1C1,1,154.97,566.68,1,0
37,sybil_1,581.75,201.6,15.9966,0.0,270.0,D1C1,1,154.97,566.68,1,0
37,sybil_16,572.11,801.6,6.3561,3.0014,270.0,D4C4,5,128.01,481.21,1,5
37,sybil_17,572.11,801.6,9.432,7.9686,354.91,:D4_10,5,128.01,481.21,1,5
37,sybil_18,601.6,747.14,20.1328,12.942,0.0,D3D4,7,175.06,466.98,1,6
37,sybil_19,601.6,747.14,0.0,-6.7002,0.0,D3D4,7,175.06,466.98,1,6
37,sybil_20,601.6,747.14,12.8077,-1.8657,0.0,D3D4,7,175.06,466.98,1,6
37,sybil_21,601.6,650.36,17.9017,4.346,0.0,D3D4,8,156.71,452.75,1,7
37,sybil_22,601.6,650.36,7.5189,0.0,0.0,D3D4,8,156.71,452.75,1,7
37,sybil_24,693.88,601.6,5.6689,-18.567,270.0,E3D3,7,56.14,455.73,1,8
37,sybil_25,693.88,601.6,8.6078,-4.6137,270.0,E3D3,7,56.14,455.73,1,8
37,sybil_26,693.88,601.6,4.3829,-4.2288,270.0,E3D3,7,56.14,455.73,1,8
37,sybil_32,656.16,1.6,21.7199,21.7199,270.0,E0D0,4,151.08,706.39,1,10
37,sybil_33,702.02,1.6,6.8993,-8.3727,270.0,E0D0,4,127.75,710.51,1,11
37,sybil_34,702.02,1.6,16.0241,-5.6037,270.0,E0D0,4,127.75,710.51,1,11
37,sybil_35,702.02,1.6,14.7148,-3.8953,270.0,E0D0,4,127.75,710.51,1,11
37,sybil_36,787.54,1.6,6.4012,-2.4158,270.0,E0D0,4,124.21,725.38,1,12
38,legit_0,601.6,639.15,11.4614,0.1192,0.0,D3D4,8,153.48,451.97,0,-1
38,legit_1,758.7,598.4,12.2293,-0.7125,90.0,D3E3,5,8.85,465.91,0,-1
38,legit_2,598.4,931.7,12.6493,-0.4555,180.0,D5D4,2,174.44,531.5,0,-1
38,legit_3,798.4,565.54,13.2313,0.0614,180.0,E3E2,5,59.42,479.14,0,-1
38,legit_4,843.06,201.6,13.2947,-0.4659,270.0,F1E1,0,123.77,605.84,0,-1
38,legit_5,927.75,1001.6,12.2916,0.1804,270.0,F5E5,0,145.23,640.01,0,-1
38,legit_6,380.31,1001.6,4.7916,2.1952,270.0,C5B5,0,104.9,600.05,0,-1
38,sybil_0,574.85,201.6,3.4067,-13.3098,270.0,D1C1,1,149.15,566.85,1,0
38,sybil_1,574.85,201.6,0.0,-15.9966,270.0,D1C1,1,149.15,566.85,1,0
38,sybil_16,560.38,801.6,1.8563,-4.4998,270.0,D4C4,7,116.87,481.66,1,5
38,sybil_17,560.38,801.6,4.2517,-5.1803,315.48,:D4_18,7,116.87,481.66,1,5
38,sybil_18,601.6,758.21,26.2276,6.0948,0.0,D3D4,7,169.45,469.44,1,6
38,sybil_19,601.6,758.21,19.5805,19.5805,0.0,D3D4,7,169.45,469.44,1,6
38,sybil_20,601.6,758.21,26.4123,13.6046,0.0,D3D4,7,169.45,469.44,1,6
38,sybil_21,601.6,663.12,33.2527,15.351,0.0,D3D4,10,161.27,453.86,1,7
38,sybil_22,601.6,663.12,20.0294,12.5105,0.0,D3D4,10,161.27,453.86,1,7
38,sybil_24,680.68,601.6,11.067,5.3981,270.0,E3D3,8,69.34,454.43,1,8
38,sybil_25,680.68,601.6,3.7138,-4.894,270.0,E3D3,8,69.34,454.43,1,8
38,sybil_26,680.68,601.6,3.0123,-1.3706,270.0,E3D3,8,69.34,454.43,1,8
38,sybil_27,791.1,601.6,0.0,0.0,270.0,E3D3,5,41.13,475.61,1,9
38,sybil_32,643.06,1.6,10.7799,-10.94,270.0,E0D0,4,159.54,705.66,1,10
38,sybil_33,688.39,1.6,9.7238,2.8244,270.0,E0D0,4,133.47,709.01,1,11
38,sybil_34,688.39,1.6,17.0257,1.0016,270.0,E0D0,4,133.47,709.01,1,11
38,sybil_35,688.39,1.6,10.6819,-4.0329,270.0,E0D0,4,133.47,709.01,1,11
38,sybil_36,785.42,1.6,2.6355,-3.7657,270.0,E0D0,4,123.59,724.89,1,12
39,legit_0,601.6,652.03,12.8819,1.4205,0.0,D3D4,9,157.26,452.88,0,-1
39,legit_1,770.71,598.4,12.0051,-0.2242,90.0,D3E3,5,20.77,469.37,0,-1
39,legit_2,598.4,919.03,12.6643,0.0151,180.0,D5D4,5,168.13,525.5,0,-1
39,legit_3,798.4,551.82,13.7173,0.486,180.0,E3E2,5,68.29,480.18,0,-1
39,legit_4,829.18,201.6,13.8712,0.5765,270.0,F1E1,0,113.7,601.28,0,-1
39,legit_5,915.73,1001.6,12.0255,-0.2661,270.0,F5E5,0,155.48,634.95,0,-1
39,legit_6,373.84,1001.6,6.4741,1.6826,270.0,C5B5,0,109.3,602.07,0,-1
39,sybil_0,565.51,201.6,9.8943,6.4875,270.0,D1C1,1,141.42,567.16,1,0
39,sybil_1,565.51,201.6,3.8907,3.8907,270.0,D1C1,1,141.42,567.16,1,0
39,sybil_16,546.54,801.6,2.9219,1.0655,270.0,D4C4,8,103.9,482.39,1,5
39,sybil_17,546.54,801.6,0.0,-4.2517,273.42,D4C4,8,103.9,482.39,1,5
39,sybil_18,601.6,769.09,14.5508,-11.6768,0.0,D3D4,9,164.47,472.03,1,6
39,sybil_19,601.6,769.09,4.5783,-15.0021,0.0,D3D4,9,164.47,472.03,1,6
39,sybil_20,601.6,769.09,18.4714,-7.9409,0.0,D3D4,9,164.47,472.03,1,6
39,sybil_21,601.6,675.86,4.4861,-28.7666,0.0,D3D4,11,166.67,455.21,1,7
39,sybil_22,601.6,675.86,0.0,-20.0294,0.0,D3D4,11,166.67,455.21,1,7
39,sybil_23,601.6,675.86,0.0,0.0,0.0,D3D4,11,166.67,455.21,1,7
39,sybil_24,668.03,601.6,14.7551,3.6881,270.0,E3D3,9,81.99,453.37,1,8
39,sybil_25,668.03,601.6,20.2176,16.5037,270.0,E3D3,9,81.99,453.37,1,8
39,sybil_26,668.03,601.6,6.8351,3.8228,270.0,E3D3,9,81.99,453.37,1,8
39,sybil_27,789.34,601.6,8.7382,8.7382,270.0,E3D3,5,39.38,475.06,1,9
39,sybil_32,630.29,1.6,0.0,-10.7799,270.0,E0D0,3,168.37,705.15,1,10
39,sybil_33,674.92,1.6,15.414,5.6903,270.0,E0D0,5,140.2,707.77,1,11
39,sybil_34,674.92,1.6,26.7115,9.6859,270.0,E0D0,5,140.2,707.77,1,11
39,sybil_35,674.92,1.6,16.2702,5.5883,270.0,E0D0,5,140.2,707.77,1,11
39,sybil_36,781.24,1.6,0.0,-2.6355,270.0,E0D0,4,122.45,723.95,1,12
39,sybil_37,781.24,1.6,5.3467,0.0,270.0,E0D0,4,122.45,723.95,1,12
40,legit_0,601.6,665.19,13.1639,0.282,0.0,D3D4,9,162.09,454.06,0,-1
40,legit_1,781.4,598.4,10.6914,-1.3137,90.0,D3E3,5,31.44,472.58,0,-1
40,legit_2,598.4,905.61,13.4255,0.7611,180.0,D5D4,5,162.26,519.38,0,-1
40,legit_3,798.4,538.74,13.0774,-0.6399,180.0,E3E2,2,78.07,481.42,0,-1
40,legit_4,818.51,201.6,10.6705,-3.2007,270.0,F1E1,0,106.55,597.93,0,-1
40,legit_5,903.55,1001.6,12.1764,0.1509,270.0,F5E5,0,166.11,629.98,0,-1
40,legit_6,365.62,1001.6,8.2196,1.7455,270.0,C5B5,0,115.18,604.72,0,-1
40,sybil_0,554.54,201.6,12.4993,2.6051,270.0,D1C1,2,132.62,567.65,1,0
40,sybil_1,554.54,201.6,0.0,-3.8907,270.0,D1C1,2,132.62,567.65,1,0
40,sybil_16,533.2,801.6,42.9821,40.0602,270.0,D4C4,8,91.63,483.31,1,5
40,sybil_17,533.2,801.6,15.6047,15.6047,270.0,D4C4,8,91.63,483.31,1,5
40,sybil_18,601.6,779.66,7.5966,-6.9542,0.0,D3D4,9,160.2,474.7,1,6
40,sybil_19,601.6,779.66,7.2732,2.6949,0.0,D3D4,9,160.2,474.7,1,6
40,sybil_2,554.54,201.6,0.0,0.0,270.0,D1C1,2,132.62,567.65,1,0
40,sybil_20,601.6,779.66,7.6881,-10.7833,0.0,D3D4,9,160.2,474.7,1,6
40,sybil_21,601.6,688.19,18.5578,14.0717,0.0,D3D4,11,172.63,456.74,1,7
40,sybil_22,601.6,688.19,1.0428,1.0428,0.0,D3D4,11,172.63,456.74,1,7
40,sybil_23,601.6,688.19,0.0,0.0,0.0,D3D4,11,172.63,456.74,1,7
40,sybil_24,655.34,601.6,18.459,3.7038,270.0,E3D3,8,94.67,452.49,1,8
40,sybil_25,655.34,601.6,0.0,-20.2176,270.0,E3D3,8,94.67,452.49,1,8
40,sybil_26,655.34,601.6,1.0498,-5.7853,270.0,E3D3,8,94.67,452.49,1,8
40,sybil_27,786.05,601.6,15.217,6.4788,270.0,E3D3,5,36.08,474.02,1,9
40,sybil_32,618.21,1.6,10.5105,10.5105,270.0,E0D0,3,177.17,704.82,1,10
40,sybil_33,661.99,1.6,17.4032,1.9892,270.0,E0D0,5,147.53,706.77,1,11
40,sybil_34,661.99,1.6,20.6948,-6.0167,270.0,E0D0,5,147.53,706.77,1,11
40,sybil_35,661.99,1.6,3.3151,-12.9551,270.0,E0D0,5,147.53,706.77,1,11
40,sybil_36,775.64,1.6,8.9536,8.9536,270.0,E0D0,4,121.15,722.73,1,12
40,sybil_37,775.64,1.6,0.0,-5.3467,270.0,E0D0,4,121.15,722.73,1,12
41,legit_0,601.6,677.52,12.3243,-0.8397,0.0,D3D4,11,167.43,455.4,0,-1
41,legit_1,789.22,598.4,7.8191,-2.8723,90.0,D3E3,5,39.25,475.02,0,-1
41,legit_2,598.4,892.07,13.5334,0.1079,180.0,D5D4,5,157.27,513.45,0,-1
41,legit_3,798.4,525.64,13.1027,0.0253,180.0,E3E2,2,88.72,482.89,0,-1
41,legit_4,811.56,201.6,6.9507,-3.7198,270.0,F1E1,0,102.22,595.83,0,-1
41,legit_5,890.73,1001.6,12.8231,0.6467,270.0,F5E5,0,161.09,624.92,0,-1
41,legit_6,355.69,1001.6,9.9321,1.7125,270.0,C5B5,0,122.64,608.02,0,-1
41,sybil_0,541.32,201.6,20.7234,8.2241,270.0,D1C1,2,122.47,568.43,1,0
41,sybil_1,541.32,201.6,9.0815,9.0815,270.0,D1C1,2,122.47,568.43,1,0
41,sybil_16,519.42,801.6,17.2822,-25.6999,270.0,D4C4,9,79.33,484.48,1,5
41,sybil_17,519.42,801.6,12.8132,-2.7915,270.0,D4C4,9,79.33,484.48,1,5
41,sybil_18,601.6,789.63,3.7005,-3.8961,0.0,D3D4,9,156.71,477.38,1,6
41,sybil_19,601.6,789.63,14.5409,7.2677,0.0,D3D4,9,156.71,477.38,1,6
41,sybil_2,541.32,201.6,0.0,0.0,270.0,D1C1,2,122.47,568.43,1,0
41,sybil_20,601.6,789.63,14.0059,6.3178,0.0,D3D4,9,156.71,477.38,1,6
41,sybil_21,601.6,700.71,12.3653,-6.1926,0.0,D3D4,11,179.35,458.51,1,7
41,sybil_22,601.6,700.71,10.4751,9.4322,0.0,D3D4,11,179.35,458.51,1,7
41,sybil_23,601.6,700.71,12.5431,12.5431,0.0,D3D4,11,179.35,458.51,1,7
41,sybil_24,641.68,601.6,9.8289,-8.6301,270.0,E3D3,8,108.33,451.75,1,8
41,sybil_25,641.68,601.6,11.0177,11.0177,270.0,E3D3,8,108.33,451.75,1,8
41,sybil_26,641.68,601.6,2.2128,1.163,270.0,E3D3,8,108.33,451.75,1,8
41,sybil_27,780.53,601.6,4.2403,-10.9767,270.0,E3D3,5,30.57,472.32,1,9
41,sybil_32,610.24,1.6,8.263,-2.2475,270.0,E0D0,3,183.17,704.7,1,10
41,sybil_33,648.81,1.6,11.4544,-5.9489,270.0,E0D0,5,155.75,705.96,1,11
41,sybil_34,648.81,1.6,23.0876,2.3927,270.0,E0D0,5,155.75,705.96,1,11
41,sybil_35,648.81,1.6,17.9174,14.6023,270.0,E0D0,5,155.75,705.96,1,11
41,sybil_36,768.68,1.6,9.3093,0.3558,270.0,E0D0,4,119.86,721.27,1,12
41,sybil_37,768.68,1.6,0.0,0.0,270.0,E0D0,4,119.86,721.27,1,12
42,legit_0,601.6,690.31,12.7917,0.4674,0.0,D3D4,11,173.72,457.02,0,-1
42,legit_1,795.83,598.83,6.6433,-1.1758,85.02,:E3_14,2,45.84,477.13,0,-1
42,legit_2,598.4,878.64,13.4318,-0.1016,180.0,D5D4,5,153.35,507.83,0,-1
42,legit_3,798.4,512.45,13.1863,0.0836,180.0,E3E2,2,100.03,484.58,0,-1
42,legit_4,804.24,201.18,7.3499,0.3992,265.14,:E1_6,0,97.63,593.91,0,-1
42,legit_5,878.45,1001.6,12.2783,-0.5448,270.0,F5E5,0,150.49,620.22,0,-1
42,legit_6,344.39,1001.6,11.3009,1.3689,270.0,C5B5,0,131.53,611.92,0,-1
42,legit_7,187.7,801.6,0.0,0.0,270.0,B4A4,0,53.81,599.89,0,-1
42,sybil_0,528.43,201.6,10.809,-9.9144,270.0,D1C1,3,113.18,569.39,1,0
42,sybil_1,528.43,201.6,6.9012,-2.1803,270.0,D1C1,3,113.18,569.39,1,0
42,sybil_16,506.62,801.6,16.0264,-1.2558,270.0,D4C4,9,68.42,485.78,1,5
42,sybil_17,506.62,801.6,4.3888,-8.4244,270.0,D4C4,9,68.42,485.78,1,5
42,sybil_18,601.27,795.08,7.8836,4.1831,356.25,:D4_10,9,155.36,478.9,1,6
42,sybil_19,601.27,795.08,8.438,-6.1029,0.0,D3D4,9,155.36,478.9,1,6
42,sybil_2,528.43,201.6,0.0,0.0,270.0,D1C1,3,113.18,569.39,1,0
42,sybil_20,601.27,795.08,17.1383,3.1324,0.0,D3D4,9,155.36,478.9,1,6
42,sybil_21,601.6,713.66,10.1977,-2.1676,0.0,D3D4,11,186.92,460.57,1,7
42,sybil_22,601.6,713.66,8.4636,-2.0115,0.0,D3D4,11,186.92,460.57,1,7
42,sybil_23,601.6,713.66,7.8245,-4.7185,0.0,D3D4,11,186.92,460.57,1,7
42,sybil_24,628.06,601.6,16.0322,6.2033,270.0,E3D3,7,121.95,451.22,1,8
42,sybil_25,628.06,601.6,10.7545,-0.2633,270.0,E3D3,7,121.95,451.22,1,8
42,sybil_26,628.06,601.6,12.6997,10.4869,270.0,E3D3,7,121.95,451.22,1,8
42,sybil_27,773.29,601.6,9.3107,5.0704,270.0,E3D3,5,23.35,470.13,1,9
42,sybil_3,591.7,201.6,8.1093,0.0,270.0,D1C1,3,163.52,566.53,1,1
42,sybil_32,606.32,1.01,0.0,-8.263,263.03,:D0_5,3,186.56,705.13,1,10
42,sybil_33,635.93,1.6,14.807,3.3527,270.0,E0D0,6,164.41,705.35,1,11
42,sybil_34,635.93,1.6,9.422,-13.6655,270.0,E0D0,6,164.41,705.35,1,11
42,sybil_35,635.93,1.6,14.7889,-3.1284,270.0,E0D0,6,164.41,705.35,1,11
42,sybil_36,760.12,1.6,0.0,-9.3093,270.0,E0D0,5,118.83,719.55,1,12
42,sybil_37,760.12,1.6,0.0,0.0,270.0,E0D0,5,118.83,719.55,1,12
42,sybil_38,760.12,1.6,0.0,0.0,270.0,E0D0,5,118.83,719.55,1,12
43,legit_0,601.6,703.67,13.3593,0.5676,0.0,D3D4,11,181.02,458.96,0,-1
43,legit_1,800.66,602.7,6.4849,-0.1583,45.29,:E3_14,3,50.73,478.71,0,-1
43,legit_2,598.4,865.29,13.3538,-0.078,180.0,D5D4,8,150.54,502.5,0,-1
43,legit_3,798.4,498.66,13.7898,0.6035,180.0,E3E2,3,112.3,486.57,0,-1
43,legit_4,799.0,196.73,7.2183,-0.1316,221.51,:E1_6,0,91.04,594.87,0,-1
43,legit_5,865.53,1001.6,12.9212,0.6429,270.0,F5E5,0,139.62,615.46,0,-1
43,legit_6,330.88,1001.6,13.5005,2.1996,270.0,C5B5,0,142.6,616.76,0,-1
43,legit_7,185.65,801.6,2.0528,2.0528,270.0,B4A4,0,52.4,601.03,0,-1
43,sybil_0,515.52,201.6,10.7522,-0.0568,270.0,D1C1,3,104.65,570.57,1,0
43,sybil_1,515.52,201.6,13.3953,6.494,270.0,D1C1,3,104.65,570.57,1,0
43,sybil_16,493.16,801.6,24.7052,8.6788,270.0,D4C4,9,57.77,487.39,1,5
43,sybil_17,493.16,801.6,12.2177,7.8289,270.0,D4C4,9,57.77,487.39,1,5
43,sybil_18,598.55,799.91,0.4675,-7.4161,327.13,:D4_18,9,153.86,480.29,1,6
43,sybil_19,598.55,799.91,2.9182,-5.5198,0.0,D3D4,9,153.86,480.29,1,6
43,sybil_2,515.52,201.6,0.0,0.0,270.0,D1C1,3,104.65,570.57,1,0
43,sybil_20,598.55,799.91,4.8061,-12.3322,0.0,D3D4,9,153.86,480.29,1,6
43,sybil_21,601.6,726.08,15.9398,5.7421,0.0,D3D4,12,187.09,462.77,1,7
43,sybil_22,601.6,726.08,24.4791,16.0156,0.0,D3D4,12,187.09,462.77,1,7
43,sybil_23,601.6,726.08,0.1137,-7.7108,0.0,D3D4,12,187.09,462.77,1,7
43,sybil_24,617.6,601.6,25.3929,9.3607,270.0,E3D3,8,132.41,450.95,1,8
43,sybil_25,617.6,601.6,13.075,2.3206,270.0,E3D3,8,132.41,450.95,1,8
43,sybil_26,617.6,601.6,18.0493,5.3495,270.0,E3D3,8,132.41,450.95,1,8
43,sybil_27,764.38,601.6,0.0,-9.3107,270.0,E3D3,6,14.47,467.53,1,9
43,sybil_28,764.38,601.6,2.2381,0.0,270.0,E3D3,6,14.47,467.53,1,9
43,sybil_3,591.27,201.6,0.0,-8.1093,270.0,D1C1,3,163.14,566.54,1,1
43,sybil_32,607.24,-1.6,3.1067,3.1067,184.42,D0E0,6,187.53,707.22,1,10
43,sybil_33,625.27,1.6,10.5572,-4.2498,270.0,E0D0,6,171.98,704.99,1,11
43,sybil_34,625.27,1.6,25.5708,16.1487,270.0,E0D0,6,171.98,704.99,1,11
43,sybil_35,625.27,1.6,6.4634,-8.3255,270.0,E0D0,6,171.98,704.99,1,11
43,sybil_36,749.97,1.6,12.4048,12.4048,270.0,E0D0,6,118.4,717.65,1,12
43,sybil_37,749.97,1.6,8.1595,8.1595,270.0,E0D0,6,118.4,717.65,1,12
43,sybil_38,749.97,1.6,1.4232,1.4232,270.0,E0D0,6,118.4,717.65,1,12
44,legit_0,601.6,716.38,12.7127,-0.6466,0.0,D3D4,12,188.59,461.04,0,-1
44,legit_1,801.6,608.92,6.3704,-0.1146,5.33,E3E4,3,52.37,479.09,0,-1
44,legit_2,598.4,852.22,13.0713,-0.2825,180.0,D5D4,9,148.9,497.54,0,-1
44,legit_3,798.4,486.06,12.6054,-1.1844,180.0,E3E2,3,123.79,488.57,0,-1
44,legit_4,798.4,189.34,7.4503,0.2321,182.49,E1E0,0,84.56,598.81,0,-1
44,legit_5,852.74,1001.6,12.7895,-0.1317,270.0,F5E5,0,129.24,610.91,0,-1
44,legit_6,318.01,1001.6,12.8789,-0.6216,270.0,C5B5,0,153.52,621.56,0,-1
44,legit_7,181.64,801.6,4.0109,1.9581,270.0,B4A4,0,49.75,603.27,0,-1
44,sybil_0,501.91,201.6,11.7596,1.0074,270.0,D1C1,3,96.71,572.06,1,0
44,sybil_1,501.91,201.6,21.0543,7.659,270.0,D1C1,3,96.71,572.06,1,0
44,sybil_16,480.1,801.6,12.7574,-11.9478,270.0,D4C4,9,48.79,489.22,1,5
44,sybil_17,480.1,801.6,31.3009,19.0831,270.0,D4C4,9,48.79,489.22,1,5
44,sybil_18,592.32,801.6,0.0,-0.4675,280.17,D4C4,9,147.41,480.81,1,6
44,sybil_19,592.32,801.6,7.2311,4.3129,0.0,D3D4,9,147.41,480.81,1,6
44,sybil_2,501.91,201.6,9.3392,9.3392,270.0,D1C1,3,96.71,572.06,1,0
44,sybil_20,592.32,801.6,13.9146,9.1084,0.0,D3D4,9,147.41,480.81,1,6
44,sybil_21,601.6,738.41,24.8985,8.9587,0.0,D3D4,12,179.84,465.16,1,7
44,sybil_22,601.6,738.41,23.0264,-1.4527,0.0,D3D4,12,179.84,465.16,1,7
44,sybil_23,601.6,738.41,1.0545,0.9408,0.0,D3D4,12,179.84,465.16,1,7
44,sybil_24,610.92,601.6,1.3427,-24.0502,270.0,E3D3,8,139.09,450.84,1,8
44,sybil_25,610.92,601.6,13.6512,0.5762,270.0,E3D3,8,139.09,450.84,1,8
44,sybil_26,610.92,601.6,9.4456,-8.6037,270.0,E3D3,8,139.09,450.84,1,8
44,sybil_27,753.39,601.6,16.3691,16.3691,270.0,E3D3,6,3.75,464.45,1,9
44,sybil_28,753.39,601.6,6.6593,4.4212,270.0,E3D3,6,3.75,464.45,1,9
44,sybil_3,588.76,201.6,1.6185,1.6185,270.0,D1C1,3,160.97,566.57,1,1
44,sybil_32,612.91,-1.6,11.9676,8.8609,90.0,D0E0,6,183.25,707.29,1,10
44,sybil_33,616.17,1.6,6.537,-4.0202,270.0,E0D0,6,178.69,704.78,1,11
44,sybil_34,616.17,1.6,20.3607,-5.21,270.0,E0D0,6,178.69,704.78,1,11
44,sybil_35,616.17,1.6,13.0173,6.5539,270.0,E0D0,6,178.69,704.78,1,11
44,sybil_36,737.8,1.6,9.7528,-2.652,270.0,E0D0,6,119.03,715.55,1,12
44,sybil_37,737.8,1.6,17.2836,9.1241,270.0,E0D0,6,119.03,715.55,1,12
44,sybil_38,737.8,1.6,0.2809,-1.1423,270.0,E0D0,6,119.03,715.55,1,12
45,legit_0,601.6,728.97,12.5943,-0.1184,0.0,D3D4,10,185.34,463.31,0,-1
45,legit_1,801.6,616.99,8.0685,1.6982,0.0,E3E4,3,54.33,479.3,0,-1
45,legit_2,598.4,839.3,12.9174,-0.1538,180.0,D5D4,9,148.4,492.9,0,-1
45,legit_3,798.4,472.65,13.4132,0.8078,180.0,E3E2,3,122.6,490.9,0,-1
45,legit_4,798.4,180.26,9.0798,1.6295,180.0,E1E0,0,77.29,603.94,0,-1
45,legit_5,839.81,1001.6,12.9316,0.1421,270.0,F5E5,0,119.21,606.51,0,-1
45,legit_6,304.22,1001.6,13.7903,0.9114,270.0,C5B5,0,165.53,626.89,0,-1
45,legit_7,175.58,801.6,6.0518,2.0409,270.0,B4A4,0,46.14,606.69,0,-1
45,sybil_0,488.68,201.6,5.5549,-6.2047,270.0,D1C1,3,90.3,573.75,1,0
45,sybil_1,488.68,201.6,20.3958,-0.6585,270.0,D1C1,3,90.3,573.75,1,0
45,sybil_16,466.73,801.6,14.8408,2.0833,270.0,D4C4,8,41.89,491.41,1,5
45,sybil_17,466.73,801.6,4.4447,-26.8561,270.0,D4C4,8,41.89,491.41,1,5
45,sybil_18,584.05,801.6,6.7073,6.7073,270.0,D4C4,9,139.44,480.92,1,6
45,sybil_19,584.05,801.6,9.695,2.4638,355.36,:D4_10,9,139.44,480.92,1,6
45,sybil_2,488.68,201.6,1.1285,-8.2107,270.0,D1C1,3,90.3,573.75,1,0
45,sybil_20,584.05,801.6,0.0,-13.9146,0.0,D3D4,9,139.44,480.92,1,6
45,sybil_21,601.6,750.86,19.6222,-5.2763,0.0,D3D4,12,173.11,467.79,1,7
45,sybil_22,601.6,750.86,23.9725,0.9461,0.0,D3D4,12,173.11,467.79,1,7
45,sybil_23,601.6,750.86,10.255,9.2006,0.0,D3D4,12,173.11,467.79,1,7
45,sybil_24,602.79,601.6,3.3777,2.035,270.0,:D3_5,8,147.21,450.78,1,8
45,sybil_25,602.79,601.6,15.6368,1.9856,270.0,E3D3,8,147.21,450.78,1,8
45,sybil_26,602.79,601.6,1.181,-8.2646,270.0,E3D3,8,147.21,450.78,1,8
45,sybil_27,742.47,601.6,23.8503,7.4812,270.0,E3D3,6,7.69,462.26,1,9
45,sybil_28,742.47,601.6,9.4089,2.7496,270.0,E3D3,6,7.69,462.26,1,9
45,sybil_3,583.7,201.6,11.5898,9.9713,270.0,D1C1,3,156.64,566.64,1,1
45,sybil_32,620.42,-1.6,12.3843,0.4167,90.0,D0E0,6,177.7,707.42,1,10
45,sybil_33,608.79,1.6,18.4688,11.9318,270.0,E0D0,6,184.28,704.68,1,11
45,sybil_34,608.79,1.6,21.0825,0.7218,270.0,E0D0,6,184.28,704.68,1,11
45,sybil_35,608.79,1.6,11.5944,-1.423,270.0,E0D0,6,184.28,704.68,1,11
45,sybil_36,725.26,1.6,24.8697,15.1169,270.0,E0D0,6,120.96,713.59,1,12
45,sybil_37,725.26,1.6,18.0266,0.743,270.0,E0D0,6,120.96,713.59,1,12
45,sybil_38,725.26,1.6,6.5957,6.3148,270.0,E0D0,6,120.96,713.59,1,12
46,legit_0,601.6,741.67,12.7014,0.107,0.0,D3D4,10,178.02,465.83,0,-1
46,legit_1,801.6,626.47,9.478,1.4095,0.0,E3E4,3,57.99,479.7,0,-1
46,legit_2,598.4,825.45,13.8513,0.9338,180.0,D5D4,9,149.11,488.19,0,-1
46,legit_3,798.4,459.56,13.0855,-0.3278,180.0,E3E2,0,110.7,493.38,0,-1
46,legit_4,798.4,169.54,10.7187,1.6389,180.0,E1E0,0,69.26,610.11,0,-1
46,legit_5,828.16,1001.6,11.6469,-1.2847,270.0,F5E5,0,110.71,602.71,0,-1
46,legit_6,291.2,1001.6,13.0109,-0.7793,270.0,C5B5,0,161.51,632.1,0,-1
46,legit_7,167.28,801.6,8.309,2.2573,270.0,B4A4,0,42.11,611.5,0,-1
46,sybil_0,475.96,201.6,6.6238,1.0689,270.0,D1C1,4,85.63,575.64,1,0
46,sybil_1,475.96,201.6,16.1917,-4.2042,270.0,D1C1,4,85.63,575.64,1,0
46,sybil_16,453.11,801.6,17.8182,2.9774,270.0,D4C4,5,38.53,494.03,1,5
46,sybil_17,453.11,801.6,11.5504,7.1057,270.0,D4C4,5,38.53,494.03,1,5
46,sybil_18,574.17,801.6,9.4872,2.78,270.0,D4C4,9,129.98,481.15,1,6
46,sybil_19,574.17,801.6,16.5759,6.8809,353.84,:D4_10,9,129.98,481.15,1,6
46,sybil_2,475.96,201.6,14.7015,13.573,270.0,D1C1,4,85.63,575.64,1,0
46,sybil_20,574.17,801.6,12.1056,12.1056,0.0,D3D4,9,129.98,481.15,1,6
46,sybil_21,601.6,762.47,21.4255,1.8033,0.0,D3D4,7,167.43,470.43,1,7
46,sybil_22,601.6,762.47,6.2622,-17.7103,0.0,D3D4,7,167.43,470.43,1,7
46,sybil_23,601.6,762.47,4.0132,-6.2418,0.0,D3D4,7,167.43,470.43,1,7
46,sybil_24,592.42,601.6,25.9424,22.5647,270.0,D3C3,6,142.43,450.81,1,8
46,sybil_25,592.42,601.6,15.9396,0.3028,270.0,E3D3,6,142.43,450.81,1,8
46,sybil_26,592.42,601.6,3.4246,2.2436,270.0,E3D3,6,142.43,450.81,1,8
46,sybil_27,731.91,601.6,18.9199,-4.9304,270.0,E3D3,6,18.16,460.61,1,9
46,sybil_28,731.91,601.6,0.0,-9.4089,270.0,E3D3,6,18.16,460.61,1,9
46,sybil_29,731.91,601.6,0.0,0.0,270.0,E3D3,6,18.16,460.61,1,9
46,sybil_3,576.61,201.6,7.7321,-3.8577,270.0,D1C1,4,150.62,566.8,1,1
46,sybil_32,630.26,-1.6,8.6226,-3.7617,90.0,D0E0,6,170.66,707.7,1,10
46,sybil_33,605.83,0.47,22.187,3.7182,256.01,:D0_9,6,187.28,705.56,1,11
46,sybil_34,605.83,0.47,19.8981,-1.1844,270.0,E0D0,6,187.28,705.56,1,11
46,sybil_35,605.83,0.47,10.9758,-0.6186,270.0,E0D0,6,187.28,705.56,1,11
46,sybil_36,713.32,1.6,16.6506,-8.2191,270.0,E0D0,7,123.95,711.92,1,12
46,sybil_37,713.32,1.6,21.4111,3.3845,270.0,E0D0,7,123.95,711.92,1,12
46,sybil_38,713.32,1.6,9.3639,2.7682,270.0,E0D0,7,123.95,711.92,1,12
46,sybil_39,788.0,1.6,1.8401,0.0,270.0,E0D0,3,124.35,725.48,1,13
46,sybil_4,576.61,201.6,3.7659,0.0,270.0,D1C1,4,150.62,566.8,1,1
47,legit_0,601.6,752.94,11.2613,-1.4401,0.0,D3D4,7,172.05,468.25,0,-1
47,legit_1,801.6,637.54,11.0721,1.594,0.0,E3E4,3,63.81,480.37,0,-1
47,legit_2,598.4,812.71,12.7385,-1.1127,180.0,D5D4,7,150.89,484.13,0,-1
47,legit_3,798.4,446.06,13.4995,0.4141,180.0,E3E2,0,98.74,496.13,0,-1
47,legit_4,798.4,157.09,12.4482,1.7295,180.0,E1E0,0,60.98,617.46,0,-1
47,legit_5,815.74,1001.6,12.4203,0.7734,270.0,F5E5,0,102.32,598.84,0,-1
47,legit_6,277.9,1001.6,13.3043,0.2934,270.0,C5B5,0,150.02,637.61,0,-1
47,legit_7,156.7,801.6,10.5722,2.2632,270.0,B4A4,0,38.98,617.81,0,-1
47,sybil_0,462.34,201.6,12.4067,5.7829,270.0,D1C1,4,82.53,577.95,1,0
47,sybil_1,462.34,201.6,33.7283,17.5367,270.0,D1C1,4,82.53,577.95,1,0
47,sybil_16,439.92,801.6,10.9534,-6.8648,270.0,D4C4,4,39.7,496.99,1,5
47,sybil_17,439.92,801.6,0.5495,-11.0009,270.0,D4C4,4,39.7,496.99,1,5
47,sybil_18,563.22,801.6,0.6077,-8.8795,270.0,D4C4,9,119.56,481.54,1,6
47,sybil_19,563.22,801.6,0.0,-16.5759,353.23,:D4_10,9,119.56,481.54,1,6
47,sybil_2,462.34,201.6,0.0,-14.7015,270.0,D1C1,4,82.53,577.95,1,0
47,sybil_20,563.22,801.6,6.6922,-5.4133,0.0,D3D4,9,119.56,481.54,1,6
47,sybil_21,601.6,772.02,12.2137,-9.2118,0.0,D3D4,7,163.23,472.76,1,7
47,sybil_22,601.6,772.02,0.0,-6.2622,0.0,D3D4,7,163.23,472.76,1,7
47,sybil_23,601.6,772.02,22.2155,18.2023,0.0,D3D4,7,163.23,472.76,1,7
47,sybil_24,580.09,601.6,5.7689,-20.1735,270.0,D3C3,5,130.1,451.0,1,8
47,sybil_25,580.09,601.6,0.0,-15.9396,270.0,E3D3,5,130.1,451.0,1,8
47,sybil_26,580.09,601.6,11.7341,8.3095,270.0,E3D3,5,130.1,451.0,1,8
47,sybil_27,721.47,601.6,1.3658,-17.554,270.0,E3D3,6,28.57,459.1,1,9
47,sybil_28,721.47,601.6,0.0,0.0,270.0,E3D3,6,28.57,459.1,1,9
47,sybil_29,721.47,601.6,0.0,0.0,270.0,E3D3,6,28.57,459.1,1,9
47,sybil_3,567.68,201.6,11.9032,4.1711,270.0,D1C1,4,143.21,567.07,1,1
47,sybil_32,642.62,-1.6,9.5163,0.8938,90.0,D0E0,7,162.23,708.2,1,10
47,sybil_33,607.35,-1.6,0.0,-22.187,180.58,D0E0,6,187.45,707.22,1,11
47,sybil_34,607.35,-1.6,14.4952,-5.4029,270.0,E0D0,6,187.45,707.22,1,11
47,sybil_35,607.35,-1.6,15.1876,4.2118,270.0,E0D0,6,187.45,707.22,1,11
47,sybil_36,701.48,1.6,19.5591,2.9085,270.0,E0D0,7,127.95,710.44,1,12
47,sybil_37,701.48,1.6,8.966,-12.445,270.0,E0D0,7,127.95,710.44,1,12
47,sybil_38,701.48,1.6,13.4753,4.1115,270.0,E0D0,7,127.95,710.44,1,12
47,sybil_39,785.79,1.6,0.0,-1.8401,270.0,E0D0,4,123.69,724.97,1,13
47,sybil_4,567.68,201.6,0.0,-3.7659,270.0,D1C1,4,143.21,567.07,1,1
48,legit_0,601.6,762.19,9.2492,-2.0121,0.0,D3D4,7,167.56,470.37,0,-1
48,legit_1,801.6,650.07,12.5224,1.4504,0.0,E3E4,3,71.9,481.35,0,-1
48,legit_2,598.4,799.49,13.2171,0.4785,180.0,:D4_1,7,153.83,480.16,0,-1
48,legit_3,798.4,432.6,13.4572,-0.0423,180.0,E3E2,0,87.26,499.09,0,-1
48,legit_4,798.4,144.03,13.06,0.6117,180.0,E1E0,1,54.04,625.4,0,-1
48,legit_5,803.67,1001.6,12.0726,-0.3477,270.0,:E5_0,0,95.01,595.27,0,-1
48,legit_6,265.02,1001.6,12.883,-0.4213,270.0,C5B5,0,139.2,643.12,0,-1
48,legit_7,144.29,801.6,12.411,1.8387,270.0,B4A4,0,38.82,625.53,0,-1
48,legit_8,212.3,198.4,0.0,0.0,90.0,B1C1,0,100.14,667.52,0,-1
48,sybil_0,448.85,201.6,24.0809,11.6743,270.0,D1C1,5,81.61,580.55,1,0
48,sybil_1,448.85,201.6,3.2884,-30.4399,270.0,D1C1,5,81.61,580.55,1,0
48,sybil_16,426.24,801.6,10.7503,-0.2031,270.0,D4C4,4,45.16,500.48,1,5
48,sybil_17,426.24,801.6,15.8009,15.2514,270.0,D4C4,4,45.16,500.48,1,5
48,sybil_18,552.82,801.6,26.8828,26.2751,270.0,D4C4,9,109.75,482.03,1,6
48,sybil_19,552.82,801.6,1.1572,1.1572,353.22,:D4_10,9,109.75,482.03,1,6
48,sybil_2,448.85,201.6,6.4436,6.4436,270.0,D1C1,5,81.61,580.55,1,0
48,sybil_20,552.82,801.6,10.175,3.4828,0.0,D3D4,9,109.75,482.03,1,6
48,sybil_21,601.6,778.6,19.658,7.4442,0.0,D3D4,7,160.6,474.43,1,7
48,sybil_22,601.6,778.6,0.9166,0.9166,0.0,D3D4,7,160.6,474.43,1,7
48,sybil_23,601.6,778.6,12.4607,-9.7548,0.0,D3D4,7,160.6,474.43,1,7
48,sybil_24,566.31,601.6,13.6493,7.8804,270.0,D3C3,5,116.32,451.41,1,8
48,sybil_25,566.31,601.6,0.0,0.0,270.0,E3D3,5,116.32,451.41,1,8
48,sybil_26,566.31,601.6,20.2857,8.5516,270.0,E3D3,5,116.32,451.41,1,8
48,sybil_27,711.15,601.6,4.3225,2.9567,270.0,E3D3,6,38.89,457.74,1,9
48,sybil_28,711.15,601.6,10.0057,10.0057,270.0,E3D3,6,38.89,457.74,1,9
48,sybil_29,711.15,601.6,0.0,0.0,270.0,E3D3,6,38.89,457.74,1,9
48,sybil_3,557.06,201.6,21.3751,9.4719,270.0,D1C1,5,134.61,567.52,1,1
48,sybil_32,655.59,-1.6,12.0006,2.4843,90.0,D0E0,7,153.94,708.91,1,10
48,sybil_33,612.7,-1.6,0.0,0.0,90.0,D0E0,6,183.41,707.28,1,11
48,sybil_34,612.7,-1.6,5.1832,-9.312,270.0,E0D0,6,183.41,707.28,1,11
48,sybil_35,612.7,-1.6,19.4607,4.273,270.0,E0D0,6,183.41,707.28,1,11
48,sybil_36,689.2,1.6,11.4884,-8.0707,270.0,E0D0,7,133.1,709.1,1,12
48,sybil_37,689.2,1.6,30.6568,21.6908,270.0,E0D0,7,133.1,709.1,1,12
48,sybil_38,689.2,1.6,0.0,-13.4753,270.0,E0D0,7,133.1,709.1,1,12
48,sybil_39,781.74,1.6,2.2954,2.2954,270.0,E0D0,5,122.58,724.06,1,13
48,sybil_4,557.06,201.6,4.7554,4.7554,270.0,D1C1,5,134.61,567.52,1,1
48,sybil_5,557.06,201.6,0.0,0.0,270.0,D1C1,5,134.61,567.52,1,1
49,legit_0,601.6,769.72,7.5324,-1.7167,0.0,D3D4,7,164.2,472.18,0,-1
49,legit_1,801.6,662.13,12.0626,-0.4599,0.0,E3E4,5,80.76,482.51,0,-1
49,legit_2,598.4,785.8,13.6942,0.4771,180.0,D4D3,7,157.99,476.33,0,-1
49,legit_3,798.4,419.29,13.3133,-0.144,180.0,E3E2,0,76.54,502.23,0,-1
49,legit_4,798.4,130.76,13.268,0.2081,180.0,E1E0,1,49.58,633.73,0,-1
49,legit_5,791.21,1001.6,12.4557,0.3831,270.0,E5D5,0,88.57,591.81,0,-1
49,legit_6,251.5,1001.6,13.5154,0.6324,270.0,C5B5,0,128.25,649.08,0,-1
49,legit_7,131.85,801.6,12.4449,0.034,270.0,B4A4,0,42.47,633.61,0,-1
49,legit_8,214.29,198.4,1.9925,1.9925,90.0,B1C1,0,101.39,666.54,0,-1
49,sybil_0,435.4,201.6,18.3152,-5.7657,270.0,D1C1,5,82.9,583.44,1,0
49,sybil_1,435.4,201.6,4.3207,1.0323,270.0,D1C1,5,82.9,583.44,1,0
49,sybil_16,416.47,801.6,27.3831,16.6328,270.0,D4C4,4,50.98,503.19,1,5
49,sybil_17,416.47,801.6,17.4761,1.6752,270.0,D4C4,4,50.98,503.19,1,5
49,sybil_18,541.77,801.6,9.8394,-17.0435,270.0,D4C4,9,99.48,482.69,1,6
49,sybil_19,541.77,801.6,0.8332,-0.324,353.22,:D4_10,9,99.48,482.69,1,6
49,sybil_2,435.4,201.6,13.498,7.0544,270.0,D1C1,5,82.9,583.44,1,0
49,sybil_20,541.77,801.6,13.1204,2.9453,0.0,D3D4,9,99.48,482.69,1,6
49,sybil_21,601.6,780.99,3.453,-16.205,0.0,D3D4,7,159.7,475.05,1,7
49,sybil_22,601.6,780.99,10.8553,9.9387,0.0,D3D4,7,159.7,475.05,1,7
49,sybil_23,601.6,780.99,25.1639,12.7032,0.0,D3D4,7,159.7,475.05,1,7
49,sybil_24,553.64,601.6,18.9194,5.2701,270.0,D3C3,5,103.65,451.98,1,8
49,sybil_25,553.64,601.6,12.277,12.277,270.0,:D3_5,5,103.65,451.98,1,8
49,sybil_26,553.64,601.6,19.7548,-0.5309,270.0,E3D3,5,103.65,451.98,1,8
49,sybil_27,700.36,601.6,12.874,8.5515,270.0,E3D3,8,49.67,456.45,1,9
49,sybil_28,700.36,601.6,8.6472,-1.3585,270.0,E3D3,8,49.67,456.45,1,9
49,sybil_29,700.36,601.6,3.3031,3.3031,270.0,E3D3,8,49.67,456.45,1,9
49,sybil_3,544.79,201.6,16.7698,-4.6053,270.0,D1C1,5,125.08,568.2,1,1
49,sybil_30,789.7,601.6,0.0,0.0,270.0,E3D3,5,39.73,475.17,1,10
49,sybil_32,789.7,601.6,9.8314,-2.1692,90.0,D0E0,5,39.73,475.17,1,10
49,sybil_33,619.68,-1.6,0.0,0.0,90.0,D0E0,5,178.24,707.41,1,11
49,sybil_34,619.68,-1.6,6.3883,1.2052,270.0,E0D0,5,178.24,707.41,1,11
49,sybil_35,619.68,-1.6,5.1221,-14.3386,270.0,E0D0,5,178.24,707.41,1,11
49,sybil_36,676.9,1.6,11.3257,-0.1627,270.0,E0D0,6,139.15,707.94,1,12
49,sybil_37,676.9,1.6,7.1587,-23.4981,270.0,E0D0,6,139.15,707.94,1,12
49,sybil_38,676.9,1.6,19.2244,19.2244,270.0,E0D0,6,139.15,707.94,1,12
49,sybil_39,775.14,1.6,0.2459,-2.0495,270.0,E0D0,4,121.04,722.62,1,13
49,sybil_4,544.79,201.6,13.2389,8.4835,270.0,D1C1,5,125.08,568.2,1,1
49,sybil_5,544.79,201.6,0.0,0.0,270.0,D1C1,5,125.08,568.2,1,1
50,legit_0,601.6,773.2,3.4845,-4.0479,0.0,D3D4,7,162.74,473.05,0,-1
50,legit_1,801.6,674.45,12.3219,0.2593,0.0,E3E4,5,90.58,483.89,0,-1
50,legit_2,598.4,772.84,12.9554,-0.7388,180.0,D4D3,7,162.89,472.96,0,-1
50,legit_4,798.4,117.72,13.0363,-0.2317,180.0,E1E0,1,48.45,642.23,0,-1
50,legit_5,779.56,1001.6,11.6533,-0.8023,270.0,E5D5,0,83.79,588.77,0,-1
50,legit_6,238.68,1001.6,12.8205,-0.6949,270.0,C5B5,0,118.37,654.92,0,-1
50,legit_7,119.73,801.6,12.1222,-0.3228,270.0,B4A4,0,48.9,641.75,0,-1
50,legit_8,217.61,198.4,3.3184,1.3259,90.0,B1C1,0,103.53,664.92,0,-1
50,sybil_0,422.76,201.6,12.1582,-6.1571,270.0,D1C1,5,86.03,586.44,1,0
50,sybil_1,422.76,201.6,25.8649,21.5442,270.0,D1C1,5,86.03,586.44,1,0
50,sybil_16,410.13,801.6,21.7326,-5.6505,270.0,D4C4,4,55.35,505.04,1,5
50,sybil_17,410.13,801.6,12.5724,-4.9036,270.0,D4C4,4,55.35,505.04,1,5
50,sybil_18,531.26,801.6,14.9202,5.0808,270.0,D4C4,9,89.87,483.46,1,6
50,sybil_19,531.26,801.6,6.3476,5.5144,345.51,:D4_18,9,89.87,483.46,1,6
50,sybil_2,422.76,201.6,14.7605,1.2625,270.0,D1C1,5,86.03,586.44,1,0
50,sybil_20,531.26,801.6,0.9485,-12.1719,0.0,D3D4,9,89.87,483.46,1,6
50,sybil_21,601.6,781.48,0.0,-3.453,0.0,D3D4,7,159.52,475.18,1,7
50,sybil_22,601.6,781.48,2.2358,-8.6195,0.0,D3D4,7,159.52,475.18,1,7
50,sybil_23,601.6,781.48,0.0,-25.1639,0.0,D3D4,7,159.52,475.18,1,7
50,sybil_24,539.97,601.6,4.943,-13.9764,270.0,D3C3,5,89.98,452.8,1,8
50,sybil_25,539.97,601.6,14.338,2.061,270.0,:D3_5,5,89.98,452.8,1,8
50,sybil_26,539.97,601.6,15.4334,-4.3214,270.0,E3D3,5,89.98,452.8,1,8
50,sybil_27,689.09,601.6,17.3607,4.4867,270.0,E3D3,8,60.93,455.24,1,9
50,sybil_28,689.09,601.6,2.2947,-6.3526,270.0,E3D3,8,60.93,455.24,1,9
50,sybil_29,689.09,601.6,3.3889,0.0858,270.0,E3D3,8,60.93,455.24,1,9
50,sybil_3,531.73,201.6,20.0839,3.3141,270.0,D1C1,5,115.49,569.12,1,1
50,sybil_30,787.92,601.6,5.5029,5.5029,270.0,E3D3,5,37.96,474.61,1,10
50,sybil_32,787.92,601.6,11.8735,2.042,90.0,D0E0,5,37.96,474.61,1,10
50,sybil_33,628.26,-1.6,10.8883,10.8883,90.0,D0E0,6,172.07,707.63,1,11
50,sybil_34,628.26,-1.6,2.2433,-4.145,258.42,:D0_9,6,172.07,707.63,1,11
50,sybil_35,628.26,-1.6,5.9226,0.8006,270.0,E0D0,6,172.07,707.63,1,11
50,sybil_36,664.72,1.6,14.4932,3.1675,270.0,E0D0,6,145.92,706.96,1,12
50,sybil_37,664.72,1.6,29.9275,22.7688,270.0,E0D0,6,145.92,706.96,1,12
50,sybil_38,664.72,1.6,17.3271,-1.8973,270.0,E0D0,6,145.92,706.96,1,12
50,sybil_39,766.33,1.6,20.5772,20.3314,270.0,E0D0,7,119.52,720.79,1,13
50,sybil_4,531.73,201.6,20.7129,7.474,270.0,D1C1,5,115.49,569.12,1,1
50,sybil_5,531.73,201.6,0.0,0.0,270.0,D1C1,5,115.49,569.12,1,1
51,legit_0,601.6,773.83,0.6238,-2.8607,0.0,D3D4,7,162.49,473.21,0,-1
51,legit_1,801.6,686.4,11.9553,-0.3665,0.0,E3E4,5,100.64,485.4,0,-1
51,legit_2,598.4,759.19,13.6544,0.699,180.0,D4D3,7,168.98,469.67,0,-1
51,legit_4,798.4,104.09,13.6336,0.5972,180.0,E1E0,1,50.95,651.44,0,-1
51,legit_5,767.34,1001.6,12.2174,0.5641,270.0,E5D5,0,80.3,585.82,0,-1
51,legit_6,225.4,1001.6,13.2853,0.4649,270.0,C5B5,0,108.77,661.16,0,-1
51,legit_7,108.13,801.6,11.5932,-0.529,270.0,B4A4,0,56.81,649.76,0,-1
51,legit_8,223.36,198.4,5.7454,2.4271,90.0,B1C1,0,107.37,662.14,0,-1
51,sybil_0,414.36,201.6,0.0,-12.1582,270.0,D1C1,5,89.05,588.58,1,0
51,sybil_1,414.36,201.6,27.3264,1.4615,270.0,D1C1,5,89.05,588.58,1,0
51,sybil_16,401.61,801.6,15.9911,-5.7415,270.0,:C4_5,4,61.77,507.63,1,5
51,sybil_17,401.61,801.6,16.9913,4.4189,270.0,D4C4,4,61.77,507.63,1,5
51,sybil_18,520.81,801.6,0.0,-14.9202,270.0,D4C4,9,80.55,484.35,1,6
51,sybil_19,520.81,801.6,13.7592,7.4116,328.39,:D4_18,9,80.55,484.35,1,6
51,sybil_2,414.36,201.6,8.675,-6.0855,270.0,D1C1,5,89.05,588.58,1,0
51,sybil_20,520.81,801.6,4.2215,3.273,0.0,D3D4,9,80.55,484.35,1,6
51,sybil_21,601.6,781.7,0.0,0.0,0.0,D3D4,7,159.44,475.24,1,7
51,sybil_22,601.6,781.7,1.6494,-0.5864,0.0,D3D4,7,159.44,475.24,1,7
51,sybil_23,601.6,781.7,0.0,0.0,0.0,D3D4,7,159.44,475.24,1,7
51,sybil_24,527.24,601.6,20.1443,15.2012,270.0,D3C3,2,77.25,453.75,1,8
51,sybil_25,527.24,601.6,10.8686,-3.4694,270.0,D3C3,2,77.25,453.75,1,8
51,sybil_26,527.24,601.6,10.4033,-5.03,270.0,E3D3,2,77.25,453.75,1,8
51,sybil_27,677.95,601.6,15.3328,-2.0279,270.0,E3D3,5,72.06,454.19,1,9
51,sybil_28,677.95,601.6,4.4313,2.1366,270.0,E3D3,5,72.06,454.19,1,9
51,sybil_29,677.95,601.6,0.0,-3.3889,270.0,E3D3,5,72.06,454.19,1,9
51,sybil_3,518.71,201.6,9.9201,-10.1637,270.0,D1C1,6,106.68,570.26,1,1
51,sybil_30,784.61,601.6,12.9589,7.456,270.0,E3D3,5,34.65,473.57,1,10
51,sybil_32,784.61,601.6,12.9068,1.0333,90.0,D0E0,5,34.65,473.57,1,10
51,sybil_33,638.19,-1.6,2.4343,-8.454,90.0,D0E0,6,165.19,708.0,1,11
51,sybil_34,638.19,-1.6,0.0,-2.2433,212.42,:D0_9,6,165.19,708.0,1,11
51,sybil_35,638.19,-1.6,5.7589,-0.1638,270.0,E0D0,6,165.19,708.0,1,11
51,sybil_36,652.88,1.6,10.1593,-4.3339,270.0,E0D0,6,153.14,706.19,1,12
51,sybil_37,652.88,1.6,10.5128,-19.4147,270.0,E0D0,6,153.14,706.19,1,12
51,sybil_38,652.88,1.6,26.9466,9.6195,270.0,E0D0,6,153.14,706.19,1,12
51,sybil_39,755.78,1.6,7.3446,-13.2327,270.0,E0D0,7,118.54,718.72,1,13
51,sybil_4,518.71,201.6,17.788,-2.9249,270.0,D1C1,6,106.68,570.26,1,1
51,sybil_5,518.71,201.6,19.4902,19.4902,270.0,D1C1,6,106.68,570.26,1,1
51,sybil_6,587.9,201.6,0.0,0.0,270.0,D1C1,3,160.23,566.58,1,2
52,legit_0,601.6,774.16,0.3324,-0.2914,0.0,D3D4,7,162.35,473.29,0,-1
52,legit_1,801.6,698.45,12.0498,0.0945,0.0,E3E4,3,111.16,487.1,0,-1
52,legit_2,598.4,745.32,13.8686,0.2142,180.0,D4D3,7,176.03,466.59,0,-1
52,legit_4,798.4,91.45,12.6384,-0.9952,180.0,E1E0,1,56.19,660.26,0,-1
52,legit_5,754.98,1001.6,12.3595,0.1421,270.0,E5D5,0,78.56,583.1,0,-1
52,legit_6,215.27,1001.6,10.1239,-3.1614,270.0,C5B5,0,102.02,666.06,0,-1
52,legit_7,96.5,801.6,11.636,0.0428,270.0,B4A4,0,65.86,657.97,0,-1
52,legit_8,231.11,198.4,7.7566,2.0111,90.0,B1C1,0,112.81,658.45,0,-1
52,sybil_0,408.64,201.6,0.0,0.0,270.0,D1C1,5,91.48,590.09,1,0
52,sybil_1,408.64,201.6,3.2091,-24.1173,270.0,D1C1,5,91.48,590.09,1,0
52,sybil_16,390.53,801.6,16.3544,0.3634,270.0,C4B4,4,70.79,511.14,1,5
52,sybil_17,390.53,801.6,0.0,-16.9913,270.0,D4C4,4,70.79,511.14,1,5
52,sybil_18,510.22,801.6,5.7145,5.7145,270.0,D4C4,9,71.42,485.39,1,6
52,sybil_19,510.22,801.6,0.0,-13.7592,289.22,:D4_18,9,71.42,485.39,1,6
52,sybil_2,408.64,201.6,16.4378,7.7628,270.0,D1C1,5,91.48,590.09,1,0
52,sybil_20,510.22,801.6,0.503,-3.7185,359.45,:D4_10,9,71.42,485.39,1,6
52,sybil_21,601.6,782.32,4.5293,4.5293,0.0,D3D4,7,159.22,475.4,1,7
52,sybil_22,601.6,782.32,19.6655,18.0161,0.0,D3D4,7,159.22,475.4,1,7
52,sybil_23,601.6,782.32,9.62,9.62,0.0,D3D4,7,159.22,475.4,1,7
52,sybil_24,514.54,601.6,8.2117,-11.9326,270.0,D3C3,2,64.56,454.88,1,8
52,sybil_25,514.54,601.6,2.9573,-7.9113,270.0,D3C3,2,64.56,454.88,1,8
52,sybil_26,514.54,601.6,12.0983,1.695,270.0,E3D3,2,64.56,454.88,1,8
52,sybil_27,667.5,601.6,17.2761,1.9433,270.0,E3D3,5,82.51,453.33,1,9
52,sybil_28,667.5,601.6,7.2581,2.8268,270.0,E3D3,5,82.51,453.33,1,9
52,sybil_29,667.5,601.6,4.5603,4.5603,270.0,E3D3,5,82.51,453.33,1,9
52,sybil_3,506.0,201.6,22.7542,12.8341,270.0,D1C1,6,98.97,571.58,1,1
52,sybil_30,779.74,601.6,0.0,-12.9589,270.0,E3D3,6,29.78,472.07,1,10
52,sybil_31,779.74,601.6,0.0,0.0,270.0,E3D3,6,29.78,472.07,1,10
52,sybil_32,779.74,601.6,10.1415,-2.7653,90.0,D0E0,6,29.78,472.07,1,10
52,sybil_33,649.72,-1.6,13.4895,11.0552,90.0,D0E0,6,157.62,708.56,1,11
52,sybil_34,649.72,-1.6,7.0007,7.0007,123.3,D0E0,6,157.62,708.56,1,11
52,sybil_35,649.72,-1.6,0.0,-5.7589,270.0,E0D0,6,157.62,708.56,1,11
52,sybil_36,639.99,1.6,14.0513,3.892,270.0,E0D0,6,161.62,705.52,1,12
52,sybil_37,639.99,1.6,14.156,3.6431,270.0,E0D0,6,161.62,705.52,1,12
52,sybil_38,639.99,1.6,12.5646,-14.3821,270.0,E0D0,6,161.62,705.52,1,12
52,sybil_39,742.67,1.6,18.0947,10.7501,270.0,E0D0,7,118.63,716.37,1,13
52,sybil_4,506.0,201.6,9.6195,-8.1685,270.0,D1C1,6,98.97,571.58,1,1
52,sybil_5,506.0,201.6,0.0,-19.4902,270.0,D1C1,6,98.97,571.58,1,1
52,sybil_6,586.5,201.6,0.0,0.0,270.0,D1C1,3,159.03,566.6,1,2
53,legit_0,601.6,774.76,0.5992,0.2668,0.0,D3D4,7,162.11,473.44,0,-1
53,legit_1,801.6,711.07,12.6195,0.5697,0.0,E3E4,3,122.47,489.07,0,-1
53,legit_2,598.4,731.6,13.7208,-0.1477,180.0,D4D3,10,183.78,463.81,0,-1
53,legit_4,798.4,78.02,13.4281,0.7898,180.0,E1E0,1,64.07,669.88,0,-1
53,legit_5,742.97,1001.6,12.0146,-0.345,270.0,E5D5,0,78.71,580.69,0,-1
53,legit_6,208.77,1001.6,6.5054,-3.6186,270.0,C5B5,0,97.98,669.27,0,-1
53,legit_7,84.02,801.6,12.4794,0.8434,270.0,B4A4,0,76.34,666.94,0,-1
53,legit_8,240.67,198.4,9.5552,1.7986,90.0,B1C1,0,119.86,654.0,0,-1
53,sybil_0,405.91,200.62,18.9828,18.9828,258.09,:C1_7,5,91.89,591.37,1,0
53,sybil_1,405.91,200.62,14.2622,11.0531,270.0,D1C1,5,91.89,591.37,1,0
53,sybil_16,377.91,801.6,0.1961,-16.1584,270.0,C4B4,4,81.68,515.34,1,5
53,sybil_17,377.91,801.6,6.1102,6.1102,270.0,D4C4,4,81.68,515.34,1,5
53,sybil_18,499.13,801.6,21.0063,15.2918,270.0,D4C4,9,62.35,486.65,1,6
53,sybil_19,499.13,801.6,6.0039,6.0039,270.0,D4C4,9,62.35,486.65,1,6
53,sybil_2,405.91,200.62,16.8677,0.4299,270.0,D1C1,5,91.89,591.37,1,0
53,sybil_20,499.13,801.6,0.0,-0.503,348.45,:D4_18,9,62.35,486.65,1,6
53,sybil_21,601.6,784.5,0.0,-4.5293,0.0,D3D4,7,158.44,475.98,1,7
53,sybil_22,601.6,784.5,11.6853,-7.9802,0.0,D3D4,7,158.44,475.98,1,7
53,sybil_23,601.6,784.5,12.7085,3.0885,0.0,D3D4,7,158.44,475.98,1,7
53,sybil_24,501.7,601.6,15.9526,7.7409,270.0,D3C3,2,51.73,456.21,1,8
53,sybil_25,501.7,601.6,5.7839,2.8266,270.0,D3C3,2,51.73,456.21,1,8
53,sybil_26,501.7,601.6,6.5561,-5.5422,270.0,E3D3,2,51.73,456.21,1,8
53,sybil_27,656.99,601.6,2.8273,-14.4488,270.0,E3D3,6,93.03,452.6,1,9
53,sybil_28,656.99,601.6,8.9329,1.6748,270.0,E3D3,6,93.03,452.6,1,9
53,sybil_29,656.99,601.6,13.7988,9.2385,270.0,E3D3,6,93.03,452.6,1,9
53,sybil_3,492.37,201.6,25.0361,2.2819,270.0,D1C1,6,91.94,573.25,1,1
53,sybil_30,773.12,601.6,5.8451,5.8451,270.0,E3D3,6,23.18,470.08,1,10
53,sybil_31,773.12,601.6,5.3578,5.3578,270.0,E3D3,6,23.18,470.08,1,10
53,sybil_32,773.12,601.6,26.9712,16.8297,90.0,D0E0,6,23.18,470.08,1,10
53,sybil_33,662.82,-1.6,19.3984,5.9089,90.0,D0E0,6,149.62,709.39,1,11
53,sybil_34,662.82,-1.6,1.5657,-5.435,90.0,D0E0,6,149.62,709.39,1,11
53,sybil_35,662.82,-1.6,0.0,0.0,270.0,E0D0,6,149.62,709.39,1,11
53,sybil_36,629.08,1.6,13.5385,-0.5127,270.0,E0D0,6,169.24,705.11,1,12
53,sybil_37,629.08,1.6,9.2616,-4.8944,270.0,E0D0,6,169.24,705.11,1,12
53,sybil_38,629.08,1.6,22.7258,10.1613,270.0,E0D0,6,169.24,705.11,1,12
53,sybil_39,729.87,1.6,10.8294,-7.2653,270.0,E0D0,7,120.1,714.29,1,13
53,sybil_4,492.37,201.6,15.1051,5.4856,270.0,D1C1,6,91.94,573.25,1,1
53,sybil_5,492.37,201.6,10.3739,10.3739,270.0,D1C1,6,91.94,573.25,1,1
53,sybil_6,583.73,201.6,13.6642,13.6642,270.0,D1C1,3,156.66,566.64,1,2
54,legit_0,601.6,776.54,1.7857,1.1865,0.0,D3D4,7,161.4,473.9,0,-1
54,legit_1,801.6,723.06,11.9898,-0.6297,0.0,E3E4,3,127.81,491.1,0,-1
54,legit_2,598.4,717.85,13.7504,0.0296,180.0,D4D3,10,189.5,461.29,0,-1
54,legit_4,798.4,65.27,12.7494,-0.6787,180.0,E1E0,4,73.06,679.21,0,-1
54,legit_5,730.34,1001.6,12.6254,0.6109,270.0,E5D5,0,80.83,578.44,0,-1
54,legit_6,205.85,1000.51,3.3363,-3.1691,256.56,:B5_10,0,97.15,670.16,0,-1
54,legit_7,71.79,801.6,12.2241,-0.2553,270.0,B4A4,0,87.13,675.87,0,-1
54,legit_8,252.78,198.4,12.1087,2.5535,90.0,B1C1,0,129.27,648.51,0,-1
54,sybil_0,408.02,198.4,0.0,-18.9828,157.33,C1D1,5,88.93,592.01,1,0
54,sybil_1,408.02,198.4,1.2468,-13.0154,270.0,D1C1,5,88.93,592.01,1,0
54,sybil_16,364.97,801.6,21.2012,21.0051,270.0,C4B4,4,93.29,519.84,1,5
54,sybil_17,364.97,801.6,8.0566,1.9464,270.0,D4C4,4,93.29,519.84,1,5
54,sybil_18,488.83,801.6,26.7184,5.7121,270.0,D4C4,9,54.61,487.97,1,6
54,sybil_19,488.83,801.6,4.0649,-1.939,270.0,D4C4,9,54.61,487.97,1,6
54,sybil_2,408.02,198.4,14.2681,-2.5996,270.0,D1C1,5,88.93,592.01,1,0
54,sybil_20,488.83,801.6,3.8714,3.8714,308.12,:D4_18,9,54.61,487.97,1,6
54,sybil_21,601.6,788.14,3.9697,3.9697,0.0,D3D4,7,157.2,476.97,1,7
54,sybil_22,601.6,788.14,16.1049,4.4197,0.0,D3D4,7,157.2,476.97,1,7
54,sybil_23,601.6,788.14,12.5544,-0.1541,0.0,D3D4,7,157.2,476.97,1,7
54,sybil_24,488.37,601.6,15.6673,-0.2853,270.0,D3C3,2,38.4,457.8,1,8
54,sybil_25,488.37,601.6,0.0,-5.7839,270.0,D3C3,2,38.4,457.8,1,8
54,sybil_26,488.37,601.6,0.0,-6.5561,270.0,:D3_5,2,38.4,457.8,1,8
54,sybil_27,646.44,601.6,1.9363,-0.891,270.0,E3D3,6,103.57,451.98,1,9
54,sybil_28,646.44,601.6,4.4999,-4.433,270.0,E3D3,6,103.57,451.98,1,9
54,sybil_29,646.44,601.6,12.193,-1.6058,270.0,E3D3,6,103.57,451.98,1,9
54,sybil_3,478.62,201.6,6.975,-18.0611,270.0,D1C1,7,86.47,575.23,1,1
54,sybil_30,764.41,601.6,9.2837,3.4386,270.0,E3D3,6,14.5,467.53,1,10
54,sybil_31,764.41,601.6,9.2162,3.8584,270.0,E3D3,6,14.5,467.53,1,10
54,sybil_32,764.41,601.6,26.1963,-0.7749,90.0,D0E0,6,14.5,467.53,1,10
54,sybil_33,675.83,-1.6,13.3842,-6.0142,90.0,D0E0,7,142.43,710.4,1,11
54,sybil_34,675.83,-1.6,30.1499,28.5842,90.0,D0E0,7,142.43,710.4,1,11
54,sybil_35,675.83,-1.6,0.0,0.0,255.92,:D0_9,7,142.43,710.4,1,11
54,sybil_36,620.09,1.6,5.8423,-7.6962,270.0,E0D0,6,175.77,704.86,1,12
54,sybil_37,620.09,1.6,29.6405,20.3789,270.0,E0D0,6,175.77,704.86,1,12
54,sybil_38,620.09,1.6,5.2363,-17.4895,270.0,E0D0,6,175.77,704.86,1,12
54,sybil_39,716.58,1.6,16.6424,5.813,270.0,E0D0,7,123.03,712.36,1,13
54,sybil_4,478.62,201.6,10.5278,-4.5774,270.0,D1C1,7,86.47,575.23,1,1
54,sybil_5,478.62,201.6,6.7587,-3.6152,270.0,D1C1,7,86.47,575.23,1,1
54,sybil_6,579.63,201.6,12.172,-1.4922,270.0,D1C1,4,153.17,566.72,1,2
54,sybil_7,579.63,201.6,0.0,0.0,270.0,D1C1,4,153.17,566.72,1,2
55,legit_0,601.6,780.59,4.047,2.2613,0.0,D3D4,7,159.85,474.95,0,-1
55,legit_1,801.6,735.81,12.7421,0.7523,0.0,E3E4,3,116.27,493.44,0,-1
55,legit_2,598.4,705.16,12.6851,-1.0653,180.0,D4D3,7,181.88,459.19,0,-1
55,legit_4,798.4,52.48,12.7925,0.0431,180.0,E1E0,4,83.07,688.73,0,-1
55,legit_5,717.84,1001.6,12.5063,-0.1192,270.0,E5D5,0,84.74,576.46,0,-1
55,legit_6,208.07,998.4,3.7673,0.4311,155.65,B5C5,0,100.15,667.97,0,-1
55,legit_7,59.85,801.6,11.9398,-0.2843,270.0,B4A4,0,97.99,684.73,0,-1
55,legit_8,263.78,198.4,11.0078,-1.1009,90.0,B1C1,0,138.18,643.65,0,-1
55,sybil_0,414.44,198.4,6.3212,6.3212,90.0,C1D1,5,86.09,590.31,1,0
55,sybil_1,414.44,198.4,13.1727,11.9259,270.0,D1C1,5,86.09,590.31,1,0
55,sybil_16,351.81,801.6,12.0617,-9.1395,270.0,C4B4,4,105.43,524.62,1,5
55,sybil_17,351.81,801.6,4.2062,-3.8504,270.0,:C4_5,4,105.43,524.62,1,5
55,sybil_18,477.33,801.6,9.9872,-16.7313,270.0,D4C4,8,47.13,489.65,1,6
55,sybil_19,477.33,801.6,11.8706,7.8058,270.0,D4C4,8,47.13,489.65,1,6
55,sybil_2,414.44,198.4,10.0006,-4.2675,270.0,D1C1,5,86.09,590.31,1,0
55,sybil_20,477.33,801.6,25.8116,21.9402,272.59,D4C4,8,47.13,489.65,1,6
55,sybil_21,601.39,794.26,15.5531,11.5834,357.6,:D4_10,7,155.49,478.67,1,7
55,sybil_22,601.39,794.26,3.9278,-12.1771,0.0,D3D4,7,155.49,478.67,1,7
55,sybil_23,601.39,794.26,4.5073,-8.0471,0.0,D3D4,7,155.49,478.67,1,7
55,sybil_24,475.34,601.6,12.5436,-3.1238,270.0,D3C3,2,25.39,459.55,1,8
55,sybil_25,475.34,601.6,3.8303,3.8303,270.0,D3C3,2,25.39,459.55,1,8
55,sybil_26,475.34,601.6,0.0,0.0,270.0,D3C3,2,25.39,459.55,1,8
55,sybil_27,635.39,601.6,32.6327,30.6963,270.0,E3D3,6,114.62,451.48,1,9
55,sybil_28,635.39,601.6,6.6578,2.1579,270.0,E3D3,6,114.62,451.48,1,9
55,sybil_29,635.39,601.6,13.3432,1.1502,270.0,E3D3,6,114.62,451.48,1,9
55,sybil_3,465.53,201.6,11.442,4.4669,270.0,D1C1,7,83.07,577.38,1,1
55,sybil_30,754.38,601.6,17.1951,7.9114,270.0,E3D3,6,4.66,464.72,1,10
55,sybil_31,754.38,601.6,4.545,-4.6712,270.0,E3D3,6,4.66,464.72,1,10
55,sybil_32,754.38,601.6,0.5499,-25.6464,90.0,D0E0,6,4.66,464.72,1,10
55,sybil_33,689.49,-1.6,13.5435,0.1594,90.0,D0E0,7,135.82,711.69,1,11
55,sybil_34,689.49,-1.6,22.3946,-7.7553,90.0,D0E0,7,135.82,711.69,1,11
55,sybil_35,689.49,-1.6,0.0,0.0,211.8,:D0_9,7,135.82,711.69,1,11
55,sybil_36,614.99,1.6,0.0,-5.8423,270.0,E0D0,6,179.58,704.76,1,12
55,sybil_37,614.99,1.6,0.3849,-29.2556,270.0,E0D0,6,179.58,704.76,1,12
55,sybil_38,614.99,1.6,13.3501,8.1138,270.0,E0D0,6,179.58,704.76,1,12
55,sybil_39,703.56,1.6,13.9115,-2.7309,270.0,E0D0,7,127.18,710.69,1,13
55,sybil_4,465.53,201.6,21.09,10.5622,270.0,D1C1,7,83.07,577.38,1,1
55,sybil_5,465.53,201.6,29.9688,23.21,270.0,D1C1,7,83.07,577.38,1,1
55,sybil_6,574.21,201.6,0.0,-12.172,270.0,D1C1,4,148.62,566.86,1,2
55,sybil_7,574.21,201.6,7.352,7.352,270.0,D1C1,4,148.62,566.86,1,2
56,legit_0,601.6,785.52,4.9304,0.8834,0.0,D3D4,7,158.08,476.26,0,-1
56,legit_1,801.6,748.76,12.9558,0.2137,0.0,E3E4,0,104.82,496.02,0,-1
56,legit_2,598.4,691.35,13.8111,1.126,180.0,D4D3,7,174.26,457.17,0,-1
56,legit_4,798.4,39.38,13.1033,0.3108,180.0,E1E0,4,94.03,698.64,0,-1
56,legit_5,705.02,1001.6,12.8191,0.3128,270.0,E5D5,0,90.39,574.69,0,-1
56,legit_6,213.56,998.4,5.4925,1.7252,90.0,B5C5,0,103.43,665.24,0,-1
56,legit_7,48.64,801.6,11.2102,-0.7296,270.0,B4A4,0,108.39,693.16,0,-1
56,legit_8,274.68,198.4,10.8968,-0.111,90.0,B1C1,3,147.28,638.97,0,-1
56,sybil_0,423.4,198.4,3.9944,-2.3268,90.0,C1D1,8,82.79,588.04,1,0
56,sybil_1,423.4,198.4,8.9652,-4.2075,266.25,:C1_7,8,82.79,588.04,1,0
56,sybil_16,339.01,801.6,5.376,-6.6857,270.0,C4B4,4,117.44,529.46,1,5
56,sybil_17,339.01,801.6,15.4224,11.2162,270.0,:C4_5,4,117.44,529.46,1,5
56,sybil_18,466.09,801.6,3.5318,-6.4553,270.0,D4C4,8,41.64,491.52,1,6
56,sybil_19,466.09,801.6,13.1168,1.2462,270.0,D4C4,8,41.64,491.52,1,6
56,sybil_2,423.4,198.4,24.4698,14.4692,270.0,D1C1,8,82.79,588.04,1,0
56,sybil_20,466.09,801.6,11.1398,-14.6718,270.0,D4C4,8,41.64,491.52,1,6
56,sybil_21,598.6,799.88,7.5943,-7.9588,327.79,:D4_18,7,153.92,480.28,1,7
56,sybil_22,598.6,799.88,16.0397,12.1119,0.0,D3D4,7,153.92,480.28,1,7
56,sybil_23,598.6,799.88,9.1432,4.636,0.0,D3D4,7,153.92,480.28,1,7
56,sybil_24,462.04,601.6,24.8888,12.3452,270.0,D3C3,2,12.15,461.54,1,8
56,sybil_25,462.04,601.6,14.23,10.3997,270.0,D3C3,2,12.15,461.54,1,8
56,sybil_26,462.04,601.6,18.3259,18.3259,270.0,D3C3,2,12.15,461.54,1,8
56,sybil_27,624.28,601.6,2.3218,-30.3108,270.0,E3D3,6,125.73,451.1,1,9
56,sybil_28,624.28,601.6,20.4586,13.8008,270.0,E3D3,6,125.73,451.1,1,9
56,sybil_29,624.28,601.6,13.1559,-0.1872,270.0,E3D3,6,125.73,451.1,1,9
56,sybil_3,451.91,201.6,11.7147,0.2728,270.0,D1C1,7,81.62,579.93,1,1
56,sybil_30,742.18,601.6,18.9933,1.7982,270.0,E3D3,5,7.99,462.21,1,10
56,sybil_31,742.18,601.6,11.5949,7.0498,270.0,E3D3,5,7.99,462.21,1,10
56,sybil_32,742.18,601.6,8.2277,7.6778,90.0,D0E0,5,7.99,462.21,1,10
56,sybil_33,702.63,-1.6,24.5226,10.9791,90.0,D0E0,7,130.5,713.14,1,11
56,sybil_34,702.63,-1.6,19.4142,-2.9804,90.0,D0E0,7,130.5,713.14,1,11
56,sybil_35,702.63,-1.6,2.5907,2.5907,143.23,D0E0,7,130.5,713.14,1,11
56,sybil_36,611.56,1.6,4.2075,4.2075,270.0,E0D0,6,182.17,704.71,1,12
56,sybil_37,611.56,1.6,15.5146,15.1296,270.0,E0D0,6,182.17,704.71,1,12
56,sybil_38,611.56,1.6,15.6595,2.3093,270.0,E0D0,6,182.17,704.71,1,12
56,sybil_39,690.44,1.6,8.4788,-5.4327,270.0,E0D0,7,132.54,709.22,1,13
56,sybil_4,451.91,201.6,10.1718,-10.9182,270.0,D1C1,7,81.62,579.93,1,1
56,sybil_5,451.91,201.6,25.6056,-4.3632,270.0,D1C1,7,81.62,579.93,1,1
56,sybil_6,566.43,201.6,11.8794,11.8794,270.0,D1C1,7,142.18,567.12,1,2
56,sybil_7,566.43,201.6,11.3816,4.0296,270.0,D1C1,7,142.18,567.12,1,2
57,legit_0,601.6,792.09,6.5674,1.637,0.0,D3D4,7,155.94,478.06,0,-1
57,legit_1,801.6,761.67,12.9046,-0.0512,0.0,E3E4,0,93.8,498.77,0,-1
57,legit_2,598.4,678.01,13.3404,-0.4708,180.0,D4D3,7,167.66,455.46,0,-1
57,legit_4,798.4,26.42,12.9555,-0.1478,180.0,E1E0,4,105.35,708.57,0,-1
57,legit_5,692.5,1001.6,12.5218,-0.2973,270.0,E5D5,0,97.23,573.2,0,-1
57,legit_6,221.34,998.4,7.7817,2.2892,90.0,B5C5,0,108.39,661.44,0,-1
57,legit_7,36.14,801.6,12.5074,1.2971,270.0,B4A4,0,120.17,702.68,0,-1
57,legit_8,286.29,198.4,11.6111,0.7143,90.0,B1C1,3,157.23,634.12,0,-1
57,sybil_0,434.87,198.4,22.2772,18.2829,90.0,C1D1,9,79.85,585.32,1,0
57,sybil_1,434.87,198.4,7.4034,-1.5619,221.31,:C1_7,9,79.85,585.32,1,0
57,sybil_16,325.67,801.6,3.8473,-1.5287,270.0,C4B4,4,130.12,534.69,1,5
57,sybil_17,325.67,801.6,4.5449,-10.8775,270.0,C4B4,4,130.12,534.69,1,5
57,sybil_18,454.82,801.6,5.8655,2.3337,270.0,D4C4,8,38.7,493.67,1,6
57,sybil_19,454.82,801.6,10.3117,-2.8052,270.0,D4C4,8,38.7,493.67,1,6
57,sybil_2,434.87,198.4,0.0,-24.4698,270.0,D1C1,9,79.85,585.32,1,0
57,sybil_20,454.82,801.6,9.0466,-2.0931,270.0,D4C4,8,38.7,493.67,1,6
57,sybil_21,591.57,801.6,0.0,-7.5943,276.13,D4C4,7,146.68,480.82,1,7
57,sybil_22,591.57,801.6,7.6048,-8.4349,0.0,D3D4,7,146.68,480.82,1,7
57,sybil_23,591.57,801.6,0.0,-9.1432,0.0,D3D4,7,146.68,480.82,1,7
57,sybil_24,448.99,601.6,17.9176,-6.9712,270.0,D3C3,2,1.89,463.82,1,8
57,sybil_25,448.99,601.6,16.8703,2.6402,270.0,D3C3,2,1.89,463.82,1,8
57,sybil_26,448.99,601.6,4.346,-13.9799,270.0,D3C3,2,1.89,463.82,1,8
57,sybil_27,614.53,601.6,0.0,-2.3218,270.0,E3D3,6,135.48,450.89,1,9
57,sybil_28,614.53,601.6,3.0891,-17.3695,270.0,E3D3,6,135.48,450.89,1,9
57,sybil_29,614.53,601.6,13.5936,0.4376,270.0,E3D3,6,135.48,450.89,1,9
57,sybil_3,439.66,201.6,9.665,-2.0497,270.0,D1C1,8,82.25,582.49,1,1
57,sybil_30,730.14,601.6,23.6631,4.6698,270.0,E3D3,5,19.92,460.34,1,10
57,sybil_31,730.14,601.6,0.989,-10.6059,270.0,E3D3,5,19.92,460.34,1,10
57,sybil_32,730.14,601.6,17.359,9.1313,90.0,D0E0,5,19.92,460.34,1,10
57,sybil_33,716.38,-1.6,2.5679,-21.9547,90.0,D0E0,7,126.16,714.89,1,11
57,sybil_34,716.38,-1.6,9.6684,-9.7458,90.0,D0E0,7,126.16,714.89,1,11
57,sybil_35,716.38,-1.6,2.8155,0.2249,90.63,D0E0,7,126.16,714.89,1,11
57,sybil_36,610.07,1.6,0.5794,-3.6281,270.0,E0D0,6,183.3,704.7,1,12
57,sybil_37,610.07,1.6,0.0,-15.5146,270.0,E0D0,6,183.3,704.7,1,12
57,sybil_38,610.07,1.6,9.8497,-5.8098,270.0,E0D0,6,183.3,704.7,1,12
57,sybil_39,677.04,1.6,7.8399,-0.6389,270.0,E0D0,7,139.08,707.95,1,13
57,sybil_4,439.66,201.6,20.7159,10.5441,270.0,D1C1,8,82.25,582.49,1,1
57,sybil_5,439.66,201.6,19.9219,-5.6837,270.0,D1C1,8,82.25,582.49,1,1
57,sybil_6,556.68,201.6,2.1997,-9.6797,270.0,D1C1,8,134.31,567.54,1,2
57,sybil_7,556.68,201.6,0.3298,-11.0518,270.0,D1C1,8,134.31,567.54,1,2
57,sybil_8,556.68,201.6,3.6703,0.0,270.0,D1C1,8,134.31,567.54,1,2
58,legit_0,603.97,797.58,6.3611,-0.2063,28.85,:D4_8,4,152.06,479.62,0,-1
58,legit_1,801.6,774.15,12.4815,-0.4231,0.0,E3E4,0,83.66,501.63,0,-1
58,legit_2,598.4,664.41,13.6011,0.2607,180.0,D4D3,10,161.78,453.99,0,-1
58,legit_4,798.4,16.4,10.0244,-2.9311,180.0,E1E0,4,114.35,716.35,0,-1
58,legit_5,679.67,1001.6,12.8281,0.3063,270.0,E5D5,0,105.32,571.9,0,-1
58,legit_6,231.7,998.4,10.3557,2.574,90.0,B5C5,0,115.47,656.5,0,-1
58,legit_7,24.18,801.6,11.9528,-0.5546,270.0,B4A4,0,131.55,711.88,0,-1
58,legit_8,298.26,198.4,11.9719,0.3609,90.0,B1C1,3,167.72,629.26,0,-1
58,sybil_0,448.74,198.4,13.9016,-8.3756,90.0,C1D1,8,78.41,582.33,1,0
58,sybil_1,448.74,198.4,5.4261,-1.9773,121.85,C1D1,8,78.41,582.33,1,0
58,sybil_16,312.27,801.6,13.4271,9.5798,270.0,C4B4,4,142.98,540.14,1,5
58,sybil_17,312.27,801.6,12.2918,7.7469,270.0,C4B4,4,142.98,540.14,1,5
58,sybil_18,443.52,801.6,21.2986,15.4331,270.0,D4C4,7,38.94,496.14,1,6
58,sybil_19,443.52,801.6,16.4445,6.1329,270.0,D4C4,7,38.94,496.14,1,6
58,sybil_2,448.74,198.4,12.1184,12.1184,270.0,D1C1,8,78.41,582.33,1,0
58,sybil_20,443.52,801.6,0.0,-9.0466,270.0,D4C4,7,38.94,496.14,1,6
58,sybil_21,582.0,801.6,8.8763,8.8763,270.0,D4C4,7,137.47,480.96,1,7
58,sybil_22,582.0,801.6,3.7725,-3.8322,0.0,D3D4,7,137.47,480.96,1,7
58,sybil_23,582.0,801.6,10.394,10.394,0.0,D3D4,7,137.47,480.96,1,7
58,sybil_24,435.36,601.6,24.5088,6.5913,270.0,D3C3,2,14.72,467.6,1,8
58,sybil_25,435.36,601.6,28.5312,11.6609,270.0,D3C3,2,14.72,467.6,1,8
58,sybil_26,435.36,601.6,19.2604,14.9144,270.0,D3C3,2,14.72,467.6,1,8
58,sybil_27,608.77,601.6,0.0,0.0,270.0,E3D3,6,141.24,450.82,1,9
58,sybil_28,608.77,601.6,2.5712,-0.5179,270.0,E3D3,6,141.24,450.82,1,9
58,sybil_29,608.77,601.6,12.0698,-1.5238,270.0,E3D3,6,141.24,450.82,1,9
58,sybil_3,430.26,201.6,0.0,-9.665,270.0,D1C1,9,83.95,584.63,1,1
58,sybil_30,717.56,601.6,8.6796,-14.9835,270.0,E3D3,6,32.48,458.57,1,10
58,sybil_31,717.56,601.6,16.8749,15.8859,270.0,E3D3,6,32.48,458.57,1,10
58,sybil_32,717.56,601.6,9.6151,-7.7439,90.0,D0E0,6,32.48,458.57,1,10
58,sybil_33,729.72,-1.6,17.3986,14.8307,90.0,D0E0,7,123.28,716.83,1,11
58,sybil_34,729.72,-1.6,15.8779,6.2095,90.0,D0E0,7,123.28,716.83,1,11
58,sybil_35,729.72,-1.6,7.5666,4.7511,90.0,D0E0,7,123.28,716.83,1,11
58,sybil_36,606.73,1.28,10.0204,9.441,266.31,:D0_5,6,186.07,704.92,1,12
58,sybil_37,606.73,1.28,1.0186,1.0186,270.0,E0D0,6,186.07,704.92,1,12
58,sybil_38,606.73,1.28,12.7414,2.8917,270.0,E0D0,6,186.07,704.92,1,12
58,sybil_39,664.06,1.6,21.3803,13.5404,270.0,E0D0,7,146.3,706.92,1,13
58,sybil_4,430.26,201.6,25.2576,4.5417,270.0,D1C1,9,83.95,584.63,1,1
58,sybil_5,430.26,201.6,8.0883,-11.8336,270.0,D1C1,9,83.95,584.63,1,1
58,sybil_6,544.65,201.6,23.0969,20.8972,270.0,D1C1,8,124.97,568.21,1,2
58,sybil_7,544.65,201.6,0.0,-0.3298,270.0,D1C1,8,124.97,568.21,1,2
58,sybil_8,544.65,201.6,0.0,-3.6703,270.0,D1C1,8,124.97,568.21,1,2
59,legit_0,610.53,798.4,6.7148,0.3537,87.29,D4E4,4,145.54,479.91,0,-1
59,legit_1,801.6,786.14,11.9895,-0.492,0.0,E3E4,0,74.59,504.56,0,-1
59,legit_2,598.4,650.65,13.7596,0.1586,180.0,D4D3,7,156.81,452.77,0,-1
59,legit_4,798.4,10.87,5.5326,-4.4918,180.0,E1E0,4,119.38,720.67,0,-1
59,legit_5,667.6,1001.6,12.0641,-0.764,270.0,E5D5,0,113.74,570.88,0,-1
59,legit_6,243.83,998.4,12.1381,1.7824,90.0,B5C5,0,124.35,650.86,0,-1
59,legit_7,14.17,801.6,10.017,-1.9358,270.0,B4A4,0,141.16,719.68,0,-1
59,legit_8,310.09,198.4,11.8295,-0.1425,90.0,B1C1,3,160.38,624.6,0,-1
59,sybil_0,462.26,198.4,7.6949,-6.2067,90.0,C1D1,8,79.35,579.73,1,0
59,sybil_1,462.26,198.4,0.0,-5.4261,90.0,C1D1,8,79.35,579.73,1,0
59,sybil_16,298.94,801.6,20.4494,7.0223,270.0,C4B4,4,153.81,545.74,1,5
59,sybil_17,298.94,801.6,7.1775,-5.1144,270.0,C4B4,4,153.81,545.74,1,5
59,sybil_18,431.99,801.6,12.2469,-9.0517,270.0,D4C4,7,42.41,498.96,1,6
59,sybil_19,431.99,801.6,25.667,9.2225,270.0,D4C4,7,42.41,498.96,1,6
59,sybil_2,462.26,198.4,15.5329,3.4145,270.0,D1C1,8,79.35,579.73,1,0
59,sybil_20,431.99,801.6,2.6636,2.6636,270.0,D4C4,7,42.41,498.96,1,6
59,sybil_21,570.78,801.6,6.8417,-2.0346,270.0,D4C4,6,126.73,481.26,1,7
59,sybil_22,570.78,801.6,2.3035,-1.469,0.0,D3D4,6,126.73,481.26,1,7
59,sybil_23,570.78,801.6,22.2956,11.9017,0.0,D3D4,6,126.73,481.26,1,7
59,sybil_24,421.7,601.6,9.1283,-15.3805,270.0,D3C3,2,28.34,471.64,1,8
59,sybil_25,421.7,601.6,7.3189,-21.2122,270.0,D3C3,2,28.34,471.64,1,8
59,sybil_26,421.7,601.6,2.7675,-16.4928,270.0,D3C3,2,28.34,471.64,1,8
59,sybil_27,601.32,601.6,0.0,0.0,270.0,:D3_5,6,148.69,450.78,1,9
59,sybil_28,601.32,601.6,27.801,25.2298,270.0,E3D3,6,148.69,450.78,1,9
59,sybil_29,601.32,601.6,8.6103,-3.4595,270.0,E3D3,6,148.69,450.78,1,9
59,sybil_3,422.67,201.6,7.8912,7.8912,270.0,D1C1,9,86.06,586.47,1,1
59,sybil_30,705.46,601.6,8.0273,-0.6523,270.0,E3D3,6,44.57,457.04,1,10
59,sybil_31,705.46,601.6,9.9058,-6.969,270.0,E3D3,6,44.57,457.04,1,10
59,sybil_32,705.46,601.6,16.6838,7.0687,90.0,:E0_6,6,44.57,457.04,1,10
59,sybil_33,743.12,-1.6,2.2994,-15.0992,90.0,D0E0,7,121.79,719.0,1,11
59,sybil_34,743.12,-1.6,8.0181,-7.8598,90.0,D0E0,7,121.79,719.0,1,11
59,sybil_35,743.12,-1.6,17.4644,9.8978,90.0,D0E0,7,121.79,719.0,1,11
59,sybil_36,605.8,-0.4,0.0,-10.0204,241.05,:D0_9,6,187.86,706.25,1,12
59,sybil_37,605.8,-0.4,0.0,-1.0186,270.0,E0D0,6,187.86,706.25,1,12
59,sybil_38,605.8,-0.4,0.0,-12.7414,270.0,E0D0,6,187.86,706.25,1,12
59,sybil_39,651.31,1.6,23.1518,1.7715,270.0,E0D0,7,154.14,706.1,1,13
59,sybil_4,422.67,201.6,23.8061,-1.4516,270.0,D1C1,9,86.06,586.47,1,1
59,sybil_5,422.67,201.6,17.4112,9.3228,270.0,D1C1,9,86.06,586.47,1,1
59,sybil_6,532.03,201.6,18.7652,-4.3317,270.0,D1C1,8,115.7,569.1,1,2
59,sybil_7,532.03,201.6,0.862,0.862,270.0,D1C1,8,115.7,569.1,1,2
59,sybil_8,532.03,201.6,11.432,11.432,270.0,D1C1,8,115.7,569.1,1,2
60,legit_0,618.71,798.4,8.1713,1.4565,90.0,D4E4,3,137.73,480.04,0,-1
60,legit_10,787.7,201.6,0.0,0.0,270.0,E1D1,0,89.89,589.12,0,-1
60,legit_2,598.4,637.07,13.5841,-0.1755,180.0,D4D3,6,152.96,451.85,0,-1
60,legit_4,798.14,5.35,5.5328,0.0001,183.03,:E0_0,3,124.34,724.93,0,-1
60,legit_5,655.8,1001.6,11.803,-0.2611,270.0,E5D5,0,122.56,570.05,0,-1
60,legit_6,256.85,998.4,13.0122,0.8741,90.0,B5C5,0,134.44,645.0,0,-1
60,legit_7,8.65,801.6,5.517,-4.5,270.0,B4A4,0,146.47,724.0,0,-1
60,legit_8,321.31,198.4,11.2167,-0.6128,90.0,B1C1,3,150.69,620.31,0,-1
60,sybil_0,475.21,198.4,15.2333,7.5384,90.0,C1D1,9,82.35,577.53,1,0
60,sybil_1,475.21,198.4,2.802,2.802,90.0,C1D1,9,82.35,577.53,1,0
60,sybil_16,286.29,801.6,20.5131,0.0637,270.0,C4B4,4,141.6,551.24,1,5
60,sybil_17,286.29,801.6,7.3563,0.1788,270.0,C4B4,4,141.6,551.24,1,5
60,sybil_18,420.75,801.6,26.6074,14.3606,270.0,D4C4,7,48.27,501.98,1,6
60,sybil_19,420.75,801.6,12.784,-12.883,270.0,D4C4,7,48.27,501.98,1,6
60,sybil_2,475.21,198.4,5.8163,-9.7166,260.56,:C1_7,9,82.35,577.53,1,0
60,sybil_20,420.75,801.6,10.2151,7.5515,270.0,D4C4,7,48.27,501.98,1,6
60,sybil_21,557.8,801.6,10.659,3.8173,270.0,D4C4,6,114.44,481.78,1,7
60,sybil_22,557.8,801.6,0.0,-2.3035,356.78,:D4_10,6,114.44,481.78,1,7
60,sybil_23,557.8,801.6,4.6264,-17.6693,0.0,D3D4,6,114.44,481.78,1,7
60,sybil_24,412.54,601.6,16.8006,7.6723,270.0,D3C3,2,37.49,474.46,1,8
60,sybil_25,412.54,601.6,5.5276,-1.7913,270.0,D3C3,2,37.49,474.46,1,8
60,sybil_26,412.54,601.6,5.4324,2.6648,270.0,D3C3,2,37.49,474.46,1,8
60,sybil_27,592.33,601.6,9.7615,9.7615,270.0,D3C3,6,142.34,450.81,1,9
60,sybil_28,592.33,601.6,16.5581,-11.2429,270.0,E3D3,6,142.34,450.81,1,9
60,sybil_29,592.33,601.6,1.5432,-7.0671,270.0,E3D3,6,142.34,450.81,1,9
60,sybil_3,418.09,201.6,2.3758,-5.5154,270.0,D1C1,9,87.62,587.62,1,1
60,sybil_30,692.79,601.6,2.1567,-5.8706,270.0,E3D3,6,57.23,455.62,1,10
60,sybil_31,692.79,601.6,18.2241,8.3183,270.0,E3D3,6,57.23,455.62,1,10
60,sybil_32,692.79,601.6,9.7059,-6.9779,90.0,E0F0,6,57.23,455.62,1,10
60,sybil_33,755.63,-1.6,9.5154,7.2159,90.0,D0E0,7,121.73,721.25,1,11
60,sybil_34,755.63,-1.6,19.2577,11.2396,90.0,D0E0,7,121.73,721.25,1,11
60,sybil_35,755.63,-1.6,2.36,-15.1044,90.0,D0E0,7,121.73,721.25,1,11
60,sybil_36,608.0,-1.6,5.4399,5.4399,157.77,D0E0,6,186.95,707.23,1,12
60,sybil_37,608.0,-1.6,5.1626,5.1626,270.0,E0D0,6,186.95,707.23,1,12
60,sybil_38,608.0,-1.6,0.0,0.0,270.0,E0D0,6,186.95,707.23,1,12
60,sybil_39,642.32,1.6,17.1702,-5.9816,270.0,E0D0,6,160.04,705.63,1,13
60,sybil_4,418.09,201.6,15.7787,-8.0274,270.0,D1C1,9,87.62,587.62,1,1
60,sybil_5,418.09,201.6,0.0,-17.4112,270.0,D1C1,9,87.62,587.62,1,1
60,sybil_6,519.3,201.6,16.925,-1.8403,270.0,D1C1,9,107.05,570.2,1,2
60,sybil_7,519.3,201.6,13.4261,12.5642,270.0,D1C1,9,107.05,570.2,1,2
60,sybil_8,519.3,201.6,10.6728,-0.7592,270.0,D1C1,9,107.05,570.2,1,2
60,sybil_9,590.2,201.6,0.0,0.0,270.0,D1C1,6,162.22,566.55,1,3
61,legit_0,629.31,798.4,10.6016,2.4303,90.0,D4E4,3,127.66,480.33,0,-1
61,legit_10,786.4,201.6,1.3046,1.3046,270.0,E1D1,0,89.35,588.77,0,-1
61,legit_2,598.4,624.15,12.9191,-0.665,180.0,D4D3,6,150.35,451.23,0,-1
61,legit_4,793.95,1.76,6.0057,0.4729,235.85,:E0_0,3,126.14,726.74,0,-1
61,legit_5,643.8,1001.6,12.0016,0.1986,270.0,E5D5,0,132.0,569.38,0,-1
61,legit_6,269.69,998.4,12.8474,-0.1648,90.0,B5C5,0,144.86,639.39,0,-1
61,legit_7,3.32,802.81,5.5958,0.0788,284.34,:A4_3,0,151.33,728.49,0,-1
61,legit_8,332.38,198.4,11.0719,-0.1448,90.0,B1C1,3,141.35,616.21,0,-1
61,sybil_0,488.72,198.4,3.7547,-11.4786,90.0,C1D1,9,87.44,575.53,1,0
61,sybil_1,488.72,198.4,12.1624,9.3603,90.0,C1D1,9,87.44,575.53,1,0
61,sybil_16,272.82,801.6,25.1434,4.6303,270.0,C4B4,4,128.68,557.27,1,5
61,sybil_17,272.82,801.6,2.4906,-4.8657,270.0,C4B4,4,128.68,557.27,1,5
61,sybil_18,412.83,801.6,7.1531,-19.4544,270.0,D4C4,7,53.44,504.25,1,6
61,sybil_19,412.83,801.6,6.5147,-6.2693,270.0,D4C4,7,53.44,504.25,1,6
61,sybil_2,488.72,198.4,2.8478,-2.9685,204.8,:C1_7,9,87.44,575.53,1,0
61,sybil_20,412.83,801.6,26.5188,16.3037,270.0,D4C4,7,53.44,504.25,1,6
61,sybil_21,544.99,801.6,15.8452,5.1862,270.0,D4C4,6,102.46,482.48,1,7
61,sybil_22,544.99,801.6,24.2148,24.2148,331.38,:D4_18,6,102.46,482.48,1,7
61,sybil_23,544.99,801.6,8.4875,3.8612,0.0,D3D4,6,102.46,482.48,1,7
61,sybil_24,407.89,601.6,4.5984,-12.2022,270.0,D3C3,2,42.14,475.94,1,8
61,sybil_25,407.89,601.6,8.6754,3.1478,270.0,D3C3,2,42.14,475.94,1,8
61,sybil_26,407.89,601.6,8.8898,3.4574,270.0,D3C3,2,42.14,475.94,1,8
61,sybil_27,581.82,601.6,31.5762,21.8147,270.0,D3C3,6,131.83,450.96,1,9
61,sybil_28,581.82,601.6,2.0114,-14.5467,270.0,E3D3,6,131.83,450.96,1,9
61,sybil_29,581.82,601.6,20.0388,18.4955,270.0,E3D3,6,131.83,450.96,1,9
61,sybil_3,414.27,201.6,12.8513,10.4755,270.0,D1C1,9,89.08,588.6,1,1
61,sybil_30,680.65,601.6,0.0378,-2.1189,270.0,E3D3,6,69.37,454.43,1,10
61,sybil_31,680.65,601.6,25.9378,7.7137,270.0,E3D3,6,69.37,454.43,1,10
61,sybil_32,680.65,601.6,16.4516,6.7457,90.0,E0F0,6,69.37,454.43,1,10
61,sybil_33,768.61,-1.6,18.2608,8.7454,90.0,D0E0,4,123.02,723.8,1,11
61,sybil_34,768.61,-1.6,11.7176,-7.54,90.0,D0E0,4,123.02,723.8,1,11
61,sybil_35,768.61,-1.6,16.2013,13.8413,90.0,D0E0,4,123.02,723.8,1,11
61,sybil_36,612.15,-1.6,16.3817,10.9417,90.3,D0E0,3,183.82,707.28,1,12
61,sybil_37,612.15,-1.6,10.5134,5.3508,270.0,E0D0,3,183.82,707.28,1,12
61,sybil_38,612.15,-1.6,0.0,0.0,270.0,E0D0,3,183.82,707.28,1,12
61,sybil_39,634.62,1.6,3.6579,-13.5122,270.0,E0D0,6,165.32,705.3,1,13
61,sybil_4,414.27,201.6,16.1172,0.3385,270.0,D1C1,9,89.08,588.6,1,1
61,sybil_5,414.27,201.6,17.4183,17.4183,270.0,D1C1,9,89.08,588.6,1,1
61,sybil_6,506.41,201.6,0.0,-16.925,270.0,D1C1,9,99.2,571.54,1,2
61,sybil_7,506.41,201.6,17.6725,4.2463,270.0,D1C1,9,99.2,571.54,1,2
61,sybil_8,506.41,201.6,2.7319,-7.9409,270.0,D1C1,9,99.2,571.54,1,2
61,sybil_9,588.41,201.6,0.0,0.0,270.0,D1C1,6,160.67,566.57,1,3
62,legit_0,642.03,798.4,12.7261,2.1245,90.0,D4E4,3,115.7,480.85,0,-1
62,legit_10,783.43,201.6,2.9624,1.6578,270.0,E1D1,0,88.18,588.01,0,-1
62,legit_2,598.4,612.79,11.3551,-1.5641,180.0,D4D3,6,148.95,450.9,0,-1
62,legit_4,787.63,1.6,6.3228,0.3171,270.0,E0D0,3,124.24,725.4,0,-1
62,legit_5,631.22,1001.6,12.576,0.5743,270.0,E5D5,0,142.32,568.85,0,-1
62,legit_6,282.66,998.4,12.9683,0.1209,90.0,B5C5,0,155.75,633.9,0,-1
62,legit_7,1.6,807.76,5.4437,-0.152,343.84,A4A5,0,151.86,731.05,0,-1
62,legit_8,344.49,198.4,12.1049,1.033,90.0,B1C1,6,131.45,611.88,0,-1
62,sybil_0,501.83,198.4,16.2999,12.5452,90.0,C1D1,9,93.99,573.85,1,0
62,sybil_1,501.83,198.4,14.4402,2.2778,90.0,C1D1,9,93.99,573.85,1,0
62,sybil_16,259.51,801.6,15.8778,-9.2656,270.0,C4B4,4,116.04,563.41,1,5
62,sybil_17,259.51,801.6,4.5096,2.019,270.0,C4B4,4,116.04,563.41,1,5
62,sybil_18,408.71,801.6,8.6467,1.4936,270.0,D4C4,7,56.39,505.47,1,6
62,sybil_19,408.71,801.6,13.365,6.8502,270.0,D4C4,7,56.39,505.47,1,6
62,sybil_2,501.83,198.4,0.0,-2.8478,114.12,C1D1,9,93.99,573.85,1,0
62,sybil_20,408.71,801.6,25.5372,-0.9817,270.0,D4C4,7,56.39,505.47,1,6
62,sybil_21,532.29,801.6,13.8867,-1.9585,270.0,D4C4,6,90.81,483.38,1,7
62,sybil_22,532.29,801.6,0.0,-24.2148,284.83,:D4_18,6,90.81,483.38,1,7
62,sybil_23,532.29,801.6,18.4384,9.9509,0.0,D3D4,6,90.81,483.38,1,7
62,sybil_24,402.89,603.19,17.5154,12.9169,289.13,:C3_4,2,47.22,477.55,1,8
62,sybil_25,402.89,603.19,21.6998,13.0244,270.0,D3C3,2,47.22,477.55,1,8
62,sybil_26,402.89,603.19,5.2914,-3.5985,270.0,D3C3,2,47.22,477.55,1,8
62,sybil_27,570.79,601.6,17.0159,-14.5603,270.0,D3C3,6,120.8,451.25,1,9
62,sybil_28,570.79,601.6,5.2362,3.2248,270.0,E3D3,6,120.8,451.25,1,9
62,sybil_29,570.79,601.6,16.2516,-3.7872,270.0,E3D3,6,120.8,451.25,1,9
62,sybil_3,411.55,201.6,14.2725,1.4211,270.0,D1C1,9,90.2,589.31,1,1
62,sybil_30,668.68,601.6,12.3593,12.3215,270.0,E3D3,6,81.34,453.42,1,10
62,sybil_31,668.68,601.6,17.6282,-8.3096,270.0,E3D3,6,81.34,453.42,1,10
62,sybil_32,668.68,601.6,20.3389,3.8873,90.0,E0F0,6,81.34,453.42,1,10
62,sybil_33,781.17,-1.6,6.9277,-11.3331,90.0,D0E0,3,125.53,726.48,1,11
62,sybil_34,781.17,-1.6,8.5145,-3.2031,90.0,D0E0,3,125.53,726.48,1,11
62,sybil_35,781.17,-1.6,6.589,-9.6123,90.0,D0E0,3,125.53,726.48,1,11
62,sybil_36,618.85,-1.6,9.4866,-6.8951,90.0,D0E0,3,178.85,707.39,1,12
62,sybil_37,618.85,-1.6,10.986,0.4726,262.75,:D0_5,3,178.85,707.39,1,12
62,sybil_38,618.85,-1.6,2.5062,2.5062,270.0,E0D0,3,178.85,707.39,1,12
62,sybil_39,629.55,1.6,0.0,-3.6579,270.0,E0D0,3,168.9,705.12,1,13
62,sybil_4,411.55,201.6,10.132,-5.9852,270.0,D1C1,9,90.2,589.31,1,1
62,sybil_5,411.55,201.6,14.2334,-3.1849,270.0,D1C1,9,90.2,589.31,1,1
62,sybil_6,494.15,201.6,12.1865,12.1865,270.0,D1C1,10,92.78,573.02,1,2
62,sybil_7,494.15,201.6,5.7898,-11.8826,270.0,D1C1,10,92.78,573.02,1,2
62,sybil_8,494.15,201.6,3.2823,0.5504,270.0,D1C1,10,92.78,573.02,1,2
62,sybil_9,584.93,201.6,16.6252,16.6252,270.0,D1C1,6,157.68,566.62,1,3
63,legit_0,655.11,798.4,13.0811,0.3551,90.0,D4E4,3,103.6,481.57,0,-1
63,legit_10,778.5,201.6,4.9308,1.9684,270.0,E1D1,0,86.43,586.76,0,-1
63,legit_2,598.58,605.95,6.8551,-4.5,177.95,:D3_2,6,148.7,450.8,0,-1
63,legit_4,779.01,1.6,8.6284,2.3056,270.0,E0D0,3,121.9,723.46,0,-1
63,legit_5,618.8,1001.6,12.4273,-0.1487,270.0,E5D5,0,152.84,568.51,0,-1
63,legit_6,296.4,998.4,13.7401,0.7718,90.0,B5C5,0,167.61,628.27,0,-1
63,legit_7,1.6,815.52,7.7564,2.3126,0.0,A4A5,0,150.41,733.01,0,-1
63,legit_8,356.09,198.4,11.602,-0.5029,90.0,B1C1,6,122.33,607.89,0,-1
63,sybil_0,514.55,198.4,16.1147,-0.1853,90.0,C1D1,10,101.55,572.46,1,0
63,sybil_1,514.55,198.4,16.3855,1.9453,90.0,C1D1,10,101.55,572.46,1,0
63,sybil_10,591.4,201.6,11.2291,0.0,270.0,D1C1,7,163.26,566.54,1,3
63,sybil_16,246.83,801.6,10.0176,-5.8602,270.0,C4B4,1,104.17,569.43,1,5
63,sybil_17,246.83,801.6,16.7452,12.2356,270.0,C4B4,1,104.17,569.43,1,5
63,sybil_18,402.32,801.6,22.4286,13.7819,270.0,:C4_5,5,61.22,507.41,1,6
63,sybil_19,402.32,801.6,8.1228,-5.2421,270.0,D4C4,5,61.22,507.41,1,6
63,sybil_2,514.55,198.4,18.1173,18.1173,90.0,C1D1,10,101.55,572.46,1,0
63,sybil_20,402.32,801.6,8.313,-17.2241,270.0,D4C4,5,61.22,507.41,1,6
63,sybil_21,520.36,801.6,16.1966,2.3099,270.0,D4C4,6,80.16,484.39,1,7
63,sybil_22,520.36,801.6,6.4264,6.4264,270.0,D4C4,6,80.16,484.39,1,7
63,sybil_23,520.36,801.6,2.9508,-15.4877,355.62,:D4_10,6,80.16,484.39,1,7
63,sybil_24,401.6,609.44,1.8339,-15.6815,354.23,C3C4,2,49.31,478.05,1,8
63,sybil_25,401.6,609.44,12.9357,-8.7641,270.0,D3C3,2,49.31,478.05,1,8
63,sybil_26,401.6,609.44,26.4656,21.1742,270.0,D3C3,2,49.31,478.05,1,8
63,sybil_27,559.92,601.6,3.5667,-13.4492,270.0,D3C3,6,109.93,451.67,1,9
63,sybil_28,559.92,601.6,6.5893,1.3531,270.0,E3D3,6,109.93,451.67,1,9
63,sybil_29,559.92,601.6,13.4341,-2.8175,270.0,E3D3,6,109.93,451.67,1,9
63,sybil_3,407.57,201.6,2.5505,-11.722,270.0,D1C1,9,91.97,590.38,1,1
63,sybil_30,656.04,601.6,2.4151,-9.9442,270.0,E3D3,6,93.97,452.54,1,10
63,sybil_31,656.04,601.6,13.2933,-4.335,270.0,E3D3,6,93.97,452.54,1,10
63,sybil_32,656.04,601.6,22.0533,1.7144,90.0,E0F0,6,93.97,452.54,1,10
63,sybil_33,794.55,-1.6,18.5609,11.6332,90.0,:E0_6,3,129.5,729.55,1,11
63,sybil_34,794.55,-1.6,12.5483,4.0337,90.0,D0E0,3,129.5,729.55,1,11
63,sybil_35,794.55,-1.6,18.0892,11.5002,90.0,D0E0,3,129.5,729.55,1,11
63,sybil_36,627.02,-1.6,0.0,-9.4866,90.0,D0E0,3,172.95,707.6,1,12
63,sybil_37,627.02,-1.6,1.9391,-9.0468,198.5,:D0_9,3,172.95,707.6,1,12
63,sybil_38,627.02,-1.6,2.8139,0.3077,270.0,E0D0,3,172.95,707.6,1,12
63,sybil_39,625.52,1.6,14.3096,14.3096,270.0,E0D0,3,171.8,705.0,1,13
63,sybil_4,407.57,201.6,12.8365,2.7045,270.0,D1C1,9,91.97,590.38,1,1
63,sybil_5,407.57,201.6,1.2427,-12.9907,270.0,D1C1,9,91.97,590.38,1,1
63,sybil_6,480.73,201.6,11.6545,-0.532,270.0,D1C1,11,87.19,574.9,1,2
63,sybil_7,480.73,201.6,25.1518,19.362,270.0,D1C1,11,87.19,574.9,1,2
63,sybil_8,480.73,201.6,18.8134,15.5311,270.0,D1C1,11,87.19,574.9,1,2
63,sybil_9,591.4,201.6,0.1175,-16.5078,270.0,D1C1,7,163.26,566.54,1,3
64,legit_0,668.31,798.4,13.1992,0.1181,90.0,D4E4,0,91.67,482.51,0,-1
64,legit_10,771.66,201.6,6.8373,1.9065,270.0,E1D1,0,84.43,585.09,0,-1
64,legit_2,602.33,599.56,7.8585,1.0034,137.76,:D3_16,6,147.67,450.78,0,-1
64,legit_4,767.81,1.6,11.1965,2.5681,270.0,E0D0,7,119.73,721.09,0,-1
64,legit_5,606.59,1001.6,12.2053,-0.222,270.0,:D5_0,0,163.44,568.34,0,-1
64,legit_6,309.17,998.4,12.7666,-0.9735,90.0,B5C5,0,162.76,623.22,0,-1
64,legit_7,1.6,824.96,9.4431,1.6867,0.0,A4A5,0,149.16,735.49,0,-1
64,legit_8,367.75,198.4,11.6633,0.0613,90.0,B1C1,6,113.63,604.02,0,-1
64,sybil_0,527.61,198.4,4.5933,-11.5214,90.0,C1D1,10,110.32,571.26,1,0
64,sybil_1,527.61,198.4,24.9993,8.6138,90.0,C1D1,10,110.32,571.26,1,0
64,sybil_10,589.12,201.6,18.0277,6.7985,270.0,D1C1,7,161.29,566.56,1,3
64,sybil_16,233.94,801.6,10.5286,0.511,270.0,C4B4,1,92.3,575.74,1,5
64,sybil_17,233.94,801.6,21.0694,4.3243,270.0,C4B4,1,92.3,575.74,1,5
64,sybil_18,393.52,801.6,5.9807,-16.4479,270.0,:C4_5,5,68.29,510.18,1,6
64,sybil_19,393.52,801.6,14.8581,6.7353,270.0,D4C4,5,68.29,510.18,1,6
64,sybil_2,527.61,198.4,1.963,-16.1543,90.0,C1D1,10,110.32,571.26,1,0
64,sybil_20,393.52,801.6,14.8796,6.5666,270.0,D4C4,5,68.29,510.18,1,6
64,sybil_21,508.47,801.6,0.61,-15.5867,270.0,D4C4,5,69.95,485.58,1,7
64,sybil_22,508.47,801.6,3.5862,-2.8402,270.0,D4C4,5,69.95,485.58,1,7
64,sybil_23,508.47,801.6,3.2772,0.3264,324.72,:D4_18,5,69.95,485.58,1,7
64,sybil_24,401.6,617.95,18.8076,16.9737,0.0,C3C4,5,51.62,478.29,1,8
64,sybil_25,401.6,617.95,11.6298,-1.3058,270.0,D3C3,5,51.62,478.29,1,8
64,sybil_26,401.6,617.95,16.4579,-10.0077,270.0,D3C3,5,51.62,478.29,1,8
64,sybil_27,549.42,601.6,9.7408,6.1741,270.0,D3C3,9,99.43,452.21,1,9
64,sybil_28,549.42,601.6,12.152,5.5627,270.0,E3D3,9,99.43,452.21,1,9
64,sybil_29,549.42,601.6,0.0,-13.4341,270.0,E3D3,9,99.43,452.21,1,9
64,sybil_3,405.9,199.39,7.3176,4.7671,236.07,:C1_7,9,90.82,592.04,1,1
64,sybil_30,643.73,601.6,15.5484,13.1333,270.0,E3D3,6,106.28,451.85,1,10
64,sybil_31,643.73,601.6,12.7841,-0.5091,270.0,E3D3,6,106.28,451.85,1,10
64,sybil_32,643.73,601.6,13.6631,-8.3902,90.0,E0F0,6,106.28,451.85,1,10
64,sybil_33,807.92,-1.6,4.2922,-14.2687,90.0,E0F0,3,134.69,732.84,1,11
64,sybil_34,807.92,-1.6,6.9865,-5.5618,90.0,D0E0,3,134.69,732.84,1,11
64,sybil_35,807.92,-1.6,3.2012,-14.888,90.0,D0E0,3,134.69,732.84,1,11
64,sybil_36,637.67,-1.6,6.2263,6.2263,90.0,D0E0,4,165.54,707.98,1,12
64,sybil_37,637.67,-1.6,0.0,-1.9391,110.0,D0E0,4,165.54,707.98,1,12
64,sybil_38,637.67,-1.6,5.6321,2.8182,270.0,E0D0,4,165.54,707.98,1,12
64,sybil_39,622.38,1.6,5.8177,-8.4919,270.0,E0D0,4,174.08,704.92,1,13
64,sybil_4,405.9,199.39,0.0,-12.8365,270.0,D1C1,9,90.82,592.04,1,1
64,sybil_5,405.9,199.39,26.306,25.0633,270.0,D1C1,9,90.82,592.04,1,1
64,sybil_6,467.85,201.6,0.0,-11.6545,270.0,D1C1,11,83.53,576.98,1,2
64,sybil_7,467.85,201.6,12.1562,-12.9957,270.0,D1C1,11,83.53,576.98,1,2
64,sybil_8,467.85,201.6,23.2231,4.4097,270.0,D1C1,11,83.53,576.98,1,2
64,sybil_9,589.12,201.6,0.0,-0.1175,270.0,D1C1,7,161.29,566.56,1,3
65,legit_0,681.19,798.4,12.8803,-0.3189,90.0,D4E4,0,80.4,483.63,0,-1
65,legit_10,762.36,201.6,9.3054,2.4681,270.0,E1D1,0,82.53,582.94,0,-1
65,legit_2,610.05,598.4,7.9312,0.0727,93.49,D3E3,6,139.96,450.83,0,-1
65,legit_4,755.03,1.6,12.7751,1.5785,270.0,E0D0,7,118.51,718.58,0,-1
65,legit_5,594.74,1001.6,11.8504,-0.3548,270.0,:D5_0,0,164.61,568.33,0,-1
65,legit_6,322.9,998.4,13.7299,0.9632,90.0,B5C5,0,151.04,617.97,0,-1
65,legit_7,1.6,836.14,11.1801,1.737,0.0,A4A5,0,148.45,738.56,0,-1
65,legit_8,378.94,198.4,11.1865,-0.4768,90.0,B1C1,6,105.81,600.47,0,-1
65,sybil_0,541.08,198.4,8.6948,4.1015,90.0,C1D1,10,120.18,570.25,1,0
65,sybil_1,541.08,198.4,9.6807,-15.3186,90.0,C1D1,10,120.18,570.25,1,0
65,sybil_10,585.11,201.6,12.1922,-5.8355,270.0,D1C1,7,157.84,566.62,1,3
65,sybil_16,221.1,801.6,3.8761,-6.6525,270.0,C4B4,1,80.8,582.19,1,5
65,sybil_17,221.1,801.6,16.6754,-4.3941,270.0,C4B4,1,80.8,582.19,1,5
65,sybil_18,382.72,801.6,12.497,6.5163,270.0,C4B4,5,77.47,513.71,1,6
65,sybil_19,382.72,801.6,17.626,2.7679,270.0,D4C4,5,77.47,513.71,1,6
65,sybil_2,541.08,198.4,5.6743,3.7113,90.0,C1D1,10,120.18,570.25,1,0
65,sybil_20,382.72,801.6,0.1826,-14.697,270.0,D4C4,5,77.47,513.71,1,6
65,sybil_21,496.39,801.6,3.0917,2.4818,270.0,D4C4,5,60.22,486.98,1,7
65,sybil_22,496.39,801.6,0.0,-3.5862,270.0,D4C4,5,60.22,486.98,1,7
65,sybil_23,496.39,801.6,4.7262,1.449,274.98,D4C4,5,60.22,486.98,1,7
65,sybil_24,401.6,628.15,4.8664,-13.9412,0.0,C3C4,5,55.99,478.76,1,8
65,sybil_25,401.6,628.15,19.7033,8.0735,270.0,D3C3,5,55.99,478.76,1,8
65,sybil_26,401.6,628.15,14.5686,-1.8893,270.0,D3C3,5,55.99,478.76,1,8
65,sybil_27,538.15,601.6,7.823,-1.9178,270.0,D3C3,9,88.17,452.92,1,9
65,sybil_28,538.15,601.6,10.5597,-1.5923,270.0,:D3_5,9,88.17,452.92,1,9
65,sybil_29,538.15,601.6,0.0,0.0,270.0,E3D3,9,88.17,452.92,1,9
65,sybil_3,409.34,198.4,0.0,-7.3176,120.55,C1D1,9,88.32,591.66,1,1
65,sybil_30,633.24,601.6,9.7342,-5.8142,270.0,E3D3,6,116.77,451.39,1,10
65,sybil_31,633.24,601.6,19.3601,6.576,270.0,E3D3,6,116.77,451.39,1,10
65,sybil_32,633.24,601.6,16.5053,2.8421,90.0,E0F0,6,116.77,451.39,1,10
65,sybil_33,820.78,-1.6,7.1504,2.8582,90.0,E0F0,3,140.7,736.21,1,11
65,sybil_34,820.78,-1.6,7.5379,0.5514,90.0,D0E0,3,140.7,736.21,1,11
65,sybil_35,820.78,-1.6,0.1623,-3.0389,90.0,D0E0,3,140.7,736.21,1,11
65,sybil_36,650.73,-1.6,2.2875,-3.9388,90.0,D0E0,4,156.98,708.62,1,12
65,sybil_37,650.73,-1.6,3.0157,3.0157,90.0,D0E0,4,156.98,708.62,1,12
65,sybil_38,650.73,-1.6,3.3263,-2.3058,270.0,E0D0,4,156.98,708.62,1,12
65,sybil_39,619.58,1.6,6.243,0.4253,270.0,E0D0,4,176.15,704.85,1,13
65,sybil_4,409.34,198.4,0.0,0.0,270.0,D1C1,9,88.32,591.66,1,1
65,sybil_5,409.34,198.4,10.6194,-15.6866,270.0,D1C1,9,88.32,591.66,1,1
65,sybil_6,454.92,201.6,7.622,7.622,270.0,D1C1,11,81.75,579.34,1,2
65,sybil_7,454.92,201.6,23.2965,11.1404,270.0,D1C1,11,81.75,579.34,1,2
65,sybil_8,454.92,201.6,19.7046,-3.5185,270.0,D1C1,11,81.75,579.34,1,2
65,sybil_9,585.11,201.6,6.7034,6.7034,270.0,D1C1,7,157.84,566.62,1,3
66,legit_0,694.93,798.4,13.7352,0.8548,90.0,D4E4,0,69.02,485.06,0,-1
66,legit_10,751.54,201.6,10.8186,1.5132,270.0,E1D1,0,81.61,580.63,0,-1
66,legit_11,601.6,412.3,0.0,0.0,0.0,D2D3,0,157.35,476.85,0,-1
66,legit_2,620.54,598.4,10.4901,2.5589,90.0,D3E3,6,129.47,451.01,0,-1
66,legit_4,741.57,1.6,13.4696,0.6946,270.0,E0D0,7,118.7,716.18,0,-1
66,legit_5,582.22,1001.6,12.5168,0.6664,270.0,D5C5,0,153.72,568.49,0,-1
66,legit_6,335.5,998.4,12.6011,-1.1288,90.0,B5C5,0,140.6,613.33,0,-1
66,legit_7,1.6,848.46,12.3186,1.1385,0.0,A4A5,0,148.64,742.12,0,-1
66,legit_8,388.01,198.4,9.0667,-2.1198,90.0,B1C1,6,99.95,597.71,0,-1
66,sybil_0,554.51,198.4,4.6276,-4.0672,90.0,C1D1,11,130.65,569.46,1,0
66,sybil_1,554.51,198.4,28.5371,18.8564,90.0,C1D1,11,130.65,569.46,1,0
66,sybil_10,579.01,201.6,22.0927,9.9005,270.0,D1C1,8,152.65,566.74,1,3
66,sybil_11,579.01,201.6,0.0,0.0,270.0,D1C1,8,152.65,566.74,1,3
66,sybil_16,212.36,801.6,27.0353,23.1592,270.0,C4B4,1,73.23,586.69,1,5
66,sybil_17,212.36,801.6,10.4,-6.2753,270.0,C4B4,1,73.23,586.69,1,5
66,sybil_18,372.26,801.6,30.2665,17.7695,270.0,C4B4,5,86.7,517.28,1,6
66,sybil_19,372.26,801.6,10.9974,-6.6286,270.0,D4C4,5,86.7,517.28,1,6
66,sybil_2,554.51,198.4,4.128,-1.5463,90.0,C1D1,11,130.65,569.46,1,0
66,sybil_20,372.26,801.6,8.963,8.7804,270.0,D4C4,5,86.7,517.28,1,6
66,sybil_21,485.56,801.6,17.736,14.6443,270.0,D4C4,5,52.33,488.42,1,7
66,sybil_22,485.56,801.6,10.7079,10.7079,270.0,D4C4,5,52.33,488.42,1,7
66,sybil_23,485.56,801.6,5.3115,0.5853,270.0,D4C4,5,52.33,488.42,1,7
66,sybil_24,401.6,639.68,7.1409,2.2746,0.0,C3C4,5,62.58,479.5,1,8
66,sybil_25,401.6,639.68,6.8723,-12.831,270.0,D3C3,5,62.58,479.5,1,8
66,sybil_26,401.6,639.68,13.4608,-1.1078,270.0,D3C3,5,62.58,479.5,1,8
66,sybil_27,527.49,601.6,22.5764,14.7534,270.0,D3C3,9,77.51,453.73,1,9
66,sybil_28,527.49,601.6,2.8043,-7.7554,270.0,:D3_5,9,77.51,453.73,1,9
66,sybil_29,527.49,601.6,0.0,0.0,270.0,E3D3,9,77.51,453.73,1,9
66,sybil_3,414.59,198.4,0.0,0.0,90.0,C1D1,9,86.03,590.27,1,1
66,sybil_30,626.05,601.6,2.557,-7.1773,270.0,E3D3,6,123.96,451.15,1,10
66,sybil_31,626.05,601.6,10.0663,-9.2938,270.0,E3D3,6,123.96,451.15,1,10
66,sybil_32,626.05,601.6,8.8646,-7.6407,90.0,E0F0,6,123.96,451.15,1,10
66,sybil_33,833.86,-1.6,13.0779,5.9275,90.0,E0F0,3,147.71,739.84,1,11
66,sybil_34,833.86,-1.6,3.1743,-4.3636,90.0,D0E0,3,147.71,739.84,1,11
66,sybil_35,833.86,-1.6,10.946,10.7838,90.0,D0E0,3,147.71,739.84,1,11
66,sybil_36,663.54,-1.6,11.6486,9.3612,90.0,D0E0,4,149.2,709.44,1,12
66,sybil_37,663.54,-1.6,0.6086,-2.4071,90.0,D0E0,4,149.2,709.44,1,12
66,sybil_38,663.54,-1.6,1.6011,-1.7252,231.89,:D0_9,4,149.2,709.44,1,12
66,sybil_39,616.18,1.6,4.6613,-1.5817,270.0,E0D0,4,178.68,704.78,1,13
66,sybil_4,414.59,198.4,9.3588,9.3588,270.0,D1C1,9,86.03,590.27,1,1
66,sybil_5,414.59,198.4,11.0059,0.3865,270.0,D1C1,9,86.03,590.27,1,1
66,sybil_6,443.77,201.6,18.3892,10.7672,270.0,D1C1,12,81.84,581.61,1,2
66,sybil_7,443.77,201.6,3.4681,-19.8285,270.0,D1C1,12,81.84,581.61,1,2
66,sybil_8,443.77,201.6,24.3098,4.6052,270.0,D1C1,12,81.84,581.61,1,2
66,sybil_9,579.01,201.6,8.5146,1.8112,270.0,D1C1,8,152.65,566.74,1,3
67,legit_0,708.49,798.4,13.5622,-0.173,90.0,D4E4,0,58.77,486.74,0,-1
67,legit_10,740.04,201.6,11.4998,0.6811,270.0,E1D1,0,82.21,578.39,0,-1
67,legit_11,601.6,414.01,1.7074,1.7074,0.0,D2D3,0,157.92,476.39,0,-1
67,legit_2,632.8,598.4,12.2617,1.7716,90.0,D3E3,6,117.21,451.38,0,-1
67,legit_4,728.61,1.6,12.958,-0.5116,270.0,E0D0,7,120.32,714.09,0,-1
67,legit_5,569.37,1001.6,12.8582,0.3414,270.0,D5C5,0,142.81,568.83,0,-1
67,legit_6,348.79,998.4,13.2923,0.6912,90.0,B5C5,0,130.01,608.63,0,-1
67,legit_7,1.6,860.35,11.8871,-0.4315,0.0,A4A5,0,149.79,745.74,0,-1
67,legit_8,392.57,198.4,4.5667,-4.5,90.0,B1C1,6,97.18,596.36,0,-1
67,sybil_0,568.17,198.4,10.6455,6.0179,90.0,C1D1,11,141.82,568.87,1,0
67,sybil_1,568.17,198.4,6.7762,-21.761,90.0,C1D1,11,141.82,568.87,1,0
67,sybil_10,570.61,201.6,16.3902,-5.7025,270.0,D1C1,11,145.62,566.97,1,3
67,sybil_11,570.61,201.6,2.0226,2.0226,270.0,D1C1,11,145.62,566.97,1,3
67,sybil_16,208.12,801.6,0.0,-27.0353,270.0,C4B4,1,69.66,588.91,1,5
67,sybil_17,208.12,801.6,10.7003,0.3002,270.0,C4B4,1,69.66,588.91,1,5
67,sybil_18,361.28,801.6,6.0364,-24.2302,270.0,C4B4,5,96.67,521.16,1,6
67,sybil_19,361.28,801.6,6.998,-3.9994,270.0,D4C4,5,96.67,521.16,1,6
67,sybil_2,568.17,198.4,9.8855,5.7575,90.0,C1D1,11,141.82,568.87,1,0
67,sybil_20,361.28,801.6,16.5866,7.6236,270.0,D4C4,5,96.67,521.16,1,6
67,sybil_21,473.11,801.6,11.6462,-6.0899,270.0,D4C4,5,44.82,490.32,1,7
67,sybil_22,473.11,801.6,23.183,12.4752,270.0,D4C4,5,44.82,490.32,1,7
67,sybil_23,473.11,801.6,4.2703,-1.0412,270.0,D4C4,5,44.82,490.32,1,7
67,sybil_24,401.6,653.48,14.6483,7.5074,0.0,C3C4,5,72.13,480.65,1,8
67,sybil_25,401.6,653.48,14.6217,7.7494,286.07,:C3_4,5,72.13,480.65,1,8
67,sybil_26,401.6,653.48,2.5502,-10.9106,270.0,D3C3,5,72.13,480.65,1,8
67,sybil_27,516.07,601.6,6.8751,-15.7014,270.0,D3C3,9,66.09,454.73,1,9
67,sybil_28,516.07,601.6,0.0,-2.8043,270.0,:D3_5,9,66.09,454.73,1,9
67,sybil_29,516.07,601.6,0.0,0.0,270.0,E3D3,9,66.09,454.73,1,9
67,sybil_3,422.19,198.4,3.0361,3.0361,90.0,C1D1,12,83.19,588.34,1,1
67,sybil_30,621.73,601.6,3.3189,0.762,270.0,E3D3,6,128.28,451.04,1,10
67,sybil_31,621.73,601.6,0.0,-10.0663,270.0,E3D3,6,128.28,451.04,1,10
67,sybil_32,621.73,601.6,6.4471,-2.4175,90.0,E0F0,6,128.28,451.04,1,10
67,sybil_33,847.2,-1.6,3.2212,-9.8566,90.0,E0F0,3,155.67,743.73,1,11
67,sybil_34,847.2,-1.6,19.1734,15.9991,90.0,D0E0,3,155.67,743.73,1,11
67,sybil_35,847.2,-1.6,11.9713,1.0252,90.0,D0E0,3,155.67,743.73,1,11
67,sybil_36,676.06,-1.6,0.851,-10.7976,90.0,D0E0,4,142.32,710.42,1,12
67,sybil_37,676.06,-1.6,14.5875,13.9789,90.0,D0E0,4,142.32,710.42,1,12
67,sybil_38,676.06,-1.6,17.2039,15.6028,114.76,D0E0,4,142.32,710.42,1,12
67,sybil_39,612.67,1.6,6.4856,1.8243,270.0,E0D0,4,181.32,704.73,1,13
67,sybil_4,422.19,198.4,0.0,-9.3588,260.07,:C1_7,12,83.19,588.34,1,1
67,sybil_5,422.19,198.4,12.8037,1.7978,270.0,D1C1,12,83.19,588.34,1,1
67,sybil_6,435.67,201.6,16.443,-1.9462,270.0,D1C1,12,82.85,583.38,1,2
67,sybil_7,435.67,201.6,9.5906,6.1225,270.0,D1C1,12,82.85,583.38,1,2
67,sybil_8,435.67,201.6,14.3103,-9.9996,270.0,D1C1,12,82.85,583.38,1,2
67,sybil_9,570.61,201.6,3.2813,-5.2333,270.0,D1C1,11,145.62,566.97,1,3
68,legit_0,722.14,798.4,13.65,0.0878,90.0,D4E4,0,50.07,488.71,0,-1
68,legit_10,729.15,201.6,10.8952,-0.6046,270.0,E1D1,3,84.22,576.47,0,-1
68,legit_11,601.6,417.55,3.5451,1.8377,0.0,D2D3,0,159.17,475.44,0,-1
68,legit_2,645.63,598.4,12.8287,0.567,90.0,D3E3,6,104.38,451.94,0,-1
68,legit_4,715.03,1.6,13.577,0.619,270.0,E0D0,7,123.46,712.15,0,-1
68,legit_5,557.4,1001.6,11.9642,-0.894,270.0,D5C5,0,132.97,569.32,0,-1
68,legit_6,361.62,998.4,12.8323,-0.46,90.0,B5C5,0,120.29,604.28,0,-1
68,legit_7,1.6,872.44,12.0978,0.2107,0.0,A4A5,0,151.91,749.59,0,-1
68,legit_8,398.52,200.07,6.2996,1.7329,71.92,:C1_14,6,95.19,593.73,0,-1
68,sybil_0,579.82,198.4,19.8204,9.1749,90.0,C1D1,9,151.66,568.54,1,0
68,sybil_1,579.82,198.4,3.6114,-3.1647,90.0,C1D1,9,151.66,568.54,1,0
68,sybil_10,560.07,201.6,28.134,11.7438,270.0,D1C1,11,137.02,567.38,1,3
68,sybil_11,560.07,201.6,7.3092,5.2866,270.0,D1C1,11,137.02,567.38,1,3
68,sybil_16,205.71,800.23,3.1344,3.1344,252.71,:B4_7,4,68.45,589.82,1,5
68,sybil_17,205.71,800.23,1.2144,-9.4859,270.0,C4B4,4,68.45,589.82,1,5
68,sybil_18,350.55,801.6,23.0328,16.9964,270.0,C4B4,10,106.61,525.09,1,6
68,sybil_19,350.55,801.6,6.5278,-0.4701,270.0,D4C4,10,106.61,525.09,1,6
68,sybil_2,579.82,198.4,7.7965,-2.0891,90.0,C1D1,9,151.66,568.54,1,0
68,sybil_20,350.55,801.6,15.1191,-1.4675,270.0,D4C4,10,106.61,525.09,1,6
68,sybil_21,461.14,801.6,8.9612,-2.685,270.0,D4C4,8,39.98,492.43,1,7
68,sybil_22,461.14,801.6,11.0229,-12.1601,270.0,D4C4,8,39.98,492.43,1,7
68,sybil_23,461.14,801.6,13.8857,9.6154,270.0,D4C4,8,39.98,492.43,1,7
68,sybil_24,401.6,666.84,15.2276,0.5793,0.0,C3C4,11,82.52,482.02,1,8
68,sybil_25,401.6,666.84,6.8485,-7.7732,347.38,C3C4,11,82.52,482.02,1,8
68,sybil_26,401.6,666.84,26.1807,23.6305,270.0,D3C3,11,82.52,482.02,1,8
68,sybil_27,504.99,601.6,8.0249,1.1498,270.0,D3C3,9,55.01,455.85,1,9
68,sybil_28,504.99,601.6,21.4196,21.4196,270.0,D3C3,9,55.01,455.85,1,9
68,sybil_29,504.99,601.6,11.6695,11.6695,270.0,:D3_5,9,55.01,455.85,1,9
68,sybil_3,431.27,198.4,1.1705,-1.8656,90.0,C1D1,12,80.61,586.15,1,1
68,sybil_30,616.9,601.6,5.7177,2.3987,270.0,E3D3,6,133.11,450.93,1,10
68,sybil_31,616.9,601.6,6.1414,6.1414,270.0,E3D3,6,133.11,450.93,1,10
68,sybil_32,616.9,601.6,16.0579,9.6108,90.0,E0F0,6,133.11,450.93,1,10
68,sybil_33,860.79,-1.6,25.6937,22.4725,90.0,E0F0,3,164.5,747.91,1,11
68,sybil_34,860.79,-1.6,15.5237,-3.6498,90.0,D0E0,3,164.5,747.91,1,11
68,sybil_35,860.79,-1.6,2.9446,-9.0267,90.0,D0E0,3,164.5,747.91,1,11
68,sybil_36,688.0,-1.6,6.3982,5.5472,90.0,D0E0,4,136.49,711.54,1,12
68,sybil_37,688.0,-1.6,23.4772,8.8897,90.0,D0E0,4,136.49,711.54,1,12
68,sybil_38,688.0,-1.6,12.6378,-4.566,90.0,D0E0,4,136.49,711.54,1,12
68,sybil_39,608.19,1.6,0.0,-6.4856,270.0,E0D0,4,184.74,704.68,1,13
68,sybil_4,431.27,198.4,0.0,0.0,202.03,:C1_7,12,80.61,586.15,1,1
68,sybil_5,431.27,198.4,6.6689,-6.1348,270.0,D1C1,12,80.61,586.15,1,1
68,sybil_6,428.46,201.6,7.8442,-8.5988,270.0,D1C1,9,84.39,585.06,1,2
68,sybil_7,428.46,201.6,0.0,-9.5906,270.0,D1C1,9,84.39,585.06,1,2
68,sybil_8,428.46,201.6,22.6505,8.3402,270.0,D1C1,9,84.39,585.06,1,2
68,sybil_9,560.07,201.6,7.664,4.3827,270.0,D1C1,11,137.02,567.38,1,3
69,legit_0,734.88,798.4,12.7423,-0.9077,90.0,D4E4,0,44.26,490.86,0,-1
69,legit_10,717.58,201.6,11.5621,0.667,270.0,E1D1,3,87.8,574.65,0,-1
69,legit_11,601.6,423.19,5.6362,2.0911,0.0,D2D3,0,161.29,473.97,0,-1
69,legit_2,658.88,598.4,13.2494,0.4206,90.0,D3E3,3,91.13,452.72,0,-1
69,legit_4,701.32,1.6,13.7134,0.1364,270.0,E0D0,4,128.02,710.42,0,-1
69,legit_5,545.52,1001.6,11.8857,-0.0786,270.0,D5C5,0,123.57,569.97,0,-1
69,legit_6,374.94,998.4,13.3174,0.4851,90.0,B5C5,0,110.87,599.97,0,-1
69,legit_7,1.6,884.54,12.0915,-0.0064,0.0,A4A5,0,154.94,753.6,0,-1
69,legit_8,401.34,205.41,6.3057,0.0061,21.51,:C1_14,9,98.29,590.02,0,-1
69,sybil_0,587.39,198.4,1.7341,-18.0863,90.0,C1D1,9,158.19,568.4,1,0
69,sybil_1,587.39,198.4,7.9828,4.3714,90.0,C1D1,9,158.19,568.4,1,0
69,sybil_10,547.83,201.6,8.2031,-19.9309,270.0,D1C1,12,127.39,568.02,1,3
69,sybil_11,547.83,201.6,16.6849,9.3756,270.0,D1C1,12,127.39,568.02,1,3
69,sybil_16,207.4,798.4,6.5919,3.4575,178.91,B4C4,4,70.89,588.47,1,5
69,sybil_17,207.4,798.4,2.2557,1.0413,270.0,C4B4,4,70.89,588.47,1,5
69,sybil_18,339.22,801.6,10.7607,-12.2721,270.0,C4B4,10,117.25,529.38,1,6
69,sybil_19,339.22,801.6,6.314,-0.2138,270.0,:C4_5,10,117.25,529.38,1,6
69,sybil_2,587.39,198.4,5.6298,-2.1667,90.0,C1D1,9,158.19,568.4,1,0
69,sybil_20,339.22,801.6,12.5017,-2.6175,270.0,D4C4,10,117.25,529.38,1,6
69,sybil_21,449.13,801.6,13.3757,4.4145,270.0,D4C4,8,38.41,494.88,1,7
69,sybil_22,449.13,801.6,4.1726,-6.8503,270.0,D4C4,8,38.41,494.88,1,7
69,sybil_23,449.13,801.6,4.6209,-9.2648,270.0,D4C4,8,38.41,494.88,1,7
69,sybil_24,401.6,679.64,5.6355,-9.5922,0.0,C3C4,11,93.2,483.54,1,8
69,sybil_25,401.6,679.64,4.7381,-2.1104,0.0,C3C4,11,93.2,483.54,1,8
69,sybil_26,401.6,679.64,26.3366,0.1559,270.0,D3C3,11,93.2,483.54,1,8
69,sybil_27,494.45,601.6,26.0491,18.0242,270.0,D3C3,8,44.48,457.05,1,9
69,sybil_28,494.45,601.6,0.0,-21.4196,270.0,D3C3,8,44.48,457.05,1,9
69,sybil_29,494.45,601.6,14.1817,2.5122,270.0,:D3_5,8,44.48,457.05,1,9
69,sybil_3,442.52,198.4,11.5649,10.3944,90.0,C1D1,12,78.76,583.63,1,1
69,sybil_30,610.35,601.6,14.5041,8.7865,270.0,E3D3,6,139.66,450.83,1,10
69,sybil_31,610.35,601.6,14.6845,8.5432,270.0,E3D3,6,139.66,450.83,1,10
69,sybil_32,610.35,601.6,19.7853,3.7274,90.0,E0F0,6,139.66,450.83,1,10
69,sybil_33,874.28,-1.6,6.4072,-19.2865,90.0,E0F0,2,173.87,752.24,1,11
69,sybil_34,874.28,-1.6,8.1561,-7.3676,90.0,:E0_6,2,173.87,752.24,1,11
69,sybil_35,874.28,-1.6,10.3292,7.3846,90.0,D0E0,2,173.87,752.24,1,11
69,sybil_36,701.0,-1.6,13.119,6.7207,90.0,D0E0,4,131.1,712.95,1,12
69,sybil_37,701.0,-1.6,0.0,-23.4772,90.0,D0E0,4,131.1,712.95,1,12
69,sybil_38,701.0,-1.6,9.8711,-2.7668,90.0,D0E0,4,131.1,712.95,1,12
69,sybil_39,605.71,-0.21,7.007,7.007,245.21,:D0_9,4,187.81,706.1,1,13
69,sybil_4,442.52,198.4,8.0984,8.0984,118.5,C1D1,12,78.76,583.63,1,1
69,sybil_5,442.52,198.4,0.0,-6.6689,270.0,D1C1,12,78.76,583.63,1,1
69,sybil_6,423.77,201.6,2.4818,-5.3623,270.0,D1C1,9,85.71,586.19,1,2
69,sybil_7,423.77,201.6,8.3737,8.3737,270.0,D1C1,9,85.71,586.19,1,2
69,sybil_8,423.77,201.6,18.7999,-3.8506,270.0,D1C1,9,85.71,586.19,1,2
69,sybil_9,547.83,201.6,15.5378,7.8738,270.0,D1C1,12,127.39,568.02,1,3
70,legit_0,748.64,798.4,13.7591,1.0168,90.0,D4E4,0,41.62,493.58,0,-1
70,legit_10,705.89,201.6,11.6899,0.1277,270.0,E1D1,3,92.76,573.03,0,-1
70,legit_11,601.6,430.14,6.9521,1.3159,0.0,D2D3,0,164.14,472.22,0,-1
70,legit_2,671.48,598.4,12.5953,-0.6541,90.0,D3E3,3,78.54,453.64,0,-1
70,legit_4,688.13,1.6,13.1905,-0.5229,270.0,E0D0,4,133.59,708.99,0,-1
70,legit_5,532.65,1001.6,12.8631,0.9774,270.0,D5C5,1,113.92,570.86,0,-1
70,legit_6,386.28,998.4,11.34,-1.9774,90.0,B5C5,1,103.53,596.47,0,-1
70,legit_7,1.6,895.92,11.3828,-0.7086,0.0,A4A5,0,158.59,757.54,0,-1
70,legit_8,401.6,211.88,6.4878,0.1821,0.53,C1C2,9,103.84,586.46,0,-1
70,sybil_0,591.29,198.4,1.1433,-0.5909,90.0,C1D1,9,161.58,568.36,1,0
70,sybil_1,591.29,198.4,13.3271,5.3443,90.0,C1D1,9,161.58,568.36,1,0
70,sybil_10,534.76,201.6,13.2841,5.081,270.0,D1C1,12,117.66,568.89,1,3
70,sybil_11,534.76,201.6,2.7346,-13.9502,270.0,D1C1,12,117.66,568.89,1,3
70,sybil_16,211.73,798.4,16.7664,10.1745,93.01,B4C4,4,74.44,586.19,1,5
70,sybil_17,211.73,798.4,3.0999,0.8442,270.0,C4B4,4,74.44,586.19,1,5
70,sybil_18,328.39,801.6,1.1322,-9.6285,270.0,C4B4,10,127.53,533.61,1,6
70,sybil_19,328.39,801.6,3.4942,-2.8198,270.0,C4B4,10,127.53,533.61,1,6
70,sybil_2,591.29,198.4,12.5142,6.8844,90.0,C1D1,9,161.58,568.36,1,0
70,sybil_20,328.39,801.6,2.7469,-9.7548,270.0,D4C4,10,127.53,533.61,1,6
70,sybil_21,436.72,801.6,24.3527,10.977,270.0,D4C4,8,40.63,497.77,1,7
70,sybil_22,436.72,801.6,26.0771,21.9045,270.0,D4C4,8,40.63,497.77,1,7
70,sybil_23,436.72,801.6,16.4814,11.8605,270.0,D4C4,8,40.63,497.77,1,7
70,sybil_24,401.6,692.68,12.2276,6.5921,0.0,C3C4,11,104.56,485.29,1,8
70,sybil_25,401.6,692.68,18.2752,13.537,0.0,C3C4,11,104.56,485.29,1,8
70,sybil_26,401.6,692.68,4.2397,-22.097,270.0,D3C3,11,104.56,485.29,1,8
70,sybil_27,483.74,601.6,16.0232,-10.0259,270.0,D3C3,8,33.77,458.4,1,9
70,sybil_28,483.74,601.6,10.4027,10.4027,270.0,D3C3,8,33.77,458.4,1,9
70,sybil_29,483.74,601.6,24.0843,9.9026,270.0,D3C3,8,33.77,458.4,1,9
70,sybil_3,455.76,198.4,4.8845,-6.6804,90.0,C1D1,12,78.61,580.94,1,1
70,sybil_30,602.15,601.6,8.3773,-6.1268,270.0,:D3_5,6,147.86,450.78,1,10
70,sybil_31,602.15,601.6,4.8886,-9.796,270.0,E3D3,6,147.86,450.78,1,10
70,sybil_32,602.15,601.6,12.936,-6.8492,90.0,E0F0,6,147.86,450.78,1,10
70,sybil_33,886.91,-1.6,11.9391,5.5319,90.0,E0F0,2,183.11,756.48,1,11
70,sybil_34,886.91,-1.6,16.0243,7.8682,90.0,E0F0,2,183.11,756.48,1,11
70,sybil_35,886.91,-1.6,0.0,-10.3292,90.0,D0E0,2,183.11,756.48,1,11
70,sybil_36,712.88,-1.6,6.981,-6.138,90.0,D0E0,4,127.14,714.42,1,12
70,sybil_37,712.88,-1.6,5.3169,5.3169,90.0,D0E0,4,127.14,714.42,1,12
70,sybil_38,712.88,-1.6,13.2731,3.402,90.0,D0E0,4,127.14,714.42,1,12
70,sybil_39,608.39,-1.6,0.0,-7.007,144.85,D0E0,4,186.65,707.23,1,13
70,sybil_4,455.76,198.4,12.6189,4.5204,90.0,C1D1,12,78.61,580.94,1,1
70,sybil_5,455.76,198.4,0.0,0.0,270.0,D1C1,12,78.61,580.94,1,1
70,sybil_6,420.14,201.6,11.16,8.6782,270.0,D1C1,9,86.89,587.1,1,2
70,sybil_7,420.14,201.6,7.9112,-0.4625,270.0,D1C1,9,86.89,587.1,1,2
70,sybil_8,420.14,201.6,4.3864,-14.4135,270.0,D1C1,9,86.89,587.1,1,2
70,sybil_9,534.76,201.6,8.7269,-6.8109,270.0,D1C1,12,117.66,568.89,1,3
71,legit_0,762.48,798.4,13.8373,0.0782,90.0,D4E4,0,43.43,496.74,0,-1
71,legit_10,694.04,201.6,11.8574,0.1675,270.0,E1D1,3,98.95,571.59,0,-1
71,legit_11,601.6,438.74,8.5949,1.6428,0.0,D2D3,0,167.99,470.15,0,-1
71,legit_2,685.35,598.4,13.8773,1.282,90.0,D3E3,3,64.67,454.87,0,-1
71,legit_4,675.03,1.6,13.0968,-0.0937,270.0,E0D0,4,140.14,707.77,0,-1
71,legit_5,520.7,1001.6,11.9474,-0.9157,270.0,D5C5,1,105.57,571.87,0,-1
71,legit_6,393.38,998.32,7.1081,-4.2318,90.96,:C5_6,1,99.39,594.32,0,-1
71,legit_7,1.6,907.99,12.073,0.6902,0.0,A4A5,0,163.23,761.88,0,-1
71,legit_8,401.6,220.52,8.6419,2.1541,0.0,C1C2,9,111.56,581.87,0,-1
71,sybil_0,597.15,198.4,18.8478,17.7045,90.0,:D1_13,9,166.73,568.32,1,0
71,sybil_1,597.15,198.4,4.565,-8.7621,90.0,C1D1,9,166.73,568.32,1,0
71,sybil_10,522.01,201.6,21.6589,8.3748,270.0,D1C1,12,108.83,569.95,1,3
71,sybil_11,522.01,201.6,15.4871,12.7524,270.0,D1C1,12,108.83,569.95,1,3
71,sybil_16,217.86,798.4,19.138,2.3716,90.0,B4C4,4,79.6,583.02,1,5
71,sybil_17,217.86,798.4,3.5355,0.4357,270.0,C4B4,4,79.6,583.02,1,5
71,sybil_18,317.53,801.6,13.9449,12.8127,270.0,C4B4,10,137.92,537.98,1,6
71,sybil_19,317.53,801.6,10.6242,7.13,270.0,C4B4,10,137.92,537.98,1,6
71,sybil_2,597.15,198.4,13.9594,1.4452,90.0,C1D1,9,166.73,568.32,1,0
71,sybil_20,317.53,801.6,5.3478,2.6009,270.0,D4C4,10,137.92,537.98,1,6
71,sybil_21,425.91,801.6,16.5539,-7.7987,270.0,D4C4,8,45.33,500.56,1,7
71,sybil_22,425.91,801.6,10.9455,-15.1316,270.0,D4C4,8,45.33,500.56,1,7
71,sybil_23,425.91,801.6,22.5503,6.0688,270.0,D4C4,8,45.33,500.56,1,7
71,sybil_24,401.6,705.85,22.4548,10.2272,0.0,C3C4,11,116.39,487.26,1,8
71,sybil_25,401.6,705.85,11.9135,-6.3616,0.0,C3C4,11,116.39,487.26,1,8
71,sybil_26,401.6,705.85,5.5222,1.2826,270.0,D3C3,11,116.39,487.26,1,8
71,sybil_27,473.15,601.6,13.0867,-2.9365,270.0,D3C3,8,23.2,459.86,1,9
71,sybil_28,473.15,601.6,0.0,-10.4027,270.0,D3C3,8,23.2,459.86,1,9
71,sybil_29,473.15,601.6,8.6386,-15.4457,270.0,D3C3,8,23.2,459.86,1,9
71,sybil_3,468.47,198.4,16.5062,11.6217,90.0,C1D1,12,80.55,578.64,1,1
71,sybil_30,592.53,601.6,10.7397,2.3623,270.0,D3C3,6,142.54,450.81,1,10
71,sybil_31,592.53,601.6,2.4423,-2.4463,270.0,E3D3,6,142.54,450.81,1,10
71,sybil_32,592.53,601.6,23.2771,10.3411,90.0,E0F0,6,142.54,450.81,1,10
71,sybil_33,900.16,-1.6,14.586,2.6469,90.0,E0F0,2,192.98,761.09,1,11
71,sybil_34,900.16,-1.6,2.46,-13.5643,90.0,E0F0,2,192.98,761.09,1,11
71,sybil_35,900.16,-1.6,6.7119,6.7119,90.0,D0E0,2,192.98,761.09,1,11
71,sybil_36,725.53,-1.6,25.1438,18.1629,90.0,D0E0,4,124.04,716.19,1,12
71,sybil_37,725.53,-1.6,21.4306,16.1138,90.0,D0E0,4,124.04,716.19,1,12
71,sybil_38,725.53,-1.6,20.2941,7.021,90.0,D0E0,4,124.04,716.19,1,12
71,sybil_39,614.16,-1.6,5.8289,5.8289,90.0,D0E0,4,182.31,707.3,1,13
71,sybil_4,468.47,198.4,16.2509,3.6321,90.0,C1D1,12,80.55,578.64,1,1
71,sybil_5,468.47,198.4,0.0,0.0,254.92,:C1_7,12,80.55,578.64,1,1
71,sybil_6,415.98,201.6,2.7529,-8.4071,270.0,D1C1,9,88.41,588.16,1,2
71,sybil_7,415.98,201.6,6.645,-1.2662,270.0,D1C1,9,88.41,588.16,1,2
71,sybil_8,415.98,201.6,16.1073,11.7209,270.0,D1C1,9,88.41,588.16,1,2
71,sybil_9,522.01,201.6,4.889,-3.8378,270.0,D1C1,12,108.83,569.95,1,3
72,legit_0,775.38,798.4,12.8998,-0.9376,90.0,D4E4,0,48.73,500.07,0,-1
72,legit_10,682.67,201.6,11.3651,-0.4922,270.0,E1D1,3,105.79,570.39,0,-1
72,legit_11,601.6,449.59,10.8584,2.2635,0.0,D2D3,0,173.35,467.69,0,-1
72,legit_12,987.7,801.6,0.0,0.0,270.0,F4E4,0,73.18,586.72,0,-1
72,legit_2,698.44,598.4,13.0839,-0.7934,90.0,D3E3,3,51.59,456.23,0,-1
72,legit_4,661.75,1.6,13.2805,0.1837,270.0,E0D0,5,147.67,706.75,0,-1
72,legit_5,508.49,1001.6,12.2148,0.2674,270.0,D5C5,1,97.81,573.09,0,-1
72,legit_6,398.21,994.11,7.1168,0.0087,144.12,:C5_6,1,100.29,590.64,0,-1
72,legit_7,1.6,919.63,11.6425,-0.4305,0.0,A4A5,0,168.42,766.22,0,-1
72,legit_8,401.6,231.08,10.5626,1.9207,0.0,C1C2,9,121.17,576.35,0,-1
72,legit_9,612.3,-1.6,0.0,0.0,90.0,D0E0,5,183.71,707.28,0,-1
72,sybil_0,605.43,198.4,13.1733,-5.6745,90.0,:D1_13,9,164.46,568.33,1,0
72,sybil_1,605.43,198.4,19.8871,15.322,90.0,C1D1,9,164.46,568.33,1,0
72,sybil_10,509.14,201.6,15.9982,-5.6608,270.0,D1C1,12,100.78,571.23,1,3
72,sybil_11,509.14,201.6,20.2322,4.7452,270.0,D1C1,12,100.78,571.23,1,3
72,sybil_16,226.32,798.4,10.6713,-8.4667,90.0,B4C4,4,86.92,578.7,1,5
72,sybil_17,226.32,798.4,3.1397,-0.3958,264.92,:B4_7,4,86.92,578.7,1,5
72,sybil_18,306.6,801.6,14.8669,0.922,270.0,C4B4,10,148.45,542.5,1,6
72,sybil_19,306.6,801.6,19.2317,8.6075,270.0,C4B4,10,148.45,542.5,1,6
72,sybil_2,605.43,198.4,7.2441,-6.7154,90.0,C1D1,9,164.46,568.33,1,0
72,sybil_20,306.6,801.6,9.4193,4.0715,270.0,:C4_5,10,148.45,542.5,1,6
72,sybil_21,419.61,801.6,13.7973,-2.7566,270.0,D4C4,8,48.97,502.3,1,7
72,sybil_22,419.61,801.6,0.0,-10.9455,270.0,D4C4,8,48.97,502.3,1,7
72,sybil_23,419.61,801.6,11.1558,-11.3945,270.0,D4C4,8,48.97,502.3,1,7
72,sybil_24,401.6,718.48,8.4846,-13.9703,0.0,C3C4,11,127.98,489.34,1,8
72,sybil_25,401.6,718.48,12.8204,0.9069,0.0,C3C4,11,127.98,489.34,1,8
72,sybil_26,401.6,718.48,12.8495,7.3273,276.29,:C3_4,11,127.98,489.34,1,8
72,sybil_27,462.65,601.6,13.5565,0.4699,270.0,D3C3,8,12.75,461.44,1,9
72,sybil_28,462.65,601.6,26.8077,26.8077,270.0,D3C3,8,12.75,461.44,1,9
72,sybil_29,462.65,601.6,8.694,0.0554,270.0,D3C3,8,12.75,461.44,1,9
72,sybil_3,481.34,198.4,7.1766,-9.3295,90.0,C1D1,12,84.43,576.58,1,1
72,sybil_30,581.34,601.6,21.0661,10.3264,270.0,D3C3,6,131.35,450.97,1,10
72,sybil_31,581.34,601.6,3.9375,1.4953,270.0,E3D3,6,131.35,450.97,1,10
72,sybil_32,581.34,601.6,18.7749,-4.5022,90.0,E0F0,6,131.35,450.97,1,10
72,sybil_33,913.4,-1.6,3.0868,-11.4992,90.0,E0F0,2,182.88,765.89,1,11
72,sybil_34,913.4,-1.6,11.4972,9.0372,90.0,E0F0,2,182.88,765.89,1,11
72,sybil_35,913.4,-1.6,11.6333,4.9215,90.0,D0E0,2,182.88,765.89,1,11
72,sybil_36,737.5,-1.6,20.4764,-4.6675,90.0,D0E0,5,122.24,718.06,1,12
72,sybil_37,737.5,-1.6,24.9304,3.4998,90.0,D0E0,5,122.24,718.06,1,12
72,sybil_38,737.5,-1.6,11.9134,-8.3807,90.0,D0E0,5,122.24,718.06,1,12
72,sybil_39,621.76,-1.6,17.8725,12.0436,90.0,D0E0,5,176.73,707.45,1,13
72,sybil_4,481.34,198.4,0.0,-16.2509,90.0,C1D1,12,84.43,576.58,1,1
72,sybil_5,481.34,198.4,13.6785,13.6785,162.23,C1D1,12,84.43,576.58,1,1
72,sybil_6,414.0,201.6,0.0,-2.7529,270.0,D1C1,9,89.19,588.67,1,2
72,sybil_7,414.0,201.6,7.7496,1.1046,270.0,D1C1,9,89.19,588.67,1,2
72,sybil_8,414.0,201.6,9.0417,-7.0656,270.0,D1C1,9,89.19,588.67,1,2
72,sybil_9,509.14,201.6,31.5537,26.6646,270.0,D1C1,12,100.78,571.23,1,3
73,legit_0,785.11,798.4,9.7299,-3.1699,90.0,D4E4,0,54.44,502.8,0,-1
73,legit_10,671.6,201.6,11.0685,-0.2966,270.0,E1D1,3,113.16,569.39,0,-1
73,legit_11,601.6,461.89,12.3003,1.4419,0.0,D2D3,3,180.01,465.1,0,-1
73,legit_12,986.3,801.6,1.4032,1.4032,270.0,F4E4,0,74.38,585.99,0,-1
73,legit_2,711.88,598.4,13.4427,0.3588,90.0,D3E3,3,38.15,457.83,0,-1
73,legit_4,648.04,1.6,13.7074,0.4269,270.0,E0D0,5,156.25,705.91,0,-1
73,legit_5,496.29,1001.6,12.203,-0.0118,270.0,D5C5,1,91.04,574.53,0,-1
73,legit_6,398.4,987.59,6.5371,-0.5798,180.0,C5C4,1,105.84,587.07,0,-1
73,legit_7,1.6,931.79,12.1608,0.5183,0.0,A4A5,0,174.5,770.9,0,-1
73,legit_8,401.6,242.47,11.389,0.8264,0.0,C1C2,9,127.11,570.54,0,-1
73,legit_9,613.81,-1.6,1.5108,1.5108,90.0,D0E0,5,182.58,707.3,0,-1
73,sybil_0,615.03,198.4,21.4091,8.2358,90.0,D1E1,9,156.09,568.44,1,0
73,sybil_1,615.03,198.4,13.1497,-6.7374,90.0,C1D1,9,156.09,568.44,1,0
73,sybil_10,496.28,201.6,11.7941,-4.2041,270.0,D1C1,12,93.81,572.75,1,3
73,sybil_11,496.28,201.6,18.7116,-1.5206,270.0,D1C1,12,93.81,572.75,1,3
73,sybil_16,237.32,798.4,27.6367,16.9654,90.0,B4C4,4,96.72,573.21,1,5
73,sybil_17,237.32,798.4,6.9207,3.7809,190.28,:B4_7,4,96.72,573.21,1,5
73,sybil_18,295.84,801.6,15.5357,0.6688,270.0,C4B4,10,150.81,547.08,1,6
73,sybil_19,295.84,801.6,14.826,-4.4057,270.0,C4B4,10,150.81,547.08,1,6
73,sybil_2,615.03,198.4,38.5663,31.3222,90.0,C1D1,9,156.09,568.44,1,0
73,sybil_20,295.84,801.6,23.4929,14.0736,270.0,C4B4,10,150.81,547.08,1,6
73,sybil_21,411.87,801.6,12.3962,-1.4012,270.0,D4C4,8,54.12,504.53,1,7
73,sybil_22,411.87,801.6,5.8609,5.8609,270.0,D4C4,8,54.12,504.53,1,7
73,sybil_23,411.87,801.6,6.4721,-4.6837,270.0,D4C4,8,54.12,504.53,1,7
73,sybil_24,401.6,732.13,1.1892,-7.2954,0.0,C3C4,11,118.23,491.78,1,8
73,sybil_25,401.6,732.13,10.0709,-2.7495,0.0,C3C4,11,118.23,491.78,1,8
73,sybil_26,401.6,732.13,13.9224,1.0729,322.35,:C3_4,11,118.23,491.78,1,8
73,sybil_27,451.46,601.6,13.509,-0.0476,270.0,D3C3,8,2.16,463.29,1,9
73,sybil_28,451.46,601.6,16.9712,-9.8365,270.0,D3C3,8,2.16,463.29,1,9
73,sybil_29,451.46,601.6,30.4722,21.7782,270.0,D3C3,8,2.16,463.29,1,9
73,sybil_3,494.99,198.4,0.0,-7.1766,90.0,C1D1,12,90.39,574.69,1,1
73,sybil_30,569.88,601.6,12.7342,-8.3319,270.0,D3C3,7,119.89,451.28,1,10
73,sybil_31,569.88,601.6,8.0123,4.0747,270.0,:D3_5,7,119.89,451.28,1,10
73,sybil_32,569.88,601.6,22.9864,4.2115,90.0,E0F0,7,119.89,451.28,1,10
73,sybil_33,926.63,-1.6,4.8331,1.7463,90.0,E0F0,2,173.22,770.85,1,11
73,sybil_34,926.63,-1.6,5.0684,-6.4288,90.0,E0F0,2,173.22,770.85,1,11
73,sybil_35,926.63,-1.6,13.4826,1.8493,90.0,D0E0,2,173.22,770.85,1,11
73,sybil_36,749.93,-1.6,9.7573,-10.7191,90.0,D0E0,5,121.6,720.2,1,12
73,sybil_37,749.93,-1.6,20.1721,-4.7584,90.0,D0E0,5,121.6,720.2,1,12
73,sybil_38,749.93,-1.6,19.1821,7.2687,90.0,D0E0,5,121.6,720.2,1,12
73,sybil_39,630.66,-1.6,11.1609,-6.7116,90.0,D0E0,5,170.38,707.71,1,13
73,sybil_4,494.99,198.4,13.0134,13.0134,90.0,C1D1,12,90.39,574.69,1,1
73,sybil_5,494.99,198.4,8.205,-5.4735,90.0,C1D1,12,90.39,574.69,1,1
73,sybil_6,410.14,201.6,11.063,11.063,270.0,D1C1,9,90.81,589.69,1,2
73,sybil_7,410.14,201.6,3.5088,-4.2408,270.0,D1C1,9,90.81,589.69,1,2
73,sybil_8,410.14,201.6,0.0,-9.0417,270.0,D1C1,9,90.81,589.69,1,2
73,sybil_9,496.28,201.6,17.4001,-14.1535,270.0,D1C1,12,93.81,572.75,1,3
74,legit_0,790.68,798.4,5.5687,-4.1611,90.0,D4E4,0,58.18,504.42,0,-1
74,legit_10,660.93,201.6,10.6717,-0.3969,270.0,E1D1,3,120.8,568.58,0,-1
74,legit_11,601.6,474.95,13.0577,0.7574,0.0,D2D3,3,187.71,462.58,0,-1
74,legit_12,982.32,801.6,3.9796,2.5763,270.0,F4E4,0,77.82,583.94,0,-1
74,legit_2,724.91,598.4,13.0323,-0.4104,90.0,D3E3,0,25.14,459.58,0,-1
74,legit_4,635.19,1.6,12.8538,-0.8537,270.0,E0D0,5,164.93,705.32,0,-1
74,legit_5,483.41,1001.6,12.8774,0.6744,270.0,D5C5,1,85.22,576.28,0,-1
74,legit_6,398.4,979.3,8.2877,1.7507,180.0,C5C4,1,113.15,582.67,0,-1
74,legit_7,1.6,943.92,12.1272,-0.0336,0.0,A4A5,0,181.17,775.74,0,-1
74,legit_8,401.6,253.82,11.3532,-0.0359,0.0,C1C2,9,116.69,564.87,0,-1
74,legit_9,617.7,-1.6,3.8911,2.3803,90.0,D0E0,5,179.69,707.37,0,-1
74,sybil_0,627.06,198.4,3.4347,-17.9743,90.0,D1E1,9,145.81,568.72,1,0
74,sybil_1,627.06,198.4,0.0,-13.1497,90.0,C1D1,9,145.81,568.72,1,0
74,sybil_10,484.07,201.6,13.2966,1.5025,270.0,D1C1,12,88.43,574.41,1,3
74,sybil_11,484.07,201.6,18.6363,-0.0754,270.0,D1C1,12,88.43,574.41,1,3
74,sybil_16,250.41,798.4,15.1838,-12.4529,90.0,B4C4,4,108.68,566.86,1,5
74,sybil_17,250.41,798.4,17.6617,10.741,103.76,B4C4,4,108.68,566.86,1,5
74,sybil_18,284.43,801.6,5.2998,-10.2359,270.0,C4B4,10,139.81,552.06,1,6
74,sybil_19,284.43,801.6,7.633,-7.193,270.0,C4B4,10,139.81,552.06,1,6
74,sybil_2,627.06,198.4,9.3615,-29.2048,90.0,C1D1,9,145.81,568.72,1,0
74,sybil_20,284.43,801.6,15.8961,-7.5968,270.0,C4B4,10,139.81,552.06,1,6
74,sybil_21,407.61,801.6,7.3477,-5.0484,270.0,D4C4,8,57.19,505.8,1,7
74,sybil_22,407.61,801.6,16.3027,10.4418,270.0,D4C4,8,57.19,505.8,1,7
74,sybil_23,407.61,801.6,21.3802,14.9081,270.0,D4C4,8,57.19,505.8,1,7
74,sybil_24,401.6,745.62,27.8874,26.6982,0.0,C3C4,11,106.07,494.41,1,8
74,sybil_25,401.6,745.62,20.076,10.005,0.0,C3C4,11,106.07,494.41,1,8
74,sybil_26,401.6,745.62,10.2634,-3.659,358.04,C3C4,11,106.07,494.41,1,8
74,sybil_27,440.57,601.6,12.0615,-1.4474,270.0,D3C3,8,9.56,466.12,1,9
74,sybil_28,440.57,601.6,19.0265,2.0553,270.0,D3C3,8,9.56,466.12,1,9
74,sybil_29,440.57,601.6,1.4274,-29.0448,270.0,D3C3,8,9.56,466.12,1,9
74,sybil_3,508.41,198.4,6.7672,6.7672,90.0,C1D1,12,97.77,573.1,1,1
74,sybil_30,557.72,601.6,9.5407,-3.1935,270.0,D3C3,6,107.73,451.78,1,10
74,sybil_31,557.72,601.6,9.5872,1.5749,270.0,:D3_5,6,107.73,451.78,1,10
74,sybil_32,557.72,601.6,12.6677,-10.3187,90.0,E0F0,6,107.73,451.78,1,10
74,sybil_33,939.9,-1.6,12.9313,8.0982,90.0,E0F0,2,164.04,776.02,1,11
74,sybil_34,939.9,-1.6,23.6319,18.5636,90.0,E0F0,2,164.04,776.02,1,11
74,sybil_35,939.9,-1.6,0.0,-13.4826,90.0,:E0_6,2,164.04,776.02,1,11
74,sybil_36,762.26,-1.6,11.156,1.3987,90.0,D0E0,5,122.22,722.52,1,12
74,sybil_37,762.26,-1.6,7.0488,-13.1233,90.0,D0E0,5,122.22,722.52,1,12
74,sybil_38,762.26,-1.6,8.5165,-10.6656,90.0,D0E0,5,122.22,722.52,1,12
74,sybil_39,641.63,-1.6,18.7246,7.5637,90.0,D0E0,5,162.88,708.15,1,13
74,sybil_4,508.41,198.4,23.5416,10.5281,90.0,C1D1,12,97.77,573.1,1,1
74,sybil_5,508.41,198.4,15.0613,6.8563,90.0,C1D1,12,97.77,573.1,1,1
74,sybil_6,407.12,201.54,0.0,-11.063,269.36,:C1_7,9,92.13,590.53,1,2
74,sybil_7,407.12,201.54,0.0,-3.5088,270.0,D1C1,9,92.13,590.53,1,2
74,sybil_8,407.12,201.54,6.4671,6.4671,270.0,D1C1,9,92.13,590.53,1,2
74,sybil_9,484.07,201.6,28.3885,10.9883,270.0,D1C1,12,88.43,574.41,1,3
75,legit_0,798.27,798.4,7.5932,2.0244,90.0,:E4_13,0,63.72,506.72,0,-1
75,legit_10,649.2,201.6,11.7279,1.0562,270.0,E1D1,6,129.69,567.85,0,-1
75,legit_11,601.6,488.17,13.2207,0.163,0.0,D2D3,3,185.82,460.27,0,-1
75,legit_12,976.6,801.6,5.7193,1.7397,270.0,F4E4,0,82.84,581.02,0,-1
75,legit_2,737.81,598.4,12.8965,-0.1358,90.0,D3E3,0,12.29,461.51,0,-1
75,legit_4,621.51,1.6,13.6806,0.8268,270.0,E0D0,2,174.73,704.89,0,-1
75,legit_5,470.71,1001.6,12.6972,-0.1801,270.0,D5C5,1,81.09,578.26,0,-1
75,legit_6,398.4,969.1,10.1939,1.9062,180.0,C5C4,1,122.31,577.35,0,-1
75,legit_7,1.6,955.96,12.0412,-0.086,0.0,A4A5,0,188.33,780.69,0,-1
75,legit_8,401.6,264.91,11.0919,-0.2612,0.0,C1C2,9,106.7,559.46,0,-1
75,legit_9,623.58,-1.6,5.878,1.9869,90.0,D0E0,2,175.41,707.5,0,-1
75,sybil_0,640.01,198.4,3.7437,0.309,90.0,D1E1,6,135.07,569.2,1,0
75,sybil_1,640.01,198.4,15.7721,15.7721,90.0,:D1_13,6,135.07,569.2,1,0
75,sybil_10,471.39,201.6,5.5416,-7.755,270.0,D1C1,9,84.36,576.38,1,3
75,sybil_11,471.39,201.6,19.915,1.2788,270.0,D1C1,9,84.36,576.38,1,3
75,sybil_16,264.23,798.4,9.8275,-5.3563,90.0,B4C4,10,121.57,560.34,1,5
75,sybil_17,264.23,798.4,0.0,-17.6617,90.0,B4C4,10,121.57,560.34,1,5
75,sybil_18,273.56,801.6,28.7412,23.4414,270.0,C4B4,10,129.39,556.93,1,6
75,sybil_19,273.56,801.6,0.7203,-6.9127,270.0,C4B4,10,129.39,556.93,1,6
75,sybil_2,640.01,198.4,2.4279,-6.9336,90.0,C1D1,6,135.07,569.2,1,0
75,sybil_20,273.56,801.6,14.6598,-1.2362,270.0,C4B4,10,129.39,556.93,1,6
75,sybil_21,401.31,801.6,0.0,-7.3477,270.0,:C4_5,10,62.01,507.72,1,7
75,sybil_22,401.31,801.6,21.6099,5.3072,270.0,D4C4,10,62.01,507.72,1,7
75,sybil_23,401.31,801.6,7.807,-13.5732,270.0,D4C4,10,62.01,507.72,1,7
75,sybil_24,401.6,758.32,11.138,-16.7494,0.0,C3C4,10,94.95,497.07,1,8
75,sybil_25,401.6,758.32,13.5146,-6.5614,0.0,C3C4,10,94.95,497.07,1,8
75,sybil_26,401.6,758.32,2.4803,-7.7831,0.0,C3C4,10,94.95,497.07,1,8
75,sybil_27,429.5,601.6,9.9388,-2.1227,270.0,D3C3,5,20.56,469.3,1,9
75,sybil_28,429.5,601.6,2.5237,-16.5028,270.0,D3C3,5,20.56,469.3,1,9
75,sybil_29,429.5,601.6,8.4152,6.9878,270.0,D3C3,5,20.56,469.3,1,9
75,sybil_3,521.02,198.4,15.5062,8.7391,90.0,C1D1,13,105.78,571.84,1,1
75,sybil_30,546.41,601.6,21.0967,11.556,270.0,D3C3,6,96.43,452.38,1,10
75,sybil_31,546.41,601.6,14.7207,5.1336,270.0,D3C3,6,96.43,452.38,1,10
75,sybil_32,546.41,601.6,1.2948,-11.3729,43.39,:F0_1,6,96.43,452.38,1,10
75,sybil_33,952.8,-1.6,11.0827,-1.8485,90.0,E0F0,2,155.67,781.21,1,11
75,sybil_34,952.8,-1.6,17.6771,-5.9549,90.0,E0F0,2,155.67,781.21,1,11
75,sybil_35,952.8,-1.6,0.5948,0.5948,90.0,E0F0,2,155.67,781.21,1,11
75,sybil_36,774.14,-1.6,24.0988,12.9428,90.0,D0E0,3,123.97,724.95,1,12
75,sybil_37,774.14,-1.6,13.6992,6.6504,90.0,D0E0,3,123.97,724.95,1,12
75,sybil_38,774.14,-1.6,14.7512,6.2347,90.0,D0E0,3,123.97,724.95,1,12
75,sybil_39,654.75,-1.6,24.1393,5.4147,90.0,D0E0,5,154.47,708.86,1,13
75,sybil_4,521.02,198.4,6.9895,-16.5521,90.0,C1D1,13,105.78,571.84,1,1
75,sybil_5,521.02,198.4,5.9102,-9.1511,90.0,C1D1,13,105.78,571.84,1,1
75,sybil_6,405.77,199.66,0.0,0.0,242.35,:C1_7,9,91.11,591.93,1,2
75,sybil_7,405.77,199.66,0.0,0.0,270.0,D1C1,9,91.11,591.93,1,2
75,sybil_8,405.77,199.66,0.0,-6.4671,270.0,D1C1,9,91.11,591.93,1,2
75,sybil_9,471.39,201.6,14.6816,-13.7069,270.0,D1C1,9,84.36,576.38,1,3
76,legit_0,808.29,798.4,10.0193,2.4261,90.0,E4F4,0,71.61,509.88,0,-1
76,legit_10,637.65,201.6,11.5556,-0.1723,270.0,E1D1,6,138.86,567.28,0,-1
76,legit_11,601.6,501.04,12.8623,-0.3584,0.0,D2D3,3,178.37,458.25,0,-1
76,legit_12,969.4,801.6,7.2018,1.4825,270.0,F4E4,0,89.28,577.39,0,-1
76,legit_2,751.38,598.4,13.5675,0.671,90.0,D3E3,0,2.11,463.92,0,-1
76,legit_4,607.65,1.6,13.857,0.1764,270.0,E0D0,2,185.15,704.67,0,-1
76,legit_5,458.63,1001.6,12.086,-0.6113,270.0,D5C5,1,78.87,580.39,0,-1
76,legit_6,398.4,956.82,12.2836,2.0897,180.0,C5C4,1,127.71,571.09,0,-1
76,legit_7,1.6,968.25,12.2828,0.2415,0.0,A4A5,0,185.77,785.91,0,-1
76,legit_8,401.6,276.36,11.4485,0.3566,0.0,C1C2,6,96.63,554.02,0,-1
76,legit_9,630.81,-1.6,7.2334,1.3554,90.0,D0E0,2,170.27,707.72,0,-1
76,sybil_0,653.67,198.4,30.2985,26.5548,90.0,D1E1,6,124.2,569.92,1,0
76,sybil_1,653.67,198.4,0.0,-15.7721,90.0,D1E1,6,124.2,569.92,1,0
76,sybil_10,459.6,201.6,1.2841,-4.2575,270.0,D1C1,9,82.16,578.45,1,3
76,sybil_11,459.6,201.6,10.3365,-9.5786,270.0,D1C1,9,82.16,578.45,1,3
76,sybil_16,277.27,798.4,9.3319,-0.4957,90.0,B4C4,10,133.89,554.38,1,5
76,sybil_17,277.27,798.4,1.6347,1.6347,90.0,B4C4,10,133.89,554.38,1,5
76,sybil_18,262.68,801.6,4.8803,-23.8609,270.0,C4B4,10,119.04,561.93,1,6
76,sybil_19,262.68,801.6,5.7497,5.0294,270.0,C4B4,10,119.04,561.93,1,6
76,sybil_2,653.67,198.4,0.0,-2.4279,90.0,C1D1,6,124.2,569.92,1,0
76,sybil_20,262.68,801.6,12.1399,-2.5199,270.0,C4B4,10,119.04,561.93,1,6
76,sybil_21,392.79,801.6,17.3486,17.3486,270.0,C4B4,10,68.9,510.41,1,7
76,sybil_22,392.79,801.6,0.0,-21.6099,270.0,D4C4,10,68.9,510.41,1,7
76,sybil_23,392.79,801.6,3.9545,-3.8525,270.0,D4C4,10,68.9,510.41,1,7
76,sybil_24,401.6,771.86,23.7289,12.5909,0.0,C3C4,10,83.58,500.12,1,8
76,sybil_25,401.6,771.86,23.7784,10.2639,0.0,C3C4,10,83.58,500.12,1,8
76,sybil_26,401.6,771.86,5.8828,3.4025,0.0,C3C4,10,83.58,500.12,1,8
76,sybil_27,418.49,601.6,8.8066,-1.1322,270.0,D3C3,5,31.55,472.62,1,9
76,sybil_28,418.49,601.6,19.9295,17.4059,270.0,D3C3,5,31.55,472.62,1,9
76,sybil_29,418.49,601.6,13.0695,4.6543,270.0,D3C3,5,31.55,472.62,1,9
76,sybil_3,534.24,198.4,7.2861,-8.2201,90.0,C1D1,12,115.08,570.74,1,1
76,sybil_30,534.57,601.6,11.2775,-9.8192,270.0,D3C3,6,84.59,453.18,1,10
76,sybil_31,534.57,601.6,7.1823,-7.5384,270.0,D3C3,6,84.59,453.18,1,10
76,sybil_32,534.57,601.6,0.0,-1.2948,0.44,F0F1,6,84.59,453.18,1,10
76,sybil_33,966.24,-1.6,24.1499,13.0672,90.0,E0F0,2,147.66,786.8,1,11
76,sybil_34,966.24,-1.6,19.6183,1.9413,90.0,E0F0,2,147.66,786.8,1,11
76,sybil_35,966.24,-1.6,20.325,19.7302,90.0,E0F0,2,147.66,786.8,1,11
76,sybil_36,786.05,-1.6,20.0293,-4.0696,90.0,D0E0,3,126.83,727.57,1,12
76,sybil_37,786.05,-1.6,1.0594,-12.6398,90.0,D0E0,3,126.83,727.57,1,12
76,sybil_38,786.05,-1.6,16.7798,2.0286,90.0,D0E0,3,126.83,727.57,1,12
76,sybil_39,667.45,-1.6,32.0223,7.883,90.0,D0E0,5,146.97,709.73,1,13
76,sybil_4,534.24,198.4,20.6012,13.6117,90.0,C1D1,12,115.08,570.74,1,1
76,sybil_5,534.24,198.4,2.2124,-3.6977,90.0,C1D1,12,115.08,570.74,1,1
76,sybil_6,407.5,198.4,0.0,0.0,175.12,C1D1,9,89.18,592.15,1,2
76,sybil_7,407.5,198.4,0.0,0.0,270.0,D1C1,9,89.18,592.15,1,2
76,sybil_8,407.5,198.4,8.3853,8.3853,270.0,D1C1,9,89.18,592.15,1,2
76,sybil_9,459.6,201.6,0.0,-14.6816,270.0,D1C1,9,82.16,578.45,1,3
77,legit_0,819.74,798.4,11.4449,1.4257,90.0,E4F4,1,81.2,513.66,0,-1
77,legit_10,625.99,201.6,11.66,0.1044,270.0,E1D1,6,148.45,566.87,0,-1
77,legit_11,601.6,514.15,13.1153,0.253,0.0,D2D3,3,171.44,456.43,0,-1
77,legit_12,960.09,801.6,9.3038,2.1019,270.0,F4E4,1,97.76,572.8,0,-1
77,legit_2,764.14,598.4,12.7608,-0.8067,90.0,D3E3,0,14.23,467.46,0,-1
77,legit_4,595.02,1.6,12.6269,-1.2301,270.0,:D0_4,2,187.22,704.65,0,-1
77,legit_5,446.12,1001.6,12.5092,0.4232,270.0,D5C5,1,78.5,582.87,0,-1
77,legit_6,398.4,943.95,12.8732,0.5896,180.0,C5C4,4,116.05,564.69,0,-1
77,legit_7,1.6,980.66,12.416,0.1332,0.0,A4A5,0,178.58,791.33,0,-1
77,legit_8,401.6,287.84,11.4799,0.0314,0.0,C1C2,6,86.89,548.71,0,-1
77,legit_9,640.23,-1.6,9.4152,2.1819,90.0,D0E0,2,163.82,708.09,0,-1
77,sybil_0,666.34,198.4,8.4328,-21.8657,90.0,D1E1,6,114.66,570.78,1,0
77,sybil_1,666.34,198.4,0.0,0.0,90.0,D1E1,6,114.66,570.78,1,0
77,sybil_10,450.34,201.6,1.9485,0.6644,270.0,D1C1,9,81.6,580.25,1,3
77,sybil_11,450.34,201.6,10.0932,-0.2432,270.0,D1C1,9,81.6,580.25,1,3
77,sybil_16,290.5,798.4,13.7336,4.4017,90.0,B4C4,10,146.53,548.51,1,5
77,sybil_17,290.5,798.4,0.0,-1.6347,90.0,B4C4,10,146.53,548.51,1,5
77,sybil_18,251.42,801.6,17.4601,12.5798,270.0,C4B4,7,108.44,567.23,1,6
77,sybil_19,251.42,801.6,18.6363,12.8865,270.0,C4B4,7,108.44,567.23,1,6
77,sybil_2,666.34,198.4,0.0,0.0,90.0,C1D1,6,114.66,570.78,1,0
77,sybil_20,251.42,801.6,8.4583,-3.6816,270.0,C4B4,7,108.44,567.23,1,6
77,sybil_21,382.8,801.6,15.1256,-2.223,270.0,C4B4,11,77.4,513.69,1,7
77,sybil_22,382.8,801.6,11.6595,11.6595,270.0,D4C4,11,77.4,513.69,1,7
77,sybil_23,382.8,801.6,10.3393,6.3848,270.0,D4C4,11,77.4,513.69,1,7
77,sybil_24,401.6,784.82,20.7741,-2.9548,0.0,C3C4,7,73.4,503.24,1,8
77,sybil_25,401.6,784.82,15.4921,-8.2864,0.0,C3C4,7,73.4,503.24,1,8
77,sybil_26,401.6,784.82,10.7062,4.8234,0.0,C3C4,7,73.4,503.24,1,8
77,sybil_27,411.68,601.6,5.3085,-3.4981,270.0,D3C3,5,38.35,474.73,1,9
77,sybil_28,411.68,601.6,11.0074,-8.9222,270.0,D3C3,5,38.35,474.73,1,9
77,sybil_29,411.68,601.6,0.0,-13.0695,270.0,D3C3,5,38.35,474.73,1,9
77,sybil_3,547.0,198.4,6.8562,-0.43,90.0,C1D1,12,124.72,569.88,1,1
77,sybil_30,523.49,601.6,29.062,17.7844,270.0,D3C3,6,73.51,454.06,1,10
77,sybil_31,523.49,601.6,11.8719,4.6895,270.0,D3C3,6,73.51,454.06,1,10
77,sybil_32,523.49,601.6,11.9066,11.9066,0.0,F0F1,6,73.51,454.06,1,10
77,sybil_33,979.2,-1.6,0.0,-24.1499,90.0,E0F0,2,140.71,792.38,1,11
77,sybil_34,979.2,-1.6,5.9974,-13.6209,90.0,E0F0,2,140.71,792.38,1,11
77,sybil_35,979.2,-1.6,30.9626,10.6376,90.0,E0F0,2,140.71,792.38,1,11
77,sybil_36,797.92,-1.6,9.415,-10.6142,90.0,:E0_6,3,130.7,730.36,1,12
77,sybil_37,797.92,-1.6,3.184,2.1246,90.0,D0E0,3,130.7,730.36,1,12
77,sybil_38,797.92,-1.6,19.1474,2.3676,90.0,D0E0,3,130.7,730.36,1,12
77,sybil_39,681.08,-1.6,10.382,-21.6403,90.0,D0E0,5,139.77,710.87,1,13
77,sybil_4,547.0,198.4,7.1054,-13.4958,90.0,C1D1,12,124.72,569.88,1,1
77,sybil_5,547.0,198.4,7.5962,5.3838,90.0,C1D1,12,124.72,569.88,1,1
77,sybil_6,411.65,198.4,5.8061,5.8061,93.58,C1D1,9,87.28,591.04,1,2
77,sybil_7,411.65,198.4,12.0738,12.0738,270.0,D1C1,9,87.28,591.04,1,2
77,sybil_8,411.65,198.4,0.0,-8.3853,270.0,D1C1,9,87.28,591.04,1,2
77,sybil_9,450.34,201.6,20.4492,20.4492,270.0,D1C1,9,81.6,580.25,1,3
78,legit_0,833.33,798.4,13.59,2.1451,90.0,E4F4,1,93.13,518.35,0,-1
78,legit_10,616.17,201.6,9.8186,-1.8414,270.0,E1D1,6,156.75,566.64,0,-1
78,legit_11,601.6,527.38,13.2269,0.1116,0.0,D2D3,3,165.22,454.85,0,-1
78,legit_12,948.78,801.6,11.3124,2.0086,270.0,F4E4,1,108.26,567.33,0,-1
78,legit_13,-1.6,587.7,0.0,0.0,180.0,A3A2,0,152.1,707.72,0,-1
78,legit_2,776.92,598.4,12.7854,0.0246,90.0,D3E3,0,26.97,471.22,0,-1
78,legit_4,581.3,1.6,13.7218,1.0949,270.0,D0C0,2,176.8,704.83,0,-1
78,legit_5,434.03,1001.6,12.0857,-0.4235,270.0,D5C5,1,80.01,585.51,0,-1
78,legit_6,398.4,931.06,12.8828,0.0096,180.0,C5C4,7,104.67,558.46,0,-1
78,legit_7,1.6,989.95,9.284,-3.132,0.0,A4A5,0,173.59,795.5,0,-1
78,legit_8,401.6,299.36,11.5185,0.0387,0.0,C1C2,6,77.59,543.53,0,-1
78,legit_9,650.76,-1.6,10.5361,1.1208,90.0,D0E0,2,156.95,708.62,0,-1
78,sybil_0,680.07,198.4,26.9109,18.4781,90.0,D1E1,6,105.05,571.94,1,0
78,sybil_1,680.07,198.4,3.6316,3.6316,90.0,D1E1,6,105.05,571.94,1,0
78,sybil_10,444.63,201.6,2.8335,0.885,270.0,D1C1,9,81.78,581.42,1,3
78,sybil_11,444.63,201.6,18.8787,8.7855,270.0,D1C1,9,81.78,581.42,1,3
78,sybil_16,304.13,798.4,11.9064,-1.8272,90.0,B4C4,10,151.68,542.65,1,5
78,sybil_17,304.13,798.4,7.9138,7.9138,90.0,B4C4,10,151.68,542.65,1,5
78,sybil_18,240.62,801.6,2.1611,-15.299,270.0,C4B4,7,98.42,572.45,1,6
78,sybil_19,240.62,801.6,17.0078,-1.6284,270.0,C4B4,7,98.42,572.45,1,6
78,sybil_2,680.07,198.4,25.6247,25.6247,90.0,C1D1,6,105.05,571.94,1,0
78,sybil_20,240.62,801.6,13.6447,5.1863,270.0,C4B4,7,98.42,572.45,1,6
78,sybil_21,371.16,801.6,12.9513,-2.1743,270.0,C4B4,11,87.7,517.66,1,7
78,sybil_22,371.16,801.6,5.5179,-6.1416,270.0,D4C4,11,87.7,517.66,1,7
78,sybil_23,371.16,801.6,5.9424,-4.3968,270.0,D4C4,11,87.7,517.66,1,7
78,sybil_24,401.6,797.52,15.5621,-5.212,0.0,:C4_9,8,64.4,506.53,1,8
78,sybil_25,401.6,797.52,0.0,-15.4921,0.0,C3C4,8,64.4,506.53,1,8
78,sybil_26,401.6,797.52,4.7076,-5.9986,0.0,C3C4,8,64.4,506.53,1,8
78,sybil_27,407.1,601.61,3.5308,-1.7777,270.16,:C3_4,5,42.93,476.19,1,9
78,sybil_28,407.1,601.61,3.4663,-7.5411,270.0,D3C3,5,42.93,476.19,1,9
78,sybil_29,407.1,601.61,2.0705,2.0705,270.0,D3C3,5,42.93,476.19,1,9
78,sybil_3,560.68,198.4,20.7542,13.8981,90.0,C1D1,12,135.63,569.17,1,1
78,sybil_30,511.94,601.6,2.2561,-26.8059,270.0,D3C3,6,61.96,455.14,1,10
78,sybil_31,511.94,601.6,13.9315,2.0597,270.0,D3C3,6,61.96,455.14,1,10
78,sybil_32,511.94,601.6,12.2851,0.3785,0.0,F0F1,6,61.96,455.14,1,10
78,sybil_33,990.1,-1.6,6.0753,6.0753,90.0,E0F0,2,135.55,797.21,1,11
78,sybil_34,990.1,-1.6,12.0248,6.0274,90.0,E0F0,2,135.55,797.21,1,11
78,sybil_35,990.1,-1.6,8.1942,-22.7684,90.0,E0F0,2,135.55,797.21,1,11
78,sybil_36,809.73,-1.6,21.377,11.962,90.0,E0F0,3,135.48,733.3,1,12
78,sybil_37,809.73,-1.6,14.4668,11.2828,90.0,D0E0,3,135.48,733.3,1,12
78,sybil_38,809.73,-1.6,15.1058,-4.0416,90.0,D0E0,3,135.48,733.3,1,12
78,sybil_39,694.62,-1.6,26.8915,16.5094,90.0,D0E0,5,133.62,712.23,1,13
78,sybil_4,560.68,198.4,12.7436,5.6382,90.0,C1D1,12,135.63,569.17,1,1
78,sybil_5,560.68,198.4,27.6369,20.0407,90.0,C1D1,12,135.63,569.17,1,1
78,sybil_6,418.36,198.4,14.8938,9.0876,90.0,C1D1,9,84.54,589.3,1,2
78,sybil_7,418.36,198.4,1.7475,-10.3263,265.65,:C1_7,9,84.54,589.3,1,2
78,sybil_8,418.36,198.4,0.0,0.0,270.0,D1C1,9,84.54,589.3,1,2
78,sybil_9,444.63,201.6,0.0,-20.4492,270.0,D1C1,9,81.78,581.42,1,3
79,legit_0,846.06,798.4,12.7347,-0.8553,90.0,E4F4,1,104.68,522.95,0,-1
79,legit_10,610.17,201.6,5.9995,-3.8191,270.0,E1D1,6,161.9,566.55,0,-1
79,legit_11,601.6,541.2,13.8211,0.5943,0.0,D2D3,3,159.63,453.46,0,-1
79,legit_12,935.02,801.6,13.7558,2.4434,270.0,F4E4,1,121.22,560.86,0,-1
79,legit_13,-1.6,585.5,2.2017,2.2017,180.0,A3A2,0,152.29,707.76,0,-1
79,legit_2,790.45,598.4,13.5212,0.7358,90.0,D3E3,0,40.48,475.41,0,-1
79,legit_4,567.98,1.6,13.3196,-0.4022,270.0,D0C0,2,167.15,705.2,0,-1
79,legit_5,421.84,1001.6,12.1961,0.1104,270.0,D5C5,1,83.31,588.42,0,-1
79,legit_6,398.4,917.69,13.3777,0.4949,180.0,C5C4,9,93.26,552.18,0,-1
79,legit_7,1.6,996.41,6.4591,-2.8249,0.0,A4A5,0,170.33,798.45,0,-1
79,legit_8,401.6,310.87,11.5038,-0.0147,0.0,C1C2,6,68.97,538.52,0,-1
79,legit_9,661.66,-1.6,10.8996,0.3635,90.0,D0E0,2,150.3,709.31,0,-1
79,sybil_0,692.85,198.4,2.8536,-24.0573,90.0,D1E1,6,97.02,573.24,1,0
79,sybil_1,692.85,198.4,13.0984,9.4668,90.0,D1E1,6,97.02,573.24,1,0
79,sybil_10,438.39,201.6,4.9441,2.1106,270.0,D1C1,9,82.42,582.78,1,3
79,sybil_11,438.39,201.6,13.2073,-5.6714,270.0,D1C1,9,82.42,582.78,1,3
79,sybil_16,317.6,798.4,1.0123,-10.894,90.0,B4C4,11,138.78,537.06,1,5
79,sybil_17,317.6,798.4,15.9427,8.0289,90.0,B4C4,11,138.78,537.06,1,5
79,sybil_18,229.95,801.6,15.9101,13.7489,270.0,C4B4,7,88.69,577.72,1,6
79,sybil_19,229.95,801.6,20.3446,3.3368,270.0,C4B4,7,88.69,577.72,1,6
79,sybil_2,692.85,198.4,14.5895,-11.0352,90.0,:D1_13,6,97.02,573.24,1,0
79,sybil_20,229.95,801.6,7.7524,-5.8923,270.0,C4B4,7,88.69,577.72,1,6
79,sybil_21,358.47,801.6,14.2024,1.2511,270.0,C4B4,11,99.26,522.18,1,7
79,sybil_22,358.47,801.6,10.798,5.2801,270.0,D4C4,11,99.26,522.18,1,7
79,sybil_23,358.47,801.6,3.867,-2.0755,270.0,D4C4,11,99.26,522.18,1,7
79,sybil_24,401.6,810.2,4.7159,-10.8462,0.0,C4C5,8,56.84,510.04,1,8
79,sybil_25,401.6,810.2,11.245,11.245,0.0,C3C4,8,56.84,510.04,1,8
79,sybil_26,401.6,810.2,9.5346,4.827,0.0,C3C4,8,56.84,510.04,1,8
79,sybil_27,402.92,603.14,0.0,-3.5308,288.5,:C3_4,5,47.19,477.54,1,9
79,sybil_28,402.92,603.14,16.8504,13.3841,270.0,D3C3,5,47.19,477.54,1,9
79,sybil_29,402.92,603.14,16.1255,14.055,270.0,D3C3,5,47.19,477.54,1,9
79,sybil_3,572.9,198.4,7.5634,-13.1908,90.0,C1D1,12,145.78,568.72,1,1
79,sybil_30,500.48,601.6,0.0,-2.2561,270.0,D3C3,6,50.51,456.35,1,10
79,sybil_31,500.48,601.6,8.7465,-5.185,270.0,D3C3,6,50.51,456.35,1,10
79,sybil_32,500.48,601.6,26.3982,14.1131,0.0,F0F1,6,50.51,456.35,1,10
79,sybil_33,996.5,-1.6,7.8942,1.8188,90.0,E0F0,2,132.85,800.1,1,11
79,sybil_34,996.5,-1.6,18.5553,6.5305,90.0,E0F0,2,132.85,800.1,1,11
79,sybil_35,996.5,-1.6,5.2626,-2.9316,90.0,E0F0,2,132.85,800.1,1,11
79,sybil_36,822.02,-1.6,0.392,-20.985,90.0,E0F0,3,141.33,736.55,1,12
79,sybil_37,822.02,-1.6,15.7959,1.3291,90.0,D0E0,3,141.33,736.55,1,12
79,sybil_38,822.02,-1.6,0.0,-15.1058,90.0,D0E0,3,141.33,736.55,1,12
79,sybil_39,707.39,-1.6,20.9419,-5.9496,90.0,D0E0,5,128.85,713.72,1,13
79,sybil_4,572.9,198.4,11.508,-1.2357,90.0,C1D1,12,145.78,568.72,1,1
79,sybil_5,572.9,198.4,16.5862,-11.0507,90.0,C1D1,12,145.78,568.72,1,1
79,sybil_6,426.53,198.4,11.8802,-3.0136,90.0,C1D1,9,81.84,587.27,1,2
79,sybil_7,426.53,198.4,0.0,-1.7475,204.47,:C1_7,9,81.84,587.27,1,2
79,sybil_8,426.53,198.4,12.9562,12.9562,270.0,D1C1,9,81.84,587.27,1,2
79,sybil_9,438.39,201.6,0.0,0.0,270.0,D1C1,9,82.42,582.78,1,3
80,legit_0,859.36,798.4,13.3021,0.5674,90.0,E4F4,1,117.01,527.95,0,-1
80,legit_10,605.2,201.89,4.9884,-1.0111,273.28,:D1_4,6,166.35,566.35,0,-1
80,legit_11,601.6,554.48,13.2778,-0.5434,0.0,D2D3,3,155.23,452.39,0,-1
80,legit_12,921.35,801.6,13.6756,-0.0802,270.0,F4E4,1,134.26,554.63,0,-1
80,legit_13,-1.6,581.28,4.2153,2.0136,180.0,A3A2,0,152.75,707.85,0,-1
80,legit_4,554.74,1.6,13.2444,-0.0752,270.0,D0C0,1,158.08,705.77,0,-1
80,legit_5,409.92,1001.6,11.9162,-0.2799,270.0,D5C5,1,88.05,591.5,0,-1
80,legit_6,398.4,904.66,13.0306,-0.3471,180.0,C5C4,9,82.72,546.26,0,-1
80,legit_7,2.54,998.31,2.3034,-4.1557,11.5,:A5_1,0,168.58,798.63,0,-1
80,legit_8,401.6,322.19,11.3278,-0.176,0.0,C1C2,6,61.42,533.76,0,-1
80,legit_9,673.28,-1.6,11.6138,0.7142,90.0,D0E0,2,143.78,710.19,0,-1
80,sybil_0,705.97,198.4,9.708,6.8544,90.0,D1E1,6,89.92,574.82,1,0
80,sybil_1,705.97,198.4,4.3129,-8.7855,90.0,D1E1,6,89.92,574.82,1,0
80,sybil_10,433.87,201.6,13.6802,8.7361,270.0,D1C1,9,83.18,583.79,1,3
80,sybil_11,433.87,201.6,12.6645,-0.5428,270.0,D1C1,9,83.18,583.79,1,3
80,sybil_16,330.88,798.4,22.6381,21.6258,90.0,B4C4,11,126.18,531.74,1,5
80,sybil_17,330.88,798.4,0.2631,-15.6796,90.0,B4C4,11,126.18,531.74,1,5
80,sybil_18,219.49,801.6,0.0,-15.9101,270.0,C4B4,7,79.39,583.01,1,6
80,sybil_19,219.49,801.6,14.6233,-5.7213,270.0,C4B4,7,79.39,583.01,1,6
80,sybil_2,705.97,198.4,7.0087,-7.5808,90.0,:D1_13,6,89.92,574.82,1,0
80,sybil_20,219.49,801.6,15.5794,7.827,270.0,C4B4,7,79.39,583.01,1,6
80,sybil_21,346.0,801.6,0.0,-14.2024,270.0,C4B4,11,110.86,526.8,1,7
80,sybil_22,346.0,801.6,3.1389,-7.659,270.0,D4C4,11,110.86,526.8,1,7
80,sybil_23,346.0,801.6,1.2789,-2.5881,270.0,D4C4,11,110.86,526.8,1,7
80,sybil_24,401.6,823.88,4.3709,-0.345,0.0,C4C5,8,51.02,514.13,1,8
80,sybil_25,401.6,823.88,8.7384,-2.5065,0.0,C3C4,8,51.02,514.13,1,8
80,sybil_26,401.6,823.88,8.8856,-0.6491,0.0,C3C4,8,51.02,514.13,1,8
80,sybil_27,401.63,606.98,0.0,0.0,335.57,:C3_4,5,48.87,478.0,1,9
80,sybil_28,401.63,606.98,9.6312,-7.2192,270.0,D3C3,5,48.87,478.0,1,9
80,sybil_29,401.63,606.98,6.3605,-9.765,270.0,D3C3,5,48.87,478.0,1,9
80,sybil_3,583.13,198.4,18.8952,11.3318,90.0,C1D1,12,154.5,568.47,1,1
80,sybil_30,489.32,601.6,11.8851,11.8851,270.0,D3C3,6,39.36,457.68,1,10
80,sybil_31,489.32,601.6,13.2923,4.5458,270.0,D3C3,6,39.36,457.68,1,10
80,sybil_32,489.32,601.6,14.9969,-11.4013,0.0,F0F1,6,39.36,457.68,1,10
80,sybil_33,1000.99,0.58,1.3251,-6.5691,62.44,:F0_1,2,129.09,800.54,1,11
80,sybil_34,1000.99,0.58,28.3421,9.7868,90.0,E0F0,2,129.09,800.54,1,11
80,sybil_35,1000.99,0.58,0.0,-5.2626,90.0,E0F0,2,129.09,800.54,1,11
80,sybil_36,834.35,-1.6,7.4875,7.0955,90.0,E0F0,3,147.99,739.98,1,12
80,sybil_37,834.35,-1.6,10.9048,-4.8911,90.0,D0E0,3,147.99,739.98,1,12
80,sybil_38,834.35,-1.6,14.4565,14.4565,90.0,D0E0,3,147.99,739.98,1,12
80,sybil_39,720.83,-1.6,3.1312,-17.8107,90.0,D0E0,4,125.05,715.51,1,13
80,sybil_4,583.13,198.4,14.0659,2.558,90.0,C1D1,12,154.5,568.47,1,1
80,sybil_5,583.13,198.4,24.5632,7.977,90.0,C1D1,12,154.5,568.47,1,1
80,sybil_6,436.51,198.4,7.9468,-3.9334,90.0,C1D1,9,79.55,584.95,1,2
80,sybil_7,436.51,198.4,16.6203,16.6203,100.6,C1D1,9,79.55,584.95,1,2
80,sybil_8,436.51,198.4,0.0,-12.9562,270.0,D1C1,9,79.55,584.95,1,2
80,sybil_9,433.87,201.6,0.0,0.0,270.0,D1C1,9,83.18,583.79,1,3
81,legit_0,873.14,798.4,13.7776,0.4754,90.0,E4F4,1,129.98,533.33,0,-1
81,legit_10,601.83,205.59,5.3886,0.4002,320.73,:D1_4,6,171.12,564.24,0,-1
81,legit_11,601.6,567.59,13.1119,-0.1659,0.0,D2D3,3,151.9,451.6,0,-1
81,legit_12,908.06,801.6,13.2913,-0.3843,270.0,F4E4,1,147.05,548.76,0,-1
81,legit_13,-1.6,574.48,6.8045,2.5891,180.0,A3A2,0,153.73,708.04,0,-1
81,legit_4,540.89,1.6,13.8489,0.6045,270.0,D0C0,1,149.26,706.58,0,-1
81,legit_5,397.54,1001.6,12.3828,0.4666,270.0,:C5_0,1,94.33,594.93,0,-1
81,legit_6,398.4,891.28,13.3762,0.3456,180.0,C5C4,9,72.75,540.4,0,-1
81,legit_7,5.29,998.4,2.7642,0.4608,62.44,A5B5,0,166.13,796.63,0,-1
81,legit_8,401.6,333.76,11.5673,0.2395,0.0,C1C2,6,55.06,529.1,0,-1
81,legit_9,684.24,-1.6,10.9594,-0.6544,90.0,D0E0,2,138.24,711.17,0,-1
81,sybil_0,719.07,198.4,13.7757,4.0677,90.0,D1E1,6,84.28,576.64,1,0
81,sybil_1,719.07,198.4,26.3702,22.0573,90.0,D1E1,6,84.28,576.64,1,0
81,sybil_10,429.59,201.6,12.996,-0.6842,270.0,D1C1,6,84.11,584.79,1,3
81,sybil_11,429.59,201.6,10.2315,-2.433,270.0,D1C1,6,84.11,584.79,1,3
81,sybil_16,344.34,798.4,19.3295,-3.3086,90.0,B4C4,11,113.55,526.53,1,5
81,sybil_17,344.34,798.4,14.5395,14.2764,90.0,B4C4,11,113.55,526.53,1,5
81,sybil_18,211.44,801.6,1.2201,1.2201,270.0,C4B4,7,72.46,587.17,1,6
81,sybil_19,211.44,801.6,19.5313,4.908,270.0,C4B4,7,72.46,587.17,1,6
81,sybil_2,719.07,198.4,24.6195,17.6108,90.0,D1E1,6,84.28,576.64,1,0
81,sybil_20,211.44,801.6,5.2186,-10.3608,270.0,C4B4,7,72.46,587.17,1,6
81,sybil_21,333.03,801.6,22.233,22.233,270.0,C4B4,11,123.11,531.78,1,7
81,sybil_22,333.03,801.6,0.0,-3.1389,270.0,D4C4,11,123.11,531.78,1,7
81,sybil_23,333.03,801.6,7.7848,6.5059,270.0,D4C4,11,123.11,531.78,1,7
81,sybil_24,401.6,837.52,13.6094,9.2385,0.0,C4C5,8,48.46,518.56,1,8
81,sybil_25,401.6,837.52,11.2469,2.5084,0.0,C3C4,8,48.46,518.56,1,8
81,sybil_26,401.6,837.52,11.6665,2.7809,0.0,C3C4,8,48.46,518.56,1,8
81,sybil_27,401.6,611.56,3.7658,3.7658,358.96,C3C4,5,49.76,478.1,1,9
81,sybil_28,401.6,611.56,16.0696,6.4384,270.0,D3C3,5,49.76,478.1,1,9
81,sybil_29,401.6,611.56,8.865,2.5045,270.0,D3C3,5,49.76,478.1,1,9
81,sybil_3,589.63,198.4,0.0,-18.8952,90.0,C1D1,9,160.14,568.37,1,1
81,sybil_30,478.29,601.6,0.0,-11.8851,270.0,D3C3,6,28.33,459.14,1,10
81,sybil_31,478.29,601.6,0.0,-13.2923,270.0,D3C3,6,28.33,459.14,1,10
81,sybil_32,478.29,601.6,4.879,-10.1179,0.0,F0F1,6,28.33,459.14,1,10
81,sybil_33,1001.6,5.95,0.0,-1.3251,4.2,F0F1,2,123.89,796.85,1,11
81,sybil_34,1001.6,5.95,13.5037,-14.8384,90.0,E0F0,2,123.89,796.85,1,11
81,sybil_35,1001.6,5.95,20.0364,20.0364,90.0,E0F0,2,123.89,796.85,1,11
81,sybil_36,847.18,-1.6,15.9689,8.4814,90.0,E0F0,3,155.66,743.73,1,12
81,sybil_37,847.18,-1.6,5.7582,-5.1465,90.0,:E0_6,3,155.66,743.73,1,12
81,sybil_38,847.18,-1.6,0.8799,-13.5765,90.0,D0E0,3,155.66,743.73,1,12
81,sybil_39,734.3,-1.6,17.4515,14.3203,90.0,D0E0,4,122.61,717.54,1,13
81,sybil_4,589.63,198.4,10.8379,-3.2281,90.0,C1D1,9,160.14,568.37,1,1
81,sybil_5,589.63,198.4,12.081,-12.4822,90.0,C1D1,9,160.14,568.37,1,1
81,sybil_6,448.77,198.4,23.8513,15.9045,90.0,C1D1,9,78.41,582.32,1,2
81,sybil_7,448.77,198.4,16.7676,0.1474,90.0,C1D1,9,78.41,582.32,1,2
81,sybil_8,448.77,198.4,0.0,0.0,269.84,:C1_6,9,78.41,582.32,1,2
81,sybil_9,429.59,201.6,0.0,0.0,270.0,D1C1,6,84.11,584.79,1,3
82,legit_0,886.51,798.4,13.3735,-0.404,90.0,E4F4,1,142.71,538.75,0,-1
82,legit_10,601.6,210.44,4.86,-0.5286,357.14,D1D2,9,173.79,561.54,0,-1
82,legit_11,601.6,580.45,12.86,-0.2519,0.0,D2D3,3,149.68,451.07,0,-1
82,legit_12,895.08,801.6,12.9744,-0.3168,270.0,F4E4,1,150.08,543.21,0,-1
82,legit_13,-1.6,565.5,8.9807,2.1762,180.0,A3A2,0,155.48,708.37,0,-1
82,legit_4,527.87,1.6,13.0173,-0.8316,270.0,D0C0,0,141.71,707.53,0,-1
82,legit_5,385.07,1001.6,12.4614,0.0786,270.0,C5B5,1,101.79,598.59,0,-1
82,legit_6,398.4,877.83,13.4538,0.0776,180.0,C5C4,9,63.98,534.75,0,-1
82,legit_7,9.8,998.4,4.5053,1.7411,90.0,A5B5,0,162.22,793.32,0,-1
82,legit_8,401.6,344.86,11.0953,-0.472,0.0,C1C2,3,50.71,524.84,0,-1
82,legit_9,695.52,-1.6,11.279,0.3196,90.0,D0E0,1,133.25,712.33,0,-1
82,sybil_0,732.52,198.4,13.7167,-0.059,90.0,D1E1,6,80.32,578.81,1,0
82,sybil_1,732.52,198.4,15.5976,-10.7726,90.0,D1E1,6,80.32,578.81,1,0
82,sybil_10,427.14,201.6,24.361,11.365,270.0,D1C1,6,84.74,585.38,1,3
82,sybil_11,427.14,201.6,0.0,-10.2315,270.0,D1C1,6,84.74,585.38,1,3
82,sybil_16,357.19,798.4,10.0098,-9.3197,90.0,B4C4,11,101.71,521.76,1,5
82,sybil_17,357.19,798.4,9.9708,-4.5687,90.0,B4C4,11,101.71,521.76,1,5
82,sybil_18,207.7,801.6,21.8235,20.6034,270.0,C4B4,7,69.31,589.13,1,6
82,sybil_19,207.7,801.6,0.0,-19.5313,270.0,C4B4,7,69.31,589.13,1,6
82,sybil_2,732.52,198.4,7.877,-16.7425,90.0,D1E1,6,80.32,578.81,1,0
82,sybil_20,207.7,801.6,7.2598,2.0413,270.0,C4B4,7,69.31,589.13,1,6
82,sybil_21,321.11,801.6,0.0,-22.233,270.0,C4B4,11,134.49,536.52,1,7
82,sybil_22,321.11,801.6,2.7836,2.7836,270.0,D4C4,11,134.49,536.52,1,7
82,sybil_23,321.11,801.6,0.0,-7.7848,270.0,D4C4,11,134.49,536.52,1,7
82,sybil_24,401.6,850.46,0.0,-13.6094,0.0,C4C5,8,49.52,523.11,1,8
82,sybil_25,401.6,850.46,21.0716,9.8247,0.0,C3C4,8,49.52,523.11,1,8
82,sybil_26,401.6,850.46,8.2225,-3.4439,0.0,C3C4,8,49.52,523.11,1,8
82,sybil_27,401.6,618.33,17.3732,13.6075,0.0,C3C4,5,51.76,478.31,1,9
82,sybil_28,401.6,618.33,14.614,-1.4556,270.0,D3C3,5,51.76,478.31,1,9
82,sybil_29,401.6,618.33,20.5207,11.6557,270.0,D3C3,5,51.76,478.31,1,9
82,sybil_3,597.66,198.4,21.8328,21.8328,90.0,:D1_13,9,167.18,568.32,1,1
82,sybil_30,466.44,601.6,9.6937,9.6937,270.0,D3C3,6,16.52,460.86,1,10
82,sybil_31,466.44,601.6,20.3204,20.3204,270.0,D3C3,6,16.52,460.86,1,10
82,sybil_32,466.44,601.6,27.4323,22.5534,0.0,F0F1,6,16.52,460.86,1,10
82,sybil_33,1001.6,12.84,0.0,0.0,0.0,F0F1,5,117.58,791.78,1,11
82,sybil_34,1001.6,12.84,8.5982,-4.9054,90.0,E0F0,5,117.58,791.78,1,11
82,sybil_35,1001.6,12.84,6.3778,-13.6586,90.0,E0F0,5,117.58,791.78,1,11
82,sybil_36,860.05,-1.6,0.0,-15.9689,90.0,E0F0,6,164.01,747.67,1,12
82,sybil_37,860.05,-1.6,19.5965,13.8382,90.0,E0F0,6,164.01,747.67,1,12
82,sybil_38,860.05,-1.6,14.8427,13.9628,90.0,D0E0,6,164.01,747.67,1,12
82,sybil_39,747.01,-1.6,16.1265,-1.325,90.0,D0E0,4,121.64,719.68,1,13
82,sybil_4,597.66,198.4,2.8776,-7.9603,90.0,C1D1,9,167.18,568.32,1,1
82,sybil_5,597.66,198.4,8.597,-3.4839,90.0,C1D1,9,167.18,568.32,1,1
82,sybil_6,461.97,198.4,4.2815,-19.5698,90.0,C1D1,9,79.31,579.78,1,2
82,sybil_7,461.97,198.4,10.2089,-6.5587,90.0,C1D1,9,79.31,579.78,1,2
82,sybil_8,461.97,198.4,12.3025,12.3025,252.86,:C1_6,9,79.31,579.78,1,2
82,sybil_9,427.14,201.6,0.9112,0.9112,270.0,D1C1,6,84.74,585.38,1,3
83,legit_0,899.34,798.4,12.8303,-0.5432,90.0,E4F4,1,155.03,544.13,0,-1
83,legit_10,601.6,216.84,6.4053,1.5453,0.0,D1D2,9,177.2,558.0,0,-1
83,legit_11,601.6,591.55,11.098,-1.7619,0.0,D2D3,3,148.64,450.83,0,-1
83,legit_12,881.4,801.6,13.6835,0.7091,270.0,F4E4,1,136.9,537.54,0,-1
83,legit_13,-1.6,554.58,10.9179,1.9371,180.0,A3A2,0,158.26,708.91,0,-1
83,legit_4,515.16,1.6,12.7129,-0.3043,270.0,D0C0,0,135.14,708.66,0,-1
83,legit_5,373.2,1001.6,11.8751,-0.5863,270.0,C5B5,4,109.75,602.27,0,-1
83,legit_6,398.4,864.57,13.2572,-0.1966,180.0,C5C4,9,57.15,529.44,0,-1
83,legit_7,15.8,998.4,6.0053,1.5,90.0,A5B5,0,157.06,788.91,0,-1
83,legit_8,401.6,357.03,12.175,1.0797,0.0,C1C2,0,48.49,520.44,0,-1
83,legit_9,706.38,-1.6,10.8629,-0.4161,90.0,D0E0,1,129.19,713.6,0,-1
83,sybil_0,746.0,198.4,8.6877,-5.029,90.0,D1E1,6,78.5,581.28,1,0
83,sybil_1,746.0,198.4,36.56,20.9624,90.0,D1E1,6,78.5,581.28,1,0
83,sybil_10,423.72,201.6,0.0,-24.361,270.0,D1C1,5,85.73,586.21,1,3
83,sybil_11,423.72,201.6,8.3675,8.3675,270.0,D1C1,5,85.73,586.21,1,3
83,sybil_16,370.58,798.4,31.7648,21.755,90.0,B4C4,8,89.66,516.98,1,5
83,sybil_17,370.58,798.4,11.0389,1.0681,90.0,B4C4,8,89.66,516.98,1,5
83,sybil_18,205.86,800.52,9.873,-11.9505,256.78,:B4_7,5,68.4,589.82,1,6
83,sybil_19,205.86,800.52,8.9289,8.9289,270.0,C4B4,5,68.4,589.82,1,6
83,sybil_2,746.0,198.4,18.2627,10.3857,90.0,D1E1,6,78.5,581.28,1,0
83,sybil_20,205.86,800.52,24.983,17.7231,270.0,C4B4,5,68.4,589.82,1,6
83,sybil_21,308.52,801.6,10.176,10.176,270.0,C4B4,11,146.6,541.7,1,7
83,sybil_22,308.52,801.6,0.0,-2.7836,270.0,D4C4,11,146.6,541.7,1,7
83,sybil_23,308.52,801.6,1.1031,1.1031,270.0,D4C4,11,146.6,541.7,1,7
83,sybil_24,401.6,864.1,10.5247,10.5247,0.0,C4C5,9,54.07,528.26,1,8
83,sybil_25,401.6,864.1,20.8967,-0.1749,0.0,C3C4,9,54.07,528.26,1,8
83,sybil_26,401.6,864.1,13.081,4.8584,0.0,C3C4,9,54.07,528.26,1,8
83,sybil_27,401.6,626.74,3.6977,-13.6756,0.0,C3C4,5,55.29,478.68,1,9
83,sybil_28,401.6,626.74,7.8191,-6.7949,270.0,D3C3,5,55.29,478.68,1,9
83,sybil_29,401.6,626.74,18.6676,-1.8531,270.0,D3C3,5,55.29,478.68,1,9
83,sybil_3,608.24,198.4,17.6367,-4.1961,90.0,D1E1,9,162.0,568.35,1,1
83,sybil_30,455.15,601.6,8.1764,-1.5173,270.0,D3C3,6,5.39,462.65,1,10
83,sybil_31,455.15,601.6,10.9684,-9.352,270.0,D3C3,6,5.39,462.65,1,10
83,sybil_32,455.15,601.6,3.4308,-24.0015,0.0,F0F1,6,5.39,462.65,1,10
83,sybil_33,1001.6,21.26,11.1356,11.1356,0.0,F0F1,5,109.96,785.63,1,11
83,sybil_34,1001.6,21.26,8.7837,0.1854,90.0,E0F0,5,109.96,785.63,1,11
83,sybil_35,1001.6,21.26,1.9481,-4.4297,90.0,E0F0,5,109.96,785.63,1,11
83,sybil_36,872.22,-1.6,9.2844,9.2844,90.0,E0F0,6,172.41,751.57,1,12
83,sybil_37,872.22,-1.6,3.5245,-16.072,90.0,E0F0,6,172.41,751.57,1,12
83,sybil_38,872.22,-1.6,16.227,1.3843,90.0,:E0_6,6,172.41,751.57,1,12
83,sybil_39,760.77,-1.6,3.1889,-12.9376,90.0,D0E0,4,122.08,722.23,1,13
83,sybil_4,608.24,198.4,4.268,1.3904,90.0,C1D1,9,162.0,568.35,1,1
83,sybil_5,608.24,198.4,16.2174,7.6204,90.0,C1D1,9,162.0,568.35,1,1
83,sybil_6,474.22,198.4,24.9148,20.6333,90.0,C1D1,9,82.06,577.69,1,2
83,sybil_7,474.22,198.4,15.853,5.6441,90.0,C1D1,9,82.06,577.69,1,2
83,sybil_8,474.22,198.4,7.7795,-4.523,201.77,:C1_6,9,82.06,577.69,1,2
83,sybil_9,423.72,201.6,7.3893,6.4781,270.0,D1C1,5,85.73,586.21,1,3
84,legit_0,913.22,798.4,13.8774,1.0471,90.0,E4F4,1,142.97,550.14,0,-1
84,legit_10,601.6,225.04,8.2021,1.7968,0.0,D1D2,6,181.82,553.56,0,-1
84,legit_11,603.71,597.43,6.598,-4.5,25.7,:D3_8,0,146.31,450.79,0,-1
84,legit_12,867.59,801.6,13.8119,0.1284,270.0,F4E4,1,123.7,532.02,0,-1
84,legit_13,-1.6,541.36,13.2186,2.3008,180.0,A3A2,0,162.55,709.77,0,-1
84,legit_14,401.6,212.3,0.0,0.0,0.0,C1C2,6,104.22,586.23,0,-1
84,legit_4,502.19,1.6,12.9701,0.2571,270.0,D0C0,0,129.39,710.02,0,-1
84,legit_5,360.94,1001.6,12.2561,0.381,270.0,C5B5,3,118.65,606.26,0,-1
84,legit_6,398.4,851.36,13.2138,-0.0434,180.0,C5C4,8,52.83,524.45,0,-1
84,legit_7,24.14,998.4,8.3381,2.3328,90.0,A5B5,0,150.0,782.84,0,-1
84,legit_8,401.6,368.57,11.5394,-0.6356,0.0,C1C2,0,49.15,516.54,0,-1
84,legit_9,717.67,-1.6,11.2931,0.4302,90.0,D0E0,1,125.82,715.07,0,-1
84,sybil_0,758.68,198.4,32.8833,24.1956,90.0,D1E1,5,78.88,583.88,1,0
84,sybil_1,758.68,198.4,18.9199,-17.6402,90.0,D1E1,5,78.88,583.88,1,0
84,sybil_10,419.06,201.6,0.0,0.0,270.0,D1C1,6,87.27,587.37,1,3
84,sybil_11,419.06,201.6,7.4172,-0.9503,270.0,D1C1,6,87.27,587.37,1,3
84,sybil_16,381.18,798.4,2.6503,-29.1145,90.0,B4C4,8,80.42,513.35,1,5
84,sybil_17,381.18,798.4,17.6735,6.6346,90.0,B4C4,8,80.42,513.35,1,5
84,sybil_18,206.83,798.65,10.0601,0.1872,201.37,:B4_7,5,70.28,588.83,1,6
84,sybil_19,206.83,798.65,4.9239,-4.0049,270.0,C4B4,5,70.28,588.83,1,6
84,sybil_2,758.68,198.4,3.0047,-15.258,90.0,D1E1,5,78.88,583.88,1,0
84,sybil_20,206.83,798.65,13.6999,-11.2831,270.0,C4B4,5,70.28,588.83,1,6
84,sybil_21,296.38,801.6,1.2424,-8.9336,270.0,C4B4,11,151.34,546.84,1,7
84,sybil_22,296.38,801.6,9.8906,9.8906,270.0,D4C4,11,151.34,546.84,1,7
84,sybil_23,296.38,801.6,13.2063,12.1032,270.0,D4C4,11,151.34,546.84,1,7
84,sybil_24,401.6,877.11,1.2748,-9.2499,0.0,C4C5,9,60.99,533.47,1,8
84,sybil_25,401.6,877.11,10.6142,-10.2825,0.0,:C4_9,9,60.99,533.47,1,8
84,sybil_26,401.6,877.11,19.0509,5.97,0.0,C3C4,9,60.99,533.47,1,8
84,sybil_27,401.6,636.92,15.2484,11.5507,0.0,C3C4,5,60.87,479.3,1,9
84,sybil_28,401.6,636.92,0.1149,-7.7042,270.0,D3C3,5,60.87,479.3,1,9
84,sybil_29,401.6,636.92,22.598,3.9304,270.0,D3C3,5,60.87,479.3,1,9
84,sybil_3,620.54,198.4,12.6261,-5.0106,90.0,D1E1,9,151.35,568.55,1,1
84,sybil_30,442.57,601.6,14.1743,5.9979,270.0,D3C3,5,7.6,465.56,1,10
84,sybil_31,442.57,601.6,25.2327,14.2642,270.0,D3C3,5,7.6,465.56,1,10
84,sybil_32,442.57,601.6,8.1735,4.7427,0.0,F0F1,5,7.6,465.56,1,10
84,sybil_33,1001.6,31.14,6.832,-4.3036,0.0,F0F1,5,101.19,778.48,1,11
84,sybil_34,1001.6,31.14,11.3954,2.6117,90.0,E0F0,5,101.19,778.48,1,11
84,sybil_35,1001.6,31.14,15.7167,13.7686,90.0,E0F0,5,101.19,778.48,1,11
84,sybil_36,884.24,-1.6,16.4103,7.1259,90.0,E0F0,6,181.13,755.57,1,12
84,sybil_37,884.24,-1.6,21.2769,17.7524,90.0,E0F0,6,181.13,755.57,1,12
84,sybil_38,884.24,-1.6,9.1734,-7.0536,90.0,E0F0,6,181.13,755.57,1,12
84,sybil_39,773.81,-1.6,1.2593,-1.9296,90.0,D0E0,4,123.91,724.88,1,13
84,sybil_4,620.54,198.4,8.1425,3.8745,90.0,C1D1,9,151.35,568.55,1,1
84,sybil_5,620.54,198.4,21.3179,5.1005,90.0,C1D1,9,151.35,568.55,1,1
84,sybil_6,486.93,198.4,10.9708,-13.944,90.0,C1D1,10,86.66,575.77,1,2
84,sybil_7,486.93,198.4,13.3207,-2.5323,90.0,C1D1,10,86.66,575.77,1,2
84,sybil_8,486.93,198.4,12.648,4.8685,180.0,C1C0,10,86.66,575.77,1,2
84,sybil_9,419.06,201.6,1.9697,-5.4196,265.0,:C1_6,6,87.27,587.37,1,3
85,legit_0,926.48,798.4,13.2585,-0.6189,90.0,E4F4,1,130.34,556.07,0,-1
85,legit_10,601.6,235.25,10.2004,1.9983,0.0,D1D2,6,187.89,548.14,0,-1
85,legit_11,609.93,598.4,6.4152,-0.1829,86.31,D3E3,0,140.08,450.83,0,-1
85,legit_12,854.61,801.6,12.979,-0.8329,270.0,F4E4,1,111.43,527.03,0,-1
85,legit_13,-1.6,528.54,12.8169,-0.4017,180.0,A3A2,0,167.6,710.79,0,-1
85,legit_14,401.6,214.71,2.4147,2.4147,0.0,C1C2,6,106.36,584.94,0,-1
85,legit_4,489.24,1.6,12.9503,-0.0197,270.0,D0C0,0,124.73,711.58,0,-1
85,legit_5,348.13,1001.6,12.8165,0.5604,270.0,C5B5,3,128.55,610.61,0,-1
85,legit_6,398.4,838.08,13.2722,0.0584,180.0,C5C4,8,51.64,519.77,0,-1
85,legit_7,35.07,998.4,10.927,2.5889,90.0,A5B5,0,140.95,774.97,0,-1
85,legit_8,401.6,379.51,10.9405,-0.5989,0.0,C1C2,0,52.18,513.09,0,-1
85,legit_9,729.0,-1.6,11.3299,0.0368,90.0,D0E0,1,123.4,716.72,0,-1
85,sybil_0,772.13,198.4,6.8882,-25.9951,90.0,D1E1,5,81.46,586.95,1,0
85,sybil_1,772.13,198.4,15.0491,-3.8708,90.0,D1E1,5,81.46,586.95,1,0
85,sybil_10,413.27,201.6,6.9725,6.9725,270.0,D1C1,6,89.49,588.86,1,3
85,sybil_11,413.27,201.6,0.0,-7.4172,270.0,D1C1,6,89.49,588.86,1,3
85,sybil_16,388.85,798.4,8.4827,5.8324,90.0,B4C4,8,73.96,510.81,1,5
85,sybil_17,388.85,798.4,21.4561,3.7826,90.0,B4C4,8,73.96,510.81,1,5
85,sybil_18,209.6,798.4,0.0,-10.0601,115.25,B4C4,5,72.69,587.31,1,6
85,sybil_19,209.6,798.4,13.4453,8.5214,270.0,C4B4,5,72.69,587.31,1,6
85,sybil_2,772.13,198.4,13.8434,10.8387,90.0,D1E1,5,81.46,586.95,1,0
85,sybil_20,209.6,798.4,9.1208,-4.5791,270.0,C4B4,5,72.69,587.31,1,6
85,sybil_21,284.24,801.6,12.1743,10.932,270.0,C4B4,11,139.63,552.14,1,7
85,sybil_22,284.24,801.6,0.0,-9.8906,270.0,D4C4,11,139.63,552.14,1,7
85,sybil_23,284.24,801.6,0.0,-13.2063,270.0,D4C4,11,139.63,552.14,1,7
85,sybil_24,401.6,889.84,3.6074,2.3326,0.0,C4C5,9,69.47,538.82,1,8
85,sybil_25,401.6,889.84,0.2724,-10.3418,0.0,C4C5,9,69.47,538.82,1,8
85,sybil_26,401.6,889.84,11.9133,-7.1377,0.0,C3C4,9,69.47,538.82,1,8
85,sybil_27,401.6,648.21,6.5001,-8.7483,0.0,C3C4,5,68.31,480.18,1,9
85,sybil_28,401.6,648.21,0.0,-0.1149,277.68,:C3_4,5,68.31,480.18,1,9
85,sybil_29,401.6,648.21,0.0,-22.598,270.0,D3C3,5,68.31,480.18,1,9
85,sybil_3,634.23,198.4,15.0811,2.455,90.0,D1E1,9,139.82,568.96,1,1
85,sybil_30,433.35,601.6,18.2682,4.0939,270.0,D3C3,5,16.73,468.18,1,10
85,sybil_31,433.35,601.6,17.6793,-7.5533,270.0,D3C3,5,16.73,468.18,1,10
85,sybil_32,433.35,601.6,12.6676,4.4941,0.0,F0F1,5,16.73,468.18,1,10
85,sybil_33,1001.6,42.36,6.1879,-0.6441,0.0,F0F1,5,91.49,770.44,1,11
85,sybil_34,1001.6,42.36,18.7513,7.3558,90.0,E0F0,5,91.49,770.44,1,11
85,sybil_35,1001.6,42.36,15.7988,0.0821,90.0,E0F0,5,91.49,770.44,1,11
85,sybil_36,896.24,-1.6,25.1704,8.7601,90.0,E0F0,6,190.19,759.71,1,12
85,sybil_37,896.24,-1.6,16.6421,-4.6348,90.0,E0F0,6,190.19,759.71,1,12
85,sybil_38,896.24,-1.6,0.0,-9.1734,90.0,E0F0,6,190.19,759.71,1,12
85,sybil_39,787.03,-1.6,20.8505,19.5912,90.0,D0E0,4,127.11,727.79,1,13
85,sybil_4,634.23,198.4,0.0,-8.1425,90.0,C1D1,9,139.82,568.96,1,1
85,sybil_5,634.23,198.4,2.9348,-18.3831,90.0,C1D1,9,139.82,568.96,1,1
85,sybil_6,499.7,198.4,5.3679,-5.6029,90.0,C1D1,10,92.82,574.11,1,2
85,sybil_7,499.7,198.4,10.4216,-2.8992,90.0,C1D1,10,92.82,574.11,1,2
85,sybil_8,499.7,198.4,17.4861,4.8381,180.0,C1C0,10,92.82,574.11,1,2
85,sybil_9,413.27,201.6,5.9622,3.9925,223.16,:C1_6,6,89.49,588.86,1,3
86,legit_0,939.75,798.4,13.2714,0.0129,90.0,E4F4,1,117.84,562.2,0,-1
86,legit_10,601.6,246.4,11.1594,0.959,0.0,D1D2,6,186.89,542.37,0,-1
86,legit_11,617.66,598.4,7.7332,1.3181,90.0,D3E3,0,132.35,450.95,0,-1
86,legit_12,841.23,801.6,13.379,0.4,270.0,F4E4,1,98.98,522.07,0,-1
86,legit_13,-1.6,515.49,13.0512,0.2343,180.0,A3A2,0,173.56,712.04,0,-1
86,legit_14,401.6,219.2,4.4855,2.0708,0.0,C1C2,6,110.38,582.56,0,-1
86,legit_4,476.56,1.6,12.6792,-0.2712,270.0,D0C0,0,121.34,713.32,0,-1
86,legit_5,336.1,1001.6,12.0278,-0.7887,270.0,C5B5,3,138.27,614.87,0,-1
86,legit_6,398.4,825.46,12.6188,-0.6534,180.0,C5C4,8,53.61,515.64,0,-1
86,legit_7,46.82,998.4,11.754,0.8271,90.0,A5B5,0,131.55,766.6,0,-1
86,legit_8,401.6,387.9,8.3862,-2.5543,0.0,C1C2,0,55.86,510.59,0,-1
86,legit_9,740.62,-1.6,11.6222,0.2923,90.0,D0E0,1,121.96,718.58,0,-1
86,sybil_0,783.47,198.4,7.7962,0.908,90.0,D1E1,5,85.24,589.77,1,0
86,sybil_1,783.47,198.4,7.2711,-7.7779,90.0,D1E1,5,85.24,589.77,1,0
86,sybil_10,408.2,201.6,0.0,-6.9725,270.0,D1C1,6,91.68,590.21,1,3
86,sybil_11,408.2,201.6,22.8208,22.8208,270.0,D1C1,6,91.68,590.21,1,3
86,sybil_16,392.25,798.4,0.0,-8.4827,90.0,B4C4,11,71.17,509.71,1,5
86,sybil_17,392.25,798.4,14.9039,-6.5522,90.0,B4C4,11,71.17,509.71,1,5
86,sybil_18,214.99,798.4,0.0,0.0,90.0,B4C4,5,77.17,584.5,1,6
86,sybil_19,214.99,798.4,18.0896,4.6443,270.0,C4B4,5,77.17,584.5,1,6
86,sybil_2,783.47,198.4,26.5895,12.7461,90.0,D1E1,5,85.24,589.77,1,0
86,sybil_20,214.99,798.4,8.3984,-0.7224,270.0,C4B4,5,77.17,584.5,1,6
86,sybil_21,271.63,801.6,3.3577,-8.8166,270.0,C4B4,8,127.55,557.8,1,7
86,sybil_22,271.63,801.6,0.0,0.0,270.0,D4C4,8,127.55,557.8,1,7
86,sybil_23,271.63,801.6,0.0,0.0,270.0,D4C4,8,127.55,557.8,1,7
86,sybil_24,401.6,903.36,10.3311,6.7238,0.0,C4C5,6,79.73,544.74,1,8
86,sybil_25,401.6,903.36,15.975,15.7026,0.0,C4C5,6,79.73,544.74,1,8
86,sybil_26,401.6,903.36,11.6848,-0.2285,0.0,C3C4,6,79.73,544.74,1,8
86,sybil_27,401.6,658.65,9.1727,2.6726,0.0,C3C4,7,76.04,481.16,1,9
86,sybil_28,401.6,658.65,3.2167,3.2167,321.74,:C3_4,7,76.04,481.16,1,9
86,sybil_29,401.6,658.65,14.1001,14.1001,270.0,D3C3,7,76.04,481.16,1,9
86,sybil_3,646.96,198.4,19.1893,4.1083,90.0,D1E1,9,129.47,569.54,1,1
86,sybil_30,427.0,601.6,0.0,-18.2682,270.0,D3C3,5,23.05,470.04,1,10
86,sybil_31,427.0,601.6,0.0,-17.6793,270.0,D3C3,5,23.05,470.04,1,10
86,sybil_32,427.0,601.6,9.1895,-3.478,0.0,F0F1,5,23.05,470.04,1,10
86,sybil_33,1001.6,55.99,4.2405,-1.9474,0.0,F0F1,5,80.25,760.8,1,11
86,sybil_34,1001.6,55.99,4.8403,-13.9109,88.99,:F0_1,5,80.25,760.8,1,11
86,sybil_35,1001.6,55.99,4.6944,-11.1044,90.0,E0F0,5,80.25,760.8,1,11
86,sybil_36,908.97,-1.6,17.824,-7.3463,90.0,E0F0,6,186.21,764.26,1,12
86,sybil_37,908.97,-1.6,7.0918,-9.5503,90.0,E0F0,6,186.21,764.26,1,12
86,sybil_38,908.97,-1.6,2.4101,2.4101,90.0,E0F0,6,186.21,764.26,1,12
86,sybil_39,799.99,-1.6,24.9366,4.0861,90.0,:E0_6,4,131.48,730.86,1,13
86,sybil_4,646.96,198.4,5.0471,5.0471,90.0,:D1_13,9,129.47,569.54,1,1
86,sybil_5,646.96,198.4,11.9238,8.989,90.0,C1D1,9,129.47,569.54,1,1
86,sybil_6,512.11,198.4,11.3883,6.0204,90.0,C1D1,10,100.02,572.71,1,2
86,sybil_7,512.11,198.4,18.2349,7.8134,90.0,C1D1,10,100.02,572.71,1,2
86,sybil_8,512.11,198.4,0.0,-17.4861,180.0,C1C0,10,100.02,572.71,1,2
86,sybil_9,408.2,201.6,5.6277,-0.3345,183.23,C1C0,6,91.68,590.21,1,3
87,legit_0,952.89,798.4,13.1416,-0.1298,90.0,E4F4,1,105.64,568.44,0,-1
87,legit_10,601.6,257.91,11.5094,0.3499,0.0,D1D2,6,180.12,536.58,0,-1
87,legit_11,627.89,598.4,10.2255,2.4923,90.0,D3E3,0,122.12,451.21,0,-1
87,legit_12,827.91,801.6,13.3223,-0.0566,270.0,F4E4,1,86.86,517.34,0,-1
87,legit_13,-1.6,502.12,13.3769,0.3257,180.0,A3A2,0,180.45,713.52,0,-1
87,legit_14,401.6,226.16,6.9565,2.4709,0.0,C1C2,6,116.67,578.91,0,-1
87,legit_4,463.52,1.6,13.0398,0.3606,270.0,D0C0,0,119.17,715.33,0,-1
87,legit_5,323.45,1001.6,12.6475,0.6196,270.0,C5B5,3,148.87,619.51,0,-1
87,legit_6,398.4,814.28,11.183,-1.4358,180.0,C5C4,11,57.65,512.24,0,-1
87,legit_7,58.43,998.4,11.6096,-0.1444,90.0,A5B5,0,122.65,758.44,0,-1
87,legit_8,401.6,392.27,4.3744,-4.0118,0.0,C1C2,0,58.17,509.34,0,-1
87,legit_9,751.45,-1.6,10.8206,-0.8015,90.0,D0E0,1,121.61,720.48,0,-1
87,sybil_0,790.3,198.4,13.3805,5.5843,90.0,D1E1,5,88.15,591.56,1,0
87,sybil_1,790.3,198.4,8.2142,0.9431,90.0,D1E1,5,88.15,591.56,1,0
87,sybil_10,401.3,199.82,11.842,11.842,250.99,:C1_6,6,93.5,593.08,1,3
87,sybil_11,401.3,199.82,17.0092,-5.8116,270.0,D1C1,6,93.5,593.08,1,3
87,sybil_16,392.49,798.4,7.7712,7.7712,90.0,B4C4,11,70.98,509.63,1,5
87,sybil_17,392.49,798.4,2.5285,-12.3754,90.0,B4C4,11,70.98,509.63,1,5
87,sybil_18,222.6,798.4,6.6365,6.6365,90.0,B4C4,5,83.68,580.59,1,6
87,sybil_19,222.6,798.4,0.0,-18.0896,245.95,:B4_7,5,83.68,580.59,1,6
87,sybil_2,790.3,198.4,11.1523,-15.4372,90.0,D1E1,5,88.15,591.56,1,0
87,sybil_20,222.6,798.4,22.8294,14.431,270.0,C4B4,5,83.68,580.59,1,6
87,sybil_21,259.39,801.6,40.3124,36.9546,270.0,C4B4,8,115.93,563.46,1,7
87,sybil_22,259.39,801.6,0.0,0.0,270.0,D4C4,8,115.93,563.46,1,7
87,sybil_23,259.39,801.6,0.0,0.0,270.0,D4C4,8,115.93,563.46,1,7
87,sybil_24,401.6,915.97,19.4019,9.0707,0.0,C4C5,6,90.08,550.46,1,8
87,sybil_25,401.6,915.97,16.9807,1.0057,0.0,C4C5,6,90.08,550.46,1,8
87,sybil_26,401.6,915.97,4.6047,-7.08,0.0,C3C4,6,90.08,550.46,1,8
87,sybil_27,401.6,669.86,17.7999,8.6272,0.0,C3C4,8,84.99,482.36,1,9
87,sybil_28,401.6,669.86,0.6541,-2.5626,356.74,C3C4,8,84.99,482.36,1,9
87,sybil_29,401.6,669.86,6.3392,-7.7609,270.0,D3C3,8,84.99,482.36,1,9
87,sybil_3,659.91,198.4,10.9798,-8.2096,90.0,D1E1,9,119.42,570.32,1,1
87,sybil_30,421.25,601.6,8.4068,8.4068,270.0,D3C3,5,28.79,471.77,1,10
87,sybil_31,421.25,601.6,7.9178,7.9178,270.0,D3C3,5,28.79,471.77,1,10
87,sybil_32,421.25,601.6,0.0,-9.1895,0.0,F0F1,5,28.79,471.77,1,10
87,sybil_33,1001.6,68.97,0.0,-4.2405,0.0,F0F1,5,70.33,751.78,1,11
87,sybil_34,1001.6,68.97,0.0,-4.8403,60.22,:F0_1,5,70.33,751.78,1,11
87,sybil_35,1001.6,68.97,3.0778,-1.6166,90.0,E0F0,5,70.33,751.78,1,11
87,sybil_36,920.73,-1.6,13.6819,-4.1421,90.0,E0F0,6,177.48,768.62,1,12
87,sybil_37,920.73,-1.6,16.4642,9.3724,90.0,E0F0,6,177.48,768.62,1,12
87,sybil_38,920.73,-1.6,11.7841,9.374,90.0,E0F0,6,177.48,768.62,1,12
87,sybil_39,812.66,-1.6,0.0,-24.9366,90.0,E0F0,4,136.8,734.06,1,13
87,sybil_4,659.91,198.4,5.7856,0.7385,90.0,D1E1,9,119.42,570.32,1,1
87,sybil_5,659.91,198.4,7.3744,-4.5493,90.0,C1D1,9,119.42,570.32,1,1
87,sybil_6,524.7,198.4,21.9073,10.519,90.0,C1D1,10,108.29,571.51,1,2
87,sybil_7,524.7,198.4,9.7867,-8.4483,90.0,C1D1,10,108.29,571.51,1,2
87,sybil_8,524.7,198.4,1.1143,1.1143,180.0,C1C0,10,108.29,571.51,1,2
87,sybil_9,401.3,199.82,16.929,11.3013,180.0,C1C0,6,93.5,593.08,1,3
88,legit_0,966.7,798.4,13.808,0.6664,90.0,E4F4,1,93.11,575.21,0,-1
88,legit_10,601.6,269.72,11.8021,0.2928,0.0,D1D2,6,173.71,530.82,0,-1
88,legit_11,640.03,598.4,12.138,1.9125,90.0,D3E3,0,109.99,451.67,0,-1
88,legit_12,817.54,801.6,10.3645,-2.9578,270.0,F4E4,1,77.7,513.8,0,-1
88,legit_13,-1.6,488.24,13.8794,0.5026,180.0,A3A2,0,188.34,715.28,0,-1
88,legit_14,401.6,234.47,8.3135,1.357,0.0,C1C2,6,124.28,574.61,0,-1
88,legit_4,450.11,1.6,13.4085,0.3687,270.0,D0C0,0,118.4,717.64,0,-1
88,legit_5,311.76,1001.6,11.6955,-0.952,270.0,C5B5,3,158.93,623.95,0,-1
88,legit_6,398.4,807.6,6.683,-4.5,180.0,C5C4,8,60.93,510.3,0,-1
88,legit_7,69.78,998.4,11.3489,-0.2607,90.0,A5B5,0,114.43,750.59,0,-1
88,legit_8,400.71,394.04,2.0692,-2.3052,349.29,:C2_19,0,59.9,509.11,0,-1
88,legit_9,763.22,-1.6,11.7708,0.9501,90.0,D0E0,1,122.32,722.71,0,-1
88,sybil_0,798.84,200.26,12.2632,-1.1173,70.23,:E1_14,5,93.95,592.88,1,0
88,sybil_1,798.84,200.26,9.9977,1.7834,90.0,D1E1,5,93.95,592.88,1,0
88,sybil_10,398.5,193.48,18.4383,6.5963,196.29,:C1_6,6,89.73,597.38,1,3
88,sybil_11,398.5,193.48,5.9767,-11.0325,270.0,D1C1,6,89.73,597.38,1,3
88,sybil_16,392.65,798.4,21.0821,13.3109,90.0,B4C4,11,70.85,509.58,1,5
88,sybil_17,392.65,798.4,22.9201,20.3916,90.0,B4C4,11,70.85,509.58,1,5
88,sybil_18,232.47,798.4,9.6355,2.999,90.0,B4C4,5,92.37,575.62,1,6
88,sybil_19,232.47,798.4,13.0162,13.0162,166.47,B4C4,5,92.37,575.62,1,6
88,sybil_2,798.84,200.26,7.5146,-3.6377,90.0,D1E1,5,93.95,592.88,1,0
88,sybil_20,232.47,798.4,9.9469,-12.8825,270.0,C4B4,5,92.37,575.62,1,6
88,sybil_21,247.27,801.6,7.8432,-32.4692,270.0,C4B4,7,104.57,569.22,1,7
88,sybil_22,247.27,801.6,6.4115,6.4115,270.0,D4C4,7,104.57,569.22,1,7
88,sybil_23,247.27,801.6,6.7878,6.7878,270.0,D4C4,7,104.57,569.22,1,7
88,sybil_24,401.6,929.27,11.0246,-8.3773,0.0,C4C5,6,101.54,556.68,1,8
88,sybil_25,401.6,929.27,15.6436,-1.3371,0.0,C4C5,6,101.54,556.68,1,8
88,sybil_26,401.6,929.27,10.8235,6.2188,0.0,C3C4,6,101.54,556.68,1,8
88,sybil_27,401.6,680.78,14.1628,-3.6371,0.0,C3C4,8,94.17,483.69,1,9
88,sybil_28,401.6,680.78,6.1218,5.4677,0.0,C3C4,8,94.17,483.69,1,9
88,sybil_29,401.6,680.78,10.7744,4.4352,276.37,:C3_4,8,94.17,483.69,1,9
88,sybil_3,673.52,198.4,12.7228,1.743,90.0,D1E1,9,109.52,571.36,1,1
88,sybil_30,417.14,601.6,8.0139,-0.3929,270.0,D3C3,5,32.9,473.03,1,10
88,sybil_31,417.14,601.6,8.7243,0.8065,270.0,D3C3,5,32.9,473.03,1,10
88,sybil_32,417.14,601.6,1.8462,1.8462,0.0,F0F1,5,32.9,473.03,1,10
88,sybil_33,1001.6,81.71,9.6521,9.6521,0.0,F0F1,5,61.72,743.1,1,11
88,sybil_34,1001.6,81.71,0.0,0.0,3.38,F0F1,5,61.72,743.1,1,11
88,sybil_35,1001.6,81.71,8.9928,5.915,90.0,E0F0,5,61.72,743.1,1,11
88,sybil_36,932.74,-1.6,19.2788,5.5969,90.0,E0F0,6,168.93,773.21,1,12
88,sybil_37,932.74,-1.6,0.0,-16.4642,90.0,E0F0,6,168.93,773.21,1,12
88,sybil_38,932.74,-1.6,8.5613,-3.2228,90.0,E0F0,6,168.93,773.21,1,12
88,sybil_39,825.42,-1.6,15.7328,15.7328,90.0,E0F0,4,143.09,737.48,1,13
88,sybil_4,673.52,198.4,15.0412,9.2556,90.0,D1E1,9,109.52,571.36,1,1
88,sybil_5,673.52,198.4,2.1758,-5.1986,90.0,C1D1,9,109.52,571.36,1,1
88,sybil_6,536.93,198.4,2.691,-19.2163,90.0,C1D1,10,117.06,570.54,1,2
88,sybil_7,536.93,198.4,8.1205,-1.6662,90.0,C1D1,10,117.06,570.54,1,2
88,sybil_8,536.93,198.4,14.4588,13.3445,180.0,C1C0,10,117.06,570.54,1,2
88,sybil_9,398.5,193.48,25.7038,8.7748,180.0,C1C0,6,89.73,597.38,1,3
89,legit_0,979.43,798.4,12.7288,-1.0793,90.0,E4F4,0,81.92,581.63,0,-1
89,legit_10,601.6,281.5,11.7874,-0.0147,0.0,D1D2,6,167.88,525.25,0,-1
89,legit_11,653.21,598.4,13.1881,1.0501,90.0,D3E3,0,96.8,452.36,0,-1
89,legit_12,811.32,801.6,6.2274,-4.1372,270.0,F4E4,0,72.35,511.74,0,-1
89,legit_13,-1.6,475.58,12.654,-1.2254,180.0,A3A2,0,190.64,717.08,0,-1
89,legit_14,401.6,244.1,9.6346,1.3212,0.0,C1C2,4,125.6,569.71,0,-1
89,legit_4,437.45,1.6,12.6631,-0.7454,270.0,D0C0,0,119.06,720.03,0,-1
89,legit_5,299.06,1001.6,12.6938,0.9984,270.0,C5B5,3,168.42,628.94,0,-1
89,legit_6,398.86,803.97,3.6664,-3.0166,174.69,:C4_2,8,62.56,509.14,0,-1
89,legit_7,82.05,998.4,12.2692,0.9202,90.0,A5B5,0,106.19,742.24,0,-1
89,legit_8,399.03,393.74,2.0005,-0.0687,313.0,:C2_19,1,61.13,509.73,0,-1
89,legit_9,774.25,-1.6,11.0385,-0.7323,90.0,D0E0,1,124.0,724.98,0,-1
89,sybil_0,801.6,207.63,5.8196,-6.4436,10.51,E1E2,5,101.69,589.65,1,0
89,sybil_1,801.6,207.63,14.9765,4.9788,90.0,D1E1,5,101.69,589.65,1,0
89,sybil_10,398.4,186.26,20.8802,2.4419,180.0,C1C0,3,83.98,601.44,1,3
89,sybil_11,398.4,186.26,6.6175,0.6408,257.31,:C1_6,3,83.98,601.44,1,3
89,sybil_16,392.7,798.4,0.0,-21.0821,90.0,B4C4,11,70.81,509.57,1,5
89,sybil_17,392.7,798.4,7.441,-15.4792,90.0,B4C4,11,70.81,509.57,1,5
89,sybil_18,243.0,798.4,6.8144,-2.8211,90.0,B4C4,7,101.88,570.43,1,6
89,sybil_19,243.0,798.4,2.8607,-10.1555,92.73,B4C4,7,101.88,570.43,1,6
89,sybil_2,801.6,207.63,21.0522,13.5376,90.0,D1E1,5,101.69,589.65,1,0
89,sybil_20,243.0,798.4,13.9389,3.992,270.0,C4B4,7,101.88,570.43,1,6
89,sybil_21,235.49,801.6,8.6776,0.8345,270.0,C4B4,5,93.72,574.97,1,7
89,sybil_22,235.49,801.6,0.0,-6.4115,270.0,D4C4,5,93.72,574.97,1,7
89,sybil_23,235.49,801.6,0.0,-6.7878,270.0,D4C4,5,93.72,574.97,1,7
89,sybil_24,401.6,942.19,5.3263,-5.6983,0.0,C4C5,6,113.07,562.91,1,8
89,sybil_25,401.6,942.19,18.5674,2.9238,0.0,C4C5,6,113.07,562.91,1,8
89,sybil_26,401.6,942.19,11.8031,0.9796,0.0,C3C4,6,113.07,562.91,1,8
89,sybil_27,401.6,691.15,9.1309,-5.0319,0.0,C3C4,8,103.2,485.08,1,9
89,sybil_28,401.6,691.15,22.1825,16.0607,0.0,C3C4,8,103.2,485.08,1,9
89,sybil_29,401.6,691.15,0.0,-10.7744,331.73,:C3_4,8,103.2,485.08,1,9
89,sybil_3,687.23,198.4,11.3733,-1.3494,90.0,D1E1,9,100.43,572.64,1,1
89,sybil_30,413.4,601.6,0.0,-8.0139,270.0,D3C3,5,36.64,474.2,1,10
89,sybil_31,413.4,601.6,0.0,-8.7243,270.0,D3C3,5,36.64,474.2,1,10
89,sybil_32,413.4,601.6,18.5094,16.6632,0.0,F0F1,5,36.64,474.2,1,10
89,sybil_33,1001.6,95.08,21.6712,12.0191,0.0,F0F1,5,54.44,734.18,1,11
89,sybil_34,1001.6,95.08,5.9936,5.9936,0.0,F0F1,5,54.44,734.18,1,11
89,sybil_35,1001.6,95.08,26.5972,17.6044,90.0,E0F0,5,54.44,734.18,1,11
89,sybil_36,944.79,-1.6,30.1446,10.8658,90.0,E0F0,6,160.79,777.97,1,12
89,sybil_37,944.79,-1.6,18.3146,18.3146,90.0,E0F0,6,160.79,777.97,1,12
89,sybil_38,944.79,-1.6,0.0,-8.5613,90.0,E0F0,6,160.79,777.97,1,12
89,sybil_39,838.59,-1.6,16.3412,0.6085,90.0,E0F0,4,150.45,741.2,1,13
89,sybil_4,687.23,198.4,12.8796,-2.1615,90.0,D1E1,9,100.43,572.64,1,1
89,sybil_5,687.23,198.4,0.0,-2.1758,90.0,C1D1,9,100.43,572.64,1,1
89,sybil_6,550.23,198.4,23.8935,21.2025,90.0,C1D1,6,127.25,569.69,1,2
89,sybil_7,550.23,198.4,0.0,-8.1205,90.0,C1D1,6,127.25,569.69,1,2
89,sybil_8,550.23,198.4,11.0348,-3.424,180.0,C1C0,6,127.25,569.69,1,2
89,sybil_9,398.4,186.26,20.1934,-5.5104,180.0,C1C0,3,83.98,601.44,1,3
90,legit_0,987.66,798.4,8.2288,-4.5,90.0,E4F4,0,74.95,585.88,0,-1
90,legit_10,601.6,292.46,10.9519,-0.8355,0.0,D1D2,7,163.05,520.25,0,-1
90,legit_11,666.03,598.4,12.8177,-0.3704,90.0,D3E3,0,83.98,453.22,0,-1
90,legit_12,803.07,801.6,8.2471,2.0198,270.0,:E4_5,0,65.5,509.09,0,-1
90,legit_13,-1.6,462.59,12.9964,0.3424,180.0,A3A2,0,183.05,719.12,0,-1
90,legit_14,401.6,256.27,12.1649,2.5303,0.0,C1C2,4,114.47,563.67,0,-1
90,legit_4,424.14,1.6,13.3088,0.6456,270.0,D0C0,0,121.19,722.78,0,-1
90,legit_5,286.31,1001.6,12.751,0.0572,270.0,C5B5,3,157.25,634.11,0,-1
90,legit_6,398.92,803.53,0.4425,-3.2239,173.97,:C4_2,8,62.76,509.0,0,-1
90,legit_7,93.68,998.4,11.6297,-0.6395,90.0,A5B5,0,99.15,734.48,0,-1
90,legit_8,398.4,391.28,2.6455,0.645,225.42,C2C1,1,60.34,510.62,0,-1
90,legit_9,784.51,-1.6,10.258,-0.7804,90.0,D0E0,1,126.4,727.22,0,-1
90,sybil_0,801.6,217.89,10.6727,4.8531,0.0,E1E2,5,110.66,584.16,1,0
90,sybil_1,801.6,217.89,14.3156,-0.6608,90.0,D1E1,5,110.66,584.16,1,0
90,sybil_10,398.4,176.66,14.201,-6.6792,180.0,C1C0,3,76.63,606.9,1,3
90,sybil_11,398.4,176.66,15.4609,8.8434,203.42,:C1_6,3,76.63,606.9,1,3
90,sybil_12,591.7,201.6,2.3082,0.0,270.0,D1C1,7,163.52,566.53,1,4
90,sybil_16,392.7,798.4,0.0,0.0,90.0,B4C4,8,70.81,509.57,1,5
90,sybil_17,392.7,798.4,13.0296,5.5886,90.0,B4C4,8,70.81,509.57,1,5
90,sybil_18,254.36,798.4,2.3708,-4.4437,90.0,B4C4,8,112.35,564.97,1,6
90,sybil_19,254.36,798.4,0.0,-2.8607,90.0,B4C4,8,112.35,564.97,1,6
90,sybil_2,801.6,217.89,27.2909,6.2387,90.0,D1E1,5,110.66,584.16,1,0
90,sybil_20,254.36,798.4,0.0,-13.9389,270.0,C4B4,8,112.35,564.97,1,6
90,sybil_21,225.53,801.6,15.8371,7.1595,270.0,C4B4,5,84.73,579.94,1,7
90,sybil_22,225.53,801.6,19.8412,19.8412,270.0,D4C4,5,84.73,579.94,1,7
90,sybil_23,225.53,801.6,1.255,1.255,270.0,D4C4,5,84.73,579.94,1,7
90,sybil_24,401.6,955.25,12.5119,7.1856,0.0,C4C5,3,125.0,569.39,1,8
90,sybil_25,401.6,955.25,9.2378,-9.3296,0.0,C4C5,3,125.0,569.39,1,8
90,sybil_26,401.6,955.25,0.0,-11.8031,0.0,C3C4,3,125.0,569.39,1,8
90,sybil_27,401.6,701.41,0.0,-9.1309,0.0,C3C4,8,112.37,486.58,1,9
90,sybil_28,401.6,701.41,4.8911,-17.2914,0.0,C3C4,8,112.37,486.58,1,9
90,sybil_29,401.6,701.41,16.007,16.007,359.28,C3C4,8,112.37,486.58,1,9
90,sybil_3,700.6,198.4,14.3775,3.0041,90.0,D1E1,10,92.67,574.14,1,1
90,sybil_30,409.0,601.6,0.0,0.0,270.0,D3C3,5,41.04,475.58,1,10
90,sybil_31,409.0,601.6,0.0,0.0,270.0,D3C3,5,41.04,475.58,1,10
90,sybil_32,409.0,601.6,0.0,-18.5094,0.0,F0F1,5,41.04,475.58,1,10
90,sybil_33,1001.6,108.08,14.6559,-7.0153,0.0,F0F1,5,49.85,725.76,1,11
90,sybil_34,1001.6,108.08,8.039,2.0454,0.0,F0F1,5,49.85,725.76,1,11
90,sybil_35,1001.6,108.08,16.4113,-10.1859,90.0,E0F0,5,49.85,725.76,1,11
90,sybil_36,956.65,-1.6,14.9478,-15.1968,90.0,E0F0,6,153.3,782.79,1,12
90,sybil_37,956.65,-1.6,20.1705,1.8559,90.0,E0F0,6,153.3,782.79,1,12
90,sybil_38,956.65,-1.6,12.4336,12.4336,90.0,E0F0,6,153.3,782.79,1,12
90,sybil_39,851.19,-1.6,7.702,-8.6392,90.0,E0F0,4,158.19,744.94,1,13
90,sybil_4,700.6,198.4,4.2797,-8.5999,90.0,D1E1,10,92.67,574.14,1,1
90,sybil_5,700.6,198.4,0.0475,0.0475,90.0,:D1_13,10,92.67,574.14,1,1
90,sybil_6,563.31,198.4,26.2488,2.3553,90.0,C1D1,7,137.79,569.06,1,2
90,sybil_7,563.31,198.4,0.0,0.0,90.0,C1D1,7,137.79,569.06,1,2
90,sybil_8,563.31,198.4,0.0,-11.0348,180.0,C1C0,7,137.79,569.06,1,2
90,sybil_9,398.4,176.66,13.5858,-6.6075,180.0,C1C0,3,76.63,606.9,1,3
91,legit_0,991.84,798.4,4.1856,-4.0431,90.0,E4F4,0,71.5,588.07,0,-1
91,legit_10,601.6,303.73,11.2773,0.3254,0.0,D1D2,4,158.71,515.26,0,-1
91,legit_11,679.29,598.4,13.2618,0.4441,90.0,D3E3,0,70.72,454.31,0,-1
91,legit_12,793.23,801.6,9.8345,1.5874,270.0,:E4_5,0,57.82,506.05,0,-1
91,legit_13,-1.6,449.72,12.8655,-0.131,180.0,A3A2,0,176.16,721.33,0,-1
91,legit_14,401.6,269.74,13.4687,1.3038,0.0,C1C2,4,102.42,557.15,0,-1
91,legit_15,798.4,187.7,0.0,0.0,180.0,E1E0,6,83.22,599.73,0,-1
91,legit_4,413.67,1.6,10.4709,-2.8379,270.0,D0C0,0,123.85,725.1,0,-1
91,legit_5,273.67,1001.6,12.646,-0.105,270.0,C5B5,3,146.42,639.4,0,-1
91,legit_6,398.96,803.33,0.2067,-0.2358,173.53,:C4_2,8,62.85,508.93,0,-1
91,legit_7,105.69,998.4,12.0097,0.3801,90.0,A5B5,0,92.85,726.63,0,-1
91,legit_8,398.4,386.54,4.743,2.0975,180.0,C2C1,1,58.03,511.99,0,-1
91,legit_9,792.1,-1.6,7.5885,-2.6695,90.0,D0E0,1,128.68,728.97,0,-1
91,sybil_0,801.6,230.73,16.5497,5.877,0.0,E1E2,6,122.16,577.44,1,0
91,sybil_1,801.6,230.73,12.0001,-2.3155,90.0,D1E1,6,122.16,577.44,1,0
91,sybil_10,398.4,164.86,3.9353,-10.2657,180.0,C1C0,3,68.37,613.76,1,3
91,sybil_11,398.4,164.86,16.5114,1.0505,180.0,C1C0,3,68.37,613.76,1,3
91,sybil_12,589.47,201.6,2.9724,0.6642,270.0,D1C1,7,161.59,566.56,1,4
91,sybil_16,392.7,798.4,0.0,0.0,90.0,B4C4,8,70.81,509.57,1,5
91,sybil_17,392.7,798.4,0.0,-13.0296,90.0,B4C4,8,70.81,509.57,1,5
91,sybil_18,265.81,798.4,8.8204,6.4496,90.0,B4C4,8,123.05,559.61,1,6
91,sybil_19,265.81,798.4,13.3563,13.3563,90.0,B4C4,8,123.05,559.61,1,6
91,sybil_2,801.6,230.73,5.0488,-22.242,90.0,D1E1,6,122.16,577.44,1,0
91,sybil_20,265.81,798.4,12.6716,12.6716,241.23,:B4_7,8,123.05,559.61,1,6
91,sybil_21,218.85,801.6,8.9209,-6.9162,270.0,C4B4,5,78.83,583.34,1,7
91,sybil_22,218.85,801.6,0.0,-19.8412,270.0,D4C4,5,78.83,583.34,1,7
91,sybil_23,218.85,801.6,1.3044,0.0494,270.0,D4C4,5,78.83,583.34,1,7
91,sybil_24,401.6,968.34,16.0822,3.5703,0.0,C4C5,3,121.7,576.05,1,8
91,sybil_25,401.6,968.34,26.9817,17.7439,0.0,C4C5,3,121.7,576.05,1,8
91,sybil_26,401.6,968.34,15.0146,15.0146,0.0,:C4_9,3,121.7,576.05,1,8
91,sybil_27,401.6,711.76,0.0,0.0,0.0,C3C4,8,121.79,488.21,1,9
91,sybil_28,401.6,711.76,14.7714,9.8804,0.0,C3C4,8,121.79,488.21,1,9
91,sybil_29,401.6,711.76,10.2985,-5.7085,0.0,C3C4,8,121.79,488.21,1,9
91,sybil_3,714.21,198.4,4.3153,-10.0622,90.0,D1E1,10,86.18,575.93,1,1
91,sybil_30,404.05,602.37,6.1803,6.1803,279.03,:C3_4,5,46.01,477.17,1,10
91,sybil_31,404.05,602.37,3.2242,3.2242,270.0,D3C3,5,46.01,477.17,1,10
91,sybil_32,404.05,602.37,11.4871,11.4871,0.0,F0F1,5,46.01,477.17,1,10
91,sybil_33,1001.6,121.58,11.6405,-3.0154,0.0,F0F1,5,48.43,717.32,1,11
91,sybil_34,1001.6,121.58,0.0,-8.039,0.0,F0F1,5,48.43,717.32,1,11
91,sybil_35,1001.6,121.58,9.9459,-6.4654,90.0,E0F0,5,48.43,717.32,1,11
91,sybil_36,968.57,-1.6,17.4966,2.5488,90.0,E0F0,6,146.34,787.79,1,12
91,sybil_37,968.57,-1.6,18.7625,-1.408,90.0,E0F0,6,146.34,787.79,1,12
91,sybil_38,968.57,-1.6,19.6514,7.2178,90.0,E0F0,6,146.34,787.79,1,12
91,sybil_39,864.84,-1.6,18.6012,10.8991,90.0,E0F0,4,167.25,749.19,1,13
91,sybil_4,714.21,198.4,13.1284,8.8487,90.0,D1E1,10,86.18,575.93,1,1
91,sybil_5,714.21,198.4,2.2506,2.2031,90.0,:D1_13,10,86.18,575.93,1,1
91,sybil_6,576.39,198.4,11.9604,-14.2884,90.0,C1D1,7,148.73,568.62,1,2
91,sybil_7,576.39,198.4,18.9243,18.9243,90.0,C1D1,7,148.73,568.62,1,2
91,sybil_8,576.39,198.4,8.7943,8.7943,180.0,C1C0,7,148.73,568.62,1,2
91,sybil_9,398.4,164.86,18.2999,4.7141,180.0,C1C0,3,68.37,613.76,1,3
92,legit_0,994.27,799.73,2.9927,-1.1929,73.26,:F4_8,0,68.76,589.68,0,-1
92,legit_10,601.6,314.34,10.6046,-0.6727,0.0,D1D2,4,155.27,510.74,0,-1
92,legit_11,692.41,598.4,13.1153,-0.1465,90.0,D3E3,0,57.61,455.58,0,-1
92,legit_12,781.06,801.6,12.1728,2.3383,270.0,E4D4,0,49.39,502.49,0,-1
92,legit_13,-1.6,437.03,12.6908,-0.1746,180.0,A3A2,0,170.05,723.7,0,-1
92,legit_14,401.6,283.39,13.6477,0.179,0.0,C1C2,4,90.62,550.75,0,-1
92,legit_15,798.4,185.21,2.4856,2.4856,180.0,E1E0,6,81.21,601.12,0,-1
92,legit_4,407.7,1.6,5.9709,-4.5,270.0,D0C0,0,125.73,726.48,0,-1
92,legit_5,260.94,1001.6,12.7295,0.0834,270.0,C5B5,4,135.84,644.9,0,-1
92,legit_6,398.97,803.31,0.0264,-0.1803,173.37,:C4_2,8,62.85,508.92,0,-1
92,legit_7,117.8,998.4,12.1072,0.0975,90.0,A5B5,1,87.72,718.89,0,-1
92,legit_8,398.4,380.18,6.3572,1.6141,180.0,C2C1,1,55.41,513.89,0,-1
92,legit_9,796.63,-1.05,4.5758,-3.0127,83.7,:E0_7,1,129.72,729.61,0,-1
92,sybil_0,801.6,243.38,25.6411,9.0914,0.0,E1E2,6,127.52,570.99,1,0
92,sybil_1,801.6,243.38,0.0,-12.0001,75.78,:E1_14,6,127.52,570.99,1,0
92,sybil_10,398.4,152.18,18.5921,14.6568,180.0,C1C0,3,60.81,621.34,1,3
92,sybil_11,398.4,152.18,0.0,-16.5114,180.0,C1C0,3,60.81,621.34,1,3
92,sybil_12,585.13,201.6,1.7333,-1.2391,270.0,D1C1,7,157.86,566.62,1,4
92,sybil_16,392.7,798.4,2.3669,2.3669,90.0,B4C4,8,70.81,509.57,1,5
92,sybil_17,392.7,798.4,0.0,0.0,90.0,B4C4,8,70.81,509.57,1,5
92,sybil_18,276.62,798.4,7.3205,-1.4999,90.0,B4C4,11,133.28,554.67,1,6
92,sybil_19,276.62,798.4,21.6607,8.3044,90.0,B4C4,11,133.28,554.67,1,6
92,sybil_2,801.6,243.38,25.6111,20.5623,90.0,D1E1,6,127.52,570.99,1,0
92,sybil_20,276.62,798.4,0.0,-12.6716,182.55,B4C4,11,133.28,554.67,1,6
92,sybil_21,213.15,801.6,9.9985,1.0776,270.0,C4B4,5,73.91,586.28,1,7
92,sybil_22,213.15,801.6,0.0,0.0,270.0,D4C4,5,73.91,586.28,1,7
92,sybil_23,213.15,801.6,0.0,-1.3044,270.0,D4C4,5,73.91,586.28,1,7
92,sybil_24,401.6,979.77,20.4199,4.3378,0.0,C4C5,3,111.3,582.02,1,8
92,sybil_25,401.6,979.77,12.1469,-14.8348,0.0,C4C5,3,111.3,582.02,1,8
92,sybil_26,401.6,979.77,18.182,3.1674,0.0,C4C5,3,111.3,582.02,1,8
92,sybil_27,401.6,722.33,0.0,0.0,0.0,C3C4,11,127.23,490.01,1,9
92,sybil_28,401.6,722.33,7.9197,-6.8518,0.0,C3C4,11,127.23,490.01,1,9
92,sybil_29,401.6,722.33,13.1609,2.8624,0.0,C3C4,11,127.23,490.01,1,9
92,sybil_3,727.3,198.4,26.278,21.9627,90.0,D1E1,10,81.62,577.93,1,1
92,sybil_30,401.62,607.06,0.4332,-5.747,336.34,:C3_4,5,48.89,478.01,1,10
92,sybil_31,401.62,607.06,2.0049,-1.2194,270.0,D3C3,5,48.89,478.01,1,10
92,sybil_32,401.62,607.06,29.8968,18.4098,355.14,:F1_4,5,48.89,478.01,1,10
92,sybil_33,1001.6,134.45,16.1918,4.5513,0.0,F0F1,5,50.51,709.57,1,11
92,sybil_34,1001.6,134.45,10.1364,10.1364,0.0,F0F1,5,50.51,709.57,1,11
92,sybil_35,1001.6,134.45,0.0,-9.9459,90.0,E0F0,5,50.51,709.57,1,11
92,sybil_36,978.27,-1.6,10.8525,-6.6441,90.0,E0F0,6,141.18,791.97,1,12
92,sybil_37,978.27,-1.6,7.9369,-10.8256,90.0,E0F0,6,141.18,791.97,1,12
92,sybil_38,978.27,-1.6,18.7188,-0.9326,90.0,E0F0,6,141.18,791.97,1,12
92,sybil_39,878.26,-1.6,16.104,-2.4971,90.0,E0F0,4,176.74,753.56,1,13
92,sybil_4,727.3,198.4,20.497,7.3687,90.0,D1E1,10,81.62,577.93,1,1
92,sybil_5,727.3,198.4,2.2797,0.0291,90.0,D1E1,10,81.62,577.93,1,1
92,sybil_6,585.25,198.4,13.7053,1.7449,90.0,C1D1,7,156.33,568.43,1,2
92,sybil_7,585.25,198.4,1.3926,-17.5317,90.0,C1D1,7,156.33,568.43,1,2
92,sybil_8,585.25,198.4,6.2413,-2.553,180.0,C1C0,7,156.33,568.43,1,2
92,sybil_9,398.4,152.18,19.9497,1.6498,180.0,C1C0,3,60.81,621.34,1,3
93,legit_0,992.19,801.6,3.2484,0.2557,344.35,F4E4,0,69.41,589.07,0,-1
93,legit_10,601.6,325.56,11.2247,0.6201,0.0,D1D2,4,152.34,506.13,0,-1
93,legit_11,705.82,598.4,13.4115,0.2962,90.0,D3E3,0,44.21,457.08,0,-1
93,legit_12,767.79,801.6,13.2714,1.0986,270.0,E4D4,0,42.32,498.9,0,-1
93,legit_13,-1.6,423.84,13.1944,0.5035,180.0,A3A2,0,164.49,726.37,0,-1
93,legit_14,401.6,297.07,13.6829,0.0351,0.0,C1C2,1,79.39,544.55,0,-1
93,legit_15,798.4,180.27,4.94,2.4544,180.0,E1E0,6,77.3,603.93,0,-1
93,legit_4,402.5,3.83,5.9743,0.0034,297.07,:C0_3,3,125.51,725.97,0,-1
93,legit_5,248.45,1001.6,12.4832,-0.2463,270.0,C5B5,1,125.86,650.45,0,-1
93,legit_6,400.23,801.22,2.432,2.4056,160.54,:C4_16,8,63.1,507.95,0,-1
93,legit_7,129.85,998.4,12.049,-0.0582,90.0,A5B5,1,84.05,711.4,0,-1
93,legit_8,398.4,371.48,8.7063,2.3491,180.0,C2C1,1,52.86,516.62,0,-1
93,legit_9,801.07,3.49,6.5708,1.9951,39.57,:E0_10,1,127.21,727.12,0,-1
93,sybil_0,801.6,256.87,21.3928,-4.2483,0.0,E1E2,6,115.32,564.29,1,0
93,sybil_1,801.6,256.87,14.8639,14.8639,18.44,:E1_14,6,115.32,564.29,1,0
93,sybil_10,398.4,139.17,17.9647,-0.6274,180.0,C1C0,3,55.05,629.35,1,3
93,sybil_11,398.4,139.17,13.4077,13.4077,180.0,C1C0,3,55.05,629.35,1,3
93,sybil_12,578.99,201.6,4.6025,2.8692,270.0,D1C1,4,152.63,566.74,1,4
93,sybil_16,392.7,798.4,3.4255,1.0586,90.0,B4C4,8,70.81,509.57,1,5
93,sybil_17,392.7,798.4,15.4766,15.4766,90.0,B4C4,8,70.81,509.57,1,5
93,sybil_18,287.07,798.4,11.4453,4.1249,90.0,B4C4,11,143.24,550.01,1,6
93,sybil_19,287.07,798.4,12.7162,-8.9445,90.0,B4C4,11,143.24,550.01,1,6
93,sybil_2,801.6,256.87,7.6672,-17.9439,90.0,D1E1,6,115.32,564.29,1,0
93,sybil_20,287.07,798.4,3.3789,3.3789,93.56,B4C4,11,143.24,550.01,1,6
93,sybil_21,210.85,801.6,0.0,-9.9985,270.0,C4B4,5,71.96,587.48,1,7
93,sybil_22,210.85,801.6,0.0,0.0,270.0,D4C4,5,71.96,587.48,1,7
93,sybil_23,210.85,801.6,8.0266,8.0266,270.0,D4C4,5,71.96,587.48,1,7
93,sybil_24,401.6,988.04,0.3044,-20.1156,0.0,C4C5,2,103.92,586.42,1,8
93,sybil_25,401.6,988.04,10.6377,-1.5092,0.0,C4C5,2,103.92,586.42,1,8
93,sybil_26,401.6,988.04,10.185,-7.997,0.0,C4C5,2,103.92,586.42,1,8
93,sybil_27,401.6,733.55,17.3033,17.3033,0.0,C3C4,11,116.94,492.05,1,9
93,sybil_28,401.6,733.55,15.3281,7.4085,0.0,C3C4,11,116.94,492.05,1,9
93,sybil_29,401.6,733.55,18.5928,5.4319,0.0,C3C4,11,116.94,492.05,1,9
93,sybil_3,739.91,198.4,4.7718,-21.5062,90.0,D1E1,9,79.05,580.12,1,1
93,sybil_30,401.6,612.48,0.0,-0.4332,0.0,C3C4,5,49.98,478.12,1,10
93,sybil_31,401.6,612.48,0.0,-2.0049,270.0,D3C3,5,49.98,478.12,1,10
93,sybil_32,401.6,612.48,0.0,-29.8968,316.67,:F1_10,5,49.98,478.12,1,10
93,sybil_33,1001.6,147.9,16.8792,0.6874,0.0,F0F1,2,55.86,701.76,1,11
93,sybil_34,1001.6,147.9,18.65,8.5135,0.0,F0F1,2,55.86,701.76,1,11
93,sybil_35,1001.6,147.9,15.2405,15.2405,78.92,:F0_1,2,55.86,701.76,1,11
93,sybil_36,986.32,-1.6,13.0395,2.187,90.0,E0F0,3,137.27,795.52,1,12
93,sybil_37,986.32,-1.6,3.8071,-4.1297,90.0,E0F0,3,137.27,795.52,1,12
93,sybil_38,986.32,-1.6,8.7755,-9.9432,90.0,E0F0,3,137.27,795.52,1,12
93,sybil_39,891.5,-1.6,3.8177,-12.2863,90.0,E0F0,4,186.57,758.05,1,13
93,sybil_4,739.91,198.4,24.248,3.751,90.0,D1E1,9,79.05,580.12,1,1
93,sybil_5,739.91,198.4,23.8088,21.5291,90.0,D1E1,9,79.05,580.12,1,1
93,sybil_6,590.52,198.4,4.0932,-9.6121,90.0,C1D1,7,160.91,568.36,1,2
93,sybil_7,590.52,198.4,21.2437,19.8511,90.0,C1D1,7,160.91,568.36,1,2
93,sybil_8,590.52,198.4,15.8893,9.6481,180.0,C1C0,7,160.91,568.36,1,2
93,sybil_9,398.4,139.17,14.0249,-5.9248,180.0,C1C0,3,55.05,629.35,1,3
94,legit_0,987.36,801.6,4.8234,1.575,270.0,F4E4,0,73.47,586.55,0,-1
94,legit_10,601.6,336.84,11.2801,0.0553,0.0,D1D2,5,150.2,501.68,0,-1
94,legit_11,718.88,598.4,13.0581,-0.3534,90.0,D3E3,0,31.16,458.75,0,-1
94,legit_12,754.29,801.6,13.4969,0.2254,270.0,E4D4,0,38.64,495.64,0,-1
94,legit_13,-1.6,410.24,13.593,0.3986,180.0,A3A2,0,159.71,729.32,0,-1
94,legit_14,401.6,310.36,13.2895,-0.3933,0.0,C1C2,1,69.33,538.73,0,-1
94,legit_15,798.4,173.44,6.8344,1.8944,180.0,E1E0,6,72.1,607.85,0,-1
94,legit_4,401.6,9.51,5.8622,-0.1121,354.67,C0C1,3,120.63,721.73,0,-1
94,legit_5,236.25,1001.6,12.2007,-0.2825,270.0,C5B5,1,116.56,656.05,0,-1
94,legit_6,403.76,798.89,4.3509,1.919,126.74,:C4_16,8,61.87,506.23,0,-1
94,legit_7,141.76,998.4,11.9166,-0.1324,90.0,A5B5,1,82.01,704.19,0,-1
94,legit_8,398.4,360.51,10.9698,2.2635,180.0,C2C1,1,51.6,520.25,0,-1
94,legit_9,801.6,9.48,6.03,-0.5408,4.43,E0E1,1,121.97,722.55,0,-1
94,sybil_0,801.6,270.43,2.182,-19.2108,0.0,E1E2,6,103.37,557.75,1,0
94,sybil_1,801.6,270.43,6.4639,-8.4,0.0,E1E2,6,103.37,557.75,1,0
94,sybil_10,398.4,126.41,19.4797,1.515,180.0,C1C0,3,52.0,637.47,1,3
94,sybil_11,398.4,126.41,21.4374,8.0296,180.0,C1C0,3,52.0,637.47,1,3
94,sybil_12,571.52,201.6,13.2059,8.6035,270.0,D1C1,5,146.37,566.94,1,4
94,sybil_13,571.52,201.6,12.2844,0.0,270.0,D1C1,5,146.37,566.94,1,4
94,sybil_16,392.7,798.4,0.0,-3.4255,90.0,B4C4,8,70.81,509.57,1,5
94,sybil_17,392.7,798.4,0.9896,-14.487,90.0,B4C4,8,70.81,509.57,1,5
94,sybil_18,298.41,798.4,20.0756,8.6303,90.0,B4C4,11,154.13,545.09,1,6
94,sybil_19,298.41,798.4,13.6669,0.9507,90.0,B4C4,11,154.13,545.09,1,6
94,sybil_2,801.6,270.43,18.3771,10.7099,90.0,D1E1,6,103.37,557.75,1,0
94,sybil_20,298.41,798.4,0.0,-3.3789,90.0,B4C4,11,154.13,545.09,1,6
94,sybil_21,207.2,801.6,7.7608,7.7608,270.0,C4B4,5,68.89,589.39,1,7
94,sybil_22,207.2,801.6,0.0,0.0,270.0,D4C4,5,68.89,589.39,1,7
94,sybil_23,207.2,801.6,0.0,-8.0266,270.0,D4C4,5,68.89,589.39,1,7
94,sybil_24,401.6,992.43,2.1189,1.8145,0.0,C4C5,2,100.06,588.78,1,8
94,sybil_25,401.6,992.43,19.4228,8.7851,0.0,C4C5,2,100.06,588.78,1,8
94,sybil_26,401.6,992.43,17.9884,7.8034,0.0,C4C5,2,100.06,588.78,1,8
94,sybil_27,401.6,744.31,7.8375,-9.4658,0.0,C3C4,11,107.24,494.14,1,9
94,sybil_28,401.6,744.31,8.3061,-7.022,0.0,C3C4,11,107.24,494.14,1,9
94,sybil_29,401.6,744.31,7.7989,-10.7939,0.0,C3C4,11,107.24,494.14,1,9
94,sybil_3,752.92,198.4,17.4899,12.7182,90.0,D1E1,6,78.45,582.67,1,1
94,sybil_30,401.6,620.0,13.9859,13.9859,0.0,C3C4,5,52.37,478.37,1,10
94,sybil_31,401.6,620.0,1.4202,1.4202,286.57,:C3_4,5,52.37,478.37,1,10
94,sybil_32,401.6,620.0,0.0,0.0,273.41,F1E1,5,52.37,478.37,1,10
94,sybil_33,1001.6,160.56,22.7395,5.8603,0.0,F0F1,2,63.15,694.64,1,11
94,sybil_34,1001.6,160.56,1.4691,-17.1809,0.0,F0F1,2,63.15,694.64,1,11
94,sybil_35,1001.6,160.56,1.4109,-13.8296,26.1,F0F1,2,63.15,694.64,1,11
94,sybil_36,991.22,-1.6,0.0,-13.0395,90.0,E0F0,3,135.06,797.71,1,12
94,sybil_37,991.22,-1.6,3.7641,-0.0431,90.0,E0F0,3,135.06,797.71,1,12
94,sybil_38,991.22,-1.6,8.6724,-0.1031,90.0,E0F0,3,135.06,797.71,1,12
94,sybil_39,904.19,-1.6,2.3758,-1.4419,90.0,E0F0,4,189.86,762.53,1,13
94,sybil_4,752.92,198.4,15.4567,-8.7913,90.0,D1E1,6,78.45,582.67,1,1
94,sybil_5,752.92,198.4,10.7974,-13.0114,90.0,D1E1,6,78.45,582.67,1,1
94,sybil_6,597.91,198.4,2.0315,-2.0617,90.0,:D1_13,5,167.4,568.32,1,2
94,sybil_7,597.91,198.4,3.0737,-18.17,90.0,C1D1,5,167.4,568.32,1,2
94,sybil_8,597.91,198.4,19.7976,3.9082,180.0,C1C0,5,167.4,568.32,1,2
94,sybil_9,398.4,126.41,13.2355,-0.7894,180.0,C1C0,3,52.0,637.47,1,3
95,legit_0,981.17,801.6,6.1965,1.3731,270.0,F4E4,0,78.82,583.35,0,-1
95,legit_10,601.6,347.74,10.8962,-0.3839,0.0,D1D2,3,148.91,497.56,0,-1
95,legit_11,732.11,598.4,13.2347,0.1766,90.0,D3E3,0,17.96,460.64,0,-1
95,legit_12,741.67,801.6,12.6217,-0.8751,270.0,E4D4,0,39.29,492.97,0,-1
95,legit_13,-1.6,397.42,12.8224,-0.7706,180.0,:A2_0,0,156.15,732.31,0,-1
95,legit_14,401.6,322.99,12.6361,-0.6534,0.0,C1C2,1,60.93,533.43,0,-1
95,legit_15,798.4,165.21,8.2321,1.3977,180.0,E1E0,7,66.23,612.64,0,-1
95,legit_4,401.6,17.26,7.7463,1.8841,0.0,C0C1,3,113.57,715.68,0,-1
95,legit_5,223.47,1001.6,12.7778,0.5772,270.0,C5B5,1,107.45,662.08,0,-1
95,legit_6,409.8,798.4,6.0731,1.7222,93.9,C4D4,8,57.85,504.28,0,-1
95,legit_7,153.86,998.4,12.0937,0.1771,90.0,A5B5,1,81.69,697.09,0,-1
95,legit_8,398.4,348.43,12.074,1.1041,180.0,C2C1,1,52.88,524.53,0,-1
95,legit_9,801.6,17.98,8.5069,2.4769,0.0,E0E1,2,114.32,715.91,0,-1
95,sybil_0,801.6,283.75,25.2484,23.0664,0.0,E1E2,6,92.07,551.52,1,0
95,sybil_1,801.6,283.75,17.5786,11.1147,0.0,E1E2,6,92.07,551.52,1,0
95,sybil_10,398.4,113.65,2.7915,-16.6882,180.0,C1C0,3,51.99,645.88,1,3
95,sybil_11,398.4,113.65,0.6166,-20.8208,180.0,C1C0,3,51.99,645.88,1,3
95,sybil_12,561.71,201.6,17.5506,4.3447,270.0,D1C1,4,138.34,567.31,1,4
95,sybil_13,561.71,201.6,0.0,-12.2844,270.0,D1C1,4,138.34,567.31,1,4
95,sybil_16,392.7,798.4,14.1665,14.1665,90.0,B4C4,8,70.81,509.57,1,5
95,sybil_17,392.7,798.4,0.0,-0.9896,90.0,B4C4,8,70.81,509.57,1,5
95,sybil_18,309.58,798.4,3.8071,-16.2685,90.0,B4C4,11,146.45,540.37,1,6
95,sybil_19,309.58,798.4,14.3913,0.7244,90.0,B4C4,11,146.45,540.37,1,6
95,sybil_2,801.6,283.75,15.2218,-3.1553,90.0,D1E1,6,92.07,551.52,1,0
95,sybil_20,309.58,798.4,1.9762,1.9762,90.0,B4C4,11,146.45,540.37,1,6
95,sybil_21,205.62,799.97,14.6331,6.8723,248.82,:B4_7,5,68.53,589.81,1,7
95,sybil_22,205.62,799.97,0.0,0.0,270.0,D4C4,5,68.53,589.81,1,7
95,sybil_23,205.62,799.97,0.0,0.0,270.0,D4C4,5,68.53,589.81,1,7
95,sybil_24,400.22,998.03,8.6975,6.5786,344.58,:C5_4,2,95.9,592.21,1,8
95,sybil_25,400.22,998.03,15.8385,-3.5843,0.0,C4C5,2,95.9,592.21,1,8
95,sybil_26,400.22,998.03,8.96,-9.0285,0.0,C4C5,2,95.9,592.21,1,8
95,sybil_27,401.6,754.88,7.6206,-0.2169,0.0,C3C4,11,97.92,496.33,1,9
95,sybil_28,401.6,754.88,0.0,-8.3061,0.0,C3C4,11,97.92,496.33,1,9
95,sybil_29,401.6,754.88,1.7424,-6.0566,0.0,C3C4,11,97.92,496.33,1,9
95,sybil_3,766.01,198.4,17.1122,-0.3778,90.0,D1E1,6,80.02,585.52,1,1
95,sybil_30,401.6,629.85,5.3323,-8.6535,0.0,C3C4,5,56.86,478.85,1,10
95,sybil_31,401.6,629.85,0.0,-1.4202,356.1,C3C4,5,56.86,478.85,1,10
95,sybil_32,401.6,629.85,13.4007,13.4007,270.0,F1E1,5,56.86,478.85,1,10
95,sybil_33,1001.6,173.61,2.3469,-20.3925,0.0,F0F1,2,72.23,687.52,1,11
95,sybil_34,1001.6,173.61,8.2729,6.8038,0.0,F0F1,2,72.23,687.52,1,11
95,sybil_35,1001.6,173.61,0.0,-1.4109,0.0,F0F1,2,72.23,687.52,1,11
95,sybil_36,995.36,-1.6,6.7718,6.7718,90.0,E0F0,3,133.31,799.58,1,12
95,sybil_37,995.36,-1.6,23.6124,19.8483,90.0,E0F0,3,133.31,799.58,1,12
95,sybil_38,995.36,-1.6,17.1041,8.4317,90.0,E0F0,3,133.31,799.58,1,12
95,sybil_39,917.3,-1.6,8.9403,6.5645,90.0,E0F0,4,179.99,767.33,1,13
95,sybil_4,766.01,198.4,15.6233,0.1665,90.0,D1E1,6,80.02,585.52,1,1
95,sybil_5,766.01,198.4,3.8695,-6.928,90.0,D1E1,6,80.02,585.52,1,1
95,sybil_6,607.71,198.4,4.4763,2.4448,90.0,D1E1,5,162.46,568.35,1,2
95,sybil_7,607.71,198.4,25.1448,22.0711,90.0,C1D1,5,162.46,568.35,1,2
95,sybil_8,607.71,198.4,21.4669,1.6693,180.0,C1C0,5,162.46,568.35,1,2
95,sybil_9,398.4,113.65,14.9849,1.7494,180.0,C1C0,3,51.99,645.88,1,3
96,legit_0,973.33,801.6,7.8343,1.6378,270.0,F4E4,0,85.75,579.37,0,-1
96,legit_10,601.6,359.35,11.6108,0.7145,0.0,D1D2,0,148.4,493.37,0,-1
96,legit_11,745.13,598.4,13.0209,-0.2138,90.0,D3E3,0,5.12,462.7,0,-1
96,legit_12,728.57,801.6,13.0998,0.4781,270.0,E4D4,0,43.97,490.6,0,-1
96,legit_13,-1.6,384.12,13.305,0.4826,180.0,A2A1,0,153.51,735.62,0,-1
96,legit_14,401.6,336.38,13.3893,0.7532,0.0,C1C2,1,53.85,528.07,0,-1
96,legit_15,798.4,155.12,10.0915,1.8594,180.0,E1E0,7,59.8,618.64,0,-1
96,legit_16,991.7,1.6,0.0,0.0,270.0,F0E0,4,131.98,795.55,0,-1
96,legit_4,401.6,26.42,9.1688,1.4225,0.0,C0C1,3,105.35,708.57,0,-1
96,legit_5,211.59,1001.6,11.8853,-0.8925,270.0,C5B5,1,99.7,667.87,0,-1
96,legit_6,417.71,798.4,7.9062,1.8331,90.0,C4D4,8,52.66,501.99,0,-1
96,legit_7,165.53,998.4,11.6765,-0.4172,90.0,A5B5,1,83.07,690.46,0,-1
96,legit_8,398.4,337.43,11.0077,-1.0662,180.0,C2C1,1,56.32,528.67,0,-1
96,legit_9,801.6,28.45,10.4631,1.9562,0.0,E0E1,2,105.09,707.82,0,-1
96,sybil_0,801.6,296.6,32.9362,7.6878,0.0,E1E2,6,81.74,545.7,1,0
96,sybil_1,801.6,296.6,2.2171,-15.3615,0.0,E1E2,6,81.74,545.7,1,0
96,sybil_10,398.4,101.55,0.0,-2.7915,180.0,C1C0,3,54.8,654.11,1,3
96,sybil_11,398.4,101.55,16.8814,16.2648,180.0,C1C0,3,54.8,654.11,1,3
96,sybil_12,550.34,201.6,15.6243,-1.9263,270.0,D1C1,4,129.33,567.87,1,4
96,sybil_13,550.34,201.6,7.8272,7.8272,270.0,D1C1,4,129.33,567.87,1,4
96,sybil_16,392.7,798.4,0.0,-14.1665,90.0,B4C4,8,70.81,509.57,1,5
96,sybil_17,392.7,798.4,0.0,0.0,90.0,B4C4,8,70.81,509.57,1,5
96,sybil_18,320.77,798.4,22.9813,19.1742,90.0,B4C4,11,135.76,535.77,1,6
96,sybil_19,320.77,798.4,17.955,3.5636,90.0,B4C4,11,135.76,535.77,1,6
96,sybil_2,801.6,296.6,0.0,-15.2218,79.94,:E1_14,6,81.74,545.7,1,0
96,sybil_20,320.77,798.4,11.7249,9.7488,90.0,B4C4,11,135.76,535.77,1,6
96,sybil_21,207.1,798.47,1.1755,-13.4576,190.15,:B4_7,5,70.6,588.64,1,7
96,sybil_22,207.1,798.47,5.9879,5.9879,270.0,:C4_5,5,70.6,588.64,1,7
96,sybil_23,207.1,798.47,6.6015,6.6015,270.0,D4C4,5,70.6,588.64,1,7
96,sybil_24,394.67,1001.33,9.015,0.3175,291.84,:C5_4,2,96.18,595.61,1,8
96,sybil_25,394.67,1001.33,0.0,-15.8385,0.0,C4C5,2,96.18,595.61,1,8
96,sybil_26,394.67,1001.33,5.5173,-3.4426,0.0,C4C5,2,96.18,595.61,1,8
96,sybil_27,401.6,765.12,7.8345,0.2138,0.0,C3C4,11,89.16,498.57,1,9
96,sybil_28,401.6,765.12,7.5841,7.5841,0.0,C3C4,11,89.16,498.57,1,9
96,sybil_29,401.6,765.12,16.3652,14.6229,0.0,C3C4,11,89.16,498.57,1,9
96,sybil_3,775.72,198.4,14.2558,-2.8563,90.0,D1E1,6,82.51,587.82,1,1
96,sybil_30,401.6,642.09,21.5379,16.2055,0.0,C3C4,5,64.14,479.68,1,10
96,sybil_31,401.6,642.09,6.4203,6.4203,0.0,C3C4,5,64.14,479.68,1,10
96,sybil_32,401.6,642.09,30.993,17.5924,270.0,F1E1,5,64.14,479.68,1,10
96,sybil_33,1001.6,185.69,0.0,-2.3469,0.0,F0F1,2,81.6,681.09,1,11
96,sybil_34,1001.6,185.69,11.8329,3.56,0.0,F0F1,2,81.6,681.09,1,11
96,sybil_35,1001.6,185.69,12.0849,12.0849,0.0,F0F1,2,81.6,681.09,1,11
96,sybil_36,1000.19,-0.53,17.0428,10.2709,77.32,:F0_1,4,130.42,801.0,1,12
96,sybil_37,1000.19,-0.53,11.0993,-12.5131,90.0,E0F0,4,130.42,801.0,1,12
96,sybil_38,1000.19,-0.53,9.9482,-7.1559,90.0,E0F0,4,130.42,801.0,1,12
96,sybil_39,931.03,-1.6,1.2082,-7.7321,90.0,E0F0,5,170.12,772.54,1,13
96,sybil_4,775.72,198.4,0.0,-15.6233,90.0,D1E1,6,82.51,587.82,1,1
96,sybil_5,775.72,198.4,23.2626,19.3931,90.0,D1E1,6,82.51,587.82,1,1
96,sybil_6,619.24,198.4,17.2211,12.7448,90.0,D1E1,4,152.47,568.52,1,2
96,sybil_7,619.24,198.4,11.9254,-13.2194,90.0,C1D1,4,152.47,568.52,1,2
96,sybil_8,619.24,198.4,0.0,-21.4669,180.0,C1C0,4,152.47,568.52,1,2
96,sybil_9,398.4,101.55,10.4958,-4.4891,180.0,C1C0,3,54.8,654.11,1,3
97,legit_0,963.44,801.6,9.89,2.0558,270.0,F4E4,0,94.69,574.44,0,-1
97,legit_10,601.6,370.59,11.236,-0.3748,0.0,D1D2,0,148.78,489.51,0,-1
97,legit_11,758.68,598.4,13.542,0.5211,90.0,D3E3,0,8.82,465.91,0,-1
97,legit_12,715.84,801.6,12.7309,-0.3689,270.0,E4D4,0,51.4,488.62,0,-1
97,legit_13,-1.6,370.73,13.3864,0.0814,180.0,A2A1,0,151.98,739.17,0,-1
97,legit_14,401.6,349.15,12.7702,-0.6191,0.0,C1C2,1,49.6,523.25,0,-1
97,legit_15,798.4,142.68,12.4319,2.3404,180.0,E1E0,4,53.45,626.23,0,-1
97,legit_16,989.97,1.6,1.7288,1.7288,270.0,F0E0,4,132.75,794.77,0,-1
97,legit_4,401.6,37.69,11.2644,2.0956,0.0,C0C1,3,95.49,699.93,0,-1
97,legit_5,199.15,1001.6,12.4389,0.5536,270.0,:B5_0,1,92.53,674.11,0,-1
97,legit_6,428.15,798.4,10.4495,2.5433,90.0,C4D4,11,46.99,499.13,0,-1
97,legit_7,177.68,998.4,12.1484,0.4718,90.0,A5B5,1,86.17,683.77,0,-1
97,legit_8,398.4,325.66,11.7684,0.7607,180.0,C2C1,1,61.98,533.32,0,-1
97,legit_9,801.6,40.09,11.6443,1.1811,0.0,E0E1,2,95.12,698.92,0,-1
97,sybil_0,801.6,309.39,15.2638,-17.6723,0.0,E1E2,5,72.28,540.11,1,0
97,sybil_1,801.6,309.39,12.9875,10.7704,0.0,E1E2,5,72.28,540.11,1,0
97,sybil_10,398.4,88.33,21.1706,21.1706,180.0,C1C0,3,60.55,663.37,1,3
97,sybil_11,398.4,88.33,0.0,-16.8814,180.0,C1C0,3,60.55,663.37,1,3
97,sybil_12,537.02,201.6,10.6385,-4.9859,270.0,D1C1,5,119.3,568.72,1,4
97,sybil_13,537.02,201.6,0.0,-7.8272,270.0,D1C1,5,119.3,568.72,1,4
97,sybil_14,537.02,201.6,9.9611,0.0,270.0,D1C1,5,119.3,568.72,1,4
97,sybil_16,392.7,798.4,0.0,0.0,90.0,B4C4,11,70.81,509.57,1,5
97,sybil_17,392.7,798.4,0.0,0.0,90.0,B4C4,11,70.81,509.57,1,5
97,sybil_18,331.19,798.4,8.9014,-14.0799,90.0,B4C4,11,125.88,531.61,1,6
97,sybil_19,331.19,798.4,25.1242,7.1693,90.0,B4C4,11,125.88,531.61,1,6
97,sybil_2,801.6,309.39,26.2762,26.2762,22.1,:E1_14,5,72.28,540.11,1,0
97,sybil_20,331.19,798.4,24.6406,12.9157,90.0,B4C4,11,125.88,531.61,1,6
97,sybil_21,210.33,798.4,9.4466,8.271,104.71,B4C4,5,73.28,586.93,1,7
97,sybil_22,210.33,798.4,1.7849,-4.2029,270.0,:C4_5,5,73.28,586.93,1,7
97,sybil_23,210.33,798.4,13.3265,6.725,270.0,D4C4,5,73.28,586.93,1,7
97,sybil_24,386.91,1001.6,18.6734,9.6584,270.0,C5B5,2,100.63,598.04,1,8
97,sybil_25,386.91,1001.6,19.4203,19.4203,0.0,C4C5,2,100.63,598.04,1,8
97,sybil_26,386.91,1001.6,3.3415,-2.1758,0.0,C4C5,2,100.63,598.04,1,8
97,sybil_27,401.6,776.02,18.4726,10.6381,0.0,C3C4,11,80.23,501.1,1,9
97,sybil_28,401.6,776.02,17.3439,9.7598,0.0,C3C4,11,80.23,501.1,1,9
97,sybil_29,401.6,776.02,12.9639,-3.4014,0.0,C3C4,11,80.23,501.1,1,9
97,sybil_3,784.93,198.4,16.0297,1.7739,90.0,D1E1,6,85.83,590.14,1,1
97,sybil_30,401.6,655.02,13.9711,-7.5668,0.0,C3C4,8,73.28,480.8,1,10
97,sybil_31,401.6,655.02,2.8344,-3.5858,0.0,C3C4,8,73.28,480.8,1,10
97,sybil_32,401.6,655.02,11.5354,-19.4576,270.0,F1E1,8,73.28,480.8,1,10
97,sybil_33,1001.53,193.26,0.5608,0.5608,359.24,:F1_4,2,87.84,677.11,1,11
97,sybil_34,1001.53,193.26,0.0,-11.8329,0.0,F0F1,2,87.84,677.11,1,11
97,sybil_35,1001.53,193.26,9.4045,-2.6804,0.0,F0F1,2,87.84,677.11,1,11
97,sybil_36,1001.6,4.12,9.1489,-7.8939,16.58,F0F1,4,125.58,798.2,1,12
97,sybil_37,1001.6,4.12,7.8667,-3.2326,90.0,E0F0,4,125.58,798.2,1,12
97,sybil_38,1001.6,4.12,13.0297,3.0815,90.0,E0F0,4,125.58,798.2,1,12
97,sybil_39,944.21,-1.6,22.8762,21.668,90.0,E0F0,5,161.18,777.73,1,13
97,sybil_4,784.93,198.4,17.6507,17.6507,90.0,D1E1,6,85.83,590.14,1,1
97,sybil_5,784.93,198.4,13.9096,-9.353,90.0,D1E1,6,85.83,590.14,1,1
97,sybil_6,631.59,198.4,12.3382,-4.8829,90.0,D1E1,5,142.01,568.87,1,2
97,sybil_7,631.59,198.4,11.1865,-0.739,90.0,:D1_13,5,142.01,568.87,1,2
97,sybil_8,631.59,198.4,19.0124,19.0124,180.0,C1C0,5,142.01,568.87,1,2
97,sybil_9,398.4,88.33,5.9233,-4.5725,180.0,C1C0,3,60.55,663.37,1,3
98,legit_0,951.31,801.6,12.1325,2.2425,270.0,F4E4,0,105.9,568.54,0,-1
98,legit_10,601.6,381.23,10.6497,-0.5863,0.0,D1D2,0,149.91,486.03,0,-1
98,legit_11,772.07,598.4,13.3913,-0.1507,90.0,D3E3,0,22.13,469.77,0,-1
98,legit_12,702.39,801.6,13.4543,0.7234,270.0,E4D4,0,61.17,486.83,0,-1
98,legit_13,-1.6,357.35,13.3802,-0.0062,180.0,A2A1,0,151.62,742.93,0,-1
98,legit_14,401.6,362.71,13.5535,0.7832,0.0,C1C2,1,48.48,518.48,0,-1
98,legit_15,798.4,129.02,13.661,1.229,180.0,E1E0,4,49.23,634.85,0,-1
98,legit_16,986.4,1.6,3.5727,1.8439,270.0,F0E0,4,134.4,793.17,0,-1
98,legit_4,401.6,51.46,13.7676,2.5031,0.0,C0C1,3,83.91,689.5,0,-1
98,legit_5,186.32,1001.6,12.8263,0.3874,270.0,B5A5,1,86.41,680.77,0,-1
98,legit_6,440.24,798.4,12.0832,1.6338,90.0,C4D4,11,42.73,496.09,0,-1
98,legit_7,189.15,998.4,11.4715,-0.6769,90.0,A5B5,1,90.51,677.66,0,-1
98,legit_8,398.4,314.26,11.4024,-0.366,180.0,C2C1,1,68.96,538.04,0,-1
98,legit_9,801.6,50.72,10.6313,-1.0129,0.0,E0E1,4,86.38,690.89,0,-1
98,sybil_0,801.6,322.52,10.0674,-5.1965,0.0,E1E2,5,63.78,534.61,1,0
98,sybil_1,801.6,322.52,17.6983,4.7108,0.0,E1E2,5,63.78,534.61,1,0
98,sybil_10,398.4,75.44,10.9526,-10.218,180.0,C1C0,3,68.18,672.63,1,3
98,sybil_11,398.4,75.44,7.2061,7.2061,180.0,C1C0,3,68.18,672.63,1,3
98,sybil_12,523.73,201.6,25.6769,15.0384,270.0,D1C1,5,109.98,569.79,1,4
98,sybil_13,523.73,201.6,5.21,5.21,270.0,D1C1,5,109.98,569.79,1,4
98,sybil_14,523.73,201.6,8.2615,-1.6996,270.0,D1C1,5,109.98,569.79,1,4
98,sybil_16,392.7,798.4,6.7794,6.7794,90.0,B4C4,11,70.81,509.57,1,5
98,sybil_17,392.7,798.4,0.0,0.0,90.0,B4C4,11,70.81,509.57,1,5
98,sybil_18,342.24,798.4,0.0,-8.9014,90.0,B4C4,14,115.51,527.33,1,6
98,sybil_19,342.24,798.4,6.7378,-18.3864,90.0,B4C4,14,115.51,527.33,1,6
98,sybil_2,801.6,322.52,11.6205,-14.6556,0.0,E1E2,5,63.78,534.61,1,0
98,sybil_20,342.24,798.4,20.0848,-4.5559,90.0,B4C4,14,115.51,527.33,1,6
98,sybil_21,215.49,798.4,13.4776,4.031,90.0,B4C4,5,77.59,584.24,1,7
98,sybil_22,215.49,798.4,12.725,10.9401,270.0,:C4_5,5,77.59,584.24,1,7
98,sybil_23,215.49,798.4,2.4679,-10.8587,270.0,D4C4,5,77.59,584.24,1,7
98,sybil_24,377.62,1001.6,22.0915,3.4181,270.0,C5B5,2,106.71,600.88,1,8
98,sybil_25,377.62,1001.6,10.3381,-9.0822,0.0,C4C5,2,106.71,600.88,1,8
98,sybil_26,377.62,1001.6,17.5893,14.2478,0.0,C4C5,2,106.71,600.88,1,8
98,sybil_27,401.6,786.71,1.9812,-16.4914,0.0,C3C4,11,71.99,503.72,1,9
98,sybil_28,401.6,786.71,0.0,-17.3439,0.0,C3C4,11,71.99,503.72,1,9
98,sybil_29,401.6,786.71,18.6792,5.7153,0.0,C3C4,11,71.99,503.72,1,9
98,sybil_3,790.6,198.4,8.6957,-7.334,90.0,D1E1,10,88.29,591.64,1,1
98,sybil_30,401.6,666.99,22.9117,8.9406,0.0,C3C4,11,82.64,482.04,1,10
98,sybil_31,401.6,666.99,3.0728,0.2383,0.0,C3C4,11,82.64,482.04,1,10
98,sybil_32,401.6,666.99,22.0721,10.5367,270.0,F1E1,11,82.64,482.04,1,10
98,sybil_33,999.31,199.46,2.141,1.5802,336.08,:F1_10,2,94.25,672.79,1,11
98,sybil_34,999.31,199.46,9.4878,9.4878,0.0,F0F1,2,94.25,672.79,1,11
98,sybil_35,999.31,199.46,3.549,-5.8555,0.0,F0F1,2,94.25,672.79,1,11
98,sybil_36,1001.6,11.73,0.0,-9.1489,0.0,F0F1,4,118.59,792.6,1,12
98,sybil_37,1001.6,11.73,0.0,-7.8667,90.0,E0F0,4,118.59,792.6,1,12
98,sybil_38,1001.6,11.73,14.0866,1.0568,90.0,E0F0,4,118.59,792.6,1,12
98,sybil_39,957.66,-1.6,29.0565,6.1803,90.0,E0F0,4,152.69,783.21,1,13
98,sybil_4,790.6,198.4,19.1658,1.5151,90.0,D1E1,10,88.29,591.64,1,1
98,sybil_5,790.6,198.4,29.9681,16.0585,90.0,D1E1,10,88.29,591.64,1,1
98,sybil_6,644.14,198.4,4.543,-7.7953,90.0,D1E1,8,131.73,569.39,1,2
98,sybil_7,644.14,198.4,15.8257,4.6392,90.0,D1E1,8,131.73,569.39,1,2
98,sybil_8,644.14,198.4,13.6564,-5.356,180.0,C1C0,8,131.73,569.39,1,2
98,sybil_9,398.4,75.44,20.9366,15.0133,180.0,C1C0,3,68.18,672.63,1,3
99,legit_0,937.56,801.6,13.7499,1.6173,270.0,F4E4,0,118.82,562.04,0,-1
99,legit_10,601.6,392.05,10.8154,0.1657,0.0,D1D2,0,151.82,482.67,0,-1
99,legit_11,782.8,598.4,10.7317,-2.6596,90.0,D3E3,0,32.84,473.01,0,-1
99,legit_12,688.63,801.6,13.7563,0.302,270.0,E4D4,0,72.39,485.27,0,-1
99,legit_13,-1.6,344.53,12.8181,-0.5621,180.0,A2A1,0,152.39,746.74,0,-1
99,legit_14,401.6,376.57,13.8614,0.308,0.0,C1C2,1,51.16,513.99,0,-1
99,legit_15,798.4,115.38,13.6386,-0.0223,180.0,E1E0,4,48.62,643.79,0,-1
99,legit_16,980.71,1.6,5.6903,2.1177,270.0,F0E0,4,137.19,790.65,0,-1
99,legit_4,401.6,64.44,12.9875,-0.78,0.0,C0C1,3,73.68,679.82,0,-1
99,legit_5,174.49,1001.6,11.8319,-0.9944,270.0,B5A5,0,82.14,687.11,0,-1
99,legit_6,453.81,798.4,13.5682,1.485,90.0,C4D4,11,41.77,493.06,0,-1
99,legit_8,398.4,302.35,11.9077,0.5052,180.0,C2C1,1,77.37,543.16,0,-1
99,legit_9,801.6,61.43,10.7105,0.0792,0.0,E0E1,4,78.05,682.9,0,-1
99,sybil_0,801.6,336.02,13.9518,3.8844,0.0,E1E2,5,56.9,529.21,1,0
99,sybil_1,801.6,336.02,17.0023,-0.696,0.0,E1E2,5,56.9,529.21,1,0
99,sybil_10,398.4,62.86,16.8789,5.9263,180.0,C1C0,3,76.99,681.84,1,3
99,sybil_11,398.4,62.86,18.9627,11.7565,180.0,C1C0,3,76.99,681.84,1,3
99,sybil_12,510.93,201.6,2.7895,-22.8874,270.0,D1C1,5,101.84,571.04,1,4
99,sybil_13,510.93,201.6,1.0652,-4.1449,270.0,D1C1,5,101.84,571.04,1,4
99,sybil_14,510.93,201.6,6.8476,-1.4139,270.0,D1C1,5,101.84,571.04,1,4
99,sybil_16,392.7,798.4,0.4963,-6.2831,90.0,B4C4,11,70.81,509.57,1,5
99,sybil_17,392.7,798.4,0.0,0.0,90.0,B4C4,11,70.81,509.57,1,5
99,sybil_18,353.49,798.4,33.2623,33.2623,90.0,B4C4,14,105.09,523.11,1,6
99,sybil_19,353.49,798.4,15.9232,9.1854,90.0,B4C4,14,105.09,523.11,1,6
99,sybil_2,801.6,336.02,0.0,-11.6205,0.0,E1E2,5,56.9,529.21,1,0
99,sybil_20,353.49,798.4,10.1799,-9.9049,90.0,B4C4,14,105.09,523.11,1,6
99,sybil_21,222.2,798.4,1.6063,-11.8713,90.0,B4C4,5,83.33,580.79,1,7
99,sybil_22,222.2,798.4,11.6872,-1.0378,270.0,C4B4,5,83.33,580.79,1,7
99,sybil_23,222.2,798.4,0.0,-2.4679,270.0,D4C4,5,83.33,580.79,1,7
99,sybil_24,366.98,1001.6,17.947,-4.1445,270.0,C5B5,2,114.19,604.27,1,8
99,sybil_25,366.98,1001.6,6.4699,-3.8682,0.0,C4C5,2,114.19,604.27,1,8
99,sybil_26,366.98,1001.6,14.1874,-3.4019,0.0,C4C5,2,114.19,604.27,1,8
99,sybil_27,401.6,797.62,0.0,-1.9812,0.0,:C4_9,11,64.33,506.55,1,9
99,sybil_28,401.6,797.62,19.2755,19.2755,0.0,C3C4,11,64.33,506.55,1,9
99,sybil_29,401.6,797.62,4.732,-13.9472,0.0,C3C4,11,64.33,506.55,1,9
99,sybil_3,797.84,199.66,24.7766,16.0809,75.6,:E1_14,10,92.92,592.93,1,1
99,sybil_30,401.6,679.34,19.7834,-3.1283,0.0,C3C4,11,92.94,483.5,1,10
99,sybil_31,401.6,679.34,15.6205,12.5478,0.0,C3C4,11,92.94,483.5,1,10
99,sybil_32,401.6,679.34,17.7709,-4.3012,270.0,F1E1,11,92.94,483.5,1,10
99,sybil_33,992.67,201.6,4.6662,2.5252,282.31,F1E1,2,99.73,668.34,1,11
99,sybil_34,992.67,201.6,3.0401,-6.4478,0.0,F0F1,2,99.73,668.34,1,11
99,sybil_35,992.67,201.6,3.5021,-0.0468,0.0,F0F1,2,99.73,668.34,1,11
99,sybil_36,1001.6,21.11,19.7539,19.7539,0.0,F0F1,4,110.1,785.75,1,12
99,sybil_37,1001.6,21.11,2.6265,2.6265,66.75,:F0_1,4,110.1,785.75,1,12
99,sybil_38,1001.6,21.11,0.0,-14.0866,90.0,E0F0,4,110.1,785.75,1,12
99,sybil_39,967.71,-1.6,8.3234,-20.7331,90.0,E0F0,4,146.83,787.43,1,13
99,sybil_4,797.84,199.66,0.0,-19.1658,90.0,D1E1,10,92.92,592.93,1,1
99,sybil_5,797.84,199.66,20.6935,-9.2746,90.0,D1E1,10,92.92,592.93,1,1
99,sybil_6,657.35,198.4,11.6341,7.0911,90.0,D1E1,8,121.37,570.15,1,2
99,sybil_7,657.35,198.4,9.4252,-6.4004,90.0,D1E1,8,121.37,570.15,1,2
99,sybil_8,657.35,198.4,6.6891,-6.9673,180.0,C1C0,8,121.37,570.15,1,2
99,sybil_9,398.4,62.86,4.2186,-16.7179,180.0,C1C0,3,76.99,681.84,1,3
100,legit_0,924.18,801.6,13.375,-0.3748,270.0,F4E4,0,131.55,555.91,0,-1
100,legit_10,601.6,403.19,11.135,0.3196,0.0,:D2_9,0,154.56,479.39,0,-1
100,legit_11,789.68,598.4,6.8829,-3.8488,90.0,D3E3,0,39.71,475.16,0,-1
100,legit_12,675.83,801.6,12.7991,-0.9572,270.0,E4D4,0,83.52,484.05,0,-1
100,legit_13,-1.6,330.74,13.7894,0.9712,180.0,A2A1,0,154.4,751.05,0,-1
100,legit_14,401.6,387.19,10.6173,-3.2441,0.0,C1C2,1,55.51,510.8,0,-1
100,legit_15,798.4,102.5,12.8818,-0.7568,180.0,E1E0,4,51.47,652.54,0,-1
100,legit_16,973.6,1.6,7.108,1.4177,270.0,F0E0,4,140.91,787.56,0,-1
100,legit_4,401.6,77.05,12.6071,-0.3805,0.0,C0C1,3,64.71,670.58,0,-1
100,legit_5,162.03,1001.6,12.4638,0.6319,270.0,B5A5,0,79.32,694.02,0,-1
100,legit_6,466.99,798.4,13.1811,-0.3871,90.0,C4D4,9,44.93,490.53,0,-1
100,legit_8,398.4,290.99,11.3526,-0.555,180.0,C2C1,4,86.16,548.21,0,-1
100,legit_9,801.6,73.11,11.6793,0.9687,0.0,E0E1,4,69.72,674.32,0,-1
100,sybil_0,801.6,349.56,26.2339,12.2821,0.0,E1E2,5,52.65,524.12,1,0
100,sybil_1,801.6,349.56,9.7097,-7.2925,0.0,E1E2,5,52.65,524.12,1,0
100,sybil_10,398.4,50.63,18.9825,2.1037,180.0,C1C0,3,86.45,690.96,1,3
100,sybil_11,398.4,50.63,22.4969,3.5342,180.0,C1C0,3,86.45,690.96,1,3
100,sybil_12,497.38,201.6,10.2793,7.4897,270.0,D1C1,6,94.36,572.61,1,4
100,sybil_13,497.38,201.6,6.4125,5.3473,270.0,D1C1,6,94.36,572.61,1,4
100,sybil_14,497.38,201.6,11.6357,4.788,270.0,D1C1,6,94.36,572.61,1,4
100,sybil_15,592.8,201.6,5.3812,0.0,270.0,D1C1,8,164.47,566.52,1,5
100,sybil_16,592.8,201.6,0.0,-0.4963,90.0,B4C4,8,164.47,566.52,1,5
100,sybil_17,592.8,201.6,0.0,0.0,90.0,B4C4,8,164.47,566.52,1,5
100,sybil_18,364.45,798.4,0.0,-33.2623,90.0,B4C4,12,95.13,519.14,1,6
100,sybil_19,364.45,798.4,19.7274,3.8042,90.0,B4C4,12,95.13,519.14,1,6
100,sybil_2,801.6,349.56,16.221,16.221,0.0,E1E2,5,52.65,524.12,1,0
100,sybil_20,364.45,798.4,18.8976,8.7177,90.0,B4C4,12,95.13,519.14,1,6
100,sybil_21,230.67,798.4,15.9728,14.3665,90.0,B4C4,5,90.76,576.52,1,7
100,sybil_22,230.67,798.4,4.831,-6.8562,270.0,C4B4,5,90.76,576.52,1,7
100,sybil_23,230.67,798.4,2.0217,2.0217,270.0,D4C4,5,90.76,576.52,1,7
100,sybil_24,354.4,1001.6,27.4633,9.5163,270.0,C5B5,2,123.64,608.46,1,8
100,sybil_25,354.4,1001.6,0.6854,-5.7845,355.3,:C5_4,2,123.64,608.46,1,8
100,sybil_26,354.4,1001.6,16.5179,2.3305,0.0,C4C5,2,123.64,608.46,1,8
100,sybil_27,401.6,808.91,9.5969,9.5969,0.0,C4C5,9,57.52,509.67,1,9
100,sybil_28,401.6,808.91,9.6078,-9.6677,0.0,C3C4,9,57.52,509.67,1,9
100,sybil_29,401.6,808.91,9.4335,4.7016,0.0,C3C4,9,57.52,509.67,1,9
100,sybil_3,801.56,206.9,16.9625,-7.8141,14.55,:E1_14,10,101.04,590.03,1,1
100,sybil_30,401.6,691.26,4.0667,-15.7168,0.0,C3C4,9,103.3,485.09,1,10
100,sybil_31,401.6,691.26,24.038,8.4175,0.0,C3C4,9,103.3,485.09,1,10
100,sybil_32,401.6,691.26,0.0,-17.7709,270.0,F1E1,9,103.3,485.09,1,10
100,sybil_33,982.96,201.6,11.1783,6.512,270.0,F1E1,2,105.61,663.54,1,11
100,sybil_34,982.96,201.6,8.281,5.2409,0.0,F0F1,2,105.61,663.54,1,11
100,sybil_35,982.96,201.6,15.4603,11.9582,0.0,F0F1,2,105.61,663.54,1,11
100,sybil_36,1001.6,32.78,25.4008,5.6469,0.0,F0F1,4,99.75,777.3,1,12
100,sybil_37,1001.6,32.78,0.0,-2.6265,6.7,F0F1,4,99.75,777.3,1,12
100,sybil_38,1001.6,32.78,0.8239,0.8239,90.0,E0F0,4,99.75,777.3,1,12
100,sybil_39,975.78,-1.6,18.8111,10.4877,90.0,E0F0,4,142.46,790.89,1,13
100,sybil_4,801.56,206.9,27.3316,27.3316,90.0,D1E1,10,101.04,590.03,1,1
100,sybil_5,801.56,206.9,34.1278,13.4343,90.0,D1E1,10,101.04,590.03,1,1
100,sybil_6,670.78,198.4,0.0,-11.6341,90.0,D1E1,8,111.46,571.13,1,2
100,sybil_7,670.78,198.4,8.6748,-0.7505,90.0,D1E1,8,111.46,571.13,1,2
100,sybil_8,670.78,198.4,5.6702,-1.0189,180.0,C1C0,8,111.46,571.13,1,2
100,sybil_9,398.4,50.63,13.2501,9.0315,180.0,C1C0,3,86.45,690.96,1,3
101,legit_0,910.32,801.6,13.8611,0.486,270.0,F4E4,0,144.86,549.75,0,-1
101,legit_10,601.6,414.35,11.1691,0.0342,0.0,D2D3,0,158.04,476.29,0,-1
101,legit_11,795.87,597.68,6.3209,-0.562,98.46,:E3_12,0,45.93,477.15,0,-1
101,legit_12,662.29,801.6,13.5357,0.7366,270.0,E4D4,0,95.74,482.97,0,-1
101,legit_13,-1.6,317.2,13.5461,-0.2433,180.0,A2A1,0,157.53,755.5,0,-1
101,legit_14,401.72,393.62,6.4453,-4.172,1.35,:C2_8,1,58.84,508.92,0,-1
101,legit_15,798.4,89.47,13.0342,0.1524,180.0,E1E0,4,57.23,661.67,0,-1
101,legit_16,964.34,1.6,9.2599,2.1519,270.0,F0E0,4,146.14,783.6,0,-1
101,legit_4,401.6,90.54,13.4895,0.8824,0.0,C0C1,6,56.66,660.91,0,-1
101,legit_5,150.35,1001.6,11.6821,-0.7817,270.0,B5A5,0,78.4,700.71,0,-1
101,legit_6,479.91,798.4,12.9213,-0.2598,90.0,C4D4,9,51.24,488.39,0,-1
101,legit_8,398.4,279.28,11.7138,0.3612,180.0,C2C1,4,95.8,553.59,0,-1
101,legit_9,801.6,84.16,11.0474,-0.6318,0.0,E0E1,4,62.83,666.34,0,-1
101,sybil_0,801.6,363.04,2.4627,-23.7712,0.0,E1E2,5,51.69,519.39,1,0
101,sybil_1,801.6,363.04,15.7733,6.0636,0.0,E1E2,5,51.69,519.39,1,0
101,sybil_10,398.4,39.18,7.4698,-11.5128,180.0,C1C0,3,95.89,699.61,1,3
101,sybil_11,398.4,39.18,7.5064,-14.9904,180.0,C1C0,3,95.89,699.61,1,3
101,sybil_12,484.31,201.6,20.5514,10.2722,270.0,D1C1,7,88.52,574.37,1,4
101,sybil_13,484.31,201.6,12.7985,6.386,270.0,D1C1,7,88.52,574.37,1,4
101,sybil_14,484.31,201.6,12.2376,0.6019,270.0,D1C1,7,88.52,574.37,1,4
101,sybil_15,590.57,201.6,0.0,-5.3812,270.0,D1C1,8,162.54,566.54,1,5
101,sybil_16,590.57,201.6,0.0,0.0,90.0,:C4_13,8,162.54,566.54,1,5
101,sybil_17,590.57,201.6,10.6285,10.6285,90.0,B4C4,8,162.54,566.54,1,5
101,sybil_18,372.73,798.4,13.072,13.072,90.0,B4C4,12,87.75,516.23,1,6
101,sybil_19,372.73,798.4,13.8244,-5.903,90.0,B4C4,12,87.75,516.23,1,6
101,sybil_2,801.6,363.04,20.4162,4.1952,0.0,E1E2,5,51.69,519.39,1,0
101,sybil_20,372.73,798.4,1.713,-17.1846,90.0,B4C4,12,87.75,516.23,1,6
101,sybil_21,241.7,798.4,12.3229,-3.6498,90.0,B4C4,5,100.7,571.07,1,7
101,sybil_22,241.7,798.4,28.9087,24.0777,270.0,C4B4,5,100.7,571.07,1,7
101,sybil_23,241.7,798.4,9.0342,7.0125,270.0,D4C4,5,100.7,571.07,1,7
101,sybil_24,340.61,1001.6,9.4641,-17.9992,270.0,C5B5,2,134.58,613.25,1,8
101,sybil_25,340.61,1001.6,7.4756,6.7902,308.74,:C5_4,2,134.58,613.25,1,8
101,sybil_26,340.61,1001.6,12.0788,-4.439,0.0,C4C5,2,134.58,613.25,1,8
101,sybil_27,401.6,819.53,6.327,-3.2698,0.0,C4C5,9,52.55,512.79,1,9
101,sybil_28,401.6,819.53,10.3151,0.7073,0.0,C3C4,9,52.55,512.79,1,9
101,sybil_29,401.6,819.53,17.8966,8.463,0.0,C3C4,9,52.55,512.79,1,9
101,sybil_3,801.6,215.27,9.8182,-7.1443,0.0,E1E2,10,108.35,585.55,1,1
101,sybil_30,401.6,704.26,7.0573,2.9907,0.0,C3C4,9,114.94,487.01,1,10
101,sybil_31,401.6,704.26,9.0065,-15.0315,0.0,C3C4,9,114.94,487.01,1,10
101,sybil_32,401.6,704.26,9.0454,9.0454,270.0,F1E1,9,114.94,487.01,1,10
101,sybil_33,971.16,201.6,2.9198,-8.2585,270.0,F1E1,2,113.47,657.85,1,11
101,sybil_34,971.16,201.6,12.1143,3.8333,0.0,F0F1,2,113.47,657.85,1,11
101,sybil_35,971.16,201.6,5.6191,-9.8412,0.0,F0F1,2,113.47,657.85,1,11
101,sybil_36,1001.6,44.56,0.0185,-25.3823,0.0,F0F1,4,89.63,768.88,1,12
101,sybil_37,1001.6,44.56,29.228,29.228,0.0,F0F1,4,89.63,768.88,1,12
101,sybil_38,1001.6,44.56,10.2056,9.3818,88.47,:F0_1,4,89.63,768.88,1,12
101,sybil_39,982.99,-1.6,7.1476,-11.6635,90.0,E0F0,4,138.84,794.04,1,13
101,sybil_4,801.6,215.27,4.104,-23.2276,90.0,D1E1,10,108.35,585.55,1,1
101,sybil_5,801.6,215.27,14.8483,-19.2795,90.0,D1E1,10,108.35,585.55,1,1
101,sybil_6,683.36,198.4,4.8552,4.8552,90.0,D1E1,8,102.9,572.25,1,2
101,sybil_7,683.36,198.4,7.5117,-1.1631,90.0,D1E1,8,102.9,572.25,1,2
101,sybil_8,683.36,198.4,9.6767,4.0066,190.59,:C0_0,8,102.9,572.25,1,2
101,sybil_9,398.4,39.18,0.0,-13.2501,180.0,C1C0,3,95.89,699.61,1,3
102,legit_0,897.52,801.6,12.798,-1.0631,270.0,F4E4,0,152.44,544.24,0,-1
102,legit_10,601.6,425.97,11.6111,0.442,0.0,D2D3,0,162.4,473.26,0,-1
102,legit_11,798.4,591.26,7.3686,1.0477,169.96,E3E2,1,49.18,478.04,0,-1
102,legit_12,648.74,801.6,13.5534,0.0177,270.0,E4D4,0,108.3,482.12,0,-1
102,legit_13,-1.6,303.43,13.7656,0.2195,180.0,A2A1,0,161.81,760.24,0,-1
102,legit_14,405.07,398.1,6.0448,-0.4005,42.97,:C2_8,1,58.91,506.65,0,-1
102,legit_15,798.4,76.64,12.828,-0.2062,180.0,E1E0,4,64.98,670.88,0,-1
102,legit_16,952.61,1.6,11.7332,2.4733,270.0,F0E0,4,153.31,778.73,0,-1
102,legit_17,801.6,612.3,0.0,0.0,0.0,E3E4,1,53.05,479.16,0,-1
102,legit_4,401.6,103.78,13.2441,-0.2454,0.0,C0C1,6,51.04,651.65,0,-1
102,legit_5,138.6,1001.6,11.7447,0.0626,270.0,B5A5,0,79.22,707.65,0,-1
102,legit_6,493.79,798.4,13.8822,0.9608,90.0,C4D4,9,60.4,486.44,0,-1
102,legit_8,398.4,267.1,12.1787,0.4649,180.0,C2C1,4,106.27,559.33,0,-1
102,legit_9,801.6,95.97,11.8082,0.7608,0.0,E0E1,7,56.92,657.99,0,-1
102,sybil_0,801.6,375.87,5.8643,3.4015,0.0,E1E2,2,53.99,515.22,1,0
102,sybil_1,801.6,375.87,10.3157,-5.4576,0.0,E1E2,2,53.99,515.22,1,0
102,sybil_10,398.4,30.95,7.0887,-0.3811,180.0,C1C0,3,102.92,705.91,1,3
102,sybil_11,398.4,30.95,8.7669,1.2604,180.0,C1C0,3,102.92,705.91,1,3
102,sybil_12,471.13,201.6,17.9638,-2.5877,270.0,D1C1,7,84.29,576.42,1,4
102,sybil_13,471.13,201.6,21.1755,8.377,270.0,D1C1,7,84.29,576.42,1,4
102,sybil_14,471.13,201.6,12.0122,-0.2254,270.0,D1C1,7,84.29,576.42,1,4
102,sybil_15,586.99,201.6,2.997,2.997,270.0,D1C1,8,159.45,566.59,1,5
102,sybil_16,586.99,201.6,0.0,0.0,90.0,:C4_13,8,159.45,566.59,1,5
102,sybil_17,586.99,201.6,2.3051,-8.3235,90.0,B4C4,8,159.45,566.59,1,5
102,sybil_18,376.52,798.4,8.0925,-4.9795,90.0,B4C4,12,84.44,514.93,1,6
102,sybil_19,376.52,798.4,13.6208,-0.2036,90.0,B4C4,12,84.44,514.93,1,6
102,sybil_2,801.6,375.87,11.1936,-9.2226,0.0,E1E2,2,53.99,515.22,1,0
102,sybil_20,376.52,798.4,9.6625,7.9494,90.0,B4C4,12,84.44,514.93,1,6
102,sybil_21,254.59,798.4,13.9971,1.6742,90.0,B4C4,5,112.56,564.86,1,7
102,sybil_22,254.59,798.4,8.9538,-19.9549,270.0,C4B4,5,112.56,564.86,1,7
102,sybil_23,254.59,798.4,2.6942,-6.34,270.0,D4C4,5,112.56,564.86,1,7
102,sybil_24,326.97,1001.6,13.651,4.1869,270.0,C5B5,2,145.89,618.2,1,8
102,sybil_25,326.97,1001.6,5.0832,-2.3924,272.51,C5B5,2,145.89,618.2,1,8
102,sybil_26,326.97,1001.6,10.5399,-1.5389,0.0,C4C5,2,145.89,618.2,1,8
102,sybil_27,401.6,830.52,6.4986,0.1715,0.0,C4C5,9,49.32,516.24,1,9
102,sybil_28,401.6,830.52,2.5082,-7.8069,0.0,C3C4,9,49.32,516.24,1,9
102,sybil_29,401.6,830.52,13.531,-4.3656,0.0,C3C4,9,49.32,516.24,1,9
102,sybil_3,801.6,225.67,8.9206,-0.8976,0.0,E1E2,7,117.6,580.07,1,1
102,sybil_30,401.6,716.31,21.4376,14.3803,0.0,C3C4,9,125.98,488.97,1,10
102,sybil_31,401.6,716.31,0.0,-9.0065,0.0,C3C4,9,125.98,488.97,1,10
102,sybil_32,401.6,716.31,0.0,-9.0454,270.0,F1E1,9,125.98,488.97,1,10
102,sybil_33,958.51,201.6,7.171,4.2512,270.0,F1E1,2,122.59,651.94,1,11
102,sybil_34,958.51,201.6,0.0,-12.1143,0.0,F0F1,2,122.59,651.94,1,11
102,sybil_35,958.51,201.6,0.0,-5.6191,0.0,F0F1,2,122.59,651.94,1,11
102,sybil_36,1001.6,57.1,15.226,15.2074,0.0,F0F1,4,79.37,760.03,1,12
102,sybil_37,1001.6,57.1,14.9415,-14.2865,0.0,F0F1,4,79.37,760.03,1,12
102,sybil_38,1001.6,57.1,5.4385,-4.7672,34.5,:F0_1,4,79.37,760.03,1,12
102,sybil_39,988.23,-1.6,0.0,-7.1476,90.0,E0F0,4,136.39,796.37,1,13
102,sybil_4,801.6,225.67,0.0,-4.104,90.0,D1E1,7,117.6,580.07,1,1
102,sybil_5,801.6,225.67,7.2145,-7.6338,90.0,D1E1,7,117.6,580.07,1,1
102,sybil_6,695.79,198.4,8.21,3.3548,90.0,D1E1,9,95.32,573.57,1,2
102,sybil_7,695.79,198.4,8.1183,0.6066,90.0,D1E1,9,95.32,573.57,1,2
102,sybil_8,695.79,198.4,6.1549,-3.5218,248.87,C0B0,9,95.32,573.57,1,2
102,sybil_9,398.4,30.95,0.0,0.0,180.0,C1C0,3,102.92,705.91,1,3
103,legit_0,883.73,801.6,13.7917,0.9937,270.0,F4E4,0,139.14,538.49,0,-1
103,legit_10,601.6,436.97,11.0,-0.6111,0.0,D2D3,0,167.17,470.57,0,-1
103,legit_11,798.4,582.54,8.7212,1.3526,180.0,E3E2,1,51.45,478.28,0,-1
103,legit_12,635.54,801.6,13.1999,-0.3536,270.0,E4D4,1,120.73,481.49,0,-1
103,legit_13,-1.6,290.53,12.901,-0.8646,180.0,A2A1,0,166.76,764.88,0,-1
103,legit_14,411.12,398.4,6.0721,0.0273,88.24,C2D2,1,54.65,504.75,0,-1
103,legit_15,798.4,62.98,13.6637,0.8357,180.0,E1E0,1,74.79,680.91,0,-1
103,legit_16,941.39,1.6,11.2152,-0.518,270.0,F0E0,4,160.67,774.2,0,-1
103,legit_17,801.6,614.56,2.2616,2.2616,0.0,E3E4,1,53.62,479.22,0,-1
103,legit_4,401.6,116.93,13.1403,-0.1038,0.0,C0C1,7,48.5,642.76,0,-1
103,legit_5,126.42,1001.6,12.1815,0.4368,270.0,B5A5,0,81.87,715.07,0,-1
103,legit_6,506.81,798.4,13.0151,-0.8671,90.0,C4D4,10,70.41,484.87,0,-1
103,legit_8,398.4,256.13,10.9755,-1.2033,180.0,C2C1,5,115.98,564.65,0,-1
103,legit_9,801.6,107.37,11.403,-0.4052,0.0,E0E1,7,53.12,650.12,0,-1
103,sybil_0,801.6,389.31,19.4451,13.5809,0.0,E1E2,2,59.34,511.19,1,0
103,sybil_1,801.6,389.31,11.8922,1.5765,0.0,E1E2,2,59.34,511.19,1,0
103,sybil_10,398.4,23.79,10.5951,3.5064,180.0,C1C0,3,109.18,711.42,1,3
103,sybil_11,398.4,23.79,2.9395,-5.8274,180.0,C1C0,3,109.18,711.42,1,3
103,sybil_12,458.28,201.6,24.6803,6.7165,270.0,D1C1,7,82.02,578.7,1,4
103,sybil_13,458.28,201.6,8.6634,-12.5121,270.0,D1C1,7,82.02,578.7,1,4
103,sybil_14,458.28,201.6,25.5831,13.5709,270.0,D1C1,7,82.02,578.7,1,4
103,sybil_15,581.8,201.6,0.0,-2.997,270.0,D1C1,8,155.02,566.68,1,5
103,sybil_16,581.8,201.6,11.4463,11.4463,90.0,:C4_13,8,155.02,566.68,1,5
103,sybil_17,581.8,201.6,8.8904,6.5853,90.0,B4C4,8,155.02,566.68,1,5
103,sybil_18,378.62,798.4,1.74,-6.3526,90.0,B4C4,12,82.61,514.21,1,6
103,sybil_19,378.62,798.4,2.8809,-10.7399,90.0,B4C4,12,82.61,514.21,1,6
103,sybil_2,801.6,389.31,28.7305,17.537,0.0,E1E2,2,59.34,511.19,1,0
103,sybil_20,378.62,798.4,5.1911,-4.4714,90.0,B4C4,12,82.61,514.21,1,6
103,sybil_21,267.2,798.4,19.1461,5.1489,90.0,B4C4,8,124.37,558.96,1,7
103,sybil_22,267.2,798.4,11.9875,3.0337,270.0,C4B4,8,124.37,558.96,1,7
103,sybil_23,267.2,798.4,0.0,-2.6942,270.0,D4C4,8,124.37,558.96,1,7
103,sybil_24,314.04,1001.6,26.2428,12.5918,270.0,C5B5,2,156.95,623.08,1,8
103,sybil_25,314.04,1001.6,11.6502,6.567,270.0,C5B5,2,156.95,623.08,1,8
103,sybil_26,314.04,1001.6,0.0,-10.5399,0.0,C4C5,2,156.95,623.08,1,8
103,sybil_27,401.6,841.84,6.3826,-0.116,0.0,C4C5,12,48.44,520.04,1,9
103,sybil_28,401.6,841.84,4.6725,2.1642,0.0,C3C4,12,48.44,520.04,1,9
103,sybil_29,401.6,841.84,4.6993,-8.8317,0.0,C3C4,12,48.44,520.04,1,9
103,sybil_3,801.6,238.15,14.3524,5.4318,0.0,E1E2,9,128.93,573.63,1,1
103,sybil_30,401.6,728.25,21.7551,0.3176,0.0,C3C4,9,121.78,491.07,1,10
103,sybil_31,401.6,728.25,10.6244,10.6244,0.0,C3C4,9,121.78,491.07,1,10
103,sybil_32,401.6,728.25,11.8313,11.8313,270.0,F1E1,9,121.78,491.07,1,10
103,sybil_33,945.1,201.6,28.5145,21.3435,270.0,F1E1,8,132.9,645.87,1,11
103,sybil_34,945.1,201.6,16.8735,16.8735,0.0,F0F1,8,132.9,645.87,1,11
103,sybil_35,945.1,201.6,3.6553,3.6553,0.0,F0F1,8,132.9,645.87,1,11
103,sybil_36,1001.6,69.81,9.2311,-5.9949,0.0,F0F1,7,69.73,751.21,1,12
103,sybil_37,1001.6,69.81,16.7051,1.7636,0.0,F0F1,7,69.73,751.21,1,12
103,sybil_38,1001.6,69.81,8.2551,2.8166,0.0,F0F1,7,69.73,751.21,1,12
103,sybil_39,994.36,-1.6,6.5027,6.5027,90.0,E0F0,4,133.73,799.13,1,13
103,sybil_4,801.6,238.15,6.6237,6.6237,75.36,:E1_14,9,128.93,573.63,1,1
103,sybil_5,801.6,238.15,18.7006,11.4861,90.0,D1E1,9,128.93,573.63,1,1
103,sybil_6,708.69,198.4,17.3448,9.1348,90.0,D1E1,9,88.62,575.17,1,2
103,sybil_7,708.69,198.4,16.7232,8.6049,90.0,D1E1,9,88.62,575.17,1,2
103,sybil_8,708.69,198.4,16.506,10.3511,270.0,C0B0,9,88.62,575.17,1,2
103,sybil_9,398.4,23.79,5.2288,5.2288,180.0,C1C0,3,109.18,711.42,1,3
104,legit_0,870.36,801.6,13.3764,-0.4153,270.0,F4E4,0,126.33,533.11,0,-1
104,legit_10,601.6,448.74,11.7729,0.7729,0.0,D2D3,0,172.91,467.88,0,-1
104,legit_11,798.4,572.43,10.1121,1.3909,180.0,E3E2,1,55.7,478.73,0,-1
104,legit_12,622.52,801.6,13.0261,-0.1738,270.0,E4D4,1,133.14,481.06,0,-1
104,legit_13,-1.6,277.81,12.721,-0.18,180.0,A2A1,0,172.45,769.63,0,-1
104,legit_14,418.96,398.4,7.8383,1.7662,90.0,C2D2,0,49.38,502.49,0,-1
104,legit_15,798.4,49.19,13.7879,0.1242,180.0,E1E0,2,85.77,691.21,0,-1
104,legit_16,929.57,1.6,11.8197,0.6045,270.0,F0E0,5,168.88,769.56,0,-1
104,legit_17,801.6,618.7,4.1362,1.8747,0.0,E3E4,1,54.88,479.36,0,-1
104,legit_4,401.6,129.66,12.7379,-0.4024,0.0,C0C1,7,49.36,634.44,0,-1
104,legit_5,114.48,1001.6,11.9388,-0.2427,270.0,B5A5,0,86.07,722.55,0,-1
104,legit_6,520.09,798.4,13.284,0.2689,90.0,C4D4,10,81.51,483.51,0,-1
104,legit_8,398.4,244.77,11.3577,0.3822,180.0,C2C1,4,126.26,570.29,0,-1
104,legit_9,801.6,118.18,10.8083,-0.5947,0.0,E0E1,7,51.63,642.86,0,-1
104,sybil_0,801.6,402.86,30.8934,11.4483,0.0,:E2_9,2,67.08,507.42,1,0
104,sybil_1,801.6,402.86,13.5014,1.6092,0.0,E1E2,2,67.08,507.42,1,0
104,sybil_10,398.4,18.95,0.0,-10.5951,180.0,C1C0,3,113.46,715.16,1,3
104,sybil_11,398.4,18.95,13.1212,10.1817,180.0,C1C0,3,113.46,715.16,1,3
104,sybil_12,445.33,201.6,32.1466,7.4663,270.0,D1C1,7,81.73,581.28,1,4
104,sybil_13,445.33,201.6,11.1317,2.4683,270.0,D1C1,7,81.73,581.28,1,4
104,sybil_14,445.33,201.6,12.9908,-12.5923,270.0,D1C1,7,81.73,581.28,1,4
104,sybil_15,574.05,201.6,1.5582,1.5582,270.0,D1C1,8,148.48,566.87,1,5
104,sybil_16,574.05,201.6,13.7449,2.2986,90.0,C4D4,8,148.48,566.87,1,5
104,sybil_17,574.05,201.6,0.0,-8.8904,90.0,B4C4,8,148.48,566.87,1,5
104,sybil_18,381.46,798.4,2.6298,0.8898,90.0,B4C4,12,80.17,513.25,1,6
104,sybil_19,381.46,798.4,14.3384,11.4575,90.0,B4C4,12,80.17,513.25,1,6
104,sybil_2,801.6,402.86,14.4116,-14.3189,0.0,E1E2,2,67.08,507.42,1,0
104,sybil_20,381.46,798.4,4.333,-0.8581,90.0,B4C4,12,80.17,513.25,1,6
104,sybil_21,279.36,798.4,2.4922,-16.6539,90.0,B4C4,11,135.88,553.44,1,7
104,sybil_22,279.36,798.4,14.687,2.6995,270.0,C4B4,11,135.88,553.44,1,7
104,sybil_23,279.36,798.4,0.0,0.0,270.0,D4C4,11,135.88,553.44,1,7
104,sybil_24,300.99,1001.6,1.4699,-24.7729,270.0,C5B5,2,168.37,628.17,1,8
104,sybil_25,300.99,1001.6,0.0,-11.6502,270.0,C5B5,2,168.37,628.17,1,8
104,sybil_26,300.99,1001.6,24.7871,24.7871,0.0,C4C5,2,168.37,628.17,1,8
104,sybil_27,401.6,852.49,14.9817,8.5992,0.0,C4C5,12,49.98,523.85,1,9
104,sybil_28,401.6,852.49,13.2522,8.5798,0.0,C3C4,12,49.98,523.85,1,9
104,sybil_29,401.6,852.49,3.5073,-1.192,0.0,C3C4,12,49.98,523.85,1,9
104,sybil_3,801.6,251.49,14.488,0.1356,0.0,E1E2,9,120.15,566.94,1,1
104,sybil_30,401.6,740.62,0.0,-21.7551,0.0,C3C4,12,110.54,493.41,1,10
104,sybil_31,401.6,740.62,7.9257,-2.6987,0.0,C3C4,12,110.54,493.41,1,10
104,sybil_32,401.6,740.62,16.7023,4.871,270.0,F1E1,12,110.54,493.41,1,10
104,sybil_33,931.46,201.6,33.8765,5.362,270.0,F1E1,8,143.91,639.88,1,11
104,sybil_34,931.46,201.6,11.9894,-4.8841,0.0,F0F1,8,143.91,639.88,1,11
104,sybil_35,931.46,201.6,15.3326,11.6772,0.0,F0F1,8,143.91,639.88,1,11
104,sybil_36,1001.6,82.42,13.9762,4.7451,0.0,F0F1,7,61.28,742.62,1,12
104,sybil_37,1001.6,82.42,28.8795,12.1744,0.0,F0F1,7,61.28,742.62,1,12
104,sybil_38,1001.6,82.42,5.9226,-2.3324,0.0,F0F1,7,61.28,742.62,1,12
104,sybil_39,1000.16,-0.54,8.8607,2.358,77.5,:F0_1,4,130.44,801.0,1,13
104,sybil_4,801.6,251.49,12.3225,5.6988,20.45,:E1_14,9,120.15,566.94,1,1
104,sybil_5,801.6,251.49,0.0,-18.7006,90.0,D1E1,9,120.15,566.94,1,1
104,sybil_6,722.05,198.4,14.1994,-3.1455,90.0,D1E1,9,83.23,577.1,1,2
104,sybil_7,722.05,198.4,10.2703,-6.4529,90.0,D1E1,9,83.23,577.1,1,2
104,sybil_8,722.05,198.4,22.3866,5.8806,270.0,C0B0,9,83.23,577.1,1,2
104,sybil_9,398.4,18.95,13.6756,8.4468,196.31,:C0_0,3,113.46,715.16,1,3
105,legit_0,857.07,801.6,13.2895,-0.0869,270.0,F4E4,0,113.74,527.96,0,-1
105,legit_10,601.6,460.57,11.8354,0.0625,0.0,D2D3,0,179.27,465.37,0,-1
105,legit_11,798.4,559.89,12.5308,2.4187,180.0,E3E2,4,62.86,479.53,0,-1
105,legit_12,609.28,801.6,13.2305,0.2044,270.0,E4D4,1,145.86,480.83,0,-1
105,legit_13,-1.6,264.74,13.0714,0.3504,180.0,A2A1,0,179.05,774.7,0,-1
105,legit_14,429.13,398.4,10.1713,2.333,90.0,C2D2,0,43.71,499.71,0,-1
105,legit_15,798.4,36.03,13.156,-0.6319,180.0,E1E0,2,96.92,701.19,0,-1
105,legit_16,917.49,1.6,12.0856,0.2659,270.0,F0E0,5,177.7,764.97,0,-1
105,legit_17,801.6,624.3,5.6015,1.4653,0.0,E3E4,1,57.04,479.6,0,-1
105,legit_4,401.6,143.12,13.4545,0.7166,0.0,C0C1,7,53.64,625.96,0,-1
105,legit_5,101.61,1001.6,12.8691,0.9303,270.0,B5A5,0,92.13,730.83,0,-1
105,legit_6,533.39,798.4,13.3023,0.0183,90.0,C4D4,10,93.19,482.38,0,-1
105,legit_8,398.4,233.85,10.9194,-0.4383,180.0,C2C1,4,125.0,575.83,0,-1
105,legit_9,801.6,129.01,10.8304,0.0221,0.0,E0E1,10,52.38,635.79,0,-1
105,sybil_0,801.6,415.9,26.1251,-4.7683,0.0,E2E3,3,76.07,504.05,1,0
105,sybil_1,801.6,415.9,14.816,1.3145,0.0,E1E2,3,76.07,504.05,1,0
105,sybil_10,398.4,11.62,23.8011,23.8011,180.0,C1C0,3,120.04,720.87,1,3
105,sybil_11,398.4,11.62,0.8101,-12.3112,180.0,C1C0,3,120.04,720.87,1,3
105,sybil_12,432.23,201.6,16.0207,-16.1259,270.0,D1C1,7,83.51,584.17,1,4
105,sybil_13,432.23,201.6,16.3086,5.1769,270.0,D1C1,7,83.51,584.17,1,4
105,sybil_14,432.23,201.6,15.651,2.6602,270.0,D1C1,7,83.51,584.17,1,4
105,sybil_15,564.89,201.6,20.7179,19.1596,270.0,D1C1,5,140.92,567.18,1,5
105,sybil_16,564.89,201.6,24.1742,10.4293,90.0,C4D4,5,140.92,567.18,1,5
105,sybil_17,564.89,201.6,0.6654,0.6654,90.0,B4C4,5,140.92,567.18,1,5
105,sybil_18,384.07,798.4,0.6948,-1.935,90.0,B4C4,12,77.96,512.39,1,6
105,sybil_19,384.07,798.4,20.7751,6.4367,90.0,B4C4,12,77.96,512.39,1,6
105,sybil_2,801.6,415.9,12.0279,-2.3837,0.0,E1E2,3,76.07,504.05,1,0
105,sybil_20,384.07,798.4,13.0501,8.7171,90.0,B4C4,12,77.96,512.39,1,6
105,sybil_21,292.09,798.4,11.2257,8.7335,90.0,B4C4,11,148.06,547.81,1,7
105,sybil_22,292.09,798.4,35.0029,20.3159,270.0,C4B4,11,148.06,547.81,1,7
105,sybil_23,292.09,798.4,0.0,0.0,270.0,D4C4,11,148.06,547.81,1,7
105,sybil_24,288.02,1001.6,18.4346,16.9647,270.0,C5B5,2,158.73,633.41,1,8
105,sybil_25,288.02,1001.6,12.5936,12.5936,270.0,C5B5,2,158.73,633.41,1,8
105,sybil_26,288.02,1001.6,25.5582,0.7711,0.0,C4C5,2,158.73,633.41,1,8
105,sybil_27,401.6,863.29,2.788,-12.1937,0.0,C4C5,12,53.71,527.95,1,9
105,sybil_28,401.6,863.29,5.9135,-7.3388,0.0,:C4_9,12,53.71,527.95,1,9
105,sybil_29,401.6,863.29,15.1683,11.6609,0.0,C3C4,12,53.71,527.95,1,9
105,sybil_3,801.6,264.61,13.1587,-1.3293,0.0,E1E2,9,108.45,560.53,1,1
105,sybil_30,401.6,753.33,13.9725,13.9725,0.0,C3C4,12,99.27,496.0,1,10
105,sybil_31,401.6,753.33,10.8762,2.9504,0.0,C3C4,12,99.27,496.0,1,10
105,sybil_32,401.6,753.33,18.4304,1.7281,270.0,F1E1,12,99.27,496.0,1,10
105,sybil_33,917.86,201.6,2.7265,-31.15,270.0,F1E1,9,155.31,634.12,1,11
105,sybil_34,917.86,201.6,3.096,-8.8934,355.85,:F1_4,9,155.31,634.12,1,11
105,sybil_35,917.86,201.6,3.9083,-11.4242,0.0,F0F1,9,155.31,634.12,1,11
105,sybil_36,1001.6,95.29,21.1776,7.2014,0.0,F0F1,7,54.34,734.04,1,12
105,sybil_37,1001.6,95.29,17.6968,-11.1826,0.0,F0F1,7,54.34,734.04,1,12
105,sybil_38,1001.6,95.29,16.1494,10.2268,0.0,F0F1,7,54.34,734.04,1,12
105,sybil_39,1001.6,4.09,10.252,1.3913,16.98,F0F1,4,125.61,798.23,1,13
105,sybil_4,801.6,264.61,7.2037,-5.1188,0.0,E1E2,9,108.45,560.53,1,1
105,sybil_5,801.6,264.61,27.6879,27.6879,90.0,D1E1,9,108.45,560.53,1,1
105,sybil_6,735.55,198.4,29.8381,15.6387,90.0,D1E1,6,79.72,579.33,1,2
105,sybil_7,735.55,198.4,10.7731,0.5028,90.0,D1E1,6,79.72,579.33,1,2
105,sybil_8,735.55,198.4,7.3881,-14.9985,270.0,C0B0,6,79.72,579.33,1,2
105,sybil_9,398.4,11.62,0.0,-13.6756,260.18,C0B0,3,120.04,720.87,1,3
106,legit_0,844.04,801.6,13.0286,-0.2609,270.0,F4E4,0,101.58,523.09,0,-1
106,legit_10,601.6,471.71,11.1322,-0.7032,0.0,D2D3,0,185.74,463.18,0,-1
106,legit_11,798.4,546.37,13.5265,0.9958,180.0,E3E2,4,72.24,480.67,0,-1
106,legit_13,-1.6,251.14,13.5944,0.5229,180.0,A2A1,0,186.64,780.17,0,-1
106,legit_14,441.87,398.4,12.7452,2.5739,90.0,C2D2,0,39.25,496.52,0,-1
106,legit_15,798.4,22.52,13.5102,0.3542,180.0,E1E0,2,108.83,711.59,0,-1
106,legit_16,905.26,1.6,12.2264,0.1408,270.0,F0E0,5,187.0,760.48,0,-1
106,legit_17,801.6,631.2,6.9044,1.3029,0.0,E3E4,1,60.3,479.96,0,-1
106,legit_4,401.6,156.73,13.6155,0.161,0.0,C0C1,4,60.76,617.67,0,-1
106,legit_5,89.23,1001.6,12.38,-0.4891,270.0,B5A5,0,99.19,738.98,0,-1
106,legit_6,546.94,798.4,13.5461,0.2439,90.0,C4D4,3,105.49,481.45,0,-1
106,legit_8,398.4,222.62,11.2346,0.3152,180.0,C2C1,4,114.86,581.67,0,-1
106,legit_9,801.6,139.93,10.9186,0.0883,0.0,E0E1,10,55.31,628.87,0,-1
106,sybil_0,801.6,429.44,26.0512,-0.0739,0.0,E2E3,3,86.51,500.79,1,0
106,sybil_1,801.6,429.44,21.0628,6.2469,0.0,E1E2,3,86.51,500.79,1,0
106,sybil_10,398.28,6.39,1.2564,-22.5448,181.33,:C0_0,2,124.83,725.0,1,3
106,sybil_11,398.28,6.39,0.5809,-0.2291,180.0,C1C0,2,124.83,725.0,1,3
106,sybil_12,419.91,201.6,16.7186,0.6979,270.0,D1C1,7,86.97,587.15,1,4
106,sybil_13,419.91,201.6,19.5842,3.2756,270.0,D1C1,7,86.97,587.15,1,4
106,sybil_14,419.91,201.6,20.4998,4.8489,270.0,D1C1,7,86.97,587.15,1,4
106,sybil_15,553.48,201.6,5.371,-15.3468,270.0,D1C1,5,131.78,567.7,1,5
106,sybil_16,553.48,201.6,9.3611,-14.8131,90.0,C4D4,5,131.78,567.7,1,5
106,sybil_17,553.48,201.6,6.6438,5.9784,90.0,B4C4,5,131.78,567.7,1,5
106,sybil_18,384.48,798.4,0.0,-0.6948,90.0,B4C4,11,77.61,512.25,1,6
106,sybil_19,384.48,798.4,0.0,-20.7751,90.0,B4C4,11,77.61,512.25,1,6
106,sybil_2,801.6,429.44,8.7935,-3.2344,0.0,E1E2,3,86.51,500.79,1,0
106,sybil_20,384.48,798.4,17.4316,4.3816,90.0,B4C4,11,77.61,512.25,1,6
106,sybil_21,305.04,798.4,15.3908,4.1652,90.0,B4C4,11,150.81,542.27,1,7
106,sybil_22,305.04,798.4,19.7208,-15.2822,270.0,C4B4,11,150.81,542.27,1,7
106,sybil_23,305.04,798.4,7.3714,7.3714,270.0,D4C4,11,150.81,542.27,1,7
106,sybil_24,274.33,1001.6,11.5731,-6.8615,270.0,C5B5,2,146.98,639.12,1,8
106,sybil_25,274.33,1001.6,20.502,7.9084,270.0,C5B5,2,146.98,639.12,1,8
106,sybil_26,274.33,1001.6,1.6681,-23.8902,0.0,C4C5,2,146.98,639.12,1,8
106,sybil_27,401.6,874.17,17.4561,14.6681,0.0,C4C5,11,59.25,532.27,1,9
106,sybil_28,401.6,874.17,22.8637,16.9503,0.0,C4C5,11,59.25,532.27,1,9
106,sybil_29,401.6,874.17,7.6737,-7.4945,0.0,C3C4,11,59.25,532.27,1,9
106,sybil_3,801.6,277.2,0.0,-13.1587,0.0,E1E2,9,97.56,554.56,1,1
106,sybil_30,401.6,765.99,0.0,-13.9725,0.0,C3C4,12,88.43,498.77,1,10
106,sybil_31,401.6,765.99,8.6241,-2.2521,0.0,C3C4,12,88.43,498.77,1,10
106,sybil_32,401.6,765.99,19.6038,1.1734,270.0,F1E1,12,88.43,498.77,1,10
106,sybil_33,904.92,201.6,20.2537,17.5272,270.0,F1E1,9,166.45,628.8,1,11
106,sybil_34,904.92,201.6,0.0,-3.096,314.87,:F1_10,9,166.45,628.8,1,11
106,sybil_35,904.92,201.6,15.5225,11.6142,0.0,F0F1,9,166.45,628.8,1,11
106,sybil_36,1001.6,107.12,14.4933,-6.6843,0.0,F0F1,7,50.08,726.38,1,12
106,sybil_37,1001.6,107.12,6.6046,-11.0922,0.0,F0F1,7,50.08,726.38,1,12
106,sybil_38,1001.6,107.12,22.1389,5.9895,0.0,F0F1,7,50.08,726.38,1,12
106,sybil_39,1001.6,11.4,0.0,-10.252,0.0,F0F1,4,118.9,792.85,1,13
106,sybil_4,801.6,277.2,20.0076,12.8039,0.0,E1E2,9,97.56,554.56,1,1
106,sybil_5,801.6,277.2,17.3001,-10.3878,90.0,D1E1,9,97.56,554.56,1,1
106,sybil_6,748.37,198.4,28.9878,-0.8503,90.0,D1E1,6,78.42,581.74,1,2
106,sybil_7,748.37,198.4,10.4088,-0.3643,90.0,D1E1,6,78.42,581.74,1,2
106,sybil_8,748.37,198.4,0.4549,-6.9332,270.0,C0B0,6,78.42,581.74,1,2
106,sybil_9,398.28,6.39,4.2794,4.2794,270.0,C0B0,2,124.83,725.0,1,3
107,legit_0,831.37,801.6,12.673,-0.3557,270.0,F4E4,0,89.97,518.55,0,-1
107,legit_10,601.6,483.35,11.6408,0.5086,0.0,D2D3,0,188.76,461.08,0,-1
107,legit_11,798.4,532.74,13.6312,0.1047,180.0,E3E2,4,82.87,482.07,0,-1
107,legit_13,-1.6,238.42,12.7175,-0.8768,180.0,A2A1,0,192.37,785.46,0,-1
107,legit_14,454.98,398.4,13.1114,0.3662,90.0,C2D2,0,38.72,493.64,0,-1
107,legit_15,798.4,13.51,9.0102,-4.5,180.0,E1E0,2,116.97,718.6,0,-1
107,legit_16,893.48,1.6,11.7774,-0.4489,270.0,F0E0,2,186.03,756.3,0,-1
107,legit_17,801.6,640.51,9.3089,2.4045,0.0,E3E4,1,65.6,480.58,0,-1
107,legit_4,401.6,169.96,13.2247,-0.3908,0.0,C0C1,7,69.56,609.87,0,-1
107,legit_5,77.44,1001.6,11.791,-0.5889,270.0,B5A5,0,106.82,746.9,0,-1
107,legit_6,559.69,798.4,12.7517,-0.7944,90.0,C4D4,0,117.31,480.77,0,-1
107,legit_8,398.4,211.44,11.1789,-0.0557,180.0,C2C1,7,104.99,587.6,0,-1
107,legit_9,801.6,150.51,10.578,-0.3406,0.0,E0E1,10,59.94,622.35,0,-1
107,sybil_0,801.6,442.59,14.3413,-11.7099,0.0,E2E3,3,97.38,497.84,1,0
107,sybil_1,801.6,442.59,25.2106,4.1478,0.0,E1E2,3,97.38,497.84,1,0
107,sybil_10,395.45,2.07,0.0,-1.2564,215.87,:C0_0,2,129.93,729.1,1,3
107,sybil_11,395.45,2.07,1.5703,0.9893,180.0,C1C0,2,129.93,729.1,1,3
107,sybil_12,412.09,201.6,12.2934,-4.4252,270.0,D1C1,7,89.98,589.17,1,4
107,sybil_13,412.09,201.6,17.9064,-1.6778,270.0,D1C1,7,89.98,589.17,1,4
107,sybil_14,412.09,201.6,21.5173,1.0175,270.0,D1C1,7,89.98,589.17,1,4
107,sybil_15,540.87,201.6,13.5997,8.2287,270.0,D1C1,7,122.13,568.46,1,5
107,sybil_16,540.87,201.6,10.1395,0.7784,90.0,C4D4,7,122.13,568.46,1,5
107,sybil_17,540.87,201.6,0.0,-6.6438,90.0,B4C4,7,122.13,568.46,1,5
107,sybil_18,384.97,798.4,0.0,0.0,90.0,B4C4,11,77.2,512.09,1,6
107,sybil_19,384.97,798.4,0.9794,0.9794,90.0,B4C4,11,77.2,512.09,1,6
107,sybil_2,801.6,442.59,9.7211,0.9276,0.0,E1E2,3,97.38,497.84,1,0
107,sybil_20,384.97,798.4,19.9743,2.5427,90.0,B4C4,11,77.2,512.09,1,6
107,sybil_21,317.55,798.4,17.6933,2.3025,90.0,B4C4,11,138.83,537.08,1,7
107,sybil_22,317.55,798.4,17.8348,-1.886,270.0,C4B4,11,138.83,537.08,1,7
107,sybil_23,317.55,798.4,0.0774,-7.294,270.0,D4C4,11,138.83,537.08,1,7
107,sybil_24,261.09,1001.6,11.9472,0.3741,270.0,C5B5,2,135.97,644.83,1,8
107,sybil_25,261.09,1001.6,14.2016,-6.3003,270.0,C5B5,2,135.97,644.83,1,8
107,sybil_26,261.09,1001.6,15.0203,13.3522,0.0,C4C5,2,135.97,644.83,1,8
107,sybil_27,401.6,884.96,4.1896,-13.2664,0.0,C4C5,11,66.06,536.74,1,9
107,sybil_28,401.6,884.96,13.8049,-9.0589,0.0,C4C5,11,66.06,536.74,1,9
107,sybil_29,401.6,884.96,0.0,-7.6737,0.0,:C4_9,11,66.06,536.74,1,9
107,sybil_3,801.6,290.85,10.8899,10.8899,0.0,E1E2,9,86.28,548.28,1,1
107,sybil_30,401.6,776.32,0.1711,0.1711,0.0,C3C4,11,79.99,501.17,1,10
107,sybil_31,401.6,776.32,14.0347,5.4106,0.0,C3C4,11,79.99,501.17,1,10
107,sybil_32,401.6,776.32,7.7906,-11.8132,270.0,F1E1,11,79.99,501.17,1,10
107,sybil_33,892.36,201.6,22.9737,2.72,270.0,F1E1,12,164.08,623.81,1,11
107,sybil_34,892.36,201.6,1.5807,1.5807,273.6,F1E1,12,164.08,623.81,1,11
107,sybil_35,892.36,201.6,9.7827,-5.7398,0.0,F0F1,12,164.08,623.81,1,11
107,sybil_36,1001.6,120.01,12.7976,-1.6957,0.0,F0F1,6,48.4,718.28,1,12
107,sybil_37,1001.6,120.01,1.3458,-5.2589,0.0,F0F1,6,48.4,718.28,1,12
107,sybil_38,1001.6,120.01,18.3222,-3.8167,0.0,F0F1,6,48.4,718.28,1,12
107,sybil_39,1001.6,20.53,20.1658,20.1658,0.0,F0F1,4,110.62,786.17,1,13
107,sybil_4,801.6,290.85,12.9435,-7.064,0.0,E1E2,9,86.28,548.28,1,1
107,sybil_5,801.6,290.85,11.4692,-5.8309,73.91,:E1_14,9,86.28,548.28,1,1
107,sybil_6,761.71,198.4,9.1651,-19.8226,90.0,D1E1,9,79.27,584.55,1,2
107,sybil_7,761.71,198.4,17.5066,7.0978,90.0,D1E1,9,79.27,584.55,1,2
107,sybil_8,761.71,198.4,17.2662,16.8113,270.0,C0B0,9,79.27,584.55,1,2
107,sybil_9,395.45,2.07,14.7587,10.4793,270.0,C0B0,2,129.93,729.1,1,3
108,legit_0,817.96,801.6,13.4103,0.7373,270.0,F4E4,0,78.05,513.94,0,-1
108,legit_10,601.6,494.2,10.8527,-0.7881,0.0,D2D3,0,182.25,459.29,0,-1
108,legit_11,798.4,519.16,13.5747,-0.0565,180.0,E3E2,4,94.22,483.69,0,-1
108,legit_13,-1.6,224.83,13.5921,0.8746,180.0,A2A1,0,184.32,791.31,0,-1
108,legit_14,468.47,398.4,13.4901,0.3787,90.0,C2D2,0,42.61,491.1,0,-1
108,legit_15,798.4,8.94,4.573,-4.4372,180.0,E1E0,1,121.15,722.17,0,-1
108,legit_16,881.13,1.6,12.3574,0.58,270.0,F0E0,2,176.67,752.06,0,-1
108,legit_17,801.6,651.57,11.0576,1.7487,0.0,E3E4,1,72.95,481.48,0,-1
108,legit_4,401.6,183.66,13.7012,0.4766,0.0,C0C1,6,79.97,602.0,0,-1
108,legit_5,65.0,1001.6,12.4394,0.6484,270.0,B5A5,0,115.63,755.42,0,-1
108,legit_6,572.69,798.4,13.0013,0.2496,90.0,C4D4,0,129.55,480.27,0,-1
108,legit_9,801.6,161.61,11.0987,0.5207,0.0,E0E1,9,66.28,615.69,0,-1
108,sybil_0,801.6,455.83,22.6163,8.275,0.0,E2E3,3,108.84,495.08,1,0
108,sybil_1,801.6,455.83,6.8334,-18.3773,0.0,:E2_9,3,108.84,495.08,1,0
108,sybil_10,389.63,1.6,4.1636,4.1636,267.03,C0B0,2,132.9,730.95,1,3
108,sybil_11,389.63,1.6,0.0,-1.5703,180.0,C1C0,2,132.9,730.95,1,3
108,sybil_12,408.1,201.6,11.6564,-0.6371,270.0,D1C1,6,91.73,590.24,1,4
108,sybil_13,408.1,201.6,21.8266,3.9202,270.0,D1C1,6,91.73,590.24,1,4
108,sybil_14,408.1,201.6,31.1603,9.643,270.0,D1C1,6,91.73,590.24,1,4
108,sybil_15,528.15,201.6,10.5569,-3.0428,270.0,D1C1,6,112.99,569.41,1,5
108,sybil_16,528.15,201.6,12.4392,2.2997,90.0,C4D4,6,112.99,569.41,1,5
108,sybil_17,528.15,201.6,12.4835,12.4835,90.0,B4C4,6,112.99,569.41,1,5
108,sybil_18,385.07,798.4,0.0,0.0,90.0,B4C4,11,77.12,512.05,1,6
108,sybil_19,385.07,798.4,0.0936,-0.8858,90.0,B4C4,11,77.12,512.05,1,6
108,sybil_2,801.6,455.83,19.1491,9.428,0.0,E1E2,3,108.84,495.08,1,0
108,sybil_20,385.07,798.4,10.0613,-9.913,90.0,B4C4,11,77.12,512.05,1,6
108,sybil_21,330.54,798.4,3.4139,-14.2794,90.0,B4C4,11,126.5,531.87,1,7
108,sybil_22,330.54,798.4,17.6783,-0.1565,270.0,C4B4,11,126.5,531.87,1,7
108,sybil_23,330.54,798.4,0.0,-0.0774,270.0,D4C4,11,126.5,531.87,1,7
108,sybil_24,247.4,1001.6,4.0423,-7.9049,270.0,C5B5,2,125.03,650.93,1,8
108,sybil_25,247.4,1001.6,5.2008,-9.0009,270.0,C5B5,2,125.03,650.93,1,8
108,sybil_26,247.4,1001.6,1.7617,-13.2586,0.0,C4C5,2,125.03,650.93,1,8
108,sybil_27,401.6,896.25,8.4195,4.2298,0.0,C4C5,11,74.2,541.59,1,9
108,sybil_28,401.6,896.25,9.8898,-3.9151,0.0,C4C5,11,74.2,541.59,1,9
108,sybil_29,401.6,896.25,12.0461,12.0461,0.0,C4C5,11,74.2,541.59,1,9
108,sybil_3,801.6,304.23,19.8384,8.9485,0.0,E1E2,9,75.98,542.34,1,1
108,sybil_30,401.6,787.28,0.0,-0.1711,0.0,C3C4,11,71.57,503.86,1,10
108,sybil_31,401.6,787.28,0.0,-14.0347,0.0,C3C4,11,71.57,503.86,1,10
108,sybil_32,401.6,787.28,12.3811,4.5905,270.0,F1E1,11,71.57,503.86,1,10
108,sybil_33,878.74,201.6,10.5712,-12.4025,270.0,F1E1,12,152.42,618.59,1,11
108,sybil_34,878.74,201.6,0.0,-1.5807,270.0,F1E1,12,152.42,618.59,1,11
108,sybil_35,878.74,201.6,17.5817,7.799,0.0,F0F1,12,152.42,618.59,1,11
108,sybil_36,1001.6,132.05,15.2706,2.473,0.0,F0F1,6,49.88,710.99,1,12
108,sybil_37,1001.6,132.05,19.2207,17.8749,0.0,F0F1,6,49.88,710.99,1,12
108,sybil_38,1001.6,132.05,15.1378,-3.1844,0.0,F0F1,6,49.88,710.99,1,12
108,sybil_39,1001.6,31.78,1.2966,-18.8692,0.0,F0F1,4,100.62,778.02,1,13
108,sybil_4,801.6,304.23,29.136,16.1925,0.0,E1E2,9,75.98,542.34,1,1
108,sybil_5,801.6,304.23,3.4391,-8.0302,18.47,:E1_14,9,75.98,542.34,1,1
108,sybil_6,774.35,198.4,8.5072,-0.6579,90.0,D1E1,9,82.09,587.49,1,2
108,sybil_7,774.35,198.4,25.7638,8.2572,90.0,D1E1,9,82.09,587.49,1,2
108,sybil_8,774.35,198.4,4.6221,-12.6441,270.0,C0B0,9,82.09,587.49,1,2
108,sybil_9,389.63,1.6,13.9532,-0.8055,270.0,C0B0,2,132.9,730.95,1,3
109,legit_10,601.6,505.51,11.3134,0.4607,0.0,D2D3,0,175.93,457.6,0,-1
109,legit_11,798.4,505.35,13.8111,0.2364,180.0,E3E2,3,106.31,485.58,0,-1
109,legit_13,-1.6,213.89,10.9425,-2.6497,180.0,A2A1,0,178.32,796.15,0,-1
109,legit_14,481.43,398.4,12.9586,-0.5315,90.0,C2D2,0,49.62,489.02,0,-1
109,legit_15,797.16,3.26,5.948,1.375,194.72,:E0_0,1,125.9,726.33,0,-1
109,legit_16,869.19,1.6,11.9358,-0.4217,270.0,F0E0,2,168.0,748.12,0,-1
109,legit_17,801.6,664.51,12.9354,1.8778,0.0,E3E4,0,82.6,482.76,0,-1
109,legit_18,387.7,801.6,0.0,0.0,270.0,C4B4,11,73.18,512.07,0,-1
109,legit_5,52.15,1001.6,12.8558,0.4164,270.0,B5A5,0,125.39,764.37,0,-1
109,legit_6,585.91,798.4,13.2231,0.2218,90.0,C4D4,0,142.14,479.96,0,-1
109,legit_9,801.6,172.89,11.2863,0.1876,0.0,E0E1,9,73.89,609.07,0,-1
109,sybil_0,801.6,469.71,14.0752,-8.5412,0.0,E2E3,3,121.24,492.41,1,0
109,sybil_1,801.6,469.71,18.6259,11.7926,0.0,E2E3,3,121.24,492.41,1,0
109,sybil_10,382.29,1.6,15.7185,11.5549,270.0,C0B0,2,136.39,732.88,1,3
109,sybil_11,382.29,1.6,16.8968,16.8968,189.25,:C0_0,2,136.39,732.88,1,3
109,sybil_12,402.3,200.42,2.8697,-8.7867,256.32,:C1_6,5,93.5,592.48,1,4
109,sybil_13,402.3,200.42,6.906,-14.9206,270.0,D1C1,5,93.5,592.48,1,4
109,sybil_14,402.3,200.42,7.7412,-23.4191,270.0,D1C1,5,93.5,592.48,1,4
109,sybil_15,515.4,201.6,20.8031,10.2461,270.0,D1C1,5,104.57,570.58,1,5
109,sybil_16,515.4,201.6,16.3437,3.9045,90.0,C4D4,5,104.57,570.58,1,5
109,sybil_17,515.4,201.6,13.0357,0.5522,90.0,B4C4,5,104.57,570.58,1,5
109,sybil_18,385.19,798.4,8.809,8.809,90.0,B4C4,11,77.01,512.01,1,6
109,sybil_19,385.19,798.4,0.0,-0.0936,90.0,B4C4,11,77.01,512.01,1,6
109,sybil_2,801.6,469.71,20.2083,1.0593,0.0,E1E2,3,121.24,492.41,1,0
109,sybil_20,385.19,798.4,0.0,-10.0613,90.0,B4C4,11,77.01,512.01,1,6
109,sybil_21,342.91,798.4,6.7999,3.386,90.0,B4C4,11,114.89,527.08,1,7
109,sybil_22,342.91,798.4,8.0752,-9.6031,270.0,C4B4,11,114.89,527.08,1,7
109,sybil_23,342.91,798.4,0.2692,0.2692,270.0,D4C4,11,114.89,527.08,1,7
109,sybil_24,234.32,1001.6,5.1963,1.154,270.0,C5B5,2,115.13,656.95,1,8
109,sybil_25,234.32,1001.6,8.2429,3.0421,270.0,C5B5,2,115.13,656.95,1,8
109,sybil_26,234.32,1001.6,15.2907,13.529,347.21,:C5_4,2,115.13,656.95,1,8
109,sybil_27,401.6,906.55,5.076,-3.3434,0.0,C4C5,11,82.29,546.17,1,9
109,sybil_28,401.6,906.55,21.2852,11.3955,0.0,C4C5,11,82.29,546.17,1,9
109,sybil_29,401.6,906.55,18.0048,5.9587,0.0,C4C5,11,82.29,546.17,1,9
109,sybil_3,801.6,316.83,8.4616,-11.3768,0.0,E1E2,9,67.28,536.96,1,1
109,sybil_30,401.6,798.87,8.7993,8.7993,0.0,:C4_9,11,63.52,506.89,1,10
109,sybil_31,401.6,798.87,8.9354,8.9354,0.0,C3C4,11,63.52,506.89,1,10
109,sybil_33,865.87,201.6,34.3522,23.7809,270.0,F1E1,12,141.72,613.83,1,11
109,sybil_34,865.87,201.6,14.5497,14.5497,270.0,F1E1,12,141.72,613.83,1,11
109,sybil_35,865.87,201.6,13.605,-3.9767,0.0,F0F1,12,141.72,613.83,1,11
109,sybil_36,1001.6,144.07,12.1791,-3.0915,0.0,F0F1,6,54.05,703.95,1,12
109,sybil_37,1001.6,144.07,14.27,-4.9507,0.0,F0F1,6,54.05,703.95,1,12
109,sybil_38,1001.6,144.07,0.134,-15.0037,0.0,F0F1,6,54.05,703.95,1,12
109,sybil_39,1001.6,45.48,21.2599,19.9632,0.0,F0F1,4,88.86,768.22,1,13
109,sybil_4,801.6,316.83,20.4539,-8.6821,0.0,E1E2,9,67.28,536.96,1,1
109,sybil_5,801.6,316.83,6.8432,3.4041,0.0,E1E2,9,67.28,536.96,1,1
109,sybil_6,783.86,198.4,0.0,-8.5072,90.0,D1E1,9,85.4,589.87,1,2
109,sybil_7,783.86,198.4,1.8222,-23.9416,90.0,D1E1,9,85.4,589.87,1,2
109,sybil_8,783.86,198.4,5.045,0.4229,270.0,C0B0,9,85.4,589.87,1,2
109,sybil_9,382.29,1.6,20.663,6.7099,270.0,C0B0,2,136.39,732.88,1,3
110,legit_10,601.6,516.65,11.1333,-0.1801,0.0,D2D3,0,170.21,456.11,0,-1
110,legit_11,798.4,492.43,12.9186,-0.8925,180.0,E3E2,3,117.96,487.54,0,-1
110,legit_13,-1.59,207.12,6.7654,-4.1771,179.88,:A1_1,0,174.84,799.2,0,-1
110,legit_14,494.1,398.4,12.6668,-0.2917,90.0,C2D2,0,58.48,487.27,0,-1
110,legit_15,792.01,1.6,5.6145,-0.3335,255.29,E0D0,1,125.63,726.41,0,-1
110,legit_16,857.67,1.6,11.5152,-0.4206,270.0,F0E0,1,160.04,744.46,0,-1
110,legit_17,801.6,678.26,13.7557,0.8202,0.0,E3E4,0,93.74,484.35,0,-1
110,legit_18,385.31,801.6,2.389,2.389,270.0,C4B4,11,75.23,512.85,0,-1
110,legit_5,39.23,1001.6,12.9181,0.0623,270.0,B5A5,0,135.71,773.51,0,-1
110,legit_9,801.6,184.48,11.5849,0.2986,0.0,E0E1,9,82.58,602.45,0,-1
110,sybil_0,801.6,482.55,5.4721,-8.6031,0.0,E2E3,3,128.29,490.13,1,0
110,sybil_1,801.6,482.55,18.5598,-0.0661,0.0,E2E3,3,128.29,490.13,1,0
110,sybil_10,372.47,1.6,12.5381,-3.1804,270.0,C0B0,2,141.53,735.56,1,3
110,sybil_11,372.47,1.6,13.0311,-3.8657,255.39,C0B0,2,141.53,735.56,1,3
110,sybil_12,398.62,194.35,13.1438,10.2742,200.37,:C1_6,5,90.38,596.86,1,4
110,sybil_13,398.62,194.35,9.1355,2.2294,270.0,D1C1,5,90.38,596.86,1,4
110,sybil_14,398.62,194.35,24.9354,17.1942,270.0,D1C1,5,90.38,596.86,1,4
110,sybil_15,502.62,201.6,5.5203,-15.2827,270.0,D1C1,5,97.09,571.97,1,5
110,sybil_16,502.62,201.6,21.8289,5.4852,90.0,C4D4,5,97.09,571.97,1,5
110,sybil_17,502.62,201.6,0.0,-13.0357,90.0,B4C4,5,97.09,571.97,1,5
110,sybil_18,385.19,798.4,0.5868,-8.2222,90.0,B4C4,11,77.01,512.01,1,6
110,sybil_19,385.19,798.4,0.0,0.0,90.0,B4C4,11,77.01,512.01,1,6
110,sybil_2,801.6,482.55,15.9505,-4.2579,0.0,E1E2,3,128.29,490.13,1,0
110,sybil_20,385.19,798.4,0.0,0.0,90.0,B4C4,11,77.01,512.01,1,6
110,sybil_21,352.98,798.4,0.0,-6.7999,90.0,B4C4,11,105.56,523.3,1,7
110,sybil_22,352.98,798.4,5.8168,-2.2584,270.0,C4B4,11,105.56,523.3,1,7
110,sybil_23,352.98,798.4,5.6571,5.3879,270.0,D4C4,11,105.56,523.3,1,7
110,sybil_24,221.13,1001.6,15.7832,10.5869,270.0,C5B5,2,105.86,663.21,1,8
110,sybil_25,221.13,1001.6,10.5881,2.3452,270.0,C5B5,2,105.86,663.21,1,8
110,sybil_26,221.13,1001.6,0.0,-15.2907,295.45,:C5_4,2,105.86,663.21,1,8
110,sybil_27,401.6,916.87,9.4347,4.3587,0.0,C4C5,11,90.83,550.87,1,9
110,sybil_28,401.6,916.87,24.074,2.7888,0.0,C4C5,11,90.83,550.87,1,9
110,sybil_29,401.6,916.87,19.8885,1.8837,0.0,C4C5,11,90.83,550.87,1,9
110,sybil_3,801.6,329.87,8.9505,0.4889,0.0,E1E2,9,59.76,531.63,1,1
110,sybil_30,401.6,810.98,2.3256,-6.4737,0.0,C4C5,11,56.44,510.26,1,10
110,sybil_31,401.6,810.98,22.8076,13.8722,0.0,C3C4,11,56.44,510.26,1,10
110,sybil_33,853.11,201.6,17.0913,-17.2609,270.0,F1E1,9,131.5,609.29,1,11
110,sybil_34,853.11,201.6,0.0,-14.5497,270.0,F1E1,9,131.5,609.29,1,11
110,sybil_35,853.11,201.6,14.3186,0.7136,0.0,F0F1,9,131.5,609.29,1,11
110,sybil_36,1001.6,157.02,26.6582,14.4791,0.0,F0F1,3,60.93,696.61,1,12
110,sybil_37,1001.6,157.02,25.8215,11.5514,0.0,F0F1,3,60.93,696.61,1,12
110,sybil_38,1001.6,157.02,28.4558,28.3218,0.0,F0F1,3,60.93,696.61,1,12
110,sybil_39,1001.6,58.29,15.4931,-5.7668,0.0,F0F1,3,78.42,759.19,1,13
110,sybil_4,801.6,329.87,18.0943,-2.3596,0.0,E1E2,9,59.76,531.63,1,1
110,sybil_5,801.6,329.87,14.8641,8.0209,0.0,E1E2,9,59.76,531.63,1,1
110,sybil_6,789.93,198.4,7.5225,7.5225,90.0,D1E1,9,87.98,591.46,1,2
110,sybil_7,789.93,198.4,10.236,8.4137,90.0,D1E1,9,87.98,591.46,1,2
110,sybil_8,789.93,198.4,12.9419,7.8969,270.0,C0B0,9,87.98,591.46,1,2
110,sybil_9,372.47,1.6,27.4101,6.747,270.0,C0B0,2,141.53,735.56,1,3
111,legit_10,601.6,528.37,11.7278,0.5945,0.0,D2D3,0,164.78,454.74,0,-1
111,legit_11,798.4,478.63,13.8051,0.8864,180.0,E3E2,6,128.12,489.84,0,-1
111,legit_13,1.96,199.78,8.6179,1.8526,141.07,:A1_9,0,168.17,799.94,0,-1
111,legit_14,507.99,398.4,13.8897,1.2229,90.0,C2D2,0,69.55,485.63,0,-1
111,legit_15,785.0,1.6,7.009,1.3945,270.0,E0D0,1,123.46,724.79,0,-1
111,legit_16,846.28,1.6,11.3933,-0.1219,270.0,F0E0,1,152.61,740.97,0,-1
111,legit_17,801.6,690.95,12.6928,-1.0629,0.0,E3E4,0,104.57,486.03,0,-1
111,legit_18,380.74,801.6,4.5682,2.1792,270.0,C4B4,11,79.19,514.38,0,-1
111,legit_5,27.28,1001.6,11.9478,-0.9704,270.0,B5A5,0,145.63,782.08,0,-1
111,legit_9,801.6,195.77,11.2923,-0.2925,0.0,:E1_9,9,91.67,596.13,0,-1
111,sybil_0,801.6,495.24,3.9434,-1.5287,0.0,E2E3,3,116.78,488.06,1,0
111,sybil_1,801.6,495.24,13.4417,-5.1181,0.0,E2E3,3,116.78,488.06,1,0
111,sybil_10,361.19,1.6,27.9778,15.4396,270.0,C0B0,2,148.01,738.77,1,3
111,sybil_11,361.19,1.6,0.0,-13.0311,270.0,C0B0,2,148.01,738.77,1,3
111,sybil_12,398.4,186.36,2.4766,-10.6672,180.0,C1C0,5,84.06,601.39,1,4
111,sybil_13,398.4,186.36,0.0,-9.1355,270.0,D1C1,5,84.06,601.39,1,4
111,sybil_14,398.4,186.36,31.0231,6.0877,270.0,D1C1,5,84.06,601.39,1,4
111,sybil_15,489.87,201.6,17.435,11.9146,270.0,D1C1,5,90.82,573.59,1,5
111,sybil_16,489.87,201.6,16.6258,-5.2031,90.0,C4D4,5,90.82,573.59,1,5
111,sybil_17,489.87,201.6,12.6082,12.6082,90.0,B4C4,5,90.82,573.59,1,5
111,sybil_18,385.2,798.4,3.1557,2.5689,90.0,B4C4,11,77.01,512.01,1,6
111,sybil_19,385.2,798.4,0.1825,0.1825,90.0,B4C4,11,77.01,512.01,1,6
111,sybil_2,801.6,495.24,14.0525,-1.8979,0.0,E1E2,3,116.78,488.06,1,0
111,sybil_20,385.2,798.4,3.7893,3.7893,90.0,B4C4,11,77.01,512.01,1,6
111,sybil_21,359.34,798.4,0.0,0.0,90.0,B4C4,11,99.75,520.98,1,7
111,sybil_22,359.34,798.4,0.0,-5.8168,270.0,C4B4,11,99.75,520.98,1,7
111,sybil_23,359.34,798.4,4.1573,-1.4998,270.0,D4C4,11,99.75,520.98,1,7
111,sybil_24,208.38,1001.6,9.5684,-6.2148,270.0,C5B5,2,97.75,669.46,1,8
111,sybil_25,208.38,1001.6,0.0,-10.5881,270.0,C5B5,2,97.75,669.46,1,8
111,sybil_26,208.38,1001.6,11.8125,11.8125,271.0,C5B5,2,97.75,669.46,1,8
111,sybil_27,401.6,927.29,27.0845,17.6497,0.0,C4C5,11,99.81,555.74,1,9
111,sybil_28,401.6,927.29,23.417,-0.657,0.0,C4C5,11,99.81,555.74,1,9
111,sybil_29,401.6,927.29,10.2962,-9.5923,0.0,C4C5,11,99.81,555.74,1,9
111,sybil_3,801.6,343.75,20.4621,11.5116,0.0,E1E2,10,54.1,526.26,1,1
111,sybil_30,401.6,822.83,15.0014,12.6758,0.0,C4C5,11,51.36,513.8,1,10
111,sybil_31,401.6,822.83,0.0,-22.8076,0.0,:C4_9,11,51.36,513.8,1,10
111,sybil_33,839.82,201.6,8.1611,-8.9302,270.0,F1E1,9,121.35,604.76,1,11
111,sybil_34,839.82,201.6,14.314,14.314,270.0,F1E1,9,121.35,604.76,1,11
111,sybil_35,839.82,201.6,11.5505,-2.7681,0.0,F0F1,9,121.35,604.76,1,11
111,sybil_36,1001.6,168.14,1.6881,-24.9701,0.0,F0F1,3,68.27,690.48,1,12
111,sybil_37,1001.6,168.14,15.9525,-9.8689,0.0,F0F1,3,68.27,690.48,1,12
111,sybil_38,1001.6,168.14,19.5007,-8.9552,0.0,F0F1,3,68.27,690.48,1,12
111,sybil_39,1001.6,71.81,30.4486,14.9555,0.0,F0F1,3,68.3,749.83,1,13
111,sybil_4,801.6,343.75,21.468,3.3738,0.0,E1E2,10,54.1,526.26,1,1
111,sybil_5,801.6,343.75,11.2536,-3.6104,0.0,E1E2,10,54.1,526.26,1,1
111,sybil_6,792.32,198.4,8.0522,0.5297,90.0,D1E1,9,89.09,592.11,1,2
111,sybil_7,792.32,198.4,13.3002,3.0643,90.0,D1E1,9,89.09,592.11,1,2
111,sybil_8,792.32,198.4,14.6761,1.7342,270.0,C0B0,9,89.09,592.11,1,2
111,sybil_9,361.19,1.6,13.6709,-13.7392,270.0,C0B0,2,148.01,738.77,1,3
112,legit_10,601.6,540.05,11.6721,-0.0557,0.0,D2D3,0,160.05,453.56,0,-1
112,legit_11,798.4,464.82,13.8024,-0.0027,180.0,E3E2,6,115.46,492.36,0,-1
112,legit_13,9.82,198.4,8.1281,-0.4898,93.87,A1B1,0,160.61,794.79,0,-1
112,legit_14,520.94,398.4,12.953,-0.9367,90.0,C2D2,0,80.67,484.34,0,-1
112,legit_15,775.5,1.6,9.503,2.494,270.0,E0D0,1,121.11,722.7,0,-1
112,legit_16,834.97,1.6,11.3113,-0.082,270.0,F0E0,1,145.73,737.66,0,-1
112,legit_17,801.6,704.74,13.7854,1.0926,0.0,E3E4,0,116.76,488.06,0,-1
112,legit_18,373.58,801.6,7.1647,2.5965,270.0,C4B4,11,85.53,516.82,0,-1
112,legit_5,14.54,1001.6,12.7346,0.7868,270.0,B5A5,0,156.51,791.33,0,-1
112,legit_9,801.6,206.84,11.0724,-0.2199,0.0,:E1_9,9,101.01,590.07,0,-1
112,sybil_0,801.6,508.69,24.2136,20.2702,0.0,E2E3,3,104.88,486.08,1,0
112,sybil_1,801.6,508.69,20.5118,7.0701,0.0,E2E3,3,104.88,486.08,1,0
112,sybil_10,348.73,1.6,11.789,-16.1888,270.0,C0B0,2,155.8,742.48,1,3
112,sybil_11,348.73,1.6,11.854,11.854,270.0,C0B0,2,155.8,742.48,1,3
112,sybil_12,398.4,176.07,3.9284,1.4518,180.0,C1C0,5,76.2,607.24,1,4
112,sybil_13,398.4,176.07,0.0,0.0,270.0,D1C1,5,76.2,607.24,1,4
112,sybil_14,398.4,176.07,0.9044,-30.1187,270.0,D1C1,5,76.2,607.24,1,4
112,sybil_15,476.6,201.6,11.5126,-5.9224,270.0,D1C1,5,85.83,575.54,1,5
112,sybil_16,476.6,201.6,11.0549,-5.5709,90.0,C4D4,5,85.83,575.54,1,5
112,sybil_17,476.6,201.6,11.0637,-1.5445,90.0,:C4_13,5,85.83,575.54,1,5
112,sybil_18,385.2,798.4,0.0,-3.1557,90.0,B4C4,11,77.01,512.01,1,6
112,sybil_19,385.2,798.4,13.1911,13.0087,90.0,B4C4,11,77.01,512.01,1,6
112,sybil_2,801.6,508.69,12.969,-1.0835,0.0,E1E2,3,104.88,486.08,1,0
112,sybil_20,385.2,798.4,0.0,-3.7893,90.0,B4C4,11,77.01,512.01,1,6
112,sybil_21,362.29,798.4,1.7511,1.7511,90.0,B4C4,11,97.07,519.91,1,7
112,sybil_22,362.29,798.4,2.0265,2.0265,270.0,C4B4,11,97.07,519.91,1,7
112,sybil_23,362.29,798.4,4.6538,0.4965,270.0,:C4_5,11,97.07,519.91,1,7
112,sybil_25,269.74,1001.6,17.1245,17.1245,270.0,C5B5,4,143.12,641.08,1,8
112,sybil_26,269.74,1001.6,12.2166,0.4041,270.0,C5B5,4,143.12,641.08,1,8
112,sybil_27,401.6,938.57,4.571,-22.5135,0.0,C4C5,13,109.81,561.15,1,9
112,sybil_28,401.6,938.57,0.4017,-23.0153,0.0,C4C5,13,109.81,561.15,1,9
112,sybil_29,401.6,938.57,4.466,-5.8302,0.0,C4C5,13,109.81,561.15,1,9
112,sybil_3,801.6,356.4,19.4435,-1.0186,0.0,E1E2,4,51.73,521.67,1,1
112,sybil_30,401.6,835.45,25.1469,10.1456,0.0,C4C5,11,48.61,517.86,1,10
112,sybil_31,401.6,835.45,1.9617,1.9617,0.0,C4C5,11,48.61,517.86,1,10
112,sybil_33,826.48,201.6,17.2544,9.0933,270.0,F1E1,6,111.84,600.42,1,11
112,sybil_34,826.48,201.6,14.1645,-0.1495,270.0,F1E1,6,111.84,600.42,1,11
112,sybil_35,826.48,201.6,13.1449,1.5944,358.77,:F1_4,6,111.84,600.42,1,11
112,sybil_36,1001.6,178.11,8.2609,6.5728,0.0,F0F1,3,75.63,685.1,1,12
112,sybil_37,1001.6,178.11,9.8224,-6.1301,0.0,F0F1,3,75.63,685.1,1,12
112,sybil_38,1001.6,178.11,10.7094,-8.7912,0.0,F0F1,3,75.63,685.1,1,12
112,sybil_39,1001.6,85.34,9.3676,-21.0809,0.0,F0F1,3,59.53,740.65,1,13
112,sybil_4,801.6,356.4,11.8702,-9.5978,0.0,E1E2,4,51.73,521.67,1,1
112,sybil_5,801.6,356.4,24.209,12.9554,0.0,E1E2,4,51.73,521.67,1,1
112,sybil_6,792.69,198.4,7.1137,-0.9385,90.0,D1E1,6,89.27,592.21,1,2
112,sybil_7,792.69,198.4,0.0,-13.3002,90.0,D1E1,6,89.27,592.21,1,2
112,sybil_8,792.69,198.4,20.0767,5.4006,270.0,C0B0,6,89.27,592.21,1,2
112,sybil_9,348.73,1.6,6.9689,-6.702,270.0,C0B0,2,155.8,742.48,1,3
113,legit_10,601.6,551.86,11.8132,0.1411,0.0,D2D3,0,156.01,452.58,0,-1
113,legit_11,798.4,451.4,13.429,-0.3733,180.0,E3E2,6,103.42,495.02,0,-1
113,legit_13,19.29,198.4,9.4695,1.3413,90.0,A1B1,0,152.42,787.87,0,-1
113,legit_14,534.22,398.4,13.2737,0.3207,90.0,C2D2,0,92.56,483.23,0,-1
113,legit_15,764.22,1.6,11.2731,1.77,270.0,E0D0,1,119.25,720.36,0,-1
113,legit_16,822.61,1.6,12.3579,1.0466,270.0,F0E0,1,138.89,734.2,0,-1
113,legit_17,801.6,717.6,12.8579,-0.9275,0.0,E3E4,0,128.42,490.15,0,-1
113,legit_18,364.5,801.6,9.0771,1.9124,270.0,C4B4,8,93.73,520.01,0,-1
113,legit_5,4.98,1001.6,9.5661,-3.1685,270.0,B5A5,0,164.86,798.35,0,-1
113,legit_9,801.6,218.36,11.5136,0.4412,0.0,E1E2,6,111.07,583.91,0,-1
113,sybil_0,801.6,521.29,0.0,-24.2136,0.0,E2E3,3,94.12,484.41,1,0
113,sybil_1,801.6,521.29,18.4914,-2.0204,0.0,E2E3,3,94.12,484.41,1,0
113,sybil_10,335.74,1.6,10.8443,-0.9447,270.0,C0B0,2,164.54,746.53,1,3
113,sybil_11,335.74,1.6,1.4577,-10.3963,270.0,C0B0,2,164.54,746.53,1,3
113,sybil_12,398.4,163.88,12.7581,8.8297,180.0,C1C0,5,67.73,614.34,1,4
113,sybil_13,398.4,163.88,0.0,0.0,249.14,:C1_6,5,67.73,614.34,1,4
113,sybil_14,398.4,163.88,14.402,13.4976,270.0,D1C1,5,67.73,614.34,1,4
113,sybil_15,463.84,201.6,27.0006,15.488,270.0,D1C1,5,82.77,577.68,1,5
113,sybil_16,463.84,201.6,32.4458,21.3909,90.0,C4D4,5,82.77,577.68,1,5
113,sybil_17,463.84,201.6,4.8898,-6.1739,90.0,:C4_13,5,82.77,577.68,1,5
113,sybil_18,387.24,798.4,0.0,0.0,90.0,B4C4,8,75.3,511.34,1,6
113,sybil_19,387.24,798.4,1.9554,-11.2357,90.0,B4C4,8,75.3,511.34,1,6
113,sybil_2,801.6,521.29,6.6181,-6.3509,0.0,:E2_9,3,94.12,484.41,1,0
113,sybil_20,387.24,798.4,17.1605,17.1605,90.0,B4C4,8,75.3,511.34,1,6
113,sybil_21,362.51,798.4,12.6136,10.8625,90.0,B4C4,8,96.88,519.83,1,7
113,sybil_22,362.51,798.4,12.9751,10.9486,270.0,C4B4,8,96.88,519.83,1,7
113,sybil_23,362.51,798.4,0.0,-4.6538,270.0,:C4_5,8,96.88,519.83,1,7
113,sybil_25,256.29,1001.6,15.3248,-1.7997,270.0,C5B5,1,132.07,646.95,1,8
113,sybil_26,256.29,1001.6,7.9452,-4.2714,270.0,C5B5,1,132.07,646.95,1,8
113,sybil_27,401.6,949.82,23.6615,19.0904,0.0,C4C5,4,120.01,566.67,1,9
113,sybil_28,401.6,949.82,14.9734,14.5716,0.0,C4C5,4,120.01,566.67,1,9
113,sybil_29,401.6,949.82,3.8134,-0.6526,0.0,C4C5,4,120.01,566.67,1,9
113,sybil_3,801.6,369.64,8.2986,-11.145,0.0,E1E2,3,52.49,517.21,1,1
113,sybil_30,401.6,847.09,7.1003,-18.0466,0.0,C4C5,11,48.92,521.89,1,10
113,sybil_31,401.6,847.09,18.0503,16.0886,0.0,C4C5,11,48.92,521.89,1,10
113,sybil_33,813.22,201.6,19.2534,1.999,270.0,F1E1,6,103.22,596.32,1,11
113,sybil_34,813.22,201.6,15.745,1.5805,270.0,F1E1,6,103.22,596.32,1,11
113,sybil_35,813.22,201.6,8.9235,-4.2214,331.98,:F1_10,6,103.22,596.32,1,11
113,sybil_36,1001.6,184.87,0.0,-8.2609,0.0,F0F1,3,80.94,681.53,1,12
113,sybil_37,1001.6,184.87,12.0101,2.1877,0.0,F0F1,3,80.94,681.53,1,12
113,sybil_38,1001.6,184.87,12.6526,1.9432,0.0,F0F1,3,80.94,681.53,1,12
113,sybil_39,1001.6,98.68,21.2859,11.9182,0.0,F0F1,3,52.89,731.83,1,13
113,sybil_4,801.6,369.64,1.6774,-10.1928,0.0,E1E2,3,52.49,517.21,1,1
113,sybil_5,801.6,369.64,21.4174,-2.7916,0.0,E1E2,3,52.49,517.21,1,1
113,sybil_6,795.49,198.78,7.6191,0.5054,85.58,:E1_14,6,90.97,592.76,1,2
113,sybil_7,795.49,198.78,14.7657,14.7657,90.0,D1E1,6,90.97,592.76,1,2
113,sybil_8,795.49,198.78,11.6476,-8.4291,270.0,C0B0,6,90.97,592.76,1,2
113,sybil_9,335.74,1.6,6.2447,-0.7242,270.0,C0B0,2,164.54,746.53,1,3
114,legit_10,601.6,563.5,11.6444,-0.1689,0.0,D2D3,0,152.82,451.81,0,-1
114,legit_11,798.4,437.87,13.5263,0.0973,180.0,E3E2,6,91.69,497.9,0,-1
114,legit_13,30.82,198.4,11.5285,2.059,90.0,A1B1,0,142.66,779.53,0,-1
114,legit_14,547.7,398.4,13.4825,0.2088,90.0,C2D2,0,104.97,482.32,0,-1
114,legit_15,750.47,1.6,13.7542,2.4812,270.0,E0D0,1,118.4,717.74,0,-1
114,legit_16,811.27,1.6,11.34,-1.0178,270.0,F0E0,1,133.31,731.18,0,-1
114,legit_17,801.6,730.75,13.1545,0.2966,0.0,E3E4,0,120.82,492.49,0,-1
114,legit_18,354.12,801.6,10.3835,1.3063,270.0,C4B4,8,103.29,523.77,0,-1
114,legit_5,0.1,1000.7,5.0661,-4.5,259.41,:A5_0,0,169.58,801.54,0,-1
114,legit_9,801.6,229.23,10.8797,-0.6338,0.0,E1E2,5,120.81,578.21,0,-1
114,sybil_0,801.6,534.55,19.3077,19.3077,0.0,E2E3,3,83.34,482.86,1,0
114,sybil_1,801.6,534.55,16.1155,-2.376,0.0,E2E3,3,83.34,482.86,1,0
114,sybil_10,323.13,1.6,25.5347,14.6904,270.0,C0B0,2,173.54,750.64,1,3
114,sybil_11,323.13,1.6,8.1769,6.7193,270.0,C0B0,2,173.54,750.64,1,3
114,sybil_12,398.4,150.04,20.8644,8.1063,180.0,C1C0,5,59.71,622.64,1,4
114,sybil_13,398.4,150.04,10.2792,10.2792,191.76,C1C0,5,59.71,622.64,1,4
114,sybil_14,398.4,150.04,11.0992,-3.3028,270.0,D1C1,5,59.71,622.64,1,4
114,sybil_15,450.24,201.6,9.3068,-17.6937,270.0,D1C1,5,81.6,580.27,1,5
114,sybil_16,450.24,201.6,18.9612,-13.4846,90.0,C4D4,5,81.6,580.27,1,5
114,sybil_17,450.24,201.6,2.789,-2.1008,90.0,:C4_13,5,81.6,580.27,1,5
114,sybil_18,390.75,798.4,9.6081,9.6081,90.0,B4C4,8,72.39,510.19,1,6
114,sybil_19,390.75,798.4,2.5453,0.5899,90.0,B4C4,8,72.39,510.19,1,6
114,sybil_2,801.6,534.55,15.5195,8.9015,0.0,E2E3,3,83.34,482.86,1,0
114,sybil_20,390.75,798.4,0.0,-17.1605,90.0,B4C4,8,72.39,510.19,1,6
114,sybil_21,362.65,798.4,0.0,-12.6136,90.0,B4C4,8,96.75,519.78,1,7
114,sybil_22,362.65,798.4,13.2113,0.2362,270.0,C4B4,8,96.75,519.78,1,7
114,sybil_23,362.65,798.4,6.9132,6.9132,270.0,:C4_5,8,96.75,519.78,1,7
114,sybil_25,243.38,1001.6,19.8398,4.515,270.0,C5B5,1,121.93,652.76,1,8
114,sybil_26,243.38,1001.6,6.2493,-1.6958,270.0,C5B5,1,121.93,652.76,1,8
114,sybil_27,401.6,960.54,9.9526,-13.7088,0.0,C4C5,4,128.89,572.06,1,9
114,sybil_28,401.6,960.54,12.1782,-2.7951,0.0,C4C5,4,128.89,572.06,1,9
114,sybil_29,401.6,960.54,8.0088,4.1954,0.0,C4C5,4,128.89,572.06,1,9
114,sybil_3,801.6,382.84,8.9601,0.6615,0.0,E1E2,3,56.43,513.09,1,1
114,sybil_30,401.6,858.54,9.3503,2.25,0.0,C4C5,11,51.83,526.12,1,10
114,sybil_31,401.6,858.54,8.5107,-9.5396,0.0,C4C5,11,51.83,526.12,1,10
114,sybil_34,909.12,201.6,11.2708,-4.4743,270.0,F1E1,9,162.8,630.51,1,11
114,sybil_35,909.12,201.6,8.4374,-0.4861,283.86,:F1_10,9,162.8,630.51,1,11
114,sybil_36,1001.6,192.31,1.386,1.386,0.0,F0F1,5,87.01,677.64,1,12
114,sybil_37,1001.6,192.31,6.6664,-5.3437,0.0,F0F1,5,87.01,677.64,1,12
114,sybil_38,1001.6,192.31,19.9259,7.2733,0.0,F0F1,5,87.01,677.64,1,12
114,sybil_39,1001.6,111.47,7.696,-13.5898,0.0,F0F1,5,49.15,723.61,1,13
114,sybil_4,801.6,382.84,13.1063,11.4289,0.0,E1E2,3,56.43,513.09,1,1
114,sybil_5,801.6,382.84,22.3368,0.9194,0.0,E1E2,3,56.43,513.09,1,1
114,sybil_6,799.45,200.69,0.0,-7.6191,66.2,:E1_14,5,94.63,592.82,1,2
114,sybil_7,799.45,200.69,14.4854,-0.2803,90.0,D1E1,5,94.63,592.82,1,2
114,sybil_8,799.45,200.69,1.9675,-9.6801,270.0,C0B0,5,94.63,592.82,1,2
114,sybil_9,323.13,1.6,29.762,23.5173,270.0,C0B0,2,173.54,750.64,1,3
115,legit_10,601.6,574.48,10.9782,-0.6662,0.0,D2D3,0,150.58,451.28,0,-1
115,legit_11,798.4,424.01,13.8628,0.3365,180.0,E3E2,6,80.25,501.09,0,-1
115,legit_13,43.71,198.4,12.886,1.3575,90.0,A1B1,0,132.08,770.33,0,-1
115,legit_14,561.27,398.4,13.5674,0.0849,90.0,C2D2,0,117.71,481.62,0,-1
115,legit_15,736.9,1.6,13.5728,-0.1814,270.0,E0D0,1,119.12,715.4,0,-1
115,legit_16,798.83,1.6,12.4402,1.1001,270.0,:E0_4,1,128.07,728.05,0,-1
115,legit_17,801.6,744.27,13.519,0.3645,0.0,E3E4,0,108.75,495.1,0,-1
115,legit_18,342.02,801.6,12.0958,1.7124,270.0,C4B4,8,114.6,528.31,0,-1
115,legit_5,-1.6,996.6,4.648,-0.4181,205.08,A5A4,0,173.02,800.91,0,-1
115,legit_9,801.6,240.6,11.3654,0.4857,0.0,E1E2,5,130.07,572.39,0,-1
115,sybil_0,801.6,547.59,6.9028,-12.405,0.0,E2E3,3,73.55,481.56,1,0
115,sybil_1,801.6,547.59,13.8701,-2.2454,0.0,E2E3,3,73.55,481.56,1,0
115,sybil_10,310.05,1.6,17.7691,-7.7656,270.0,C0B0,2,183.31,755.07,1,3
115,sybil_11,310.05,1.6,11.1835,3.0066,270.0,C0B0,2,183.31,755.07,1,3
115,sybil_12,398.4,137.4,19.9736,-0.8908,180.0,C1C0,5,54.46,630.45,1,4
115,sybil_13,398.4,137.4,11.7828,1.5036,180.0,C1C0,5,54.46,630.45,1,4
115,sybil_14,398.4,137.4,0.0,-11.0992,270.0,D1C1,5,54.46,630.45,1,4
115,sybil_15,437.12,201.6,5.1799,-4.1269,270.0,D1C1,5,82.61,583.06,1,5
115,sybil_16,437.12,201.6,17.3034,-1.6578,90.0,C4D4,5,82.61,583.06,1,5
115,sybil_17,437.12,201.6,6.1414,3.3524,90.0,C4D4,5,82.61,583.06,1,5
115,sybil_18,396.67,798.4,1.9554,-7.6527,90.0,:C4_13,8,67.64,508.3,1,6
115,sybil_19,396.67,798.4,0.0,-2.5453,90.0,B4C4,8,67.64,508.3,1,6
115,sybil_2,801.6,547.59,11.287,-4.2326,0.0,E2E3,3,73.55,481.56,1,0
115,sybil_20,396.67,798.4,19.9647,19.9647,90.0,B4C4,8,67.64,508.3,1,6
115,sybil_21,362.69,798.4,3.5423,3.5423,90.0,B4C4,8,96.72,519.77,1,7
115,sybil_22,362.69,798.4,15.4441,2.2327,270.0,C4B4,8,96.72,519.77,1,7
115,sybil_23,362.69,798.4,2.52,-4.3932,270.0,C4B4,8,96.72,519.77,1,7
115,sybil_25,230.9,1001.6,15.1861,-4.6537,270.0,C5B5,1,112.66,658.55,1,8
115,sybil_26,230.9,1001.6,3.5623,-2.687,270.0,C5B5,1,112.66,658.55,1,8
115,sybil_27,401.6,971.24,7.3602,-2.5925,0.0,C4C5,4,119.04,577.56,1,9
115,sybil_28,401.6,971.24,0.0,-12.1782,0.0,C4C5,4,119.04,577.56,1,9
115,sybil_29,401.6,971.24,17.9066,9.8978,0.0,C4C5,4,119.04,577.56,1,9
115,sybil_3,801.6,395.64,10.7649,1.8048,0.0,:E2_9,3,62.71,509.39,1,1
115,sybil_30,401.6,870.38,20.3329,10.9825,0.0,C4C5,11,57.14,530.74,1,10
115,sybil_31,401.6,870.38,11.8502,3.3395,0.0,C4C5,11,57.14,530.74,1,10
115,sybil_34,897.19,201.6,4.5498,-6.721,270.0,F1E1,9,168.29,625.71,1,11
115,sybil_35,897.19,201.6,0.5005,-7.9369,270.0,F1E1,9,168.29,625.71,1,11
115,sybil_36,1001.17,195.84,0.0,-1.386,355.0,:F1_4,5,90.2,675.59,1,12
115,sybil_37,1001.17,195.84,6.9007,0.2343,0.0,F0F1,5,90.2,675.59,1,12
115,sybil_38,1001.17,195.84,0.0,-19.9259,0.0,F0F1,5,90.2,675.59,1,12
115,sybil_39,1001.6,124.52,8.415,0.7189,0.0,F0F1,5,48.61,715.52,1,13
115,sybil_4,801.6,395.64,12.1083,-0.998,0.0,E1E2,3,62.71,509.39,1,1
115,sybil_5,801.6,395.64,10.4827,-11.854,0.0,E1E2,3,62.71,509.39,1,1
115,sybil_6,801.48,206.39,20.6173,20.6173,16.92,:E1_14,5,100.57,590.29,1,2
115,sybil_7,801.48,206.39,5.9444,-8.5409,90.0,D1E1,5,100.57,590.29,1,2
115,sybil_8,801.48,206.39,19.7411,17.7736,270.0,C0B0,5,100.57,590.29,1,2
115,sybil_9,310.05,1.6,0.0,-29.762,270.0,C0B0,2,183.31,755.07,1,3
116,legit_10,601.6,585.24,10.7601,-0.218,0.0,D2D3,0,149.13,450.94,0,-1
116,legit_11,798.4,410.43,13.5737,-0.2891,180.0,E3E2,6,69.9,504.45,0,-1
116,legit_13,56.86,198.4,13.1504,0.2644,90.0,A1B1,0,121.75,761.07,0,-1
116,legit_14,574.48,398.4,13.2161,-0.3513,90.0,C2D2,0,130.27,481.14,0,-1
116,legit_15,723.72,1.6,13.1737,-0.3991,270.0,E0D0,1,121.28,713.37,0,-1
116,legit_16,787.08,1.6,11.7527,-0.6875,270.0,E0D0,1,124.07,725.27,0,-1
116,legit_17,801.6,757.56,13.2857,-0.2333,0.0,E3E4,0,97.26,497.87,0,-1
116,legit_18,329.4,801.6,12.6237,0.5279,270.0,C4B4,8,126.57,533.21,0,-1
116,legit_19,412.3,198.4,0.0,0.0,90.0,C1D1,6,86.99,590.87,0,-1
116,legit_5,-1.6,989.52,7.0846,2.4366,180.0,A5A4,0,176.55,797.68,0,-1
116,legit_9,801.6,252.22,11.6189,0.2535,0.0,E1E2,5,119.5,566.58,0,-1
116,sybil_0,801.6,560.31,17.7362,10.8334,0.0,E2E3,3,65.1,480.52,1,0
116,sybil_1,801.6,560.31,21.2096,7.3395,0.0,E2E3,3,65.1,480.52,1,0
116,sybil_10,298.05,1.6,13.5519,-4.2172,270.0,C0B0,2,189.57,759.29,1,3
116,sybil_11,298.05,1.6,0.0,-11.1835,270.0,C0B0,2,189.57,759.29,1,3
116,sybil_12,398.4,123.87,10.9892,-8.9844,180.0,C1C0,6,51.74,639.12,1,4
116,sybil_13,398.4,123.87,10.0095,-1.7733,180.0,C1C0,6,51.74,639.12,1,4
116,sybil_14,398.4,123.87,8.357,8.357,255.33,:C1_6,6,51.74,639.12,1,4
116,sybil_15,425.8,201.6,11.6227,6.4428,270.0,D1C1,6,85.11,585.7,1,5
116,sybil_16,425.8,201.6,33.6133,16.3099,90.0,C4D4,6,85.11,585.7,1,5
116,sybil_17,425.8,201.6,8.9498,2.8084,90.0,C4D4,6,85.11,585.7,1,5
116,sybil_18,404.81,798.4,15.1683,13.2129,90.0,:C4_13,8,61.43,505.78,1,6
116,sybil_19,404.81,798.4,14.8067,14.8067,90.0,B4C4,8,61.43,505.78,1,6
116,sybil_2,801.6,560.31,0.0,-11.287,0.0,E2E3,3,65.1,480.52,1,0
116,sybil_20,404.81,798.4,0.0,-19.9647,90.0,B4C4,8,61.43,505.78,1,6
116,sybil_21,363.43,798.4,7.1086,3.5662,90.0,B4C4,8,96.05,519.5,1,7
116,sybil_22,363.43,798.4,8.0938,-7.3503,269.36,:B4_7,8,96.05,519.5,1,7
116,sybil_23,363.43,798.4,10.0735,7.5535,270.0,C4B4,8,96.05,519.5,1,7
116,sybil_25,217.62,1001.6,10.4859,-4.7002,270.0,C5B5,1,103.53,664.91,1,8
116,sybil_26,217.62,1001.6,8.8097,5.2474,270.0,C5B5,1,103.53,664.91,1,8
116,sybil_27,401.6,982.46,11.4365,4.0764,0.0,C4C5,4,108.89,583.44,1,9
116,sybil_28,401.6,982.46,12.0675,12.0675,0.0,C4C5,4,108.89,583.44,1,9
116,sybil_29,401.6,982.46,4.9596,-12.947,0.0,C4C5,4,108.89,583.44,1,9
116,sybil_3,801.6,409.0,6.9029,-3.862,0.0,E2E3,3,71.16,505.8,1,1
116,sybil_30,401.6,881.22,17.9158,-2.417,0.0,C4C5,11,63.57,535.17,1,10
116,sybil_31,401.6,881.22,10.2311,-1.6191,0.0,C4C5,11,63.57,535.17,1,10
116,sybil_34,884.85,201.6,11.186,6.6363,270.0,F1E1,9,157.62,620.91,1,11
116,sybil_35,884.85,201.6,0.0,-0.5005,270.0,F1E1,9,157.62,620.91,1,11
116,sybil_36,997.96,200.27,2.6737,2.6737,320.14,:F1_10,5,95.66,671.69,1,12
116,sybil_37,997.96,200.27,4.2146,-2.6861,0.0,F0F1,5,95.66,671.69,1,12
116,sybil_38,997.96,200.27,24.4881,24.4881,0.0,F0F1,5,95.66,671.69,1,12
116,sybil_39,1001.6,138.16,19.3886,10.9736,0.0,F0F1,5,51.7,707.38,1,13
116,sybil_4,801.6,409.0,7.4084,-4.6999,0.0,E1E2,3,71.16,505.8,1,1
116,sybil_5,801.6,409.0,4.6084,-5.8744,0.0,E1E2,3,71.16,505.8,1,1
116,sybil_6,801.6,213.79,8.7144,-11.9028,0.0,E1E2,5,107.04,586.34,1,2
116,sybil_7,801.6,213.79,11.63,5.6856,80.38,:E1_14,5,107.04,586.34,1,2
116,sybil_8,801.6,213.79,7.2525,-12.4886,270.0,C0B0,5,107.04,586.34,1,2
116,sybil_9,298.05,1.6,17.936,17.936,270.0,C0B0,2,189.57,759.29,1,3
117,legit_10,601.6,592.51,7.2632,-3.4969,0.0,D2D3,0,148.59,450.82,0,-1
117,legit_11,798.4,396.93,13.5045,-0.0692,180.0,:E2_1,4,60.88,508.04,0,-1
117,legit_13,70.68,198.4,13.8219,0.6715,90.0,A1B1,0,111.53,751.51,0,-1
117,legit_14,584.29,398.4,9.8056,-3.4105,90.0,C2D2,0,139.67,480.92,0,-1
117,legit_15,710.53,1.6,13.1946,0.021,270.0,E0D0,1,124.81,711.55,0,-1
117,legit_16,775.1,1.6,11.98,0.2273,270.0,E0D0,1,121.03,722.61,0,-1
117,legit_17,801.6,771.36,13.7991,0.5134,0.0,E3E4,0,85.88,500.97,0,-1
117,legit_18,316.2,801.6,13.1977,0.574,270.0,C4B4,8,139.2,538.52,0,-1
117,legit_19,414.68,198.4,2.3793,2.3793,90.0,C1D1,6,85.99,590.25,0,-1
117,legit_5,-1.6,980.84,8.6813,1.5967,180.0,A5A4,0,181.15,793.8,0,-1
117,legit_9,801.6,263.22,11.0031,-0.6158,0.0,E1E2,6,109.67,561.2,0,-1
117,sybil_0,801.6,574.04,9.4683,-8.2679,0.0,E2E3,2,57.76,479.68,1,0
117,sybil_1,801.6,574.04,16.9417,-4.2679,0.0,E2E3,2,57.76,479.68,1,0
117,sybil_10,285.66,1.6,3.7531,-9.7988,270.0,C0B0,2,180.06,763.8,1,3
117,sybil_11,285.66,1.6,19.8494,19.8494,270.0,C0B0,2,180.06,763.8,1,3
117,sybil_12,398.4,110.5,13.539,2.5498,180.0,C1C0,6,52.47,648.0,1,4
117,sybil_13,398.4,110.5,16.9193,6.9098,180.0,C1C0,6,52.47,648.0,1,4
117,sybil_14,398.4,110.5,10.1616,1.8046,198.32,:C1_6,6,52.47,648.0,1,4
117,sybil_15,415.9,201.6,4.7287,-6.894,270.0,D1C1,6,88.44,588.18,1,5
117,sybil_16,415.9,201.6,2.1995,-31.4138,90.0,C4D4,6,88.44,588.18,1,5
117,sybil_17,415.9,201.6,24.309,15.3592,90.0,C4D4,6,88.44,588.18,1,5
117,sybil_18,414.96,798.4,8.9008,-6.2675,90.0,C4D4,8,54.39,502.77,1,6
117,sybil_19,414.96,798.4,3.3701,-11.4366,90.0,B4C4,8,54.39,502.77,1,6
117,sybil_2,801.6,574.04,0.0,0.0,0.0,E2E3,2,57.76,479.68,1,0
117,sybil_20,414.96,798.4,0.0,0.0,90.0,B4C4,8,54.39,502.77,1,6
117,sybil_21,364.52,798.4,6.5631,-0.5455,90.0,B4C4,8,95.07,519.12,1,7
117,sybil_22,364.52,798.4,0.0,-8.0938,245.1,:B4_7,8,95.07,519.12,1,7
117,sybil_23,364.52,798.4,7.7118,-2.3617,270.0,C4B4,8,95.07,519.12,1,7
117,sybil_26,322.18,1001.6,17.1848,8.3751,270.0,C5B5,5,149.94,619.98,1,8
117,sybil_27,401.6,989.7,5.0984,-6.3381,0.0,C4C5,5,102.45,587.31,1,9
117,sybil_28,401.6,989.7,7.0512,-5.0163,0.0,C4C5,5,102.45,587.31,1,9
117,sybil_29,401.6,989.7,19.6204,14.6608,0.0,C4C5,5,102.45,587.31,1,9
117,sybil_3,801.6,422.44,18.6518,11.7489,0.0,E2E3,3,81.01,502.44,1,1
117,sybil_30,401.6,891.82,0.0,-17.9158,0.0,C4C5,12,70.91,539.67,1,10
117,sybil_31,401.6,891.82,1.3409,-8.8902,0.0,C4C5,12,70.91,539.67,1,10
117,sybil_34,873.11,201.6,5.9568,-5.2292,270.0,F1E1,9,147.7,616.49,1,11
117,sybil_35,873.11,201.6,13.0345,13.0345,270.0,F1E1,9,147.7,616.49,1,11
117,sybil_36,991.57,201.6,16.0933,13.4195,276.13,F1E1,5,100.36,667.79,1,12
117,sybil_37,991.57,201.6,0.0,-4.2146,0.0,F0F1,5,100.36,667.79,1,12
117,sybil_38,991.57,201.6,3.4954,-20.9927,0.0,F0F1,5,100.36,667.79,1,12
117,sybil_39,1001.6,150.97,16.3855,-3.0031,0.0,F0F1,5,57.46,700.01,1,13
117,sybil_4,801.6,422.44,13.1015,5.6931,0.0,E1E2,3,81.01,502.44,1,1
117,sybil_5,801.6,422.44,0.1984,-4.41,0.0,E1E2,3,81.01,502.44,1,1
117,sybil_6,801.6,222.54,18.5761,9.8617,0.0,E1E2,5,114.79,581.71,1,2
117,sybil_7,801.6,222.54,13.6076,1.9776,34.1,:E1_14,5,114.79,581.71,1,2
117,sybil_8,801.6,222.54,27.0315,19.779,270.0,C0B0,5,114.79,581.71,1,2
117,sybil_9,285.66,1.6,20.2346,2.2986,270.0,C0B0,2,180.06,763.8,1,3
118,legit_10,602.96,596.94,4.7393,-2.5239,16.2,:D3_8,0,147.07,450.78,0,-1
118,legit_11,798.4,383.52,13.4048,-0.0997,180.0,E2E1,4,53.81,511.88,0,-1
118,legit_13,83.73,198.4,13.0485,-0.7734,90.0,A1B1,0,102.66,742.66,0,-1
118,legit_14,590.7,398.4,6.4132,-3.3924,90.0,C2D2,0,145.85,480.83,0,-1
118,legit_15,696.92,1.6,13.6078,0.4132,270.0,E0D0,1,129.75,709.92,0,-1
118,legit_16,762.71,1.6,12.388,0.4081,270.0,E0D0,1,119.08,720.06,0,-1
118,legit_17,801.6,784.12,12.7611,-1.038,0.0,E3E4,0,76.06,504.05,0,-1
118,legit_18,302.43,801.6,13.7672,0.5695,270.0,C4B4,8,152.48,544.26,0,-1
118,legit_19,419.31,198.4,4.6338,2.2545,90.0,C1D1,6,84.19,589.06,0,-1
118,legit_5,-1.6,970.03,10.8132,2.1318,180.0,A5A4,0,187.29,789.07,0,-1
118,legit_9,801.6,274.27,11.0456,0.0425,0.0,E1E2,6,100.06,555.93,0,-1
118,sybil_0,801.6,587.66,9.2086,-0.2597,0.0,E2E3,2,53.05,479.17,1,0
118,sybil_1,801.6,587.66,19.6573,2.7156,0.0,E2E3,2,53.05,479.17,1,0
118,sybil_10,272.93,1.6,0.0,-3.7531,270.0,C0B0,2,170.68,768.6,1,3
118,sybil_11,272.93,1.6,3.0628,-16.7866,270.0,C0B0,2,170.68,768.6,1,3
118,sybil_12,398.4,96.76,17.8272,4.2883,180.0,C1C0,6,56.59,657.44,1,4
118,sybil_13,398.4,96.76,16.0935,-0.8258,180.0,C1C0,6,56.59,657.44,1,4
118,sybil_14,398.4,96.76,8.2198,-1.9418,180.0,C1C0,6,56.59,657.44,1,4
118,sybil_15,410.45,201.6,0.0,-4.7287,270.0,D1C1,6,90.68,589.61,1,5
118,sybil_16,410.45,201.6,12.4564,10.2569,90.0,C4D4,6,90.68,589.61,1,5
118,sybil_17,410.45,201.6,3.5985,-20.7105,90.0,C4D4,6,90.68,589.61,1,5
118,sybil_18,425.62,798.4,4.5113,-4.3895,90.0,C4D4,8,48.22,499.81,1,6
118,sybil_19,425.62,798.4,6.3345,2.9644,90.0,:C4_13,8,48.22,499.81,1,6
118,sybil_2,801.6,587.66,9.3157,9.3157,0.0,E2E3,2,53.05,479.17,1,0
118,sybil_20,425.62,798.4,0.0,0.0,90.0,B4C4,8,48.22,499.81,1,6
118,sybil_21,367.18,798.4,0.0,-6.5631,90.0,B4C4,8,92.68,518.17,1,7
118,sybil_22,367.18,798.4,5.2682,5.2682,178.71,B4C4,8,92.68,518.17,1,7
118,sybil_23,367.18,798.4,20.1295,12.4177,270.0,C4B4,8,92.68,518.17,1,7
118,sybil_26,309.88,1001.6,14.2156,-2.9692,270.0,C5B5,5,160.56,624.68,1,8
118,sybil_27,401.15,995.97,1.811,-3.2874,354.8,:C5_4,5,97.2,590.82,1,9
118,sybil_28,401.15,995.97,7.6274,0.5762,0.0,C4C5,5,97.2,590.82,1,9
118,sybil_29,401.15,995.97,15.6643,-3.9561,0.0,C4C5,5,97.2,590.82,1,9
118,sybil_3,801.6,435.26,7.1513,-11.5005,0.0,E2E3,3,91.25,499.46,1,1
118,sybil_30,401.6,904.05,5.0153,5.0153,0.0,C4C5,12,80.28,545.05,1,10
118,sybil_31,401.6,904.05,24.5803,23.2394,0.0,C4C5,12,80.28,545.05,1,10
118,sybil_34,860.83,201.6,0.0,-5.9568,270.0,F1E1,9,137.63,612.02,1,11
118,sybil_35,860.83,201.6,14.6952,1.6607,270.0,F1E1,9,137.63,612.02,1,11
118,sybil_36,983.35,201.6,17.1883,1.095,270.0,F1E1,5,105.36,663.73,1,12
118,sybil_37,983.35,201.6,13.3749,13.3749,354.7,:F1_4,5,105.36,663.73,1,12
118,sybil_38,983.35,201.6,11.5509,8.0555,0.0,F0F1,5,105.36,663.73,1,12
118,sybil_39,1001.6,161.66,19.2831,2.8976,0.0,F0F1,5,63.86,694.03,1,13
118,sybil_4,801.6,435.26,12.9184,-0.1831,0.0,E1E2,3,91.25,499.46,1,1
118,sybil_5,801.6,435.26,3.4,3.2016,0.0,E1E2,3,91.25,499.46,1,1
118,sybil_6,801.6,233.46,6.3012,-12.2749,0.0,E1E2,5,124.65,576.03,1,2
118,sybil_7,801.6,233.46,14.5504,0.9428,0.0,E1E2,5,124.65,576.03,1,2
118,sybil_8,801.6,233.46,0.0,-27.0315,270.0,C0B0,5,124.65,576.03,1,2
118,sybil_9,272.93,1.6,12.7463,-7.4884,270.0,C0B0,2,170.68,768.6,1,3
119,legit_10,607.71,598.4,5.0936,0.3543,73.51,D3E3,0,142.3,450.81,0,-1
119,legit_11,798.4,370.69,12.8326,-0.5722,180.0,E2E1,7,49.57,515.85,0,-1
119,legit_13,96.79,198.4,13.0619,0.0134,90.0,A1B1,0,94.75,733.98,0,-1
119,legit_14,599.59,398.4,8.8878,2.4746,90.0,:D2_13,0,154.44,480.78,0,-1
119,legit_15,684.29,1.6,12.6245,-0.9833,270.0,E0D0,1,135.41,708.61,0,-1
119,legit_16,750.75,1.6,11.9582,-0.4298,270.0,E0D0,1,118.4,717.79,0,-1
119,legit_17,801.6,792.38,8.2611,-4.5,0.0,E3E4,0,70.22,506.16,0,-1
119,legit_18,288.71,801.6,13.7265,-0.0407,270.0,C4B4,6,143.92,550.17,0,-1
119,legit_19,425.5,198.4,6.1864,1.5526,90.0,C1D1,5,82.14,587.52,0,-1
119,legit_5,-1.6,958.34,11.6874,0.8742,180.0,A5A4,0,192.32,784.1,0,-1
119,legit_9,801.6,284.97,10.703,-0.3425,0.0,E1E2,6,91.06,550.96,0,-1
119,sybil_1,801.6,543.97,18.8046,-0.8527,0.0,E2E3,4,76.17,481.9,1,0
119,sybil_10,260.2,1.6,5.0293,5.0293,270.0,C0B0,2,161.75,773.57,1,3
119,sybil_11,260.2,1.6,22.0067,18.9439,270.0,C0B0,2,161.75,773.57,1,3
119,sybil_12,398.4,83.04,9.8451,-7.9822,180.0,C1C0,5,63.47,667.15,1,4
119,sybil_13,398.4,83.04,13.6766,-2.4169,180.0,C1C0,5,63.47,667.15,1,4
119,sybil_14,398.4,83.04,4.8844,-3.3354,180.0,C1C0,5,63.47,667.15,1,4
119,sybil_15,402.64,200.63,1.7179,1.7179,258.62,:C1_6,5,93.51,592.27,1,5
119,sybil_17,402.64,200.63,11.2189,7.6203,90.0,C4D4,5,93.51,592.27,1,5
119,sybil_18,437.0,798.4,16.2196,11.7083,90.0,C4D4,8,43.59,496.87,1,6
119,sybil_19,437.0,798.4,7.286,0.9515,90.0,C4D4,8,43.59,496.87,1,6
119,sybil_2,801.6,543.97,6.9135,-2.4021,0.0,E2E3,4,76.17,481.9,1,0
119,sybil_20,437.0,798.4,0.0,0.0,90.0,B4C4,8,43.59,496.87,1,6
119,sybil_21,371.28,798.4,3.9357,3.9357,90.0,B4C4,8,89.03,516.73,1,7
119,sybil_22,371.28,798.4,0.0,-5.2682,92.53,B4C4,8,89.03,516.73,1,7
119,sybil_23,371.28,798.4,7.1382,-12.9913,270.0,C4B4,8,89.03,516.73,1,7
119,sybil_26,298.09,1001.6,14.2808,0.0652,270.0,C5B5,5,167.56,629.32,1,8
119,sybil_27,397.67,1000.44,14.1179,12.3069,317.79,:C5_4,5,95.23,594.25,1,9
119,sybil_28,397.67,1000.44,0.0,-7.6274,0.0,C4C5,5,95.23,594.25,1,9
119,sybil_29,397.67,1000.44,23.6827,8.0184,0.0,C4C5,5,95.23,594.25,1,9
119,sybil_3,801.6,448.31,1.6869,-5.4644,0.0,E2E3,5,102.28,496.62,1,1
119,sybil_30,401.6,914.73,11.4946,6.4793,0.0,C4C5,11,89.03,549.88,1,10
119,sybil_31,401.6,914.73,4.125,-20.4553,0.0,C4C5,11,89.03,549.88,1,10
119,sybil_34,848.97,201.6,4.6395,4.6395,270.0,F1E1,8,128.27,607.86,1,11
119,sybil_35,848.97,201.6,7.9456,-6.7496,270.0,F1E1,8,128.27,607.86,1,11
119,sybil_36,972.97,201.6,6.3658,-10.8225,270.0,F1E1,5,112.22,658.71,1,12
119,sybil_37,972.97,201.6,0.0,-13.3749,313.51,:F1_10,5,112.22,658.71,1,12
119,sybil_38,972.97,201.6,0.0,-11.5509,0.0,F0F1,5,112.22,658.71,1,12
119,sybil_39,1001.6,171.02,12.2967,-6.9864,0.0,F0F1,3,70.32,688.92,1,13
119,sybil_4,801.6,448.31,9.2646,-3.6538,0.0,E1E2,5,102.28,496.62,1,1
119,sybil_5,801.6,448.31,22.0813,18.6813,0.0,E1E2,5,102.28,496.62,1,1
119,sybil_6,801.6,246.4,8.0006,1.6994,0.0,E1E2,6,124.77,569.47,1,2
119,sybil_7,801.6,246.4,1.8625,-12.688,0.0,E1E2,6,124.77,569.47,1,2
119,sybil_8,801.6,246.4,16.1759,16.1759,270.0,:B0_4,6,124.77,569.47,1,2
119,sybil_9,260.2,1.6,23.0058,10.2595,270.0,C0B0,2,161.75,773.57,1,3
120,legit_10,614.16,598.4,6.4523,1.3587,90.0,D3E3,0,135.85,450.89,0,-1
120,legit_11,798.4,358.0,12.6925,-0.1402,180.0,E2E1,7,48.44,520.1,0,-1
120,legit_13,109.95,198.4,13.1633,0.1013,90.0,A1B1,0,88.04,725.44,0,-1
120,legit_14,610.64,398.4,11.0532,2.1653,90.0,D2E2,0,144.55,480.84,0,-1
120,legit_15,671.33,1.6,12.9607,0.3363,270.0,E0D0,1,142.15,707.47,0,-1
120,legit_16,739.45,1.6,11.3001,-0.6582,270.0,E0D0,1,118.87,715.82,0,-1
120,legit_17,798.19,800.13,8.9398,0.6787,322.86,:E4_18,0,62.54,507.16,0,-1
120,legit_18,276.06,801.6,12.6423,-1.0842,270.0,C4B4,3,131.78,555.8,0,-1
120,legit_19,433.96,198.4,8.4569,2.2705,90.0,C1D1,5,80.02,585.53,0,-1
120,legit_20,212.3,998.4,0.0,0.0,90.0,B5C5,1,102.66,665.86,0,-1
120,legit_5,-1.6,946.09,12.2524,0.5651,180.0,A5A4,0,185.03,779.04,0,-1
120,legit_9,801.6,296.21,11.2419,0.5389,0.0,E1E2,6,82.04,545.87,0,-1
120,sybil_1,801.6,557.67,20.7191,1.9145,0.0,E2E3,4,66.74,480.71,1,0
120,sybil_10,247.69,1.6,11.0999,6.0706,270.0,C0B0,2,153.5,778.61,1,3
120,sybil_11,247.69,1.6,0.0,-22.0067,270.0,C0B0,2,153.5,778.61,1,3
120,sybil_12,398.4,70.19,8.0222,-1.8228,180.0,C1C0,5,71.72,676.45,1,4
120,sybil_13,398.4,70.19,17.0906,3.414,180.0,C1C0,5,71.72,676.45,1,4
120,sybil_14,398.4,70.19,8.3174,3.433,180.0,C1C0,5,71.72,676.45,1,4
120,sybil_15,398.75,195.25,5.4352,3.7173,206.56,:C1_6,5,91.04,596.32,1,5
120,sybil_17,398.75,195.25,10.2894,-0.9295,90.0,C4D4,5,91.04,596.32,1,5
120,sybil_18,447.29,798.4,11.1473,-5.0723,90.0,C4D4,7,41.69,494.46,1,6
120,sybil_19,447.29,798.4,3.291,-3.995,90.0,C4D4,7,41.69,494.46,1,6
120,sybil_2,801.6,557.67,12.1767,5.2632,0.0,E2E3,4,66.74,480.71,1,0
120,sybil_20,447.29,798.4,5.0722,5.0722,90.0,:C4_13,7,41.69,494.46,1,6
120,sybil_21,376.8,798.4,15.2904,11.3547,90.0,B4C4,8,84.19,514.83,1,7
120,sybil_22,376.8,798.4,0.0,0.0,90.0,B4C4,8,84.19,514.83,1,7
120,sybil_23,376.8,798.4,3.6314,-3.5068,270.0,C4B4,8,84.19,514.83,1,7
120,sybil_26,286.81,1001.6,11.4832,-2.7976,270.0,C5B5,6,157.68,633.9,1,8
120,sybil_27,391.56,1001.6,16.0991,1.9812,276.12,C5B5,5,97.78,596.66,1,9
120,sybil_28,391.56,1001.6,17.0531,17.0531,0.0,C4C5,5,97.78,596.66,1,9
120,sybil_29,391.56,1001.6,7.8177,-15.865,0.0,C4C5,5,97.78,596.66,1,9
120,sybil_3,801.6,461.37,16.3296,14.6427,0.0,E2E3,5,113.75,493.99,1,1
120,sybil_30,401.6,926.3,3.9309,-7.5637,0.0,C4C5,11,98.94,555.27,1,10
120,sybil_31,401.6,926.3,11.7008,7.5758,0.0,C4C5,11,98.94,555.27,1,10
120,sybil_34,836.15,201.6,0.7675,-3.872,270.0,F1E1,8,118.66,603.54,1,11
120,sybil_35,836.15,201.6,10.2772,2.3316,270.0,F1E1,8,118.66,603.54,1,11
120,sybil_36,961.22,201.6,8.6725,2.3067,270.0,F1E1,5,120.58,653.19,1,12
120,sybil_37,961.22,201.6,8.0045,8.0045,274.21,F1E1,5,120.58,653.19,1,12
120,sybil_38,961.22,201.6,2.5098,2.5098,359.29,:F1_4,5,120.58,653.19,1,12
120,sybil_39,1001.6,176.87,10.9078,-1.3889,0.0,F0F1,3,74.68,685.77,1,13
120,sybil_4,801.6,461.37,1.4628,-7.8018,0.0,:E2_9,5,113.75,493.99,1,1
120,sybil_5,801.6,461.37,7.421,-14.6602,0.0,E1E2,5,113.75,493.99,1,1
120,sybil_6,801.6,259.28,6.5018,-1.4988,0.0,E1E2,6,113.17,563.11,1,2
120,sybil_7,801.6,259.28,11.9519,10.0894,0.0,E1E2,6,113.17,563.11,1,2
120,sybil_8,801.6,259.28,20.1222,3.9464,270.0,B0A0,6,113.17,563.11,1,2
120,sybil_9,247.69,1.6,23.963,0.9573,270.0,C0B0,2,153.5,778.61,1,3
121,legit_10,622.04,598.4,7.88,1.4277,90.0,D3E3,0,127.97,451.05,0,-1
121,legit_11,798.4,344.67,13.3321,0.6397,180.0,E2E1,9,50.77,524.91,0,-1
121,legit_13,123.69,198.4,13.7427,0.5794,90.0,A1B1,0,82.7,716.76,0,-1
121,legit_14,623.52,398.4,12.8761,1.8229,90.0,D2E2,0,132.18,481.09,0,-1
121,legit_15,658.78,1.6,12.5588,-0.4019,270.0,E0D0,1,149.47,706.55,0,-1
121,legit_16,727.41,1.6,12.0401,0.74,270.0,E0D0,1,120.54,713.91,0,-1
121,legit_17,790.26,801.6,8.2232,-0.7166,274.0,E4D4,0,55.64,505.16,0,-1
121,legit_18,262.73,801.6,13.3293,0.6869,270.0,C4B4,3,119.1,561.9,0,-1
121,legit_19,443.82,198.4,9.8671,1.4102,90.0,C1D1,5,78.64,583.35,0,-1
121,legit_20,213.64,998.4,1.3369,1.3369,90.0,B5C5,1,103.48,665.2,0,-1
121,legit_5,-1.6,934.45,11.64,-0.6125,180.0,A5A4,0,178.61,774.38,0,-1
121,legit_9,801.6,307.87,11.6612,0.4193,0.0,E1E2,6,73.35,540.76,0,-1
121,sybil_1,801.6,570.92,8.845,-11.8741,0.0,E2E3,4,59.23,479.84,1,0
121,sybil_10,234.43,1.6,20.9075,9.8077,270.0,C0B0,2,145.42,784.12,1,3
121,sybil_11,234.43,1.6,7.3276,7.3276,270.0,C0B0,2,145.42,784.12,1,3
121,sybil_12,398.4,57.5,0.0,-8.0222,180.0,C1C0,5,81.05,685.83,1,4
121,sybil_13,398.4,57.5,21.3652,4.2746,180.0,C1C0,5,81.05,685.83,1,4
121,sybil_14,398.4,57.5,5.3507,-2.9667,180.0,C1C0,5,81.05,685.83,1,4
121,sybil_15,398.4,187.66,9.9104,4.4752,180.0,C1C0,5,85.09,600.65,1,5
121,sybil_17,398.4,187.66,9.3626,-0.9268,90.0,C4D4,5,85.09,600.65,1,5
121,sybil_18,458.61,798.4,21.1182,9.9709,90.0,C4D4,5,42.48,492.09,1,6
121,sybil_19,458.61,798.4,13.844,10.5531,90.0,C4D4,5,42.48,492.09,1,6
121,sybil_2,801.6,570.92,6.0481,-6.1286,0.0,E2E3,4,59.23,479.84,1,0
121,sybil_20,458.61,798.4,0.0,-5.0722,90.0,C4D4,5,42.48,492.09,1,6
121,sybil_21,383.88,798.4,10.297,-4.9934,90.0,B4C4,8,78.12,512.45,1,7
121,sybil_22,383.88,798.4,6.8852,6.8852,90.0,B4C4,8,78.12,512.45,1,7
121,sybil_23,383.88,798.4,8.2706,4.6392,270.0,C4B4,8,78.12,512.45,1,7
121,sybil_26,275.63,1001.6,8.7209,-2.7624,270.0,C5B5,6,148.08,638.57,1,8
121,sybil_27,383.72,1001.6,10.2979,-5.8012,270.0,C5B5,5,102.67,599.0,1,9
121,sybil_28,383.72,1001.6,14.8464,-2.2067,0.0,C4C5,5,102.67,599.0,1,9
121,sybil_29,383.72,1001.6,20.912,13.0943,0.0,C4C5,5,102.67,599.0,1,9
121,sybil_3,801.6,474.24,4.7222,-11.6074,0.0,E2E3,5,125.35,491.58,1,1
121,sybil_30,401.6,937.56,1.323,-2.608,0.0,C4C5,8,108.91,560.66,1,10
121,sybil_31,401.6,937.56,15.0955,3.3947,0.0,C4C5,8,108.91,560.66,1,10
121,sybil_34,823.58,201.6,17.8949,17.1274,270.0,F1E1,9,109.87,599.5,1,11
121,sybil_35,823.58,201.6,10.1653,-0.1119,270.0,F1E1,9,109.87,599.5,1,11
121,sybil_36,949.43,201.6,13.7834,5.1109,270.0,F1E1,5,129.51,647.81,1,12
121,sybil_37,949.43,201.6,0.0,-8.0045,270.0,F1E1,5,129.51,647.81,1,12
121,sybil_38,949.43,201.6,8.2545,5.7448,336.68,:F1_10,5,129.51,647.81,1,12
121,sybil_39,1001.6,184.1,4.3584,-6.5493,0.0,F0F1,3,80.32,681.93,1,13
121,sybil_4,801.6,474.24,18.9381,17.4753,0.0,E2E3,5,125.35,491.58,1,1
121,sybil_5,801.6,474.24,6.9331,-0.4879,0.0,E1E2,5,125.35,491.58,1,1
121,sybil_6,801.6,272.14,22.764,16.2622,0.0,E1E2,6,101.89,556.94,1,2
121,sybil_7,801.6,272.14,25.5782,13.6263,0.0,E1E2,6,101.89,556.94,1,2
121,sybil_8,801.6,272.14,12.5186,-7.6037,270.0,B0A0,6,101.89,556.94,1,2
121,sybil_9,234.43,1.6,7.8606,-16.1024,270.0,:B0_4,2,145.42,784.12,1,3
122,legit_10,632.2,598.4,10.1617,2.2817,90.0,D3E3,0,117.81,451.36,0,-1
122,legit_11,798.4,331.81,12.8548,-0.4773,180.0,E2E1,6,56.01,529.87,0,-1
122,legit_13,136.94,198.4,13.2466,-0.4961,90.0,A1B1,0,79.48,708.65,0,-1
122,legit_14,636.34,398.4,12.8225,-0.0536,90.0,D2E2,0,119.97,481.52,0,-1
122,legit_15,645.26,1.6,13.5138,0.955,270.0,E0D0,1,158.08,705.77,0,-1
122,legit_16,715.97,1.6,11.4422,-0.5979,270.0,E0D0,1,123.19,712.27,0,-1
122,legit_17,779.76,801.6,10.498,2.2749,270.0,E4D4,0,48.58,502.13,0,-1
122,legit_18,249.58,801.6,13.1545,-0.1747,270.0,C4B4,3,106.73,568.11,0,-1
122,legit_19,455.23,198.4,11.4048,1.5376,90.0,C1D1,2,78.57,581.04,0,-1
122,legit_20,216.92,998.4,3.2809,1.9439,90.0,B5C5,1,105.53,663.59,0,-1
122,legit_5,-1.6,922.1,12.3504,0.7105,180.0,A5A4,0,172.4,769.6,0,-1
122,legit_9,801.6,319.17,11.2977,-0.3636,0.0,E1E2,6,65.8,535.99,0,-1
122,sybil_1,801.6,584.08,12.5205,3.6755,0.0,E2E3,4,54.0,479.27,1,0
122,sybil_10,222.18,1.6,22.0176,1.1101,270.0,C0B0,2,138.67,789.39,1,3
122,sybil_11,222.18,1.6,14.4629,7.1353,270.0,C0B0,2,138.67,789.39,1,3
122,sybil_12,398.4,44.61,5.7541,5.7541,180.0,C1C0,4,91.36,695.49,1,4
122,sybil_13,398.4,44.61,15.7704,-5.5948,180.0,C1C0,4,91.36,695.49,1,4
122,sybil_14,398.4,44.61,13.4134,8.0628,180.0,C1C0,4,91.36,695.49,1,4
122,sybil_15,398.4,178.65,17.992,8.0817,180.0,C1C0,5,78.11,605.76,1,5
122,sybil_17,398.4,178.65,14.0812,4.7186,90.0,C4D4,5,78.11,605.76,1,5
122,sybil_18,469.1,798.4,1.5764,-19.5417,90.0,C4D4,5,45.77,490.16,1,6
122,sybil_19,469.1,798.4,3.1016,-10.7425,90.0,C4D4,5,45.77,490.16,1,6
122,sybil_2,801.6,584.08,17.9156,11.8675,0.0,E2E3,4,54.0,479.27,1,0
122,sybil_20,469.1,798.4,0.0,0.0,90.0,C4D4,5,45.77,490.16,1,6
122,sybil_21,389.77,798.4,18.6233,8.3263,90.0,B4C4,6,73.2,510.51,1,7
122,sybil_22,389.77,798.4,9.3933,2.5081,90.0,B4C4,6,73.2,510.51,1,7
122,sybil_23,389.77,798.4,12.6667,4.3961,270.0,C4B4,6,73.2,510.51,1,7
122,sybil_26,264.34,1001.6,4.8556,-3.8652,270.0,C5B5,6,138.64,643.41,1,8
122,sybil_27,374.16,1001.6,7.6006,-2.6973,270.0,C5B5,5,109.08,601.97,1,9
122,sybil_28,374.16,1001.6,12.9845,-1.8618,0.0,C4C5,5,109.08,601.97,1,9
122,sybil_29,374.16,1001.6,6.2707,-14.6413,0.0,C4C5,5,109.08,601.97,1,9
122,sybil_3,801.6,487.12,9.5438,4.8215,0.0,E2E3,4,124.11,489.36,1,1
122,sybil_30,401.6,950.16,22.856,21.533,0.0,C4C5,5,120.32,566.84,1,10
122,sybil_31,401.6,950.16,19.9783,4.8828,0.0,C4C5,5,120.32,566.84,1,10
122,sybil_34,811.02,201.6,26.48,8.5851,270.0,F1E1,9,101.89,595.66,1,11
122,sybil_35,811.02,201.6,17.968,7.8028,270.0,F1E1,9,101.89,595.66,1,11
122,sybil_36,936.53,201.6,14.9207,1.1373,270.0,F1E1,5,139.77,642.08,1,12
122,sybil_37,936.53,201.6,19.1451,19.1451,270.0,F1E1,5,139.77,642.08,1,12
122,sybil_38,936.53,201.6,6.726,-1.5286,275.62,F1E1,5,139.77,642.08,1,12
122,sybil_39,1001.6,190.86,0.0,-4.3584,0.0,F0F1,3,85.81,678.39,1,13
122,sybil_4,801.6,487.12,11.7115,-7.2266,0.0,E2E3,4,124.11,489.36,1,1
122,sybil_5,801.6,487.12,24.4258,17.4927,0.0,E1E2,4,124.11,489.36,1,1
122,sybil_6,801.6,285.62,6.7297,-16.0343,0.0,E1E2,6,90.52,550.66,1,2
122,sybil_7,801.6,285.62,15.2537,-10.3244,0.0,E1E2,6,90.52,550.66,1,2
122,sybil_8,801.6,285.62,25.0187,12.5001,270.0,B0A0,6,90.52,550.66,1,2
122,sybil_9,222.18,1.6,22.1214,14.2608,270.0,B0A0,2,138.67,789.39,1,3
123,legit_10,643.7,598.4,11.5022,1.3405,90.0,D3E3,0,106.31,451.84,0,-1
123,legit_11,798.4,318.8,13.0149,0.1601,180.0,E2E1,4,63.56,535.17,0,-1
123,legit_13,150.32,198.4,13.3776,0.131,90.0,A1B1,0,78.4,700.73,0,-1
123,legit_14,650.06,398.4,13.7147,0.8922,90.0,D2E2,0,107.07,482.19,0,-1
123,legit_15,632.32,1.6,12.9368,-0.577,270.0,E0D0,1,166.93,705.22,0,-1
123,legit_16,704.59,1.6,11.3841,-0.058,270.0,E0D0,1,126.81,710.81,0,-1
123,legit_17,767.52,801.6,12.2379,1.7399,270.0,E4D4,0,42.21,498.84,0,-1
123,legit_18,236.15,801.6,13.4279,0.2733,270.0,C4B4,0,94.32,574.64,0,-1
123,legit_19,468.11,198.4,12.8815,1.4767,90.0,C1D1,2,80.46,578.7,0,-1
123,legit_20,222.7,998.4,5.7831,2.5022,90.0,B5C5,4,109.29,660.79,0,-1
123,legit_5,-1.6,909.87,12.2238,-0.1267,180.0,A5A4,0,166.93,765.02,0,-1
123,legit_9,801.6,330.35,11.174,-0.1237,0.0,E1E2,4,59.51,531.44,0,-1
123,sybil_10,209.84,1.6,9.3481,-12.6695,270.0,C0B0,2,132.66,794.85,1,3
123,sybil_11,209.84,1.6,11.0361,-3.4268,270.0,C0B0,2,132.66,794.85,1,3
123,sybil_12,398.4,31.64,33.1745,27.4204,180.0,C1C0,4,102.33,705.37,1,4
123,sybil_13,398.4,31.64,20.4407,4.6703,180.0,C1C0,4,102.33,705.37,1,4
123,sybil_14,398.4,31.64,5.7535,-7.66,180.0,C1C0,4,102.33,705.37,1,4
123,sybil_15,398.4,168.19,9.2494,-8.7426,180.0,C1C0,5,70.61,611.81,1,5
123,sybil_17,398.4,168.19,0.0,-14.0812,90.0,C4D4,5,70.61,611.81,1,5
123,sybil_18,479.87,798.4,18.8152,17.2388,90.0,C4D4,5,51.21,488.4,1,6
123,sybil_19,479.87,798.4,17.3283,14.2267,90.0,C4D4,5,51.21,488.4,1,6
123,sybil_2,801.6,537.12,9.1758,-8.7398,0.0,E2E3,3,81.34,482.59,1,0
123,sybil_20,479.87,798.4,20.1489,20.1489,90.0,C4D4,5,51.21,488.4,1,6
123,sybil_21,397.2,798.4,8.2988,-10.3245,90.0,:C4_13,5,67.22,508.14,1,7
123,sybil_22,397.2,798.4,3.1529,-6.2404,90.0,B4C4,5,67.22,508.14,1,7
123,sybil_23,397.2,798.4,3.7736,-8.8931,270.0,C4B4,5,67.22,508.14,1,7
123,sybil_26,252.35,1001.6,18.5173,13.6616,270.0,C5B5,4,128.93,648.7,1,8
123,sybil_27,363.53,1001.6,9.4292,1.8286,270.0,C5B5,6,116.72,605.4,1,9
123,sybil_28,363.53,1001.6,8.068,-4.9165,0.0,C4C5,6,116.72,605.4,1,9
123,sybil_29,363.53,1001.6,0.0,-6.2707,0.0,C4C5,6,116.72,605.4,1,9
123,sybil_3,801.6,500.73,23.3729,13.8291,0.0,E2E3,3,111.88,487.23,1,1
123,sybil_30,401.6,962.15,9.4031,-13.4528,0.0,C4C5,4,127.41,572.88,1,10
123,sybil_31,401.6,962.15,0.0,-19.9783,0.0,C4C5,4,127.41,572.88,1,10
123,sybil_35,900.88,201.6,0.0,-17.968,270.0,F1E1,7,169.99,627.18,1,11
123,sybil_36,924.13,201.6,6.3927,-8.528,270.0,F1E1,4,150.0,636.75,1,12
123,sybil_37,924.13,201.6,18.9015,-0.2436,270.0,F1E1,4,150.0,636.75,1,12
123,sybil_38,924.13,201.6,15.4516,8.7256,270.0,F1E1,4,150.0,636.75,1,12
123,sybil_39,1001.14,196.0,12.5633,12.5633,354.74,:F1_4,4,90.35,675.5,1,13
123,sybil_4,801.6,500.73,11.6361,-0.0754,0.0,E2E3,3,111.88,487.23,1,1
123,sybil_5,801.6,500.73,4.5397,-19.8861,0.0,:E2_9,3,111.88,487.23,1,1
123,sybil_6,801.6,297.85,5.7183,-1.0114,0.0,E1E2,5,80.78,545.15,1,2
123,sybil_7,801.6,297.85,22.0074,6.7537,0.0,E1E2,5,80.78,545.15,1,2
123,sybil_8,801.6,297.85,6.1571,-18.8617,270.0,B0A0,5,80.78,545.15,1,2
123,sybil_9,209.84,1.6,1.5805,-20.5409,270.0,B0A0,2,132.66,794.85,1,3
124,legit_10,655.41,598.4,11.7075,0.2053,90.0,D3E3,0,94.6,452.5,0,-1
124,legit_11,798.4,305.77,13.0306,0.0157,180.0,E2E1,5,72.69,540.72,0,-1
124,legit_13,163.58,198.4,13.2635,-0.1141,90.0,A1B1,0,79.57,693.14,0,-1
124,legit_14,662.79,398.4,12.7348,-0.9798,90.0,D2E2,0,95.29,483.01,0,-1
124,legit_15,618.75,1.6,13.5768,0.64,270.0,E0D0,1,176.76,704.83,0,-1
124,legit_16,692.84,1.6,11.7428,0.3586,270.0,E0D0,1,131.47,709.48,0,-1
124,legit_17,754.18,801.6,13.3425,1.1046,270.0,E4D4,0,38.63,495.61,0,-1
124,legit_18,222.84,801.6,13.317,-0.1109,270.0,C4B4,0,82.34,581.31,0,-1
124,legit_19,481.51,198.4,13.4025,0.521,90.0,C1D1,2,84.5,576.56,0,-1
124,legit_20,229.88,998.4,7.1832,1.4002,90.0,B5C5,4,114.19,657.36,0,-1
124,legit_5,-1.6,897.45,12.4188,0.195,180.0,A5A4,0,162.12,760.55,0,-1
124,legit_9,801.6,341.41,11.061,-0.113,0.0,E1E2,4,54.85,527.14,0,-1
124,sybil_10,197.73,1.6,24.0057,14.6575,270.0,:B0_4,2,127.66,800.38,1,3
124,sybil_11,197.73,1.6,25.8734,14.8373,270.0,C0B0,2,127.66,800.38,1,3
124,sybil_12,398.4,20.1,16.8513,-16.3232,180.0,C1C0,4,112.44,714.27,1,4
124,sybil_13,398.4,20.1,15.0673,-5.3735,180.0,C1C0,4,112.44,714.27,1,4
124,sybil_14,398.4,20.1,20.2387,14.4852,180.0,C1C0,4,112.44,714.27,1,4
124,sybil_15,398.4,155.43,10.389,1.1396,180.0,C1C0,5,62.59,619.37,1,5
124,sybil_17,398.4,155.43,7.5546,7.5546,90.0,C4D4,5,62.59,619.37,1,5
124,sybil_18,491.01,798.4,16.4881,-2.3271,90.0,C4D4,5,58.42,486.8,1,6
124,sybil_19,491.01,798.4,20.6675,3.3392,90.0,C4D4,5,58.42,486.8,1,6
124,sybil_2,801.6,549.75,0.702,-8.4738,0.0,E2E3,3,72.03,481.37,1,0
124,sybil_20,491.01,798.4,9.9571,-10.1918,90.0,C4D4,5,58.42,486.8,1,6
124,sybil_21,406.46,798.4,10.0251,1.7263,90.0,:C4_13,5,60.22,505.28,1,7
124,sybil_22,406.46,798.4,6.5374,3.3845,90.0,B4C4,5,60.22,505.28,1,7
124,sybil_23,406.46,798.4,14.508,10.7344,270.0,C4B4,5,60.22,505.28,1,7
124,sybil_26,240.15,1001.6,6.315,-12.2022,270.0,C5B5,4,119.47,654.24,1,8
124,sybil_27,352.68,1001.6,13.5423,4.1131,270.0,C5B5,6,124.97,609.04,1,9
124,sybil_28,352.68,1001.6,9.4023,1.3342,345.77,:C5_4,6,124.97,609.04,1,9
124,sybil_29,352.68,1001.6,13.7961,13.7961,0.0,C4C5,6,124.97,609.04,1,9
124,sybil_3,801.6,513.58,0.2161,-23.1568,0.0,E2E3,3,100.65,485.4,1,1
124,sybil_30,401.6,970.48,11.5872,2.184,0.0,C4C5,4,119.74,577.16,1,10
124,sybil_31,401.6,970.48,0.0,0.0,0.0,C4C5,4,119.74,577.16,1,10
124,sybil_35,889.55,201.6,17.4218,17.4218,270.0,F1E1,8,161.65,622.72,1,11
124,sybil_36,912.6,201.6,13.8643,7.4716,270.0,F1E1,4,159.8,631.94,1,12
124,sybil_37,912.6,201.6,9.7827,-9.1188,270.0,F1E1,4,159.8,631.94,1,12
124,sybil_38,912.6,201.6,11.517,-3.9346,270.0,F1E1,4,159.8,631.94,1,12
124,sybil_39,996.99,200.85,0.0,-12.5633,313.21,:F1_10,4,96.68,670.9,1,13
124,sybil_4,801.6,513.58,17.4533,5.8172,0.0,E2E3,3,100.65,485.4,1,1
124,sybil_5,801.6,513.58,18.6181,14.0785,0.0,E2E3,3,100.65,485.4,1,1
124,sybil_6,801.6,310.91,29.6166,23.8983,0.0,E1E2,5,71.22,539.46,1,2
124,sybil_7,801.6,310.91,24.1008,2.0933,0.0,E1E2,5,71.22,539.46,1,2
124,sybil_8,801.6,310.91,15.713,9.5559,270.0,B0A0,5,71.22,539.46,1,2
124,sybil_9,197.73,1.6,5.3772,3.7967,270.0,B0A0,2,127.66,800.38,1,3
125,legit_10,667.11,598.4,11.6963,-0.0113,90.0,D3E3,1,82.91,453.3,0,-1
125,legit_11,798.4,292.18,13.5906,0.56,180.0,E2E1,8,83.32,546.74,0,-1
125,legit_13,176.28,198.4,12.701,-0.5626,90.0,A1B1,0,82.69,686.14,0,-1
125,legit_14,675.84,398.4,13.0542,0.3194,90.0,D2E2,4,83.51,484.05,0,-1
125,legit_15,608.39,1.6,10.3572,-3.2196,270.0,E0D0,1,184.59,704.68,0,-1
125,legit_16,680.8,1.6,12.0451,0.3023,270.0,E0D0,1,137.14,708.28,0,-1
125,legit_17,740.67,801.6,13.5129,0.1703,270.0,E4D4,0,39.52,492.78,0,-1
125,legit_18,213.3,801.6,9.5384,-3.7786,270.0,C4B4,0,74.03,586.2,0,-1
125,legit_19,493.84,198.4,12.3255,-1.077,90.0,C1D1,2,89.82,574.84,0,-1
125,legit_20,238.48,998.4,8.5955,1.4123,90.0,B5C5,4,120.36,653.33,0,-1
125,legit_5,-1.6,885.81,11.6402,-0.7786,180.0,A5A4,0,158.37,756.52,0,-1
125,legit_9,801.6,352.0,10.5974,-0.4636,0.0,E1E2,5,52.22,523.23,0,-1
125,sybil_10,185.12,1.6,9.5732,-14.4324,270.0,B0A0,2,123.5,806.31,1,3
125,sybil_11,185.12,1.6,2.6123,-23.2611,270.0,:B0_4,2,123.5,806.31,1,3
125,sybil_12,398.4,11.95,0.0,-16.8513,180.0,C1C0,4,119.74,720.61,1,4
125,sybil_13,398.4,11.95,7.5313,-7.536,180.0,C1C0,4,119.74,720.61,1,4
125,sybil_14,398.4,11.95,11.9798,-8.2589,180.0,C1C0,4,119.74,720.61,1,4
125,sybil_15,398.4,141.65,17.8539,7.465,180.0,C1C0,5,55.96,627.8,1,5
125,sybil_17,398.4,141.65,16.5776,9.023,90.0,C4D4,5,55.96,627.8,1,5
125,sybil_18,501.31,798.4,12.4172,-4.0709,90.0,C4D4,5,66.06,485.5,1,6
125,sybil_19,501.31,798.4,6.7259,-13.9415,90.0,C4D4,5,66.06,485.5,1,6
125,sybil_2,801.6,562.84,6.614,5.912,0.0,E2E3,4,63.59,480.34,1,0
125,sybil_20,501.31,798.4,1.9899,-7.9672,90.0,C4D4,5,66.06,485.5,1,6
125,sybil_21,418.14,798.4,5.2532,-4.7719,90.0,C4D4,5,52.4,501.87,1,7
125,sybil_22,418.14,798.4,2.1239,-4.4135,90.0,B4C4,5,52.4,501.87,1,7
125,sybil_23,418.14,798.4,19.7534,5.2454,270.0,C4B4,5,52.4,501.87,1,7
125,sybil_26,228.51,1001.6,16.881,10.5659,270.0,C5B5,4,110.95,659.68,1,8
125,sybil_27,341.87,1001.6,7.4067,-6.1356,270.0,C5B5,6,133.56,612.81,1,9
125,sybil_28,341.87,1001.6,6.1054,-3.2969,293.38,:C5_4,6,133.56,612.81,1,9
125,sybil_29,341.87,1001.6,4.4587,-9.3373,0.0,C4C5,6,133.56,612.81,1,9
125,sybil_3,801.6,526.99,19.0768,18.8606,0.0,E2E3,3,89.4,483.71,1,1
125,sybil_30,401.6,975.02,17.3558,5.7686,0.0,C4C5,4,115.6,579.52,1,10
125,sybil_31,401.6,975.02,22.8697,22.8697,0.0,C4C5,4,115.6,579.52,1,10
125,sybil_35,877.86,201.6,23.9806,6.5588,270.0,F1E1,8,151.68,618.26,1,11
125,sybil_36,901.08,201.6,7.5671,-6.2972,270.0,F1E1,5,169.81,627.26,1,12
125,sybil_37,901.08,201.6,2.0491,-7.7336,270.0,F1E1,5,169.81,627.26,1,12
125,sybil_38,901.08,201.6,28.4069,16.8899,270.0,F1E1,5,169.81,627.26,1,12
125,sybil_39,989.63,201.6,20.7216,20.7216,272.97,F1E1,4,101.51,666.82,1,13
125,sybil_4,801.6,526.99,14.0173,-3.4359,0.0,E2E3,3,89.4,483.71,1,1
125,sybil_5,801.6,526.99,13.5622,-5.0559,0.0,E2E3,3,89.4,483.71,1,1
125,sybil_6,801.6,324.11,22.7741,-6.8425,0.0,E1E2,6,62.86,533.96,1,2
125,sybil_7,801.6,324.11,12.6942,-11.4066,0.0,E1E2,6,62.86,533.96,1,2
125,sybil_8,801.6,324.11,10.0364,-5.6766,270.0,B0A0,6,62.86,533.96,1,2
125,sybil_9,185.12,1.6,22.7139,17.3366,270.0,B0A0,2,123.5,806.31,1,3
126,legit_10,678.08,598.4,10.9717,-0.7245,90.0,D3E3,4,71.94,454.2,0,-1
126,legit_11,798.4,278.63,13.5441,-0.0466,180.0,E2E1,8,94.68,552.96,0,-1
126,legit_13,184.99,198.4,8.7093,-3.9917,90.0,A1B1,0,85.85,681.47,0,-1
126,legit_14,688.56,398.4,12.7195,-0.3347,90.0,D2E2,4,72.45,485.27,0,-1
126,legit_15,602.72,3.47,6.2531,-4.104,292.83,:D0_3,1,187.81,703.16,0,-1
126,legit_16,669.35,1.6,11.4485,-0.5966,270.0,E0D0,1,143.26,707.31,0,-1
126,legit_17,727.2,801.6,13.472,-0.0408,270.0,E4D4,1,44.66,490.37,0,-1
126,legit_18,208.26,801.6,5.0384,-4.5,270.0,C4B4,0,69.78,588.83,0,-1
126,legit_19,507.14,198.4,13.2984,0.9729,90.0,C1D1,2,97.01,573.24,0,-1
126,legit_20,248.49,998.4,10.0078,1.4123,90.0,B5C5,4,127.9,648.75,0,-1
126,legit_21,798.4,787.7,0.0,0.0,180.0,E4E3,1,71.26,503.97,0,-1
126,legit_5,-1.6,874.17,11.6475,0.0073,180.0,A5A4,0,155.4,752.63,0,-1
126,legit_9,801.6,362.82,10.8201,0.2227,0.0,E1E2,5,51.68,519.46,0,-1
126,sybil_10,172.15,1.6,14.0213,4.448,270.0,B0A0,2,120.45,812.6,1,3
126,sybil_11,172.15,1.6,16.4271,13.8148,270.0,:B0_4,2,120.45,812.6,1,3
126,sybil_12,398.4,7.7,14.202,14.202,180.0,C1C0,4,123.59,723.94,1,4
126,sybil_13,398.4,7.7,13.683,6.1517,180.0,C1C0,4,123.59,723.94,1,4
126,sybil_14,398.4,7.7,3.8766,-8.1032,180.0,C1C0,4,123.59,723.94,1,4
126,sybil_15,398.4,128.21,13.002,-4.8519,180.0,C1C0,5,52.25,636.31,1,5
126,sybil_17,398.4,128.21,1.4805,-15.0971,90.0,C4D4,5,52.25,636.31,1,5
126,sybil_18,512.82,798.4,14.3599,1.9426,90.0,C4D4,5,75.34,484.22,1,6
126,sybil_19,512.82,798.4,4.7907,-1.9352,90.0,C4D4,5,75.34,484.22,1,6
126,sybil_2,801.6,576.55,4.7884,-1.8256,0.0,E2E3,4,56.68,479.56,1,0
126,sybil_20,512.82,798.4,13.58,11.5901,90.0,C4D4,5,75.34,484.22,1,6
126,sybil_21,429.96,798.4,13.6234,8.3702,90.0,C4D4,5,46.17,498.65,1,7
126,sybil_22,429.96,798.4,0.0,-2.1239,90.0,B4C4,5,46.17,498.65,1,7
126,sybil_23,429.96,798.4,23.0584,3.305,270.0,C4B4,5,46.17,498.65,1,7
126,sybil_26,216.7,1001.6,13.7973,-3.0837,270.0,C5B5,4,102.94,665.36,1,8
126,sybil_27,331.14,1001.6,6.8672,-0.5395,270.0,C5B5,6,142.38,616.67,1,9
126,sybil_28,331.14,1001.6,0.5709,-5.5344,271.46,C5B5,6,142.38,616.67,1,9
126,sybil_29,331.14,1001.6,19.8843,15.4256,352.51,:C5_4,6,142.38,616.67,1,9
126,sybil_3,801.6,540.5,19.2822,0.2054,0.0,E2E3,4,78.76,482.24,1,1
126,sybil_30,401.6,981.02,4.5754,-12.7804,0.0,C4C5,4,110.18,582.68,1,10
126,sybil_31,401.6,981.02,0.0,-22.8697,0.0,C4C5,4,110.18,582.68,1,10
126,sybil_35,866.21,201.6,3.5514,-20.4292,270.0,F1E1,8,141.99,613.95,1,11
126,sybil_36,889.32,201.6,3.9541,-3.6129,270.0,F1E1,5,161.46,622.63,1,12
126,sybil_37,889.32,201.6,12.8263,10.7772,270.0,F1E1,5,161.46,622.63,1,12
126,sybil_38,889.32,201.6,7.9055,-20.5014,270.0,F1E1,5,161.46,622.63,1,12
126,sybil_39,979.76,201.6,10.8091,-9.9126,270.0,F1E1,4,107.67,661.98,1,13
126,sybil_4,801.6,540.5,31.7842,17.7668,0.0,E2E3,4,78.76,482.24,1,1
126,sybil_5,801.6,540.5,14.9918,1.4296,0.0,E2E3,4,78.76,482.24,1,1
126,sybil_6,801.6,336.67,15.1266,-7.6475,0.0,E1E2,6,56.63,528.96,1,2
126,sybil_7,801.6,336.67,19.4515,6.7573,0.0,E1E2,6,56.63,528.96,1,2
126,sybil_8,801.6,336.67,0.0,-10.0364,270.0,B0A0,6,56.63,528.96,1,2
126,sybil_9,172.15,1.6,11.1534,-11.5604,270.0,B0A0,2,120.45,812.6,1,3
127,legit_10,689.18,598.4,11.096,0.1243,90.0,D3E3,4,60.85,455.25,0,-1
127,legit_11,798.4,265.21,13.4239,-0.1202,180.0,E2E1,8,106.43,559.32,0,-1
127,legit_13,190.81,198.4,5.8174,-2.8919,90.0,A1B1,0,88.39,678.41,0,-1
127,legit_14,701.78,398.4,13.2147,0.4952,90.0,D2E2,4,61.64,486.76,0,-1
127,legit_15,601.6,9.31,6.082,-0.1711,353.48,D0D1,1,185.13,698.52,0,-1
127,legit_16,657.54,1.6,11.8077,0.3592,270.0,E0D0,1,150.22,706.47,0,-1
127,legit_17,713.85,801.6,13.3453,-0.1267,270.0,E4D4,1,52.74,488.34,0,-1
127,legit_18,201.82,800.13,6.7355,1.6971,253.74,:B4_6,0,65.38,591.87,0,-1
127,legit_19,519.52,198.4,12.3868,-0.9116,90.0,C1D1,2,104.79,571.98,0,-1
127,legit_20,260.98,998.4,12.4967,2.4889,90.0,B5C5,5,137.75,643.17,0,-1
127,legit_21,798.4,786.25,1.4451,1.4451,180.0,E4E3,1,72.33,503.6,0,-1
127,legit_5,-1.6,861.48,12.686,1.0385,180.0,A5A4,0,153.11,748.59,0,-1
127,legit_9,801.6,374.42,11.5999,0.7798,0.0,E1E2,5,53.58,515.68,0,-1
127,sybil_10,159.15,1.6,7.4492,-6.5721,270.0,B0A0,2,118.75,819.1,1,3
127,sybil_11,159.15,1.6,40.0955,23.6684,270.0,B0A0,2,118.75,819.1,1,3
127,sybil_12,395.81,2.29,14.4181,0.2161,211.43,:C0_0,4,129.58,728.83,1,4
127,sybil_13,395.81,2.29,11.741,-1.9419,180.0,C1C0,4,129.58,728.83,1,4
127,sybil_14,395.81,2.29,3.9352,0.0586,180.0,C1C0,4,129.58,728.83,1,4
127,sybil_15,398.4,115.4,2.4449,-10.5571,180.0,C1C0,5,51.8,644.71,1,5
127,sybil_17,398.4,115.4,20.8988,19.4184,90.0,C4D4,5,51.8,644.71,1,5
127,sybil_18,524.13,798.4,23.8267,9.4668,90.0,C4D4,5,85.0,483.14,1,6
127,sybil_19,524.13,798.4,8.9772,4.1865,90.0,C4D4,5,85.0,483.14,1,6
127,sybil_2,801.6,589.92,9.3436,4.5553,0.0,E2E3,4,52.57,479.11,1,0
127,sybil_20,524.13,798.4,9.7024,-3.8776,90.0,C4D4,5,85.0,483.14,1,6
127,sybil_21,442.55,798.4,2.1336,-11.4898,90.0,C4D4,5,42.26,495.54,1,7
127,sybil_22,442.55,798.4,9.7757,9.7757,90.0,B4C4,5,42.26,495.54,1,7
127,sybil_23,442.55,798.4,11.1944,-11.864,270.0,C4B4,5,42.26,495.54,1,7
127,sybil_27,320.51,1001.6,10.4071,3.5399,270.0,C5B5,5,151.37,620.61,1,9
127,sybil_28,320.51,1001.6,18.3072,17.7363,270.0,C5B5,5,151.37,620.61,1,9
127,sybil_29,320.51,1001.6,1.0092,-18.8752,311.58,:C5_4,5,151.37,620.61,1,9
127,sybil_3,801.6,554.27,2.2843,-16.9979,0.0,E2E3,4,68.95,480.98,1,1
127,sybil_30,401.6,987.7,2.3926,-2.1828,0.0,C4C5,5,104.22,586.23,1,10
127,sybil_31,401.6,987.7,0.0,0.0,0.0,C4C5,5,104.22,586.23,1,10
127,sybil_35,854.67,201.6,21.0785,17.5271,270.0,F1E1,5,132.72,609.83,1,11
127,sybil_36,877.61,201.6,22.0876,18.1335,270.0,F1E1,5,151.47,618.16,1,12
127,sybil_37,877.61,201.6,7.5002,-5.3261,270.0,F1E1,5,151.47,618.16,1,12
127,sybil_38,877.61,201.6,13.5684,5.6629,270.0,F1E1,5,151.47,618.16,1,12
127,sybil_39,967.47,201.6,3.5333,-7.2757,270.0,F1E1,4,116.06,656.11,1,13
127,sybil_4,801.6,554.27,12.6988,-19.0854,0.0,E2E3,4,68.95,480.98,1,1
127,sybil_5,801.6,554.27,15.3591,0.3674,0.0,E2E3,4,68.95,480.98,1,1
127,sybil_6,801.6,349.33,7.2847,-7.8418,0.0,E1E2,5,52.69,524.2,1,2
127,sybil_7,801.6,349.33,5.1006,-14.3509,0.0,E1E2,5,52.69,524.2,1,2
127,sybil_8,801.6,349.33,0.824,0.824,270.0,B0A0,5,52.69,524.2,1,2
127,sybil_9,159.15,1.6,15.5188,4.3654,270.0,B0A0,2,118.75,819.1,1,3
128,legit_10,700.73,598.4,11.5527,0.4567,90.0,D3E3,3,49.3,456.49,0,-1
128,legit_11,798.4,251.99,13.2168,-0.2071,180.0,E2E1,8,118.36,565.78,0,-1
128,legit_13,198.83,198.4,8.0229,2.2055,90.0,:B1_13,0,92.36,674.28,0,-1
128,legit_14,715.22,398.4,13.4419,0.2271,90.0,D2E2,4,51.81,488.53,0,-1
128,legit_15,601.6,17.07,7.7603,1.6782,0.0,D0D1,1,180.6,692.41,0,-1
128,legit_16,645.29,1.6,12.2553,0.4476,270.0,E0D0,1,158.06,705.77,0,-1
128,legit_17,700.84,801.6,13.0109,-0.3344,270.0,E4D4,1,62.38,486.64,0,-1
128,legit_18,198.59,794.12,7.1839,0.4484,199.27,:B4_6,0,66.83,592.1,0,-1
128,legit_19,532.46,198.4,12.9407,0.5539,90.0,C1D1,0,113.78,570.87,0,-1
128,legit_20,274.47,998.4,13.4874,0.9907,90.0,B5C5,5,148.83,637.35,0,-1
128,legit_21,798.4,782.91,3.3479,1.9029,180.0,E4E3,1,74.85,502.77,0,-1
128,legit_5,-1.6,848.85,12.6307,-0.0553,180.0,A5A4,0,151.86,744.75,0,-1
128,legit_9,801.6,385.31,10.8827,-0.7172,0.0,E1E2,5,57.47,512.36,0,-1
128,sybil_10,146.22,1.6,8.4424,0.9933,270.0,B0A0,2,118.46,825.76,1,3
128,sybil_11,146.22,1.6,13.5743,-26.5212,270.0,B0A0,2,118.46,825.76,1,3
128,sybil_12,390.41,1.6,0.0,-14.4181,265.13,C0B0,4,132.55,730.75,1,4
128,sybil_13,390.41,1.6,9.0275,-2.7135,180.0,C1C0,4,132.55,730.75,1,4
128,sybil_14,390.41,1.6,14.4091,10.4738,180.0,C1C0,4,132.55,730.75,1,4
128,sybil_15,398.4,101.77,0.0,-2.4449,180.0,C1C0,4,54.72,653.96,1,5
128,sybil_17,398.4,101.77,1.216,-19.6828,90.0,C4D4,4,54.72,653.96,1,5
128,sybil_18,534.93,798.4,10.5221,-13.3046,90.0,C4D4,5,94.58,482.26,1,6
128,sybil_19,534.93,798.4,14.1723,5.1951,90.0,C4D4,5,94.58,482.26,1,6
128,sybil_20,534.93,798.4,15.6449,5.9425,90.0,C4D4,5,94.58,482.26,1,6
128,sybil_21,455.51,798.4,13.8908,11.7571,90.0,C4D4,5,41.96,492.71,1,7
128,sybil_22,455.51,798.4,1.9022,-7.8735,90.0,B4C4,5,41.96,492.71,1,7
128,sybil_23,455.51,798.4,12.7472,1.5528,270.0,C4B4,5,41.96,492.71,1,7
128,sybil_27,309.55,1001.6,34.5079,24.1008,270.0,C5B5,5,160.85,624.81,1,9
128,sybil_28,309.55,1001.6,0.0,-18.3072,270.0,C5B5,5,160.85,624.81,1,9
128,sybil_29,309.55,1001.6,13.7655,12.7563,273.64,C5B5,5,160.85,624.81,1,9
128,sybil_3,801.6,567.59,22.657,20.3728,0.0,E2E3,3,60.93,480.03,1,1
128,sybil_30,401.6,992.03,22.8209,20.4284,0.0,C4C5,5,100.4,588.56,1,10
128,sybil_31,401.6,992.03,11.6852,11.6852,0.0,C4C5,5,100.4,588.56,1,10
128,sybil_35,843.11,201.6,11.2788,-9.7997,270.0,F1E1,5,123.8,605.86,1,11
128,sybil_36,865.68,201.6,13.0461,-9.0415,270.0,F1E1,5,141.56,613.76,1,12
128,sybil_37,865.68,201.6,16.3026,8.8024,270.0,F1E1,5,141.56,613.76,1,12
128,sybil_38,865.68,201.6,19.7533,6.1849,270.0,F1E1,5,141.56,613.76,1,12
128,sybil_39,954.68,201.6,12.0331,8.4998,270.0,F1E1,4,125.48,650.19,1,13
128,sybil_4,801.6,567.59,0.1736,-12.5252,0.0,E2E3,3,60.93,480.03,1,1
128,sybil_5,801.6,567.59,5.2788,-10.0803,0.0,E2E3,3,60.93,480.03,1,1
128,sybil_6,801.6,362.82,12.0793,4.7946,0.0,E1E2,5,51.68,519.47,1,2
128,sybil_7,801.6,362.82,8.2013,3.1007,0.0,E1E2,5,51.68,519.47,1,2
128,sybil_8,801.6,362.82,13.9001,13.0761,270.0,B0A0,5,51.68,519.47,1,2
128,sybil_9,146.22,1.6,20.8557,5.3369,270.0,B0A0,2,118.46,825.76,1,3
129,legit_10,712.05,598.4,11.3232,-0.2295,90.0,D3E3,3,37.98,457.85,0,-1
129,legit_11,798.4,238.39,13.5989,0.3821,180.0,E2E1,8,127.9,572.6,0,-1
129,legit_13,208.8,198.4,9.9668,1.9439,90.0,B1C1,0,98.0,669.25,0,-1
129,legit_14,728.04,398.4,12.8178,-0.6241,90.0,D2E2,4,44.24,490.51,0,-1
129,legit_15,601.6,27.4,10.3225,2.5623,0.0,D0D1,1,174.92,684.36,0,-1
129,legit_16,632.87,1.6,12.4132,0.1579,270.0,E0D0,1,166.54,705.24,0,-1
129,legit_17,687.99,801.6,12.8485,-0.1624,270.0,E4D4,4,72.94,485.21,0,-1
129,legit_18,198.4,787.12,7.0095,-0.1744,180.0,B4B3,0,71.69,590.53,0,-1
129,legit_19,545.53,198.4,13.0657,0.125,90.0,C1D1,0,123.58,569.97,0,-1
129,legit_20,288.13,998.4,13.6596,0.1722,90.0,B5C5,5,160.43,631.64,0,-1
129,legit_21,798.4,777.59,5.3203,1.9723,180.0,E4E3,1,78.98,501.47,0,-1
129,legit_5,-1.6,836.15,12.6976,0.0669,180.0,A5A4,0,151.65,741.08,0,-1
129,legit_9,801.6,396.93,11.6194,0.7367,0.0,:E2_9,4,63.45,509.03,0,-1
129,sybil_10,133.62,1.6,11.0633,2.6209,270.0,B0A0,2,119.53,832.44,1,3
129,sybil_11,133.62,1.6,16.9546,3.3803,270.0,B0A0,2,119.53,832.44,1,3
129,sybil_12,382.91,1.6,1.949,1.949,270.0,C0B0,3,136.09,732.71,1,4
129,sybil_13,382.91,1.6,2.8236,-6.2039,180.0,C1C0,3,136.09,732.71,1,4
129,sybil_14,382.91,1.6,13.4558,-0.9532,180.0,C1C0,3,136.09,732.71,1,4
129,sybil_15,398.4,88.35,18.4156,18.4156,180.0,C1C0,3,60.54,663.36,1,5
129,sybil_18,545.54,798.4,9.1151,-1.407,90.0,C4D4,6,104.2,481.53,1,6
129,sybil_19,545.54,798.4,14.0478,-0.1245,90.0,C4D4,6,104.2,481.53,1,6
129,sybil_20,545.54,798.4,0.0,-15.6449,90.0,C4D4,6,104.2,481.53,1,6
129,sybil_21,468.27,798.4,2.8552,-11.0356,90.0,C4D4,5,45.43,490.3,1,7
129,sybil_22,468.27,798.4,17.391,15.4888,90.0,B4C4,5,45.43,490.3,1,7
129,sybil_23,468.27,798.4,14.3467,1.5995,270.0,C4B4,5,45.43,490.3,1,7
129,sybil_27,299.34,1001.6,14.0924,-20.4155,270.0,C5B5,5,168.67,628.83,1,9
129,sybil_28,299.34,1001.6,21.6659,21.6659,270.0,C5B5,5,168.67,628.83,1,9
129,sybil_29,299.34,1001.6,9.9716,-3.7939,270.0,C5B5,5,168.67,628.83,1,9
129,sybil_3,801.6,580.4,3.4097,-19.2474,0.0,E2E3,3,55.2,479.39,1,1
129,sybil_30,400.24,998.0,13.437,-9.3839,344.71,:C5_4,5,95.92,592.19,1,10
129,sybil_31,400.24,998.0,0.1836,-11.5017,0.0,C4C5,5,95.92,592.19,1,10
129,sybil_35,831.33,201.6,2.9217,-8.3571,270.0,F1E1,5,115.21,601.97,1,11
129,sybil_36,854.07,201.6,17.3381,4.292,270.0,F1E1,5,132.24,609.62,1,12
129,sybil_37,854.07,201.6,21.8013,5.4987,270.0,F1E1,5,132.24,609.62,1,12
129,sybil_38,854.07,201.6,30.7251,10.9718,270.0,F1E1,5,132.24,609.62,1,12
129,sybil_39,941.66,201.6,8.2514,-3.7817,270.0,F1E1,5,135.63,644.34,1,13
129,sybil_4,801.6,580.4,8.8043,8.6308,0.0,E2E3,3,55.2,479.39,1,1
129,sybil_5,801.6,580.4,18.2987,13.0199,0.0,E2E3,3,55.2,479.39,1,1
129,sybil_6,801.6,374.7,12.4853,0.406,0.0,E1E2,5,53.65,515.59,1,2
129,sybil_7,801.6,374.7,12.4886,4.2873,0.0,E1E2,5,53.65,515.59,1,2
129,sybil_8,801.6,374.7,9.5369,-4.3632,270.0,B0A0,5,53.65,515.59,1,2
129,sybil_9,133.62,1.6,12.1753,-8.6804,270.0,B0A0,2,119.53,832.44,1,3
130,legit_10,722.95,598.4,10.9023,-0.4209,90.0,D3E3,2,27.09,459.31,0,-1
130,legit_11,798.4,224.66,13.7363,0.1374,180.0,E2E1,5,115.31,579.69,0,-1
130,legit_13,220.88,198.4,12.0769,2.1101,90.0,B1C1,0,105.69,663.33,0,-1
130,legit_14,740.8,398.4,12.7634,-0.0544,90.0,D2E2,4,39.49,492.8,0,-1
130,legit_15,601.6,40.0,12.5981,2.2756,0.0,D0D1,1,168.59,674.66,0,-1
130,legit_16,620.79,1.6,12.0795,-0.3336,270.0,E0D0,1,175.25,704.88,0,-1
130,legit_17,674.81,801.6,13.1822,0.3338,270.0,E4D4,4,84.43,483.96,0,-1
130,legit_18,198.4,778.11,9.0119,2.0024,180.0,B4B3,0,78.57,588.46,0,-1
130,legit_19,558.1,198.4,12.5751,-0.4906,90.0,C1D1,0,133.54,569.29,0,-1
130,legit_20,301.52,998.4,13.3905,-0.2691,90.0,B5C5,5,169.42,626.23,0,-1
130,legit_21,798.4,770.01,7.5723,2.252,180.0,E4E3,1,85.09,499.69,0,-1
130,legit_5,-1.6,823.66,12.4916,-0.206,180.0,A5A4,0,152.48,737.66,0,-1
130,legit_9,801.6,408.35,11.424,-0.1953,0.0,E2E3,6,70.71,505.97,0,-1
130,sybil_10,121.3,1.6,19.791,8.7277,270.0,B0A0,2,121.83,839.14,1,3
130,sybil_11,121.3,1.6,19.617,2.6624,270.0,B0A0,2,121.83,839.14,1,3
130,sybil_12,374.09,1.6,27.6158,25.6668,270.0,C0B0,3,140.64,735.11,1,4
130,sybil_13,374.09,1.6,2.8968,0.0732,185.95,:C0_0,3,140.64,735.11,1,4
130,sybil_14,374.09,1.6,0.4899,-12.9659,180.0,C1C0,3,140.64,735.11,1,4
130,sybil_15,398.4,74.59,28.0012,9.5855,180.0,C1C0,3,68.74,673.25,1,5
130,sybil_18,556.2,798.4,21.9677,12.8526,90.0,C4D4,6,114.06,480.93,1,6
130,sybil_19,556.2,798.4,23.7226,9.6748,90.0,C4D4,6,114.06,480.93,1,6
130,sybil_20,556.2,798.4,7.8416,7.8416,90.0,C4D4,6,114.06,480.93,1,6
130,sybil_21,480.79,798.4,2.085,-0.7702,90.0,C4D4,5,51.75,488.26,1,7
130,sybil_22,480.79,798.4,9.5013,-7.8898,90.0,B4C4,5,51.75,488.26,1,7
130,sybil_23,480.79,798.4,9.8874,-4.4593,270.0,C4B4,5,51.75,488.26,1,7
130,sybil_27,288.18,1001.6,2.3504,-11.7419,270.0,C5B5,5,158.87,633.34,1,9
130,sybil_28,288.18,1001.6,9.3743,-12.2916,270.0,C5B5,5,158.87,633.34,1,9
130,sybil_29,288.18,1001.6,8.6447,-1.3269,270.0,C5B5,5,158.87,633.34,1,9
130,sybil_30,394.0,1001.43,0.0,-13.437,288.72,:C5_4,5,96.49,595.85,1,10
130,sybil_31,394.0,1001.43,0.0,-0.1836,0.0,C4C5,5,96.49,595.85,1,10
130,sybil_35,820.08,201.6,5.4394,2.5177,270.0,F1E1,5,107.56,598.41,1,11
130,sybil_36,841.25,201.6,11.0325,-6.3056,270.0,F1E1,5,122.41,605.24,1,12
130,sybil_37,841.25,201.6,0.0,-21.8013,270.0,F1E1,5,122.41,605.24,1,12
130,sybil_38,841.25,201.6,21.0601,-9.665,270.0,F1E1,5,122.41,605.24,1,12
130,sybil_39,927.87,201.6,1.3899,-6.8615,270.0,F1E1,5,146.88,638.34,1,13
130,sybil_4,801.6,537.82,16.1584,7.354,0.0,E2E3,3,80.8,482.51,1,1
130,sybil_5,801.6,537.82,9.0638,-9.235,0.0,E2E3,3,80.8,482.51,1,1
130,sybil_6,801.6,387.17,22.7425,10.2572,0.0,E1E2,4,58.32,511.81,1,2
130,sybil_7,801.6,387.17,17.6901,5.2016,0.0,E1E2,4,58.32,511.81,1,2
130,sybil_8,801.6,387.17,2.8922,-6.6447,270.0,B0A0,4,58.32,511.81,1,2
130,sybil_9,121.3,1.6,9.0802,-3.0951,270.0,B0A0,2,121.83,839.14,1,3
131,legit_10,733.83,598.4,10.8726,-0.0298,90.0,D3E3,2,16.25,460.9,0,-1
131,legit_11,798.4,210.9,13.7564,0.0201,180.0,E2E1,5,102.98,586.99,0,-1
131,legit_13,233.54,198.4,12.6626,0.5857,90.0,B1C1,0,114.57,657.31,0,-1
131,legit_14,754.38,398.4,13.5792,0.8159,90.0,D2E2,4,38.65,495.66,0,-1
131,legit_15,601.6,52.98,12.9839,0.3857,0.0,D0D1,2,162.83,664.82,0,-1
131,legit_16,609.26,1.6,11.5314,-0.5481,270.0,E0D0,1,183.92,704.69,0,-1
131,legit_17,661.98,801.6,12.8303,-0.3519,270.0,E4D4,4,96.03,482.95,0,-1
131,legit_18,198.4,766.65,11.4534,2.4416,180.0,B4B3,0,87.88,585.98,0,-1
131,legit_19,571.22,198.4,13.1115,0.5364,90.0,C1D1,1,144.36,568.77,0,-1
131,legit_20,315.39,998.4,13.8709,0.4804,90.0,B5C5,5,157.41,620.82,0,-1
131,legit_21,798.4,760.95,9.0611,1.4888,180.0,E4E3,1,92.69,497.64,0,-1
131,legit_5,-1.6,812.82,10.8399,-1.6516,180.0,A5A4,0,154.02,734.84,0,-1
131,legit_9,801.6,419.57,11.2231,-0.2009,0.0,E2E3,6,78.81,503.14,0,-1
131,sybil_10,108.11,1.6,8.2469,-11.5441,270.0,B0A0,2,125.59,846.51,1,3
131,sybil_11,108.11,1.6,22.8761,3.2591,270.0,B0A0,2,125.59,846.51,1,3
131,sybil_12,362.74,1.6,8.9159,-18.6999,270.0,C0B0,3,147.08,738.32,1,4
131,sybil_13,362.74,1.6,0.0,-2.8968,246.66,:C0_0,3,147.08,738.32,1,4
131,sybil_14,362.74,1.6,26.8149,26.325,180.0,C1C0,3,147.08,738.32,1,4
131,sybil_15,398.4,60.76,10.1115,-17.8897,180.0,C1C0,3,78.56,683.4,1,5
131,sybil_18,567.08,798.4,14.0304,-7.9373,90.0,C4D4,6,124.25,480.46,1,6
131,sybil_19,567.08,798.4,3.7957,-19.9269,90.0,C4D4,6,124.25,480.46,1,6
131,sybil_20,567.08,798.4,8.1908,0.3492,90.0,C4D4,6,124.25,480.46,1,6
131,sybil_21,493.27,798.4,12.5359,10.451,90.0,C4D4,5,60.02,486.5,1,7
131,sybil_22,493.27,798.4,21.4526,11.9514,90.0,B4C4,5,60.02,486.5,1,7
131,sybil_23,493.27,798.4,13.5427,3.6554,268.43,:B4_7,5,60.02,486.5,1,7
131,sybil_27,277.95,1001.6,0.5991,-1.7513,270.0,C5B5,5,150.06,637.59,1,9
131,sybil_28,277.95,1001.6,13.5506,4.1764,270.0,C5B5,5,150.06,637.59,1,9
131,sybil_29,277.95,1001.6,2.5498,-6.0949,270.0,C5B5,5,150.06,637.59,1,9
131,sybil_30,387.64,1001.6,0.8528,0.8528,270.0,C5B5,5,100.18,597.82,1,10
131,sybil_31,387.64,1001.6,0.0,0.0,353.99,:C5_4,5,100.18,597.82,1,10
131,sybil_35,808.28,201.6,8.8038,3.3644,270.0,F1E1,5,100.28,594.86,1,11
131,sybil_36,829.93,201.6,14.1167,3.0842,270.0,F1E1,5,114.23,601.52,1,12
131,sybil_37,829.93,201.6,10.7595,10.7595,270.0,F1E1,5,114.23,601.52,1,12
131,sybil_38,829.93,201.6,6.7834,-14.2768,270.0,F1E1,5,114.23,601.52,1,12
131,sybil_39,914.38,201.6,24.7433,23.3534,270.0,F1E1,5,158.27,632.67,1,13
131,sybil_4,801.6,550.97,26.6984,10.54,0.0,E2E3,3,71.18,481.26,1,1
131,sybil_5,801.6,550.97,21.4697,12.4059,0.0,E2E3,3,71.18,481.26,1,1
131,sybil_6,801.6,399.2,18.0725,-4.67,0.0,:E2_9,4,64.8,508.41,1,2
131,sybil_7,801.6,399.2,9.6945,-7.9956,0.0,E1E2,4,64.8,508.41,1,2
131,sybil_8,801.6,399.2,21.72,18.8279,270.0,B0A0,4,64.8,508.41,1,2
131,sybil_9,108.11,1.6,30.9071,21.8269,270.0,B0A0,2,125.59,846.51,1,3
132,legit_10,745.57,598.4,11.743,0.8705,90.0,D3E3,2,4.71,462.77,0,-1
132,legit_11,798.4,197.37,13.5321,-0.2243,180.0,:E1_1,4,91.26,594.35,0,-1
132,legit_13,247.14,198.4,13.6022,0.9397,90.0,B1C1,0,124.83,651.05,0,-1
132,legit_14,767.7,398.4,13.3197,-0.2595,90.0,D2E2,4,42.28,498.88,0,-1
132,legit_15,601.6,66.01,13.0287,0.0449,0.0,D0D1,2,157.92,655.13,0,-1
132,legit_16,597.04,1.6,12.2229,0.6915,270.0,:D0_4,1,188.78,704.65,0,-1
132,legit_17,648.5,801.6,13.4778,0.6474,270.0,E4D4,6,108.52,482.1,0,-1
132,legit_18,198.4,753.16,13.4897,2.0362,180.0,B4B3,0,99.41,583.23,0,-1
132,legit_19,582.1,198.4,10.8804,-2.2311,90.0,C1D1,1,153.61,568.49,0,-1
132,legit_20,328.37,998.4,12.976,-0.8949,90.0,B5C5,5,146.47,615.94,0,-1
132,legit_21,798.4,749.31,11.6408,2.5797,180.0,E4E3,0,102.79,495.16,0,-1
132,legit_22,787.7,1.6,0.0,0.0,270.0,E0D0,0,124.26,725.41,0,-1
132,legit_5,-1.4,805.83,7.0017,-3.8383,177.76,:A4_1,0,155.21,732.95,0,-1
132,legit_9,801.6,431.02,11.4447,0.2216,0.0,E2E3,6,87.78,500.42,0,-1
132,sybil_10,95.03,1.6,23.9738,15.7268,270.0,B0A0,2,130.54,853.99,1,3
132,sybil_11,95.03,1.6,3.703,-19.1731,270.0,B0A0,2,130.54,853.99,1,3
132,sybil_12,350.03,1.6,22.2242,13.3083,270.0,C0B0,3,154.96,742.09,1,4
132,sybil_13,350.03,1.6,14.5552,14.5552,270.0,C0B0,3,154.96,742.09,1,4
132,sybil_14,350.03,1.6,20.078,-6.7369,180.0,C1C0,3,154.96,742.09,1,4
132,sybil_15,398.4,48.12,6.3027,-3.8088,180.0,C1C0,3,88.49,692.85,1,5
132,sybil_18,578.15,798.4,11.6109,-2.4195,90.0,C4D4,6,134.73,480.12,1,6
132,sybil_19,578.15,798.4,9.7124,5.9166,90.0,C4D4,6,134.73,480.12,1,6
132,sybil_20,578.15,798.4,7.4269,-0.7639,90.0,C4D4,6,134.73,480.12,1,6
132,sybil_21,505.9,798.4,25.1258,12.5899,90.0,C4D4,6,69.68,484.97,1,7
132,sybil_22,505.9,798.4,16.0968,-5.3558,90.0,B4C4,6,69.68,484.97,1,7
132,sybil_23,505.9,798.4,15.5781,2.0354,212.87,:B4_7,6,69.68,484.97,1,7
132,sybil_27,266.65,1001.6,27.0853,26.4862,270.0,C5B5,5,140.55,642.41,1,9
132,sybil_28,266.65,1001.6,15.0787,1.5281,270.0,C5B5,5,140.55,642.41,1,9
132,sybil_29,266.65,1001.6,0.2405,-2.3093,270.0,C5B5,5,140.55,642.41,1,9
132,sybil_30,379.09,1001.6,7.7553,6.9026,270.0,C5B5,5,105.71,600.43,1,10
132,sybil_31,379.09,1001.6,19.5641,19.5641,311.4,:C5_4,5,105.71,600.43,1,10
132,sybil_36,817.66,201.6,0.0,-14.1167,270.0,F1E1,4,106.0,597.67,1,12
132,sybil_37,817.66,201.6,17.3828,6.6234,270.0,F1E1,4,106.0,597.67,1,12
132,sybil_38,817.66,201.6,8.2206,1.4373,270.0,F1E1,4,106.0,597.67,1,12
132,sybil_39,900.49,201.6,10.6276,-14.1157,270.0,F1E1,4,170.32,627.03,1,13
132,sybil_4,801.6,564.61,10.2604,-16.4379,0.0,E2E3,3,62.57,480.22,1,1
132,sybil_5,801.6,564.61,14.0674,-7.4023,0.0,E2E3,3,62.57,480.22,1,1
132,sybil_6,801.6,410.7,4.3911,-13.6814,0.0,E2E3,4,72.34,505.37,1,2
132,sybil_7,801.6,410.7,16.0274,6.3328,0.0,E1E2,4,72.34,505.37,1,2
132,sybil_8,801.6,410.7,0.0,-21.72,270.0,B0A0,4,72.34,505.37,1,2
132,sybil_9,95.03,1.6,7.9164,-22.9907,270.0,B0A0,2,130.54,853.99,1,3
133,legit_10,757.35,598.4,11.7787,0.0356,90.0,D3E3,3,7.52,465.54,0,-1
133,legit_11,798.4,183.87,13.4956,-0.0365,180.0,E1E0,3,80.14,601.88,0,-1
133,legit_13,260.81,198.4,13.6728,0.0706,90.0,B1C1,0,135.74,644.95,0,-1
133,legit_14,780.25,398.4,12.5528,-0.767,90.0,D2E2,4,48.89,502.26,0,-1
133,legit_15,601.6,79.55,13.5403,0.5116,0.0,D0D1,2,153.81,645.25,0,-1
133,legit_16,585.33,1.6,11.7115,-0.5113,270.0,D0C0,1,179.81,704.76,0,-1
133,legit_17,635.06,801.6,13.4389,-0.0388,270.0,E4D4,6,121.18,481.47,0,-1
133,legit_18,198.4,739.99,13.1722,-0.3174,180.0,B4B3,0,111.1,580.74,0,-1
133,legit_19,588.58,198.4,6.4825,-4.3979,90.0,C1D1,1,159.22,568.39,0,-1
133,legit_20,341.04,998.4,12.6718,-0.3042,90.0,B5C5,5,136.13,611.35,0,-1
133,legit_21,798.4,735.94,13.3713,1.7305,180.0,E4E3,1,114.76,492.5,0,-1
133,legit_22,785.73,1.6,1.9671,1.9671,270.0,E0D0,0,123.67,724.96,0,-1
133,legit_5,1.83,799.86,7.1499,0.1483,142.71,:A4_9,0,153.51,728.96,0,-1
133,legit_9,801.6,442.27,11.2514,-0.1933,0.0,E2E3,6,97.11,497.91,0,-1
133,sybil_10,82.8,1.6,6.926,-17.0478,270.0,B0A0,2,136.14,861.13,1,3
133,sybil_11,82.8,1.6,27.8697,24.1667,270.0,B0A0,2,136.14,861.13,1,3
133,sybil_12,337.44,1.6,25.2963,3.0721,270.0,C0B0,3,163.37,745.99,1,4
133,sybil_13,337.44,1.6,16.9828,2.4275,270.0,C0B0,3,163.37,745.99,1,4
133,sybil_14,337.44,1.6,0.0,-20.078,184.2,:C0_0,3,163.37,745.99,1,4
133,sybil_15,398.4,34.38,8.2489,1.9463,180.0,C1C0,3,99.97,703.28,1,5
133,sybil_18,589.55,798.4,12.7735,1.1626,90.0,C4D4,6,145.62,479.91,1,6
133,sybil_19,589.55,798.4,21.9135,12.2011,90.0,C4D4,6,145.62,479.91,1,6
133,sybil_20,589.55,798.4,24.6261,17.1992,90.0,C4D4,6,145.62,479.91,1,6
133,sybil_21,517.73,798.4,10.1014,-15.0245,90.0,C4D4,6,79.48,483.73,1,7
133,sybil_22,517.73,798.4,6.0716,-10.0253,90.0,B4C4,6,79.48,483.73,1,7
133,sybil_23,517.73,798.4,2.0002,-13.5779,119.82,B4C4,6,79.48,483.73,1,7
133,sybil_27,255.3,1001.6,14.611,-12.4743,270.0,C5B5,5,131.28,647.38,1,9
133,sybil_28,255.3,1001.6,5.8373,-9.2414,270.0,C5B5,5,131.28,647.38,1,9
133,sybil_29,255.3,1001.6,0.0,-0.2405,270.0,C5B5,5,131.28,647.38,1,9
133,sybil_30,368.81,1001.6,3.8721,-3.8832,270.0,C5B5,5,112.87,603.68,1,10
133,sybil_31,368.81,1001.6,7.0831,-12.481,271.52,C5B5,5,112.87,603.68,1,10
133,sybil_37,836.14,201.6,0.0,-17.3828,270.0,F1E1,3,118.65,603.54,1,12
133,sybil_38,836.14,201.6,4.046,-4.1746,270.0,F1E1,3,118.65,603.54,1,12
133,sybil_39,887.84,201.6,11.2876,0.66,270.0,F1E1,3,160.18,622.06,1,13
133,sybil_4,801.6,578.11,15.8446,5.5842,0.0,E2E3,3,56.05,479.49,1,1
133,sybil_5,801.6,578.11,9.1674,-4.9,0.0,E2E3,3,56.05,479.49,1,1
133,sybil_6,801.6,421.31,21.972,17.5809,0.0,E2E3,4,80.14,502.72,1,2
133,sybil_7,801.6,421.31,14.7264,-1.301,0.0,:E2_9,4,80.14,502.72,1,2
133,sybil_8,801.6,421.31,1.9945,1.9945,270.0,B0A0,4,80.14,502.72,1,2
133,sybil_9,82.8,1.6,7.9599,0.0435,270.0,B0A0,2,136.14,861.13,1,3
134,legit_10,768.62,598.4,11.2745,-0.5042,90.0,D3E3,4,18.69,468.75,0,-1
134,legit_11,798.4,170.32,13.5548,0.0592,180.0,E1E0,3,69.82,609.66,0,-1
134,legit_13,274.28,198.4,13.467,-0.2058,90.0,B1C1,0,146.94,639.14,0,-1
134,legit_14,788.31,398.4,8.0528,-4.5,90.0,D2E2,4,54.24,504.58,0,-1
134,legit_15,601.6,93.0,13.4562,-0.0841,0.0,D0D1,2,150.84,635.64,0,-1
134,legit_16,572.88,1.6,12.4464,0.7349,270.0,D0C0,1,170.64,705.04,0,-1
134,legit_17,622.35,801.6,12.7095,-0.7294,270.0,E4D4,5,133.3,481.06,0,-1
134,legit_18,198.4,726.44,13.5567,0.3845,180.0,B4B3,0,123.45,578.36,0,-1
134,legit_19,596.23,198.89,7.6867,1.2042,84.36,:D1_14,1,166.15,568.04,0,-1
134,legit_20,353.74,998.4,12.7009,0.0291,90.0,B5C5,5,126.19,606.93,0,-1
134,legit_21,798.4,722.36,13.586,0.2147,180.0,E4E3,3,127.21,490.01,0,-1
134,legit_22,781.63,1.6,4.1004,2.1333,270.0,E0D0,0,122.55,724.04,0,-1
134,legit_5,8.88,798.4,7.3498,0.1999,95.4,A4B4,0,147.12,723.05,0,-1
134,legit_9,801.6,452.95,10.6847,-0.5667,0.0,E2E3,7,106.32,495.66,0,-1
134,sybil_10,70.55,1.6,5.229,-1.6969,270.0,B0A0,2,142.59,868.44,1,3
134,sybil_11,70.55,1.6,3.6834,-24.1864,270.0,B0A0,2,142.59,868.44,1,3
134,sybil_12,323.79,1.6,11.0228,-14.2736,270.0,C0B0,3,173.05,750.42,1,4
134,sybil_13,323.79,1.6,16.7736,-0.2092,270.0,C0B0,3,173.05,750.42,1,4
134,sybil_14,323.79,1.6,10.9523,10.9523,252.33,C0B0,3,173.05,750.42,1,4
134,sybil_15,398.4,22.03,16.9562,8.7073,180.0,C1C0,3,110.73,712.78,1,5
134,sybil_19,579.51,798.4,14.7601,-7.1533,90.0,C4D4,5,136.03,480.08,1,6
134,sybil_20,579.51,798.4,13.778,-10.8481,90.0,C4D4,5,136.03,480.08,1,6
134,sybil_21,530.16,798.4,18.749,8.6477,90.0,C4D4,5,90.31,482.63,1,7
134,sybil_22,530.16,798.4,19.3726,13.3011,90.0,B4C4,5,90.31,482.63,1,7
134,sybil_23,530.16,798.4,8.951,6.9507,90.0,B4C4,5,90.31,482.63,1,7
134,sybil_27,244.17,1001.6,16.57,1.9589,270.0,C5B5,5,122.54,652.4,1,9
134,sybil_28,244.17,1001.6,16.8771,11.0398,270.0,C5B5,5,122.54,652.4,1,9
134,sybil_29,244.17,1001.6,7.1949,7.1949,270.0,C5B5,5,122.54,652.4,1,9
134,sybil_30,355.99,1001.6,6.6911,2.8189,270.0,C5B5,5,122.41,607.92,1,10
134,sybil_31,355.99,1001.6,4.1244,-2.9587,270.0,C5B5,5,122.41,607.92,1,10
134,sybil_37,824.0,201.6,8.5944,8.5944,270.0,F1E1,3,110.16,599.63,1,12
134,sybil_38,824.0,201.6,28.8162,24.7702,270.0,F1E1,3,110.16,599.63,1,12
134,sybil_39,874.07,201.6,4.9134,-6.3742,270.0,F1E1,3,148.5,616.84,1,13
134,sybil_4,801.6,590.77,3.862,-11.9826,0.0,E2E3,4,52.42,479.1,1,1
134,sybil_5,801.6,590.77,22.1099,12.9425,0.0,E2E3,4,52.42,479.1,1,1
134,sybil_6,801.6,432.4,9.9929,-11.9792,0.0,E2E3,4,88.91,500.11,1,2
134,sybil_7,801.6,432.4,3.7212,-11.0052,0.0,E2E3,4,88.91,500.11,1,2
134,sybil_8,801.6,432.4,0.8481,-1.1464,270.0,B0A0,4,88.91,500.11,1,2
134,sybil_9,70.55,1.6,5.6272,-2.3327,270.0,B0A0,2,142.59,868.44,1,3
135,legit_10,780.12,598.4,11.496,0.2215,90.0,D3E3,3,30.16,472.19,0,-1
135,legit_11,798.4,157.26,13.0562,-0.4986,180.0,E1E0,3,61.08,617.35,0,-1
135,legit_13,286.89,198.4,12.6072,-0.8599,90.0,B1C1,0,157.75,633.87,0,-1
135,legit_14,798.14,398.4,9.831,1.7783,90.0,:E2_13,4,61.58,507.55,0,-1
135,legit_15,601.6,106.56,13.5552,0.0989,0.0,D0D1,2,149.01,626.18,0,-1
135,legit_16,561.29,1.6,11.5934,-0.853,270.0,D0C0,1,162.49,705.47,0,-1
135,legit_17,613.28,801.6,9.0674,-3.6421,270.0,E4D4,5,142.01,480.88,0,-1
135,legit_18,198.4,713.26,13.1766,-0.3801,180.0,B4B3,0,123.17,576.24,0,-1
135,legit_19,601.07,203.46,6.9514,-0.7353,39.79,:D1_14,1,170.73,565.44,0,-1
135,legit_20,367.35,998.4,13.6052,0.9043,90.0,B5C5,5,116.15,602.4,0,-1
135,legit_21,798.4,709.29,13.063,-0.523,180.0,E4E3,1,119.53,487.81,0,-1
135,legit_22,776.12,1.6,5.5153,1.4149,270.0,E0D0,0,121.25,722.83,0,-1
135,legit_5,18.24,798.4,9.3542,2.0044,90.0,A4B4,0,138.17,715.73,0,-1
135,legit_9,801.6,464.34,11.3908,0.7061,0.0,E2E3,6,116.41,493.42,0,-1
135,sybil_10,57.26,1.6,5.8284,0.5994,270.0,B0A0,2,150.4,876.51,1,3
135,sybil_11,57.26,1.6,8.7737,5.0903,270.0,B0A0,2,150.4,876.51,1,3
135,sybil_12,310.48,1.6,4.4558,-6.5669,270.0,C0B0,3,182.98,754.92,1,4
135,sybil_13,310.48,1.6,5.0807,-11.6929,270.0,C0B0,3,182.98,754.92,1,4
135,sybil_14,310.48,1.6,17.6453,6.6931,270.0,C0B0,3,182.98,754.92,1,4
135,sybil_15,398.4,12.79,8.1913,-8.7649,180.0,C1C0,3,118.98,719.96,1,5
135,sybil_19,592.27,798.4,15.5852,0.8251,90.0,C4D4,5,148.22,479.88,1,6
135,sybil_20,592.27,798.4,10.7618,-3.0162,90.0,C4D4,5,148.22,479.88,1,6
135,sybil_21,541.93,798.4,8.1202,-10.6288,90.0,C4D4,5,100.9,481.76,1,7
135,sybil_22,541.93,798.4,27.4032,8.0306,90.0,B4C4,5,100.9,481.76,1,7
135,sybil_23,541.93,798.4,4.0177,-4.9332,90.0,B4C4,5,100.9,481.76,1,7
135,sybil_27,233.32,1001.6,14.7893,-1.7807,270.0,C5B5,5,114.41,657.42,1,9
135,sybil_28,233.32,1001.6,20.2779,3.4008,270.0,C5B5,5,114.41,657.42,1,9
135,sybil_29,233.32,1001.6,9.1622,1.9673,270.0,C5B5,5,114.41,657.42,1,9
135,sybil_30,343.33,1001.6,8.1772,1.4861,270.0,C5B5,5,132.38,612.29,1,10
135,sybil_31,343.33,1001.6,7.5437,3.4192,270.0,C5B5,5,132.38,612.29,1,10
135,sybil_37,811.79,201.6,14.1793,5.5849,270.0,F1E1,3,102.36,595.89,1,12
135,sybil_38,811.79,201.6,23.6525,-5.1637,270.0,F1E1,3,102.36,595.89,1,12
135,sybil_39,860.36,201.6,2.0913,-2.8221,270.0,F1E1,3,137.25,611.85,1,13
135,sybil_5,801.6,554.83,19.2953,-2.8146,0.0,E2E3,5,68.57,480.94,1,1
135,sybil_6,801.6,443.41,0.0,-9.9929,0.0,E2E3,5,98.08,497.67,1,2
135,sybil_7,801.6,443.41,14.6836,10.9624,0.0,E2E3,5,98.08,497.67,1,2
135,sybil_8,801.6,443.41,12.6115,11.7634,270.0,B0A0,5,98.08,497.67,1,2
135,sybil_9,57.26,1.6,14.3722,8.745,270.0,B0A0,2,150.4,876.51,1,3
136,legit_10,787.91,598.4,7.7916,-3.7044,90.0,D3E3,6,37.94,474.61,0,-1
136,legit_11,798.4,144.27,12.99,-0.0662,180.0,E1E0,3,54.14,625.25,0,-1
136,legit_13,299.74,198.4,12.8494,0.2423,90.0,B1C1,0,169.02,628.67,0,-1
136,legit_14,809.97,398.4,11.8316,2.0006,90.0,E2F2,4,71.21,511.3,0,-1
136,legit_15,601.6,119.39,12.8285,-0.7267,0.0,D0D1,2,148.4,617.44,0,-1
136,legit_16,548.83,1.6,12.4568,0.8633,270.0,D0C0,1,154.23,706.09,0,-1
136,legit_17,608.72,801.6,4.5674,-4.5,270.0,E4D4,4,146.41,480.82,0,-1
136,legit_18,198.4,699.44,13.8153,0.6387,180.0,B4B3,0,110.6,574.2,0,-1
136,legit_19,601.6,210.79,7.3662,0.4148,2.28,D1D2,1,173.97,561.34,0,-1
136,legit_20,380.47,998.4,13.1211,-0.4841,90.0,B5C5,2,107.21,598.24,0,-1
136,legit_21,798.4,696.59,12.7066,-0.3564,180.0,E4E3,2,108.03,485.86,0,-1
136,legit_22,769.11,1.6,7.0101,1.4948,270.0,E0D0,1,119.93,721.35,0,-1
136,legit_5,29.75,798.4,11.5131,2.1589,90.0,A4B4,0,127.24,706.81,0,-1
136,legit_9,801.6,475.54,11.1953,-0.1955,0.0,E2E3,6,126.54,491.35,0,-1
136,sybil_10,44.38,1.6,18.0683,12.2399,270.0,B0A0,2,158.66,884.48,1,3
136,sybil_11,44.38,1.6,19.8652,11.0915,270.0,B0A0,2,158.66,884.48,1,3
136,sybil_12,297.57,1.6,10.4068,5.9509,270.0,C0B0,3,189.2,759.46,1,4
136,sybil_13,297.57,1.6,26.6431,21.5624,270.0,C0B0,3,189.2,759.46,1,4
136,sybil_14,297.57,1.6,27.788,10.1427,270.0,C0B0,3,189.2,759.46,1,4
136,sybil_15,398.4,8.06,5.2276,-2.9638,180.0,C1C0,3,123.26,723.66,1,5
136,sybil_20,580.92,798.4,13.6348,2.8731,90.0,C4D4,4,137.37,480.05,1,6
136,sybil_21,554.51,798.4,25.5855,17.4652,90.0,C4D4,4,112.48,481.02,1,7
136,sybil_22,554.51,798.4,3.5015,-23.9017,90.0,B4C4,4,112.48,481.02,1,7
136,sybil_23,554.51,798.4,11.9055,7.8878,90.0,B4C4,4,112.48,481.02,1,7
136,sybil_27,222.14,1001.6,17.9697,3.1804,270.0,C5B5,4,106.54,662.72,1,9
136,sybil_28,222.14,1001.6,0.0,-20.2779,270.0,C5B5,4,106.54,662.72,1,9
136,sybil_29,222.14,1001.6,0.234,-8.9281,270.0,C5B5,4,106.54,662.72,1,9
136,sybil_30,330.37,1001.6,17.8227,9.6455,270.0,C5B5,5,143.03,616.95,1,10
136,sybil_31,330.37,1001.6,0.0,-7.5437,270.0,C5B5,5,143.03,616.95,1,10
136,sybil_38,820.99,201.6,0.0,-23.6525,270.0,F1E1,2,108.16,598.69,1,12
136,sybil_39,846.74,201.6,28.8925,26.8012,270.0,F1E1,2,126.56,607.09,1,13
136,sybil_5,801.6,567.76,12.4785,-6.8168,0.0,E2E3,6,60.84,480.02,1,1
136,sybil_6,801.6,454.35,23.6579,23.6579,0.0,E2E3,6,107.54,495.38,1,2
136,sybil_7,801.6,454.35,6.7673,-7.9162,0.0,E2E3,6,107.54,495.38,1,2
136,sybil_8,801.6,454.35,0.0,-12.6115,270.0,B0A0,6,107.54,495.38,1,2
136,sybil_9,44.38,1.6,0.0,-14.3722,270.0,B0A0,2,158.66,884.48,1,3
137,legit_10,792.16,598.4,4.2536,-3.538,90.0,D3E3,6,42.19,475.95,0,-1
137,legit_11,798.4,130.69,13.5842,0.5942,180.0,E1E0,2,49.57,633.78,0,-1
137,legit_13,313.4,198.4,13.6651,0.8156,90.0,B1C1,0,157.5,623.32,0,-1
137,legit_14,822.84,398.4,12.8697,1.0381,90.0,E2F2,4,82.34,515.59,0,-1
137,legit_15,601.6,133.2,13.8082,0.9797,0.0,D0D1,2,148.99,608.27,0,-1
137,legit_16,536.82,1.6,12.0071,-0.4497,270.0,D0C0,2,146.82,706.85,0,-1
137,legit_17,601.74,801.6,6.9805,2.4131,270.0,:D4_5,4,153.16,480.78,0,-1
137,legit_18,198.4,686.42,13.0258,-0.7895,180.0,B4B3,0,99.05,572.46,0,-1
137,legit_19,601.6,220.16,9.369,2.0028,0.0,D1D2,1,179.04,556.19,0,-1
137,legit_20,393.39,998.4,12.927,-0.1941,90.0,:C5_7,2,99.31,594.37,0,-1
137,legit_21,798.4,683.22,13.3674,0.6608,180.0,E4E3,2,96.27,484.0,0,-1
137,legit_22,760.14,1.6,8.9685,1.9584,270.0,E0D0,1,118.83,719.56,0,-1
137,legit_5,41.85,798.4,12.1036,0.5906,90.0,A4B4,0,115.87,697.54,0,-1
137,legit_9,801.6,487.16,11.6223,0.427,0.0,E2E3,6,124.08,489.36,0,-1
137,sybil_10,32.58,1.6,18.372,0.3037,270.0,B0A0,2,166.75,891.9,1,3
137,sybil_11,32.58,1.6,0.5552,-19.31,270.0,B0A0,2,166.75,891.9,1,3
137,sybil_12,284.87,1.6,11.2759,0.8691,270.0,C0B0,3,179.47,764.1,1,4
137,sybil_13,284.87,1.6,0.6296,-26.0135,270.0,C0B0,3,179.47,764.1,1,4
137,sybil_14,284.87,1.6,7.9482,-19.8399,270.0,C0B0,3,179.47,764.1,1,4
137,sybil_15,396.72,2.83,2.1703,-3.0573,200.32,:C0_0,4,128.71,728.18,1,5
137,sybil_20,592.32,798.4,14.4756,0.8407,90.0,C4D4,4,148.27,479.88,1,6
137,sybil_21,567.4,798.4,18.0784,-7.5071,90.0,C4D4,4,124.56,480.45,1,7
137,sybil_22,567.4,798.4,14.5465,11.0449,90.0,:C4_13,4,124.56,480.45,1,7
137,sybil_23,567.4,798.4,5.3535,-6.552,90.0,B4C4,4,124.56,480.45,1,7
137,sybil_27,210.72,1001.6,4.0754,-13.8943,270.0,C5B5,4,99.17,668.3,1,9
137,sybil_28,210.72,1001.6,14.3581,14.3581,270.0,C5B5,4,99.17,668.3,1,9
137,sybil_29,210.72,1001.6,18.0018,17.7678,270.0,C5B5,4,99.17,668.3,1,9
137,sybil_30,318.16,1001.6,11.4684,-6.3543,270.0,C5B5,5,153.39,621.5,1,10
137,sybil_31,318.16,1001.6,20.5613,20.5613,270.0,C5B5,5,153.39,621.5,1,10
137,sybil_39,834.15,201.6,12.507,-16.3855,270.0,F1E1,1,117.22,602.89,1,13
137,sybil_5,801.6,580.6,27.5151,15.0366,0.0,E2E3,6,55.13,479.39,1,1
137,sybil_6,801.6,465.81,12.93,-10.7279,0.0,E2E3,6,117.72,493.14,1,2
137,sybil_7,801.6,465.81,13.8815,7.1142,0.0,E2E3,6,117.72,493.14,1,2
137,sybil_8,801.6,465.81,0.0,0.0,292.2,A0A1,6,117.72,493.14,1,2
137,sybil_9,32.58,1.6,5.8487,5.8487,270.0,B0A0,2,166.75,891.9,1,3
138,legit_10,798.22,598.4,6.0545,1.8009,90.0,:E3_13,5,48.25,477.91,0,-1
138,legit_11,798.4,117.37,13.3197,-0.2646,180.0,E1E0,2,48.47,642.47,0,-1
138,legit_13,326.51,198.4,13.1095,-0.5555,90.0,B1C1,0,146.27,618.37,0,-1
138,legit_14,836.51,398.4,13.6665,0.7968,90.0,E2F2,4,94.65,520.37,0,-1
138,legit_15,601.6,146.52,13.3209,-0.4873,0.0,D0D1,1,150.75,599.66,0,-1
138,legit_16,524.82,1.6,12.0025,-0.0046,270.0,D0C0,1,140.06,707.79,0,-1
138,legit_17,592.79,801.6,8.9518,1.9713,270.0,D4C4,3,147.86,480.81,0,-1
138,legit_18,198.4,673.37,13.0501,0.0243,180.0,B4B3,0,87.89,570.91,0,-1
138,legit_19,601.6,230.88,10.717,1.348,0.0,D1D2,1,185.25,550.44,0,-1
138,legit_20,406.33,998.4,12.9402,0.0132,90.0,:C5_7,4,92.55,590.72,0,-1
138,legit_21,798.4,670.14,13.0755,-0.2919,180.0,E4E3,1,85.22,482.39,0,-1
138,legit_22,749.71,1.6,10.4301,1.4617,270.0,E0D0,1,118.4,717.6,0,-1
138,legit_23,401.6,412.3,0.0,0.0,0.0,C2C3,0,71.26,503.97,0,-1
138,legit_5,53.83,798.4,11.9769,-0.1267,90.0,A4B4,0,104.78,688.47,0,-1
138,legit_9,801.6,498.82,11.661,0.0387,0.0,E2E3,5,113.57,487.51,0,-1
138,sybil_10,24.58,1.6,6.5709,-11.8012,270.0,B0A0,2,172.48,896.99,1,3
138,sybil_11,24.58,1.6,25.0123,24.4571,270.0,B0A0,2,172.48,896.99,1,3
138,sybil_12,271.75,1.6,33.4652,22.1893,270.0,C0B0,3,169.83,769.05,1,4
138,sybil_13,271.75,1.6,10.1687,9.5391,270.0,C0B0,3,169.83,769.05,1,4
138,sybil_14,271.75,1.6,36.2774,28.3292,270.0,C0B0,3,169.83,769.05,1,4
138,sybil_15,391.8,1.6,0.7885,-1.3817,256.6,C0B0,4,131.93,730.39,1,5
138,sybil_21,579.57,798.4,18.9036,0.8253,90.0,C4D4,3,136.09,480.08,1,7
138,sybil_22,579.57,798.4,19.0084,4.462,90.0,C4D4,3,136.09,480.08,1,7
138,sybil_23,579.57,798.4,13.6679,8.3143,90.0,B4C4,3,136.09,480.08,1,7
138,sybil_28,257.85,1001.6,0.0,-14.3581,270.0,C5B5,4,133.34,646.26,1,9
138,sybil_29,257.85,1001.6,6.1986,-11.8032,270.0,C5B5,4,133.34,646.26,1,9
138,sybil_30,305.94,1001.6,16.9986,5.5302,270.0,C5B5,4,164.01,626.22,1,10
138,sybil_31,305.94,1001.6,11.702,-8.8593,270.0,C5B5,4,164.01,626.22,1,10
138,sybil_39,821.0,201.6,17.6663,5.1593,270.0,F1E1,1,108.17,598.7,1,13
138,sybil_6,801.6,477.23,11.4679,-1.4621,0.0,E2E3,5,128.08,491.05,1,2
138,sybil_7,801.6,477.23,2.2046,-11.6769,0.0,E2E3,5,128.08,491.05,1,2
138,sybil_8,801.6,477.23,16.1068,16.1068,359.81,A0A1,5,128.08,491.05,1,2
138,sybil_9,24.58,1.6,3.6108,-2.2379,270.0,B0A0,2,172.48,896.99,1,3
139,legit_10,806.68,598.4,8.4593,2.4048,90.0,:E3_13,5,56.7,480.7,0,-1
139,legit_11,798.4,104.47,12.8956,-0.4241,180.0,E1E0,2,50.83,651.18,0,-1
139,legit_13,339.4,198.4,12.8853,-0.2242,90.0,B1C1,0,135.57,613.68,0,-1
139,legit_14,849.41,398.4,12.9019,-0.7645,90.0,E2F2,4,106.57,525.08,0,-1
139,legit_15,601.6,159.83,13.314,-0.0069,0.0,D0D1,1,153.65,591.28,0,-1
139,legit_16,512.71,1.6,12.112,0.1095,270.0,D0C0,1,133.98,708.9,0,-1
139,legit_17,581.67,801.6,11.1197,2.168,270.0,D4C4,3,137.15,480.97,0,-1
139,legit_18,198.4,659.99,13.3822,0.3321,180.0,B4B3,0,77.08,569.52,0,-1
139,legit_19,601.6,243.97,13.0953,2.3784,0.0,D1D2,1,188.37,543.61,0,-1
139,legit_20,420.09,998.4,13.7585,0.8183,90.0,C5D5,2,86.91,587.11,0,-1
139,legit_21,798.4,656.98,13.167,0.0915,180.0,E4E3,2,74.76,480.99,0,-1
139,legit_22,737.63,1.6,12.0801,1.65,270.0,E0D0,1,119.04,715.52,0,-1
139,legit_23,401.6,414.19,1.8917,1.8917,0.0,C2C3,0,72.66,503.49,0,-1
139,legit_5,65.93,798.4,12.1012,0.1243,90.0,A4B4,0,93.8,679.43,0,-1
139,legit_9,801.6,510.12,11.2932,-0.3678,0.0,E2E3,6,103.64,485.88,0,-1
139,sybil_10,18.27,1.6,13.9336,7.3627,270.0,B0A0,2,177.12,901.03,1,3
139,sybil_11,18.27,1.6,0.0,-25.0123,270.0,B0A0,2,177.12,901.03,1,3
139,sybil_12,258.25,1.6,3.7586,-29.7065,270.0,C0B0,3,160.43,774.34,1,4
139,sybil_13,258.25,1.6,20.6955,10.5268,270.0,C0B0,3,160.43,774.34,1,4
139,sybil_14,258.25,1.6,6.5223,-29.755,270.0,C0B0,3,160.43,774.34,1,4
139,sybil_15,384.2,1.6,9.7727,8.9842,270.0,C0B0,4,135.46,732.37,1,5
139,sybil_21,591.58,798.4,19.7,0.7964,90.0,C4D4,3,147.57,479.89,1,7
139,sybil_22,591.58,798.4,9.2048,-9.8036,90.0,C4D4,3,147.57,479.89,1,7
139,sybil_23,591.58,798.4,19.7263,6.0584,90.0,B4C4,3,147.57,479.89,1,7
139,sybil_28,246.81,1001.6,0.0,0.0,270.0,C5B5,3,124.57,651.2,1,9
139,sybil_29,246.81,1001.6,22.8545,16.6559,270.0,C5B5,3,124.57,651.2,1,9
139,sybil_30,293.41,1001.6,16.4691,-0.5294,270.0,C5B5,4,163.44,631.21,1,10
139,sybil_31,293.41,1001.6,13.622,1.92,270.0,C5B5,4,163.44,631.21,1,10
139,sybil_39,807.47,201.6,12.5244,-5.1418,270.0,F1E1,1,99.81,594.62,1,13
139,sybil_6,801.6,489.56,14.1839,2.716,0.0,E2E3,5,121.9,488.96,1,2
139,sybil_7,801.6,489.56,15.367,13.1624,0.0,E2E3,5,121.9,488.96,1,2
139,sybil_8,801.6,489.56,16.6622,0.5554,0.0,A0A1,5,121.9,488.96,1,2
139,sybil_9,18.27,1.6,10.1193,6.5085,270.0,B0A0,2,177.12,901.03,1,3
140,legit_10,816.86,598.4,10.1837,1.7244,90.0,E3F3,5,66.88,484.18,0,-1
140,legit_11,798.4,90.66,13.8065,0.9109,180.0,E1E0,1,56.6,660.82,0,-1
140,legit_13,352.84,198.4,13.4455,0.5602,90.0,B1C1,0,124.84,608.99,0,-1
140,legit_14,862.95,398.4,13.5393,0.6374,90.0,E2F2,4,119.3,530.22,0,-1
140,legit_15,601.6,172.98,13.1512,-0.1628,0.0,D0D1,1,157.57,583.24,0,-1
140,legit_16,500.73,1.6,11.9783,-0.1337,270.0,D0C0,1,128.81,710.19,0,-1
140,legit_17,568.06,801.6,13.6093,2.4895,270.0,D4C4,2,124.14,481.35,0,-1
140,legit_18,198.4,647.01,12.973,-0.4092,180.0,B4B3,0,67.47,568.37,0,-1
140,legit_19,601.6,256.49,12.5171,-0.5783,0.0,D1D2,1,180.93,537.29,0,-1
140,legit_20,433.48,998.4,13.3884,-0.3701,90.0,C5D5,0,83.26,583.88,0,-1
140,legit_21,798.4,643.36,13.6164,0.4494,180.0,E4E3,5,64.98,479.78,0,-1
140,legit_22,723.74,1.6,13.8841,1.804,270.0,E0D0,1,121.28,713.37,0,-1
140,legit_23,401.6,418.42,4.2318,2.3401,0.0,C2C3,0,75.87,502.44,0,-1
140,legit_5,77.82,798.4,11.8862,-0.215,90.0,A4B4,0,83.31,670.68,0,-1
140,legit_9,801.6,521.38,11.2639,-0.0294,0.0,E2E3,6,94.04,484.39,0,-1
140,sybil_10,12.9,1.6,3.0602,-10.8733,270.0,B0A0,2,181.15,904.51,1,3
140,sybil_11,12.9,1.6,12.6696,12.6696,270.0,B0A0,2,181.15,904.51,1,3
140,sybil_12,244.88,1.6,14.1791,10.4205,270.0,C0B0,3,151.73,779.76,1,4
140,sybil_13,244.88,1.6,19.2323,-1.4632,270.0,C0B0,3,151.73,779.76,1,4
140,sybil_14,244.88,1.6,10.986,4.4636,270.0,C0B0,3,151.73,779.76,1,4
140,sybil_15,375.06,1.6,31.5224,21.7496,270.0,C0B0,4,140.12,734.84,1,5
140,sybil_22,431.88,798.4,0.0,-9.2048,90.0,C4D4,2,45.37,498.16,1,7
140,sybil_23,431.88,798.4,3.826,-15.9003,90.0,B4C4,2,45.37,498.16,1,7
140,sybil_28,235.14,1001.6,11.7767,11.7767,270.0,C5B5,3,115.73,656.57,1,9
140,sybil_29,235.14,1001.6,11.2173,-11.6372,270.0,C5B5,3,115.73,656.57,1,9
140,sybil_30,280.42,1001.6,22.1946,5.7255,270.0,C5B5,3,152.17,636.55,1,10
140,sybil_31,280.42,1001.6,8.6499,-4.9721,270.0,C5B5,3,152.17,636.55,1,10
140,sybil_6,801.6,501.14,5.255,-8.9289,0.0,E2E3,6,111.52,487.16,1,2
140,sybil_7,801.6,501.14,28.125,12.758,0.0,E2E3,6,111.52,487.16,1,2
140,sybil_8,801.6,501.14,2.5801,-14.0821,0.0,A0A1,6,111.52,487.16,1,2
140,sybil_9,12.9,1.6,16.9691,6.8498,290.31,:A0_1,2,181.15,904.51,1,3
141,legit_10,828.28,598.4,11.4153,1.2315,90.0,E3F3,5,78.29,488.21,0,-1
141,legit_11,798.4,77.03,13.6359,-0.1705,180.0,E1E0,1,64.72,670.6,0,-1
141,legit_13,366.52,198.4,13.6803,0.2347,90.0,B1C1,0,114.52,604.42,0,-1
141,legit_14,876.45,398.4,13.5017,-0.0376,90.0,E2F2,3,132.15,535.54,0,-1
141,legit_15,601.6,186.2,13.2183,0.0671,0.0,D0D1,1,162.5,575.37,0,-1
141,legit_16,489.17,1.6,11.5655,-0.4128,270.0,D0C0,1,124.71,711.59,0,-1
141,legit_17,554.92,801.6,13.136,-0.4733,270.0,D4C4,2,111.73,481.92,0,-1
141,legit_18,198.4,634.01,13.0009,0.0279,180.0,B4B3,0,59.16,567.45,0,-1
141,legit_19,601.6,269.79,13.3013,0.7843,0.0,D1D2,1,173.67,530.79,0,-1
141,legit_20,446.21,998.4,12.7263,-0.662,90.0,C5D5,0,81.69,581.09,0,-1
141,legit_21,798.4,629.92,13.4437,-0.1728,180.0,E4E3,5,56.9,478.86,0,-1
141,legit_22,710.95,1.6,12.7952,-1.0889,270.0,E0D0,1,124.67,711.61,0,-1
141,legit_23,401.6,423.98,5.5574,1.3256,0.0,C2C3,0,80.23,501.1,0,-1
141,legit_5,90.09,798.4,12.2687,0.3825,90.0,A4B4,0,72.94,661.78,0,-1
141,legit_9,801.6,532.68,11.3018,0.0379,0.0,E2E3,5,84.82,483.06,0,-1
141,sybil_10,8.87,1.6,0.5269,-2.5333,270.0,B0A0,2,184.22,907.12,1,3
141,sybil_11,8.87,1.6,20.4586,7.789,270.0,B0A0,2,184.22,907.12,1,3
141,sybil_12,231.34,1.6,29.7908,15.6117,270.0,C0B0,3,143.65,785.44,1,4
141,sybil_13,231.34,1.6,10.7095,-8.5228,270.0,C0B0,3,143.65,785.44,1,4
141,sybil_14,231.34,1.6,16.195,5.209,270.0,C0B0,3,143.65,785.44,1,4
141,sybil_15,363.35,1.6,13.3035,-18.2189,270.0,C0B0,4,146.72,738.14,1,5
141,sybil_22,442.86,798.4,15.982,15.982,90.0,C4D4,2,42.21,495.47,1,7
141,sybil_23,442.86,798.4,4.2764,0.4503,90.0,B4C4,2,42.21,495.47,1,7
141,sybil_28,224.04,1001.6,10.2105,-1.5662,270.0,C5B5,3,107.83,661.81,1,9
141,sybil_29,224.04,1001.6,12.1936,0.9763,270.0,C5B5,3,107.83,661.81,1,9
141,sybil_30,268.31,1001.6,24.9229,2.7283,270.0,C5B5,3,141.93,641.69,1,10
141,sybil_31,268.31,1001.6,11.832,3.1822,270.0,C5B5,3,141.93,641.69,1,10
141,sybil_6,801.6,512.87,23.2602,18.0052,0.0,E2E3,6,101.26,485.5,1,2
141,sybil_7,801.6,512.87,20.2384,-7.8867,0.0,E2E3,6,101.26,485.5,1,2
141,sybil_8,801.6,512.87,15.816,13.2358,0.0,A0A1,6,101.26,485.5,1,2
141,sybil_9,8.87,1.6,1.5646,-15.4045,351.03,A0A1,2,184.22,907.12,1,3
142,legit_10,838.88,598.4,10.6014,-0.8138,90.0,E3F3,5,88.89,492.08,0,-1
142,legit_11,798.4,63.32,13.7071,0.0711,180.0,E1E0,1,74.53,680.65,0,-1
142,legit_13,379.61,198.4,13.0834,-0.5969,90.0,B1C1,0,105.36,600.27,0,-1
142,legit_14,889.88,398.4,13.4353,-0.0665,90.0,E2F2,0,145.06,541.03,0,-1
142,legit_15,601.6,200.03,13.8323,0.6139,0.0,:D1_9,1,168.61,567.39,0,-1
142,legit_16,477.78,1.6,11.3835,-0.182,270.0,D0C0,1,121.62,713.15,0,-1
142,legit_17,542.0,801.6,12.9191,-0.2169,270.0,D4C4,2,99.69,482.68,0,-1
142,legit_18,198.4,621.33,12.6806,-0.3203,180.0,B4B3,0,52.89,566.8,0,-1
142,legit_19,601.6,282.52,12.7237,-0.5776,0.0,D1D2,1,167.41,524.78,0,-1
142,legit_20,459.26,998.4,13.0544,0.328,90.0,C5D5,0,82.12,578.52,0,-1
142,legit_21,798.4,617.0,12.9187,-0.525,180.0,E4E3,5,51.3,478.26,0,-1
142,legit_22,697.9,1.6,13.0477,0.2525,270.0,E0D0,1,129.36,710.03,0,-1
142,legit_23,401.6,430.93,6.9484,1.391,0.0,C2C3,0,85.87,499.47,0,-1
142,legit_5,102.37,798.4,12.2857,0.017,90.0,A4B4,0,63.24,653.04,0,-1
142,legit_9,801.6,544.05,11.3634,0.0617,0.0,E2E3,5,76.11,481.89,0,-1
142,sybil_10,5.23,1.6,0.5609,0.034,270.0,B0A0,2,187.02,909.5,1,3
142,sybil_11,5.23,1.6,3.8653,-16.5932,270.0,B0A0,2,187.02,909.5,1,3
142,sybil_12,217.55,1.6,12.7158,-17.0751,270.0,C0B0,3,136.31,791.42,1,4
142,sybil_13,217.55,1.6,5.9022,-4.8073,270.0,C0B0,3,136.31,791.42,1,4
142,sybil_14,217.55,1.6,24.7054,8.5104,270.0,C0B0,3,136.31,791.42,1,4
142,sybil_15,350.33,1.6,15.1466,1.8431,270.0,C0B0,4,154.77,742.0,1,5
142,sybil_22,454.58,798.4,0.0,-15.982,90.0,C4D4,2,41.85,492.9,1,7
142,sybil_23,454.58,798.4,12.5055,8.2291,90.0,B4C4,2,41.85,492.9,1,7
142,sybil_28,212.26,1001.6,10.5348,0.3243,270.0,C5B5,3,100.11,667.54,1,9
142,sybil_29,212.26,1001.6,10.142,-2.0516,270.0,C5B5,3,100.11,667.54,1,9
142,sybil_30,255.26,1001.6,10.6455,-14.2774,270.0,C5B5,3,131.25,647.4,1,10
142,sybil_31,255.26,1001.6,10.0356,-1.7964,270.0,C5B5,3,131.25,647.4,1,10
142,sybil_6,801.6,524.16,1.7426,-21.5176,0.0,E2E3,5,91.73,484.05,1,2
142,sybil_7,801.6,524.16,8.1656,-12.0727,0.0,E2E3,5,91.73,484.05,1,2
142,sybil_8,801.6,524.16,5.4779,-10.338,0.0,A0A1,5,91.73,484.05,1,2
142,sybil_9,5.23,1.6,8.3772,6.8125,0.0,A0A1,2,187.02,909.5,1,3
143,legit_10,849.51,598.4,10.6336,0.0322,90.0,E3F3,5,99.52,496.09,0,-1
143,legit_11,798.4,49.77,13.5526,-0.1545,180.0,E1E0,1,85.29,690.77,0,-1
143,legit_13,388.19,198.4,8.5834,-4.5,90.0,B1C1,0,99.84,597.66,0,-1
143,legit_14,902.73,398.4,12.8485,-0.5868,90.0,E2F2,0,152.19,546.46,0,-1
143,legit_15,601.6,212.69,12.6611,-1.1712,0.0,D1D2,1,174.97,560.29,0,-1
143,legit_16,466.2,1.6,11.5794,0.1959,270.0,D0C0,1,119.5,714.9,0,-1
143,legit_17,529.19,801.6,12.8062,-0.113,270.0,D4C4,2,88.01,483.62,0,-1
143,legit_18,198.4,608.64,12.6955,0.0148,180.0,B4B3,0,49.16,566.43,0,-1
143,legit_19,601.6,294.83,12.31,-0.4137,0.0,D1D2,1,162.08,519.18,0,-1
143,legit_20,472.03,998.4,12.765,-0.2893,90.0,C5D5,0,84.52,576.28,0,-1
143,legit_21,798.4,603.83,13.1642,0.2455,180.0,:E3_1,5,48.55,477.98,0,-1
143,legit_22,685.0,1.6,12.9021,-0.1456,270.0,E0D0,1,135.07,708.68,0,-1
143,legit_23,401.6,440.37,9.4373,2.489,0.0,C2C3,0,93.82,497.36,0,-1
143,legit_5,115.03,798.4,12.6555,0.3698,90.0,A4B4,0,54.35,644.22,0,-1
143,legit_9,801.6,555.34,11.298,-0.0655,0.0,E2E3,5,68.24,480.9,0,-1
143,sybil_10,1.99,2.01,6.4777,5.9167,274.83,:A0_1,2,189.28,911.34,1,3
143,sybil_11,1.99,2.01,0.0,-3.8653,270.0,B0A0,2,189.28,911.34,1,3
143,sybil_12,204.39,1.6,20.1187,7.4029,270.0,:B0_4,3,130.29,797.32,1,4
143,sybil_13,204.39,1.6,13.8671,7.9649,270.0,C0B0,3,130.29,797.32,1,4
143,sybil_14,204.39,1.6,16.6967,-8.0088,270.0,C0B0,3,130.29,797.32,1,4
143,sybil_15,336.83,1.6,17.9632,2.8165,270.0,C0B0,4,163.79,746.19,1,5
143,sybil_22,465.33,798.4,6.9411,6.9411,90.0,C4D4,2,44.34,490.82,1,7
143,sybil_23,465.33,798.4,23.7937,11.2882,90.0,B4C4,2,44.34,490.82,1,7
143,sybil_29,221.16,1001.6,13.7169,3.5749,270.0,C5B5,2,105.88,663.19,1,9
143,sybil_30,242.82,1001.6,15.5874,4.9419,270.0,C5B5,2,121.5,653.02,1,10
143,sybil_31,242.82,1001.6,11.0811,1.0455,270.0,C5B5,2,121.5,653.02,1,10
143,sybil_6,801.6,534.75,8.0054,6.2627,0.0,E2E3,5,83.18,482.84,1,2
143,sybil_7,801.6,534.75,19.6448,11.4792,0.0,E2E3,5,83.18,482.84,1,2
143,sybil_8,801.6,534.75,13.6867,8.2088,0.0,A0A1,5,83.18,482.84,1,2
143,sybil_9,1.99,2.01,5.2538,-3.1233,0.0,A0A1,2,189.28,911.34,1,3
144,legit_10,860.19,598.4,10.6799,0.0463,90.0,E3F3,5,110.2,500.24,0,-1
144,legit_11,798.4,36.7,13.0667,-0.4859,180.0,E1E0,1,96.34,700.68,0,-1
144,legit_13,392.27,198.4,4.0834,-4.5,90.0,B1C1,0,97.36,596.45,0,-1
144,legit_14,915.73,398.4,12.9993,0.1508,90.0,E2F2,0,139.65,552.13,0,-1
144,legit_15,601.6,225.41,12.7201,0.059,0.0,D1D2,1,182.03,553.36,0,-1
144,legit_16,454.18,1.6,12.0244,0.4449,270.0,D0C0,1,118.47,716.91,0,-1
144,legit_17,515.32,801.6,13.8756,1.0694,270.0,D4C4,2,75.77,484.87,0,-1
144,legit_18,198.4,595.67,12.9703,0.2749,180.0,:B3_1,0,48.59,566.38,0,-1
144,legit_19,601.6,307.29,12.4642,0.1542,0.0,D1D2,2,157.48,513.73,0,-1
144,legit_20,484.8,998.4,12.7758,0.0108,90.0,C5D5,0,88.71,574.3,0,-1
144,legit_21,798.4,590.92,12.911,-0.2532,180.0,E3E2,5,49.24,478.05,0,-1
144,legit_22,671.45,1.6,13.55,0.6479,270.0,E0D0,1,142.09,707.48,0,-1
144,legit_23,401.6,452.34,11.978,2.5407,0.0,C2C3,0,104.26,494.82,0,-1
144,legit_24,612.3,398.4,0.0,0.0,90.0,D2E2,1,142.95,480.86,0,-1
144,legit_5,127.49,798.4,12.4586,-0.1968,90.0,A4B4,0,47.3,635.77,0,-1
144,legit_9,801.6,566.25,10.9051,-0.3929,0.0,E2E3,5,61.66,480.12,0,-1
144,sybil_10,1.6,4.88,16.3336,9.8559,324.54,A0A1,2,187.82,909.73,1,3
144,sybil_11,1.6,4.88,2.4043,2.4043,270.0,B0A0,2,187.82,909.73,1,3
144,sybil_12,190.74,1.6,11.9591,-8.1596,270.0,B0A0,3,125.21,803.65,1,4
144,sybil_13,190.74,1.6,3.2883,-10.5789,270.0,C0B0,3,125.21,803.65,1,4
144,sybil_14,190.74,1.6,23.267,6.5703,270.0,C0B0,3,125.21,803.65,1,4
144,sybil_15,323.54,1.6,15.5504,-2.4128,270.0,C0B0,4,173.24,750.5,1,5
144,sybil_22,476.75,798.4,8.9535,2.0124,90.0,C4D4,2,49.46,488.89,1,7
144,sybil_23,476.75,798.4,17.5213,-6.2723,90.0,B4C4,2,49.46,488.89,1,7
144,sybil_29,208.58,1001.6,2.364,-11.3528,270.0,C5B5,2,97.87,669.36,1,9
144,sybil_30,231.32,1001.6,18.0274,2.44,270.0,C5B5,2,112.96,658.36,1,10
144,sybil_31,231.32,1001.6,9.9744,-1.1067,270.0,C5B5,2,112.96,658.36,1,10
144,sybil_6,801.6,545.46,9.0768,1.0714,0.0,E2E3,5,75.08,481.76,1,2
144,sybil_7,801.6,545.46,6.7729,-12.872,0.0,E2E3,5,75.08,481.76,1,2
144,sybil_8,801.6,545.46,37.14,23.4533,0.0,A0A1,5,75.08,481.76,1,2
144,sybil_9,1.6,4.88,9.1115,3.8577,0.0,A0A1,2,187.82,909.73,1,3
145,legit_10,871.82,598.4,11.6292,0.9493,90.0,E3F3,5,121.83,504.9,0,-1
145,legit_11,798.4,22.97,13.7355,0.6689,180.0,E1E0,1,108.43,711.25,0,-1
145,legit_13,398.44,198.4,6.1632,2.0799,90.0,:C1_13,0,93.84,594.67,0,-1
145,legit_14,928.35,398.4,12.614,-0.3853,90.0,E2F2,0,127.57,557.8,0,-1
145,legit_15,601.6,238.76,13.3434,0.6233,0.0,D1D2,1,190.07,546.31,0,-1
145,legit_16,442.69,1.6,11.4875,-0.5368,270.0,D0C0,1,118.63,719.01,0,-1
145,legit_17,502.29,801.6,13.0245,-0.8511,270.0,D4C4,2,64.88,486.27,0,-1
145,legit_18,198.4,582.82,12.8497,-0.1206,180.0,B3B2,0,51.36,566.65,0,-1
145,legit_19,601.6,320.59,13.2976,0.8334,0.0,D1D2,2,153.54,508.15,0,-1
145,legit_20,497.65,998.4,12.8448,0.0689,90.0,C5D5,0,94.49,572.57,0,-1
145,legit_21,798.4,577.52,13.3993,0.4883,180.0,E3E2,5,53.36,478.48,0,-1
145,legit_22,658.08,1.6,13.3649,-0.1852,270.0,E0D0,1,149.89,706.51,0,-1
145,legit_23,401.6,465.55,13.2044,1.2264,0.0,C2C3,0,116.12,492.22,0,-1
145,legit_24,614.2,398.4,1.9027,1.9027,90.0,D2E2,1,141.12,480.89,0,-1
145,legit_5,139.16,798.4,11.6765,-0.7821,90.0,A4B4,0,42.99,628.09,0,-1
145,legit_9,801.6,577.0,10.7554,-0.1496,0.0,E2E3,5,56.49,479.54,0,-1
145,sybil_10,1.6,9.14,11.4179,-4.9157,0.0,A0A1,2,185.24,906.98,1,3
145,sybil_11,1.6,9.14,8.4227,6.0184,270.0,B0A0,2,185.24,906.98,1,3
145,sybil_12,176.89,1.6,7.5046,-4.4545,270.0,B0A0,3,121.41,810.28,1,4
145,sybil_13,176.89,1.6,15.4967,12.2085,270.0,C0B0,3,121.41,810.28,1,4
145,sybil_14,176.89,1.6,15.8419,-7.4251,270.0,C0B0,3,121.41,810.28,1,4
145,sybil_15,309.81,1.6,6.7905,-8.7598,270.0,C0B0,4,183.5,755.15,1,5
145,sybil_22,488.03,798.4,17.6189,8.6654,90.0,C4D4,2,56.36,487.21,1,7
145,sybil_23,488.03,798.4,21.151,3.6297,90.0,B4C4,2,56.36,487.21,1,7
145,sybil_30,218.2,1001.6,15.0833,-2.9442,270.0,C5B5,1,103.91,664.63,1,10
145,sybil_31,218.2,1001.6,14.2235,4.2491,270.0,C5B5,1,103.91,664.63,1,10
145,sybil_6,801.6,557.08,8.4062,-0.6706,0.0,E2E3,5,67.11,480.76,1,2
145,sybil_7,801.6,557.08,2.4191,-4.3538,0.0,E2E3,5,67.11,480.76,1,2
145,sybil_8,801.6,557.08,5.4962,-31.6438,0.0,A0A1,5,67.11,480.76,1,2
145,sybil_9,1.6,9.14,15.6673,6.5558,0.0,A0A1,2,185.24,906.98,1,3
146,legit_10,882.57,598.4,10.7471,-0.882,90.0,E3F3,5,132.58,509.33,0,-1
146,legit_11,798.4,13.73,9.2355,-4.5,180.0,E1E0,0,116.77,718.43,0,-1
146,legit_13,406.9,198.4,8.4652,2.302,90.0,:C1_13,0,89.47,592.32,0,-1
146,legit_14,941.89,398.4,13.5479,0.9339,90.0,E2F2,0,114.72,564.07,0,-1
146,legit_15,601.6,252.29,13.5293,0.1859,0.0,D1D2,2,183.37,539.39,0,-1
146,legit_16,430.73,1.6,11.9663,0.4788,270.0,D0C0,1,119.96,721.39,0,-1
146,legit_17,488.49,801.6,13.8026,0.7781,270.0,D4C4,2,54.37,488.02,0,-1
146,legit_18,198.4,569.82,12.9991,0.1494,180.0,B3B2,0,57.04,567.23,0,-1
146,legit_19,601.6,333.16,12.5688,-0.7288,0.0,D1D2,2,150.81,503.11,0,-1
146,legit_20,511.34,998.4,13.6943,0.8495,90.0,C5D5,0,102.09,571.0,0,-1
146,legit_21,798.4,564.15,13.374,-0.0253,180.0,E3E2,5,60.23,479.23,0,-1
146,legit_22,645.2,1.6,12.8803,-0.4846,270.0,E0D0,0,158.12,705.77,0,-1
146,legit_23,401.6,478.26,12.7067,-0.4976,0.0,C2C3,0,127.78,489.9,0,-1
146,legit_24,617.7,398.4,3.4942,1.5915,90.0,D2E2,2,137.76,480.95,0,-1
146,legit_5,150.97,798.4,11.8081,0.1316,90.0,A4B4,0,41.61,620.6,0,-1
146,legit_9,801.6,586.78,9.7796,-0.9758,0.0,E2E3,5,53.27,479.19,0,-1
146,sybil_10,1.6,14.71,0.0,-11.4179,0.0,A0A1,2,181.96,903.39,1,3
146,sybil_11,1.6,14.71,13.5862,5.1635,270.34,:A0_1,2,181.96,903.39,1,3
146,sybil_12,164.18,1.6,9.0218,1.5172,270.0,B0A0,3,119.25,816.56,1,4
146,sybil_13,164.18,1.6,13.9227,-1.5741,270.0,C0B0,3,119.25,816.56,1,4
146,sybil_14,164.18,1.6,18.7193,2.8774,270.0,C0B0,3,119.25,816.56,1,4
146,sybil_15,297.15,1.6,17.3269,10.5363,270.0,C0B0,4,188.87,759.61,1,5
146,sybil_22,499.88,798.4,0.0,-17.6189,90.0,C4D4,2,64.95,485.67,1,7
146,sybil_23,499.88,798.4,8.0557,-13.0953,90.0,B4C4,2,64.95,485.67,1,7
146,sybil_31,227.36,1001.6,11.909,-2.3145,270.0,C5B5,0,110.14,660.23,1,10
146,sybil_6,801.6,568.35,10.8515,2.4454,0.0,E2E3,5,60.53,479.99,1,2
146,sybil_7,801.6,568.35,13.1842,10.7652,0.0,E2E3,5,60.53,479.99,1,2
146,sybil_8,801.6,568.35,8.7345,3.2383,0.0,A0A1,5,60.53,479.99,1,2
146,sybil_9,1.6,14.71,0.0,-15.6673,0.0,A0A1,2,181.96,903.39,1,3
147,legit_10,893.98,598.4,11.4102,0.663,90.0,E3F3,5,143.99,514.16,0,-1
147,legit_11,798.4,9.0,4.7355,-4.5,180.0,E1E0,0,121.1,722.13,0,-1
147,legit_13,417.76,198.4,10.862,2.3968,90.0,C1D1,0,84.77,589.45,0,-1
147,legit_14,955.66,398.4,13.7632,0.2153,90.0,E2F2,0,101.86,570.64,0,-1
147,legit_15,601.6,265.88,13.5965,0.0672,0.0,D1D2,2,175.73,532.67,0,-1
147,legit_16,418.47,1.6,12.2598,0.2935,270.0,D0C0,1,122.53,724.02,0,-1
147,legit_17,475.88,801.6,12.61,-1.1926,270.0,D4C4,2,46.31,489.87,0,-1
147,legit_18,198.4,557.11,12.7116,-0.2875,180.0,B3B2,0,64.67,568.05,0,-1
147,legit_19,601.6,345.62,12.4654,-0.1034,0.0,D1D2,2,149.09,498.35,0,-1
147,legit_20,524.79,998.4,13.4452,-0.2491,90.0,C5D5,0,110.69,569.7,0,-1
147,legit_21,798.4,551.07,13.0767,-0.2973,180.0,E3E2,5,68.82,480.24,0,-1
147,legit_22,632.0,1.6,13.2085,0.3283,270.0,E0D0,0,167.16,705.2,0,-1
147,legit_23,401.6,490.8,12.5432,-0.1635,0.0,C2C3,0,119.45,487.8,0,-1
147,legit_24,622.69,398.4,4.9884,1.4942,90.0,D2E2,2,132.98,481.07,0,-1
147,legit_5,163.51,798.4,12.5358,0.7277,90.0,A4B4,0,43.74,612.97,0,-1
147,legit_9,801.6,592.06,5.2796,-4.5,0.0,E2E3,5,52.21,479.08,0,-1
147,sybil_10,1.6,22.78,2.4851,2.4851,0.0,A0A1,2,177.41,898.23,1,3
147,sybil_11,1.6,22.78,0.0,-13.5862,318.56,A0A1,2,177.41,898.23,1,3
147,sybil_12,151.16,1.6,15.653,6.6312,270.0,B0A0,3,118.41,823.2,1,4
147,sybil_13,151.16,1.6,10.1686,-3.7541,270.0,:B0_4,3,118.41,823.2,1,4
147,sybil_14,151.16,1.6,21.0509,2.3316,270.0,C0B0,3,118.41,823.2,1,4
147,sybil_15,284.2,1.6,12.0423,-5.2846,270.0,C0B0,4,178.96,764.34,1,5
147,sybil_22,511.27,798.4,8.814,8.814,90.0,C4D4,2,74.06,484.39,1,7
147,sybil_23,511.27,798.4,1.7593,-6.2964,90.0,B4C4,2,74.06,484.39,1,7
147,sybil_31,214.31,1001.6,8.4362,-3.4727,270.0,C5B5,0,101.4,666.53,1,10
147,sybil_6,801.6,577.25,2.1922,-8.6594,0.0,E2E3,5,56.39,479.52,1,2
147,sybil_7,801.6,577.25,0.0,-13.1842,0.0,E2E3,5,56.39,479.52,1,2
147,sybil_8,801.6,577.25,13.1896,4.4551,0.0,A0A1,5,56.39,479.52,1,2
147,sybil_9,1.6,22.78,37.9972,37.9972,0.0,A0A1,2,177.41,898.23,1,3
148,legit_10,904.79,598.4,10.8134,-0.5967,90.0,E3F3,5,145.22,518.87,0,-1
148,legit_11,800.1,5.65,4.2473,-0.4882,157.4,:E0_2,0,124.84,725.17,0,-1
148,legit_13,430.81,198.4,13.05,2.188,90.0,C1D1,0,80.71,586.25,0,-1
148,legit_14,968.34,398.4,12.6863,-1.0769,90.0,E2F2,0,90.24,576.87,0,-1
148,legit_15,601.6,278.45,12.5711,-1.0253,0.0,D1D2,2,169.33,526.68,0,-1
148,legit_16,407.12,1.6,11.3501,-0.9097,270.0,:C0_4,1,125.93,726.62,0,-1
148,legit_17,462.48,801.6,13.398,0.788,270.0,D4C4,2,40.38,492.18,0,-1
148,legit_18,198.4,543.85,13.2577,0.5461,180.0,B3B2,0,74.13,569.16,0,-1
148,legit_19,601.6,358.03,12.4096,-0.0558,0.0,D1D2,2,148.41,493.84,0,-1
148,legit_20,538.11,998.4,13.3221,-0.123,90.0,C5D5,0,120.09,568.65,0,-1
148,legit_21,798.4,537.92,13.1539,0.0772,180.0,E3E2,5,78.72,481.51,0,-1
148,legit_22,618.54,1.6,13.4534,0.2448,270.0,E0D0,0,176.92,704.83,0,-1
148,legit_23,401.6,504.1,13.3033,0.7601,0.0,C2C3,0,107.42,485.76,0,-1
148,legit_24,630.08,398.4,7.3975,2.409,90.0,D2E2,2,125.92,481.28,0,-1
148,legit_5,175.2,798.4,11.6971,-0.8387,90.0,A4B4,0,48.64,606.14,0,-1
148,legit_9,800.61,594.09,2.3845,-2.8951,348.01,:E3_19,5,50.96,478.72,0,-1
148,sybil_10,1.6,32.18,6.7472,4.2621,0.0,A0A1,5,172.44,892.29,1,3
148,sybil_11,1.6,32.18,0.0,0.0,0.0,A0A1,5,172.44,892.29,1,3
148,sybil_12,137.76,1.6,11.573,-4.0801,270.0,B0A0,6,119.03,830.23,1,4
148,sybil_13,137.76,1.6,9.03,-1.1386,270.0,B0A0,6,119.03,830.23,1,4
148,sybil_14,137.76,1.6,8.3955,-12.6554,270.0,C0B0,6,119.03,830.23,1,4
148,sybil_15,270.9,1.6,21.9837,9.9414,270.0,C0B0,4,169.22,769.38,1,5
148,sybil_22,522.3,798.4,0.0,-8.814,90.0,C4D4,2,83.41,483.31,1,7
148,sybil_23,522.3,798.4,0.8425,-0.9168,90.0,B4C4,2,83.41,483.31,1,7
148,sybil_6,801.6,583.14,6.2315,4.0393,0.0,E2E3,5,54.28,479.3,1,2
148,sybil_7,801.6,583.14,14.0906,14.0906,0.0,E2E3,5,54.28,479.3,1,2
148,sybil_8,801.6,583.14,6.9526,-6.237,0.0,A0A1,5,54.28,479.3,1,2
148,sybil_9,1.6,32.18,12.5384,-25.4587,0.0,A0A1,5,172.44,892.29,1,3
149,legit_10,915.91,598.4,11.1161,0.3027,90.0,E3F3,5,134.1,523.84,0,-1
149,legit_11,801.6,9.09,4.104,-0.1433,36.22,E0E1,0,122.33,722.85,0,-1
149,legit_13,443.48,198.4,12.6707,-0.3793,90.0,C1D1,0,78.67,583.42,0,-1
149,legit_14,980.23,398.4,11.8917,-0.7945,90.0,E2F2,0,79.64,582.87,0,-1
149,legit_15,601.6,291.04,12.5898,0.0187,0.0,D1D2,2,163.64,520.88,0,-1
149,legit_16,394.78,1.6,12.3361,0.986,270.0,:C0_4,1,130.64,729.64,0,-1
149,legit_17,449.15,801.6,13.3342,-0.0638,270.0,D4C4,2,38.41,494.87,0,-1
149,legit_18,198.4,530.89,12.9559,-0.3018,180.0,B3B2,0,84.37,570.44,0,-1
149,legit_19,601.6,370.52,12.4892,0.0797,0.0,D1D2,2,148.77,489.53,0,-1
149,legit_20,551.17,998.4,13.0645,-0.2576,90.0,C5D5,0,129.98,567.83,0,-1
149,legit_21,798.4,524.06,13.8606,0.7067,180.0,E3E2,5,90.05,483.08,0,-1
149,legit_22,608.72,1.6,9.8235,-3.6298,270.0,E0D0,0,184.33,704.68,0,-1
149,legit_23,401.6,517.67,13.5682,0.2649,0.0,C2C3,0,95.5,483.89,0,-1
149,legit_24,639.27,398.4,9.1918,1.7943,90.0,D2E2,2,117.19,481.64,0,-1
149,legit_5,187.47,798.4,12.2683,0.5712,90.0,A4B4,0,55.99,599.23,0,-1
149,legit_9,798.83,593.45,2.2411,-0.1435,302.47,:E3_19,5,49.27,478.15,0,-1
149,sybil_10,1.6,43.87,15.213,8.4658,0.0,A0A1,5,166.79,885.0,1,3
149,sybil_11,1.6,43.87,0.0,0.0,0.0,A0A1,5,166.79,885.0,1,3
149,sybil_12,125.01,1.6,11.1201,-0.4529,270.0,B0A0,6,121.01,837.11,1,4
149,sybil_13,125.01,1.6,14.6664,5.6364,270.0,B0A0,6,121.01,837.11,1,4
149,sybil_14,125.01,1.6,6.7187,-1.6768,270.0,:B0_4,6,121.01,837.11,1,4
149,sybil_15,257.75,1.6,12.1963,-9.7874,270.0,C0B0,4,160.09,774.54,1,5
149,sybil_22,532.93,798.4,16.4497,16.4497,90.0,C4D4,2,92.78,482.41,1,7
149,sybil_23,532.93,798.4,0.0,-0.8425,90.0,B4C4,2,92.78,482.41,1,7
149,sybil_6,801.6,586.09,0.2221,-6.0094,0.0,E2E3,5,53.44,479.21,1,2
149,sybil_7,801.6,586.09,8.102,-5.9885,0.0,E2E3,5,53.44,479.21,1,2
149,sybil_8,801.6,586.09,9.9905,3.0379,0.0,A0A1,5,53.44,479.21,1,2
149,sybil_9,1.6,43.87,3.8266,-8.7118,0.0,A0A1,5,166.79,885.0,1,3
150,legit_10,927.71,598.4,11.8049,0.6888,90.0,E3F3,4,122.3,529.25,0,-1
150,legit_11,801.6,14.59,5.505,1.401,0.0,E0E1,0,117.36,718.55,0,-1
150,legit_13,456.15,198.4,12.6624,-0.0082,90.0,C1D1,0,78.64,580.86,0,-1
150,legit_14,988.54,398.4,8.3089,-3.5828,90.0,E2F2,0,72.47,587.16,0,-1
150,legit_15,601.6,304.83,13.7866,1.1968,0.0,D1D2,2,158.32,514.79,0,-1
150,legit_16,382.92,1.6,11.8557,-0.4805,270.0,C0B0,1,136.08,732.71,0,-1
150,legit_17,436.52,801.6,12.6281,-0.7061,270.0,D4C4,3,40.7,497.82,0,-1
150,legit_18,198.4,518.03,12.8582,-0.0977,180.0,B3B2,0,95.19,571.91,0,-1
150,legit_19,601.6,383.33,12.8046,0.3154,0.0,D1D2,2,150.22,485.37,0,-1
150,legit_20,565.02,998.4,13.8456,0.781,90.0,C5D5,0,141.03,567.17,0,-1
150,legit_21,798.4,510.78,13.2796,-0.581,180.0,E3E2,4,101.5,484.81,0,-1
150,legit_22,602.99,3.02,6.053,-3.7705,286.86,:D0_3,0,187.88,703.52,0,-1
150,legit_23,401.6,530.37,12.7031,-0.8651,0.0,C2C3,0,84.8,482.34,0,-1
150,legit_24,650.3,398.4,11.0229,1.8311,90.0,D2E2,2,106.84,482.2,0,-1
150,legit_25,401.6,812.3,0.0,0.0,0.0,C4C5,3,55.77,510.65,0,-1
150,legit_9,798.4,590.86,2.717,0.476,215.04,E3E2,5,49.25,478.05,0,-1
150,sybil_10,1.6,56.56,24.0353,8.8224,0.0,A0A1,5,161.39,877.22,1,3
150,sybil_11,1.6,56.56,4.3056,4.3056,0.0,A0A1,5,161.39,877.22,1,3
150,sybil_12,112.1,1.6,22.3644,11.2443,270.0,B0A0,6,124.32,844.26,1,4
150,sybil_13,112.1,1.6,15.1373,0.471,270.0,B0A0,6,124.32,844.26,1,4
150,sybil_14,112.1,1.6,0.5722,-6.1465,270.0,B0A0,6,124.32,844.26,1,4
150,sybil_15,244.35,1.6,18.9376,6.7412,270.0,C0B0,4,151.4,779.98,1,5
150,sybil_22,543.73,798.4,0.0,-16.4497,90.0,C4D4,3,102.55,481.65,1,7
150,sybil_23,543.73,798.4,0.0,0.0,90.0,:C4_13,3,102.55,481.65,1,7
150,sybil_6,801.6,588.08,0.0,-0.2221,0.0,E2E3,5,52.96,479.16,1,2
150,sybil_7,801.6,588.08,9.3149,1.2129,0.0,E2E3,5,52.96,479.16,1,2
150,sybil_8,801.6,588.08,14.4374,4.4469,0.0,A0A1,5,52.96,479.16,1,2
150,sybil_9,1.6,56.56,16.3752,12.5486,0.0,A0A1,5,161.39,877.22,1,3
151,legit_10,939.49,598.4,11.7738,-0.031,90.0,E3F3,4,110.52,534.8,0,-1
151,legit_11,801.6,21.87,7.277,1.772,0.0,E0E1,0,110.87,712.9,0,-1
151,legit_13,469.76,198.4,13.6135,0.9511,90.0,C1D1,0,80.85,578.42,0,-1
151,legit_14,996.29,398.9,7.7866,-0.5223,84.26,:F2_7,0,66.31,591.11,0,-1
151,legit_15,601.6,317.96,13.1298,-0.6567,0.0,D1D2,2,154.24,509.23,0,-1
151,legit_16,371.49,1.6,11.4373,-0.4184,270.0,C0B0,1,142.07,735.83,0,-1
151,legit_17,423.15,801.6,13.3717,0.7436,270.0,D4C4,3,46.86,501.32,0,-1
151,legit_18,198.4,505.24,12.7968,-0.0614,180.0,B3B2,0,106.41,573.56,0,-1
151,legit_19,601.6,396.22,12.8913,0.0866,0.0,:D2_9,2,152.76,481.42,0,-1
151,legit_20,577.92,998.4,12.8967,-0.9488,90.0,C5D5,0,151.73,566.77,0,-1
151,legit_21,798.4,497.78,12.997,-0.2826,180.0,E3E2,4,113.1,486.7,0,-1
151,legit_22,601.6,8.71,6.0009,-0.0521,349.73,D0D1,0,185.5,699.0,0,-1
151,legit_23,401.6,543.42,13.0478,0.3447,0.0,C2C3,0,74.46,480.95,0,-1
151,legit_24,663.24,398.4,12.9386,1.9157,90.0,D2E2,2,94.88,483.04,0,-1
151,legit_25,401.6,814.14,1.8358,1.8358,0.0,C4C5,1,54.88,511.18,0,-1
151,legit_9,798.4,585.69,5.1728,2.4558,180.0,E3E2,5,50.47,478.17,0,-1
151,sybil_10,1.6,69.11,0.0,-24.0353,0.0,A0A1,5,156.88,869.65,1,3
151,sybil_11,1.6,69.11,12.1118,7.8062,0.0,A0A1,5,156.88,869.65,1,3
151,sybil_12,99.49,1.6,6.9986,-15.3658,270.0,B0A0,6,128.72,851.41,1,4
151,sybil_13,99.49,1.6,23.2933,8.1559,270.0,B0A0,6,128.72,851.41,1,4
151,sybil_14,99.49,1.6,5.7671,5.1949,270.0,B0A0,6,128.72,851.41,1,4
151,sybil_15,231.11,1.6,14.6514,-4.2861,270.0,C0B0,4,143.52,785.53,1,5
151,sybil_22,555.43,798.4,22.5177,22.5177,90.0,C4D4,2,113.34,480.97,1,7
151,sybil_23,555.43,798.4,6.6071,6.6071,90.0,C4D4,2,113.34,480.97,1,7
151,sybil_6,801.6,592.54,5.2154,5.2154,0.0,E2E3,5,52.14,479.07,1,2
151,sybil_7,801.6,592.54,1.2185,-8.0964,0.0,E2E3,5,52.14,479.07,1,2
151,sybil_8,801.6,592.54,5.6694,-8.768,0.0,A0A1,5,52.14,479.07,1,2
151,sybil_9,1.6,69.11,21.7121,5.3369,0.0,A0A1,5,156.88,869.65,1,3
152,legit_10,951.15,598.4,11.6627,-0.1112,90.0,E3F3,0,98.86,540.42,0,-1
152,legit_11,801.6,31.36,9.4966,2.2196,0.0,E0E1,0,102.56,705.58,0,-1
152,legit_13,482.44,198.4,12.6796,-0.934,90.0,C1D1,0,84.85,576.42,0,-1
152,legit_14,1001.18,404.24,7.6743,-0.1123,31.78,:F2_7,0,65.89,592.38,0,-1
152,legit_15,601.6,331.72,13.7634,0.6336,0.0,D1D2,2,151.07,503.67,0,-1
152,legit_16,359.77,1.6,11.7141,0.2768,270.0,C0B0,1,148.86,739.18,0,-1
152,legit_17,414.28,801.6,8.8717,-4.5,270.0,D4C4,1,52.45,503.83,0,-1
152,legit_18,198.4,492.54,12.6964,-0.1004,180.0,B3B2,0,117.86,575.36,0,-1
152,legit_19,601.6,409.44,13.2244,0.3332,0.0,D2D3,2,156.42,477.63,0,-1
152,legit_20,590.97,998.4,13.0542,0.1575,90.0,C5D5,0,162.88,566.54,0,-1
152,legit_21,798.4,484.85,12.9264,-0.0706,180.0,E3E2,3,124.9,488.77,0,-1
152,legit_22,601.6,16.47,7.761,1.7601,0.0,D0D1,0,180.95,692.88,0,-1
152,legit_23,401.6,556.6,13.1814,0.1336,0.0,C2C3,0,65.01,479.78,0,-1
152,legit_24,675.48,398.4,12.2472,-0.6913,90.0,D2E2,2,83.83,484.02,0,-1
152,legit_25,401.6,818.14,4.0067,2.171,0.0,C4C5,1,53.11,512.37,0,-1
152,legit_9,798.4,579.22,6.4757,1.3029,180.0,E3E2,3,52.67,478.4,0,-1
152,sybil_10,1.6,82.21,16.641,16.641,0.0,A0A1,5,153.14,861.92,1,3
152,sybil_11,1.6,82.21,0.0,-12.1118,0.0,A0A1,5,153.14,861.92,1,3
152,sybil_12,85.79,1.6,0.1051,-6.8935,270.0,B0A0,6,134.69,859.37,1,4
152,sybil_13,85.79,1.6,10.9895,-12.3038,270.0,B0A0,6,134.69,859.37,1,4
152,sybil_14,85.79,1.6,8.1384,2.3713,270.0,B0A0,6,134.69,859.37,1,4
152,sybil_15,217.57,1.6,17.7767,3.1252,270.0,C0B0,4,136.32,791.41,1,5
152,sybil_22,566.16,798.4,12.9487,-9.5691,90.0,C4D4,1,123.39,480.49,1,7
152,sybil_23,566.16,798.4,8.2756,1.6685,90.0,C4D4,1,123.39,480.49,1,7
152,sybil_7,801.6,583.75,0.0,-1.2185,0.0,E2E3,3,54.1,479.28,1,2
152,sybil_8,801.6,583.75,13.1925,7.5231,0.0,A0A1,3,54.1,479.28,1,2
152,sybil_9,1.6,82.21,25.9221,4.21,0.0,A0A1,5,153.14,861.92,1,3
153,legit_10,962.75,598.4,11.5965,-0.0662,90.0,E3F3,0,87.27,546.16,0,-1
153,legit_11,801.6,42.84,11.4798,1.9832,0.0,E0E1,0,92.82,696.83,0,-1
153,legit_13,495.71,198.4,13.2687,0.5891,90.0,C1D1,0,90.75,574.6,0,-1
153,legit_14,1001.6,412.06,7.8462,0.1718,0.23,F2F3,0,71.08,590.72,0,-1
153,legit_15,601.6,344.49,12.7699,-0.9934,0.0,D1D2,2,149.21,498.77,0,-1
153,legit_16,348.09,1.6,11.6842,-0.0299,270.0,C0B0,1,156.22,742.68,0,-1
153,legit_17,408.6,801.6,5.6756,-3.196,270.0,D4C4,1,56.46,505.5,0,-1
153,legit_18,198.4,479.39,13.147,0.4506,180.0,B3B2,0,128.83,577.4,0,-1
153,legit_19,601.6,421.85,12.412,-0.8125,0.0,D2D3,2,160.77,474.31,0,-1
153,legit_20,604.38,998.4,13.413,0.3588,90.0,:D5_7,0,166.92,566.51,0,-1
153,legit_21,798.4,471.23,13.6214,0.695,180.0,E3E2,4,121.31,491.16,0,-1
153,legit_22,601.6,26.61,10.1433,2.3822,0.0,D0D1,0,175.34,684.97,0,-1
153,legit_23,401.6,570.01,13.4093,0.2279,0.0,C2C3,0,56.94,478.86,0,-1
153,legit_24,687.98,398.4,12.495,0.2477,90.0,D2E2,3,72.95,485.2,0,-1
153,legit_25,401.6,824.18,6.0335,2.0268,0.0,C4C5,1,50.92,514.22,0,-1
153,legit_9,798.4,570.35,8.8663,2.3906,180.0,E3E2,3,56.76,478.84,0,-1
153,sybil_10,1.6,94.66,0.5168,-16.1241,0.0,A0A1,5,150.55,854.72,1,3
153,sybil_11,1.6,94.66,0.0,0.0,0.0,A0A1,5,150.55,854.72,1,3
153,sybil_12,72.59,1.6,21.6677,21.5626,270.0,B0A0,6,141.46,867.21,1,4
153,sybil_13,72.59,1.6,30.115,19.1255,270.0,B0A0,6,141.46,867.21,1,4
153,sybil_14,72.59,1.6,25.0548,16.9164,270.0,B0A0,6,141.46,867.21,1,4
153,sybil_15,204.99,1.6,14.4903,-3.2864,270.0,:B0_4,4,130.55,797.05,1,5
153,sybil_22,577.2,798.4,4.567,-8.3816,90.0,C4D4,1,133.83,480.14,1,7
153,sybil_23,577.2,798.4,3.3187,-4.9569,90.0,C4D4,1,133.83,480.14,1,7
153,sybil_7,801.6,589.54,3.3779,3.3779,0.0,E2E3,3,52.65,479.12,1,2
153,sybil_8,801.6,589.54,24.4131,11.2206,0.0,A0A1,3,52.65,479.12,1,2
153,sybil_9,1.6,94.66,0.0,-25.9221,0.0,A0A1,5,150.55,854.72,1,3
154,legit_10,974.33,598.4,11.583,-0.0135,90.0,E3F3,0,75.69,552.02,0,-1
154,legit_11,801.6,55.98,13.1404,1.6606,0.0,E0E1,0,82.22,686.95,0,-1
154,legit_13,509.48,198.4,13.7721,0.5035,90.0,C1D1,0,98.41,572.99,0,-1
154,legit_14,1001.6,421.33,9.2666,1.4205,0.0,F2F3,0,78.13,588.59,0,-1
154,legit_15,601.6,357.73,13.2405,0.4706,0.0,D1D2,2,148.42,493.94,0,-1
154,legit_16,336.74,1.6,11.3472,-0.337,270.0,C0B0,1,163.85,746.21,0,-1
154,legit_17,400.82,801.6,7.7798,2.1042,270.0,:C4_5,1,62.39,507.87,0,-1
154,legit_18,198.4,465.64,13.7492,0.6022,180.0,B3B2,0,116.2,579.73,0,-1
154,legit_19,601.6,434.27,12.4182,0.0063,0.0,D2D3,2,165.95,471.21,0,-1
154,legit_20,618.21,998.4,13.8314,0.4184,90.0,D5E5,0,155.0,566.68,0,-1
154,legit_21,798.4,458.49,12.7404,-0.881,180.0,E3E2,2,109.74,493.59,0,-1
154,legit_22,601.6,38.37,11.7616,1.6183,0.0,D0D1,0,169.37,675.9,0,-1
154,legit_23,401.6,582.77,12.7621,-0.6472,0.0,C2C3,0,51.37,478.27,0,-1
154,legit_24,700.31,398.4,12.328,-0.167,90.0,D2E2,3,62.8,486.58,0,-1
154,legit_25,401.6,832.62,8.4457,2.4122,0.0,C4C5,1,48.96,516.93,0,-1
154,legit_9,798.4,559.83,10.5206,1.6543,180.0,E3E2,1,62.9,479.54,0,-1
154,sybil_10,1.6,107.66,14.2673,13.7504,0.0,A0A1,5,148.91,847.36,1,3
154,sybil_11,1.6,107.66,0.0,0.0,0.0,A0A1,5,148.91,847.36,1,3
154,sybil_12,59.89,1.6,16.2167,-5.451,270.0,B0A0,6,148.79,874.9,1,4
154,sybil_13,59.89,1.6,23.2181,-6.897,270.0,B0A0,6,148.79,874.9,1,4
154,sybil_14,59.89,1.6,16.3734,-8.6815,270.0,B0A0,6,148.79,874.9,1,4
154,sybil_15,191.69,1.6,10.7144,-3.7758,270.0,B0A0,4,125.53,803.2,1,5
154,sybil_22,588.34,798.4,5.7471,1.1801,90.0,C4D4,1,144.46,479.92,1,7
154,sybil_23,588.34,798.4,28.3779,25.0592,90.0,C4D4,1,144.46,479.92,1,7
154,sybil_9,1.6,107.66,2.8672,2.8672,0.0,A0A1,5,148.91,847.36,1,3
155,legit_10,983.96,598.4,9.6348,-1.9482,90.0,E3F3,0,66.06,557.0,0,-1
155,legit_11,801.6,69.3,13.3178,0.1774,0.0,E0E1,0,72.34,677.1,0,-1
155,legit_13,522.92,198.4,13.4355,-0.3366,90.0,C1D1,0,107.07,571.67,0,-1
155,legit_14,1001.6,432.28,10.9485,1.6819,0.0,F2F3,0,86.98,586.2,0,-1
155,legit_15,601.6,371.24,13.5056,0.265,0.0,D1D2,2,148.83,489.29,0,-1
155,legit_16,325.46,1.6,11.2787,-0.0685,270.0,C0B0,1,171.84,749.87,0,-1
155,legit_17,391.06,801.6,9.7629,1.983,270.0,C4B4,2,70.35,510.97,0,-1
155,legit_18,198.4,452.1,13.5462,-0.2031,180.0,B3B2,0,104.04,582.21,0,-1
155,legit_19,601.6,446.54,12.2721,-0.1461,0.0,D2D3,2,171.79,468.36,0,-1
155,legit_20,631.29,998.4,13.0794,-0.7521,90.0,D5E5,0,144.05,567.04,0,-1
155,legit_21,798.4,445.37,13.1205,0.3801,180.0,E3E2,2,98.14,496.28,0,-1
155,legit_22,601.6,51.94,13.5723,1.8107,0.0,D0D1,0,163.26,665.6,0,-1
155,legit_23,401.6,591.63,8.8594,-3.9028,0.0,C2C3,0,49.12,478.04,0,-1
155,legit_24,712.14,398.4,11.8333,-0.4947,90.0,D2E2,3,53.93,488.1,0,-1
155,legit_25,401.6,842.92,10.2973,1.8515,0.0,C4C5,2,48.49,520.42,0,-1
155,legit_9,798.4,548.54,11.2842,0.7636,180.0,E3E2,1,70.64,480.47,0,-1
155,sybil_10,1.6,120.48,6.7557,-7.5116,0.0,A0A1,5,148.4,840.27,1,3
155,sybil_11,1.6,120.48,8.7076,8.7076,0.0,A0A1,5,148.4,840.27,1,3
155,sybil_12,46.65,1.6,21.7748,5.5581,270.0,B0A0,6,157.16,883.07,1,4
155,sybil_13,46.65,1.6,24.3477,1.1296,270.0,B0A0,6,157.16,883.07,1,4
155,sybil_14,46.65,1.6,12.8644,-3.5089,270.0,B0A0,6,157.16,883.07,1,4
155,sybil_15,178.63,1.6,23.5379,12.8235,270.0,B0A0,4,121.81,809.43,1,5
155,sybil_23,458.88,798.4,15.9302,-12.4477,90.0,C4D4,2,42.54,492.04,1,7
155,sybil_9,1.6,120.48,14.065,11.1978,0.0,A0A1,5,148.4,840.27,1,3
156,legit_10,990.57,598.4,6.6071,-3.0276,90.0,E3F3,0,59.45,560.47,0,-1
156,legit_11,801.6,82.03,12.7293,-0.5884,0.0,E0E1,0,64.06,667.87,0,-1
156,legit_13,536.48,198.4,13.5603,0.1248,90.0,C1D1,1,116.73,570.57,0,-1
156,legit_14,1001.6,444.9,12.6292,1.6807,0.0,F2F3,0,97.73,583.61,0,-1
156,legit_15,601.6,384.95,13.7097,0.2041,0.0,D1D2,2,150.48,484.85,0,-1
156,legit_16,313.5,1.6,11.9615,0.6828,270.0,C0B0,1,180.69,753.88,0,-1
156,legit_17,379.56,801.6,11.5045,1.7416,270.0,C4B4,2,80.23,514.78,0,-1
156,legit_18,198.4,439.31,12.7897,-0.7564,180.0,B3B2,0,92.91,584.74,0,-1
156,legit_19,601.6,459.06,12.5175,0.2454,0.0,D2D3,2,178.43,465.68,0,-1
156,legit_20,644.56,998.4,13.2619,0.1825,90.0,D5E5,0,133.33,567.6,0,-1
156,legit_21,798.4,432.39,12.9856,-0.1348,180.0,E3E2,2,87.08,499.14,0,-1
156,legit_22,601.6,65.27,13.3304,-0.2419,0.0,D0D1,1,158.17,655.67,0,-1
156,legit_23,403.5,597.3,6.27,-2.5894,23.24,:C3_8,0,46.57,477.35,0,-1
156,legit_24,724.29,398.4,12.1456,0.3123,90.0,D2E2,3,46.21,489.9,0,-1
156,legit_25,401.6,854.78,11.8579,1.5607,0.0,C4C5,2,50.61,524.7,0,-1
156,legit_26,201.6,612.3,0.0,0.0,0.0,B3B4,0,53.05,564.78,0,-1
156,legit_9,798.4,537.3,11.2435,-0.0407,180.0,E3E2,1,79.21,481.57,0,-1
156,sybil_10,1.6,133.1,15.7523,8.9966,0.0,A0A1,5,148.98,833.46,1,3
156,sybil_11,1.6,133.1,12.2107,3.5031,0.0,A0A1,5,148.98,833.46,1,3
156,sybil_12,33.94,1.6,2.8233,-18.9515,270.0,B0A0,6,165.8,891.04,1,4
156,sybil_13,33.94,1.6,14.464,-9.8837,270.0,B0A0,6,165.8,891.04,1,4
156,sybil_14,33.94,1.6,3.2371,-9.6274,270.0,B0A0,6,165.8,891.04,1,4
156,sybil_15,165.83,1.6,10.1427,-13.3952,270.0,B0A0,4,119.45,815.74,1,5
156,sybil_23,472.0,798.4,12.5323,-3.3979,90.0,C4D4,2,47.06,489.66,1,7
156,sybil_9,1.6,133.1,18.3557,4.2907,0.0,A0A1,5,148.98,833.46,1,3
157,legit_10,993.44,598.83,2.9974,-3.6097,85.0,:F3_8,1,56.57,561.99,0,-1
157,legit_11,801.6,94.71,12.6763,-0.053,0.0,E0E1,0,57.47,658.87,0,-1
157,legit_13,549.99,198.4,13.5132,-0.0472,90.0,C1D1,1,127.06,569.7,0,-1
157,legit_14,1001.6,458.65,13.7484,1.1192,0.0,F2F3,1,109.89,580.99,0,-1
157,legit_15,601.6,397.83,12.8807,-0.829,0.0,:D2_9,2,153.15,480.95,0,-1
157,legit_16,301.35,1.6,12.1498,0.1883,270.0,C0B0,1,190.04,758.11,0,-1
157,legit_17,366.24,801.6,13.3201,1.8156,270.0,C4B4,2,92.15,519.39,0,-1
157,legit_18,198.4,425.85,13.46,0.6703,180.0,B3B2,0,81.72,587.59,0,-1
157,legit_19,601.6,471.8,12.7366,0.2191,0.0,D2D3,1,185.8,463.17,0,-1
157,legit_20,657.57,998.4,13.0145,-0.2474,90.0,D5E5,0,123.3,568.35,0,-1
157,legit_21,798.4,419.48,12.9031,-0.0825,180.0,E3E2,2,76.69,502.18,0,-1
157,legit_22,601.6,78.17,12.8969,-0.4335,0.0,D0D1,1,154.18,646.24,0,-1
157,legit_23,409.24,598.4,5.9675,-0.3025,83.04,C3D3,0,40.79,475.51,0,-1
157,legit_24,736.59,398.4,12.3056,0.16,90.0,D2E2,3,40.67,492.01,0,-1
157,legit_25,401.6,865.82,11.0403,-0.8177,0.0,C4C5,2,54.86,528.93,0,-1
157,legit_26,201.6,613.93,1.6285,1.6285,0.0,B3B4,0,53.45,564.83,0,-1
157,legit_9,798.4,526.22,11.0774,-0.1661,180.0,E3E2,2,88.24,482.82,0,-1
157,sybil_10,1.6,145.75,10.9258,-4.8264,0.0,A0A1,4,150.62,826.79,1,3
157,sybil_11,1.6,145.75,26.0926,13.882,0.0,A0A1,4,150.62,826.79,1,3
157,sybil_12,20.81,1.6,9.9336,7.1103,270.0,B0A0,5,175.24,899.4,1,4
157,sybil_13,20.81,1.6,23.4954,9.0313,270.0,B0A0,5,175.24,899.4,1,4
157,sybil_14,20.81,1.6,15.0004,11.7633,270.0,B0A0,5,175.24,899.4,1,4
157,sybil_15,152.43,1.6,19.4066,9.2639,270.0,B0A0,4,118.43,822.54,1,5
157,sybil_23,485.14,798.4,10.0282,-2.5041,90.0,C4D4,2,54.46,487.62,1,7
158,legit_10,994.11,600.57,2.2064,-0.791,56.95,:F3_8,1,55.89,562.35,0,-1
158,legit_11,801.6,107.58,12.8745,0.1982,0.0,E0E1,0,53.07,649.98,0,-1
158,legit_13,563.83,198.4,13.843,0.3298,90.0,C1D1,1,138.22,569.04,0,-1
158,legit_14,1001.6,472.16,13.5097,-0.2387,0.0,F2F3,1,122.16,578.6,0,-1
158,legit_15,601.6,411.09,13.2598,0.3791,0.0,D2D3,2,156.95,477.18,0,-1
158,legit_16,290.16,1.6,11.1952,-0.9546,270.0,C0B0,0,183.47,762.15,0,-1
158,legit_17,353.4,801.6,12.8319,-0.4882,270.0,C4B4,2,103.95,524.04,0,-1
158,legit_18,198.4,412.2,13.6527,0.1927,180.0,B3B2,0,71.18,590.69,0,-1
158,legit_19,601.6,484.09,12.2964,-0.4402,0.0,D2D3,1,188.3,460.95,0,-1
158,legit_20,670.75,998.4,13.1829,0.1684,90.0,D5E5,0,113.75,569.32,0,-1
158,legit_21,798.4,405.97,13.5166,0.6135,180.0,:E2_1,2,66.75,505.6,0,-1
158,legit_22,601.6,90.94,12.7647,-0.1322,0.0,D0D1,1,151.22,637.1,0,-1
158,legit_23,417.11,598.4,7.8705,1.903,90.0,C3D3,0,32.93,473.04,0,-1
158,legit_24,748.42,398.4,11.8247,-0.4809,90.0,D2E2,3,38.43,494.35,0,-1
158,legit_25,401.6,878.0,12.1814,1.1411,0.0,C4C5,2,61.53,533.84,0,-1
158,legit_26,201.6,617.46,3.5284,1.8998,0.0,B3B4,0,54.47,564.93,0,-1
158,legit_9,798.4,514.91,11.3182,0.2408,180.0,E3E2,2,97.9,484.25,0,-1
158,sybil_10,1.6,158.48,19.7479,8.822,0.0,A0A1,1,153.31,820.26,1,3
158,sybil_11,1.6,158.48,18.9518,-7.1408,0.0,A0A1,1,153.31,820.26,1,3
158,sybil_12,9.76,1.6,20.2801,10.3465,270.0,B0A0,3,183.54,906.54,1,4
158,sybil_13,9.76,1.6,14.4514,-9.044,270.0,B0A0,3,183.54,906.54,1,4
158,sybil_14,9.76,1.6,15.5836,0.5832,270.0,B0A0,3,183.54,906.54,1,4
158,sybil_15,139.87,1.6,9.9497,-9.4569,270.0,B0A0,3,118.83,829.11,1,5
158,sybil_23,498.9,798.4,19.5314,9.5031,90.0,C4D4,2,64.2,485.79,1,7
159,legit_10,992.26,601.6,2.2366,0.0302,346.9,F3E3,1,57.76,561.37,0,-1
159,legit_11,801.6,120.59,13.011,0.1365,0.0,E0E1,0,51.6,641.27,0,-1
159,legit_13,576.86,198.4,13.0248,-0.8182,90.0,C1D1,1,149.13,568.61,0,-1
159,legit_14,1001.6,485.66,13.4999,-0.0099,0.0,F2F3,1,124.16,576.4,0,-1
159,legit_15,601.6,424.71,13.616,0.3562,0.0,D2D3,1,161.89,473.58,0,-1
159,legit_16,278.11,1.6,12.0503,0.8552,270.0,C0B0,0,174.44,766.63,0,-1
159,legit_17,340.05,801.6,13.3499,0.518,270.0,C4B4,1,116.46,529.06,0,-1
159,legit_18,198.4,398.77,13.4291,-0.2236,180.0,:B2_1,0,62.01,593.97,0,-1
159,legit_19,601.6,497.21,13.1151,0.8187,0.0,D2D3,1,180.52,458.83,0,-1
159,legit_20,684.22,998.4,13.4708,0.2879,90.0,D5E5,0,104.81,570.54,0,-1
159,legit_21,798.4,392.3,13.662,0.1454,180.0,E2E1,2,58.19,509.33,0,-1
159,legit_22,601.6,104.57,13.6338,0.8691,0.0,D0D1,1,149.2,627.55,0,-1
159,legit_23,426.84,598.4,9.7332,1.8627,90.0,C3D3,0,23.21,470.09,0,-1
159,legit_24,760.47,398.4,12.0517,0.2271,90.0,D2E2,2,39.8,497.08,0,-1
159,legit_25,401.6,889.1,11.1043,-1.0771,0.0,C4C5,2,68.95,538.5,0,-1
159,legit_26,201.6,622.86,5.4034,1.875,0.0,B3B4,0,56.44,565.13,0,-1
159,legit_9,798.4,503.66,11.2451,-0.073,180.0,E3E2,2,107.81,485.82,0,-1
159,sybil_10,1.6,170.59,0.0,-19.7479,0.0,A0A1,1,156.79,814.19,1,3
159,sybil_11,1.6,170.59,26.6059,7.6541,0.0,A0A1,1,156.79,814.19,1,3
159,sybil_12,3.21,1.6,8.3401,-11.94,270.0,B0A0,3,188.59,910.81,1,4
159,sybil_13,3.21,1.6,10.9468,-3.5046,270.0,B0A0,3,188.59,910.81,1,4
159,sybil_14,3.21,1.6,7.8272,-7.7563,270.0,B0A0,3,188.59,910.81,1,4
159,sybil_15,126.5,1.6,2.4056,-7.5442,270.0,B0A0,3,120.71,836.29,1,5
159,sybil_23,511.68,798.4,11.808,-7.7234,90.0,C4D4,1,74.39,484.34,1,7
160,legit_10,988.21,601.6,4.0488,1.8122,272.64,F3E3,1,61.81,559.23,0,-1
160,legit_11,801.6,134.09,13.4929,0.4819,0.0,E0E1,0,53.49,632.55,0,-1
160,legit_13,585.84,198.4,8.9857,-4.039,90.0,C1D1,1,156.84,568.43,0,-1
160,legit_14,1001.6,498.53,12.8704,-0.6295,0.0,F2F3,1,112.42,574.49,0,-1
160,legit_15,601.6,438.06,13.3558,-0.2601,0.0,D2D3,1,167.68,470.31,0,-1
160,legit_16,266.92,1.6,11.1892,-0.8611,270.0,C0B0,0,166.4,770.93,0,-1
160,legit_17,326.29,801.6,13.7606,0.4107,270.0,C4B4,1,129.53,534.44,0,-1
160,legit_18,198.4,385.63,13.1316,-0.2974,180.0,B2B1,0,54.77,597.43,0,-1
160,legit_19,601.6,510.52,13.3059,0.1908,0.0,D2D3,1,173.29,456.91,0,-1
160,legit_20,697.96,998.4,13.7364,0.2656,90.0,D5E5,0,96.78,572.04,0,-1
160,legit_21,798.4,379.5,12.8084,-0.8536,180.0,E2E1,2,52.18,513.09,0,-1
160,legit_22,601.6,117.66,13.0873,-0.5465,0.0,D0D1,1,148.42,618.61,0,-1
160,legit_23,438.81,598.4,11.9614,2.2282,90.0,C3D3,0,11.31,466.62,0,-1
160,legit_24,772.32,398.4,11.8559,-0.1958,90.0,D2E2,2,44.42,500.09,0,-1
160,legit_25,401.6,900.32,11.2209,0.1166,0.0,C4C5,1,77.34,543.39,0,-1
160,legit_26,201.6,630.72,7.8636,2.4602,0.0,B3B4,0,60.05,565.52,0,-1
160,legit_9,798.4,492.34,11.316,0.0709,180.0,E3E2,2,118.04,487.55,0,-1
160,sybil_10,1.6,182.73,18.8312,18.8312,0.0,A0A1,1,161.12,808.27,1,3
160,sybil_11,1.6,182.73,7.1189,-19.487,0.0,A0A1,1,161.12,808.27,1,3
160,sybil_12,1.6,3.58,5.9666,-2.3735,298.46,A0A1,3,188.62,910.58,1,4
160,sybil_13,1.6,3.58,4.5604,-6.3864,270.0,B0A0,3,188.62,910.58,1,4
160,sybil_14,1.6,3.58,10.5489,2.7216,270.0,B0A0,3,188.62,910.58,1,4
160,sybil_15,113.14,1.6,0.0,-2.4056,270.0,B0A0,3,124.01,843.68,1,5
160,sybil_23,524.73,798.4,17.5313,5.7234,90.0,C4D4,0,85.53,483.09,1,7
161,legit_10,982.62,601.6,5.5946,1.5457,270.0,F3E3,1,67.4,556.3,0,-1
161,legit_11,801.6,147.3,13.2116,-0.2814,0.0,E0E1,0,58.38,624.31,0,-1
161,legit_13,591.5,198.4,5.657,-3.3287,90.0,C1D1,1,161.77,568.35,0,-1
161,legit_14,1001.6,511.55,13.0193,0.1489,0.0,F2F3,1,100.82,572.72,0,-1
161,legit_15,601.6,451.23,13.1641,-0.1918,0.0,D2D3,1,174.2,467.33,0,-1
161,legit_16,254.76,1.6,12.1599,0.9706,270.0,C0B0,0,158.09,775.74,0,-1
161,legit_17,313.41,801.6,12.8855,-0.8751,270.0,C4B4,1,141.89,539.67,0,-1
161,legit_18,198.4,372.61,13.0203,-0.1113,180.0,B2B1,0,50.02,601.14,0,-1
161,legit_19,601.6,523.56,13.0435,-0.2624,0.0,D2D3,1,166.93,455.28,0,-1
161,legit_20,710.83,998.4,12.8721,-0.8643,90.0,D5E5,0,90.51,573.69,0,-1
161,legit_21,798.4,366.69,12.8029,-0.0054,180.0,E2E1,2,48.86,517.15,0,-1
161,legit_22,601.6,131.42,13.7616,0.6744,0.0,D0D1,1,148.84,609.44,0,-1
161,legit_23,451.51,598.4,12.7044,0.743,90.0,C3D3,0,2.2,463.28,0,-1
161,legit_24,782.76,398.4,10.4405,-1.4154,90.0,D2E2,2,50.48,502.97,0,-1
161,legit_25,401.6,911.72,11.3947,0.1739,0.0,C4C5,1,86.52,548.51,0,-1
161,legit_26,201.6,640.29,9.5675,1.7039,0.0,B3B4,0,65.47,566.11,0,-1
161,legit_9,798.4,481.15,11.1963,-0.1198,180.0,E3E2,2,128.33,489.4,0,-1
161,sybil_11,1.6,168.56,14.0627,6.9438,0.0,A0A1,0,156.14,815.2,1,3
161,sybil_12,1.6,8.17,9.33,3.3634,359.96,A0A1,3,185.82,907.6,1,4
161,sybil_13,1.6,8.17,0.0,-4.5604,270.0,B0A0,3,185.82,907.6,1,4
161,sybil_14,1.6,8.17,16.0286,5.4797,270.0,B0A0,3,185.82,907.6,1,4
161,sybil_15,99.97,1.6,26.8998,26.8998,270.0,B0A0,3,128.54,851.14,1,5
161,sybil_23,537.55,798.4,8.6052,-8.9261,90.0,C4D4,0,96.94,482.07,1,7
162,legit_10,975.57,601.6,7.0423,1.4477,270.0,F3E3,1,74.44,552.66,0,-1
162,legit_11,801.6,160.16,12.8634,-0.3482,0.0,E0E1,0,65.39,616.54,0,-1
162,legit_13,594.28,199.76,3.3713,-2.2857,72.81,:D1_15,1,164.86,567.56,0,-1
162,legit_14,1001.6,525.32,13.7701,0.7508,0.0,F2F3,1,88.99,571.06,0,-1
162,legit_15,601.6,464.43,13.2027,0.0387,0.0,D2D3,1,181.46,464.59,0,-1
162,legit_16,242.77,1.6,11.9896,-0.1703,270.0,C0B0,1,150.41,780.63,0,-1
162,legit_17,299.82,801.6,13.5847,0.6992,270.0,C4B4,0,154.67,545.37,0,-1
162,legit_18,198.4,359.88,12.7309,-0.2894,180.0,B2B1,0,48.4,605.07,0,-1
162,legit_19,601.6,536.46,12.9046,-0.1389,0.0,D2D3,1,161.43,453.9,0,-1
162,legit_20,724.7,998.4,13.872,1.0,90.0,D5E5,0,85.43,575.75,0,-1
162,legit_21,798.4,353.45,13.2454,0.4425,180.0,E2E1,2,48.84,521.7,0,-1
162,legit_22,601.6,145.1,13.6809,-0.0807,0.0,D0D1,1,150.51,600.56,0,-1
162,legit_23,464.66,598.4,13.1529,0.4485,90.0,C3D3,0,14.75,461.13,0,-1
162,legit_24,788.97,398.4,6.2044,-4.2361,90.0,D2E2,2,54.71,504.78,0,-1
162,legit_25,401.6,922.77,11.048,-0.3467,0.0,C4C5,0,95.88,553.61,0,-1
162,legit_26,201.6,651.2,10.9069,1.3394,0.0,B3B4,0,72.69,566.95,0,-1
162,legit_27,187.7,1.6,0.0,0.0,270.0,B0A0,2,124.26,805.08,0,-1
162,legit_9,798.4,469.78,11.3669,0.1706,180.0,E3E2,2,119.98,491.43,0,-1
162,sybil_11,1.6,181.58,2.7807,-11.282,0.0,A0A1,0,160.67,808.82,1,3
162,sybil_12,1.6,14.46,5.8026,-3.5273,0.0,A0A1,3,182.1,903.55,1,4
162,sybil_13,1.6,14.46,9.465,9.465,270.0,B0A0,3,182.1,903.55,1,4
162,sybil_14,1.6,14.46,1.3193,-14.7093,270.0,B0A0,3,182.1,903.55,1,4
162,sybil_15,86.61,1.6,28.1322,1.2325,270.0,B0A0,4,134.3,858.89,1,5
162,sybil_23,550.22,798.4,17.6884,9.0831,90.0,C4D4,0,108.51,481.25,1,7
163,legit_10,967.13,601.6,8.4393,1.397,270.0,F3E3,1,82.88,548.36,0,-1
163,legit_11,801.6,173.74,13.5813,0.7179,0.0,E0E1,0,74.5,608.58,0,-1
163,legit_13,591.93,201.6,3.471,0.0997,335.44,D1C1,1,163.71,566.53,0,-1
163,legit_14,1001.6,539.01,13.6891,-0.081,0.0,F2F3,1,77.86,569.61,0,-1
163,legit_15,601.6,477.34,12.9107,-0.292,0.0,D2D3,1,189.19,462.14,0,-1
163,legit_16,230.52,1.6,12.2483,0.2587,270.0,C0B0,1,143.18,785.79,0,-1
163,legit_17,286.19,801.6,13.6317,0.047,270.0,C4B4,0,141.5,551.28,0,-1
163,legit_18,198.4,346.6,13.2843,0.5534,180.0,B2B1,0,50.22,609.5,0,-1
163,legit_19,601.6,549.63,13.169,0.2644,0.0,D2D3,2,156.71,452.75,0,-1
163,legit_20,738.2,998.4,13.4963,-0.3758,90.0,D5E5,0,82.45,578.05,0,-1
163,legit_21,798.4,340.84,12.612,-0.6333,180.0,E2E1,2,52.06,526.36,0,-1
163,legit_22,601.6,158.98,13.8823,0.2013,0.0,D0D1,1,153.43,591.81,0,-1
163,legit_23,478.18,598.4,13.5154,0.3625,90.0,C3D3,1,28.22,459.15,0,-1
163,legit_24,797.47,398.4,8.4972,2.2929,90.0,:E2_13,2,61.05,507.34,0,-1
163,legit_25,401.6,934.22,11.4583,0.4103,0.0,C4C5,0,105.93,559.05,0,-1
163,legit_26,201.6,663.33,12.1312,1.2243,0.0,B3B4,0,81.69,568.07,0,-1
163,legit_27,185.67,1.6,2.0262,2.0262,270.0,B0A0,2,123.66,806.05,0,-1
163,legit_9,798.4,458.48,11.2986,-0.0683,180.0,E3E2,2,109.73,493.59,0,-1
163,sybil_12,1.6,22.8,5.9703,0.1677,0.0,A0A1,3,177.4,898.22,1,4
163,sybil_13,1.6,22.8,5.3018,-4.1632,270.0,B0A0,3,177.4,898.22,1,4
163,sybil_14,1.6,22.8,12.922,11.6027,270.0,B0A0,3,177.4,898.22,1,4
163,sybil_15,73.97,1.6,16.1394,-11.9928,270.0,B0A0,4,140.71,866.38,1,5
163,sybil_23,563.39,798.4,17.6817,-0.0067,90.0,C4D4,0,120.78,480.6,1,7
164,legit_10,956.43,601.6,10.7059,2.2666,270.0,F3E3,1,93.59,543.02,0,-1
164,legit_11,801.6,187.34,13.6013,0.0201,0.0,E0E1,1,84.84,600.83,0,-1
164,legit_13,586.77,201.6,5.157,1.686,270.0,D1C1,1,159.26,566.59,0,-1
164,legit_14,1001.6,552.74,13.7322,0.0431,0.0,F2F3,1,67.64,568.39,0,-1
164,legit_15,601.6,491.17,13.8266,0.9159,0.0,D2D3,1,184.03,459.78,0,-1
164,legit_16,219.21,1.6,11.3048,-0.9435,270.0,C0B0,1,137.15,790.69,0,-1
164,legit_17,273.0,801.6,13.1942,-0.4375,270.0,C4B4,1,128.85,557.18,0,-1
164,legit_18,198.4,333.08,13.5214,0.2371,180.0,B2B1,0,55.38,614.33,0,-1
164,legit_19,601.6,562.28,12.6459,-0.5231,0.0,D2D3,2,153.12,451.89,0,-1
164,legit_20,750.84,998.4,12.6424,-0.8538,90.0,D5E5,0,81.6,580.49,0,-1
164,legit_21,798.4,327.84,12.9966,0.3846,180.0,E2E1,3,58.11,531.46,0,-1
164,legit_22,601.6,171.7,12.7212,-1.161,0.0,D0D1,1,157.15,584.01,0,-1
164,legit_23,490.81,598.4,12.6337,-0.8817,90.0,C3D3,1,40.84,457.49,0,-1
164,legit_24,808.19,398.4,10.7209,2.2237,90.0,E2F2,2,69.72,510.73,0,-1
164,legit_25,401.6,945.3,11.0706,-0.3877,0.0,C4C5,0,115.89,564.44,0,-1
164,legit_26,201.6,674.64,11.3118,-0.8193,0.0,B3B4,1,90.74,569.27,0,-1
164,legit_27,182.3,1.6,3.3758,1.3495,270.0,B0A0,2,122.73,807.66,0,-1
164,legit_9,798.4,446.8,11.6868,0.3882,180.0,E3E2,2,99.38,495.97,0,-1
164,sybil_12,1.6,33.12,17.9519,11.9816,0.0,A0A1,3,171.96,891.7,1,4
164,sybil_13,1.6,33.12,3.3656,-1.9362,292.49,A0A1,3,171.96,891.7,1,4
164,sybil_14,1.6,33.12,7.2289,-5.6931,270.0,B0A0,3,171.96,891.7,1,4
164,sybil_15,60.3,1.6,0.0,-16.1394,270.0,B0A0,4,148.54,874.65,1,5
164,sybil_23,577.26,798.4,19.9859,2.3042,90.0,C4D4,0,133.89,480.14,1,7
165,legit_10,944.61,601.6,11.8163,1.1104,270.0,F3E3,1,105.4,537.25,0,-1
165,legit_13,579.91,201.6,6.8558,1.6989,270.0,D1C1,1,153.42,566.72,0,-1
165,legit_14,1001.6,565.59,12.8434,-0.8888,0.0,F2F3,1,59.39,567.48,0,-1
165,legit_15,601.6,504.19,13.024,-0.8027,0.0,D2D3,2,176.64,457.79,0,-1
165,legit_16,209.68,1.6,9.5328,-1.772,270.0,C0B0,1,132.59,794.92,0,-1
165,legit_17,259.82,801.6,13.1773,-0.0169,270.0,C4B4,1,116.34,563.26,0,-1
165,legit_18,198.4,319.97,13.1076,-0.4137,180.0,B2B1,0,62.81,619.3,0,-1
165,legit_19,601.6,574.62,12.3379,-0.3081,0.0,D2D3,2,150.56,451.28,0,-1
165,legit_20,763.99,998.4,13.1422,0.4998,90.0,D5E5,0,82.79,583.31,0,-1
165,legit_21,798.4,313.96,13.8802,0.8835,180.0,E2E1,2,66.8,537.2,0,-1
165,legit_22,601.6,184.96,13.2572,0.5359,0.0,D0D1,1,161.99,576.1,0,-1
165,legit_23,503.92,598.4,13.1074,0.4737,90.0,C3D3,2,53.94,455.97,0,-1
165,legit_24,820.06,398.4,11.8763,1.1554,90.0,E2F2,2,79.9,514.65,0,-1
165,legit_25,401.6,956.93,11.6379,0.5673,0.0,C4C5,0,126.55,570.24,0,-1
165,legit_26,201.6,686.01,11.3643,0.0525,0.0,B3B4,1,100.3,570.63,0,-1
165,legit_27,176.69,1.6,5.6086,2.2329,270.0,B0A0,2,121.37,810.38,0,-1
165,legit_9,798.4,435.18,11.6192,-0.0676,180.0,E3E2,2,89.41,498.51,0,-1
165,sybil_12,1.6,45.28,23.2059,5.254,0.0,A0A1,3,166.15,884.13,1,4
165,sybil_13,1.6,45.28,4.7812,1.4156,0.0,A0A1,3,166.15,884.13,1,4
165,sybil_14,1.6,45.28,12.3319,5.1031,270.0,B0A0,3,166.15,884.13,1,4
165,sybil_15,46.59,1.6,11.4849,11.4849,270.0,B0A0,4,157.2,883.11,1,5
165,sybil_23,589.88,798.4,4.5638,-15.4221,90.0,C4D4,0,145.93,479.9,1,7
166,legit_10,933.48,601.6,11.1265,-0.6898,270.0,F3E3,1,116.53,531.95,0,-1
166,legit_13,570.88,201.6,9.0384,2.1826,270.0,D1C1,1,145.84,566.97,0,-1
166,legit_14,1001.6,578.89,13.3035,0.4601,0.0,F2F3,1,52.8,566.79,0,-1
166,legit_15,601.6,517.68,13.4904,0.4665,0.0,D2D3,2,169.7,455.98,0,-1
166,legit_16,204.43,2.14,5.3247,-4.2081,276.26,:B0_3,1,129.82,796.9,0,-1
166,legit_17,246.16,801.6,13.6593,0.4819,270.0,C4B4,1,103.54,569.76,0,-1
166,legit_18,198.4,306.44,13.5289,0.4213,180.0,B2B1,0,72.19,624.68,0,-1
166,legit_19,601.6,587.34,12.7203,0.3825,0.0,D2D3,2,148.94,450.9,0,-1
166,legit_20,777.55,998.4,13.5643,0.4221,90.0,D5E5,0,86.13,586.52,0,-1
166,legit_21,798.4,300.95,13.0134,-0.8668,180.0,E2E1,2,76.35,542.83,0,-1
166,legit_22,601.6,198.71,13.7489,0.4917,0.0,:D1_9,1,167.98,568.14,0,-1
166,legit_23,517.24,598.4,13.3158,0.2084,90.0,C3D3,2,67.25,454.62,0,-1
166,legit_24,832.69,398.4,12.6321,0.7559,90.0,E2F2,2,91.18,519.02,0,-1
166,legit_25,401.6,967.94,11.0101,-0.6278,0.0,C4C5,0,122.06,575.85,0,-1
166,legit_26,201.6,698.17,12.1628,0.7985,0.0,B3B4,1,110.9,572.24,0,-1
166,legit_27,169.05,1.6,7.6434,2.0348,270.0,B0A0,2,119.92,814.13,0,-1
166,legit_9,798.4,423.45,11.727,0.1078,180.0,E3E2,2,79.8,501.22,0,-1
166,sybil_12,1.6,58.52,10.0204,-13.1855,0.0,A0A1,3,160.63,876.03,1,4
166,sybil_13,1.6,58.52,0.0,-4.7812,0.0,A0A1,3,160.63,876.03,1,4
166,sybil_14,1.6,58.52,16.5968,4.2648,270.0,B0A0,3,160.63,876.03,1,4
166,sybil_15,32.81,1.6,9.6998,-1.7851,270.0,B0A0,4,166.59,891.75,1,5
167,legit_10,922.7,601.6,10.7899,-0.3367,270.0,F3E3,1,127.31,526.93,0,-1
167,legit_13,560.36,201.6,10.5182,1.4797,270.0,D1C1,1,137.25,567.37,0,-1
167,legit_14,1001.6,591.59,12.6961,-0.6074,0.0,F2F3,1,49.13,566.43,0,-1
167,legit_15,601.6,531.18,13.5034,0.0129,0.0,D2D3,2,163.58,454.44,0,-1
167,legit_16,201.82,5.69,4.6663,-0.6584,322.07,:B0_3,1,125.5,795.47,0,-1
167,legit_17,232.34,801.6,13.8182,0.1589,270.0,C4B4,1,90.86,576.53,0,-1
167,legit_18,198.4,293.32,13.1251,-0.4038,180.0,B2B1,0,82.4,630.11,0,-1
167,legit_19,601.6,600.35,13.0103,0.29,0.0,:D3_9,2,148.4,450.77,0,-1
167,legit_20,791.33,998.4,13.7757,0.2114,90.0,D5E5,0,91.47,590.08,0,-1
167,legit_21,798.4,287.12,13.8274,0.814,180.0,E2E1,2,87.49,549.04,0,-1
167,legit_22,601.6,211.31,12.6015,-1.1473,0.0,D1D2,1,174.24,561.05,0,-1
167,legit_23,530.08,598.4,12.8426,-0.4731,90.0,C3D3,2,80.09,453.52,0,-1
167,legit_24,845.37,398.4,12.6795,0.0474,90.0,E2F2,2,102.81,523.58,0,-1
167,legit_25,401.6,979.59,11.6417,0.6316,0.0,C4C5,0,111.47,581.92,0,-1
167,legit_26,201.6,709.75,11.5832,-0.5796,0.0,B3B4,1,121.28,573.92,0,-1
167,legit_27,160.08,1.6,8.9658,1.3224,270.0,B0A0,2,118.83,818.63,0,-1
167,legit_9,798.4,412.15,11.2971,-0.4299,180.0,E3E2,2,71.15,504.01,0,-1
167,sybil_12,1.6,71.14,10.16,0.1396,0.0,A0A1,3,156.24,868.45,1,4
167,sybil_13,1.6,71.14,0.0,0.0,0.0,A0A1,3,156.24,868.45,1,4
167,sybil_14,1.6,71.14,1.2241,-15.3726,294.65,A0A1,3,156.24,868.45,1,4
167,sybil_15,21.81,1.6,28.4524,18.7526,270.0,B0A0,4,174.5,898.76,1,5
168,legit_10,911.33,601.6,11.3625,0.5726,270.0,F3E3,2,138.68,521.78,0,-1
168,legit_13,548.27,201.6,12.0834,1.5653,270.0,D1C1,1,127.74,567.99,0,-1
168,legit_14,1001.6,604.74,13.1572,0.4611,0.0,:F3_3,2,48.63,566.38,0,-1
168,legit_15,601.6,544.27,13.0877,-0.4157,0.0,D2D3,2,158.52,453.19,0,-1
168,legit_16,201.6,10.75,5.0693,0.4029,357.64,B0B1,1,120.82,791.84,0,-1
168,legit_17,219.61,801.6,12.7302,-1.088,270.0,C4B4,1,79.5,582.95,0,-1
168,legit_18,198.4,279.52,13.7966,0.6715,180.0,B2B1,0,93.91,636.01,0,-1
168,legit_19,601.6,612.83,12.4799,-0.5304,0.0,D3D4,2,148.95,450.9,0,-1
168,legit_20,804.8,998.4,13.4736,-0.3021,90.0,:E5_7,0,98.29,593.84,0,-1
168,legit_21,798.4,273.83,13.2873,-0.5401,180.0,E2E1,1,98.83,555.21,0,-1
168,legit_22,601.6,224.48,13.1671,0.5656,0.0,D1D2,1,181.49,553.86,0,-1
168,legit_23,542.66,598.4,12.5807,-0.2619,90.0,C3D3,2,92.67,452.62,0,-1
168,legit_24,857.54,398.4,12.1631,-0.5164,90.0,E2F2,1,114.19,528.14,0,-1
168,legit_25,401.6,988.28,8.6962,-2.9455,0.0,C4C5,0,103.71,586.55,0,-1
168,legit_26,201.6,722.19,12.4336,0.8504,0.0,B3B4,1,128.62,575.88,0,-1
168,legit_27,148.88,1.6,11.1951,2.2293,270.0,B0A0,2,118.41,824.37,0,-1
168,legit_28,998.4,587.7,0.0,0.0,180.0,F3F2,2,53.05,564.78,0,-1
168,sybil_12,1.6,84.48,19.7052,9.5451,0.0,A0A1,3,152.59,860.59,1,4
168,sybil_13,1.6,84.48,12.3101,12.3101,0.0,A0A1,3,152.59,860.59,1,4
168,sybil_14,1.6,84.48,2.6881,1.464,0.0,A0A1,3,152.59,860.59,1,4
168,sybil_15,13.59,1.6,0.0,-28.4524,270.0,B0A0,4,180.63,904.06,1,5
169,legit_10,900.38,601.6,10.9509,-0.4117,270.0,F3E3,2,149.63,516.94,0,-1
169,legit_13,535.21,201.6,13.0616,0.9782,270.0,D1C1,1,117.98,568.86,0,-1
169,legit_14,1001.6,617.64,12.896,-0.2612,0.0,F3F4,2,51.51,566.67,0,-1
169,legit_15,601.6,557.54,13.2664,0.1787,0.0,D2D3,2,154.36,452.18,0,-1
169,legit_16,201.6,18.06,7.3097,2.2404,0.0,B0B1,1,114.26,786.48,0,-1
169,legit_17,211.38,801.6,8.2302,-4.5,270.0,C4B4,1,72.4,587.2,0,-1
169,legit_18,198.4,266.04,13.4761,-0.3205,180.0,B2B1,0,105.69,641.97,0,-1
169,legit_19,601.6,626.14,13.3151,0.8352,0.0,D3D4,2,150.69,451.31,0,-1
169,legit_20,817.63,998.4,12.8349,-0.6387,90.0,E5F5,0,105.99,597.66,0,-1
169,legit_21,798.4,260.44,13.39,0.1028,180.0,E2E1,0,110.7,561.63,0,-1
169,legit_22,601.6,237.11,12.6315,-0.5356,0.0,D1D2,1,189.04,547.17,0,-1
169,legit_23,555.82,598.4,13.1654,0.5847,90.0,C3D3,2,105.84,451.87,0,-1
169,legit_24,870.23,398.4,12.695,0.5319,90.0,E2F2,0,126.22,533.06,0,-1
169,legit_25,401.6,992.48,4.1962,-4.5,0.0,C4C5,0,100.01,588.8,0,-1
169,legit_26,201.6,734.49,12.3031,-0.1305,0.0,B3B4,1,117.45,577.97,0,-1
169,legit_27,137.33,1.6,11.5551,0.36,270.0,B0A0,2,119.08,830.46,0,-1
169,legit_28,998.4,585.96,1.7386,1.7386,180.0,F3F2,2,53.48,564.83,0,-1
169,sybil_12,1.6,97.32,7.137,-12.5682,0.0,A0A1,3,150.12,853.2,1,4
169,sybil_13,1.6,97.32,5.1511,-7.1591,0.0,A0A1,3,150.12,853.2,1,4
169,sybil_14,1.6,97.32,4.2605,1.5723,0.0,A0A1,3,150.12,853.2,1,4
169,sybil_15,6.16,1.6,0.5392,0.5392,270.0,B0A0,4,186.3,908.89,1,5
170,legit_10,888.86,601.6,11.5234,0.5725,270.0,F3E3,2,138.87,511.98,0,-1
170,legit_13,521.45,201.6,13.7587,0.6971,270.0,D1C1,1,108.46,570.0,0,-1
170,legit_14,1001.6,630.44,12.7959,-0.1001,0.0,F3F4,2,57.17,567.24,0,-1
170,legit_15,601.6,570.64,13.1011,-0.1653,0.0,D2D3,2,151.28,451.45,0,-1
170,legit_16,201.6,27.34,9.2789,1.9692,0.0,B0B1,1,106.06,779.74,0,-1
170,legit_17,201.19,801.6,10.1895,1.9593,270.0,:B4_5,1,63.99,592.57,0,-1
170,legit_18,198.4,252.48,13.5631,0.087,180.0,B2B1,0,117.91,648.15,0,-1
170,legit_19,601.6,638.8,12.6594,-0.6557,0.0,D3D4,2,153.39,451.95,0,-1
170,legit_20,830.36,998.4,12.7257,-0.1092,90.0,E5F5,0,114.53,601.66,0,-1
170,legit_21,798.4,247.26,13.1831,-0.207,180.0,E2E1,0,122.69,568.13,0,-1
170,legit_22,601.6,250.12,13.0069,0.3753,0.0,D1D2,1,184.65,540.48,0,-1
170,legit_23,568.65,598.4,12.8253,-0.3401,90.0,C3D3,2,118.66,451.32,0,-1
170,legit_24,882.05,398.4,11.8177,-0.8773,90.0,E2F2,0,137.52,537.81,0,-1
170,legit_25,399.53,994.16,3.1853,-1.0109,329.38,:C5_5,0,99.58,590.3,0,-1
170,legit_26,201.6,746.0,11.5107,-0.7924,0.0,B3B4,1,107.23,580.08,0,-1
170,legit_27,125.37,1.6,11.9638,0.4087,270.0,B0A0,2,120.94,836.91,0,-1
170,legit_28,998.4,582.23,3.7334,1.9948,180.0,F3F2,2,54.57,564.94,0,-1
170,sybil_12,1.6,110.79,13.2492,6.1123,0.0,A0A1,3,148.69,845.62,1,4
170,sybil_13,1.6,110.79,24.2834,19.1323,0.0,A0A1,3,148.69,845.62,1,4
170,sybil_14,1.6,110.79,0.0,-4.2605,0.0,A0A1,3,148.69,845.62,1,4
170,sybil_15,2.63,1.68,6.3717,5.8325,270.93,:A0_1,4,188.99,911.14,1,5
171,legit_10,877.06,601.6,11.7942,0.2709,270.0,F3E3,2,127.07,507.04,0,-1
171,legit_13,508.53,201.6,12.9287,-0.83,270.0,D1C1,1,100.42,571.3,0,-1
171,legit_14,1001.6,643.32,12.8815,0.0856,0.0,F3F4,2,64.95,568.09,0,-1
171,legit_15,601.6,583.94,13.302,0.2009,0.0,D2D3,2,149.27,450.98,0,-1
171,legit_16,201.6,38.5,11.1657,1.8868,0.0,B0B1,1,96.46,771.7,0,-1
171,legit_17,189.05,801.6,12.147,1.9575,270.0,B4A4,1,54.76,599.15,0,-1
171,legit_18,198.4,238.86,13.6235,0.0603,180.0,B2B1,0,128.33,654.53,0,-1
171,legit_19,601.6,651.67,12.8641,0.2047,0.0,D3D4,2,157.14,452.85,0,-1
171,legit_20,844.16,998.4,13.7958,1.0701,90.0,E5F5,0,124.59,606.21,0,-1
171,legit_21,798.4,234.55,12.7033,-0.4798,180.0,E2E1,0,124.36,574.57,0,-1
171,legit_22,601.6,262.99,12.8779,-0.129,0.0,D1D2,1,177.29,534.08,0,-1
171,legit_23,580.47,598.4,11.8223,-1.003,90.0,C3D3,2,130.48,450.99,0,-1
171,legit_24,894.78,398.4,12.7327,0.915,90.0,E2F2,0,149.79,543.08,0,-1
171,legit_25,398.4,991.86,2.7424,-0.4429,243.32,C5C4,0,102.13,589.38,0,-1
171,legit_26,201.6,757.34,11.3378,-0.1729,0.0,B3B4,1,97.45,582.29,0,-1
171,legit_27,112.81,1.6,12.555,0.5912,270.0,B0A0,2,124.1,843.86,0,-1
171,legit_28,998.4,576.65,5.5815,1.8481,180.0,F3F2,2,56.64,565.15,0,-1
171,sybil_12,1.6,124.29,11.6352,-1.614,0.0,A0A1,3,148.46,838.2,1,4
171,sybil_13,1.6,124.29,5.1363,-19.1471,0.0,A0A1,3,148.46,838.2,1,4
171,sybil_14,1.6,124.29,23.5923,23.5923,0.0,A0A1,3,148.46,838.2,1,4
171,sybil_15,1.6,4.7,0.0,-6.3717,320.9,A0A1,4,187.93,909.85,1,5
172,legit_10,866.43,601.6,10.6348,-1.1594,270.0,F3E3,2,116.44,502.72,0,-1
172,legit_13,495.04,201.6,13.4897,0.5611,270.0,D1C1,1,93.2,572.91,0,-1
172,legit_14,1001.6,656.37,13.0573,0.1759,0.0,F3F4,2,74.3,569.18,0,-1
172,legit_15,601.6,597.73,13.7919,0.4899,0.0,:D3_9,2,148.42,450.78,0,-1
172,legit_16,201.6,49.73,11.2281,0.0625,0.0,B0B1,1,87.18,763.71,0,-1
172,legit_17,175.8,801.6,13.2501,1.103,270.0,B4A4,1,46.26,606.57,0,-1
172,legit_18,198.4,226.0,12.8542,-0.7693,180.0,B2B1,0,116.53,660.71,0,-1
172,legit_19,601.6,663.98,12.3105,-0.5536,0.0,D3D4,2,161.6,453.94,0,-1
172,legit_20,857.45,998.4,13.2947,-0.5011,90.0,E5F5,0,134.92,610.81,0,-1
172,legit_21,798.4,221.95,12.6072,-0.0961,180.0,E2E1,0,112.85,581.11,0,-1
172,legit_22,601.6,276.53,13.5393,0.6614,0.0,D1D2,1,170.26,527.58,0,-1
172,legit_23,588.41,598.4,7.9336,-3.8887,90.0,C3D3,2,138.41,450.85,0,-1
172,legit_24,906.84,398.4,12.0609,-0.6718,90.0,E2F2,0,148.22,548.23,0,-1
172,legit_25,398.4,986.64,5.2224,2.4801,180.0,C5C4,0,106.67,586.57,0,-1
172,legit_26,201.6,769.63,12.2888,0.9511,0.0,B3B4,1,87.26,584.85,0,-1
172,legit_27,101.35,1.6,11.4596,-1.0954,270.0,B0A0,2,128.0,850.35,0,-1
172,legit_28,998.4,569.64,7.0034,1.4219,180.0,F3F2,2,59.87,565.5,0,-1
172,sybil_12,1.6,138.11,24.87,13.2348,0.0,A0A1,3,149.5,830.8,1,4
172,sybil_13,1.6,138.11,8.6834,3.5471,0.0,A0A1,3,149.5,830.8,1,4
172,sybil_14,1.6,138.11,17.5139,-6.0784,0.0,A0A1,3,149.5,830.8,1,4
172,sybil_15,1.6,9.9,5.5911,5.5911,0.0,A0A1,4,184.78,906.48,1,5
173,legit_10,855.09,601.6,11.3363,0.7015,270.0,F3E3,1,105.11,498.25,0,-1
173,legit_13,482.19,201.6,12.8449,-0.6448,270.0,D1C1,1,87.72,574.69,0,-1
173,legit_14,1001.6,669.08,12.71,-0.3473,0.0,F3F4,1,84.35,570.44,0,-1
173,legit_15,601.6,610.3,12.5677,-1.2242,0.0,D3D4,2,148.76,450.86,0,-1
173,legit_16,201.6,61.37,11.6431,0.415,0.0,B0B1,1,78.1,755.55,0,-1
173,legit_17,162.19,801.6,13.6098,0.3597,270.0,B4A4,1,40.29,614.51,0,-1
173,legit_18,198.4,213.24,12.7584,-0.0957,180.0,B2B1,0,105.06,666.99,0,-1
173,legit_19,601.6,676.82,12.8432,0.5327,0.0,D3D4,2,167.1,455.32,0,-1
173,legit_20,870.74,998.4,13.285,-0.0096,90.0,E5F5,0,145.72,615.61,0,-1
173,legit_21,798.4,208.62,13.3269,0.7196,180.0,E2E1,0,100.98,588.21,0,-1
173,legit_22,601.6,290.35,13.8215,0.2823,0.0,D1D2,1,163.93,521.19,0,-1
173,legit_23,598.07,598.4,9.6687,1.7351,90.0,:D3_13,2,148.08,450.78,0,-1
173,legit_24,919.61,398.4,12.7693,0.7084,90.0,E2F2,0,135.92,553.85,0,-1
173,legit_25,398.4,979.36,7.28,2.0575,180.0,C5C4,0,113.1,582.71,0,-1
173,legit_26,201.6,781.23,11.6079,-0.681,0.0,B3B4,1,78.21,587.43,0,-1
173,legit_27,89.69,1.6,11.6607,0.2012,270.0,B0A0,2,132.88,857.09,0,-1
173,legit_28,998.4,561.29,8.3502,1.3468,180.0,F3F2,2,64.5,566.0,0,-1
173,sybil_12,1.6,151.63,14.0406,-10.8294,0.0,A0A1,3,151.73,823.75,1,4
173,sybil_13,1.6,151.63,17.8745,9.1912,0.0,A0A1,3,151.73,823.75,1,4
173,sybil_14,1.6,151.63,20.0827,2.5688,0.0,A0A1,3,151.73,823.75,1,4
173,sybil_15,1.6,17.35,3.4912,-2.0999,0.0,A0A1,4,180.44,901.7,1,5
174,legit_10,843.33,601.6,11.7595,0.4232,270.0,F3E3,0,93.35,493.75,0,-1
174,legit_13,469.28,201.6,12.9082,0.0632,270.0,D1C1,0,83.85,576.74,0,-1
174,legit_14,1001.6,682.08,12.9965,0.2864,0.0,F3F4,1,95.29,571.93,0,-1
174,legit_15,601.6,623.64,13.3377,0.7699,0.0,D3D4,2,150.27,451.21,0,-1
174,legit_16,201.6,72.85,11.4748,-0.1683,0.0,B0B1,2,69.9,747.62,0,-1
174,legit_17,148.63,801.6,13.5545,-0.0553,270.0,B4A4,1,38.42,622.79,0,-1
174,legit_18,198.4,199.97,13.2735,0.5151,180.0,:B1_1,1,93.48,673.69,0,-1
174,legit_19,601.6,689.62,12.7962,-0.047,0.0,D3D4,2,173.36,456.93,0,-1
174,legit_20,884.51,998.4,13.7794,0.4943,90.0,E5F5,0,157.33,620.78,0,-1
174,legit_21,798.4,195.65,12.9706,-0.3563,180.0,:E1_1,0,89.81,595.3,0,-1
174,legit_22,601.6,303.33,12.975,-0.8465,0.0,D1D2,0,158.85,515.44,0,-1
174,legit_23,609.18,598.4,11.1083,1.4396,90.0,D3E3,2,140.83,450.82,0,-1
174,legit_24,931.44,398.4,11.8302,-0.9391,90.0,E2F2,0,124.62,559.21,0,-1
174,legit_25,398.4,970.32,9.0412,1.7612,180.0,C5C4,0,121.21,577.98,0,-1
174,legit_26,201.6,790.68,9.4485,-2.1594,0.0,B3B4,1,71.38,589.65,0,-1
174,legit_27,77.22,1.6,12.4738,0.813,270.0,B0A0,2,138.98,864.44,0,-1
174,legit_28,998.4,550.63,10.6653,2.3151,180.0,F3F2,1,71.42,566.8,0,-1
174,sybil_12,1.6,164.96,11.0088,-3.0318,0.0,A0A1,3,155.06,816.99,1,4
174,sybil_13,1.6,164.96,21.8967,4.0221,0.0,A0A1,3,155.06,816.99,1,4
174,sybil_14,1.6,164.96,20.7042,0.6215,0.0,A0A1,3,155.06,816.99,1,4
174,sybil_15,1.6,26.87,19.0719,15.5807,0.0,A0A1,4,175.2,895.64,1,5
175,legit_10,832.42,601.6,10.9175,-0.8419,270.0,F3E3,0,82.43,489.71,0,-1
175,legit_13,456.41,201.6,12.8747,-0.0335,270.0,D1C1,0,81.85,579.06,0,-1
175,legit_14,1001.6,694.81,12.7246,-0.2718,0.0,F3F4,0,106.45,573.56,0,-1
175,legit_15,601.6,637.38,13.7459,0.4082,0.0,D3D4,3,153.04,451.87,0,-1
175,legit_16,201.6,84.22,11.3721,-0.1028,0.0,B0B1,1,62.79,739.91,0,-1
175,legit_17,135.94,801.6,12.6915,-0.8631,270.0,B4A4,1,40.89,630.91,0,-1
175,legit_18,198.4,186.98,12.9876,-0.2859,180.0,B1B0,1,82.64,680.42,0,-1
175,legit_19,601.6,702.2,12.5815,-0.2147,0.0,D3D4,3,180.19,458.74,0,-1
175,legit_20,897.96,998.4,13.4443,-0.3351,90.0,E5F5,0,168.97,626.02,0,-1
175,legit_21,798.4,182.17,13.4846,0.514,180.0,E1E0,0,78.79,602.85,0,-1
175,legit_22,601.6,316.73,13.3975,0.4225,0.0,D1D2,0,154.58,509.74,0,-1
175,legit_23,622.6,598.4,13.4197,2.3114,90.0,D3E3,3,127.41,451.06,0,-1
175,legit_24,943.6,398.4,12.1532,0.323,90.0,E2F2,0,113.12,564.87,0,-1
175,legit_25,398.4,959.93,10.3925,1.3513,180.0,C5C4,0,130.56,572.66,0,-1
175,legit_26,202.34,795.91,5.3575,-4.091,8.69,:B4_8,1,68.44,590.52,0,-1
175,legit_27,64.7,1.6,12.5169,0.0432,270.0,B0A0,1,145.93,871.97,0,-1
175,legit_28,998.4,538.07,12.5618,1.8964,180.0,F3F2,0,80.61,567.93,0,-1
175,legit_29,612.3,598.4,0.0,0.0,90.0,D3E3,3,137.71,450.86,0,-1
175,sybil_12,1.6,177.6,3.153,-7.8558,0.0,A0A1,3,159.19,810.75,1,4
175,sybil_13,1.6,177.6,23.5803,1.6836,0.0,A0A1,3,159.19,810.75,1,4
175,sybil_14,1.6,177.6,15.6282,-5.0759,0.0,A0A1,3,159.19,810.75,1,4
175,sybil_15,1.6,38.4,33.3719,14.3,0.0,A0A1,4,169.36,888.4,1,5
176,legit_10,820.58,601.6,11.8369,0.9194,270.0,F3E3,0,70.6,485.48,0,-1
176,legit_13,443.67,201.6,12.7409,-0.1338,270.0,D1C1,0,81.85,581.63,0,-1
176,legit_14,1001.6,708.05,13.2465,0.5218,0.0,F3F4,0,118.4,575.45,0,-1
176,legit_15,601.6,650.67,13.2822,-0.4637,0.0,D3D4,3,156.81,452.77,0,-1
176,legit_16,201.6,96.44,12.2213,0.8492,0.0,B0B1,1,56.72,731.8,0,-1
176,legit_17,122.05,801.6,13.8855,1.194,270.0,B4A4,1,47.49,640.17,0,-1
176,legit_18,198.4,173.17,13.8127,0.8251,180.0,B1B0,1,71.9,687.76,0,-1
176,legit_19,601.6,714.58,12.3871,-0.1944,0.0,D3D4,3,187.49,460.73,0,-1
176,legit_20,910.56,998.4,12.5986,-0.8457,90.0,E5F5,0,161.56,631.1,0,-1
176,legit_21,798.4,168.98,13.1878,-0.2967,180.0,E1E0,0,68.86,610.44,0,-1
176,legit_22,601.6,330.16,13.4324,0.0349,0.0,D1D2,0,151.37,504.29,0,-1
176,legit_23,635.97,598.4,13.3678,-0.0519,90.0,D3E3,3,114.04,451.5,0,-1
176,legit_24,955.47,398.4,11.8698,-0.2834,90.0,E2F2,1,102.04,570.54,0,-1
176,legit_25,398.4,947.75,12.176,1.7835,180.0,C5C4,0,119.47,566.56,0,-1
176,legit_26,206.37,798.28,4.9558,-0.4017,59.22,:B4_8,1,70.13,588.98,0,-1
176,legit_27,52.9,1.6,11.7974,-0.7196,270.0,B0A0,1,153.12,879.19,0,-1
176,legit_28,998.4,524.53,13.5374,0.9756,180.0,F3F2,1,91.42,569.37,0,-1
176,legit_29,614.79,598.4,2.486,2.486,90.0,D3E3,3,135.22,450.9,0,-1
176,sybil_12,1.6,190.58,16.184,13.031,0.0,A0A1,3,164.33,804.52,1,4
176,sybil_13,1.6,190.58,22.0094,-1.5709,0.0,A0A1,3,164.33,804.52,1,4
176,sybil_14,1.6,190.58,17.366,1.7377,0.0,A0A1,3,164.33,804.52,1,4
176,sybil_15,1.6,51.86,18.218,-15.1539,0.0,A0A1,4,163.3,880.09,1,5
177,legit_10,809.33,601.6,11.2507,-0.5863,270.0,F3E3,0,59.35,481.6,0,-1
177,legit_13,430.81,201.6,12.8557,0.1148,270.0,D1C1,0,83.83,584.5,0,-1
177,legit_14,1001.6,721.61,13.5541,0.3076,0.0,F3F4,0,127.9,577.56,0,-1
177,legit_15,601.6,664.35,13.6803,0.3981,0.0,D3D4,3,161.75,453.98,0,-1
177,legit_16,201.6,108.61,12.1675,-0.0538,0.0,B0B1,1,52.84,723.93,0,-1
177,legit_17,109.15,801.6,12.9009,-0.9846,270.0,B4A4,1,56.06,649.05,0,-1
177,legit_18,198.4,160.5,12.6668,-1.1459,180.0,B1B0,1,63.11,694.67,0,-1
177,legit_19,601.6,727.84,13.2602,0.8732,0.0,D3D4,3,186.01,463.1,0,-1
177,legit_20,923.16,998.4,12.6068,0.0082,90.0,E5F5,0,150.82,636.34,0,-1
177,legit_21,798.4,155.29,13.6873,0.4995,180.0,E1E0,0,59.9,618.54,0,-1
177,legit_22,601.6,342.99,12.8344,-0.5981,0.0,D1D2,0,149.37,499.33,0,-1
177,legit_23,648.52,598.4,12.5506,-0.8172,90.0,D3E3,3,101.49,452.09,0,-1
177,legit_24,967.35,398.4,11.8794,0.0095,90.0,E2F2,1,91.14,576.37,0,-1
177,legit_25,398.4,936.44,11.3165,-0.8594,180.0,C5C4,0,109.37,561.03,0,-1
177,legit_26,211.29,798.4,4.9266,-0.0292,88.53,B4C4,1,74.08,586.42,0,-1
177,legit_27,40.68,1.6,12.2271,0.4298,270.0,B0A0,1,161.15,886.8,0,-1
177,legit_28,998.4,510.65,13.8774,0.34,180.0,F3F2,1,103.18,571.06,0,-1
177,legit_29,619.69,598.4,4.8992,2.4132,90.0,D3E3,3,130.32,450.99,0,-1
177,sybil_13,1.6,148.27,6.3263,-15.6831,0.0,A0A1,2,151.07,825.48,1,4
177,sybil_14,1.6,148.27,7.732,-9.634,0.0,A0A1,2,151.07,825.48,1,4
177,sybil_15,1.6,65.33,6.1646,-12.0534,0.0,A0A1,3,158.15,871.92,1,5
178,legit_13,417.2,201.6,13.611,0.7553,270.0,D1C1,0,87.95,587.84,0,-1
178,legit_14,1001.6,734.77,13.1595,-0.3945,0.0,F3F4,0,115.83,579.8,0,-1
178,legit_15,601.6,677.41,13.065,-0.6153,0.0,D3D4,3,167.38,455.39,0,-1
178,legit_16,201.6,120.27,11.6584,-0.5091,0.0,B0B1,1,51.6,716.63,0,-1
178,legit_17,95.58,801.6,13.5682,0.6673,270.0,B4A4,1,66.6,658.62,0,-1
178,legit_18,198.4,147.3,13.2028,0.536,180.0,B1B0,1,55.57,702.1,0,-1
178,legit_19,601.6,740.58,12.7379,-0.5224,0.0,D3D4,2,178.62,465.6,0,-1
178,legit_20,936.84,998.4,13.6763,1.0695,90.0,E5F5,0,139.51,642.22,0,-1
178,legit_21,798.4,142.19,13.0998,-0.5875,180.0,E1E0,0,53.24,626.53,0,-1
178,legit_22,601.6,355.91,12.9114,0.0771,0.0,D1D2,0,148.46,494.59,0,-1
178,legit_23,661.61,598.4,13.0857,0.5351,90.0,D3E3,2,88.41,452.9,0,-1
178,legit_24,979.2,398.4,11.8558,-0.0236,90.0,E2F2,1,80.54,582.34,0,-1
178,legit_25,398.4,924.18,12.2518,0.9353,180.0,C5C4,0,98.74,555.2,0,-1
178,legit_26,217.55,798.4,6.2605,1.3338,90.0,B4C4,1,79.33,583.18,0,-1
178,legit_27,28.28,1.6,12.3946,0.1675,270.0,B0A0,1,169.81,894.63,0,-1
178,legit_28,998.4,497.24,13.4072,-0.4701,180.0,F3F2,1,114.98,572.89,0,-1
178,legit_29,626.68,598.4,6.9988,2.0996,90.0,D3E3,3,123.33,451.17,0,-1
178,sybil_13,1.6,161.25,0.5416,-5.7847,0.0,A0A1,2,154.03,818.86,1,4
178,sybil_14,1.6,161.25,11.4742,3.7423,0.0,A0A1,2,154.03,818.86,1,4
178,sybil_15,1.6,79.05,26.3918,20.2272,0.0,A0A1,3,153.95,863.77,1,5
179,legit_14,1001.6,748.51,13.741,0.5814,0.0,F3F4,0,103.51,582.33,0,-1
179,legit_15,601.6,690.59,13.1782,0.1132,0.0,D3D4,3,173.87,457.06,0,-1
179,legit_16,201.6,131.74,11.4692,-0.1892,0.0,B0B1,1,52.92,709.66,0,-1
179,legit_17,81.72,801.6,13.866,0.2978,270.0,B4A4,1,78.34,668.61,0,-1
179,legit_18,198.4,134.61,12.6885,-0.5143,180.0,B1B0,1,50.56,709.47,0,-1
179,legit_19,601.6,753.4,12.814,0.0762,0.0,D3D4,1,171.82,468.35,0,-1
179,legit_20,950.5,998.4,13.661,-0.0153,90.0,E5F5,0,128.68,648.29,0,-1
179,legit_21,798.4,129.6,12.5931,-0.5067,180.0,E1E0,0,49.34,634.48,0,-1
179,legit_22,601.6,369.0,13.0909,0.1795,0.0,D1D2,0,148.67,490.04,0,-1
179,legit_23,675.05,598.4,13.4437,0.358,90.0,D3E3,2,74.97,453.94,0,-1
179,legit_24,987.36,398.4,8.1576,-3.6982,90.0,E2F2,1,73.47,586.54,0,-1
179,legit_25,398.4,912.5,11.6872,-0.5646,180.0,C5C4,0,88.99,549.8,0,-1
179,legit_26,226.03,798.4,8.4779,2.2174,90.0,B4C4,1,86.67,578.85,0,-1
179,legit_27,16.62,1.6,11.6603,-0.7343,270.0,B0A0,1,178.35,902.1,0,-1
179,legit_28,998.4,483.86,13.3819,-0.0254,180.0,F3F2,1,127.09,574.9,0,-1
179,legit_29,635.18,598.4,8.4959,1.4971,90.0,D3E3,2,114.83,451.47,0,-1
179,sybil_13,1.6,175.02,13.6478,13.1062,0.0,A0A1,2,158.27,812.01,1,4
179,sybil_14,1.6,175.02,0.0,-11.4742,0.0,A0A1,2,158.27,812.01,1,4
179,sybil_15,1.6,92.89,10.7606,-15.6312,0.0,A0A1,3,150.86,855.74,1,5
180,legit_14,1001.6,761.96,13.4496,-0.2914,0.0,F3F4,0,91.83,585.0,0,-1
180,legit_15,601.6,703.62,13.0291,-0.1491,0.0,D3D4,3,181.0,458.95,0,-1
180,legit_16,201.6,144.15,12.4093,0.9401,0.0,B0B1,1,56.97,702.37,0,-1
180,legit_17,68.5,801.6,13.2171,-0.6489,270.0,B4A4,0,90.09,678.3,0,-1
180,legit_18,198.4,121.57,13.0369,0.3484,180.0,B1B0,1,48.43,717.32,0,-1
180,legit_19,601.6,766.02,12.6284,-0.1857,0.0,D3D4,1,165.82,471.28,0,-1
180,legit_20,964.26,998.4,13.7534,0.0924,90.0,E5F5,0,118.37,654.6,0,-1
180,legit_21,798.4,116.94,12.6617,0.0685,180.0,E1E0,0,48.5,642.75,0,-1
180,legit_22,601.6,382.64,13.6469,0.556,0.0,D1D2,0,150.12,485.58,0,-1
180,legit_23,688.23,598.4,13.1836,-0.2601,90.0,D3E3,2,61.79,455.15,0,-1
180,legit_24,991.27,398.4,3.9137,-4.2439,90.0,E2F2,1,70.17,588.59,0,-1
180,legit_25,398.4,900.31,12.1904,0.5031,180.0,C5C4,0,79.37,544.33,0,-1
180,legit_26,235.89,798.4,9.8628,1.3849,90.0,B4C4,0,95.44,573.92,0,-1
180,legit_27,8.01,1.6,8.6147,-3.0456,270.0,B0A0,1,184.88,907.68,0,-1
180,legit_28,998.4,471.06,12.7998,-0.5821,180.0,F3F2,1,122.46,577.01,0,-1
180,legit_29,645.93,598.4,10.7492,2.2533,90.0,D3E3,2,104.08,451.96,0,-1
180,legit_30,998.4,187.7,0.0,0.0,180.0,F1F0,0,85.12,678.43,0,-1
180,sybil_13,1.6,187.63,17.0265,3.3786,0.0,A0A1,2,163.08,805.92,1,4
180,sybil_14,1.6,187.63,20.3719,20.3719,0.0,A0A1,2,163.08,805.92,1,4
180,sybil_15,1.6,105.5,7.9552,-2.8054,0.0,A0A1,3,149.11,848.57,1,5
181,legit_14,1001.6,774.64,12.6827,-0.7669,0.0,F3F4,0,81.33,587.69,0,-1
181,legit_15,601.6,717.26,13.6456,0.6165,0.0,D3D4,2,189.14,461.19,0,-1
181,legit_16,201.6,155.89,11.7455,-0.6638,0.0,B0B1,1,62.86,695.68,0,-1
181,legit_17,55.17,801.6,13.3281,0.111,270.0,B4A4,0,102.31,688.24,0,-1
181,legit_18,198.4,108.84,12.7308,-0.3062,180.0,B1B0,1,49.67,725.28,0,-1
181,legit_19,601.6,779.47,13.4428,0.8144,0.0,D3D4,1,160.27,474.66,0,-1
181,legit_20,977.93,998.4,13.6741,-0.0793,90.0,E5F5,0,108.87,661.09,0,-1
181,legit_21,798.4,103.2,13.7388,1.0772,180.0,E1E0,0,51.23,652.06,0,-1
181,legit_22,601.6,395.66,13.0148,-0.6321,0.0,:D2_9,0,152.62,481.59,0,-1
181,legit_23,700.78,598.4,12.5461,-0.6375,90.0,D3E3,1,49.25,456.49,0,-1
181,legit_24,996.27,397.44,5.1959,1.2822,101.35,:F2_6,1,65.48,591.47,0,-1
181,legit_25,398.4,888.45,11.8531,-0.3373,180.0,C5C4,0,70.78,539.19,0,-1
181,legit_26,247.2,798.4,11.3035,1.4407,90.0,B4C4,0,105.72,568.4,0,-1
181,legit_27,3.6,1.6,4.402,-4.2127,270.0,B0A0,1,188.28,910.56,0,-1
181,legit_28,998.4,458.08,12.978,0.1782,180.0,F3F2,1,110.83,579.32,0,-1
181,legit_29,659.01,598.4,13.0791,2.33,90.0,D3E3,2,91.01,452.73,0,-1
181,legit_30,998.4,185.81,1.8894,1.8894,180.0,F1F0,0,83.63,679.42,0,-1
181,sybil_14,1.6,170.79,7.5481,-12.8238,0.0,A0A1,1,156.85,814.09,1,4
181,sybil_15,1.6,118.76,15.3039,7.3488,0.0,A0A1,2,148.41,841.21,1,5
182,legit_14,1001.6,787.27,12.6319,-0.0508,0.0,F3F4,0,71.57,590.57,0,-1
182,legit_15,601.6,730.3,13.0337,-0.612,0.0,D3D4,2,184.55,463.56,0,-1
182,legit_16,201.6,168.28,12.3914,0.6458,0.0,B0B1,1,70.67,688.82,0,-1
182,legit_17,41.4,801.6,13.7759,0.4478,270.0,B4A4,0,115.19,698.66,0,-1
182,legit_18,198.4,95.68,13.1686,0.4379,180.0,B1B0,1,54.17,733.79,0,-1
182,legit_19,601.6,792.65,13.1814,-0.2614,0.0,D3D4,1,155.77,478.21,0,-1
182,legit_20,989.25,998.4,11.3169,-2.3572,90.0,E5F5,0,101.73,666.63,0,-1
182,legit_21,798.4,90.49,12.7116,-1.0273,180.0,E1E0,0,56.69,660.95,0,-1
182,legit_22,601.6,408.75,13.0902,0.0753,0.0,D2D3,0,156.2,477.83,0,-1
182,legit_23,714.44,598.4,13.6558,1.1097,90.0,D3E3,1,35.6,458.16,0,-1
182,legit_24,998.4,392.2,5.9585,0.7626,164.06,F2F1,1,60.82,593.97,0,-1
182,legit_25,398.4,877.2,11.2525,-0.6006,180.0,C5C4,0,63.61,534.49,0,-1
182,legit_26,259.66,798.4,12.4616,1.1581,90.0,B4C4,0,117.28,562.47,0,-1
182,legit_27,1.68,2.67,2.444,-1.958,283.37,:A0_1,1,189.12,911.12,0,-1
182,legit_28,998.4,445.19,12.8952,-0.0828,180.0,F3F2,1,99.6,581.79,0,-1
182,legit_29,672.24,598.4,13.2332,0.1541,90.0,D3E3,2,77.78,453.71,0,-1
182,legit_30,998.4,181.94,3.8665,1.9771,180.0,F1F0,0,80.62,681.47,0,-1
182,sybil_14,1.6,183.98,16.1807,8.6326,0.0,A0A1,1,161.6,807.67,1,4
182,sybil_15,1.6,131.69,3.787,-11.5169,0.0,A0A1,2,148.86,834.21,1,5
183,legit_14,1001.6,800.89,13.6142,0.9822,0.0,:F4_3,0,62.23,593.89,0,-1
183,legit_15,601.6,743.07,12.7735,-0.2602,0.0,D3D4,1,177.25,466.12,0,-1
183,legit_16,201.6,180.16,11.8787,-0.5127,0.0,B0B1,1,79.26,682.41,0,-1
183,legit_17,28.13,801.6,13.2629,-0.513,270.0,B4A4,0,127.77,708.83,0,-1
183,legit_18,198.4,82.56,13.1134,-0.0552,180.0,B1B0,1,61.19,742.52,0,-1
183,legit_19,601.6,806.11,13.4599,0.2785,0.0,:D4_9,1,152.22,482.11,0,-1
183,legit_20,996.06,998.4,6.8169,-4.5,90.0,E5F5,0,97.81,670.04,0,-1
183,legit_21,798.4,77.45,13.0349,0.3234,180.0,E1E0,0,64.44,670.29,0,-1
183,legit_22,601.6,421.91,13.1592,0.069,0.0,D2D3,0,160.8,474.3,0,-1
183,legit_23,728.05,598.4,13.6139,-0.0419,90.0,D3E3,1,22.01,460.04,0,-1
183,legit_24,998.4,384.19,8.0145,2.056,180.0,F2F1,1,56.99,596.14,0,-1
183,legit_25,398.4,865.3,11.8999,0.6474,180.0,C5C4,1,57.47,529.73,0,-1
183,legit_26,271.17,798.4,11.5141,-0.9474,90.0,B4C4,1,128.11,557.14,0,-1
183,legit_27,1.6,5.37,2.7112,0.2672,333.88,A0A1,1,187.52,909.42,0,-1
183,legit_28,998.4,432.19,12.9944,0.0992,180.0,F3F2,1,88.74,584.46,0,-1
183,legit_29,685.66,598.4,13.4216,0.1884,90.0,D3E3,1,64.36,454.9,0,-1
183,legit_30,998.4,175.59,6.3561,2.4896,180.0,F1F0,0,75.85,684.86,0,-1
183,sybil_15,1.6,144.98,8.1036,4.3166,0.0,A0A1,1,150.49,827.2,1,5
184,legit_14,1001.6,813.72,12.8315,-0.7827,0.0,F4F5,0,55.08,597.26,0,-1
184,legit_15,601.6,755.93,12.8545,0.0811,0.0,D3D4,1,170.56,468.92,0,-1
184,legit_16,201.6,192.04,11.8747,-0.0039,0.0,B0B1,1,88.61,676.16,0,-1
184,legit_17,17.71,801.6,10.4264,-2.8364,270.0,B4A4,0,137.75,716.91,0,-1
184,legit_18,198.4,69.87,12.6921,-0.4213,180.0,B1B0,1,69.68,751.16,0,-1
184,legit_19,601.6,818.65,12.5407,-0.9193,0.0,D4D5,1,149.93,485.99,0,-1
184,legit_20,998.4,996.67,3.4504,-3.3665,114.04,F5F4,0,98.02,670.34,0,-1
184,legit_21,798.4,64.14,13.3142,0.2792,180.0,E1E0,0,73.91,680.05,0,-1
184,legit_22,601.6,434.62,12.7083,-0.4508,0.0,D2D3,0,166.1,471.13,0,-1
184,legit_23,740.96,598.4,12.9079,-0.706,90.0,D3E3,1,9.18,462.01,0,-1
184,legit_24,998.4,373.7,10.4905,2.476,180.0,F2F1,1,53.39,599.14,0,-1
184,legit_25,398.4,854.28,11.0243,-0.8756,180.0,C5C4,1,53.54,525.53,0,-1
184,legit_26,282.82,798.4,11.6475,0.1334,90.0,B4C4,1,139.18,551.89,0,-1
184,legit_27,1.6,9.91,4.5368,1.8257,0.0,A0A1,1,184.78,906.48,0,-1
184,legit_28,998.4,418.99,13.2045,0.2101,180.0,F3F2,1,78.37,587.38,0,-1
184,legit_29,699.0,598.4,13.3377,-0.0838,90.0,D3E3,1,51.02,456.29,0,-1
184,legit_30,998.4,167.66,7.9285,1.5724,180.0,F1F0,0,70.24,689.16,0,-1
184,sybil_15,1.6,158.19,12.2607,4.1571,0.0,A0A1,1,153.24,820.4,1,5
185,legit_14,1001.6,826.95,13.2357,0.4043,0.0,F4F5,0,50.13,601.01,0,-1
185,legit_15,601.6,769.08,13.1494,0.2948,0.0,D3D4,1,164.48,472.03,0,-1
185,legit_16,201.6,203.98,11.9414,0.0667,0.0,:B1_9,1,98.56,670.02,0,-1
185,legit_17,11.35,801.6,6.36,-4.0664,270.0,B4A4,0,143.87,721.88,0,-1
185,legit_18,198.4,57.1,12.7667,0.0746,180.0,B1B0,1,79.36,760.03,0,-1
185,legit_19,601.6,830.86,12.2083,-0.3323,0.0,D4D5,1,148.68,490.0,0,-1
185,legit_20,998.4,991.16,5.5043,2.054,180.0,F5F4,0,102.74,667.56,0,-1
185,legit_21,798.4,51.31,12.8296,-0.4846,180.0,E1E0,0,84.03,689.61,0,-1
185,legit_22,601.6,447.29,12.6736,-0.0348,0.0,D2D3,0,172.17,468.2,0,-1
185,legit_23,753.65,598.4,12.691,-0.2169,90.0,D3E3,1,3.98,464.52,0,-1
185,legit_24,998.4,361.01,12.6906,2.2,180.0,F2F1,1,51.61,603.04,0,-1
185,legit_25,398.4,842.21,12.0696,1.0454,180.0,C5C4,1,51.65,521.19,0,-1
185,legit_26,294.72,798.4,11.8978,0.2502,90.0,B4C4,1,150.58,546.68,0,-1
185,legit_27,1.6,16.68,6.7672,2.2304,0.0,A0A1,0,180.83,902.13,0,-1
185,legit_28,998.4,407.89,11.0974,-2.1071,180.0,F3F2,1,70.4,589.99,0,-1
185,legit_29,711.72,598.4,12.7177,-0.62,90.0,D3E3,1,38.32,457.81,0,-1
185,legit_30,998.4,157.55,10.1092,2.1807,180.0,F1F0,0,63.82,694.75,0,-1
185,sybil_15,1.6,170.93,8.5256,-3.7351,0.0,A0A1,0,156.9,814.03,1,5
186,legit_14,1001.6,839.89,12.9361,-0.2996,0.0,F4F5,1,48.4,604.99,0,-1
186,legit_15,601.6,782.3,13.2241,0.0747,0.0,D3D4,1,159.22,475.4,0,-1
186,legit_16,201.6,215.51,11.5268,-0.4146,0.0,B1B2,0,108.55,664.22,0,-1
186,legit_17,4.29,802.23,7.162,0.802,277.3,:A4_3,0,150.53,727.58,0,-1
186,legit_18,198.4,44.17,12.9379,0.1712,180.0,B1B0,0,89.96,769.15,0,-1
186,legit_19,601.6,843.56,12.6985,0.4902,0.0,D4D5,1,148.44,494.4,0,-1
186,legit_20,998.4,983.73,7.4341,1.9298,180.0,F5F4,1,109.23,663.84,0,-1
186,legit_21,798.4,37.77,13.5367,0.7072,180.0,E1E0,0,95.42,699.87,0,-1
186,legit_22,601.6,460.63,13.3451,0.6715,0.0,D2D3,0,179.3,465.36,0,-1
186,legit_23,766.07,598.4,12.4212,-0.2698,90.0,D3E3,1,16.15,468.01,0,-1
186,legit_24,998.4,348.9,12.1028,-0.5878,180.0,F2F1,1,52.78,607.04,0,-1
186,legit_25,398.4,830.71,11.4971,-0.5726,180.0,C5C4,1,52.43,517.32,0,-1
186,legit_26,306.46,798.4,11.74,-0.1578,90.0,B4C4,1,149.45,541.67,0,-1
186,legit_27,1.6,25.59,8.9147,2.1475,0.0,A0A1,0,175.89,896.45,0,-1
186,legit_28,995.81,402.28,6.5974,-4.5,211.51,:F2_0,1,68.74,589.99,0,-1
186,legit_29,725.05,598.4,13.3284,0.6107,90.0,D3E3,1,25.0,459.6,0,-1
186,legit_30,998.4,145.98,11.575,1.4657,180.0,F1F0,0,57.77,701.32,0,-1
186,legit_31,598.4,187.7,0.0,0.0,180.0,D1D0,0,163.11,574.5,0,-1
186,sybil_15,1.6,184.29,30.9193,22.3938,0.0,A0A1,0,161.73,807.52,1,5
187,legit_14,1001.6,852.86,12.9672,0.0311,0.0,F4F5,1,50.08,609.31,0,-1
187,legit_15,601.6,795.58,13.276,0.0519,0.0,:D4_9,1,154.91,479.04,0,-1
187,legit_16,201.6,227.61,12.1027,0.576,0.0,B1B2,0,119.34,658.26,0,-1
187,legit_17,1.6,808.0,6.8167,-0.3453,345.34,A4A5,0,151.81,731.11,0,-1
187,legit_18,198.4,30.58,13.5895,0.6516,180.0,B1B0,0,101.68,778.89,0,-1
187,legit_19,601.6,856.65,13.0905,0.392,0.0,D4D5,1,149.33,499.2,0,-1
187,legit_20,998.4,974.78,8.9489,1.5147,180.0,F5F4,1,117.19,659.43,0,-1
187,legit_21,798.4,25.15,12.6173,-0.9194,180.0,E1E0,0,106.48,709.56,0,-1
187,legit_22,601.6,474.02,13.3887,0.0436,0.0,D2D3,0,187.15,462.75,0,-1
187,legit_23,778.22,598.4,12.1551,-0.2661,90.0,D3E3,1,28.27,471.61,0,-1
187,legit_24,998.4,336.33,12.5786,0.4758,180.0,F2F1,1,56.77,611.48,0,-1
187,legit_25,398.4,818.54,12.1665,0.6694,180.0,C5C4,1,55.88,513.51,0,-1
187,legit_26,318.7,798.4,12.2443,0.5043,90.0,B4C4,1,137.73,536.61,0,-1
187,legit_27,1.6,36.98,11.3882,2.4736,0.0,A0A1,0,170.04,889.28,0,-1
187,legit_28,990.41,401.6,5.5142,-1.0832,265.15,F2E2,1,72.67,587.31,0,-1
187,legit_29,737.77,598.4,12.7257,-0.6027,90.0,D3E3,1,12.33,461.51,0,-1
187,legit_30,998.4,133.33,12.6448,1.0698,180.0,F1F0,0,53.29,708.71,0,-1
187,legit_31,598.4,185.83,1.8747,1.8747,180.0,D1D0,0,162.34,575.59,0,-1
188,legit_14,1001.6,866.44,13.5806,0.6134,0.0,F4F5,1,55.15,614.16,0,-1
188,legit_15,601.6,808.81,13.2334,-0.0427,0.0,D4D5,1,151.64,482.93,0,-1
188,legit_16,201.6,239.48,11.8724,-0.2303,0.0,B1B2,0,130.15,652.56,0,-1
188,legit_17,1.6,816.44,8.4425,1.6258,0.0,A4A5,0,150.26,733.24,0,-1
188,legit_18,198.4,18.4,12.1802,-1.4093,180.0,B1B0,0,112.54,787.72,0,-1
188,legit_19,601.6,869.87,13.2207,0.1302,0.0,D4D5,1,151.38,504.3,0,-1
188,legit_20,998.4,964.26,10.5195,1.5706,180.0,F5F4,1,126.72,654.34,0,-1
188,legit_21,798.4,15.55,9.6,-3.0174,180.0,E1E0,0,115.12,717.01,0,-1
188,legit_22,601.6,487.45,13.4309,0.0422,0.0,D2D3,0,186.25,460.39,0,-1
188,legit_23,786.79,598.4,8.5669,-3.5882,90.0,D3E3,1,36.83,474.25,0,-1
188,legit_24,998.4,324.35,11.9798,-0.5988,180.0,F2F1,1,62.72,615.94,0,-1
188,legit_25,398.4,807.17,11.3713,-0.7953,180.0,:C4_1,1,61.16,510.18,0,-1
188,legit_26,330.03,798.4,11.3294,-0.9149,90.0,B4C4,1,126.98,532.07,0,-1
188,legit_27,1.6,49.25,12.271,0.8827,0.0,A0A1,0,164.4,881.68,0,-1
188,legit_28,982.48,401.6,7.931,2.4168,270.0,F2E2,1,79.31,583.19,0,-1
188,legit_29,750.42,598.4,12.6516,-0.0741,90.0,D3E3,1,1.66,463.68,0,-1
188,legit_30,998.4,119.95,13.3773,0.7326,180.0,F1F0,0,51.6,716.82,0,-1
188,legit_31,598.4,182.57,3.2598,1.3851,180.0,D1D0,0,161.05,577.51,0,-1
189,legit_14,1001.6,879.96,13.5248,-0.0558,0.0,F4F5,1,62.76,619.28,0,-1
189,legit_15,601.6,821.51,12.7021,-0.5312,0.0,D4D5,1,149.55,486.91,0,-1
189,legit_16,201.6,251.79,12.3056,0.4332,0.0,B1B2,0,119.89,646.79,0,-1
189,legit_17,1.6,826.38,9.9421,1.4996,0.0,A4A5,0,149.02,735.87,0,-1
189,legit_18,198.4,10.72,7.6802,-4.5,180.0,B1B0,0,119.52,793.35,0,-1
189,legit_19,601.6,882.44,12.5703,-0.6504,0.0,D4D5,1,154.35,509.4,0,-1
189,legit_20,998.4,952.1,12.1613,1.6418,180.0,F5F4,1,123.4,648.6,0,-1
189,legit_21,798.4,10.3,5.2527,-4.3473,180.0,E1E0,0,119.9,721.11,0,-1
189,legit_22,601.6,501.05,13.5981,0.1673,0.0,D2D3,0,178.36,458.25,0,-1
189,legit_23,790.94,598.4,4.1515,-4.4155,90.0,D3E3,1,40.97,475.56,0,-1
189,legit_24,998.4,311.99,12.3522,0.3724,180.0,F2F1,1,70.48,620.76,0,-1
189,legit_25,398.4,796.11,11.0648,-0.3065,180.0,:C4_1,1,67.74,507.14,0,-1
189,legit_26,341.89,798.4,11.861,0.5316,90.0,B4C4,1,115.84,527.47,0,-1
189,legit_27,1.6,61.86,12.6108,0.3399,0.0,A0A1,0,159.38,874.01,0,-1
189,legit_28,973.2,401.6,9.2757,1.3447,270.0,F2E2,1,87.34,578.46,0,-1
189,legit_29,763.75,598.4,13.3232,0.6716,90.0,D3E3,1,13.84,467.34,0,-1
189,legit_30,998.4,106.96,12.9918,-0.3855,180.0,F1F0,0,53.22,724.99,0,-1
189,legit_31,598.4,177.44,5.1213,1.8614,180.0,D1D0,0,159.13,580.56,0,-1
190,legit_14,1001.6,893.71,13.7515,0.2267,0.0,F4F5,1,72.3,624.74,0,-1
190,legit_15,601.6,834.35,12.8431,0.1409,0.0,D4D5,1,148.51,491.18,0,-1
190,legit_16,201.6,263.43,11.6446,-0.6609,0.0,B1B2,0,109.49,641.46,0,-1
190,legit_17,1.6,838.51,12.1217,2.1796,0.0,A4A5,0,148.41,739.23,0,-1
190,legit_18,199.31,2.74,8.1126,0.4324,169.34,:B0_1,0,127.21,798.8,0,-1
190,legit_19,601.6,894.62,12.1777,-0.3926,0.0,D4D5,1,158.13,514.55,0,-1
190,legit_20,998.4,938.66,13.4384,1.2771,180.0,F5F4,1,111.34,642.41,0,-1
190,legit_21,799.37,2.65,7.8096,2.557,168.65,:E0_1,0,127.32,727.36,0,-1
190,legit_22,601.6,513.93,12.8815,-0.7167,0.0,D2D3,0,171.55,456.46,0,-1
190,legit_23,796.18,597.49,5.4122,1.2607,100.64,:E3_12,1,46.24,477.25,0,-1
190,legit_24,998.4,299.21,12.7879,0.4357,180.0,F2F1,1,79.74,625.96,0,-1
190,legit_25,398.4,784.84,11.2726,0.2078,180.0,C4C3,1,75.54,504.23,0,-1
190,legit_26,354.19,798.4,12.2972,0.4362,90.0,B4C4,1,104.45,522.86,0,-1
190,legit_27,1.6,73.28,11.4163,-1.1946,0.0,A0A1,0,155.58,867.18,0,-1
190,legit_28,961.88,401.6,11.3255,2.0498,270.0,F2E2,1,97.45,572.82,0,-1
190,legit_29,774.16,598.4,10.4112,-2.912,90.0,D3E3,1,24.21,470.39,0,-1
190,legit_30,998.4,93.58,13.3804,0.3886,180.0,F1F0,0,57.97,733.68,0,-1
190,legit_31,598.4,169.73,7.7167,2.5954,180.0,D1D0,0,156.51,585.21,0,-1
191,legit_14,1001.6,906.92,13.206,-0.5454,0.0,F4F5,1,82.59,630.2,0,-1
191,legit_15,601.6,847.42,13.0648,0.2218,0.0,D4D5,1,148.59,495.79,0,-1
191,legit_16,201.6,275.59,12.1612,0.5165,0.0,B1B2,0,98.93,636.04,0,-1
191,legit_17,1.6,852.39,13.8831,1.7614,0.0,A4A5,0,148.92,743.3,0,-1
191,legit_18,205.57,-1.37,7.9475,-0.1651,110.74,:B0_1,0,133.48,798.99,0,-1
191,legit_19,601.6,907.93,13.3183,1.1406,0.0,D4D5,1,163.21,520.42,0,-1
191,legit_20,998.4,925.1,13.5591,0.1207,180.0,F5F4,1,99.52,636.35,0,-1
191,legit_21,806.6,-1.51,8.8748,1.0651,105.93,:E0_1,0,134.05,732.44,0,-1
191,legit_22,601.6,527.5,13.5661,0.6846,0.0,D2D3,0,165.16,454.83,0,-1
191,legit_23,798.4,592.14,6.1299,0.7177,164.43,E3E2,1,49.03,478.03,0,-1
191,legit_24,998.4,286.28,12.9296,0.1417,180.0,F2F1,1,89.99,631.41,0,-1
191,legit_25,398.4,772.99,11.8496,0.5769,180.0,C4C3,1,84.58,501.36,0,-1
191,legit_26,365.51,798.4,11.3231,-0.9741,90.0,B4C4,1,94.17,518.76,0,-1
191,legit_27,1.6,85.5,12.2217,0.8054,0.0,A0A1,0,152.36,860.0,0,-1
191,legit_28,948.03,401.6,13.8507,2.5252,270.0,F2E2,1,110.13,566.11,0,-1
191,legit_29,783.36,598.4,9.2051,-1.2061,90.0,D3E3,1,33.4,473.19,0,-1
191,legit_30,998.4,80.07,13.5128,0.1324,180.0,F1F0,0,65.25,742.71,0,-1
191,legit_31,598.4,159.96,9.7666,2.0499,180.0,D1D0,0,153.69,591.2,0,-1
192,legit_14,1001.6,919.62,12.7025,-0.5035,0.0,F4F5,1,93.18,635.64,0,-1
192,legit_15,601.6,860.39,12.9742,-0.0906,0.0,D4D5,1,149.79,500.62,0,-1
192,legit_16,201.6,287.31,11.7207,-0.4405,0.0,B1B2,0,89.14,630.96,0,-1
192,legit_17,1.6,865.13,12.7426,-1.1405,0.0,A4A5,0,150.51,747.24,0,-1
192,legit_18,212.89,-1.6,7.3371,-0.6105,90.0,B0C0,0,136.9,795.87,0,-1
192,legit_19,601.6,921.31,13.3753,0.057,0.0,D4D5,1,169.22,526.57,0,-1
192,legit_20,998.4,912.44,12.6567,-0.9024,180.0,F5F4,1,88.94,630.86,0,-1
192,legit_21,814.9,-1.6,8.3073,-0.5675,90.0,E0F0,0,137.84,734.65,0,-1
192,legit_22,601.6,541.02,13.5254,-0.0407,0.0,D2D3,0,159.69,453.47,0,-1
192,legit_23,798.4,583.84,8.3054,2.1755,180.0,E3E2,1,51.03,478.23,0,-1
192,legit_24,998.4,274.51,11.7647,-1.1649,180.0,F2F1,1,99.85,636.52,0,-1
192,legit_25,398.4,761.68,11.3027,-0.5469,180.0,C4C3,1,93.79,498.78,0,-1
192,legit_26,377.85,798.4,12.3328,1.0097,90.0,B4C4,1,83.29,514.48,0,-1
192,legit_27,1.6,97.02,11.5201,-0.7015,0.0,A0A1,0,150.17,853.37,0,-1
192,legit_28,934.22,401.6,13.81,-0.0407,270.0,F2E2,1,123.03,559.62,0,-1
192,legit_29,789.24,598.4,5.8807,-3.3243,90.0,D3E3,1,39.28,475.03,0,-1
192,legit_30,998.4,67.01,13.0592,-0.4536,180.0,F1F0,0,73.96,751.64,0,-1
192,legit_31,598.4,147.71,12.2554,2.4888,180.0,D1D0,0,150.96,598.9,0,-1
193,legit_14,1001.6,932.37,12.7475,0.045,0.0,F4F5,1,104.28,641.26,0,-1
193,legit_15,601.6,873.92,13.5272,0.553,0.0,D4D5,1,152.23,505.92,0,-1
193,legit_16,201.6,299.43,12.1203,0.3996,0.0,B1B2,0,79.57,625.87,0,-1
193,legit_17,1.6,878.4,13.2687,0.5261,0.0,A4A5,0,153.29,751.54,0,-1
193,legit_18,222.34,-1.6,9.4509,2.1138,90.0,B0C0,0,141.49,791.71,0,-1
193,legit_19,601.6,933.51,12.1993,-1.1761,0.0,D4D5,1,175.4,532.38,0,-1
193,legit_20,998.4,898.56,13.8883,1.2316,180.0,F5F4,1,78.05,625.04,0,-1
193,legit_21,825.53,-1.6,10.6237,2.3164,90.0,E0F0,0,143.15,737.5,0,-1
193,legit_22,601.6,554.31,13.2841,-0.2413,0.0,D2D3,0,155.27,452.4,0,-1
193,legit_23,798.4,573.35,10.493,2.1877,180.0,E3E2,2,55.25,478.68,0,-1
193,legit_24,998.4,261.65,12.8633,1.0985,180.0,F2F1,0,111.07,642.27,0,-1
193,legit_25,398.4,749.44,12.2419,0.9393,180.0,C4C3,1,104.23,496.16,0,-1
193,legit_26,386.06,798.4,8.2129,-4.1199,90.0,B4C4,1,76.28,511.73,0,-1
193,legit_27,1.6,108.83,11.809,0.2889,0.0,A0A1,0,148.82,846.71,0,-1
193,legit_28,920.36,401.6,13.8563,0.0463,270.0,F2E2,0,136.15,553.31,0,-1
193,legit_29,797.27,599.32,8.1645,2.2838,79.27,:E3_14,2,47.27,477.59,0,-1
193,legit_30,998.4,53.15,13.8541,0.7949,180.0,F1F0,0,84.44,761.3,0,-1
193,legit_31,598.4,135.18,12.5217,0.2663,180.0,D1D0,0,149.17,606.97,0,-1
193,legit_32,787.7,601.6,0.0,0.0,270.0,E3D3,2,37.73,474.54,0,-1
194,legit_14,1001.6,945.42,13.0466,0.299,0.0,F4F5,1,116.0,647.18,0,-1
194,legit_15,601.6,887.46,13.542,0.0147,0.0,D4D5,1,155.81,511.5,0,-1
194,legit_16,201.6,311.88,12.4508,0.3305,0.0,B1B2,0,70.55,620.81,0,-1
194,legit_17,1.6,891.61,13.2073,-0.0613,0.0,A4A5,0,157.12,756.03,0,-1
194,legit_18,234.0,-1.6,11.6584,2.2075,90.0,B0C0,0,147.79,786.7,0,-1
194,legit_19,601.6,945.82,12.3099,0.1106,0.0,D4D5,1,182.26,538.44,0,-1
194,legit_20,998.4,885.07,13.487,-0.4013,180.0,F5F4,1,68.51,619.6,0,-1
194,legit_21,837.91,-1.6,12.3804,1.7567,90.0,E0F0,0,150.05,741.0,0,-1
194,legit_22,601.6,567.18,12.8736,-0.4105,0.0,D2D3,0,151.99,451.62,0,-1
194,legit_23,798.4,560.77,12.5739,2.0808,180.0,E3E2,2,62.3,479.47,0,-1
194,legit_24,998.4,249.04,12.6125,-0.2507,180.0,F2F1,0,122.37,648.07,0,-1
194,legit_25,398.4,738.36,11.0858,-1.1562,180.0,C4C3,1,113.99,493.93,0,-1
194,legit_26,390.88,798.4,4.8226,-3.3903,90.0,B4C4,1,72.29,510.15,0,-1
194,legit_27,1.6,121.21,12.3839,0.5749,0.0,A0A1,0,148.4,839.87,0,-1
194,legit_28,907.63,401.6,12.7327,-1.1236,270.0,F2E2,0,148.32,547.69,0,-1
194,legit_29,801.37,605.6,7.9676,-0.197,20.59,:E3_14,2,51.68,478.97,0,-1
194,legit_30,998.4,39.35,13.8053,-0.0488,180.0,F1F0,0,95.74,771.09,0,-1
194,legit_31,598.4,121.76,13.4214,0.8996,180.0,D1D0,0,148.41,615.84,0,-1
194,legit_32,786.3,601.6,1.4006,1.4006,270.0,E3D3,2,36.33,474.1,0,-1
195,legit_14,1001.6,959.07,13.6529,0.6064,0.0,F4F5,1,128.53,653.54,0,-1
195,legit_15,601.6,901.13,13.668,0.126,0.0,D4D5,1,160.5,517.39,0,-1
195,legit_16,201.6,324.03,12.1508,-0.3,0.0,B1B2,0,62.9,616.06,0,-1
195,legit_17,1.6,904.38,12.7716,-0.4358,0.0,A4A5,0,161.76,760.56,0,-1
195,legit_18,246.96,-1.6,12.9627,1.3043,90.0,B0C0,0,155.53,781.31,0,-1
195,legit_19,601.6,958.86,13.0391,0.7291,0.0,D4D5,1,190.13,545.07,0,-1
195,legit_20,998.4,871.24,13.8244,0.3374,180.0,F5F4,1,60.32,614.27,0,-1
195,legit_21,851.02,-1.6,13.1103,0.7298,90.0,E0F0,1,158.08,744.89,0,-1
195,legit_22,601.6,580.34,13.1529,0.2793,0.0,D2D3,0,149.7,451.08,0,-1
195,legit_23,798.4,547.2,13.5724,0.9985,180.0,E3E2,2,71.63,480.59,0,-1
195,legit_24,998.4,236.09,12.9478,0.3353,180.0,F2F1,0,127.04,654.18,0,-1
195,legit_25,398.4,727.19,11.1698,0.084,180.0,C4C3,1,124.06,491.84,0,-1
195,legit_26,397.82,798.4,6.9346,2.112,90.0,:C4_13,1,66.74,507.94,0,-1
195,legit_27,1.6,133.6,12.3857,0.0018,0.0,A0A1,0,149.02,833.19,0,-1
195,legit_28,893.87,401.6,13.7597,1.0271,270.0,F2E2,0,149.76,541.81,0,-1
195,legit_29,801.6,612.71,7.1189,-0.8486,0.0,E3E4,2,53.14,479.17,0,-1
195,legit_30,998.4,26.12,13.2274,-0.578,180.0,F1F0,1,107.12,780.62,0,-1
195,legit_31,598.4,109.42,12.3435,-1.0779,180.0,D1D0,0,148.78,624.21,0,-1
195,legit_32,782.79,601.6,3.5091,2.1085,270.0,E3D3,2,32.83,473.01,0,-1
196,legit_14,1001.6,972.33,13.2656,-0.3874,0.0,F4F5,1,118.04,659.9,0,-1
196,legit_15,601.6,914.46,13.3259,-0.3421,0.0,D4D5,1,166.03,523.39,0,-1
196,legit_16,201.6,335.91,11.8761,-0.2747,0.0,B1B2,0,56.95,611.63,0,-1
196,legit_17,1.6,918.12,13.7369,0.9654,0.0,A4A5,0,167.7,765.64,0,-1
196,legit_18,259.95,-1.6,12.9821,0.0195,90.0,B0C0,0,163.93,776.08,0,-1
196,legit_19,601.6,971.16,12.3061,-0.7329,0.0,D4D5,1,184.03,551.53,0,-1
196,legit_20,998.4,858.23,13.0129,-0.8115,180.0,F5F4,1,54.73,609.52,0,-1
196,legit_21,863.76,-1.6,12.74,-0.3703,90.0,E0F0,1,166.51,748.84,0,-1
196,legit_22,601.6,590.15,9.8149,-3.338,0.0,D2D3,0,148.73,450.85,0,-1
196,legit_23,798.4,534.18,13.0246,-0.5478,180.0,E3E2,2,81.7,481.91,0,-1
196,legit_24,998.4,223.71,12.3816,-0.5663,180.0,F2F1,0,115.83,660.17,0,-1
196,legit_25,398.4,716.01,11.1768,0.0071,180.0,C4C3,1,126.97,489.89,0,-1
196,legit_26,406.53,798.4,8.7136,1.779,90.0,:C4_13,1,60.17,505.26,0,-1
196,legit_27,1.6,145.58,11.9856,-0.4001,0.0,A0A1,0,150.59,826.88,0,-1
196,legit_28,880.05,401.6,13.8174,0.0576,270.0,F2E2,0,136.54,536.11,0,-1
196,legit_29,801.6,622.21,9.5012,2.3823,0.0,E3E4,2,56.18,479.5,0,-1
196,legit_30,998.4,14.31,11.8086,-1.4188,180.0,F1F0,1,117.61,789.22,0,-1
196,legit_31,598.4,96.59,12.8271,0.4836,180.0,D1D0,0,150.23,633.11,0,-1
196,legit_32,777.29,601.6,5.5047,1.9956,270.0,E3D3,2,27.33,471.33,0,-1
197,legit_14,1001.6,985.64,13.3036,0.038,0.0,F4F5,1,106.05,666.43,0,-1
197,legit_15,601.6,927.46,13.0007,-0.3252,0.0,D4D5,1,172.25,529.47,0,-1
197,legit_16,201.6,347.87,11.9595,0.0834,0.0,B1B2,0,53.01,607.39,0,-1
197,legit_17,1.6,930.92,12.8059,-0.931,0.0,A4A5,0,174.04,770.56,0,-1
197,legit_18,272.95,-1.6,12.9995,0.0173,90.0,B0C0,0,172.92,771.02,0,-1
197,legit_19,601.6,981.94,10.7745,-1.5316,0.0,D4D5,1,177.87,557.34,0,-1
197,legit_20,998.4,845.3,12.9351,-0.0779,180.0,F5F4,1,51.87,605.09,0,-1
197,legit_21,877.42,-1.6,13.6661,0.9261,90.0,E0F0,1,176.13,753.28,0,-1
197,legit_22,602.53,596.22,6.2497,-3.5652,10.92,:D3_8,0,147.52,450.79,0,-1
197,legit_23,798.4,521.15,13.0258,0.0012,180.0,E3E2,3,92.52,483.44,0,-1
197,legit_24,998.4,214.05,9.6555,-2.7261,180.0,F2F1,0,107.28,664.94,0,-1
197,legit_25,398.4,704.29,11.7172,0.5403,180.0,C4C3,1,116.36,487.99,0,-1
197,legit_26,417.37,798.4,10.8443,2.1307,90.0,C4D4,1,52.87,502.09,0,-1
197,legit_27,1.6,157.15,11.5725,-0.4131,0.0,A0A1,0,152.98,820.93,0,-1
197,legit_28,866.57,401.6,13.4847,-0.3327,270.0,F2E2,1,123.77,530.73,0,-1
197,legit_29,801.6,633.98,11.7745,2.2732,0.0,E3E4,2,61.78,480.13,0,-1
197,legit_30,998.4,6.4,7.9145,-3.894,180.0,F1F0,1,124.77,795.05,0,-1
197,legit_31,598.4,83.77,12.8208,-0.0064,180.0,D1D0,0,152.76,642.21,0,-1
197,legit_32,769.22,601.6,8.0657,2.561,270.0,E3D3,2,19.29,468.93,0,-1
198,legit_14,1001.6,995.4,9.76,-3.5436,0.0,F4F5,0,97.47,671.33,0,-1
198,legit_15,601.6,940.25,12.792,-0.2087,0.0,D4D5,1,179.09,535.67,0,-1
198,legit_16,201.6,359.95,12.0769,0.1174,0.0,B1B2,1,51.6,603.38,0,-1
198,legit_17,1.6,943.77,12.8508,0.0448,0.0,A4A5,0,181.08,775.68,0,-1
198,legit_18,285.72,-1.6,12.7714,-0.2281,90.0,B0C0,0,182.22,766.21,0,-1
198,legit_19,601.6,989.47,7.5294,-3.2451,0.0,D4D5,1,173.84,561.48,0,-1
198,legit_20,998.4,832.58,12.72,-0.2151,180.0,F5F4,0,52.13,601.03,0,-1
198,legit_21,890.31,-1.6,12.8887,-0.7774,90.0,E0F0,1,185.67,757.64,0,-1
198,legit_22,608.31,598.4,6.5435,0.2938,77.29,D3E3,0,141.7,450.81,0,-1
198,legit_23,798.4,508.31,12.8403,-0.1855,180.0,E3E2,3,103.68,485.15,0,-1
198,legit_24,998.4,208.28,5.7724,-3.8832,180.0,F2F1,0,102.25,667.84,0,-1
198,legit_25,398.4,692.19,12.1049,0.3877,180.0,C4C3,1,105.65,486.2,0,-1
198,legit_26,429.34,798.4,11.9683,1.124,90.0,C4D4,1,46.45,498.82,0,-1
198,legit_27,1.6,168.69,11.5339,-0.0386,0.0,A0A1,0,156.18,815.13,0,-1
198,legit_28,853.78,401.6,12.7859,-0.6988,270.0,F2E2,1,111.81,525.82,0,-1
198,legit_29,801.6,647.47,13.4876,1.7131,0.0,E3E4,2,70.11,481.13,0,-1
198,legit_30,998.37,2.99,3.4145,-4.5,180.35,:F0_0,1,127.9,797.55,0,-1
198,legit_31,598.4,71.02,12.7501,-0.0707,180.0,D1D0,0,156.27,651.45,0,-1
198,legit_32,759.24,601.6,9.9808,1.9151,270.0,E3D3,2,9.38,466.07,0,-1
198,legit_33,201.6,212.3,0.0,0.0,0.0,B1B2,1,105.74,665.82,0,-1
199,legit_14,1000.14,1000.55,5.5718,-4.1882,342.38,:F5_0,0,93.79,673.22,0,-1
199,legit_15,601.6,953.36,13.1129,0.321,0.0,D4D5,1,186.74,542.25,0,-1
199,legit_16,201.6,372.42,12.4737,0.3969,0.0,B1B2,0,53.07,599.52,0,-1
199,legit_17,1.6,957.13,13.3528,0.5021,0.0,A4A5,0,189.05,781.18,0,-1
199,legit_18,299.04,-1.6,13.3226,0.5512,90.0,B0C0,0,192.35,761.38,0,-1
199,legit_19,602.15,995.58,6.1947,-1.3346,6.37,:D5_3,1,170.25,564.91,0,-1
199,legit_20,998.4,818.96,13.6164,0.8964,180.0,F5F4,0,55.72,597.02,0,-1
199,legit_21,903.81,-1.6,13.5014,0.6127,90.0,E0F0,1,190.15,762.4,0,-1
199,legit_22,616.33,598.4,8.0134,1.4699,90.0,D3E3,1,133.68,450.92,0,-1
199,legit_23,798.4,495.01,13.2995,0.4592,180.0,E3E2,2,115.61,487.13,0,-1
199,legit_24,997.07,203.11,5.4633,-0.309,195.82,:F1_0,0,98.54,669.78,0,-1
199,legit_25,398.4,680.18,12.005,-0.1,180.0,C4C3,1,95.35,484.59,0,-1
199,legit_26,440.76,798.4,11.4214,-0.5469,90.0,C4D4,1,42.61,495.96,0,-1
199,legit_27,1.6,180.88,12.1895,0.6556,0.0,A0A1,0,160.4,809.16,0,-1
199,legit_28,840.43,401.6,13.354,0.5681,270.0,F2E2,1,99.54,520.89,0,-1
199,legit_29,801.6,660.56,13.0906,-0.3969,0.0,E3E4,1,79.56,482.34,0,-1
199,legit_30,995.69,1.6,3.4713,0.0568,222.9,F0E0,1,130.26,797.36,0,-1
199,legit_31,598.4,57.84,13.1814,0.4313,180.0,D1D0,0,160.89,661.19,0,-1
199,legit_32,747.44,601.6,11.8021,1.8213,270.0,E3D3,3,3.02,463.09,0,-1
199,legit_33,201.6,214.79,2.4916,2.4916,0.0,B1B2,0,107.93,664.57,0,-1
200,legit_14,995.16,1001.6,5.2062,-0.3656,281.08,F5E5,0,95.67,671.24,0,-1
200,legit_15,601.6,966.6,13.2378,0.1248,0.0,D4D5,1,186.77,549.11,0,-1
200,legit_16,201.6,382.9,10.4765,-1.9972,0.0,B1B2,0,56.45,596.5,0,-1
200,legit_17,1.6,969.98,12.8523,-0.5006,0.0,A4A5,0,184.74,786.65,0,-1
200,legit_18,312.47,-1.6,13.4337,0.1111,90.0,B0C0,0,183.58,756.69,0,-1
200,legit_19,606.75,998.34,5.7106,-0.4841,63.14,:D5_3,1,164.9,566.48,0,-1
200,legit_20,998.4,805.46,13.4954,-0.121,180.0,:F4_1,0,62.09,593.35,0,-1
200,legit_21,916.4,-1.6,12.5922,-0.9091,90.0,E0F0,1,180.65,767.0,0,-1
200,legit_22,626.0,598.4,9.6727,1.6593,90.0,D3E3,1,124.01,451.15,0,-1
200,legit_23,798.4,481.47,13.5357,0.2363,180.0,E3E2,2,128.03,489.35,0,-1
200,legit_24,991.69,201.6,5.7511,0.2878,257.24,F1E1,0,100.29,667.85,0,-1
200,legit_25,398.4,668.35,11.8314,-0.1736,180.0,C4C3,1,85.64,483.18,0,-1
200,legit_26,453.14,798.4,12.378,0.9566,90.0,C4D4,1,41.72,493.2,0,-1
200,legit_27,1.6,193.48,12.6029,0.4134,0.0,:A1_7,0,165.6,803.15,0,-1
200,legit_28,827.05,401.6,13.3753,0.0213,270.0,F2E2,1,87.56,516.16,0,-1
200,legit_29,801.6,673.23,12.6676,-0.423,0.0,E3E4,1,89.58,483.74,0,-1
200,legit_30,990.8,1.6,4.8975,1.4262,270.0,F0E0,1,132.38,795.14,0,-1
200,legit_31,598.4,44.79,13.0495,-0.1319,180.0,D1D0,0,166.37,671.01,0,-1
200,legit_32,735.24,601.6,12.1956,0.3935,270.0,E3D3,3,14.85,461.11,0,-1
200,legit_33,201.6,219.75,4.9564,2.4648,0.0,B1B2,0,112.3,662.11,0,-1
201,legit_14,987.79,1001.6,7.3727,2.1665,270.0,F5E5,0,100.08,667.56,0,-1
201,legit_15,601.6,979.84,13.2386,0.0008,0.0,D4D5,1,179.04,556.19,0,-1
201,legit_16,201.6,390.46,7.5663,-2.9102,0.0,B1B2,0,59.92,594.43,0,-1
201,legit_17,1.6,982.21,12.2297,-0.6225,0.0,A4A5,0,177.72,792.02,0,-1
201,legit_18,325.23,-1.6,12.7534,-0.6803,90.0,B0C0,0,174.23,752.4,0,-1
201,legit_19,612.22,998.4,5.4806,-0.23,90.0,D5E5,1,160.13,566.58,0,-1
201,legit_20,998.4,792.02,13.4396,-0.0558,180.0,F4F3,0,70.46,589.97,0,-1
201,legit_21,929.47,-1.6,13.0653,0.473,90.0,E0F0,1,171.21,771.94,0,-1
201,legit_22,637.92,598.4,11.9163,2.2436,90.0,D3E3,1,112.1,451.58,0,-1
201,legit_23,798.4,467.99,13.4884,-0.0474,180.0,E3E2,1,118.34,491.76,0,-1
201,legit_24,983.86,201.6,7.8306,2.0795,270.0,F1E1,0,105.04,663.98,0,-1
201,legit_25,398.4,656.81,11.5409,-0.2905,180.0,C4C3,0,76.75,481.97,0,-1
201,legit_26,465.29,798.4,12.1462,-0.2318,90.0,C4D4,0,44.32,490.83,0,-1
201,legit_27,1.6,205.73,12.2516,-0.3512,0.0,:A1_7,0,171.38,797.46,0,-1
201,legit_28,816.95,401.6,10.0999,-3.2754,270.0,F2E2,1,78.82,512.72,0,-1
201,legit_29,801.6,685.96,12.7348,0.0672,0.0,E3E4,1,100.26,485.34,0,-1
201,legit_30,984.39,1.6,6.4083,1.5109,270.0,F0E0,1,135.36,792.28,0,-1
201,legit_31,598.4,32.06,12.7349,-0.3146,180.0,D1D0,0,172.5,680.75,0,-1
201,legit_32,722.94,601.6,12.3042,0.1085,270.0,E3D3,2,27.11,459.31,0,-1
201,legit_33,201.6,227.03,7.2853,2.329,0.0,B1B2,0,118.82,658.54,0,-1
202,legit_14,978.92,1001.6,8.8742,1.5015,270.0,F5E5,0,105.83,663.23,0,-1
202,legit_15,601.6,992.54,12.6977,-0.5409,0.0,D4D5,1,172.26,563.2,0,-1
202,legit_16,201.08,393.59,3.2809,-4.2854,353.81,:B2_11,0,61.13,593.88,0,-1
202,legit_17,1.6,991.75,9.5392,-2.6905,0.0,A4A5,0,172.66,796.31,0,-1
202,legit_18,338.55,-1.6,13.3233,0.5699,90.0,B0C0,0,164.95,748.11,0,-1
202,legit_19,619.41,998.4,7.1908,1.7102,90.0,D5E5,1,153.98,566.7,0,-1
202,legit_20,998.4,778.22,13.8058,0.3661,180.0,F4F3,0,80.49,586.75,0,-1
202,legit_21,943.24,-1.6,13.7719,0.7066,90.0,E0F0,1,161.81,777.35,0,-1
202,legit_22,650.6,598.4,12.6812,0.7649,90.0,D3E3,1,99.42,452.21,0,-1
202,legit_23,798.4,454.71,13.2803,-0.2081,180.0,E3E2,1,106.36,494.34,0,-1
202,legit_24,974.08,201.6,9.7841,1.9535,270.0,F1E1,0,111.46,659.24,0,-1
202,legit_25,398.4,645.19,11.6224,0.0815,180.0,C4C3,0,68.59,480.94,0,-1
202,legit_26,476.85,798.4,11.5584,-0.5878,90.0,C4D4,0,49.51,488.87,0,-1
202,legit_27,1.6,218.22,12.4849,0.2333,0.0,A1A2,0,177.96,791.83,0,-1
202,legit_28,810.87,401.6,6.0781,-4.0218,270.0,F2E2,1,73.73,510.72,0,-1
202,legit_29,801.6,699.58,13.6219,0.887,0.0,E3E4,1,112.16,487.27,0,-1
202,legit_30,975.51,1.6,8.8754,2.467,270.0,F0E0,1,139.88,788.38,0,-1
202,legit_31,598.4,20.23,11.8217,-0.9132,180.0,D1D0,0,178.82,689.93,0,-1
202,legit_32,710.04,601.6,12.8949,0.5908,270.0,E3D3,2,39.99,457.6,0,-1
202,legit_33,201.6,236.0,8.9697,1.6844,0.0,B1B2,0,126.96,654.22,0,-1
203,legit_14,968.38,1001.6,10.5361,1.6619,270.0,F5E5,0,113.17,658.21,0,-1
203,legit_16,199.32,394.06,2.1464,-1.1345,324.3,:B2_19,1,59.94,594.69,0,-1
203,legit_17,1.6,996.79,5.0392,-4.5,0.0,A4A5,0,170.14,798.62,0,-1
203,legit_18,351.58,-1.6,13.0306,-0.2927,90.0,B0C0,0,156.44,744.1,0,-1
203,legit_19,628.39,998.4,8.9767,1.7859,90.0,D5E5,0,146.45,566.94,0,-1
203,legit_20,998.4,764.96,13.2615,-0.5443,180.0,F4F3,0,91.07,583.86,0,-1
203,legit_21,956.38,-1.6,13.138,-0.6338,90.0,E0F0,1,153.46,782.68,0,-1
203,legit_22,664.25,598.4,13.6556,0.9744,90.0,D3E3,1,85.76,453.09,0,-1
203,legit_23,798.4,441.26,13.4492,0.1689,180.0,E3E2,1,94.58,497.16,0,-1
203,legit_24,961.93,201.6,12.1527,2.3686,270.0,F1E1,0,120.06,653.52,0,-1
203,legit_25,398.4,633.64,11.5437,-0.0787,180.0,C4C3,0,61.6,480.11,0,-1
203,legit_26,488.83,798.4,11.9844,0.426,90.0,C4D4,0,56.91,487.1,0,-1
203,legit_27,1.6,230.03,11.8149,-0.6701,0.0,A1A2,0,184.74,786.65,0,-1
203,legit_28,803.34,401.6,7.5373,1.4592,270.0,:E2_5,1,67.64,508.3,0,-1
203,legit_29,801.6,713.09,13.5079,-0.114,0.0,E3E4,0,124.31,489.4,0,-1
203,legit_30,965.06,1.6,10.4568,1.5815,270.0,F0E0,1,145.72,783.91,0,-1
203,legit_31,598.4,12.41,7.824,-3.9976,180.0,D1D0,0,183.3,696.08,0,-1
203,legit_32,698.21,601.6,11.8344,-1.0605,270.0,E3D3,1,51.82,456.2,0,-1
203,legit_33,201.6,247.41,11.4097,2.44,0.0,B1B2,1,123.85,648.83,0,-1
204,legit_14,956.0,1001.6,12.3856,1.8496,270.0,F5E5,1,122.41,652.47,0,-1
204,legit_16,198.4,391.62,2.7627,0.6162,235.18,B2B1,1,57.81,595.83,0,-1
204,legit_17,4.78,998.4,4.1777,-0.8615,52.59,A5B5,0,166.57,797.01,0,-1
204,legit_18,364.6,-1.6,13.019,-0.0116,90.0,B0C0,0,148.59,740.28,0,-1
204,legit_19,639.39,998.4,11.0032,2.0265,90.0,D5E5,0,137.45,567.36,0,-1
204,legit_20,998.4,751.15,13.8124,0.5509,180.0,F4F3,0,102.75,581.07,0,-1
204,legit_21,969.58,-1.6,13.1991,0.0611,90.0,E0F0,1,145.79,788.22,0,-1
204,legit_22,677.05,598.4,12.7932,-0.8624,90.0,D3E3,1,72.97,454.11,0,-1
204,legit_23,798.4,428.67,12.5834,-0.8657,180.0,E3E2,1,84.02,499.99,0,-1
204,legit_24,949.75,201.6,12.1749,0.0222,270.0,F1E1,0,129.26,647.95,0,-1
204,legit_25,398.4,621.66,11.9783,0.4346,180.0,C4C3,0,55.96,479.48,0,-1
204,legit_26,500.99,798.4,12.1553,0.1709,90.0,C4D4,0,65.8,485.54,0,-1
204,legit_27,1.6,241.54,11.5085,-0.3064,0.0,A1A2,0,189.88,781.74,0,-1
204,legit_28,794.24,401.6,9.0938,1.5565,270.0,:E2_5,1,60.73,505.49,0,-1
204,legit_29,801.6,726.12,13.0272,-0.4806,0.0,E3E4,0,125.03,491.65,0,-1
204,legit_30,952.62,1.6,12.4317,1.9749,270.0,F0E0,1,153.3,778.73,0,-1
204,legit_31,598.4,8.2,4.2082,-3.6158,180.0,D1D0,0,185.8,699.4,0,-1
204,legit_32,686.44,601.6,11.7708,-0.0636,270.0,E3D3,1,63.58,454.98,0,-1
204,legit_33,201.6,260.06,12.651,1.2412,0.0,B1B2,1,112.47,642.99,0,-1
204,legit_34,812.3,998.4,0.0,0.0,90.0,E5F5,1,102.66,596.05,0,-1
205,legit_14,943.32,1001.6,12.6773,0.2917,270.0,F5E5,1,132.39,646.77,0,-1
205,legit_16,198.4,386.29,5.3278,2.5652,180.0,B2B1,1,55.08,597.25,0,-1
205,legit_17,11.45,998.4,6.6676,2.4899,90.0,A5B5,0,160.79,792.1,0,-1
205,legit_18,378.46,-1.6,13.8631,0.8441,90.0,B0C0,0,141.08,736.42,0,-1
205,legit_19,652.8,998.4,13.4106,2.4074,90.0,D5E5,0,126.91,568.05,0,-1
205,legit_20,998.4,737.37,13.7754,-0.037,180.0,F4F3,0,114.87,578.49,0,-1
205,legit_21,983.45,-1.6,13.8677,0.6686,90.0,E0F0,1,138.62,794.24,0,-1
205,legit_22,689.86,598.4,12.8165,0.0233,90.0,D3E3,1,60.16,455.32,0,-1
205,legit_23,798.4,416.46,12.2143,-0.3692,180.0,E3E2,1,74.37,502.93,0,-1
205,legit_24,937.23,201.6,12.5177,0.3428,270.0,F1E1,0,139.19,642.39,0,-1
205,legit_25,398.4,610.11,11.5507,-0.4276,180.0,C4C3,0,52.58,479.12,0,-1
205,legit_26,513.58,798.4,12.5947,0.4394,90.0,C4D4,0,75.98,484.15,0,-1
205,legit_27,1.6,254.15,12.613,1.1045,0.0,A1A2,0,182.28,776.52,0,-1
205,legit_28,783.47,401.6,10.7714,1.6776,270.0,E2D2,1,53.39,502.33,0,-1
205,legit_29,801.6,739.9,13.7833,0.7561,0.0,E3E4,0,112.62,494.24,0,-1
205,legit_30,939.79,1.6,12.8323,0.4006,270.0,F0E0,1,161.75,773.56,0,-1
205,legit_31,596.85,2.91,5.6903,1.4821,198.61,:D0_0,0,187.82,703.6,0,-1
205,legit_32,673.57,601.6,12.8657,1.0949,270.0,E3D3,1,76.45,453.81,0,-1
205,legit_33,201.6,273.9,13.8318,1.1809,0.0,B1B2,1,100.38,636.79,0,-1
205,legit_34,814.75,998.4,2.4543,2.4543,90.0,E5F5,1,104.17,596.78,0,-1
206,legit_14,930.31,1001.6,13.0054,0.3281,270.0,F5E5,1,143.08,641.1,0,-1
206,legit_16,198.4,378.55,7.7357,2.4079,180.0,B2B1,1,51.83,599.41,0,-1
206,legit_17,20.59,998.4,9.1384,2.4708,90.0,A5B5,0,152.99,785.42,0,-1
206,legit_18,391.67,-1.6,13.2116,-0.6515,90.0,B0C0,0,134.86,732.94,0,-1
206,legit_19,665.73,998.4,12.9206,-0.49,90.0,D5E5,0,117.31,568.93,0,-1
206,legit_20,998.4,724.52,12.8454,-0.93,180.0,F4F3,0,126.48,576.26,0,-1
206,legit_21,996.58,-1.6,13.1376,-0.7301,90.0,E0F0,1,132.82,800.14,0,-1
206,legit_22,703.29,598.4,13.432,0.6155,90.0,D3E3,1,46.73,456.78,0,-1
206,legit_23,798.4,403.32,13.1415,0.9272,180.0,:E2_1,1,64.95,506.3,0,-1
206,legit_24,924.3,201.6,12.9331,0.4154,270.0,F1E1,0,149.86,636.83,0,-1
206,legit_25,398.4,598.93,11.1807,-0.37,180.0,:C3_1,0,51.61,479.01,0,-1
206,legit_26,525.32,798.4,11.7396,-0.8551,90.0,C4D4,0,86.04,483.04,0,-1
206,legit_27,1.6,266.79,12.6363,0.0234,0.0,A1A2,0,175.24,771.46,0,-1
206,legit_28,770.69,401.6,12.7796,2.0083,270.0,E2D2,1,46.46,498.82,0,-1
206,legit_29,801.6,752.76,12.8541,-0.9292,0.0,E3E4,0,101.36,496.85,0,-1
206,legit_30,926.72,1.6,13.0737,0.2414,270.0,F0E0,1,170.93,768.47,0,-1
206,legit_31,591.93,1.6,5.211,-0.4793,255.77,D0C0,0,184.83,704.68,0,-1
206,legit_32,661.29,601.6,12.2838,-0.5818,270.0,E3D3,1,88.73,452.88,0,-1
206,legit_33,201.6,286.98,13.0816,-0.7502,0.0,B1B2,1,89.41,631.11,0,-1
206,legit_34,818.87,998.4,4.1181,1.6638,90.0,E5F5,1,106.78,598.04,0,-1
207,legit_14,917.67,1001.6,12.6457,-0.3598,270.0,F5E5,1,153.81,635.76,0,-1
207,legit_16,198.4,368.76,9.7957,2.06,180.0,B2B1,1,49.19,602.3,0,-1
207,legit_17,31.4,998.4,10.8133,1.6748,90.0,A5B5,0,143.96,777.6,0,-1
207,legit_18,404.92,-1.6,13.2486,0.037,90.0,:C0_6,0,129.69,729.67,0,-1
207,legit_19,678.2,998.4,12.4742,-0.4464,90.0,D5E5,1,108.69,569.97,0,-1
207,legit_20,998.4,711.53,12.9928,0.1474,180.0,F4F3,0,122.89,574.19,0,-1
207,legit_22,716.49,598.4,13.1998,-0.2322,90.0,D3E3,1,33.54,458.43,0,-1
207,legit_23,798.4,390.61,12.7118,-0.4297,180.0,E2E1,1,57.26,509.81,0,-1
207,legit_24,912.52,201.6,11.7845,-1.1487,270.0,F1E1,0,159.88,631.9,0,-1
207,legit_25,398.4,586.91,12.0218,0.8411,180.0,C3C2,0,53.23,479.18,0,-1
207,legit_26,536.72,798.4,11.4015,-0.338,90.0,C4D4,0,96.18,482.13,0,-1
207,legit_27,1.6,279.16,12.3655,-0.2708,0.0,A1A2,0,168.99,766.68,0,-1
207,legit_28,757.34,401.6,13.3484,0.5688,270.0,E2D2,1,42.24,495.52,0,-1
207,legit_29,801.6,765.98,13.2191,0.365,0.0,E3E4,0,90.23,499.74,0,-1
207,legit_30,913.15,1.6,13.5628,0.4891,270.0,F0E0,0,180.96,763.36,0,-1
207,legit_31,585.16,1.6,6.7694,1.5584,270.0,D0C0,0,179.69,704.76,0,-1
207,legit_32,648.78,601.6,12.5078,0.224,270.0,E3D3,1,101.23,452.11,0,-1
207,legit_33,201.6,299.76,12.7788,-0.3028,0.0,B1B2,1,79.32,625.73,0,-1
207,legit_34,824.43,998.4,5.5612,1.4432,90.0,E5F5,2,110.45,599.77,0,-1
208,legit_14,904.98,1001.6,12.6867,0.041,270.0,F5E5,1,164.85,630.56,0,-1
208,legit_16,198.4,357.48,11.2774,1.4817,180.0,B2B1,1,48.47,605.84,0,-1
208,legit_17,44.52,998.4,13.1151,2.3019,90.0,A5B5,0,133.36,768.23,0,-1
208,legit_18,417.59,-1.6,12.672,-0.5766,90.0,C0D0,0,125.84,726.75,0,-1
208,legit_19,690.9,998.4,12.6995,0.2253,90.0,D5E5,1,100.75,571.24,0,-1
208,legit_20,998.4,697.94,13.5962,0.6034,180.0,F4F3,0,110.7,572.21,0,-1
208,legit_22,729.37,598.4,12.8763,-0.3235,90.0,D3E3,1,20.69,460.23,0,-1
208,legit_23,798.4,378.1,12.5053,-0.2065,180.0,E2E1,1,51.67,513.52,0,-1
208,legit_24,900.74,201.6,11.778,-0.0065,270.0,F1E1,0,170.11,627.13,0,-1
208,legit_25,398.4,575.72,11.1964,-0.8254,180.0,C3C2,0,57.03,479.59,0,-1
208,legit_26,549.3,798.4,12.5806,1.1791,90.0,C4D4,0,107.66,481.3,0,-1
208,legit_27,1.6,291.52,12.3623,-0.0032,0.0,A1A2,0,163.44,762.06,0,-1
208,legit_28,744.69,401.6,12.649,-0.6994,270.0,E2D2,1,41.94,492.75,0,-1
208,legit_29,801.6,778.8,12.8291,-0.39,0.0,E3E4,0,80.05,502.75,0,-1
208,legit_30,900.36,1.6,12.7925,-0.7704,270.0,F0E0,0,190.81,758.72,0,-1
208,legit_31,576.2,1.6,8.9556,2.1862,270.0,D0C0,0,173.05,704.95,0,-1
208,legit_32,635.79,601.6,12.9931,0.4853,270.0,E3D3,1,114.22,451.49,0,-1
208,legit_33,201.6,313.04,13.2879,0.5091,0.0,B1B2,1,69.77,620.35,0,-1
208,legit_34,831.39,998.4,6.959,1.3977,90.0,E5F5,2,115.25,601.99,0,-1
209,legit_14,892.12,1001.6,12.8638,0.1771,270.0,F5E5,1,162.31,625.46,0,-1
209,legit_16,198.4,345.57,11.9142,0.6368,180.0,B2B1,1,50.51,609.85,0,-1
209,legit_17,57.98,998.4,13.4588,0.3437,90.0,A5B5,0,122.99,758.76,0,-1
209,legit_18,430.45,-1.6,12.8528,0.1808,90.0,C0D0,1,123.16,723.99,0,-1
209,legit_19,704.18,998.4,13.2831,0.5836,90.0,D5E5,1,93.58,572.81,0,-1
209,legit_20,998.4,684.8,13.139,-0.4572,180.0,F4F3,0,99.26,570.48,0,-1
209,legit_22,742.26,598.4,12.8856,0.0093,90.0,D3E3,1,7.91,462.23,0,-1
209,legit_23,798.4,364.8,13.3018,0.7965,180.0,E2E1,1,48.64,517.78,0,-1
209,legit_24,888.54,201.6,12.1991,0.4211,270.0,F1E1,0,160.79,622.33,0,-1
209,legit_25,398.4,564.67,11.0481,-0.1483,180.0,C3C2,0,62.54,480.22,0,-1
209,legit_26,561.27,798.4,11.9634,-0.6172,90.0,C4D4,0,118.79,480.7,0,-1
209,legit_27,1.6,303.61,12.0932,-0.2691,0.0,A1A2,0,158.75,757.71,0,-1
209,legit_28,731.68,401.6,13.0151,0.3661,270.0,E2D2,1,45.46,490.29,0,-1
209,legit_29,801.6,788.95,10.1471,-2.682,0.0,E3E4,0,72.58,505.28,0,-1
209,legit_30,887.64,1.6,12.7176,-0.0749,270.0,F0E0,0,181.56,754.28,0,-1
209,legit_31,564.89,1.6,11.3128,2.3572,270.0,D0C0,1,164.98,705.32,0,-1
209,legit_32,622.94,601.6,12.8436,-0.1495,270.0,E3D3,1,127.07,451.07,0,-1
209,legit_33,201.6,325.77,12.7298,-0.5581,0.0,B1B2,1,61.92,615.4,0,-1
209,legit_34,840.25,998.4,8.8565,1.8975,90.0,E5F5,2,121.67,604.9,0,-1
210,legit_14,878.88,1001.6,13.2369,0.3731,270.0,F5E5,1,150.85,620.38,0,-1
210,legit_16,198.4,334.33,11.2363,-0.6779,180.0,B2B1,1,54.79,613.87,0,-1
210,legit_17,71.29,998.4,13.3159,-0.1429,90.0,A5B5,0,113.37,749.56,0,-1
210,legit_18,443.82,-1.6,13.3724,0.5196,90.0,C0D0,1,121.76,721.35,0,-1
210,legit_19,716.41,998.4,12.229,-1.0541,90.0,D5E5,1,88.24,574.48,0,-1
210,legit_20,998.4,671.21,13.5856,0.4466,180.0,F4F3,0,87.94,568.89,0,-1
210,legit_22,755.31,598.4,13.0552,0.1696,90.0,D3E3,1,5.55,464.97,0,-1
210,legit_23,798.4,352.29,12.5057,-0.7961,180.0,E2E1,1,49.01,522.11,0,-1
210,legit_24,876.31,201.6,12.2347,0.0356,270.0,F1E1,0,150.37,617.68,0,-1
210,legit_25,398.4,552.57,12.1006,1.0525,180.0,C3C2,0,70.09,481.12,0,-1
210,legit_26,572.68,798.4,11.4139,-0.5496,90.0,C4D4,0,129.54,480.27,0,-1
210,legit_27,1.6,315.42,11.8129,-0.2803,0.0,A1A2,0,154.95,753.62,0,-1
210,legit_28,719.01,401.6,12.6714,-0.3437,270.0,E2D2,1,51.88,488.23,0,-1
210,legit_29,801.85,794.58,5.6471,-4.5,2.92,:E4_8,0,68.93,506.82,0,-1
210,legit_30,874.15,1.6,13.498,0.7804,270.0,F0E0,0,171.55,749.74,0,-1
210,legit_31,551.73,1.6,13.1636,1.8508,270.0,D0C0,1,156.1,705.93,0,-1
210,legit_32,614.46,601.6,8.4817,-4.3619,270.0,E3D3,1,135.55,450.89,0,-1
210,legit_33,201.6,338.36,12.5914,-0.1384,0.0,B1B2,1,55.95,610.74,0,-1
210,legit_34,850.41,998.4,10.1656,1.3091,90.0,E5F5,2,129.39,608.36,0,-1
210,legit_35,587.7,201.6,0.0,0.0,270.0,D1C1,0,160.06,566.58,0,-1
211,legit_14,865.66,1001.6,13.2174,-0.0196,270.0,F5E5,2,139.73,615.5,0,-1
211,legit_16,198.4,322.74,11.5931,0.3568,180.0,B2B1,1,61.08,618.23,0,-1
211,legit_17,84.88,998.4,13.5855,0.2695,90.0,A5B5,0,104.4,740.34,0,-1
211,legit_18,456.75,-1.6,12.9285,-0.4439,90.0,C0D0,1,121.79,719.03,0,-1
211,legit_19,729.6,998.4,13.1902,0.9612,90.0,D5E5,2,84.11,576.55,0,-1
211,legit_20,998.4,657.57,13.6441,0.0585,180.0,F4F3,0,77.31,567.52,0,-1
211,legit_22,769.07,598.4,13.7634,0.7082,90.0,D3E3,0,19.14,468.89,0,-1
211,legit_23,798.4,339.37,12.92,0.4144,180.0,E2E1,1,52.61,526.92,0,-1
211,legit_24,863.59,201.6,12.7161,0.4814,270.0,F1E1,0,139.86,613.01,0,-1
211,legit_25,398.4,541.4,11.1703,-0.9302,180.0,C3C2,0,78.08,482.15,0,-1
211,legit_26,583.32,798.4,10.6379,-0.776,90.0,C4D4,0,139.66,480.0,0,-1
211,legit_27,1.6,327.67,12.243,0.4301,0.0,A1A2,0,151.88,749.55,0,-1
211,legit_28,705.94,401.6,13.0657,0.3943,270.0,E2D2,1,60.59,486.4,0,-1
211,legit_29,805.46,798.15,5.4778,-0.1692,48.82,:E4_8,0,69.48,508.91,0,-1
211,legit_30,861.41,1.6,12.7316,-0.7663,270.0,F0E0,0,162.58,745.63,0,-1
211,legit_31,539.15,1.6,12.5831,-0.5805,270.0,D0C0,1,148.21,706.69,0,-1
211,legit_32,609.53,601.6,4.9336,-3.548,270.0,E3D3,0,140.48,450.83,0,-1
211,legit_33,201.6,351.43,13.0674,0.476,0.0,B1B2,1,52.31,606.18,0,-1
211,legit_34,861.92,998.4,11.5094,1.3438,90.0,E5F5,2,138.51,612.41,0,-1
211,legit_35,585.97,201.6,1.7301,1.7301,270.0,D1C1,0,158.58,566.6,0,-1
212,legit_14,852.53,1001.6,13.1301,-0.0873,270.0,F5E5,2,129.07,610.84,0,-1
212,legit_16,198.4,311.03,11.7102,0.1171,180.0,B2B1,1,68.86,622.83,0,-1
212,legit_17,98.31,998.4,13.4341,-0.1514,90.0,A5B5,0,96.59,731.43,0,-1
212,legit_18,470.12,-1.6,13.3694,0.4409,90.0,C0D0,1,123.25,716.85,0,-1
212,legit_19,742.15,998.4,12.5472,-0.643,90.0,D5E5,2,81.98,578.78,0,-1
212,legit_20,998.4,643.91,13.6607,0.0166,180.0,F4F3,0,67.75,566.37,0,-1
212,legit_22,780.85,598.4,11.7794,-1.984,90.0,D3E3,0,30.9,472.42,0,-1
212,legit_23,798.4,326.96,12.4121,-0.5079,180.0,E2E1,2,58.6,531.81,0,-1
212,legit_24,850.62,201.6,12.9654,0.2493,270.0,F1E1,1,129.55,608.43,0,-1
212,legit_25,398.4,529.45,11.9478,0.7775,180.0,C3C2,0,87.41,483.43,0,-1
212,legit_26,590.11,798.4,6.7924,-3.8455,90.0,C4D4,0,146.15,479.9,0,-1
212,legit_27,1.6,339.44,11.7685,-0.4745,0.0,A1A2,0,149.82,745.8,0,-1
212,legit_28,692.23,401.6,13.714,0.6483,270.0,E2D2,1,71.19,484.76,0,-1
212,legit_29,810.84,798.4,5.3923,-0.0856,87.79,E4F4,0,73.7,510.71,0,-1
212,legit_30,848.07,1.6,13.341,0.6093,270.0,F0E0,0,153.74,741.51,0,-1
212,legit_31,526.43,1.6,12.7104,0.1273,270.0,D0C0,1,140.93,707.65,0,-1
212,legit_32,602.91,600.79,6.7293,1.7957,260.55,:D3_6,0,147.09,450.78,0,-1
212,legit_33,201.6,365.28,13.8479,0.7805,0.0,B1B2,1,51.87,601.7,0,-1
212,legit_34,874.12,998.4,12.1984,0.689,90.0,E5F5,2,148.54,616.86,0,-1
212,legit_35,582.64,201.6,3.3303,1.6002,270.0,D1C1,0,155.73,566.66,0,-1
213,legit_14,839.35,1001.6,13.1792,0.0491,270.0,F5E5,2,118.87,606.36,0,-1
213,legit_16,198.4,298.86,12.1626,0.4523,180.0,B2B1,1,77.98,627.79,0,-1
213,legit_17,112.16,998.4,13.8455,0.4114,90.0,A5B5,0,89.95,722.47,0,-1
213,legit_18,483.92,-1.6,13.802,0.4326,90.0,C0D0,1,126.24,714.85,0,-1
213,legit_19,754.58,998.4,12.4327,-0.1146,90.0,D5E5,2,81.73,581.26,0,-1
213,legit_20,998.4,630.92,12.991,-0.6697,180.0,F4F3,0,60.15,565.53,0,-1
213,legit_22,788.95,598.4,8.1006,-3.6788,90.0,D3E3,0,38.99,474.93,0,-1
213,legit_23,798.4,313.28,13.6797,1.2676,180.0,E2E1,2,67.27,537.49,0,-1
213,legit_24,838.51,201.6,12.1135,-0.8519,270.0,F1E1,1,120.39,604.32,0,-1
213,legit_25,398.4,517.44,12.0056,0.0577,180.0,C3C2,0,97.36,484.9,0,-1
213,legit_26,594.89,798.1,4.7967,-1.9956,93.42,:D4_12,0,150.82,479.78,0,-1
213,legit_27,1.6,351.0,11.5613,-0.2072,0.0,A1A2,0,148.67,742.29,0,-1
213,legit_28,678.79,401.6,13.4403,-0.2736,270.0,E2D2,1,82.47,483.41,0,-1
213,legit_29,818.61,798.4,7.7706,2.3784,90.0,E4F4,0,80.24,513.28,0,-1
213,legit_30,835.09,1.6,12.9878,-0.3532,270.0,F0E0,0,145.8,737.69,0,-1
213,legit_31,513.29,1.6,13.1455,0.4351,270.0,D0C0,1,134.25,708.85,0,-1
213,legit_32,598.87,596.1,6.4558,-0.2736,215.32,:D3_6,0,148.92,450.79,0,-1
213,legit_33,201.6,378.79,13.512,-0.3359,0.0,B1B2,1,54.92,597.66,0,-1
213,legit_34,886.39,998.4,12.2718,0.0734,90.0,E5F5,2,158.94,621.5,0,-1
213,legit_35,577.55,201.6,5.0909,1.7606,270.0,D1C1,0,151.42,566.77,0,-1
214,legit_14,825.65,1001.6,13.6995,0.5203,270.0,F5E5,2,108.95,601.91,0,-1
214,legit_16,198.4,287.34,11.5259,-0.6366,180.0,B2B1,1,87.31,632.64,0,-1
214,legit_17,125.54,998.4,13.3763,-0.4692,90.0,A5B5,0,85.19,714.05,0,-1
214,legit_18,497.55,-1.6,13.6291,-0.1728,90.0,C0D0,1,130.57,713.12,0,-1
214,legit_19,767.37,998.4,12.7872,0.3545,90.0,D5E5,2,83.43,584.08,0,-1
214,legit_20,998.4,617.03,13.8816,0.8906,180.0,F4F3,0,54.34,564.92,0,-1
214,legit_22,794.42,598.17,5.4862,-2.6143,92.67,:E3_12,0,44.46,476.68,0,-1
214,legit_23,798.4,300.85,12.4279,-1.2518,180.0,E2E1,1,76.43,542.87,0,-1
214,legit_24,825.67,201.6,12.8398,0.7263,270.0,F1E1,1,111.29,600.16,0,-1
214,legit_25,398.4,505.2,12.2406,0.235,180.0,C3C2,0,107.93,486.57,0,-1
214,legit_26,598.23,793.96,5.7485,0.9517,145.66,:D4_12,0,155.22,478.58,0,-1
214,legit_27,1.6,363.04,12.0406,0.4793,0.0,A1A2,0,148.43,738.79,0,-1
214,legit_28,665.2,401.6,13.5833,0.143,270.0,E2D2,0,94.45,482.27,0,-1
214,legit_29,828.5,798.4,9.8923,2.1216,90.0,E4F4,0,88.84,516.66,0,-1
214,legit_30,822.11,1.6,12.9807,-0.007,270.0,F0E0,0,138.63,734.06,0,-1
214,legit_31,500.19,1.6,13.1033,-0.0423,270.0,D0C0,1,128.6,710.25,0,-1
214,legit_32,598.4,589.12,7.0094,0.5536,182.15,D3D2,0,148.8,450.87,0,-1
214,legit_33,201.6,387.8,9.012,-4.5,0.0,B1B2,1,58.61,595.15,0,-1
214,legit_34,898.7,998.4,12.3064,0.0346,90.0,E5F5,2,169.62,626.31,0,-1
214,legit_35,570.01,201.6,7.5421,2.4512,270.0,D1C1,0,145.12,566.99,0,-1
215,legit_14,812.96,1001.6,12.6904,-1.009,270.0,F5E5,2,100.55,598.0,0,-1
215,legit_16,198.4,276.12,11.2203,-0.3057,180.0,B2B1,1,96.85,637.5,0,-1
215,legit_17,139.38,998.4,13.8432,0.4668,90.0,A5B5,0,82.29,705.61,0,-1
215,legit_18,510.22,-1.6,12.6665,-0.9627,90.0,C0D0,1,135.69,711.72,0,-1
215,legit_19,780.34,998.4,12.9759,0.1887,90.0,D5E5,2,87.06,587.22,0,-1
215,legit_22,798.18,594.33,5.8452,0.359,141.82,:E3_12,0,48.51,477.92,0,-1
215,legit_23,798.4,288.1,12.7503,0.3224,180.0,E2E1,1,86.67,548.59,0,-1
215,legit_24,813.4,201.6,12.2723,-0.5675,270.0,F1E1,1,103.33,596.38,0,-1
215,legit_25,398.4,493.23,11.968,-0.2726,180.0,C3C2,0,118.58,488.38,0,-1
215,legit_26,598.4,788.72,5.2521,-0.4963,178.5,D4D3,0,157.01,477.13,0,-1
215,legit_27,1.6,374.62,11.5808,-0.4597,0.0,A1A2,0,149.12,735.6,0,-1
215,legit_28,651.96,401.6,13.2423,-0.341,270.0,E2D2,0,106.5,481.38,0,-1
215,legit_29,840.1,798.4,11.6019,1.7097,90.0,E4F4,0,99.24,520.77,0,-1
215,legit_30,811.78,1.6,10.3277,-2.653,270.0,F0E0,0,133.55,731.32,0,-1
215,legit_31,487.75,1.6,12.4332,-0.6701,270.0,D0C0,1,124.27,711.78,0,-1
215,legit_32,598.4,580.17,8.956,1.9465,180.0,D3D2,0,149.72,451.08,0,-1
215,legit_33,201.6,392.32,4.512,-4.5,0.0,B1B2,1,60.88,593.94,0,-1
215,legit_34,911.31,998.4,12.6085,0.302,90.0,E5F5,2,160.92,631.41,0,-1
215,legit_35,560.31,201.6,9.6987,2.1566,270.0,D1C1,0,137.21,567.37,0,-1
216,legit_16,198.4,264.12,11.9946,0.7743,180.0,B2B1,1,107.4,642.84,0,-1
216,legit_17,152.7,998.4,13.3211,-0.5221,90.0,A5B5,0,81.64,697.76,0,-1
216,legit_18,523.25,-1.6,13.0391,0.3726,90.0,C0D0,1,141.96,710.48,0,-1
216,legit_19,793.37,998.4,13.0267,0.0508,90.0,:E5_7,1,92.41,590.64,0,-1
216,legit_22,798.4,588.99,5.3569,-0.4884,178.07,E3E2,0,49.64,478.09,0,-1
216,legit_23,798.4,275.0,13.0993,0.349,180.0,E2E1,0,97.81,554.66,0,-1
216,legit_25,398.4,481.31,11.9206,-0.0474,180.0,C3C2,0,129.42,490.34,0,-1
216,legit_26,598.4,781.93,6.7902,1.5381,180.0,D4D3,0,159.36,475.3,0,-1
216,legit_27,1.6,387.04,12.4264,0.8456,0.0,A1A2,0,150.84,732.35,0,-1
216,legit_28,638.48,401.6,13.4807,0.2384,270.0,E2D2,0,119.02,480.68,0,-1
216,legit_29,853.24,798.4,13.1369,1.535,90.0,E4F4,0,111.31,525.62,0,-1
216,legit_30,805.96,1.78,5.8277,-4.5,272.03,:E0_3,0,130.8,729.69,0,-1
216,legit_31,474.56,1.6,13.1931,0.7598,270.0,D0C0,1,120.92,713.62,0,-1
216,legit_32,598.4,569.69,10.4729,1.5169,180.0,D3D2,0,151.46,451.49,0,-1
216,legit_33,199.41,394.1,3.4827,-1.0292,326.4,:B2_19,1,60.03,594.64,0,-1
216,legit_34,924.3,998.4,12.9885,0.3801,90.0,E5F5,1,149.87,636.82,0,-1
216,legit_35,549.23,201.6,11.0741,1.3754,270.0,D1C1,0,128.48,567.93,0,-1
216,legit_36,8.3,-1.6,0.0,0.0,90.0,A0B0,0,186.72,909.59,0,-1
217,legit_16,198.4,252.53,11.5943,-0.4003,180.0,B2B1,1,117.87,648.13,0,-1
217,legit_17,165.86,998.4,13.1604,-0.1607,90.0,A5B5,0,83.13,690.27,0,-1
217,legit_18,535.88,-1.6,12.63,-0.409,90.0,C0D0,1,148.87,709.48,0,-1
217,legit_19,805.86,998.4,12.4853,-0.5414,90.0,:E5_7,1,98.89,594.15,0,-1
217,legit_22,798.4,582.0,6.9887,1.6318,180.0,E3E2,0,51.64,478.29,0,-1
217,legit_23,798.4,261.75,13.2528,0.1535,180.0,E2E1,0,109.52,560.99,0,-1
217,legit_25,398.4,470.01,11.3056,-0.615,180.0,C3C2,0,121.51,492.35,0,-1
217,legit_26,598.4,773.38,8.5547,1.7646,180.0,D4D3,0,162.67,473.1,0,-1
217,legit_27,1.6,399.55,12.5049,0.0784,0.0,:A2_7,0,153.58,729.27,0,-1
217,legit_28,625.49,401.6,12.9868,-0.494,270.0,E2D2,0,131.27,480.21,0,-1
217,legit_29,866.81,798.4,13.5733,0.4363,90.0,E4F4,0,124.0,530.83,0,-1
217,legit_30,801.8,5.77,6.3363,0.5085,322.86,:E0_3,0,125.43,725.5,0,-1
217,legit_31,461.93,1.6,12.6262,-0.5668,270.0,D0C0,1,119.0,715.59,0,-1
217,legit_32,598.4,557.16,12.5302,2.0574,180.0,D3D2,0,154.46,452.21,0,-1
217,legit_33,198.4,391.21,3.2629,-0.2198,223.39,B2B1,1,57.59,595.93,0,-1
217,legit_34,937.06,998.4,12.765,-0.2235,90.0,E5F5,1,139.33,642.32,0,-1
217,legit_35,536.35,201.6,12.8839,1.8098,270.0,D1C1,0,118.81,568.77,0,-1
217,legit_36,10.13,-1.6,1.827,1.827,90.0,A0B0,0,185.34,908.41,0,-1
218,legit_16,198.4,240.06,12.4706,0.8762,180.0,B2B1,1,129.34,653.96,0,-1
218,legit_17,179.37,998.4,13.5121,0.3517,90.0,A5B5,0,86.73,682.86,0,-1
218,legit_18,548.61,-1.6,12.7303,0.1003,90.0,C0D0,1,156.56,708.66,0,-1
218,legit_19,819.22,998.4,13.3647,0.8794,90.0,E5F5,1,107.01,598.15,0,-1
218,legit_22,798.4,572.67,9.3332,2.3445,180.0,E3E2,0,55.59,478.72,0,-1
218,legit_23,798.4,248.24,13.5149,0.2621,180.0,E2E1,0,121.79,567.64,0,-1
218,legit_25,398.4,457.78,12.2283,0.9227,180.0,C3C2,0,110.56,494.69,0,-1
218,legit_26,598.4,762.23,11.1525,2.5978,180.0,D4D3,0,167.55,470.38,0,-1
218,legit_27,1.6,412.01,12.4618,-0.043,0.0,A2A3,0,157.25,726.39,0,-1
218,legit_28,615.8,401.6,9.6901,-3.2966,270.0,E2D2,1,140.5,479.99,0,-1
218,legit_29,879.63,798.4,12.8129,-0.7603,90.0,E4F4,0,136.14,535.93,0,-1
218,legit_30,801.6,11.36,5.6084,-0.7279,358.64,E0E1,0,120.27,721.07,0,-1
218,legit_31,449.71,1.6,12.2234,-0.4029,270.0,D0C0,1,118.4,717.71,0,-1
218,legit_32,598.4,544.36,12.8048,0.2745,180.0,D3D2,1,158.49,453.18,0,-1
218,legit_33,198.4,385.39,5.8228,2.5599,180.0,B2B1,1,54.65,597.5,0,-1
218,legit_34,949.87,998.4,12.8051,0.0401,90.0,E5F5,1,129.17,648.0,0,-1
218,legit_35,523.12,201.6,13.2343,0.3504,270.0,D1C1,0,109.56,569.85,0,-1
218,legit_36,14.17,-1.6,4.0471,2.2201,90.0,A0B0,0,182.31,905.79,0,-1
219,legit_16,198.4,228.2,11.858,-0.6126,180.0,B2B1,1,118.53,659.64,0,-1
219,legit_18,561.22,-1.6,12.6055,-0.1248,90.0,C0D0,1,164.79,708.02,0,-1
219,legit_19,832.28,998.4,13.056,-0.3087,90.0,E5F5,1,115.88,602.28,0,-1
219,legit_22,798.4,561.12,11.5473,2.2141,180.0,E3E2,0,62.08,479.44,0,-1
219,legit_23,798.4,234.92,13.315,-0.1999,180.0,E2E1,0,124.7,574.38,0,-1
219,legit_25,398.4,445.7,12.0786,-0.1497,180.0,C3C2,0,100.04,497.17,0,-1
219,legit_26,598.4,750.52,11.7102,0.5577,180.0,D4D3,0,173.29,467.71,0,-1
219,legit_27,1.6,423.85,11.8427,-0.6191,0.0,A2A3,0,161.55,723.82,0,-1
219,legit_28,609.6,401.6,6.209,-3.4812,270.0,E2D2,1,146.44,479.9,0,-1
219,legit_29,892.76,798.4,13.1377,0.3248,90.0,E4F4,0,148.7,541.35,0,-1
219,legit_30,801.6,18.67,7.3097,1.7013,0.0,E0E1,0,113.71,715.38,0,-1
219,legit_31,436.26,1.6,13.4535,1.2302,270.0,D0C0,1,119.19,720.27,0,-1
219,legit_32,598.4,532.43,11.9282,-0.8766,180.0,D3D2,1,163.06,454.31,0,-1
219,legit_33,198.4,378.13,7.2596,1.4368,180.0,B2B1,1,51.68,599.53,0,-1
219,legit_34,962.19,998.4,12.322,-0.4831,90.0,E5F5,1,119.87,653.64,0,-1
219,legit_35,510.73,201.6,12.3891,-0.8453,270.0,D1C1,0,101.72,571.06,0,-1
219,legit_36,19.93,-1.6,5.7562,1.709,90.0,A0B0,0,178.06,902.09,0,-1
220,legit_16,198.4,216.46,11.7353,-0.1227,180.0,B2B1,0,107.93,665.39,0,-1
220,legit_18,574.64,-1.6,13.4156,0.8101,90.0,C0D0,0,174.13,707.55,0,-1
220,legit_19,845.44,998.4,13.16,0.104,90.0,E5F5,1,125.57,606.65,0,-1
220,legit_22,798.4,548.23,12.8852,1.338,180.0,E3E2,0,70.87,480.5,0,-1
220,legit_23,798.4,222.23,12.6894,-0.6257,180.0,E2E1,0,113.11,580.96,0,-1
220,legit_25,398.4,434.16,11.5364,-0.5422,180.0,C3C2,0,90.35,499.71,0,-1
220,legit_26,598.4,738.15,12.3629,0.6527,180.0,D4D3,0,179.99,465.11,0,-1
220,legit_27,1.6,435.33,11.478,-0.3648,0.0,A2A3,0,166.43,721.49,0,-1
220,legit_28,601.59,401.6,8.0022,1.7932,270.0,:D2_5,1,154.13,479.85,0,-1
220,legit_29,906.19,798.4,13.4291,0.2913,90.0,E4F4,0,149.7,547.07,0,-1
220,legit_30,801.6,28.49,9.8189,2.5091,0.0,E0E1,0,105.05,707.79,0,-1
220,legit_31,423.07,1.6,13.1874,-0.2661,270.0,D0C0,0,121.42,723.01,0,-1
220,legit_32,598.4,519.86,12.5741,0.6459,180.0,D3D2,1,168.66,455.72,0,-1
220,legit_33,198.4,368.59,9.5389,2.2793,180.0,B2B1,0,49.16,602.35,0,-1
220,legit_34,974.81,998.4,12.6206,0.2986,90.0,E5F5,1,110.96,659.59,0,-1
220,legit_35,497.37,201.6,13.3536,0.9645,270.0,D1C1,0,94.35,572.61,0,-1
220,legit_36,27.66,-1.6,7.7305,1.9743,90.0,A0B0,0,172.49,897.15,0,-1
221,legit_18,588.51,-1.6,13.8783,0.4627,90.0,C0D0,0,184.32,707.27,0,-1
221,legit_19,858.84,998.4,13.406,0.246,90.0,E5F5,1,136.03,611.31,0,-1
221,legit_22,798.4,534.82,13.4084,0.5232,180.0,E3E2,0,81.18,481.84,0,-1
221,legit_23,798.4,208.79,13.4387,0.7493,180.0,E2E1,0,101.13,588.12,0,-1
221,legit_25,398.4,421.94,12.2218,0.6854,180.0,C3C2,0,80.62,502.56,0,-1
221,legit_26,598.4,725.75,12.3983,0.0354,180.0,D4D3,0,187.28,462.71,0,-1
221,legit_27,1.6,447.58,12.2432,0.7652,0.0,A2A3,0,172.31,719.17,0,-1
221,legit_28,592.04,401.6,9.55,1.5478,270.0,D2C2,1,148.01,479.88,0,-1
221,legit_29,919.28,798.4,13.0841,-0.345,90.0,E4F4,0,137.18,552.83,0,-1
221,legit_30,801.6,39.78,11.2902,1.4713,0.0,E0E1,0,95.38,699.16,0,-1
221,legit_31,409.88,1.6,13.19,0.0026,270.0,D0C0,0,125.01,725.97,0,-1
221,legit_32,598.4,507.27,12.5912,0.0171,180.0,D3D2,1,174.99,457.36,0,-1
221,legit_33,198.4,356.82,11.7673,2.2284,180.0,B2B1,0,48.5,606.06,0,-1
221,legit_34,987.32,998.4,12.5065,-0.114,90.0,E5F5,1,102.9,665.68,0,-1
221,legit_35,484.62,201.6,12.7484,-0.6052,270.0,D1C1,0,88.64,574.33,0,-1
221,legit_36,37.01,-1.6,9.3478,1.6174,90.0,A0B0,0,165.99,891.25,0,-1
222,legit_18,602.38,-1.6,13.8619,-0.0164,90.0,:D0_6,0,191.26,707.2,0,-1
222,legit_19,871.17,998.4,12.3246,-1.0814,90.0,E5F5,1,146.08,615.77,0,-1
222,legit_22,798.4,522.23,12.5964,-0.812,180.0,E3E2,0,91.6,483.31,0,-1
222,legit_23,798.4,195.69,13.105,-0.3337,180.0,:E1_1,1,89.84,595.27,0,-1
222,legit_25,398.4,410.52,11.4249,-0.7968,180.0,C3C2,0,72.21,505.41,0,-1
222,legit_26,598.4,713.82,11.9344,-0.4638,180.0,D4D3,0,187.02,460.6,0,-1
222,legit_27,1.6,459.25,11.6795,-0.5636,0.0,A2A3,0,178.53,717.13,0,-1
222,legit_28,580.9,401.6,11.1394,1.5894,270.0,D2C2,1,137.36,480.05,0,-1
222,legit_29,933.11,798.4,13.8348,0.7508,90.0,E4F4,0,124.07,559.11,0,-1
222,legit_30,801.6,52.46,12.6792,1.389,0.0,E0E1,1,84.99,689.59,0,-1
222,legit_31,396.73,1.6,13.1482,-0.0418,270.0,:C0_4,0,129.83,729.15,0,-1
222,legit_32,598.4,494.63,12.6336,0.0424,180.0,D3D2,1,182.0,459.23,0,-1
222,legit_33,198.4,343.82,12.9948,1.2274,180.0,B2B1,0,51.03,610.46,0,-1
222,legit_34,995.51,998.4,8.1908,-4.3157,90.0,E5F5,1,98.12,669.76,0,-1
222,legit_35,471.02,201.6,13.6069,0.8585,270.0,D1C1,0,84.26,576.44,0,-1
222,legit_36,47.78,-1.6,10.7719,1.4241,90.0,A0B0,1,158.86,884.53,0,-1
222,legit_37,1.6,8.3,0.0,0.0,0.0,A0A1,1,185.74,907.52,0,-1
223,legit_18,615.21,-1.6,12.8377,-1.0242,90.0,D0E0,0,181.53,707.32,0,-1
223,legit_19,884.42,998.4,13.2553,0.9307,90.0,E5F5,1,157.25,620.75,0,-1
223,legit_22,798.4,508.95,13.2751,0.6787,180.0,E3E2,0,103.11,485.06,0,-1
223,legit_23,798.4,183.19,12.4974,-0.6077,180.0,E1E0,1,79.6,602.27,0,-1
223,legit_25,398.4,398.52,11.9991,0.5742,180.0,:C2_1,0,64.39,508.6,0,-1
223,legit_26,598.4,702.25,11.5704,-0.3641,180.0,D4D3,0,180.22,458.74,0,-1
223,legit_27,1.6,470.72,11.4636,-0.2159,0.0,A2A3,0,185.15,715.27,0,-1
223,legit_28,568.42,401.6,12.4801,1.3407,270.0,D2C2,1,125.52,480.41,0,-1
223,legit_29,945.77,798.4,12.66,-1.1749,90.0,E4F4,0,112.22,565.04,0,-1
223,legit_30,801.6,65.39,12.9224,0.2432,0.0,E0E1,1,75.14,679.98,0,-1
223,legit_31,383.55,1.6,13.1769,0.0287,270.0,C0B0,0,135.77,732.54,0,-1
223,legit_32,598.4,482.44,12.1884,-0.4453,180.0,D3D2,1,189.32,461.24,0,-1
223,legit_33,198.4,330.34,13.4821,0.4874,180.0,B2B1,0,56.76,615.35,0,-1
223,legit_34,998.37,996.98,3.6908,-4.5,108.79,:F5_1,1,97.76,670.49,0,-1
223,legit_35,457.4,201.6,13.6202,0.0133,270.0,D1C1,0,81.93,578.87,0,-1
223,legit_36,60.07,-1.6,12.2941,1.5222,90.0,A0B0,1,151.24,876.98,0,-1
223,legit_37,1.6,10.84,2.5362,2.5362,0.0,A0A1,1,184.23,905.88,0,-1
224,legit_18,628.88,-1.6,13.6626,0.8249,90.0,D0E0,0,171.63,707.65,0,-1
224,legit_19,896.84,998.4,12.4194,-0.8358,90.0,E5F5,1,167.99,625.58,0,-1
224,legit_22,798.4,495.79,13.1634,-0.1117,180.0,E3E2,0,114.9,487.01,0,-1
224,legit_23,798.4,170.02,13.1718,0.6744,180.0,E1E0,1,69.6,609.83,0,-1
224,legit_25,398.4,386.55,11.9668,-0.0324,180.0,C2C1,0,58.03,511.99,0,-1
224,legit_26,598.4,689.71,12.5382,0.9678,180.0,D4D3,0,173.41,456.94,0,-1
224,legit_27,1.6,482.42,11.7018,0.2382,0.0,A2A3,0,189.33,713.53,0,-1
224,legit_28,554.71,401.6,13.7174,1.2373,270.0,D2C2,1,112.67,481.01,0,-1
224,legit_29,958.66,798.4,12.8905,0.2305,90.0,E4F4,0,100.36,571.24,0,-1
224,legit_30,801.6,78.12,12.7333,-0.1891,0.0,E0E1,1,66.46,670.69,0,-1
224,legit_31,371.1,1.6,12.4569,-0.72,270.0,C0B0,0,142.28,735.94,0,-1
224,legit_32,598.4,470.02,12.4226,0.2342,180.0,D3D2,1,184.74,463.5,0,-1
224,legit_33,198.4,317.07,13.2697,-0.2125,180.0,B2B1,0,64.69,620.43,0,-1
224,legit_34,998.4,993.86,3.12,-0.5708,166.32,F5F4,1,100.41,668.92,0,-1
224,legit_35,444.66,201.6,12.7381,-0.8821,270.0,D1C1,0,81.77,581.42,0,-1
224,legit_36,73.53,-1.6,13.4539,1.1597,90.0,A0B0,1,143.65,868.86,0,-1
224,legit_37,1.6,15.76,4.9214,2.3852,0.0,A0A1,1,181.35,902.72,0,-1
225,legit_18,642.37,-1.6,13.4984,-0.1642,90.0,D0E0,0,162.39,708.19,0,-1
225,legit_19,910.11,998.4,13.2636,0.8442,90.0,E5F5,1,161.95,630.91,0,-1
225,legit_22,798.4,482.37,13.4187,0.2553,180.0,E3E2,0,127.2,489.19,0,-1
225,legit_23,798.4,156.79,13.2272,0.0555,180.0,E1E0,1,60.8,617.64,0,-1
225,legit_25,398.4,375.51,11.043,-0.9238,180.0,C2C1,1,53.88,515.34,0,-1
225,legit_26,598.4,677.53,12.1768,-0.3614,180.0,D4D3,0,167.43,455.41,0,-1
225,legit_27,1.6,493.87,11.4456,-0.2562,0.0,A2A3,0,182.45,711.98,0,-1
225,legit_28,541.95,401.6,12.7583,-0.9591,270.0,D2C2,2,100.92,481.76,0,-1
225,legit_29,971.69,798.4,13.0298,0.1393,90.0,E4F4,0,88.67,577.7,0,-1
225,legit_30,801.6,90.79,12.6739,-0.0594,0.0,E0E1,1,59.29,661.63,0,-1
225,legit_31,358.23,1.6,12.8709,0.414,270.0,C0B0,0,149.8,739.64,0,-1
225,legit_32,598.4,457.4,12.6168,0.1942,180.0,D3D2,1,177.51,466.02,0,-1
225,legit_33,198.4,303.59,13.4861,0.2165,180.0,B2B1,0,74.33,625.84,0,-1
225,legit_34,998.4,988.57,5.2878,2.1678,180.0,F5F4,1,104.98,666.25,0,-1
225,legit_35,431.45,201.6,13.2071,0.4689,270.0,D1C1,0,83.68,584.35,0,-1
225,legit_36,86.93,-1.6,13.4007,-0.0531,90.0,A0B0,1,136.98,860.94,0,-1
225,legit_37,1.6,22.77,7.015,2.0936,0.0,A0A1,1,177.41,898.24,0,-1
226,legit_18,656.15,-1.6,13.7804,0.282,90.0,D0E0,0,153.6,708.94,0,-1
226,legit_19,923.15,998.4,13.0397,-0.2239,90.0,E5F5,1,150.83,636.34,0,-1
226,legit_22,798.4,468.78,13.5902,0.1714,180.0,E3E2,0,119.06,491.61,0,-1
226,legit_23,798.4,143.98,12.8065,-0.4208,180.0,E1E0,1,54.02,625.42,0,-1
226,legit_25,398.4,363.61,11.8951,0.8522,180.0,C2C1,1,51.73,519.2,0,-1
226,legit_26,598.4,665.14,12.398,0.2212,180.0,D4D3,0,162.07,454.06,0,-1
226,legit_27,1.6,505.81,11.9433,0.4977,0.0,A2A3,0,175.77,710.53,0,-1
226,legit_28,528.82,401.6,13.1301,0.3717,270.0,D2C2,2,89.12,482.74,0,-1
226,legit_29,984.69,798.4,12.993,-0.0368,90.0,E4F4,0,77.44,584.33,0,-1
226,legit_30,801.6,104.24,13.4507,0.7768,0.0,E0E1,1,53.95,652.26,0,-1
226,legit_31,345.9,1.6,12.3282,-0.5426,270.0,C0B0,0,157.66,743.35,0,-1
226,legit_32,598.4,445.55,11.8522,-0.7646,180.0,D3D2,1,171.29,468.59,0,-1
226,legit_33,198.4,290.43,13.153,-0.3331,180.0,B2B1,0,84.75,631.32,0,-1
226,legit_34,998.4,981.05,7.5208,2.233,180.0,F5F4,1,111.59,662.51,0,-1
226,legit_35,419.48,201.6,11.9702,-1.2369,270.0,D1C1,0,87.12,587.26,0,-1
226,legit_36,100.81,-1.6,13.8779,0.4771,90.0,A0B0,1,131.17,852.92,0,-1
226,legit_37,1.6,32.08,9.3115,2.2965,0.0,A0A1,1,172.49,892.35,0,-1
227,legit_18,668.91,-1.6,12.7588,-1.0216,90.0,D0E0,0,146.16,709.84,0,-1
227,legit_19,936.53,998.4,13.3803,0.3406,90.0,E5F5,1,139.77,642.08,0,-1
227,legit_22,798.4,456.11,12.6681,-0.9221,180.0,E3E2,0,107.61,494.06,0,-1
227,legit_23,798.4,130.59,13.3941,0.5876,180.0,E1E0,1,49.55,633.84,0,-1
227,legit_25,398.4,351.69,11.9192,0.0241,180.0,C2C1,1,52.26,523.35,0,-1
227,legit_26,598.4,653.83,11.3024,-1.0956,180.0,D4D3,0,157.86,453.03,0,-1
227,legit_27,1.6,518.19,12.3826,0.4393,0.0,A2A3,0,169.46,709.2,0,-1
227,legit_28,515.11,401.6,13.7047,0.5747,270.0,D2C2,2,77.27,483.99,0,-1
227,legit_30,801.6,117.75,13.5025,0.0517,0.0,E0E1,1,51.65,643.15,0,-1
227,legit_31,332.46,1.6,13.4351,1.1069,270.0,C0B0,0,166.83,747.58,0,-1
227,legit_32,598.4,432.69,12.8665,1.0143,180.0,D3D2,1,165.24,471.6,0,-1
227,legit_33,198.4,276.8,13.6359,0.4828,180.0,B2B1,0,96.26,637.2,0,-1
227,legit_34,998.4,971.2,9.8534,2.3326,180.0,F5F4,1,120.42,657.69,0,-1
227,legit_35,411.21,201.6,8.2732,-3.697,270.0,D1C1,0,90.35,589.41,0,-1
227,legit_36,114.46,-1.6,13.6561,-0.2218,90.0,A0B0,1,126.69,845.22,0,-1
227,legit_37,1.6,43.24,11.1549,1.8434,0.0,A0A1,1,167.08,885.39,0,-1
228,legit_18,681.58,-1.6,12.6677,-0.0911,90.0,D0E0,0,139.53,710.92,0,-1
228,legit_19,949.17,998.4,12.641,-0.7394,90.0,E5F5,1,129.71,647.69,0,-1
228,legit_22,798.4,442.52,13.59,0.9219,180.0,E3E2,0,95.67,496.89,0,-1
228,legit_23,798.4,117.1,13.4911,0.097,180.0,E1E0,1,48.49,642.65,0,-1
228,legit_25,398.4,339.46,12.2352,0.3159,180.0,C2C1,2,55.54,527.89,0,-1
228,legit_26,598.4,641.64,12.1983,0.8959,180.0,D4D3,0,154.13,452.13,0,-1
228,legit_27,1.6,530.08,11.8901,-0.4926,0.0,A2A3,0,164.05,708.09,0,-1
228,legit_28,501.88,401.6,13.238,-0.4667,270.0,D2C2,2,66.5,485.43,0,-1
228,legit_30,801.6,130.42,12.6785,-0.824,0.0,E0E1,1,52.64,634.88,0,-1
228,legit_31,319.31,1.6,13.1514,-0.2837,270.0,C0B0,0,176.35,751.91,0,-1
228,legit_32,598.4,419.86,12.8217,-0.0448,180.0,D3D2,1,160.02,474.83,0,-1
228,legit_33,198.4,263.91,12.888,-0.7479,180.0,B2B1,1,107.59,642.93,0,-1
228,legit_34,998.4,959.51,11.6904,1.8369,180.0,F5F4,1,130.17,652.08,0,-1
228,legit_35,404.91,201.93,6.3203,-1.9529,273.76,:C1_4,1,93.51,590.93,0,-1
228,legit_36,127.46,-1.6,12.9926,-0.6635,90.0,A0B0,1,123.67,838.07,0,-1
228,legit_37,1.6,55.7,12.4593,1.3044,0.0,A0A1,1,161.73,877.74,0,-1
228,legit_38,198.4,187.7,0.0,0.0,180.0,B1B0,1,83.22,680.04,0,-1
229,legit_18,694.92,-1.6,13.3343,0.6666,90.0,D0E0,1,133.49,712.26,0,-1
229,legit_19,962.42,998.4,13.2548,0.6138,90.0,E5F5,1,119.7,653.75,0,-1
229,legit_22,798.4,428.9,13.6179,0.0279,180.0,E3E2,0,84.2,499.94,0,-1
229,legit_23,798.4,104.46,12.6411,-0.85,180.0,E1E0,2,50.83,651.19,0,-1
229,legit_25,398.4,327.33,12.1283,-0.1069,180.0,C2C1,2,61.07,532.65,0,-1
229,legit_26,598.4,629.21,12.4285,0.2303,180.0,D4D3,0,151.25,451.44,0,-1
229,legit_27,1.6,542.44,12.3611,0.4711,0.0,A2A3,0,159.17,707.11,0,-1
229,legit_28,489.01,401.6,12.8629,-0.3751,270.0,D2C2,2,57.03,487.07,0,-1
229,legit_30,801.6,143.47,13.0411,0.3626,0.0,E0E1,1,56.68,626.67,0,-1
229,legit_31,306.56,1.6,12.7494,-0.402,270.0,C0B0,0,185.99,756.28,0,-1
229,legit_32,598.4,406.94,12.9227,0.101,180.0,:D2_1,1,155.65,478.33,0,-1
229,legit_33,198.4,251.03,12.8794,-0.0086,180.0,B2B1,1,119.23,648.82,0,-1
229,legit_34,998.4,947.34,12.1724,0.4821,180.0,F5F4,1,119.1,646.38,0,-1
229,legit_35,401.82,205.67,5.1747,-1.1456,321.82,:C1_4,1,98.29,589.75,0,-1
229,legit_36,141.05,-1.6,13.5893,0.5968,90.0,A0B0,0,121.93,830.8,0,-1
229,legit_37,1.6,68.36,12.6612,0.2019,0.0,A0A1,0,157.13,870.11,0,-1
229,legit_38,198.4,186.24,1.4595,1.4595,180.0,B1B0,1,82.04,680.81,0,-1
230,legit_18,708.33,-1.6,13.4165,0.0822,90.0,D0E0,1,128.54,713.84,0,-1
230,legit_19,975.24,998.4,12.8138,-0.441,90.0,E5F5,1,110.67,659.8,0,-1
230,legit_22,798.4,415.92,12.9847,-0.6332,180.0,E3E2,0,73.96,503.06,0,-1
230,legit_23,798.4,91.34,13.1166,0.4755,180.0,E1E0,2,56.25,660.34,0,-1
230,legit_25,398.4,316.04,11.2873,-0.841,180.0,C2C1,2,67.78,537.29,0,-1
230,legit_26,598.4,617.37,11.8377,-0.5909,180.0,D4D3,0,149.41,451.01,0,-1
230,legit_27,1.6,554.81,12.3651,0.004,0.0,A2A3,0,155.13,706.32,0,-1
230,legit_28,475.58,401.6,13.4367,0.5738,270.0,D2C2,2,48.83,489.07,0,-1
230,legit_30,801.6,156.97,13.5075,0.4664,0.0,E0E1,1,63.48,618.45,0,-1
230,legit_31,293.89,1.6,12.6735,-0.0758,270.0,C0B0,1,186.34,760.79,0,-1
230,legit_32,598.4,394.05,12.8933,-0.0294,180.0,:D2_1,1,152.26,482.07,0,-1
230,legit_33,198.4,238.09,12.9382,0.0588,180.0,B2B1,1,127.63,654.89,0,-1
230,legit_34,998.4,935.26,12.0743,-0.0981,180.0,F5F4,1,108.34,640.87,0,-1
230,legit_35,401.6,211.66,5.9993,0.8246,359.12,C1C2,1,103.65,586.58,0,-1
230,legit_36,154.56,-1.6,13.5196,-0.0698,90.0,A0B0,1,121.69,823.78,0,-1
230,legit_37,1.6,81.78,13.4235,0.7622,0.0,A0A1,0,153.24,862.17,0,-1
230,legit_38,198.4,182.73,3.5128,2.0534,180.0,B1B0,1,79.23,682.66,0,-1
231,legit_18,721.8,-1.6,13.4634,0.0469,90.0,D0E0,1,124.83,715.65,0,-1
231,legit_19,988.26,998.4,13.0254,0.2116,90.0,E5F5,1,102.32,666.14,0,-1
231,legit_23,798.4,78.22,13.1214,0.0048,180.0,E1E0,2,63.94,669.74,0,-1
231,legit_25,398.4,304.24,11.8071,0.5198,180.0,C2C1,2,75.97,542.34,0,-1
231,legit_26,598.4,605.96,11.4059,-0.4318,180.0,:D3_1,0,148.52,450.8,0,-1
231,legit_27,1.6,566.8,11.9872,-0.3779,0.0,A2A3,0,152.07,705.74,0,-1
231,legit_28,462.02,401.6,13.5583,0.1216,270.0,D2C2,2,43.3,491.44,0,-1
231,legit_30,801.6,170.26,13.2836,-0.224,0.0,E0E1,1,72.03,610.6,0,-1
231,legit_31,280.76,1.6,13.1283,0.4548,270.0,C0B0,1,176.4,765.63,0,-1
231,legit_32,598.4,381.05,12.9956,0.1023,180.0,D2D1,1,149.89,486.09,0,-1
231,legit_33,198.4,224.23,13.8652,0.927,180.0,B2B1,1,114.92,661.57,0,-1
231,legit_34,998.4,922.12,13.143,1.0687,180.0,F5F4,1,96.99,635.04,0,-1
231,legit_35,401.6,219.55,7.8979,1.8986,0.0,C1C2,1,110.7,582.38,0,-1
231,legit_36,167.97,-1.6,13.4086,-0.111,90.0,A0B0,1,122.92,817.02,0,-1
231,legit_37,1.6,94.27,12.4854,-0.9381,0.0,A0A1,0,150.61,854.94,0,-1
231,legit_38,198.4,177.77,4.9586,1.4458,180.0,B1B0,1,75.36,685.29,0,-1
232,legit_18,734.86,-1.6,13.0661,-0.3974,90.0,D0E0,1,122.54,717.63,0,-1
232,legit_23,798.4,64.88,13.3372,0.2158,180.0,E1E0,2,73.35,679.5,0,-1
232,legit_25,398.4,292.28,11.9536,0.1465,180.0,C2C1,2,85.14,547.63,0,-1
232,legit_26,598.4,593.76,12.2008,0.795,180.0,:D3_1,0,148.53,450.8,0,-1
232,legit_27,1.6,579.09,12.2952,0.308,0.0,A2A3,0,149.87,705.32,0,-1
232,legit_28,448.59,401.6,13.4301,-0.1283,270.0,D2C2,1,41.62,494.17,0,-1
232,legit_30,801.6,183.36,13.1022,-0.1814,0.0,E0E1,1,81.71,603.08,0,-1
232,legit_31,267.89,1.6,12.8661,-0.2622,270.0,C0B0,1,167.09,770.55,0,-1
232,legit_32,598.4,368.49,12.5653,-0.4302,180.0,D2D1,0,148.64,490.22,0,-1
232,legit_33,198.4,210.8,13.4242,-0.4409,180.0,B2B1,1,102.9,668.21,0,-1
232,legit_34,998.4,909.3,12.8222,-0.3207,180.0,F5F4,0,86.4,629.52,0,-1
232,legit_35,401.6,229.4,9.8435,1.9456,0.0,C1C2,1,119.63,577.22,0,-1
232,legit_36,181.31,-1.6,13.3332,-0.0754,90.0,A0B0,1,125.57,810.5,0,-1
232,legit_37,1.6,107.86,13.5873,1.1019,0.0,A0A1,0,148.9,847.25,0,-1
232,legit_38,198.4,171.45,6.3214,1.3628,180.0,B1B0,1,70.64,688.68,0,-1
233,legit_18,748.45,-1.6,13.5917,0.5256,90.0,D0E0,1,121.61,719.94,0,-1
233,legit_23,798.4,51.83,13.0564,-0.2808,180.0,E1E0,2,83.61,689.22,0,-1
233,legit_25,398.4,281.03,11.2554,-0.6982,180.0,C2C1,2,94.34,552.77,0,-1
233,legit_26,598.4,582.04,11.7234,-0.4774,180.0,D3D2,0,149.48,451.03,0,-1
233,legit_27,1.6,588.52,9.4281,-2.8672,0.0,A2A3,0,148.84,705.13,0,-1
233,legit_28,435.46,401.6,13.1239,-0.3062,270.0,D2C2,1,44.07,497.25,0,-1
233,legit_30,801.6,196.78,13.4261,0.3239,0.0,:E1_9,1,92.51,595.57,0,-1
233,legit_31,254.73,1.6,13.1652,0.2991,270.0,C0B0,1,158.07,775.75,0,-1
233,legit_32,598.4,356.59,11.8998,-0.6655,180.0,D2D1,0,148.44,494.35,0,-1
233,legit_33,198.4,197.27,13.5377,0.1135,180.0,:B1_1,1,91.17,675.08,0,-1
233,legit_34,998.4,896.64,12.66,-0.1622,180.0,F5F4,0,76.62,624.25,0,-1
233,legit_35,401.6,240.64,11.2383,1.3948,0.0,C1C2,1,128.8,571.46,0,-1
233,legit_36,195.05,-1.6,13.7459,0.4127,90.0,:B0_6,1,129.68,803.99,0,-1
233,legit_37,1.6,121.33,13.4707,-0.1166,0.0,A0A1,0,148.41,839.81,0,-1
233,legit_38,198.4,163.18,8.2647,1.9434,180.0,B1B0,1,64.86,693.19,0,-1
234,legit_18,761.57,-1.6,13.1151,-0.4765,90.0,D0E0,1,122.15,722.39,0,-1
234,legit_23,798.4,38.37,13.4617,0.4053,180.0,E1E0,1,94.9,699.41,0,-1
234,legit_25,398.4,269.45,11.5827,0.3273,180.0,C2C1,2,104.22,558.22,0,-1
234,legit_26,598.4,570.35,11.6878,-0.0356,180.0,D3D2,0,151.33,451.46,0,-1
234,legit_27,1.81,594.28,5.7795,-3.6486,2.43,:A3_6,0,148.3,704.9,0,-1
234,legit_28,422.59,401.6,12.8756,-0.2483,270.0,D2C2,2,49.82,500.63,0,-1
234,legit_30,801.6,209.51,12.7212,-0.7048,0.0,E1E2,0,103.31,588.64,0,-1
234,legit_31,241.39,1.6,13.3409,0.1758,270.0,C0B0,1,149.57,781.2,0,-1
234,legit_32,598.4,343.96,12.6285,0.7287,180.0,D2D1,0,149.26,498.97,0,-1
234,legit_33,198.4,184.43,12.833,-0.7047,180.0,B1B0,1,80.59,681.76,0,-1
234,legit_34,998.4,883.95,12.69,0.03,180.0,F5F4,0,67.78,619.16,0,-1
234,legit_35,401.6,253.84,13.2043,1.966,0.0,C1C2,2,116.67,564.86,0,-1
234,legit_36,208.36,-1.6,13.3078,-0.438,90.0,B0C0,1,134.88,797.9,0,-1
234,legit_37,1.6,134.87,13.5426,0.0719,0.0,A0A1,0,149.14,832.52,0,-1
234,legit_38,198.4,152.81,10.3723,2.1076,180.0,B1B0,1,58.47,698.97,0,-1
234,legit_39,201.6,612.3,0.0,0.0,0.0,B3B4,0,53.05,564.78,0,-1
235,legit_18,774.19,-1.6,12.6208,-0.4943,90.0,D0E0,1,123.98,724.96,0,-1
235,legit_23,798.4,24.88,13.4821,0.0204,180.0,E1E0,1,106.72,709.76,0,-1
235,legit_25,398.4,257.97,11.4721,-0.1106,180.0,C2C1,2,114.33,563.75,0,-1
235,legit_26,598.4,558.61,11.7456,0.0577,180.0,D3D2,0,154.06,452.11,0,-1
235,legit_27,4.61,597.97,4.8941,-0.8854,36.6,:A3_6,0,145.4,702.62,0,-1
235,legit_28,413.3,401.6,9.2916,-3.5841,270.0,D2C2,2,55.48,503.26,0,-1
235,legit_30,801.6,222.64,13.1297,0.4084,0.0,E1E2,0,114.88,581.66,0,-1
235,legit_31,227.93,1.6,13.4609,0.1199,270.0,C0B0,2,141.74,786.9,0,-1
235,legit_32,598.4,331.72,12.242,-0.3866,180.0,D2D1,0,151.07,503.68,0,-1
235,legit_33,198.4,171.31,13.1232,0.2901,180.0,B1B0,1,70.54,688.76,0,-1
235,legit_34,998.4,871.98,11.9688,-0.7212,180.0,F5F4,0,60.71,614.55,0,-1
235,legit_35,401.6,267.44,13.6046,0.4003,0.0,C1C2,2,104.45,558.25,0,-1
235,legit_36,221.18,-1.6,12.8166,-0.4912,90.0,B0C0,2,140.9,792.21,0,-1
235,legit_37,1.6,147.27,12.4046,-1.1379,0.0,A0A1,0,150.89,826.0,0,-1
235,legit_38,198.4,140.5,12.3068,1.9345,180.0,B1B0,3,52.56,706.01,0,-1
235,legit_39,201.6,614.52,2.2213,2.2213,0.0,B3B4,0,53.6,564.84,0,-1
236,legit_18,785.11,-1.6,10.9237,-1.6971,90.0,D0E0,1,126.57,727.36,0,-1
236,legit_23,798.4,11.83,13.0493,-0.4328,180.0,E1E0,1,118.5,719.91,0,-1
236,legit_25,398.4,246.29,11.6843,0.2123,180.0,C2C1,1,124.87,569.53,0,-1
236,legit_26,598.4,546.65,11.9552,0.2097,180.0,D3D2,0,157.7,452.99,0,-1
236,legit_27,9.29,598.4,4.7247,-0.1694,83.32,A3B3,0,140.72,698.87,0,-1
236,legit_28,408.34,401.6,4.9564,-4.3352,270.0,D2C2,1,58.87,504.72,0,-1
236,legit_30,801.6,235.87,13.2366,0.1069,0.0,E1E2,0,126.84,574.8,0,-1
236,legit_31,214.52,1.6,13.4118,-0.0491,270.0,C0B0,2,134.84,792.76,0,-1
236,legit_32,598.4,319.34,12.3761,0.1342,180.0,D2D1,0,153.87,508.66,0,-1
236,legit_33,198.4,157.89,13.4179,0.2947,180.0,B1B0,1,61.47,696.12,0,-1
236,legit_34,998.4,858.92,13.0593,1.0905,180.0,F5F4,0,54.96,609.77,0,-1
236,legit_35,401.6,280.11,12.6672,-0.9374,0.0,C1C2,2,93.41,552.27,0,-1
236,legit_36,234.64,-1.6,13.4616,0.645,90.0,B0C0,2,148.16,786.43,0,-1
236,legit_37,1.6,160.51,13.2338,0.8292,0.0,A0A1,0,153.83,819.23,0,-1
236,legit_38,198.4,127.09,13.4101,1.1033,180.0,B1B0,3,48.92,713.96,0,-1
236,legit_39,201.6,618.49,3.9736,1.7524,0.0,B3B4,0,54.81,564.96,0,-1
237,legit_18,791.54,-1.6,6.4237,-4.5,90.0,D0E0,0,128.5,728.84,0,-1
237,legit_25,398.4,234.13,12.1611,0.4768,180.0,C2C1,1,125.25,575.69,0,-1
237,legit_26,598.4,534.2,12.4543,0.4991,180.0,D3D2,0,162.33,454.13,0,-1
237,legit_27,16.27,598.4,6.9862,2.2615,90.0,A3B3,0,133.74,693.28,0,-1
237,legit_28,401.11,401.6,7.2323,2.2759,270.0,:C2_5,1,64.19,506.92,0,-1
237,legit_30,801.6,249.1,13.2295,-0.0071,0.0,E1E2,0,122.32,568.12,0,-1
237,legit_32,598.4,307.11,12.2325,-0.1436,180.0,D2D1,0,157.54,513.81,0,-1
237,legit_33,198.4,144.44,13.4465,0.0286,180.0,B1B0,1,54.22,703.73,0,-1
237,legit_34,998.4,846.35,12.5727,-0.4866,180.0,F5F4,0,51.99,605.44,0,-1
237,legit_35,401.6,292.86,12.749,0.0818,0.0,C1C2,2,82.77,546.43,0,-1
237,legit_36,248.46,-1.6,13.8201,0.3585,90.0,B0C0,1,156.46,780.7,0,-1
237,legit_37,1.6,172.92,12.4128,-0.821,0.0,A0A1,0,157.55,813.04,0,-1
237,legit_38,198.4,114.33,12.759,-0.6511,180.0,B1B0,2,48.73,721.81,0,-1
237,legit_39,201.6,623.92,5.4208,1.4471,0.0,B3B4,0,56.87,565.18,0,-1
238,legit_18,794.26,-0.29,3.2759,-3.1478,73.55,:E0_11,0,128.17,728.44,0,-1
238,legit_25,398.4,222.99,11.1384,-1.0228,180.0,C2C1,1,115.19,581.47,0,-1
238,legit_26,598.4,521.6,12.593,0.1387,180.0,D3D2,0,167.83,455.51,0,-1
238,legit_27,25.35,598.4,9.0719,2.0857,90.0,A3B3,0,124.67,686.08,0,-1
238,legit_28,392.28,401.6,8.8243,1.5921,270.0,C2B2,1,71.15,509.7,0,-1
238,legit_30,801.6,261.83,12.7255,-0.504,0.0,E1E2,0,110.91,561.87,0,-1
238,legit_32,598.4,294.85,12.2606,0.0281,180.0,D2D1,0,162.07,519.17,0,-1
238,legit_33,198.4,131.3,13.1438,-0.3027,180.0,B1B0,2,49.7,711.44,0,-1
238,legit_34,998.4,833.32,13.0257,0.453,180.0,F5F4,0,52.03,601.26,0,-1
238,legit_35,401.6,305.57,12.7079,-0.0412,0.0,C1C2,2,72.84,540.8,0,-1
238,legit_36,262.11,-1.6,13.6556,-0.1645,90.0,B0C0,2,165.4,775.22,0,-1
238,legit_37,1.6,186.17,13.2541,0.8412,0.0,A0A1,0,162.49,806.62,0,-1
238,legit_38,198.4,101.45,12.8848,0.1258,180.0,B1B0,2,51.83,730.03,0,-1
238,legit_39,201.6,631.47,7.5506,2.1298,0.0,B3B4,0,60.44,565.56,0,-1
239,legit_18,792.52,1.6,2.9415,-0.3343,355.74,E0D0,0,125.8,726.53,0,-1
239,legit_25,398.4,213.02,9.9735,-1.1649,180.0,C2C1,1,106.37,586.75,0,-1
239,legit_26,598.4,510.2,11.4056,-1.1874,180.0,D3D2,0,173.46,456.95,0,-1
239,legit_27,36.27,598.4,10.9285,1.8566,90.0,A3B3,0,113.74,677.48,0,-1
239,legit_28,380.93,401.6,11.3502,2.5259,270.0,C2B2,1,80.63,513.43,0,-1
239,legit_30,801.6,275.07,13.2438,0.5183,0.0,E1E2,0,99.38,555.55,0,-1
239,legit_32,598.4,282.33,12.515,0.2544,180.0,D2D1,0,167.5,524.87,0,-1
239,legit_33,198.4,117.95,13.348,0.2041,180.0,B1B0,2,48.44,719.56,0,-1
239,legit_34,998.4,820.88,12.4381,-0.5877,180.0,F5F4,0,55.03,597.57,0,-1
239,legit_35,401.6,318.36,12.7904,0.0826,0.0,C1C2,2,63.85,535.35,0,-1
239,legit_36,275.18,-1.6,13.0615,-0.5942,90.0,B0C0,2,174.52,770.17,0,-1
239,legit_37,1.6,198.66,12.4858,-0.7683,0.0,:A1_7,0,167.96,800.73,0,-1
239,legit_38,198.4,87.7,13.7449,0.8601,180.0,B1B0,2,58.19,739.07,0,-1
239,legit_39,201.6,640.55,9.082,1.5314,0.0,B3B4,0,65.63,566.13,0,-1
240,legit_18,787.25,1.6,5.2632,2.3217,270.0,E0D0,0,124.12,725.31,0,-1
240,legit_25,398.4,207.24,5.771,-4.2024,180.0,C2C1,1,101.36,589.86,0,-1
240,legit_26,598.4,498.58,11.6148,0.2092,180.0,D3D2,0,179.74,458.62,0,-1
240,legit_27,48.62,598.4,12.3446,1.4162,90.0,A3B3,0,101.39,667.87,0,-1
240,legit_28,368.2,401.6,12.7286,1.3784,270.0,C2B2,1,91.77,517.81,0,-1
240,legit_30,801.6,287.78,12.7082,-0.5356,0.0,E1E2,0,88.76,549.67,0,-1
240,legit_32,598.4,269.9,12.4375,-0.0774,180.0,D2D1,0,173.61,530.74,0,-1
240,legit_33,198.4,104.12,13.8352,0.4872,180.0,B1B0,2,50.94,728.3,0,-1
240,legit_34,998.4,812.48,8.4066,-4.0314,180.0,F5F4,0,58.48,595.22,0,-1
240,legit_35,401.6,331.93,13.5696,0.7792,0.0,C1C2,2,55.95,529.82,0,-1
240,legit_36,288.42,-1.6,13.249,0.1875,90.0,B0C0,2,184.25,765.21,0,-1
240,legit_37,1.6,211.71,13.0527,0.5669,0.0,A1A2,0,174.45,794.75,0,-1
240,legit_38,198.4,74.32,13.3806,-0.3643,180.0,B1B0,2,66.55,748.11,0,-1
240,legit_39,201.6,651.44,10.8956,1.8136,0.0,B3B4,0,72.86,566.97,0,-1
240,legit_40,601.6,812.3,0.0,0.0,0.0,D4D5,0,150.96,484.0,0,-1
241,legit_18,780.67,1.6,6.5807,1.3175,270.0,E0D0,0,122.31,723.83,0,-1
241,legit_25,396.38,202.63,5.2866,-0.4845,204.65,:C1_0,1,98.5,592.94,0,-1
241,legit_26,598.4,486.76,11.8273,0.2125,180.0,D3D2,0,186.67,460.5,0,-1
241,legit_27,60.17,598.4,11.5533,-0.7913,90.0,A3B3,0,89.84,658.98,0,-1
241,legit_28,355.16,401.6,13.0444,0.3158,270.0,C2B2,1,103.56,522.5,0,-1
241,legit_30,801.6,301.25,13.4699,0.7618,0.0,E1E2,0,78.19,543.65,0,-1
241,legit_32,598.4,256.95,12.9462,0.5087,180.0,D2D1,0,180.67,537.06,0,-1
241,legit_33,198.4,90.62,13.4977,-0.3375,180.0,B1B0,2,56.62,737.13,0,-1
241,legit_34,998.4,808.5,3.9798,-4.4268,180.0,F5F4,0,60.46,594.15,0,-1
241,legit_35,401.6,344.86,12.9274,-0.6422,0.0,C1C2,2,50.71,524.84,0,-1
241,legit_36,301.42,-1.6,12.9915,-0.2575,90.0,B0C0,2,192.0,760.53,0,-1
241,legit_37,1.6,224.58,12.8715,-0.1812,0.0,A1A2,0,181.55,789.02,0,-1
241,legit_38,198.4,61.27,13.0499,-0.3306,180.0,B1B0,2,76.1,757.11,0,-1
241,legit_39,201.6,664.02,12.5789,1.6833,0.0,B3B4,0,82.23,568.14,0,-1
241,legit_40,601.6,814.54,2.2358,2.2358,0.0,D4D5,0,150.57,484.69,0,-1
242,legit_18,772.49,1.6,8.1859,1.6052,270.0,E0D0,0,120.52,722.06,0,-1
242,legit_25,391.07,201.6,5.5204,0.2339,261.14,C1B1,0,100.66,595.05,0,-1
242,legit_26,598.4,474.29,12.4692,0.6419,180.0,D3D2,0,187.31,462.7,0,-1
242,legit_27,72.15,598.4,11.9757,0.4224,90.0,A3B3,0,77.87,649.87,0,-1
242,legit_28,341.65,401.6,13.5139,0.4694,270.0,C2B2,1,116.06,527.56,0,-1
242,legit_30,801.6,314.24,12.9908,-0.4792,0.0,E1E2,0,68.97,538.05,0,-1
242,legit_32,598.4,244.75,12.1961,-0.7501,180.0,D2D1,0,187.89,543.21,0,-1
242,legit_33,198.4,77.48,13.1374,-0.3604,180.0,B1B0,2,64.42,745.96,0,-1
242,legit_34,999.6,805.8,3.1854,-0.7944,165.08,:F4_9,0,60.91,594.08,0,-1
242,legit_35,401.6,358.39,13.5317,0.6043,0.0,C1C2,1,48.43,519.96,0,-1
242,legit_36,314.82,-1.6,13.4068,0.4153,90.0,B0C0,2,181.82,755.88,0,-1
242,legit_37,1.6,236.94,12.3581,-0.5134,0.0,A1A2,0,188.94,783.68,0,-1
242,legit_38,198.4,48.4,12.878,-0.172,180.0,B1B0,2,86.43,766.15,0,-1
242,legit_39,201.6,677.42,13.3987,0.8198,0.0,B3B4,0,93.04,569.59,0,-1
242,legit_40,601.6,818.43,3.8973,1.6615,0.0,D4D5,0,149.96,485.92,0,-1
243,legit_18,762.38,1.6,10.1101,1.9242,270.0,E0D0,0,119.05,720.0,0,-1
243,legit_25,383.67,201.6,7.4005,1.88,270.0,C1B1,0,105.16,597.26,0,-1
243,legit_26,598.4,462.76,11.5259,-0.9433,180.0,D3D2,0,180.51,464.92,0,-1
243,legit_27,84.47,598.4,12.3233,0.3476,90.0,A3B3,1,65.55,640.61,0,-1
243,legit_28,327.79,401.6,13.8548,0.3409,270.0,C2B2,1,129.09,532.96,0,-1
243,legit_30,801.6,327.31,13.073,0.0822,0.0,E1E2,0,61.08,532.66,0,-1
243,legit_32,598.4,232.25,12.5041,0.308,180.0,D2D1,0,186.07,549.72,0,-1
243,legit_33,198.4,63.72,13.7618,0.6245,180.0,B1B0,2,74.23,755.41,0,-1
243,legit_34,1001.5,807.05,2.601,-0.5843,102.0,:F4_9,0,58.63,595.42,0,-1
243,legit_35,401.6,371.64,13.2492,-0.2825,0.0,C1C2,1,49.78,515.55,0,-1
243,legit_36,327.69,-1.6,12.866,-0.5409,90.0,B0C0,2,172.47,751.6,0,-1
243,legit_37,1.6,249.5,12.5562,0.1981,0.0,A1A2,0,185.02,778.43,0,-1
243,legit_38,198.4,35.35,13.0437,0.1658,180.0,B1B0,2,97.51,775.45,0,-1
243,legit_39,201.6,690.5,13.0761,-0.3226,0.0,B3B4,1,104.17,571.2,0,-1
243,legit_40,601.6,824.21,5.7797,1.8824,0.0,D4D5,0,149.24,487.79,0,-1
244,legit_18,750.08,1.6,12.296,2.1859,270.0,E0D0,0,118.4,717.67,0,-1
244,legit_25,374.09,201.6,9.5807,2.1802,270.0,C1B1,0,111.45,600.24,0,-1
244,legit_26,598.4,450.58,12.1851,0.6592,180.0,D3D2,0,173.86,467.48,0,-1
244,legit_27,96.07,598.4,11.5991,-0.7242,90.0,A3B3,1,53.95,632.02,0,-1
244,legit_28,315.1,401.6,12.6908,-1.164,270.0,C2B2,1,141.17,538.08,0,-1
244,legit_30,801.6,340.15,12.8325,-0.2405,0.0,E1E2,0,55.29,527.62,0,-1
244,legit_32,598.4,219.61,12.6419,0.1379,180.0,D2D1,0,178.73,556.5,0,-1
244,legit_33,198.4,50.95,12.7686,-0.9932,180.0,B1B0,1,84.32,764.35,0,-1
244,legit_34,1001.6,810.2,3.183,0.582,16.24,F4F5,0,56.84,596.31,0,-1
244,legit_35,401.6,384.13,12.496,-0.7532,0.0,C1C2,1,54.08,511.7,0,-1
244,legit_36,340.58,-1.6,12.8903,0.0243,90.0,B0C0,1,163.58,747.48,0,-1
244,legit_37,1.6,262.02,12.5221,-0.0341,0.0,A1A2,0,177.83,773.35,0,-1
244,legit_38,198.4,22.27,13.0826,0.0389,180.0,B1B0,2,109.06,784.9,0,-1
244,legit_39,201.6,704.23,13.7363,0.6603,0.0,B3B4,1,116.31,573.1,0,-1
244,legit_40,601.6,831.64,7.4233,1.6436,0.0,D4D5,0,148.64,490.26,0,-1
245,legit_18,737.02,1.6,13.0618,0.7659,270.0,E0D0,0,119.11,715.42,0,-1
245,legit_25,362.4,201.6,11.6818,2.1011,270.0,C1B1,0,119.71,604.02,0,-1
245,legit_26,598.4,438.94,11.6396,-0.5454,180.0,D3D2,0,168.09,470.1,0,-1
245,legit_27,108.71,598.4,12.645,1.0459,90.0,A3B3,0,41.32,622.78,0,-1
245,legit_28,301.84,401.6,13.2644,0.5735,270.0,C2B2,1,153.89,543.63,0,-1
245,legit_30,801.6,353.86,13.7141,0.8816,0.0,E1E2,0,51.96,522.57,0,-1
245,legit_32,598.4,206.63,12.9815,0.3396,180.0,:D1_1,0,171.83,563.66,0,-1
245,legit_33,198.4,37.38,13.5694,0.8008,180.0,B1B0,1,95.75,773.99,0,-1
245,legit_34,1001.6,815.72,5.5195,2.3365,0.0,F4F5,0,54.15,597.81,0,-1
245,legit_35,401.6,397.43,13.3008,0.8048,0.0,:C2_9,1,61.19,507.9,0,-1
245,legit_36,353.45,-1.6,12.8742,-0.0161,90.0,B0C0,0,155.27,743.54,0,-1
245,legit_37,1.6,274.39,12.3734,-0.1486,0.0,A1A2,0,171.32,768.5,0,-1
245,legit_38,198.4,13.38,8.8886,-4.1941,180.0,B1B0,1,117.09,791.39,0,-1
245,legit_39,201.6,717.25,13.0179,-0.7185,0.0,B3B4,0,128.1,575.08,0,-1
245,legit_40,601.6,841.24,9.5989,2.1755,0.0,D4D5,0,148.41,493.58,0,-1
246,legit_18,723.41,1.6,13.6087,0.5468,270.0,E0D0,0,121.35,713.32,0,-1
246,legit_25,350.33,201.6,12.0793,0.3975,270.0,C1B1,0,128.82,608.1,0,-1
246,legit_26,598.4,427.56,11.3771,-0.2625,180.0,D3D2,0,163.05,472.86,0,-1
246,legit_27,121.4,598.4,12.682,0.037,90.0,A3B3,0,28.65,613.66,0,-1
246,legit_28,288.09,401.6,13.745,0.4807,270.0,C2B2,2,144.22,549.56,0,-1
246,legit_30,801.6,366.61,12.7539,-0.9602,0.0,E1E2,0,52.02,518.2,0,-1
246,legit_32,598.4,193.91,12.7193,-0.2622,180.0,:D1_1,0,165.79,570.89,0,-1
246,legit_33,198.4,26.62,10.7622,-2.8072,180.0,B1B0,1,105.18,781.74,0,-1
246,legit_34,1001.6,823.14,7.4167,1.8972,0.0,F4F5,0,51.25,599.9,0,-1
246,legit_35,401.6,410.15,12.7121,-0.5887,0.0,C2C3,2,69.69,504.52,0,-1
246,legit_36,367.23,-1.6,13.7737,0.8995,90.0,B0C0,0,147.1,739.53,0,-1
246,legit_37,1.6,287.15,12.7599,0.3865,0.0,A1A2,0,165.32,763.67,0,-1
246,legit_38,198.4,8.44,4.9416,-3.9469,180.0,B1B0,1,121.61,795.02,0,-1
246,legit_39,201.6,730.55,13.3026,0.2847,0.0,B3B4,0,121.0,577.28,0,-1
246,legit_40,601.6,852.35,11.1116,1.5127,0.0,D4D5,0,148.91,497.59,0,-1
246,legit_41,398.4,387.7,0.0,0.0,180.0,C2C1,2,58.56,511.65,0,-1
247,legit_18,710.0,1.6,13.4089,-0.1998,270.0,E0D0,0,124.97,711.49,0,-1
247,legit_25,338.57,201.6,11.7558,-0.3235,270.0,C1B1,0,138.11,612.23,0,-1
247,legit_26,598.4,415.18,12.3811,1.004,180.0,D3D2,0,158.33,476.07,0,-1
247,legit_27,133.5,598.4,12.1067,-0.5753,90.0,A3B3,0,16.57,605.09,0,-1
247,legit_28,275.42,401.6,12.667,-1.078,270.0,C2B2,2,132.14,555.21,0,-1
247,legit_30,801.6,379.8,13.1904,0.4365,0.0,E1E2,0,55.27,514.01,0,-1
247,legit_32,598.4,181.77,12.1401,-0.5791,180.0,D1D0,0,160.74,577.99,0,-1
247,legit_33,198.4,18.96,7.6603,-3.1019,180.0,B1B0,1,112.03,787.31,0,-1
247,legit_34,1001.6,832.0,8.8606,1.4439,0.0,F4F5,0,49.06,602.53,0,-1
247,legit_35,401.6,423.78,13.6354,0.9233,0.0,C2C3,2,80.07,501.14,0,-1
247,legit_36,381.1,-1.6,13.8706,0.097,90.0,B0C0,0,139.76,735.71,0,-1
247,legit_37,1.6,299.84,12.6837,-0.0762,0.0,A1A2,0,160.13,759.05,0,-1
247,legit_38,199.71,2.09,6.6,1.6584,165.2,:B0_1,1,127.96,799.1,0,-1
247,legit_39,201.6,744.02,13.4668,0.1642,0.0,B3B4,0,108.97,579.71,0,-1
247,legit_40,601.6,864.82,12.4722,1.3606,0.0,D4D5,0,150.46,502.32,0,-1
247,legit_41,398.4,385.72,1.9819,1.9819,180.0,C2C1,2,57.65,512.24,0,-1
248,legit_18,696.67,1.6,13.3353,-0.0736,270.0,E0D0,0,129.86,709.89,0,-1
248,legit_25,326.81,201.6,11.757,0.0012,270.0,C1B1,0,147.76,616.51,0,-1
248,legit_26,598.4,402.89,12.291,-0.0901,180.0,:D2_1,0,154.47,479.48,0,-1
248,legit_27,144.96,598.4,11.4558,-0.6509,90.0,A3B3,0,5.29,597.12,0,-1
248,legit_28,262.51,401.6,12.9113,0.2443,270.0,C2B2,2,119.96,561.14,0,-1
248,legit_30,801.6,393.42,13.6168,0.4264,0.0,:E2_9,0,61.48,510.01,0,-1
248,legit_32,598.4,169.85,11.9147,-0.2255,180.0,D1D0,0,156.55,585.13,0,-1
248,legit_33,198.4,8.8,10.1572,2.4969,180.0,B1B0,1,121.27,794.75,0,-1
248,legit_34,1001.6,843.3,11.3022,2.4416,0.0,F4F5,0,48.51,606.1,0,-1
248,legit_35,401.6,436.95,13.1653,-0.4701,0.0,C2C3,2,90.9,498.11,0,-1
248,legit_36,393.69,-1.6,12.5911,-1.2795,90.0,:C0_6,0,134.01,732.43,0,-1
248,legit_37,1.6,313.07,13.2372,0.5535,0.0,A1A2,0,155.64,754.42,0,-1
248,legit_38,206.22,-1.46,7.8435,1.2435,107.69,:B0_1,1,133.84,798.76,0,-1
248,legit_39,201.6,756.63,12.6066,-0.8602,0.0,B3B4,0,98.05,582.15,0,-1
248,legit_40,601.6,877.68,12.8573,0.3852,0.0,D4D5,0,153.11,507.44,0,-1
248,legit_41,398.4,381.85,3.8645,1.8826,180.0,C2C1,2,56.04,513.39,0,-1
249,legit_18,683.99,1.6,12.6784,-0.6568,270.0,E0D0,0,135.56,708.58,0,-1
249,legit_25,315.33,201.6,11.4826,-0.2744,270.0,C1B1,0,157.46,620.84,0,-1
249,legit_26,598.4,391.08,11.8034,-0.4876,180.0,D2D1,0,151.62,482.96,0,-1
249,legit_27,157.25,598.4,12.2952,0.8394,90.0,A3B3,0,7.43,589.4,0,-1
249,legit_28,249.13,401.6,13.3789,0.4676,270.0,C2B2,0,107.51,567.47,0,-1
249,legit_30,801.6,406.94,13.5207,-0.0961,0.0,:E2_9,0,69.76,506.34,0,-1
249,legit_32,598.4,157.99,11.8588,-0.0559,180.0,D1D0,0,153.19,592.42,0,-1
249,legit_34,1001.6,855.57,12.2683,0.9662,0.0,F4F5,0,50.84,610.25,0,-1
249,legit_35,401.6,449.71,12.7605,-0.4048,0.0,C2C3,1,101.93,495.37,0,-1
249,legit_36,406.54,-1.6,12.8534,0.2623,90.0,:C0_6,0,129.13,729.29,0,-1
249,legit_37,1.6,326.4,13.3255,0.0883,0.0,A1A2,0,152.16,749.96,0,-1
249,legit_38,213.3,-1.6,7.0892,-0.7543,90.0,B0C0,0,137.09,795.69,0,-1
249,legit_39,201.6,770.44,13.8114,1.2048,0.0,B3B4,0,86.61,585.03,0,-1
249,legit_40,601.6,890.8,13.128,0.2707,0.0,D4D5,0,156.86,512.91,0,-1
249,legit_41,398.4,375.55,6.3062,2.4417,180.0,C2C1,1,53.89,515.33,0,-1
250,legit_18,670.16,1.6,13.8303,1.1518,270.0,E0D0,0,142.81,707.38,0,-1
250,legit_25,303.32,201.6,12.013,0.5304,270.0,C1B1,0,167.85,625.51,0,-1
250,legit_26,598.4,378.65,12.4316,0.6282,180.0,D2D1,0,149.57,486.86,0,-1
250,legit_27,168.71,598.4,11.4589,-0.8362,90.0,A3B3,0,18.78,582.82,0,-1
250,legit_28,235.57,401.6,13.5676,0.1887,270.0,C2B2,0,95.14,574.08,0,-1
250,legit_30,801.6,420.54,13.5966,0.0759,0.0,E2E3,0,79.54,502.91,0,-1
250,legit_32,598.4,146.17,11.8181,-0.0407,180.0,D1D0,0,150.69,599.88,0,-1
250,legit_34,1001.6,867.87,12.3035,0.0351,0.0,F4F5,0,55.85,614.69,0,-1
250,legit_35,401.6,463.05,13.3381,0.5776,0.0,C2C3,1,113.85,492.7,0,-1
250,legit_36,419.48,-1.6,12.9395,0.0861,90.0,C0D0,0,125.37,726.33,0,-1
250,legit_37,1.6,339.84,13.4373,0.1118,0.0,A1A2,0,149.76,745.68,0,-1
250,legit_38,222.49,-1.6,9.1896,2.1003,90.0,B0C0,0,141.57,791.64,0,-1
250,legit_39,201.6,783.28,12.8435,-0.9679,0.0,B3B4,0,76.68,587.9,0,-1
250,legit_40,601.6,903.57,12.7681,-0.3599,0.0,D4D5,0,161.44,518.47,0,-1
250,legit_41,398.4,367.86,7.6868,1.3806,180.0,C2C1,1,52.2,517.79,0,-1
251,legit_18,656.62,1.6,13.5418,-0.2884,270.0,E0D0,1,150.8,706.41,0,-1
251,legit_25,291.23,201.6,12.0868,0.0739,270.0,C1B1,0,163.11,630.37,0,-1
251,legit_26,598.4,367.15,11.5011,-0.9306,180.0,D2D1,0,148.57,490.67,0,-1
251,legit_27,180.39,598.4,11.6765,0.2176,90.0,A3B3,0,30.43,576.24,0,-1
251,legit_28,222.94,401.6,12.6287,-0.9389,270.0,C2B2,0,83.97,580.42,0,-1
251,legit_30,801.6,433.75,13.2096,-0.387,0.0,E2E3,0,90.01,499.8,0,-1
251,legit_32,598.4,133.82,12.3548,0.5367,180.0,D1D0,1,149.04,607.86,0,-1
251,legit_34,1001.6,880.96,13.0873,0.7838,0.0,F4F5,0,63.41,619.67,0,-1
251,legit_35,401.6,476.29,13.2438,-0.0944,0.0,C2C3,1,125.96,490.25,0,-1
251,legit_36,432.28,-1.6,12.7948,-0.1447,90.0,C0D0,0,122.88,723.62,0,-1
251,legit_37,1.6,352.4,12.5625,-0.8748,0.0,A1A2,0,148.59,741.87,0,-1
251,legit_38,233.71,-1.6,11.2194,2.0299,90.0,B0C0,0,147.63,786.82,0,-1
251,legit_39,201.6,792.41,9.1308,-3.7127,0.0,B3B4,0,70.19,590.07,0,-1
251,legit_40,601.6,917.03,13.4569,0.6888,0.0,D4D5,0,167.2,524.57,0,-1
251,legit_41,398.4,358.25,9.6088,1.9221,180.0,C2C1,1,51.63,521.03,0,-1
252,legit_18,643.26,1.6,13.3522,-0.1896,270.0,E0D0,1,159.41,705.67,0,-1
252,legit_25,279.07,201.6,12.1623,0.0755,270.0,C1B1,0,152.7,635.4,0,-1
252,legit_26,598.4,354.56,12.5897,1.0887,180.0,D2D1,0,148.5,495.07,0,-1
252,legit_27,187.69,598.4,7.2981,-4.3784,90.0,A3B3,0,37.72,572.2,0,-1
252,legit_28,213.95,401.6,8.9881,-3.6405,270.0,C2B2,0,76.29,585.04,0,-1
252,legit_30,801.6,447.21,13.4601,0.2504,0.0,E2E3,0,101.33,496.86,0,-1
252,legit_32,598.4,121.98,11.8395,-0.5154,180.0,D1D0,1,148.41,615.7,0,-1
252,legit_34,1001.6,893.22,12.2596,-0.8277,0.0,F4F5,0,71.94,624.54,0,-1
252,legit_35,401.6,489.91,13.6236,0.3798,0.0,C2C3,1,120.26,487.94,0,-1
252,legit_36,446.14,-1.6,13.868,1.0732,90.0,C0D0,0,121.66,720.92,0,-1
252,legit_37,1.6,365.35,12.9458,0.3833,0.0,A1A2,0,148.5,738.14,0,-1
252,legit_38,246.69,-1.6,12.9737,1.7543,90.0,B0C0,0,155.35,781.42,0,-1
252,legit_39,204.63,797.98,6.798,-2.3327,36.8,:B4_8,0,68.92,589.83,0,-1
252,legit_40,601.6,929.88,12.8511,-0.6058,0.0,D4D5,0,173.5,530.63,0,-1
252,legit_41,398.4,346.63,11.6244,2.0156,180.0,C2C1,1,53.3,525.19,0,-1
252,legit_42,198.4,987.7,0.0,0.0,180.0,B5B4,0,104.22,667.46,0,-1
253,legit_18,629.41,1.6,13.8543,0.502,270.0,E0D0,1,169.0,705.12,0,-1
253,legit_25,267.29,201.6,11.7782,-0.3841,270.0,C1B1,0,142.88,640.43,0,-1
253,legit_26,598.4,342.0,12.558,-0.0317,180.0,D2D1,0,149.49,499.71,0,-1
253,legit_27,191.99,598.4,4.305,-2.9931,90.0,A3B3,0,42.02,569.84,0,-1
253,legit_28,208.94,401.6,5.0117,-3.9765,270.0,C2B2,0,72.14,587.66,0,-1
253,legit_30,801.6,459.9,12.6947,-0.7654,0.0,E2E3,0,112.44,494.27,0,-1
253,legit_32,598.4,109.79,12.1945,0.355,180.0,D1D0,1,148.75,623.96,0,-1
253,legit_34,1001.6,905.9,12.6766,0.417,0.0,F4F5,0,81.76,629.78,0,-1
253,legit_35,401.6,502.78,12.8661,-0.7575,0.0,C2C3,0,108.6,485.95,0,-1
253,legit_36,459.19,-1.6,13.0487,-0.8193,90.0,C0D0,0,121.95,718.61,0,-1
253,legit_37,1.6,377.78,12.4344,-0.5113,0.0,A1A2,0,149.46,734.76,0,-1
253,legit_38,260.24,-1.6,13.5504,0.5767,90.0,B0C0,0,164.13,775.96,0,-1
253,legit_39,211.06,798.4,6.479,-0.319,88.15,B4C4,0,73.88,586.54,0,-1
253,legit_40,601.6,943.03,13.1534,0.3023,0.0,D4D5,0,180.66,537.05,0,-1
253,legit_41,398.4,333.5,13.1283,1.5039,180.0,C2C1,0,58.01,530.2,0,-1
253,legit_42,198.4,985.78,1.9231,1.9231,180.0,B5B4,0,105.93,666.5,0,-1
254,legit_18,615.68,1.6,13.7328,-0.1214,270.0,E0D0,2,179.06,704.78,0,-1
254,legit_25,255.67,201.6,11.6158,-0.1624,270.0,C1B1,0,133.51,645.52,0,-1
254,legit_26,598.4,329.94,12.0666,-0.4914,180.0,D2D1,0,151.41,504.38,0,-1
254,legit_27,197.63,598.4,5.6361,1.331,90.0,:B3_13,0,47.66,566.78,0,-1
254,legit_28,202.86,403.24,6.5285,1.5168,289.77,:B2_4,0,68.29,590.46,0,-1
254,legit_30,801.6,473.38,13.4763,0.7816,0.0,E2E3,0,124.57,491.74,0,-1
254,legit_32,598.4,96.77,13.0109,0.8164,180.0,D1D0,1,150.21,632.98,0,-1
254,legit_34,1001.6,918.34,12.4459,-0.2308,0.0,F4F5,0,92.09,635.08,0,-1
254,legit_35,401.6,516.33,13.5503,0.6843,0.0,C2C3,0,96.66,484.06,0,-1
254,legit_36,472.77,-1.6,13.5787,0.53,90.0,C0D0,1,123.71,716.45,0,-1
254,legit_37,1.6,390.89,13.1146,0.6801,0.0,A1A2,0,151.58,731.38,0,-1
254,legit_38,273.61,-1.6,13.3761,-0.1743,90.0,B0C0,0,173.4,770.76,0,-1
254,legit_39,219.26,798.4,8.1977,1.7187,90.0,B4C4,0,80.79,582.3,0,-1
254,legit_40,601.6,956.15,13.1201,-0.0332,0.0,D4D5,0,188.45,543.68,0,-1
254,legit_41,398.4,320.01,13.4857,0.3573,180.0,C2C1,0,65.28,535.64,0,-1
254,legit_42,198.4,981.77,4.0041,2.0809,180.0,B5B4,0,109.5,664.52,0,-1
255,legit_25,244.23,201.6,11.4437,-0.1721,270.0,C1B1,0,124.65,650.68,0,-1
255,legit_26,598.4,317.64,12.2988,0.2322,180.0,D2D1,0,154.33,509.36,0,-1
255,legit_27,205.71,598.4,8.0839,2.4479,90.0,:B3_13,0,55.74,562.44,0,-1
255,legit_28,201.6,408.77,5.8073,-0.7212,350.12,B2B3,0,71.0,589.78,0,-1
255,legit_30,801.6,486.2,12.8186,-0.6577,0.0,E2E3,0,124.95,489.52,0,-1
255,legit_32,598.4,84.79,11.9874,-1.0235,180.0,D1D0,1,152.52,641.48,0,-1
255,legit_34,1001.6,931.5,13.1519,0.7061,0.0,F4F5,0,103.51,640.87,0,-1
255,legit_35,401.6,528.85,12.5259,-1.0244,0.0,C2C3,0,86.05,482.51,0,-1
255,legit_36,486.21,-1.6,13.4414,-0.1373,90.0,C0D0,1,126.88,714.54,0,-1
255,legit_37,1.6,403.6,12.7013,-0.4133,0.0,:A2_7,0,154.67,728.32,0,-1
255,legit_38,287.34,-1.6,13.7249,0.3488,90.0,B0C0,0,183.43,765.61,0,-1
255,legit_39,229.88,798.4,10.6193,2.4216,90.0,B4C4,0,90.06,576.91,0,-1
255,legit_40,601.6,969.39,13.2369,0.1168,0.0,D4D5,0,185.09,550.59,0,-1
255,legit_41,398.4,306.91,13.0994,-0.3863,180.0,C2C1,0,74.03,541.18,0,-1
255,legit_42,198.4,976.28,5.4974,1.4933,180.0,B5B4,0,114.46,661.82,0,-1
256,legit_25,232.03,201.6,12.2013,0.7575,270.0,C1B1,0,115.7,656.34,0,-1
256,legit_26,598.4,306.32,11.3133,-0.9855,180.0,D2D1,0,157.81,514.14,0,-1
256,legit_27,215.78,598.4,10.0658,1.9819,90.0,B3C3,0,65.8,557.14,0,-1
256,legit_28,201.6,416.07,7.301,1.4938,0.0,B2B3,0,76.2,588.05,0,-1
256,legit_30,801.6,499.06,12.8669,0.0484,0.0,E2E3,0,113.36,487.48,0,-1
256,legit_32,598.4,72.13,12.6568,0.6693,180.0,D1D0,1,155.93,650.64,0,-1
256,legit_34,1001.6,943.78,12.2805,-0.8714,0.0,F4F5,0,114.51,646.42,0,-1
256,legit_35,401.6,541.43,12.5779,0.052,0.0,C2C3,0,75.98,481.15,0,-1
256,legit_36,498.81,-1.6,12.5919,-0.8495,90.0,C0D0,1,131.03,712.97,0,-1
256,legit_37,1.6,416.89,13.2982,0.5969,0.0,A2A3,0,158.93,725.31,0,-1
256,legit_38,301.18,-1.6,13.845,0.1201,90.0,B0C0,0,192.18,760.62,0,-1
256,legit_39,242.39,798.4,12.508,1.8887,90.0,B4C4,0,101.32,570.73,0,-1
256,legit_40,601.6,981.01,11.6205,-1.6165,0.0,D4D5,0,178.39,556.83,0,-1
256,legit_41,398.4,293.93,12.987,-0.1124,180.0,C2C1,0,83.83,546.9,0,-1
256,legit_42,198.4,969.45,6.8236,1.3262,180.0,B5B4,0,120.68,658.5,0,-1
257,legit_25,219.97,201.6,12.0578,-0.1434,270.0,C1B1,0,107.49,662.11,0,-1
257,legit_26,598.4,293.89,12.4353,1.122,180.0,D2D1,0,162.46,519.6,0,-1
257,legit_27,227.17,598.4,11.394,1.3282,90.0,B3C3,0,77.19,551.26,0,-1
257,legit_28,201.6,425.16,9.0923,1.7912,0.0,B2B3,0,83.12,585.99,0,-1
257,legit_30,801.6,511.82,12.7544,-0.1125,0.0,E2E3,0,102.17,485.64,0,-1
257,legit_32,598.4,59.9,12.2274,-0.4294,180.0,D1D0,1,160.11,659.65,0,-1
257,legit_34,1001.6,956.93,13.1586,0.8781,0.0,F4F5,0,126.56,652.54,0,-1
257,legit_35,401.6,554.61,13.1743,0.5964,0.0,C2C3,0,66.36,479.95,0,-1
257,legit_36,512.14,-1.6,13.3396,0.7477,90.0,C0D0,1,136.56,711.52,0,-1
257,legit_37,1.6,429.58,12.6844,-0.6139,0.0,A2A3,0,163.9,722.64,0,-1
257,legit_38,314.94,-1.6,13.7558,-0.0892,90.0,B0C0,0,181.74,755.85,0,-1
257,legit_39,255.28,798.4,12.8973,0.3894,90.0,B4C4,0,113.2,564.54,0,-1
257,legit_40,601.6,988.2,7.1847,-4.4358,0.0,D4D5,0,174.5,560.78,0,-1
257,legit_41,398.4,280.33,13.5986,0.6116,180.0,C2C1,0,94.92,553.1,0,-1
257,legit_42,198.4,960.58,8.8761,2.0525,180.0,B5B4,0,128.86,654.26,0,-1
258,legit_25,212.41,201.6,7.5578,-4.5,270.0,C1B1,0,102.73,665.81,0,-1
258,legit_26,598.4,281.72,12.1667,-0.2686,180.0,D2D1,0,167.78,525.15,0,-1
258,legit_27,238.58,598.4,11.4099,0.0158,90.0,B3C3,0,88.6,545.5,0,-1
258,legit_28,201.6,436.13,10.9672,1.8749,0.0,B2B3,0,91.97,583.63,0,-1
258,legit_30,801.6,524.81,12.9906,0.2362,0.0,E2E3,0,91.19,483.97,0,-1
258,legit_32,598.4,46.9,13.0029,0.7756,180.0,D1D0,1,165.43,669.41,0,-1
258,legit_34,1001.6,969.68,12.7451,-0.4135,0.0,F4F5,0,120.47,658.61,0,-1
258,legit_35,401.6,568.14,13.5364,0.3621,0.0,C2C3,0,57.94,478.97,0,-1
258,legit_36,524.9,-1.6,12.7577,-0.5819,90.0,C0D0,1,142.82,710.34,0,-1
258,legit_37,1.6,442.65,13.0673,0.3829,0.0,A2A3,0,169.86,720.09,0,-1
258,legit_38,328.06,-1.6,13.119,-0.6368,90.0,B0C0,0,172.21,751.48,0,-1
258,legit_39,267.9,798.4,12.6182,-0.2791,90.0,B4C4,0,125.02,558.64,0,-1
258,legit_40,601.6,991.92,3.7245,-3.4601,0.0,D4D5,0,172.57,562.85,0,-1
258,legit_41,398.4,266.84,13.4853,-0.1133,180.0,C2C1,0,106.49,559.46,0,-1
258,legit_42,198.4,949.87,10.7102,1.8341,180.0,B5B4,0,120.05,649.23,0,-1
258,legit_43,1.6,612.3,0.0,0.0,0.0,A3A4,0,148.91,705.14,0,-1
259,legit_25,208.41,201.6,4.0043,-3.5535,270.0,C1B1,0,100.35,667.8,0,-1
259,legit_26,598.4,269.93,11.7951,-0.3716,180.0,D2D1,0,173.6,530.72,0,-1
259,legit_27,251.05,598.4,12.467,1.0572,90.0,B3C3,0,101.06,539.35,0,-1
259,legit_28,201.6,448.61,12.478,1.5108,0.0,B2B3,0,102.54,581.12,0,-1
259,legit_30,801.6,537.57,12.764,-0.2266,0.0,E2E3,0,80.99,482.54,0,-1
259,legit_32,598.4,33.93,12.9706,-0.0323,180.0,D1D0,1,171.55,679.31,0,-1
259,legit_34,1001.6,982.88,13.1971,0.452,0.0,F4F5,0,108.51,665.06,0,-1
259,legit_35,401.6,581.01,12.8702,-0.6662,0.0,C2C3,0,51.99,478.33,0,-1
259,legit_36,537.68,-1.6,12.775,0.0174,90.0,C0D0,1,149.91,709.35,0,-1
259,legit_37,1.6,456.28,13.6298,0.5625,0.0,A2A3,0,176.89,717.63,0,-1
259,legit_38,341.33,-1.6,13.2764,0.1575,90.0,B0C0,0,163.08,747.24,0,-1
259,legit_39,281.04,798.4,13.135,0.5168,90.0,B4C4,0,137.48,552.69,0,-1
259,legit_40,603.13,997.08,5.5464,1.8218,18.36,:D5_3,0,168.66,565.75,0,-1
259,legit_41,398.4,254.12,12.7223,-0.763,180.0,C2C1,0,117.78,565.64,0,-1
259,legit_42,198.4,936.75,13.112,2.4019,180.0,B5B4,0,108.18,643.23,0,-1
259,legit_43,1.6,613.84,1.5378,1.5378,0.0,A3A4,0,149.04,705.17,0,-1
260,legit_25,202.95,201.6,5.4542,1.45,270.0,:B1_5,0,97.28,670.54,0,-1
260,legit_26,598.4,257.43,12.4963,0.7012,180.0,D2D1,0,180.4,536.82,0,-1
260,legit_27,263.59,598.4,12.545,0.078,90.0,B3C3,1,113.61,533.33,0,-1
260,legit_28,201.6,461.47,12.8686,0.3906,0.0,B2B3,0,113.84,578.7,0,-1
260,legit_30,801.6,550.39,12.8138,0.0497,0.0,E2E3,0,71.58,481.31,0,-1
260,legit_32,598.4,21.11,12.8225,-0.1481,180.0,D1D0,1,178.33,689.25,0,-1
260,legit_34,1001.6,992.56,9.6822,-3.5149,0.0,F4F5,0,99.94,669.9,0,-1
260,legit_35,401.6,594.65,13.6325,0.7622,0.0,:C3_9,1,48.7,477.99,0,-1
260,legit_36,550.97,-1.6,13.2955,0.5205,90.0,C0D0,1,158.06,708.52,0,-1
260,legit_37,1.6,468.93,12.6528,-0.977,0.0,A2A3,1,184.09,715.55,0,-1
260,legit_38,354.67,-1.6,13.3335,0.0571,90.0,B0C0,0,154.52,743.18,0,-1
260,legit_39,293.93,798.4,12.8937,-0.2413,90.0,B4C4,0,149.82,547.02,0,-1
260,legit_40,608.51,998.4,5.6697,0.1233,78.5,D5E5,0,163.34,566.54,0,-1
260,legit_41,398.4,241.06,13.0595,0.3373,180.0,C2C1,0,129.65,572.16,0,-1
260,legit_42,198.4,923.38,13.3693,0.2572,180.0,B5B4,0,96.41,637.28,0,-1
260,legit_43,1.6,617.71,3.8697,2.3319,0.0,A3A4,1,149.45,705.24,0,-1
261,legit_25,195.36,201.6,7.5941,2.1398,270.0,:B1_5,0,93.36,674.42,0,-1
261,legit_26,598.4,245.66,11.7675,-0.7287,180.0,D2D1,0,187.34,542.75,0,-1
261,legit_27,276.06,598.4,12.4662,-0.0789,90.0,B3C3,2,126.07,527.51,0,-1
261,legit_28,201.6,474.54,13.0699,0.2013,0.0,B2B3,1,125.63,576.42,0,-1
261,legit_30,801.6,564.26,13.8712,1.0574,0.0,E2E3,0,62.77,480.24,0,-1
261,legit_32,598.4,12.29,8.8121,-4.0103,180.0,D1D0,1,183.37,696.17,0,-1
261,legit_34,1001.47,997.73,5.1822,-4.5,358.47,:F5_0,0,95.52,672.45,0,-1
261,legit_35,401.6,607.07,12.4194,-1.2131,0.0,:C3_9,1,48.91,478.01,0,-1
261,legit_36,564.62,-1.6,13.6505,0.3551,90.0,C0D0,1,167.11,707.88,0,-1
261,legit_37,1.6,481.72,12.7887,0.1359,0.0,A2A3,1,189.77,713.63,0,-1
261,legit_38,367.68,-1.6,13.0174,-0.3161,90.0,B0C0,0,146.84,739.4,0,-1
261,legit_39,306.97,798.4,13.0422,0.1485,90.0,B4C4,0,148.95,541.46,0,-1
261,legit_40,616.14,998.4,7.6342,1.9645,90.0,D5E5,0,156.77,566.64,0,-1
261,legit_41,398.4,227.52,13.542,0.4825,180.0,C2C1,0,119.26,579.1,0,-1
261,legit_42,198.4,910.41,12.9709,-0.3984,180.0,B5B4,0,85.44,631.68,0,-1
261,legit_43,1.6,623.85,6.1449,2.2753,0.0,A3A4,1,150.3,705.4,0,-1
262,legit_25,186.35,201.6,9.0093,1.4152,270.0,B1A1,0,89.33,679.13,0,-1
262,legit_26,598.4,233.95,11.7137,-0.0539,180.0,D2D1,0,187.1,548.82,0,-1
262,legit_27,288.47,598.4,12.4057,-0.0605,90.0,B3C3,2,138.48,521.87,0,-1
262,legit_28,201.6,487.6,13.0588,-0.0111,0.0,B2B3,1,123.68,574.32,0,-1
262,legit_30,801.6,577.31,13.0477,-0.8235,0.0,E2E3,0,56.37,479.52,0,-1
262,legit_32,598.4,7.84,4.4599,-4.3523,180.0,D1D0,1,186.02,699.69,0,-1
262,legit_34,998.9,1001.3,4.6746,-0.5076,326.13,:F5_0,0,93.83,672.97,0,-1
262,legit_35,401.6,619.69,12.6223,0.2029,0.0,C3C4,1,52.25,478.36,0,-1
262,legit_36,577.31,-1.6,12.6886,-0.962,90.0,C0D0,1,176.05,707.48,0,-1
262,legit_37,1.6,494.74,13.0222,0.2335,0.0,A2A3,1,181.94,711.87,0,-1
262,legit_38,381.42,-1.6,13.7397,0.7223,90.0,B0C0,0,139.6,735.62,0,-1
262,legit_39,320.85,798.4,13.8801,0.8378,90.0,B4C4,0,135.68,535.74,0,-1
262,legit_40,626.07,998.4,9.9267,2.2925,90.0,D5E5,0,148.38,566.87,0,-1
262,legit_41,398.4,215.19,12.3323,-1.2098,180.0,C2C1,0,108.27,585.59,0,-1
262,legit_42,198.4,897.4,13.0086,0.0377,180.0,B5B4,0,75.09,626.25,0,-1
262,legit_43,1.6,631.92,8.0671,1.9222,0.0,A3A4,1,151.79,705.68,0,-1
263,legit_25,175.04,201.6,11.3145,2.3052,270.0,B1A1,0,85.35,685.21,0,-1
263,legit_26,598.4,221.41,12.5359,0.8223,180.0,D2D1,0,179.74,555.52,0,-1
263,legit_27,300.7,598.4,12.2331,-0.1725,90.0,B3C3,2,149.31,516.47,0,-1
263,legit_28,201.6,500.76,13.1608,0.102,0.0,B2B3,1,111.85,572.39,0,-1
263,legit_30,801.6,587.41,10.1,-2.9477,0.0,E2E3,0,53.11,479.17,0,-1
263,legit_32,596.27,2.56,6.0029,1.5431,205.94,:D0_0,1,187.58,703.88,0,-1
263,legit_34,994.4,1001.6,4.5206,-0.154,276.37,F5E5,0,96.11,670.85,0,-1
263,legit_35,401.6,633.23,13.5418,0.9196,0.0,C3C4,1,58.71,479.06,0,-1
263,legit_36,588.15,-1.6,10.8394,-1.8492,90.0,C0D0,1,184.04,707.27,0,-1
263,legit_37,1.6,507.83,13.0898,0.0676,0.0,A2A3,1,174.69,710.3,0,-1
263,legit_38,395.16,-1.6,13.7403,0.0007,90.0,:C0_6,0,133.39,732.06,0,-1
263,legit_39,334.56,798.4,13.7053,-0.1747,90.0,B4C4,0,122.71,530.3,0,-1
263,legit_40,638.37,998.4,12.301,2.3743,90.0,D5E5,0,138.28,567.31,0,-1
263,legit_41,398.4,207.35,7.8323,-4.5,180.0,C2C1,0,101.46,589.8,0,-1
263,legit_42,198.4,884.62,12.7824,-0.2262,180.0,B5B4,0,65.83,621.1,0,-1
263,legit_43,1.6,641.56,9.6421,1.5749,0.0,A3A4,1,154.11,706.13,0,-1
264,legit_25,163.02,201.6,12.0199,0.7054,270.0,B1A1,0,82.63,691.87,0,-1
264,legit_26,598.4,212.71,8.703,-3.833,180.0,D2D1,0,174.98,560.28,0,-1
264,legit_27,312.43,598.4,11.7282,-0.5049,90.0,B3C3,2,137.58,511.43,0,-1
264,legit_28,201.6,513.36,12.5915,-0.5693,0.0,B2B3,1,100.85,570.71,0,-1
264,legit_30,801.49,593.58,6.1802,-3.9198,358.73,:E3_10,0,51.89,479.02,0,-1
264,legit_32,591.53,1.6,4.9343,-1.0687,258.28,D0C0,1,184.52,704.68,0,-1
264,legit_34,987.48,1001.6,6.9284,2.4078,270.0,F5E5,0,100.28,667.41,0,-1
264,legit_35,401.6,646.55,13.3213,-0.2205,0.0,C3C4,1,67.15,480.04,0,-1
264,legit_36,594.47,-1.36,6.3394,-4.5,87.26,:D0_7,1,188.68,707.02,0,-1
264,legit_37,1.6,520.75,12.9169,-0.1729,0.0,A2A3,1,168.24,708.94,0,-1
264,legit_38,407.78,-1.6,12.6171,-1.1233,90.0,C0D0,0,128.72,729.0,0,-1
264,legit_39,347.88,798.4,13.3238,-0.3815,90.0,B4C4,0,110.27,525.2,0,-1
264,legit_40,651.88,998.4,13.5122,1.2112,90.0,D5E5,0,127.62,568.0,0,-1
264,legit_41,396.19,202.51,5.6133,-2.219,206.87,:C1_0,0,98.51,593.06,0,-1
264,legit_42,198.4,871.24,13.3834,0.601,180.0,B5B4,0,57.61,615.94,0,-1
264,legit_43,1.6,653.08,11.5151,1.873,0.0,A3A4,1,157.61,706.81,0,-1
264,legit_44,412.3,398.4,0.0,0.0,90.0,C2D2,0,53.81,504.4,0,-1
265,legit_25,151.26,201.6,11.7538,-0.2661,270.0,B1A1,0,81.61,698.6,0,-1
265,legit_26,598.4,207.26,5.4474,-3.2555,180.0,D2D1,0,172.16,563.31,0,-1
265,legit_27,324.81,598.4,12.3789,0.6507,90.0,B3C3,2,125.2,506.27,0,-1
265,legit_28,201.6,525.96,12.6071,0.0156,0.0,B2B3,1,90.24,569.21,0,-1
265,legit_30,797.98,600.25,7.9722,1.792,320.42,:E3_18,0,47.98,477.83,0,-1
265,legit_32,584.89,1.6,6.6406,1.7063,270.0,D0C0,1,179.48,704.77,0,-1
265,legit_34,979.15,1001.6,8.3224,1.394,270.0,F5E5,0,105.67,663.35,0,-1
265,legit_35,401.6,659.32,12.7688,-0.5525,0.0,C3C4,2,76.56,481.22,0,-1
265,legit_36,600.56,2.53,7.6687,1.3293,46.39,:D0_10,1,190.08,703.9,0,-1
265,legit_37,1.6,533.23,12.4853,-0.4316,0.0,A2A3,1,162.73,707.82,0,-1
265,legit_38,421.23,-1.6,13.4518,0.8347,90.0,C0D0,0,124.96,725.95,0,-1
265,legit_39,361.19,798.4,13.3103,-0.0134,90.0,B4C4,1,98.07,520.31,0,-1
265,legit_40,665.57,998.4,13.6906,0.1784,90.0,D5E5,0,117.42,568.92,0,-1
265,legit_41,390.63,201.6,5.7436,0.1303,263.84,C1B1,0,100.91,595.18,0,-1
265,legit_42,198.4,857.71,13.5305,0.1471,180.0,B5B4,0,51.54,611.0,0,-1
265,legit_43,1.6,666.01,12.9358,1.4207,0.0,A3A4,1,162.42,707.76,0,-1
265,legit_44,414.81,398.4,2.5057,2.5057,90.0,C2D2,0,52.09,503.67,0,-1
266,legit_25,139.5,201.6,11.7609,0.0071,270.0,B1A1,0,82.27,705.54,0,-1
266,legit_26,599.9,205.65,2.282,-3.1654,160.93,:D1_17,0,172.64,564.21,0,-1
266,legit_27,337.42,598.4,12.6137,0.2348,90.0,B3C3,2,112.59,501.19,0,-1
266,legit_28,201.6,538.84,12.8744,0.2673,0.0,B2B3,1,80.02,567.86,0,-1
266,legit_30,790.81,601.6,7.4342,-0.538,274.89,E3D3,0,40.84,475.52,0,-1
266,legit_32,576.6,1.6,8.2862,1.6456,270.0,D0C0,2,173.34,704.94,0,-1
266,legit_34,969.35,1001.6,9.8056,1.4832,270.0,F5E5,0,112.48,658.67,0,-1
266,legit_35,401.6,672.67,13.3553,0.5865,0.0,C3C4,2,87.32,482.69,0,-1
266,legit_36,601.6,9.51,7.1555,-0.5132,4.37,D0D1,1,185.01,698.36,0,-1
266,legit_37,1.6,546.8,13.5697,1.0845,0.0,A2A3,1,157.65,706.81,0,-1
266,legit_38,434.88,-1.6,13.6471,0.1953,90.0,C0D0,1,122.54,723.09,0,-1
266,legit_39,374.43,798.4,13.2386,-0.0718,90.0,B4C4,1,86.26,515.65,0,-1
266,legit_40,679.13,998.4,13.5609,-0.1297,90.0,D5E5,0,108.08,570.05,0,-1
266,legit_41,382.5,201.6,8.1243,2.3807,270.0,C1B1,0,105.9,597.62,0,-1
266,legit_42,198.4,844.56,13.1526,-0.3779,180.0,B5B4,0,48.61,606.51,0,-1
266,legit_43,1.6,678.87,12.8622,-0.0736,0.0,A3A4,1,168.06,708.91,0,-1
266,legit_44,419.61,398.4,4.8018,2.2961,90.0,C2D2,0,48.97,502.3,0,-1
267,legit_25,127.71,201.6,11.7877,0.0268,270.0,B1A1,0,84.59,712.71,0,-1
267,legit_26,601.58,207.18,2.4235,0.1415,96.83,:D1_17,0,172.12,563.36,0,-1
267,legit_27,349.51,598.4,12.0872,-0.5265,90.0,B3C3,1,100.51,496.47,0,-1
267,legit_28,201.6,551.84,13.0019,0.1276,0.0,B2B3,0,70.58,566.7,0,-1
267,legit_30,781.64,601.6,9.1666,1.7325,270.0,E3D3,0,31.68,472.66,0,-1
267,legit_32,566.59,1.6,10.0093,1.7231,270.0,D0C0,2,166.17,705.25,0,-1
267,legit_34,957.38,1001.6,11.9641,2.1585,270.0,F5E5,0,121.34,653.11,0,-1
267,legit_35,401.6,685.4,12.7243,-0.631,0.0,C3C4,2,98.16,484.29,0,-1
267,legit_36,601.6,18.99,9.4734,2.3179,0.0,D0D1,1,179.52,690.91,0,-1
267,legit_37,1.6,559.19,12.3925,-1.1772,0.0,A2A3,1,153.91,706.09,0,-1
267,legit_38,448.38,-1.6,13.4955,-0.1516,90.0,C0D0,1,121.61,720.51,0,-1
267,legit_39,384.45,798.4,10.0164,-3.2222,90.0,B4C4,1,77.64,512.26,0,-1
267,legit_40,692.57,998.4,13.4335,-0.1273,90.0,D5E5,0,99.79,571.42,0,-1
267,legit_41,372.61,201.6,9.8935,1.7691,270.0,C1B1,0,112.46,600.71,0,-1
267,legit_42,198.4,831.34,13.2143,0.0618,180.0,B5B4,0,49.17,602.33,0,-1
267,legit_43,1.6,691.58,12.7034,-0.1588,0.0,A3A4,1,174.38,710.23,0,-1
267,legit_44,426.81,398.4,7.2026,2.4008,90.0,C2D2,0,44.86,500.32,0,-1
268,legit_25,116.34,201.6,11.3789,-0.4088,270.0,B1A1,0,88.27,719.82,0,-1
268,legit_26,601.6,210.42,3.2488,0.8254,13.55,D1D2,0,173.78,561.55,0,-1
268,legit_27,362.13,598.4,12.6181,0.5309,90.0,B3C3,1,87.89,491.71,0,-1
268,legit_28,201.6,564.83,12.9901,-0.0118,0.0,B2B3,0,62.45,565.78,0,-1
268,legit_30,770.4,601.6,11.2365,2.0699,270.0,E3D3,0,20.47,469.28,0,-1
268,legit_32,555.25,1.6,11.3411,1.3319,270.0,D0C0,2,158.42,705.75,0,-1
268,legit_34,944.43,1001.6,12.9518,0.9876,270.0,F5E5,0,131.5,647.27,0,-1
268,legit_35,401.6,698.15,12.7489,0.0247,0.0,C3C4,2,109.43,486.09,0,-1
268,legit_36,601.6,30.53,11.5459,2.0726,0.0,D0D1,2,173.28,681.93,0,-1
268,legit_37,1.6,571.91,12.7172,0.3246,0.0,A2A3,1,151.03,705.54,0,-1
268,legit_38,461.17,-1.6,12.7944,-0.7011,90.0,C0D0,2,122.11,718.28,0,-1
268,legit_39,389.96,798.4,5.5164,-4.5,90.0,B4C4,1,73.04,510.45,0,-1
268,legit_40,706.36,998.4,13.7954,0.3619,90.0,D5E5,0,92.54,573.09,0,-1
268,legit_41,360.74,201.6,11.8704,1.9769,270.0,C1B1,0,120.94,604.57,0,-1
268,legit_42,198.4,818.43,12.9078,-0.3065,180.0,B5B4,0,52.99,598.56,0,-1
268,legit_43,1.6,704.4,12.8195,0.1161,0.0,A3A4,1,181.44,711.76,0,-1
268,legit_44,435.72,398.4,8.9079,1.7054,90.0,C2D2,0,40.97,498.02,0,-1
269,legit_25,105.08,201.6,11.2533,-0.1256,270.0,B1A1,0,93.15,727.02,0,-1
269,legit_26,601.6,215.01,4.5845,1.3357,0.0,D1D2,0,176.21,559.01,0,-1
269,legit_27,374.17,598.4,12.0423,-0.5759,90.0,B3C3,1,75.85,487.34,0,-1
269,legit_28,201.6,578.59,13.7583,0.7682,0.0,B2B3,0,55.87,565.07,0,-1
269,legit_30,757.34,601.6,13.066,1.8295,270.0,E3D3,0,7.51,465.53,0,-1
269,legit_32,543.03,1.6,12.2204,0.8792,270.0,D0C0,2,150.58,706.44,0,-1
269,legit_34,932.3,1001.6,12.1269,-0.8248,270.0,F5E5,0,141.42,641.96,0,-1
269,legit_35,401.6,710.97,12.8232,0.0743,0.0,C3C4,2,121.07,488.08,0,-1
269,legit_36,601.6,43.63,13.0917,1.5458,0.0,D0D1,2,166.9,671.89,0,-1
269,legit_37,1.6,585.14,13.2324,0.5153,0.0,A2A3,1,149.14,705.18,0,-1
269,legit_38,474.47,-1.6,13.3005,0.5061,90.0,C0D0,2,124.04,716.19,0,-1
269,legit_39,396.58,797.25,6.86,1.3437,103.56,:C4_12,1,68.42,508.02,0,-1
269,legit_40,719.13,998.4,12.7696,-1.0259,90.0,D5E5,0,87.24,574.88,0,-1
269,legit_41,348.05,201.6,12.6941,0.8237,270.0,C1B1,0,130.59,608.89,0,-1
269,legit_42,198.4,805.79,12.6421,-0.2657,180.0,:B4_1,0,59.27,595.15,0,-1
269,legit_43,1.6,716.99,12.5898,-0.2297,0.0,A3A4,1,188.97,713.45,0,-1
269,legit_44,446.99,398.4,11.2676,2.3597,90.0,C2D2,0,38.52,495.35,0,-1
270,legit_25,94.09,201.6,10.9938,-0.2595,270.0,B1A1,0,98.92,734.21,0,-1
270,legit_26,601.6,221.25,6.2418,1.6573,0.0,D1D2,0,179.65,555.61,0,-1
270,legit_27,383.94,598.4,9.7728,-2.2695,90.0,B3C3,1,66.08,483.9,0,-1
270,legit_28,201.6,591.92,13.3337,-0.4246,0.0,B2B3,0,52.23,564.7,0,-1
270,legit_30,744.48,601.6,12.856,-0.21,270.0,E3D3,0,5.74,462.59,0,-1
270,legit_32,530.77,1.6,12.2619,0.0415,270.0,D0C0,2,143.33,707.3,0,-1
270,legit_34,920.22,1001.6,12.0833,-0.0437,270.0,F5E5,0,151.62,636.82,0,-1
270,legit_35,401.6,723.73,12.7626,-0.0606,0.0,C3C4,2,125.94,490.25,0,-1
270,legit_36,601.6,56.54,12.9181,-0.1737,0.0,D0D1,2,161.4,662.15,0,-1
270,legit_37,1.6,597.95,12.8053,-0.4271,0.0,:A3_7,1,148.41,705.05,0,-1
270,legit_38,487.62,-1.6,13.1468,-0.1536,90.0,C0D0,2,127.29,714.36,0,-1
270,legit_39,398.4,791.19,6.6165,-0.2436,170.38,C4C3,1,71.03,505.85,0,-1
270,legit_40,732.08,998.4,12.9517,0.1822,90.0,D5E5,0,83.54,576.97,0,-1
270,legit_41,334.38,201.6,13.6616,0.9676,270.0,C1B1,0,141.51,613.74,0,-1
270,legit_42,198.4,792.98,12.8129,0.1708,180.0,:B4_1,0,67.48,591.93,0,-1
270,legit_43,1.6,730.25,13.2649,0.6751,0.0,A3A4,1,184.57,715.42,0,-1
270,legit_44,460.25,398.4,13.2639,1.9963,90.0,C2D2,0,39.74,492.6,0,-1
270,legit_45,8.3,-1.6,0.0,0.0,90.0,A0B0,0,186.72,909.59,0,-1
271,legit_25,82.65,201.6,11.4397,0.4459,270.0,B1A1,0,105.81,741.84,0,-1
271,legit_26,601.6,229.05,7.7987,1.5569,0.0,D1D2,0,184.16,551.42,0,-1
271,legit_27,389.9,598.4,5.9565,-3.8163,90.0,B3C3,1,60.12,481.86,0,-1
271,legit_30,730.59,601.6,13.8884,1.0324,270.0,E3D3,0,19.47,460.41,0,-1
271,legit_32,517.93,1.6,12.8395,0.5776,270.0,D0C0,2,136.5,708.4,0,-1
271,legit_34,907.56,1001.6,12.6645,0.5812,270.0,F5E5,0,162.59,631.6,0,-1
271,legit_35,401.6,736.34,12.61,-0.1526,0.0,C3C4,2,114.4,492.58,0,-1
271,legit_36,601.6,70.12,13.575,0.6569,0.0,D0D1,2,156.56,652.11,0,-1
271,legit_37,1.6,611.36,13.4146,0.6094,0.0,A3A4,1,148.83,705.13,0,-1
271,legit_38,500.66,-1.6,13.0462,-0.1006,90.0,C0D0,2,131.73,712.76,0,-1
271,legit_39,398.4,782.25,8.9426,2.3261,180.0,C4C3,1,77.45,503.59,0,-1
271,legit_40,745.95,998.4,13.8653,0.9136,90.0,D5E5,0,81.7,579.51,0,-1
271,legit_41,321.38,201.6,13.0028,-0.6589,270.0,C1B1,0,152.32,618.54,0,-1
271,legit_42,198.4,779.18,13.7986,0.9856,180.0,B4B3,0,77.73,588.7,0,-1
271,legit_43,1.6,742.62,12.3669,-0.898,0.0,A3A4,1,177.5,717.44,0,-1
271,legit_44,473.44,398.4,13.1887,-0.0752,90.0,C2D2,0,44.99,490.27,0,-1
271,legit_45,9.72,-1.6,1.4194,1.4194,90.0,A0B0,0,185.65,908.67,0,-1
272,legit_25,71.02,201.6,11.6252,0.1855,270.0,B1A1,0,113.56,749.74,0,-1
272,legit_26,601.6,238.72,9.6792,1.8805,0.0,D1D2,0,190.05,546.33,0,-1
272,legit_27,397.91,598.4,8.0164,2.0599,90.0,:C3_13,0,52.11,479.18,0,-1
272,legit_30,717.85,601.6,12.7469,-1.1415,270.0,E3D3,0,32.19,458.61,0,-1
272,legit_32,505.35,1.6,12.5821,-0.2574,270.0,D0C0,2,130.7,709.67,0,-1
272,legit_34,894.74,1001.6,12.8177,0.1532,270.0,F5E5,1,164.61,626.48,0,-1
272,legit_35,401.6,749.38,13.0364,0.4264,0.0,C3C4,1,102.74,495.18,0,-1
272,legit_36,601.6,83.72,13.6033,0.0283,0.0,D0D1,2,152.77,642.24,0,-1
272,legit_37,1.6,624.02,12.654,-0.7606,0.0,A3A4,1,150.33,705.41,0,-1
272,legit_38,513.55,-1.6,12.8904,-0.1559,90.0,C0D0,2,137.21,711.38,0,-1
272,legit_39,398.4,771.55,10.7023,1.7597,180.0,C4C3,1,85.72,501.02,0,-1
272,legit_40,759.55,998.4,13.6071,-0.2583,90.0,D5E5,1,82.16,582.32,0,-1
272,legit_41,308.35,201.6,13.0326,0.0299,270.0,C1B1,0,163.47,623.54,0,-1
272,legit_42,198.4,765.93,13.2538,-0.5448,180.0,B4B3,0,88.48,585.82,0,-1
272,legit_43,1.6,755.75,13.1266,0.7596,0.0,A3A4,1,170.65,719.79,0,-1
272,legit_44,486.98,398.4,13.5445,0.3558,90.0,C2D2,0,53.31,488.22,0,-1
272,legit_45,12.46,-1.6,2.7399,1.3205,90.0,A0B0,0,183.59,906.9,0,-1
273,legit_25,59.36,201.6,11.6609,0.0357,270.0,B1A1,0,121.96,757.8,0,-1
273,legit_26,601.6,250.81,12.082,2.4028,0.0,D1D2,0,184.24,540.13,0,-1
273,legit_27,407.61,598.4,9.6936,1.6771,90.0,C3D3,0,42.42,476.03,0,-1
273,legit_30,704.69,601.6,13.1588,0.412,270.0,E3D3,0,45.34,456.95,0,-1
273,legit_32,492.66,1.6,12.6822,0.1001,270.0,D0C0,2,125.85,711.15,0,-1
273,legit_34,882.31,1001.6,12.4333,-0.3844,270.0,F5E5,1,153.79,621.68,0,-1
273,legit_35,401.6,762.1,12.7246,-0.3117,0.0,C3C4,1,91.71,497.9,0,-1
273,legit_36,601.6,96.89,13.1715,-0.4318,0.0,D0D1,2,150.19,632.9,0,-1
273,legit_37,1.6,637.47,13.4501,0.796,0.0,A3A4,1,153.06,705.93,0,-1
273,legit_38,526.28,-1.6,12.7274,-0.1629,90.0,C0D0,2,143.55,710.23,0,-1
273,legit_39,398.4,758.3,13.2447,2.5424,180.0,C4C3,1,96.63,498.04,0,-1
273,legit_40,772.99,998.4,13.4373,-0.1698,90.0,D5E5,1,84.78,585.41,0,-1
273,legit_41,295.41,201.6,12.9409,-0.0917,270.0,C1B1,0,166.74,628.67,0,-1
273,legit_42,198.4,753.18,12.7418,-0.5119,180.0,B4B3,0,99.4,583.23,0,-1
273,legit_43,1.6,768.22,12.4709,-0.6557,0.0,A3A4,1,164.85,722.2,0,-1
273,legit_44,500.38,398.4,13.3938,-0.1507,90.0,C2D2,0,63.34,486.5,0,-1
273,legit_45,17.11,-1.6,4.6555,1.9156,90.0,A0B0,0,180.12,903.89,0,-1
274,legit_25,48.23,201.6,11.1324,-0.5285,270.0,B1A1,0,130.44,765.6,0,-1
274,legit_26,601.6,263.35,12.5412,0.4592,0.0,D1D2,0,177.1,533.91,0,-1
274,legit_27,418.71,598.4,11.1056,1.412,90.0,C3D3,1,31.33,472.55,0,-1
274,legit_30,691.57,601.6,13.119,-0.0398,270.0,E3D3,0,58.45,455.49,0,-1
274,legit_32,480.66,1.6,12.006,-0.6762,270.0,D0C0,1,122.3,712.74,0,-1
274,legit_34,869.1,1001.6,13.2088,0.7755,270.0,F5E5,1,142.59,616.75,0,-1
274,legit_35,401.6,775.7,13.5909,0.8662,0.0,C3C4,1,80.48,501.02,0,-1
274,legit_36,601.6,110.47,13.5805,0.409,0.0,D0D1,1,148.71,623.49,0,-1
274,legit_37,1.6,650.84,13.3759,-0.0742,0.0,A3A4,1,156.87,706.66,0,-1
274,legit_38,539.28,-1.6,12.9943,0.2668,90.0,C0D0,2,150.85,709.24,0,-1
274,legit_39,398.4,745.69,12.6097,-0.635,180.0,C4C3,2,107.5,495.39,0,-1
274,legit_40,786.73,998.4,13.7373,0.3,90.0,D5E5,1,89.49,588.86,0,-1
274,legit_41,282.81,201.6,12.5958,-0.3451,270.0,C1B1,0,155.88,633.84,0,-1
274,legit_42,198.4,739.91,13.2724,0.5306,180.0,B4B3,0,111.18,580.72,0,-1
274,legit_43,1.6,781.44,13.2201,0.7492,0.0,A3A4,1,159.54,724.95,0,-1
274,legit_44,513.66,398.4,13.2862,-0.1076,90.0,C2D2,0,74.35,485.04,0,-1
274,legit_45,23.76,-1.6,6.6498,1.9942,90.0,A0B0,0,175.28,899.63,0,-1
275,legit_25,37.13,201.6,11.102,-0.0304,270.0,B1A1,0,139.28,773.49,0,-1
275,legit_26,601.6,275.02,11.6692,-0.872,0.0,D1D2,1,171.01,528.3,0,-1
275,legit_27,430.38,598.4,11.6715,0.5659,90.0,C3D3,1,19.68,469.05,0,-1
275,legit_30,678.37,601.6,13.1954,0.0764,270.0,E3D3,0,71.64,454.23,0,-1
275,legit_32,467.97,1.6,12.6848,0.6788,270.0,D0C0,1,119.76,714.62,0,-1
275,legit_34,857.03,1001.6,12.0647,-1.144,270.0,F5E5,1,132.67,612.42,0,-1
275,legit_35,401.6,785.45,9.7573,-3.8336,0.0,C3C4,1,72.92,503.4,0,-1
275,legit_36,601.6,123.3,12.8263,-0.7543,0.0,D0D1,1,148.44,614.82,0,-1
275,legit_37,1.6,664.23,13.3898,0.0139,0.0,A3A4,1,161.7,707.62,0,-1
275,legit_38,552.35,-1.6,13.0777,0.0834,90.0,C0D0,2,158.94,708.45,0,-1
275,legit_39,398.4,731.97,13.7264,1.1167,180.0,C4C3,2,119.73,492.72,0,-1
275,legit_40,799.8,998.4,13.0691,-0.6682,90.0,:E5_7,1,95.6,592.42,0,-1
275,legit_41,269.22,201.6,13.5917,0.9959,270.0,C1B1,0,144.47,639.59,0,-1
275,legit_42,198.4,727.27,12.6383,-0.6341,180.0,B4B3,0,122.68,578.5,0,-1
275,legit_43,1.6,791.08,9.6422,-3.5778,0.0,A3A4,1,156.26,727.09,0,-1
275,legit_44,527.48,398.4,13.8177,0.5315,90.0,C2D2,1,86.47,483.76,0,-1
275,legit_45,31.95,-1.6,8.1866,1.5368,90.0,A0B0,0,169.48,894.44,0,-1
276,legit_25,25.33,201.6,11.8019,0.6999,270.0,B1A1,0,149.0,781.99,0,-1
276,legit_26,601.6,287.16,12.1475,0.4784,0.0,D1D2,1,165.31,522.65,0,-1
276,legit_27,442.27,598.4,11.8881,0.2166,90.0,C3D3,1,7.89,465.64,0,-1
276,legit_30,664.9,601.6,13.4756,0.2802,270.0,E3D3,0,85.12,453.14,0,-1
276,legit_32,455.91,1.6,12.065,-0.6198,270.0,D0C0,1,118.55,716.61,0,-1
276,legit_34,844.5,1001.6,12.5363,0.4715,270.0,F5E5,1,122.78,608.08,0,-1
276,legit_35,401.6,792.44,6.9885,-2.7688,0.0,C3C4,1,67.86,505.19,0,-1
276,legit_36,601.6,136.57,13.2658,0.4395,0.0,D0D1,1,149.32,606.07,0,-1
276,legit_37,1.6,677.1,12.8633,-0.5265,0.0,A3A4,1,167.23,708.74,0,-1
276,legit_38,566.2,-1.6,13.8443,0.7666,90.0,C0D0,2,168.19,707.82,0,-1
276,legit_39,398.4,719.01,12.9508,-0.7756,180.0,C4C3,2,129.72,490.4,0,-1
276,legit_40,813.16,998.4,13.3656,0.2965,90.0,E5F5,1,103.19,596.31,0,-1
276,legit_41,256.12,201.6,13.1018,-0.4899,270.0,C1B1,0,133.86,645.32,0,-1
276,legit_42,198.4,714.05,13.2212,0.5829,180.0,B4B3,0,123.9,576.36,0,-1
276,legit_43,2.71,796.51,5.6687,-3.9735,13.09,:A4_6,1,153.58,727.47,0,-1
276,legit_44,540.26,398.4,12.7806,-1.0371,90.0,C2D2,1,98.09,482.79,0,-1
276,legit_45,41.92,-1.6,9.9737,1.7872,90.0,A0B0,1,162.69,888.17,0,-1
276,legit_46,1.6,8.3,0.0,0.0,0.0,A0A1,1,185.74,907.52,0,-1
277,legit_25,15.7,201.6,9.6225,-2.1794,270.0,B1A1,0,157.14,788.99,0,-1
277,legit_26,601.6,298.85,11.6847,-0.4628,0.0,D1D2,2,160.51,517.4,0,-1
277,legit_27,454.69,598.4,12.4224,0.5342,90.0,C3D3,1,4.96,462.73,0,-1
277,legit_30,651.96,601.6,12.9376,-0.538,270.0,E3D3,0,98.05,452.29,0,-1
277,legit_32,443.58,1.6,12.3275,0.2625,270.0,D0C0,1,118.57,718.84,0,-1
277,legit_34,831.81,1001.6,12.6896,0.1533,270.0,F5E5,1,113.31,603.88,0,-1
277,legit_35,403.48,797.29,5.4309,-1.5577,22.93,:C4_8,1,63.16,505.89,0,-1
277,legit_36,601.6,149.79,13.2192,-0.0466,0.0,D0D1,1,151.36,597.58,0,-1
277,legit_37,1.6,690.3,13.2003,0.337,0.0,A3A4,1,173.71,710.09,0,-1
277,legit_38,579.11,-1.6,12.9118,-0.9325,90.0,C0D0,1,177.36,707.43,0,-1
277,legit_39,398.4,705.57,13.4397,0.4888,180.0,C4C3,2,117.51,488.19,0,-1
277,legit_40,826.7,998.4,13.5387,0.173,90.0,E5F5,1,111.99,600.49,0,-1
277,legit_41,242.36,201.6,13.7628,0.6611,270.0,C1B1,0,123.24,651.54,0,-1
277,legit_42,198.4,700.88,13.1752,-0.0461,180.0,B4B3,0,111.89,574.4,0,-1
277,legit_43,7.66,798.4,5.5398,-0.1289,73.05,A4B4,1,148.3,724.01,0,-1
277,legit_44,554.14,398.4,13.8802,1.0996,90.0,C2D2,1,111.0,481.96,0,-1
277,legit_45,54.28,-1.6,12.3525,2.3788,90.0,A0B0,1,154.76,880.52,0,-1
277,legit_46,1.6,10.86,2.5627,2.5627,0.0,A0A1,1,184.21,905.86,0,-1
278,legit_25,9.4,201.6,6.2996,-3.3228,270.0,B1A1,0,162.56,793.61,0,-1
278,legit_26,601.6,310.48,11.6335,-0.0512,0.0,D1D2,2,156.44,512.36,0,-1
278,legit_27,466.73,598.4,12.0383,-0.3841,90.0,C3D3,1,16.81,460.81,0,-1
278,legit_30,638.1,601.6,13.865,0.9274,270.0,E3D3,0,111.92,451.59,0,-1
278,legit_32,431.06,1.6,12.5193,0.1918,270.0,D0C0,0,119.9,721.32,0,-1
278,legit_34,818.62,1001.6,13.1861,0.4965,270.0,F5E5,1,104.19,599.72,0,-1
278,legit_35,409.43,798.4,6.1899,0.7591,84.2,C4D4,1,58.11,504.39,0,-1
278,legit_36,601.6,163.02,13.2304,0.0112,0.0,D0D1,1,154.51,589.31,0,-1
278,legit_37,1.6,703.18,12.8806,-0.3196,0.0,A3A4,1,180.74,711.61,0,-1
278,legit_38,592.65,-1.6,13.5364,0.6246,90.0,C0D0,0,187.44,707.22,0,-1
278,legit_39,398.4,692.44,13.1388,-0.3009,180.0,C4C3,2,105.86,486.23,0,-1
278,legit_40,840.43,998.4,13.7243,0.1856,90.0,E5F5,1,121.8,604.96,0,-1
278,legit_41,229.59,201.6,12.764,-0.9988,270.0,C1B1,0,113.99,657.5,0,-1
278,legit_42,198.4,688.1,12.7806,-0.3945,180.0,B4B3,0,100.52,572.68,0,-1
278,legit_43,14.58,798.4,6.9201,1.3802,90.0,A4B4,1,141.67,718.59,0,-1
278,legit_44,567.56,398.4,13.4163,-0.464,90.0,C2D2,1,123.67,481.37,0,-1
278,legit_45,66.54,-1.6,12.2582,-0.0943,90.0,A0B0,1,147.49,873.06,0,-1
278,legit_46,1.6,15.81,4.9443,2.3816,0.0,A0A1,1,181.32,902.68,0,-1
279,legit_25,6.54,201.16,2.9972,-3.3025,264.84,:A1_5,0,164.83,795.92,0,-1
279,legit_26,601.6,322.76,12.2738,0.6403,0.0,D1D2,2,153.0,507.26,0,-1
279,legit_27,479.21,598.4,12.4785,0.4402,90.0,C3D3,2,29.26,459.01,0,-1
279,legit_30,624.38,601.6,13.7177,-0.1473,270.0,E3D3,1,125.63,451.11,0,-1
279,legit_32,418.63,1.6,12.4349,-0.0844,270.0,D0C0,0,122.49,723.98,0,-1
279,legit_34,806.53,1001.6,12.0888,-1.0973,270.0,:E5_0,1,96.66,596.1,0,-1
279,legit_35,416.93,798.4,7.4942,1.3042,90.0,C4D4,1,53.15,502.21,0,-1
279,legit_36,601.6,176.0,12.9791,-0.2513,0.0,D0D1,1,158.61,581.42,0,-1
279,legit_37,1.6,716.6,13.419,0.5384,0.0,A3A4,1,188.73,713.39,0,-1
279,legit_38,606.16,-1.6,13.5108,-0.0256,90.0,:D0_6,0,188.35,707.21,0,-1
279,legit_39,398.4,678.58,13.8586,0.7198,180.0,C4C3,2,94.0,484.39,0,-1
279,legit_40,853.14,998.4,12.7154,-1.0089,90.0,E5F5,1,131.52,609.3,0,-1
279,legit_41,218.03,201.6,11.5636,-1.2005,270.0,C1B1,0,106.24,663.05,0,-1
279,legit_42,198.4,674.69,13.4042,0.6236,180.0,B4B3,0,89.0,571.06,0,-1
279,legit_43,23.56,798.4,8.9855,2.0654,90.0,A4B4,1,133.1,711.59,0,-1
279,legit_44,579.68,398.4,12.1236,-1.2927,90.0,C2D2,1,135.25,481.01,0,-1
279,legit_45,79.51,-1.6,12.9791,0.7209,90.0,A0B0,1,140.55,865.3,0,-1
279,legit_46,1.6,23.09,7.288,2.3437,0.0,A0A1,1,177.24,898.03,0,-1
280,legit_25,6.49,198.87,3.0268,0.0296,214.7,:A1_5,0,163.75,797.02,0,-1
280,legit_26,601.6,334.79,12.0345,-0.2393,0.0,D1D2,2,150.53,502.47,0,-1
280,legit_27,491.71,598.4,12.5025,0.024,90.0,C3D3,2,41.74,457.38,0,-1
280,legit_30,611.48,601.6,12.9018,-0.8159,270.0,E3D3,1,138.53,450.85,0,-1
280,legit_32,405.77,1.6,12.8609,0.426,270.0,:C0_4,0,126.39,726.94,0,-1
280,legit_34,793.71,1001.6,12.8218,0.733,270.0,:E5_0,1,89.76,592.48,0,-1
280,legit_35,426.39,798.4,9.4605,1.9663,90.0,C4D4,1,47.83,499.6,0,-1
280,legit_36,601.6,186.41,10.4195,-2.5596,0.0,D0D1,1,162.58,575.25,0,-1
280,legit_37,1.6,729.47,12.8712,-0.5479,0.0,A3A4,1,185.04,715.3,0,-1
280,legit_38,619.58,-1.6,13.421,-0.0898,90.0,D0E0,0,178.32,707.41,0,-1
280,legit_39,398.4,665.98,12.5963,-1.2623,180.0,C4C3,2,83.76,482.92,0,-1
280,legit_40,866.49,998.4,13.3478,0.6325,90.0,E5F5,1,142.23,614.06,0,-1
280,legit_41,210.68,201.6,7.3444,-4.2192,270.0,C1B1,0,101.69,666.67,0,-1
280,legit_42,198.4,660.85,13.8473,0.4431,180.0,B4B3,0,77.75,569.6,0,-1
280,legit_43,34.4,798.4,10.8339,1.8484,90.0,A4B4,1,122.86,703.24,0,-1
280,legit_44,588.43,398.4,8.7484,-3.3752,90.0,C2D2,1,143.66,480.85,0,-1
280,legit_45,92.07,-1.6,12.5515,-0.4276,90.0,A0B0,1,134.7,857.95,0,-1
280,legit_46,1.6,32.53,9.4346,2.1466,0.0,A0A1,1,172.26,892.07,0,-1
281,legit_25,8.77,198.4,2.4193,-0.6074,134.02,A1B1,0,161.53,795.56,0,-1
281,legit_26,601.6,347.17,12.3756,0.341,0.0,D1D2,1,148.95,497.77,0,-1
281,legit_27,504.34,598.4,12.6253,0.1229,90.0,C3D3,1,54.36,455.92,0,-1
281,legit_32,392.91,1.6,12.8538,-0.0071,270.0,:C0_4,0,131.44,730.11,0,-1
281,legit_34,781.35,1001.6,12.3561,-0.4657,270.0,E5D5,1,84.44,589.23,0,-1
281,legit_35,437.23,798.4,10.8435,1.383,90.0,C4D4,0,43.52,496.81,0,-1
281,legit_36,601.6,192.33,5.9195,-4.5,0.0,D0D1,0,165.09,571.8,0,-1
281,legit_37,1.6,742.03,12.5646,-0.3065,0.0,A3A4,1,177.82,717.34,0,-1
281,legit_38,632.31,-1.6,12.729,-0.692,90.0,D0E0,0,169.23,707.77,0,-1
281,legit_39,398.4,653.12,12.864,0.2677,180.0,C4C3,1,74.05,481.62,0,-1
281,legit_40,879.3,998.4,12.8105,-0.5374,90.0,E5F5,1,152.9,618.8,0,-1
281,legit_41,204.31,202.21,6.4725,-0.8719,277.15,:B1_4,0,98.53,669.54,0,-1
281,legit_42,198.4,647.77,13.0764,-0.7708,180.0,B4B3,0,68.0,568.43,0,-1
281,legit_43,47.29,798.4,12.8962,2.0624,90.0,A4B4,1,110.81,693.4,0,-1
281,legit_44,599.23,398.4,10.8038,2.0554,90.0,:D2_13,1,154.09,480.78,0,-1
281,legit_45,105.41,-1.6,13.3482,0.7967,90.0,A0B0,1,129.52,850.3,0,-1
281,legit_46,1.6,43.86,11.3277,1.8931,0.0,A0A1,1,166.79,885.01,0,-1
282,legit_25,12.86,198.4,4.0877,1.6683,90.0,A1B1,1,157.97,792.57,0,-1
282,legit_26,601.6,358.55,11.3815,-0.994,0.0,D1D2,1,148.41,493.65,0,-1
282,legit_27,517.01,598.4,12.6658,0.0405,90.0,C3D3,1,67.02,454.65,0,-1
282,legit_32,380.26,1.6,12.6542,-0.1996,270.0,C0B0,0,137.41,733.42,0,-1
282,legit_34,769.03,1001.6,12.3268,-0.0293,270.0,E5D5,1,80.68,586.22,0,-1
282,legit_35,449.65,798.4,12.4242,1.5808,90.0,C4D4,0,41.6,493.94,0,-1
282,legit_36,604.45,197.87,6.6696,0.7501,34.63,:D1_8,0,165.07,568.63,0,-1
282,legit_37,1.6,754.93,12.8975,0.3329,0.0,A3A4,1,171.05,719.63,0,-1
282,legit_38,645.69,-1.6,13.3795,0.6505,90.0,D0E0,0,160.21,708.35,0,-1
282,legit_39,398.4,639.63,13.487,0.623,180.0,C4C3,1,65.06,480.51,0,-1
282,legit_40,892.13,998.4,12.8311,0.0206,90.0,E5F5,1,163.89,623.73,0,-1
282,legit_41,201.66,206.77,5.6053,-0.8673,333.36,:B1_4,0,100.98,668.57,0,-1
282,legit_42,198.4,634.15,13.6151,0.5387,180.0,B4B3,0,59.24,567.46,0,-1
282,legit_43,60.05,798.4,12.7573,-0.1389,90.0,A4B4,1,99.1,683.81,0,-1
282,legit_44,612.6,398.4,13.3665,2.5627,90.0,D2E2,1,142.67,480.87,0,-1
282,legit_45,117.87,-1.6,12.4568,-0.8914,90.0,A0B0,1,125.77,843.32,0,-1
282,legit_46,1.6,57.54,13.678,2.3503,0.0,A0A1,2,161.01,876.62,0,-1
282,legit_47,1001.6,812.3,0.0,0.0,0.0,F4F5,0,55.77,596.87,0,-1
283,legit_25,19.0,198.4,6.1403,2.0526,90.0,A1B1,1,152.67,788.08,0,-1
283,legit_26,601.6,370.56,12.0154,0.6338,0.0,D1D2,1,148.78,489.52,0,-1
283,legit_27,529.6,598.4,12.5928,-0.073,90.0,C3D3,1,79.61,453.56,0,-1
283,legit_32,367.21,1.6,13.053,0.3989,270.0,C0B0,0,144.48,737.04,0,-1
283,legit_34,756.94,1001.6,12.0847,-0.242,270.0,E5D5,1,78.71,583.51,0,-1
283,legit_35,462.73,798.4,13.0784,0.6542,90.0,C4D4,0,43.51,491.3,0,-1
283,legit_36,610.61,198.4,6.2317,-0.4379,87.41,D1E1,0,159.93,568.38,0,-1
283,legit_37,1.6,767.66,12.7346,-0.1629,0.0,A3A4,1,165.09,722.09,0,-1
283,legit_38,659.55,-1.6,13.8655,0.486,90.0,D0E0,0,151.55,709.16,0,-1
283,legit_39,398.4,627.02,12.6051,-0.8819,180.0,C4C3,1,58.25,479.73,0,-1
283,legit_40,905.06,998.4,12.9326,0.1016,90.0,E5F5,1,166.33,628.86,0,-1
283,legit_41,201.6,212.99,6.2289,0.6237,0.0,B1B2,0,106.35,665.47,0,-1
283,legit_42,198.4,621.54,12.618,-0.9971,180.0,B4B3,0,52.97,566.81,0,-1
283,legit_43,72.78,798.4,12.7292,-0.0281,90.0,A4B4,1,87.71,674.37,0,-1
283,legit_44,625.85,398.4,13.254,-0.1126,90.0,D2E2,1,129.95,481.15,0,-1
283,legit_45,131.21,-1.6,13.3419,0.8851,90.0,A0B0,1,123.04,836.04,0,-1
283,legit_46,1.6,70.47,12.9318,-0.7462,0.0,A0A1,2,156.45,868.85,0,-1
283,legit_47,1001.6,813.74,1.4389,1.4389,0.0,F4F5,0,55.07,597.26,0,-1
284,legit_25,26.96,198.4,7.9679,1.8276,90.0,A1B1,1,145.89,782.31,0,-1
284,legit_26,601.6,383.13,12.5685,0.5532,0.0,D1D2,1,150.19,485.43,0,-1
284,legit_27,542.27,598.4,12.6736,0.0808,90.0,C3D3,1,92.29,452.64,0,-1
284,legit_32,355.09,1.6,12.1187,-0.9344,270.0,C0B0,0,151.75,740.57,0,-1
284,legit_34,744.45,1001.6,12.4946,0.4099,270.0,E5D5,0,78.6,580.98,0,-1
284,legit_35,475.32,798.4,12.5834,-0.495,90.0,C4D4,0,48.7,489.12,0,-1
284,legit_36,618.24,198.4,7.6337,1.402,90.0,D1E1,0,153.32,568.5,0,-1
284,legit_37,1.6,780.06,12.3928,-0.3418,0.0,A3A4,1,160.05,724.65,0,-1
284,legit_38,672.98,-1.6,13.4324,-0.4331,90.0,D0E0,0,143.94,710.16,0,-1
284,legit_39,398.4,614.09,12.9365,0.3314,180.0,C4C3,1,53.49,479.21,0,-1
284,legit_40,918.66,998.4,13.5912,0.6586,90.0,E5F5,0,154.63,634.45,0,-1
284,legit_41,201.6,221.24,8.2432,2.0143,0.0,B1B2,0,113.63,661.38,0,-1
284,legit_42,198.4,611.36,10.1758,-2.4422,180.0,B4B3,0,49.72,566.49,0,-1
284,legit_43,85.17,798.4,12.3947,-0.3345,90.0,A4B4,1,77.03,665.32,0,-1
284,legit_44,639.67,398.4,13.818,0.564,90.0,D2E2,1,116.82,481.66,0,-1
284,legit_45,144.21,-1.6,12.9941,-0.3479,90.0,A0B0,0,121.74,829.14,0,-1
284,legit_46,1.6,83.52,13.0553,0.1234,0.0,A0A1,1,152.82,861.15,0,-1
284,legit_47,1001.6,817.15,3.4099,1.971,0.0,F4F5,0,53.52,598.2,0,-1
285,legit_25,36.62,198.4,9.6506,1.6827,90.0,A1B1,1,137.85,775.37,0,-1
285,legit_27,554.88,598.4,12.6103,-0.0634,90.0,C3D3,0,104.89,451.92,0,-1
285,legit_32,343.29,1.6,11.7941,-0.3245,270.0,C0B0,0,159.39,744.16,0,-1
285,legit_34,732.29,1001.6,12.162,-0.3326,270.0,E5D5,0,80.38,578.77,0,-1
285,legit_35,488.56,798.4,13.2475,0.6641,90.0,C4D4,0,56.73,487.14,0,-1
285,legit_36,627.84,198.4,9.5977,1.964,90.0,D1E1,0,145.16,568.74,0,-1
285,legit_37,1.6,790.89,10.8325,-1.5603,0.0,A3A4,1,156.32,727.05,0,-1
285,legit_38,686.28,-1.6,13.2983,-0.1341,90.0,D0E0,0,137.28,711.37,0,-1
285,legit_39,398.4,600.53,13.5624,0.6258,180.0,:C3_1,0,51.6,479.01,0,-1
285,legit_40,932.29,998.4,13.6371,0.0459,90.0,E5F5,0,143.23,640.25,0,-1
285,legit_41,201.6,231.51,10.2761,2.0329,0.0,B1B2,0,122.87,656.37,0,-1
285,legit_42,198.19,605.7,5.6758,-4.5,182.46,:B3_0,0,48.52,566.51,0,-1
285,legit_43,97.47,798.4,12.2987,-0.096,90.0,A4B4,1,67.0,656.5,0,-1
285,legit_44,653.45,398.4,13.7784,-0.0396,90.0,D2E2,0,103.91,482.39,0,-1
285,legit_45,156.61,-1.6,12.4037,-0.5903,90.0,A0B0,0,121.78,822.73,0,-1
285,legit_46,1.6,96.46,12.9426,-0.1127,0.0,A0A1,1,150.25,853.69,0,-1
285,legit_47,1001.6,822.0,4.8535,1.4436,0.0,F4F5,0,51.64,599.57,0,-1
286,legit_25,48.13,198.4,11.5137,1.863,90.0,A1B1,1,128.55,767.2,0,-1
286,legit_27,567.43,598.4,12.5513,-0.0589,90.0,C3D3,0,117.44,451.37,0,-1
286,legit_32,330.9,1.6,12.3959,0.6018,270.0,C0B0,0,167.94,748.09,0,-1
286,legit_34,720.06,1001.6,12.2265,0.0645,270.0,E5D5,0,83.92,576.79,0,-1
286,legit_35,501.97,798.4,13.4104,0.1629,90.0,C4D4,0,66.57,485.42,0,-1
286,legit_36,639.97,198.4,12.1308,2.5331,90.0,D1E1,0,135.11,569.2,0,-1
286,legit_37,2.95,796.92,6.3325,-4.5,16.06,:A4_6,1,153.23,727.37,0,-1
286,legit_38,699.49,-1.6,13.2046,-0.0937,90.0,D0E0,0,131.67,712.77,0,-1
286,legit_39,398.4,586.74,13.7874,0.2251,180.0,C3C2,0,53.28,479.19,0,-1
286,legit_40,946.18,998.4,13.8879,0.2508,90.0,E5F5,0,132.05,646.35,0,-1
286,legit_41,201.6,243.8,12.2914,2.0152,0.0,B1B2,0,127.14,650.52,0,-1
286,legit_42,194.69,601.87,5.608,-0.0678,226.59,:B3_0,0,44.73,568.37,0,-1
286,legit_43,110.01,798.4,12.5323,0.2336,90.0,A4B4,1,57.71,647.69,0,-1
286,legit_44,666.42,398.4,12.9724,-0.8059,90.0,D2E2,0,91.98,483.28,0,-1
286,legit_45,168.97,-1.6,12.3557,-0.048,90.0,A0B0,0,123.07,816.52,0,-1
286,legit_46,1.6,109.38,12.9142,-0.0284,0.0,A0A1,1,148.78,846.4,0,-1
286,legit_47,1001.6,829.19,7.1844,2.3309,0.0,F4F5,0,49.59,601.68,0,-1
287,legit_25,60.37,198.4,12.2438,0.7302,90.0,A1B1,1,119.08,758.62,0,-1
287,legit_27,579.94,598.4,12.5081,-0.0432,90.0,C3D3,0,129.95,451.0,0,-1
287,legit_32,318.45,1.6,12.4503,0.0544,270.0,C0B0,1,176.99,752.2,0,-1
287,legit_34,706.96,1001.6,13.1037,0.8772,270.0,E5D5,0,89.44,574.94,0,-1
287,legit_35,515.46,798.4,13.4808,0.0704,90.0,C4D4,0,77.56,483.96,0,-1
287,legit_36,653.75,198.4,13.7798,1.649,90.0,D1E1,0,124.14,569.92,0,-1
287,legit_37,8.89,798.4,6.2981,-0.0344,80.88,A4B4,1,147.11,723.04,0,-1
287,legit_38,713.11,-1.6,13.6255,0.4209,90.0,D0E0,0,127.07,714.46,0,-1
287,legit_39,398.4,573.43,13.308,-0.4794,180.0,C3C2,0,58.04,479.71,0,-1
287,legit_40,959.09,998.4,12.905,-0.9829,90.0,E5F5,0,122.16,652.2,0,-1
287,legit_41,201.6,257.29,13.4837,1.1923,0.0,B1B2,0,114.95,644.26,0,-1
287,legit_42,188.31,601.6,6.3949,0.787,269.17,B3A3,0,38.34,571.86,0,-1
287,legit_43,123.27,798.4,13.2648,0.7325,90.0,A4B4,1,49.45,638.6,0,-1
287,legit_44,679.27,398.4,12.8514,-0.121,90.0,D2E2,0,80.48,484.36,0,-1
287,legit_45,182.29,-1.6,13.3257,0.97,90.0,A0B0,1,125.81,810.03,0,-1
287,legit_46,1.6,123.09,13.7084,0.7941,0.0,A0A1,1,148.43,838.85,0,-1
287,legit_47,1001.6,837.89,8.6994,1.515,0.0,F4F5,0,48.45,604.36,0,-1
288,legit_25,71.57,198.4,11.1969,-1.0469,90.0,A1B1,3,110.9,750.9,0,-1
288,legit_27,588.46,598.4,8.516,-3.9921,90.0,C3D3,0,138.47,450.85,0,-1
288,legit_32,305.72,1.6,12.7224,0.2722,270.0,C0B0,1,186.64,756.57,0,-1
288,legit_34,693.89,1001.6,13.066,-0.0377,270.0,E5D5,0,96.41,573.36,0,-1
288,legit_35,528.55,798.4,13.0997,-0.3811,90.0,C4D4,0,88.89,482.76,0,-1
288,legit_36,667.42,198.4,13.6762,-0.1037,90.0,D1E1,0,113.87,570.86,0,-1
288,legit_37,16.67,798.4,7.7791,1.481,90.0,A4B4,1,139.67,716.96,0,-1
288,legit_38,726.15,-1.6,13.0363,-0.5891,90.0,D0E0,0,123.92,716.29,0,-1
288,legit_39,398.4,559.75,13.6806,0.3725,180.0,C3C2,0,65.44,480.56,0,-1
288,legit_40,971.85,998.4,12.7622,-0.1428,90.0,E5F5,0,112.99,658.18,0,-1
288,legit_41,201.6,270.5,13.2172,-0.2665,0.0,B1B2,1,103.31,638.29,0,-1
288,legit_42,180.02,601.6,8.2867,1.8918,270.0,B3A3,0,30.07,576.45,0,-1
288,legit_43,135.72,798.4,12.4499,-0.8149,90.0,A4B4,1,43.98,630.32,0,-1
288,legit_44,693.07,398.4,13.7986,0.9472,90.0,D2E2,0,68.67,485.75,0,-1
288,legit_45,194.83,-1.6,12.5355,-0.7902,90.0,:B0_6,1,129.6,804.1,0,-1
288,legit_46,1.6,136.0,12.908,-0.8004,0.0,A0A1,2,149.26,831.92,0,-1
288,legit_47,1001.6,848.83,10.9458,2.2464,0.0,F4F5,0,49.2,607.93,0,-1
288,legit_48,-1.6,187.7,0.0,0.0,180.0,A1A0,2,166.03,808.25,0,-1
289,legit_25,82.92,198.4,11.3512,0.1543,90.0,A1B1,3,103.18,743.2,0,-1
289,legit_27,599.03,598.4,10.5683,2.0524,90.0,:D3_13,0,149.03,450.78,0,-1
289,legit_32,293.12,1.6,12.5997,-0.1228,270.0,C0B0,1,185.75,761.07,0,-1
289,legit_34,681.58,1001.6,12.3113,-0.7547,270.0,E5D5,0,104.06,572.08,0,-1
289,legit_35,541.81,798.4,13.2597,0.16,90.0,C4D4,0,100.8,481.77,0,-1
289,legit_36,680.13,198.4,12.7022,-0.974,90.0,D1E1,0,105.02,571.94,0,-1
289,legit_37,26.88,798.4,10.2062,2.4271,90.0,A4B4,1,129.96,709.03,0,-1
289,legit_38,739.83,-1.6,13.6814,0.645,90.0,D0E0,0,122.02,718.45,0,-1
289,legit_39,398.4,546.32,13.425,-0.2555,180.0,C3C2,0,74.46,481.67,0,-1
289,legit_40,984.59,998.4,12.7382,-0.024,90.0,E5F5,1,104.58,664.33,0,-1
289,legit_41,201.6,283.1,12.5985,-0.6186,0.0,B1B2,1,92.61,632.77,0,-1
289,legit_42,169.82,601.6,10.2015,1.9148,270.0,B3A3,0,19.89,582.19,0,-1
289,legit_43,148.64,798.4,12.9241,0.4742,90.0,A4B4,1,41.62,622.05,0,-1
289,legit_44,706.55,398.4,13.4823,-0.3163,90.0,D2E2,0,57.98,487.36,0,-1
289,legit_45,208.13,-1.6,13.301,0.7655,90.0,B0C0,1,134.78,798.0,0,-1
289,legit_46,1.6,149.39,13.3925,0.4845,0.0,A0A1,2,151.28,824.91,0,-1
289,legit_47,1001.6,861.94,13.1101,2.1643,0.0,F4F5,1,53.14,612.52,0,-1
289,legit_48,-1.6,185.45,2.2541,2.2541,180.0,A1A0,2,165.12,809.32,0,-1
290,legit_25,94.69,198.4,11.773,0.4218,90.0,A1B1,3,95.94,735.36,0,-1
290,legit_27,611.57,598.4,12.5446,1.9763,90.0,D3E3,0,138.44,450.85,0,-1
290,legit_32,281.2,1.6,11.9259,-0.6738,270.0,C0B0,1,176.72,765.47,0,-1
290,legit_34,668.74,1001.6,12.8373,0.526,270.0,E5D5,0,112.91,570.96,0,-1
290,legit_35,554.55,798.4,12.7401,-0.5196,90.0,C4D4,0,112.53,481.02,0,-1
290,legit_36,692.94,198.4,12.813,0.1108,90.0,D1E1,0,96.97,573.25,0,-1
290,legit_37,39.09,798.4,12.2098,2.0036,90.0,A4B4,1,118.46,699.65,0,-1
290,legit_38,753.58,-1.6,13.7476,0.0662,90.0,D0E0,0,121.65,720.87,0,-1
290,legit_39,398.4,533.68,12.6426,-0.7824,180.0,C3C2,0,84.03,482.95,0,-1
290,legit_40,992.82,998.4,8.2382,-4.5,90.0,E5F5,1,99.64,668.41,0,-1
290,legit_41,201.6,296.17,13.0668,0.4683,0.0,B1B2,1,82.08,627.22,0,-1
290,legit_42,157.91,601.6,11.9151,1.7137,270.0,B3A3,0,8.07,589.03,0,-1
290,legit_43,161.13,798.4,12.4858,-0.4383,90.0,A4B4,1,43.06,614.4,0,-1
290,legit_44,719.43,398.4,12.8743,-0.608,90.0,D2E2,0,49.08,489.15,0,-1
290,legit_45,221.21,-1.6,13.0765,-0.2245,90.0,B0C0,1,140.91,792.2,0,-1
290,legit_46,1.6,163.21,13.8173,0.4248,0.0,A0A1,2,154.56,817.87,0,-1
290,legit_47,1001.6,875.51,13.5699,0.4598,0.0,F4F5,1,60.03,617.56,0,-1
290,legit_48,-1.6,180.79,4.6529,2.3988,180.0,A1A0,2,163.34,811.56,0,-1
291,legit_25,105.74,198.4,11.0421,-0.7309,90.0,A1B1,3,90.03,728.15,0,-1
291,legit_27,623.07,598.4,11.5043,-1.0404,90.0,D3E3,0,126.94,451.07,0,-1
291,legit_32,268.32,1.6,12.8759,0.9501,270.0,C0B0,1,167.39,770.38,0,-1
291,legit_34,656.02,1001.6,12.7205,-0.1167,270.0,E5D5,0,122.39,570.06,0,-1
291,legit_35,567.66,798.4,13.1022,0.3621,90.0,C4D4,0,124.79,480.44,0,-1
291,legit_36,706.49,198.4,13.5507,0.7377,90.0,D1E1,0,89.66,574.88,0,-1
291,legit_37,52.68,798.4,13.5967,1.3868,90.0,A4B4,1,105.84,689.33,0,-1
291,legit_38,767.18,-1.6,13.5977,-0.1498,90.0,D0E0,0,122.81,723.51,0,-1
291,legit_39,398.4,520.7,12.9861,0.3435,180.0,C3C2,0,94.61,484.48,0,-1
291,legit_40,996.56,998.4,3.7382,-4.5,90.0,E5F5,1,97.54,670.3,0,-1
291,legit_41,201.6,309.34,13.1681,0.1013,0.0,B1B2,1,72.31,621.83,0,-1
291,legit_42,144.15,601.6,13.7606,1.8455,270.0,B3A3,0,6.07,597.68,0,-1
291,legit_43,174.12,798.4,12.9932,0.5073,90.0,A4B4,1,48.09,606.76,0,-1
291,legit_44,732.94,398.4,13.5137,0.6394,90.0,D2E2,0,42.02,491.35,0,-1
291,legit_45,233.71,-1.6,12.5077,-0.5688,90.0,B0C0,1,147.63,786.82,0,-1
291,legit_46,1.6,176.59,13.3894,-0.4279,0.0,A0A1,2,158.83,811.24,0,-1
291,legit_47,1001.6,889.34,13.8276,0.2577,0.0,F4F5,1,69.12,622.98,0,-1
291,legit_48,-1.6,173.74,7.053,2.4001,180.0,A1A0,2,160.84,814.99,0,-1
292,legit_25,117.96,198.4,12.2267,1.1846,90.0,A1B1,3,84.69,720.35,0,-1
292,legit_27,635.69,598.4,12.6152,1.111,90.0,D3E3,0,114.32,451.49,0,-1
292,legit_32,256.53,1.6,11.7895,-1.0864,270.0,C0B0,1,159.27,775.03,0,-1
292,legit_34,643.32,1001.6,12.7031,-0.0175,270.0,E5D5,0,132.39,569.35,0,-1
292,legit_35,580.03,798.4,12.371,-0.7312,90.0,C4D4,0,136.52,480.07,0,-1
292,legit_36,719.31,198.4,12.8221,-0.7286,90.0,D1E1,0,84.19,576.68,0,-1
292,legit_37,66.27,798.4,13.5833,-0.0133,90.0,A4B4,1,93.5,679.18,0,-1
292,legit_38,780.78,-1.6,13.6006,0.0028,90.0,D0E0,0,125.43,726.39,0,-1
292,legit_39,398.4,507.57,13.1268,0.1407,180.0,C3C2,0,105.86,486.23,0,-1
292,legit_40,998.4,995.86,3.7549,0.0167,129.45,F5F4,1,98.7,669.94,0,-1
292,legit_41,201.6,322.73,13.3949,0.2268,0.0,B1B2,1,63.65,616.56,0,-1
292,legit_42,130.57,601.6,13.5763,-0.1843,270.0,B3A3,0,19.49,607.16,0,-1
292,legit_43,183.68,798.4,9.5573,-3.4358,90.0,A4B4,1,53.53,601.34,0,-1
292,legit_44,745.6,398.4,12.6548,-0.859,90.0,D2E2,0,38.65,493.76,0,-1
292,legit_45,246.3,-1.6,12.5856,0.0779,90.0,B0C0,1,155.11,781.58,0,-1
292,legit_46,1.6,187.12,10.5283,-2.8612,0.0,A0A1,2,162.87,806.16,0,-1
292,legit_47,1001.6,902.49,13.1507,-0.6768,0.0,F4F5,1,79.04,628.35,0,-1
292,legit_48,-1.6,164.43,9.3102,2.2572,180.0,A1A0,2,157.98,819.59,0,-1
293,legit_25,129.22,198.4,11.2595,-0.9671,90.0,A1B1,2,81.11,713.34,0,-1
293,legit_27,647.52,598.4,11.8267,-0.7885,90.0,D3E3,0,102.5,452.04,0,-1
293,legit_32,243.97,1.6,12.5586,0.769,270.0,C0B0,1,151.16,780.13,0,-1
293,legit_34,631.28,1001.6,12.033,-0.67,270.0,E5D5,0,142.27,568.85,0,-1
293,legit_35,587.9,798.4,7.871,-4.5,90.0,C4D4,0,144.04,479.93,0,-1
293,legit_36,732.91,198.4,13.5968,0.7747,90.0,D1E1,0,80.24,578.87,0,-1
293,legit_37,79.28,798.4,13.016,-0.5673,90.0,A4B4,1,82.05,669.61,0,-1
293,legit_38,794.07,-1.6,13.2955,-0.3051,90.0,:E0_6,0,129.34,729.43,0,-1
293,legit_39,398.4,494.05,13.5216,0.3948,180.0,C3C2,0,117.85,488.25,0,-1
293,legit_40,998.4,989.81,6.0577,2.3028,180.0,F5F4,1,103.91,666.87,0,-1
293,legit_41,201.6,336.17,13.4328,0.0379,0.0,B1B2,0,56.84,611.53,0,-1
293,legit_42,116.69,601.6,13.8823,0.306,270.0,B3A3,0,33.35,617.03,0,-1
293,legit_43,189.55,798.4,5.8725,-3.6848,90.0,A4B4,1,57.4,598.08,0,-1
293,legit_44,758.47,398.4,12.8722,0.2174,90.0,D2E2,0,39.32,496.6,0,-1
293,legit_45,259.54,-1.6,13.2438,0.6582,90.0,B0C0,1,163.66,776.24,0,-1
293,legit_46,1.69,193.46,6.3387,-4.1896,1.07,:A1_6,2,165.5,803.09,0,-1
293,legit_47,1001.6,915.56,13.0651,-0.0857,0.0,F4F5,1,89.73,633.88,0,-1
293,legit_48,-1.6,153.72,10.7065,1.3963,180.0,A1A0,2,155.31,825.0,0,-1
294,legit_25,140.54,198.4,11.3131,0.0536,90.0,A1B1,1,78.97,706.49,0,-1
294,legit_27,659.01,598.4,11.4927,-0.334,90.0,D3E3,0,91.01,452.73,0,-1
294,legit_32,231.93,1.6,12.0421,-0.5165,270.0,C0B0,1,143.98,785.18,0,-1
294,legit_34,618.64,1001.6,12.6475,0.6145,270.0,E5D5,0,152.98,568.51,0,-1
294,legit_35,592.34,798.4,4.4453,-3.4257,90.0,C4D4,0,148.3,479.88,0,-1
294,legit_36,746.24,198.4,13.3281,-0.2687,90.0,D1E1,0,78.49,581.32,0,-1
294,legit_37,92.85,798.4,13.5656,0.5496,90.0,A4B4,1,70.69,659.8,0,-1
294,legit_38,807.11,-1.6,13.0371,-0.2583,90.0,:E0_6,0,134.34,732.64,0,-1
294,legit_39,398.4,480.3,13.7457,0.2241,180.0,C3C2,0,130.35,490.51,0,-1
294,legit_40,998.4,982.4,7.4098,1.3521,180.0,F5F4,1,110.4,663.17,0,-1
294,legit_41,201.6,349.78,13.6112,0.1784,0.0,B1B2,0,52.6,606.74,0,-1
294,legit_42,103.75,601.6,12.9366,-0.9456,270.0,B3A3,0,46.28,626.39,0,-1
294,legit_43,194.6,798.14,5.0629,-0.8096,92.95,:B4_12,1,61.16,595.26,0,-1
294,legit_44,771.37,398.4,12.8987,0.0266,90.0,D2E2,0,43.95,499.84,0,-1
294,legit_45,272.77,-1.6,13.2291,-0.0147,90.0,B0C0,1,172.8,771.08,0,-1
294,legit_46,4.72,198.03,5.8642,-0.4745,37.99,:A1_6,2,164.91,798.71,0,-1
294,legit_47,1001.6,929.1,13.5471,0.482,0.0,F4F5,1,101.4,639.8,0,-1
294,legit_48,-1.6,141.65,12.0768,1.3703,180.0,A1A0,1,153.14,831.25,0,-1
294,legit_49,1001.6,612.3,0.0,0.0,0.0,F3F4,0,49.94,566.51,0,-1
295,legit_25,152.78,198.4,12.2485,0.9353,90.0,A1B1,1,78.45,699.3,0,-1
295,legit_27,671.58,598.4,12.5749,1.0822,90.0,D3E3,0,78.43,453.65,0,-1
295,legit_32,219.23,1.6,12.6973,0.6552,270.0,C0B0,1,137.16,790.68,0,-1
295,legit_34,606.55,1001.6,12.0854,-0.5621,270.0,:D5_0,0,163.48,568.34,0,-1
295,legit_35,598.64,798.4,6.2918,1.8466,90.0,:D4_13,0,154.35,479.85,0,-1
295,legit_36,759.75,198.4,13.5165,0.1884,90.0,D1E1,0,79.0,584.12,0,-1
295,legit_37,106.39,798.4,13.5428,-0.0229,90.0,A4B4,1,60.27,650.22,0,-1
295,legit_38,819.71,-1.6,12.6055,-0.4316,90.0,E0F0,0,140.17,735.93,0,-1
295,legit_39,398.4,467.54,12.7581,-0.9876,180.0,C3C2,0,119.28,492.81,0,-1
295,legit_40,998.4,972.43,9.9651,2.5554,180.0,F5F4,1,119.31,658.28,0,-1
295,legit_41,201.6,362.82,13.0443,-0.5669,0.0,B1B2,0,51.68,602.47,0,-1
295,legit_42,90.38,601.6,13.3724,0.4358,270.0,B3A3,0,59.64,636.22,0,-1
295,legit_43,198.13,794.71,5.2855,0.2227,136.26,:B4_12,1,66.09,592.5,0,-1
295,legit_44,782.63,398.4,11.2573,-1.6414,90.0,D2E2,0,50.39,502.94,0,-1
295,legit_45,285.48,-1.6,12.7065,-0.5227,90.0,B0C0,1,182.05,766.3,0,-1
295,legit_46,10.1,198.4,5.4075,-0.4567,86.59,A1B1,2,160.37,794.58,0,-1
295,legit_47,1001.6,942.19,13.0914,-0.4556,0.0,F4F5,1,113.08,645.7,0,-1
295,legit_48,-1.6,128.44,13.2051,1.1283,180.0,A1A0,1,151.83,838.25,0,-1
295,legit_49,1001.6,613.65,1.3483,1.3483,0.0,F3F4,0,50.29,566.54,0,-1
296,legit_25,164.07,198.4,11.2825,-0.966,90.0,A1B1,1,79.65,692.87,0,-1
296,legit_27,683.16,598.4,11.5713,-1.0037,90.0,D3E3,0,66.86,454.66,0,-1
296,legit_32,207.26,1.6,11.9757,-0.7216,270.0,C0B0,1,131.52,796.02,0,-1
296,legit_34,594.51,1001.6,12.041,-0.0444,270.0,:D5_0,0,164.41,568.33,0,-1
296,legit_35,606.55,798.4,7.9115,1.6196,90.0,:D4_13,0,149.36,479.87,0,-1
296,legit_36,773.02,198.4,13.2658,-0.2506,90.0,D1E1,0,81.71,587.16,0,-1
296,legit_37,119.89,798.4,13.5051,-0.0377,90.0,A4B4,1,51.35,640.89,0,-1
296,legit_38,832.59,-1.6,12.8737,0.2682,90.0,E0F0,0,146.99,739.48,0,-1
296,legit_39,398.4,454.76,12.7859,0.0278,180.0,C3C2,0,107.9,495.3,0,-1
296,legit_40,998.4,959.95,12.4801,2.515,180.0,F5F4,1,130.58,652.29,0,-1
296,legit_41,201.6,376.6,13.7748,0.7305,0.0,B1B2,0,54.2,598.29,0,-1
296,legit_42,77.27,601.6,13.1074,-0.265,270.0,B3A3,0,72.75,646.0,0,-1
296,legit_43,198.4,788.97,5.7545,0.469,178.09,B4B3,1,70.33,590.97,0,-1
296,legit_44,789.38,398.4,6.7573,-4.5,90.0,D2E2,0,55.01,504.9,0,-1
296,legit_45,298.86,-1.6,13.3788,0.6723,90.0,B0C0,1,192.21,761.44,0,-1
296,legit_46,17.94,198.4,7.8352,2.4277,90.0,A1B1,2,153.58,788.85,0,-1
296,legit_47,1001.6,955.53,13.3409,0.2495,0.0,F4F5,1,125.26,651.88,0,-1
296,legit_48,-1.6,114.75,13.69,0.4849,180.0,A1A0,1,151.69,845.7,0,-1
296,legit_49,1001.6,616.74,3.0868,1.7385,0.0,F3F4,0,51.21,566.64,0,-1
297,legit_25,175.28,198.4,11.2161,-0.0664,90.0,A1B1,1,82.38,686.68,0,-1
297,legit_27,695.36,598.4,12.2005,0.6293,90.0,D3E3,0,54.67,455.89,0,-1
297,legit_32,194.8,1.6,12.4598,0.484,270.0,:B0_4,1,126.59,801.74,0,-1
297,legit_34,582.22,1001.6,12.2859,0.2449,270.0,D5C5,0,153.72,568.49,0,-1
297,legit_35,616.7,798.4,10.1552,2.2437,90.0,D4E4,0,139.64,480.0,0,-1
297,legit_36,783.04,198.4,10.0234,-3.2424,90.0,D1E1,0,85.08,589.66,0,-1
297,legit_37,133.51,798.4,13.6195,0.1144,90.0,A4B4,1,44.75,631.77,0,-1
297,legit_38,846.24,-1.6,13.6515,0.7777,90.0,E0F0,0,155.08,743.45,0,-1
297,legit_39,398.4,441.19,13.567,0.7812,180.0,C3C2,0,96.2,498.15,0,-1
297,legit_40,998.4,947.28,12.6666,0.1865,180.0,F5F4,1,119.05,646.36,0,-1
297,legit_41,201.6,390.14,13.5402,-0.2346,0.0,B1B2,0,59.76,594.52,0,-1
297,legit_42,63.71,601.6,13.5643,0.457,270.0,B3A3,0,86.31,656.28,0,-1
297,legit_43,198.4,781.83,7.1413,1.3868,180.0,B4B3,1,75.67,589.31,0,-1
297,legit_44,792.88,398.46,3.5169,-3.2405,89.36,:E2_15,0,57.6,505.93,0,-1
297,legit_45,311.72,-1.6,12.8592,-0.5196,90.0,B0C0,1,184.14,756.95,0,-1
297,legit_46,27.73,198.4,9.7959,1.9607,90.0,A1B1,2,145.24,781.75,0,-1
297,legit_47,1001.6,968.68,13.1467,-0.1942,0.0,F4F5,1,121.39,658.13,0,-1
297,legit_48,-1.6,102.03,12.7233,-0.9667,180.0,A1A0,1,152.66,852.79,0,-1
297,legit_49,1001.6,622.06,5.3286,2.2418,0.0,F3F4,0,53.19,566.83,0,-1
298,legit_25,186.81,198.4,11.5284,0.3123,90.0,A1B1,1,86.61,680.51,0,-1
298,legit_27,706.96,598.4,11.6011,-0.5994,90.0,D3E3,0,43.07,457.22,0,-1
298,legit_32,182.2,1.6,12.6006,0.1408,270.0,B0A0,1,122.7,807.71,0,-1
298,legit_34,569.5,1001.6,12.7195,0.4337,270.0,D5C5,0,142.93,568.83,0,-1
298,legit_35,629.36,798.4,12.6576,2.5024,90.0,D4E4,0,127.61,480.33,0,-1
298,legit_36,789.04,198.4,5.9993,-4.0241,90.0,D1E1,0,87.58,591.23,0,-1
298,legit_37,145.94,798.4,12.4305,-1.189,90.0,A4B4,1,41.8,623.75,0,-1
298,legit_38,860.01,-1.6,13.7756,0.1241,90.0,E0F0,0,163.98,747.66,0,-1
298,legit_39,398.4,428.39,12.803,-0.764,180.0,C3C2,0,85.67,501.03,0,-1
298,legit_40,998.4,934.02,13.2649,0.5983,180.0,F5F4,1,107.25,640.32,0,-1
298,legit_41,201.6,403.38,13.2454,-0.2948,0.0,:B2_9,0,67.41,591.1,0,-1
298,legit_42,50.14,601.6,13.5694,0.0051,270.0,B3A3,0,99.87,666.69,0,-1
298,legit_43,198.4,772.78,9.0569,1.9157,180.0,B4B3,1,82.83,587.29,0,-1
298,legit_44,794.01,400.77,3.0964,-0.4205,51.85,:E2_15,0,60.0,505.65,0,-1
298,legit_45,324.49,-1.6,12.7747,-0.0845,90.0,B0C0,1,174.75,752.65,0,-1
298,legit_46,39.09,198.4,11.3505,1.5546,90.0,A1B1,2,135.83,773.61,0,-1
298,legit_47,1001.6,981.96,13.2825,0.1358,0.0,F4F5,1,109.33,664.61,0,-1
298,legit_48,-1.6,88.78,13.2477,0.5244,180.0,A1A0,1,154.78,860.34,0,-1
298,legit_49,1001.6,629.59,7.5312,2.2026,0.0,F3F4,0,56.73,567.2,0,-1
299,legit_27,719.41,598.4,12.4485,0.8473,90.0,D3E3,0,30.64,458.82,0,-1
299,legit_32,169.77,1.6,12.4326,-0.168,270.0,B0A0,0,120.04,813.78,0,-1
299,legit_34,557.1,1001.6,12.4006,-0.319,270.0,D5C5,0,132.73,569.33,0,-1
299,legit_35,642.5,798.4,13.1356,0.478,90.0,D4E4,0,115.27,480.87,0,-1
299,legit_36,794.88,198.1,5.8577,-0.1416,93.41,:E1_12,0,90.08,592.97,0,-1
299,legit_37,158.52,798.4,12.5783,0.1478,90.0,A4B4,1,42.46,615.97,0,-1
299,legit_38,873.86,-1.6,13.8492,0.0736,90.0,E0F0,0,173.58,752.11,0,-1
299,legit_39,398.4,414.71,13.6809,0.8779,180.0,C3C2,0,75.2,504.35,0,-1
299,legit_40,998.4,921.01,13.0047,-0.2602,180.0,F5F4,1,96.05,634.56,0,-1
299,legit_41,201.6,417.18,13.8017,0.5563,0.0,B2B3,0,77.02,587.79,0,-1
299,legit_42,36.4,601.6,13.7387,0.1693,270.0,B3A3,0,113.61,677.38,0,-1
299,legit_43,198.4,762.35,10.4223,1.3653,180.0,B4B3,1,91.5,585.08,0,-1
299,legit_44,790.21,401.6,4.0594,0.963,291.93,E2D2,0,57.86,504.29,0,-1
299,legit_45,337.24,-1.6,12.7515,-0.0232,90.0,B0C0,0,165.83,748.53,0,-1
299,legit_46,52.35,198.4,13.2678,1.9173,90.0,A1B1,1,125.23,764.23,0,-1
299,legit_47,1001.6,991.82,9.8549,-3.4276,0.0,F4F5,1,100.59,669.53,0,-1
299,legit_48,-1.6,75.93,12.8474,-0.4003,180.0,A1A0,1,157.87,867.83,0,-1
299,legit_49,1001.6,638.54,8.9485,1.4173,0.0,F3F4,0,61.87,567.74,0,-1
300,legit_27,731.51,598.4,12.1026,-0.3459,90.0,D3E3,0,18.56,460.55,0,-1
300,legit_32,158.01,1.6,11.7602,-0.6724,270.0,B0A0,0,118.67,819.68,0,-1
300,legit_34,544.89,1001.6,12.2141,-0.1864,270.0,D5C5,0,123.09,570.0,0,-1
300,legit_35,655.48,798.4,12.986,-0.1496,90.0,D4E4,0,103.27,481.6,0,-1
300,legit_36,798.33,193.27,6.4563,0.5986,152.96,:E1_12,0,87.78,596.6,0,-1
300,legit_37,170.89,798.4,12.3691,-0.2092,90.0,A4B4,1,46.55,608.63,0,-1
300,legit_38,887.7,-1.6,13.8408,-0.0084,90.0,E0F0,0,183.71,756.75,0,-1
300,legit_39,398.4,401.87,12.8389,-0.842,180.0,:C2_1,0,66.45,507.69,0,-1
300,legit_40,998.4,907.18,13.8371,0.8324,180.0,F5F4,1,84.71,628.63,0,-1
300,legit_41,201.6,430.2,13.0175,-0.7842,0.0,B2B3,0,87.12,584.89,0,-1
300,legit_42,23.76,601.6,12.6439,-1.0948,270.0,B3A3,0,126.25,687.34,0,-1
300,legit_43,198.4,749.63,12.7223,2.3,180.0,B4B3,1,102.51,582.54,0,-1
300,legit_44,784.63,401.6,5.588,1.5286,270.0,E2D2,0,54.13,502.66,0,-1
300,legit_45,350.18,-1.6,12.9404,0.1889,90.0,B0C0,0,157.32,744.52,0,-1
300,legit_46,66.17,198.4,13.8124,0.5446,90.0,A1B1,0,114.78,754.62,0,-1
300,legit_47,1001.42,998.07,6.2687,-3.5863,357.91,:F5_0,1,95.25,672.6,0,-1
300,legit_48,-1.6,62.46,13.4719,0.6245,180.0,A1A0,0,162.15,875.85,0,-1
300,legit_49,1001.6,649.56,11.0134,2.0649,0.0,F3F4,0,69.27,568.58,0,-1
300,legit_50,212.3,998.4,0.0,0.0,90.0,B5C5,0,102.66,665.86,0,-1
301,legit_27,743.89,598.4,12.3783,0.2758,90.0,D3E3,0,6.32,462.49,0,-1
301,legit_32,145.96,1.6,12.0414,0.2812,270.0,B0A0,0,118.47,825.9,0,-1
301,legit_34,532.5,1001.6,12.3934,0.1792,270.0,D5C5,0,113.81,570.87,0,-1
301,legit_35,669.15,798.4,13.6687,0.6827,90.0,D4E4,0,90.92,482.58,0,-1
301,legit_36,798.4,186.87,6.4074,-0.0489,180.0,E1E0,0,82.55,600.19,0,-1
301,legit_37,181.66,798.4,10.7688,-1.6003,90.0,A4B4,1,52.28,602.47,0,-1
301,legit_38,900.57,-1.6,12.87,-0.9707,90.0,E0F0,0,192.65,761.24,0,-1
301,legit_39,398.4,389.19,12.6802,-0.1587,180.0,C2C1,0,59.28,511.22,0,-1
301,legit_40,998.4,894.26,12.913,-0.9241,180.0,F5F4,1,74.88,623.28,0,-1
301,legit_41,201.6,443.77,13.5686,0.5511,0.0,B2B3,0,98.39,582.07,0,-1
301,legit_42,14.23,601.6,9.5304,-3.1136,270.0,B3A3,0,135.78,694.92,0,-1
301,legit_43,198.4,737.21,12.4261,-0.2962,180.0,B4B3,1,113.62,580.23,0,-1
301,legit_44,777.28,401.6,7.346,1.758,270.0,E2D2,0,49.75,500.59,0,-1
301,legit_45,362.44,-1.6,12.2594,-0.6809,90.0,B0C0,0,149.84,740.9,0,-1
301,legit_46,79.96,198.4,13.7922,-0.0202,90.0,A1B1,0,105.13,745.2,0,-1
301,legit_47,997.62,1001.48,5.6237,-0.6449,306.95,:F5_0,1,94.39,672.41,0,-1
301,legit_48,-1.6,49.13,13.3337,-0.1383,180.0,A1A0,0,167.35,883.94,0,-1
301,legit_49,1001.6,662.38,12.8237,1.8103,0.0,F3F4,0,78.96,569.75,0,-1
301,legit_50,214.11,998.4,1.809,1.809,90.0,B5C5,0,103.77,664.97,0,-1
302,legit_27,756.49,598.4,12.6034,0.2251,90.0,D3E3,0,6.68,465.3,0,-1
302,legit_32,133.69,1.6,12.2794,0.238,270.0,B0A0,1,119.52,832.41,0,-1
302,legit_34,520.11,1001.6,12.3824,-0.011,270.0,D5C5,0,105.18,571.92,0,-1
302,legit_35,682.64,798.4,13.4941,-0.1746,90.0,D4E4,0,79.17,483.77,0,-1
302,legit_36,798.4,177.92,8.9432,2.5358,180.0,E1E0,0,75.48,605.27,0,-1
302,legit_37,188.72,798.4,7.0604,-3.7085,90.0,A4B4,1,56.83,598.54,0,-1
302,legit_38,913.5,-1.6,12.9283,0.0583,90.0,E0F0,0,182.81,765.92,0,-1
302,legit_39,398.4,376.22,12.965,0.2848,180.0,C2C1,0,54.09,515.12,0,-1
302,legit_40,998.4,881.37,12.8936,-0.0194,180.0,F5F4,1,66.14,618.15,0,-1
302,legit_41,201.6,457.07,13.3029,-0.2657,0.0,B2B3,0,109.93,579.5,0,-1
302,legit_42,9.2,601.6,5.0304,-4.5,270.0,B3A3,0,140.81,698.94,0,-1
302,legit_43,198.4,724.34,12.8663,0.4401,180.0,B4B3,1,125.38,578.01,0,-1
302,legit_44,767.93,401.6,9.3542,2.0082,270.0,E2D2,0,45.3,498.11,0,-1
302,legit_45,375.26,-1.6,12.8157,0.5563,90.0,B0C0,0,142.73,737.29,0,-1
302,legit_46,93.7,198.4,13.7428,-0.0493,90.0,A1B1,0,96.52,736.02,0,-1
302,legit_47,991.46,1001.6,6.1691,0.5454,270.0,F5E5,1,97.84,669.38,0,-1
302,legit_48,-1.6,35.86,13.2656,-0.068,180.0,A1A0,1,173.38,892.14,0,-1
302,legit_49,1001.6,675.49,13.1093,0.2856,0.0,F3F4,0,89.67,571.15,0,-1
302,legit_50,217.4,998.4,3.2946,1.4856,90.0,B5C5,0,105.84,663.36,0,-1
303,legit_27,768.1,598.4,11.6145,-0.989,90.0,D3E3,0,18.17,468.6,0,-1
303,legit_32,120.64,1.6,13.0416,0.7622,270.0,B0A0,1,121.99,839.51,0,-1
303,legit_34,507.75,1001.6,12.3685,-0.0139,270.0,D5C5,0,97.37,573.18,0,-1
303,legit_35,695.59,798.4,12.9451,-0.549,90.0,D4E4,0,68.49,485.14,0,-1
303,legit_36,798.4,167.59,10.3373,1.3941,180.0,E1E0,0,67.88,611.25,0,-1
303,legit_37,197.51,798.4,8.7868,1.7264,90.0,:B4_13,1,63.15,593.74,0,-1
303,legit_38,926.65,-1.6,13.1423,0.214,90.0,E0F0,0,173.21,770.86,0,-1
303,legit_39,398.4,362.56,13.6636,0.6986,180.0,C2C1,0,51.66,519.55,0,-1
303,legit_40,998.4,867.83,13.5362,0.6426,180.0,F5F4,1,58.63,613.0,0,-1
303,legit_41,201.6,470.43,13.3571,0.0542,0.0,B2B3,0,121.89,577.12,0,-1
303,legit_42,2.79,600.71,6.5416,1.5112,259.65,:A3_4,0,147.22,704.09,0,-1
303,legit_43,198.4,712.13,12.2045,-0.6618,180.0,B4B3,1,122.13,576.06,0,-1
303,legit_44,756.38,401.6,11.5433,2.1891,270.0,E2D2,0,42.09,495.29,0,-1
303,legit_45,388.02,-1.6,12.7645,-0.0512,90.0,B0C0,0,136.48,733.88,0,-1
303,legit_46,107.16,198.4,13.4587,-0.2841,90.0,A1B1,0,89.34,727.23,0,-1
303,legit_47,983.26,1001.6,8.2015,2.0324,270.0,F5E5,1,102.96,665.34,0,-1
303,legit_48,-1.6,22.0,13.8588,0.5931,180.0,A1A0,1,180.52,900.86,0,-1
303,legit_49,1001.6,688.9,13.4061,0.2968,0.0,F3F4,0,101.22,572.78,0,-1
303,legit_50,222.08,998.4,4.6765,1.3819,90.0,B5C5,0,108.88,661.09,0,-1
304,legit_27,780.47,598.4,12.3624,0.7479,90.0,D3E3,0,30.51,472.3,0,-1
304,legit_32,108.42,1.6,12.2211,-0.8205,270.0,B0A0,1,125.49,846.33,0,-1
304,legit_34,494.78,1001.6,12.963,0.5945,270.0,D5C5,0,90.29,574.72,0,-1
304,legit_35,708.9,798.4,13.3125,0.3675,90.0,D4E4,0,58.48,486.79,0,-1
304,legit_36,798.4,154.71,12.8793,2.542,180.0,E1E0,0,59.56,618.89,0,-1
304,legit_37,208.44,798.4,10.9324,2.1456,90.0,B4C4,1,71.73,587.92,0,-1
304,legit_38,940.26,-1.6,13.6123,0.47,90.0,E0F0,0,163.8,776.16,0,-1
304,legit_39,398.4,349.75,12.8079,-0.8558,180.0,C2C1,0,52.61,524.05,0,-1
304,legit_40,998.4,854.77,13.0609,-0.4753,180.0,F5F4,1,53.67,608.31,0,-1
304,legit_41,201.6,483.31,12.8817,-0.4754,0.0,B2B3,0,127.59,574.99,0,-1
304,legit_42,-1.32,594.74,7.6811,1.1395,202.2,:A3_4,0,151.41,707.42,0,-1
304,legit_43,198.4,699.11,13.0283,0.8239,180.0,B4B3,1,110.29,574.15,0,-1
304,legit_44,743.21,401.6,13.1684,1.625,270.0,E2D2,0,42.15,492.45,0,-1
304,legit_45,401.24,-1.6,13.2156,0.4511,90.0,:C0_6,0,131.01,730.56,0,-1
304,legit_46,120.27,198.4,13.1104,-0.3483,90.0,A1B1,0,83.85,718.9,0,-1
304,legit_47,973.07,1001.6,10.1892,1.9877,270.0,F5E5,1,109.84,660.43,0,-1
304,legit_48,-1.6,10.98,11.0183,-2.8404,180.0,A1A0,1,186.73,907.9,0,-1
304,legit_49,1001.6,702.24,13.3472,-0.0589,0.0,F3F4,0,113.12,574.6,0,-1
304,legit_50,228.13,998.4,6.0461,1.3696,90.0,B5C5,0,112.97,658.19,0,-1
305,legit_27,788.33,598.4,7.8624,-4.5,90.0,D3E3,0,38.36,474.74,0,-1
305,legit_32,95.55,1.6,12.8692,0.6481,270.0,B0A0,1,130.32,853.68,0,-1
305,legit_34,482.42,1001.6,12.3632,-0.5998,270.0,D5C5,0,84.84,576.42,0,-1
305,legit_35,721.95,798.4,13.0505,-0.2621,90.0,D4E4,0,50.17,488.68,0,-1
305,legit_36,798.4,141.73,12.9758,0.0965,180.0,E1E0,0,53.05,626.82,0,-1
305,legit_37,221.1,798.4,12.6635,1.7311,90.0,B4C4,1,82.38,581.35,0,-1
305,legit_38,953.26,-1.6,13.0037,-0.6086,90.0,E0F0,0,155.39,781.4,0,-1
305,legit_39,398.4,337.06,12.6949,-0.1129,180.0,C2C1,0,56.47,528.81,0,-1
305,legit_40,998.4,841.58,13.194,0.1332,180.0,F5F4,1,51.62,603.87,0,-1
305,legit_41,201.6,496.99,13.6788,0.7971,0.0,B2B3,0,115.21,572.92,0,-1
305,legit_42,-1.6,587.86,6.9068,-0.7743,180.09,A3A2,0,152.09,707.72,0,-1
305,legit_43,198.4,686.49,12.621,-0.4074,180.0,B4B3,1,99.11,572.47,0,-1
305,legit_44,729.89,401.6,13.3199,0.1516,270.0,E2D2,0,46.2,489.98,0,-1
305,legit_45,414.08,-1.6,12.8423,-0.3734,90.0,C0D0,0,126.79,727.54,0,-1
305,legit_46,133.11,198.4,12.8363,-0.2741,90.0,A1B1,0,80.2,710.97,0,-1
305,legit_47,961.18,1001.6,11.8854,1.6961,270.0,F5E5,0,118.47,654.86,0,-1
305,legit_48,-1.6,3.77,7.2147,-3.8036,180.0,A1A0,1,191.03,912.56,0,-1
305,legit_49,1001.6,715.56,13.3153,-0.0319,0.0,F3F4,1,125.29,576.59,0,-1
305,legit_50,235.81,998.4,7.684,1.6379,90.0,B5C5,0,118.41,654.57,0,-1
306,legit_27,793.02,598.37,4.6904,-3.172,90.36,:E3_12,0,43.05,476.23,0,-1
306,legit_32,83.55,1.6,12.0037,-0.8655,270.0,B0A0,1,135.77,860.69,0,-1
306,legit_34,469.69,1001.6,12.732,0.3687,270.0,D5C5,0,80.83,578.43,0,-1
306,legit_35,735.41,798.4,13.459,0.4086,90.0,D4E4,0,44.08,490.96,0,-1
306,legit_36,798.4,128.3,13.4321,0.4563,180.0,E1E0,1,49.11,635.31,0,-1
306,legit_37,233.88,798.4,12.7778,0.1143,90.0,B4C4,1,93.63,574.92,0,-1
306,legit_38,966.1,-1.6,12.8344,-0.1692,90.0,E0F0,0,147.74,786.74,0,-1
306,legit_39,398.4,324.37,12.6835,-0.0115,180.0,C2C1,0,62.7,533.85,0,-1
306,legit_40,998.4,828.04,13.5345,0.3405,180.0,F5F4,1,52.97,599.66,0,-1
306,legit_41,201.6,510.84,13.8514,0.1726,0.0,B2B3,0,103.01,571.03,0,-1
306,legit_42,-1.6,579.0,8.8556,1.9489,180.0,A3A2,0,153.05,707.91,0,-1
306,legit_43,198.4,673.24,13.2434,0.6224,180.0,B4B3,1,87.79,570.9,0,-1
306,legit_44,716.33,401.6,13.5675,0.2476,270.0,E2D2,0,53.52,487.83,0,-1
306,legit_45,426.85,-1.6,12.766,-0.0762,90.0,C0D0,0,123.78,724.74,0,-1
306,legit_46,146.0,198.4,12.8935,0.0572,90.0,A1B1,0,78.5,703.25,0,-1
306,legit_47,947.76,1001.6,13.4231,1.5377,270.0,F5E5,0,128.84,648.75,0,-1
306,legit_48,0.28,-0.81,5.2316,-1.9832,156.62,:A0_0,1,192.38,914.3,0,-1
306,legit_49,1001.6,728.56,13.0025,-0.3129,0.0,F3F4,1,121.5,578.72,0,-1
306,legit_50,244.87,998.4,9.06,1.3761,90.0,B5C5,0,125.14,650.39,0,-1
306,legit_51,798.4,187.7,0.0,0.0,180.0,E1E0,1,83.22,599.73,0,-1
307,legit_27,797.67,595.89,5.5935,0.9032,120.55,:E3_12,0,47.84,477.74,0,-1
307,legit_32,71.05,1.6,12.5023,0.4986,270.0,B0A0,1,142.31,868.14,0,-1
307,legit_34,456.67,1001.6,13.014,0.282,270.0,D5C5,0,78.68,580.76,0,-1
307,legit_35,748.07,798.4,12.6564,-0.8026,90.0,D4E4,0,41.64,493.45,0,-1
307,legit_36,798.4,114.81,13.4938,0.0617,180.0,E1E0,1,48.68,644.18,0,-1
307,legit_37,247.21,798.4,13.332,0.5542,90.0,B4C4,1,105.74,568.39,0,-1
307,legit_38,978.69,-1.6,12.5938,-0.2406,90.0,E0F0,0,140.97,792.16,0,-1
307,legit_39,398.4,311.34,13.0329,0.3495,180.0,C2C1,0,70.92,539.28,0,-1
307,legit_40,998.4,815.45,12.596,-0.9385,180.0,F5F4,1,57.14,596.04,0,-1
307,legit_41,201.6,523.62,12.7749,-1.0764,0.0,B2B3,1,92.18,569.47,0,-1
307,legit_42,-1.6,567.58,11.4205,2.5648,180.0,A3A2,0,155.03,708.29,0,-1
307,legit_43,198.4,660.67,12.5729,-0.6704,180.0,B4B3,2,77.61,569.58,0,-1
307,legit_44,703.38,401.6,12.9513,-0.6162,270.0,E2D2,0,62.49,486.07,0,-1
307,legit_45,439.28,-1.6,12.4315,-0.3346,90.0,C0D0,0,122.07,722.22,0,-1
307,legit_46,159.29,198.4,13.2867,0.3933,90.0,A1B1,0,78.95,695.57,0,-1
307,legit_47,935.0,1001.6,12.7578,-0.6652,270.0,F5E5,0,139.18,643.13,0,-1
307,legit_48,6.08,-1.6,5.9546,0.723,93.47,A0B0,1,188.42,911.04,0,-1
307,legit_49,1001.6,741.36,12.7991,-0.2034,0.0,F3F4,1,109.87,580.99,0,-1
307,legit_50,255.86,998.4,10.9927,1.9326,90.0,B5C5,0,133.66,645.44,0,-1
307,legit_51,798.4,185.78,1.923,1.923,180.0,E1E0,1,81.67,600.81,0,-1
308,legit_27,798.4,590.29,5.7226,0.1291,175.86,E3E2,0,49.36,478.06,0,-1
308,legit_32,58.22,1.6,12.8256,0.3233,270.0,B0A0,1,149.81,875.92,0,-1
308,legit_34,444.07,1001.6,12.6053,-0.4087,270.0,D5C5,0,78.62,583.3,0,-1
308,legit_35,760.87,798.4,12.8004,0.144,90.0,D4E4,0,43.0,496.35,0,-1
308,legit_36,798.4,101.98,12.8298,-0.664,180.0,E1E0,1,51.65,652.9,0,-1
308,legit_37,260.24,798.4,13.0246,-0.3074,90.0,B4C4,0,117.83,562.2,0,-1
308,legit_38,989.96,-1.6,11.2684,-1.3254,90.0,E0F0,0,135.62,797.14,0,-1
308,legit_39,398.4,297.5,13.838,0.8051,180.0,C2C1,0,81.05,545.3,0,-1
308,legit_40,998.4,801.77,13.6835,1.0875,180.0,:F4_1,1,64.22,592.4,0,-1
308,legit_41,201.6,537.34,13.7227,0.9478,0.0,B2B3,1,81.17,568.0,0,-1
308,legit_42,-1.6,554.7,12.8762,1.4558,180.0,A3A2,0,158.22,708.91,0,-1
308,legit_43,198.4,648.11,12.5629,-0.01,180.0,B4B3,1,68.24,568.46,0,-1
308,legit_44,689.77,401.6,13.603,0.6518,270.0,E2D2,0,73.2,484.5,0,-1
308,legit_45,451.54,-1.6,12.2665,-0.1649,90.0,C0D0,0,121.61,719.94,0,-1
308,legit_46,172.8,198.4,13.5173,0.2305,90.0,A1B1,0,81.65,688.03,0,-1
308,legit_47,921.25,1001.6,13.748,0.9902,270.0,F5E5,0,150.74,637.26,0,-1
308,legit_48,13.6,-1.6,7.5213,1.5667,90.0,A0B0,1,182.74,906.16,0,-1
308,legit_49,1001.6,754.77,13.4108,0.6117,0.0,F3F4,1,98.01,583.55,0,-1
308,legit_50,268.85,998.4,12.9822,1.9895,90.0,B5C5,0,144.16,639.75,0,-1
308,legit_51,798.4,182.4,3.3745,1.4515,180.0,E1E0,1,78.97,602.72,0,-1
309,legit_27,798.4,582.68,7.6125,1.8899,180.0,E3E2,0,51.41,478.27,0,-1
309,legit_32,46.31,1.6,11.9121,-0.9135,270.0,B0A0,1,157.39,883.28,0,-1
309,legit_34,431.02,1001.6,13.047,0.4417,270.0,D5C5,1,80.66,586.21,0,-1
309,legit_35,774.54,798.4,13.6671,0.8668,90.0,D4E4,0,48.3,499.85,0,-1
309,legit_36,798.4,89.07,12.9094,0.0796,180.0,E1E0,1,57.44,661.95,0,-1
309,legit_37,273.09,798.4,12.8522,-0.1724,90.0,B4C4,0,129.93,556.27,0,-1
309,legit_38,996.73,-1.6,6.7684,-4.5,90.0,E0F0,0,132.76,800.21,0,-1
309,legit_39,398.4,284.53,12.9738,-0.8642,180.0,C2C1,0,91.43,551.16,0,-1
309,legit_40,998.4,788.55,13.2182,-0.4653,180.0,F4F3,1,72.87,589.14,0,-1
309,legit_41,201.6,550.88,13.5402,-0.1825,0.0,B2B3,1,71.24,566.78,0,-1
309,legit_42,-1.6,541.56,13.1385,0.2623,180.0,A3A2,0,162.47,709.75,0,-1
309,legit_43,198.4,635.44,12.662,0.0991,180.0,B4B3,1,59.99,567.54,0,-1
309,legit_44,676.24,401.6,13.53,-0.073,270.0,E2D2,0,84.68,483.18,0,-1
309,legit_45,464.52,-1.6,12.9776,0.7111,90.0,C0D0,0,122.46,717.73,0,-1
309,legit_46,183.41,198.4,10.6112,-2.9061,90.0,A1B1,0,85.22,682.31,0,-1
309,legit_47,907.66,1001.6,13.5905,-0.1575,270.0,F5E5,0,162.5,631.64,0,-1
309,legit_48,23.38,-1.6,9.7789,2.2576,90.0,A0B0,1,175.56,899.88,0,-1
309,legit_49,1001.6,767.81,13.0351,-0.3757,0.0,F3F4,1,86.92,586.22,0,-1
309,legit_50,282.51,998.4,13.6655,0.6833,90.0,B5C5,1,155.62,633.96,0,-1
309,legit_51,798.4,177.52,4.8809,1.5064,180.0,E1E0,1,75.18,605.5,0,-1
310,legit_27,798.4,573.46,9.2242,1.6117,180.0,E3E2,0,55.2,478.67,0,-1
310,legit_32,34.44,1.6,11.8716,-0.0406,270.0,B0A0,1,165.45,890.72,0,-1
310,legit_34,417.84,1001.6,13.183,0.136,270.0,D5C5,1,84.74,589.43,0,-1
310,legit_35,784.01,798.4,9.4782,-4.189,90.0,D4E4,0,53.74,502.48,0,-1
310,legit_36,798.4,75.93,13.141,0.2317,180.0,E1E0,1,65.46,671.4,0,-1
310,legit_37,286.24,798.4,13.1486,0.2964,90.0,B4C4,0,142.45,550.38,0,-1
310,legit_38,1001.08,0.74,5.2734,-1.495,60.5,:F0_1,0,128.9,800.47,0,-1
310,legit_39,398.4,271.39,13.1336,0.1598,180.0,C2C1,0,102.54,557.29,0,-1
310,legit_40,998.4,774.94,13.6106,0.3923,180.0,F4F3,1,83.04,586.01,0,-1
310,legit_41,201.6,564.12,13.2455,-0.2947,0.0,B2B3,1,62.85,565.82,0,-1
310,legit_42,-1.6,528.36,13.2021,0.0637,180.0,A3A2,0,167.67,710.81,0,-1
310,legit_43,198.4,622.6,12.8418,0.1798,180.0,B4B3,1,53.42,566.86,0,-1
310,legit_44,662.38,401.6,13.865,0.335,270.0,E2D2,0,97.0,482.06,0,-1
310,legit_45,477.54,-1.6,13.0203,0.0427,90.0,C0D0,0,124.68,715.75,0,-1
310,legit_46,190.09,198.4,6.6771,-3.9341,90.0,A1B1,0,88.06,678.79,0,-1
310,legit_47,894.71,1001.6,12.9498,-0.6407,270.0,F5E5,0,164.59,626.47,0,-1
310,legit_48,35.16,-1.6,11.7809,2.002,90.0,A0B0,1,167.26,892.41,0,-1
310,legit_49,1001.6,780.21,12.4088,-0.6263,0.0,F3F4,1,76.92,588.94,0,-1
310,legit_50,295.14,998.4,12.6294,-1.0362,90.0,B5C5,1,166.51,628.78,0,-1
310,legit_51,798.4,170.85,6.6719,1.791,180.0,E1E0,1,70.2,609.35,0,-1
311,legit_27,798.4,562.89,10.568,1.3437,180.0,E3E2,0,60.99,479.32,0,-1
311,legit_32,21.85,1.6,12.5908,0.7192,270.0,B0A0,1,174.48,898.74,0,-1
311,legit_34,405.72,1001.6,12.1228,-1.0602,270.0,:C5_0,1,90.04,592.64,0,-1
311,legit_35,789.59,798.4,5.5745,-3.9037,90.0,D4E4,0,57.43,504.1,0,-1
311,legit_36,798.4,62.66,13.269,0.1279,180.0,E1E0,1,75.04,681.14,0,-1
311,legit_37,298.59,798.4,12.3558,-0.7928,90.0,B4C4,0,154.31,545.01,0,-1
311,legit_38,1001.6,6.15,5.4921,0.2187,3.33,F0F1,0,123.71,796.71,0,-1
311,legit_39,398.4,258.45,12.9425,-0.1912,180.0,C2C1,0,113.91,563.51,0,-1
311,legit_40,998.4,761.65,13.2877,-0.3228,180.0,F4F3,1,93.82,583.17,0,-1
311,legit_41,201.6,576.84,12.7151,-0.5304,0.0,B2B3,1,56.56,565.15,0,-1
311,legit_42,-1.6,514.75,13.6119,0.4098,180.0,A3A2,0,173.93,712.11,0,-1
311,legit_43,198.4,611.66,10.945,-1.8968,180.0,B4B3,1,49.78,566.49,0,-1
311,legit_44,648.53,401.6,13.8439,-0.021,270.0,E2D2,0,109.66,481.18,0,-1
311,legit_45,490.43,-1.6,12.8842,-0.1361,90.0,C0D0,0,128.14,714.0,0,-1
311,legit_46,198.99,198.4,8.8949,2.2178,90.0,:B1_13,0,92.45,674.2,0,-1
311,legit_47,881.03,1001.6,13.6812,0.7314,270.0,F5E5,0,152.7,621.2,0,-1
311,legit_48,47.84,-1.6,12.6815,0.9006,90.0,A0B0,1,158.82,884.49,0,-1
311,legit_49,1001.6,788.12,7.9088,-4.5,0.0,F3F4,1,70.95,590.77,0,-1
311,legit_50,308.84,998.4,13.7038,1.0745,90.0,B5C5,1,163.04,623.35,0,-1
311,legit_51,798.4,161.61,9.2397,2.5678,180.0,E1E0,1,63.83,614.77,0,-1
312,legit_27,798.4,551.12,11.7729,1.205,180.0,E3E2,0,68.79,480.24,0,-1
312,legit_32,9.36,1.6,12.4875,-0.1033,270.0,B0A0,1,183.84,906.8,0,-1
312,legit_34,392.64,1001.6,13.0762,0.9534,270.0,C5B5,1,97.14,596.34,0,-1
312,legit_35,792.88,798.46,3.312,-2.2625,89.36,:E4_15,0,59.71,505.1,0,-1
312,legit_36,798.4,49.88,12.7812,-0.4878,180.0,E1E0,1,85.21,690.69,0,-1
312,legit_37,312.01,798.4,13.4133,1.0575,90.0,B4C4,0,144.13,539.36,0,-1
312,legit_38,1001.6,13.57,7.4178,1.9257,0.0,F0F1,0,116.92,791.25,0,-1
312,legit_39,398.4,245.32,13.1306,0.1881,180.0,C2C1,0,125.75,570.01,0,-1
312,legit_40,998.4,748.09,13.5625,0.2748,180.0,F4F3,1,105.41,580.48,0,-1
312,legit_41,201.6,590.47,13.6335,0.9184,0.0,B2B3,1,52.47,564.73,0,-1
312,legit_42,-1.6,500.88,13.8725,0.2606,180.0,A3A2,0,181.13,713.67,0,-1
312,legit_43,198.68,605.24,6.445,-4.5,176.77,:B3_2,1,48.96,566.24,0,-1
312,legit_44,635.16,401.6,13.3703,-0.4736,270.0,E2D2,0,122.14,480.55,0,-1
312,legit_45,503.85,-1.6,13.4247,0.5405,90.0,C0D0,0,132.99,712.4,0,-1
312,legit_46,209.83,198.4,10.8468,1.9518,90.0,B1C1,0,98.62,668.74,0,-1
312,legit_47,867.46,1001.6,13.5693,-0.1119,270.0,F5E5,1,141.22,616.16,0,-1
312,legit_48,60.93,-1.6,13.0926,0.4111,90.0,A0B0,1,150.73,876.46,0,-1
312,legit_49,1001.6,792.71,4.5913,-3.3175,0.0,F3F4,1,67.66,591.86,0,-1
312,legit_50,322.62,998.4,13.7714,0.0676,90.0,B5C5,1,151.28,618.08,0,-1
312,legit_51,798.4,150.49,11.1183,1.8786,180.0,E1E0,1,57.2,621.44,0,-1
312,legit_52,798.4,987.7,0.0,0.0,180.0,E5E4,1,104.22,586.23,0,-1
313,legit_27,798.4,539.43,11.6822,-0.0908,180.0,E3E2,0,77.53,481.35,0,-1
313,legit_34,380.04,1001.6,12.5987,-0.4775,270.0,C5B5,1,105.08,600.13,0,-1
313,legit_35,794.17,800.46,2.7512,-0.5607,59.62,:E4_15,0,59.28,506.03,0,-1
313,legit_36,798.4,36.13,13.7413,0.9601,180.0,E1E0,1,96.83,701.12,0,-1
313,legit_37,325.17,798.4,13.1626,-0.2506,90.0,B4C4,0,131.58,534.0,0,-1
313,legit_38,1001.6,23.5,9.9314,2.5135,0.0,F0F1,0,107.96,784.01,0,-1
313,legit_39,398.4,232.13,13.1953,0.0647,180.0,C2C1,0,123.43,576.72,0,-1
313,legit_40,998.4,734.43,13.6544,0.0919,180.0,F4F3,1,117.5,577.96,0,-1
313,legit_41,201.6,603.32,12.8424,-0.791,0.0,:B3_9,1,51.71,564.65,0,-1
313,legit_42,-1.6,487.5,13.374,-0.4984,180.0,A3A2,0,188.78,715.38,0,-1
313,legit_43,198.97,603.32,1.945,-4.5,173.44,:B3_2,1,49.08,566.06,0,-1
313,legit_44,622.08,401.6,13.0878,-0.2825,270.0,E2D2,0,134.52,480.12,0,-1
313,legit_45,516.37,-1.6,12.5217,-0.903,90.0,C0D0,0,138.53,711.11,0,-1
313,legit_46,222.25,198.4,12.417,1.5703,90.0,B1C1,0,106.61,662.67,0,-1
313,legit_47,854.0,1001.6,13.4624,-0.1069,270.0,F5E5,1,130.24,611.35,0,-1
313,legit_48,73.71,-1.6,12.7795,-0.3131,90.0,A0B0,0,143.55,868.75,0,-1
313,legit_49,998.98,793.67,3.7107,-0.8806,310.57,:F4_11,1,68.92,590.68,0,-1
313,legit_50,335.32,998.4,12.7068,-1.0646,90.0,B5C5,1,140.75,613.4,0,-1
313,legit_51,798.4,138.21,12.2836,1.1652,180.0,E1E0,1,51.71,629.02,0,-1
313,legit_52,798.4,985.76,1.9449,1.9449,180.0,E5E4,1,105.95,585.19,0,-1
314,legit_27,798.4,527.06,12.3759,0.6938,180.0,E3E2,0,87.54,482.72,0,-1
314,legit_34,367.9,1001.6,12.1443,-0.4544,270.0,C5B5,1,113.52,603.98,0,-1
314,legit_35,791.5,801.6,3.121,0.3697,321.56,E4D4,0,56.54,505.53,0,-1
314,legit_36,798.4,23.53,12.5991,-1.1422,180.0,E1E0,1,107.93,710.81,0,-1
314,legit_37,338.55,798.4,13.3771,0.2145,90.0,B4C4,0,118.96,528.75,0,-1
314,legit_38,1001.6,34.79,11.2864,1.3551,0.0,F0F1,0,98.0,775.85,0,-1
314,legit_39,398.4,218.76,13.3633,0.168,180.0,C2C1,0,111.43,583.7,0,-1
314,legit_40,998.4,721.63,12.8052,-0.8491,180.0,F4F3,1,129.13,575.78,0,-1
314,legit_41,201.6,617.07,13.7552,0.9128,0.0,B3B4,1,54.35,564.92,0,-1
314,legit_42,-1.6,473.97,13.5351,0.1611,180.0,A3A2,0,189.66,717.32,0,-1
314,legit_43,198.98,603.29,0.0292,-1.9158,173.26,:B3_2,1,49.1,566.06,0,-1
314,legit_44,608.23,401.6,13.8444,0.7566,270.0,E2D2,0,147.75,479.88,0,-1
314,legit_45,529.45,-1.6,13.0748,0.5531,90.0,C0D0,0,145.25,709.97,0,-1
314,legit_46,236.05,198.4,13.8024,1.3854,90.0,B1C1,0,116.41,656.14,0,-1
314,legit_47,841.1,1001.6,12.9042,-0.5583,270.0,F5E5,1,120.19,606.94,0,-1
314,legit_48,87.48,-1.6,13.7741,0.9946,90.0,A0B0,0,136.73,860.61,0,-1
314,legit_49,998.4,790.86,2.9815,-0.7292,215.02,F4F3,1,71.25,589.69,0,-1
314,legit_50,348.53,998.4,13.2103,0.5035,90.0,B5C5,1,130.21,608.72,0,-1
314,legit_51,798.4,126.19,12.0147,-0.2689,180.0,E1E0,1,48.79,636.68,0,-1
314,legit_52,798.4,981.24,4.512,2.5671,180.0,E5E4,1,109.98,582.8,0,-1
315,legit_27,798.4,515.49,11.5702,-0.8057,180.0,E3E2,0,97.39,484.17,0,-1
315,legit_34,355.82,1001.6,12.0756,-0.0687,270.0,C5B5,1,122.54,607.98,0,-1
315,legit_35,785.93,801.6,5.5698,2.4489,270.0,E4D4,0,52.59,503.89,0,-1
315,legit_36,798.4,10.9,12.6352,0.0361,180.0,E1E0,1,119.35,720.64,0,-1
315,legit_37,351.1,798.4,12.5564,-0.8207,90.0,B4C4,0,107.29,524.0,0,-1
315,legit_38,1001.6,48.15,13.3591,2.0726,0.0,F0F1,0,86.63,766.33,0,-1
315,legit_39,398.4,207.75,11.0103,-2.353,180.0,C2C1,1,101.8,589.58,0,-1
315,legit_40,998.4,708.14,13.4851,0.6798,180.0,F4F3,1,119.82,573.67,0,-1
315,legit_41,201.6,629.98,12.9119,-0.8433,0.0,B3B4,1,59.68,565.48,0,-1
315,legit_42,-1.6,461.19,12.7775,-0.7576,180.0,A3A2,0,182.27,719.35,0,-1
315,legit_43,200.19,601.28,2.3515,2.3223,160.82,:B3_16,1,50.21,565.4,0,-1
315,legit_45,542.63,-1.6,13.1839,0.1091,90.0,C0D0,0,152.86,709.02,0,-1
315,legit_46,249.2,198.4,13.1482,-0.6543,90.0,B1C1,1,126.44,650.12,0,-1
315,legit_47,827.42,1001.6,13.677,0.7728,270.0,F5E5,1,110.18,602.47,0,-1
315,legit_48,100.45,-1.6,12.9676,-0.8066,90.0,A0B0,0,131.31,853.12,0,-1
315,legit_49,998.4,786.51,4.3509,1.3693,180.0,F4F3,1,74.32,588.65,0,-1
315,legit_50,361.84,998.4,13.3054,0.0951,90.0,B5C5,1,120.13,604.21,0,-1
315,legit_51,798.4,115.07,11.1217,-0.8929,180.0,E1E0,1,48.65,644.0,0,-1
315,legit_52,798.4,974.72,6.5231,2.0111,180.0,E5E4,1,115.87,579.37,0,-1
316,legit_27,798.4,503.15,12.3388,0.7686,180.0,E3E2,0,108.27,485.9,0,-1
316,legit_34,343.3,1001.6,12.5216,0.446,270.0,C5B5,1,132.41,612.3,0,-1
316,legit_35,778.11,801.6,7.817,2.2472,270.0,E4D4,0,47.59,501.67,0,-1
316,legit_37,363.55,798.4,12.4471,-0.1094,90.0,B4C4,0,95.94,519.46,0,-1
316,legit_38,1001.6,60.91,12.7595,-0.5995,0.0,F0F1,0,76.38,757.37,0,-1
316,legit_39,395.76,202.26,6.5103,-4.5,212.06,:C1_0,1,98.53,593.32,0,-1
316,legit_40,998.4,694.9,13.2457,-0.2393,180.0,F4F3,1,108.02,571.79,0,-1
316,legit_41,201.6,643.41,13.4315,0.5196,0.0,B3B4,1,67.43,566.34,0,-1
316,legit_42,-1.6,448.16,13.0313,0.2538,180.0,A3A2,0,175.37,721.61,0,-1
316,legit_43,204.25,598.82,4.9074,2.5559,121.69,:B3_16,1,54.26,563.22,0,-1
316,legit_45,554.97,-1.6,12.3358,-0.8481,90.0,C0D0,0,160.64,708.32,0,-1
316,legit_46,263.01,198.4,13.812,0.6638,90.0,B1C1,1,137.54,643.99,0,-1
316,legit_47,815.89,1001.6,11.5334,-2.1436,270.0,F5E5,1,102.41,598.88,0,-1
316,legit_48,114.17,-1.6,13.7206,0.753,90.0,A0B0,0,126.77,845.38,0,-1
316,legit_49,998.4,780.64,5.8702,1.5193,180.0,F4F3,1,78.65,587.29,0,-1
316,legit_50,374.93,998.4,13.0904,-0.215,90.0,B5C5,1,110.88,599.97,0,-1
316,legit_51,798.4,102.7,12.3703,1.2485,180.0,E1E0,0,51.4,652.4,0,-1
316,legit_52,798.4,965.97,8.7481,2.225,180.0,E5E4,1,123.87,574.84,0,-1
317,legit_27,798.4,490.54,12.6107,0.2719,180.0,E3E2,0,119.68,487.84,0,-1
317,legit_34,330.89,1001.6,12.4089,-0.1127,270.0,C5B5,1,142.6,616.76,0,-1
317,legit_35,768.64,801.6,9.4662,1.6491,270.0,E4D4,0,42.69,499.13,0,-1
317,legit_37,376.08,798.4,12.526,0.079,90.0,B4C4,0,84.82,515.08,0,-1
317,legit_38,1001.6,73.82,12.9144,0.1549,0.0,F0F1,0,66.9,748.45,0,-1
317,legit_39,390.06,201.6,5.8166,-0.6936,266.33,C1B1,1,101.25,595.35,0,-1
317,legit_40,998.4,681.14,13.7602,0.5144,180.0,F4F3,1,96.15,570.03,0,-1
317,legit_41,201.6,656.37,12.9607,-0.4708,0.0,B3B4,1,76.42,567.41,0,-1
317,legit_42,-1.6,434.39,13.7734,0.7421,180.0,A3A2,0,168.87,724.22,0,-1
317,legit_43,210.61,598.4,6.3914,1.484,92.58,B3C3,1,60.63,559.85,0,-1
317,legit_45,567.47,-1.6,12.4976,0.1617,90.0,C0D0,0,169.07,707.78,0,-1
317,legit_46,276.77,198.4,13.753,-0.059,90.0,B1C1,1,149.05,638.09,0,-1
317,legit_47,808.22,1001.6,7.6647,-3.8686,270.0,F5E5,1,97.65,596.59,0,-1
317,legit_48,127.24,-1.6,13.068,-0.6526,90.0,A0B0,0,123.71,838.19,0,-1
317,legit_49,998.4,772.72,7.9172,2.0471,180.0,F4F3,1,84.79,585.53,0,-1
317,legit_50,385.26,998.4,10.3319,-2.7585,90.0,B5C5,1,104.16,596.78,0,-1
317,legit_51,798.4,90.39,12.3091,-0.0612,180.0,E1E0,0,56.74,661.01,0,-1
317,legit_52,798.4,954.94,11.0338,2.2857,180.0,E5E4,1,124.71,569.23,0,-1
318,legit_27,798.4,478.6,11.935,-0.6757,180.0,E3E2,0,128.1,489.84,0,-1
318,legit_34,318.78,1001.6,12.1141,-0.2947,270.0,C5B5,1,152.86,621.27,0,-1
318,legit_35,757.84,801.6,10.8027,1.3365,270.0,E4D4,1,39.19,496.46,0,-1
318,legit_37,389.43,798.4,13.3484,0.8224,90.0,B4C4,0,73.48,510.62,0,-1
318,legit_38,1001.6,87.1,13.2825,0.3681,0.0,F0F1,0,58.52,739.47,0,-1
318,legit_39,382.46,201.6,7.5945,1.7779,270.0,C1B1,1,105.92,597.63,0,-1
318,legit_40,998.4,667.88,13.2553,-0.5049,180.0,F4F3,1,85.27,568.54,0,-1
318,legit_41,201.6,670.2,13.8233,0.8626,0.0,B3B4,1,87.12,568.78,0,-1
318,legit_42,-1.6,421.45,12.9325,-0.8409,180.0,A3A2,0,163.58,726.87,0,-1
318,legit_43,218.42,598.4,7.803,1.4115,90.0,B3C3,1,68.43,555.77,0,-1
318,legit_45,579.93,-1.6,12.4635,-0.0341,90.0,C0D0,0,177.95,707.42,0,-1
318,legit_46,290.28,198.4,13.5158,-0.2372,90.0,B1C1,1,160.7,632.48,0,-1
318,legit_47,804.79,1001.26,3.462,-4.2027,266.04,:E5_1,1,95.93,595.41,0,-1
318,legit_48,140.87,-1.6,13.6292,0.5612,90.0,A0B0,0,121.94,830.89,0,-1
318,legit_49,998.4,762.49,10.2303,2.313,180.0,F4F3,1,93.11,583.35,0,-1
318,legit_50,391.59,998.4,6.3324,-3.9995,90.0,B5C5,1,100.35,594.89,0,-1
318,legit_51,798.4,78.65,11.7377,-0.5714,180.0,E1E0,0,63.66,669.42,0,-1
318,legit_52,798.4,943.55,11.3914,0.3576,180.0,E5E4,2,114.3,563.58,0,-1
318,legit_53,-1.6,187.7,0.0,0.0,180.0,A1A0,0,166.03,808.25,0,-1
319,legit_27,798.4,465.99,12.6103,0.6752,180.0,E3E2,0,116.52,492.14,0,-1
319,legit_34,306.04,1001.6,12.7393,0.6252,270.0,C5B5,1,163.93,626.18,0,-1
319,legit_35,745.59,801.6,12.2537,1.451,270.0,E4D4,1,38.65,493.76,0,-1
319,legit_38,1001.6,99.7,12.5987,-0.6838,0.0,F0F1,0,52.48,731.16,0,-1
319,legit_39,373.45,201.6,9.0113,1.4168,270.0,C1B1,1,111.89,600.44,0,-1
319,legit_40,998.4,654.35,13.5278,0.2725,180.0,F4F3,1,74.94,567.23,0,-1
319,legit_41,201.6,683.28,13.0819,-0.7415,0.0,B3B4,1,97.97,570.29,0,-1
319,legit_42,-1.6,407.88,13.5716,0.6391,180.0,A3A2,0,158.98,729.86,0,-1
319,legit_43,228.6,598.4,10.189,2.3861,90.0,B3C3,1,78.62,550.53,0,-1
319,legit_45,589.04,-1.6,9.1108,-3.3527,90.0,C0D0,0,184.71,707.26,0,-1
319,legit_46,303.4,198.4,13.1167,-0.3992,90.0,B1C1,1,166.25,627.22,0,-1
319,legit_47,800.22,998.76,5.4091,1.9471,239.68,:E5_9,1,95.51,592.73,0,-1
319,legit_48,154.37,-1.6,13.5026,-0.1266,90.0,A0B0,0,121.68,823.87,0,-1
319,legit_49,998.4,750.48,12.0127,1.7824,180.0,F4F3,1,103.33,580.94,0,-1
319,legit_50,396.78,997.13,5.4661,-0.8663,105.03,:C5_6,1,98.49,592.7,0,-1
319,legit_51,798.4,66.65,12.0067,0.269,180.0,E1E0,0,72.03,678.19,0,-1
319,legit_52,798.4,932.67,10.8813,-0.5101,180.0,E5E4,2,104.54,558.3,0,-1
319,legit_53,-1.6,185.63,2.0679,2.0679,180.0,A1A0,0,165.2,809.23,0,-1
320,legit_27,798.4,454.26,11.7323,-0.8779,180.0,E3E2,0,105.96,494.43,0,-1
320,legit_34,293.77,1001.6,12.2642,-0.4751,270.0,C5B5,1,163.76,631.06,0,-1
320,legit_35,732.42,801.6,13.1722,0.9185,270.0,E4D4,1,42.23,491.26,0,-1
320,legit_38,1001.6,113.28,13.5762,0.9775,0.0,F0F1,0,48.86,722.48,0,-1
320,legit_39,362.27,201.6,11.1794,2.168,270.0,C1B1,1,119.81,604.06,0,-1
320,legit_40,998.4,641.51,12.8432,-0.6846,180.0,F4F3,1,66.22,566.2,0,-1
320,legit_41,201.6,697.11,13.8345,0.7526,0.0,B3B4,1,109.97,572.09,0,-1
320,legit_42,-1.6,395.26,12.626,-0.9456,180.0,:A2_0,0,155.65,732.84,0,-1
320,legit_43,240.77,598.4,12.1629,1.9739,90.0,B3C3,1,90.78,544.41,0,-1
320,legit_45,593.96,-1.43,4.9305,-4.1802,88.1,:D0_7,0,188.33,707.08,0,-1
320,legit_46,316.41,198.4,13.0156,-0.101,90.0,B1C1,1,154.89,622.17,0,-1
320,legit_47,798.4,991.54,7.6155,2.2064,186.08,E5E4,1,100.84,588.3,0,-1
320,legit_48,168.1,-1.6,13.7286,0.226,90.0,A0B0,0,122.94,816.95,0,-1
320,legit_49,998.4,737.54,12.9367,0.924,180.0,F4F3,1,114.72,578.52,0,-1
320,legit_50,398.4,991.98,5.5922,0.1261,165.46,C5C4,1,102.03,589.44,0,-1
320,legit_51,798.4,54.32,12.3313,0.3246,180.0,E1E0,0,81.59,687.36,0,-1
320,legit_52,798.4,921.19,11.4767,0.5954,180.0,E5E4,2,94.52,552.87,0,-1
320,legit_53,-1.6,181.09,4.5414,2.4735,180.0,A1A0,0,163.45,811.41,0,-1
321,legit_27,798.4,442.42,11.8416,0.1093,180.0,E3E2,0,95.58,496.91,0,-1
321,legit_34,281.03,1001.6,12.7384,0.4742,270.0,C5B5,1,152.7,636.3,0,-1
321,legit_35,719.21,801.6,13.2057,0.0335,270.0,E4D4,1,49.22,489.12,0,-1
321,legit_38,1001.6,126.77,13.4898,-0.0863,0.0,F0F1,0,48.87,714.16,0,-1
321,legit_39,349.77,201.6,12.5044,1.325,270.0,C1B1,1,129.25,608.29,0,-1
321,legit_40,998.4,628.69,12.8174,-0.0258,180.0,F4F3,1,59.04,565.41,0,-1
321,legit_41,201.6,710.81,13.6917,-0.1428,0.0,B3B4,1,122.23,574.08,0,-1
321,legit_42,-1.6,382.28,12.9804,0.3544,180.0,A2A1,0,153.23,736.1,0,-1
321,legit_43,253.56,598.4,12.7925,0.6296,90.0,B3C3,1,103.57,538.14,0,-1
321,legit_45,599.9,1.44,6.9115,1.9809,57.31,:D0_10,0,191.12,704.77,0,-1
321,legit_46,330.18,198.4,13.7694,0.7538,90.0,B1C1,1,143.19,617.02,0,-1
321,legit_47,798.4,982.46,9.0759,1.4604,180.0,E5E4,1,108.89,583.44,0,-1
321,legit_48,181.8,-1.6,13.7,-0.0285,90.0,A0B0,0,125.69,810.26,0,-1
321,legit_49,998.4,724.38,13.1606,0.2239,180.0,F4F3,1,126.61,576.24,0,-1
321,legit_50,398.4,984.28,7.7026,2.1104,180.0,C5C4,1,108.75,585.31,0,-1
321,legit_51,798.4,42.22,12.1,-0.2313,180.0,E1E0,0,91.61,696.48,0,-1
321,legit_52,798.4,909.86,11.3273,-0.1494,180.0,E5E4,2,84.99,547.66,0,-1
321,legit_53,-1.6,174.38,6.7097,2.1682,180.0,A1A0,0,161.06,814.67,0,-1
322,legit_27,798.4,430.08,12.3383,0.4967,180.0,E3E2,0,85.17,499.67,0,-1
322,legit_34,268.56,1001.6,12.4727,-0.2657,270.0,C5B5,1,142.14,641.59,0,-1
322,legit_35,706.25,801.6,12.9625,-0.2432,270.0,E4D4,1,58.21,487.32,0,-1
322,legit_38,1001.6,140.08,13.3105,-0.1794,0.0,F0F1,0,52.4,706.26,0,-1
322,legit_39,335.91,201.6,13.8598,1.3554,270.0,C1B1,1,140.27,613.19,0,-1
322,legit_40,998.4,615.26,13.4268,0.6094,180.0,F4F3,1,53.81,564.86,0,-1
322,legit_41,201.6,724.5,13.6968,0.0051,0.0,B3B4,1,126.5,576.26,0,-1
322,legit_42,-1.6,369.13,13.1466,0.1662,180.0,A2A1,0,151.87,739.61,0,-1
322,legit_43,265.88,598.4,12.3248,-0.4677,90.0,B3C3,1,115.9,532.25,0,-1
322,legit_45,601.6,8.22,7.1395,0.228,6.87,D0D1,0,185.79,699.38,0,-1
322,legit_46,343.02,198.4,12.834,-0.9354,90.0,B1C1,1,132.63,612.4,0,-1
322,legit_47,798.4,971.05,11.4112,2.3353,180.0,E5E4,1,119.22,577.46,0,-1
322,legit_48,194.48,-1.6,12.6759,-1.0241,90.0,:B0_6,0,129.48,804.26,0,-1
322,legit_49,998.4,711.2,13.1795,0.0189,180.0,F4F3,1,122.59,574.14,0,-1
322,legit_50,398.4,975.25,9.0258,1.3232,180.0,C5C4,1,116.77,580.55,0,-1
322,legit_51,798.4,30.69,11.5256,-0.5744,180.0,E1E0,0,101.58,705.29,0,-1
322,legit_52,798.4,899.27,10.5924,-0.7349,180.0,E5E4,2,76.52,542.92,0,-1
322,legit_53,-1.6,166.03,8.3518,1.6422,180.0,A1A0,0,158.43,818.8,0,-1
323,legit_27,798.4,417.6,12.4796,0.1413,180.0,E3E2,0,75.24,502.64,0,-1
323,legit_34,256.32,1001.6,12.2395,-0.2332,270.0,C5B5,1,132.1,646.93,0,-1
323,legit_35,693.1,801.6,13.1488,0.1863,270.0,E4D4,1,68.65,485.75,0,-1
323,legit_38,1001.6,153.72,13.6456,0.3352,0.0,F0F1,0,58.99,698.45,0,-1
323,legit_39,323.2,201.6,12.7086,-1.1512,270.0,C1B1,1,150.79,617.86,0,-1
323,legit_40,998.4,602.34,12.9253,-0.5015,180.0,:F3_1,1,51.65,564.64,0,-1
323,legit_41,201.6,737.33,12.8316,-0.8651,0.0,B3B4,0,114.9,578.48,0,-1
323,legit_42,-1.6,356.26,12.8661,-0.2805,180.0,A2A1,0,151.65,743.25,0,-1
323,legit_43,278.26,598.4,12.3744,0.0497,90.0,B3C3,0,128.27,526.5,0,-1
323,legit_45,601.6,16.83,8.6068,1.4673,0.0,D0D1,0,180.74,692.6,0,-1
323,legit_46,356.32,198.4,13.3052,0.4712,90.0,B1C1,1,122.16,607.81,0,-1
323,legit_47,798.4,957.44,13.6127,2.2015,180.0,E5E4,1,127.02,570.49,0,-1
323,legit_48,207.26,-1.6,12.7821,0.1062,90.0,B0C0,0,134.41,798.4,0,-1
323,legit_49,998.4,697.41,13.7914,0.6119,180.0,F4F3,1,110.24,572.13,0,-1
323,legit_50,398.4,964.05,11.1995,2.1738,180.0,C5C4,1,126.91,574.76,0,-1
323,legit_51,798.4,19.05,11.6386,0.113,180.0,E1E0,0,111.95,714.28,0,-1
323,legit_52,798.4,888.2,11.0695,0.4771,180.0,E5E4,2,68.31,538.12,0,-1
323,legit_53,-1.6,155.38,10.6509,2.2991,180.0,A1A0,0,155.67,824.16,0,-1
324,legit_34,244.05,1001.6,12.2722,0.0327,270.0,C5B5,0,122.44,652.45,0,-1
324,legit_35,679.55,801.6,13.5518,0.403,270.0,E4D4,2,80.24,484.38,0,-1
324,legit_38,1001.6,167.06,13.3396,-0.306,0.0,F0F1,0,67.51,691.07,0,-1
324,legit_39,310.01,201.6,13.1923,0.4838,270.0,C1B1,1,162.04,622.89,0,-1
324,legit_40,998.4,588.59,13.747,0.8217,180.0,F3F2,1,52.85,564.76,0,-1
324,legit_41,201.6,751.06,13.7259,0.8943,0.0,B3B4,0,102.82,581.05,0,-1
324,legit_42,-1.6,342.45,13.8143,0.9482,180.0,A2A1,0,152.61,747.37,0,-1
324,legit_43,290.41,598.4,12.153,-0.2214,90.0,B3C3,0,140.42,521.0,0,-1
324,legit_45,601.6,27.7,10.8729,2.2662,0.0,D0D1,0,174.76,684.12,0,-1
324,legit_46,370.04,198.4,13.7175,0.4123,90.0,B1C1,1,111.98,603.28,0,-1
324,legit_47,798.4,943.78,13.6533,0.0406,180.0,E5E4,1,114.51,563.69,0,-1
324,legit_48,220.61,-1.6,13.3527,0.5707,90.0,B0C0,0,140.62,792.46,0,-1
324,legit_49,998.4,683.79,13.6254,-0.166,180.0,F4F3,1,98.4,570.35,0,-1
324,legit_50,398.4,950.58,13.4696,2.2701,180.0,C5C4,0,122.03,567.96,0,-1
324,legit_51,798.4,11.21,7.8451,-3.7935,180.0,E1E0,0,119.07,720.4,0,-1
324,legit_52,798.4,876.99,11.2045,0.135,180.0,E5E4,2,60.92,533.42,0,-1
324,legit_53,-1.6,143.58,11.7999,1.149,180.0,A1A0,0,153.42,830.24,0,-1
324,legit_54,601.6,812.3,0.0,0.0,0.0,D4D5,1,150.96,484.0,0,-1
325,legit_34,231.46,1001.6,12.5935,0.3213,270.0,C5B5,0,113.06,658.29,0,-1
325,legit_35,666.52,801.6,13.0282,-0.5236,270.0,E4D4,2,91.89,483.28,0,-1
325,legit_38,1001.6,180.42,13.3582,0.0186,0.0,F0F1,0,77.42,683.88,0,-1
325,legit_39,296.88,201.6,13.1257,-0.0667,270.0,C1B1,1,168.02,628.08,0,-1
325,legit_40,998.4,574.83,13.7604,0.0133,180.0,F3F2,1,57.41,565.23,0,-1
325,legit_41,201.6,764.39,13.3272,-0.3987,0.0,B3B4,0,91.54,583.74,0,-1
325,legit_42,-1.6,329.32,13.1316,-0.6828,180.0,A2A1,0,154.67,751.5,0,-1
325,legit_43,302.82,598.4,12.4117,0.2587,90.0,B3C3,0,147.18,515.54,0,-1
325,legit_45,601.6,39.93,12.2343,1.3613,0.0,D0D1,0,168.62,674.71,0,-1
325,legit_46,380.86,198.4,10.8226,-2.8949,90.0,B1C1,1,104.53,599.88,0,-1
325,legit_47,798.4,930.21,13.57,-0.0833,180.0,E5E4,1,102.38,557.13,0,-1
325,legit_48,233.8,-1.6,13.1855,-0.1672,90.0,B0C0,0,147.68,786.79,0,-1
325,legit_49,998.4,670.69,13.1,-0.5254,180.0,F4F3,1,87.52,568.84,0,-1
325,legit_50,398.4,937.07,13.5108,0.0412,180.0,C5C4,0,109.93,561.34,0,-1
325,legit_51,798.66,5.36,5.867,-1.9781,176.98,:E0_1,0,124.54,725.05,0,-1
325,legit_52,798.4,865.44,11.5507,0.3461,180.0,E5E4,2,54.68,528.78,0,-1
325,legit_53,-1.6,132.07,11.5067,-0.2932,180.0,A1A0,0,152.08,836.31,0,-1
325,legit_54,601.6,814.2,1.9008,1.9008,0.0,D4D5,1,150.63,484.59,0,-1
326,legit_34,218.78,1001.6,12.6732,0.0797,270.0,C5B5,0,104.3,664.35,0,-1
326,legit_35,653.97,801.6,12.551,-0.4772,270.0,E4D4,1,103.42,482.42,0,-1
326,legit_38,1001.6,193.47,13.0437,-0.3144,0.0,:F1_3,0,87.98,677.04,0,-1
326,legit_39,283.81,201.6,13.0716,-0.0541,270.0,C1B1,1,156.73,633.42,0,-1
326,legit_40,998.4,562.21,12.6252,-1.1352,180.0,F3F2,1,63.96,565.94,0,-1
326,legit_41,201.6,776.96,12.5677,-0.7595,0.0,B3B4,0,81.47,586.46,0,-1
326,legit_42,-1.6,315.77,13.5492,0.4176,180.0,A2A1,0,157.92,755.98,0,-1
326,legit_43,315.16,598.4,12.3364,-0.0753,90.0,B3C3,0,134.85,510.28,0,-1
326,legit_45,601.6,53.45,13.5187,1.2844,0.0,D0D1,0,162.64,664.47,0,-1
326,legit_46,388.0,198.4,7.1373,-3.6854,90.0,B1C1,1,99.95,597.71,0,-1
326,legit_47,798.4,917.09,13.1189,-0.4511,180.0,E5E4,1,91.03,550.97,0,-1
326,legit_48,247.24,-1.6,13.4472,0.2616,90.0,B0C0,0,155.7,781.19,0,-1
326,legit_49,998.4,657.58,13.1051,0.0051,180.0,F4F3,1,77.32,567.52,0,-1
326,legit_50,398.4,923.76,13.3067,-0.2041,180.0,C5C4,0,98.38,555.01,0,-1
326,legit_51,801.14,0.28,5.8617,-0.0053,150.91,:E0_1,0,130.19,729.66,0,-1
326,legit_52,798.4,854.45,10.996,-0.5547,180.0,E5E4,1,50.51,524.58,0,-1
326,legit_53,-1.6,119.47,12.6012,1.0945,180.0,A1A0,0,151.6,843.11,0,-1
326,legit_54,601.6,817.46,3.2562,1.3554,0.0,D4D5,1,150.1,485.61,0,-1
327,legit_34,209.61,1001.6,9.1733,-3.4999,270.0,C5B5,0,98.49,668.85,0,-1
327,legit_35,640.5,801.6,13.4717,0.9207,270.0,E4D4,1,116.04,481.7,0,-1
327,legit_38,1001.6,207.01,13.5446,0.5008,0.0,:F1_3,0,99.57,670.12,0,-1
327,legit_39,270.44,201.6,13.3658,0.2942,270.0,C1B1,1,145.48,639.07,0,-1
327,legit_40,998.4,549.12,13.0898,0.4646,180.0,F3F2,1,72.47,566.93,0,-1
327,legit_41,201.6,786.19,9.2307,-3.337,0.0,B3B4,0,74.56,588.58,0,-1
327,legit_42,-1.6,302.01,13.76,0.2108,180.0,A2A1,0,162.31,760.74,0,-1
327,legit_43,327.77,598.4,12.6138,0.2774,90.0,B3C3,0,122.24,505.06,0,-1
327,legit_45,601.6,66.26,12.8043,-0.7144,0.0,D0D1,0,157.83,654.94,0,-1
327,legit_46,392.09,198.4,4.0897,-3.0476,90.0,B1C1,1,97.47,596.5,0,-1
327,legit_47,798.4,903.68,13.4146,0.2957,180.0,E5E4,1,79.98,544.88,0,-1
327,legit_48,260.71,-1.6,13.4617,0.0145,90.0,B0C0,0,164.45,775.78,0,-1
327,legit_49,998.4,644.87,12.7123,-0.3929,180.0,F4F3,1,68.38,566.45,0,-1
327,legit_50,398.4,910.29,13.4758,0.1691,180.0,C5C4,0,87.2,548.8,0,-1
327,legit_51,807.85,-1.6,7.1146,1.2529,99.16,E0F0,0,134.66,732.82,0,-1
327,legit_52,798.4,843.92,10.5241,-0.4719,180.0,E5E4,1,48.56,520.77,0,-1
327,legit_53,-1.6,107.47,11.9975,-0.6037,180.0,A1A0,0,152.12,849.73,0,-1
327,legit_54,601.6,822.15,4.696,1.4399,0.0,D4D5,1,149.47,487.12,0,-1
328,legit_34,204.79,1001.26,4.8504,-4.3229,266.03,:B5_1,0,95.93,671.08,0,-1
328,legit_35,626.83,801.6,13.6683,0.1966,270.0,E4D4,1,129.02,481.18,0,-1
328,legit_38,1001.6,219.94,12.9348,-0.6097,0.0,F1F2,0,111.05,663.67,0,-1
328,legit_39,257.2,201.6,13.2388,-0.127,270.0,C1B1,1,134.73,644.84,0,-1
328,legit_40,998.4,535.76,13.3592,0.2694,180.0,F3F2,1,82.4,568.16,0,-1
328,legit_41,201.6,792.17,5.9862,-3.2445,0.0,B3B4,0,70.36,590.01,0,-1
328,legit_42,-1.6,289.09,12.9177,-0.8423,180.0,A2A1,0,167.36,765.41,0,-1
328,legit_43,340.06,598.4,12.2833,-0.3305,90.0,B3C3,0,109.95,500.14,0,-1
328,legit_45,601.6,79.16,12.9017,0.0974,0.0,D0D1,0,153.92,645.53,0,-1
328,legit_46,398.38,198.4,6.2922,2.2025,90.0,:C1_13,1,93.87,594.69,0,-1
328,legit_47,798.4,890.71,12.9682,-0.4464,180.0,E5E4,1,70.1,539.19,0,-1
328,legit_48,274.57,-1.6,13.8635,0.4018,90.0,B0C0,0,174.08,770.4,0,-1
328,legit_49,998.4,631.09,13.7834,1.0712,180.0,F4F3,1,60.24,565.54,0,-1
328,legit_50,398.4,896.82,13.4665,-0.0093,180.0,C5C4,0,76.75,542.8,0,-1
328,legit_51,816.4,-1.6,8.5554,1.4408,90.0,E0F0,0,138.55,735.04,0,-1
328,legit_52,798.4,832.91,11.016,0.4919,180.0,E5E4,1,48.92,517.02,0,-1
328,legit_53,-1.6,95.56,11.9143,-0.0832,180.0,A1A0,0,153.56,856.46,0,-1
328,legit_54,601.6,828.38,6.2258,1.5298,0.0,D4D5,1,148.85,489.16,0,-1
329,legit_34,199.35,997.31,7.0999,2.2495,225.35,:B5_9,0,96.29,671.82,0,-1
329,legit_35,613.59,801.6,13.2427,-0.4255,270.0,E4D4,1,141.72,480.88,0,-1
329,legit_38,1001.6,233.75,13.8037,0.8689,0.0,F1F2,0,123.62,656.96,0,-1
329,legit_39,243.47,201.6,13.7377,0.4989,270.0,C1B1,0,124.07,651.03,0,-1
329,legit_40,998.4,522.65,13.1043,-0.2549,180.0,F3F2,1,92.98,569.58,0,-1
329,legit_41,200.36,794.22,2.5547,-3.4316,344.62,:B4_19,0,68.06,591.17,0,-1
329,legit_42,-1.6,275.54,13.5551,0.6374,180.0,A2A1,0,173.54,770.5,0,-1
329,legit_43,352.36,598.4,12.3036,0.0203,90.0,B3C3,0,97.65,495.38,0,-1
329,legit_45,601.6,91.61,12.4467,-0.4551,0.0,D0D1,0,151.09,636.63,0,-1
329,legit_46,406.11,198.4,7.7302,1.4381,90.0,:C1_13,0,89.85,592.53,0,-1
329,legit_47,798.4,878.0,12.7122,-0.256,180.0,E5E4,1,61.53,533.84,0,-1
329,legit_48,287.74,-1.6,13.1727,-0.6908,90.0,B0C0,0,183.74,765.47,0,-1
329,legit_49,998.4,618.43,12.6558,-1.1276,180.0,F4F3,1,54.79,564.96,0,-1
329,legit_50,398.4,883.41,13.4119,-0.0546,180.0,C5C4,0,67.43,537.06,0,-1
329,legit_51,827.26,-1.6,10.8578,2.3024,90.0,E0F0,0,144.07,737.98,0,-1
329,legit_52,798.4,821.57,11.3384,0.3223,180.0,E5E4,1,51.79,513.42,0,-1
329,legit_53,-1.6,82.79,12.7727,0.8584,180.0,A1A0,0,156.1,863.82,0,-1
329,legit_54,601.6,836.69,8.3127,2.0869,0.0,D4D5,1,148.44,491.99,0,-1
330,legit_34,198.4,990.29,7.1648,0.0649,184.06,B5B4,0,101.93,668.76,0,-1
330,legit_38,1001.6,247.27,13.5256,-0.2781,0.0,F1F2,0,122.68,650.56,0,-1
330,legit_39,230.28,201.6,13.1822,-0.5555,270.0,C1B1,0,114.47,657.17,0,-1
330,legit_40,998.4,509.26,13.3938,0.2895,180.0,F3F2,1,104.39,571.24,0,-1
330,legit_41,198.43,792.84,2.6966,0.142,277.45,:B4_19,0,67.6,591.88,0,-1
330,legit_42,-1.6,262.02,13.5132,-0.0419,180.0,A2A1,0,180.5,775.78,0,-1
330,legit_43,365.45,598.4,13.0929,0.7893,90.0,B3C3,0,84.56,490.49,0,-1
330,legit_45,601.6,103.9,12.2913,-0.1553,0.0,D0D1,0,149.27,628.02,0,-1
330,legit_46,416.19,198.4,10.0779,2.3477,90.0,C1D1,0,85.38,589.86,0,-1
330,legit_47,798.4,864.27,13.7267,1.0145,180.0,E5E4,1,54.14,528.33,0,-1
330,legit_48,300.98,-1.6,13.2365,0.0638,90.0,B0C0,0,192.34,760.69,0,-1
330,legit_49,998.4,607.87,10.5585,-2.0973,180.0,F4F3,1,52.2,564.7,0,-1
330,legit_50,398.4,870.69,12.724,-0.6879,180.0,C5C4,0,60.03,531.85,0,-1
330,legit_51,838.39,-1.6,11.1357,0.2779,90.0,E0F0,0,150.33,741.14,0,-1
330,legit_52,798.4,810.55,11.0226,-0.3157,180.0,E5E4,1,56.66,510.14,0,-1
330,legit_53,-1.6,70.11,12.6718,-0.1009,180.0,A1A0,0,159.6,871.27,0,-1
330,legit_54,601.6,846.34,9.6513,1.3386,0.0,D4D5,0,148.54,495.4,0,-1
330,legit_55,-1.6,991.7,0.0,0.0,180.0,A5A4,0,175.44,798.67,0,-1
331,legit_34,198.4,980.73,9.5598,2.3949,180.0,B5B4,0,110.44,664.01,0,-1
331,legit_38,1001.6,260.69,13.4179,-0.1078,0.0,F1F2,0,110.47,644.39,0,-1
331,legit_39,216.84,201.6,13.4409,0.2588,270.0,C1B1,0,105.48,663.63,0,-1
331,legit_40,998.4,496.26,13.0044,-0.3893,180.0,F3F2,1,115.87,573.03,0,-1
331,legit_41,198.4,789.29,3.5554,0.8587,190.12,B4B3,0,70.1,591.04,0,-1
331,legit_42,-1.6,248.45,13.5753,0.0621,180.0,A2A1,0,188.22,781.28,0,-1
331,legit_43,378.26,598.4,12.8091,-0.2837,90.0,B3C3,0,71.75,485.88,0,-1
331,legit_45,601.6,117.13,13.2283,0.937,0.0,D0D1,0,148.43,618.97,0,-1
331,legit_46,428.58,198.4,12.3941,2.3162,90.0,C1D1,0,81.27,586.78,0,-1
331,legit_47,798.4,851.35,12.9214,-0.8052,180.0,E5E4,1,49.71,523.44,0,-1
331,legit_48,314.49,-1.6,13.507,0.2705,90.0,B0C0,0,182.07,756.0,0,-1
331,legit_49,996.18,602.51,6.1459,-4.4127,207.02,:F3_0,1,53.88,563.46,0,-1
331,legit_50,398.4,857.75,12.9323,0.2082,180.0,C5C4,0,54.57,526.83,0,-1
331,legit_51,850.36,-1.6,11.9618,0.8262,90.0,E0F0,0,157.66,744.69,0,-1
331,legit_52,798.4,799.82,10.7229,-0.2997,180.0,:E4_1,1,62.9,507.15,0,-1
331,legit_53,-1.6,58.39,11.7289,-0.9429,180.0,A1A0,0,163.64,878.3,0,-1
331,legit_54,601.6,858.56,12.2204,2.5691,0.0,D4D5,0,149.56,499.92,0,-1
331,legit_55,-1.6,989.18,2.5225,2.5225,180.0,A5A4,0,176.72,797.53,0,-1
332,legit_34,198.4,969.75,10.9892,1.4295,180.0,B5B4,0,120.41,658.64,0,-1
332,legit_38,1001.6,274.07,13.381,-0.0369,0.0,F1F2,0,98.62,638.4,0,-1
332,legit_40,998.4,483.0,13.2525,0.2481,180.0,F3F2,1,127.87,575.04,0,-1
332,legit_41,198.4,784.15,5.143,1.5877,180.0,B4B3,0,73.91,589.84,0,-1
332,legit_42,-1.6,235.46,12.9899,-0.5854,180.0,A2A1,0,190.56,786.72,0,-1
332,legit_43,387.12,598.4,8.8543,-3.9549,90.0,B3C3,0,62.9,482.81,0,-1
332,legit_45,601.6,129.82,12.6959,-0.5324,0.0,D0D1,0,148.72,610.49,0,-1
332,legit_46,442.43,198.4,13.8483,1.4542,90.0,C1D1,0,78.76,583.64,0,-1
332,legit_47,798.4,837.65,13.698,0.7766,180.0,E5E4,1,48.46,518.61,0,-1
332,legit_48,327.85,-1.6,13.3671,-0.1399,90.0,B0C0,0,172.36,751.54,0,-1
332,legit_49,990.1,601.6,6.2567,0.1109,266.26,F3E3,1,59.92,560.23,0,-1
332,legit_50,398.4,844.7,13.0525,0.1203,180.0,C5C4,0,51.81,522.06,0,-1
332,legit_51,862.06,-1.6,11.7013,-0.2606,90.0,E0F0,0,165.36,748.31,0,-1
332,legit_52,798.4,788.25,11.5768,0.8539,180.0,E4E3,1,70.86,504.11,0,-1
332,legit_53,-1.6,46.73,11.6549,-0.074,180.0,A1A0,0,168.38,885.41,0,-1
332,legit_54,601.6,871.93,13.3717,1.1513,0.0,D4D5,0,151.8,505.12,0,-1
332,legit_55,-1.6,984.96,4.2211,1.6986,180.0,A5A4,0,178.93,795.63,0,-1
333,legit_34,198.4,956.76,12.9821,1.9929,180.0,B5B4,0,126.4,652.46,0,-1
333,legit_38,1001.6,287.16,13.0831,-0.2979,0.0,F1F2,0,87.46,632.72,0,-1
333,legit_40,998.4,470.02,12.9869,-0.2657,180.0,F3F2,1,121.52,577.19,0,-1
333,legit_41,198.4,777.24,6.9079,1.7649,180.0,B4B3,0,79.25,588.27,0,-1
333,legit_42,-1.6,222.13,13.3305,0.3407,180.0,A2A1,0,182.79,792.49,0,-1
333,legit_43,391.47,598.4,4.3543,-4.5,90.0,B3C3,0,58.55,481.33,0,-1
333,legit_45,601.6,142.77,12.9441,0.2481,0.0,D0D1,0,150.14,602.06,0,-1
333,legit_46,455.27,198.4,12.8365,-1.0118,90.0,C1D1,0,78.58,581.03,0,-1
333,legit_47,798.4,824.04,13.6115,-0.0866,180.0,E5E4,1,50.96,514.18,0,-1
333,legit_48,341.29,-1.6,13.4334,0.0664,90.0,B0C0,0,163.11,747.26,0,-1
333,legit_49,982.31,601.6,7.7874,1.5306,270.0,F3E3,1,67.71,556.14,0,-1
333,legit_50,398.4,831.65,13.0482,-0.0044,180.0,C5C4,0,52.27,517.63,0,-1
333,legit_51,873.63,-1.6,11.5689,-0.1324,90.0,E0F0,0,173.41,752.03,0,-1
333,legit_52,798.4,777.58,10.6656,-0.9112,180.0,E4E3,1,78.98,501.47,0,-1
333,legit_53,-1.6,34.79,11.9393,0.2844,180.0,A1A0,0,173.91,892.81,0,-1
333,legit_54,601.6,885.36,13.4271,0.0554,0.0,D4D5,0,155.18,510.61,0,-1
333,legit_55,-1.6,978.18,6.7758,2.5547,180.0,A5A4,0,182.62,792.63,0,-1
334,legit_34,198.4,944.74,12.0266,-0.9555,180.0,B5B4,0,115.38,646.87,0,-1
334,legit_38,1001.6,299.75,12.5909,-0.4923,0.0,F1F2,0,77.29,627.42,0,-1
334,legit_40,998.4,456.37,13.65,0.6631,180.0,F3F2,1,109.31,579.64,0,-1
334,legit_41,198.4,767.92,9.3212,2.4133,180.0,B4B3,0,86.82,586.24,0,-1
334,legit_42,-1.6,209.16,12.9723,-0.3582,180.0,A2A1,0,175.87,798.28,0,-1
334,legit_43,397.28,598.4,5.8061,1.4518,90.0,:C3_13,0,52.75,479.39,0,-1
334,legit_45,601.6,155.86,13.0964,0.1524,0.0,D0D1,1,152.67,593.75,0,-1
334,legit_46,468.21,198.4,12.9388,0.1023,90.0,C1D1,1,80.49,578.68,0,-1
334,legit_47,798.4,810.48,13.5656,-0.0459,180.0,E5E4,1,56.69,510.12,0,-1
334,legit_48,354.19,-1.6,12.9031,-0.5304,90.0,B0C0,0,154.81,743.32,0,-1
334,legit_49,971.98,601.6,10.3331,2.5458,270.0,F3E3,1,78.04,550.82,0,-1
334,legit_50,398.4,817.87,13.7784,0.7303,180.0,C5C4,0,56.14,513.31,0,-1
334,legit_51,884.75,-1.6,11.1237,-0.4452,90.0,E0F0,0,181.51,755.74,0,-1
334,legit_52,798.4,766.09,11.4966,0.831,180.0,E4E3,1,88.35,498.79,0,-1
334,legit_53,-1.6,22.87,11.9166,-0.0227,180.0,A1A0,0,180.04,900.31,0,-1
334,legit_54,601.6,898.85,13.4895,0.0624,0.0,D4D5,0,159.64,516.39,0,-1
334,legit_55,-1.6,968.91,9.2749,2.4991,180.0,A5A4,0,187.95,788.59,0,-1
335,legit_34,198.4,931.96,12.773,0.7464,180.0,B5B4,0,103.92,641.08,0,-1
335,legit_38,1001.6,313.25,13.5036,0.9127,0.0,F1F2,1,67.29,621.94,0,-1
335,legit_40,998.4,443.55,12.8191,-0.8309,180.0,F3F2,1,98.2,582.12,0,-1
335,legit_41,198.4,756.5,11.4199,2.0987,180.0,B4B3,0,96.51,583.89,0,-1
335,legit_43,404.89,598.4,7.6148,1.8088,90.0,:C3_13,0,45.14,476.9,0,-1
335,legit_45,601.6,168.47,12.61,-0.4864,0.0,D0D1,1,156.12,585.97,0,-1
335,legit_46,481.62,198.4,13.4104,0.4716,90.0,C1D1,1,84.54,576.54,0,-1
335,legit_47,798.4,797.04,13.4315,-0.1341,180.0,:E4_1,1,64.71,506.4,0,-1
335,legit_48,367.21,-1.6,13.0226,0.1195,90.0,B0C0,0,147.11,739.53,0,-1
335,legit_49,959.54,601.6,12.4438,2.1106,270.0,F3E3,0,90.48,544.56,0,-1
335,legit_50,398.4,805.19,12.6862,-1.0923,180.0,:C4_1,0,62.24,509.62,0,-1
335,legit_51,896.89,-1.6,12.1419,1.0183,90.0,E0F0,0,190.69,759.94,0,-1
335,legit_52,798.4,755.39,10.6962,-0.8004,180.0,E4E3,1,97.48,496.44,0,-1
335,legit_53,-1.6,11.27,11.6075,-0.3091,180.0,A1A0,0,186.56,907.72,0,-1
335,legit_54,601.6,912.33,13.4783,-0.0111,0.0,D4D5,0,165.09,522.41,0,-1
335,legit_55,-1.6,957.34,11.5612,2.2862,180.0,A5A4,0,191.71,783.68,0,-1
336,legit_34,198.4,919.82,12.1395,-0.6335,180.0,B5B4,0,93.35,635.73,0,-1
336,legit_38,1001.6,325.92,12.6715,-0.8321,0.0,F1F2,1,59.19,617.02,0,-1
336,legit_40,998.4,430.36,13.1866,0.3675,180.0,F3F2,1,87.25,584.86,0,-1
336,legit_41,198.4,742.64,13.8615,2.4416,180.0,B4B3,0,108.73,581.22,0,-1
336,legit_43,414.55,598.4,9.6606,2.0458,90.0,C3D3,0,35.48,473.83,0,-1
336,legit_45,601.6,181.06,12.5919,-0.0181,0.0,D0D1,1,160.47,578.4,0,-1
336,legit_46,494.4,198.4,12.7789,-0.6315,90.0,C1D1,1,90.1,574.77,0,-1
336,legit_47,798.4,784.11,12.9328,-0.4987,180.0,E4E3,1,73.93,503.07,0,-1
336,legit_48,381.1,-1.6,13.886,0.8634,90.0,B0C0,0,139.76,735.71,0,-1
336,legit_49,946.73,601.6,12.8013,0.3575,270.0,F3E3,0,103.28,538.28,0,-1
336,legit_50,398.4,792.6,12.5908,-0.0953,180.0,C4C3,0,70.07,506.22,0,-1
336,legit_51,908.25,-1.6,11.3596,-0.7823,90.0,E0F0,0,186.76,764.0,0,-1
336,legit_52,798.4,744.14,11.2497,0.5535,180.0,E4E3,1,107.39,494.11,0,-1
336,legit_53,-1.6,3.71,7.5578,-4.0498,180.0,A1A0,0,191.07,912.6,0,-1
336,legit_54,601.6,925.95,13.6241,0.1458,0.0,D4D5,0,171.5,528.76,0,-1
336,legit_55,-1.6,943.87,13.4774,1.9162,180.0,A5A4,0,183.77,778.14,0,-1
336,legit_56,-1.6,587.7,0.0,0.0,180.0,A3A2,0,152.1,707.72,0,-1
337,legit_34,198.4,907.43,12.3988,0.2593,180.0,B5B4,0,83.0,630.42,0,-1
337,legit_38,1001.6,339.53,13.6042,0.9328,0.0,F1F2,1,52.55,611.99,0,-1
337,legit_40,998.4,418.16,12.2035,-0.9831,180.0,F3F2,1,77.75,587.57,0,-1
337,legit_41,198.4,729.35,13.2834,-0.578,180.0,B4B3,0,120.77,578.86,0,-1
337,legit_43,426.35,598.4,11.7948,2.1342,90.0,C3D3,0,23.71,470.24,0,-1
337,legit_45,601.6,190.94,9.8763,-2.7157,0.0,D0D1,1,164.48,572.61,0,-1
337,legit_46,508.21,198.4,13.8101,1.0313,90.0,C1D1,1,97.65,573.13,0,-1
337,legit_47,798.4,771.35,12.7643,-0.1685,180.0,E4E3,1,84.0,500.0,0,-1
337,legit_48,393.83,-1.6,12.7268,-1.1591,90.0,:C0_6,0,133.95,732.4,0,-1
337,legit_49,933.16,601.6,13.5706,0.7693,270.0,F3E3,0,116.85,531.8,0,-1
337,legit_50,398.4,779.4,13.196,0.6051,180.0,C4C3,0,79.59,502.89,0,-1
337,legit_51,919.39,-1.6,11.1404,-0.2192,90.0,E0F0,0,178.45,768.11,0,-1
337,legit_52,798.4,733.22,10.9223,-0.3274,180.0,E4E3,1,117.24,491.99,0,-1
337,legit_53,0.33,-0.84,5.2272,-2.3306,155.95,:A0_0,0,192.36,914.29,0,-1
337,legit_54,601.6,938.68,12.723,-0.9011,0.0,D4D5,0,178.21,534.9,0,-1
337,legit_55,-1.6,930.82,13.0445,-0.4328,180.0,A5A4,0,176.72,772.96,0,-1
337,legit_56,-1.6,586.4,1.3019,1.3019,180.0,A3A2,0,152.21,707.75,0,-1
338,legit_34,198.4,894.18,13.2416,0.8428,180.0,B5B4,0,72.65,624.93,0,-1
338,legit_38,1001.6,352.6,13.0696,-0.5347,0.0,F1F2,1,48.96,607.45,0,-1
338,legit_40,998.4,409.89,8.2699,-3.9336,180.0,F3F2,1,71.77,589.51,0,-1
338,legit_41,198.4,716.21,13.1462,-0.1373,180.0,B4B3,0,125.88,576.7,0,-1
338,legit_43,439.46,598.4,13.111,1.3162,90.0,C3D3,0,10.66,466.43,0,-1
338,legit_45,602.56,196.27,5.519,-4.3573,11.29,:D1_8,1,166.0,569.54,0,-1
338,legit_46,522.09,198.4,13.88,0.0699,90.0,C1D1,1,106.5,571.74,0,-1
338,legit_47,798.4,758.48,12.8634,0.0991,180.0,E4E3,1,94.8,497.1,0,-1
338,legit_48,407.6,-1.6,13.7751,1.0483,90.0,C0D0,0,128.78,729.04,0,-1
338,legit_49,920.45,601.6,12.719,-0.8516,270.0,F3E3,0,129.56,525.9,0,-1
338,legit_50,398.4,766.01,13.3876,0.1916,180.0,C4C3,0,90.2,499.75,0,-1
338,legit_51,931.04,-1.6,11.6438,0.5034,90.0,E0F0,0,170.11,772.55,0,-1
338,legit_52,798.4,721.83,11.3849,0.4626,180.0,E4E3,1,127.7,489.92,0,-1
338,legit_53,5.63,-1.6,5.4533,0.2261,96.16,A0B0,0,188.76,911.33,0,-1
338,legit_54,601.6,951.4,12.724,0.0009,0.0,D4D5,0,185.56,541.25,0,-1
338,legit_55,-1.6,917.13,13.6945,0.65,180.0,A5A4,0,170.09,767.72,0,-1
338,legit_56,-1.6,583.64,2.7601,1.4582,180.0,A3A2,0,152.48,707.8,0,-1
339,legit_34,198.4,882.11,12.0691,-1.1725,180.0,B5B4,0,64.16,620.12,0,-1
339,legit_38,1001.6,365.72,13.1225,0.0529,0.0,F1F2,1,48.74,603.23,0,-1
339,legit_40,999.0,406.3,3.7699,-4.5,172.88,:F2_2,1,68.88,590.7,0,-1
339,legit_41,198.4,702.9,13.3066,0.1604,180.0,B4B3,0,113.72,574.69,0,-1
339,legit_43,452.76,598.4,13.3062,0.1952,90.0,C3D3,0,3.19,463.06,0,-1
339,legit_45,607.03,198.38,5.1972,-0.3218,66.05,:D1_8,1,163.04,568.36,0,-1
339,legit_46,535.48,198.4,13.3967,-0.4833,90.0,C1D1,1,115.99,570.64,0,-1
339,legit_47,798.4,745.14,13.3398,0.4764,180.0,E4E3,1,106.49,494.31,0,-1
339,legit_48,420.48,-1.6,12.8779,-0.8972,90.0,C0D0,0,125.13,726.11,0,-1
339,legit_49,906.62,601.6,13.8239,1.1049,270.0,F3E3,0,143.39,519.68,0,-1
339,legit_50,398.4,753.35,12.6654,-0.7221,180.0,C4C3,0,100.85,496.97,0,-1
339,legit_51,942.56,-1.6,11.5276,-0.1162,90.0,E0F0,0,162.26,777.08,0,-1
339,legit_52,798.4,710.67,11.1571,-0.2278,180.0,E4E3,1,120.8,488.03,0,-1
339,legit_53,12.6,-1.6,6.9682,1.5149,90.0,A0B0,0,183.48,906.81,0,-1
339,legit_54,601.6,964.62,13.2193,0.4953,0.0,D4D5,0,187.98,548.07,0,-1
339,legit_55,-1.6,903.56,13.5653,-0.1292,180.0,A5A4,0,164.39,762.73,0,-1
339,legit_56,-1.6,579.21,4.4248,1.6647,180.0,A3A2,0,153.02,707.9,0,-1
340,legit_34,198.4,869.65,12.4623,0.3932,180.0,B5B4,0,56.76,615.35,0,-1
340,legit_38,1001.6,378.47,12.7478,-0.3746,0.0,F1F2,1,51.8,599.44,0,-1
340,legit_40,999.08,406.18,0.1427,-3.6273,171.92,:F2_2,1,68.74,590.78,0,-1
340,legit_41,198.4,689.5,13.4009,0.0944,180.0,B4B3,0,101.75,572.86,0,-1
340,legit_43,465.17,598.4,12.4038,-0.9024,90.0,C3D3,0,15.25,461.05,0,-1
340,legit_45,613.2,198.4,6.176,0.9789,90.0,D1E1,1,157.67,568.41,0,-1
340,legit_46,549.1,198.4,13.6181,0.2214,90.0,C1D1,1,126.36,569.75,0,-1
340,legit_47,798.4,731.69,13.4526,0.1129,180.0,E4E3,1,118.63,491.7,0,-1
340,legit_48,433.98,-1.6,13.4998,0.622,90.0,C0D0,0,122.65,723.27,0,-1
340,legit_49,893.13,601.6,13.4952,-0.3286,270.0,F3E3,1,143.13,513.8,0,-1
340,legit_50,398.4,739.53,13.8174,1.1519,180.0,C4C3,0,112.94,494.16,0,-1
340,legit_51,953.75,-1.6,11.1905,-0.3372,90.0,E0F0,0,155.08,781.6,0,-1
340,legit_52,798.4,699.7,10.9755,-0.1815,180.0,E4E3,2,110.83,486.32,0,-1
340,legit_53,21.05,-1.6,8.4509,1.4828,90.0,A0B0,0,177.24,901.37,0,-1
340,legit_54,601.6,978.04,13.4232,0.2039,0.0,D4D5,0,180.05,555.22,0,-1
340,legit_55,-1.6,890.49,13.0684,-0.4969,180.0,A5A4,0,159.79,758.12,0,-1
340,legit_56,-1.6,572.6,6.618,2.1932,180.0,A3A2,0,154.06,708.1,0,-1
341,legit_34,198.4,856.39,13.2578,0.7956,180.0,B5B4,0,51.1,610.54,0,-1
341,legit_38,1001.6,391.61,13.1437,0.3959,0.0,F1F2,1,57.81,595.83,0,-1
341,legit_40,999.12,406.12,0.0729,-0.0698,171.42,:F2_2,1,68.67,590.81,0,-1
341,legit_41,198.4,676.19,13.3093,-0.0917,180.0,B4B3,0,90.26,571.23,0,-1
341,legit_43,478.34,598.4,13.1675,0.7637,90.0,C3D3,0,28.38,459.13,0,-1
341,legit_45,621.41,198.4,8.2105,2.0344,90.0,D1E1,1,150.6,568.57,0,-1
341,legit_46,562.48,198.4,13.3773,-0.2408,90.0,C1D1,1,137.11,569.09,0,-1
341,legit_47,798.4,718.86,12.8298,-0.6228,180.0,E4E3,2,128.34,489.4,0,-1
341,legit_48,447.53,-1.6,13.555,0.0552,90.0,C0D0,0,121.63,720.66,0,-1
341,legit_49,879.5,601.6,13.6252,0.13,270.0,F3E3,2,129.51,508.05,0,-1
341,legit_50,398.4,726.5,13.0265,-0.7909,180.0,C4C3,0,124.67,491.72,0,-1
341,legit_51,965.55,-1.6,11.7936,0.6031,90.0,E0F0,0,148.05,786.51,0,-1
341,legit_52,798.4,688.23,11.4655,0.49,180.0,E4E3,2,100.64,484.67,0,-1
341,legit_53,30.84,-1.6,9.792,1.3411,90.0,A0B0,0,170.25,895.14,0,-1
341,legit_54,601.6,987.32,9.2723,-4.1509,0.0,D4D5,0,174.97,560.29,0,-1
341,legit_55,-1.6,877.58,12.9146,-0.1538,180.0,A5A4,0,156.19,753.76,0,-1
341,legit_56,-1.6,564.66,7.94,1.322,180.0,A3A2,0,155.67,708.41,0,-1
342,legit_34,198.4,843.27,13.1253,-0.1325,180.0,B5B4,0,48.51,606.09,0,-1
342,legit_38,1001.6,404.62,13.0055,-0.1382,0.0,:F2_3,1,65.83,592.52,0,-1
342,legit_40,999.14,406.08,0.0403,-0.0326,171.15,:F2_2,1,68.63,590.83,0,-1
342,legit_41,198.4,663.11,13.0789,-0.2304,180.0,B4B3,0,79.53,569.82,0,-1
342,legit_43,490.99,598.4,12.6585,-0.509,90.0,C3D3,1,41.03,457.47,0,-1
342,legit_45,631.52,198.4,10.1113,1.9008,90.0,D1E1,1,142.07,568.86,0,-1
342,legit_46,575.58,198.4,13.0971,-0.2802,90.0,C1D1,1,148.04,568.64,0,-1
342,legit_47,798.4,705.31,13.5485,0.7186,180.0,E4E3,2,115.9,487.18,0,-1
342,legit_48,461.37,-1.6,13.8326,0.2776,90.0,C0D0,0,122.13,718.25,0,-1
342,legit_49,866.13,601.6,13.3706,-0.2546,270.0,F3E3,2,116.14,502.6,0,-1
342,legit_50,398.4,713.58,12.9225,-0.104,180.0,C4C3,1,124.75,489.48,0,-1
342,legit_51,977.87,-1.6,12.3206,0.527,90.0,E0F0,0,141.38,791.8,0,-1
342,legit_52,798.4,676.84,11.392,-0.0735,180.0,E4E3,2,90.81,483.19,0,-1
342,legit_53,42.2,-1.6,11.3555,1.5635,90.0,A0B0,0,162.5,888.0,0,-1
342,legit_54,601.6,992.09,4.7723,-4.5,0.0,D4D5,0,172.49,562.94,0,-1
342,legit_55,-1.6,864.97,12.6109,-0.3037,180.0,A5A4,0,153.64,749.68,0,-1
342,legit_56,-1.6,554.57,10.0857,2.1457,180.0,A3A2,0,158.26,708.91,0,-1
342,legit_57,812.3,198.4,0.0,0.0,90.0,E1F1,0,100.14,597.8,0,-1
343,legit_34,198.4,830.55,12.7203,-0.405,180.0,B5B4,0,49.31,602.09,0,-1
343,legit_38,1001.6,417.68,13.067,0.0616,0.0,F2F3,1,75.3,589.42,0,-1
343,legit_40,999.14,406.08,0.0,-0.0403,171.15,:F2_2,1,68.63,590.83,0,-1
343,legit_41,198.4,650.37,12.7442,-0.3346,180.0,B4B3,0,69.85,568.65,0,-1
343,legit_43,503.39,598.4,12.391,-0.2675,90.0,C3D3,1,53.41,456.03,0,-1
343,legit_45,644.12,198.4,12.5968,2.4855,90.0,D1E1,1,131.75,569.39,0,-1
343,legit_46,588.94,198.4,13.3686,0.2716,90.0,C1D1,1,159.54,568.38,0,-1
343,legit_47,798.4,692.27,13.0422,-0.5062,180.0,E4E3,2,104.19,485.24,0,-1
343,legit_48,474.37,-1.6,13.0,-0.8326,90.0,C0D0,0,124.02,716.21,0,-1
343,legit_49,853.34,601.6,12.7889,-0.5817,270.0,F3E3,2,103.35,497.57,0,-1
343,legit_50,398.4,700.74,12.8405,-0.082,180.0,C4C3,1,113.19,487.45,0,-1
343,legit_51,989.47,-1.6,11.6035,-0.7171,90.0,E0F0,0,135.83,796.93,0,-1
343,legit_52,798.4,666.02,10.8204,-0.5715,180.0,E4E3,2,81.86,481.93,0,-1
343,legit_53,54.89,-1.6,12.696,1.3405,90.0,A0B0,0,154.38,880.14,0,-1
343,legit_54,599.72,998.87,7.1858,2.4135,340.06,:D5_4,0,170.29,566.76,0,-1
343,legit_55,-1.6,851.9,13.073,0.4621,180.0,A5A4,0,152.07,745.65,0,-1
343,legit_56,-1.6,542.29,12.276,2.1903,180.0,A3A2,0,162.21,709.7,0,-1
343,legit_57,813.8,198.4,1.4998,1.4998,90.0,E1F1,0,101.08,598.25,0,-1
344,legit_34,198.4,817.42,13.1317,0.4113,180.0,B5B4,0,53.41,598.28,0,-1
344,legit_38,1001.6,431.35,13.6679,0.6009,0.0,F2F3,1,86.22,586.4,0,-1
344,legit_40,1000.37,405.79,1.409,1.409,151.75,:F2_9,1,67.52,591.57,0,-1
344,legit_41,198.4,637.25,13.1137,0.3695,180.0,B4B3,0,61.08,567.66,0,-1
344,legit_43,516.58,598.4,13.1895,0.7985,90.0,C3D3,1,66.59,454.69,0,-1
344,legit_45,656.94,198.4,12.8204,0.2236,90.0,D1E1,0,121.68,570.12,0,-1
344,legit_47,798.4,679.91,12.3578,-0.6844,180.0,E4E3,2,93.43,483.58,0,-1
344,legit_48,488.1,-1.6,13.7377,0.7377,90.0,C0D0,0,127.43,714.3,0,-1
344,legit_49,840.4,601.6,12.9387,0.1498,270.0,F3E3,2,90.42,492.65,0,-1
344,legit_50,398.4,687.15,13.5912,0.7507,180.0,C4C3,1,101.28,485.5,0,-1
344,legit_51,996.58,-1.6,7.1035,-4.5,90.0,E0F0,0,132.82,800.14,0,-1
344,legit_52,798.4,654.96,11.0613,0.2408,180.0,E4E3,2,73.23,480.79,0,-1
344,legit_53,67.69,-1.6,12.7974,0.1014,90.0,A0B0,0,146.84,872.36,0,-1
344,legit_54,592.08,1001.6,8.4392,1.2533,278.69,D5C5,0,162.27,568.35,0,-1
344,legit_55,-1.6,838.19,13.7044,0.6315,180.0,A5A4,0,151.61,741.65,0,-1
344,legit_56,-1.6,528.49,13.8045,1.5285,180.0,A3A2,0,167.62,710.8,0,-1
344,legit_57,817.85,198.4,4.0493,2.5496,90.0,E1F1,0,103.68,599.48,0,-1
345,legit_38,1001.6,444.09,12.7389,-0.929,0.0,F2F3,1,97.02,583.77,0,-1
345,legit_40,1001.6,408.75,3.477,2.068,44.37,F2F3,1,68.7,591.51,0,-1
345,legit_41,198.4,624.6,12.6577,-0.456,180.0,B4B3,0,54.29,566.94,0,-1
345,legit_43,529.78,598.4,13.2057,0.0162,90.0,C3D3,0,79.8,453.54,0,-1
345,legit_45,670.32,198.4,13.383,0.5626,90.0,D1E1,0,111.78,571.09,0,-1
345,legit_47,798.4,667.04,12.877,0.5192,180.0,E4E3,2,82.68,482.04,0,-1
345,legit_48,501.83,-1.6,13.7249,-0.0128,90.0,C0D0,0,132.18,712.62,0,-1
345,legit_49,827.7,601.6,12.7053,-0.2334,270.0,F3E3,2,77.71,488.0,0,-1
345,legit_50,398.4,674.29,12.8627,-0.7285,180.0,C4C3,0,90.45,483.87,0,-1
345,legit_51,1001.07,0.71,5.3918,-1.7117,60.84,:F0_1,0,128.93,800.48,0,-1
345,legit_52,798.4,643.52,11.4373,0.376,180.0,E4E3,2,65.09,479.79,0,-1
345,legit_53,79.55,-1.6,11.8602,-0.9372,90.0,A0B0,0,140.53,865.28,0,-1
345,legit_54,581.87,1001.6,10.209,1.7698,270.0,D5C5,0,153.41,568.5,0,-1
345,legit_55,-1.6,825.11,13.0831,-0.6213,180.0,A5A4,0,152.33,738.05,0,-1
345,legit_56,-1.6,515.09,13.3983,-0.4061,180.0,A3A2,0,173.76,712.08,0,-1
345,legit_57,823.84,198.4,5.9954,1.946,90.0,E1F1,0,107.7,601.34,0,-1
346,legit_38,1001.6,457.02,12.9339,0.195,0.0,F2F3,1,108.43,581.29,0,-1
346,legit_40,1001.6,414.06,5.31,1.833,0.0,F2F3,1,72.56,590.25,0,-1
346,legit_41,198.4,610.99,13.6079,0.9501,180.0,B4B3,0,49.63,566.48,0,-1
346,legit_43,542.11,598.4,12.3271,-0.8786,90.0,C3D3,0,92.12,452.65,0,-1
346,legit_45,683.26,198.4,12.9336,-0.4495,90.0,D1E1,1,102.96,572.24,0,-1
346,legit_47,798.4,655.22,11.8143,-1.0628,180.0,E4E3,2,73.43,480.82,0,-1
346,legit_48,514.84,-1.6,13.0122,-0.7128,90.0,C0D0,0,137.81,711.26,0,-1
346,legit_49,816.45,601.6,11.2491,-1.4561,270.0,F3E3,2,66.47,484.04,0,-1
346,legit_50,398.4,661.39,12.9016,0.039,180.0,C4C3,0,80.19,482.43,0,-1
346,legit_51,1001.6,5.65,5.0205,-0.3713,6.06,F0F1,0,124.17,797.08,0,-1
346,legit_52,798.4,631.95,11.5711,0.1338,180.0,E4E3,2,58.0,478.98,0,-1
346,legit_53,92.06,-1.6,12.5042,0.644,90.0,A0B0,0,134.7,857.95,0,-1
346,legit_54,569.09,1001.6,12.7789,2.5699,270.0,D5C5,0,142.58,568.84,0,-1
346,legit_55,-1.6,812.04,13.0728,-0.0103,180.0,A5A4,0,154.16,734.65,0,-1
346,legit_56,-1.6,501.54,13.5457,0.1473,180.0,A3A2,0,180.76,713.59,0,-1
346,legit_57,832.37,198.4,8.5242,2.5289,90.0,E1F1,1,113.72,604.06,0,-1
347,legit_38,1001.6,470.91,13.8842,0.9502,0.0,F2F3,1,121.01,578.81,0,-1
347,legit_40,1001.6,420.87,6.8094,1.4994,0.0,F2F3,1,77.77,588.69,0,-1
347,legit_43,555.39,598.4,13.2818,0.9547,90.0,C3D3,0,105.4,451.89,0,-1
347,legit_45,695.82,198.4,12.5582,-0.3754,90.0,D1E1,1,95.3,573.58,0,-1
347,legit_47,798.4,643.43,11.7911,-0.0231,180.0,E4E3,2,65.03,479.79,0,-1
347,legit_48,528.0,-1.6,13.1624,0.1502,90.0,C0D0,0,144.47,710.08,0,-1
347,legit_49,809.7,601.6,6.7491,-4.5,270.0,F3E3,2,59.72,481.72,0,-1
347,legit_50,398.4,647.89,13.4938,0.5921,180.0,C4C3,0,70.4,481.16,0,-1
347,legit_51,1001.6,12.15,6.5037,1.4832,0.0,F0F1,0,118.21,792.29,0,-1
347,legit_52,798.4,621.5,10.4568,-1.1144,180.0,E4E3,2,52.96,478.43,0,-1
347,legit_53,104.6,-1.6,12.5416,0.0374,90.0,A0B0,0,129.8,850.76,0,-1
347,legit_54,556.41,1001.6,12.6784,-0.1004,270.0,D5C5,0,132.17,569.37,0,-1
347,legit_55,-1.6,798.52,13.5148,0.4419,180.0,:A4_0,0,157.17,731.35,0,-1
347,legit_56,-1.6,488.19,13.3586,-0.187,180.0,A3A2,0,188.37,715.29,0,-1
347,legit_57,842.44,198.4,10.0673,1.5431,90.0,E1F1,1,121.21,607.39,0,-1
348,legit_38,1001.6,484.18,13.2737,-0.6104,0.0,F2F3,1,125.53,576.64,0,-1
348,legit_40,1001.6,429.94,9.0672,2.2578,0.0,F2F3,1,85.06,586.7,0,-1
348,legit_43,567.74,598.4,12.3536,-0.9282,90.0,C3D3,0,117.75,451.36,0,-1
348,legit_45,709.01,198.4,13.1961,0.6379,90.0,D1E1,1,88.47,575.22,0,-1
348,legit_47,798.4,632.06,11.3699,-0.4212,180.0,E4E3,2,58.06,478.99,0,-1
348,legit_48,540.84,-1.6,12.8345,-0.3279,90.0,C0D0,0,151.78,709.14,0,-1
348,legit_49,807.45,601.6,2.2491,-4.5,270.0,F3E3,2,57.47,480.96,0,-1
348,legit_50,398.4,634.56,13.3278,-0.1659,180.0,C4C3,0,62.11,480.17,0,-1
348,legit_51,1001.6,20.89,8.7336,2.2299,0.0,F0F1,0,110.3,785.91,0,-1
348,legit_52,798.4,612.8,8.6928,-1.7639,180.0,E4E3,2,50.06,478.13,0,-1
348,legit_53,116.67,-1.6,12.0699,-0.4718,90.0,A0B0,0,126.09,843.99,0,-1
348,legit_54,542.7,1001.6,13.7153,1.0369,270.0,D5C5,0,121.4,570.14,0,-1
348,legit_55,-1.6,785.11,13.4086,-0.1061,180.0,A4A3,0,161.23,728.29,0,-1
348,legit_56,-1.6,474.38,13.8099,0.4513,180.0,A3A2,0,189.91,717.26,0,-1
348,legit_57,853.87,198.4,11.4354,1.3681,90.0,E1F1,1,130.14,611.31,0,-1
348,legit_58,201.6,212.3,0.0,0.0,0.0,B1B2,0,105.74,665.82,0,-1
349,legit_38,1001.6,496.84,12.6547,-0.619,0.0,F2F3,1,113.95,574.73,0,-1
349,legit_40,1001.6,440.64,10.6975,1.6304,0.0,F2F3,1,94.05,584.47,0,-1
349,legit_43,580.69,598.4,12.9489,0.5953,90.0,C3D3,0,130.7,450.98,0,-1
349,legit_45,721.62,198.4,12.6039,-0.5923,90.0,D1E1,1,83.38,577.03,0,-1
349,legit_47,798.4,622.38,9.6756,-1.6943,180.0,E4E3,2,53.33,478.47,0,-1
349,legit_48,553.85,-1.6,13.0083,0.1738,90.0,C0D0,0,159.91,708.37,0,-1
349,legit_49,807.32,601.6,0.1303,-2.1188,270.0,F3E3,2,57.34,480.92,0,-1
349,legit_50,398.4,620.76,13.8066,0.4788,180.0,C4C3,0,55.62,479.44,0,-1
349,legit_51,1001.6,31.31,10.428,1.6944,0.0,F0F1,0,101.03,778.35,0,-1
349,legit_52,798.4,608.21,4.5949,-4.0979,180.0,E4E3,2,49.09,478.03,0,-1
349,legit_53,128.7,-1.6,12.0311,-0.0388,90.0,A0B0,0,123.45,837.4,0,-1
349,legit_54,529.92,1001.6,12.7734,-0.9419,270.0,D5C5,0,111.96,571.07,0,-1
349,legit_55,-1.6,771.98,13.1274,-0.2813,180.0,A4A3,0,166.16,725.5,0,-1
349,legit_56,-1.6,460.73,13.6428,-0.1671,180.0,A3A2,0,182.02,719.43,0,-1
349,legit_57,866.15,198.4,12.2806,0.8452,90.0,E1F1,1,140.14,615.68,0,-1
349,legit_58,201.6,214.21,1.9068,1.9068,0.0,B1B2,0,107.41,664.86,0,-1
350,legit_38,1001.6,510.32,13.4883,0.8336,0.0,F2F3,1,101.9,572.88,0,-1
350,legit_40,1001.6,453.58,12.9435,2.2459,0.0,F2F3,1,105.36,581.93,0,-1
350,legit_45,734.11,198.4,12.4955,-0.1084,90.0,D1E1,1,79.99,579.08,0,-1
350,legit_47,798.4,616.95,5.4361,-4.2396,180.0,E4E3,2,51.28,478.26,0,-1
350,legit_48,567.39,-1.6,13.5471,0.5388,90.0,C0D0,0,169.02,707.78,0,-1
350,legit_49,807.31,601.6,0.0102,-0.1201,270.0,F3E3,2,57.33,480.92,0,-1
350,legit_50,398.4,610.41,10.3475,-3.4592,180.0,C4C3,0,52.64,479.12,0,-1
350,legit_51,1001.6,43.09,11.7754,1.3475,0.0,F0F1,0,90.87,769.92,0,-1
350,legit_52,797.2,603.34,5.1253,0.5304,194.15,:E3_0,2,47.32,477.58,0,-1
350,legit_53,140.48,-1.6,11.7799,-0.2512,90.0,A0B0,0,121.97,831.1,0,-1
350,legit_54,516.28,1001.6,13.6374,0.8639,270.0,D5C5,0,102.67,572.29,0,-1
350,legit_55,-1.6,758.22,13.764,0.6366,180.0,A4A3,0,172.25,722.79,0,-1
350,legit_56,-1.6,447.68,13.0563,-0.5865,180.0,A3A2,0,175.13,721.7,0,-1
350,legit_57,878.07,198.4,11.9165,-0.3641,90.0,E1F1,1,150.16,620.08,0,-1
350,legit_58,201.6,217.8,3.5895,1.6827,0.0,B1B2,0,110.57,663.08,0,-1
351,legit_38,1001.6,523.73,13.4109,-0.0773,0.0,F2F3,1,90.33,571.24,0,-1
351,legit_40,1001.6,467.17,13.5866,0.6431,0.0,F2F3,1,117.59,579.46,0,-1
351,legit_45,747.59,198.4,13.4817,0.9862,90.0,D1E1,1,78.44,581.59,0,-1
351,legit_47,798.4,611.34,5.6117,0.1757,180.0,E4E3,2,49.71,478.1,0,-1
351,legit_48,580.64,-1.6,13.2492,-0.298,90.0,C0D0,0,178.48,707.4,0,-1
351,legit_49,807.3,601.6,0.0077,-0.0025,270.0,F3E3,2,57.32,480.91,0,-1
351,legit_50,397.59,603.99,6.5695,-3.778,189.43,:C3_0,0,52.56,479.29,0,-1
351,legit_51,1001.6,55.1,12.0142,0.2388,0.0,F0F1,0,80.96,761.43,0,-1
351,legit_52,793.24,601.66,4.4675,-0.6578,243.27,:E3_0,2,43.27,476.3,0,-1
351,legit_53,152.09,-1.6,11.61,-0.1699,90.0,A0B0,0,121.62,825.05,0,-1
351,legit_54,503.32,1001.6,12.9612,-0.6762,270.0,D5C5,0,94.82,573.68,0,-1
351,legit_55,-1.6,745.03,13.1934,-0.5705,180.0,A4A3,0,178.89,720.41,0,-1
351,legit_56,-1.6,434.42,13.2596,0.2033,180.0,A3A2,0,168.88,724.21,0,-1
351,legit_57,889.37,198.4,11.3045,-0.6121,90.0,E1F1,1,159.91,624.39,0,-1
351,legit_58,201.6,222.91,5.1161,1.5266,0.0,B1B2,0,115.12,660.56,0,-1
352,legit_38,1001.6,537.14,13.4073,-0.0036,0.0,F2F3,1,79.33,569.8,0,-1
352,legit_40,1001.6,481.01,13.8379,0.2514,0.0,F2F3,1,128.46,577.14,0,-1
352,legit_45,760.45,198.4,12.8569,-0.6248,90.0,D1E1,1,79.09,584.27,0,-1
352,legit_47,798.4,606.69,4.6469,-0.9648,180.0,:E3_1,2,48.86,478.01,0,-1
352,legit_48,593.37,-1.6,12.7256,-0.5235,90.0,:D0_6,0,187.99,707.22,0,-1
352,legit_49,807.3,601.6,0.0006,-0.0071,270.0,F3E3,2,57.32,480.91,0,-1
352,legit_50,393.13,601.65,5.3381,-1.2315,244.42,:C3_0,0,56.89,480.77,0,-1
352,legit_51,1001.6,66.76,11.6552,-0.359,0.0,F0F1,0,71.95,753.31,0,-1
352,legit_52,788.44,601.6,4.8079,0.3405,268.97,E3D3,2,38.47,474.77,0,-1
352,legit_53,163.93,-1.6,11.8381,0.2281,90.0,A0B0,0,122.39,819.03,0,-1
352,legit_54,490.1,1001.6,13.2194,0.2582,270.0,D5C5,0,88.06,575.34,0,-1
352,legit_55,-1.6,732.2,12.8324,-0.361,180.0,A4A3,0,186.02,718.28,0,-1
352,legit_56,-1.6,421.01,13.4103,0.1507,180.0,A3A2,0,163.42,726.96,0,-1
352,legit_57,901.36,198.4,11.9881,0.6837,90.0,E1F1,1,168.05,629.11,0,-1
352,legit_58,201.6,230.16,7.2482,2.1321,0.0,B1B2,0,121.65,657.03,0,-1
353,legit_38,1001.6,550.83,13.6857,0.2784,0.0,F2F3,1,69.0,568.55,0,-1
353,legit_40,1001.6,494.54,13.5291,-0.3088,0.0,F2F3,1,116.04,575.06,0,-1
353,legit_45,773.2,198.4,12.7495,-0.1074,90.0,D1E1,1,81.76,587.21,0,-1
353,legit_47,798.4,599.84,6.846,2.199,180.0,:E3_1,2,48.4,477.96,0,-1
353,legit_48,606.59,-1.6,13.2202,0.4946,90.0,:D0_6,0,188.03,707.22,0,-1
353,legit_49,806.75,601.6,0.5463,0.5458,270.0,:E3_5,2,56.78,480.73,0,-1
353,legit_50,386.77,601.6,6.3608,1.0228,270.0,C3B3,0,63.25,482.93,0,-1
353,legit_51,1001.6,79.07,12.3116,0.6564,0.0,F0F1,1,63.39,744.88,0,-1
353,legit_52,781.74,601.6,6.6998,1.8918,270.0,E3D3,2,31.78,472.69,0,-1
353,legit_53,175.52,-1.6,11.5973,-0.2408,90.0,A0B0,0,124.25,813.3,0,-1
353,legit_54,476.48,1001.6,13.6239,0.4045,270.0,D5C5,0,82.75,577.33,0,-1
353,legit_55,-1.6,718.53,13.6682,0.8358,180.0,A4A3,0,192.43,716.22,0,-1
353,legit_56,-1.6,411.41,9.601,-3.8093,180.0,A3A2,0,160.08,729.06,0,-1
353,legit_57,913.53,198.4,12.168,0.1798,90.0,E1F1,2,157.39,634.04,0,-1
353,legit_58,201.6,239.98,9.8216,2.5734,0.0,B1B2,0,130.61,652.32,0,-1
354,legit_38,1001.6,563.53,12.7004,-0.9854,0.0,F2F3,1,60.6,567.61,0,-1
354,legit_40,1001.6,507.72,13.1835,-0.3457,0.0,F2F3,1,104.2,573.22,0,-1
354,legit_45,785.5,198.4,12.3023,-0.4472,90.0,D1E1,1,86.06,590.29,0,-1
354,legit_47,798.4,590.52,9.327,2.4811,180.0,E3E2,2,49.32,478.06,0,-1
354,legit_48,620.18,-1.6,13.5903,0.3701,90.0,D0E0,0,177.88,707.42,0,-1
354,legit_49,804.73,601.6,2.0235,1.4771,270.0,:E3_5,2,54.75,480.05,0,-1
354,legit_50,377.95,601.6,8.8242,2.4634,270.0,C3B3,0,72.07,485.99,0,-1
354,legit_51,1001.6,90.23,11.1589,-1.1526,0.0,F0F1,1,56.82,737.39,0,-1
354,legit_52,773.12,601.6,8.6139,1.9141,270.0,E3D3,2,23.18,470.08,0,-1
354,legit_53,187.92,-1.6,12.3921,0.7947,90.0,A0B0,0,127.37,807.35,0,-1
354,legit_54,463.0,1001.6,13.4796,-0.1443,270.0,D5C5,1,79.47,579.59,0,-1
354,legit_55,-1.6,705.35,13.1733,-0.495,180.0,A4A3,0,184.61,714.44,0,-1
354,legit_56,-1.33,405.28,6.144,-3.457,176.85,:A2_1,0,157.96,730.24,0,-1
354,legit_57,926.05,198.4,12.5251,0.3571,90.0,E1F1,2,146.66,639.28,0,-1
354,legit_58,201.6,252.33,12.3442,2.5226,0.0,B1B2,0,119.4,646.54,0,-1
354,legit_59,387.7,1001.6,0.0,0.0,270.0,C5B5,1,100.14,597.8,0,-1
355,legit_38,1001.6,577.38,13.849,1.1486,0.0,F2F3,1,53.43,566.86,0,-1
355,legit_40,1001.6,520.55,12.8282,-0.3552,0.0,F2F3,1,93.03,571.61,0,-1
355,legit_47,798.4,579.75,10.7673,1.4403,180.0,E3E2,2,52.47,478.38,0,-1
355,legit_48,632.89,-1.6,12.7157,-0.8746,90.0,D0E0,0,168.82,707.79,0,-1
355,legit_49,801.36,601.6,3.3759,1.3524,270.0,:E3_5,2,51.38,478.93,0,-1
355,legit_50,367.57,601.6,10.381,1.5568,270.0,C3B3,0,82.45,489.72,0,-1
355,legit_51,1001.6,102.38,12.1506,0.9917,0.0,F0F1,1,51.51,729.42,0,-1
355,legit_52,762.56,601.6,10.5638,1.95,270.0,E3D3,2,12.66,467.0,0,-1
355,legit_53,200.6,-1.6,12.6799,0.2879,90.0,:B0_6,0,131.71,801.43,0,-1
355,legit_54,449.93,1001.6,13.0738,-0.4058,270.0,D5C5,1,78.4,582.08,0,-1
355,legit_55,-1.6,692.75,12.6045,-0.5688,180.0,A4A3,0,177.72,712.93,0,-1
355,legit_56,3.02,399.15,7.9934,1.8494,133.12,:A2_9,0,152.1,728.25,0,-1
355,legit_57,938.17,198.4,12.1163,-0.4088,90.0,E1F1,1,136.57,644.51,0,-1
355,legit_58,201.6,266.13,13.8073,1.4631,0.0,B1B2,0,107.11,640.25,0,-1
355,legit_59,385.73,1001.6,1.966,1.966,270.0,C5B5,1,101.37,598.39,0,-1
356,legit_38,1001.6,586.73,9.349,-4.5,0.0,F2F3,1,50.19,566.53,0,-1
356,legit_40,1001.6,533.98,13.4343,0.606,0.0,F2F3,1,81.86,570.12,0,-1
356,legit_47,798.4,567.49,12.255,1.4877,180.0,E3E2,2,58.3,479.01,0,-1
356,legit_48,646.1,-1.6,13.2033,0.4876,90.0,D0E0,0,159.94,708.37,0,-1
356,legit_49,795.74,601.6,5.6199,2.244,270.0,:E3_5,2,45.76,477.1,0,-1
356,legit_50,354.76,601.6,12.8103,2.4293,270.0,C3B3,0,95.26,494.47,0,-1
356,legit_51,1001.6,114.52,12.1439,-0.0068,0.0,F0F1,1,48.71,721.69,0,-1
356,legit_52,751.77,601.6,10.792,0.2281,270.0,E3D3,2,2.38,464.02,0,-1
356,legit_53,212.94,-1.6,12.3441,-0.3358,90.0,B0C0,0,136.92,795.85,0,-1
356,legit_54,436.93,1001.6,12.9954,-0.0784,270.0,D5C5,1,79.48,584.85,0,-1
356,legit_55,-1.6,679.79,12.9618,0.3573,180.0,A4A3,0,171.31,711.56,0,-1
356,legit_56,10.64,398.4,7.7079,-0.2855,92.54,A2B2,0,144.55,722.44,0,-1
356,legit_57,950.08,198.4,11.9139,-0.2024,90.0,E1F1,1,127.0,649.8,0,-1
356,legit_58,201.6,279.06,12.9305,-0.8768,0.0,B1B2,0,95.99,634.52,0,-1
356,legit_59,381.93,1001.6,3.8,1.834,270.0,C5B5,1,103.82,599.55,0,-1
357,legit_38,1001.6,592.35,5.621,-3.728,0.0,F2F3,1,49.0,566.42,0,-1
357,legit_40,1001.6,546.94,12.9608,-0.4735,0.0,F2F3,1,71.82,568.88,0,-1
357,legit_47,798.4,554.41,13.0825,0.8276,180.0,E3E2,2,66.49,479.96,0,-1
357,legit_48,659.37,-1.6,13.2771,0.0738,90.0,D0E0,0,151.66,709.15,0,-1
357,legit_49,788.32,601.6,7.4201,1.8002,270.0,E3D3,2,38.35,474.73,0,-1
357,legit_50,342.08,601.6,12.6796,-0.1307,270.0,C3B3,0,107.93,499.35,0,-1
357,legit_51,1001.6,126.56,12.0325,-0.1113,0.0,F0F1,1,48.84,714.29,0,-1
357,legit_52,741.37,601.6,10.3957,-0.3962,270.0,E3D3,2,8.78,462.08,0,-1
357,legit_53,225.11,-1.6,12.1685,-0.1756,90.0,B0C0,0,142.93,790.51,0,-1
357,legit_54,424.1,1001.6,12.8324,-0.163,270.0,D5C5,1,82.57,587.86,0,-1
357,legit_55,-1.6,666.06,13.7298,0.768,180.0,A4A3,0,165.37,710.34,0,-1
357,legit_56,20.8,398.4,10.1568,2.4489,90.0,A2B2,0,134.79,714.51,0,-1
357,legit_57,961.41,198.4,11.3251,-0.5887,90.0,E1F1,1,118.3,654.96,0,-1
357,legit_58,201.6,291.92,12.8554,-0.0751,0.0,B1B2,0,85.43,629.01,0,-1
357,legit_59,376.58,1001.6,5.3577,1.5577,270.0,C5B5,1,107.41,601.21,0,-1
358,legit_38,999.82,594.31,2.9915,-2.6295,335.81,:F3_11,1,50.5,565.43,0,-1
358,legit_40,1001.6,560.46,13.5183,0.5575,0.0,F2F3,1,62.5,567.81,0,-1
358,legit_47,798.4,540.79,13.6234,0.5409,180.0,E3E2,2,76.48,481.21,0,-1
358,legit_48,672.38,-1.6,13.0102,-0.2669,90.0,D0E0,0,144.26,710.12,0,-1
358,legit_49,778.55,601.6,9.7698,2.3497,270.0,E3D3,2,28.59,471.71,0,-1
358,legit_50,329.32,601.6,12.7587,0.0791,270.0,C3B3,0,120.69,504.43,0,-1
358,legit_51,1001.6,138.8,12.2464,0.2139,0.0,F0F1,1,51.92,707.01,0,-1
358,legit_52,730.87,601.6,10.4981,0.1023,270.0,E3D3,2,19.19,460.45,0,-1
358,legit_53,237.01,-1.6,11.9024,-0.2661,90.0,B0C0,0,149.52,785.43,0,-1
358,legit_54,413.44,1001.6,10.6591,-2.1733,270.0,D5C5,1,86.51,590.57,0,-1
358,legit_55,-1.6,653.42,12.6366,-1.0931,180.0,A4A3,0,160.74,709.4,0,-1
358,legit_56,32.75,398.4,11.9541,1.7973,90.0,A2B2,0,123.38,705.28,0,-1
358,legit_57,973.71,198.4,12.2976,0.9724,90.0,E1F1,1,109.39,660.74,0,-1
358,legit_58,201.6,305.76,13.8355,0.9802,0.0,B1B2,0,74.87,623.27,0,-1
358,legit_59,368.62,1001.6,7.9525,2.5948,270.0,C5B5,1,113.0,603.74,0,-1
359,legit_38,998.4,592.32,2.6108,-0.3807,259.03,F3F2,1,52.17,564.7,0,-1
359,legit_40,1001.6,574.02,13.5585,0.0402,0.0,F2F3,1,54.93,567.01,0,-1
359,legit_47,798.4,527.78,13.0114,-0.612,180.0,E3E2,2,86.94,482.64,0,-1
359,legit_48,685.96,-1.6,13.5747,0.5645,90.0,D0E0,0,137.43,711.34,0,-1
359,legit_49,766.27,601.6,12.2769,2.5071,270.0,E3D3,2,16.35,468.07,0,-1
359,legit_50,316.13,601.6,13.1911,0.4325,270.0,C3B3,0,133.88,509.87,0,-1
359,legit_51,1001.6,150.16,11.3605,-0.8859,0.0,F0F1,1,57.03,700.47,0,-1
359,legit_52,720.37,601.6,10.5026,0.0045,270.0,E3D3,2,29.67,458.95,0,-1
359,legit_53,248.61,-1.6,11.6021,-0.3003,90.0,B0C0,0,156.56,780.63,0,-1
359,legit_54,407.28,1001.6,6.1591,-4.5,270.0,D5C5,1,89.28,592.21,0,-1
359,legit_55,-1.6,640.09,13.3323,0.6957,180.0,A4A3,0,156.81,708.63,0,-1
359,legit_56,46.62,398.4,13.8675,1.9134,90.0,A2B2,0,110.28,694.69,0,-1
359,legit_57,983.58,198.4,9.8771,-2.4205,90.0,E1F1,1,102.75,665.5,0,-1
359,legit_58,201.6,318.5,12.7454,-1.0902,0.0,B1B2,0,66.22,618.2,0,-1
359,legit_59,358.88,1001.6,9.7411,1.7886,270.0,C5B5,1,120.2,606.95,0,-1
360,legit_38,998.4,587.61,4.7151,2.1043,180.0,F3F2,1,53.07,564.79,0,-1
360,legit_40,1001.6,587.74,13.7166,0.1581,0.0,F2F3,1,49.93,566.51,0,-1
360,legit_47,798.4,514.18,13.6009,0.5895,180.0,E3E2,2,98.53,484.35,0,-1
360,legit_48,699.14,-1.6,13.1847,-0.39,90.0,D0E0,0,131.81,712.73,0,-1
360,legit_49,753.5,601.6,12.7687,0.4918,270.0,E3D3,2,3.85,464.48,0,-1
360,legit_50,302.75,601.6,13.3748,0.1836,270.0,C3B3,1,147.26,515.57,0,-1
360,legit_51,1001.6,161.38,11.218,-0.1424,0.0,F0F1,1,63.68,694.19,0,-1
360,legit_52,709.84,601.6,10.5329,0.0304,270.0,E3D3,2,40.19,457.57,0,-1
360,legit_53,260.11,-1.6,11.5006,-0.1015,90.0,B0C0,0,164.05,776.01,0,-1
360,legit_54,400.2,998.73,7.9591,1.8,239.38,:C5_9,1,95.31,592.6,0,-1
360,legit_55,-1.6,626.41,13.6812,0.3489,180.0,A4A3,0,153.88,708.06,0,-1
360,legit_56,60.42,398.4,13.8075,-0.06,90.0,A2B2,0,97.46,684.3,0,-1
360,legit_57,990.27,198.4,6.6881,-3.189,90.0,E1F1,1,98.56,668.79,0,-1
360,legit_58,201.6,331.46,12.9574,0.2121,0.0,B1B2,0,58.97,613.26,0,-1
360,legit_59,346.83,1001.6,12.0507,2.3095,270.0,C5B5,1,129.58,611.06,0,-1
360,legit_60,187.7,601.6,0.0,0.0,270.0,B3A3,1,37.73,572.19,0,-1
361,legit_38,998.4,581.24,6.3686,1.6535,180.0,F3F2,0,54.91,564.97,0,-1
361,legit_47,798.4,500.62,13.5568,-0.0441,180.0,E3E2,2,110.54,486.27,0,-1
361,legit_48,712.04,-1.6,12.8958,-0.2889,90.0,D0E0,0,127.39,714.31,0,-1
361,legit_49,739.96,601.6,13.537,0.7683,270.0,E3D3,2,10.16,461.85,0,-1
361,legit_50,290.1,601.6,12.6535,-0.7213,270.0,C3B3,1,140.11,521.14,0,-1
361,legit_51,1001.6,173.17,11.7913,0.5732,0.0,F0F1,1,71.9,687.75,0,-1
361,legit_52,698.69,601.6,11.149,0.616,270.0,E3D3,2,51.34,456.26,0,-1
361,legit_53,272.69,-1.6,12.5736,1.073,90.0,B0C0,0,172.74,771.12,0,-1
361,legit_54,398.4,991.3,7.8243,-0.1348,185.69,C5C4,1,102.62,589.07,0,-1
361,legit_55,-1.6,614.78,11.6318,-2.0494,180.0,A4A3,0,152.32,707.77,0,-1
361,legit_56,74.19,398.4,13.7636,-0.044,90.0,A2B2,1,84.98,674.11,0,-1
361,legit_57,992.88,198.46,2.6278,-4.0603,89.36,:F1_8,1,97.04,670.06,0,-1
361,legit_58,201.6,344.26,12.8058,-0.1517,0.0,B1B2,1,53.95,608.65,0,-1
361,legit_59,333.86,1001.6,12.9737,0.923,270.0,C5B5,1,140.13,615.68,0,-1
361,legit_60,186.08,601.6,1.6225,1.6225,270.0,B3A3,1,36.11,573.09,0,-1
362,legit_38,998.4,572.94,8.2986,1.93,180.0,F3F2,0,58.27,565.32,0,-1
362,legit_47,798.4,487.72,12.902,-0.6548,180.0,E3E2,1,122.27,488.3,0,-1
362,legit_48,724.84,-1.6,12.8,-0.0959,90.0,D0E0,0,124.18,716.09,0,-1
362,legit_49,727.15,601.6,12.8172,-0.7198,270.0,E3D3,2,22.91,459.9,0,-1
362,legit_50,277.41,601.6,12.6921,0.0386,270.0,C3B3,1,127.42,526.89,0,-1
362,legit_51,1001.6,184.83,11.6544,-0.1369,0.0,F0F1,1,80.9,681.55,0,-1
362,legit_52,687.65,601.6,11.0398,-0.1092,270.0,E3D3,1,62.37,455.09,0,-1
362,legit_53,285.16,-1.6,12.4756,-0.098,90.0,B0C0,0,181.81,766.42,0,-1
362,legit_54,398.4,980.9,10.393,2.5687,180.0,C5C4,1,111.73,583.52,0,-1
362,legit_55,-1.54,606.79,7.9906,-3.6412,179.33,:A3_1,0,151.69,707.61,0,-1
362,legit_56,87.54,398.4,13.3478,-0.4158,90.0,A2B2,1,73.32,664.39,0,-1
362,legit_57,994.37,200.07,2.3078,-0.32,68.18,:F1_8,1,97.5,669.98,0,-1
362,legit_58,201.6,357.89,13.6217,0.8159,0.0,B1B2,1,51.64,604.05,0,-1
362,legit_59,321.22,1001.6,12.6402,-0.3335,270.0,C5B5,1,150.77,620.35,0,-1
362,legit_60,181.95,601.6,4.129,2.5065,270.0,B3A3,1,31.99,575.37,0,-1
363,legit_38,998.4,562.31,10.6264,2.3279,180.0,F3F2,0,63.9,565.94,0,-1
363,legit_47,798.4,474.38,13.3384,0.4363,180.0,E3E2,0,124.2,490.59,0,-1
363,legit_48,738.42,-1.6,13.5814,0.7814,90.0,D0E0,0,122.15,718.21,0,-1
363,legit_49,714.07,601.6,13.0767,0.2594,270.0,E3D3,1,35.97,458.11,0,-1
363,legit_50,264.11,601.6,13.2942,0.602,270.0,C3B3,1,114.12,533.09,0,-1
363,legit_52,676.5,601.6,11.1475,0.1077,270.0,E3D3,1,73.52,454.06,0,-1
363,legit_53,297.84,-1.6,12.6767,0.2011,90.0,B0C0,0,191.42,761.81,0,-1
363,legit_54,398.4,968.84,12.0658,1.6728,180.0,C5C4,1,122.55,577.22,0,-1
363,legit_55,1.16,600.26,7.3422,-0.6484,150.61,:A3_9,0,148.84,705.4,0,-1
363,legit_56,100.67,398.4,13.1337,-0.214,90.0,A2B2,1,62.51,655.0,0,-1
363,legit_57,992.57,201.6,2.4939,0.1861,357.61,F1E1,0,99.78,668.29,0,-1
363,legit_58,201.6,371.46,13.5698,-0.0519,0.0,B1B2,1,52.86,599.81,0,-1
363,legit_59,307.37,1001.6,13.8466,1.2063,270.0,C5B5,1,162.76,625.66,0,-1
363,legit_60,176.12,601.6,5.8335,1.7045,270.0,B3A3,1,26.16,578.63,0,-1
364,legit_38,998.4,550.06,12.254,1.6276,180.0,F3F2,0,71.81,566.85,0,-1
364,legit_47,798.4,461.09,13.2858,-0.0525,180.0,E3E2,0,112.08,493.08,0,-1
364,legit_48,751.24,-1.6,12.8163,-0.7651,90.0,D0E0,0,121.61,720.44,0,-1
364,legit_49,700.67,601.6,13.3993,0.3226,270.0,E3D3,1,49.36,456.48,0,-1
364,legit_50,251.2,601.6,12.9097,-0.3845,270.0,C3B3,1,101.22,539.28,0,-1
364,legit_52,666.11,601.6,10.3931,-0.7544,270.0,E3D3,1,83.91,453.23,0,-1
364,legit_53,309.36,-1.6,11.5197,-1.157,90.0,B0C0,0,185.92,757.76,0,-1
364,legit_54,398.4,955.43,13.4043,1.3385,180.0,C5C4,1,126.44,570.39,0,-1
364,legit_55,8.2,598.4,7.4435,0.1012,96.99,A3B3,0,141.81,699.74,0,-1
364,legit_56,114.01,398.4,13.3413,0.2075,90.0,A2B2,1,52.63,645.68,0,-1
364,legit_57,988.75,201.6,3.8211,1.3271,276.2,F1E1,0,102.03,666.38,0,-1
364,legit_58,201.6,385.1,13.6448,0.075,0.0,B1B2,1,57.38,595.89,0,-1
364,legit_59,293.49,1001.6,13.8859,0.0393,270.0,C5B5,1,163.51,631.18,0,-1
364,legit_60,168.89,601.6,7.2225,1.389,270.0,B3A3,1,18.96,582.72,0,-1
365,legit_38,998.4,537.13,12.9299,0.6759,180.0,F3F2,0,81.34,568.03,0,-1
365,legit_47,798.4,447.62,13.4691,0.1833,180.0,E3E2,0,100.1,495.8,0,-1
365,legit_48,764.09,-1.6,12.8561,0.0398,90.0,D0E0,0,122.41,722.89,0,-1
365,legit_49,686.8,601.6,13.869,0.4697,270.0,E3D3,1,63.22,455.01,0,-1
365,legit_50,237.77,601.6,13.4286,0.519,270.0,C3B3,1,87.79,545.9,0,-1
365,legit_52,654.94,601.6,11.166,0.7729,270.0,E3D3,1,95.07,452.47,0,-1
365,legit_53,321.77,-1.6,12.409,0.8893,90.0,B0C0,0,176.72,753.55,0,-1
365,legit_54,398.4,942.75,12.6839,-0.7205,180.0,C5C4,1,114.98,564.1,0,-1
365,legit_55,17.5,598.4,9.2999,1.8565,90.0,A3B3,1,132.51,692.31,0,-1
365,legit_56,127.07,398.4,13.0605,-0.2808,90.0,A2B2,1,44.72,636.79,0,-1
365,legit_57,982.89,201.6,5.8541,2.033,270.0,F1E1,0,105.65,663.5,0,-1
365,legit_58,201.6,398.17,13.0656,-0.5791,0.0,:B2_9,1,64.18,592.42,0,-1
365,legit_59,280.66,1001.6,12.8263,-1.0596,270.0,C5B5,1,152.38,636.46,0,-1
365,legit_60,159.92,601.6,8.9677,1.7452,270.0,B3A3,2,10.05,587.86,0,-1
366,legit_38,998.4,523.4,13.7254,0.7956,180.0,F3F2,0,92.36,569.5,0,-1
366,legit_47,798.4,434.19,13.4343,-0.0348,180.0,E3E2,0,88.58,498.73,0,-1
366,legit_48,776.99,-1.6,12.9012,0.0451,90.0,D0E0,0,124.56,725.56,0,-1
366,legit_49,673.31,601.6,13.4946,-0.3744,270.0,E3D3,1,76.71,453.79,0,-1
366,legit_50,224.22,601.6,13.5588,0.1301,270.0,C3B3,1,74.23,552.77,0,-1
366,legit_52,644.13,601.6,10.808,-0.358,270.0,E3D3,1,105.88,451.87,0,-1
366,legit_53,333.76,-1.6,11.9929,-0.4161,90.0,B0C0,0,168.22,749.63,0,-1
366,legit_54,398.4,928.98,13.7683,1.0845,180.0,C5C4,1,102.86,557.47,0,-1
366,legit_55,28.86,598.4,11.3548,2.0549,90.0,A3B3,1,121.16,683.31,0,-1
366,legit_56,139.85,398.4,12.774,-0.2865,90.0,A2B2,1,39.72,628.38,0,-1
366,legit_57,975.07,201.6,7.8232,1.969,270.0,F1E1,0,110.78,659.72,0,-1
366,legit_58,201.6,411.62,13.4519,0.3863,0.0,B2B3,1,72.99,589.1,0,-1
366,legit_59,267.91,1001.6,12.7447,-0.0815,270.0,C5B5,1,141.6,641.87,0,-1
366,legit_60,149.05,601.6,10.8743,1.9066,270.0,B3A3,2,1.86,594.33,0,-1
366,legit_61,798.4,987.7,0.0,0.0,180.0,E5E4,0,104.22,586.23,0,-1
367,legit_38,998.4,510.59,12.8118,-0.9137,180.0,F3F2,0,103.23,571.06,0,-1
367,legit_47,798.4,421.47,12.7201,-0.7142,180.0,E3E2,0,78.24,501.7,0,-1
367,legit_48,790.03,-1.6,13.0381,0.1369,90.0,D0E0,0,128.02,728.49,0,-1
367,legit_49,660.58,601.6,12.7283,-0.7664,270.0,E3D3,1,89.44,452.83,0,-1
367,legit_50,214.89,601.6,9.3221,-4.2366,270.0,C3B3,1,64.91,557.6,0,-1
367,legit_52,633.75,601.6,10.3801,-0.4278,270.0,E3D3,1,116.26,451.41,0,-1
367,legit_53,345.58,-1.6,11.8152,-0.1777,90.0,B0C0,0,160.28,745.93,0,-1
367,legit_54,398.4,915.29,13.6968,-0.0715,180.0,C5C4,0,91.27,551.07,0,-1
367,legit_55,42.51,598.4,13.6507,2.2959,90.0,A3B3,1,107.51,672.62,0,-1
367,legit_56,153.6,398.4,13.753,0.979,90.0,A2B2,1,38.57,619.71,0,-1
367,legit_57,965.85,201.6,9.2198,1.3967,270.0,F1E1,0,117.22,655.35,0,-1
367,legit_58,201.6,424.73,13.1144,-0.3375,0.0,B2B3,1,82.78,586.09,0,-1
367,legit_59,254.91,1001.6,12.9999,0.2551,270.0,C5B5,0,130.97,647.56,0,-1
367,legit_60,135.64,601.6,13.413,2.5387,270.0,B3A3,2,14.45,603.6,0,-1
367,legit_61,798.4,985.22,2.481,2.481,180.0,E5E4,0,106.42,584.91,0,-1
368,legit_38,998.4,496.88,13.7137,0.902,180.0,F3F2,0,115.31,572.94,0,-1
368,legit_47,798.4,408.12,13.3454,0.6253,180.0,E3E2,0,68.25,505.04,0,-1
368,legit_48,803.56,-1.6,13.5262,0.4881,90.0,:E0_6,0,132.87,731.74,0,-1
368,legit_49,647.62,601.6,12.9589,0.2307,270.0,E3D3,1,102.39,452.05,0,-1
368,legit_50,209.3,601.6,5.5891,-3.733,270.0,C3B3,1,59.33,560.54,0,-1
368,legit_52,622.44,601.6,11.3135,0.9334,270.0,E3D3,1,127.57,451.06,0,-1
368,legit_53,357.96,-1.6,12.3884,0.5732,90.0,B0C0,0,152.5,742.2,0,-1
368,legit_54,398.4,902.39,12.8972,-0.7996,180.0,C5C4,0,80.96,545.25,0,-1
368,legit_55,56.23,598.4,13.7266,0.0759,90.0,A3B3,1,93.78,662.0,0,-1
368,legit_56,166.3,398.4,12.705,-1.048,90.0,A2B2,1,41.72,612.07,0,-1
368,legit_57,954.71,201.6,11.1388,1.919,270.0,F1E1,0,125.45,650.2,0,-1
368,legit_58,201.6,437.66,12.9265,-0.1879,0.0,B2B3,1,93.24,583.32,0,-1
368,legit_59,241.86,1001.6,13.056,0.0561,270.0,C5B5,0,120.77,653.46,0,-1
368,legit_60,122.36,601.6,13.2809,-0.1321,270.0,B3A3,2,27.69,612.98,0,-1
368,legit_61,798.4,980.32,4.9007,2.4197,180.0,E5E4,0,110.81,582.31,0,-1
369,legit_38,998.4,484.11,12.7695,-0.9443,180.0,F3F2,0,126.86,574.86,0,-1
369,legit_47,798.4,394.55,13.5756,0.2302,180.0,:E2_1,0,59.47,508.7,0,-1
369,legit_48,816.24,-1.6,12.6851,-0.8412,90.0,E0F0,0,138.47,735.0,0,-1
369,legit_49,635.0,601.6,12.6214,-0.3375,270.0,E3D3,1,115.01,451.46,0,-1
369,legit_50,201.52,601.6,7.7887,2.1995,270.0,:B3_5,2,51.54,564.69,0,-1
369,legit_52,613.83,601.6,8.615,-2.6985,270.0,E3D3,1,136.18,450.88,0,-1
369,legit_53,369.73,-1.6,11.765,-0.6234,90.0,B0C0,0,145.71,738.82,0,-1
369,legit_54,398.4,889.62,12.7646,-0.1327,180.0,C5C4,0,71.59,539.69,0,-1
369,legit_55,69.36,598.4,13.1228,-0.6038,90.0,A3B3,2,80.66,651.98,0,-1
369,legit_56,179.08,398.4,12.7733,0.0683,90.0,A2B2,1,48.17,604.71,0,-1
369,legit_57,942.71,201.6,11.998,0.8591,270.0,F1E1,0,134.79,644.81,0,-1
369,legit_58,201.6,451.43,13.7672,0.8407,0.0,B2B3,1,104.98,580.57,0,-1
369,legit_59,228.54,1001.6,13.3191,0.2631,270.0,C5B5,0,110.97,659.67,0,-1
369,legit_60,109.34,601.6,13.0123,-0.2686,270.0,B3A3,2,40.69,622.33,0,-1
369,legit_61,798.4,973.14,7.1794,2.2786,180.0,E5E4,0,117.31,578.54,0,-1
370,legit_38,998.4,470.24,13.8655,1.0961,180.0,F3F2,0,121.72,577.15,0,-1
370,legit_47,798.4,380.99,13.5577,-0.0179,180.0,E2E1,0,52.76,512.64,0,-1
370,legit_48,830.11,-1.6,13.8643,1.1792,90.0,E0F0,0,145.62,738.78,0,-1
370,legit_49,624.73,601.6,10.2676,-2.3538,270.0,E3D3,1,125.28,451.12,0,-1
370,legit_50,192.22,601.6,9.2948,1.5061,270.0,B3A3,3,42.25,569.72,0,-1
370,legit_52,609.55,601.6,4.273,-4.342,270.0,E3D3,1,140.46,450.83,0,-1
370,legit_53,381.49,-1.6,11.7602,-0.0048,90.0,B0C0,0,139.57,735.6,0,-1
370,legit_54,398.4,876.76,12.8673,0.1027,180.0,C5C4,0,63.35,534.31,0,-1
370,legit_55,83.09,598.4,13.7385,0.6157,90.0,A3B3,2,66.93,641.64,0,-1
370,legit_56,187.53,398.4,8.4492,-4.3241,90.0,A2B2,1,53.69,599.99,0,-1
370,legit_57,931.16,201.6,11.5532,-0.4448,270.0,F1E1,0,144.16,639.76,0,-1
370,legit_58,201.6,464.03,12.6006,-1.1666,0.0,B2B3,2,116.12,578.24,0,-1
370,legit_59,215.67,1001.6,12.8743,-0.4448,270.0,C5B5,0,102.27,665.87,0,-1
370,legit_60,95.97,601.6,13.3747,0.3624,270.0,B3A3,2,54.05,632.09,0,-1
370,legit_61,798.4,964.5,8.6357,1.4564,180.0,E5E4,0,125.23,574.08,0,-1
371,legit_38,998.4,456.8,13.4447,-0.4208,180.0,F3F2,0,109.69,579.56,0,-1
371,legit_47,798.4,367.55,13.4405,-0.1172,180.0,E2E1,0,48.99,516.87,0,-1
371,legit_48,843.32,-1.6,13.2085,-0.6558,90.0,E0F0,0,153.28,742.58,0,-1
371,legit_49,618.79,601.6,5.9367,-4.3309,270.0,E3D3,1,131.22,450.97,0,-1
371,legit_50,181.49,601.6,10.7293,1.4345,270.0,B3A3,3,31.53,575.63,0,-1
371,legit_52,607.12,601.54,2.4529,-1.8201,269.36,:D3_7,1,142.89,450.8,0,-1
371,legit_53,394.14,-1.6,12.6475,0.8873,90.0,:C0_6,0,133.82,732.32,0,-1
371,legit_54,398.4,863.76,13.0005,0.1332,180.0,C5C4,0,56.81,529.12,0,-1
371,legit_55,96.53,598.4,13.4398,-0.2987,90.0,A3B3,2,53.49,631.68,0,-1
371,legit_56,191.58,398.4,4.0541,-4.3951,90.0,A2B2,1,56.6,597.76,0,-1
371,legit_57,919.48,201.6,11.683,0.1297,270.0,F1E1,0,153.93,634.79,0,-1
371,legit_58,201.6,477.34,13.3135,0.7129,0.0,B2B3,2,128.18,575.95,0,-1
371,legit_60,82.64,601.6,13.3283,-0.0464,270.0,B3A3,2,67.38,641.98,0,-1
371,legit_61,798.4,954.1,10.3992,1.7634,180.0,E5E4,0,123.94,568.81,0,-1
372,legit_38,998.4,443.85,12.9423,-0.5024,180.0,F3F2,0,98.46,582.05,0,-1
372,legit_47,798.4,354.13,13.4188,-0.0217,180.0,E2E1,0,48.75,521.46,0,-1
372,legit_48,855.91,-1.6,12.5949,-0.6136,90.0,E0F0,0,161.26,746.39,0,-1
372,legit_49,615.7,601.6,3.0943,-2.8424,270.0,E3D3,1,134.31,450.91,0,-1
372,legit_50,169.46,601.6,12.0359,1.3066,270.0,B3A3,3,19.52,582.4,0,-1
372,legit_52,605.74,600.27,1.9326,-0.5204,253.3,:D3_7,1,144.26,450.79,0,-1
372,legit_53,406.75,-1.6,12.6113,-0.0361,90.0,:C0_6,0,129.06,729.24,0,-1
372,legit_54,398.4,850.96,12.7909,-0.2096,180.0,C5C4,0,52.75,524.31,0,-1
372,legit_55,110.21,598.4,13.6721,0.2323,90.0,A3B3,4,39.83,621.7,0,-1
372,legit_56,197.79,398.4,6.2062,2.1521,90.0,:B2_13,1,61.3,594.4,0,-1
372,legit_57,907.39,201.6,12.089,0.4061,270.0,F1E1,0,164.31,629.81,0,-1
372,legit_58,201.6,491.15,13.8093,0.4958,0.0,B2B3,3,120.46,573.78,0,-1
372,legit_60,69.48,601.6,13.1595,-0.1688,270.0,B3A3,3,80.53,651.89,0,-1
372,legit_61,798.4,941.28,12.8223,2.4232,180.0,E5E4,0,112.25,562.47,0,-1
372,legit_62,1.6,612.3,0.0,0.0,0.0,A3A4,2,148.91,705.14,0,-1
373,legit_38,998.4,430.44,13.411,0.4686,180.0,F3F2,0,87.32,584.84,0,-1
373,legit_47,798.4,340.29,13.8413,0.4225,180.0,E2E1,0,52.26,526.56,0,-1
373,legit_48,869.25,-1.6,13.3339,0.739,90.0,E0F0,0,170.31,750.6,0,-1
373,legit_49,613.56,601.6,2.1408,-0.9535,270.0,E3D3,1,136.45,450.88,0,-1
373,legit_50,156.86,601.6,12.592,0.5561,270.0,B3A3,3,7.05,589.63,0,-1
373,legit_52,606.84,598.64,2.2079,0.2753,200.67,:D3_7,1,143.16,450.8,0,-1
373,legit_53,418.31,-1.6,11.5582,-1.0532,90.0,C0D0,0,125.66,726.59,0,-1
373,legit_54,398.4,837.19,13.773,0.9821,180.0,C5C4,0,51.68,519.47,0,-1
373,legit_55,123.7,598.4,13.4976,-0.1745,90.0,A3B3,4,26.35,612.02,0,-1
373,legit_56,205.42,398.4,7.6338,1.4276,90.0,:B2_13,1,67.42,590.33,0,-1
373,legit_57,895.57,201.6,11.8154,-0.2736,270.0,F1E1,0,166.88,625.08,0,-1
373,legit_58,201.6,503.99,12.844,-0.9654,0.0,B2B3,3,108.99,571.94,0,-1
373,legit_60,56.73,601.6,12.753,-0.4065,270.0,B3A3,3,93.28,661.62,0,-1
373,legit_61,798.4,929.08,12.2014,-0.6209,180.0,E5E4,0,101.38,556.59,0,-1
373,legit_62,1.6,613.79,1.4922,1.4922,0.0,A3A4,2,149.04,705.17,0,-1
374,legit_38,998.4,417.81,12.633,-0.778,180.0,F3F2,0,77.49,587.65,0,-1
374,legit_47,798.4,327.09,13.1967,-0.6446,180.0,E2E1,0,58.53,531.76,0,-1
374,legit_48,882.99,-1.6,13.7425,0.4086,90.0,E0F0,0,180.2,755.14,0,-1
374,legit_49,611.28,601.6,2.275,0.1342,270.0,E3D3,1,138.73,450.85,0,-1
374,legit_50,143.37,601.6,13.4953,0.9033,270.0,B3A3,4,6.82,598.21,0,-1
374,legit_52,609.15,598.4,2.3806,0.1728,124.72,D3E3,1,140.86,450.82,0,-1
374,legit_53,430.86,-1.6,12.5552,0.9971,90.0,C0D0,0,123.1,723.91,0,-1
374,legit_54,398.4,824.03,13.1587,-0.6143,180.0,C5C4,0,54.01,515.2,0,-1
374,legit_55,136.81,598.4,13.1088,-0.3889,90.0,A3B3,4,13.28,602.77,0,-1
374,legit_56,215.24,398.4,9.8199,2.186,90.0,B2C2,1,75.7,585.2,0,-1
374,legit_57,883.78,201.6,11.7898,-0.0256,270.0,F1E1,0,156.7,620.5,0,-1
374,legit_58,201.6,517.21,13.214,0.3701,0.0,B2B3,3,97.56,570.23,0,-1
374,legit_60,43.62,601.6,13.1122,0.3593,270.0,B3A3,3,106.4,671.75,0,-1
374,legit_61,798.4,916.95,12.1287,-0.0726,180.0,E5E4,0,90.91,550.91,0,-1
374,legit_62,1.6,617.21,3.4218,1.9296,0.0,A3A4,3,149.4,705.23,0,-1
375,legit_47,798.4,313.82,13.2786,0.082,180.0,E2E1,1,66.9,537.26,0,-1
375,legit_48,895.58,-1.6,12.5929,-1.1496,90.0,E0F0,0,189.69,759.48,0,-1
375,legit_49,607.3,601.6,3.9822,1.7072,270.0,E3D3,1,142.71,450.8,0,-1
375,legit_50,129.67,601.6,13.6939,0.1986,270.0,B3A3,4,20.39,607.79,0,-1
375,legit_52,613.5,598.4,4.3492,1.9686,90.0,D3E3,1,136.51,450.88,0,-1
375,legit_53,442.44,-1.6,11.5831,-0.9721,90.0,C0D0,0,121.83,721.61,0,-1
375,legit_54,398.4,811.21,12.8245,-0.3341,180.0,C5C4,0,59.09,511.34,0,-1
375,legit_55,149.89,598.4,13.0798,-0.029,90.0,A3B3,3,1.6,593.78,0,-1
375,legit_56,226.97,398.4,11.7326,1.9128,90.0,B2C2,1,86.02,579.22,0,-1
375,legit_57,871.31,201.6,12.4729,0.6831,270.0,F1E1,1,146.2,615.82,0,-1
375,legit_58,201.6,530.24,13.0309,-0.1831,0.0,B2B3,3,86.77,568.74,0,-1
375,legit_60,30.61,601.6,13.0051,-0.1071,270.0,B3A3,3,119.4,681.93,0,-1
375,legit_61,798.4,904.05,12.9046,0.7759,180.0,E5E4,0,80.28,545.04,0,-1
375,legit_62,1.6,622.28,5.066,1.6443,0.0,A3A4,2,150.06,705.36,0,-1
376,legit_47,798.4,300.74,13.073,-0.2056,180.0,E2E1,1,76.51,542.92,0,-1
376,legit_48,908.62,-1.6,13.0406,0.4477,90.0,E0F0,0,186.48,764.14,0,-1
376,legit_49,601.55,601.6,5.7542,1.772,270.0,:D3_5,1,148.46,450.78,0,-1
376,legit_50,115.81,601.6,13.8655,0.1716,270.0,B3A3,4,34.23,617.66,0,-1
376,legit_52,619.99,598.4,6.4888,2.1396,90.0,D3E3,1,130.02,451.0,0,-1
376,legit_53,454.62,-1.6,12.1723,0.5892,90.0,C0D0,0,121.69,719.39,0,-1
376,legit_55,162.6,598.4,12.709,-0.3708,90.0,A3B3,3,12.7,586.31,0,-1
376,legit_56,240.74,398.4,13.7651,2.0325,90.0,B2C2,0,98.53,572.39,0,-1
376,legit_57,859.18,201.6,12.1295,-0.3435,270.0,F1E1,1,136.3,611.43,0,-1
376,legit_58,201.6,543.49,13.2533,0.2224,0.0,B2B3,2,76.52,567.42,0,-1
376,legit_60,19.13,601.6,11.4775,-1.5275,270.0,B3A3,3,130.88,691.01,0,-1
376,legit_61,798.4,891.85,12.2008,-0.7038,180.0,E5E4,0,70.93,539.68,0,-1
376,legit_62,1.6,629.85,7.5652,2.4992,0.0,A3A4,2,151.37,705.6,0,-1
377,legit_47,798.4,287.07,13.6756,0.6026,180.0,E2E1,1,87.53,549.06,0,-1
377,legit_48,921.37,-1.6,12.7444,-0.2962,90.0,E0F0,0,177.01,768.86,0,-1
377,legit_49,593.27,601.6,8.2817,2.5275,270.0,:D3_5,1,143.27,450.8,0,-1
377,legit_50,103.2,601.6,12.6112,-1.2543,270.0,B3A3,4,46.83,626.8,0,-1
377,legit_52,628.46,598.4,8.4672,1.9784,90.0,D3E3,1,121.55,451.23,0,-1
377,legit_53,466.8,-1.6,12.1791,0.0067,90.0,C0D0,0,122.75,717.37,0,-1
377,legit_55,175.89,598.4,13.2888,0.5798,90.0,A3B3,2,25.94,578.76,0,-1
377,legit_56,254.54,398.4,13.804,0.0389,90.0,B2C2,0,111.37,565.75,0,-1
377,legit_57,847.07,201.6,12.1087,-0.0208,270.0,F1E1,1,126.81,607.21,0,-1
377,legit_58,201.6,557.1,13.6081,0.3548,0.0,B2B3,2,67.1,566.3,0,-1
377,legit_60,11.07,601.6,8.0659,-3.4116,270.0,B3A3,2,138.94,697.44,0,-1
377,legit_61,798.4,879.54,12.3101,0.1093,180.0,E5E4,0,62.5,534.47,0,-1
377,legit_62,1.6,639.4,9.5586,1.9934,0.0,A3A4,2,153.54,706.02,0,-1
378,legit_47,798.4,273.87,13.2001,-0.4754,180.0,E2E1,1,98.8,555.19,0,-1
378,legit_48,934.21,-1.6,12.8425,0.0981,90.0,E0F0,0,167.91,773.78,0,-1
378,legit_49,582.46,601.6,10.8011,2.5194,270.0,D3C3,1,132.47,450.95,0,-1
378,legit_50,89.49,601.6,13.7101,1.0989,270.0,B3A3,4,60.53,636.88,0,-1
378,legit_52,638.65,598.4,10.1927,1.7255,90.0,D3E3,1,111.36,451.61,0,-1
378,legit_53,478.76,-1.6,11.9664,-0.2127,90.0,C0D0,0,124.96,715.57,0,-1
378,legit_55,185.71,598.4,9.8161,-3.4727,90.0,A3B3,2,35.74,573.29,0,-1
378,legit_56,267.83,398.4,13.288,-0.516,90.0,B2C2,0,123.93,559.55,0,-1
378,legit_57,835.16,201.6,11.908,-0.2007,270.0,F1E1,1,117.95,603.22,0,-1
378,legit_58,201.6,569.78,12.6782,-0.9299,0.0,B2B3,2,59.8,565.49,0,-1
378,legit_60,7.5,601.6,3.5659,-4.5,270.0,B3A3,2,142.51,700.3,0,-1
378,legit_61,798.4,866.31,13.2214,0.9113,180.0,E5E4,0,55.09,529.13,0,-1
378,legit_62,1.6,651.17,11.7702,2.2115,0.0,A3A4,2,156.98,706.68,0,-1
378,legit_63,198.4,787.7,0.0,0.0,180.0,B4B3,0,71.26,590.67,0,-1
379,legit_47,798.4,260.52,13.3448,0.1447,180.0,E2E1,1,110.63,561.59,0,-1
379,legit_48,947.75,-1.6,13.5439,0.7014,90.0,E0F0,0,158.87,779.16,0,-1
379,legit_49,570.1,601.6,12.3669,1.5658,270.0,D3C3,1,120.11,451.28,0,-1
379,legit_50,75.65,601.6,13.8389,0.1288,270.0,B3A3,4,74.37,647.23,0,-1
379,legit_52,649.78,598.4,11.128,0.9353,90.0,D3E3,1,100.24,452.16,0,-1
379,legit_53,490.55,-1.6,11.7839,-0.1824,90.0,C0D0,0,128.18,713.98,0,-1
379,legit_55,191.02,598.4,5.3161,-4.5,90.0,A3B3,2,41.05,570.37,0,-1
379,legit_56,281.53,398.4,13.7011,0.4131,90.0,B2C2,0,137.02,553.34,0,-1
379,legit_57,823.29,201.6,11.8757,-0.0323,270.0,F1E1,1,109.68,599.41,0,-1
379,legit_58,201.6,582.48,12.7029,0.0247,0.0,B2B3,2,54.49,564.93,0,-1
379,legit_60,5.94,599.32,3.4006,-0.1653,234.15,:A3_5,2,144.06,701.55,0,-1
379,legit_61,798.4,853.58,12.7345,-0.4869,180.0,E5E4,0,50.27,524.26,0,-1
379,legit_62,1.6,663.79,12.615,0.8448,0.0,A3A4,2,161.53,707.58,0,-1
379,legit_63,198.4,785.83,1.8652,1.8652,180.0,B4B3,0,72.64,590.23,0,-1
380,legit_47,798.4,247.34,13.1822,-0.1626,180.0,E2E1,1,122.62,568.09,0,-1
380,legit_48,960.5,-1.6,12.7491,-0.7948,90.0,E0F0,0,150.99,784.39,0,-1
380,legit_49,557.04,601.6,13.0595,0.6926,270.0,D3C3,1,107.05,451.81,0,-1
380,legit_50,61.93,601.6,13.7216,-0.1173,270.0,B3A3,4,88.09,657.63,0,-1
380,legit_52,660.49,598.4,10.7144,-0.4136,90.0,D3E3,1,89.52,452.83,0,-1
380,legit_53,502.44,-1.6,11.8931,0.1091,90.0,C0D0,0,132.43,712.56,0,-1
380,legit_55,192.47,598.4,1.4472,-3.8688,90.0,A3B3,2,42.5,569.58,0,-1
380,legit_56,295.13,398.4,13.6002,-0.1009,90.0,B2C2,0,150.13,547.38,0,-1
380,legit_57,814.13,201.6,9.1565,-2.7193,270.0,F1E1,1,103.79,596.6,0,-1
380,legit_58,201.6,595.41,12.934,0.2311,0.0,:B3_9,2,51.8,564.66,0,-1
380,legit_60,8.75,598.4,3.1204,-0.2803,134.55,A3B3,2,141.26,699.3,0,-1
380,legit_61,798.4,840.62,12.9614,0.2269,180.0,E5E4,0,48.4,519.62,0,-1
380,legit_62,1.6,677.11,13.3217,0.7068,0.0,A3A4,2,167.24,708.74,0,-1
380,legit_63,198.4,782.64,3.1952,1.33,180.0,B4B3,0,75.05,589.49,0,-1
381,legit_47,798.4,233.96,13.3761,0.1939,180.0,E2E1,1,123.82,574.87,0,-1
381,legit_48,974.08,-1.6,13.5769,0.8278,90.0,E0F0,0,143.35,790.15,0,-1
381,legit_49,543.74,601.6,13.298,0.2384,270.0,D3C3,1,93.75,452.55,0,-1
381,legit_50,48.91,601.6,13.015,-0.7065,270.0,B3A3,3,101.1,667.64,0,-1
381,legit_52,671.63,598.4,11.1341,0.4197,90.0,D3E3,1,78.39,453.66,0,-1
381,legit_53,514.82,-1.6,12.3815,0.4884,90.0,C0D0,0,137.8,711.26,0,-1
381,legit_55,196.4,598.4,3.933,2.4858,90.0,:B3_13,2,46.43,567.44,0,-1
381,legit_56,308.43,398.4,13.3012,-0.299,90.0,B2C2,0,146.68,541.73,0,-1
381,legit_57,809.48,201.6,4.6565,-4.5,270.0,F1E1,1,100.97,595.21,0,-1
381,legit_58,201.6,608.12,12.7105,-0.2236,0.0,B3B4,1,52.24,564.7,0,-1
381,legit_60,13.93,598.4,5.1774,2.0571,90.0,A3B3,2,136.08,695.16,0,-1
381,legit_61,798.4,828.48,12.1407,-0.8207,180.0,E5E4,0,49.75,515.58,0,-1
381,legit_62,1.6,689.98,12.8729,-0.4488,0.0,A3A4,2,173.55,710.05,0,-1
381,legit_63,198.4,777.82,4.818,1.6228,180.0,B4B3,0,78.8,588.4,0,-1
382,legit_47,798.4,220.75,13.2147,-0.1615,180.0,E2E1,1,111.77,581.74,0,-1
382,legit_48,986.56,-1.6,12.4821,-1.0948,90.0,E0F0,0,137.15,795.62,0,-1
382,legit_49,530.85,601.6,12.8903,-0.4076,270.0,D3C3,0,80.87,453.46,0,-1
382,legit_50,35.81,601.6,13.1059,0.0909,270.0,B3A3,2,114.2,677.85,0,-1
382,legit_52,682.51,598.4,10.8797,-0.2544,90.0,D3E3,0,67.51,454.6,0,-1
382,legit_53,527.24,-1.6,12.4205,0.039,90.0,C0D0,0,144.06,710.15,0,-1
382,legit_55,202.42,598.4,6.0177,2.0848,90.0,:B3_13,1,52.44,564.2,0,-1
382,legit_56,321.11,398.4,12.6787,-0.6225,90.0,B2C2,0,134.49,536.52,0,-1
382,legit_57,804.28,202.23,5.3014,0.6449,277.38,:E1_4,1,98.53,593.35,0,-1
382,legit_58,201.6,621.09,12.9637,0.2532,0.0,B3B4,1,55.74,565.06,0,-1
382,legit_60,21.09,598.4,7.1596,1.9822,90.0,A3B3,2,128.92,689.46,0,-1
382,legit_61,798.4,816.05,12.4324,0.2917,180.0,E5E4,0,54.0,511.75,0,-1
382,legit_62,1.6,703.07,13.0838,0.2109,0.0,A3A4,2,180.68,711.59,0,-1
382,legit_63,198.4,771.08,6.7371,1.919,180.0,B4B3,0,84.21,586.92,0,-1
383,legit_47,798.4,207.05,13.6964,0.4817,180.0,:E1_1,1,99.6,589.06,0,-1
383,legit_48,995.86,-1.6,9.3036,-3.1785,90.0,E0F0,0,133.11,799.81,0,-1
383,legit_49,517.6,601.6,13.2481,0.3577,270.0,D3C3,0,67.62,454.59,0,-1
383,legit_50,21.95,601.6,13.8535,0.7475,270.0,B3A3,2,128.06,688.77,0,-1
383,legit_52,693.22,598.4,10.7142,-0.1655,90.0,D3E3,0,56.8,455.66,0,-1
383,legit_53,539.8,-1.6,12.5629,0.1424,90.0,C0D0,0,151.17,709.21,0,-1
383,legit_55,210.23,598.4,7.8138,1.796,90.0,B3C3,1,60.25,560.05,0,-1
383,legit_56,333.87,398.4,12.7626,0.0838,90.0,B2C2,0,122.31,531.45,0,-1
383,legit_57,801.73,206.29,5.0877,-0.2137,328.37,:E1_4,1,100.61,590.41,0,-1
383,legit_58,201.6,633.75,12.6568,-0.3069,0.0,B3B4,2,61.65,565.69,0,-1
383,legit_60,29.89,598.4,8.8089,1.6494,90.0,A3B3,2,120.12,682.49,0,-1
383,legit_61,798.4,803.02,13.0243,0.5919,180.0,:E4_1,0,60.91,508.02,0,-1
383,legit_62,1.6,716.03,12.9592,-0.1246,0.0,A3A4,2,188.37,713.31,0,-1
383,legit_63,198.4,762.47,8.6177,1.8806,180.0,B4B3,1,91.4,585.1,0,-1
384,legit_47,798.4,193.87,13.181,-0.5154,180.0,:E1_1,1,88.32,596.28,0,-1
384,legit_48,1000.47,-0.29,4.9332,-4.3703,74.33,:F0_1,0,130.09,800.95,0,-1
384,legit_49,504.53,601.6,13.0699,-0.1782,270.0,D3C3,0,54.55,455.9,0,-1
384,legit_50,12.6,601.6,9.3535,-4.5,270.0,B3A3,2,137.41,696.22,0,-1
384,legit_52,704.12,598.4,10.9009,0.1866,90.0,D3E3,0,45.91,456.88,0,-1
384,legit_53,551.39,-1.6,11.5892,-0.9737,90.0,C0D0,0,158.33,708.5,0,-1
384,legit_55,220.36,598.4,10.1213,2.3075,90.0,B3C3,1,70.37,554.76,0,-1
384,legit_56,347.7,398.4,13.8256,1.0631,90.0,B2C2,0,109.27,526.16,0,-1
384,legit_57,801.6,212.12,5.8352,0.7475,359.87,E1E2,1,105.59,587.23,0,-1
384,legit_58,201.6,646.99,13.24,0.5832,0.0,B3B4,2,69.79,566.61,0,-1
384,legit_60,40.73,598.4,10.834,2.0251,90.0,A3B3,2,109.28,674.0,0,-1
384,legit_61,798.4,790.58,12.4421,-0.5822,180.0,E4E3,0,69.17,504.71,0,-1
384,legit_62,1.6,729.27,13.2419,0.2827,0.0,A3A4,2,185.16,715.27,0,-1
384,legit_63,198.4,751.88,10.5857,1.968,180.0,B4B3,1,100.54,582.98,0,-1
384,legit_64,598.4,787.7,0.0,0.0,180.0,D4D3,0,157.35,476.85,0,-1
385,legit_47,798.4,180.56,13.31,0.129,180.0,E1E0,1,77.53,603.76,0,-1
385,legit_48,1001.6,4.88,5.424,0.4908,10.79,F0F1,0,124.88,797.64,0,-1
385,legit_49,491.72,601.6,12.8069,-0.263,270.0,D3C3,0,41.75,457.38,0,-1
385,legit_50,7.75,601.6,4.8535,-4.5,270.0,B3A3,2,142.26,700.1,0,-1
385,legit_52,714.96,598.4,10.8349,-0.066,90.0,D3E3,0,35.08,458.23,0,-1
385,legit_53,564.16,-1.6,12.7629,1.1737,90.0,C0D0,0,166.79,707.9,0,-1
385,legit_55,232.7,598.4,12.3473,2.226,90.0,B3C3,2,82.72,548.45,0,-1
385,legit_56,360.56,398.4,12.8637,-0.9619,90.0,B2C2,0,97.33,521.42,0,-1
385,legit_57,801.6,220.12,7.9981,2.1629,0.0,E1E2,1,112.63,582.98,0,-1
385,legit_58,201.6,660.3,13.3142,0.0742,0.0,B3B4,2,79.36,567.77,0,-1
385,legit_60,53.78,598.4,13.0532,2.2192,90.0,A3B3,1,96.23,663.88,0,-1
385,legit_61,798.4,777.85,12.7291,0.287,180.0,E4E3,0,78.77,501.54,0,-1
385,legit_62,1.6,741.73,12.4617,-0.7802,0.0,A3A4,1,177.99,717.29,0,-1
385,legit_63,198.4,739.61,12.2709,1.6853,180.0,B4B3,2,111.45,580.67,0,-1
385,legit_64,598.4,785.7,2.0034,2.0034,180.0,D4D3,0,158.02,476.31,0,-1
386,legit_47,798.4,167.89,12.6709,-0.6391,180.0,E1E0,1,68.09,611.07,0,-1
386,legit_48,1001.6,12.88,8.0013,2.5773,0.0,F0F1,0,117.54,791.75,0,-1
386,legit_49,478.13,601.6,13.5986,0.7917,270.0,D3C3,0,28.17,459.16,0,-1
386,legit_50,5.86,599.48,3.46,-1.3935,238.28,:A3_5,1,144.14,701.62,0,-1
386,legit_52,725.66,598.4,10.7088,-0.1261,90.0,D3E3,0,24.39,459.69,0,-1
386,legit_53,576.53,-1.6,12.3696,-0.3934,90.0,C0D0,0,175.49,707.5,0,-1
386,legit_55,246.45,598.4,13.7526,1.4053,90.0,B3C3,2,96.47,541.6,0,-1
386,legit_56,374.13,398.4,13.5643,0.7006,90.0,B2C2,0,85.04,516.63,0,-1
386,legit_57,801.6,229.75,9.6328,1.6348,0.0,E1E2,1,121.27,577.95,0,-1
386,legit_58,201.6,673.91,13.6135,0.2993,0.0,B3B4,2,90.14,569.19,0,-1
386,legit_60,66.53,598.4,12.7499,-0.3033,90.0,A3B3,1,83.48,654.13,0,-1
386,legit_61,798.4,765.05,12.8044,0.0752,180.0,E4E3,0,89.22,498.56,0,-1
386,legit_62,1.6,754.62,12.886,0.4243,0.0,A3A4,0,171.21,719.58,0,-1
386,legit_63,198.4,726.87,12.7425,0.4715,180.0,B4B3,2,123.05,578.44,0,-1
386,legit_64,598.4,782.19,3.5041,1.5007,180.0,D4D3,0,159.26,475.37,0,-1
387,legit_47,798.4,154.35,13.5374,0.8666,180.0,E1E0,1,59.35,619.1,0,-1
387,legit_48,1001.6,23.04,10.155,2.1537,0.0,F0F1,0,108.37,784.34,0,-1
387,legit_49,464.98,601.6,13.1444,-0.4543,270.0,D3C3,0,15.07,461.08,0,-1
387,legit_50,8.08,598.4,2.6333,-0.8266,155.28,A3B3,1,141.93,699.84,0,-1
387,legit_52,737.07,598.4,11.4033,0.6946,90.0,D3E3,0,13.03,461.4,0,-1
387,legit_53,586.95,-1.6,10.4283,-1.9412,90.0,C0D0,0,183.15,707.29,0,-1
387,legit_55,259.27,598.4,12.8184,-0.9342,90.0,B3C3,2,109.29,535.39,0,-1
387,legit_56,383.79,398.4,9.6612,-3.9031,90.0,B2C2,0,76.54,513.36,0,-1
387,legit_57,801.6,240.91,11.1647,1.5319,0.0,E1E2,1,129.78,572.23,0,-1
387,legit_58,201.6,687.42,13.5027,-0.1109,0.0,B3B4,2,101.51,570.81,0,-1
387,legit_60,80.21,598.4,13.6799,0.9299,90.0,A3B3,1,69.81,643.8,0,-1
387,legit_61,798.4,752.82,12.2303,-0.5741,180.0,E4E3,0,99.72,495.89,0,-1
387,legit_62,1.6,767.91,13.2979,0.4119,0.0,A3A4,0,164.98,722.14,0,-1
387,legit_63,198.4,714.54,12.3263,-0.4162,180.0,B4B3,2,124.35,576.44,0,-1
387,legit_64,598.4,776.68,5.5101,2.006,180.0,D4D3,0,161.34,473.94,0,-1
388,legit_47,798.4,140.9,13.4559,-0.0815,180.0,E1E0,1,52.72,627.34,0,-1
388,legit_48,1001.6,35.03,11.9909,1.8359,0.0,F0F1,0,97.79,775.68,0,-1
388,legit_49,451.51,601.6,13.4692,0.3249,270.0,D3C3,0,2.2,463.28,0,-1
388,legit_50,12.59,598.4,4.5175,1.8842,90.0,A3B3,1,137.41,696.22,0,-1
388,legit_52,747.65,598.4,10.5871,-0.8162,90.0,D3E3,0,2.84,463.13,0,-1
388,legit_53,593.44,-1.51,6.4899,-3.9385,88.96,:D0_7,0,187.99,707.15,0,-1
388,legit_55,273.0,598.4,13.7254,0.907,90.0,B3C3,2,123.01,528.92,0,-1
388,legit_56,390.26,398.4,6.4728,-3.1884,90.0,B2C2,0,71.02,511.23,0,-1
388,legit_57,801.6,252.75,11.8309,0.6662,0.0,E1E2,1,119.02,566.32,0,-1
388,legit_58,201.6,700.3,12.8812,-0.6214,0.0,B3B4,3,112.79,572.54,0,-1
388,legit_60,92.89,598.4,12.6752,-1.0046,90.0,A3B3,3,57.14,634.37,0,-1
388,legit_61,798.4,740.69,12.1292,-0.101,180.0,E4E3,0,110.48,493.42,0,-1
388,legit_62,1.6,780.61,12.6918,-0.6061,0.0,A3A4,0,159.84,724.77,0,-1
388,legit_63,198.4,701.82,12.7238,0.3974,180.0,B4B3,3,112.74,574.54,0,-1
388,legit_64,598.4,769.01,7.6696,2.1595,180.0,D4D3,0,164.5,472.01,0,-1
389,legit_47,798.4,127.8,13.1012,-0.3547,180.0,E1E0,1,49.02,635.64,0,-1
389,legit_48,1001.6,48.35,13.3165,1.3256,0.0,F0F1,0,86.47,766.19,0,-1
389,legit_49,438.9,601.6,12.6149,-0.8543,270.0,D3C3,0,11.22,466.59,0,-1
389,legit_50,18.57,598.4,5.9708,1.4533,90.0,A3B3,1,131.44,691.46,0,-1
389,legit_52,758.13,598.4,10.476,-0.1112,90.0,D3E3,1,8.29,465.75,0,-1
389,legit_53,599.54,0.83,6.722,0.2322,64.56,:D0_10,0,191.22,705.26,0,-1
389,legit_55,286.3,598.4,13.3036,-0.4218,90.0,B3C3,2,136.31,522.84,0,-1
389,legit_56,395.6,397.84,5.4173,-1.0555,96.47,:C2_12,0,66.27,509.67,0,-1
389,legit_57,801.6,264.26,11.5131,-0.3178,0.0,E1E2,1,108.76,560.7,0,-1
389,legit_58,201.6,713.78,13.4833,0.6021,0.0,B3B4,2,124.93,574.53,0,-1
389,legit_60,105.65,598.4,12.7592,0.0839,90.0,A3B3,2,44.38,625.01,0,-1
389,legit_61,798.4,728.57,12.1115,-0.0178,180.0,E4E3,1,121.48,491.13,0,-1
389,legit_62,1.6,793.28,12.673,-0.0188,0.0,:A4_7,0,155.58,727.59,0,-1
389,legit_63,198.4,689.17,12.644,-0.0798,180.0,B4B3,3,101.46,572.82,0,-1
389,legit_64,598.4,759.76,9.2548,1.5852,180.0,D4D3,0,168.7,469.8,0,-1
390,legit_47,798.4,114.79,13.008,-0.0932,180.0,E1E0,0,48.68,644.19,0,-1
390,legit_48,1001.6,62.11,13.7657,0.4492,0.0,F0F1,0,75.46,756.53,0,-1
390,legit_49,425.51,601.6,13.3908,0.7759,270.0,D3C3,1,24.55,470.49,0,-1
390,legit_50,25.86,598.4,7.2993,1.3284,90.0,A3B3,1,124.15,685.67,0,-1
390,legit_52,769.29,598.4,11.1583,0.6823,90.0,D3E3,2,19.35,468.95,0,-1
390,legit_53,601.58,7.03,6.6669,-0.0551,13.91,:D0_10,0,186.52,700.32,0,-1
390,legit_55,299.86,598.4,13.5557,0.2521,90.0,B3C3,2,149.87,516.83,0,-1
390,legit_56,398.4,392.79,6.1566,0.7393,157.86,C2C1,0,61.14,510.19,0,-1
390,legit_57,801.6,275.69,11.4303,-0.0828,0.0,E1E2,0,98.85,555.26,0,-1
390,legit_58,201.6,726.53,12.745,-0.7384,0.0,B3B4,1,124.66,576.6,0,-1
390,legit_60,118.28,598.4,12.6377,-0.1214,90.0,A3B3,2,31.76,615.89,0,-1
390,legit_61,798.4,715.42,13.1503,1.0389,180.0,E4E3,2,125.16,488.82,0,-1
390,legit_62,1.6,806.05,12.776,0.103,0.0,:A4_7,0,152.23,730.63,0,-1
390,legit_63,198.4,677.21,11.9669,-0.6771,180.0,B4B3,3,91.12,571.35,0,-1
390,legit_64,598.4,748.4,11.3625,2.1077,180.0,D4D3,0,174.4,467.25,0,-1
390,legit_65,787.7,601.6,0.0,0.0,270.0,E3D3,2,37.73,474.54,0,-1
391,legit_47,798.4,101.37,13.414,0.406,180.0,E1E0,0,51.86,653.32,0,-1
391,legit_48,1001.6,74.75,12.644,-1.1217,0.0,F0F1,0,66.25,747.82,0,-1
391,legit_49,416.1,601.6,9.4066,-3.9842,270.0,D3C3,1,33.94,473.35,0,-1
391,legit_50,34.5,598.4,8.6312,1.3319,90.0,A3B3,1,115.51,678.88,0,-1
391,legit_52,780.1,598.4,10.8075,-0.3508,90.0,D3E3,2,30.14,472.18,0,-1
391,legit_53,601.6,13.39,6.3524,-0.3145,0.0,D0D1,0,182.73,695.31,0,-1
391,legit_55,312.96,598.4,13.1065,-0.4492,90.0,B3C3,2,137.04,511.2,0,-1
391,legit_56,398.4,384.85,7.9431,1.7865,180.0,C2C1,0,57.27,512.49,0,-1
391,legit_57,801.6,288.25,12.5616,1.1313,0.0,E1E2,0,88.38,549.46,0,-1
391,legit_58,201.6,739.79,13.2691,0.5241,0.0,B3B4,1,112.71,578.93,0,-1
391,legit_60,131.64,598.4,13.3542,0.7165,90.0,A3B3,2,18.43,606.4,0,-1
391,legit_61,798.4,703.34,12.0845,-1.0658,180.0,E4E3,2,114.11,486.87,0,-1
391,legit_62,1.6,819.05,12.9956,0.2196,0.0,A4A5,0,149.87,733.92,0,-1
391,legit_63,198.4,664.25,12.9576,0.9907,180.0,B4B3,3,80.44,569.94,0,-1
391,legit_64,598.4,737.2,11.1968,-0.1657,180.0,D4D3,0,180.53,464.92,0,-1
391,legit_65,785.77,601.6,1.9275,1.9275,270.0,E3D3,2,35.81,473.94,0,-1
392,legit_47,798.4,88.45,12.9251,-0.4889,180.0,E1E0,0,57.78,662.39,0,-1
392,legit_48,1001.6,87.69,12.9366,0.2926,0.0,F0F1,0,58.19,739.08,0,-1
392,legit_49,409.98,601.6,6.12,-3.2866,270.0,D3C3,1,40.05,475.27,0,-1
392,legit_50,45.55,598.4,11.049,2.4178,90.0,A3B3,1,104.47,670.25,0,-1
392,legit_52,790.51,598.4,10.4127,-0.3948,90.0,D3E3,2,40.54,475.43,0,-1
392,legit_53,601.6,21.86,8.4705,2.1181,0.0,D0D1,0,177.92,688.67,0,-1
392,legit_55,326.05,598.4,13.0845,-0.022,90.0,B3C3,2,123.96,505.77,0,-1
392,legit_56,398.4,374.96,9.8869,1.9438,180.0,C2C1,0,53.73,515.51,0,-1
392,legit_57,801.6,300.06,11.8079,-0.7537,0.0,E1E2,0,79.09,544.17,0,-1
392,legit_58,201.6,753.28,13.4869,0.2178,0.0,B3B4,1,100.91,581.49,0,-1
392,legit_60,145.14,598.4,13.5055,0.1513,90.0,A3B3,2,5.11,596.99,0,-1
392,legit_61,798.4,691.15,12.1868,0.1022,180.0,E4E3,2,103.21,485.08,0,-1
392,legit_62,1.6,831.58,12.5303,-0.4652,0.0,A4A5,0,148.64,737.29,0,-1
392,legit_63,198.4,651.03,13.2172,0.2596,180.0,B4B3,3,70.33,568.7,0,-1
392,legit_64,598.4,725.53,11.6645,0.4677,180.0,D4D3,0,187.42,462.67,0,-1
392,legit_65,782.49,601.6,3.2785,1.3509,270.0,E3D3,2,32.53,472.92,0,-1
393,legit_47,798.4,75.33,13.1225,0.1974,180.0,E1E0,0,65.87,671.84,0,-1
393,legit_48,1001.6,100.94,13.2533,0.3167,0.0,F0F1,0,52.02,730.35,0,-1
393,legit_49,401.36,601.6,8.6179,2.4978,270.0,:C3_5,1,48.66,478.04,0,-1
393,legit_50,58.52,598.4,12.978,1.9291,90.0,A3B3,2,91.49,660.24,0,-1
393,legit_53,601.6,32.01,10.1561,1.6856,0.0,D0D1,0,172.52,680.79,0,-1
393,legit_55,339.78,598.4,13.7316,0.6471,90.0,B3C3,2,110.23,500.25,0,-1
393,legit_56,398.4,362.54,12.4294,2.5426,180.0,C2C1,0,51.66,519.56,0,-1
393,legit_57,801.6,312.24,12.1847,0.3768,0.0,E1E2,0,70.31,538.9,0,-1
393,legit_58,201.6,767.0,13.7233,0.2364,0.0,B3B4,1,89.39,584.29,0,-1
393,legit_60,158.19,598.4,13.0497,-0.4558,90.0,A3B3,2,8.35,588.86,0,-1
393,legit_61,798.4,677.96,13.1911,1.0043,180.0,E4E3,1,91.76,483.33,0,-1
393,legit_62,1.6,843.83,12.2471,-0.2833,0.0,A4A5,0,148.45,740.76,0,-1
393,legit_63,198.4,638.78,12.2542,-0.963,180.0,B4B3,4,62.02,567.76,0,-1
393,legit_64,598.4,713.78,11.7524,0.0879,180.0,D4D3,0,187.0,460.59,0,-1
393,legit_65,776.84,601.6,5.6581,2.3797,270.0,E3D3,1,26.88,471.19,0,-1
394,legit_47,798.4,62.57,12.7547,-0.3678,180.0,E1E0,0,75.1,681.21,0,-1
394,legit_48,1001.6,114.74,13.7909,0.5376,0.0,F0F1,0,48.69,721.56,0,-1
394,legit_49,390.96,601.6,10.3996,1.7818,270.0,C3B3,1,59.06,481.5,0,-1
394,legit_50,71.14,598.4,12.6168,-0.3612,90.0,A3B3,2,78.88,650.63,0,-1
394,legit_53,601.6,44.37,12.354,2.1979,0.0,D0D1,0,166.56,671.33,0,-1
394,legit_55,353.55,598.4,13.7721,0.0406,90.0,B3C3,1,96.46,494.93,0,-1
394,legit_56,398.4,348.87,13.6692,1.2398,180.0,C2C1,0,52.79,524.37,0,-1
394,legit_57,801.6,324.54,12.2966,0.1119,0.0,E1E2,0,62.61,533.78,0,-1
394,legit_58,201.6,779.75,12.7414,-0.9819,0.0,B3B4,0,79.33,587.09,0,-1
394,legit_60,172.07,598.4,13.8732,0.8236,90.0,A3B3,2,22.12,580.92,0,-1
394,legit_61,798.4,665.3,12.659,-0.5321,180.0,E4E3,1,81.28,481.85,0,-1
394,legit_62,1.6,856.02,12.1918,-0.0552,0.0,A4A5,0,149.26,744.4,0,-1
394,legit_63,198.4,625.92,12.8568,0.6026,180.0,B4B3,2,54.9,567.01,0,-1
394,legit_64,598.4,701.6,12.1795,0.4272,180.0,D4D3,0,179.85,458.65,0,-1
394,legit_65,768.91,601.6,7.9233,2.2652,270.0,E3D3,1,18.98,468.84,0,-1
395,legit_47,798.4,49.29,13.2847,0.5299,180.0,E1E0,0,85.69,691.13,0,-1
395,legit_48,1001.6,127.85,13.1154,-0.6755,0.0,F0F1,0,49.03,713.51,0,-1
395,legit_49,378.86,601.6,12.106,1.7064,270.0,C3B3,1,71.16,485.67,0,-1
395,legit_50,83.82,598.4,12.6827,0.0659,90.0,A3B3,2,66.2,641.1,0,-1
395,legit_53,601.6,56.57,12.2061,-0.1479,0.0,D0D1,0,161.39,662.13,0,-1
395,legit_55,367.01,598.4,13.4578,-0.3143,90.0,B3C3,1,83.0,489.92,0,-1
395,legit_56,398.4,335.91,12.9561,-0.7131,180.0,C2C1,0,56.95,529.25,0,-1
395,legit_57,801.6,336.85,12.313,0.0164,0.0,E1E2,0,56.55,528.89,0,-1
395,legit_58,201.6,787.99,8.2414,-4.5,0.0,B3B4,0,73.27,589.0,0,-1
395,legit_60,182.15,598.4,10.0789,-3.7944,90.0,A3B3,2,32.19,575.26,0,-1
395,legit_61,798.4,652.6,12.7006,0.0416,180.0,E4E3,1,71.48,480.57,0,-1
395,legit_62,1.6,868.78,12.7607,0.5689,0.0,A4A5,0,151.17,748.4,0,-1
395,legit_63,198.4,613.45,12.4682,-0.3887,180.0,B4B3,2,50.23,566.54,0,-1
395,legit_64,598.4,689.59,12.0134,-0.1661,180.0,D4D3,0,173.35,456.93,0,-1
395,legit_65,758.94,601.6,9.9701,2.0468,270.0,E3D3,1,9.08,465.98,0,-1
396,legit_47,798.4,35.47,13.8164,0.5317,180.0,E1E0,0,97.41,701.62,0,-1
396,legit_48,1001.6,141.65,13.8019,0.6865,0.0,F0F1,0,53.02,705.35,0,-1
396,legit_49,365.34,601.6,13.5126,1.4066,270.0,C3B3,1,84.67,490.53,0,-1
396,legit_50,96.55,598.4,12.7243,0.0416,90.0,A3B3,2,53.48,631.67,0,-1
396,legit_53,601.6,68.26,11.6926,-0.5135,0.0,D0D1,0,157.16,653.47,0,-1
396,legit_55,378.85,598.4,11.8353,-1.6224,90.0,B3C3,1,71.17,485.68,0,-1
396,legit_56,398.4,322.9,13.0141,0.058,180.0,C2C1,0,63.56,534.45,0,-1
396,legit_57,801.6,348.42,11.5693,-0.7437,0.0,E1E2,0,52.88,524.53,0,-1
396,legit_58,201.6,792.43,4.4424,-3.799,0.0,B3B4,0,70.18,590.07,0,-1
396,legit_60,189.48,598.4,7.3363,-2.7425,90.0,A3B3,2,39.51,571.21,0,-1
396,legit_61,798.4,640.01,12.5934,-0.1072,180.0,E4E3,1,62.8,479.53,0,-1
396,legit_62,1.6,881.24,12.4554,-0.3053,0.0,A4A5,0,154.02,752.49,0,-1
396,legit_63,198.4,600.98,12.4736,0.0054,180.0,:B3_1,2,48.41,566.36,0,-1
396,legit_64,598.4,677.21,12.3746,0.3612,180.0,D4D3,0,167.29,455.37,0,-1
396,legit_65,746.92,601.6,12.0207,2.0505,270.0,E3D3,1,3.47,463.0,0,-1
396,legit_66,387.7,1001.6,0.0,0.0,270.0,C5B5,0,100.14,597.8,0,-1
397,legit_47,798.4,21.66,13.8113,-0.0051,180.0,E1E0,0,109.61,712.26,0,-1
397,legit_48,1001.6,155.04,13.3828,-0.4191,0.0,F0F1,0,59.75,697.72,0,-1
397,legit_49,352.09,601.6,13.2533,-0.2593,270.0,C3B3,1,97.92,495.48,0,-1
397,legit_50,109.79,598.4,13.2461,0.5218,90.0,A3B3,2,40.24,622.0,0,-1
397,legit_53,601.6,80.8,12.5402,0.8476,0.0,D0D1,0,153.49,644.34,0,-1
397,legit_55,387.61,598.4,8.7656,-3.0697,90.0,B3C3,1,62.41,482.64,0,-1
397,legit_56,398.4,309.75,13.1502,0.1361,180.0,C2C1,0,72.03,539.96,0,-1
397,legit_57,801.6,359.96,11.5344,-0.0349,0.0,E1E2,0,51.6,520.44,0,-1
397,legit_58,199.03,793.75,3.9034,-0.5391,313.2,:B4_19,0,67.4,591.77,0,-1
397,legit_60,192.32,598.4,2.8363,-4.5,90.0,A3B3,2,42.35,569.66,0,-1
397,legit_61,798.4,627.53,12.479,-0.1144,180.0,E4E3,1,55.68,478.73,0,-1
397,legit_62,1.6,893.7,12.4658,0.0104,0.0,A4A5,0,157.82,756.76,0,-1
397,legit_63,198.4,588.87,12.1057,-0.3679,180.0,B3B2,2,49.66,566.48,0,-1
397,legit_64,598.4,666.02,11.1902,-1.1844,180.0,D4D3,1,162.42,454.15,0,-1
397,legit_65,733.57,601.6,13.3509,1.3303,270.0,E3D3,2,16.51,460.86,0,-1
397,legit_66,386.37,1001.6,1.3251,1.3251,270.0,C5B5,0,100.97,598.2,0,-1
398,legit_47,798.4,8.23,13.4257,-0.3856,180.0,E1E0,0,121.8,722.73,0,-1
398,legit_48,1001.6,168.24,13.1996,-0.1832,0.0,F0F1,0,68.33,690.43,0,-1
398,legit_49,339.44,601.6,12.6549,-0.5984,270.0,C3B3,3,110.58,500.39,0,-1
398,legit_50,123.4,598.4,13.6107,0.3646,90.0,A3B3,2,26.64,612.23,0,-1
398,legit_53,601.6,93.4,12.5931,0.053,0.0,D0D1,0,150.77,635.36,0,-1
398,legit_55,391.88,598.4,4.2656,-4.5,90.0,B3C3,1,58.14,481.19,0,-1
398,legit_56,398.4,296.94,12.8085,-0.3417,180.0,C2C1,0,81.48,545.55,0,-1
398,legit_57,801.6,371.72,11.7652,0.2308,0.0,E1E2,0,52.91,516.54,0,-1
398,legit_58,198.4,790.83,3.1068,-0.7965,214.27,B4B3,0,68.99,591.41,0,-1
398,legit_60,197.07,596.89,5.1277,2.2913,108.12,:B3_12,3,47.17,567.09,0,-1
398,legit_61,798.4,614.93,12.5966,0.1176,180.0,E4E3,1,50.65,478.19,0,-1
398,legit_62,1.6,906.37,12.6701,0.2043,0.0,A4A5,0,162.57,761.29,0,-1
398,legit_63,198.4,576.25,12.6282,0.5225,180.0,B3B2,3,53.92,566.91,0,-1
398,legit_64,598.4,653.67,12.3509,1.1607,180.0,D4D3,1,157.81,453.01,0,-1
398,legit_65,719.89,601.6,13.6784,0.3274,270.0,E3D3,2,30.15,458.89,0,-1
398,legit_66,382.53,1001.6,3.8451,2.52,270.0,C5B5,0,103.43,599.37,0,-1
399,legit_48,1001.6,180.03,11.7977,-1.4019,0.0,F0F1,0,77.11,684.08,0,-1
399,legit_49,325.57,601.6,13.8634,1.2085,270.0,C3B3,3,124.44,505.96,0,-1
399,legit_50,137.27,598.4,13.8689,0.2582,90.0,A3B3,2,12.83,602.45,0,-1
399,legit_53,601.6,105.66,12.2574,-0.3357,0.0,D0D1,0,149.09,626.8,0,-1
399,legit_55,398.22,598.4,6.347,2.0814,90.0,:C3_13,1,51.8,479.07,0,-1
399,legit_56,398.4,283.35,13.585,0.7765,180.0,C2C1,0,92.4,551.7,0,-1
399,legit_57,801.6,384.05,12.324,0.5588,0.0,E1E2,0,56.93,512.73,0,-1
399,legit_58,198.4,786.29,4.5403,1.4335,180.0,B4B3,0,72.3,590.34,0,-1
399,legit_60,198.4,591.35,5.8372,0.7095,169.41,B3B2,3,49.17,566.43,0,-1
399,legit_61,798.4,602.22,12.7152,0.1186,180.0,:E3_1,1,48.45,477.97,0,-1
399,legit_62,1.6,919.28,12.9077,0.2376,0.0,A4A5,0,168.25,766.08,0,-1
399,legit_63,198.4,563.98,12.2643,-0.3639,180.0,B3B2,3,60.33,567.58,0,-1
399,legit_64,598.4,642.01,11.6657,-0.6852,180.0,D4D3,1,154.23,452.15,0,-1
399,legit_65,706.29,601.6,13.6069,-0.0714,270.0,E3D3,2,43.74,457.14,0,-1
399,legit_66,377.02,1001.6,5.5076,1.6626,270.0,C5B5,0,107.11,601.07,0,-1
400,legit_48,1001.6,188.61,8.573,-3.2247,0.0,F0F1,0,83.96,679.57,0,-1
400,legit_49,312.44,601.6,13.132,-0.7314,270.0,C3B3,3,137.57,511.43,0,-1
400,legit_50,150.58,598.4,13.3036,-0.5653,90.0,A3B3,2,1.7,593.35,0,-1
400,legit_53,601.6,118.36,12.6999,0.4425,0.0,D0D1,0,148.41,618.14,0,-1
400,legit_55,406.09,598.4,7.8608,1.5138,90.0,:C3_13,1,43.94,476.51,0,-1
400,legit_56,398.4,270.33,13.0213,-0.5637,180.0,C2C1,0,103.46,557.79,0,-1
400,legit_57,801.6,395.93,11.88,-0.4439,0.0,:E2_9,0,62.87,509.31,0,-1
400,legit_58,198.4,779.76,6.5345,1.9942,180.0,B4B3,0,77.28,588.83,0,-1
400,legit_60,198.4,584.04,7.3022,1.4651,180.0,B3B2,3,50.96,566.61,0,-1
400,legit_61,798.4,589.77,12.4473,-0.2679,180.0,E3E2,1,49.47,478.07,0,-1
400,legit_62,1.6,932.44,13.1591,0.2514,0.0,A4A5,0,174.84,771.16,0,-1
400,legit_63,198.4,551.43,12.5523,0.288,180.0,B3B2,3,68.57,568.5,0,-1
400,legit_64,598.4,629.67,12.3385,0.6728,180.0,D4D3,1,151.34,451.46,0,-1
400,legit_65,692.46,601.6,13.8259,0.219,270.0,E3D3,2,57.56,455.58,0,-1
400,legit_66,369.56,1001.6,7.4645,1.9568,270.0,C5B5,0,112.33,603.44,0,-1
401,legit_48,1001.6,192.68,4.073,-4.5,0.0,F0F1,0,87.32,677.45,0,-1
401,legit_49,299.3,601.6,13.1354,0.0034,270.0,C3B3,4,149.31,517.07,0,-1
401,legit_50,163.41,598.4,12.8322,-0.4713,90.0,A3B3,3,13.5,585.85,0,-1
401,legit_53,601.6,129.96,11.6012,-1.0987,0.0,D0D1,0,148.73,610.4,0,-1
401,legit_55,415.78,598.4,9.6921,1.8313,90.0,C3D3,1,34.26,473.45,0,-1
401,legit_56,398.4,257.22,13.1061,0.0848,180.0,C2C1,0,115.0,564.11,0,-1
401,legit_57,801.6,407.51,11.5869,-0.2932,0.0,E2E3,0,70.14,506.19,0,-1
401,legit_58,198.4,770.95,8.8071,2.2726,180.0,B4B3,0,84.33,586.89,0,-1
401,legit_60,198.4,574.49,9.5528,2.2506,180.0,B3B2,3,54.71,566.99,0,-1
401,legit_61,798.4,577.68,12.0925,-0.3548,180.0,E3E2,1,53.3,478.47,0,-1
401,legit_62,1.6,945.27,12.8347,-0.3244,0.0,A4A5,0,181.95,776.29,0,-1
401,legit_63,198.4,538.53,12.8956,0.3433,180.0,B3B2,3,78.23,569.66,0,-1
401,legit_64,598.4,618.28,11.3916,-0.9469,180.0,D4D3,1,149.52,451.04,0,-1
401,legit_65,679.77,601.6,12.6941,-1.1318,270.0,E3D3,2,70.25,454.35,0,-1
401,legit_66,359.81,1001.6,9.7448,2.2803,270.0,C5B5,0,119.5,606.63,0,-1
402,legit_48,1000.06,194.37,2.3872,-1.6858,340.32,:F1_11,0,89.58,675.79,0,-1
402,legit_49,285.48,601.6,13.8255,0.6901,270.0,C3B3,4,135.49,523.21,0,-1
402,legit_50,176.52,598.4,13.1109,0.2786,90.0,A3B3,3,26.57,578.41,0,-1
402,legit_53,601.6,141.61,11.6536,0.0524,0.0,D0D1,0,149.97,602.8,0,-1
402,legit_55,427.51,598.4,11.7312,2.0391,90.0,C3D3,1,22.55,469.89,0,-1
402,legit_56,398.4,244.63,12.5952,-0.5109,180.0,C2C1,0,126.38,570.36,0,-1
402,legit_57,801.6,419.12,11.6105,0.0237,0.0,E2E3,1,78.47,503.25,0,-1
402,legit_58,198.4,759.92,11.0283,2.2212,180.0,B4B3,1,93.57,584.58,0,-1
402,legit_60,198.4,562.97,11.525,1.9722,180.0,B3B2,3,60.94,567.64,0,-1
402,legit_61,798.4,565.43,12.2502,0.1577,180.0,E3E2,2,59.48,479.15,0,-1
402,legit_62,1.6,958.11,12.8395,0.0048,0.0,A4A5,0,189.67,781.59,0,-1
402,legit_63,198.4,525.98,12.5547,-0.3409,180.0,B3B2,3,88.44,570.98,0,-1
402,legit_64,598.4,607.0,11.2735,-0.1181,180.0,:D3_1,1,148.57,450.81,0,-1
402,legit_65,666.89,601.6,12.8732,0.1791,270.0,E3D3,2,83.12,453.29,0,-1
402,legit_66,347.7,1001.6,12.1125,2.3677,270.0,C5B5,0,128.89,610.76,0,-1
402,legit_67,198.4,787.7,0.0,0.0,180.0,B4B3,1,71.26,590.67,0,-1
403,legit_48,998.4,191.92,3.2819,0.8947,245.25,F1F0,0,88.52,676.22,0,-1
403,legit_49,272.23,601.6,13.2465,-0.579,270.0,C3B3,3,122.24,529.28,0,-1
403,legit_50,189.15,598.4,12.6303,-0.4806,90.0,A3B3,4,39.18,571.4,0,-1
403,legit_53,601.6,153.58,11.9738,0.3202,0.0,D0D1,0,152.15,595.18,0,-1
403,legit_55,440.71,598.4,13.2008,1.4696,90.0,C3D3,0,9.43,466.08,0,-1
403,legit_56,398.4,230.98,13.6495,1.0543,180.0,C2C1,0,122.39,577.31,0,-1
403,legit_57,801.6,430.57,11.4511,-0.1595,0.0,E2E3,1,87.43,500.53,0,-1
403,legit_58,198.4,747.21,12.7059,1.6776,180.0,B4B3,2,104.65,582.08,0,-1
403,legit_60,198.4,550.34,12.6233,1.0983,180.0,B3B2,3,69.34,568.59,0,-1
403,legit_61,798.4,552.69,12.7427,0.4924,180.0,E3E2,1,67.68,480.11,0,-1
403,legit_62,1.6,971.27,13.1571,0.3176,0.0,A4A5,0,183.97,787.21,0,-1
403,legit_63,198.4,513.85,12.1269,-0.4278,180.0,B3B2,3,98.81,572.43,0,-1
403,legit_64,598.4,595.35,11.6495,0.376,180.0,:D3_1,1,148.47,450.79,0,-1
403,legit_65,653.17,601.6,13.7212,0.8481,270.0,E3D3,1,96.84,452.36,0,-1
403,legit_66,334.77,1001.6,12.9344,0.822,270.0,C5B5,0,139.38,615.35,0,-1
403,legit_67,198.4,785.81,1.89,1.89,180.0,B4B3,1,72.66,590.22,0,-1
404,legit_48,998.4,186.4,5.5262,2.2443,180.0,F1F0,0,84.09,679.11,0,-1
404,legit_49,259.05,601.6,13.1862,-0.0602,270.0,C3B3,3,109.06,535.5,0,-1
404,legit_53,601.6,165.69,12.1044,0.1306,0.0,D0D1,0,155.27,587.67,0,-1
404,legit_55,453.8,598.4,13.0896,-0.1113,90.0,C3D3,1,4.12,462.88,0,-1
404,legit_56,398.4,217.6,13.3825,-0.267,180.0,C2C1,0,110.4,584.31,0,-1
404,legit_57,801.6,442.07,11.4967,0.0457,0.0,E2E3,1,96.94,497.95,0,-1
404,legit_58,198.4,734.4,12.8119,0.106,180.0,B4B3,2,116.16,579.74,0,-1
404,legit_60,198.4,536.84,13.5062,0.8829,180.0,B3B2,2,79.57,569.83,0,-1
404,legit_61,798.4,539.53,13.1546,0.4119,180.0,E3E2,1,77.45,481.34,0,-1
404,legit_62,1.6,983.03,11.757,-1.4001,0.0,A4A5,0,177.27,792.38,0,-1
404,legit_63,198.4,501.6,12.2488,0.1219,180.0,B3B2,2,109.66,574.05,0,-1
404,legit_64,598.4,583.65,11.7047,0.0552,180.0,D3D2,2,149.3,450.98,0,-1
404,legit_65,640.35,601.6,12.8199,-0.9014,270.0,E3D3,1,109.66,451.69,0,-1
404,legit_66,321.72,1001.6,13.044,0.1096,270.0,C5B5,0,150.34,620.16,0,-1
404,legit_67,198.4,782.5,3.3062,1.4161,180.0,B4B3,1,75.16,589.46,0,-1
405,legit_48,998.4,178.88,7.512,1.9858,180.0,F1F0,0,78.29,683.09,0,-1
405,legit_49,246.09,601.6,12.9585,-0.2277,270.0,C3B3,3,96.1,541.78,0,-1
405,legit_53,601.6,178.47,12.7865,0.6821,0.0,D0D1,0,159.5,579.94,0,-1
405,legit_55,466.6,598.4,12.801,-0.2886,90.0,C3D3,1,16.68,460.83,0,-1
405,legit_57,801.6,454.23,12.1627,0.666,0.0,E2E3,1,107.44,495.4,0,-1
405,legit_58,198.4,721.76,12.6416,-0.1703,180.0,B4B3,2,127.76,577.59,0,-1
405,legit_60,198.4,523.21,13.6297,0.1235,180.0,B3B2,2,90.77,571.3,0,-1
405,legit_61,798.4,526.89,12.6383,-0.5163,180.0,E3E2,1,87.68,482.74,0,-1
405,legit_62,1.6,992.15,9.1209,-2.6361,0.0,A4A5,0,172.45,796.5,0,-1
405,legit_63,198.4,489.14,12.4641,0.2154,180.0,B3B2,2,120.97,575.87,0,-1
405,legit_64,598.4,572.29,11.364,-0.3408,180.0,D3D2,2,150.97,451.38,0,-1
405,legit_65,627.36,601.6,12.9874,0.1676,270.0,E3D3,1,122.65,451.19,0,-1
405,legit_66,308.94,1001.6,12.7811,-0.263,270.0,C5B5,0,161.38,625.04,0,-1
405,legit_67,198.4,776.8,5.6999,2.3938,180.0,B4B3,1,79.6,588.17,0,-1
406,legit_48,998.4,169.98,8.9003,1.3883,180.0,F1F0,0,71.84,687.89,0,-1
406,legit_49,232.74,601.6,13.3438,0.3853,270.0,C3B3,3,82.76,548.43,0,-1
406,legit_53,601.6,190.78,12.3098,-0.4767,0.0,D0D1,0,164.42,572.7,0,-1
406,legit_55,479.63,598.4,13.0327,0.2318,90.0,C3D3,2,29.68,458.95,0,-1
406,legit_57,801.6,466.7,12.4679,0.3052,0.0,E2E3,1,118.52,492.97,0,-1
406,legit_58,198.4,709.07,12.6926,0.051,180.0,B4B3,2,119.32,575.6,0,-1
406,legit_60,198.4,509.8,13.4073,-0.2224,180.0,B3B2,2,102.36,572.95,0,-1
406,legit_61,798.4,514.58,12.3085,-0.3298,180.0,E3E2,1,98.18,484.29,0,-1
406,legit_62,1.6,996.77,4.6209,-4.5,0.0,A4A5,0,170.15,798.61,0,-1
406,legit_63,198.4,476.91,12.2288,-0.2353,180.0,B3B2,2,126.53,577.81,0,-1
406,legit_64,598.4,561.01,11.2777,-0.0863,180.0,D3D2,2,153.44,451.96,0,-1
406,legit_65,616.75,601.6,10.6161,-2.3714,270.0,E3D3,2,133.26,450.93,0,-1
406,legit_66,296.06,1001.6,12.8795,0.0984,270.0,C5B5,0,165.77,630.14,0,-1
406,legit_67,198.4,768.98,7.826,2.1261,180.0,B4B3,1,85.95,586.47,0,-1
407,legit_48,998.4,158.54,11.4422,2.5418,180.0,F1F0,0,64.4,694.2,0,-1
407,legit_49,220.0,601.6,12.7457,-0.5981,270.0,C3B3,3,70.02,554.94,0,-1
407,legit_53,601.6,202.65,11.8686,-0.4412,0.0,:D1_9,0,169.86,565.9,0,-1
407,legit_55,492.73,598.4,13.0936,0.0609,90.0,C3D3,2,42.76,457.26,0,-1
407,legit_57,801.6,478.31,11.6054,-0.8625,0.0,E2E3,1,129.07,490.86,0,-1
407,legit_58,198.4,695.39,13.6749,0.9822,180.0,B4B3,2,106.97,573.64,0,-1
407,legit_60,198.4,496.79,13.0082,-0.3991,180.0,B3B2,2,113.99,574.74,0,-1
407,legit_61,798.4,501.3,13.2833,0.9748,180.0,E3E2,1,109.93,486.17,0,-1
407,legit_62,3.14,998.39,2.55,-2.0709,20.7,:A5_1,0,168.01,798.22,0,-1
407,legit_63,198.4,464.28,12.6257,0.3969,180.0,B3B2,2,114.97,579.97,0,-1
407,legit_64,598.4,549.57,11.4342,0.1566,180.0,D3D2,2,156.73,452.75,0,-1
407,legit_65,609.97,601.6,6.7803,-3.8358,270.0,E3D3,2,140.04,450.83,0,-1
407,legit_66,282.41,1001.6,13.6499,0.7704,270.0,C5B5,0,153.88,635.72,0,-1
407,legit_67,198.4,758.62,10.3589,2.5329,180.0,B4B3,1,94.69,584.32,0,-1
408,legit_48,998.4,145.86,12.6803,1.2381,180.0,F1F0,0,57.72,701.38,0,-1
408,legit_49,211.75,601.6,8.2457,-4.5,270.0,C3B3,4,61.77,559.25,0,-1
408,legit_53,601.6,214.72,12.0661,0.1975,0.0,D1D2,0,176.05,559.17,0,-1
408,legit_55,505.87,598.4,13.1418,0.0482,90.0,C3D3,2,55.89,455.76,0,-1
408,legit_57,801.6,490.4,12.0932,0.4878,0.0,E2E3,1,121.14,488.83,0,-1
408,legit_58,198.4,681.86,13.535,-0.1399,180.0,B4B3,2,95.1,571.9,0,-1
408,legit_60,198.4,483.9,12.8931,-0.115,180.0,B3B2,2,125.79,576.68,0,-1
408,legit_61,798.4,488.22,13.0842,-0.1991,180.0,E3E2,1,121.81,488.22,0,-1
408,legit_62,6.48,998.4,3.3381,0.7881,80.68,A5B5,0,165.1,795.76,0,-1
408,legit_63,198.4,452.31,11.9706,-0.655,180.0,B3B2,2,104.23,582.17,0,-1
408,legit_64,598.4,538.05,11.5233,0.0891,180.0,D3D2,2,160.81,453.75,0,-1
408,legit_65,601.84,601.6,8.1237,1.3434,270.0,:D3_5,2,148.16,450.78,0,-1
408,legit_66,269.26,1001.6,13.1479,-0.502,270.0,C5B5,0,142.72,641.28,0,-1
408,legit_67,198.4,745.86,12.7598,2.4009,180.0,B4B3,2,105.85,581.83,0,-1
408,legit_68,801.6,12.3,0.0,0.0,0.0,E0E1,0,119.42,720.34,0,-1
409,legit_48,998.4,132.12,13.7418,1.0615,180.0,F1F0,0,53.0,709.43,0,-1
409,legit_49,207.93,601.6,3.821,-4.4247,270.0,C3B3,3,57.95,561.27,0,-1
409,legit_53,601.6,227.47,12.7541,0.688,0.0,D1D2,0,183.23,552.26,0,-1
409,legit_55,518.87,598.4,13.0046,-0.1372,90.0,C3D3,2,68.89,454.47,0,-1
409,legit_57,801.6,502.45,12.052,-0.0411,0.0,E2E3,1,110.35,486.97,0,-1
409,legit_58,198.4,669.1,12.7578,-0.7772,180.0,B4B3,2,84.36,570.44,0,-1
409,legit_60,198.4,470.04,13.8624,0.9693,180.0,B3B2,2,120.21,578.96,0,-1
409,legit_61,798.4,475.22,12.9928,-0.0913,180.0,E3E2,1,124.98,490.44,0,-1
409,legit_62,11.15,998.4,4.6764,1.3383,90.0,A5B5,0,161.05,792.32,0,-1
409,legit_63,198.4,439.76,12.5581,0.5875,180.0,B3B2,1,93.29,584.65,0,-1
409,legit_64,598.4,526.77,11.2822,-0.2411,180.0,D3D2,2,165.49,454.91,0,-1
409,legit_65,591.59,601.6,10.2564,2.1328,270.0,D3C3,2,141.6,450.81,0,-1
409,legit_66,255.58,1001.6,13.6832,0.5353,270.0,C5B5,0,131.51,647.26,0,-1
409,legit_67,198.4,733.11,12.7496,-0.0102,180.0,B4B3,2,117.34,579.51,0,-1
409,legit_68,801.6,13.9,1.5976,1.5976,0.0,E0E1,0,117.98,719.09,0,-1
410,legit_48,998.4,119.46,12.6607,-1.0811,180.0,F1F0,0,51.6,717.13,0,-1
410,legit_49,205.82,600.44,2.5718,-1.2492,255.7,:B3_7,3,55.82,562.38,0,-1
410,legit_53,601.6,238.98,11.5069,-1.2472,0.0,D1D2,0,190.21,546.19,0,-1
410,legit_55,532.38,598.4,13.5113,0.5066,90.0,C3D3,2,82.4,453.34,0,-1
410,legit_57,801.6,514.75,12.2932,0.2411,0.0,E2E3,1,99.65,485.25,0,-1
410,legit_58,198.4,655.38,13.7221,0.9643,180.0,B4B3,2,73.55,569.08,0,-1
410,legit_60,198.4,456.23,13.8028,-0.0596,180.0,B3B2,2,107.72,581.43,0,-1
410,legit_61,798.4,462.57,12.6548,-0.338,180.0,E3E2,1,113.42,492.79,0,-1
410,legit_62,18.32,998.4,7.1668,2.4904,90.0,A5B5,0,154.91,787.08,0,-1
410,legit_63,198.4,426.78,12.9723,0.4142,180.0,B3B2,1,82.48,587.38,0,-1
410,legit_64,598.4,515.52,11.2485,-0.0337,180.0,D3D2,2,170.76,456.26,0,-1
410,legit_65,579.47,601.6,12.1219,1.8655,270.0,D3C3,2,129.48,451.01,0,-1
410,legit_66,242.67,1001.6,12.9099,-0.7734,270.0,C5B5,0,121.39,653.08,0,-1
410,legit_67,198.4,720.0,13.1143,0.3647,180.0,B4B3,2,129.39,577.3,0,-1
410,legit_68,801.6,17.86,3.9633,2.3657,0.0,E0E1,0,114.43,716.01,0,-1
411,legit_48,998.4,106.87,12.5907,-0.07,180.0,F1F0,0,53.24,725.05,0,-1
411,legit_49,207.2,598.4,2.8324,0.2606,185.8,B3C3,2,57.22,561.65,0,-1
411,legit_53,601.6,251.66,12.681,1.1741,0.0,D1D2,0,183.74,539.7,0,-1
411,legit_55,545.28,598.4,12.8958,-0.6155,90.0,C3D3,2,95.29,452.45,0,-1
411,legit_57,801.6,526.64,11.8954,-0.3977,0.0,E2E3,1,89.69,483.76,0,-1
411,legit_58,198.4,641.86,13.5159,-0.2062,180.0,B4B3,2,63.99,567.98,0,-1
411,legit_60,198.4,442.53,13.7091,-0.0937,180.0,B3B2,1,95.67,584.09,0,-1
411,legit_61,798.4,449.67,12.9035,0.2486,180.0,E3E2,1,101.89,495.37,0,-1
411,legit_62,27.15,998.4,8.8345,1.6678,90.0,A5B5,0,147.48,780.66,0,-1
411,legit_63,198.4,414.9,11.8797,-1.0926,180.0,B3B2,1,73.19,590.06,0,-1
411,legit_64,598.4,503.45,12.0683,0.8198,180.0,D3D2,2,177.04,457.9,0,-1
411,legit_65,566.34,601.6,13.1259,1.004,270.0,D3C3,2,116.35,451.41,0,-1
411,legit_66,229.56,1001.6,13.1137,0.2038,270.0,C5B5,0,111.7,659.19,0,-1
411,legit_67,198.4,707.17,12.8293,-0.285,180.0,B4B3,2,117.59,575.31,0,-1
411,legit_68,801.6,23.99,6.131,2.1678,0.0,E0E1,0,109.0,711.26,0,-1
412,legit_48,998.4,94.03,12.8394,0.2487,180.0,F1F0,0,57.77,733.38,0,-1
412,legit_49,211.82,598.4,4.6136,1.7812,92.47,B3C3,2,61.84,559.22,0,-1
412,legit_53,601.6,263.78,12.1193,-0.5617,0.0,D1D2,0,176.86,533.7,0,-1
412,legit_55,557.92,598.4,12.6437,-0.2521,90.0,C3D3,2,107.94,451.77,0,-1
412,legit_57,801.6,538.43,11.7877,-0.1077,0.0,E2E3,1,80.33,482.45,0,-1
412,legit_58,198.4,629.16,12.7034,-0.8126,180.0,B4B3,2,56.5,567.17,0,-1
412,legit_60,198.4,429.59,12.9397,-0.7695,180.0,B3B2,1,84.76,586.78,0,-1
412,legit_61,798.4,437.56,12.1076,-0.7959,180.0,E3E2,1,91.42,497.97,0,-1
412,legit_62,38.54,998.4,11.389,2.5544,90.0,A5B5,0,138.13,772.48,0,-1
412,legit_63,198.4,407.52,7.3797,-4.5,180.0,B3B2,1,67.83,591.81,0,-1
412,legit_64,598.4,491.35,12.1006,0.0323,180.0,D3D2,2,183.92,459.75,0,-1
412,legit_65,553.53,601.6,12.8109,-0.315,270.0,D3C3,2,103.54,451.98,0,-1
412,legit_66,218.13,1001.6,11.4273,-1.6864,270.0,C5B5,0,103.87,664.66,0,-1
412,legit_67,198.4,693.55,13.6172,0.7879,180.0,B4B3,2,105.33,573.39,0,-1
412,legit_68,801.6,31.57,7.5764,1.4453,0.0,E0E1,0,102.39,705.43,0,-1
413,legit_48,998.4,80.55,13.4779,0.6385,180.0,F1F0,0,64.95,742.38,0,-1
413,legit_49,218.52,598.4,6.6991,2.0855,90.0,B3C3,2,68.53,555.71,0,-1
413,legit_53,601.6,276.13,12.3539,0.2346,0.0,D1D2,0,170.46,527.77,0,-1
413,legit_55,570.52,598.4,12.5919,-0.0518,90.0,C3D3,2,120.53,451.26,0,-1
413,legit_57,801.6,549.98,11.5538,-0.234,0.0,E2E3,1,71.86,481.35,0,-1
413,legit_58,198.4,616.2,12.9552,0.2518,180.0,B4B3,2,51.04,566.62,0,-1
413,legit_60,198.4,419.98,9.601,-3.3386,180.0,B3B2,1,77.08,588.89,0,-1
413,legit_61,798.4,425.29,12.2713,0.1637,180.0,E3E2,1,81.27,500.79,0,-1
413,legit_62,51.88,998.4,13.3326,1.9436,90.0,A5B5,0,127.62,763.03,0,-1
413,legit_63,196.66,402.8,5.2345,-2.1452,201.16,:B2_0,1,63.31,593.9,0,-1
413,legit_64,598.4,480.21,11.1445,-0.9561,180.0,D3D2,2,190.72,461.63,0,-1
413,legit_65,540.21,601.6,13.3201,0.5092,270.0,D3C3,2,90.22,452.78,0,-1
413,legit_66,210.62,1001.6,7.5145,-3.9129,270.0,C5B5,0,99.1,668.35,0,-1
413,legit_67,198.4,680.57,12.9745,-0.6427,180.0,B4B3,2,93.99,571.74,0,-1
413,legit_68,801.6,41.02,9.4552,1.8788,0.0,E0E1,0,94.34,698.21,0,-1
414,legit_48,998.4,66.73,13.8169,0.339,180.0,F1F0,0,74.16,751.83,0,-1
414,legit_49,227.73,598.4,9.2143,2.5152,90.0,B3C3,2,77.75,550.97,0,-1
414,legit_53,601.6,288.29,12.1534,-0.2006,0.0,D1D2,0,164.82,522.13,0,-1
414,legit_55,581.49,598.4,10.9772,-1.6148,90.0,C3D3,2,131.5,450.97,0,-1
414,legit_57,801.6,561.38,11.3985,-0.1552,0.0,E2E3,1,64.45,480.44,0,-1
414,legit_60,198.4,412.76,7.2207,-2.3803,180.0,B3B2,1,71.6,590.56,0,-1
414,legit_61,798.4,412.42,12.8658,0.5944,180.0,E3E2,1,71.35,503.94,0,-1
414,legit_62,64.59,998.4,12.7114,-0.6211,90.0,A5B5,1,118.13,754.17,0,-1
414,legit_63,191.9,401.6,5.0215,-0.2131,255.97,B2A2,1,59.04,596.79,0,-1
414,legit_64,598.4,467.84,12.3684,1.2239,180.0,D3D2,1,183.44,463.92,0,-1
414,legit_65,526.49,601.6,13.7172,0.3971,270.0,D3C3,1,76.51,453.81,0,-1
414,legit_66,206.96,1001.44,3.6998,-3.8147,268.17,:B5_2,1,97.04,670.09,0,-1
414,legit_67,198.4,667.58,12.9903,0.0158,180.0,B4B3,2,83.13,570.28,0,-1
414,legit_68,801.6,52.03,11.0078,1.5526,0.0,E0E1,0,85.34,689.91,0,-1
414,legit_69,187.7,601.6,0.0,0.0,270.0,B3A3,2,37.73,572.19,0,-1
415,legit_48,998.4,53.8,12.9359,-0.881,180.0,F1F0,0,83.94,760.85,0,-1
415,legit_49,238.9,598.4,11.1741,1.9597,90.0,B3C3,2,88.92,545.34,0,-1
415,legit_53,601.6,301.0,12.7098,0.5564,0.0,D1D2,0,159.7,516.46,0,-1
415,legit_55,588.81,598.4,7.3212,-3.656,90.0,C3D3,2,138.82,450.84,0,-1
415,legit_57,801.6,572.72,11.3444,-0.0541,0.0,E2E3,0,58.37,479.74,0,-1
415,legit_60,198.4,406.45,6.3127,-0.9081,180.0,:B2_1,1,67.08,592.07,0,-1
415,legit_61,798.4,399.9,12.5244,-0.3413,180.0,:E2_1,0,62.72,507.22,0,-1
415,legit_62,76.83,998.4,12.2415,-0.47,90.0,A5B5,1,109.6,745.78,0,-1
415,legit_63,184.87,401.6,7.0238,2.0023,270.0,B2A2,1,54.28,600.67,0,-1
415,legit_64,598.4,456.45,11.3917,-0.9767,180.0,D3D2,1,176.99,466.22,0,-1
415,legit_65,513.12,601.6,13.3757,-0.3415,270.0,D3C3,1,63.14,455.02,0,-1
415,legit_66,205.99,999.23,2.9111,-0.7886,231.85,:B5_10,1,98.28,669.44,0,-1
415,legit_67,198.4,653.86,13.7221,0.7318,180.0,B4B3,2,72.41,568.95,0,-1
415,legit_68,801.6,65.54,13.5046,2.4969,0.0,E0E1,0,75.03,679.87,0,-1
415,legit_69,186.22,601.6,1.4849,1.4849,270.0,B3A3,2,36.25,573.01,0,-1
416,legit_48,998.4,40.64,13.1557,0.2198,180.0,F1F0,0,94.66,770.17,0,-1
416,legit_49,252.47,598.4,13.5694,2.3954,90.0,B3C3,2,102.49,538.66,0,-1
416,legit_53,601.6,313.51,12.5097,-0.2001,0.0,D1D2,1,155.51,511.09,0,-1
416,legit_55,595.13,598.07,6.3373,-0.9839,93.82,:D3_12,1,145.14,450.79,0,-1
416,legit_57,801.6,584.86,12.1325,0.7881,0.0,E2E3,0,53.78,479.24,0,-1
416,legit_60,198.4,397.7,8.7468,2.4341,180.0,:B2_1,1,61.35,594.25,0,-1
416,legit_61,798.4,387.39,12.5015,-0.0229,180.0,E2E1,0,55.62,510.74,0,-1
416,legit_62,89.42,998.4,12.592,0.3505,90.0,A5B5,1,101.63,737.31,0,-1
416,legit_63,175.71,401.6,9.1675,2.1438,270.0,B2A2,1,48.9,605.85,0,-1
416,legit_64,598.4,445.3,11.1438,-0.2479,180.0,D3D2,1,171.17,468.64,0,-1
416,legit_65,499.77,601.6,13.3418,-0.0339,270.0,D3C3,1,49.8,456.43,0,-1
416,legit_66,208.37,998.4,2.6476,-0.2635,145.52,B5C5,1,100.33,667.82,0,-1
416,legit_67,198.4,641.21,12.6482,-1.0739,180.0,B4B3,2,63.57,567.93,0,-1
416,legit_68,801.6,79.13,13.593,0.0884,0.0,E0E1,0,65.83,669.96,0,-1
416,legit_69,182.18,601.6,4.0348,2.5499,270.0,B3A3,2,32.22,575.25,0,-1
417,legit_48,998.4,27.92,12.7215,-0.4342,180.0,F1F0,0,105.55,779.31,0,-1
417,legit_49,265.76,598.4,13.2857,-0.2837,90.0,B3C3,2,115.77,532.31,0,-1
417,legit_53,601.6,325.93,12.4243,-0.0854,0.0,D1D2,1,152.26,505.98,0,-1
417,legit_55,598.38,592.94,6.5378,0.2005,156.37,:D3_12,1,148.55,450.81,0,-1
417,legit_57,801.6,597.44,12.5798,0.4473,0.0,:E3_9,0,51.66,479.02,0,-1
417,legit_60,198.4,386.47,11.2368,2.49,180.0,B2B1,1,55.16,597.21,0,-1
417,legit_61,798.4,374.33,13.0629,0.5613,180.0,E2E1,0,50.48,514.69,0,-1
417,legit_62,101.79,998.4,12.3706,-0.2214,90.0,A5B5,1,94.78,729.16,0,-1
417,legit_63,164.65,401.6,11.061,1.8935,270.0,B2A2,1,44.1,612.3,0,-1
417,legit_64,598.4,433.85,11.4534,0.3096,180.0,D3D2,1,165.76,471.31,0,-1
417,legit_65,486.45,601.6,13.3216,-0.0202,270.0,D3C3,1,36.49,458.04,0,-1
417,legit_66,213.17,998.4,4.7999,2.1523,90.0,B5C5,1,103.2,665.43,0,-1
417,legit_67,198.4,627.57,13.6464,0.9982,180.0,B4B3,2,55.7,567.09,0,-1
417,legit_68,801.6,92.51,13.3827,-0.2103,0.0,E0E1,0,58.47,660.41,0,-1
417,legit_69,176.76,601.6,5.4222,1.3874,270.0,B3A3,2,26.81,578.27,0,-1
418,legit_48,998.4,15.89,12.0326,-0.6889,180.0,F1F0,0,116.2,788.07,0,-1
418,legit_49,279.24,598.4,13.4849,0.1991,90.0,B3C3,2,129.25,526.05,0,-1
418,legit_53,601.6,338.19,12.2634,-0.1609,0.0,D1D2,1,149.99,501.16,0,-1
418,legit_55,598.4,586.65,6.2869,-0.2509,180.0,D3D2,1,149.0,450.91,0,-1
418,legit_57,801.6,609.7,12.2652,-0.3146,0.0,E3E4,0,52.5,479.11,0,-1
418,legit_60,198.4,373.43,13.0375,1.8006,180.0,B2B1,1,50.23,600.9,0,-1
418,legit_61,798.4,361.2,13.1296,0.0667,180.0,E2E1,0,48.41,519.0,0,-1
418,legit_62,115.16,998.4,13.369,0.9984,90.0,A5B5,1,88.73,720.56,0,-1
418,legit_63,152.19,401.6,12.4508,1.3898,270.0,B2A2,1,41.66,619.84,0,-1
418,legit_64,598.4,421.52,12.3302,0.8767,180.0,D3D2,1,160.65,474.4,0,-1
418,legit_65,472.96,601.6,13.4907,0.1691,270.0,D3C3,1,23.02,459.89,0,-1
418,legit_66,219.65,998.4,6.4773,1.6774,90.0,B5C5,1,107.28,662.26,0,-1
418,legit_67,198.4,615.87,11.6938,-1.9526,180.0,B4B3,2,50.94,566.61,0,-1
418,legit_68,801.6,105.15,12.6349,-0.7478,0.0,E0E1,0,53.7,651.64,0,-1
418,legit_69,169.1,601.6,7.6544,2.2322,270.0,B3A3,2,19.17,582.6,0,-1
419,legit_48,998.4,7.89,8.0006,-4.032,180.0,F1F0,0,123.42,793.95,0,-1
419,legit_49,292.77,598.4,13.5259,0.041,90.0,B3C3,2,142.78,519.95,0,-1
419,legit_53,601.6,350.88,12.6848,0.4214,0.0,D1D2,1,148.68,496.41,0,-1
419,legit_55,598.4,578.57,8.0808,1.7939,180.0,D3D2,1,149.94,451.13,0,-1
419,legit_57,801.6,621.6,11.8984,-0.3668,0.0,E3E4,0,55.94,479.48,0,-1
419,legit_60,198.4,360.34,13.0865,0.049,180.0,B2B1,1,48.4,604.92,0,-1
419,legit_61,798.4,349.06,12.145,-0.9846,180.0,E2E1,0,49.62,523.29,0,-1
419,legit_62,128.11,998.4,12.9535,-0.4155,90.0,A5B5,1,84.48,712.46,0,-1
419,legit_63,139.57,401.6,12.6292,0.1785,270.0,B2A2,1,42.89,627.83,0,-1
419,legit_64,598.4,409.25,12.2644,-0.0658,180.0,D3D2,1,156.36,477.69,0,-1
419,legit_65,459.13,601.6,13.8366,0.3458,270.0,D3C3,1,9.26,462.0,0,-1
419,legit_66,227.91,998.4,8.262,1.7846,90.0,B5C5,1,112.82,658.29,0,-1
419,legit_67,198.4,608.68,7.1938,-4.5,180.0,B4B3,2,49.17,566.44,0,-1
419,legit_68,801.6,118.38,13.229,0.5941,0.0,E0E1,0,51.63,642.73,0,-1
419,legit_69,159.87,601.6,9.2313,1.577,270.0,B3A3,2,10.0,587.89,0,-1
420,legit_48,998.4,4.38,3.5087,-4.4919,180.0,F1F0,0,126.61,796.54,0,-1
420,legit_49,305.86,598.4,13.0941,-0.4318,90.0,B3C3,2,144.15,514.23,0,-1
420,legit_53,601.6,363.52,12.6406,-0.0441,0.0,D1D2,1,148.44,491.91,0,-1
420,legit_55,598.4,568.32,10.249,2.1682,180.0,D3D2,0,151.74,451.56,0,-1
420,legit_57,801.6,633.42,11.819,-0.0793,0.0,E3E4,0,61.48,480.1,0,-1
420,legit_60,198.4,347.62,12.7281,-0.3583,180.0,B2B1,1,49.96,609.15,0,-1
420,legit_61,798.4,335.9,13.1614,1.0164,180.0,E2E1,0,54.07,528.26,0,-1
420,legit_62,141.01,998.4,12.8936,-0.0599,90.0,A5B5,1,82.09,704.64,0,-1
420,legit_63,126.75,401.6,12.8174,0.1882,270.0,B2A2,1,47.66,636.26,0,-1
420,legit_64,598.4,397.78,11.4787,-0.7857,180.0,:D2_1,1,153.13,480.96,0,-1
420,legit_65,445.99,601.6,13.1334,-0.7032,270.0,D3C3,1,4.32,464.62,0,-1
420,legit_66,237.48,998.4,9.5636,1.3016,90.0,B5C5,1,119.63,653.8,0,-1
420,legit_67,199.29,605.96,3.0197,-4.1742,169.29,:B3_17,2,49.65,565.92,0,-1
420,legit_68,801.6,131.06,12.6807,-0.5483,0.0,E0E1,0,52.77,634.48,0,-1
420,legit_69,148.61,601.6,11.26,2.0287,270.0,B3A3,1,2.12,594.62,0,-1
420,legit_70,991.7,1001.6,0.0,0.0,270.0,F5E5,0,97.7,669.5,0,-1
421,legit_48,996.89,1.61,3.6633,0.1546,200.16,:F0_0,0,129.75,797.9,0,-1
421,legit_49,319.09,598.4,13.2254,0.1314,90.0,B3C3,2,130.92,508.64,0,-1
421,legit_53,601.6,376.3,12.7817,0.1411,0.0,D1D2,1,149.29,487.62,0,-1
421,legit_55,598.4,556.4,11.9275,1.6785,180.0,D3D2,0,154.67,452.26,0,-1
421,legit_57,801.6,645.86,12.438,0.6189,0.0,E3E4,0,69.03,480.99,0,-1
421,legit_60,198.4,333.89,13.7265,0.9983,180.0,B2B1,1,54.99,614.04,0,-1
421,legit_61,798.4,323.6,12.2992,-0.8622,180.0,E2E1,0,60.56,533.18,0,-1
421,legit_62,154.06,998.4,13.0537,0.16,90.0,A5B5,1,81.7,696.98,0,-1
421,legit_63,113.79,401.6,12.9598,0.1423,270.0,B2A2,1,55.15,645.08,0,-1
421,legit_64,598.4,386.19,11.59,0.1113,180.0,D2D1,1,150.69,484.47,0,-1
421,legit_65,432.58,601.6,13.4141,0.2807,270.0,D3C3,1,17.5,468.41,0,-1
421,legit_66,249.16,998.4,11.6839,2.1204,90.0,B5C5,1,128.42,648.44,0,-1
421,legit_67,201.6,607.23,3.1619,0.1422,94.75,B3B4,2,52.1,564.69,0,-1
421,legit_68,801.6,144.1,13.0447,0.364,0.0,E0E1,0,56.95,626.28,0,-1
421,legit_69,135.92,601.6,12.6969,1.4369,270.0,B3A3,1,14.18,603.4,0,-1
421,legit_70,990.01,1001.6,1.6917,1.6917,270.0,F5E5,0,98.72,668.66,0,-1
422,legit_48,993.08,1.6,3.8161,0.1527,265.41,F0E0,0,131.37,796.17,0,-1
422,legit_49,332.02,598.4,12.9304,-0.2951,90.0,B3C3,2,117.99,503.34,0,-1
422,legit_53,601.6,388.45,12.1525,-0.6292,0.0,D1D2,1,151.1,483.77,0,-1
422,legit_55,598.4,543.45,12.9479,1.0204,180.0,D3D2,0,158.81,453.26,0,-1
422,legit_57,801.6,657.19,11.3362,-1.1018,0.0,E3E4,0,77.03,482.01,0,-1
422,legit_60,198.4,321.27,12.6226,-1.1039,180.0,B2B1,1,61.99,618.8,0,-1
422,legit_61,798.4,310.58,13.0133,0.7141,180.0,E2E1,0,69.17,538.64,0,-1
422,legit_62,166.91,998.4,12.8505,-0.2032,90.0,A5B5,1,83.33,689.69,0,-1
422,legit_63,100.76,401.6,13.0246,0.0648,270.0,B2A2,1,64.46,654.17,0,-1
422,legit_64,598.4,374.51,11.6783,0.0883,180.0,D2D1,1,149.11,488.21,0,-1
422,legit_65,420.89,601.6,11.6867,-1.7274,270.0,D3C3,1,29.15,471.88,0,-1
422,legit_66,262.57,998.4,13.4146,1.7307,90.0,B5C5,1,139.04,642.48,0,-1
422,legit_67,201.6,611.85,4.622,1.46,2.23,B3B4,2,52.94,564.77,0,-1
422,legit_68,801.6,157.27,13.1695,0.1247,0.0,E0E1,0,63.65,618.27,0,-1
422,legit_69,123.01,601.6,12.9077,0.2107,270.0,B3A3,1,27.04,612.51,0,-1
422,legit_70,986.72,1001.6,3.2931,1.6013,270.0,F5E5,0,100.75,667.03,0,-1
423,legit_48,986.77,1.6,6.3075,2.4915,270.0,F0E0,0,134.23,793.34,0,-1
423,legit_49,345.68,598.4,13.6636,0.7332,90.0,B3C3,2,104.33,497.94,0,-1
423,legit_53,601.6,400.85,12.3928,0.2404,0.0,:D2_9,2,153.92,480.07,0,-1
423,legit_55,598.4,530.24,13.2077,0.2598,180.0,D3D2,1,163.98,454.54,0,-1
423,legit_57,801.6,669.67,12.4808,1.1446,0.0,E3E4,0,86.7,483.33,0,-1
423,legit_60,198.4,308.15,13.1194,0.4968,180.0,B2B1,1,70.93,623.99,0,-1
423,legit_61,798.4,297.57,13.018,0.0047,180.0,E2E1,1,79.0,544.32,0,-1
423,legit_62,180.11,998.4,13.1959,0.3455,90.0,A5B5,1,86.98,682.46,0,-1
423,legit_63,88.41,401.6,12.3496,-0.675,270.0,B2A2,1,74.32,662.99,0,-1
423,legit_64,598.4,363.16,11.345,-0.3333,180.0,D2D1,1,148.43,492.04,0,-1
423,legit_65,412.24,601.6,8.6545,-3.0322,270.0,D3C3,1,37.8,474.56,0,-1
423,legit_66,275.61,998.4,13.0382,-0.3764,90.0,B5C5,1,149.79,636.86,0,-1
423,legit_67,201.6,618.16,6.3089,1.6869,0.0,B3B4,2,54.7,564.95,0,-1
423,legit_68,801.6,170.99,13.717,0.5475,0.0,E0E1,1,72.54,610.18,0,-1
423,legit_69,110.14,601.6,12.871,-0.0367,270.0,B3A3,1,39.9,621.75,0,-1
423,legit_70,981.28,1001.6,5.4316,2.1385,270.0,F5E5,0,104.25,664.38,0,-1
424,legit_48,978.66,1.6,8.1152,1.8077,270.0,F0E0,0,138.23,789.75,0,-1
424,legit_49,359.53,598.4,13.8436,0.18,90.0,B3C3,1,90.49,492.68,0,-1
424,legit_53,601.6,412.68,11.8343,-0.5585,0.0,D2D3,2,157.47,476.74,0,-1
424,legit_55,598.4,516.51,13.7336,0.5259,180.0,D3D2,1,170.27,456.13,0,-1
424,legit_57,801.6,681.96,12.2808,-0.2,0.0,E3E4,0,96.85,484.82,0,-1
424,legit_60,198.4,294.54,13.6114,0.4919,180.0,B2B1,0,81.41,629.59,0,-1
424,legit_61,798.4,285.25,12.3146,-0.7034,180.0,E2E1,1,89.05,549.89,0,-1
424,legit_62,193.46,998.4,13.3571,0.1612,90.0,:B5_7,1,92.45,675.41,0,-1
424,legit_63,75.25,401.6,13.1638,0.8142,270.0,B2A2,0,85.55,672.56,0,-1
424,legit_64,598.4,351.6,11.5642,0.2192,180.0,D2D1,1,148.64,496.14,0,-1
424,legit_65,407.91,601.6,4.3307,-4.3238,270.0,D3C3,1,42.12,475.93,0,-1
424,legit_66,288.9,998.4,13.2871,0.2489,90.0,B5C5,1,161.1,631.32,0,-1
424,legit_67,201.6,626.84,8.6739,2.3651,0.0,B3B4,1,58.16,565.31,0,-1
424,legit_68,801.6,182.88,11.8907,-1.8263,0.0,E0E1,1,81.34,603.35,0,-1
424,legit_69,97.91,601.6,12.2261,-0.6449,270.0,B3A3,1,52.11,630.67,0,-1
424,legit_70,974.55,1001.6,6.737,1.3054,270.0,F5E5,0,108.81,661.14,0,-1
425,legit_48,968.72,1.6,9.9371,1.8219,270.0,F0E0,0,143.61,785.46,0,-1
425,legit_49,373.25,598.4,13.7233,-0.1203,90.0,B3C3,1,76.77,487.66,0,-1
425,legit_53,601.6,424.25,11.5635,-0.2708,0.0,D2D3,2,161.71,473.7,0,-1
425,legit_55,598.4,502.76,13.7489,0.0153,180.0,D3D2,1,177.42,458.0,0,-1
425,legit_57,801.6,693.29,11.3328,-0.948,0.0,E3E4,0,106.61,486.35,0,-1
425,legit_60,198.4,280.89,13.6459,0.0345,180.0,B2B1,0,92.74,635.42,0,-1
425,legit_61,798.4,272.09,13.1636,0.849,180.0,E2E1,1,100.36,556.04,0,-1
425,legit_62,206.14,998.4,12.6709,-0.6862,90.0,:B5_7,1,99.04,668.94,0,-1
425,legit_63,62.75,401.6,12.499,-0.6649,270.0,B2A2,0,96.66,681.79,0,-1
425,legit_64,598.4,339.23,12.3685,0.8042,180.0,D2D1,1,149.85,500.76,0,-1
425,legit_65,401.04,601.6,6.8658,2.535,270.0,:C3_5,1,48.99,478.15,0,-1
425,legit_66,301.95,998.4,13.0509,-0.2363,90.0,B5C5,1,169.05,626.06,0,-1
425,legit_67,201.6,637.5,10.66,1.9861,0.0,B3B4,1,63.79,565.92,0,-1
425,legit_68,801.6,191.41,8.5355,-3.3552,0.0,E0E1,1,88.1,598.55,0,-1
425,legit_69,85.15,601.6,12.7642,0.5381,270.0,B3A3,1,64.87,640.11,0,-1
425,legit_70,965.28,1001.6,9.2677,2.5307,270.0,F5E5,0,115.43,656.76,0,-1
426,legit_48,957.43,1.6,11.2922,1.3551,270.0,F0E0,0,150.29,780.71,0,-1
426,legit_49,386.86,598.4,13.6067,-0.1166,90.0,B3C3,1,63.16,482.9,0,-1
426,legit_53,601.6,437.01,12.7602,1.1967,0.0,D2D3,3,167.19,470.56,0,-1
426,legit_55,598.4,489.49,13.27,-0.4789,180.0,D3D2,2,185.03,460.05,0,-1
426,legit_57,801.6,705.79,12.5043,1.1714,0.0,E3E4,0,117.71,488.22,0,-1
426,legit_60,198.4,267.94,12.9452,-0.7007,180.0,B2B1,0,104.0,641.12,0,-1
426,legit_61,798.4,259.64,12.4462,-0.7173,180.0,E2E1,1,111.42,562.02,0,-1
426,legit_62,219.28,998.4,13.1461,0.4752,90.0,B5C5,1,107.04,662.44,0,-1
426,legit_63,50.21,401.6,12.5391,0.0402,270.0,B2A2,0,108.11,691.2,0,-1
426,legit_64,598.4,327.31,11.9151,-0.4534,180.0,D2D1,2,151.96,505.42,0,-1
426,legit_65,392.62,601.6,8.4179,1.5521,270.0,C3B3,1,57.4,480.94,0,-1
426,legit_66,315.24,998.4,13.2899,0.2391,90.0,B5C5,1,157.54,620.87,0,-1
426,legit_67,201.6,649.63,12.1351,1.4751,0.0,B3B4,1,71.6,566.82,0,-1
426,legit_68,801.23,195.42,4.0355,-4.5,355.7,:E1_10,1,91.17,596.22,0,-1
426,legit_69,72.65,601.6,12.4921,-0.2721,270.0,B3A3,1,77.36,649.48,0,-1
426,legit_70,954.02,1001.6,11.2539,1.9861,270.0,F5E5,0,123.93,651.58,0,-1
426,legit_71,598.4,387.7,0.0,0.0,180.0,D2D1,3,150.96,484.0,0,-1
427,legit_48,944.22,1.6,13.2054,1.9132,270.0,F0E0,0,158.77,775.33,0,-1
427,legit_53,601.6,449.25,12.2434,-0.5168,0.0,D2D3,3,173.17,467.77,0,-1
427,legit_55,598.4,475.61,13.8742,0.6042,180.0,D3D2,2,188.12,462.46,0,-1
427,legit_57,801.6,718.11,12.3163,-0.188,0.0,E3E4,0,128.89,490.24,0,-1
427,legit_60,198.4,255.19,12.757,-0.1881,180.0,B2B1,0,115.45,646.9,0,-1
427,legit_61,798.4,247.45,12.1897,-0.2566,180.0,E2E1,1,122.51,568.03,0,-1
427,legit_62,231.53,998.4,12.251,-0.8951,90.0,B5C5,1,115.35,656.58,0,-1
427,legit_63,37.2,401.6,13.0107,0.4716,270.0,B2A2,0,120.22,701.09,0,-1
427,legit_64,598.4,316.06,11.2589,-0.6561,180.0,D2D1,2,154.77,510.02,0,-1
427,legit_65,381.99,601.6,10.6274,2.2095,270.0,C3B3,0,68.02,484.58,0,-1
427,legit_66,328.8,998.4,13.5563,0.2664,90.0,B5C5,1,146.11,615.78,0,-1
427,legit_67,201.6,663.44,13.8131,1.678,0.0,B3B4,0,81.78,568.08,0,-1
427,legit_68,797.65,200.45,6.4943,2.4588,317.63,:E1_18,1,93.5,592.44,0,-1
427,legit_69,59.96,601.6,12.6958,0.2037,270.0,B3A3,0,90.06,659.14,0,-1
427,legit_70,941.2,1001.6,12.8231,1.5693,270.0,F5E5,0,134.1,645.84,0,-1
427,legit_71,598.4,386.25,1.4524,1.4524,180.0,D2D1,3,150.7,484.45,0,-1
428,legit_48,931.41,1.6,12.8088,-0.3966,270.0,F0E0,0,167.58,770.28,0,-1
428,legit_53,601.6,461.12,11.8738,-0.3696,0.0,D2D3,2,179.58,465.26,0,-1
428,legit_55,598.4,462.22,13.3936,-0.4806,180.0,D3D2,2,180.2,465.03,0,-1
428,legit_57,801.6,729.99,11.8787,-0.4376,0.0,E3E4,0,121.51,492.35,0,-1
428,legit_60,198.4,242.43,12.7556,-0.0015,180.0,B2B1,0,127.14,652.84,0,-1
428,legit_61,798.4,234.82,12.6334,0.4437,180.0,E2E1,1,124.6,574.43,0,-1
428,legit_62,244.09,998.4,12.5533,0.3023,90.0,B5C5,1,124.54,650.75,0,-1
428,legit_63,24.86,401.6,12.3412,-0.6695,270.0,B2A2,0,131.87,710.59,0,-1
428,legit_64,598.4,304.93,11.1219,-0.137,180.0,D2D1,1,158.29,514.74,0,-1
428,legit_65,369.88,601.6,12.1171,1.4898,270.0,C3B3,0,80.14,488.88,0,-1
428,legit_66,341.6,998.4,12.8077,-0.7486,90.0,B5C5,1,135.68,611.15,0,-1
428,legit_67,201.6,676.24,12.7955,-1.0176,0.0,B3B4,0,92.06,569.46,0,-1
428,legit_68,789.76,201.6,8.0953,1.6009,273.19,E1D1,1,90.77,589.66,0,-1
428,legit_69,47.55,601.6,12.4069,-0.2889,270.0,B3A3,0,102.46,668.7,0,-1
428,legit_70,929.26,1001.6,11.9372,-0.886,270.0,F5E5,0,143.96,640.65,0,-1
428,legit_71,598.4,382.86,3.3924,1.94,180.0,D2D1,3,150.15,485.51,0,-1
429,legit_48,918.27,1.6,13.1433,0.3345,270.0,F0E0,0,177.12,765.27,0,-1
429,legit_53,601.6,473.43,12.3028,0.429,0.0,D2D3,2,186.78,462.86,0,-1
429,legit_55,598.4,448.97,13.2471,-0.1465,180.0,D3D2,2,173.03,467.83,0,-1
429,legit_57,801.6,741.36,11.3739,-0.5048,0.0,E3E4,0,111.32,494.52,0,-1
429,legit_60,198.4,228.99,13.4392,0.6836,180.0,B2B1,0,119.26,659.25,0,-1
429,legit_61,798.4,222.06,12.759,0.1256,180.0,E2E1,1,112.95,581.05,0,-1
429,legit_62,257.28,998.4,13.1925,0.6392,90.0,B5C5,1,134.79,644.81,0,-1
429,legit_63,14.7,401.6,10.163,-2.1782,270.0,B2A2,0,141.55,718.49,0,-1
429,legit_64,598.4,293.66,11.2744,0.1525,180.0,D2D1,1,162.55,519.71,0,-1
429,legit_65,356.89,601.6,12.9846,0.8674,270.0,C3B3,0,93.12,493.66,0,-1
429,legit_66,355.27,998.4,13.6688,0.861,90.0,B5C5,1,125.03,606.41,0,-1
429,legit_67,201.6,689.26,13.0214,0.2259,0.0,B3B4,0,103.1,571.04,0,-1
429,legit_68,779.24,201.6,10.5233,2.4281,270.0,E1D1,1,86.68,586.94,0,-1
429,legit_69,35.45,601.6,12.1065,-0.3004,270.0,B3A3,0,114.57,678.13,0,-1
429,legit_70,916.97,1001.6,12.2937,0.3565,270.0,F5E5,0,154.41,635.47,0,-1
429,legit_71,598.4,377.83,5.0272,1.6348,180.0,D2D1,3,149.47,487.12,0,-1
430,legit_48,905.49,1.6,12.7842,-0.3591,270.0,F0E0,0,186.82,760.56,0,-1
430,legit_53,601.6,486.0,12.5748,0.2721,0.0,D2D3,2,187.13,460.63,0,-1
430,legit_55,598.4,436.11,12.8679,-0.3791,180.0,D3D2,2,166.78,470.77,0,-1
430,legit_57,801.6,753.94,12.5789,1.205,0.0,E3E4,0,100.34,497.1,0,-1
430,legit_60,198.4,216.32,12.6738,-0.7653,180.0,B2B1,0,107.8,665.46,0,-1
430,legit_61,798.4,211.98,10.0756,-2.6834,180.0,E2E1,1,103.94,586.4,0,-1
430,legit_62,270.39,998.4,13.1063,-0.0863,90.0,B5C5,1,145.43,639.09,0,-1
430,legit_63,9.03,401.6,5.663,-4.5,270.0,B2A2,0,146.98,722.93,0,-1
430,legit_64,598.4,281.34,12.3238,1.0494,180.0,D2D1,1,167.96,525.33,0,-1
430,legit_65,343.87,601.6,13.0226,0.038,270.0,C3B3,0,106.14,498.65,0,-1
430,legit_66,368.63,998.4,13.3515,-0.3173,90.0,B5C5,1,115.24,601.98,0,-1
430,legit_67,201.6,702.16,12.8986,-0.1229,0.0,B3B4,0,114.45,572.8,0,-1
430,legit_68,767.2,201.6,12.0395,1.5161,270.0,E1D1,1,83.39,584.04,0,-1
430,legit_69,22.79,601.6,12.6509,0.5444,270.0,B3A3,0,127.22,688.1,0,-1
430,legit_70,904.34,1001.6,12.6341,0.3404,270.0,F5E5,0,165.42,630.3,0,-1
430,legit_71,598.4,370.52,7.3082,2.281,180.0,D2D1,3,148.77,489.53,0,-1
431,legit_48,891.88,1.6,13.6016,0.8173,270.0,F0E0,0,184.8,755.74,0,-1
431,legit_53,601.6,497.56,11.561,-1.0139,0.0,D2D3,2,180.32,458.77,0,-1
431,legit_55,598.4,422.73,13.3736,0.5057,180.0,D3D2,2,161.11,474.09,0,-1
431,legit_57,801.6,766.28,12.3402,-0.2387,0.0,E3E4,0,89.98,499.81,0,-1
431,legit_60,198.4,202.77,13.5535,0.8797,180.0,:B1_1,0,95.88,672.27,0,-1
431,legit_61,798.29,206.42,5.5756,-4.5,181.29,:E1_0,1,98.99,589.37,0,-1
431,legit_62,282.62,998.4,12.2346,-0.8717,90.0,B5C5,1,155.71,633.92,0,-1
431,legit_63,6.69,401.26,2.4481,-3.2149,266.02,:A2_5,0,149.13,724.85,0,-1
431,legit_64,598.4,270.14,11.1906,-1.1332,180.0,D2D1,1,173.48,530.62,0,-1
431,legit_65,330.54,601.6,13.3292,0.3066,270.0,C3B3,0,119.47,503.94,0,-1
431,legit_66,382.3,998.4,13.6723,0.3208,90.0,B5C5,1,106.03,597.68,0,-1
431,legit_67,201.6,714.92,12.7569,-0.1416,0.0,B3B4,0,125.97,574.71,0,-1
431,legit_68,754.28,201.6,12.9231,0.8837,270.0,E1D1,1,81.71,581.19,0,-1
431,legit_69,13.52,601.6,9.2722,-3.3787,270.0,B3A3,0,136.49,695.48,0,-1
431,legit_70,892.7,1001.6,11.6365,-0.9976,270.0,F5E5,0,162.82,625.68,0,-1
431,legit_71,598.4,360.87,9.6504,2.3423,180.0,D2D1,3,148.4,492.84,0,-1
432,legit_48,878.27,1.6,13.6125,0.011,270.0,F0E0,0,174.56,751.1,0,-1
432,legit_53,601.6,510.26,12.6972,1.1362,0.0,D2D3,1,173.42,456.95,0,-1
432,legit_55,598.4,410.11,12.6219,-0.7517,180.0,D3D2,2,156.63,477.45,0,-1
432,legit_57,801.6,777.99,11.7052,-0.635,0.0,E3E4,0,80.67,502.55,0,-1
432,legit_60,198.4,189.08,13.6892,0.1357,180.0,B1B0,0,84.35,679.32,0,-1
432,legit_61,795.29,201.98,5.7125,0.1369,217.77,:E1_0,1,93.66,590.96,0,-1
432,legit_62,295.37,998.4,12.755,0.5204,90.0,B5C5,1,166.71,628.69,0,-1
432,legit_63,6.45,398.9,3.1559,0.7078,216.26,:A2_5,1,148.73,725.61,0,-1
432,legit_64,598.4,258.24,11.9054,0.7149,180.0,D2D1,1,179.94,536.42,0,-1
432,legit_65,317.43,601.6,13.1106,-0.2186,270.0,C3B3,0,132.58,509.33,0,-1
432,legit_66,395.44,998.4,13.141,-0.5313,90.0,:C5_7,1,98.16,593.77,0,-1
432,legit_67,201.6,727.82,12.9028,0.1459,0.0,B3B4,0,123.48,576.82,0,-1
432,legit_68,740.78,201.6,13.4942,0.5711,270.0,E1D1,1,82.12,578.53,0,-1
432,legit_69,8.45,601.6,5.0751,-4.1971,270.0,B3A3,0,141.56,699.54,0,-1
432,legit_70,880.83,1001.6,11.872,0.2354,270.0,F5E5,0,152.52,621.12,0,-1
432,legit_71,598.4,349.64,11.2322,1.5818,180.0,D2D1,2,148.76,496.86,0,-1
432,legit_72,1.6,412.3,0.0,0.0,0.0,A2A3,1,157.35,726.33,0,-1
433,legit_48,865.48,1.6,12.7865,-0.826,270.0,F0E0,0,165.39,746.92,0,-1
433,legit_53,601.6,522.79,12.5281,-0.1691,0.0,D2D3,0,167.29,455.37,0,-1
433,legit_57,801.6,786.37,8.3869,-3.3184,0.0,E3E4,0,74.42,504.62,0,-1
433,legit_60,198.4,175.33,13.7441,0.0549,180.0,B1B0,0,73.51,686.59,0,-1
433,legit_61,790.11,201.6,5.2177,-0.4949,266.25,E1D1,1,90.92,589.76,0,-1
433,legit_62,307.84,998.4,12.4661,-0.2889,90.0,B5C5,1,163.91,623.74,0,-1
433,legit_63,8.8,398.4,2.5009,-0.655,133.19,A2B2,1,146.33,723.88,0,-1
433,legit_64,598.4,245.88,12.3619,0.4565,180.0,D2D1,2,187.21,542.64,0,-1
433,legit_65,304.72,601.6,12.7083,-0.4023,270.0,C3B3,0,145.29,514.72,0,-1
433,legit_66,408.57,998.4,13.1352,-0.0058,90.0,C5D5,1,91.51,590.11,0,-1
433,legit_67,201.6,741.36,13.5352,0.6323,0.0,B3B4,0,111.33,579.21,0,-1
433,legit_68,727.32,201.6,13.4612,-0.033,270.0,E1D1,2,84.69,576.17,0,-1
433,legit_69,1.65,600.03,7.1223,2.0473,252.83,:A3_4,0,148.35,705.01,0,-1
433,legit_70,869.09,1001.6,11.7417,-0.1303,270.0,F5E5,0,142.58,616.75,0,-1
433,legit_71,598.4,338.54,11.0955,-0.1367,180.0,D2D1,1,149.94,501.02,0,-1
433,legit_72,1.6,414.35,2.0545,2.0545,0.0,A2A3,1,158.04,725.87,0,-1
434,legit_48,852.59,1.6,12.8985,0.1119,270.0,F0E0,0,156.66,742.88,0,-1
434,legit_53,601.6,535.13,12.3427,-0.1854,0.0,D2D3,0,161.96,454.03,0,-1
434,legit_57,801.6,792.41,6.042,-2.3449,0.0,E3E4,0,70.19,506.17,0,-1
434,legit_60,198.4,161.58,13.752,0.0079,180.0,B1B0,0,63.81,694.08,0,-1
434,legit_61,782.46,201.6,7.6434,2.4257,270.0,E1D1,1,87.82,587.76,0,-1
434,legit_62,320.1,998.4,12.2588,-0.2073,90.0,B5C5,1,153.4,619.03,0,-1
434,legit_63,13.06,398.4,4.2581,1.7573,90.0,A2B2,1,142.22,720.54,0,-1
434,legit_64,598.4,234.08,11.799,-0.5629,180.0,D2D1,2,187.18,548.75,0,-1
434,legit_65,291.15,601.6,13.573,0.8647,270.0,C3B3,0,141.16,520.67,0,-1
434,legit_66,421.91,998.4,13.3336,0.1984,90.0,C5D5,1,86.3,586.65,0,-1
434,legit_67,201.6,754.3,12.943,-0.5921,0.0,B3B4,0,100.04,581.69,0,-1
434,legit_68,713.98,201.6,13.3353,-0.1259,270.0,E1D1,2,89.19,574.13,0,-1
434,legit_69,-1.5,593.52,7.5912,0.4689,196.47,:A3_4,0,151.64,707.57,0,-1
434,legit_70,857.4,1001.6,11.6822,-0.0595,270.0,F5E5,0,132.97,612.55,0,-1
434,legit_71,598.4,327.19,11.3546,0.2591,180.0,D2D1,1,151.98,505.47,0,-1
434,legit_72,1.6,417.72,3.3655,1.311,0.0,A2A3,1,159.23,725.13,0,-1
435,legit_48,839.07,1.6,13.5183,0.6198,270.0,F0E0,0,148.16,738.84,0,-1
435,legit_53,601.6,546.65,11.5194,-0.8233,0.0,D2D3,0,157.7,452.99,0,-1
435,legit_57,799.96,794.38,2.7593,-3.2827,338.76,:E4_19,0,67.66,506.18,0,-1
435,legit_60,198.4,147.92,13.664,-0.088,180.0,B1B0,0,55.87,701.74,0,-1
435,legit_61,772.62,201.6,9.8435,2.2001,270.0,E1D1,1,84.68,585.32,0,-1
435,legit_62,332.91,998.4,12.8102,0.5514,90.0,B5C5,1,142.72,614.27,0,-1
435,legit_63,18.97,398.4,5.9082,1.6501,90.0,A2B2,1,136.54,715.93,0,-1
435,legit_64,598.4,222.5,11.5736,-0.2254,180.0,D2D1,2,180.36,554.92,0,-1
435,legit_65,278.38,601.6,12.7669,-0.8062,270.0,C3B3,0,128.39,526.44,0,-1
435,legit_66,435.18,998.4,13.2679,-0.0657,90.0,C5D5,1,82.94,583.5,0,-1
435,legit_67,201.6,767.03,12.7339,-0.2091,0.0,B3B4,0,89.37,584.3,0,-1
435,legit_68,700.47,201.6,13.5181,0.1828,270.0,E1D1,2,95.46,572.34,0,-1
435,legit_69,-1.6,586.5,7.0269,-0.5643,180.0,A3A2,0,152.2,707.74,0,-1
435,legit_70,844.72,1001.6,12.6863,1.0041,270.0,F5E5,0,122.96,608.16,0,-1
435,legit_71,598.4,315.5,11.6866,0.332,180.0,D2D1,1,154.93,510.25,0,-1
435,legit_72,1.6,422.57,4.8493,1.4837,0.0,A2A3,1,161.05,724.09,0,-1
436,legit_48,825.3,1.6,13.7729,0.2546,270.0,F0E0,0,140.31,734.94,0,-1
436,legit_53,601.6,558.93,12.2832,0.7638,0.0,D2D3,0,153.98,452.09,0,-1
436,legit_57,798.4,792.39,2.7061,-0.0533,261.41,E4E3,0,67.89,505.17,0,-1
436,legit_60,198.4,134.26,13.659,-0.005,180.0,B1B0,0,50.46,709.68,0,-1
436,legit_61,760.98,201.6,11.6409,1.7975,270.0,E1D1,1,82.34,582.64,0,-1
436,legit_62,345.72,998.4,12.8142,0.004,90.0,B5C5,1,132.41,609.7,0,-1
436,legit_63,27.32,398.4,8.352,2.4438,90.0,A2B2,1,128.55,709.46,0,-1
436,legit_64,598.4,211.34,11.1692,-0.4044,180.0,D2D1,2,174.25,561.04,0,-1
436,legit_65,265.02,601.6,13.3607,0.5938,270.0,C3B3,0,115.03,532.66,0,-1
436,legit_66,448.58,998.4,13.4057,0.1378,90.0,C5D5,1,81.61,580.6,0,-1
436,legit_67,201.6,780.46,13.4239,0.69,0.0,B3B4,0,78.79,587.25,0,-1
436,legit_68,687.44,201.6,13.0281,-0.49,270.0,E1D1,3,102.82,570.87,0,-1
436,legit_69,-1.6,577.32,9.1749,2.148,180.0,A3A2,1,153.29,707.95,0,-1
436,legit_70,831.89,1001.6,12.8239,0.1376,270.0,F5E5,0,113.37,603.91,0,-1
436,legit_71,598.4,304.65,10.8513,-0.8353,180.0,D2D1,2,158.39,514.87,0,-1
436,legit_72,1.6,429.41,6.8434,1.9941,0.0,A2A3,2,163.83,722.67,0,-1
437,legit_48,811.95,1.6,13.3454,-0.4275,270.0,F0E0,0,133.63,731.36,0,-1
437,legit_53,601.6,571.22,12.2911,0.0079,0.0,D2D3,0,151.16,451.42,0,-1
437,legit_57,798.4,788.34,4.0489,1.3428,183.5,E4E3,0,70.79,504.13,0,-1
437,legit_60,198.4,120.47,13.7876,0.1286,180.0,B1B0,0,48.4,718.0,0,-1
437,legit_61,748.98,201.6,12.0029,0.362,270.0,E1D1,1,81.61,580.11,0,-1
437,legit_62,358.74,998.4,13.0155,0.2013,90.0,B5C5,1,122.42,605.24,0,-1
437,legit_63,38.01,398.4,10.6957,2.3438,90.0,A2B2,1,118.39,701.24,0,-1
437,legit_64,598.4,199.9,11.4308,0.2615,180.0,:D1_1,2,168.54,567.46,0,-1
437,legit_65,251.8,601.6,13.2187,-0.142,270.0,C3B3,0,101.82,538.99,0,-1
437,legit_66,461.31,998.4,12.7292,-0.6765,90.0,C5D5,1,82.38,578.14,0,-1
437,legit_67,201.6,793.97,13.5128,0.0889,0.0,:B4_9,0,69.15,590.45,0,-1
437,legit_68,674.16,201.6,13.2773,0.2492,270.0,E1D1,3,111.4,569.61,0,-1
437,legit_69,-1.6,566.7,10.6178,1.4429,180.0,A3A2,1,155.21,708.32,0,-1
437,legit_70,819.46,1001.6,12.4316,-0.3923,270.0,F5E5,0,104.75,599.98,0,-1
437,legit_71,598.4,293.89,10.7588,-0.0925,180.0,D2D1,2,162.46,519.6,0,-1
437,legit_72,1.6,438.7,9.2835,2.4401,0.0,A2A3,2,167.98,720.84,0,-1
438,legit_53,601.6,582.9,11.6776,-0.6135,0.0,D2D3,0,149.38,451.0,0,-1
438,legit_57,798.4,781.8,6.5407,2.4919,180.0,E4E3,0,75.7,502.5,0,-1
438,legit_60,198.4,106.83,13.6386,-0.149,180.0,B1B0,0,50.16,726.56,0,-1
438,legit_61,736.95,201.6,12.0308,0.0278,270.0,E1D1,2,82.64,577.82,0,-1
438,legit_62,371.44,998.4,12.6997,-0.3158,90.0,B5C5,1,113.27,601.08,0,-1
438,legit_63,50.41,398.4,12.4005,1.7047,90.0,A2B2,1,106.73,691.82,0,-1
438,legit_64,598.4,188.5,11.4031,-0.0277,180.0,D1D0,3,163.45,574.03,0,-1
438,legit_65,239.18,601.6,12.6219,-0.5968,270.0,C3B3,0,89.2,545.2,0,-1
438,legit_66,474.81,998.4,13.4959,0.7668,90.0,C5D5,1,85.29,575.83,0,-1
438,legit_67,201.6,806.77,12.8029,-0.7099,0.0,:B4_9,0,61.37,593.7,0,-1
438,legit_68,660.85,201.6,13.3101,0.0328,270.0,E1D1,3,120.86,568.57,0,-1
438,legit_69,-1.6,553.71,12.9907,2.3728,180.0,A3A2,1,158.51,708.96,0,-1
438,legit_70,807.45,1001.6,12.0153,-0.4163,270.0,F5E5,0,97.19,596.37,0,-1
438,legit_71,598.4,283.09,10.7997,0.0409,180.0,D2D1,2,167.15,524.52,0,-1
438,legit_72,1.6,450.08,11.3814,2.0979,0.0,A2A3,2,173.6,718.72,0,-1
438,legit_73,998.4,787.7,0.0,0.0,180.0,F4F3,0,73.47,588.94,0,-1
439,legit_53,601.6,592.3,9.3963,-2.2813,0.0,D2D3,0,148.6,450.82,0,-1
439,legit_57,798.4,773.85,7.9544,1.4137,180.0,E4E3,0,81.97,500.58,0,-1
439,legit_60,198.4,94.01,12.8257,-0.8129,180.0,B1B0,0,54.94,734.89,0,-1
439,legit_61,723.67,201.6,13.2734,1.2426,270.0,E1D1,3,85.74,575.58,0,-1
439,legit_62,384.3,998.4,12.8588,0.159,90.0,B5C5,1,104.76,597.07,0,-1
439,legit_63,62.78,398.4,12.3605,-0.0399,90.0,A2B2,1,95.3,682.55,0,-1
439,legit_64,598.4,177.11,11.388,-0.0151,180.0,D1D0,3,159.01,580.75,0,-1
439,legit_65,226.08,601.6,13.1017,0.4798,270.0,C3B3,0,76.1,551.81,0,-1
439,legit_66,488.06,998.4,13.2514,-0.2446,90.0,C5D5,1,90.04,573.84,0,-1
439,legit_67,201.6,820.01,13.235,0.4321,0.0,B4B5,0,55.34,597.32,0,-1
439,legit_68,647.86,201.6,12.9955,-0.3146,270.0,E1D1,3,130.74,567.77,0,-1
439,legit_69,-1.6,540.65,13.0646,0.074,180.0,A3A2,1,162.8,709.82,0,-1
439,legit_70,794.65,1001.6,12.8004,0.7851,270.0,:E5_0,0,90.22,592.74,0,-1
439,legit_71,598.4,271.36,11.7329,0.9332,180.0,D2D1,3,172.86,530.04,0,-1
439,legit_72,1.6,463.35,13.2694,1.8879,0.0,A2A3,2,180.84,716.45,0,-1
439,legit_73,998.4,786.16,1.5426,1.5426,180.0,F4F3,0,74.58,588.57,0,-1
440,legit_53,603.75,597.45,5.8916,-3.5047,26.15,:D3_8,0,146.27,450.79,0,-1
440,legit_57,798.4,764.32,9.525,1.5705,180.0,E4E3,0,89.83,498.39,0,-1
440,legit_60,198.4,81.1,12.9092,0.0836,180.0,B1B0,0,62.1,743.51,0,-1
440,legit_61,711.6,201.6,12.0757,-1.1977,270.0,E1D1,3,90.19,573.79,0,-1
440,legit_62,392.66,998.4,8.3588,-4.5,90.0,B5C5,1,99.73,594.58,0,-1
440,legit_63,75.16,398.4,12.3873,0.0268,90.0,A2B2,1,84.11,673.4,0,-1
440,legit_64,598.4,165.51,11.6085,0.2204,180.0,D1D0,3,155.22,587.78,0,-1
440,legit_65,212.76,601.6,13.3194,0.2177,270.0,C3B3,0,62.78,558.72,0,-1
440,legit_66,500.74,998.4,12.6857,-0.5656,90.0,C5D5,1,96.09,572.19,0,-1
440,legit_67,201.6,832.81,12.798,-0.437,0.0,B4B5,0,52.1,601.1,0,-1
440,legit_68,634.93,201.6,12.9264,-0.0691,270.0,E1D1,3,141.07,567.17,0,-1
440,legit_69,-1.6,527.57,13.0785,0.0139,180.0,A3A2,1,168.01,710.88,0,-1
440,legit_70,782.86,1001.6,11.7832,-1.0172,270.0,E5D5,0,85.01,589.61,0,-1
440,legit_71,598.4,260.21,11.1512,-0.5817,180.0,D2D1,3,178.83,535.45,0,-1
440,legit_72,1.6,477.14,13.7943,0.5249,0.0,A2A3,2,189.06,714.3,0,-1
440,legit_73,998.4,782.51,3.6512,2.1087,180.0,F4F3,0,77.25,587.72,0,-1
441,legit_53,608.45,598.4,4.8918,-0.9998,78.14,D3E3,0,141.56,450.81,0,-1
441,legit_57,798.4,753.31,11.0063,1.4813,180.0,E4E3,0,99.28,496.0,0,-1
441,legit_60,198.4,67.95,13.1434,0.2341,180.0,B1B0,0,71.07,752.49,0,-1
441,legit_61,698.82,201.6,12.7788,0.703,270.0,E1D1,3,96.32,572.14,0,-1
441,legit_62,397.41,996.32,5.4484,-2.9103,115.3,:C5_6,1,98.83,592.08,0,-1
441,legit_63,88.37,398.4,13.2089,0.8215,90.0,A2B2,2,72.61,663.79,0,-1
441,legit_64,598.4,154.36,11.1413,-0.4672,180.0,D1D0,3,152.33,594.69,0,-1
441,legit_66,514.03,998.4,13.2907,0.6049,90.0,C5D5,1,103.72,570.72,0,-1
441,legit_67,201.6,845.76,12.9519,0.1538,0.0,B4B5,0,51.92,605.24,0,-1
441,legit_68,621.31,201.6,13.6208,0.6944,270.0,E1D1,3,152.38,566.75,0,-1
441,legit_69,-1.6,515.41,12.1601,-0.9184,180.0,A3A2,2,173.6,712.05,0,-1
441,legit_70,770.81,1001.6,12.0521,0.2688,270.0,E5D5,0,81.12,586.64,0,-1
441,legit_71,598.4,248.2,12.0107,0.8595,180.0,D2D1,3,185.8,541.46,0,-1
441,legit_72,1.6,490.56,13.4232,-0.3711,0.0,A2A3,2,184.39,712.41,0,-1
441,legit_73,998.4,776.88,5.6241,1.9728,180.0,F4F3,0,81.53,586.45,0,-1
442,legit_53,615.16,598.4,6.7149,1.8231,90.0,D3E3,0,134.84,450.9,0,-1
442,legit_57,798.4,741.69,11.6216,0.6153,180.0,E4E3,0,109.58,493.62,0,-1
442,legit_60,198.4,54.99,12.9581,-0.1853,180.0,B1B0,0,81.04,761.5,0,-1
442,legit_61,686.6,201.6,12.2135,-0.5653,270.0,E1D1,3,103.33,570.78,0,-1
442,legit_62,398.4,990.35,6.1757,0.7273,175.53,C5C4,1,103.44,588.56,0,-1
442,legit_63,101.21,398.4,12.8363,-0.3726,90.0,A2B2,2,62.09,654.62,0,-1
442,legit_64,598.4,142.29,12.0786,0.9373,180.0,D1D0,3,150.06,602.37,0,-1
442,legit_66,527.85,998.4,13.8183,0.5277,90.0,C5D5,1,112.78,569.44,0,-1
442,legit_67,201.6,859.35,13.5943,0.6424,0.0,B4B5,0,55.11,609.92,0,-1
442,legit_68,612.19,201.6,9.1208,-4.5,270.0,E1D1,3,160.16,566.58,0,-1
442,legit_69,-1.6,502.46,12.9547,0.7946,180.0,A3A2,2,180.27,713.48,0,-1
442,legit_70,758.63,1001.6,12.1831,0.131,270.0,E5D5,0,78.87,583.87,0,-1
442,legit_71,598.4,237.36,10.8395,-1.1712,180.0,D2D1,3,189.2,547.04,0,-1
442,legit_72,1.6,503.97,13.4009,-0.0223,0.0,A2A3,2,176.76,710.74,0,-1
442,legit_73,998.4,768.69,8.1956,2.5716,180.0,F4F3,0,88.02,584.65,0,-1
443,legit_53,624.03,598.4,8.8629,2.148,90.0,D3E3,0,125.98,451.1,0,-1
443,legit_57,798.4,730.21,11.4843,-0.1373,180.0,E4E3,0,119.99,491.43,0,-1
443,legit_60,198.4,41.51,13.4836,0.5255,180.0,B1B0,0,92.21,771.04,0,-1
443,legit_61,673.49,201.6,13.117,0.9035,270.0,E1D1,3,111.86,569.55,0,-1
443,legit_62,398.4,982.43,7.9165,1.7408,180.0,C5C4,1,110.37,584.33,0,-1
443,legit_63,114.33,398.4,13.1188,0.2825,90.0,A2B2,1,52.41,645.46,0,-1
443,legit_64,598.4,130.98,11.3035,-0.7751,180.0,D1D0,3,148.81,609.72,0,-1
443,legit_66,541.58,998.4,13.7233,-0.095,90.0,C5D5,1,122.66,568.41,0,-1
443,legit_67,201.6,872.65,13.2989,-0.2954,0.0,B4B5,0,61.06,614.8,0,-1
443,legit_68,607.57,201.6,4.6208,-4.5,270.0,E1D1,3,164.15,566.53,0,-1
443,legit_69,-1.6,489.68,12.7748,-0.1799,180.0,A3A2,2,187.49,715.09,0,-1
443,legit_70,745.96,1001.6,12.6669,0.4838,270.0,E5D5,0,78.5,581.27,0,-1
443,legit_71,598.4,225.98,11.3746,0.5351,180.0,D2D1,3,182.36,553.05,0,-1
443,legit_72,1.6,517.59,13.625,0.2241,0.0,A2A3,1,169.75,709.26,0,-1
443,legit_73,998.4,758.66,10.0247,1.8291,180.0,F4F3,0,96.32,582.56,0,-1
444,legit_53,634.63,598.4,10.5986,1.7357,90.0,D3E3,0,115.38,451.45,0,-1
444,legit_57,798.4,717.63,12.5835,1.0992,180.0,E4E3,0,127.19,489.19,0,-1
444,legit_60,198.4,27.96,13.5546,0.071,180.0,B1B0,0,103.99,780.78,0,-1
444,legit_61,660.71,201.6,12.7753,-0.3417,270.0,E1D1,3,120.96,568.56,0,-1
444,legit_62,398.4,973.07,9.3642,1.4476,180.0,C5C4,0,118.73,579.41,0,-1
444,legit_63,126.7,398.4,12.3779,-0.741,90.0,A2B2,0,44.91,637.03,0,-1
444,legit_64,598.4,118.79,12.1903,0.8868,180.0,D1D0,3,148.4,617.84,0,-1
444,legit_66,554.71,998.4,13.1386,-0.5847,90.0,C5D5,0,132.75,567.64,0,-1
444,legit_67,201.6,885.32,12.6714,-0.6275,0.0,B4B5,0,68.68,619.7,0,-1
444,legit_68,607.35,201.6,0.2163,-4.4045,270.0,E1D1,3,164.34,566.53,0,-1
444,legit_69,-1.6,476.98,12.6959,-0.0789,180.0,A3A2,1,191.49,716.87,0,-1
444,legit_70,733.96,1001.6,12.0023,-0.6646,270.0,E5D5,0,80.02,579.05,0,-1
444,legit_71,598.4,215.04,10.9417,-0.4329,180.0,D2D1,3,176.22,558.99,0,-1
444,legit_72,1.6,531.1,13.5133,-0.1117,0.0,A2A3,1,163.61,708.0,0,-1
444,legit_73,998.4,746.04,12.6168,2.592,180.0,F4F3,0,107.19,580.09,0,-1
444,legit_74,587.7,401.6,0.0,0.0,270.0,D2C2,0,143.85,479.93,0,-1
445,legit_53,647.04,598.4,12.4145,1.8159,90.0,D3E3,0,102.97,452.01,0,-1
445,legit_57,798.4,706.25,11.3777,-1.2058,180.0,E4E3,0,116.75,487.33,0,-1
445,legit_60,198.4,17.3,10.6526,-2.9021,180.0,B1B0,0,113.53,788.52,0,-1
445,legit_61,647.82,201.6,12.8933,0.1181,270.0,E1D1,3,130.76,567.77,0,-1
445,legit_62,398.4,962.39,10.6765,1.3123,180.0,C5C4,0,128.43,573.91,0,-1
445,legit_63,138.71,398.4,12.0028,-0.3751,90.0,A2B2,0,40.03,629.11,0,-1
445,legit_64,598.4,106.93,11.8591,-0.3312,180.0,D1D0,3,148.97,625.92,0,-1
445,legit_66,567.64,998.4,12.931,-0.2077,90.0,C5D5,0,143.17,567.08,0,-1
445,legit_67,201.6,898.26,12.942,0.2705,0.0,B4B5,0,77.83,624.92,0,-1
445,legit_68,607.33,201.6,0.0256,-0.1906,270.0,E1D1,3,164.36,566.52,0,-1
445,legit_69,-1.6,463.76,13.2211,0.5252,180.0,A3A2,1,183.71,718.93,0,-1
445,legit_70,722.33,1001.6,11.6323,-0.37,270.0,E5D5,0,83.14,577.14,0,-1
445,legit_71,598.4,208.37,6.6689,-4.2728,180.0,D2D1,3,172.72,562.69,0,-1
445,legit_72,1.6,544.52,13.4131,-0.1002,0.0,A2A3,1,158.43,706.97,0,-1
445,legit_73,998.4,733.39,12.6559,0.0392,180.0,F4F3,0,118.44,577.78,0,-1
445,legit_74,585.95,401.6,1.7517,1.7517,270.0,D2C2,0,142.17,479.96,0,-1
446,legit_53,658.99,598.4,11.9529,-0.4616,90.0,D3E3,0,91.02,452.73,0,-1
446,legit_57,798.4,693.79,12.4587,1.081,180.0,E4E3,0,105.54,485.45,0,-1
446,legit_60,198.4,10.65,6.6534,-3.9992,180.0,B1B0,0,119.58,793.39,0,-1
446,legit_61,635.28,201.6,12.5436,-0.3497,270.0,E1D1,3,140.78,567.19,0,-1
446,legit_62,398.4,949.6,12.7955,2.119,180.0,C5C4,0,121.14,567.47,0,-1
446,legit_63,150.83,398.4,12.1197,0.117,90.0,A2B2,0,38.41,621.42,0,-1
446,legit_64,598.4,94.85,12.087,0.2279,180.0,D1D0,3,150.52,634.34,0,-1
446,legit_66,581.36,998.4,13.7154,0.7844,90.0,C5D5,1,154.64,566.69,0,-1
446,legit_67,201.6,912.08,13.8126,0.8706,0.0,B4B5,0,88.64,630.7,0,-1
446,legit_68,607.31,201.6,0.0195,-0.0061,270.0,E1D1,3,164.38,566.52,0,-1
446,legit_69,-1.6,450.54,13.2281,0.007,180.0,A3A2,1,176.58,721.19,0,-1
446,legit_70,710.57,1001.6,11.7603,0.128,270.0,E5D5,1,87.76,575.43,0,-1
446,legit_71,597.55,203.91,4.6206,-2.0483,189.99,:D1_0,3,169.74,565.19,0,-1
446,legit_72,1.6,557.94,13.4273,0.0142,0.0,A2A3,1,154.24,706.15,0,-1
446,legit_73,998.4,719.65,13.7397,1.0838,180.0,F4F3,0,130.3,575.46,0,-1
446,legit_74,581.8,401.6,4.1481,2.3963,270.0,D2C2,0,138.21,480.03,0,-1
447,legit_53,671.27,598.4,12.2793,0.3264,90.0,D3E3,0,78.74,453.63,0,-1
447,legit_57,798.4,682.27,11.518,-0.9408,180.0,E4E3,0,95.45,483.88,0,-1
447,legit_60,198.46,7.12,3.5503,-3.1031,179.36,:B0_2,0,122.84,795.97,0,-1
447,legit_61,624.72,201.6,10.5557,-1.9879,270.0,E1D1,3,149.51,566.83,0,-1
447,legit_62,398.4,936.8,12.7937,-0.0017,180.0,C5C4,0,109.7,561.21,0,-1
447,legit_63,163.75,398.4,12.9246,0.8049,90.0,A2B2,0,40.79,613.57,0,-1
447,legit_64,598.4,83.27,11.5712,-0.5158,180.0,D1D0,3,152.88,642.57,0,-1
447,legit_66,594.11,998.4,12.7529,-0.9625,90.0,:D5_7,1,165.61,566.51,0,-1
447,legit_67,201.6,925.36,13.2803,-0.5323,0.0,B4B5,0,99.74,636.46,0,-1
447,legit_68,605.94,201.6,1.3648,1.3453,270.0,:D1_5,3,165.56,566.51,0,-1
447,legit_69,-1.6,437.74,12.7969,-0.4313,180.0,A3A2,1,170.37,723.57,0,-1
447,legit_70,698.11,1001.6,12.4581,0.6978,270.0,E5D5,1,94.02,573.84,0,-1
447,legit_71,593.69,201.73,4.679,0.0584,238.52,:D1_0,3,165.31,566.45,0,-1
447,legit_72,1.6,570.89,12.9503,-0.477,0.0,A2A3,1,151.23,705.58,0,-1
447,legit_73,998.4,706.5,13.1522,-0.5875,180.0,F4F3,0,118.34,573.43,0,-1
447,legit_74,575.06,401.6,6.7376,2.5896,270.0,D2C2,0,131.8,480.2,0,-1
448,legit_53,683.02,598.4,11.751,-0.5284,90.0,D3E3,1,66.99,454.65,0,-1
448,legit_57,798.4,670.55,11.7235,0.2055,180.0,E4E3,1,85.55,482.44,0,-1
448,legit_60,200.82,6.03,3.1625,-0.3877,140.26,:B0_2,0,124.79,795.68,0,-1
448,legit_61,617.74,201.6,6.9843,-3.5715,270.0,E1D1,3,155.41,566.67,0,-1
448,legit_62,398.4,923.47,13.3328,0.5391,180.0,C5C4,0,98.13,554.87,0,-1
448,legit_63,176.02,398.4,12.2642,-0.6604,90.0,A2B2,0,46.38,606.44,0,-1
448,legit_64,598.4,71.96,11.3135,-0.2577,180.0,D1D0,3,155.98,650.76,0,-1
448,legit_66,607.56,998.4,13.4455,0.6927,90.0,D5E5,1,164.16,566.53,0,-1
448,legit_67,201.6,938.23,12.8745,-0.4058,0.0,B4B5,0,110.96,642.22,0,-1
448,legit_68,603.01,201.6,2.9288,1.5641,270.0,:D1_5,3,168.12,566.5,0,-1
448,legit_69,-1.6,425.53,12.2035,-0.5933,180.0,A3A2,0,165.16,726.01,0,-1
448,legit_70,685.24,1001.6,12.8711,0.413,270.0,E5D5,1,101.69,572.44,0,-1
448,legit_71,589.11,201.6,4.5962,-0.0828,267.88,D1C1,3,161.27,566.56,0,-1
448,legit_72,1.6,582.68,11.7862,-1.1641,0.0,A2A3,0,149.41,705.23,0,-1
448,legit_73,998.4,692.77,13.7266,0.5744,180.0,F4F3,0,106.16,571.5,0,-1
448,legit_74,566.81,401.6,8.2568,1.5191,270.0,D2C2,0,123.99,480.47,0,-1
449,legit_53,695.18,598.4,12.1571,0.4061,90.0,D3E3,1,54.84,455.87,0,-1
449,legit_57,798.4,658.99,11.5555,-0.168,180.0,E4E3,1,76.31,481.19,0,-1
449,legit_60,201.6,8.63,2.836,-0.3266,47.87,B0B1,0,122.74,793.4,0,-1
449,legit_61,612.71,201.6,5.0253,-1.959,270.0,E1D1,3,159.71,566.58,0,-1
449,legit_62,398.4,910.47,12.9987,-0.3341,180.0,C5C4,0,87.34,548.88,0,-1
449,legit_63,188.78,398.4,12.7688,0.5046,90.0,A2B2,0,54.58,599.29,0,-1
449,legit_64,598.4,59.86,12.0998,0.7863,180.0,D1D0,3,160.12,659.68,0,-1
449,legit_66,620.57,998.4,13.0117,-0.4338,90.0,D5E5,1,153.01,566.73,0,-1
449,legit_67,201.6,951.63,13.4007,0.5262,0.0,B4B5,0,122.98,648.38,0,-1
449,legit_68,598.45,201.6,4.5617,1.6328,270.0,:D1_5,3,169.4,566.5,0,-1
449,legit_69,-1.6,413.46,12.0794,-0.1241,180.0,A3A2,0,160.75,728.6,0,-1
449,legit_70,672.83,1001.6,12.4061,-0.465,270.0,E5D5,1,110.01,571.3,0,-1
449,legit_71,582.8,201.6,6.3083,1.7121,270.0,D1C1,3,155.86,566.66,0,-1
449,legit_72,1.6,590.32,7.639,-4.1472,0.0,A2A3,0,148.72,705.1,0,-1
449,legit_73,998.4,679.4,13.3735,-0.3531,180.0,F4F3,0,94.69,569.82,0,-1
449,legit_74,556.7,401.6,10.1083,1.8516,270.0,D2C2,0,114.52,480.91,0,-1
450,legit_53,707.56,598.4,12.3814,0.2243,90.0,D3E3,1,42.47,457.29,0,-1
450,legit_57,798.4,646.69,12.3052,0.7497,180.0,E4E3,1,67.25,480.05,0,-1
450,legit_60,201.6,13.73,5.0977,2.2617,0.0,B0B1,0,118.14,789.65,0,-1
450,legit_61,608.73,201.6,3.9814,-1.0439,270.0,E1D1,2,163.14,566.54,0,-1
450,legit_62,398.4,897.91,12.5621,-0.4366,180.0,C5C4,0,77.56,543.28,0,-1
450,legit_64,598.4,47.48,12.3781,0.2783,180.0,D1D0,0,165.17,668.97,0,-1
450,legit_66,633.93,998.4,13.3645,0.3528,90.0,D5E5,1,141.88,567.13,0,-1
450,legit_67,201.6,964.88,13.2497,-0.151,0.0,B4B5,0,126.15,654.64,0,-1
450,legit_68,591.62,201.6,6.8289,2.2672,270.0,D1C1,2,163.45,566.53,0,-1
450,legit_69,-1.6,401.1,12.3554,0.276,180.0,:A2_0,0,157.07,731.44,0,-1
450,legit_70,661.22,1001.6,11.616,-0.7901,270.0,E5D5,1,118.45,570.41,0,-1
450,legit_71,574.07,201.6,8.7274,2.4192,270.0,D1C1,2,148.5,566.87,0,-1
450,legit_72,0.72,594.04,4.0095,-3.6295,349.42,:A3_11,0,149.4,705.78,0,-1
450,legit_73,998.4,666.22,13.1813,-0.1922,180.0,F4F3,0,83.95,568.36,0,-1
450,legit_74,545.29,401.6,11.4111,1.3028,270.0,D2C2,0,103.97,481.55,0,-1
450,legit_75,212.3,198.4,0.0,0.0,90.0,B1C1,0,100.14,667.52,0,-1
451,legit_53,719.18,598.4,11.6194,-0.762,90.0,D3E3,1,30.86,458.79,0,-1
451,legit_57,798.4,635.05,11.6397,-0.6654,180.0,E4E3,1,59.76,479.18,0,-1
451,legit_60,201.6,20.69,6.9635,1.8658,0.0,B0B1,0,111.92,784.56,0,-1
451,legit_61,602.76,201.6,5.9721,1.9908,270.0,:D1_5,2,168.34,566.5,0,-1
451,legit_62,398.4,885.06,12.8471,0.285,180.0,C5C4,0,68.51,537.76,0,-1
451,legit_64,598.4,36.07,11.412,-0.9661,180.0,D1D0,0,170.49,677.66,0,-1
451,legit_66,647.15,998.4,13.2182,-0.1463,90.0,D5E5,1,131.29,567.74,0,-1
451,legit_67,201.6,977.29,12.4133,-0.8364,0.0,B4B5,0,114.94,660.66,0,-1
451,legit_68,582.75,201.6,8.8687,2.0398,270.0,D1C1,2,155.83,566.66,0,-1
451,legit_69,-1.6,388.92,12.1836,-0.1718,180.0,A2A1,0,154.33,734.41,0,-1
451,legit_70,649.07,1001.6,12.1451,0.5291,270.0,E5D5,1,127.8,569.65,0,-1
451,legit_71,563.1,201.6,10.9691,2.2417,270.0,D1C1,2,139.46,567.25,0,-1
451,legit_72,-1.6,592.71,3.2331,-0.7765,272.61,A3A2,0,151.78,707.66,0,-1
451,legit_73,998.4,653.6,12.6199,-0.5614,180.0,F4F3,0,74.4,567.16,0,-1
451,legit_74,532.43,401.6,12.852,1.4408,270.0,D2C2,0,92.34,482.45,0,-1
451,legit_75,214.31,198.4,2.0088,2.0088,90.0,B1C1,0,101.4,666.53,0,-1
452,legit_53,731.95,598.4,12.7668,1.1473,90.0,D3E3,1,18.12,460.61,0,-1
452,legit_57,798.4,622.56,12.4889,0.8491,180.0,E4E3,1,53.4,478.48,0,-1
452,legit_60,201.6,29.5,8.8095,1.846,0.0,B0B1,0,104.18,778.17,0,-1
452,legit_61,595.03,201.6,7.7241,1.752,270.0,:D1_5,2,166.41,566.51,0,-1
452,legit_62,398.4,872.2,12.8624,0.0153,180.0,C5C4,0,60.82,532.46,0,-1
452,legit_64,598.4,24.9,11.1747,-0.2374,180.0,D1D0,0,176.26,686.3,0,-1
452,legit_66,661.01,998.4,13.8535,0.6353,90.0,D5E5,1,120.74,568.59,0,-1
452,legit_67,201.6,985.94,8.6495,-3.7638,0.0,B4B5,0,107.28,664.94,0,-1
452,legit_68,571.55,201.6,11.2014,2.3327,270.0,D1C1,2,146.4,566.94,0,-1
452,legit_69,-1.6,376.23,12.6851,0.5015,180.0,A2A1,0,152.47,737.69,0,-1
452,legit_70,637.36,1001.6,11.7087,-0.4364,270.0,E5D5,1,137.24,569.09,0,-1
452,legit_71,551.95,201.6,11.152,0.1829,270.0,D1C1,2,130.58,567.78,0,-1
452,legit_72,-1.6,587.52,5.1911,1.9581,180.0,A3A2,0,152.11,707.73,0,-1
452,legit_73,998.4,640.97,12.6216,0.0018,180.0,F4F3,0,65.89,566.16,0,-1
452,legit_74,518.68,401.6,13.7524,0.9005,270.0,D2C2,0,80.3,483.64,0,-1
452,legit_75,218.13,198.4,3.8245,1.8158,90.0,B1C1,0,103.87,664.66,0,-1
453,legit_53,743.79,598.4,11.8417,-0.9251,90.0,D3E3,1,6.41,462.48,0,-1
453,legit_57,798.4,610.82,11.7423,-0.7465,180.0,E4E3,1,49.59,478.08,0,-1
453,legit_60,201.6,39.71,10.2081,1.3986,0.0,B0B1,0,95.44,770.84,0,-1
453,legit_61,585.34,201.6,9.697,1.9729,270.0,D1C1,2,158.03,566.61,0,-1
453,legit_62,398.4,859.86,12.3419,-0.5205,180.0,C5C4,0,55.29,527.63,0,-1
453,legit_64,598.4,15.76,9.1368,-2.0378,180.0,D1D0,0,181.35,693.44,0,-1
453,legit_66,674.34,998.4,13.3341,-0.5194,90.0,D5E5,1,111.28,569.63,0,-1
453,legit_67,201.6,991.54,5.5916,-3.0579,0.0,B4B5,0,102.41,667.74,0,-1
453,legit_68,560.29,201.6,11.2613,0.0599,270.0,D1C1,2,137.19,567.37,0,-1
453,legit_69,-1.6,363.86,12.3729,-0.3121,180.0,A2A1,0,151.65,741.08,0,-1
453,legit_70,625.16,1001.6,12.205,0.4964,270.0,E5D5,1,147.42,568.66,0,-1
453,legit_71,541.08,201.6,10.8666,-0.2854,270.0,D1C1,2,122.29,568.44,0,-1
453,legit_72,-1.6,580.4,7.1219,1.9307,180.0,A3A2,0,152.86,707.87,0,-1
453,legit_73,998.4,627.4,13.5701,0.9484,180.0,F4F3,0,58.43,565.34,0,-1
453,legit_74,505.22,401.6,13.4611,-0.2913,270.0,D2C2,0,69.14,485.05,0,-1
453,legit_75,224.06,198.4,5.9287,2.1041,90.0,B1C1,0,107.85,661.8,0,-1
454,legit_53,756.43,598.4,12.6349,0.7932,90.0,D3E3,0,6.62,465.28,0,-1
454,legit_60,201.6,51.77,12.06,1.852,0.0,B0B1,1,85.55,762.28,0,-1
454,legit_61,573.71,201.6,11.6267,1.9297,270.0,D1C1,2,148.2,566.88,0,-1
454,legit_62,398.4,846.64,13.2132,0.8713,180.0,C5C4,0,52.03,522.75,0,-1
454,legit_64,598.4,9.78,5.9764,-3.1605,180.0,D1D0,0,184.85,698.15,0,-1
454,legit_66,687.34,998.4,13.0028,-0.3313,90.0,D5E5,1,102.88,570.86,0,-1
454,legit_67,203.57,997.34,6.4415,0.8499,23.99,:B5_3,0,98.5,669.69,0,-1
454,legit_68,550.42,201.6,9.8651,-1.3962,270.0,D1C1,2,129.4,567.87,0,-1
454,legit_69,-1.6,350.74,13.123,0.75,180.0,A2A1,0,151.88,744.87,0,-1
454,legit_70,612.31,1001.6,12.8451,0.64,270.0,E5D5,1,158.44,568.4,0,-1
454,legit_71,529.36,201.6,11.7214,0.8548,270.0,D1C1,2,113.83,569.31,0,-1
454,legit_72,-1.6,571.15,9.2423,2.1204,180.0,A3A2,0,154.32,708.15,0,-1
454,legit_73,998.4,616.32,11.0819,-2.4881,180.0,F4F3,0,54.12,564.89,0,-1
454,legit_74,491.53,401.6,13.6937,0.2326,270.0,D2C2,0,58.78,486.73,0,-1
454,legit_75,231.47,198.4,7.4083,1.4797,90.0,B1C1,1,113.07,658.28,0,-1
455,legit_53,768.26,598.4,11.8386,-0.7962,90.0,D3E3,0,18.33,468.65,0,-1
455,legit_60,201.6,65.44,13.6757,1.6156,0.0,B0B1,1,75.09,752.72,0,-1
455,legit_61,561.98,201.6,11.7291,0.1024,270.0,D1C1,2,138.56,567.3,0,-1
455,legit_62,398.4,833.94,12.7057,-0.5075,180.0,C5C4,0,51.95,518.38,0,-1
455,legit_64,598.07,4.9,4.9033,-1.0731,183.77,:D0_0,0,187.54,702.02,0,-1
455,legit_66,701.13,998.4,13.7847,0.7819,90.0,D5E5,1,95.12,572.42,0,-1
455,legit_67,209.87,998.4,6.5215,0.08,86.21,B5C5,0,101.21,667.07,0,-1
455,legit_68,539.29,201.6,11.1336,1.2685,270.0,D1C1,2,120.96,568.56,0,-1
455,legit_69,-1.6,337.81,12.9266,-0.1964,180.0,A2A1,0,153.22,748.81,0,-1
455,legit_70,599.74,1001.6,12.5676,-0.2774,270.0,:D5_0,1,169.03,568.32,0,-1
455,legit_71,518.08,201.6,11.2836,-0.4378,270.0,D1C1,2,106.27,570.32,0,-1
455,legit_72,-1.6,560.08,11.0752,1.8329,180.0,A3A2,0,156.77,708.62,0,-1
455,legit_73,998.4,609.74,6.5819,-4.5,180.0,F4F3,0,52.51,564.73,0,-1
455,legit_74,477.65,401.6,13.8815,0.1878,270.0,D2C2,0,49.95,488.75,0,-1
455,legit_75,240.44,198.4,8.9719,1.5635,90.0,B1C1,1,119.69,654.11,0,-1
456,legit_53,779.69,598.4,11.424,-0.4146,90.0,D3E3,0,29.73,472.06,0,-1
456,legit_60,201.6,78.58,13.1322,-0.5435,0.0,B0B1,1,66.17,743.72,0,-1
456,legit_61,550.54,201.6,11.4384,-0.2908,270.0,D1C1,2,129.49,567.86,0,-1
456,legit_62,398.4,821.37,12.5654,-0.1403,180.0,C5C4,0,54.86,514.37,0,-1
456,legit_64,594.65,1.86,4.8394,-0.0638,227.12,:D0_0,0,186.76,704.45,0,-1
456,legit_66,714.54,998.4,13.4157,-0.369,90.0,D5E5,1,88.97,574.21,0,-1
456,legit_67,217.85,998.4,7.98,1.4585,90.0,B5C5,0,106.12,663.14,0,-1
456,legit_68,527.86,201.6,11.431,0.2974,270.0,D1C1,2,112.79,569.44,0,-1
456,legit_69,-1.6,325.32,12.4882,-0.4384,180.0,A2A1,0,155.52,752.8,0,-1
456,legit_70,588.02,1001.6,11.7283,-0.8393,270.0,D5C5,1,158.73,568.39,0,-1
456,legit_71,506.46,201.6,11.6175,0.3339,270.0,D1C1,2,99.23,571.53,0,-1
456,legit_72,-1.6,547.25,12.8272,1.7519,180.0,A3A2,0,160.52,709.36,0,-1
456,legit_73,999.03,606.25,3.6828,-2.8991,172.48,:F3_2,0,51.35,565.02,0,-1
456,legit_74,464.82,401.6,12.8259,-1.0556,270.0,D2C2,1,44.16,490.92,0,-1
456,legit_75,251.82,198.4,11.382,2.4101,90.0,B1C1,1,128.51,648.94,0,-1
456,legit_76,387.7,401.6,0.0,0.0,270.0,C2B2,1,74.91,511.19,0,-1
457,legit_53,787.98,598.4,8.2937,-3.1303,90.0,D3E3,0,38.02,474.63,0,-1
457,legit_60,201.6,91.73,13.1544,0.0222,0.0,B0B1,1,58.84,734.9,0,-1
457,legit_61,537.96,201.6,12.5817,1.1433,270.0,D1C1,2,119.98,568.66,0,-1
457,legit_62,398.4,808.24,13.1353,0.5699,180.0,C5C4,0,60.59,510.48,0,-1
457,legit_64,589.69,1.6,4.9848,0.1453,266.94,D0C0,0,183.11,704.7,0,-1
457,legit_66,728.03,998.4,13.4825,0.0668,90.0,D5E5,0,84.51,576.29,0,-1
457,legit_67,228.4,998.4,10.5535,2.5735,90.0,B5C5,0,113.16,658.06,0,-1
457,legit_68,515.73,201.6,12.1315,0.7005,270.0,D1C1,2,104.78,570.55,0,-1
457,legit_69,-1.6,312.14,13.1776,0.6894,180.0,A2A1,0,158.97,757.21,0,-1
457,legit_70,576.17,1001.6,11.8451,0.1168,270.0,D5C5,0,148.54,568.63,0,-1
457,legit_71,494.77,201.6,11.6853,0.0678,270.0,D1C1,2,93.08,572.94,0,-1
457,legit_72,-1.6,534.27,12.9786,0.1515,180.0,A3A2,0,165.24,710.31,0,-1
457,legit_73,1001.42,606.93,3.2013,-0.4815,107.08,:F3_9,0,49.07,566.31,0,-1
457,legit_74,451.97,401.6,12.8527,0.0268,270.0,D2C2,1,41.65,493.45,0,-1
457,legit_75,263.76,198.4,11.939,0.557,90.0,B1C1,1,138.16,643.66,0,-1
457,legit_76,386.03,401.6,1.6692,1.6692,270.0,C2B2,1,76.31,511.74,0,-1
458,legit_53,791.78,598.4,3.7937,-4.5,90.0,D3E3,0,41.81,475.83,0,-1
458,legit_60,201.6,104.41,12.6807,-0.4736,0.0,B0B1,1,53.9,726.62,0,-1
458,legit_61,525.25,201.6,12.7094,0.1277,270.0,D1C1,2,111.0,569.66,0,-1
458,legit_64,582.68,1.6,7.0069,2.0222,270.0,D0C0,0,177.83,704.81,0,-1
458,legit_66,741.1,998.4,13.0719,-0.4105,90.0,D5E5,0,82.08,578.58,0,-1
458,legit_67,241.55,998.4,13.1469,2.5934,90.0,B5C5,0,122.64,651.91,0,-1
458,legit_68,503.6,201.6,12.1317,0.0002,270.0,D1C1,2,97.63,571.86,0,-1
458,legit_69,-1.6,299.55,12.5953,-0.5823,180.0,A2A1,0,163.21,761.62,0,-1
458,legit_70,564.0,1001.6,12.1749,0.3298,270.0,D5C5,0,138.35,569.03,0,-1
458,legit_71,482.93,201.6,11.8407,0.1554,270.0,D1C1,2,88.0,574.58,0,-1
458,legit_72,-1.6,521.57,12.6989,-0.2797,180.0,A3A2,0,170.69,711.43,0,-1
458,legit_73,1001.6,609.52,2.6492,-0.5522,26.81,F3F4,0,49.33,566.45,0,-1
458,legit_74,439.09,401.6,12.8789,0.0262,270.0,D2C2,1,43.01,496.36,0,-1
458,legit_75,275.79,198.4,12.0246,0.0856,90.0,B1C1,1,148.22,638.5,0,-1
458,legit_76,382.69,401.6,3.3435,1.6743,270.0,C2B2,1,79.13,512.85,0,-1
459,legit_53,797.12,596.81,5.7667,1.9729,109.22,:E3_12,0,47.23,477.56,0,-1
459,legit_60,201.6,118.0,13.5903,0.9095,0.0,B0B1,1,51.64,718.03,0,-1
459,legit_61,512.68,201.6,12.5685,-0.1409,270.0,D1C1,2,102.9,570.86,0,-1
459,legit_64,573.67,1.6,9.0038,1.9969,270.0,D0C0,0,171.21,705.02,0,-1
459,legit_66,753.81,998.4,12.7101,-0.3618,90.0,D5E5,0,81.69,581.1,0,-1
459,legit_67,255.41,998.4,13.8583,0.7114,90.0,B5C5,0,133.3,645.64,0,-1
459,legit_68,492.42,201.6,11.174,-0.9577,270.0,D1C1,2,91.97,573.25,0,-1
459,legit_69,-1.6,287.08,12.472,-0.1233,180.0,A2A1,0,168.23,766.15,0,-1
459,legit_70,551.8,1001.6,12.1943,0.0194,270.0,D5C5,0,128.49,569.6,0,-1
459,legit_71,471.82,201.6,11.1168,-0.7238,270.0,D1C1,2,84.47,576.31,0,-1
459,legit_72,-1.6,508.55,13.0229,0.324,180.0,A3A2,0,177.05,712.78,0,-1
459,legit_73,1001.6,614.46,4.9387,2.2895,0.0,F3F4,0,50.51,566.57,0,-1
459,legit_74,426.48,401.6,12.613,-0.2659,270.0,D2C2,1,47.79,499.57,0,-1
459,legit_75,287.86,198.4,12.0707,0.046,90.0,B1C1,1,158.59,633.47,0,-1
459,legit_76,377.06,401.6,5.6252,2.2817,270.0,C2B2,1,83.97,514.74,0,-1
460,legit_53,798.4,591.57,5.5194,-0.2472,168.03,E3E2,0,49.13,478.04,0,-1
460,legit_60,201.6,131.31,13.3073,-0.283,0.0,B0B1,1,52.82,709.92,0,-1
460,legit_61,501.51,201.6,11.1681,-1.4004,270.0,D1C1,2,96.5,572.1,0,-1
460,legit_64,562.36,1.6,11.3105,2.3067,270.0,D0C0,0,163.23,705.42,0,-1
460,legit_66,767.33,998.4,13.5243,0.8142,90.0,D5E5,0,83.42,584.07,0,-1
460,legit_67,269.07,998.4,13.6644,-0.1939,90.0,B5C5,0,144.35,639.66,0,-1
460,legit_68,480.78,201.6,11.6431,0.469,270.0,D1C1,2,87.21,574.9,0,-1
460,legit_69,-1.6,274.25,12.8213,0.3493,180.0,A2A1,0,174.17,770.99,0,-1
460,legit_70,539.15,1001.6,12.6526,0.4584,270.0,D5C5,0,118.72,570.38,0,-1
460,legit_71,459.84,201.6,11.9754,0.8586,270.0,D1C1,2,82.19,578.41,0,-1
460,legit_72,-1.6,495.41,13.1382,0.1153,180.0,A3A2,0,184.18,714.34,0,-1
460,legit_73,1001.6,621.31,6.8449,1.9062,0.0,F3F4,0,52.88,566.8,0,-1
460,legit_74,416.85,401.6,9.6302,-2.9827,270.0,D2C2,1,53.2,502.24,0,-1
460,legit_75,299.75,198.4,11.8929,-0.1778,90.0,B1C1,1,169.03,628.66,0,-1
460,legit_76,369.36,401.6,7.7053,2.08,270.0,C2B2,1,90.74,517.41,0,-1
461,legit_53,798.4,583.81,7.7558,2.2364,180.0,E3E2,0,51.04,478.23,0,-1
461,legit_60,201.6,145.12,13.8158,0.5086,0.0,B0B1,1,57.39,701.81,0,-1
461,legit_61,490.21,201.6,11.3091,0.141,270.0,D1C1,2,90.97,573.55,0,-1
461,legit_64,550.63,1.6,11.7318,0.4213,270.0,D0C0,0,155.39,705.99,0,-1
461,legit_66,780.9,998.4,13.5688,0.0445,90.0,D5E5,0,87.26,587.36,0,-1
461,legit_67,282.77,998.4,13.7027,0.0383,90.0,B5C5,0,155.84,633.85,0,-1
461,legit_68,469.4,201.6,11.3838,-0.2593,270.0,D1C1,2,83.87,576.72,0,-1
461,legit_69,-1.6,261.18,13.0702,0.2489,180.0,A2A1,0,180.96,776.11,0,-1
461,legit_70,527.15,1001.6,12.0036,-0.649,270.0,D5C5,0,109.99,571.3,0,-1
461,legit_71,448.05,201.6,11.7945,-0.1809,270.0,D1C1,3,81.62,580.71,0,-1
461,legit_72,-1.6,481.62,13.7923,0.6541,180.0,A3A2,0,192.34,716.2,0,-1
461,legit_73,1001.6,630.36,9.0513,2.2064,0.0,F3F4,0,57.13,567.24,0,-1
461,legit_74,410.2,401.6,6.6439,-2.9863,270.0,D2C2,1,57.57,504.16,0,-1
461,legit_75,312.27,198.4,12.5167,0.6238,90.0,B1C1,2,158.48,623.76,0,-1
461,legit_76,360.02,401.6,9.3412,1.6359,270.0,C2B2,1,99.13,520.73,0,-1
462,legit_53,798.4,574.66,9.1566,1.4008,180.0,E3E2,0,54.63,478.61,0,-1
462,legit_60,201.6,158.32,13.1993,-0.6166,0.0,B0B1,1,64.27,694.32,0,-1
462,legit_61,478.7,201.6,11.5026,0.1936,270.0,D1C1,2,86.5,575.21,0,-1
462,legit_64,539.21,1.6,11.4181,-0.3138,270.0,D0C0,0,148.25,706.69,0,-1
462,legit_66,794.76,998.4,13.8606,0.2918,90.0,:E5_7,0,93.07,591.02,0,-1
462,legit_67,296.6,998.4,13.8241,0.1213,90.0,B5C5,0,167.78,628.19,0,-1
462,legit_68,457.45,201.6,11.9495,0.5657,270.0,D1C1,3,81.94,578.86,0,-1
462,legit_69,-1.6,248.74,12.4422,-0.628,180.0,A2A1,0,188.04,781.16,0,-1
462,legit_70,515.27,1001.6,11.8777,-0.1259,270.0,D5C5,1,102.01,572.39,0,-1
462,legit_71,436.57,201.6,11.473,-0.3215,270.0,D1C1,3,82.7,583.18,0,-1
462,legit_72,-1.6,468.4,13.2152,-0.5771,180.0,A3A2,0,186.37,718.18,0,-1
462,legit_73,1001.6,641.91,11.5485,2.4972,0.0,F3F4,0,64.02,567.98,0,-1
462,legit_74,402.04,400.27,8.4141,1.7701,254.96,:C2_6,1,62.62,506.99,0,-1
462,legit_75,324.83,198.4,12.561,0.0442,90.0,B1C1,3,147.7,619.0,0,-1
462,legit_76,349.13,401.6,10.8858,1.5446,270.0,C2B2,1,109.11,524.73,0,-1
462,legit_77,587.7,1001.6,0.0,0.0,270.0,D5C5,1,158.45,568.4,0,-1
463,legit_53,798.4,563.56,11.1006,1.944,180.0,E3E2,0,60.59,479.27,0,-1
463,legit_60,201.6,171.72,13.3958,0.1966,0.0,B0B1,1,73.06,686.95,0,-1
463,legit_61,466.83,201.6,11.8739,0.3713,270.0,D1C1,3,83.32,577.16,0,-1
463,legit_64,527.56,1.6,11.6518,0.2338,270.0,D0C0,0,141.54,707.56,0,-1
463,legit_66,808.07,998.4,13.3088,-0.5518,90.0,E5F5,0,100.15,594.79,0,-1
463,legit_67,310.25,998.4,13.6477,-0.1763,90.0,B5C5,0,161.83,622.8,0,-1
463,legit_68,446.26,201.6,11.1844,-0.7651,270.0,D1C1,3,81.69,581.08,0,-1
463,legit_69,-1.6,236.58,12.1597,-0.2826,180.0,A2A1,0,191.24,786.24,0,-1
463,legit_70,503.42,1001.6,11.8479,-0.0298,270.0,D5C5,1,94.87,573.66,0,-1
463,legit_71,424.56,201.6,12.0097,0.5366,270.0,D1C1,3,85.47,586.0,0,-1
463,legit_72,-1.6,455.52,12.881,-0.3342,180.0,A3A2,0,179.18,720.31,0,-1
463,legit_73,1001.6,655.78,13.874,2.3255,0.0,F3F4,0,73.85,569.12,0,-1
463,legit_74,398.41,392.85,8.7222,0.3081,193.4,:C2_6,1,61.17,510.17,0,-1
463,legit_75,336.88,198.4,12.0524,-0.5085,90.0,B1C1,4,137.63,614.59,0,-1
463,legit_76,336.77,401.6,12.3648,1.479,270.0,C2B2,1,120.63,529.44,0,-1
463,legit_77,585.66,1001.6,2.0382,2.0382,270.0,D5C5,1,156.69,568.43,0,-1
464,legit_53,798.4,551.56,11.9955,0.8949,180.0,E3E2,0,68.48,480.2,0,-1
464,legit_60,201.6,185.6,13.8789,0.4831,0.0,B0B1,1,83.46,679.53,0,-1
464,legit_61,455.64,201.6,11.1855,-0.6884,270.0,D1C1,3,81.79,579.2,0,-1
464,legit_64,515.18,1.6,12.3866,0.7348,270.0,D0C0,0,135.15,708.66,0,-1
464,legit_66,821.5,998.4,13.4314,0.1226,90.0,E5F5,0,108.49,598.85,0,-1
464,legit_67,323.94,998.4,13.6929,0.0451,90.0,B5C5,0,150.17,617.58,0,-1
464,legit_68,434.5,201.6,11.761,0.5766,270.0,D1C1,3,83.06,583.65,0,-1
464,legit_69,-1.6,224.4,12.1805,0.0208,180.0,A2A1,0,184.07,791.49,0,-1
464,legit_70,491.32,1001.6,12.0974,0.2495,270.0,D5C5,1,88.62,575.17,0,-1
464,legit_71,414.43,201.6,10.1322,-1.8774,270.0,D1C1,3,89.01,588.56,0,-1
464,legit_72,-1.6,442.59,12.9379,0.0568,180.0,A3A2,0,172.64,722.64,0,-1
464,legit_73,1001.6,669.23,13.4502,-0.4238,0.0,F3F4,0,84.47,570.46,0,-1
464,legit_74,398.4,384.41,8.4449,-0.2773,180.0,C2C1,1,57.08,512.62,0,-1
464,legit_75,349.46,198.4,12.5767,0.5243,90.0,B1C1,4,127.5,610.15,0,-1
464,legit_76,323.68,401.6,13.0844,0.7196,270.0,C2B2,1,132.99,534.6,0,-1
464,legit_77,581.2,1001.6,4.4599,2.4218,270.0,D5C5,1,152.84,568.51,0,-1
465,legit_53,798.4,539.11,12.4475,0.452,180.0,E3E2,0,77.78,481.38,0,-1
465,legit_61,444.53,201.6,11.1102,-0.0753,270.0,D1C1,3,81.78,581.44,0,-1
465,legit_64,503.57,1.6,11.6045,-0.7821,270.0,D0C0,0,129.96,709.87,0,-1
465,legit_66,834.51,998.4,13.0112,-0.4202,90.0,E5F5,0,117.48,603.0,0,-1
465,legit_67,336.85,998.4,12.912,-0.7809,90.0,B5C5,1,139.5,612.85,0,-1
465,legit_68,424.37,201.6,10.1285,-1.6325,270.0,D1C1,3,85.53,586.05,0,-1
465,legit_69,-1.6,211.9,12.5026,0.3222,180.0,A2A1,0,177.28,797.04,0,-1
465,legit_70,478.95,1001.6,12.3766,0.2793,270.0,D5C5,2,83.57,576.94,0,-1
465,legit_71,408.8,201.6,5.6322,-4.5,270.0,D1C1,3,91.41,590.05,0,-1
465,legit_72,-1.6,429.83,12.7538,-0.184,180.0,A3A2,0,166.91,725.13,0,-1
465,legit_73,1001.6,682.13,12.8954,-0.5548,0.0,F3F4,0,95.33,571.93,0,-1
465,legit_74,398.4,374.61,9.7963,1.3514,180.0,C2C1,1,53.63,515.62,0,-1
465,legit_75,361.78,198.4,12.3226,-0.2542,90.0,B1C1,3,118.02,605.98,0,-1
465,legit_76,310.23,401.6,13.4487,0.3643,270.0,C2B2,1,145.83,540.1,0,-1
465,legit_77,574.5,1001.6,6.7045,2.2446,270.0,D5C5,1,147.13,568.67,0,-1
466,legit_53,798.4,526.58,12.5336,0.0861,180.0,E3E2,0,87.94,482.78,0,-1
466,legit_61,434.05,201.6,10.4863,-0.6239,270.0,D1C1,3,83.14,583.75,0,-1
466,legit_64,491.94,1.6,11.6269,0.0224,270.0,D0C0,0,125.61,711.24,0,-1
466,legit_66,847.8,998.4,13.2862,0.2749,90.0,E5F5,0,127.37,607.46,0,-1
466,legit_67,350.32,998.4,13.4702,0.5581,90.0,B5C5,1,128.82,608.1,0,-1
466,legit_68,417.8,201.6,6.5729,-3.5556,270.0,D1C1,3,87.72,587.69,0,-1
466,legit_69,-1.6,199.54,12.3606,-0.1421,180.0,:A1_0,0,171.2,802.69,0,-1
466,legit_70,466.76,1001.6,12.1879,-0.1887,270.0,D5C5,2,80.17,578.93,0,-1
466,legit_71,401.86,201.6,6.9372,1.305,270.0,:C1_5,3,94.74,591.95,0,-1
466,legit_72,-1.6,416.06,13.7689,1.0151,180.0,A3A2,0,161.63,728.03,0,-1
466,legit_73,1001.6,695.73,13.6082,0.7128,0.0,F3F4,0,107.27,573.69,0,-1
466,legit_74,398.4,362.89,11.719,1.9227,180.0,C2C1,1,51.68,519.44,0,-1
466,legit_75,374.58,198.4,12.7998,0.4773,90.0,B1C1,3,108.79,601.84,0,-1
466,legit_76,297.24,401.6,12.9926,-0.4561,270.0,C2B2,1,153.0,545.59,0,-1
466,legit_77,565.56,1001.6,8.9338,2.2293,270.0,D5C5,1,139.65,568.97,0,-1
467,legit_53,798.4,514.86,11.7145,-0.8191,180.0,E3E2,0,97.93,484.26,0,-1
467,legit_61,426.86,201.6,7.1894,-3.2969,270.0,D1C1,3,84.82,585.44,0,-1
467,legit_64,480.1,1.6,11.8464,0.2195,270.0,D0C0,0,122.17,712.82,0,-1
467,legit_66,860.62,998.4,12.8179,-0.4683,90.0,E5F5,0,137.46,611.94,0,-1
467,legit_67,363.99,998.4,13.6667,0.1965,90.0,B5C5,1,118.56,603.5,0,-1
467,legit_68,410.58,201.6,7.2242,0.6514,270.0,D1C1,4,90.62,589.57,0,-1
467,legit_69,-1.6,187.07,12.466,0.1054,180.0,A1A0,0,165.77,808.55,0,-1
467,legit_70,453.96,1001.6,12.7947,0.6067,270.0,D5C5,2,78.5,581.28,0,-1
467,legit_71,392.89,201.6,8.9681,2.0309,270.0,:C1_5,4,99.6,594.51,0,-1
467,legit_72,-1.6,402.43,13.6374,-0.1315,180.0,:A2_0,0,157.42,731.12,0,-1
467,legit_73,1001.6,708.76,13.0233,-0.5848,0.0,F3F4,0,119.04,575.55,0,-1
467,legit_74,398.4,349.33,13.5655,1.8465,180.0,C2C1,3,52.69,524.2,0,-1
467,legit_75,384.85,198.4,10.2644,-2.5354,90.0,B1C1,3,101.94,598.66,0,-1
467,legit_76,283.96,401.6,13.2838,0.2912,270.0,C2B2,1,140.27,551.39,0,-1
467,legit_77,554.87,1001.6,10.6897,1.7559,270.0,D5C5,1,130.94,569.44,0,-1
468,legit_53,798.4,503.08,11.7872,0.0727,180.0,E3E2,0,108.34,485.91,0,-1
468,legit_61,419.16,201.6,7.6939,0.5045,270.0,D1C1,4,87.23,587.34,0,-1
468,legit_64,468.78,1.6,11.3138,-0.5326,270.0,D0C0,0,119.88,714.5,0,-1
468,legit_66,873.41,998.4,12.7961,-0.0217,90.0,E5F5,0,147.95,616.6,0,-1
468,legit_67,376.81,998.4,12.8206,-0.846,90.0,B5C5,1,109.62,599.38,0,-1
468,legit_68,401.62,201.6,8.956,1.7318,270.0,:C1_5,4,94.86,592.02,0,-1
468,legit_69,-1.6,174.63,12.4401,-0.0259,180.0,A1A0,0,161.14,814.55,0,-1
468,legit_70,441.34,1001.6,12.6206,-0.1741,270.0,D5C5,2,78.88,583.88,0,-1
468,legit_71,381.95,201.6,10.9401,1.972,270.0,C1B1,4,106.25,597.79,0,-1
468,legit_72,-1.6,389.36,13.0659,-0.5715,180.0,A2A1,0,154.42,734.29,0,-1
468,legit_73,1001.6,721.88,13.1274,0.1041,0.0,F3F4,0,127.65,577.61,0,-1
468,legit_74,398.4,336.07,13.256,-0.3095,180.0,C2C1,5,56.88,529.19,0,-1
468,legit_75,390.61,198.4,5.7644,-4.5,90.0,B1C1,4,98.36,596.94,0,-1
468,legit_76,271.13,401.6,12.8219,-0.4619,270.0,C2B2,1,128.08,557.16,0,-1
468,legit_77,542.04,1001.6,12.8377,2.148,270.0,D5C5,1,120.9,570.19,0,-1
468,legit_78,198.4,187.7,0.0,0.0,180.0,B1B0,0,83.22,680.04,0,-1
469,legit_53,798.4,491.37,11.712,-0.0752,180.0,E3E2,0,118.93,487.71,0,-1
469,legit_61,411.68,201.6,7.4808,-0.2131,270.0,D1C1,4,90.15,589.28,0,-1
469,legit_64,457.63,1.6,11.1556,-0.1582,270.0,D0C0,0,118.65,716.32,0,-1
469,legit_66,886.53,998.4,13.1123,0.3161,90.0,E5F5,0,159.05,621.55,0,-1
469,legit_67,390.59,998.4,13.7823,0.9617,90.0,B5C5,2,100.94,595.19,0,-1
469,legit_68,391.1,201.6,10.5215,1.5655,270.0,C1B1,4,100.64,595.04,0,-1
469,legit_69,-1.6,162.17,12.4585,0.0184,180.0,A1A0,0,157.36,820.72,0,-1
469,legit_70,429.71,1001.6,11.6319,-0.9887,270.0,D5C5,2,80.98,586.51,0,-1
469,legit_71,370.94,201.6,11.0095,0.0694,270.0,C1B1,4,113.61,601.24,0,-1
469,legit_72,-1.6,375.72,13.6394,0.5735,180.0,A2A1,0,152.41,737.82,0,-1
469,legit_73,1001.6,734.66,12.7736,-0.3538,0.0,F3F4,0,115.93,579.78,0,-1
469,legit_74,398.4,323.31,12.7675,-0.4885,180.0,C2C1,4,63.32,534.28,0,-1
469,legit_75,398.04,198.4,7.4259,1.6615,90.0,:C1_13,4,94.06,594.79,0,-1
469,legit_76,257.47,401.6,13.6649,0.843,270.0,C2B2,0,115.24,563.5,0,-1
469,legit_77,528.33,1001.6,13.7072,0.8695,270.0,D5C5,2,110.82,571.2,0,-1
469,legit_78,198.4,186.31,1.3923,1.3923,180.0,B1B0,0,82.09,680.77,0,-1
470,legit_53,798.4,479.41,11.9579,0.2459,180.0,E3E2,0,128.84,489.7,0,-1
470,legit_61,407.37,201.6,4.3108,-3.17,270.0,D1C1,4,92.06,590.43,0,-1
470,legit_64,445.96,1.6,11.6679,0.5123,270.0,D0C0,0,118.47,718.4,0,-1
470,legit_66,899.56,998.4,13.0325,-0.0797,90.0,E5F5,0,170.37,626.66,0,-1
470,legit_67,404.26,998.4,13.6653,-0.1171,90.0,:C5_7,2,93.55,591.29,0,-1
470,legit_68,380.13,201.6,10.9645,0.443,270.0,C1B1,4,107.42,598.35,0,-1
470,legit_69,-1.6,149.39,12.7853,0.3268,180.0,A1A0,0,154.42,827.23,0,-1
470,legit_70,417.59,1001.6,12.1239,0.492,270.0,D5C5,2,84.84,589.5,0,-1
470,legit_71,358.95,201.6,11.9956,0.9861,270.0,C1B1,4,122.27,605.17,0,-1
470,legit_72,-1.6,363.09,12.6322,-1.0072,180.0,A2A1,0,151.63,741.29,0,-1
470,legit_73,1001.6,747.88,13.2173,0.4437,0.0,F3F4,0,104.06,582.21,0,-1
470,legit_74,398.4,309.76,13.5426,0.7751,180.0,C2C1,4,72.02,539.95,0,-1
470,legit_75,407.99,198.4,9.9591,2.5331,90.0,C1D1,4,88.94,592.02,0,-1
470,legit_76,243.86,401.6,13.6105,-0.0544,270.0,C2B2,0,102.66,570.02,0,-1
470,legit_77,514.6,1001.6,13.7316,0.0244,270.0,D5C5,2,101.58,572.46,0,-1
470,legit_78,198.4,183.23,3.075,1.6827,180.0,B1B0,0,79.63,682.39,0,-1
471,legit_53,798.4,467.45,11.9588,0.0009,180.0,E3E2,0,117.85,491.86,0,-1
471,legit_61,407.33,201.6,0.0451,-4.2657,270.0,D1C1,4,92.08,590.45,0,-1
471,legit_64,434.03,1.6,11.9304,0.2625,270.0,D0C0,0,119.47,720.71,0,-1
471,legit_66,912.74,998.4,13.1798,0.1473,90.0,E5F5,0,159.69,631.99,0,-1
471,legit_67,416.9,998.4,12.646,-1.0192,90.0,C5D5,2,88.06,587.92,0,-1
471,legit_68,368.44,201.6,11.6939,0.7294,270.0,C1B1,4,115.37,602.04,0,-1
471,legit_69,-1.6,136.83,12.5626,-0.2227,180.0,A1A0,0,152.53,833.78,0,-1
471,legit_70,405.2,1001.6,12.3887,0.2649,270.0,:C5_0,2,90.3,592.78,0,-1
471,legit_71,346.93,201.6,12.0167,0.0211,270.0,C1B1,4,131.46,609.28,0,-1
471,legit_72,-1.6,350.4,12.6895,0.0573,180.0,A2A1,0,151.9,744.97,0,-1
471,legit_73,1001.6,761.24,13.3645,0.1472,0.0,F3F4,0,92.44,584.85,0,-1
471,legit_74,398.4,296.93,12.8289,-0.7137,180.0,C2C1,4,81.49,545.55,0,-1
471,legit_75,419.45,198.4,11.451,1.4919,90.0,C1D1,4,84.14,589.02,0,-1
471,legit_76,230.57,401.6,13.2847,-0.3258,270.0,C2B2,0,90.68,576.57,0,-1
471,legit_77,500.88,1001.6,13.7216,-0.01,270.0,D5C5,2,93.46,573.96,0,-1
471,legit_78,198.4,178.76,4.4692,1.3942,180.0,B1B0,0,76.13,684.76,0,-1
472,legit_53,798.4,455.4,12.0469,0.0881,180.0,E3E2,0,106.98,494.2,0,-1
472,legit_61,406.08,200.85,1.47,1.4249,261.12,:C1_7,4,92.01,591.19,0,-1
472,legit_64,422.85,1.6,11.1829,-0.7475,270.0,D0C0,0,121.47,723.05,0,-1
472,legit_66,925.68,998.4,12.9412,-0.2386,90.0,E5F5,0,148.71,637.41,0,-1
472,legit_67,429.52,998.4,12.621,-0.025,90.0,C5D5,2,84.13,584.81,0,-1
472,legit_68,356.46,201.6,11.9825,0.2886,270.0,C1B1,4,124.13,606.01,0,-1
472,legit_69,-1.6,124.72,12.1013,-0.4613,180.0,A1A0,0,151.67,840.25,0,-1
472,legit_70,393.05,1001.6,12.1466,-0.2422,270.0,:C5_0,2,96.9,596.22,0,-1
472,legit_71,336.06,201.6,10.8767,-1.14,270.0,C1B1,5,140.15,613.13,0,-1
472,legit_72,-1.6,337.66,12.7389,0.0494,180.0,A2A1,0,153.24,748.86,0,-1
472,legit_73,1001.6,774.12,12.88,-0.4845,0.0,F3F4,0,81.75,587.58,0,-1
472,legit_74,398.4,283.38,13.5584,0.7295,180.0,C2C1,4,92.38,551.69,0,-1
472,legit_75,430.99,198.4,11.5475,0.0966,90.0,C1D1,4,80.67,586.21,0,-1
472,legit_76,219.53,401.6,11.0428,-2.2419,270.0,C2B2,0,81.03,582.16,0,-1
472,legit_77,488.08,1001.6,12.7961,-0.9255,270.0,D5C5,2,87.16,575.61,0,-1
472,legit_78,198.4,172.39,6.3772,1.908,180.0,B1B0,1,71.32,688.18,0,-1
473,legit_53,798.4,443.58,11.8249,-0.222,180.0,E3E2,0,96.58,496.66,0,-1
473,legit_61,407.08,198.48,3.1803,1.7103,190.85,:C1_7,4,89.45,592.22,0,-1
473,legit_64,410.77,1.6,12.0821,0.8992,270.0,D0C0,0,124.73,725.77,0,-1
473,legit_66,939.39,998.4,13.7058,0.7645,90.0,E5F5,0,137.46,643.34,0,-1
473,legit_67,442.36,998.4,12.8398,0.2188,90.0,C5D5,2,81.96,581.91,0,-1
473,legit_68,346.12,201.6,10.3351,-1.6474,270.0,C1B1,4,132.1,609.56,0,-1
473,legit_69,-1.6,112.53,12.1911,0.0899,180.0,A1A0,0,151.78,846.92,0,-1
473,legit_70,380.33,1001.6,12.7221,0.5755,270.0,C5B5,2,104.88,600.04,0,-1
473,legit_71,324.3,201.6,11.7566,0.88,270.0,C1B1,5,149.86,617.45,0,-1
473,legit_72,-1.6,324.74,12.9156,0.1766,180.0,A2A1,0,155.65,752.99,0,-1
473,legit_73,1001.6,786.72,12.5959,-0.2842,0.0,F3F4,0,71.98,590.44,0,-1
473,legit_74,398.4,269.73,13.641,0.0826,180.0,C2C1,4,103.97,558.08,0,-1
473,legit_75,442.62,198.4,11.6292,0.0817,90.0,C1D1,4,78.75,583.6,0,-1
473,legit_76,212.1,401.6,7.4319,-3.6109,270.0,C2B2,0,74.75,586.0,0,-1
473,legit_77,475.01,1001.6,13.0658,0.2697,270.0,D5C5,2,82.29,577.56,0,-1
473,legit_78,198.4,164.52,7.8679,1.4907,180.0,B1B0,1,65.76,692.46,0,-1
474,legit_53,798.4,432.05,11.5303,-0.2946,180.0,E3E2,0,86.79,499.21,0,-1
474,legit_61,410.14,198.4,3.0843,-0.0959,107.07,C1D1,4,87.95,591.44,0,-1
474,legit_64,399.18,1.6,11.5829,-0.4993,270.0,:C0_4,0,128.84,728.54,0,-1
474,legit_66,952.83,998.4,13.4439,-0.2619,90.0,E5F5,0,126.89,649.34,0,-1
474,legit_67,455.22,998.4,12.8534,0.0136,90.0,C5D5,2,81.77,579.28,0,-1
474,legit_68,333.71,201.6,12.4074,2.0723,270.0,C1B1,5,142.06,613.98,0,-1
474,legit_69,-1.6,99.86,12.6694,0.4783,180.0,A1A0,0,152.93,854.01,0,-1
474,legit_70,368.35,1001.6,11.9774,-0.7448,270.0,C5B5,2,113.19,603.83,0,-1
474,legit_71,312.6,201.6,11.7022,-0.0544,270.0,C1B1,5,159.81,621.89,0,-1
474,legit_72,-1.6,311.18,13.5638,0.6482,180.0,A2A1,0,159.27,757.54,0,-1
474,legit_73,1001.6,799.8,13.0868,0.4909,0.0,:F4_3,0,62.92,593.61,0,-1
474,legit_74,398.4,256.53,13.2012,-0.4398,180.0,C2C1,4,115.62,564.45,0,-1
474,legit_75,454.35,198.4,11.7288,0.0996,90.0,C1D1,4,78.52,581.21,0,-1
474,legit_76,208.36,401.6,3.7378,-3.6941,270.0,C2B2,0,71.67,587.96,0,-1
474,legit_77,462.15,1001.6,12.8644,-0.2014,270.0,D5C5,2,79.34,579.75,0,-1
474,legit_78,198.4,155.27,9.2461,1.3782,180.0,B1B0,2,59.89,697.59,0,-1
474,legit_79,212.3,-1.6,0.0,0.0,90.0,B0C0,0,136.63,796.13,0,-1
475,legit_53,798.4,419.59,12.4519,0.9216,180.0,E3E2,0,76.77,502.16,0,-1
475,legit_61,414.88,198.4,4.7405,1.6562,90.0,C1D1,4,85.91,590.19,0,-1
475,legit_64,387.75,1.6,11.433,-0.1499,270.0,C0B0,0,133.77,731.44,0,-1
475,legit_66,966.17,998.4,13.3445,-0.0993,90.0,E5F5,0,116.98,655.5,0,-1
475,legit_67,468.42,998.4,13.1998,0.3464,90.0,C5D5,2,83.65,576.88,0,-1
475,legit_68,322.26,201.6,11.4562,-0.9512,270.0,C1B1,5,151.58,618.21,0,-1
475,legit_69,-1.6,86.8,13.06,0.3906,180.0,A1A0,0,155.19,861.49,0,-1
475,legit_70,356.63,1001.6,11.7184,-0.259,270.0,C5B5,2,121.92,607.7,0,-1
475,legit_71,301.59,201.6,11.008,-0.6943,270.0,C1B1,4,169.36,626.2,0,-1
475,legit_72,-1.6,297.6,13.5842,0.0204,180.0,A2A1,0,163.94,762.31,0,-1
475,legit_73,1001.6,812.89,13.0867,-0.0001,0.0,F4F5,0,55.48,597.03,0,-1
475,legit_74,398.4,243.52,13.0173,-0.1839,180.0,C2C1,4,127.4,570.92,0,-1
475,legit_75,466.85,198.4,12.4995,0.7707,90.0,C1D1,3,80.19,578.91,0,-1
475,legit_76,205.74,400.28,3.1784,-0.5594,253.5,:B2_7,0,68.78,589.68,0,-1
475,legit_77,449.25,1001.6,12.8948,0.0304,270.0,D5C5,2,78.4,582.22,0,-1
475,legit_78,198.4,143.48,11.794,2.5478,180.0,B1B0,3,53.79,704.29,0,-1
475,legit_79,213.84,-1.6,1.5441,1.5441,90.0,B0C0,1,137.34,795.44,0,-1
476,legit_53,798.4,407.44,12.1593,-0.2926,180.0,E3E2,0,67.77,505.22,0,-1
476,legit_61,421.65,198.4,6.7738,2.0333,90.0,C1D1,4,83.37,588.47,0,-1
476,legit_64,376.27,1.6,11.4799,0.0469,270.0,C0B0,0,139.48,734.51,0,-1
476,legit_66,979.91,998.4,13.7383,0.3938,90.0,E5F5,0,107.57,662.05,0,-1
476,legit_67,481.13,998.4,12.7186,-0.4811,90.0,C5D5,2,87.34,574.84,0,-1
476,legit_68,311.05,201.6,11.2124,-0.2438,270.0,C1B1,4,161.14,622.49,0,-1
476,legit_69,-1.6,74.2,12.6018,-0.4582,180.0,A1A0,0,158.37,868.85,0,-1
476,legit_70,344.71,1001.6,11.9211,0.2027,270.0,C5B5,2,131.27,611.8,0,-1
476,legit_71,290.64,201.6,10.9512,-0.0568,270.0,C1B1,4,162.6,630.61,0,-1
476,legit_72,-1.6,283.93,13.6648,0.0805,180.0,A2A1,0,169.61,767.32,0,-1
476,legit_73,1001.6,825.98,13.0864,-0.0003,0.0,F4F5,0,50.39,600.72,0,-1
476,legit_74,398.4,229.66,13.8581,0.8408,180.0,C2C1,4,121.19,577.99,0,-1
476,legit_75,479.08,198.4,12.2321,-0.2674,90.0,C1D1,2,83.62,576.92,0,-1
476,legit_76,207.6,398.4,3.0498,-0.1286,171.85,B2C2,0,69.22,589.18,0,-1
476,legit_77,435.91,1001.6,13.3428,0.448,270.0,D5C5,2,79.66,585.08,0,-1
476,legit_78,198.4,130.98,12.4999,0.7059,180.0,B1B0,3,49.63,711.63,0,-1
476,legit_79,217.12,-1.6,3.2753,1.7312,90.0,B0C0,1,138.89,793.99,0,-1
477,legit_61,429.97,198.4,8.3174,1.5436,90.0,C1D1,3,80.92,586.45,0,-1
477,legit_64,364.89,1.6,11.3844,-0.0954,270.0,C0B0,1,145.82,737.7,0,-1
477,legit_66,992.55,998.4,12.6332,-1.1051,90.0,E5F5,0,99.8,668.28,0,-1
477,legit_67,494.31,998.4,13.175,0.4564,90.0,C5D5,1,92.85,573.0,0,-1
477,legit_68,299.65,201.6,11.3992,0.1868,270.0,C1B1,4,170.45,626.97,0,-1
477,legit_69,-1.6,61.23,12.974,0.3722,180.0,A1A0,0,162.59,876.59,0,-1
477,legit_70,333.02,1001.6,11.6942,-0.2268,270.0,C5B5,1,140.82,615.98,0,-1
477,legit_71,279.14,201.6,11.4989,0.5477,270.0,C1B1,3,152.76,635.37,0,-1
477,legit_72,-1.6,271.26,12.6695,-0.9953,180.0,A2A1,0,175.66,772.15,0,-1
477,legit_73,1001.6,839.65,13.6699,0.5835,0.0,F4F5,0,48.4,604.92,0,-1
477,legit_74,398.4,216.84,12.8217,-1.0364,180.0,C2C1,4,109.73,584.72,0,-1
477,legit_75,490.88,198.4,11.802,-0.4301,90.0,C1D1,2,88.42,575.23,0,-1
477,legit_76,212.71,398.4,5.1096,2.0598,90.0,B2C2,0,73.53,586.51,0,-1
477,legit_77,422.39,1001.6,13.5187,0.1759,270.0,D5C5,2,83.12,588.29,0,-1
477,legit_78,198.4,117.53,13.448,0.9481,180.0,B1B0,3,48.46,719.82,0,-1
477,legit_79,222.53,-1.6,5.4073,2.132,90.0,B0C0,2,141.59,791.63,0,-1
478,legit_61,440.73,198.4,10.762,2.4446,90.0,C1D1,2,78.95,584.01,0,-1
478,legit_64,353.33,1.6,11.5578,0.1734,270.0,C0B0,1,152.85,741.09,0,-1
478,legit_67,507.01,998.4,12.7044,-0.4706,90.0,C5D5,1,99.54,571.47,0,-1
478,legit_68,288.47,201.6,11.1758,-0.2234,270.0,C1B1,3,160.73,631.5,0,-1
478,legit_69,-1.6,48.92,12.3108,-0.6633,180.0,A1A0,0,167.44,884.07,0,-1
478,legit_70,320.97,1001.6,12.0456,0.3514,270.0,C5B5,1,150.98,620.44,0,-1
478,legit_71,268.35,201.6,10.7887,-0.7103,270.0,C1B1,3,143.75,639.97,0,-1
478,legit_72,-1.6,257.95,13.3072,0.6377,180.0,A2A1,0,182.75,777.41,0,-1
478,legit_73,1001.6,852.52,12.8753,-0.7946,0.0,F4F5,0,49.99,609.19,0,-1
478,legit_74,398.4,208.24,8.593,-4.2287,180.0,C2C1,4,102.22,589.32,0,-1
478,legit_75,502.75,198.4,11.8655,0.0635,90.0,C1D1,2,94.49,573.74,0,-1
478,legit_76,219.9,398.4,7.1978,2.0882,90.0,B2C2,0,79.76,582.8,0,-1
478,legit_77,413.24,1001.6,9.1547,-4.364,270.0,D5C5,2,86.59,590.62,0,-1
478,legit_78,198.4,104.31,13.2186,-0.2294,180.0,B1B0,3,50.88,728.18,0,-1
478,legit_79,230.39,-1.6,7.8597,2.4524,90.0,B0C0,2,145.77,788.24,0,-1
479,legit_61,453.77,198.4,13.0407,2.2787,90.0,C1D1,2,78.49,581.32,0,-1
479,legit_64,341.19,1.6,12.1353,0.5775,270.0,C0B0,1,160.8,744.81,0,-1
479,legit_67,520.43,998.4,13.4118,0.7074,90.0,C5D5,1,107.79,570.1,0,-1
479,legit_68,277.71,201.6,10.7605,-0.4153,270.0,C1B1,3,151.55,635.97,0,-1
479,legit_69,-1.6,36.03,12.8897,0.579,180.0,A1A0,0,173.3,892.04,0,-1
479,legit_70,308.7,1001.6,12.2733,0.2276,270.0,C5B5,1,161.59,625.14,0,-1
479,legit_71,257.02,201.6,11.3345,0.5458,270.0,C1B1,3,134.58,644.93,0,-1
479,legit_72,-1.6,244.32,13.6324,0.3252,180.0,A2A1,0,190.69,782.99,0,-1
479,legit_73,1001.6,865.37,12.8437,-0.0316,0.0,F4F5,0,54.64,613.76,0,-1
479,legit_74,396.52,202.71,6.124,-2.469,203.01,:C1_0,4,98.5,592.86,0,-1
479,legit_75,514.38,198.4,11.6301,-0.2354,90.0,C1D1,2,101.45,572.48,0,-1
479,legit_76,228.78,398.4,8.8729,1.6751,90.0,B2C2,0,87.64,578.31,0,-1
479,legit_77,407.32,1001.6,5.9172,-3.2375,270.0,D5C5,2,89.26,592.2,0,-1
479,legit_78,198.4,91.16,13.1532,-0.0654,180.0,B1B0,3,56.34,736.77,0,-1
479,legit_79,240.78,-1.6,10.3938,2.5341,90.0,B0C0,2,151.75,783.86,0,-1
480,legit_61,466.94,198.4,13.1648,0.1241,90.0,C1D1,2,80.21,578.9,0,-1
480,legit_64,328.9,1.6,12.2915,0.1562,270.0,C0B0,1,169.36,748.74,0,-1
480,legit_67,533.12,998.4,12.69,-0.7218,90.0,C5D5,1,116.48,569.02,0,-1
480,legit_68,266.03,201.6,11.6812,0.9207,270.0,C1B1,3,141.85,640.97,0,-1
480,legit_69,-1.6,23.15,12.8796,-0.0101,180.0,A1A0,0,179.9,900.14,0,-1
480,legit_70,296.93,1001.6,11.7733,-0.5,270.0,C5B5,1,166.53,629.79,0,-1
480,legit_71,245.22,201.6,11.7985,0.464,270.0,C1B1,3,125.4,650.23,0,-1
480,legit_72,-1.6,231.15,13.1699,-0.4625,180.0,A2A1,0,187.98,788.57,0,-1
480,legit_73,1001.6,878.15,12.7867,-0.057,0.0,F4F5,1,61.63,618.58,0,-1
480,legit_74,390.44,201.6,6.3142,0.1902,265.0,C1B1,4,101.03,595.23,0,-1
480,legit_75,526.19,198.4,11.8109,0.1808,90.0,C1D1,2,109.32,571.38,0,-1
480,legit_76,239.37,398.4,10.59,1.7171,90.0,B2C2,0,97.27,573.06,0,-1
480,legit_77,405.96,999.28,3.2652,-2.6521,233.08,:C5_10,2,91.96,591.3,0,-1
480,legit_78,198.4,78.57,12.5846,-0.5686,180.0,B1B0,3,63.71,745.22,0,-1
480,legit_79,252.97,-1.6,12.1882,1.7944,90.0,B0C0,2,159.34,778.87,0,-1
480,legit_80,987.7,801.6,0.0,0.0,270.0,F4E4,1,73.18,586.72,0,-1
481,legit_61,479.1,198.4,12.158,-1.0067,90.0,C1D1,2,83.62,576.92,0,-1
481,legit_64,317.36,1.6,11.5397,-0.7518,270.0,C0B0,2,177.8,752.57,0,-1
481,legit_67,546.79,998.4,13.676,0.9861,90.0,C5D5,1,126.6,568.08,0,-1
481,legit_68,254.44,201.6,11.5867,-0.0945,270.0,C1B1,3,132.54,646.07,0,-1
481,legit_69,-1.6,9.99,13.1597,0.28,180.0,A1A0,0,187.31,908.54,0,-1
481,legit_70,284.46,1001.6,12.4614,0.6881,270.0,C5B5,1,155.65,634.87,0,-1
481,legit_71,234.19,201.6,11.0273,-0.7711,270.0,C1B1,3,117.25,655.33,0,-1
481,legit_72,-1.6,218.4,12.7472,-0.4227,180.0,A2A1,0,180.74,794.14,0,-1
481,legit_73,1001.6,891.03,12.879,0.0923,0.0,F4F5,1,70.33,623.66,0,-1
481,legit_74,382.23,201.6,8.2019,1.8877,270.0,C1B1,3,106.07,597.7,0,-1
481,legit_75,538.18,198.4,11.9889,0.178,90.0,C1D1,1,117.99,570.45,0,-1
481,legit_76,251.66,398.4,12.2952,1.7052,90.0,B2C2,0,108.67,567.12,0,-1
481,legit_77,408.65,998.4,2.9735,-0.2917,137.32,C5D5,2,91.48,590.09,0,-1
481,legit_78,198.4,65.15,13.426,0.8414,180.0,B1B0,4,73.15,754.42,0,-1
481,legit_79,265.96,-1.6,12.9893,0.8011,90.0,B0C0,2,168.03,773.72,0,-1
481,legit_80,985.62,801.6,2.0811,2.0811,270.0,F4E4,1,74.96,585.64,0,-1
482,legit_61,492.08,198.4,12.9861,0.8281,90.0,C1D1,2,88.98,575.07,0,-1
482,legit_64,305.6,1.6,11.7599,0.2202,270.0,C0B0,2,186.73,756.62,0,-1
482,legit_67,560.62,998.4,13.8285,0.1524,90.0,C5D5,1,137.46,567.36,0,-1
482,legit_68,243.35,201.6,11.088,-0.4987,270.0,C1B1,2,123.99,651.08,0,-1
482,legit_70,272.72,1001.6,11.7408,-0.7206,270.0,C5B5,1,145.63,639.8,0,-1
482,legit_71,222.3,201.6,11.8859,0.8586,270.0,C1B1,2,109.02,660.98,0,-1
482,legit_73,1001.6,903.77,12.7371,-0.1419,0.0,F4F5,1,80.06,628.88,0,-1
482,legit_74,371.52,201.6,10.7093,2.5074,270.0,C1B1,3,113.21,601.05,0,-1
482,legit_75,550.08,198.4,11.8965,-0.0924,90.0,C1D1,1,127.13,569.7,0,-1
482,legit_76,265.52,398.4,13.8612,1.566,90.0,B2C2,0,121.74,560.61,0,-1
482,legit_77,414.09,998.4,5.4447,2.4712,90.0,C5D5,2,89.15,588.65,0,-1
482,legit_78,198.4,52.13,13.0207,-0.4052,180.0,B1B0,2,83.36,763.52,0,-1
482,legit_79,279.79,-1.6,13.8298,0.8405,90.0,B0C0,2,177.85,768.42,0,-1
482,legit_80,981.11,801.6,4.5113,2.4302,270.0,F4E4,1,78.87,583.32,0,-1
483,legit_61,504.95,198.4,12.8679,-0.1182,90.0,C1D1,2,95.74,573.49,0,-1
483,legit_64,293.62,1.6,11.977,0.2171,270.0,C0B0,2,186.14,760.88,0,-1
483,legit_67,574.12,998.4,13.4966,-0.3318,90.0,C5D5,0,148.54,566.87,0,-1
483,legit_68,232.12,201.6,11.2336,0.1456,270.0,C1B1,2,115.77,656.3,0,-1
483,legit_70,260.06,1001.6,12.6618,0.921,270.0,C5B5,0,135.13,645.28,0,-1
483,legit_71,213.6,201.6,8.7033,-3.1826,270.0,C1B1,2,103.46,665.22,0,-1
483,legit_73,1001.6,917.12,13.3513,0.6142,0.0,F4F5,1,91.05,634.56,0,-1
483,legit_74,359.21,201.6,12.316,1.6067,270.0,C1B1,3,122.07,605.08,0,-1
483,legit_75,562.66,198.4,12.5822,0.6857,90.0,C1D1,1,137.25,569.09,0,-1
483,legit_76,278.49,398.4,12.9651,-0.8961,90.0,B2C2,0,134.1,554.7,0,-1
483,legit_77,421.28,998.4,7.1842,1.7395,90.0,C5D5,0,86.51,586.81,0,-1
483,legit_78,198.4,39.5,12.6224,-0.3983,180.0,B1B0,2,93.93,772.48,0,-1
483,legit_79,292.45,-1.6,12.6667,-1.1631,90.0,B0C0,2,187.3,763.74,0,-1
483,legit_80,974.51,801.6,6.5937,2.0824,270.0,F4E4,1,84.69,579.96,0,-1
484,legit_61,517.58,198.4,12.6316,-0.2362,90.0,C1D1,1,103.51,572.16,0,-1
484,legit_64,281.96,1.6,11.668,-0.309,270.0,C0B0,2,177.29,765.18,0,-1
484,legit_67,587.04,998.4,12.9259,-0.5707,90.0,C5D5,0,159.5,566.59,0,-1
484,legit_68,222.91,201.6,9.2077,-2.0259,270.0,C1B1,2,109.43,660.69,0,-1
484,legit_70,247.49,1001.6,12.5735,-0.0883,270.0,C5B5,0,125.1,650.89,0,-1
484,legit_71,208.51,201.6,5.0909,-3.6124,270.0,C1B1,2,100.41,667.75,0,-1
484,legit_73,1001.6,930.79,13.6685,0.3172,0.0,F4F5,1,102.88,640.55,0,-1
484,legit_74,345.49,201.6,13.7171,1.4011,270.0,C1B1,2,132.59,609.78,0,-1
484,legit_75,574.49,198.4,11.8269,-0.7553,90.0,C1D1,1,147.12,568.67,0,-1
484,legit_76,291.35,398.4,12.8588,-0.1063,90.0,B2C2,0,146.47,549.02,0,-1
484,legit_77,430.91,998.4,9.6325,2.4483,90.0,C5D5,0,83.8,584.48,0,-1
484,legit_78,198.4,26.02,13.4813,0.8588,180.0,B1B0,2,105.71,782.18,0,-1
484,legit_79,305.55,-1.6,13.1003,0.4337,90.0,B0C0,2,188.81,759.08,0,-1
484,legit_80,966.09,801.6,8.4208,1.8271,270.0,F4E4,1,92.28,575.75,0,-1
485,legit_61,530.47,198.4,12.8855,0.2539,90.0,C1D1,1,112.34,571.03,0,-1
485,legit_64,270.4,1.6,11.5541,-0.1139,270.0,C0B0,2,168.86,769.57,0,-1
485,legit_67,600.63,998.4,13.5909,0.665,90.0,:D5_7,0,170.2,566.5,0,-1
485,legit_68,217.62,201.6,5.2965,-3.9112,270.0,C1B1,2,105.97,663.25,0,-1
485,legit_70,235.75,1001.6,11.7422,-0.8313,270.0,C5B5,0,116.19,656.28,0,-1
485,legit_71,201.25,201.6,7.2578,2.1669,270.0,:B1_5,2,96.36,671.41,0,-1
485,legit_73,1001.6,944.09,13.3035,-0.365,0.0,F4F5,1,114.79,646.57,0,-1
485,legit_74,332.21,201.6,13.2788,-0.4383,270.0,C1B1,2,143.29,614.53,0,-1
485,legit_75,583.84,198.4,9.3573,-2.4695,90.0,C1D1,1,155.11,568.46,0,-1
485,legit_76,304.13,398.4,12.7871,-0.0718,90.0,B2C2,0,150.84,543.54,0,-1
485,legit_77,442.69,998.4,11.7861,2.1537,90.0,C5D5,0,81.93,581.84,0,-1
485,legit_78,198.4,16.56,9.4679,-4.0133,180.0,B1B0,2,114.21,789.07,0,-1
485,legit_79,318.47,-1.6,12.9203,-0.18,90.0,B0C0,2,179.12,754.65,0,-1
485,legit_80,955.44,801.6,10.6563,2.2355,270.0,F4E4,1,102.06,570.53,0,-1
486,legit_61,542.73,198.4,12.2624,-0.6231,90.0,C1D1,1,121.43,570.14,0,-1
486,legit_64,258.42,1.6,11.9853,0.4312,270.0,C0B0,2,160.54,774.27,0,-1
486,legit_67,613.53,998.4,12.8925,-0.6984,90.0,D5E5,0,159.01,566.6,0,-1
486,legit_68,210.85,201.6,6.7625,1.4659,270.0,C1B1,2,101.79,666.58,0,-1
486,legit_70,223.26,1001.6,12.4857,0.7435,270.0,C5B5,0,107.3,662.19,0,-1
486,legit_71,192.19,201.6,9.0667,1.8089,270.0,B1A1,2,91.86,676.07,0,-1
486,legit_73,1001.6,957.54,13.4499,0.1465,0.0,F4F5,0,127.12,652.82,0,-1
486,legit_74,319.27,201.6,12.9426,-0.3362,270.0,C1B1,2,154.11,619.34,0,-1
486,legit_75,590.01,198.4,6.1647,-3.1926,90.0,C1D1,1,160.46,568.37,0,-1
486,legit_76,317.64,398.4,13.5071,0.7201,90.0,B2C2,0,137.82,537.93,0,-1
486,legit_77,455.86,998.4,13.1694,1.3832,90.0,C5D5,0,81.81,579.16,0,-1
486,legit_78,198.4,10.58,5.9767,-3.4912,180.0,B1B0,2,119.65,793.45,0,-1
486,legit_79,331.23,-1.6,12.7598,-0.1605,90.0,B0C0,2,169.98,750.45,0,-1
486,legit_80,942.88,801.6,12.5586,1.9023,270.0,F4E4,0,113.8,564.53,0,-1
487,legit_61,555.84,198.4,13.1082,0.8458,90.0,C1D1,1,131.71,569.39,0,-1
487,legit_64,247.2,1.6,11.2132,-0.7721,270.0,C0B0,2,153.19,778.8,0,-1
487,legit_67,626.61,998.4,13.0819,0.1894,90.0,D5E5,0,147.93,566.89,0,-1
487,legit_68,201.59,201.6,9.2648,2.5023,270.0,:B1_5,2,96.54,671.23,0,-1
487,legit_70,212.4,1001.6,10.8614,-1.6243,270.0,C5B5,0,100.2,667.47,0,-1
487,legit_71,181.11,201.6,11.0712,2.0045,270.0,B1A1,2,87.33,681.92,0,-1
487,legit_73,1001.6,970.64,13.0999,-0.3501,0.0,F4F5,0,119.59,659.08,0,-1
487,legit_74,306.32,201.6,12.947,0.0044,270.0,C1B1,2,165.23,624.33,0,-1
487,legit_75,596.71,198.99,6.7542,0.5895,83.23,:D1_14,1,166.62,567.99,0,-1
487,legit_76,330.34,398.4,12.7029,-0.8043,90.0,B2C2,0,125.67,532.84,0,-1
487,legit_77,469.47,998.4,13.6099,0.4406,90.0,C5D5,0,83.89,576.7,0,-1
487,legit_78,198.9,3.69,6.9225,0.9458,174.24,:B0_1,2,126.17,798.29,0,-1
487,legit_79,344.02,-1.6,12.79,0.0302,90.0,B0C0,2,161.3,746.41,0,-1
487,legit_80,929.82,801.6,13.0538,0.4952,270.0,F4E4,0,126.16,558.47,0,-1
488,legit_61,568.01,198.4,12.1761,-0.9321,90.0,C1D1,1,141.68,568.88,0,-1
488,legit_64,234.9,1.6,12.3036,1.0904,270.0,C0B0,2,145.69,783.92,0,-1
488,legit_67,640.37,998.4,13.7637,0.6819,90.0,D5E5,0,136.66,567.4,0,-1
488,legit_68,190.71,201.6,10.8838,1.619,270.0,B1A1,2,91.19,676.84,0,-1
488,legit_70,205.62,1001.37,6.7979,-4.0634,267.41,:B5_1,0,96.31,670.72,0,-1
488,legit_71,169.49,201.6,11.6197,0.5485,270.0,B1A1,2,83.9,688.25,0,-1
488,legit_73,1001.6,983.83,13.1864,0.0865,0.0,F4F5,0,107.67,665.53,0,-1
488,legit_74,293.63,201.6,12.6956,-0.2514,270.0,C1B1,2,165.19,629.39,0,-1
488,legit_75,601.14,203.98,6.9789,0.2247,34.47,:D1_14,1,170.92,565.15,0,-1
488,legit_76,343.68,398.4,13.3305,0.6276,90.0,B2C2,0,113.05,527.68,0,-1
488,legit_77,483.31,998.4,13.8343,0.2244,90.0,C5D5,0,88.14,574.52,0,-1
488,legit_78,203.99,-1.14,7.408,0.4855,124.36,:B0_1,1,132.63,799.54,0,-1
488,legit_79,356.97,-1.6,12.9415,0.1514,90.0,B0C0,1,153.11,742.5,0,-1
488,legit_80,917.77,801.6,12.0532,-1.0006,270.0,F4E4,0,137.69,553.03,0,-1
489,legit_61,580.43,198.4,12.4217,0.2456,90.0,C1D1,1,152.18,568.53,0,-1
489,legit_64,223.5,1.6,11.3969,-0.9067,270.0,C0B0,2,139.36,788.81,0,-1
489,legit_67,653.36,998.4,12.985,-0.7788,90.0,D5E5,0,126.49,568.09,0,-1
489,legit_68,178.42,201.6,12.2892,1.4054,270.0,B1A1,3,86.41,683.37,0,-1
489,legit_70,200.26,998.83,6.1633,-0.6346,240.56,:B5_9,0,95.47,672.13,0,-1
489,legit_71,157.59,201.6,11.9023,0.2827,270.0,B1A1,3,81.95,694.95,0,-1
489,legit_73,1001.6,993.44,9.6165,-3.5699,0.0,F4F5,0,99.17,670.35,0,-1
489,legit_74,280.8,201.6,12.8255,0.1298,270.0,C1B1,3,154.17,634.68,0,-1
489,legit_75,601.6,210.46,6.506,-0.4729,2.83,D1D2,1,173.8,561.53,0,-1
489,legit_76,356.8,398.4,13.1284,-0.2021,90.0,B2C2,0,100.8,522.79,0,-1
489,legit_77,496.4,998.4,13.0956,-0.7387,90.0,C5D5,0,93.87,572.73,0,-1
489,legit_78,211.65,-1.6,7.6919,0.2839,90.89,B0C0,1,136.34,796.42,0,-1
489,legit_79,370.18,-1.6,13.2158,0.2743,90.0,B0C0,1,145.46,738.7,0,-1
489,legit_80,905.3,801.6,12.4724,0.4191,270.0,F4E4,0,149.71,547.57,0,-1
489,legit_81,187.7,201.6,0.0,0.0,270.0,B1A1,3,89.89,678.42,0,-1
490,legit_61,592.67,198.4,12.2364,-0.1853,90.0,C1D1,1,162.79,568.34,0,-1
490,legit_64,214.41,1.6,9.0963,-2.3006,270.0,C0B0,1,134.78,792.81,0,-1
490,legit_67,666.45,998.4,13.0939,0.1089,90.0,D5E5,0,116.79,568.98,0,-1
490,legit_68,166.43,201.6,11.9876,-0.3016,270.0,B1A1,3,83.24,689.96,0,-1
490,legit_70,198.4,992.63,6.6114,0.448,192.07,B5B4,0,99.88,669.93,0,-1
490,legit_71,146.26,201.6,11.3334,-0.5689,270.0,B1A1,3,81.69,701.52,0,-1
490,legit_73,1001.34,998.65,5.2245,-4.392,356.96,:F5_0,0,94.79,672.85,0,-1
490,legit_74,267.89,201.6,12.9148,0.0893,270.0,C1B1,3,143.37,640.17,0,-1
490,legit_75,601.6,219.19,8.7346,2.2286,0.0,D1D2,1,178.5,556.72,0,-1
490,legit_76,369.83,398.4,13.023,-0.1054,90.0,B2C2,0,88.9,518.13,0,-1
490,legit_77,509.37,998.4,12.97,-0.1256,90.0,C5D5,0,100.92,571.21,0,-1
490,legit_78,221.34,-1.6,9.6833,1.9914,90.0,B0C0,1,140.98,792.14,0,-1
490,legit_79,383.17,-1.6,12.9872,-0.2286,90.0,B0C0,0,138.75,735.16,0,-1
490,legit_80,892.66,801.6,12.6395,0.1672,270.0,F4E4,0,147.74,542.19,0,-1
490,legit_81,185.73,201.6,1.9702,1.9702,270.0,B1A1,3,89.08,679.46,0,-1
491,legit_64,208.52,1.6,5.8845,-3.2118,270.0,C0B0,1,132.07,795.45,0,-1
491,legit_67,679.4,998.4,12.9494,-0.1445,90.0,D5E5,0,107.9,570.08,0,-1
491,legit_68,155.11,201.6,11.3223,-0.6653,270.0,B1A1,3,81.76,696.37,0,-1
491,legit_70,198.4,983.45,9.1772,2.5659,180.0,B5B4,0,108.0,665.35,0,-1
491,legit_71,134.34,201.6,11.9226,0.5892,270.0,B1A1,3,83.09,708.66,0,-1
491,legit_73,996.64,1001.6,6.0336,0.8091,295.48,F5E5,0,94.84,671.98,0,-1
491,legit_74,254.96,201.6,12.9241,0.0093,270.0,C1B1,3,132.95,645.84,0,-1
491,legit_75,601.6,230.37,11.1771,2.4425,0.0,D1D2,0,184.94,550.71,0,-1
491,legit_76,381.84,398.4,12.0111,-1.0119,90.0,B2C2,0,78.23,514.01,0,-1
491,legit_77,522.29,998.4,12.912,-0.058,90.0,C5D5,0,109.01,569.92,0,-1
491,legit_78,232.74,-1.6,11.3984,1.7151,90.0,B0C0,1,147.08,787.24,0,-1
491,legit_79,392.03,-1.6,8.857,-4.1302,90.0,B0C0,0,134.71,732.86,0,-1
491,legit_80,880.1,801.6,12.5576,-0.0819,270.0,F4E4,0,135.65,537.01,0,-1
491,legit_81,182.44,201.6,3.2917,1.3215,270.0,B1A1,3,87.81,681.21,0,-1
492,legit_64,205.96,0.71,2.8625,-3.0219,259.29,:B0_9,1,131.76,797.27,0,-1
492,legit_67,692.8,998.4,13.4014,0.452,90.0,D5E5,0,99.65,571.45,0,-1
492,legit_68,143.06,201.6,12.0514,0.729,270.0,B1A1,3,81.89,703.42,0,-1
492,legit_70,198.4,972.8,10.6532,1.476,180.0,B5B4,0,117.62,660.12,0,-1
492,legit_71,122.44,201.6,11.8933,-0.0293,270.0,B1A1,3,86.13,715.98,0,-1
492,legit_73,988.58,1001.6,8.0535,2.0199,270.0,F5E5,0,99.59,667.96,0,-1
492,legit_74,241.68,201.6,13.2804,0.3563,270.0,C1B1,3,122.74,651.85,0,-1
492,legit_75,601.6,242.69,12.3186,1.1415,0.0,D1D2,0,189.17,544.27,0,-1
492,legit_76,389.35,398.4,7.5111,-4.5,90.0,B2C2,0,71.79,511.53,0,-1
492,legit_77,535.38,998.4,13.0929,0.1808,90.0,C5D5,0,118.1,568.85,0,-1
492,legit_78,246.39,-1.6,13.6554,2.2569,90.0,B0C0,2,155.17,781.54,0,-1
492,legit_79,396.34,-1.09,4.357,-4.5,84.17,:C0_7,1,132.45,731.37,0,-1
492,legit_80,868.28,801.6,11.8216,-0.736,270.0,F4E4,0,124.36,532.3,0,-1
492,legit_81,176.88,201.6,5.5578,2.2661,270.0,B1A1,3,85.91,684.21,0,-1
492,legit_82,812.3,198.4,0.0,0.0,90.0,E1F1,0,100.14,597.8,0,-1
493,legit_64,206.48,-1.12,2.2594,-0.6032,215.32,:B0_9,1,133.64,798.39,0,-1
493,legit_67,705.42,998.4,12.6186,-0.7829,90.0,D5E5,0,92.98,572.96,0,-1
493,legit_68,131.03,201.6,12.0248,-0.0266,270.0,B1A1,3,83.78,710.67,0,-1
493,legit_70,198.4,960.84,11.9562,1.3029,180.0,B5B4,0,128.61,654.38,0,-1
493,legit_71,110.7,201.6,11.7403,-0.1531,270.0,B1A1,3,90.57,723.4,0,-1
493,legit_73,978.01,1001.6,10.5738,2.5203,270.0,F5E5,0,106.44,662.8,0,-1
493,legit_74,228.9,201.6,12.786,-0.4943,270.0,C1B1,3,113.5,657.83,0,-1
493,legit_75,601.6,255.02,12.3344,0.0158,0.0,D1D2,0,181.78,538.02,0,-1
493,legit_76,398.81,398.4,9.4629,1.9517,90.0,:C2_13,0,63.99,508.5,0,-1
493,legit_77,548.11,998.4,12.7286,-0.3642,90.0,C5D5,0,127.61,568.0,0,-1
493,legit_78,259.23,-1.6,12.8396,-0.8158,90.0,B0C0,2,163.46,776.36,0,-1
493,legit_79,401.06,3.43,6.8086,2.4516,40.13,:C0_10,1,126.43,726.64,0,-1
493,legit_80,855.78,801.6,12.5041,0.6825,270.0,F4E4,0,112.53,527.47,0,-1
493,legit_81,169.89,201.6,6.9949,1.4371,270.0,B1A1,3,83.99,688.04,0,-1
493,legit_82,814.06,198.4,1.7647,1.7647,90.0,E1F1,0,101.25,598.33,0,-1
494,legit_64,209.24,-1.6,2.9111,0.6517,122.7,B0C0,1,135.26,797.5,0,-1
494,legit_67,719.09,998.4,13.6705,1.0519,90.0,D5E5,0,87.26,574.88,0,-1
494,legit_68,119.37,201.6,11.6644,-0.3603,270.0,B1A1,3,87.16,717.91,0,-1
494,legit_70,198.4,949.24,11.5996,-0.3565,180.0,B5B4,0,119.48,648.94,0,-1
494,legit_71,99.63,201.6,11.0686,-0.6716,270.0,B1A1,3,95.89,730.57,0,-1
494,legit_73,965.93,1001.6,12.0848,1.511,270.0,F5E5,0,114.96,657.06,0,-1
494,legit_74,218.48,201.6,10.4204,-2.3656,270.0,C1B1,3,106.52,662.83,0,-1
494,legit_75,601.6,267.65,12.6308,0.2964,0.0,D1D2,0,174.79,531.82,0,-1
494,legit_76,410.69,398.4,11.8792,2.4164,90.0,C2D2,0,54.95,504.88,0,-1
494,legit_77,561.31,998.4,13.1987,0.4701,90.0,C5D5,0,138.01,567.33,0,-1
494,legit_78,272.19,-1.6,12.9584,0.1188,90.0,B0C0,2,172.38,771.31,0,-1
494,legit_79,401.6,11.44,8.0438,1.2353,1.24,C0C1,1,118.86,720.22,0,-1
494,legit_80,842.8,801.6,12.9779,0.4738,270.0,F4E4,0,100.43,522.64,0,-1
494,legit_81,160.47,201.6,9.4111,2.4162,270.0,B1A1,3,82.27,693.31,0,-1
494,legit_82,817.34,198.4,3.2801,1.5154,90.0,E1F1,0,103.35,599.33,0,-1
495,legit_64,214.41,-1.6,5.1691,2.2581,90.0,B0C0,1,137.61,795.19,0,-1
495,legit_67,732.57,998.4,13.48,-0.1905,90.0,D5E5,0,83.44,577.05,0,-1
495,legit_68,108.53,201.6,10.8344,-0.83,270.0,B1A1,3,91.53,724.79,0,-1
495,legit_70,198.4,937.23,12.0088,0.4092,180.0,B5B4,0,108.61,643.45,0,-1
495,legit_71,87.69,201.6,11.9465,0.8779,270.0,B1A1,3,102.67,738.46,0,-1
495,legit_73,952.57,1001.6,13.3532,1.2683,270.0,F5E5,0,125.05,650.92,0,-1
495,legit_74,211.36,201.6,7.1163,-3.3041,270.0,C1B1,3,102.1,666.33,0,-1
495,legit_75,601.6,279.86,12.2125,-0.4183,0.0,D1D2,0,168.65,526.02,0,-1
495,legit_76,424.16,398.4,13.4652,1.586,90.0,C2D2,0,46.29,501.04,0,-1
495,legit_77,574.53,998.4,13.2238,0.0251,90.0,C5D5,0,148.88,566.85,0,-1
495,legit_78,285.12,-1.6,12.9345,-0.0238,90.0,B0C0,2,181.78,766.43,0,-1
495,legit_79,401.6,21.68,10.2453,2.2015,0.0,C0C1,1,109.59,712.24,0,-1
495,legit_80,829.85,801.6,12.9448,-0.0331,270.0,F4E4,0,88.61,518.02,0,-1
495,legit_81,149.63,201.6,10.8408,1.4297,270.0,B1A1,3,81.6,699.55,0,-1
495,legit_82,822.39,198.4,5.0489,1.7688,90.0,E1F1,0,106.71,600.89,0,-1
496,legit_64,221.13,-1.6,6.7215,1.5524,90.0,B0C0,1,140.88,792.23,0,-1
496,legit_67,745.82,998.4,13.2543,-0.2257,90.0,D5E5,0,81.71,579.49,0,-1
496,legit_68,97.05,201.6,11.4805,0.6461,270.0,B1A1,3,97.27,732.26,0,-1
496,legit_70,198.4,925.14,12.0934,0.0846,180.0,B5B4,0,97.93,638.05,0,-1
496,legit_71,75.66,201.6,12.0234,0.0769,270.0,B1A1,3,110.38,746.57,0,-1
496,legit_73,939.75,1001.6,12.8245,-0.5287,270.0,F5E5,0,135.28,645.2,0,-1
496,legit_74,205.38,201.86,5.9962,-1.1201,272.99,:B1_4,3,98.83,669.18,0,-1
496,legit_75,601.6,292.03,12.1667,-0.0459,0.0,D1D2,0,163.22,520.44,0,-1
496,legit_76,437.52,398.4,13.3653,-0.0999,90.0,C2D2,0,40.38,497.57,0,-1
496,legit_77,585.88,998.4,11.3515,-1.8722,90.0,C5D5,0,158.5,566.61,0,-1
496,legit_78,298.44,-1.6,13.3163,0.3818,90.0,B0C0,2,191.89,761.59,0,-1
496,legit_79,401.6,34.29,12.6109,2.3656,0.0,C0C1,1,98.43,702.53,0,-1
496,legit_80,818.64,801.6,11.2121,-1.7327,270.0,F4E4,0,78.65,514.17,0,-1
496,legit_81,137.49,201.6,12.1413,1.3005,270.0,B1A1,3,82.55,706.75,0,-1
496,legit_82,829.66,198.4,7.2678,2.2189,90.0,E1F1,0,111.77,603.19,0,-1
497,legit_64,230.1,-1.6,8.9676,2.2461,90.0,B0C0,1,145.61,788.36,0,-1
497,legit_67,759.63,998.4,13.8028,0.5485,90.0,D5E5,0,82.17,582.34,0,-1
497,legit_68,84.55,201.6,12.4989,1.0184,270.0,B1A1,3,104.6,740.56,0,-1
497,legit_70,198.4,913.48,11.6547,-0.4387,180.0,B5B4,0,87.99,632.99,0,-1
497,legit_71,64.88,201.6,10.7818,-1.2416,270.0,B1A1,3,117.91,753.97,0,-1
497,legit_73,926.68,1001.6,13.0725,0.248,270.0,F5E5,0,146.13,639.55,0,-1
497,legit_74,201.78,205.92,5.905,-0.0912,324.48,:B1_4,3,100.32,668.93,0,-1
497,legit_75,601.6,304.09,12.0566,-0.1101,0.0,D1D2,0,158.58,515.11,0,-1
497,legit_76,450.98,398.4,13.4587,0.0934,90.0,C2D2,0,38.41,494.48,0,-1
497,legit_77,592.73,998.4,6.8515,-4.5,90.0,C5D5,0,164.41,566.52,0,-1
497,legit_78,311.79,-1.6,13.3504,0.0341,90.0,B0C0,2,184.09,756.92,0,-1
497,legit_79,401.6,47.34,13.0441,0.4332,0.0,C0C1,1,87.31,692.61,0,-1
497,legit_80,810.79,801.6,7.8487,-3.3634,270.0,F4E4,0,71.9,511.57,0,-1
497,legit_81,123.67,201.6,13.8228,1.6815,270.0,B1A1,3,85.74,715.21,0,-1
497,legit_82,838.39,198.4,8.7251,1.4574,90.0,E1F1,0,118.15,606.04,0,-1
498,legit_64,241.03,-1.6,10.9293,1.9617,90.0,B0C0,1,151.9,783.76,0,-1
498,legit_67,772.67,998.4,13.0388,-0.7639,90.0,D5E5,1,84.69,585.33,0,-1
498,legit_68,74.24,201.6,10.3118,-2.1871,270.0,B1A1,3,111.35,747.54,0,-1
498,legit_70,198.4,900.86,12.6193,0.9646,180.0,B5B4,0,77.76,627.68,0,-1
498,legit_71,53.61,201.6,11.2729,0.4911,270.0,B1A1,3,126.29,761.82,0,-1
498,legit_73,913.91,1001.6,12.7629,-0.3096,270.0,F5E5,1,157.05,634.2,0,-1
498,legit_74,201.6,211.85,5.9432,0.0382,359.44,B1B2,3,105.36,666.04,0,-1
498,legit_75,601.6,316.31,12.2215,0.1649,0.0,D1D2,0,154.7,509.92,0,-1
498,legit_76,464.77,398.4,13.7886,0.3299,90.0,C2D2,0,41.14,491.76,0,-1
498,legit_77,597.61,995.99,5.7613,-1.0902,119.32,:D5_6,0,169.84,565.14,0,-1
498,legit_78,325.05,-1.6,13.2571,-0.0933,90.0,B0C0,2,174.36,752.46,0,-1
498,legit_79,401.6,60.93,13.5984,0.5544,0.0,C0C1,1,76.36,682.42,0,-1
498,legit_80,803.36,801.05,7.4673,-0.3813,263.7,:E4_6,0,66.07,509.03,0,-1
498,legit_81,110.97,201.6,12.7013,-1.1215,270.0,B1A1,3,90.45,723.23,0,-1
498,legit_82,849.64,198.4,11.2517,2.5266,90.0,E1F1,0,126.78,609.84,0,-1
499,legit_64,252.44,-1.6,11.4113,0.482,90.0,B0C0,1,159.0,779.08,0,-1
499,legit_67,783.53,998.4,10.8642,-2.1746,90.0,D5E5,1,88.22,588.03,0,-1
499,legit_68,63.6,201.6,10.6392,0.3274,270.0,B1A1,3,118.84,754.85,0,-1
499,legit_70,198.4,888.99,11.8694,-0.7499,180.0,B5B4,0,68.87,622.84,0,-1
499,legit_71,42.54,201.6,11.0735,-0.1994,270.0,B1A1,2,134.93,769.64,0,-1
499,legit_73,900.62,1001.6,13.2942,0.5313,270.0,F5E5,1,168.7,628.81,0,-1
499,legit_74,201.6,220.01,8.1595,2.2162,0.0,B1B2,2,112.54,661.98,0,-1
499,legit_75,601.6,329.07,12.7626,0.5411,0.0,D1D2,1,151.59,504.72,0,-1
499,legit_76,478.42,398.4,13.6479,-0.1407,90.0,C2D2,1,47.77,489.48,0,-1
499,legit_77,598.4,989.91,6.2253,0.464,176.57,D5D4,0,173.61,561.73,0,-1
499,legit_78,337.96,-1.6,12.9087,-0.3483,90.0,B0C0,2,165.35,748.3,0,-1
499,legit_79,401.6,73.8,12.8624,-0.736,0.0,C0C1,1,66.91,672.95,0,-1
499,legit_80,798.84,795.88,7.2029,-0.2645,213.07,:E4_6,0,65.82,506.23,0,-1
499,legit_81,98.33,201.6,12.6421,-0.0591,270.0,B1A1,3,96.59,731.42,0,-1
499,legit_82,862.65,198.4,13.0159,1.7642,90.0,E1F1,0,137.25,614.42,0,-1
